{
"type": "FeatureCollection",
"name": "schwaerzesee_boden",
"crs": { "type": "name", "properties": { "name": "urn:ogc:def:crs:OGC:1.3:CRS84" } },
"xy_coordinate_resolution": 1e-06,
"features": [
{ "type": "Feature", "properties": { "boden": "90 % ziemlich arm, mäßig frisch (Z2) · 10 % mittel, mäßig frisch (M2)" }, "geometry": { "type": "Polygon", "coordinates": [ [ [ 13.691112, 52.794727 ], [ 13.690476, 52.794734 ], [ 13.690429, 52.794651 ], [ 13.690535, 52.79459 ], [ 13.691911, 52.794301 ], [ 13.692168, 52.794305 ], [ 13.692376, 52.794391 ], [ 13.692542, 52.794402 ], [ 13.695093, 52.793821 ], [ 13.696362, 52.79336 ], [ 13.696899, 52.793249 ], [ 13.697418, 52.79328 ], [ 13.697744, 52.793368 ], [ 13.698419, 52.793418 ], [ 13.698584, 52.793476 ], [ 13.699328, 52.793574 ], [ 13.700102, 52.793615 ], [ 13.700258, 52.793671 ], [ 13.700133, 52.793765 ], [ 13.70042, 52.793773 ], [ 13.700572, 52.793676 ], [ 13.700948, 52.793714 ], [ 13.701258, 52.793637 ], [ 13.701729, 52.793601 ], [ 13.70201, 52.793631 ], [ 13.702076, 52.793594 ], [ 13.702556, 52.793662 ], [ 13.703699, 52.793607 ], [ 13.705989, 52.79378 ], [ 13.706625, 52.793724 ], [ 13.707189, 52.793726 ], [ 13.708777, 52.793433 ], [ 13.707163, 52.793612 ], [ 13.706307, 52.793597 ], [ 13.705846, 52.793662 ], [ 13.70559, 52.793654 ], [ 13.705438, 52.793602 ], [ 13.705465, 52.793535 ], [ 13.7056, 52.793492 ], [ 13.706673, 52.793382 ], [ 13.707341, 52.793256 ], [ 13.707618, 52.79314 ], [ 13.708023, 52.793252 ], [ 13.708741, 52.793183 ], [ 13.708898, 52.793113 ], [ 13.710276, 52.792791 ], [ 13.711571, 52.792192 ], [ 13.712379, 52.791976 ], [ 13.712953, 52.791754 ], [ 13.713358, 52.791671 ], [ 13.713468, 52.791717 ], [ 13.713458, 52.791779 ], [ 13.713727, 52.79168 ], [ 13.713382, 52.791047 ], [ 13.712766, 52.790625 ], [ 13.71242, 52.79042 ], [ 13.712186, 52.790494 ], [ 13.711501, 52.790299 ], [ 13.711406, 52.790209 ], [ 13.711394, 52.789846 ], [ 13.711639, 52.789675 ], [ 13.711676, 52.789514 ], [ 13.712418, 52.789729 ], [ 13.713128, 52.789621 ], [ 13.713692, 52.789438 ], [ 13.714401, 52.789418 ], [ 13.714638, 52.789374 ], [ 13.714089, 52.789072 ], [ 13.713505, 52.788621 ], [ 13.713201, 52.788635 ], [ 13.713095, 52.78858 ], [ 13.712982, 52.788377 ], [ 13.712815, 52.788281 ], [ 13.712926, 52.788401 ], [ 13.712932, 52.78851 ], [ 13.712502, 52.78845 ], [ 13.712071, 52.78864 ], [ 13.711946, 52.788778 ], [ 13.711947, 52.789061 ], [ 13.711765, 52.789332 ], [ 13.71169, 52.789405 ], [ 13.711376, 52.789422 ], [ 13.711253, 52.789362 ], [ 13.711184, 52.789252 ], [ 13.711176, 52.789088 ], [ 13.711247, 52.788958 ], [ 13.711522, 52.788832 ], [ 13.711551, 52.788776 ], [ 13.711324, 52.788637 ], [ 13.711226, 52.78845 ], [ 13.71121, 52.788199 ], [ 13.710985, 52.788018 ], [ 13.710751, 52.788015 ], [ 13.71072, 52.788141 ], [ 13.71093, 52.788732 ], [ 13.710902, 52.789198 ], [ 13.711049, 52.789854 ], [ 13.71098, 52.790271 ], [ 13.710923, 52.790342 ], [ 13.710757, 52.79036 ], [ 13.710671, 52.790265 ], [ 13.710705, 52.789992 ], [ 13.710651, 52.78993 ], [ 13.710318, 52.789824 ], [ 13.710283, 52.789752 ], [ 13.710379, 52.789368 ], [ 13.710093, 52.789322 ], [ 13.710057, 52.78928 ], [ 13.710217, 52.788825 ], [ 13.710034, 52.788469 ], [ 13.71004, 52.78829 ], [ 13.709827, 52.788005 ], [ 13.705721, 52.787961 ], [ 13.705893, 52.788179 ], [ 13.706169, 52.78833 ], [ 13.706461, 52.78896 ], [ 13.70742, 52.789471 ], [ 13.707735, 52.789685 ], [ 13.707951, 52.789949 ], [ 13.708002, 52.790105 ], [ 13.707967, 52.790338 ], [ 13.707879, 52.790471 ], [ 13.707758, 52.790501 ], [ 13.707629, 52.79045 ], [ 13.707454, 52.790251 ], [ 13.707101, 52.790245 ], [ 13.706929, 52.7902 ], [ 13.706901, 52.790121 ], [ 13.707031, 52.789819 ], [ 13.706911, 52.789465 ], [ 13.706658, 52.789302 ], [ 13.706203, 52.789128 ], [ 13.705882, 52.788862 ], [ 13.705574, 52.788477 ], [ 13.705365, 52.788344 ], [ 13.705207, 52.788154 ], [ 13.705197, 52.788023 ], [ 13.705267, 52.787956 ], [ 13.70248, 52.787925 ], [ 13.701914, 52.788206 ], [ 13.700637, 52.788255 ], [ 13.700201, 52.788334 ], [ 13.699126, 52.788702 ], [ 13.698165, 52.788836 ], [ 13.697845, 52.788801 ], [ 13.697764, 52.788751 ], [ 13.697609, 52.788477 ], [ 13.697573, 52.788189 ], [ 13.697632, 52.787872 ], [ 13.690675, 52.787796 ], [ 13.690526, 52.788046 ], [ 13.689709, 52.788373 ], [ 13.689089, 52.788718 ], [ 13.688705, 52.788812 ], [ 13.688447, 52.788806 ], [ 13.688072, 52.788712 ], [ 13.688009, 52.788661 ], [ 13.688021, 52.788508 ], [ 13.689017, 52.788293 ], [ 13.689424, 52.788116 ], [ 13.689956, 52.787788 ], [ 13.689575, 52.787783 ], [ 13.689347, 52.787844 ], [ 13.689161, 52.787779 ], [ 13.685388, 52.787737 ], [ 13.685532, 52.787874 ], [ 13.68479, 52.787819 ], [ 13.684626, 52.787729 ], [ 13.683914, 52.787721 ], [ 13.683952, 52.787912 ], [ 13.683779, 52.787988 ], [ 13.68402, 52.788444 ], [ 13.684186, 52.788504 ], [ 13.684761, 52.788397 ], [ 13.684779, 52.788531 ], [ 13.684625, 52.788843 ], [ 13.684389, 52.78909 ], [ 13.684251, 52.789159 ], [ 13.683608, 52.789237 ], [ 13.683169, 52.789119 ], [ 13.683017, 52.788978 ], [ 13.682962, 52.788772 ], [ 13.683046, 52.788227 ], [ 13.68285, 52.787709 ], [ 13.68233, 52.787703 ], [ 13.682524, 52.787845 ], [ 13.682642, 52.788135 ], [ 13.682582, 52.788694 ], [ 13.682452, 52.788756 ], [ 13.682359, 52.788705 ], [ 13.682276, 52.788377 ], [ 13.681966, 52.788211 ], [ 13.681946, 52.787897 ], [ 13.681785, 52.787697 ], [ 13.677118, 52.787645 ], [ 13.677298, 52.787791 ], [ 13.677323, 52.787885 ], [ 13.677101, 52.787933 ], [ 13.676551, 52.787814 ], [ 13.676443, 52.787708 ], [ 13.676503, 52.787638 ], [ 13.676052, 52.787633 ], [ 13.67615, 52.787908 ], [ 13.676411, 52.788115 ], [ 13.676836, 52.788283 ], [ 13.677513, 52.788391 ], [ 13.677885, 52.788596 ], [ 13.678397, 52.788975 ], [ 13.678754, 52.789142 ], [ 13.679113, 52.790015 ], [ 13.678968, 52.790222 ], [ 13.678713, 52.790355 ], [ 13.676753, 52.790628 ], [ 13.676473, 52.790692 ], [ 13.676177, 52.790885 ], [ 13.676052, 52.790905 ], [ 13.675422, 52.7908 ], [ 13.67534, 52.790752 ], [ 13.675405, 52.790596 ], [ 13.675674, 52.790448 ], [ 13.675953, 52.790397 ], [ 13.67666, 52.790438 ], [ 13.676952, 52.79023 ], [ 13.678236, 52.790087 ], [ 13.678548, 52.789991 ], [ 13.678605, 52.789929 ], [ 13.678589, 52.789855 ], [ 13.678146, 52.789485 ], [ 13.678105, 52.78916 ], [ 13.677475, 52.788825 ], [ 13.677115, 52.788486 ], [ 13.676738, 52.788334 ], [ 13.676167, 52.788234 ], [ 13.675716, 52.787985 ], [ 13.675622, 52.787883 ], [ 13.675651, 52.787809 ], [ 13.675908, 52.787632 ], [ 13.668323, 52.787547 ], [ 13.668302, 52.788247 ], [ 13.670591, 52.789141 ], [ 13.670781, 52.789103 ], [ 13.67133, 52.789134 ], [ 13.671424, 52.789247 ], [ 13.67117, 52.789367 ], [ 13.67178, 52.789605 ], [ 13.671756, 52.789277 ], [ 13.671862, 52.789135 ], [ 13.672018, 52.789053 ], [ 13.672377, 52.789051 ], [ 13.672525, 52.789159 ], [ 13.672561, 52.789484 ], [ 13.672431, 52.789645 ], [ 13.672157, 52.789752 ], [ 13.677831, 52.791966 ], [ 13.678364, 52.791887 ], [ 13.678358, 52.791645 ], [ 13.678659, 52.791497 ], [ 13.679199, 52.791455 ], [ 13.680839, 52.791445 ], [ 13.681511, 52.791237 ], [ 13.681688, 52.791327 ], [ 13.681661, 52.791436 ], [ 13.681256, 52.79173 ], [ 13.680935, 52.791808 ], [ 13.679394, 52.791859 ], [ 13.679125, 52.79191 ], [ 13.68121, 52.791896 ], [ 13.6813, 52.791946 ], [ 13.681243, 52.792079 ], [ 13.681311, 52.792171 ], [ 13.68239, 52.79242 ], [ 13.682837, 52.79262 ], [ 13.683195, 52.792693 ], [ 13.684602, 52.792824 ], [ 13.685318, 52.792972 ], [ 13.685812, 52.792933 ], [ 13.687868, 52.793067 ], [ 13.688067, 52.793106 ], [ 13.688208, 52.793248 ], [ 13.688425, 52.793276 ], [ 13.688972, 52.793252 ], [ 13.689571, 52.793149 ], [ 13.690169, 52.793215 ], [ 13.690725, 52.793215 ], [ 13.691765, 52.793078 ], [ 13.692183, 52.793108 ], [ 13.692292, 52.793158 ], [ 13.692253, 52.793228 ], [ 13.692062, 52.793322 ], [ 13.691639, 52.793447 ], [ 13.691309, 52.79345 ], [ 13.690796, 52.793363 ], [ 13.690788, 52.793491 ], [ 13.689992, 52.793678 ], [ 13.689774, 52.79394 ], [ 13.689266, 52.794027 ], [ 13.688307, 52.793941 ], [ 13.687769, 52.793829 ], [ 13.687367, 52.793637 ], [ 13.68673, 52.79345 ], [ 13.68338, 52.793097 ], [ 13.682481, 52.79288 ], [ 13.682312, 52.794386 ], [ 13.682896, 52.794293 ], [ 13.683282, 52.794299 ], [ 13.686264, 52.794545 ], [ 13.687494, 52.794557 ], [ 13.689412, 52.794987 ], [ 13.690148, 52.794946 ], [ 13.691112, 52.794727 ] ], [ [ 13.68837, 52.794086 ], [ 13.689263, 52.794353 ], [ 13.689341, 52.794465 ], [ 13.689049, 52.794508 ], [ 13.688029, 52.794483 ], [ 13.68767, 52.794414 ], [ 13.687587, 52.794354 ], [ 13.687639, 52.79427 ], [ 13.688083, 52.794063 ], [ 13.68837, 52.794086 ] ], [ [ 13.683688, 52.794125 ], [ 13.683611, 52.794232 ], [ 13.683432, 52.794274 ], [ 13.683255, 52.794228 ], [ 13.683185, 52.794119 ], [ 13.683262, 52.794012 ], [ 13.683441, 52.793969 ], [ 13.683618, 52.794016 ], [ 13.683688, 52.794125 ] ], [ [ 13.691976, 52.793816 ], [ 13.691795, 52.793954 ], [ 13.691723, 52.794159 ], [ 13.690712, 52.794001 ], [ 13.690874, 52.793944 ], [ 13.69141, 52.793895 ], [ 13.691523, 52.793857 ], [ 13.691684, 52.793684 ], [ 13.691976, 52.793816 ] ], [ [ 13.694457, 52.793758 ], [ 13.694193, 52.793902 ], [ 13.693731, 52.793951 ], [ 13.693891, 52.793824 ], [ 13.694798, 52.79362 ], [ 13.694772, 52.793664 ], [ 13.694457, 52.793758 ] ], [ [ 13.694377, 52.792969 ], [ 13.695115, 52.793104 ], [ 13.695145, 52.793197 ], [ 13.694868, 52.793354 ], [ 13.692541, 52.793825 ], [ 13.692574, 52.793726 ], [ 13.692807, 52.793605 ], [ 13.692704, 52.793509 ], [ 13.692713, 52.79338 ], [ 13.692938, 52.793165 ], [ 13.694053, 52.792948 ], [ 13.694377, 52.792969 ] ], [ [ 13.695466, 52.793522 ], [ 13.695197, 52.793545 ], [ 13.69509, 52.793477 ], [ 13.695575, 52.793226 ], [ 13.695569, 52.793049 ], [ 13.69415, 52.792811 ], [ 13.693789, 52.79283 ], [ 13.693238, 52.792936 ], [ 13.692622, 52.792941 ], [ 13.69251, 52.792865 ], [ 13.692592, 52.792692 ], [ 13.693033, 52.792289 ], [ 13.693268, 52.792156 ], [ 13.693509, 52.792087 ], [ 13.693725, 52.791944 ], [ 13.694068, 52.791832 ], [ 13.694402, 52.791786 ], [ 13.694544, 52.791818 ], [ 13.694342, 52.792259 ], [ 13.694351, 52.792474 ], [ 13.694914, 52.792701 ], [ 13.695097, 52.792732 ], [ 13.695731, 52.792562 ], [ 13.696523, 52.792507 ], [ 13.696775, 52.792209 ], [ 13.697177, 52.792082 ], [ 13.697363, 52.791854 ], [ 13.697806, 52.791627 ], [ 13.698029, 52.791571 ], [ 13.698321, 52.791642 ], [ 13.698348, 52.791768 ], [ 13.697971, 52.79205 ], [ 13.697728, 52.79212 ], [ 13.697489, 52.79213 ], [ 13.697289, 52.792305 ], [ 13.696578, 52.792598 ], [ 13.696472, 52.792737 ], [ 13.696645, 52.792827 ], [ 13.697016, 52.792885 ], [ 13.697548, 52.792887 ], [ 13.698198, 52.792821 ], [ 13.698502, 52.793 ], [ 13.698453, 52.793119 ], [ 13.698287, 52.793222 ], [ 13.698003, 52.793266 ], [ 13.696937, 52.79316 ], [ 13.695466, 52.793522 ] ], [ [ 13.700094, 52.793084 ], [ 13.700198, 52.793192 ], [ 13.700215, 52.793367 ], [ 13.700148, 52.793415 ], [ 13.699827, 52.793461 ], [ 13.699362, 52.793448 ], [ 13.699003, 52.793369 ], [ 13.699069, 52.793293 ], [ 13.699716, 52.793127 ], [ 13.69986, 52.793039 ], [ 13.700094, 52.793084 ] ], [ [ 13.70271, 52.792971 ], [ 13.703167, 52.793085 ], [ 13.702218, 52.793278 ], [ 13.701412, 52.793504 ], [ 13.700996, 52.793507 ], [ 13.700888, 52.79345 ], [ 13.701048, 52.793276 ], [ 13.701414, 52.793091 ], [ 13.701852, 52.792969 ], [ 13.70271, 52.792971 ] ], [ [ 13.707627, 52.792687 ], [ 13.707338, 52.793048 ], [ 13.707078, 52.793183 ], [ 13.706283, 52.793307 ], [ 13.706043, 52.793271 ], [ 13.706015, 52.793193 ], [ 13.706079, 52.793127 ], [ 13.706355, 52.793048 ], [ 13.707196, 52.792622 ], [ 13.707476, 52.792546 ], [ 13.707598, 52.7926 ], [ 13.707627, 52.792687 ] ], [ [ 13.707163, 52.791766 ], [ 13.706892, 52.792338 ], [ 13.706593, 52.792562 ], [ 13.70546, 52.79292 ], [ 13.704624, 52.793065 ], [ 13.704628, 52.792981 ], [ 13.705084, 52.792705 ], [ 13.70672, 52.792046 ], [ 13.706796, 52.791968 ], [ 13.706872, 52.79165 ], [ 13.707097, 52.791693 ], [ 13.707163, 52.791766 ] ], [ [ 13.706302, 52.791749 ], [ 13.706448, 52.791846 ], [ 13.706469, 52.791928 ], [ 13.706396, 52.792013 ], [ 13.705654, 52.792213 ], [ 13.705414, 52.792431 ], [ 13.704664, 52.79279 ], [ 13.704473, 52.792837 ], [ 13.704313, 52.792818 ], [ 13.704248, 52.792667 ], [ 13.704434, 52.792493 ], [ 13.705069, 52.79217 ], [ 13.705564, 52.791983 ], [ 13.705578, 52.791825 ], [ 13.705416, 52.791657 ], [ 13.705472, 52.79157 ], [ 13.705651, 52.791548 ], [ 13.705866, 52.791593 ], [ 13.706302, 52.791749 ] ], [ [ 13.702458, 52.791223 ], [ 13.702373, 52.791329 ], [ 13.701772, 52.791633 ], [ 13.701389, 52.791766 ], [ 13.701269, 52.791779 ], [ 13.701143, 52.791724 ], [ 13.701091, 52.791637 ], [ 13.701137, 52.791471 ], [ 13.701464, 52.791227 ], [ 13.701842, 52.791147 ], [ 13.702546, 52.791095 ], [ 13.703236, 52.790925 ], [ 13.703649, 52.790746 ], [ 13.704083, 52.79043 ], [ 13.704377, 52.790332 ], [ 13.704672, 52.790333 ], [ 13.704742, 52.790484 ], [ 13.704965, 52.790571 ], [ 13.705071, 52.790526 ], [ 13.705582, 52.790529 ], [ 13.706209, 52.79043 ], [ 13.706478, 52.79049 ], [ 13.706293, 52.790633 ], [ 13.70601, 52.790686 ], [ 13.705422, 52.790685 ], [ 13.704951, 52.790619 ], [ 13.704497, 52.790698 ], [ 13.703978, 52.790977 ], [ 13.703523, 52.791144 ], [ 13.702458, 52.791223 ] ], [ [ 13.707962, 52.790788 ], [ 13.708107, 52.791106 ], [ 13.708044, 52.791277 ], [ 13.708228, 52.791413 ], [ 13.708232, 52.791678 ], [ 13.708137, 52.791824 ], [ 13.707897, 52.791872 ], [ 13.707743, 52.791828 ], [ 13.707597, 52.791534 ], [ 13.707315, 52.791223 ], [ 13.70754, 52.791145 ], [ 13.707753, 52.790997 ], [ 13.707821, 52.790873 ], [ 13.707767, 52.790728 ], [ 13.707854, 52.790718 ], [ 13.707962, 52.790788 ] ], [ [ 13.711252, 52.790508 ], [ 13.711429, 52.790802 ], [ 13.711253, 52.791123 ], [ 13.711255, 52.791358 ], [ 13.711718, 52.791788 ], [ 13.711733, 52.791922 ], [ 13.7114, 52.792201 ], [ 13.710724, 52.792525 ], [ 13.710378, 52.792604 ], [ 13.70998, 52.7926 ], [ 13.709853, 52.792507 ], [ 13.709968, 52.792334 ], [ 13.711425, 52.791726 ], [ 13.71114, 52.7916 ], [ 13.710926, 52.791381 ], [ 13.71054, 52.791204 ], [ 13.710476, 52.791108 ], [ 13.711096, 52.790497 ], [ 13.711252, 52.790508 ] ], [ [ 13.710319, 52.790689 ], [ 13.710117, 52.790819 ], [ 13.709456, 52.790907 ], [ 13.709139, 52.791016 ], [ 13.70899, 52.791506 ], [ 13.70905, 52.791721 ], [ 13.708977, 52.791776 ], [ 13.708843, 52.791772 ], [ 13.708656, 52.791694 ], [ 13.70856, 52.791584 ], [ 13.708583, 52.791311 ], [ 13.708312, 52.790927 ], [ 13.708263, 52.790383 ], [ 13.70832, 52.790252 ], [ 13.708423, 52.790201 ], [ 13.708531, 52.790228 ], [ 13.708919, 52.790442 ], [ 13.70922, 52.790509 ], [ 13.709652, 52.790543 ], [ 13.710356, 52.79049 ], [ 13.710434, 52.790507 ], [ 13.710319, 52.790689 ] ], [ [ 13.713339, 52.789468 ], [ 13.712735, 52.789593 ], [ 13.712485, 52.789592 ], [ 13.712377, 52.789542 ], [ 13.712661, 52.78936 ], [ 13.713408, 52.789045 ], [ 13.713536, 52.78884 ], [ 13.71379, 52.788929 ], [ 13.714255, 52.78925 ], [ 13.713655, 52.789405 ], [ 13.713435, 52.789406 ], [ 13.713339, 52.789468 ] ], [ [ 13.707534, 52.788636 ], [ 13.707611, 52.788842 ], [ 13.707479, 52.788942 ], [ 13.707359, 52.788957 ], [ 13.70714, 52.788913 ], [ 13.706889, 52.788661 ], [ 13.707002, 52.788571 ], [ 13.707534, 52.788636 ] ], [ [ 13.704146, 52.790036 ], [ 13.704085, 52.790245 ], [ 13.70395, 52.790398 ], [ 13.703528, 52.790568 ], [ 13.703236, 52.790785 ], [ 13.703125, 52.790799 ], [ 13.703016, 52.79075 ], [ 13.703007, 52.790681 ], [ 13.703266, 52.790492 ], [ 13.703347, 52.790313 ], [ 13.703265, 52.790175 ], [ 13.70306, 52.790022 ], [ 13.702899, 52.789965 ], [ 13.702451, 52.789914 ], [ 13.701925, 52.789934 ], [ 13.701315, 52.790021 ], [ 13.700593, 52.789814 ], [ 13.700693, 52.789756 ], [ 13.701823, 52.78972 ], [ 13.702093, 52.789647 ], [ 13.702173, 52.789552 ], [ 13.701972, 52.789391 ], [ 13.7015, 52.789207 ], [ 13.700958, 52.788921 ], [ 13.700668, 52.78871 ], [ 13.7005, 52.788413 ], [ 13.700582, 52.788391 ], [ 13.701016, 52.788557 ], [ 13.701481, 52.788665 ], [ 13.702237, 52.789257 ], [ 13.702653, 52.789463 ], [ 13.702942, 52.789851 ], [ 13.703823, 52.789848 ], [ 13.704103, 52.789949 ], [ 13.704146, 52.790036 ] ], [ [ 13.696474, 52.788889 ], [ 13.696507, 52.788965 ], [ 13.696113, 52.789188 ], [ 13.695876, 52.789236 ], [ 13.695619, 52.789216 ], [ 13.694717, 52.78898 ], [ 13.693858, 52.788609 ], [ 13.692388, 52.788297 ], [ 13.692294, 52.788243 ], [ 13.692488, 52.788099 ], [ 13.692856, 52.788002 ], [ 13.693355, 52.787965 ], [ 13.693918, 52.787983 ], [ 13.694266, 52.787917 ], [ 13.694356, 52.787952 ], [ 13.694372, 52.788029 ], [ 13.694135, 52.788237 ], [ 13.694135, 52.78832 ], [ 13.69466, 52.788451 ], [ 13.695318, 52.788526 ], [ 13.695672, 52.788813 ], [ 13.696474, 52.788889 ] ], [ [ 13.695433, 52.787922 ], [ 13.695766, 52.788092 ], [ 13.696053, 52.788141 ], [ 13.696321, 52.788249 ], [ 13.696593, 52.788453 ], [ 13.696619, 52.788587 ], [ 13.696424, 52.788583 ], [ 13.69554, 52.788316 ], [ 13.695027, 52.788214 ], [ 13.694839, 52.788127 ], [ 13.694776, 52.787966 ], [ 13.69488, 52.787864 ], [ 13.695433, 52.787922 ] ], [ [ 13.684289, 52.791005 ], [ 13.684, 52.791122 ], [ 13.683791, 52.791296 ], [ 13.683216, 52.791592 ], [ 13.682276, 52.791596 ], [ 13.682041, 52.791552 ], [ 13.682199, 52.791443 ], [ 13.682759, 52.791309 ], [ 13.683144, 52.791146 ], [ 13.683303, 52.790952 ], [ 13.683495, 52.790425 ], [ 13.683616, 52.790301 ], [ 13.683847, 52.790339 ], [ 13.684523, 52.790736 ], [ 13.685005, 52.790779 ], [ 13.684979, 52.790851 ], [ 13.684483, 52.790859 ], [ 13.684289, 52.791005 ] ], [ [ 13.688851, 52.791235 ], [ 13.688518, 52.791321 ], [ 13.688136, 52.791533 ], [ 13.686922, 52.79178 ], [ 13.686193, 52.791856 ], [ 13.68502, 52.791871 ], [ 13.684132, 52.79201 ], [ 13.683181, 52.791977 ], [ 13.682779, 52.791914 ], [ 13.684777, 52.791626 ], [ 13.686014, 52.791179 ], [ 13.68687, 52.790923 ], [ 13.68708, 52.790812 ], [ 13.687212, 52.790806 ], [ 13.687314, 52.790866 ], [ 13.687465, 52.791178 ], [ 13.688747, 52.791049 ], [ 13.688977, 52.791087 ], [ 13.688851, 52.791235 ] ], [ [ 13.690312, 52.790829 ], [ 13.690354, 52.790969 ], [ 13.690071, 52.791128 ], [ 13.689685, 52.791191 ], [ 13.68932, 52.791155 ], [ 13.689966, 52.790808 ], [ 13.690148, 52.790794 ], [ 13.690312, 52.790829 ] ], [ [ 13.691538, 52.791063 ], [ 13.691582, 52.791192 ], [ 13.691523, 52.791309 ], [ 13.690898, 52.79177 ], [ 13.690743, 52.79224 ], [ 13.69065, 52.792336 ], [ 13.69044, 52.792425 ], [ 13.690348, 52.792327 ], [ 13.69041, 52.792024 ], [ 13.690697, 52.79181 ], [ 13.690505, 52.791652 ], [ 13.690529, 52.791452 ], [ 13.69072, 52.791278 ], [ 13.691178, 52.791013 ], [ 13.691453, 52.791016 ], [ 13.691538, 52.791063 ] ], [ [ 13.688966, 52.793108 ], [ 13.688427, 52.793086 ], [ 13.688027, 52.792989 ], [ 13.687494, 52.792994 ], [ 13.686422, 52.792873 ], [ 13.685719, 52.792839 ], [ 13.685484, 52.792783 ], [ 13.684924, 52.792789 ], [ 13.6836, 52.792676 ], [ 13.681649, 52.7922 ], [ 13.681444, 52.792129 ], [ 13.681416, 52.792037 ], [ 13.681652, 52.791971 ], [ 13.681992, 52.792167 ], [ 13.684651, 52.792281 ], [ 13.684965, 52.792249 ], [ 13.685144, 52.792111 ], [ 13.685312, 52.792088 ], [ 13.685894, 52.792196 ], [ 13.6861, 52.792348 ], [ 13.686545, 52.792432 ], [ 13.687981, 52.792118 ], [ 13.688536, 52.792375 ], [ 13.689621, 52.79253 ], [ 13.689685, 52.792584 ], [ 13.689772, 52.792961 ], [ 13.68954, 52.793035 ], [ 13.688966, 52.793108 ] ], [ [ 13.691926, 52.792471 ], [ 13.692088, 52.792549 ], [ 13.6922, 52.792691 ], [ 13.69218, 52.792873 ], [ 13.691929, 52.792978 ], [ 13.69112, 52.793067 ], [ 13.690622, 52.793073 ], [ 13.690075, 52.792988 ], [ 13.690268, 52.792864 ], [ 13.691579, 52.792439 ], [ 13.691926, 52.792471 ] ], [ [ 13.693517, 52.79091 ], [ 13.6937, 52.79099 ], [ 13.693812, 52.791106 ], [ 13.693831, 52.791254 ], [ 13.693742, 52.791438 ], [ 13.693577, 52.791537 ], [ 13.692521, 52.791883 ], [ 13.692133, 52.791921 ], [ 13.692013, 52.791887 ], [ 13.692183, 52.791637 ], [ 13.693102, 52.79093 ], [ 13.693242, 52.790873 ], [ 13.693517, 52.79091 ] ], [ [ 13.697189, 52.790696 ], [ 13.697527, 52.790982 ], [ 13.696998, 52.791332 ], [ 13.696576, 52.791749 ], [ 13.696304, 52.791938 ], [ 13.695795, 52.792169 ], [ 13.695455, 52.792267 ], [ 13.694982, 52.792312 ], [ 13.694657, 52.792258 ], [ 13.694622, 52.792196 ], [ 13.694694, 52.792114 ], [ 13.695537, 52.791735 ], [ 13.696128, 52.791289 ], [ 13.696112, 52.791127 ], [ 13.695747, 52.79086 ], [ 13.695792, 52.790687 ], [ 13.695967, 52.790649 ], [ 13.696667, 52.79064 ], [ 13.697189, 52.790696 ] ], [ [ 13.69288, 52.790663 ], [ 13.692929, 52.790755 ], [ 13.692876, 52.790794 ], [ 13.692658, 52.790803 ], [ 13.692377, 52.790715 ], [ 13.692297, 52.790626 ], [ 13.692481, 52.790567 ], [ 13.692702, 52.790586 ], [ 13.69288, 52.790663 ] ], [ [ 13.691055, 52.790319 ], [ 13.691179, 52.790597 ], [ 13.690666, 52.790643 ], [ 13.690487, 52.790582 ], [ 13.690446, 52.790515 ], [ 13.690861, 52.790346 ], [ 13.691055, 52.790319 ] ], [ [ 13.690908, 52.78931 ], [ 13.691394, 52.789713 ], [ 13.691291, 52.78991 ], [ 13.69039, 52.790389 ], [ 13.690105, 52.790617 ], [ 13.689855, 52.790698 ], [ 13.689387, 52.79071 ], [ 13.689176, 52.79052 ], [ 13.688719, 52.790321 ], [ 13.68875, 52.790213 ], [ 13.689034, 52.790093 ], [ 13.68993, 52.789985 ], [ 13.690234, 52.789851 ], [ 13.690366, 52.789623 ], [ 13.690222, 52.789489 ], [ 13.690185, 52.789321 ], [ 13.690233, 52.789274 ], [ 13.690464, 52.789241 ], [ 13.690908, 52.78931 ] ], [ [ 13.689054, 52.789076 ], [ 13.689092, 52.789209 ], [ 13.688805, 52.78931 ], [ 13.688491, 52.789283 ], [ 13.688395, 52.789167 ], [ 13.688472, 52.789075 ], [ 13.688586, 52.789051 ], [ 13.689054, 52.789076 ] ], [ [ 13.686844, 52.788032 ], [ 13.687411, 52.788376 ], [ 13.687508, 52.788583 ], [ 13.687536, 52.788994 ], [ 13.687681, 52.78923 ], [ 13.687855, 52.789365 ], [ 13.68769, 52.789582 ], [ 13.687065, 52.789848 ], [ 13.68696, 52.790002 ], [ 13.686932, 52.79019 ], [ 13.68698, 52.79057 ], [ 13.686889, 52.790658 ], [ 13.68662, 52.790707 ], [ 13.686541, 52.790643 ], [ 13.686539, 52.790417 ], [ 13.686169, 52.790135 ], [ 13.68613, 52.789937 ], [ 13.686259, 52.789841 ], [ 13.686415, 52.789573 ], [ 13.687352, 52.789305 ], [ 13.6875, 52.789139 ], [ 13.687136, 52.788886 ], [ 13.686386, 52.788819 ], [ 13.685846, 52.788661 ], [ 13.685741, 52.788548 ], [ 13.685964, 52.788379 ], [ 13.68642, 52.788208 ], [ 13.68654, 52.787988 ], [ 13.686844, 52.788032 ] ], [ [ 13.679947, 52.789074 ], [ 13.680027, 52.789191 ], [ 13.679885, 52.789295 ], [ 13.679499, 52.789308 ], [ 13.679372, 52.789214 ], [ 13.679394, 52.789093 ], [ 13.679563, 52.789019 ], [ 13.679947, 52.789074 ] ], [ [ 13.682624, 52.789203 ], [ 13.682901, 52.789568 ], [ 13.682844, 52.789873 ], [ 13.68253, 52.790097 ], [ 13.682207, 52.790217 ], [ 13.682008, 52.790235 ], [ 13.681643, 52.790146 ], [ 13.681562, 52.790067 ], [ 13.681543, 52.789882 ], [ 13.682079, 52.789616 ], [ 13.681981, 52.789485 ], [ 13.682191, 52.789222 ], [ 13.682458, 52.789152 ], [ 13.682624, 52.789203 ] ], [ [ 13.684522, 52.789781 ], [ 13.683938, 52.789751 ], [ 13.683798, 52.789677 ], [ 13.684477, 52.78962 ], [ 13.684928, 52.789699 ], [ 13.684655, 52.78972 ], [ 13.684522, 52.789781 ] ], [ [ 13.687001, 52.789087 ], [ 13.686913, 52.789158 ], [ 13.686531, 52.789252 ], [ 13.686372, 52.789224 ], [ 13.686334, 52.789166 ], [ 13.68672, 52.78903 ], [ 13.686871, 52.789022 ], [ 13.687001, 52.789087 ] ], [ [ 13.68796, 52.789804 ], [ 13.688085, 52.790029 ], [ 13.687746, 52.790304 ], [ 13.687601, 52.790505 ], [ 13.687327, 52.790228 ], [ 13.687255, 52.789975 ], [ 13.687441, 52.789851 ], [ 13.687683, 52.789782 ], [ 13.68796, 52.789804 ] ], [ [ 13.69227, 52.788913 ], [ 13.692447, 52.78903 ], [ 13.692982, 52.78918 ], [ 13.693048, 52.789245 ], [ 13.692744, 52.789309 ], [ 13.691913, 52.7893 ], [ 13.691739, 52.789252 ], [ 13.691162, 52.788905 ], [ 13.691808, 52.788845 ], [ 13.69227, 52.788913 ] ], [ [ 13.695758, 52.790241 ], [ 13.69523, 52.790206 ], [ 13.695036, 52.790142 ], [ 13.694881, 52.790155 ], [ 13.694797, 52.789997 ], [ 13.694255, 52.789892 ], [ 13.693944, 52.789778 ], [ 13.693914, 52.789674 ], [ 13.694087, 52.789551 ], [ 13.69416, 52.789419 ], [ 13.693988, 52.789199 ], [ 13.694797, 52.789333 ], [ 13.694971, 52.789409 ], [ 13.69516, 52.789641 ], [ 13.694995, 52.789849 ], [ 13.695043, 52.789949 ], [ 13.695214, 52.790052 ], [ 13.695699, 52.790168 ], [ 13.695758, 52.790241 ] ], [ [ 13.69741, 52.790038 ], [ 13.696883, 52.790253 ], [ 13.696567, 52.790262 ], [ 13.696263, 52.790357 ], [ 13.696013, 52.790329 ], [ 13.696161, 52.790165 ], [ 13.696564, 52.790052 ], [ 13.696832, 52.789808 ], [ 13.69755, 52.789599 ], [ 13.697644, 52.789432 ], [ 13.697532, 52.789102 ], [ 13.69763, 52.789071 ], [ 13.698114, 52.789145 ], [ 13.698913, 52.78941 ], [ 13.698942, 52.789464 ], [ 13.698723, 52.789577 ], [ 13.698585, 52.789722 ], [ 13.698422, 52.789786 ], [ 13.69821, 52.789795 ], [ 13.697767, 52.790031 ], [ 13.69741, 52.790038 ] ], [ [ 13.699987, 52.789775 ], [ 13.700304, 52.790071 ], [ 13.700359, 52.790225 ], [ 13.700302, 52.790299 ], [ 13.70002, 52.790049 ], [ 13.699987, 52.789775 ] ], [ [ 13.699584, 52.790094 ], [ 13.699718, 52.790263 ], [ 13.69969, 52.790358 ], [ 13.699562, 52.790387 ], [ 13.699286, 52.79032 ], [ 13.699133, 52.790166 ], [ 13.699226, 52.790096 ], [ 13.699433, 52.790067 ], [ 13.699584, 52.790094 ] ], [ [ 13.701108, 52.790402 ], [ 13.70075, 52.790355 ], [ 13.701265, 52.790207 ], [ 13.702243, 52.79015 ], [ 13.701929, 52.790318 ], [ 13.70166, 52.790308 ], [ 13.701108, 52.790402 ] ], [ [ 13.693299, 52.788818 ], [ 13.693394, 52.788886 ], [ 13.693659, 52.788933 ], [ 13.693747, 52.789101 ], [ 13.69358, 52.78913 ], [ 13.693194, 52.789077 ], [ 13.692865, 52.78899 ], [ 13.692655, 52.788837 ], [ 13.692737, 52.788782 ], [ 13.693038, 52.788768 ], [ 13.693299, 52.788818 ] ], [ [ 13.699468, 52.790663 ], [ 13.69911, 52.790705 ], [ 13.699046, 52.790818 ], [ 13.69882, 52.790702 ], [ 13.698869, 52.790636 ], [ 13.699081, 52.790618 ], [ 13.699265, 52.790475 ], [ 13.69943, 52.790505 ], [ 13.699562, 52.79059 ], [ 13.699468, 52.790663 ] ], [ [ 13.700485, 52.791054 ], [ 13.700373, 52.791262 ], [ 13.699801, 52.791836 ], [ 13.698746, 52.792204 ], [ 13.698172, 52.792581 ], [ 13.697366, 52.79267 ], [ 13.696913, 52.792632 ], [ 13.697015, 52.792565 ], [ 13.697379, 52.792492 ], [ 13.697942, 52.792285 ], [ 13.698501, 52.791796 ], [ 13.699081, 52.791632 ], [ 13.698973, 52.791439 ], [ 13.698985, 52.791306 ], [ 13.69944, 52.790944 ], [ 13.699428, 52.790882 ], [ 13.699262, 52.790797 ], [ 13.699288, 52.790745 ], [ 13.699691, 52.790771 ], [ 13.699934, 52.790672 ], [ 13.700004, 52.790583 ], [ 13.700281, 52.790741 ], [ 13.700485, 52.791054 ] ], [ [ 13.700777, 52.792056 ], [ 13.700632, 52.79225 ], [ 13.699834, 52.792459 ], [ 13.699442, 52.792687 ], [ 13.699024, 52.792716 ], [ 13.69879, 52.79263 ], [ 13.698953, 52.792458 ], [ 13.699301, 52.792294 ], [ 13.699895, 52.792202 ], [ 13.700501, 52.792037 ], [ 13.700777, 52.792056 ] ], [ [ 13.703279, 52.792264 ], [ 13.703291, 52.792324 ], [ 13.703191, 52.792407 ], [ 13.702793, 52.792554 ], [ 13.702075, 52.792614 ], [ 13.70166, 52.792594 ], [ 13.701805, 52.792527 ], [ 13.702514, 52.792405 ], [ 13.703077, 52.792219 ], [ 13.703279, 52.792264 ] ], [ [ 13.702951, 52.791616 ], [ 13.703037, 52.791703 ], [ 13.702925, 52.792037 ], [ 13.702734, 52.792166 ], [ 13.702356, 52.792241 ], [ 13.702263, 52.7921 ], [ 13.702383, 52.791927 ], [ 13.702394, 52.791726 ], [ 13.702544, 52.791644 ], [ 13.702785, 52.791596 ], [ 13.702951, 52.791616 ] ], [ [ 13.69474, 52.791225 ], [ 13.694656, 52.791307 ], [ 13.69443, 52.791307 ], [ 13.694034, 52.791125 ], [ 13.69403, 52.790986 ], [ 13.694123, 52.790979 ], [ 13.694433, 52.791131 ], [ 13.694615, 52.791132 ], [ 13.69474, 52.791225 ] ], [ [ 13.682512, 52.790414 ], [ 13.682335, 52.790478 ], [ 13.682208, 52.790806 ], [ 13.681861, 52.79096 ], [ 13.680167, 52.791283 ], [ 13.679688, 52.791289 ], [ 13.679334, 52.791252 ], [ 13.67914, 52.791188 ], [ 13.681024, 52.790727 ], [ 13.682052, 52.790539 ], [ 13.682282, 52.790386 ], [ 13.68245, 52.790338 ], [ 13.682551, 52.790336 ], [ 13.682512, 52.790414 ] ], [ [ 13.678242, 52.790668 ], [ 13.678096, 52.790851 ], [ 13.677759, 52.791037 ], [ 13.676979, 52.791259 ], [ 13.676766, 52.791273 ], [ 13.676576, 52.791218 ], [ 13.676491, 52.790965 ], [ 13.676695, 52.790801 ], [ 13.677257, 52.790682 ], [ 13.677904, 52.790621 ], [ 13.678242, 52.790668 ] ], [ [ 13.678259, 52.791251 ], [ 13.6782, 52.791359 ], [ 13.677988, 52.791474 ], [ 13.677726, 52.79148 ], [ 13.677498, 52.791405 ], [ 13.677613, 52.791307 ], [ 13.677935, 52.791209 ], [ 13.678123, 52.7912 ], [ 13.678259, 52.791251 ] ], [ [ 13.674931, 52.787905 ], [ 13.674981, 52.78819 ], [ 13.674916, 52.788252 ], [ 13.674316, 52.788239 ], [ 13.674052, 52.788155 ], [ 13.674028, 52.78803 ], [ 13.674268, 52.787898 ], [ 13.674759, 52.787836 ], [ 13.674931, 52.787905 ] ], [ [ 13.675011, 52.788456 ], [ 13.675861, 52.788581 ], [ 13.675928, 52.788648 ], [ 13.675647, 52.788762 ], [ 13.675454, 52.788785 ], [ 13.675236, 52.788682 ], [ 13.675011, 52.788456 ] ], [ [ 13.674615, 52.78887 ], [ 13.67479, 52.789109 ], [ 13.674709, 52.789337 ], [ 13.674723, 52.789603 ], [ 13.67461, 52.789703 ], [ 13.673958, 52.789467 ], [ 13.673729, 52.789175 ], [ 13.673771, 52.78901 ], [ 13.674103, 52.788761 ], [ 13.67437, 52.788731 ], [ 13.674615, 52.78887 ] ], [ [ 13.676647, 52.78974 ], [ 13.676621, 52.790122 ], [ 13.676461, 52.790134 ], [ 13.676215, 52.790031 ], [ 13.676185, 52.7899 ], [ 13.676529, 52.789624 ], [ 13.676647, 52.78974 ] ], [ [ 13.708935, 52.792016 ], [ 13.708912, 52.792169 ], [ 13.708658, 52.792438 ], [ 13.708385, 52.792588 ], [ 13.70811, 52.792652 ], [ 13.708045, 52.792618 ], [ 13.708075, 52.792464 ], [ 13.708448, 52.792125 ], [ 13.708826, 52.791968 ], [ 13.708935, 52.792016 ] ], [ [ 13.709571, 52.792622 ], [ 13.709548, 52.792772 ], [ 13.709252, 52.792911 ], [ 13.708918, 52.792958 ], [ 13.708714, 52.792906 ], [ 13.708692, 52.792845 ], [ 13.70882, 52.792763 ], [ 13.70945, 52.792579 ], [ 13.709571, 52.792622 ] ], [ [ 13.712581, 52.791045 ], [ 13.712769, 52.791201 ], [ 13.712973, 52.791581 ], [ 13.712439, 52.791106 ], [ 13.712349, 52.790949 ], [ 13.712581, 52.791045 ] ], [ [ 13.711893, 52.79092 ], [ 13.712015, 52.791035 ], [ 13.71212, 52.791273 ], [ 13.712059, 52.791401 ], [ 13.71193, 52.791417 ], [ 13.71167, 52.791356 ], [ 13.711412, 52.791154 ], [ 13.711618, 52.790928 ], [ 13.711752, 52.790895 ], [ 13.711893, 52.79092 ] ], [ [ 13.690305, 52.794299 ], [ 13.690348, 52.794434 ], [ 13.690181, 52.794475 ], [ 13.689731, 52.794441 ], [ 13.689645, 52.794373 ], [ 13.689895, 52.794294 ], [ 13.690305, 52.794299 ] ] ] } },
{ "type": "Feature", "properties": { "boden": "90 % ziemlich arm, trocken (vermutet) (Z3) · 10 % mittel, trocken (vermutet) (M3)" }, "geometry": { "type": "Polygon", "coordinates": [ [ [ 13.689161, 52.787779 ], [ 13.689347, 52.787844 ], [ 13.689575, 52.787783 ], [ 13.689161, 52.787779 ] ] ] } },
{ "type": "Feature", "properties": { "boden": "90 % ziemlich arm, mäßig frisch (Z2) · 10 % mittel, mäßig frisch (M2)" }, "geometry": { "type": "Polygon", "coordinates": [ [ [ 13.689956, 52.787788 ], [ 13.689017, 52.788293 ], [ 13.688021, 52.788508 ], [ 13.688009, 52.788661 ], [ 13.688072, 52.788712 ], [ 13.688447, 52.788806 ], [ 13.688705, 52.788812 ], [ 13.689089, 52.788718 ], [ 13.689709, 52.788373 ], [ 13.690526, 52.788046 ], [ 13.690675, 52.787796 ], [ 13.689956, 52.787788 ] ] ] } },
{ "type": "Feature", "properties": { "boden": "90 % ziemlich arm, trocken (vermutet) (Z3) · 10 % mittel, trocken (vermutet) (M3)" }, "geometry": { "type": "Polygon", "coordinates": [ [ [ 13.695, 52.787852 ], [ 13.694805, 52.787902 ], [ 13.694776, 52.787966 ], [ 13.694918, 52.78818 ], [ 13.69554, 52.788316 ], [ 13.696424, 52.788583 ], [ 13.696619, 52.788587 ], [ 13.696593, 52.788453 ], [ 13.696321, 52.788249 ], [ 13.696053, 52.788141 ], [ 13.695766, 52.788092 ], [ 13.695433, 52.787922 ], [ 13.695, 52.787852 ] ] ] } },
{ "type": "Feature", "properties": { "boden": "90 % ziemlich arm, mäßig frisch (Z2) · 10 % mittel, mäßig frisch (M2)" }, "geometry": { "type": "Polygon", "coordinates": [ [ [ 13.696308, 52.788853 ], [ 13.695672, 52.788813 ], [ 13.695318, 52.788526 ], [ 13.69466, 52.788451 ], [ 13.694135, 52.78832 ], [ 13.694135, 52.788237 ], [ 13.694372, 52.788029 ], [ 13.694356, 52.787952 ], [ 13.694266, 52.787917 ], [ 13.693918, 52.787983 ], [ 13.693355, 52.787965 ], [ 13.692856, 52.788002 ], [ 13.692488, 52.788099 ], [ 13.692294, 52.788243 ], [ 13.692388, 52.788297 ], [ 13.693858, 52.788609 ], [ 13.694717, 52.78898 ], [ 13.695619, 52.789216 ], [ 13.695876, 52.789236 ], [ 13.696371, 52.789073 ], [ 13.696512, 52.788923 ], [ 13.696308, 52.788853 ] ] ] } },
{ "type": "Feature", "properties": { "boden": "90 % ziemlich arm, trocken (vermutet) (Z3) · 10 % mittel, trocken (vermutet) (M3)" }, "geometry": { "type": "Polygon", "coordinates": [ [ [ 13.693038, 52.788768 ], [ 13.692737, 52.788782 ], [ 13.692673, 52.788804 ], [ 13.692683, 52.788882 ], [ 13.692865, 52.78899 ], [ 13.693194, 52.789077 ], [ 13.69358, 52.78913 ], [ 13.693747, 52.789101 ], [ 13.693659, 52.788933 ], [ 13.693038, 52.788768 ] ] ] } },
{ "type": "Feature", "properties": { "boden": "90 % ziemlich arm, mäßig frisch (Z2) · 10 % mittel, mäßig frisch (M2)" }, "geometry": { "type": "Polygon", "coordinates": [ [ [ 13.691808, 52.788845 ], [ 13.691162, 52.788905 ], [ 13.691739, 52.789252 ], [ 13.691913, 52.7893 ], [ 13.692744, 52.789309 ], [ 13.693048, 52.789245 ], [ 13.692982, 52.78918 ], [ 13.692447, 52.78903 ], [ 13.69227, 52.788913 ], [ 13.691808, 52.788845 ] ] ] } },
{ "type": "Feature", "properties": { "boden": "90 % ziemlich arm, trocken (vermutet) (Z3) · 10 % mittel, trocken (vermutet) (M3)" }, "geometry": { "type": "Polygon", "coordinates": [ [ [ 13.695699, 52.790168 ], [ 13.695214, 52.790052 ], [ 13.695043, 52.789949 ], [ 13.694995, 52.789849 ], [ 13.69516, 52.789641 ], [ 13.694971, 52.789409 ], [ 13.694797, 52.789333 ], [ 13.693988, 52.789199 ], [ 13.69416, 52.789419 ], [ 13.694087, 52.789551 ], [ 13.693914, 52.789674 ], [ 13.693944, 52.789778 ], [ 13.694255, 52.789892 ], [ 13.694797, 52.789997 ], [ 13.694881, 52.790155 ], [ 13.695036, 52.790142 ], [ 13.69523, 52.790206 ], [ 13.695359, 52.790191 ], [ 13.695701, 52.790255 ], [ 13.695758, 52.790241 ], [ 13.695699, 52.790168 ] ] ] } },
{ "type": "Feature", "properties": { "boden": "90 % ziemlich arm, trocken (vermutet) (Z3) · 10 % mittel, trocken (vermutet) (M3)" }, "geometry": { "type": "Polygon", "coordinates": [ [ [ 13.690464, 52.789241 ], [ 13.690233, 52.789274 ], [ 13.690185, 52.789321 ], [ 13.690222, 52.789489 ], [ 13.690366, 52.789623 ], [ 13.690234, 52.789851 ], [ 13.68993, 52.789985 ], [ 13.689034, 52.790093 ], [ 13.68875, 52.790213 ], [ 13.688719, 52.790321 ], [ 13.689176, 52.79052 ], [ 13.689387, 52.79071 ], [ 13.689855, 52.790698 ], [ 13.690105, 52.790617 ], [ 13.69039, 52.790389 ], [ 13.690698, 52.790261 ], [ 13.69138, 52.789823 ], [ 13.691394, 52.789713 ], [ 13.690984, 52.789352 ], [ 13.690464, 52.789241 ] ] ] } },
{ "type": "Feature", "properties": { "boden": "90 % ziemlich arm, mäßig frisch (Z2) · 10 % mittel, mäßig frisch (M2)" }, "geometry": { "type": "Polygon", "coordinates": [ [ [ 13.691055, 52.790319 ], [ 13.690571, 52.790447 ], [ 13.690446, 52.790515 ], [ 13.690487, 52.790582 ], [ 13.690666, 52.790643 ], [ 13.691179, 52.790597 ], [ 13.691084, 52.790498 ], [ 13.691055, 52.790319 ] ] ] } },
{ "type": "Feature", "properties": { "boden": "90 % ziemlich arm, trocken (vermutet) (Z3) · 10 % mittel, trocken (vermutet) (M3)" }, "geometry": { "type": "Polygon", "coordinates": [ [ [ 13.681785, 52.787697 ], [ 13.681946, 52.787897 ], [ 13.681966, 52.788211 ], [ 13.682276, 52.788377 ], [ 13.682359, 52.788705 ], [ 13.682526, 52.788746 ], [ 13.682645, 52.788463 ], [ 13.682642, 52.788135 ], [ 13.682524, 52.787845 ], [ 13.68233, 52.787703 ], [ 13.681785, 52.787697 ] ] ] } },
{ "type": "Feature", "properties": { "boden": "90 % ziemlich arm, mäßig frisch (Z2) · 10 % mittel, mäßig frisch (M2)" }, "geometry": { "type": "Polygon", "coordinates": [ [ [ 13.679756, 52.787691 ], [ 13.680062, 52.787678 ], [ 13.679397, 52.787671 ], [ 13.679756, 52.787691 ] ] ] } },
{ "type": "Feature", "properties": { "boden": "90 % ziemlich arm, trocken (vermutet) (Z3) · 10 % mittel, trocken (vermutet) (M3)" }, "geometry": { "type": "Polygon", "coordinates": [ [ [ 13.685532, 52.787874 ], [ 13.685388, 52.787737 ], [ 13.684626, 52.787729 ], [ 13.68479, 52.787819 ], [ 13.685532, 52.787874 ] ] ] } },
{ "type": "Feature", "properties": { "boden": "90 % ziemlich arm, mäßig frisch (Z2) · 10 % mittel, mäßig frisch (M2)" }, "geometry": { "type": "Polygon", "coordinates": [ [ [ 13.684625, 52.788843 ], [ 13.684761, 52.788397 ], [ 13.684609, 52.788403 ], [ 13.684186, 52.788504 ], [ 13.68402, 52.788444 ], [ 13.683779, 52.787988 ], [ 13.683952, 52.787912 ], [ 13.683914, 52.787721 ], [ 13.68285, 52.787709 ], [ 13.683046, 52.788227 ], [ 13.682962, 52.788772 ], [ 13.683017, 52.788978 ], [ 13.683281, 52.789165 ], [ 13.683608, 52.789237 ], [ 13.684251, 52.789159 ], [ 13.684389, 52.78909 ], [ 13.684625, 52.788843 ] ] ] } },
{ "type": "Feature", "properties": { "boden": "90 % ziemlich arm, mäßig frisch (Z2) · 10 % mittel, mäßig frisch (M2)" }, "geometry": { "type": "Polygon", "coordinates": [ [ [ 13.686871, 52.789022 ], [ 13.686421, 52.789114 ], [ 13.686334, 52.789166 ], [ 13.686372, 52.789224 ], [ 13.686531, 52.789252 ], [ 13.686913, 52.789158 ], [ 13.687001, 52.789087 ], [ 13.686871, 52.789022 ] ] ] } },
{ "type": "Feature", "properties": { "boden": "90 % ziemlich arm, mäßig frisch (Z2) · 10 % mittel, mäßig frisch (M2)" }, "geometry": { "type": "Polygon", "coordinates": [ [ [ 13.68875, 52.789041 ], [ 13.688408, 52.789114 ], [ 13.688432, 52.789234 ], [ 13.688573, 52.789311 ], [ 13.688805, 52.78931 ], [ 13.689092, 52.789209 ], [ 13.689054, 52.789076 ], [ 13.68875, 52.789041 ] ] ] } },
{ "type": "Feature", "properties": { "boden": "90 % ziemlich arm, mäßig frisch (Z2) · 10 % mittel, mäßig frisch (M2)" }, "geometry": { "type": "Polygon", "coordinates": [ [ [ 13.679947, 52.789074 ], [ 13.679563, 52.789019 ], [ 13.679394, 52.789093 ], [ 13.679372, 52.789214 ], [ 13.679499, 52.789308 ], [ 13.679885, 52.789295 ], [ 13.680027, 52.789191 ], [ 13.679947, 52.789074 ] ] ] } },
{ "type": "Feature", "properties": { "boden": "90 % ziemlich arm, trocken (vermutet) (Z3) · 10 % mittel, trocken (vermutet) (M3)" }, "geometry": { "type": "Polygon", "coordinates": [ [ [ 13.68654, 52.787988 ], [ 13.686497, 52.788152 ], [ 13.68578, 52.788492 ], [ 13.685763, 52.788604 ], [ 13.685989, 52.788719 ], [ 13.686386, 52.788819 ], [ 13.687136, 52.788886 ], [ 13.6875, 52.789139 ], [ 13.687352, 52.789305 ], [ 13.686415, 52.789573 ], [ 13.686259, 52.789841 ], [ 13.68613, 52.789937 ], [ 13.686169, 52.790135 ], [ 13.686539, 52.790417 ], [ 13.686541, 52.790643 ], [ 13.68662, 52.790707 ], [ 13.686889, 52.790658 ], [ 13.68698, 52.79057 ], [ 13.686932, 52.79019 ], [ 13.68696, 52.790002 ], [ 13.687065, 52.789848 ], [ 13.68769, 52.789582 ], [ 13.687855, 52.789365 ], [ 13.687681, 52.78923 ], [ 13.687536, 52.788994 ], [ 13.687508, 52.788583 ], [ 13.687411, 52.788376 ], [ 13.686844, 52.788032 ], [ 13.68654, 52.787988 ] ] ] } },
{ "type": "Feature", "properties": { "boden": "90 % ziemlich arm, trocken (vermutet) (Z3) · 10 % mittel, trocken (vermutet) (M3)" }, "geometry": { "type": "Polygon", "coordinates": [ [ [ 13.684655, 52.78972 ], [ 13.684928, 52.789699 ], [ 13.684477, 52.78962 ], [ 13.683798, 52.789677 ], [ 13.683938, 52.789751 ], [ 13.684333, 52.789784 ], [ 13.684522, 52.789781 ], [ 13.684655, 52.78972 ] ] ] } },
{ "type": "Feature", "properties": { "boden": "90 % ziemlich arm, trocken (vermutet) (Z3) · 10 % mittel, trocken (vermutet) (M3)" }, "geometry": { "type": "Polygon", "coordinates": [ [ [ 13.682458, 52.789152 ], [ 13.682191, 52.789222 ], [ 13.681981, 52.789485 ], [ 13.682079, 52.789616 ], [ 13.681543, 52.789882 ], [ 13.681562, 52.790067 ], [ 13.681643, 52.790146 ], [ 13.681835, 52.790208 ], [ 13.682008, 52.790235 ], [ 13.682314, 52.790188 ], [ 13.68271, 52.789994 ], [ 13.682844, 52.789873 ], [ 13.682901, 52.789568 ], [ 13.682624, 52.789203 ], [ 13.682458, 52.789152 ] ] ] } },
{ "type": "Feature", "properties": { "boden": "90 % ziemlich arm, mäßig frisch (Z2) · 10 % mittel, mäßig frisch (M2)" }, "geometry": { "type": "Polygon", "coordinates": [ [ [ 13.676443, 52.787708 ], [ 13.676551, 52.787814 ], [ 13.676825, 52.787901 ], [ 13.677211, 52.787931 ], [ 13.677323, 52.787885 ], [ 13.677298, 52.787791 ], [ 13.677118, 52.787645 ], [ 13.676503, 52.787638 ], [ 13.676443, 52.787708 ] ] ] } },
{ "type": "Feature", "properties": { "boden": "90 % ziemlich arm, mäßig frisch (Z2) · 10 % mittel, mäßig frisch (M2)" }, "geometry": { "type": "Polygon", "coordinates": [ [ [ 13.674859, 52.787859 ], [ 13.674505, 52.787844 ], [ 13.674076, 52.787985 ], [ 13.674013, 52.788074 ], [ 13.674111, 52.788203 ], [ 13.674611, 52.788265 ], [ 13.674916, 52.788252 ], [ 13.674981, 52.78819 ], [ 13.674975, 52.787972 ], [ 13.674859, 52.787859 ] ] ] } },
{ "type": "Feature", "properties": { "boden": "90 % ziemlich arm, mäßig frisch (Z2) · 10 % mittel, mäßig frisch (M2)" }, "geometry": { "type": "Polygon", "coordinates": [ [ [ 13.675039, 52.788445 ], [ 13.675033, 52.788511 ], [ 13.675236, 52.788682 ], [ 13.675454, 52.788785 ], [ 13.675647, 52.788762 ], [ 13.675928, 52.788648 ], [ 13.675861, 52.788581 ], [ 13.675285, 52.788518 ], [ 13.675039, 52.788445 ] ] ] } },
{ "type": "Feature", "properties": { "boden": "90 % ziemlich arm, trocken (vermutet) (Z3) · 10 % mittel, trocken (vermutet) (M3)" }, "geometry": { "type": "Polygon", "coordinates": [ [ [ 13.67437, 52.788731 ], [ 13.674103, 52.788761 ], [ 13.673985, 52.788819 ], [ 13.673771, 52.78901 ], [ 13.673729, 52.789175 ], [ 13.673958, 52.789467 ], [ 13.67461, 52.789703 ], [ 13.674723, 52.789603 ], [ 13.674709, 52.789337 ], [ 13.67479, 52.789109 ], [ 13.674615, 52.78887 ], [ 13.67437, 52.788731 ] ] ] } },
{ "type": "Feature", "properties": { "boden": "90 % ziemlich arm, trocken (vermutet) (Z3) · 10 % mittel, trocken (vermutet) (M3)" }, "geometry": { "type": "Polygon", "coordinates": [ [ [ 13.678388, 52.790426 ], [ 13.678896, 52.790272 ], [ 13.679113, 52.790015 ], [ 13.678754, 52.789142 ], [ 13.678397, 52.788975 ], [ 13.677885, 52.788596 ], [ 13.677513, 52.788391 ], [ 13.676836, 52.788283 ], [ 13.676411, 52.788115 ], [ 13.67615, 52.787908 ], [ 13.676052, 52.787633 ], [ 13.675908, 52.787632 ], [ 13.675651, 52.787809 ], [ 13.675622, 52.787883 ], [ 13.675716, 52.787985 ], [ 13.676167, 52.788234 ], [ 13.676738, 52.788334 ], [ 13.677115, 52.788486 ], [ 13.677475, 52.788825 ], [ 13.678105, 52.78916 ], [ 13.678146, 52.789485 ], [ 13.678589, 52.789855 ], [ 13.678605, 52.789929 ], [ 13.678548, 52.789991 ], [ 13.678236, 52.790087 ], [ 13.676952, 52.79023 ], [ 13.67666, 52.790438 ], [ 13.675804, 52.790413 ], [ 13.675405, 52.790596 ], [ 13.67534, 52.790752 ], [ 13.675422, 52.7908 ], [ 13.676052, 52.790905 ], [ 13.676177, 52.790885 ], [ 13.676473, 52.790692 ], [ 13.676753, 52.790628 ], [ 13.678388, 52.790426 ] ] ] } },
{ "type": "Feature", "properties": { "boden": "90 % ziemlich arm, trocken (vermutet) (Z3) · 10 % mittel, trocken (vermutet) (M3)" }, "geometry": { "type": "Polygon", "coordinates": [ [ [ 13.67117, 52.789367 ], [ 13.671424, 52.789247 ], [ 13.67133, 52.789134 ], [ 13.670781, 52.789103 ], [ 13.670591, 52.789141 ], [ 13.67117, 52.789367 ] ] ] } },
{ "type": "Feature", "properties": { "boden": "90 % ziemlich arm, trocken (vermutet) (Z3) · 10 % mittel, trocken (vermutet) (M3)" }, "geometry": { "type": "Polygon", "coordinates": [ [ [ 13.67178, 52.789605 ], [ 13.672157, 52.789752 ], [ 13.672512, 52.789573 ], [ 13.672564, 52.789254 ], [ 13.672377, 52.789051 ], [ 13.672018, 52.789053 ], [ 13.671781, 52.789219 ], [ 13.67178, 52.789605 ] ] ] } },
{ "type": "Feature", "properties": { "boden": "90 % ziemlich arm, trocken (vermutet) (Z3) · 10 % mittel, trocken (vermutet) (M3)" }, "geometry": { "type": "Polygon", "coordinates": [ [ [ 13.676529, 52.789624 ], [ 13.676248, 52.789814 ], [ 13.676174, 52.789972 ], [ 13.676215, 52.790031 ], [ 13.676579, 52.790146 ], [ 13.676666, 52.789998 ], [ 13.676664, 52.789813 ], [ 13.676529, 52.789624 ] ] ] } },
{ "type": "Feature", "properties": { "boden": "90 % ziemlich arm, mäßig frisch (Z2) · 10 % mittel, mäßig frisch (M2)" }, "geometry": { "type": "Polygon", "coordinates": [ [ [ 13.677904, 52.790621 ], [ 13.677257, 52.790682 ], [ 13.676695, 52.790801 ], [ 13.676491, 52.790965 ], [ 13.676576, 52.791218 ], [ 13.676766, 52.791273 ], [ 13.676979, 52.791259 ], [ 13.677759, 52.791037 ], [ 13.678229, 52.790742 ], [ 13.678242, 52.790668 ], [ 13.677904, 52.790621 ] ] ] } },
{ "type": "Feature", "properties": { "boden": "90 % ziemlich arm, trocken (vermutet) (Z3) · 10 % mittel, trocken (vermutet) (M3)" }, "geometry": { "type": "Polygon", "coordinates": [ [ [ 13.678123, 52.7912 ], [ 13.677935, 52.791209 ], [ 13.677613, 52.791307 ], [ 13.677498, 52.791405 ], [ 13.677726, 52.79148 ], [ 13.677988, 52.791474 ], [ 13.678238, 52.79132 ], [ 13.678259, 52.791251 ], [ 13.678123, 52.7912 ] ] ] } },
{ "type": "Feature", "properties": { "boden": "90 % ziemlich arm, trocken (vermutet) (Z3) · 10 % mittel, trocken (vermutet) (M3)" }, "geometry": { "type": "Polygon", "coordinates": [ [ [ 13.692481, 52.790567 ], [ 13.692297, 52.790626 ], [ 13.692377, 52.790715 ], [ 13.692658, 52.790803 ], [ 13.692823, 52.790805 ], [ 13.692929, 52.790755 ], [ 13.69288, 52.790663 ], [ 13.692702, 52.790586 ], [ 13.692481, 52.790567 ] ] ] } },
{ "type": "Feature", "properties": { "boden": "90 % ziemlich arm, mäßig frisch (Z2) · 10 % mittel, mäßig frisch (M2)" }, "geometry": { "type": "Polygon", "coordinates": [ [ [ 13.690312, 52.790829 ], [ 13.689966, 52.790808 ], [ 13.68932, 52.791155 ], [ 13.689822, 52.791181 ], [ 13.690269, 52.791043 ], [ 13.690354, 52.790969 ], [ 13.690343, 52.790877 ], [ 13.690312, 52.790829 ] ] ] } },
{ "type": "Feature", "properties": { "boden": "90 % ziemlich arm, mäßig frisch (Z2) · 10 % mittel, mäßig frisch (M2)" }, "geometry": { "type": "Polygon", "coordinates": [ [ [ 13.694615, 52.791132 ], [ 13.694433, 52.791131 ], [ 13.694123, 52.790979 ], [ 13.69403, 52.790986 ], [ 13.694034, 52.791125 ], [ 13.69443, 52.791307 ], [ 13.694716, 52.791289 ], [ 13.69474, 52.791225 ], [ 13.694615, 52.791132 ] ] ] } },
{ "type": "Feature", "properties": { "boden": "90 % ziemlich arm, mäßig frisch (Z2) · 10 % mittel, mäßig frisch (M2)" }, "geometry": { "type": "Polygon", "coordinates": [ [ [ 13.693242, 52.790873 ], [ 13.692677, 52.791221 ], [ 13.692183, 52.791637 ], [ 13.691994, 52.791853 ], [ 13.69206, 52.79191 ], [ 13.69236, 52.791912 ], [ 13.692944, 52.791766 ], [ 13.693742, 52.791438 ], [ 13.693831, 52.791254 ], [ 13.693812, 52.791106 ], [ 13.6937, 52.79099 ], [ 13.693517, 52.79091 ], [ 13.693242, 52.790873 ] ] ] } },
{ "type": "Feature", "properties": { "boden": "90 % ziemlich arm, mäßig frisch (Z2) · 10 % mittel, mäßig frisch (M2)" }, "geometry": { "type": "Polygon", "coordinates": [ [ [ 13.696667, 52.79064 ], [ 13.695967, 52.790649 ], [ 13.695792, 52.790687 ], [ 13.695747, 52.79086 ], [ 13.696112, 52.791127 ], [ 13.696128, 52.791289 ], [ 13.695537, 52.791735 ], [ 13.694694, 52.792114 ], [ 13.694622, 52.792196 ], [ 13.694657, 52.792258 ], [ 13.694982, 52.792312 ], [ 13.695291, 52.792296 ], [ 13.695795, 52.792169 ], [ 13.696134, 52.792026 ], [ 13.696576, 52.791749 ], [ 13.696865, 52.791437 ], [ 13.697527, 52.790982 ], [ 13.697189, 52.790696 ], [ 13.696667, 52.79064 ] ] ] } },
{ "type": "Feature", "properties": { "boden": "90 % ziemlich arm, mäßig frisch (Z2) · 10 % mittel, mäßig frisch (M2)" }, "geometry": { "type": "Polygon", "coordinates": [ [ [ 13.691285, 52.790996 ], [ 13.6911, 52.791046 ], [ 13.690529, 52.791452 ], [ 13.690505, 52.791652 ], [ 13.690697, 52.79181 ], [ 13.69041, 52.792024 ], [ 13.690348, 52.792327 ], [ 13.69044, 52.792425 ], [ 13.69065, 52.792336 ], [ 13.690743, 52.79224 ], [ 13.690898, 52.79177 ], [ 13.691523, 52.791309 ], [ 13.691582, 52.791192 ], [ 13.691538, 52.791063 ], [ 13.691285, 52.790996 ] ] ] } },
{ "type": "Feature", "properties": { "boden": "90 % ziemlich arm, trocken (vermutet) (Z3) · 10 % mittel, trocken (vermutet) (M3)" }, "geometry": { "type": "Polygon", "coordinates": [ [ [ 13.696937, 52.79316 ], [ 13.698161, 52.793256 ], [ 13.698287, 52.793222 ], [ 13.698524, 52.79305 ], [ 13.698388, 52.792913 ], [ 13.698198, 52.792821 ], [ 13.697548, 52.792887 ], [ 13.697016, 52.792885 ], [ 13.696645, 52.792827 ], [ 13.696472, 52.792737 ], [ 13.696578, 52.792598 ], [ 13.697289, 52.792305 ], [ 13.697489, 52.79213 ], [ 13.697728, 52.79212 ], [ 13.697971, 52.79205 ], [ 13.698348, 52.791768 ], [ 13.698321, 52.791642 ], [ 13.698029, 52.791571 ], [ 13.697806, 52.791627 ], [ 13.697363, 52.791854 ], [ 13.697177, 52.792082 ], [ 13.696775, 52.792209 ], [ 13.696523, 52.792507 ], [ 13.695731, 52.792562 ], [ 13.695097, 52.792732 ], [ 13.694914, 52.792701 ], [ 13.694351, 52.792474 ], [ 13.694342, 52.792259 ], [ 13.694544, 52.791818 ], [ 13.694402, 52.791786 ], [ 13.694068, 52.791832 ], [ 13.693725, 52.791944 ], [ 13.693509, 52.792087 ], [ 13.693268, 52.792156 ], [ 13.693033, 52.792289 ], [ 13.692525, 52.792792 ], [ 13.692548, 52.79291 ], [ 13.692876, 52.792963 ], [ 13.69415, 52.792811 ], [ 13.694858, 52.792956 ], [ 13.695501, 52.79303 ], [ 13.695607, 52.793098 ], [ 13.695575, 52.793226 ], [ 13.695126, 52.793433 ], [ 13.695089, 52.793511 ], [ 13.695197, 52.793545 ], [ 13.695466, 52.793522 ], [ 13.696937, 52.79316 ] ] ] } },
{ "type": "Feature", "properties": { "boden": "90 % ziemlich arm, trocken (vermutet) (Z3) · 10 % mittel, trocken (vermutet) (M3)" }, "geometry": { "type": "Polygon", "coordinates": [ [ [ 13.691704, 52.792425 ], [ 13.690268, 52.792864 ], [ 13.690075, 52.792988 ], [ 13.690402, 52.793059 ], [ 13.69112, 52.793067 ], [ 13.691699, 52.793017 ], [ 13.692089, 52.79293 ], [ 13.69218, 52.792873 ], [ 13.6922, 52.792691 ], [ 13.692142, 52.792593 ], [ 13.691926, 52.792471 ], [ 13.691704, 52.792425 ] ] ] } },
{ "type": "Feature", "properties": { "boden": "90 % ziemlich arm, mäßig frisch (Z2) · 10 % mittel, mäßig frisch (M2)" }, "geometry": { "type": "Polygon", "coordinates": [ [ [ 13.694053, 52.792948 ], [ 13.693081, 52.793126 ], [ 13.692828, 52.793221 ], [ 13.692713, 52.79338 ], [ 13.692704, 52.793509 ], [ 13.692807, 52.793605 ], [ 13.692574, 52.793726 ], [ 13.692541, 52.793825 ], [ 13.694868, 52.793354 ], [ 13.695145, 52.793197 ], [ 13.69516, 52.793144 ], [ 13.69501, 52.793078 ], [ 13.694053, 52.792948 ] ] ] } },
{ "type": "Feature", "properties": { "boden": "90 % ziemlich arm, trocken (vermutet) (Z3) · 10 % mittel, trocken (vermutet) (M3)" }, "geometry": { "type": "Polygon", "coordinates": [ [ [ 13.694798, 52.79362 ], [ 13.693891, 52.793824 ], [ 13.693731, 52.793951 ], [ 13.694193, 52.793902 ], [ 13.694798, 52.79362 ] ] ] } },
{ "type": "Feature", "properties": { "boden": "90 % ziemlich arm, mäßig frisch (Z2) · 10 % mittel, mäßig frisch (M2)" }, "geometry": { "type": "Polygon", "coordinates": [ [ [ 13.687796, 52.78977 ], [ 13.687441, 52.789851 ], [ 13.687255, 52.789975 ], [ 13.687327, 52.790228 ], [ 13.687601, 52.790505 ], [ 13.687746, 52.790304 ], [ 13.688085, 52.790029 ], [ 13.68796, 52.789804 ], [ 13.687796, 52.78977 ] ] ] } },
{ "type": "Feature", "properties": { "boden": "90 % ziemlich arm, mäßig frisch (Z2) · 10 % mittel, mäßig frisch (M2)" }, "geometry": { "type": "Polygon", "coordinates": [ [ [ 13.682551, 52.790336 ], [ 13.682282, 52.790386 ], [ 13.682052, 52.790539 ], [ 13.681024, 52.790727 ], [ 13.67914, 52.791188 ], [ 13.679334, 52.791252 ], [ 13.679688, 52.791289 ], [ 13.680167, 52.791283 ], [ 13.681861, 52.79096 ], [ 13.682208, 52.790806 ], [ 13.682335, 52.790478 ], [ 13.682512, 52.790414 ], [ 13.682551, 52.790336 ] ] ] } },
{ "type": "Feature", "properties": { "boden": "90 % ziemlich arm, mäßig frisch (Z2) · 10 % mittel, mäßig frisch (M2)" }, "geometry": { "type": "Polygon", "coordinates": [ [ [ 13.684483, 52.790859 ], [ 13.684979, 52.790851 ], [ 13.685005, 52.790779 ], [ 13.684523, 52.790736 ], [ 13.683847, 52.790339 ], [ 13.683616, 52.790301 ], [ 13.683495, 52.790425 ], [ 13.683303, 52.790952 ], [ 13.683144, 52.791146 ], [ 13.682759, 52.791309 ], [ 13.682199, 52.791443 ], [ 13.682041, 52.791552 ], [ 13.682822, 52.79161 ], [ 13.683298, 52.791571 ], [ 13.684483, 52.790859 ] ] ] } },
{ "type": "Feature", "properties": { "boden": "90 % ziemlich arm, mäßig frisch (Z2) · 10 % mittel, mäßig frisch (M2)" }, "geometry": { "type": "Polygon", "coordinates": [ [ [ 13.688989, 52.79112 ], [ 13.688932, 52.791064 ], [ 13.688747, 52.791049 ], [ 13.687465, 52.791178 ], [ 13.687314, 52.790866 ], [ 13.687212, 52.790806 ], [ 13.68708, 52.790812 ], [ 13.68687, 52.790923 ], [ 13.686014, 52.791179 ], [ 13.684777, 52.791626 ], [ 13.682779, 52.791914 ], [ 13.683181, 52.791977 ], [ 13.684132, 52.79201 ], [ 13.68502, 52.791871 ], [ 13.686193, 52.791856 ], [ 13.686922, 52.79178 ], [ 13.688136, 52.791533 ], [ 13.688518, 52.791321 ], [ 13.688922, 52.791201 ], [ 13.688989, 52.79112 ] ] ] } },
{ "type": "Feature", "properties": { "boden": "90 % ziemlich arm, trocken (vermutet) (Z3) · 10 % mittel, trocken (vermutet) (M3)" }, "geometry": { "type": "Polygon", "coordinates": [ [ [ 13.678364, 52.791887 ], [ 13.679125, 52.79191 ], [ 13.679394, 52.791859 ], [ 13.680935, 52.791808 ], [ 13.681388, 52.791671 ], [ 13.681599, 52.79151 ], [ 13.681688, 52.791327 ], [ 13.681511, 52.791237 ], [ 13.680839, 52.791445 ], [ 13.679199, 52.791455 ], [ 13.678659, 52.791497 ], [ 13.678323, 52.791705 ], [ 13.678364, 52.791887 ] ] ] } },
{ "type": "Feature", "properties": { "boden": "100 % mittel, mäßig frisch (M2)" }, "geometry": { "type": "Polygon", "coordinates": [ [ [ 13.679243, 52.791931 ], [ 13.679077, 52.792037 ], [ 13.67888, 52.792074 ], [ 13.678107, 52.792074 ], [ 13.679594, 52.792654 ], [ 13.680055, 52.792622 ], [ 13.680577, 52.792519 ], [ 13.680883, 52.792614 ], [ 13.681905, 52.792747 ], [ 13.682481, 52.79288 ], [ 13.682503, 52.79269 ], [ 13.680813, 52.792209 ], [ 13.679243, 52.791931 ] ] ] } },
{ "type": "Feature", "properties": { "boden": "90 % ziemlich arm, trocken (vermutet) (Z3) · 10 % mittel, trocken (vermutet) (M3)" }, "geometry": { "type": "Polygon", "coordinates": [ [ [ 13.689686, 52.793 ], [ 13.689797, 52.79292 ], [ 13.689621, 52.79253 ], [ 13.688721, 52.792422 ], [ 13.687981, 52.792118 ], [ 13.686545, 52.792432 ], [ 13.6861, 52.792348 ], [ 13.685894, 52.792196 ], [ 13.685312, 52.792088 ], [ 13.685144, 52.792111 ], [ 13.684965, 52.792249 ], [ 13.684651, 52.792281 ], [ 13.681992, 52.792167 ], [ 13.681652, 52.791971 ], [ 13.681416, 52.792037 ], [ 13.681444, 52.792129 ], [ 13.681649, 52.7922 ], [ 13.6836, 52.792676 ], [ 13.684924, 52.792789 ], [ 13.685484, 52.792783 ], [ 13.685719, 52.792839 ], [ 13.686422, 52.792873 ], [ 13.687291, 52.79298 ], [ 13.688027, 52.792989 ], [ 13.688663, 52.793114 ], [ 13.688966, 52.793108 ], [ 13.689686, 52.793 ] ] ] } },
{ "type": "Feature", "properties": { "boden": "90 % ziemlich arm, mäßig frisch (Z2) · 10 % mittel, mäßig frisch (M2)" }, "geometry": { "type": "Polygon", "coordinates": [ [ [ 13.679262, 52.791926 ], [ 13.680813, 52.792209 ], [ 13.682503, 52.79269 ], [ 13.682481, 52.79288 ], [ 13.682987, 52.793023 ], [ 13.683888, 52.793165 ], [ 13.685864, 52.793333 ], [ 13.68673, 52.79345 ], [ 13.687367, 52.793637 ], [ 13.687769, 52.793829 ], [ 13.688307, 52.793941 ], [ 13.688998, 52.794019 ], [ 13.689482, 52.794016 ], [ 13.689774, 52.79394 ], [ 13.689992, 52.793678 ], [ 13.690788, 52.793491 ], [ 13.690796, 52.793363 ], [ 13.691309, 52.79345 ], [ 13.691639, 52.793447 ], [ 13.692062, 52.793322 ], [ 13.692291, 52.79319 ], [ 13.692183, 52.793108 ], [ 13.691765, 52.793078 ], [ 13.690725, 52.793215 ], [ 13.690169, 52.793215 ], [ 13.689571, 52.793149 ], [ 13.688972, 52.793252 ], [ 13.688425, 52.793276 ], [ 13.688208, 52.793248 ], [ 13.688067, 52.793106 ], [ 13.687868, 52.793067 ], [ 13.685812, 52.792933 ], [ 13.68512, 52.792956 ], [ 13.684602, 52.792824 ], [ 13.683652, 52.792761 ], [ 13.682837, 52.79262 ], [ 13.68239, 52.79242 ], [ 13.681311, 52.792171 ], [ 13.681243, 52.792079 ], [ 13.6813, 52.791946 ], [ 13.68121, 52.791896 ], [ 13.679262, 52.791926 ] ] ] } },
{ "type": "Feature", "properties": { "boden": "100 % mittel, mäßig frisch (M2)" }, "geometry": { "type": "Polygon", "coordinates": [ [ [ 13.681326, 52.794627 ], [ 13.681981, 52.794307 ], [ 13.682323, 52.794286 ], [ 13.682481, 52.79288 ], [ 13.681905, 52.792747 ], [ 13.680883, 52.792614 ], [ 13.680577, 52.792519 ], [ 13.680055, 52.792622 ], [ 13.679594, 52.792654 ], [ 13.680067, 52.792839 ], [ 13.679733, 52.793226 ], [ 13.679978, 52.794901 ], [ 13.681326, 52.794627 ] ] ] } },
{ "type": "Feature", "properties": { "boden": "90 % ziemlich arm, mäßig frisch (Z2) · 10 % mittel, mäßig frisch (M2)" }, "geometry": { "type": "Polygon", "coordinates": [ [ [ 13.683441, 52.793969 ], [ 13.683262, 52.794012 ], [ 13.683185, 52.794119 ], [ 13.683255, 52.794228 ], [ 13.683432, 52.794274 ], [ 13.683611, 52.794232 ], [ 13.683688, 52.794125 ], [ 13.683618, 52.794016 ], [ 13.683441, 52.793969 ] ] ] } },
{ "type": "Feature", "properties": { "boden": "90 % ziemlich arm, trocken (vermutet) (Z3) · 10 % mittel, trocken (vermutet) (M3)" }, "geometry": { "type": "Polygon", "coordinates": [ [ [ 13.688219, 52.794053 ], [ 13.688024, 52.794083 ], [ 13.687875, 52.794191 ], [ 13.687639, 52.79427 ], [ 13.687587, 52.794354 ], [ 13.68767, 52.794414 ], [ 13.688029, 52.794483 ], [ 13.688501, 52.794505 ], [ 13.689049, 52.794508 ], [ 13.689341, 52.794465 ], [ 13.689263, 52.794353 ], [ 13.688754, 52.794237 ], [ 13.688219, 52.794053 ] ] ] } },
{ "type": "Feature", "properties": { "boden": "100 % mittel, trocken (vermutet) (M3)" }, "geometry": { "type": "Polygon", "coordinates": [ [ [ 13.682323, 52.794286 ], [ 13.681981, 52.794307 ], [ 13.681326, 52.794627 ], [ 13.682312, 52.794386 ], [ 13.682323, 52.794286 ] ] ] } },
{ "type": "Feature", "properties": { "boden": "100 % ziemlich arm, trocken (vermutet) (Z3)" }, "geometry": { "type": "Polygon", "coordinates": [ [ [ 13.68316, 52.794556 ], [ 13.682853, 52.794612 ], [ 13.682813, 52.794656 ], [ 13.682949, 52.794707 ], [ 13.683169, 52.794713 ], [ 13.683719, 52.794645 ], [ 13.683531, 52.794572 ], [ 13.68316, 52.794556 ] ] ] } },
{ "type": "Feature", "properties": { "boden": "100 % ziemlich arm, trocken (vermutet) (Z3)" }, "geometry": { "type": "Polygon", "coordinates": [ [ [ 13.686546, 52.794548 ], [ 13.686256, 52.794562 ], [ 13.685732, 52.794715 ], [ 13.685627, 52.794784 ], [ 13.685648, 52.794885 ], [ 13.685757, 52.794939 ], [ 13.685892, 52.794937 ], [ 13.686218, 52.794782 ], [ 13.68684, 52.794775 ], [ 13.687083, 52.794666 ], [ 13.68697, 52.794594 ], [ 13.686546, 52.794548 ] ] ] } },
{ "type": "Feature", "properties": { "boden": "100 % ziemlich arm, trocken (vermutet) (Z3)" }, "geometry": { "type": "Polygon", "coordinates": [ [ [ 13.682312, 52.794386 ], [ 13.681201, 52.794679 ], [ 13.681049, 52.794846 ], [ 13.680575, 52.795024 ], [ 13.680501, 52.795114 ], [ 13.680536, 52.795158 ], [ 13.680636, 52.795215 ], [ 13.680884, 52.795206 ], [ 13.681329, 52.794983 ], [ 13.681511, 52.794804 ], [ 13.682046, 52.794606 ], [ 13.682312, 52.794386 ] ] ] } },
{ "type": "Feature", "properties": { "boden": "100 % ziemlich arm, mäßig frisch (Z2)" }, "geometry": { "type": "Polygon", "coordinates": [ [ [ 13.683226, 52.794918 ], [ 13.682602, 52.794924 ], [ 13.681914, 52.795035 ], [ 13.681765, 52.795095 ], [ 13.681945, 52.795146 ], [ 13.682332, 52.79514 ], [ 13.68302, 52.794999 ], [ 13.683226, 52.794918 ] ] ] } },
{ "type": "Feature", "properties": { "boden": "100 % ziemlich arm, trocken (vermutet) (Z3)" }, "geometry": { "type": "Polygon", "coordinates": [ [ [ 13.680591, 52.796284 ], [ 13.681831, 52.796336 ], [ 13.68243, 52.79641 ], [ 13.682929, 52.796405 ], [ 13.683357, 52.796325 ], [ 13.684054, 52.796112 ], [ 13.68434, 52.795874 ], [ 13.684343, 52.795784 ], [ 13.684122, 52.79561 ], [ 13.683729, 52.795526 ], [ 13.683556, 52.795684 ], [ 13.68302, 52.79587 ], [ 13.68268, 52.795911 ], [ 13.682095, 52.79589 ], [ 13.681731, 52.795978 ], [ 13.680729, 52.796026 ], [ 13.680513, 52.796119 ], [ 13.680591, 52.796284 ] ] ] } },
{ "type": "Feature", "properties": { "boden": "100 % ziemlich arm, mäßig frisch (Z2)" }, "geometry": { "type": "Polygon", "coordinates": [ [ [ 13.693982, 52.79854 ], [ 13.694838, 52.798194 ], [ 13.694899, 52.797765 ], [ 13.694903, 52.797433 ], [ 13.694532, 52.797238 ], [ 13.693902, 52.797116 ], [ 13.691409, 52.797154 ], [ 13.691581, 52.797181 ], [ 13.691769, 52.79732 ], [ 13.691649, 52.797426 ], [ 13.691318, 52.797458 ], [ 13.69102, 52.797444 ], [ 13.690772, 52.797341 ], [ 13.690731, 52.797259 ], [ 13.690783, 52.79719 ], [ 13.690954, 52.797155 ], [ 13.690556, 52.797148 ], [ 13.689967, 52.797188 ], [ 13.690035, 52.797471 ], [ 13.689899, 52.797515 ], [ 13.689737, 52.797423 ], [ 13.68913, 52.79731 ], [ 13.689216, 52.797243 ], [ 13.688952, 52.797271 ], [ 13.6887, 52.797182 ], [ 13.687995, 52.796799 ], [ 13.687373, 52.796558 ], [ 13.687188, 52.79632 ], [ 13.68635, 52.796187 ], [ 13.685498, 52.796108 ], [ 13.684975, 52.795936 ], [ 13.685418, 52.79551 ], [ 13.687426, 52.795204 ], [ 13.687494, 52.794557 ], [ 13.686574, 52.794548 ], [ 13.68697, 52.794594 ], [ 13.687083, 52.794666 ], [ 13.68684, 52.794775 ], [ 13.686218, 52.794782 ], [ 13.686034, 52.794891 ], [ 13.685822, 52.794945 ], [ 13.685619, 52.794851 ], [ 13.685732, 52.794715 ], [ 13.686256, 52.794562 ], [ 13.686546, 52.794548 ], [ 13.684502, 52.794374 ], [ 13.682896, 52.794293 ], [ 13.682343, 52.794381 ], [ 13.682046, 52.794606 ], [ 13.681511, 52.794804 ], [ 13.681329, 52.794983 ], [ 13.680884, 52.795206 ], [ 13.680636, 52.795215 ], [ 13.680536, 52.795158 ], [ 13.680513, 52.795069 ], [ 13.681049, 52.794846 ], [ 13.681143, 52.794718 ], [ 13.681326, 52.794627 ], [ 13.679978, 52.794901 ], [ 13.680419, 52.795036 ], [ 13.680303, 52.795678 ], [ 13.680513, 52.796119 ], [ 13.680607, 52.796059 ], [ 13.680896, 52.796006 ], [ 13.681731, 52.795978 ], [ 13.682095, 52.79589 ], [ 13.68268, 52.795911 ], [ 13.68302, 52.79587 ], [ 13.683556, 52.795684 ], [ 13.683729, 52.795526 ], [ 13.684122, 52.79561 ], [ 13.684343, 52.795784 ], [ 13.68434, 52.795874 ], [ 13.684054, 52.796112 ], [ 13.683357, 52.796325 ], [ 13.682929, 52.796405 ], [ 13.68243, 52.79641 ], [ 13.681831, 52.796336 ], [ 13.680591, 52.796284 ], [ 13.680621, 52.796346 ], [ 13.682076, 52.796399 ], [ 13.682954, 52.796573 ], [ 13.684071, 52.796468 ], [ 13.684906, 52.796628 ], [ 13.685229, 52.796618 ], [ 13.685405, 52.796678 ], [ 13.68565, 52.796685 ], [ 13.686314, 52.797038 ], [ 13.687343, 52.797453 ], [ 13.687469, 52.797707 ], [ 13.68769, 52.797924 ], [ 13.687818, 52.797775 ], [ 13.688306, 52.797584 ], [ 13.688616, 52.797522 ], [ 13.689245, 52.797498 ], [ 13.689338, 52.797638 ], [ 13.689163, 52.797879 ], [ 13.689291, 52.797888 ], [ 13.689342, 52.798353 ], [ 13.693982, 52.79854 ] ], [ [ 13.691166, 52.797827 ], [ 13.691478, 52.79801 ], [ 13.690868, 52.798065 ], [ 13.690648, 52.797995 ], [ 13.690597, 52.797833 ], [ 13.690685, 52.797738 ], [ 13.691166, 52.797827 ] ], [ [ 13.685847, 52.796203 ], [ 13.686983, 52.796475 ], [ 13.687638, 52.796846 ], [ 13.688054, 52.796934 ], [ 13.688501, 52.797122 ], [ 13.688692, 52.797244 ], [ 13.688739, 52.79735 ], [ 13.688544, 52.797433 ], [ 13.688179, 52.797482 ], [ 13.687857, 52.797476 ], [ 13.687439, 52.797396 ], [ 13.687364, 52.797302 ], [ 13.687376, 52.797147 ], [ 13.687107, 52.796992 ], [ 13.68593, 52.796759 ], [ 13.684742, 52.796428 ], [ 13.684377, 52.796281 ], [ 13.684549, 52.79621 ], [ 13.685143, 52.796166 ], [ 13.685847, 52.796203 ] ], [ [ 13.683226, 52.794918 ], [ 13.68302, 52.794999 ], [ 13.682332, 52.79514 ], [ 13.681945, 52.795146 ], [ 13.681765, 52.795095 ], [ 13.681914, 52.795035 ], [ 13.682602, 52.794924 ], [ 13.683226, 52.794918 ] ], [ [ 13.683626, 52.794588 ], [ 13.683719, 52.794645 ], [ 13.683618, 52.794678 ], [ 13.682949, 52.794707 ], [ 13.682813, 52.794656 ], [ 13.682853, 52.794612 ], [ 13.68316, 52.794556 ], [ 13.683626, 52.794588 ] ] ] } },
{ "type": "Feature", "properties": { "boden": "100 % ziemlich arm, trocken (vermutet) (Z3)" }, "geometry": { "type": "Polygon", "coordinates": [ [ [ 13.685435, 52.796162 ], [ 13.684549, 52.79621 ], [ 13.684377, 52.796281 ], [ 13.684742, 52.796428 ], [ 13.68593, 52.796759 ], [ 13.687107, 52.796992 ], [ 13.687376, 52.797147 ], [ 13.687364, 52.797302 ], [ 13.687439, 52.797396 ], [ 13.687857, 52.797476 ], [ 13.688179, 52.797482 ], [ 13.688544, 52.797433 ], [ 13.688739, 52.79735 ], [ 13.688692, 52.797244 ], [ 13.688501, 52.797122 ], [ 13.688054, 52.796934 ], [ 13.687638, 52.796846 ], [ 13.686817, 52.79641 ], [ 13.686221, 52.796314 ], [ 13.685847, 52.796203 ], [ 13.685435, 52.796162 ] ] ] } },
{ "type": "Feature", "properties": { "boden": "100 % mittel, mäßig frisch (M2)" }, "geometry": { "type": "Polygon", "coordinates": [ [ [ 13.680671, 52.796431 ], [ 13.68096, 52.796913 ], [ 13.682516, 52.797271 ], [ 13.682912, 52.797331 ], [ 13.683033, 52.797256 ], [ 13.683004, 52.797144 ], [ 13.682361, 52.796739 ], [ 13.682208, 52.796552 ], [ 13.681906, 52.796424 ], [ 13.681141, 52.796377 ], [ 13.680671, 52.796431 ] ] ] } },
{ "type": "Feature", "properties": { "boden": "90 % ziemlich arm, trocken (vermutet) (Z3) · 10 % mittel, trocken (vermutet) (M3)" }, "geometry": { "type": "Polygon", "coordinates": [ [ [ 13.691684, 52.793684 ], [ 13.691523, 52.793857 ], [ 13.69141, 52.793895 ], [ 13.690874, 52.793944 ], [ 13.690712, 52.794001 ], [ 13.691723, 52.794159 ], [ 13.691795, 52.793954 ], [ 13.691976, 52.793816 ], [ 13.691684, 52.793684 ] ] ] } },
{ "type": "Feature", "properties": { "boden": "90 % ziemlich arm, trocken (vermutet) (Z3) · 10 % mittel, trocken (vermutet) (M3)" }, "geometry": { "type": "Polygon", "coordinates": [ [ [ 13.690131, 52.794271 ], [ 13.689729, 52.794329 ], [ 13.689645, 52.794373 ], [ 13.689674, 52.794418 ], [ 13.689911, 52.794469 ], [ 13.690285, 52.794462 ], [ 13.690348, 52.794434 ], [ 13.690351, 52.794338 ], [ 13.690131, 52.794271 ] ] ] } },
{ "type": "Feature", "properties": { "boden": "90 % ziemlich arm, mäßig frisch (Z2) · 10 % mittel, mäßig frisch (M2)" }, "geometry": { "type": "Polygon", "coordinates": [ [ [ 13.691112, 52.794727 ], [ 13.692542, 52.794402 ], [ 13.692376, 52.794391 ], [ 13.692168, 52.794305 ], [ 13.691911, 52.794301 ], [ 13.690535, 52.79459 ], [ 13.690423, 52.794695 ], [ 13.690692, 52.794754 ], [ 13.691112, 52.794727 ] ] ] } },
{ "type": "Feature", "properties": { "boden": "100 % mittel, mäßig frisch (M2)" }, "geometry": { "type": "Polygon", "coordinates": [ [ [ 13.696532, 52.79581 ], [ 13.696353, 52.795852 ], [ 13.696276, 52.79596 ], [ 13.696347, 52.796068 ], [ 13.696523, 52.796115 ], [ 13.696703, 52.796072 ], [ 13.69678, 52.795965 ], [ 13.696709, 52.795856 ], [ 13.696532, 52.79581 ] ] ] } },
{ "type": "Feature", "properties": { "boden": "100 % mittel, mäßig frisch (M2)" }, "geometry": { "type": "Polygon", "coordinates": [ [ [ 13.696939, 52.795972 ], [ 13.69676, 52.796015 ], [ 13.696683, 52.796122 ], [ 13.696754, 52.79623 ], [ 13.69693, 52.796277 ], [ 13.69711, 52.796234 ], [ 13.697187, 52.796127 ], [ 13.697116, 52.796019 ], [ 13.696939, 52.795972 ] ] ] } },
{ "type": "Feature", "properties": { "boden": "100 % ziemlich arm, mäßig frisch (Z2)" }, "geometry": { "type": "Polygon", "coordinates": [ [ [ 13.691581, 52.797181 ], [ 13.690783, 52.79719 ], [ 13.690731, 52.797259 ], [ 13.690829, 52.797386 ], [ 13.69102, 52.797444 ], [ 13.691318, 52.797458 ], [ 13.691649, 52.797426 ], [ 13.691747, 52.797377 ], [ 13.691723, 52.797258 ], [ 13.691581, 52.797181 ] ] ] } },
{ "type": "Feature", "properties": { "boden": "100 % ziemlich arm, trocken (vermutet) (Z3)" }, "geometry": { "type": "Polygon", "coordinates": [ [ [ 13.689967, 52.797188 ], [ 13.689216, 52.797243 ], [ 13.68913, 52.79731 ], [ 13.689737, 52.797423 ], [ 13.689899, 52.797515 ], [ 13.690002, 52.797504 ], [ 13.690045, 52.797415 ], [ 13.689967, 52.797188 ] ] ] } },
{ "type": "Feature", "properties": { "boden": "100 % ziemlich arm, mäßig frisch (Z2)" }, "geometry": { "type": "Polygon", "coordinates": [ [ [ 13.690685, 52.797738 ], [ 13.690597, 52.797833 ], [ 13.690684, 52.798029 ], [ 13.6912, 52.798057 ], [ 13.691478, 52.79801 ], [ 13.691166, 52.797827 ], [ 13.690685, 52.797738 ] ] ] } },
{ "type": "Feature", "properties": { "boden": "60 % ziemlich arm, trocken (vermutet) (Z3) · 40 % ziemlich arm, trocken (vermutet) (Z3)" }, "geometry": { "type": "Polygon", "coordinates": [ [ [ 13.690778, 52.798423 ], [ 13.690485, 52.798496 ], [ 13.690256, 52.798694 ], [ 13.691674, 52.79908 ], [ 13.691751, 52.798849 ], [ 13.691701, 52.798667 ], [ 13.691574, 52.798537 ], [ 13.691331, 52.798455 ], [ 13.690778, 52.798423 ] ] ] } },
{ "type": "Feature", "properties": { "boden": "100 % mittel, mäßig frisch (M2)" }, "geometry": { "type": "Polygon", "coordinates": [ [ [ 13.693305, 52.798636 ], [ 13.692748, 52.79865 ], [ 13.692642, 52.798751 ], [ 13.692566, 52.798965 ], [ 13.692621, 52.799106 ], [ 13.693037, 52.799344 ], [ 13.693213, 52.799333 ], [ 13.693441, 52.799161 ], [ 13.69345, 52.799058 ], [ 13.693232, 52.798754 ], [ 13.693305, 52.798636 ] ] ] } },
{ "type": "Feature", "properties": { "boden": "100 % mittel, mäßig frisch (M2)" }, "geometry": { "type": "Polygon", "coordinates": [ [ [ 13.679262, 52.791926 ], [ 13.678253, 52.791888 ], [ 13.677831, 52.791966 ], [ 13.678107, 52.792074 ], [ 13.67888, 52.792074 ], [ 13.679077, 52.792037 ], [ 13.679262, 52.791926 ] ] ] } },
{ "type": "Feature", "properties": { "boden": "100 % arm, mäßig frisch (A2)" }, "geometry": { "type": "Polygon", "coordinates": [ [ [ 13.669476, 52.795062 ], [ 13.66889, 52.794714 ], [ 13.668116, 52.794351 ], [ 13.668103, 52.794749 ], [ 13.668181, 52.794947 ], [ 13.668099, 52.79489 ], [ 13.668089, 52.795229 ], [ 13.668504, 52.795209 ], [ 13.6697, 52.795258 ], [ 13.670072, 52.795222 ], [ 13.669476, 52.795062 ] ] ] } },
{ "type": "Feature", "properties": { "boden": "100 % arm, trocken (vermutet) (A3)" }, "geometry": { "type": "Polygon", "coordinates": [ [ [ 13.668099, 52.79489 ], [ 13.668181, 52.794947 ], [ 13.668103, 52.794749 ], [ 13.668099, 52.79489 ] ] ] } },
{ "type": "Feature", "properties": { "boden": "100 % mittel, mäßig frisch (M2)" }, "geometry": { "type": "Polygon", "coordinates": [ [ [ 13.668081, 52.795472 ], [ 13.668662, 52.795348 ], [ 13.668715, 52.795261 ], [ 13.668087, 52.795281 ], [ 13.668081, 52.795472 ] ] ] } },
{ "type": "Feature", "properties": { "boden": "100 % mittel, mäßig frisch (M2)" }, "geometry": { "type": "Polygon", "coordinates": [ [ [ 13.678953, 52.796926 ], [ 13.676526, 52.796508 ], [ 13.67375, 52.795955 ], [ 13.672993, 52.795857 ], [ 13.670864, 52.79541 ], [ 13.670683, 52.795494 ], [ 13.674583, 52.796985 ], [ 13.675024, 52.797107 ], [ 13.678778, 52.797068 ], [ 13.679114, 52.797005 ], [ 13.678953, 52.796926 ] ] ] } },
{ "type": "Feature", "properties": { "boden": "100 % mittel, mäßig frisch (M2)" }, "geometry": { "type": "Polygon", "coordinates": [ [ [ 13.667833, 52.803586 ], [ 13.668302, 52.803271 ], [ 13.668911, 52.802657 ], [ 13.669248, 52.801822 ], [ 13.669446, 52.801538 ], [ 13.669698, 52.801312 ], [ 13.670275, 52.800973 ], [ 13.67043, 52.800812 ], [ 13.670459, 52.800519 ], [ 13.67037, 52.800335 ], [ 13.670167, 52.800173 ], [ 13.669369, 52.799774 ], [ 13.669072, 52.799565 ], [ 13.668815, 52.799311 ], [ 13.66871, 52.799035 ], [ 13.668717, 52.798829 ], [ 13.668893, 52.798625 ], [ 13.669355, 52.798344 ], [ 13.669833, 52.798132 ], [ 13.670372, 52.797774 ], [ 13.670627, 52.7975 ], [ 13.67067, 52.797306 ], [ 13.670473, 52.79696 ], [ 13.670213, 52.796809 ], [ 13.668057, 52.796256 ], [ 13.667833, 52.803586 ] ] ] } },
{ "type": "Feature", "properties": { "boden": "100 % kräftig, mäßig frisch (K2)" }, "geometry": { "type": "Polygon", "coordinates": [ [ [ 13.677353, 52.798307 ], [ 13.677283, 52.798198 ], [ 13.677106, 52.798151 ], [ 13.676927, 52.798194 ], [ 13.67685, 52.798301 ], [ 13.676939, 52.798414 ], [ 13.677206, 52.79843 ], [ 13.677353, 52.798307 ] ] ] } },
{ "type": "Feature", "properties": { "boden": "100 % kräftig, mäßig frisch (K2)" }, "geometry": { "type": "Polygon", "coordinates": [ [ [ 13.67861, 52.798354 ], [ 13.67854, 52.798245 ], [ 13.678363, 52.798199 ], [ 13.678184, 52.798241 ], [ 13.678107, 52.798348 ], [ 13.678178, 52.798457 ], [ 13.678275, 52.798483 ], [ 13.678571, 52.798408 ], [ 13.67861, 52.798354 ] ] ] } },
{ "type": "Feature", "properties": { "boden": "100 % kräftig, mäßig frisch (K2)" }, "geometry": { "type": "Polygon", "coordinates": [ [ [ 13.675658, 52.798628 ], [ 13.675481, 52.798581 ], [ 13.675302, 52.798624 ], [ 13.675225, 52.798731 ], [ 13.675286, 52.798826 ], [ 13.67569, 52.798678 ], [ 13.675658, 52.798628 ] ] ] } },
{ "type": "Feature", "properties": { "boden": "100 % kräftig, mäßig frisch (K2)" }, "geometry": { "type": "Polygon", "coordinates": [ [ [ 13.674198, 52.799329 ], [ 13.674021, 52.799282 ], [ 13.673842, 52.799325 ], [ 13.673765, 52.799432 ], [ 13.673835, 52.79954 ], [ 13.673911, 52.799561 ], [ 13.674198, 52.799329 ] ] ] } },
{ "type": "Feature", "properties": { "boden": "100 % mittel, mäßig frisch (M2)" }, "geometry": { "type": "Polygon", "coordinates": [ [ [ 13.684071, 52.796468 ], [ 13.683691, 52.796504 ], [ 13.683586, 52.796693 ], [ 13.683606, 52.796816 ], [ 13.683806, 52.797087 ], [ 13.683929, 52.797165 ], [ 13.684273, 52.797245 ], [ 13.684983, 52.797291 ], [ 13.685779, 52.797596 ], [ 13.686194, 52.797693 ], [ 13.686774, 52.79775 ], [ 13.687131, 52.797695 ], [ 13.687142, 52.797615 ], [ 13.687004, 52.797523 ], [ 13.686471, 52.797302 ], [ 13.68541, 52.797153 ], [ 13.685099, 52.796756 ], [ 13.684357, 52.796508 ], [ 13.684071, 52.796468 ] ] ] } },
{ "type": "Feature", "properties": { "boden": "100 % ziemlich arm, mäßig frisch (Z2)" }, "geometry": { "type": "Polygon", "coordinates": [ [ [ 13.689163, 52.797879 ], [ 13.689338, 52.797638 ], [ 13.689245, 52.797498 ], [ 13.688616, 52.797522 ], [ 13.688025, 52.797673 ], [ 13.687818, 52.797775 ], [ 13.68769, 52.797924 ], [ 13.688007, 52.798037 ], [ 13.688932, 52.797864 ], [ 13.689163, 52.797879 ] ] ] } },
{ "type": "Feature", "properties": { "boden": "100 % mittel, mäßig frisch (M2)" }, "geometry": { "type": "Polygon", "coordinates": [ [ [ 13.67917, 52.797854 ], [ 13.679404, 52.797483 ], [ 13.678792, 52.797505 ], [ 13.678366, 52.797635 ], [ 13.678383, 52.7977 ], [ 13.678592, 52.797822 ], [ 13.678488, 52.798082 ], [ 13.679051, 52.797943 ], [ 13.67917, 52.797854 ] ] ] } },
{ "type": "Feature", "properties": { "boden": "100 % mittel, mäßig frisch (M2)" }, "geometry": { "type": "Polygon", "coordinates": [ [ [ 13.681287, 52.797352 ], [ 13.681508, 52.797733 ], [ 13.683075, 52.798285 ], [ 13.683869, 52.798458 ], [ 13.684335, 52.798682 ], [ 13.684588, 52.798577 ], [ 13.684934, 52.798557 ], [ 13.687008, 52.798772 ], [ 13.687101, 52.798243 ], [ 13.687264, 52.798145 ], [ 13.687269, 52.798003 ], [ 13.687144, 52.797839 ], [ 13.68697, 52.797755 ], [ 13.687034, 52.797991 ], [ 13.68656, 52.798072 ], [ 13.684492, 52.797674 ], [ 13.683977, 52.797618 ], [ 13.68375, 52.797694 ], [ 13.681054, 52.797106 ], [ 13.681287, 52.797352 ] ], [ [ 13.686074, 52.798301 ], [ 13.686128, 52.798351 ], [ 13.686031, 52.798489 ], [ 13.685788, 52.798511 ], [ 13.685666, 52.798436 ], [ 13.685663, 52.798369 ], [ 13.685814, 52.798281 ], [ 13.686074, 52.798301 ] ] ] } },
{ "type": "Feature", "properties": { "boden": "100 % mittel, mäßig frisch (M2)" }, "geometry": { "type": "Polygon", "coordinates": [ [ [ 13.688932, 52.797864 ], [ 13.688007, 52.798037 ], [ 13.687553, 52.798276 ], [ 13.689342, 52.798353 ], [ 13.689291, 52.797888 ], [ 13.688932, 52.797864 ] ] ] } },
{ "type": "Feature", "properties": { "boden": "100 % mittel, mäßig frisch (M2)" }, "geometry": { "type": "Polygon", "coordinates": [ [ [ 13.687008, 52.798772 ], [ 13.684934, 52.798557 ], [ 13.684588, 52.798577 ], [ 13.684335, 52.798682 ], [ 13.683869, 52.798458 ], [ 13.683075, 52.798285 ], [ 13.681508, 52.797733 ], [ 13.681605, 52.797899 ], [ 13.682345, 52.798182 ], [ 13.682272, 52.798279 ], [ 13.683944, 52.798777 ], [ 13.685697, 52.79899 ], [ 13.68697, 52.799015 ], [ 13.687008, 52.798772 ] ] ] } },
{ "type": "Feature", "properties": { "boden": "100 % mittel, trocken (vermutet) (M3)" }, "geometry": { "type": "Polygon", "coordinates": [ [ [ 13.685947, 52.798271 ], [ 13.685814, 52.798281 ], [ 13.685663, 52.798369 ], [ 13.685666, 52.798436 ], [ 13.685788, 52.798511 ], [ 13.685943, 52.798516 ], [ 13.686097, 52.798442 ], [ 13.686128, 52.798351 ], [ 13.685947, 52.798271 ] ] ] } },
{ "type": "Feature", "properties": { "boden": "100 % mittel, mäßig frisch (M2)" }, "geometry": { "type": "Polygon", "coordinates": [ [ [ 13.685697, 52.79899 ], [ 13.683944, 52.798777 ], [ 13.682272, 52.798279 ], [ 13.682241, 52.79832 ], [ 13.682805, 52.798537 ], [ 13.684117, 52.798925 ], [ 13.684542, 52.798997 ], [ 13.685697, 52.79899 ] ] ] } },
{ "type": "Feature", "properties": { "boden": "100 % mittel, mäßig frisch (M2)" }, "geometry": { "type": "Polygon", "coordinates": [ [ [ 13.689516, 52.799439 ], [ 13.689199, 52.799212 ], [ 13.688678, 52.79907 ], [ 13.688607, 52.798961 ], [ 13.688672, 52.79887 ], [ 13.688969, 52.798956 ], [ 13.688604, 52.798834 ], [ 13.687008, 52.798772 ], [ 13.68697, 52.799015 ], [ 13.687641, 52.799014 ], [ 13.687854, 52.798975 ], [ 13.688673, 52.799097 ], [ 13.689286, 52.799319 ], [ 13.689566, 52.799637 ], [ 13.689516, 52.799439 ] ] ] } },
{ "type": "Feature", "properties": { "boden": "100 % ziemlich arm, nass (OZ4)" }, "geometry": { "type": "Polygon", "coordinates": [ [ [ 13.683655, 52.799882 ], [ 13.683833, 52.800729 ], [ 13.685417, 52.801219 ], [ 13.68591, 52.800482 ], [ 13.683655, 52.799882 ] ] ] } },
{ "type": "Feature", "properties": { "boden": "100 % mittel, mäßig frisch (M2)" }, "geometry": { "type": "Polygon", "coordinates": [ [ [ 13.671461, 52.80126 ], [ 13.67139, 52.801151 ], [ 13.671467, 52.801044 ], [ 13.671647, 52.801001 ], [ 13.671827, 52.801054 ], [ 13.672383, 52.800602 ], [ 13.67277, 52.800445 ], [ 13.673008, 52.800239 ], [ 13.672866, 52.800111 ], [ 13.672943, 52.800004 ], [ 13.673122, 52.799961 ], [ 13.673321, 52.800043 ], [ 13.673911, 52.799561 ], [ 13.673765, 52.799432 ], [ 13.673842, 52.799325 ], [ 13.674021, 52.799282 ], [ 13.674209, 52.799347 ], [ 13.674965, 52.798945 ], [ 13.675286, 52.798826 ], [ 13.675225, 52.798731 ], [ 13.675302, 52.798624 ], [ 13.675481, 52.798581 ], [ 13.675658, 52.798628 ], [ 13.67569, 52.798678 ], [ 13.676078, 52.798543 ], [ 13.676939, 52.798414 ], [ 13.67685, 52.798301 ], [ 13.676927, 52.798194 ], [ 13.677106, 52.798151 ], [ 13.677283, 52.798198 ], [ 13.677347, 52.798316 ], [ 13.677631, 52.798218 ], [ 13.677435, 52.797898 ], [ 13.677272, 52.797877 ], [ 13.677006, 52.797932 ], [ 13.676384, 52.798179 ], [ 13.67557, 52.798384 ], [ 13.674906, 52.798643 ], [ 13.673861, 52.799145 ], [ 13.673492, 52.799386 ], [ 13.672921, 52.799921 ], [ 13.671648, 52.8007 ], [ 13.671327, 52.800783 ], [ 13.671321, 52.800922 ], [ 13.670998, 52.801187 ], [ 13.670925, 52.801347 ], [ 13.671045, 52.801424 ], [ 13.671183, 52.801419 ], [ 13.671461, 52.80126 ] ] ] } },
{ "type": "Feature", "properties": { "boden": "100 % kräftig, mäßig frisch (K2)" }, "geometry": { "type": "Polygon", "coordinates": [ [ [ 13.673321, 52.800043 ], [ 13.673122, 52.799961 ], [ 13.672943, 52.800004 ], [ 13.672866, 52.800111 ], [ 13.672936, 52.80022 ], [ 13.673008, 52.800239 ], [ 13.673321, 52.800043 ] ] ] } },
{ "type": "Feature", "properties": { "boden": "100 % mittel, mäßig frisch (M2)" }, "geometry": { "type": "Polygon", "coordinates": [ [ [ 13.671487, 52.801267 ], [ 13.671183, 52.801419 ], [ 13.671045, 52.801424 ], [ 13.670925, 52.801347 ], [ 13.670998, 52.801187 ], [ 13.671321, 52.800922 ], [ 13.671327, 52.800783 ], [ 13.671648, 52.8007 ], [ 13.672921, 52.799921 ], [ 13.673492, 52.799386 ], [ 13.674144, 52.798997 ], [ 13.67557, 52.798384 ], [ 13.676384, 52.798179 ], [ 13.677006, 52.797932 ], [ 13.677272, 52.797877 ], [ 13.677435, 52.797898 ], [ 13.677513, 52.798094 ], [ 13.677653, 52.798178 ], [ 13.677206, 52.79843 ], [ 13.67766, 52.798515 ], [ 13.677987, 52.798452 ], [ 13.678126, 52.79852 ], [ 13.678275, 52.798483 ], [ 13.678178, 52.798457 ], [ 13.678107, 52.798348 ], [ 13.678184, 52.798241 ], [ 13.678363, 52.798199 ], [ 13.67854, 52.798245 ], [ 13.67861, 52.798354 ], [ 13.678571, 52.798408 ], [ 13.67875, 52.798363 ], [ 13.678767, 52.798155 ], [ 13.679051, 52.797943 ], [ 13.678488, 52.798082 ], [ 13.678592, 52.797822 ], [ 13.678383, 52.7977 ], [ 13.678366, 52.797635 ], [ 13.678792, 52.797505 ], [ 13.679404, 52.797483 ], [ 13.679672, 52.79706 ], [ 13.679381, 52.796989 ], [ 13.678932, 52.797015 ], [ 13.678778, 52.797068 ], [ 13.675024, 52.797107 ], [ 13.674583, 52.796985 ], [ 13.670478, 52.795415 ], [ 13.670072, 52.795222 ], [ 13.6697, 52.795258 ], [ 13.668504, 52.795209 ], [ 13.668089, 52.795229 ], [ 13.668087, 52.795281 ], [ 13.668682, 52.79525 ], [ 13.668717, 52.795282 ], [ 13.668539, 52.795396 ], [ 13.668081, 52.795472 ], [ 13.668057, 52.796256 ], [ 13.670213, 52.796809 ], [ 13.670473, 52.79696 ], [ 13.67067, 52.797306 ], [ 13.670627, 52.7975 ], [ 13.670372, 52.797774 ], [ 13.669833, 52.798132 ], [ 13.669355, 52.798344 ], [ 13.668893, 52.798625 ], [ 13.668717, 52.798829 ], [ 13.66871, 52.799035 ], [ 13.668815, 52.799311 ], [ 13.669072, 52.799565 ], [ 13.669369, 52.799774 ], [ 13.670167, 52.800173 ], [ 13.67037, 52.800335 ], [ 13.670459, 52.800519 ], [ 13.67043, 52.800812 ], [ 13.670275, 52.800973 ], [ 13.669698, 52.801312 ], [ 13.669446, 52.801538 ], [ 13.669248, 52.801822 ], [ 13.668911, 52.802657 ], [ 13.668302, 52.803271 ], [ 13.667833, 52.803586 ], [ 13.667797, 52.804763 ], [ 13.66809, 52.80441 ], [ 13.668483, 52.804388 ], [ 13.668818, 52.804616 ], [ 13.669088, 52.804615 ], [ 13.669575, 52.803973 ], [ 13.669416, 52.803719 ], [ 13.669399, 52.803557 ], [ 13.670444, 52.802976 ], [ 13.670312, 52.802627 ], [ 13.670566, 52.80242 ], [ 13.671556, 52.801285 ], [ 13.671487, 52.801267 ] ] ] } },
{ "type": "Feature", "properties": { "boden": "100 % kräftig, mäßig frisch (K2)" }, "geometry": { "type": "Polygon", "coordinates": [ [ [ 13.671818, 52.801051 ], [ 13.671647, 52.801001 ], [ 13.671467, 52.801044 ], [ 13.67139, 52.801151 ], [ 13.671461, 52.80126 ], [ 13.671556, 52.801285 ], [ 13.671818, 52.801051 ] ] ] } },
{ "type": "Feature", "properties": { "boden": "100 % mittel, mäßig frisch (M2)" }, "geometry": { "type": "Polygon", "coordinates": [ [ [ 13.678368, 52.803468 ], [ 13.678002, 52.80398 ], [ 13.678077, 52.804 ], [ 13.678245, 52.803827 ], [ 13.678571, 52.80366 ], [ 13.678509, 52.803503 ], [ 13.678368, 52.803468 ] ] ] } },
{ "type": "Feature", "properties": { "boden": "100 % mittel, trocken (vermutet) (M3)" }, "geometry": { "type": "Polygon", "coordinates": [ [ [ 13.67777, 52.804392 ], [ 13.677643, 52.804268 ], [ 13.677338, 52.804495 ], [ 13.677513, 52.804541 ], [ 13.677651, 52.804509 ], [ 13.67777, 52.804392 ] ] ] } },
{ "type": "Feature", "properties": { "boden": "100 % mittel, mäßig frisch (M2)" }, "geometry": { "type": "Polygon", "coordinates": [ [ [ 13.677338, 52.804495 ], [ 13.677136, 52.804725 ], [ 13.676953, 52.804825 ], [ 13.677312, 52.804833 ], [ 13.677585, 52.804758 ], [ 13.677582, 52.804658 ], [ 13.677462, 52.804528 ], [ 13.677338, 52.804495 ] ] ] } },
{ "type": "Feature", "properties": { "boden": "100 % mittel, trocken (vermutet) (M3)" }, "geometry": { "type": "Polygon", "coordinates": [ [ [ 13.677822, 52.804931 ], [ 13.677914, 52.80485 ], [ 13.678167, 52.804869 ], [ 13.678012, 52.804505 ], [ 13.677835, 52.804458 ], [ 13.677462, 52.804528 ], [ 13.677605, 52.804713 ], [ 13.677522, 52.804793 ], [ 13.677312, 52.804833 ], [ 13.676953, 52.804825 ], [ 13.676924, 52.804864 ], [ 13.676995, 52.804973 ], [ 13.677171, 52.805019 ], [ 13.677423, 52.804921 ], [ 13.677822, 52.804931 ] ] ] } },
{ "type": "Feature", "properties": { "boden": "100 % mittel, frisch (M1)" }, "geometry": { "type": "Polygon", "coordinates": [ [ [ 13.670912, 52.804885 ], [ 13.670532, 52.804707 ], [ 13.670427, 52.804907 ], [ 13.670479, 52.804988 ], [ 13.670656, 52.805034 ], [ 13.670835, 52.804992 ], [ 13.670912, 52.804885 ] ] ] } },
{ "type": "Feature", "properties": { "boden": "100 % mittel, mäßig frisch (M2)" }, "geometry": { "type": "Polygon", "coordinates": [ [ [ 13.678167, 52.804869 ], [ 13.677914, 52.80485 ], [ 13.677736, 52.804956 ], [ 13.677795, 52.805051 ], [ 13.677972, 52.805098 ], [ 13.678151, 52.805055 ], [ 13.678228, 52.804948 ], [ 13.678167, 52.804869 ] ] ] } },
{ "type": "Feature", "properties": { "boden": "90 % ziemlich arm, trocken (vermutet) (Z3) · 10 % mittel, trocken (vermutet) (M3)" }, "geometry": { "type": "Polygon", "coordinates": [ [ [ 13.718234, 52.788104 ], [ 13.716587, 52.788642 ], [ 13.716226, 52.788824 ], [ 13.716546, 52.788905 ], [ 13.717099, 52.788807 ], [ 13.718814, 52.788306 ], [ 13.719285, 52.788108 ], [ 13.718234, 52.788104 ] ] ] } },
{ "type": "Feature", "properties": { "boden": "90 % ziemlich arm, mäßig frisch (Z2) · 10 % mittel, mäßig frisch (M2)" }, "geometry": { "type": "Polygon", "coordinates": [ [ [ 13.719845, 52.788114 ], [ 13.719973, 52.788137 ], [ 13.720238, 52.788118 ], [ 13.719845, 52.788114 ] ] ] } },
{ "type": "Feature", "properties": { "boden": "90 % ziemlich arm, trocken (vermutet) (Z3) · 10 % mittel, trocken (vermutet) (M3)" }, "geometry": { "type": "Polygon", "coordinates": [ [ [ 13.721214, 52.788154 ], [ 13.721266, 52.788212 ], [ 13.721466, 52.788237 ], [ 13.721752, 52.788134 ], [ 13.721214, 52.788154 ] ] ] } },
{ "type": "Feature", "properties": { "boden": "40 % ziemlich arm, trocken (vermutet) (Z3) · 30 % mittel, trocken (vermutet) (M3) · 30 % mittel, trocken (vermutet) (M+3)" }, "geometry": { "type": "Polygon", "coordinates": [ [ [ 13.728343, 52.788205 ], [ 13.728651, 52.788221 ], [ 13.729252, 52.788215 ], [ 13.728343, 52.788205 ] ] ] } },
{ "type": "Feature", "properties": { "boden": "40 % ziemlich arm, trocken (vermutet) (Z3) · 30 % mittel, trocken (vermutet) (M3) · 30 % mittel, trocken (vermutet) (M+3)" }, "geometry": { "type": "Polygon", "coordinates": [ [ [ 13.725247, 52.788238 ], [ 13.725833, 52.788251 ], [ 13.726174, 52.788182 ], [ 13.725053, 52.78817 ], [ 13.725247, 52.788238 ] ] ] } },
{ "type": "Feature", "properties": { "boden": "90 % ziemlich arm, mäßig frisch (Z2) · 10 % mittel, mäßig frisch (M2)" }, "geometry": { "type": "Polygon", "coordinates": [ [ [ 13.719493, 52.788998 ], [ 13.720511, 52.788941 ], [ 13.720939, 52.788786 ], [ 13.721257, 52.788793 ], [ 13.7215, 52.788949 ], [ 13.72197, 52.788767 ], [ 13.722291, 52.788584 ], [ 13.722411, 52.788222 ], [ 13.722517, 52.788143 ], [ 13.721981, 52.788137 ], [ 13.721887, 52.788243 ], [ 13.721742, 52.788302 ], [ 13.719312, 52.788539 ], [ 13.719199, 52.788513 ], [ 13.719241, 52.788337 ], [ 13.71893, 52.788329 ], [ 13.718616, 52.788487 ], [ 13.717393, 52.788765 ], [ 13.716699, 52.789084 ], [ 13.716493, 52.789133 ], [ 13.716325, 52.789118 ], [ 13.716233, 52.789238 ], [ 13.716022, 52.789286 ], [ 13.715707, 52.789279 ], [ 13.715493, 52.789177 ], [ 13.715352, 52.789014 ], [ 13.715139, 52.789012 ], [ 13.715344, 52.789252 ], [ 13.715845, 52.789522 ], [ 13.716514, 52.789237 ], [ 13.717584, 52.788966 ], [ 13.718561, 52.788927 ], [ 13.71868, 52.789018 ], [ 13.718896, 52.789078 ], [ 13.719493, 52.788998 ] ] ] } },
{ "type": "Feature", "properties": { "boden": "40 % ziemlich arm, mäßig frisch (Z2) · 30 % mittel, mäßig frisch (M2) · 30 % mittel, mäßig frisch (M+2)" }, "geometry": { "type": "Polygon", "coordinates": [ [ [ 13.722411, 52.788222 ], [ 13.722291, 52.788584 ], [ 13.72244, 52.788432 ], [ 13.722761, 52.788355 ], [ 13.722632, 52.788203 ], [ 13.722684, 52.788144 ], [ 13.722517, 52.788143 ], [ 13.722411, 52.788222 ] ] ] } },
{ "type": "Feature", "properties": { "boden": "40 % ziemlich arm, trocken (vermutet) (Z3) · 30 % mittel, trocken (vermutet) (M3) · 30 % mittel, trocken (vermutet) (M+3)" }, "geometry": { "type": "Polygon", "coordinates": [ [ [ 13.732609, 52.789001 ], [ 13.731859, 52.788937 ], [ 13.731839, 52.788992 ], [ 13.732054, 52.789061 ], [ 13.732776, 52.789136 ], [ 13.732609, 52.789001 ] ] ] } },
{ "type": "Feature", "properties": { "boden": "90 % ziemlich arm, mäßig frisch (Z2) · 10 % mittel, mäßig frisch (M2)" }, "geometry": { "type": "Polygon", "coordinates": [ [ [ 13.72197, 52.788767 ], [ 13.7215, 52.788949 ], [ 13.722061, 52.789275 ], [ 13.722291, 52.788584 ], [ 13.72197, 52.788767 ] ] ] } },
{ "type": "Feature", "properties": { "boden": "100 % mittel, mäßig frisch (M2)" }, "geometry": { "type": "Polygon", "coordinates": [ [ [ 13.721257, 52.788793 ], [ 13.720939, 52.788786 ], [ 13.720511, 52.788941 ], [ 13.720693, 52.788942 ], [ 13.720902, 52.789044 ], [ 13.721069, 52.789062 ], [ 13.7215, 52.788949 ], [ 13.721257, 52.788793 ] ] ] } },
{ "type": "Feature", "properties": { "boden": "90 % ziemlich arm, mäßig frisch (Z2) · 10 % mittel, mäßig frisch (M2)" }, "geometry": { "type": "MultiPolygon", "coordinates": [ [ [ [ 13.713208, 52.788145 ], [ 13.713486, 52.788144 ], [ 13.71366, 52.788276 ], [ 13.713632, 52.788352 ], [ 13.714087, 52.788564 ], [ 13.714068, 52.788316 ], [ 13.714244, 52.788152 ], [ 13.714465, 52.788056 ], [ 13.713007, 52.78804 ], [ 13.713208, 52.788145 ] ] ], [ [ [ 13.715201, 52.788064 ], [ 13.71523, 52.788284 ], [ 13.714975, 52.788887 ], [ 13.715139, 52.789012 ], [ 13.715292, 52.789001 ], [ 13.715399, 52.789041 ], [ 13.715547, 52.789217 ], [ 13.715908, 52.789296 ], [ 13.716233, 52.789238 ], [ 13.716325, 52.789118 ], [ 13.716493, 52.789133 ], [ 13.716699, 52.789084 ], [ 13.717393, 52.788765 ], [ 13.718616, 52.788487 ], [ 13.71893, 52.788329 ], [ 13.719241, 52.788337 ], [ 13.719199, 52.788513 ], [ 13.719312, 52.788539 ], [ 13.719815, 52.788509 ], [ 13.721742, 52.788302 ], [ 13.721887, 52.788243 ], [ 13.721981, 52.788137 ], [ 13.721752, 52.788134 ], [ 13.721389, 52.788239 ], [ 13.721213, 52.788176 ], [ 13.721235, 52.788129 ], [ 13.719285, 52.788108 ], [ 13.718814, 52.788306 ], [ 13.718047, 52.788545 ], [ 13.717099, 52.788807 ], [ 13.716546, 52.788905 ], [ 13.716258, 52.788852 ], [ 13.716227, 52.788791 ], [ 13.718253, 52.788097 ], [ 13.716619, 52.788079 ], [ 13.716278, 52.788343 ], [ 13.715705, 52.788599 ], [ 13.715478, 52.78854 ], [ 13.715424, 52.788366 ], [ 13.71574, 52.78807 ], [ 13.715201, 52.788064 ] ] ] ] } },
{ "type": "Feature", "properties": { "boden": "90 % ziemlich arm, mäßig frisch (Z2) · 10 % mittel, mäßig frisch (M2)" }, "geometry": { "type": "Polygon", "coordinates": [ [ [ 13.715508, 52.788244 ], [ 13.715431, 52.788469 ], [ 13.715558, 52.788581 ], [ 13.715705, 52.788599 ], [ 13.716278, 52.788343 ], [ 13.716619, 52.788079 ], [ 13.71574, 52.78807 ], [ 13.715508, 52.788244 ] ] ] } },
{ "type": "Feature", "properties": { "boden": "90 % ziemlich arm, mäßig frisch (Z2) · 10 % mittel, mäßig frisch (M2)" }, "geometry": { "type": "Polygon", "coordinates": [ [ [ 13.712636, 52.78818 ], [ 13.712537, 52.788269 ], [ 13.712373, 52.788168 ], [ 13.712428, 52.788079 ], [ 13.712345, 52.788033 ], [ 13.710985, 52.788018 ], [ 13.711236, 52.788244 ], [ 13.711226, 52.78845 ], [ 13.711324, 52.788637 ], [ 13.711551, 52.788776 ], [ 13.711522, 52.788832 ], [ 13.711247, 52.788958 ], [ 13.711176, 52.789088 ], [ 13.711184, 52.789252 ], [ 13.711253, 52.789362 ], [ 13.711376, 52.789422 ], [ 13.71169, 52.789405 ], [ 13.711765, 52.789332 ], [ 13.711947, 52.789061 ], [ 13.711946, 52.788778 ], [ 13.712071, 52.78864 ], [ 13.712502, 52.78845 ], [ 13.712932, 52.78851 ], [ 13.712926, 52.788401 ], [ 13.712636, 52.78818 ] ] ] } },
{ "type": "Feature", "properties": { "boden": "90 % ziemlich arm, trocken (vermutet) (Z3) · 10 % mittel, trocken (vermutet) (M3)" }, "geometry": { "type": "Polygon", "coordinates": [ [ [ 13.714107, 52.788573 ], [ 13.714611, 52.788718 ], [ 13.714975, 52.788887 ], [ 13.71523, 52.788284 ], [ 13.715201, 52.788064 ], [ 13.714465, 52.788056 ], [ 13.714244, 52.788152 ], [ 13.714068, 52.788316 ], [ 13.714107, 52.788573 ] ] ] } },
{ "type": "Feature", "properties": { "boden": "90 % ziemlich arm, trocken (vermutet) (Z3) · 10 % mittel, trocken (vermutet) (M3)" }, "geometry": { "type": "Polygon", "coordinates": [ [ [ 13.710917, 52.789327 ], [ 13.71093, 52.788732 ], [ 13.71072, 52.788141 ], [ 13.710751, 52.788015 ], [ 13.709827, 52.788005 ], [ 13.71004, 52.78829 ], [ 13.710034, 52.788469 ], [ 13.710217, 52.788825 ], [ 13.710057, 52.78928 ], [ 13.710093, 52.789322 ], [ 13.710379, 52.789368 ], [ 13.710283, 52.789752 ], [ 13.710407, 52.78987 ], [ 13.710651, 52.78993 ], [ 13.710713, 52.790076 ], [ 13.710671, 52.790265 ], [ 13.710757, 52.79036 ], [ 13.710849, 52.790372 ], [ 13.71098, 52.790271 ], [ 13.711049, 52.789854 ], [ 13.710917, 52.789327 ] ] ] } },
{ "type": "Feature", "properties": { "boden": "90 % ziemlich arm, trocken (vermutet) (Z3) · 10 % mittel, trocken (vermutet) (M3)" }, "geometry": { "type": "Polygon", "coordinates": [ [ [ 13.713435, 52.789406 ], [ 13.713655, 52.789405 ], [ 13.714255, 52.78925 ], [ 13.71379, 52.788929 ], [ 13.713536, 52.78884 ], [ 13.713408, 52.789045 ], [ 13.712661, 52.78936 ], [ 13.712377, 52.789542 ], [ 13.712485, 52.789592 ], [ 13.712735, 52.789593 ], [ 13.713339, 52.789468 ], [ 13.713435, 52.789406 ] ] ] } },
{ "type": "Feature", "properties": { "boden": "100 % mittel, mäßig frisch (M2)" }, "geometry": { "type": "Polygon", "coordinates": [ [ [ 13.71868, 52.789018 ], [ 13.718561, 52.788927 ], [ 13.717584, 52.788966 ], [ 13.716514, 52.789237 ], [ 13.715845, 52.789522 ], [ 13.716303, 52.789773 ], [ 13.716352, 52.789668 ], [ 13.716725, 52.789596 ], [ 13.717271, 52.789396 ], [ 13.718896, 52.789078 ], [ 13.71868, 52.789018 ] ] ] } },
{ "type": "Feature", "properties": { "boden": "90 % ziemlich arm, mäßig frisch (Z2) · 10 % mittel, mäßig frisch (M2)" }, "geometry": { "type": "Polygon", "coordinates": [ [ [ 13.712412, 52.790439 ], [ 13.712219, 52.790132 ], [ 13.712254, 52.789956 ], [ 13.712889, 52.789743 ], [ 13.714881, 52.789587 ], [ 13.715002, 52.789428 ], [ 13.714546, 52.789288 ], [ 13.714615, 52.789402 ], [ 13.713692, 52.789438 ], [ 13.713128, 52.789621 ], [ 13.712418, 52.789729 ], [ 13.711676, 52.789514 ], [ 13.711639, 52.789675 ], [ 13.711394, 52.789846 ], [ 13.711406, 52.790209 ], [ 13.711668, 52.790369 ], [ 13.712186, 52.790494 ], [ 13.712412, 52.790439 ] ] ] } },
{ "type": "Feature", "properties": { "boden": "100 % mittel, mäßig frisch (M2)" }, "geometry": { "type": "Polygon", "coordinates": [ [ [ 13.714395, 52.789763 ], [ 13.714922, 52.789945 ], [ 13.715271, 52.789885 ], [ 13.715515, 52.789893 ], [ 13.715775, 52.789953 ], [ 13.716124, 52.790163 ], [ 13.716225, 52.790169 ], [ 13.716188, 52.790069 ], [ 13.716022, 52.790023 ], [ 13.715002, 52.789428 ], [ 13.714881, 52.789587 ], [ 13.712889, 52.789743 ], [ 13.712254, 52.789956 ], [ 13.712219, 52.790132 ], [ 13.712384, 52.790398 ], [ 13.71242, 52.79042 ], [ 13.712518, 52.790104 ], [ 13.712875, 52.789956 ], [ 13.713695, 52.789809 ], [ 13.714219, 52.789805 ], [ 13.714395, 52.789763 ] ] ] } },
{ "type": "Feature", "properties": { "boden": "100 % mittel, mäßig frisch (M2)" }, "geometry": { "type": "Polygon", "coordinates": [ [ [ 13.714943, 52.789951 ], [ 13.714395, 52.789763 ], [ 13.714216, 52.789806 ], [ 13.714139, 52.789913 ], [ 13.71421, 52.790022 ], [ 13.714871, 52.790255 ], [ 13.714942, 52.790364 ], [ 13.715422, 52.790485 ], [ 13.715376, 52.790549 ], [ 13.715446, 52.790657 ], [ 13.715623, 52.790704 ], [ 13.715942, 52.790613 ], [ 13.716199, 52.790682 ], [ 13.716378, 52.79064 ], [ 13.716455, 52.790532 ], [ 13.716385, 52.790424 ], [ 13.716075, 52.790364 ], [ 13.715954, 52.790184 ], [ 13.715777, 52.790137 ], [ 13.715479, 52.790207 ], [ 13.715013, 52.790059 ], [ 13.714943, 52.789951 ] ] ] } },
{ "type": "Feature", "properties": { "boden": "70 % ziemlich arm, mäßig frisch (Z2) · 30 % ziemlich arm, mäßig frisch (Z2)" }, "geometry": { "type": "Polygon", "coordinates": [ [ [ 13.697621, 52.78789 ], [ 13.697609, 52.788477 ], [ 13.697764, 52.788751 ], [ 13.697845, 52.788801 ], [ 13.698165, 52.788836 ], [ 13.699126, 52.788702 ], [ 13.700201, 52.788334 ], [ 13.700637, 52.788255 ], [ 13.701914, 52.788206 ], [ 13.70248, 52.787925 ], [ 13.697621, 52.78789 ] ] ] } },
{ "type": "Feature", "properties": { "boden": "90 % ziemlich arm, mäßig frisch (Z2) · 10 % mittel, mäßig frisch (M2)" }, "geometry": { "type": "Polygon", "coordinates": [ [ [ 13.707112, 52.788569 ], [ 13.70689, 52.788617 ], [ 13.706941, 52.788759 ], [ 13.707213, 52.788942 ], [ 13.707479, 52.788942 ], [ 13.707611, 52.788842 ], [ 13.707597, 52.788687 ], [ 13.707378, 52.788598 ], [ 13.707112, 52.788569 ] ] ] } },
{ "type": "Feature", "properties": { "boden": "90 % ziemlich arm, trocken (vermutet) (Z3) · 10 % mittel, trocken (vermutet) (M3)" }, "geometry": { "type": "Polygon", "coordinates": [ [ [ 13.708002, 52.790105 ], [ 13.707951, 52.789949 ], [ 13.707735, 52.789685 ], [ 13.706461, 52.78896 ], [ 13.706169, 52.78833 ], [ 13.705893, 52.788179 ], [ 13.705721, 52.787961 ], [ 13.705267, 52.787956 ], [ 13.705197, 52.788023 ], [ 13.705207, 52.788154 ], [ 13.705365, 52.788344 ], [ 13.705574, 52.788477 ], [ 13.705882, 52.788862 ], [ 13.706203, 52.789128 ], [ 13.706658, 52.789302 ], [ 13.706911, 52.789465 ], [ 13.707031, 52.789819 ], [ 13.706901, 52.790121 ], [ 13.706929, 52.7902 ], [ 13.707101, 52.790245 ], [ 13.707454, 52.790251 ], [ 13.707629, 52.79045 ], [ 13.707823, 52.790499 ], [ 13.707967, 52.790338 ], [ 13.708002, 52.790105 ] ] ] } },
{ "type": "Feature", "properties": { "boden": "90 % ziemlich arm, trocken (vermutet) (Z3) · 10 % mittel, trocken (vermutet) (M3)" }, "geometry": { "type": "Polygon", "coordinates": [ [ [ 13.703996, 52.789886 ], [ 13.703585, 52.789834 ], [ 13.702942, 52.789851 ], [ 13.702653, 52.789463 ], [ 13.702237, 52.789257 ], [ 13.701481, 52.788665 ], [ 13.701016, 52.788557 ], [ 13.700582, 52.788391 ], [ 13.7005, 52.788413 ], [ 13.700668, 52.78871 ], [ 13.700958, 52.788921 ], [ 13.7015, 52.789207 ], [ 13.701972, 52.789391 ], [ 13.702173, 52.789552 ], [ 13.702093, 52.789647 ], [ 13.701823, 52.78972 ], [ 13.700693, 52.789756 ], [ 13.700593, 52.789814 ], [ 13.701315, 52.790021 ], [ 13.701925, 52.789934 ], [ 13.702451, 52.789914 ], [ 13.702696, 52.789929 ], [ 13.70306, 52.790022 ], [ 13.703265, 52.790175 ], [ 13.703347, 52.790313 ], [ 13.703266, 52.790492 ], [ 13.703007, 52.790681 ], [ 13.703016, 52.79075 ], [ 13.703125, 52.790799 ], [ 13.703236, 52.790785 ], [ 13.703528, 52.790568 ], [ 13.70395, 52.790398 ], [ 13.704085, 52.790245 ], [ 13.704146, 52.790036 ], [ 13.703996, 52.789886 ] ] ] } },
{ "type": "Feature", "properties": { "boden": "90 % ziemlich arm, trocken (vermutet) (Z3) · 10 % mittel, trocken (vermutet) (M3)" }, "geometry": { "type": "Polygon", "coordinates": [ [ [ 13.69741, 52.790038 ], [ 13.697854, 52.790005 ], [ 13.69821, 52.789795 ], [ 13.698422, 52.789786 ], [ 13.698585, 52.789722 ], [ 13.698723, 52.789577 ], [ 13.698942, 52.789464 ], [ 13.698913, 52.78941 ], [ 13.698114, 52.789145 ], [ 13.69763, 52.789071 ], [ 13.697532, 52.789102 ], [ 13.697644, 52.789432 ], [ 13.69755, 52.789599 ], [ 13.696832, 52.789808 ], [ 13.696564, 52.790052 ], [ 13.696161, 52.790165 ], [ 13.696013, 52.790329 ], [ 13.696263, 52.790357 ], [ 13.696567, 52.790262 ], [ 13.696883, 52.790253 ], [ 13.69741, 52.790038 ] ] ] } },
{ "type": "Feature", "properties": { "boden": "90 % ziemlich arm, mäßig frisch (Z2) · 10 % mittel, mäßig frisch (M2)" }, "geometry": { "type": "Polygon", "coordinates": [ [ [ 13.699987, 52.789775 ], [ 13.70002, 52.790049 ], [ 13.700302, 52.790299 ], [ 13.700359, 52.790225 ], [ 13.700304, 52.790071 ], [ 13.699987, 52.789775 ] ] ] } },
{ "type": "Feature", "properties": { "boden": "90 % ziemlich arm, trocken (vermutet) (Z3) · 10 % mittel, trocken (vermutet) (M3)" }, "geometry": { "type": "Polygon", "coordinates": [ [ [ 13.699433, 52.790067 ], [ 13.699158, 52.790126 ], [ 13.699152, 52.790215 ], [ 13.699286, 52.79032 ], [ 13.699638, 52.79038 ], [ 13.699718, 52.790263 ], [ 13.69968, 52.790168 ], [ 13.699584, 52.790094 ], [ 13.699433, 52.790067 ] ] ] } },
{ "type": "Feature", "properties": { "boden": "90 % ziemlich arm, mäßig frisch (Z2) · 10 % mittel, mäßig frisch (M2)" }, "geometry": { "type": "Polygon", "coordinates": [ [ [ 13.70166, 52.790308 ], [ 13.701929, 52.790318 ], [ 13.702243, 52.79015 ], [ 13.701265, 52.790207 ], [ 13.700753, 52.790373 ], [ 13.701108, 52.790402 ], [ 13.70166, 52.790308 ] ] ] } },
{ "type": "Feature", "properties": { "boden": "90 % ziemlich arm, trocken (vermutet) (Z3) · 10 % mittel, trocken (vermutet) (M3)" }, "geometry": { "type": "Polygon", "coordinates": [ [ [ 13.69956, 52.790622 ], [ 13.699496, 52.790532 ], [ 13.699265, 52.790475 ], [ 13.699081, 52.790618 ], [ 13.698869, 52.790636 ], [ 13.69882, 52.790702 ], [ 13.699046, 52.790818 ], [ 13.69911, 52.790705 ], [ 13.69956, 52.790622 ] ] ] } },
{ "type": "Feature", "properties": { "boden": "90 % ziemlich arm, mäßig frisch (Z2) · 10 % mittel, mäßig frisch (M2)" }, "geometry": { "type": "Polygon", "coordinates": [ [ [ 13.70251, 52.791194 ], [ 13.703523, 52.791144 ], [ 13.703978, 52.790977 ], [ 13.704497, 52.790698 ], [ 13.704951, 52.790619 ], [ 13.705422, 52.790685 ], [ 13.70601, 52.790686 ], [ 13.706293, 52.790633 ], [ 13.706478, 52.79049 ], [ 13.706209, 52.79043 ], [ 13.705582, 52.790529 ], [ 13.705071, 52.790526 ], [ 13.704965, 52.790571 ], [ 13.704742, 52.790484 ], [ 13.704672, 52.790333 ], [ 13.704377, 52.790332 ], [ 13.704083, 52.79043 ], [ 13.703649, 52.790746 ], [ 13.703236, 52.790925 ], [ 13.702546, 52.791095 ], [ 13.701842, 52.791147 ], [ 13.701464, 52.791227 ], [ 13.701137, 52.791471 ], [ 13.701091, 52.791637 ], [ 13.701143, 52.791724 ], [ 13.701269, 52.791779 ], [ 13.701389, 52.791766 ], [ 13.702236, 52.791411 ], [ 13.70251, 52.791194 ] ] ] } },
{ "type": "Feature", "properties": { "boden": "90 % ziemlich arm, mäßig frisch (Z2) · 10 % mittel, mäßig frisch (M2)" }, "geometry": { "type": "Polygon", "coordinates": [ [ [ 13.700281, 52.790741 ], [ 13.700004, 52.790583 ], [ 13.699934, 52.790672 ], [ 13.699691, 52.790771 ], [ 13.699288, 52.790745 ], [ 13.699262, 52.790797 ], [ 13.699428, 52.790882 ], [ 13.69944, 52.790944 ], [ 13.698985, 52.791306 ], [ 13.698973, 52.791439 ], [ 13.699081, 52.791632 ], [ 13.698501, 52.791796 ], [ 13.697942, 52.792285 ], [ 13.697379, 52.792492 ], [ 13.697015, 52.792565 ], [ 13.696913, 52.792632 ], [ 13.697366, 52.79267 ], [ 13.698172, 52.792581 ], [ 13.698746, 52.792204 ], [ 13.699801, 52.791836 ], [ 13.700474, 52.791127 ], [ 13.70043, 52.790898 ], [ 13.700281, 52.790741 ] ] ] } },
{ "type": "Feature", "properties": { "boden": "90 % ziemlich arm, trocken (vermutet) (Z3) · 10 % mittel, trocken (vermutet) (M3)" }, "geometry": { "type": "Polygon", "coordinates": [ [ [ 13.702785, 52.791596 ], [ 13.702544, 52.791644 ], [ 13.702394, 52.791726 ], [ 13.702383, 52.791927 ], [ 13.702263, 52.7921 ], [ 13.702356, 52.792241 ], [ 13.702734, 52.792166 ], [ 13.702925, 52.792037 ], [ 13.703037, 52.791703 ], [ 13.702951, 52.791616 ], [ 13.702785, 52.791596 ] ] ] } },
{ "type": "Feature", "properties": { "boden": "90 % ziemlich arm, trocken (vermutet) (Z3) · 10 % mittel, trocken (vermutet) (M3)" }, "geometry": { "type": "Polygon", "coordinates": [ [ [ 13.705651, 52.791548 ], [ 13.705472, 52.79157 ], [ 13.705416, 52.791657 ], [ 13.705578, 52.791825 ], [ 13.705564, 52.791983 ], [ 13.705069, 52.79217 ], [ 13.704434, 52.792493 ], [ 13.704248, 52.792667 ], [ 13.704313, 52.792818 ], [ 13.704473, 52.792837 ], [ 13.704664, 52.79279 ], [ 13.705414, 52.792431 ], [ 13.705654, 52.792213 ], [ 13.706396, 52.792013 ], [ 13.706459, 52.791961 ], [ 13.706448, 52.791846 ], [ 13.706302, 52.791749 ], [ 13.705651, 52.791548 ] ] ] } },
{ "type": "Feature", "properties": { "boden": "90 % ziemlich arm, mäßig frisch (Z2) · 10 % mittel, mäßig frisch (M2)" }, "geometry": { "type": "Polygon", "coordinates": [ [ [ 13.706938, 52.791641 ], [ 13.706832, 52.791693 ], [ 13.706829, 52.791875 ], [ 13.70672, 52.792046 ], [ 13.705084, 52.792705 ], [ 13.704628, 52.792981 ], [ 13.704624, 52.793065 ], [ 13.704911, 52.793041 ], [ 13.706147, 52.792731 ], [ 13.706725, 52.792485 ], [ 13.706892, 52.792338 ], [ 13.706975, 52.792075 ], [ 13.707162, 52.79181 ], [ 13.707097, 52.791693 ], [ 13.706938, 52.791641 ] ] ] } },
{ "type": "Feature", "properties": { "boden": "90 % ziemlich arm, trocken (vermutet) (Z3) · 10 % mittel, trocken (vermutet) (M3)" }, "geometry": { "type": "Polygon", "coordinates": [ [ [ 13.70064, 52.792024 ], [ 13.699301, 52.792294 ], [ 13.698953, 52.792458 ], [ 13.69879, 52.79263 ], [ 13.699024, 52.792716 ], [ 13.699442, 52.792687 ], [ 13.699834, 52.792459 ], [ 13.700632, 52.79225 ], [ 13.700777, 52.792056 ], [ 13.70064, 52.792024 ] ] ] } },
{ "type": "Feature", "properties": { "boden": "90 % ziemlich arm, mäßig frisch (Z2) · 10 % mittel, mäßig frisch (M2)" }, "geometry": { "type": "Polygon", "coordinates": [ [ [ 13.703157, 52.792212 ], [ 13.702514, 52.792405 ], [ 13.701805, 52.792527 ], [ 13.70166, 52.792594 ], [ 13.702075, 52.792614 ], [ 13.702793, 52.792554 ], [ 13.703191, 52.792407 ], [ 13.703291, 52.792324 ], [ 13.703279, 52.792264 ], [ 13.703157, 52.792212 ] ] ] } },
{ "type": "Feature", "properties": { "boden": "90 % ziemlich arm, trocken (vermutet) (Z3) · 10 % mittel, trocken (vermutet) (M3)" }, "geometry": { "type": "Polygon", "coordinates": [ [ [ 13.707476, 52.792546 ], [ 13.707196, 52.792622 ], [ 13.706355, 52.793048 ], [ 13.706079, 52.793127 ], [ 13.706015, 52.793193 ], [ 13.706043, 52.793271 ], [ 13.706283, 52.793307 ], [ 13.706725, 52.793261 ], [ 13.70722, 52.793122 ], [ 13.70751, 52.792878 ], [ 13.707627, 52.792687 ], [ 13.707598, 52.7926 ], [ 13.707476, 52.792546 ] ] ] } },
{ "type": "Feature", "properties": { "boden": "90 % ziemlich arm, trocken (vermutet) (Z3) · 10 % mittel, trocken (vermutet) (M3)" }, "geometry": { "type": "Polygon", "coordinates": [ [ [ 13.702081, 52.792947 ], [ 13.701414, 52.793091 ], [ 13.701048, 52.793276 ], [ 13.70089, 52.793406 ], [ 13.700924, 52.793484 ], [ 13.701412, 52.793504 ], [ 13.702218, 52.793278 ], [ 13.703167, 52.793085 ], [ 13.70271, 52.792971 ], [ 13.702081, 52.792947 ] ] ] } },
{ "type": "Feature", "properties": { "boden": "90 % ziemlich arm, trocken (vermutet) (Z3) · 10 % mittel, trocken (vermutet) (M3)" }, "geometry": { "type": "Polygon", "coordinates": [ [ [ 13.699902, 52.793029 ], [ 13.699716, 52.793127 ], [ 13.699069, 52.793293 ], [ 13.699003, 52.793369 ], [ 13.699362, 52.793448 ], [ 13.699827, 52.793461 ], [ 13.700148, 52.793415 ], [ 13.700215, 52.793367 ], [ 13.700198, 52.793192 ], [ 13.700094, 52.793084 ], [ 13.699902, 52.793029 ] ] ] } },
{ "type": "Feature", "properties": { "boden": "90 % ziemlich arm, mäßig frisch (Z2) · 10 % mittel, mäßig frisch (M2)" }, "geometry": { "type": "Polygon", "coordinates": [ [ [ 13.700184, 52.793749 ], [ 13.700258, 52.793671 ], [ 13.700102, 52.793615 ], [ 13.699328, 52.793574 ], [ 13.698584, 52.793476 ], [ 13.698419, 52.793418 ], [ 13.697744, 52.793368 ], [ 13.697418, 52.79328 ], [ 13.696899, 52.793249 ], [ 13.696362, 52.79336 ], [ 13.695093, 52.793821 ], [ 13.696782, 52.793437 ], [ 13.698025, 52.793401 ], [ 13.699435, 52.793745 ], [ 13.700184, 52.793749 ] ] ] } },
{ "type": "Feature", "properties": { "boden": "100 % mittel, mäßig frisch (M2)" }, "geometry": { "type": "Polygon", "coordinates": [ [ [ 13.704918, 52.793694 ], [ 13.703783, 52.793612 ], [ 13.703137, 52.793684 ], [ 13.70333, 52.793761 ], [ 13.703683, 52.793773 ], [ 13.704665, 52.793741 ], [ 13.704918, 52.793694 ] ] ] } },
{ "type": "Feature", "properties": { "boden": "90 % ziemlich arm, mäßig frisch (Z2) · 10 % mittel, mäßig frisch (M2)" }, "geometry": { "type": "Polygon", "coordinates": [ [ [ 13.701996, 52.793623 ], [ 13.701729, 52.793601 ], [ 13.701258, 52.793637 ], [ 13.700948, 52.793714 ], [ 13.701725, 52.793792 ], [ 13.701996, 52.793623 ] ] ] } },
{ "type": "Feature", "properties": { "boden": "100 % mittel, mäßig frisch (M2)" }, "geometry": { "type": "Polygon", "coordinates": [ [ [ 13.699435, 52.793745 ], [ 13.698025, 52.793401 ], [ 13.696782, 52.793437 ], [ 13.694843, 52.793895 ], [ 13.695581, 52.793929 ], [ 13.696945, 52.79375 ], [ 13.697792, 52.793709 ], [ 13.698643, 52.793724 ], [ 13.69952, 52.793798 ], [ 13.700133, 52.793765 ], [ 13.699435, 52.793745 ] ] ] } },
{ "type": "Feature", "properties": { "boden": "100 % mittel, trocken (vermutet) (M3)" }, "geometry": { "type": "Polygon", "coordinates": [ [ [ 13.705531, 52.79948 ], [ 13.705543, 52.799254 ], [ 13.705422, 52.799175 ], [ 13.704716, 52.799392 ], [ 13.704772, 52.799465 ], [ 13.704923, 52.799484 ], [ 13.705531, 52.79948 ] ] ] } },
{ "type": "Feature", "properties": { "boden": "50 % ziemlich arm, trocken (vermutet) (Z3) · 50 % ziemlich arm, trocken (vermutet) (Z3)" }, "geometry": { "type": "Polygon", "coordinates": [ [ [ 13.705543, 52.799254 ], [ 13.705531, 52.79948 ], [ 13.707409, 52.799552 ], [ 13.70761, 52.799518 ], [ 13.707335, 52.799378 ], [ 13.706544, 52.799332 ], [ 13.705782, 52.799146 ], [ 13.705422, 52.799175 ], [ 13.705543, 52.799254 ] ] ] } },
{ "type": "Feature", "properties": { "boden": "50 % ziemlich arm, mäßig frisch (Z2) · 50 % ziemlich arm, mäßig frisch (Z2)" }, "geometry": { "type": "Polygon", "coordinates": [ [ [ 13.705131, 52.799666 ], [ 13.705639, 52.799639 ], [ 13.706545, 52.799837 ], [ 13.706555, 52.799809 ], [ 13.706333, 52.799689 ], [ 13.705889, 52.799605 ], [ 13.705293, 52.799598 ], [ 13.705131, 52.799666 ] ] ] } },
{ "type": "Feature", "properties": { "boden": "100 % mittel, mäßig frisch (M2)" }, "geometry": { "type": "Polygon", "coordinates": [ [ [ 13.705293, 52.799598 ], [ 13.704461, 52.799623 ], [ 13.70263, 52.799806 ], [ 13.703041, 52.799839 ], [ 13.704118, 52.799775 ], [ 13.705131, 52.799666 ], [ 13.705293, 52.799598 ] ] ] } },
{ "type": "Feature", "properties": { "boden": "50 % ziemlich arm, mäßig frisch (Z2) · 50 % ziemlich arm, mäßig frisch (Z2)" }, "geometry": { "type": "Polygon", "coordinates": [ [ [ 13.700372, 52.799617 ], [ 13.699993, 52.799833 ], [ 13.699871, 52.800006 ], [ 13.699862, 52.800168 ], [ 13.699944, 52.800327 ], [ 13.700121, 52.800437 ], [ 13.700459, 52.800481 ], [ 13.700598, 52.799628 ], [ 13.700372, 52.799617 ] ] ] } },
{ "type": "Feature", "properties": { "boden": "60 % mittel, mäßig frisch (M2g) · 40 % mittel, frisch (M1)" }, "geometry": { "type": "Polygon", "coordinates": [ [ [ 13.703366, 52.80063 ], [ 13.702926, 52.800597 ], [ 13.702579, 52.800485 ], [ 13.703387, 52.800443 ], [ 13.703401, 52.800324 ], [ 13.705467, 52.800388 ], [ 13.705595, 52.80043 ], [ 13.705974, 52.800446 ], [ 13.706089, 52.800308 ], [ 13.706613, 52.800214 ], [ 13.706759, 52.800089 ], [ 13.706731, 52.799963 ], [ 13.706531, 52.799827 ], [ 13.705639, 52.799639 ], [ 13.70347, 52.799821 ], [ 13.70263, 52.799806 ], [ 13.702675, 52.799512 ], [ 13.70189, 52.799521 ], [ 13.701949, 52.799669 ], [ 13.701228, 52.799735 ], [ 13.701013, 52.799791 ], [ 13.700887, 52.799954 ], [ 13.70095, 52.800104 ], [ 13.701112, 52.800206 ], [ 13.701475, 52.800286 ], [ 13.702576, 52.800313 ], [ 13.702534, 52.800736 ], [ 13.703346, 52.800803 ], [ 13.703366, 52.80063 ] ] ] } },
{ "type": "Feature", "properties": { "boden": "50 % ziemlich arm, mäßig frisch (Z2) · 50 % ziemlich arm, mäßig frisch (Z2)" }, "geometry": { "type": "Polygon", "coordinates": [ [ [ 13.704894, 52.800379 ], [ 13.703401, 52.800324 ], [ 13.703387, 52.800443 ], [ 13.70376, 52.800402 ], [ 13.704686, 52.800417 ], [ 13.704894, 52.800379 ] ] ] } },
{ "type": "Feature", "properties": { "boden": "40 % ziemlich arm, mäßig frisch (Z2) · 30 % mittel, mäßig frisch (M2) · 30 % mittel, mäßig frisch (M+2)" }, "geometry": { "type": "MultiPolygon", "coordinates": [ [ [ [ 13.730561, 52.790936 ], [ 13.731083, 52.790864 ], [ 13.731553, 52.790896 ], [ 13.732632, 52.790875 ], [ 13.732943, 52.790782 ], [ 13.734316, 52.790606 ], [ 13.735541, 52.790241 ], [ 13.735639, 52.790176 ], [ 13.736129, 52.790157 ], [ 13.735511, 52.790564 ], [ 13.736089, 52.790329 ], [ 13.736535, 52.790041 ], [ 13.737233, 52.789231 ], [ 13.7375, 52.789454 ], [ 13.737782, 52.789558 ], [ 13.738287, 52.789179 ], [ 13.73845, 52.78896 ], [ 13.738203, 52.788792 ], [ 13.737943, 52.788511 ], [ 13.738091, 52.788393 ], [ 13.738504, 52.788314 ], [ 13.736254, 52.78829 ], [ 13.736146, 52.788338 ], [ 13.735793, 52.788285 ], [ 13.734994, 52.788276 ], [ 13.734901, 52.788369 ], [ 13.734573, 52.78845 ], [ 13.734438, 52.78842 ], [ 13.734369, 52.788348 ], [ 13.734117, 52.788362 ], [ 13.734092, 52.788267 ], [ 13.731902, 52.788243 ], [ 13.731947, 52.788317 ], [ 13.732128, 52.788385 ], [ 13.733218, 52.788403 ], [ 13.733878, 52.788521 ], [ 13.733966, 52.788618 ], [ 13.733917, 52.788659 ], [ 13.733554, 52.788698 ], [ 13.732496, 52.788657 ], [ 13.732044, 52.78856 ], [ 13.731801, 52.788402 ], [ 13.731537, 52.788433 ], [ 13.731316, 52.788383 ], [ 13.73088, 52.788375 ], [ 13.730851, 52.788319 ], [ 13.731103, 52.788235 ], [ 13.726174, 52.788182 ], [ 13.725833, 52.788251 ], [ 13.725493, 52.788256 ], [ 13.725247, 52.788238 ], [ 13.725053, 52.78817 ], [ 13.722684, 52.788144 ], [ 13.722632, 52.788203 ], [ 13.722761, 52.788355 ], [ 13.72244, 52.788432 ], [ 13.722291, 52.788584 ], [ 13.722061, 52.789275 ], [ 13.722633, 52.789473 ], [ 13.722957, 52.789686 ], [ 13.722981, 52.789851 ], [ 13.722914, 52.789984 ], [ 13.722428, 52.790213 ], [ 13.721832, 52.790313 ], [ 13.721061, 52.79035 ], [ 13.719417, 52.790125 ], [ 13.718541, 52.790193 ], [ 13.718332, 52.79036 ], [ 13.718955, 52.790649 ], [ 13.719542, 52.790731 ], [ 13.720414, 52.790615 ], [ 13.720947, 52.790624 ], [ 13.72173, 52.790773 ], [ 13.724123, 52.790877 ], [ 13.729258, 52.790865 ], [ 13.730561, 52.790936 ] ], [ [ 13.734698, 52.789333 ], [ 13.734655, 52.789523 ], [ 13.734531, 52.789675 ], [ 13.734373, 52.789726 ], [ 13.734209, 52.789694 ], [ 13.734102, 52.789584 ], [ 13.734134, 52.789516 ], [ 13.734334, 52.789418 ], [ 13.734339, 52.789291 ], [ 13.734534, 52.789281 ], [ 13.734698, 52.789333 ] ], [ [ 13.738054, 52.789001 ], [ 13.738162, 52.789105 ], [ 13.738132, 52.789199 ], [ 13.737883, 52.789213 ], [ 13.73772, 52.78913 ], [ 13.737643, 52.788914 ], [ 13.737799, 52.788905 ], [ 13.738054, 52.789001 ] ], [ [ 13.732471, 52.788966 ], [ 13.732714, 52.789047 ], [ 13.732776, 52.789136 ], [ 13.732054, 52.789061 ], [ 13.731821, 52.788959 ], [ 13.732099, 52.788929 ], [ 13.732471, 52.788966 ] ] ], [ [ [ 13.734482, 52.788284 ], [ 13.734614, 52.788272 ], [ 13.734441, 52.78827 ], [ 13.734482, 52.788284 ] ] ] ] } },
{ "type": "Feature", "properties": { "boden": "90 % ziemlich arm, mäßig frisch (Z2) · 10 % mittel, mäßig frisch (M2)" }, "geometry": { "type": "Polygon", "coordinates": [ [ [ 13.720511, 52.788941 ], [ 13.719493, 52.788998 ], [ 13.718896, 52.789078 ], [ 13.719004, 52.789107 ], [ 13.719336, 52.789417 ], [ 13.720511, 52.788941 ] ] ] } },
{ "type": "Feature", "properties": { "boden": "100 % mittel, mäßig frisch (M2)" }, "geometry": { "type": "Polygon", "coordinates": [ [ [ 13.730789, 52.791054 ], [ 13.731322, 52.790881 ], [ 13.731083, 52.790864 ], [ 13.730523, 52.790935 ], [ 13.730474, 52.791 ], [ 13.730789, 52.791054 ] ] ] } },
{ "type": "Feature", "properties": { "boden": "100 % mittel, mäßig frisch (M2)" }, "geometry": { "type": "Polygon", "coordinates": [ [ [ 13.731215, 52.790974 ], [ 13.730913, 52.791042 ], [ 13.730567, 52.791043 ], [ 13.730474, 52.791 ], [ 13.730523, 52.790935 ], [ 13.729258, 52.790865 ], [ 13.724123, 52.790877 ], [ 13.72173, 52.790773 ], [ 13.720947, 52.790624 ], [ 13.720414, 52.790615 ], [ 13.719542, 52.790731 ], [ 13.718955, 52.790649 ], [ 13.718332, 52.79036 ], [ 13.718541, 52.790193 ], [ 13.719417, 52.790125 ], [ 13.721061, 52.79035 ], [ 13.721832, 52.790313 ], [ 13.722428, 52.790213 ], [ 13.722914, 52.789984 ], [ 13.722981, 52.789851 ], [ 13.722957, 52.789686 ], [ 13.722633, 52.789473 ], [ 13.721864, 52.789183 ], [ 13.7215, 52.788949 ], [ 13.721069, 52.789062 ], [ 13.720902, 52.789044 ], [ 13.720693, 52.788942 ], [ 13.720511, 52.788941 ], [ 13.719336, 52.789417 ], [ 13.719004, 52.789107 ], [ 13.718869, 52.789081 ], [ 13.717271, 52.789396 ], [ 13.716287, 52.789716 ], [ 13.716303, 52.789773 ], [ 13.721744, 52.79276 ], [ 13.725545, 52.794788 ], [ 13.725824, 52.794629 ], [ 13.726626, 52.795073 ], [ 13.726388, 52.795237 ], [ 13.732743, 52.798578 ], [ 13.734121, 52.797968 ], [ 13.734172, 52.798018 ], [ 13.733343, 52.798476 ], [ 13.733318, 52.798543 ], [ 13.733751, 52.798962 ], [ 13.736207, 52.800336 ], [ 13.736773, 52.800522 ], [ 13.736417, 52.800505 ], [ 13.736955, 52.800753 ], [ 13.736917, 52.800789 ], [ 13.739466, 52.802156 ], [ 13.73958, 52.80168 ], [ 13.739584, 52.801304 ], [ 13.739664, 52.801119 ], [ 13.740145, 52.80057 ], [ 13.740139, 52.800429 ], [ 13.74003, 52.800272 ], [ 13.739665, 52.800014 ], [ 13.739354, 52.800001 ], [ 13.738696, 52.799865 ], [ 13.737718, 52.799498 ], [ 13.737265, 52.799026 ], [ 13.736955, 52.798843 ], [ 13.735869, 52.797914 ], [ 13.735434, 52.797316 ], [ 13.734138, 52.796285 ], [ 13.733977, 52.796 ], [ 13.733906, 52.795624 ], [ 13.733962, 52.79436 ], [ 13.733912, 52.793424 ], [ 13.733451, 52.793395 ], [ 13.733346, 52.792893 ], [ 13.732499, 52.792819 ], [ 13.731683, 52.792174 ], [ 13.73134, 52.791858 ], [ 13.73127, 52.791604 ], [ 13.731314, 52.791113 ], [ 13.731215, 52.790974 ] ], [ [ 13.738844, 52.800739 ], [ 13.738768, 52.800846 ], [ 13.738588, 52.800889 ], [ 13.738412, 52.800842 ], [ 13.738341, 52.800734 ], [ 13.738418, 52.800627 ], [ 13.738597, 52.800584 ], [ 13.738774, 52.80063 ], [ 13.738844, 52.800739 ] ] ] } },
{ "type": "Feature", "properties": { "boden": "100 % mittel, mäßig frisch (M2)" }, "geometry": { "type": "Polygon", "coordinates": [ [ [ 13.72741, 52.799645 ], [ 13.727231, 52.799687 ], [ 13.727154, 52.799794 ], [ 13.727224, 52.799903 ], [ 13.727401, 52.79995 ], [ 13.72758, 52.799907 ], [ 13.727657, 52.7998 ], [ 13.727586, 52.799691 ], [ 13.72741, 52.799645 ] ] ] } },
{ "type": "Feature", "properties": { "boden": "50 % mittel, mäßig frisch (M2) · 50 % ziemlich arm, mäßig frisch (Z2)" }, "geometry": { "type": "Polygon", "coordinates": [ [ [ 13.728541, 52.803912 ], [ 13.727595, 52.803899 ], [ 13.727069, 52.803956 ], [ 13.726697, 52.804045 ], [ 13.727586, 52.80419 ], [ 13.727978, 52.804185 ], [ 13.728512, 52.804121 ], [ 13.728541, 52.803912 ] ] ] } },
{ "type": "Feature", "properties": { "boden": "60 % mittel, mäßig frisch (M2g) · 40 % mittel, frisch (M1)" }, "geometry": { "type": "Polygon", "coordinates": [ [ [ 13.731652, 52.804162 ], [ 13.731463, 52.804113 ], [ 13.731293, 52.804153 ], [ 13.731216, 52.80426 ], [ 13.731286, 52.804369 ], [ 13.731274, 52.804557 ], [ 13.731622, 52.804582 ], [ 13.731719, 52.804266 ], [ 13.731652, 52.804162 ] ] ] } },
{ "type": "Feature", "properties": { "boden": "100 % mittel, mäßig frisch (M2)" }, "geometry": { "type": "Polygon", "coordinates": [ [ [ 13.734836, 52.80498 ], [ 13.734702, 52.804902 ], [ 13.734579, 52.804896 ], [ 13.734567, 52.804815 ], [ 13.734687, 52.804796 ], [ 13.734905, 52.804843 ], [ 13.734999, 52.804778 ], [ 13.733338, 52.804165 ], [ 13.733003, 52.804097 ], [ 13.731753, 52.803982 ], [ 13.731136, 52.803982 ], [ 13.730833, 52.803878 ], [ 13.730189, 52.803814 ], [ 13.728541, 52.803912 ], [ 13.728512, 52.804121 ], [ 13.729102, 52.804 ], [ 13.730534, 52.803972 ], [ 13.731463, 52.804113 ], [ 13.731955, 52.804242 ], [ 13.733469, 52.804333 ], [ 13.733969, 52.804519 ], [ 13.734157, 52.804651 ], [ 13.734236, 52.805125 ], [ 13.734388, 52.805118 ], [ 13.734863, 52.805524 ], [ 13.734843, 52.805302 ], [ 13.735039, 52.805272 ], [ 13.734836, 52.80498 ] ] ] } },
{ "type": "Feature", "properties": { "boden": "70 % reich, frisch (RC1) · 30 % mittel, frisch (M1)" }, "geometry": { "type": "Polygon", "coordinates": [ [ [ 13.731274, 52.804557 ], [ 13.731184, 52.804678 ], [ 13.731255, 52.804787 ], [ 13.731432, 52.804833 ], [ 13.731611, 52.80479 ], [ 13.731688, 52.804683 ], [ 13.731622, 52.804582 ], [ 13.731274, 52.804557 ] ] ] } },
{ "type": "Feature", "properties": { "boden": "50 % mittel, mäßig frisch (M2) · 50 % ziemlich arm, mäßig frisch (Z2)" }, "geometry": { "type": "Polygon", "coordinates": [ [ [ 13.715412, 52.80795 ], [ 13.716635, 52.807674 ], [ 13.716776, 52.807555 ], [ 13.717237, 52.807398 ], [ 13.717382, 52.807244 ], [ 13.717437, 52.806998 ], [ 13.717627, 52.80687 ], [ 13.71796, 52.806892 ], [ 13.718065, 52.806833 ], [ 13.718352, 52.806812 ], [ 13.718948, 52.806851 ], [ 13.719039, 52.806755 ], [ 13.721109, 52.806827 ], [ 13.721141, 52.806175 ], [ 13.721285, 52.806027 ], [ 13.721813, 52.805816 ], [ 13.72304, 52.805477 ], [ 13.724097, 52.804841 ], [ 13.724154, 52.804726 ], [ 13.725289, 52.804222 ], [ 13.725717, 52.804077 ], [ 13.726113, 52.804006 ], [ 13.726697, 52.804045 ], [ 13.727069, 52.803956 ], [ 13.727595, 52.803899 ], [ 13.728541, 52.803912 ], [ 13.728678, 52.802913 ], [ 13.72829, 52.802989 ], [ 13.727908, 52.802994 ], [ 13.727301, 52.80283 ], [ 13.724259, 52.802497 ], [ 13.723006, 52.802205 ], [ 13.72183, 52.801792 ], [ 13.721109, 52.801663 ], [ 13.720754, 52.801693 ], [ 13.720017, 52.801891 ], [ 13.719717, 52.801919 ], [ 13.718608, 52.801855 ], [ 13.718071, 52.80194 ], [ 13.716649, 52.80231 ], [ 13.715737, 52.80245 ], [ 13.71449, 52.802416 ], [ 13.713884, 52.802338 ], [ 13.713352, 52.802249 ], [ 13.712689, 52.802057 ], [ 13.711817, 52.803533 ], [ 13.714028, 52.806364 ], [ 13.714003, 52.806571 ], [ 13.71449, 52.806858 ], [ 13.714757, 52.807073 ], [ 13.714931, 52.807299 ], [ 13.714964, 52.807552 ], [ 13.714719, 52.807927 ], [ 13.714405, 52.808162 ], [ 13.71441, 52.808266 ], [ 13.715412, 52.80795 ] ], [ [ 13.715799, 52.80741 ], [ 13.715608, 52.807353 ], [ 13.715429, 52.807396 ], [ 13.715252, 52.807349 ], [ 13.715181, 52.80724 ], [ 13.715258, 52.807133 ], [ 13.715438, 52.807091 ], [ 13.715629, 52.807148 ], [ 13.715808, 52.807105 ], [ 13.715985, 52.807152 ], [ 13.716055, 52.807261 ], [ 13.715978, 52.807368 ], [ 13.715799, 52.80741 ] ], [ [ 13.7161, 52.80457 ], [ 13.717451, 52.804764 ], [ 13.71759, 52.804832 ], [ 13.717637, 52.804933 ], [ 13.71756, 52.805024 ], [ 13.716937, 52.805111 ], [ 13.715247, 52.805157 ], [ 13.714469, 52.805073 ], [ 13.714196, 52.804923 ], [ 13.714313, 52.804753 ], [ 13.714594, 52.804659 ], [ 13.715008, 52.804601 ], [ 13.7161, 52.80457 ] ] ] } },
{ "type": "Feature", "properties": { "boden": "90 % ziemlich arm, mäßig frisch (Z2) · 10 % mittel, mäßig frisch (M2)" }, "geometry": { "type": "Polygon", "coordinates": [ [ [ 13.710434, 52.790507 ], [ 13.709652, 52.790543 ], [ 13.70922, 52.790509 ], [ 13.708919, 52.790442 ], [ 13.708531, 52.790228 ], [ 13.708423, 52.790201 ], [ 13.70832, 52.790252 ], [ 13.708263, 52.790383 ], [ 13.708312, 52.790927 ], [ 13.708583, 52.791311 ], [ 13.70856, 52.791584 ], [ 13.708656, 52.791694 ], [ 13.708843, 52.791772 ], [ 13.708977, 52.791776 ], [ 13.70905, 52.791721 ], [ 13.70899, 52.791506 ], [ 13.709139, 52.791016 ], [ 13.709456, 52.790907 ], [ 13.710117, 52.790819 ], [ 13.710319, 52.790689 ], [ 13.710434, 52.790507 ] ] ] } },
{ "type": "Feature", "properties": { "boden": "90 % ziemlich arm, mäßig frisch (Z2) · 10 % mittel, mäßig frisch (M2)" }, "geometry": { "type": "Polygon", "coordinates": [ [ [ 13.711752, 52.790895 ], [ 13.7115, 52.791005 ], [ 13.711412, 52.791154 ], [ 13.71167, 52.791356 ], [ 13.71193, 52.791417 ], [ 13.712059, 52.791401 ], [ 13.71212, 52.791273 ], [ 13.712015, 52.791035 ], [ 13.711893, 52.79092 ], [ 13.711752, 52.790895 ] ] ] } },
{ "type": "Feature", "properties": { "boden": "90 % ziemlich arm, trocken (vermutet) (Z3) · 10 % mittel, trocken (vermutet) (M3)" }, "geometry": { "type": "Polygon", "coordinates": [ [ [ 13.712349, 52.790949 ], [ 13.712439, 52.791106 ], [ 13.712973, 52.791581 ], [ 13.712769, 52.791201 ], [ 13.712581, 52.791045 ], [ 13.712349, 52.790949 ] ] ] } },
{ "type": "Feature", "properties": { "boden": "90 % ziemlich arm, trocken (vermutet) (Z3) · 10 % mittel, trocken (vermutet) (M3)" }, "geometry": { "type": "Polygon", "coordinates": [ [ [ 13.707854, 52.790718 ], [ 13.707757, 52.790751 ], [ 13.707821, 52.790873 ], [ 13.707753, 52.790997 ], [ 13.70754, 52.791145 ], [ 13.707315, 52.791223 ], [ 13.707597, 52.791534 ], [ 13.707743, 52.791828 ], [ 13.707897, 52.791872 ], [ 13.708064, 52.791859 ], [ 13.708193, 52.791763 ], [ 13.708253, 52.791479 ], [ 13.708179, 52.791369 ], [ 13.708061, 52.791317 ], [ 13.7081, 52.791031 ], [ 13.707962, 52.790788 ], [ 13.707854, 52.790718 ] ] ] } },
{ "type": "Feature", "properties": { "boden": "90 % ziemlich arm, trocken (vermutet) (Z3) · 10 % mittel, trocken (vermutet) (M3)" }, "geometry": { "type": "Polygon", "coordinates": [ [ [ 13.711198, 52.790485 ], [ 13.711056, 52.790522 ], [ 13.710476, 52.791108 ], [ 13.71054, 52.791204 ], [ 13.710926, 52.791381 ], [ 13.71114, 52.7916 ], [ 13.711425, 52.791726 ], [ 13.709968, 52.792334 ], [ 13.709853, 52.792507 ], [ 13.70998, 52.7926 ], [ 13.710378, 52.792604 ], [ 13.710724, 52.792525 ], [ 13.7114, 52.792201 ], [ 13.711733, 52.791922 ], [ 13.711718, 52.791788 ], [ 13.711255, 52.791358 ], [ 13.711253, 52.791123 ], [ 13.711429, 52.790802 ], [ 13.71136, 52.790619 ], [ 13.711198, 52.790485 ] ] ] } },
{ "type": "Feature", "properties": { "boden": "90 % ziemlich arm, mäßig frisch (Z2) · 10 % mittel, mäßig frisch (M2)" }, "geometry": { "type": "Polygon", "coordinates": [ [ [ 13.708826, 52.791968 ], [ 13.708448, 52.792125 ], [ 13.708305, 52.792239 ], [ 13.708034, 52.79254 ], [ 13.70811, 52.792652 ], [ 13.708385, 52.792588 ], [ 13.708815, 52.792311 ], [ 13.708935, 52.792016 ], [ 13.708826, 52.791968 ] ] ] } },
{ "type": "Feature", "properties": { "boden": "100 % mittel, mäßig frisch (M2)" }, "geometry": { "type": "Polygon", "coordinates": [ [ [ 13.712733, 52.792047 ], [ 13.712499, 52.792314 ], [ 13.710694, 52.792915 ], [ 13.710284, 52.793112 ], [ 13.709879, 52.793144 ], [ 13.708791, 52.79343 ], [ 13.710201, 52.793136 ], [ 13.710814, 52.793075 ], [ 13.711492, 52.792877 ], [ 13.712998, 52.792142 ], [ 13.713424, 52.791854 ], [ 13.713458, 52.791779 ], [ 13.712733, 52.792047 ] ] ] } },
{ "type": "Feature", "properties": { "boden": "90 % ziemlich arm, mäßig frisch (Z2) · 10 % mittel, mäßig frisch (M2)" }, "geometry": { "type": "Polygon", "coordinates": [ [ [ 13.708791, 52.79343 ], [ 13.709879, 52.793144 ], [ 13.710284, 52.793112 ], [ 13.710694, 52.792915 ], [ 13.712499, 52.792314 ], [ 13.712733, 52.792047 ], [ 13.713458, 52.791779 ], [ 13.713468, 52.791717 ], [ 13.713358, 52.791671 ], [ 13.712953, 52.791754 ], [ 13.712379, 52.791976 ], [ 13.711571, 52.792192 ], [ 13.710276, 52.792791 ], [ 13.708898, 52.793113 ], [ 13.708741, 52.793183 ], [ 13.708023, 52.793252 ], [ 13.707618, 52.79314 ], [ 13.707341, 52.793256 ], [ 13.706673, 52.793382 ], [ 13.7056, 52.793492 ], [ 13.705465, 52.793535 ], [ 13.705438, 52.793602 ], [ 13.70559, 52.793654 ], [ 13.705846, 52.793662 ], [ 13.706307, 52.793597 ], [ 13.707163, 52.793612 ], [ 13.708791, 52.79343 ] ] ] } },
{ "type": "Feature", "properties": { "boden": "90 % ziemlich arm, trocken (vermutet) (Z3) · 10 % mittel, trocken (vermutet) (M3)" }, "geometry": { "type": "Polygon", "coordinates": [ [ [ 13.70945, 52.792579 ], [ 13.70882, 52.792763 ], [ 13.708692, 52.792845 ], [ 13.708714, 52.792906 ], [ 13.708918, 52.792958 ], [ 13.709383, 52.792868 ], [ 13.709582, 52.792719 ], [ 13.709545, 52.792594 ], [ 13.70945, 52.792579 ] ] ] } },
{ "type": "Feature", "properties": { "boden": "100 % mittel, mäßig frisch (M2)" }, "geometry": { "type": "Polygon", "coordinates": [ [ [ 13.742411, 52.809045 ], [ 13.742776, 52.808924 ], [ 13.743347, 52.80856 ], [ 13.743825, 52.808326 ], [ 13.744732, 52.808112 ], [ 13.745701, 52.807796 ], [ 13.746572, 52.807664 ], [ 13.747657, 52.807666 ], [ 13.747886, 52.807625 ], [ 13.747947, 52.807575 ], [ 13.748086, 52.807634 ], [ 13.748224, 52.80763 ], [ 13.748114, 52.807486 ], [ 13.747335, 52.807092 ], [ 13.747349, 52.807001 ], [ 13.74747, 52.806954 ], [ 13.747869, 52.807088 ], [ 13.749046, 52.807671 ], [ 13.74512, 52.805564 ], [ 13.74499, 52.805693 ], [ 13.747413, 52.806955 ], [ 13.746981, 52.807023 ], [ 13.744359, 52.807116 ], [ 13.744263, 52.807241 ], [ 13.744253, 52.806549 ], [ 13.744892, 52.805788 ], [ 13.744659, 52.805675 ], [ 13.744801, 52.805431 ], [ 13.744391, 52.805209 ], [ 13.744299, 52.805326 ], [ 13.743958, 52.805227 ], [ 13.743712, 52.805069 ], [ 13.743662, 52.804861 ], [ 13.743485, 52.804713 ], [ 13.742947, 52.804488 ], [ 13.739419, 52.802603 ], [ 13.738831, 52.80223 ], [ 13.738567, 52.802155 ], [ 13.736455, 52.801006 ], [ 13.735526, 52.800432 ], [ 13.735242, 52.800483 ], [ 13.73506, 52.800392 ], [ 13.735165, 52.800272 ], [ 13.734456, 52.799936 ], [ 13.732624, 52.798913 ], [ 13.732367, 52.798866 ], [ 13.7324, 52.798754 ], [ 13.716075, 52.789997 ], [ 13.715889, 52.789929 ], [ 13.716188, 52.790069 ], [ 13.716225, 52.790169 ], [ 13.716124, 52.790163 ], [ 13.715775, 52.789953 ], [ 13.715515, 52.789893 ], [ 13.715271, 52.789885 ], [ 13.714922, 52.789945 ], [ 13.715013, 52.790059 ], [ 13.715479, 52.790207 ], [ 13.715777, 52.790137 ], [ 13.715954, 52.790184 ], [ 13.716075, 52.790364 ], [ 13.716385, 52.790424 ], [ 13.716455, 52.790532 ], [ 13.716378, 52.79064 ], [ 13.716199, 52.790682 ], [ 13.715942, 52.790613 ], [ 13.715623, 52.790704 ], [ 13.715446, 52.790657 ], [ 13.715376, 52.790549 ], [ 13.715422, 52.790485 ], [ 13.714942, 52.790364 ], [ 13.714871, 52.790255 ], [ 13.71421, 52.790022 ], [ 13.714139, 52.789913 ], [ 13.714219, 52.789805 ], [ 13.713695, 52.789809 ], [ 13.713165, 52.78989 ], [ 13.712518, 52.790104 ], [ 13.71242, 52.79042 ], [ 13.713382, 52.791047 ], [ 13.713727, 52.79168 ], [ 13.713458, 52.791779 ], [ 13.713424, 52.791854 ], [ 13.712998, 52.792142 ], [ 13.711909, 52.792698 ], [ 13.711127, 52.793002 ], [ 13.710814, 52.793075 ], [ 13.710201, 52.793136 ], [ 13.70977, 52.793254 ], [ 13.707189, 52.793726 ], [ 13.706625, 52.793724 ], [ 13.705989, 52.79378 ], [ 13.704918, 52.793694 ], [ 13.704665, 52.793741 ], [ 13.703683, 52.793773 ], [ 13.70333, 52.793761 ], [ 13.703137, 52.793684 ], [ 13.703783, 52.793612 ], [ 13.702556, 52.793662 ], [ 13.702076, 52.793594 ], [ 13.701725, 52.793792 ], [ 13.700572, 52.793676 ], [ 13.70042, 52.793773 ], [ 13.699831, 52.793804 ], [ 13.697792, 52.793709 ], [ 13.696945, 52.79375 ], [ 13.695581, 52.793929 ], [ 13.694843, 52.793895 ], [ 13.695093, 52.793821 ], [ 13.690148, 52.794946 ], [ 13.689646, 52.79499 ], [ 13.689412, 52.794987 ], [ 13.687494, 52.794557 ], [ 13.687426, 52.795204 ], [ 13.685418, 52.79551 ], [ 13.684975, 52.795936 ], [ 13.685498, 52.796108 ], [ 13.68635, 52.796187 ], [ 13.687188, 52.79632 ], [ 13.687373, 52.796558 ], [ 13.687995, 52.796799 ], [ 13.6887, 52.797182 ], [ 13.688952, 52.797271 ], [ 13.690556, 52.797148 ], [ 13.693902, 52.797116 ], [ 13.694532, 52.797238 ], [ 13.694903, 52.797433 ], [ 13.694838, 52.798194 ], [ 13.694019, 52.798522 ], [ 13.707146, 52.799156 ], [ 13.70908, 52.799428 ], [ 13.710167, 52.79952 ], [ 13.710341, 52.79961 ], [ 13.710261, 52.799918 ], [ 13.713193, 52.800696 ], [ 13.713192, 52.801262 ], [ 13.712689, 52.802057 ], [ 13.713352, 52.802249 ], [ 13.713884, 52.802338 ], [ 13.71449, 52.802416 ], [ 13.715737, 52.80245 ], [ 13.716649, 52.80231 ], [ 13.718071, 52.80194 ], [ 13.718608, 52.801855 ], [ 13.719717, 52.801919 ], [ 13.720017, 52.801891 ], [ 13.720754, 52.801693 ], [ 13.721109, 52.801663 ], [ 13.72183, 52.801792 ], [ 13.723006, 52.802205 ], [ 13.724259, 52.802497 ], [ 13.727301, 52.80283 ], [ 13.727908, 52.802994 ], [ 13.72829, 52.802989 ], [ 13.728678, 52.802913 ], [ 13.728541, 52.803912 ], [ 13.730189, 52.803814 ], [ 13.730833, 52.803878 ], [ 13.731136, 52.803982 ], [ 13.731753, 52.803982 ], [ 13.733003, 52.804097 ], [ 13.733338, 52.804165 ], [ 13.73441, 52.804541 ], [ 13.734644, 52.804675 ], [ 13.734999, 52.804778 ], [ 13.73512, 52.804749 ], [ 13.735297, 52.804796 ], [ 13.735367, 52.804905 ], [ 13.73529, 52.805012 ], [ 13.735111, 52.805054 ], [ 13.734935, 52.805008 ], [ 13.734864, 52.804899 ], [ 13.734905, 52.804843 ], [ 13.734613, 52.804796 ], [ 13.734548, 52.804851 ], [ 13.734836, 52.80498 ], [ 13.735039, 52.805272 ], [ 13.735139, 52.805275 ], [ 13.735361, 52.80543 ], [ 13.735613, 52.805482 ], [ 13.736227, 52.805838 ], [ 13.736984, 52.80597 ], [ 13.737155, 52.805759 ], [ 13.737425, 52.805646 ], [ 13.73804, 52.805631 ], [ 13.738443, 52.80578 ], [ 13.738863, 52.80582 ], [ 13.7391, 52.805919 ], [ 13.740895, 52.806238 ], [ 13.742388, 52.806727 ], [ 13.742627, 52.80689 ], [ 13.742692, 52.807022 ], [ 13.742873, 52.807066 ], [ 13.743025, 52.807227 ], [ 13.743145, 52.807408 ], [ 13.743032, 52.807541 ], [ 13.743407, 52.807556 ], [ 13.743488, 52.807606 ], [ 13.743431, 52.807697 ], [ 13.742892, 52.808042 ], [ 13.741911, 52.80838 ], [ 13.739921, 52.808514 ], [ 13.739784, 52.808428 ], [ 13.73978, 52.808483 ], [ 13.739962, 52.808868 ], [ 13.740483, 52.80882 ], [ 13.740945, 52.80896 ], [ 13.741791, 52.808881 ], [ 13.741908, 52.809009 ], [ 13.742411, 52.809045 ] ], [ [ 13.736876, 52.805297 ], [ 13.736799, 52.805404 ], [ 13.73692, 52.805671 ], [ 13.736843, 52.805778 ], [ 13.736663, 52.80582 ], [ 13.736487, 52.805774 ], [ 13.736416, 52.805665 ], [ 13.736372, 52.805292 ], [ 13.736449, 52.805185 ], [ 13.736629, 52.805142 ], [ 13.736805, 52.805188 ], [ 13.736876, 52.805297 ] ], [ [ 13.736063, 52.805345 ], [ 13.735986, 52.805452 ], [ 13.735807, 52.805494 ], [ 13.73563, 52.805448 ], [ 13.735559, 52.805339 ], [ 13.735636, 52.805232 ], [ 13.735816, 52.805189 ], [ 13.735992, 52.805236 ], [ 13.736063, 52.805345 ] ], [ [ 13.727657, 52.7998 ], [ 13.72758, 52.799907 ], [ 13.727401, 52.79995 ], [ 13.727224, 52.799903 ], [ 13.727154, 52.799794 ], [ 13.727231, 52.799687 ], [ 13.72741, 52.799645 ], [ 13.727586, 52.799691 ], [ 13.727657, 52.7998 ] ], [ [ 13.697187, 52.796127 ], [ 13.69711, 52.796234 ], [ 13.69693, 52.796277 ], [ 13.696754, 52.79623 ], [ 13.696683, 52.796122 ], [ 13.69676, 52.796015 ], [ 13.696939, 52.795972 ], [ 13.697116, 52.796019 ], [ 13.697187, 52.796127 ] ], [ [ 13.69678, 52.795965 ], [ 13.696703, 52.796072 ], [ 13.696523, 52.796115 ], [ 13.696347, 52.796068 ], [ 13.696276, 52.79596 ], [ 13.696353, 52.795852 ], [ 13.696532, 52.79581 ], [ 13.696709, 52.795856 ], [ 13.69678, 52.795965 ] ] ] } },
{ "type": "Feature", "properties": { "boden": "50 % ziemlich arm, trocken (vermutet) (Z3) · 50 % ziemlich arm, trocken (vermutet) (Z3)" }, "geometry": { "type": "Polygon", "coordinates": [ [ [ 13.705974, 52.800446 ], [ 13.705595, 52.80043 ], [ 13.705467, 52.800388 ], [ 13.70376, 52.800402 ], [ 13.703387, 52.800443 ], [ 13.703366, 52.80063 ], [ 13.704473, 52.800553 ], [ 13.705881, 52.800558 ], [ 13.705974, 52.800446 ] ] ] } },
{ "type": "Feature", "properties": { "boden": "50 % ziemlich arm, mäßig frisch (Z2) · 50 % ziemlich arm, mäßig frisch (Z2)" }, "geometry": { "type": "Polygon", "coordinates": [ [ [ 13.701695, 52.800348 ], [ 13.701733, 52.800461 ], [ 13.701447, 52.800644 ], [ 13.702534, 52.800736 ], [ 13.702576, 52.800313 ], [ 13.701475, 52.800286 ], [ 13.701695, 52.800348 ] ] ] } },
{ "type": "Feature", "properties": { "boden": "60 % mittel, mäßig frisch (M2g) · 40 % mittel, frisch (M1)" }, "geometry": { "type": "Polygon", "coordinates": [ [ [ 13.703387, 52.800443 ], [ 13.702635, 52.800469 ], [ 13.702579, 52.800485 ], [ 13.702926, 52.800597 ], [ 13.703366, 52.80063 ], [ 13.703387, 52.800443 ] ] ] } },
{ "type": "Feature", "properties": { "boden": "50 % ziemlich arm, mäßig frisch (Z2) · 50 % ziemlich arm, mäßig frisch (Z2)" }, "geometry": { "type": "Polygon", "coordinates": [ [ [ 13.705881, 52.800558 ], [ 13.704473, 52.800553 ], [ 13.703366, 52.80063 ], [ 13.703346, 52.800803 ], [ 13.704391, 52.800783 ], [ 13.705781, 52.800678 ], [ 13.705881, 52.800558 ] ] ] } },
{ "type": "Feature", "properties": { "boden": "70 % ziemlich arm, mäßig frisch (Z2) · 30 % mittel, mäßig frisch (M2)" }, "geometry": { "type": "Polygon", "coordinates": [ [ [ 13.706941, 52.800569 ], [ 13.706909, 52.800356 ], [ 13.706766, 52.80024 ], [ 13.706613, 52.800214 ], [ 13.706089, 52.800308 ], [ 13.705781, 52.800678 ], [ 13.704391, 52.800783 ], [ 13.703346, 52.800803 ], [ 13.701447, 52.800644 ], [ 13.701875, 52.800799 ], [ 13.703005, 52.800988 ], [ 13.703312, 52.801102 ], [ 13.703573, 52.801822 ], [ 13.704075, 52.801882 ], [ 13.705709, 52.801797 ], [ 13.706018, 52.801701 ], [ 13.706875, 52.801083 ], [ 13.708132, 52.800403 ], [ 13.706941, 52.800569 ] ] ] } },
{ "type": "Feature", "properties": { "boden": "100 % mittel, mäßig frisch (M2)" }, "geometry": { "type": "Polygon", "coordinates": [ [ [ 13.714028, 52.806364 ], [ 13.711817, 52.803533 ], [ 13.713192, 52.801262 ], [ 13.713193, 52.800696 ], [ 13.710261, 52.799918 ], [ 13.708132, 52.800403 ], [ 13.706875, 52.801083 ], [ 13.706018, 52.801701 ], [ 13.705709, 52.801797 ], [ 13.703736, 52.801868 ], [ 13.703573, 52.801822 ], [ 13.703312, 52.801102 ], [ 13.703005, 52.800988 ], [ 13.701875, 52.800799 ], [ 13.701447, 52.800644 ], [ 13.701733, 52.800461 ], [ 13.701695, 52.800348 ], [ 13.701112, 52.800206 ], [ 13.70095, 52.800104 ], [ 13.700887, 52.799954 ], [ 13.701013, 52.799791 ], [ 13.701228, 52.799735 ], [ 13.701949, 52.799669 ], [ 13.70189, 52.799521 ], [ 13.702675, 52.799512 ], [ 13.70263, 52.799806 ], [ 13.704461, 52.799623 ], [ 13.705293, 52.799598 ], [ 13.705531, 52.79948 ], [ 13.704923, 52.799484 ], [ 13.704772, 52.799465 ], [ 13.704716, 52.799392 ], [ 13.704998, 52.799279 ], [ 13.705824, 52.799092 ], [ 13.694019, 52.798522 ], [ 13.693771, 52.798632 ], [ 13.693305, 52.798636 ], [ 13.693232, 52.798754 ], [ 13.69345, 52.799058 ], [ 13.693441, 52.799161 ], [ 13.693213, 52.799333 ], [ 13.693037, 52.799344 ], [ 13.692826, 52.799645 ], [ 13.692568, 52.799697 ], [ 13.691958, 52.799605 ], [ 13.691131, 52.799268 ], [ 13.689978, 52.7989 ], [ 13.689584, 52.798648 ], [ 13.689342, 52.798353 ], [ 13.687553, 52.798276 ], [ 13.688007, 52.798037 ], [ 13.687612, 52.797897 ], [ 13.687343, 52.797453 ], [ 13.686314, 52.797038 ], [ 13.68565, 52.796685 ], [ 13.685405, 52.796678 ], [ 13.685229, 52.796618 ], [ 13.684906, 52.796628 ], [ 13.684357, 52.796508 ], [ 13.685099, 52.796756 ], [ 13.68541, 52.797153 ], [ 13.686471, 52.797302 ], [ 13.687004, 52.797523 ], [ 13.687142, 52.797615 ], [ 13.687131, 52.797695 ], [ 13.686774, 52.79775 ], [ 13.686194, 52.797693 ], [ 13.685779, 52.797596 ], [ 13.684983, 52.797291 ], [ 13.684273, 52.797245 ], [ 13.683929, 52.797165 ], [ 13.683806, 52.797087 ], [ 13.683606, 52.796816 ], [ 13.683586, 52.796693 ], [ 13.683691, 52.796504 ], [ 13.682954, 52.796573 ], [ 13.682076, 52.796399 ], [ 13.680621, 52.796346 ], [ 13.680671, 52.796431 ], [ 13.681141, 52.796377 ], [ 13.681906, 52.796424 ], [ 13.682208, 52.796552 ], [ 13.682361, 52.796739 ], [ 13.683004, 52.797144 ], [ 13.683033, 52.797256 ], [ 13.682912, 52.797331 ], [ 13.68096, 52.796913 ], [ 13.681054, 52.797106 ], [ 13.682398, 52.797423 ], [ 13.68375, 52.797694 ], [ 13.683977, 52.797618 ], [ 13.684492, 52.797674 ], [ 13.68656, 52.798072 ], [ 13.687034, 52.797991 ], [ 13.68697, 52.797755 ], [ 13.687144, 52.797839 ], [ 13.687269, 52.798003 ], [ 13.687264, 52.798145 ], [ 13.687101, 52.798243 ], [ 13.687008, 52.798772 ], [ 13.688604, 52.798834 ], [ 13.689787, 52.799192 ], [ 13.689852, 52.799316 ], [ 13.690077, 52.799462 ], [ 13.690209, 52.799729 ], [ 13.690416, 52.799938 ], [ 13.690339, 52.800045 ], [ 13.69016, 52.800088 ], [ 13.689983, 52.800041 ], [ 13.689899, 52.799764 ], [ 13.689714, 52.799674 ], [ 13.689632, 52.799454 ], [ 13.689446, 52.799344 ], [ 13.689844, 52.800135 ], [ 13.690118, 52.800255 ], [ 13.690166, 52.800347 ], [ 13.690556, 52.800269 ], [ 13.691581, 52.800185 ], [ 13.692214, 52.800247 ], [ 13.693291, 52.800591 ], [ 13.693629, 52.800759 ], [ 13.694353, 52.801306 ], [ 13.694515, 52.801488 ], [ 13.695172, 52.802747 ], [ 13.69605, 52.803437 ], [ 13.697047, 52.803727 ], [ 13.698176, 52.803916 ], [ 13.698529, 52.803884 ], [ 13.700031, 52.803294 ], [ 13.700343, 52.803262 ], [ 13.700738, 52.803293 ], [ 13.701112, 52.803455 ], [ 13.70159, 52.804075 ], [ 13.701706, 52.804407 ], [ 13.701604, 52.804707 ], [ 13.701424, 52.804904 ], [ 13.70116, 52.805033 ], [ 13.700191, 52.805263 ], [ 13.699835, 52.805489 ], [ 13.69969, 52.805911 ], [ 13.701106, 52.805976 ], [ 13.702112, 52.805915 ], [ 13.702828, 52.805779 ], [ 13.70323, 52.805789 ], [ 13.703369, 52.805865 ], [ 13.703662, 52.806383 ], [ 13.70404, 52.806732 ], [ 13.704986, 52.806847 ], [ 13.705278, 52.80701 ], [ 13.705239, 52.807172 ], [ 13.70642, 52.807378 ], [ 13.707519, 52.807467 ], [ 13.709212, 52.807804 ], [ 13.711285, 52.807503 ], [ 13.711758, 52.807332 ], [ 13.712835, 52.806517 ], [ 13.713065, 52.806443 ], [ 13.713408, 52.806436 ], [ 13.714003, 52.806571 ], [ 13.714028, 52.806364 ] ], [ [ 13.712625, 52.805324 ], [ 13.712548, 52.805431 ], [ 13.712368, 52.805474 ], [ 13.712192, 52.805428 ], [ 13.712121, 52.805319 ], [ 13.712198, 52.805212 ], [ 13.712377, 52.805169 ], [ 13.712554, 52.805216 ], [ 13.712625, 52.805324 ] ], [ [ 13.695178, 52.80171 ], [ 13.695347, 52.801835 ], [ 13.695257, 52.801898 ], [ 13.695263, 52.80204 ], [ 13.695175, 52.80213 ], [ 13.694911, 52.802059 ], [ 13.69469, 52.801721 ], [ 13.69477, 52.801636 ], [ 13.695178, 52.80171 ] ], [ [ 13.700459, 52.800481 ], [ 13.700121, 52.800437 ], [ 13.699944, 52.800327 ], [ 13.699862, 52.800168 ], [ 13.699871, 52.800006 ], [ 13.699993, 52.799833 ], [ 13.700372, 52.799617 ], [ 13.700598, 52.799628 ], [ 13.700459, 52.800481 ] ] ] } },
{ "type": "Feature", "properties": { "boden": "100 % mittel, mäßig frisch (M2g)" }, "geometry": { "type": "Polygon", "coordinates": [ [ [ 13.697496, 52.803873 ], [ 13.697317, 52.803916 ], [ 13.69724, 52.804023 ], [ 13.69731, 52.804132 ], [ 13.697487, 52.804178 ], [ 13.697666, 52.804136 ], [ 13.697743, 52.804029 ], [ 13.697673, 52.80392 ], [ 13.697496, 52.803873 ] ] ] } },
{ "type": "Feature", "properties": { "boden": "100 % mittel, mäßig frisch (M2g)" }, "geometry": { "type": "Polygon", "coordinates": [ [ [ 13.699835, 52.805489 ], [ 13.700191, 52.805263 ], [ 13.70116, 52.805033 ], [ 13.701424, 52.804904 ], [ 13.701604, 52.804707 ], [ 13.701706, 52.804407 ], [ 13.70159, 52.804075 ], [ 13.701112, 52.803455 ], [ 13.700738, 52.803293 ], [ 13.700343, 52.803262 ], [ 13.700031, 52.803294 ], [ 13.698529, 52.803884 ], [ 13.698176, 52.803916 ], [ 13.697047, 52.803727 ], [ 13.69605, 52.803437 ], [ 13.695152, 52.802707 ], [ 13.69504, 52.802687 ], [ 13.694788, 52.802524 ], [ 13.69472, 52.802619 ], [ 13.69454, 52.802662 ], [ 13.694375, 52.802621 ], [ 13.695288, 52.803407 ], [ 13.695596, 52.804148 ], [ 13.696096, 52.804717 ], [ 13.697322, 52.804762 ], [ 13.697784, 52.804839 ], [ 13.698044, 52.804945 ], [ 13.69802, 52.805367 ], [ 13.698123, 52.805512 ], [ 13.698786, 52.805681 ], [ 13.698674, 52.805828 ], [ 13.699391, 52.805899 ], [ 13.699307, 52.805877 ], [ 13.699237, 52.805768 ], [ 13.699313, 52.805661 ], [ 13.699493, 52.805618 ], [ 13.699669, 52.805665 ], [ 13.699722, 52.805746 ], [ 13.699835, 52.805489 ] ], [ [ 13.697743, 52.804029 ], [ 13.697666, 52.804136 ], [ 13.697487, 52.804178 ], [ 13.69731, 52.804132 ], [ 13.69724, 52.804023 ], [ 13.697317, 52.803916 ], [ 13.697496, 52.803873 ], [ 13.697673, 52.80392 ], [ 13.697743, 52.804029 ] ] ] } },
{ "type": "Feature", "properties": { "boden": "100 % kräftig, nass (OK3)" }, "geometry": { "type": "Polygon", "coordinates": [ [ [ 13.697423, 52.805729 ], [ 13.697382, 52.805604 ], [ 13.697205, 52.805557 ], [ 13.697026, 52.8056 ], [ 13.696949, 52.805707 ], [ 13.697019, 52.805815 ], [ 13.697196, 52.805862 ], [ 13.697375, 52.805819 ], [ 13.697423, 52.805729 ] ] ] } },
{ "type": "Feature", "properties": { "boden": "100 % mittel, mäßig frisch (M2g)" }, "geometry": { "type": "Polygon", "coordinates": [ [ [ 13.699669, 52.805665 ], [ 13.699493, 52.805618 ], [ 13.699313, 52.805661 ], [ 13.699237, 52.805768 ], [ 13.699307, 52.805877 ], [ 13.69969, 52.805911 ], [ 13.699722, 52.805746 ], [ 13.699669, 52.805665 ] ] ] } },
{ "type": "Feature", "properties": { "boden": "50 % ziemlich arm, trocken (vermutet) (Z3) · 50 % ziemlich arm, trocken (vermutet) (Z3)" }, "geometry": { "type": "Polygon", "coordinates": [ [ [ 13.708899, 52.799508 ], [ 13.708603, 52.799542 ], [ 13.708659, 52.799621 ], [ 13.708901, 52.799724 ], [ 13.709591, 52.799793 ], [ 13.709745, 52.799733 ], [ 13.709697, 52.79963 ], [ 13.709595, 52.799589 ], [ 13.708899, 52.799508 ] ] ] } },
{ "type": "Feature", "properties": { "boden": "50 % ziemlich arm, mäßig frisch (Z2) · 50 % ziemlich arm, mäßig frisch (Z2)" }, "geometry": { "type": "Polygon", "coordinates": [ [ [ 13.708132, 52.800403 ], [ 13.710261, 52.799918 ], [ 13.710341, 52.79961 ], [ 13.710167, 52.79952 ], [ 13.70908, 52.799428 ], [ 13.707146, 52.799156 ], [ 13.705824, 52.799092 ], [ 13.705412, 52.799168 ], [ 13.705782, 52.799146 ], [ 13.706544, 52.799332 ], [ 13.707335, 52.799378 ], [ 13.70761, 52.799518 ], [ 13.707409, 52.799552 ], [ 13.705531, 52.79948 ], [ 13.705293, 52.799598 ], [ 13.705889, 52.799605 ], [ 13.706333, 52.799689 ], [ 13.706519, 52.799767 ], [ 13.706731, 52.799963 ], [ 13.706759, 52.800089 ], [ 13.706613, 52.800214 ], [ 13.706766, 52.80024 ], [ 13.706909, 52.800356 ], [ 13.706941, 52.800569 ], [ 13.708132, 52.800403 ] ], [ [ 13.709595, 52.799589 ], [ 13.709747, 52.799678 ], [ 13.709693, 52.799772 ], [ 13.709236, 52.799783 ], [ 13.708901, 52.799724 ], [ 13.708659, 52.799621 ], [ 13.708603, 52.799542 ], [ 13.708899, 52.799508 ], [ 13.709595, 52.799589 ] ] ] } },
{ "type": "Feature", "properties": { "boden": "100 % mittel, mäßig frisch (M2g)" }, "geometry": { "type": "Polygon", "coordinates": [ [ [ 13.7161, 52.80457 ], [ 13.715008, 52.804601 ], [ 13.714594, 52.804659 ], [ 13.714313, 52.804753 ], [ 13.714196, 52.804923 ], [ 13.714469, 52.805073 ], [ 13.715247, 52.805157 ], [ 13.715985, 52.805158 ], [ 13.717372, 52.805075 ], [ 13.71756, 52.805024 ], [ 13.717637, 52.804933 ], [ 13.71759, 52.804832 ], [ 13.717451, 52.804764 ], [ 13.7161, 52.80457 ] ] ] } },
{ "type": "Feature", "properties": { "boden": "100 % mittel, mäßig frisch (M2)" }, "geometry": { "type": "Polygon", "coordinates": [ [ [ 13.712377, 52.805169 ], [ 13.712198, 52.805212 ], [ 13.712121, 52.805319 ], [ 13.712192, 52.805428 ], [ 13.712368, 52.805474 ], [ 13.712548, 52.805431 ], [ 13.712625, 52.805324 ], [ 13.712554, 52.805216 ], [ 13.712377, 52.805169 ] ] ] } },
{ "type": "Feature", "properties": { "boden": "50 % mittel, mäßig frisch (M2) · 50 % ziemlich arm, mäßig frisch (Z2)" }, "geometry": { "type": "Polygon", "coordinates": [ [ [ 13.716055, 52.807261 ], [ 13.715985, 52.807152 ], [ 13.715808, 52.807105 ], [ 13.715629, 52.807148 ], [ 13.715438, 52.807091 ], [ 13.715258, 52.807133 ], [ 13.715181, 52.80724 ], [ 13.715252, 52.807349 ], [ 13.715429, 52.807396 ], [ 13.715608, 52.807353 ], [ 13.715799, 52.80741 ], [ 13.715978, 52.807368 ], [ 13.716055, 52.807261 ] ] ] } },
{ "type": "Feature", "properties": { "boden": "50 % mittel, mäßig frisch (M2) · 50 % ziemlich arm, mäßig frisch (Z2)" }, "geometry": { "type": "Polygon", "coordinates": [ [ [ 13.716635, 52.807674 ], [ 13.71771, 52.807375 ], [ 13.717816, 52.807278 ], [ 13.71786, 52.80695 ], [ 13.71796, 52.806892 ], [ 13.717748, 52.806865 ], [ 13.717538, 52.806895 ], [ 13.717437, 52.806998 ], [ 13.717332, 52.807327 ], [ 13.717098, 52.807458 ], [ 13.716776, 52.807555 ], [ 13.716635, 52.807674 ] ] ] } },
{ "type": "Feature", "properties": { "boden": "100 % mittel, mäßig frisch (M2g)" }, "geometry": { "type": "Polygon", "coordinates": [ [ [ 13.71326, 52.808395 ], [ 13.713795, 52.808345 ], [ 13.713816, 52.808168 ], [ 13.71365, 52.808039 ], [ 13.713662, 52.807935 ], [ 13.714861, 52.807711 ], [ 13.714964, 52.807552 ], [ 13.714931, 52.807299 ], [ 13.714757, 52.807073 ], [ 13.71449, 52.806858 ], [ 13.714003, 52.806571 ], [ 13.713408, 52.806436 ], [ 13.713065, 52.806443 ], [ 13.712835, 52.806517 ], [ 13.711758, 52.807332 ], [ 13.711285, 52.807503 ], [ 13.709212, 52.807804 ], [ 13.707519, 52.807467 ], [ 13.70642, 52.807378 ], [ 13.705239, 52.807172 ], [ 13.704863, 52.80724 ], [ 13.704992, 52.807268 ], [ 13.705122, 52.807382 ], [ 13.705686, 52.807375 ], [ 13.706333, 52.807482 ], [ 13.70638, 52.807575 ], [ 13.706316, 52.807659 ], [ 13.7073, 52.807842 ], [ 13.707515, 52.807932 ], [ 13.707477, 52.807873 ], [ 13.707554, 52.807766 ], [ 13.707733, 52.807724 ], [ 13.707897, 52.807767 ], [ 13.708225, 52.807642 ], [ 13.708402, 52.807689 ], [ 13.708472, 52.807797 ], [ 13.708395, 52.807904 ], [ 13.708257, 52.807938 ], [ 13.708231, 52.80806 ], [ 13.708109, 52.808177 ], [ 13.708405, 52.808268 ], [ 13.709291, 52.808362 ], [ 13.711412, 52.808405 ], [ 13.71128, 52.808281 ], [ 13.711357, 52.808174 ], [ 13.711536, 52.808131 ], [ 13.711713, 52.808177 ], [ 13.711784, 52.808286 ], [ 13.711642, 52.808409 ], [ 13.712742, 52.808363 ], [ 13.71326, 52.808395 ] ], [ [ 13.711146, 52.808038 ], [ 13.71107, 52.808145 ], [ 13.71089, 52.808188 ], [ 13.710714, 52.808141 ], [ 13.710643, 52.808032 ], [ 13.71072, 52.807925 ], [ 13.710899, 52.807883 ], [ 13.711076, 52.807929 ], [ 13.711146, 52.808038 ] ], [ [ 13.710322, 52.808354 ], [ 13.71004, 52.808289 ], [ 13.709848, 52.808312 ], [ 13.709546, 52.808255 ], [ 13.709366, 52.808298 ], [ 13.709014, 52.808239 ], [ 13.708837, 52.808192 ], [ 13.708767, 52.808084 ], [ 13.708844, 52.807977 ], [ 13.709023, 52.807934 ], [ 13.709552, 52.808039 ], [ 13.709857, 52.808007 ], [ 13.710034, 52.808054 ], [ 13.710331, 52.808049 ], [ 13.710508, 52.808095 ], [ 13.710578, 52.808204 ], [ 13.710501, 52.808311 ], [ 13.710322, 52.808354 ] ], [ [ 13.712334, 52.80794 ], [ 13.712258, 52.808047 ], [ 13.712078, 52.80809 ], [ 13.711902, 52.808043 ], [ 13.711831, 52.807934 ], [ 13.711908, 52.807827 ], [ 13.712087, 52.807785 ], [ 13.712264, 52.807831 ], [ 13.712334, 52.80794 ] ] ] } },
{ "type": "Feature", "properties": { "boden": "70 % mittel, mäßig frisch (M2) · 30 % kräftig, nass (NK2)" }, "geometry": { "type": "Polygon", "coordinates": [ [ [ 13.717944, 52.807669 ], [ 13.718137, 52.807643 ], [ 13.718291, 52.807711 ], [ 13.718327, 52.807979 ], [ 13.718471, 52.808017 ], [ 13.71865, 52.807974 ], [ 13.718727, 52.807867 ], [ 13.718698, 52.80773 ], [ 13.718889, 52.807655 ], [ 13.718928, 52.807517 ], [ 13.718881, 52.807445 ], [ 13.718704, 52.807398 ], [ 13.718513, 52.807406 ], [ 13.718144, 52.807307 ], [ 13.717596, 52.807496 ], [ 13.717113, 52.807552 ], [ 13.717037, 52.807658 ], [ 13.717144, 52.807923 ], [ 13.717068, 52.80803 ], [ 13.717138, 52.808138 ], [ 13.717315, 52.808185 ], [ 13.717494, 52.808142 ], [ 13.717571, 52.808035 ], [ 13.717464, 52.807771 ], [ 13.717578, 52.807736 ], [ 13.717766, 52.807758 ], [ 13.717944, 52.807669 ] ] ] } },
{ "type": "Feature", "properties": { "boden": "70 % mittel, mäßig frisch (M2) · 30 % kräftig, nass (NK2)" }, "geometry": { "type": "Polygon", "coordinates": [ [ [ 13.716194, 52.807775 ], [ 13.716251, 52.807903 ], [ 13.716427, 52.807949 ], [ 13.716607, 52.807907 ], [ 13.716684, 52.8078 ], [ 13.716592, 52.807686 ], [ 13.716194, 52.807775 ] ] ] } },
{ "type": "Feature", "properties": { "boden": "100 % kräftig, nass (OK3)" }, "geometry": { "type": "Polygon", "coordinates": [ [ [ 13.718352, 52.80789 ], [ 13.718291, 52.807711 ], [ 13.718137, 52.807643 ], [ 13.717944, 52.807669 ], [ 13.71778, 52.807866 ], [ 13.717997, 52.808177 ], [ 13.718188, 52.808171 ], [ 13.718304, 52.808062 ], [ 13.718352, 52.80789 ] ] ] } },
{ "type": "Feature", "properties": { "boden": "60 % mittel, mäßig frisch (M2g) · 40 % mittel, frisch (M1)" }, "geometry": { "type": "Polygon", "coordinates": [ [ [ 13.724365, 52.805512 ], [ 13.725108, 52.805406 ], [ 13.726015, 52.805096 ], [ 13.725858, 52.80473 ], [ 13.726628, 52.80454 ], [ 13.727445, 52.804392 ], [ 13.729108, 52.804589 ], [ 13.72909, 52.804436 ], [ 13.729505, 52.804432 ], [ 13.72963, 52.80437 ], [ 13.730235, 52.804327 ], [ 13.730779, 52.804374 ], [ 13.730904, 52.804532 ], [ 13.731274, 52.804557 ], [ 13.731286, 52.804369 ], [ 13.731216, 52.80426 ], [ 13.731293, 52.804153 ], [ 13.731463, 52.804113 ], [ 13.730534, 52.803972 ], [ 13.729687, 52.803966 ], [ 13.729102, 52.804 ], [ 13.727978, 52.804185 ], [ 13.727586, 52.80419 ], [ 13.72651, 52.80402 ], [ 13.726113, 52.804006 ], [ 13.725717, 52.804077 ], [ 13.725289, 52.804222 ], [ 13.724154, 52.804726 ], [ 13.724097, 52.804841 ], [ 13.72304, 52.805477 ], [ 13.721813, 52.805816 ], [ 13.721285, 52.806027 ], [ 13.721141, 52.806175 ], [ 13.721109, 52.806827 ], [ 13.721633, 52.80615 ], [ 13.722245, 52.805923 ], [ 13.722954, 52.805768 ], [ 13.723848, 52.805747 ], [ 13.724365, 52.805512 ] ] ] } },
{ "type": "Feature", "properties": { "boden": "100 % kräftig, mäßig frisch (K2g)" }, "geometry": { "type": "Polygon", "coordinates": [ [ [ 13.726829, 52.80572 ], [ 13.726732, 52.805806 ], [ 13.726825, 52.805882 ], [ 13.727176, 52.805861 ], [ 13.727371, 52.805754 ], [ 13.727319, 52.805712 ], [ 13.726829, 52.80572 ] ] ] } },
{ "type": "Feature", "properties": { "boden": "100 % reich, frisch (RC1)" }, "geometry": { "type": "Polygon", "coordinates": [ [ [ 13.728267, 52.805911 ], [ 13.728015, 52.805905 ], [ 13.727671, 52.80599 ], [ 13.726857, 52.806371 ], [ 13.7267, 52.806333 ], [ 13.726293, 52.806106 ], [ 13.726252, 52.805823 ], [ 13.726452, 52.805727 ], [ 13.727358, 52.805711 ], [ 13.727698, 52.805659 ], [ 13.728027, 52.805507 ], [ 13.726015, 52.805096 ], [ 13.725108, 52.805406 ], [ 13.724365, 52.805512 ], [ 13.724149, 52.805619 ], [ 13.725409, 52.805638 ], [ 13.725744, 52.805857 ], [ 13.72572, 52.806145 ], [ 13.725838, 52.806116 ], [ 13.726036, 52.806179 ], [ 13.726215, 52.806136 ], [ 13.726381, 52.806193 ], [ 13.726462, 52.806291 ], [ 13.726385, 52.806398 ], [ 13.726206, 52.806441 ], [ 13.726009, 52.806379 ], [ 13.725876, 52.80641 ], [ 13.725941, 52.806457 ], [ 13.726884, 52.80644 ], [ 13.727008, 52.806513 ], [ 13.727446, 52.806239 ], [ 13.727745, 52.806157 ], [ 13.727956, 52.806042 ], [ 13.72825, 52.806032 ], [ 13.728267, 52.805911 ] ] ] } },
{ "type": "Feature", "properties": { "boden": "100 % kräftig, mäßig frisch (K2g)" }, "geometry": { "type": "Polygon", "coordinates": [ [ [ 13.728315, 52.805565 ], [ 13.728027, 52.805507 ], [ 13.727698, 52.805659 ], [ 13.727319, 52.805712 ], [ 13.727349, 52.805796 ], [ 13.727027, 52.805887 ], [ 13.726825, 52.805882 ], [ 13.72675, 52.805839 ], [ 13.726829, 52.80572 ], [ 13.726452, 52.805727 ], [ 13.726252, 52.805823 ], [ 13.726293, 52.806106 ], [ 13.726455, 52.806231 ], [ 13.726857, 52.806371 ], [ 13.727671, 52.80599 ], [ 13.728015, 52.805905 ], [ 13.728267, 52.805911 ], [ 13.728315, 52.805565 ] ], [ [ 13.727139, 52.80612 ], [ 13.727062, 52.806227 ], [ 13.726883, 52.80627 ], [ 13.726706, 52.806223 ], [ 13.726635, 52.806115 ], [ 13.726712, 52.806007 ], [ 13.726892, 52.805965 ], [ 13.727068, 52.806011 ], [ 13.727139, 52.80612 ] ] ] } },
{ "type": "Feature", "properties": { "boden": "100 % kräftig, mäßig frisch (K2g)" }, "geometry": { "type": "Polygon", "coordinates": [ [ [ 13.726892, 52.805965 ], [ 13.726712, 52.806007 ], [ 13.726635, 52.806115 ], [ 13.726706, 52.806223 ], [ 13.726883, 52.80627 ], [ 13.727062, 52.806227 ], [ 13.727139, 52.80612 ], [ 13.727068, 52.806011 ], [ 13.726892, 52.805965 ] ] ] } },
{ "type": "Feature", "properties": { "boden": "100 % reich, frisch (RC1)" }, "geometry": { "type": "Polygon", "coordinates": [ [ [ 13.72571, 52.806261 ], [ 13.725876, 52.80641 ], [ 13.726009, 52.806379 ], [ 13.726206, 52.806441 ], [ 13.726385, 52.806398 ], [ 13.726462, 52.806291 ], [ 13.726381, 52.806193 ], [ 13.726215, 52.806136 ], [ 13.726036, 52.806179 ], [ 13.725838, 52.806116 ], [ 13.72572, 52.806145 ], [ 13.72571, 52.806261 ] ] ] } },
{ "type": "Feature", "properties": { "boden": "100 % reich, nass (NR1)" }, "geometry": { "type": "Polygon", "coordinates": [ [ [ 13.733792, 52.806818 ], [ 13.733305, 52.806648 ], [ 13.732985, 52.806433 ], [ 13.732163, 52.806389 ], [ 13.732109, 52.806233 ], [ 13.732349, 52.805981 ], [ 13.732019, 52.805978 ], [ 13.731582, 52.806785 ], [ 13.730796, 52.806726 ], [ 13.730466, 52.80661 ], [ 13.730084, 52.806583 ], [ 13.729878, 52.806617 ], [ 13.730073, 52.80666 ], [ 13.730335, 52.806647 ], [ 13.730748, 52.806764 ], [ 13.731201, 52.806823 ], [ 13.731484, 52.806824 ], [ 13.731661, 52.80687 ], [ 13.731711, 52.807008 ], [ 13.732894, 52.80724 ], [ 13.733149, 52.807227 ], [ 13.73337, 52.807156 ], [ 13.733792, 52.806818 ] ] ] } },
{ "type": "Feature", "properties": { "boden": "100 % reich, frisch (RC1)" }, "geometry": { "type": "Polygon", "coordinates": [ [ [ 13.72351, 52.806565 ], [ 13.724418, 52.806781 ], [ 13.724967, 52.806756 ], [ 13.725209, 52.806817 ], [ 13.725699, 52.806504 ], [ 13.72563, 52.806445 ], [ 13.723911, 52.806264 ], [ 13.722902, 52.806534 ], [ 13.72351, 52.806565 ] ] ] } },
{ "type": "Feature", "properties": { "boden": "100 % mittel, mäßig frisch (M2)" }, "geometry": { "type": "Polygon", "coordinates": [ [ [ 13.731711, 52.807008 ], [ 13.729704, 52.806646 ], [ 13.728575, 52.806342 ], [ 13.728312, 52.806512 ], [ 13.728646, 52.806647 ], [ 13.728833, 52.806665 ], [ 13.728995, 52.806774 ], [ 13.729172, 52.80682 ], [ 13.729479, 52.806807 ], [ 13.729781, 52.806898 ], [ 13.73006, 52.806884 ], [ 13.730916, 52.807045 ], [ 13.731198, 52.807048 ], [ 13.731475, 52.807129 ], [ 13.731654, 52.807086 ], [ 13.731711, 52.807008 ] ] ] } },
{ "type": "Feature", "properties": { "boden": "100 % mittel, mäßig frisch (M2g)" }, "geometry": { "type": "Polygon", "coordinates": [ [ [ 13.728207, 52.806491 ], [ 13.727725, 52.806554 ], [ 13.727306, 52.806782 ], [ 13.727192, 52.80689 ], [ 13.727346, 52.807062 ], [ 13.728312, 52.806512 ], [ 13.728207, 52.806491 ] ] ] } },
{ "type": "Feature", "properties": { "boden": "40 % mittel, mäßig frisch (M+2) · 30 % kräftig, mäßig frisch (K2) · 30 % mittel, mäßig frisch (M+2)" }, "geometry": { "type": "Polygon", "coordinates": [ [ [ 13.739647, 52.790259 ], [ 13.739721, 52.790255 ], [ 13.739781, 52.790618 ], [ 13.739884, 52.790713 ], [ 13.740103, 52.790745 ], [ 13.740741, 52.790584 ], [ 13.741033, 52.790351 ], [ 13.741413, 52.790143 ], [ 13.742202, 52.789868 ], [ 13.743434, 52.789674 ], [ 13.744095, 52.789663 ], [ 13.745041, 52.789997 ], [ 13.745421, 52.79019 ], [ 13.745962, 52.790604 ], [ 13.746362, 52.791148 ], [ 13.746778, 52.790842 ], [ 13.748013, 52.790325 ], [ 13.74827, 52.789878 ], [ 13.749057, 52.789068 ], [ 13.749702, 52.788819 ], [ 13.751292, 52.78857 ], [ 13.751471, 52.788532 ], [ 13.751579, 52.788452 ], [ 13.739675, 52.788326 ], [ 13.739647, 52.790259 ] ], [ [ 13.743518, 52.789506 ], [ 13.743211, 52.789616 ], [ 13.74196, 52.789858 ], [ 13.741309, 52.789896 ], [ 13.740963, 52.789825 ], [ 13.741154, 52.789751 ], [ 13.742046, 52.789597 ], [ 13.742876, 52.789368 ], [ 13.743173, 52.789363 ], [ 13.743274, 52.789415 ], [ 13.743457, 52.789412 ], [ 13.743534, 52.789433 ], [ 13.743518, 52.789506 ] ] ] } },
{ "type": "Feature", "properties": { "boden": "40 % mittel, mäßig frisch (M+2) · 30 % kräftig, mäßig frisch (K2) · 30 % mittel, mäßig frisch (M+2)" }, "geometry": { "type": "Polygon", "coordinates": [ [ [ 13.743534, 52.789433 ], [ 13.743274, 52.789415 ], [ 13.743173, 52.789363 ], [ 13.742876, 52.789368 ], [ 13.742046, 52.789597 ], [ 13.741154, 52.789751 ], [ 13.740963, 52.789825 ], [ 13.741309, 52.789896 ], [ 13.74196, 52.789858 ], [ 13.743211, 52.789616 ], [ 13.743518, 52.789506 ], [ 13.743534, 52.789433 ] ] ] } },
{ "type": "Feature", "properties": { "boden": "100 % kräftig, mäßig frisch (K2)" }, "geometry": { "type": "Polygon", "coordinates": [ [ [ 13.742128, 52.790694 ], [ 13.741949, 52.790737 ], [ 13.741872, 52.790844 ], [ 13.741942, 52.790953 ], [ 13.742653, 52.791143 ], [ 13.742832, 52.7911 ], [ 13.742909, 52.790993 ], [ 13.742838, 52.790885 ], [ 13.742128, 52.790694 ] ] ] } },
{ "type": "Feature", "properties": { "boden": "50 % mittel, mäßig frisch (M2) · 50 % ziemlich arm, mäßig frisch (Z2)" }, "geometry": { "type": "Polygon", "coordinates": [ [ [ 13.741036, 52.792908 ], [ 13.73998, 52.791071 ], [ 13.739995, 52.790844 ], [ 13.740103, 52.790745 ], [ 13.739884, 52.790713 ], [ 13.739781, 52.790618 ], [ 13.739721, 52.790255 ], [ 13.739647, 52.790259 ], [ 13.739675, 52.788326 ], [ 13.738504, 52.788314 ], [ 13.738091, 52.788393 ], [ 13.737943, 52.788511 ], [ 13.737967, 52.788543 ], [ 13.738746, 52.788398 ], [ 13.738919, 52.788426 ], [ 13.738977, 52.788522 ], [ 13.738941, 52.788621 ], [ 13.738861, 52.788644 ], [ 13.738054, 52.788651 ], [ 13.73845, 52.78896 ], [ 13.738287, 52.789179 ], [ 13.737782, 52.789558 ], [ 13.738072, 52.78976 ], [ 13.738467, 52.790238 ], [ 13.738701, 52.790648 ], [ 13.739021, 52.791457 ], [ 13.739594, 52.793495 ], [ 13.740115, 52.793806 ], [ 13.74144, 52.793887 ], [ 13.742148, 52.793009 ], [ 13.741036, 52.792908 ] ], [ [ 13.741573, 52.793121 ], [ 13.741496, 52.793228 ], [ 13.741317, 52.793271 ], [ 13.74114, 52.793224 ], [ 13.74107, 52.793116 ], [ 13.741147, 52.793009 ], [ 13.741326, 52.792966 ], [ 13.741502, 52.793012 ], [ 13.741573, 52.793121 ] ] ] } },
{ "type": "Feature", "properties": { "boden": "100 % kräftig, mäßig frisch (K2)" }, "geometry": { "type": "Polygon", "coordinates": [ [ [ 13.745012, 52.79105 ], [ 13.744833, 52.791093 ], [ 13.744756, 52.7912 ], [ 13.744827, 52.791308 ], [ 13.745003, 52.791355 ], [ 13.745183, 52.791312 ], [ 13.745259, 52.791205 ], [ 13.745189, 52.791097 ], [ 13.745012, 52.79105 ] ] ] } },
{ "type": "Feature", "properties": { "boden": "100 % kräftig, mäßig frisch (K2)" }, "geometry": { "type": "Polygon", "coordinates": [ [ [ 13.744331, 52.792408 ], [ 13.745634, 52.79168 ], [ 13.746362, 52.791148 ], [ 13.745962, 52.790604 ], [ 13.745421, 52.79019 ], [ 13.745041, 52.789997 ], [ 13.744095, 52.789663 ], [ 13.743434, 52.789674 ], [ 13.742202, 52.789868 ], [ 13.741413, 52.790143 ], [ 13.741033, 52.790351 ], [ 13.740741, 52.790584 ], [ 13.740103, 52.790745 ], [ 13.739995, 52.790844 ], [ 13.73998, 52.791071 ], [ 13.740105, 52.791325 ], [ 13.741036, 52.792908 ], [ 13.742148, 52.793009 ], [ 13.743237, 52.792648 ], [ 13.744331, 52.792408 ] ], [ [ 13.745259, 52.791205 ], [ 13.745183, 52.791312 ], [ 13.745003, 52.791355 ], [ 13.744827, 52.791308 ], [ 13.744756, 52.7912 ], [ 13.744833, 52.791093 ], [ 13.745012, 52.79105 ], [ 13.745189, 52.791097 ], [ 13.745259, 52.791205 ] ], [ [ 13.742128, 52.790694 ], [ 13.742838, 52.790885 ], [ 13.742909, 52.790993 ], [ 13.742832, 52.7911 ], [ 13.742653, 52.791143 ], [ 13.741942, 52.790953 ], [ 13.741872, 52.790844 ], [ 13.741949, 52.790737 ], [ 13.742128, 52.790694 ] ] ] } },
{ "type": "Feature", "properties": { "boden": "70 % kräftig, mäßig frisch (K2) · 30 % kräftig, mäßig frisch (K2)" }, "geometry": { "type": "Polygon", "coordinates": [ [ [ 13.747946, 52.792182 ], [ 13.747766, 52.792225 ], [ 13.74769, 52.792332 ], [ 13.74776, 52.79244 ], [ 13.747937, 52.792487 ], [ 13.748116, 52.792444 ], [ 13.748193, 52.792337 ], [ 13.748122, 52.792228 ], [ 13.747946, 52.792182 ] ] ] } },
{ "type": "Feature", "properties": { "boden": "100 % mittel, mäßig frisch (M2)" }, "geometry": { "type": "Polygon", "coordinates": [ [ [ 13.744568, 52.792532 ], [ 13.744443, 52.792562 ], [ 13.744367, 52.792669 ], [ 13.744437, 52.792777 ], [ 13.744614, 52.792824 ], [ 13.745034, 52.792775 ], [ 13.74521, 52.792822 ], [ 13.745389, 52.792779 ], [ 13.745466, 52.792672 ], [ 13.745396, 52.792563 ], [ 13.745219, 52.792517 ], [ 13.744799, 52.792565 ], [ 13.744568, 52.792532 ] ] ] } },
{ "type": "Feature", "properties": { "boden": "50 % mittel, mäßig frisch (M2) · 50 % ziemlich arm, mäßig frisch (Z2)" }, "geometry": { "type": "Polygon", "coordinates": [ [ [ 13.741326, 52.792966 ], [ 13.741147, 52.793009 ], [ 13.74107, 52.793116 ], [ 13.74114, 52.793224 ], [ 13.741317, 52.793271 ], [ 13.741496, 52.793228 ], [ 13.741573, 52.793121 ], [ 13.741502, 52.793012 ], [ 13.741326, 52.792966 ] ] ] } },
{ "type": "Feature", "properties": { "boden": "70 % kräftig, mäßig frisch (K2) · 30 % kräftig, mäßig frisch (K2)" }, "geometry": { "type": "Polygon", "coordinates": [ [ [ 13.750593, 52.791894 ], [ 13.748668, 52.792161 ], [ 13.74825, 52.792121 ], [ 13.747611, 52.791939 ], [ 13.746698, 52.791846 ], [ 13.746556, 52.79178 ], [ 13.746544, 52.791578 ], [ 13.746362, 52.791148 ], [ 13.745634, 52.79168 ], [ 13.744331, 52.792408 ], [ 13.743957, 52.79249 ], [ 13.744456, 52.79254 ], [ 13.745325, 52.792483 ], [ 13.745615, 52.792508 ], [ 13.745721, 52.792626 ], [ 13.745678, 52.792846 ], [ 13.745435, 52.793303 ], [ 13.74538, 52.794116 ], [ 13.748567, 52.794304 ], [ 13.748934, 52.795425 ], [ 13.749628, 52.795279 ], [ 13.750283, 52.795078 ], [ 13.751342, 52.794621 ], [ 13.75186, 52.794497 ], [ 13.752142, 52.79282 ], [ 13.751028, 52.792736 ], [ 13.750448, 52.792877 ], [ 13.749971, 52.793111 ], [ 13.749753, 52.793152 ], [ 13.749536, 52.793131 ], [ 13.749382, 52.79305 ], [ 13.74936, 52.792933 ], [ 13.749445, 52.792796 ], [ 13.749804, 52.792501 ], [ 13.750717, 52.792078 ], [ 13.751253, 52.791762 ], [ 13.750593, 52.791894 ] ], [ [ 13.748193, 52.792337 ], [ 13.748116, 52.792444 ], [ 13.747937, 52.792487 ], [ 13.74776, 52.79244 ], [ 13.74769, 52.792332 ], [ 13.747766, 52.792225 ], [ 13.747946, 52.792182 ], [ 13.748122, 52.792228 ], [ 13.748193, 52.792337 ] ], [ [ 13.746007, 52.793412 ], [ 13.74593, 52.793519 ], [ 13.745751, 52.793562 ], [ 13.745574, 52.793515 ], [ 13.745504, 52.793407 ], [ 13.74558, 52.7933 ], [ 13.74576, 52.793257 ], [ 13.745936, 52.793303 ], [ 13.746007, 52.793412 ] ] ] } },
{ "type": "Feature", "properties": { "boden": "60 % mittel, mäßig frisch (M+2) · 20 % ziemlich arm, mäßig frisch (Z+2) · 20 % ziemlich arm, mäßig frisch (Z2)" }, "geometry": { "type": "Polygon", "coordinates": [ [ [ 13.75402, 52.790163 ], [ 13.754213, 52.790115 ], [ 13.755589, 52.790115 ], [ 13.756259, 52.790315 ], [ 13.756517, 52.790353 ], [ 13.756743, 52.790324 ], [ 13.756878, 52.790087 ], [ 13.756877, 52.789713 ], [ 13.75698, 52.789462 ], [ 13.756818, 52.789048 ], [ 13.756546, 52.78889 ], [ 13.7558, 52.788695 ], [ 13.755246, 52.788491 ], [ 13.754323, 52.788481 ], [ 13.75402, 52.790163 ] ] ] } },
{ "type": "Feature", "properties": { "boden": "100 % mittel, mäßig frisch (M+2g)" }, "geometry": { "type": "Polygon", "coordinates": [ [ [ 13.754323, 52.788481 ], [ 13.753635, 52.788474 ], [ 13.75372, 52.788742 ], [ 13.753662, 52.789655 ], [ 13.753472, 52.790952 ], [ 13.753871, 52.791003 ], [ 13.754323, 52.788481 ] ] ] } },
{ "type": "Feature", "properties": { "boden": "60 % mittel, mäßig frisch (M+2) · 20 % ziemlich arm, mäßig frisch (Z+2) · 20 % ziemlich arm, mäßig frisch (Z2)" }, "geometry": { "type": "Polygon", "coordinates": [ [ [ 13.751865, 52.791713 ], [ 13.752814, 52.791763 ], [ 13.753244, 52.791892 ], [ 13.753377, 52.791486 ], [ 13.753662, 52.789655 ], [ 13.75372, 52.788742 ], [ 13.753635, 52.788474 ], [ 13.751579, 52.788452 ], [ 13.751471, 52.788532 ], [ 13.751292, 52.78857 ], [ 13.749702, 52.788819 ], [ 13.749057, 52.789068 ], [ 13.74827, 52.789878 ], [ 13.748013, 52.790325 ], [ 13.746778, 52.790842 ], [ 13.746362, 52.791148 ], [ 13.746544, 52.791578 ], [ 13.746556, 52.79178 ], [ 13.746698, 52.791846 ], [ 13.747611, 52.791939 ], [ 13.74825, 52.792121 ], [ 13.748668, 52.792161 ], [ 13.750593, 52.791894 ], [ 13.751253, 52.791762 ], [ 13.751865, 52.791713 ] ] ] } },
{ "type": "Feature", "properties": { "boden": "70 % mittel, mäßig frisch (M2) · 30 % mittel, mäßig frisch (M2)" }, "geometry": { "type": "Polygon", "coordinates": [ [ [ 13.755246, 52.788491 ], [ 13.756546, 52.78889 ], [ 13.756818, 52.789048 ], [ 13.75698, 52.789462 ], [ 13.756877, 52.789713 ], [ 13.756816, 52.79027 ], [ 13.756743, 52.790324 ], [ 13.756517, 52.790353 ], [ 13.755589, 52.790115 ], [ 13.754213, 52.790115 ], [ 13.75402, 52.790163 ], [ 13.753871, 52.791003 ], [ 13.754588, 52.791155 ], [ 13.75695, 52.791789 ], [ 13.757178, 52.791767 ], [ 13.757271, 52.788512 ], [ 13.755246, 52.788491 ] ], [ [ 13.754994, 52.7905 ], [ 13.754917, 52.790607 ], [ 13.754738, 52.79065 ], [ 13.754562, 52.790603 ], [ 13.754491, 52.790495 ], [ 13.754568, 52.790388 ], [ 13.754747, 52.790345 ], [ 13.754924, 52.790391 ], [ 13.754994, 52.7905 ] ] ] } },
{ "type": "Feature", "properties": { "boden": "70 % mittel, mäßig frisch (M2) · 30 % mittel, mäßig frisch (M2)" }, "geometry": { "type": "Polygon", "coordinates": [ [ [ 13.754747, 52.790345 ], [ 13.754568, 52.790388 ], [ 13.754491, 52.790495 ], [ 13.754562, 52.790603 ], [ 13.754738, 52.79065 ], [ 13.754917, 52.790607 ], [ 13.754994, 52.7905 ], [ 13.754924, 52.790391 ], [ 13.754747, 52.790345 ] ] ] } },
{ "type": "Feature", "properties": { "boden": "100 % mittel, mäßig frisch (M+2)" }, "geometry": { "type": "Polygon", "coordinates": [ [ [ 13.752268, 52.791745 ], [ 13.752088, 52.791788 ], [ 13.752012, 52.791895 ], [ 13.752082, 52.792004 ], [ 13.752259, 52.79205 ], [ 13.752438, 52.792007 ], [ 13.752515, 52.7919 ], [ 13.752444, 52.791792 ], [ 13.752268, 52.791745 ] ] ] } },
{ "type": "Feature", "properties": { "boden": "100 % mittel, mäßig frisch (M+2)" }, "geometry": { "type": "Polygon", "coordinates": [ [ [ 13.753339, 52.793971 ], [ 13.754832, 52.793795 ], [ 13.757117, 52.793919 ], [ 13.757178, 52.791767 ], [ 13.75695, 52.791789 ], [ 13.754588, 52.791155 ], [ 13.753472, 52.790952 ], [ 13.753244, 52.791892 ], [ 13.752814, 52.791763 ], [ 13.752326, 52.791718 ], [ 13.751253, 52.791762 ], [ 13.750717, 52.792078 ], [ 13.749804, 52.792501 ], [ 13.749445, 52.792796 ], [ 13.74936, 52.792933 ], [ 13.749382, 52.79305 ], [ 13.749536, 52.793131 ], [ 13.749753, 52.793152 ], [ 13.749971, 52.793111 ], [ 13.750448, 52.792877 ], [ 13.751028, 52.792736 ], [ 13.752142, 52.79282 ], [ 13.75186, 52.794497 ], [ 13.751342, 52.794621 ], [ 13.750283, 52.795078 ], [ 13.749628, 52.795279 ], [ 13.748934, 52.795425 ], [ 13.749101, 52.795551 ], [ 13.749203, 52.79588 ], [ 13.749338, 52.796055 ], [ 13.749713, 52.796196 ], [ 13.75029, 52.796302 ], [ 13.751543, 52.796384 ], [ 13.752155, 52.796499 ], [ 13.752848, 52.796696 ], [ 13.753339, 52.793971 ] ], [ [ 13.752515, 52.7919 ], [ 13.752438, 52.792007 ], [ 13.752259, 52.79205 ], [ 13.752082, 52.792004 ], [ 13.752012, 52.791895 ], [ 13.752088, 52.791788 ], [ 13.752268, 52.791745 ], [ 13.752444, 52.791792 ], [ 13.752515, 52.7919 ] ] ] } },
{ "type": "Feature", "properties": { "boden": "100 % mittel, mäßig frisch (M2)" }, "geometry": { "type": "Polygon", "coordinates": [ [ [ 13.757117, 52.793919 ], [ 13.754832, 52.793795 ], [ 13.753339, 52.793971 ], [ 13.753209, 52.794689 ], [ 13.754265, 52.794833 ], [ 13.75466, 52.794934 ], [ 13.754872, 52.795087 ], [ 13.755177, 52.79544 ], [ 13.75511, 52.796339 ], [ 13.75517, 52.796539 ], [ 13.755354, 52.796675 ], [ 13.756164, 52.796885 ], [ 13.757032, 52.796903 ], [ 13.757117, 52.793919 ] ] ] } },
{ "type": "Feature", "properties": { "boden": "70 % kräftig, mäßig frisch (K2) · 30 % mittel, mäßig frisch (M+2)" }, "geometry": { "type": "Polygon", "coordinates": [ [ [ 13.753552, 52.794993 ], [ 13.753372, 52.795035 ], [ 13.753296, 52.795142 ], [ 13.753366, 52.795251 ], [ 13.753543, 52.795298 ], [ 13.753722, 52.795255 ], [ 13.753799, 52.795148 ], [ 13.753728, 52.795039 ], [ 13.753552, 52.794993 ] ] ] } },
{ "type": "Feature", "properties": { "boden": "70 % kräftig, mäßig frisch (K2) · 30 % mittel, mäßig frisch (M+2)" }, "geometry": { "type": "Polygon", "coordinates": [ [ [ 13.754102, 52.795291 ], [ 13.753923, 52.795334 ], [ 13.753846, 52.795441 ], [ 13.753917, 52.79555 ], [ 13.754093, 52.795596 ], [ 13.754272, 52.795553 ], [ 13.754349, 52.795446 ], [ 13.754279, 52.795338 ], [ 13.754102, 52.795291 ] ] ] } },
{ "type": "Feature", "properties": { "boden": "40 % ziemlich arm, trocken (vermutet) (Z3) · 30 % mittel, trocken (vermutet) (M3) · 30 % mittel, trocken (vermutet) (M+3)" }, "geometry": { "type": "Polygon", "coordinates": [ [ [ 13.735793, 52.788285 ], [ 13.736146, 52.788338 ], [ 13.736254, 52.78829 ], [ 13.735793, 52.788285 ] ] ] } },
{ "type": "Feature", "properties": { "boden": "40 % ziemlich arm, mäßig frisch (Z2) · 30 % mittel, mäßig frisch (M2) · 30 % mittel, mäßig frisch (M+2)" }, "geometry": { "type": "Polygon", "coordinates": [ [ [ 13.734995, 52.788303 ], [ 13.734092, 52.788267 ], [ 13.734067, 52.788309 ], [ 13.734157, 52.788369 ], [ 13.734369, 52.788348 ], [ 13.734438, 52.78842 ], [ 13.734573, 52.78845 ], [ 13.734901, 52.788369 ], [ 13.734995, 52.788303 ] ] ] } },
{ "type": "Feature", "properties": { "boden": "40 % ziemlich arm, mäßig frisch (Z2) · 30 % mittel, mäßig frisch (M2) · 30 % mittel, mäßig frisch (M+2)" }, "geometry": { "type": "Polygon", "coordinates": [ [ [ 13.733218, 52.788403 ], [ 13.732128, 52.788385 ], [ 13.731947, 52.788317 ], [ 13.731902, 52.788243 ], [ 13.731103, 52.788235 ], [ 13.730851, 52.788319 ], [ 13.730935, 52.788387 ], [ 13.731226, 52.788376 ], [ 13.731606, 52.788434 ], [ 13.731801, 52.788402 ], [ 13.732044, 52.78856 ], [ 13.732496, 52.788657 ], [ 13.733554, 52.788698 ], [ 13.733779, 52.788685 ], [ 13.733966, 52.788618 ], [ 13.733813, 52.788493 ], [ 13.733218, 52.788403 ] ] ] } },
{ "type": "Feature", "properties": { "boden": "50 % mittel, mäßig frisch (M2) · 50 % ziemlich arm, mäßig frisch (Z2)" }, "geometry": { "type": "Polygon", "coordinates": [ [ [ 13.738038, 52.788636 ], [ 13.738861, 52.788644 ], [ 13.738941, 52.788621 ], [ 13.738977, 52.788522 ], [ 13.738919, 52.788426 ], [ 13.738746, 52.788398 ], [ 13.737974, 52.78854 ], [ 13.738038, 52.788636 ] ] ] } },
{ "type": "Feature", "properties": { "boden": "40 % ziemlich arm, trocken (vermutet) (Z3) · 30 % mittel, trocken (vermutet) (M3) · 30 % mittel, trocken (vermutet) (M+3)" }, "geometry": { "type": "Polygon", "coordinates": [ [ [ 13.737699, 52.788893 ], [ 13.737632, 52.78897 ], [ 13.737792, 52.789181 ], [ 13.737993, 52.789225 ], [ 13.738132, 52.789199 ], [ 13.738162, 52.789105 ], [ 13.738054, 52.789001 ], [ 13.737699, 52.788893 ] ] ] } },
{ "type": "Feature", "properties": { "boden": "40 % ziemlich arm, trocken (vermutet) (Z3) · 30 % mittel, trocken (vermutet) (M3) · 30 % mittel, trocken (vermutet) (M+3)" }, "geometry": { "type": "Polygon", "coordinates": [ [ [ 13.734378, 52.789272 ], [ 13.734305, 52.789452 ], [ 13.734134, 52.789516 ], [ 13.734102, 52.789584 ], [ 13.734209, 52.789694 ], [ 13.734373, 52.789726 ], [ 13.734531, 52.789675 ], [ 13.734715, 52.789395 ], [ 13.734698, 52.789333 ], [ 13.734378, 52.789272 ] ] ] } },
{ "type": "Feature", "properties": { "boden": "40 % ziemlich arm, mäßig frisch (Z2) · 30 % mittel, mäßig frisch (M2) · 30 % mittel, mäßig frisch (M+2)" }, "geometry": { "type": "Polygon", "coordinates": [ [ [ 13.735511, 52.790564 ], [ 13.736129, 52.790157 ], [ 13.735639, 52.790176 ], [ 13.735541, 52.790241 ], [ 13.734316, 52.790606 ], [ 13.732943, 52.790782 ], [ 13.732632, 52.790875 ], [ 13.734348, 52.790877 ], [ 13.73498, 52.790749 ], [ 13.735511, 52.790564 ] ] ] } },
{ "type": "Feature", "properties": { "boden": "50 % mittel, mäßig frisch (M2) · 50 % ziemlich arm, mäßig frisch (Z2)" }, "geometry": { "type": "Polygon", "coordinates": [ [ [ 13.735508, 52.790565 ], [ 13.734685, 52.790829 ], [ 13.734348, 52.790877 ], [ 13.732632, 52.790889 ], [ 13.73338, 52.79093 ], [ 13.734312, 52.790897 ], [ 13.73499, 52.790783 ], [ 13.735508, 52.790565 ] ] ] } },
{ "type": "Feature", "properties": { "boden": "100 % mittel, mäßig frisch (M2)" }, "geometry": { "type": "Polygon", "coordinates": [ [ [ 13.739541, 52.794717 ], [ 13.740442, 52.794174 ], [ 13.739822, 52.793855 ], [ 13.738534, 52.794002 ], [ 13.73836, 52.793971 ], [ 13.738201, 52.793845 ], [ 13.738139, 52.793686 ], [ 13.738183, 52.793561 ], [ 13.738034, 52.792951 ], [ 13.737863, 52.792803 ], [ 13.73701, 52.792703 ], [ 13.736725, 52.792751 ], [ 13.73632, 52.793109 ], [ 13.736411, 52.793402 ], [ 13.736547, 52.793588 ], [ 13.736774, 52.793759 ], [ 13.736504, 52.794103 ], [ 13.736412, 52.794372 ], [ 13.736587, 52.794892 ], [ 13.736977, 52.795289 ], [ 13.737699, 52.795753 ], [ 13.738032, 52.795486 ], [ 13.739541, 52.794717 ] ], [ [ 13.73923, 52.794702 ], [ 13.739153, 52.794809 ], [ 13.738974, 52.794852 ], [ 13.738797, 52.794805 ], [ 13.738727, 52.794697 ], [ 13.738804, 52.79459 ], [ 13.738983, 52.794547 ], [ 13.73916, 52.794593 ], [ 13.73923, 52.794702 ] ], [ [ 13.740194, 52.794225 ], [ 13.740118, 52.794332 ], [ 13.739938, 52.794375 ], [ 13.739762, 52.794328 ], [ 13.739691, 52.794219 ], [ 13.739768, 52.794112 ], [ 13.739947, 52.79407 ], [ 13.740124, 52.794116 ], [ 13.740194, 52.794225 ] ] ] } },
{ "type": "Feature", "properties": { "boden": "100 % mittel, mäßig frisch (M2)" }, "geometry": { "type": "Polygon", "coordinates": [ [ [ 13.738983, 52.794547 ], [ 13.738804, 52.79459 ], [ 13.738727, 52.794697 ], [ 13.738797, 52.794805 ], [ 13.738974, 52.794852 ], [ 13.739153, 52.794809 ], [ 13.73923, 52.794702 ], [ 13.73916, 52.794593 ], [ 13.738983, 52.794547 ] ] ] } },
{ "type": "Feature", "properties": { "boden": "100 % mittel, mäßig frisch (M2)" }, "geometry": { "type": "Polygon", "coordinates": [ [ [ 13.744799, 52.792565 ], [ 13.745219, 52.792517 ], [ 13.745396, 52.792563 ], [ 13.745466, 52.792672 ], [ 13.745389, 52.792779 ], [ 13.74521, 52.792822 ], [ 13.745034, 52.792775 ], [ 13.744614, 52.792824 ], [ 13.744437, 52.792777 ], [ 13.744367, 52.792669 ], [ 13.744443, 52.792562 ], [ 13.744568, 52.792532 ], [ 13.743957, 52.79249 ], [ 13.743237, 52.792648 ], [ 13.742148, 52.793009 ], [ 13.74144, 52.793887 ], [ 13.74538, 52.794116 ], [ 13.745435, 52.793303 ], [ 13.745678, 52.792846 ], [ 13.745721, 52.792626 ], [ 13.745615, 52.792508 ], [ 13.745325, 52.792483 ], [ 13.74465, 52.792526 ], [ 13.744799, 52.792565 ] ], [ [ 13.745308, 52.793393 ], [ 13.745232, 52.7935 ], [ 13.745052, 52.793543 ], [ 13.744876, 52.793497 ], [ 13.744805, 52.793388 ], [ 13.744882, 52.793281 ], [ 13.745061, 52.793238 ], [ 13.745238, 52.793285 ], [ 13.745308, 52.793393 ] ] ] } },
{ "type": "Feature", "properties": { "boden": "100 % mittel, mäßig frisch (M2)" }, "geometry": { "type": "Polygon", "coordinates": [ [ [ 13.745061, 52.793238 ], [ 13.744882, 52.793281 ], [ 13.744805, 52.793388 ], [ 13.744876, 52.793497 ], [ 13.745052, 52.793543 ], [ 13.745232, 52.7935 ], [ 13.745308, 52.793393 ], [ 13.745238, 52.793285 ], [ 13.745061, 52.793238 ] ] ] } },
{ "type": "Feature", "properties": { "boden": "70 % kräftig, mäßig frisch (K2) · 30 % kräftig, mäßig frisch (K2)" }, "geometry": { "type": "Polygon", "coordinates": [ [ [ 13.74576, 52.793257 ], [ 13.74558, 52.7933 ], [ 13.745504, 52.793407 ], [ 13.745574, 52.793515 ], [ 13.745751, 52.793562 ], [ 13.74593, 52.793519 ], [ 13.746007, 52.793412 ], [ 13.745936, 52.793303 ], [ 13.74576, 52.793257 ] ] ] } },
{ "type": "Feature", "properties": { "boden": "100 % mittel, mäßig frisch (M2)" }, "geometry": { "type": "Polygon", "coordinates": [ [ [ 13.739947, 52.79407 ], [ 13.739768, 52.794112 ], [ 13.739691, 52.794219 ], [ 13.739762, 52.794328 ], [ 13.739938, 52.794375 ], [ 13.740118, 52.794332 ], [ 13.740194, 52.794225 ], [ 13.740124, 52.794116 ], [ 13.739947, 52.79407 ] ] ] } },
{ "type": "Feature", "properties": { "boden": "100 % mittel, mäßig frisch (M+2)" }, "geometry": { "type": "Polygon", "coordinates": [ [ [ 13.748567, 52.794304 ], [ 13.74538, 52.794116 ], [ 13.745486, 52.794366 ], [ 13.746325, 52.795144 ], [ 13.747145, 52.795382 ], [ 13.747846, 52.795475 ], [ 13.748934, 52.795425 ], [ 13.748567, 52.794304 ] ] ] } },
{ "type": "Feature", "properties": { "boden": "50 % mittel, mäßig frisch (M2) · 50 % ziemlich arm, mäßig frisch (Z2)" }, "geometry": { "type": "Polygon", "coordinates": [ [ [ 13.751195, 52.806069 ], [ 13.7522, 52.800254 ], [ 13.74379, 52.795872 ], [ 13.743967, 52.795726 ], [ 13.749213, 52.798375 ], [ 13.751412, 52.79954 ], [ 13.752239, 52.800065 ], [ 13.752848, 52.796696 ], [ 13.752155, 52.796499 ], [ 13.751543, 52.796384 ], [ 13.75029, 52.796302 ], [ 13.749713, 52.796196 ], [ 13.749338, 52.796055 ], [ 13.749203, 52.79588 ], [ 13.749101, 52.795551 ], [ 13.748934, 52.795425 ], [ 13.747846, 52.795475 ], [ 13.747145, 52.795382 ], [ 13.746325, 52.795144 ], [ 13.745486, 52.794366 ], [ 13.74538, 52.794116 ], [ 13.740115, 52.793806 ], [ 13.739594, 52.793495 ], [ 13.739021, 52.791457 ], [ 13.738701, 52.790648 ], [ 13.738467, 52.790238 ], [ 13.738072, 52.78976 ], [ 13.737782, 52.789558 ], [ 13.7375, 52.789454 ], [ 13.737233, 52.789231 ], [ 13.736535, 52.790041 ], [ 13.736089, 52.790329 ], [ 13.73499, 52.790783 ], [ 13.734312, 52.790897 ], [ 13.733878, 52.790924 ], [ 13.732757, 52.790913 ], [ 13.732632, 52.790875 ], [ 13.731322, 52.790881 ], [ 13.731194, 52.790957 ], [ 13.731314, 52.791113 ], [ 13.73127, 52.791604 ], [ 13.73134, 52.791858 ], [ 13.731683, 52.792174 ], [ 13.732499, 52.792819 ], [ 13.733346, 52.792893 ], [ 13.733451, 52.793395 ], [ 13.733912, 52.793424 ], [ 13.733962, 52.79436 ], [ 13.733906, 52.795624 ], [ 13.733977, 52.796 ], [ 13.734138, 52.796285 ], [ 13.735434, 52.797316 ], [ 13.735869, 52.797914 ], [ 13.736955, 52.798843 ], [ 13.737265, 52.799026 ], [ 13.737718, 52.799498 ], [ 13.738696, 52.799865 ], [ 13.739354, 52.800001 ], [ 13.739665, 52.800014 ], [ 13.74003, 52.800272 ], [ 13.740139, 52.800429 ], [ 13.740145, 52.80057 ], [ 13.739664, 52.801119 ], [ 13.739584, 52.801304 ], [ 13.73958, 52.80168 ], [ 13.739466, 52.802156 ], [ 13.745104, 52.805205 ], [ 13.745318, 52.805121 ], [ 13.745965, 52.804562 ], [ 13.746041, 52.804617 ], [ 13.745473, 52.805164 ], [ 13.746247, 52.805576 ], [ 13.746054, 52.805723 ], [ 13.746339, 52.805864 ], [ 13.746659, 52.805878 ], [ 13.746938, 52.80599 ], [ 13.747271, 52.806019 ], [ 13.748633, 52.805772 ], [ 13.748924, 52.805754 ], [ 13.74875, 52.805708 ], [ 13.74837, 52.805781 ], [ 13.748193, 52.805734 ], [ 13.748123, 52.805626 ], [ 13.7482, 52.805519 ], [ 13.748379, 52.805476 ], [ 13.748555, 52.805522 ], [ 13.748936, 52.80545 ], [ 13.749112, 52.805496 ], [ 13.749613, 52.805399 ], [ 13.75017, 52.805522 ], [ 13.750349, 52.805479 ], [ 13.750526, 52.805526 ], [ 13.750597, 52.805634 ], [ 13.750992, 52.805724 ], [ 13.751195, 52.806069 ] ], [ [ 13.747071, 52.805939 ], [ 13.746894, 52.805892 ], [ 13.746784, 52.805732 ], [ 13.746608, 52.805686 ], [ 13.746537, 52.805577 ], [ 13.746614, 52.80547 ], [ 13.746793, 52.805427 ], [ 13.74697, 52.805474 ], [ 13.74708, 52.805633 ], [ 13.747256, 52.80568 ], [ 13.747656, 52.805619 ], [ 13.747832, 52.805666 ], [ 13.747903, 52.805774 ], [ 13.747826, 52.805882 ], [ 13.747647, 52.805924 ], [ 13.74747, 52.805878 ], [ 13.747071, 52.805939 ] ], [ [ 13.747154, 52.805145 ], [ 13.747077, 52.805252 ], [ 13.746898, 52.805295 ], [ 13.746721, 52.805248 ], [ 13.74665, 52.805139 ], [ 13.746727, 52.805032 ], [ 13.746906, 52.804989 ], [ 13.747083, 52.805036 ], [ 13.747154, 52.805145 ] ], [ [ 13.738032, 52.795486 ], [ 13.737699, 52.795753 ], [ 13.736977, 52.795289 ], [ 13.736587, 52.794892 ], [ 13.736461, 52.794567 ], [ 13.736412, 52.794372 ], [ 13.736504, 52.794103 ], [ 13.736774, 52.793759 ], [ 13.736547, 52.793588 ], [ 13.736411, 52.793402 ], [ 13.73632, 52.793109 ], [ 13.736725, 52.792751 ], [ 13.73701, 52.792703 ], [ 13.737863, 52.792803 ], [ 13.738034, 52.792951 ], [ 13.738183, 52.793561 ], [ 13.738139, 52.793686 ], [ 13.738201, 52.793845 ], [ 13.73836, 52.793971 ], [ 13.738534, 52.794002 ], [ 13.739822, 52.793855 ], [ 13.740442, 52.794174 ], [ 13.739013, 52.795008 ], [ 13.738032, 52.795486 ] ] ] } },
{ "type": "Feature", "properties": { "boden": "100 % mittel, mäßig frisch (M2)" }, "geometry": { "type": "Polygon", "coordinates": [ [ [ 13.744391, 52.805209 ], [ 13.743323, 52.804606 ], [ 13.740324, 52.802996 ], [ 13.738991, 52.802317 ], [ 13.739419, 52.802603 ], [ 13.742947, 52.804488 ], [ 13.743485, 52.804713 ], [ 13.743662, 52.804861 ], [ 13.743712, 52.805069 ], [ 13.743958, 52.805227 ], [ 13.74414, 52.805299 ], [ 13.744346, 52.80531 ], [ 13.744391, 52.805209 ] ] ] } },
{ "type": "Feature", "properties": { "boden": "50 % mittel, mäßig frisch (M2) · 50 % ziemlich arm, mäßig frisch (Z2)" }, "geometry": { "type": "Polygon", "coordinates": [ [ [ 13.746906, 52.804989 ], [ 13.746727, 52.805032 ], [ 13.74665, 52.805139 ], [ 13.746721, 52.805248 ], [ 13.746898, 52.805295 ], [ 13.747077, 52.805252 ], [ 13.747154, 52.805145 ], [ 13.747083, 52.805036 ], [ 13.746906, 52.804989 ] ] ] } },
{ "type": "Feature", "properties": { "boden": "50 % mittel, mäßig frisch (M2) · 50 % ziemlich arm, mäßig frisch (Z2)" }, "geometry": { "type": "Polygon", "coordinates": [ [ [ 13.74747, 52.805878 ], [ 13.747647, 52.805924 ], [ 13.747826, 52.805882 ], [ 13.747903, 52.805774 ], [ 13.747832, 52.805666 ], [ 13.747656, 52.805619 ], [ 13.747256, 52.80568 ], [ 13.74708, 52.805633 ], [ 13.74697, 52.805474 ], [ 13.746793, 52.805427 ], [ 13.746614, 52.80547 ], [ 13.746537, 52.805577 ], [ 13.746608, 52.805686 ], [ 13.746784, 52.805732 ], [ 13.746894, 52.805892 ], [ 13.747071, 52.805939 ], [ 13.74747, 52.805878 ] ] ] } },
{ "type": "Feature", "properties": { "boden": "100 % mittel, mäßig frisch (M2)" }, "geometry": { "type": "Polygon", "coordinates": [ [ [ 13.73891, 52.806058 ], [ 13.739045, 52.806227 ], [ 13.739053, 52.806131 ], [ 13.739442, 52.806116 ], [ 13.739883, 52.806129 ], [ 13.740368, 52.806243 ], [ 13.740556, 52.80624 ], [ 13.74113, 52.806537 ], [ 13.741257, 52.806658 ], [ 13.741214, 52.806726 ], [ 13.740809, 52.806874 ], [ 13.741112, 52.806929 ], [ 13.742692, 52.807022 ], [ 13.742627, 52.80689 ], [ 13.742388, 52.806727 ], [ 13.740895, 52.806238 ], [ 13.7391, 52.805919 ], [ 13.738863, 52.80582 ], [ 13.738443, 52.80578 ], [ 13.73891, 52.806058 ] ] ] } },
{ "type": "Feature", "properties": { "boden": "70 % kräftig, mäßig frisch (K2) · 30 % mittel, mäßig frisch (M+2)" }, "geometry": { "type": "Polygon", "coordinates": [ [ [ 13.753474, 52.795519 ], [ 13.753295, 52.795562 ], [ 13.753218, 52.795669 ], [ 13.753289, 52.795777 ], [ 13.753466, 52.795824 ], [ 13.753645, 52.795781 ], [ 13.753722, 52.795674 ], [ 13.753651, 52.795565 ], [ 13.753474, 52.795519 ] ] ] } },
{ "type": "Feature", "properties": { "boden": "70 % kräftig, mäßig frisch (K2) · 30 % mittel, mäßig frisch (M+2)" }, "geometry": { "type": "Polygon", "coordinates": [ [ [ 13.757032, 52.796903 ], [ 13.756164, 52.796885 ], [ 13.755758, 52.796796 ], [ 13.755354, 52.796675 ], [ 13.75517, 52.796539 ], [ 13.75511, 52.796339 ], [ 13.755177, 52.79544 ], [ 13.75506, 52.795262 ], [ 13.75466, 52.794934 ], [ 13.754265, 52.794833 ], [ 13.753209, 52.794689 ], [ 13.752848, 52.796696 ], [ 13.752971, 52.797286 ], [ 13.756109, 52.798262 ], [ 13.756084, 52.797883 ], [ 13.757002, 52.797942 ], [ 13.757032, 52.796903 ] ], [ [ 13.754861, 52.797001 ], [ 13.754784, 52.797108 ], [ 13.754605, 52.797151 ], [ 13.754428, 52.797104 ], [ 13.754358, 52.796996 ], [ 13.754435, 52.796889 ], [ 13.754614, 52.796846 ], [ 13.75479, 52.796892 ], [ 13.754861, 52.797001 ] ], [ [ 13.753722, 52.795674 ], [ 13.753645, 52.795781 ], [ 13.753466, 52.795824 ], [ 13.753289, 52.795777 ], [ 13.753218, 52.795669 ], [ 13.753295, 52.795562 ], [ 13.753474, 52.795519 ], [ 13.753651, 52.795565 ], [ 13.753722, 52.795674 ] ], [ [ 13.754349, 52.795446 ], [ 13.754272, 52.795553 ], [ 13.754093, 52.795596 ], [ 13.753917, 52.79555 ], [ 13.753846, 52.795441 ], [ 13.753923, 52.795334 ], [ 13.754102, 52.795291 ], [ 13.754279, 52.795338 ], [ 13.754349, 52.795446 ] ], [ [ 13.753799, 52.795148 ], [ 13.753722, 52.795255 ], [ 13.753543, 52.795298 ], [ 13.753366, 52.795251 ], [ 13.753296, 52.795142 ], [ 13.753372, 52.795035 ], [ 13.753552, 52.794993 ], [ 13.753728, 52.795039 ], [ 13.753799, 52.795148 ] ] ] } },
{ "type": "Feature", "properties": { "boden": "70 % kräftig, mäßig frisch (K2) · 30 % mittel, mäßig frisch (M+2)" }, "geometry": { "type": "Polygon", "coordinates": [ [ [ 13.754614, 52.796846 ], [ 13.754435, 52.796889 ], [ 13.754358, 52.796996 ], [ 13.754428, 52.797104 ], [ 13.754605, 52.797151 ], [ 13.754784, 52.797108 ], [ 13.754861, 52.797001 ], [ 13.75479, 52.796892 ], [ 13.754614, 52.796846 ] ] ] } },
{ "type": "Feature", "properties": { "boden": "100 % mittel, mäßig frisch (M2)" }, "geometry": { "type": "Polygon", "coordinates": [ [ [ 13.757002, 52.797942 ], [ 13.756084, 52.797883 ], [ 13.756108, 52.798634 ], [ 13.75698, 52.798702 ], [ 13.757002, 52.797942 ] ] ] } },
{ "type": "Feature", "properties": { "boden": "80 % mittel, mäßig frisch (M2) · 20 % ziemlich arm, mäßig frisch (Z2)" }, "geometry": { "type": "MultiPolygon", "coordinates": [ [ [ [ 13.75698, 52.798702 ], [ 13.756108, 52.798634 ], [ 13.756109, 52.798262 ], [ 13.752971, 52.797286 ], [ 13.752848, 52.796696 ], [ 13.752239, 52.800065 ], [ 13.753831, 52.80081 ], [ 13.756876, 52.802368 ], [ 13.75698, 52.798702 ] ] ], [ [ [ 13.7522, 52.800254 ], [ 13.751208, 52.805999 ], [ 13.752278, 52.80562 ], [ 13.752807, 52.805573 ], [ 13.753518, 52.805634 ], [ 13.754756, 52.806066 ], [ 13.756667, 52.806934 ], [ 13.756747, 52.806872 ], [ 13.756869, 52.802608 ], [ 13.7522, 52.800254 ] ] ] ] } },
{ "type": "Feature", "properties": { "boden": "50 % mittel, mäßig frisch (M2) · 50 % ziemlich arm, mäßig frisch (Z2)" }, "geometry": { "type": "Polygon", "coordinates": [ [ [ 13.749112, 52.80574 ], [ 13.750117, 52.805875 ], [ 13.750537, 52.806009 ], [ 13.750783, 52.806143 ], [ 13.75056, 52.805827 ], [ 13.749784, 52.805661 ], [ 13.749605, 52.805704 ], [ 13.749428, 52.805657 ], [ 13.748937, 52.805753 ], [ 13.749112, 52.80574 ] ] ] } },
{ "type": "Feature", "properties": { "boden": "50 % mittel, mäßig frisch (M2) · 50 % ziemlich arm, mäßig frisch (Z2)" }, "geometry": { "type": "Polygon", "coordinates": [ [ [ 13.751073, 52.806755 ], [ 13.751195, 52.806069 ], [ 13.750992, 52.805724 ], [ 13.750597, 52.805634 ], [ 13.750526, 52.805526 ], [ 13.750349, 52.805479 ], [ 13.75017, 52.805522 ], [ 13.749613, 52.805399 ], [ 13.749112, 52.805496 ], [ 13.748936, 52.80545 ], [ 13.748555, 52.805522 ], [ 13.748379, 52.805476 ], [ 13.7482, 52.805519 ], [ 13.748123, 52.805626 ], [ 13.748193, 52.805734 ], [ 13.74837, 52.805781 ], [ 13.74875, 52.805708 ], [ 13.748927, 52.805755 ], [ 13.749428, 52.805657 ], [ 13.749605, 52.805704 ], [ 13.749784, 52.805661 ], [ 13.75056, 52.805827 ], [ 13.751015, 52.806366 ], [ 13.75097, 52.806505 ], [ 13.75087, 52.806559 ], [ 13.750561, 52.806592 ], [ 13.750076, 52.806472 ], [ 13.749692, 52.806468 ], [ 13.749512, 52.806512 ], [ 13.749436, 52.806619 ], [ 13.749506, 52.806727 ], [ 13.749683, 52.806774 ], [ 13.749862, 52.806731 ], [ 13.750371, 52.806799 ], [ 13.75071, 52.806676 ], [ 13.751073, 52.806755 ] ] ] } },
{ "type": "Feature", "properties": { "boden": "50 % mittel, mäßig frisch (M2) · 50 % ziemlich arm, mäßig frisch (Z2)" }, "geometry": { "type": "Polygon", "coordinates": [ [ [ 13.7481, 52.80644 ], [ 13.748406, 52.806369 ], [ 13.748645, 52.806384 ], [ 13.748149, 52.806287 ], [ 13.74795, 52.806188 ], [ 13.748087, 52.80609 ], [ 13.748272, 52.80604 ], [ 13.748716, 52.806044 ], [ 13.749085, 52.805894 ], [ 13.749997, 52.805904 ], [ 13.750805, 52.806206 ], [ 13.750698, 52.806084 ], [ 13.750117, 52.805875 ], [ 13.749355, 52.805749 ], [ 13.748633, 52.805772 ], [ 13.747271, 52.806019 ], [ 13.746938, 52.80599 ], [ 13.746659, 52.805878 ], [ 13.746339, 52.805864 ], [ 13.747431, 52.806422 ], [ 13.747589, 52.806372 ], [ 13.7481, 52.80644 ] ] ] } },
{ "type": "Feature", "properties": { "boden": "100 % mittel, nass (OM2)" }, "geometry": { "type": "Polygon", "coordinates": [ [ [ 13.753738, 52.806202 ], [ 13.753794, 52.806288 ], [ 13.753971, 52.806335 ], [ 13.75415, 52.806292 ], [ 13.754227, 52.806185 ], [ 13.754156, 52.806076 ], [ 13.753979, 52.80603 ], [ 13.7538, 52.806073 ], [ 13.753738, 52.806202 ] ] ] } },
{ "type": "Feature", "properties": { "boden": "100 % arm, nass (OA2)" }, "geometry": { "type": "Polygon", "coordinates": [ [ [ 13.750835, 52.806218 ], [ 13.749997, 52.805904 ], [ 13.749085, 52.805894 ], [ 13.748716, 52.806044 ], [ 13.748272, 52.80604 ], [ 13.748087, 52.80609 ], [ 13.74795, 52.806188 ], [ 13.748398, 52.806356 ], [ 13.749229, 52.806449 ], [ 13.750076, 52.806472 ], [ 13.75025, 52.806525 ], [ 13.75038, 52.806494 ], [ 13.750633, 52.80655 ], [ 13.75083, 52.806439 ], [ 13.750904, 52.806329 ], [ 13.750835, 52.806218 ] ] ] } },
{ "type": "Feature", "properties": { "boden": "100 % mittel, mäßig frisch (M2)" }, "geometry": { "type": "Polygon", "coordinates": [ [ [ 13.732842, 52.799067 ], [ 13.733628, 52.799447 ], [ 13.734456, 52.799936 ], [ 13.735165, 52.800272 ], [ 13.73519, 52.800245 ], [ 13.732663, 52.798892 ], [ 13.732624, 52.798913 ], [ 13.732842, 52.799067 ] ] ] } },
{ "type": "Feature", "properties": { "boden": "100 % mittel, mäßig frisch (M2)" }, "geometry": { "type": "Polygon", "coordinates": [ [ [ 13.738597, 52.800584 ], [ 13.738418, 52.800627 ], [ 13.738341, 52.800734 ], [ 13.738412, 52.800842 ], [ 13.738588, 52.800889 ], [ 13.738768, 52.800846 ], [ 13.738844, 52.800739 ], [ 13.738774, 52.80063 ], [ 13.738597, 52.800584 ] ] ] } },
{ "type": "Feature", "properties": { "boden": "100 % mittel, mäßig frisch (M2)" }, "geometry": { "type": "Polygon", "coordinates": [ [ [ 13.736455, 52.801006 ], [ 13.738567, 52.802155 ], [ 13.738831, 52.80223 ], [ 13.735705, 52.80053 ], [ 13.736455, 52.801006 ] ] ] } },
{ "type": "Feature", "properties": { "boden": "70 % reich, frisch (RC1) · 30 % mittel, frisch (M1)" }, "geometry": { "type": "Polygon", "coordinates": [ [ [ 13.732461, 52.804567 ], [ 13.732542, 52.804445 ], [ 13.732175, 52.804454 ], [ 13.732262, 52.804477 ], [ 13.732332, 52.804586 ], [ 13.732258, 52.804689 ], [ 13.732345, 52.804712 ], [ 13.732526, 52.804667 ], [ 13.732461, 52.804567 ] ] ] } },
{ "type": "Feature", "properties": { "boden": "70 % reich, frisch (RC1) · 30 % mittel, frisch (M1)" }, "geometry": { "type": "Polygon", "coordinates": [ [ [ 13.732925, 52.804511 ], [ 13.732542, 52.804445 ], [ 13.732461, 52.804567 ], [ 13.732526, 52.804667 ], [ 13.732708, 52.804722 ], [ 13.732888, 52.804679 ], [ 13.732965, 52.804572 ], [ 13.732925, 52.804511 ] ] ] } },
{ "type": "Feature", "properties": { "boden": "70 % reich, frisch (RC1) · 30 % mittel, frisch (M1)" }, "geometry": { "type": "Polygon", "coordinates": [ [ [ 13.732332, 52.804586 ], [ 13.732262, 52.804477 ], [ 13.732175, 52.804454 ], [ 13.731829, 52.80458 ], [ 13.731899, 52.804689 ], [ 13.732076, 52.804735 ], [ 13.732258, 52.804689 ], [ 13.732332, 52.804586 ] ] ] } },
{ "type": "Feature", "properties": { "boden": "60 % mittel, mäßig frisch (M2g) · 40 % mittel, frisch (M1)" }, "geometry": { "type": "Polygon", "coordinates": [ [ [ 13.731719, 52.804266 ], [ 13.731622, 52.804582 ], [ 13.731843, 52.80456 ], [ 13.732264, 52.804429 ], [ 13.732704, 52.804454 ], [ 13.733111, 52.804558 ], [ 13.733679, 52.804912 ], [ 13.734072, 52.805025 ], [ 13.734236, 52.805125 ], [ 13.734157, 52.804651 ], [ 13.733969, 52.804519 ], [ 13.733469, 52.804333 ], [ 13.731955, 52.804242 ], [ 13.731652, 52.804162 ], [ 13.731719, 52.804266 ] ] ] } },
{ "type": "Feature", "properties": { "boden": "100 % mittel, mäßig frisch (M2)" }, "geometry": { "type": "Polygon", "coordinates": [ [ [ 13.734941, 52.804792 ], [ 13.734864, 52.804899 ], [ 13.734935, 52.805008 ], [ 13.735111, 52.805054 ], [ 13.73529, 52.805012 ], [ 13.735367, 52.804905 ], [ 13.735297, 52.804796 ], [ 13.73512, 52.804749 ], [ 13.734941, 52.804792 ] ] ] } },
{ "type": "Feature", "properties": { "boden": "70 % reich, frisch (RC1) · 30 % mittel, frisch (M1)" }, "geometry": { "type": "Polygon", "coordinates": [ [ [ 13.733111, 52.804558 ], [ 13.732925, 52.804511 ], [ 13.732965, 52.804572 ], [ 13.732888, 52.804679 ], [ 13.732708, 52.804722 ], [ 13.732526, 52.804667 ], [ 13.732076, 52.804735 ], [ 13.731899, 52.804689 ], [ 13.731843, 52.80456 ], [ 13.731622, 52.804582 ], [ 13.731688, 52.804683 ], [ 13.731611, 52.80479 ], [ 13.731432, 52.804833 ], [ 13.731255, 52.804787 ], [ 13.731184, 52.804678 ], [ 13.731274, 52.804557 ], [ 13.730904, 52.804532 ], [ 13.73137, 52.805165 ], [ 13.73161, 52.805268 ], [ 13.732779, 52.805222 ], [ 13.733055, 52.805065 ], [ 13.733679, 52.804912 ], [ 13.733111, 52.804558 ] ] ] } },
{ "type": "Feature", "properties": { "boden": "100 % mittel, mäßig frisch (M2)" }, "geometry": { "type": "Polygon", "coordinates": [ [ [ 13.735816, 52.805189 ], [ 13.735636, 52.805232 ], [ 13.735559, 52.805339 ], [ 13.73563, 52.805448 ], [ 13.735807, 52.805494 ], [ 13.735986, 52.805452 ], [ 13.736063, 52.805345 ], [ 13.735992, 52.805236 ], [ 13.735816, 52.805189 ] ] ] } },
{ "type": "Feature", "properties": { "boden": "100 % mittel, mäßig frisch (M2)" }, "geometry": { "type": "Polygon", "coordinates": [ [ [ 13.736629, 52.805142 ], [ 13.736449, 52.805185 ], [ 13.736372, 52.805292 ], [ 13.736416, 52.805665 ], [ 13.736487, 52.805774 ], [ 13.736663, 52.80582 ], [ 13.736843, 52.805778 ], [ 13.73692, 52.805671 ], [ 13.736799, 52.805404 ], [ 13.736876, 52.805297 ], [ 13.736805, 52.805188 ], [ 13.736629, 52.805142 ] ] ] } },
{ "type": "Feature", "properties": { "boden": "100 % mittel, mäßig frisch (M2)" }, "geometry": { "type": "Polygon", "coordinates": [ [ [ 13.735361, 52.80543 ], [ 13.735685, 52.805687 ], [ 13.735927, 52.805786 ], [ 13.736227, 52.805838 ], [ 13.735613, 52.805482 ], [ 13.735361, 52.80543 ] ] ] } },
{ "type": "Feature", "properties": { "boden": "70 % reich, nass (OR2) · 30 % reich, nass (ÜR1)" }, "geometry": { "type": "Polygon", "coordinates": [ [ [ 13.734904, 52.805744 ], [ 13.734898, 52.805885 ], [ 13.736072, 52.806149 ], [ 13.736531, 52.806323 ], [ 13.736088, 52.805985 ], [ 13.734904, 52.805744 ] ] ] } },
{ "type": "Feature", "properties": { "boden": "100 % kräftig, mäßig frisch (K2)" }, "geometry": { "type": "Polygon", "coordinates": [ [ [ 13.736072, 52.806149 ], [ 13.735887, 52.806203 ], [ 13.736227, 52.806415 ], [ 13.736322, 52.806304 ], [ 13.736269, 52.806223 ], [ 13.736072, 52.806149 ] ] ] } },
{ "type": "Feature", "properties": { "boden": "100 % reich, mäßig frisch (RC2g)" }, "geometry": { "type": "Polygon", "coordinates": [ [ [ 13.733863, 52.806216 ], [ 13.73282, 52.806091 ], [ 13.732518, 52.806139 ], [ 13.732396, 52.806205 ], [ 13.732387, 52.806272 ], [ 13.732693, 52.80635 ], [ 13.733459, 52.806373 ], [ 13.733838, 52.806426 ], [ 13.733863, 52.806216 ] ] ] } },
{ "type": "Feature", "properties": { "boden": "100 % kräftig, mäßig frisch (K2)" }, "geometry": { "type": "Polygon", "coordinates": [ [ [ 13.736221, 52.806411 ], [ 13.735887, 52.806203 ], [ 13.735818, 52.806298 ], [ 13.735889, 52.806407 ], [ 13.736066, 52.806453 ], [ 13.736221, 52.806411 ] ] ] } },
{ "type": "Feature", "properties": { "boden": "100 % kräftig, mäßig frisch (K2)" }, "geometry": { "type": "Polygon", "coordinates": [ [ [ 13.736703, 52.806608 ], [ 13.737167, 52.806598 ], [ 13.736269, 52.806223 ], [ 13.736322, 52.806304 ], [ 13.736227, 52.806415 ], [ 13.736367, 52.806563 ], [ 13.736703, 52.806608 ] ] ] } },
{ "type": "Feature", "properties": { "boden": "100 % reich, mäßig frisch (RC2g)" }, "geometry": { "type": "Polygon", "coordinates": [ [ [ 13.733838, 52.806426 ], [ 13.732693, 52.80635 ], [ 13.732425, 52.806305 ], [ 13.732396, 52.806205 ], [ 13.732606, 52.806114 ], [ 13.73282, 52.806091 ], [ 13.733863, 52.806216 ], [ 13.73389, 52.805993 ], [ 13.732349, 52.805981 ], [ 13.732109, 52.806233 ], [ 13.732163, 52.806389 ], [ 13.732985, 52.806433 ], [ 13.733305, 52.806648 ], [ 13.733792, 52.806818 ], [ 13.733838, 52.806426 ] ] ] } },
{ "type": "Feature", "properties": { "boden": "100 % kräftig, trocken (vermutet) (K3)" }, "geometry": { "type": "Polygon", "coordinates": [ [ [ 13.734467, 52.806459 ], [ 13.734113, 52.806282 ], [ 13.733863, 52.806216 ], [ 13.733838, 52.806426 ], [ 13.733975, 52.806494 ], [ 13.734194, 52.806736 ], [ 13.734471, 52.806535 ], [ 13.734626, 52.806486 ], [ 13.734467, 52.806459 ] ] ] } },
{ "type": "Feature", "properties": { "boden": "100 % kräftig, mäßig frisch (K2)" }, "geometry": { "type": "Polygon", "coordinates": [ [ [ 13.734194, 52.806736 ], [ 13.733975, 52.806494 ], [ 13.733838, 52.806426 ], [ 13.733792, 52.806818 ], [ 13.733956, 52.806828 ], [ 13.734194, 52.806736 ] ] ] } },
{ "type": "Feature", "properties": { "boden": "100 % mittel, mäßig frisch (M2)" }, "geometry": { "type": "Polygon", "coordinates": [ [ [ 13.753601, 52.806634 ], [ 13.753771, 52.806002 ], [ 13.753896, 52.805918 ], [ 13.754202, 52.806092 ], [ 13.754529, 52.806406 ], [ 13.754712, 52.806308 ], [ 13.754481, 52.806022 ], [ 13.754234, 52.805884 ], [ 13.753933, 52.805798 ], [ 13.753675, 52.805801 ], [ 13.753497, 52.805905 ], [ 13.753316, 52.806351 ], [ 13.753462, 52.806389 ], [ 13.753533, 52.806498 ], [ 13.753456, 52.806605 ], [ 13.753277, 52.806648 ], [ 13.7531, 52.806601 ], [ 13.753031, 52.806491 ], [ 13.752182, 52.806494 ], [ 13.752104, 52.806508 ], [ 13.752049, 52.806647 ], [ 13.752243, 52.80675 ], [ 13.752609, 52.806811 ], [ 13.752661, 52.806691 ], [ 13.753302, 52.806716 ], [ 13.753601, 52.806634 ] ] ] } },
{ "type": "Feature", "properties": { "boden": "50 % mittel, mäßig frisch (M2) · 50 % ziemlich arm, mäßig frisch (Z2)" }, "geometry": { "type": "Polygon", "coordinates": [ [ [ 13.750783, 52.806143 ], [ 13.750904, 52.806329 ], [ 13.75083, 52.806439 ], [ 13.750633, 52.80655 ], [ 13.75038, 52.806494 ], [ 13.75025, 52.806525 ], [ 13.750732, 52.806588 ], [ 13.75097, 52.806505 ], [ 13.751015, 52.806366 ], [ 13.750783, 52.806143 ] ] ] } },
{ "type": "Feature", "properties": { "boden": "100 % mittel, mäßig frisch (M2)" }, "geometry": { "type": "Polygon", "coordinates": [ [ [ 13.755537, 52.807034 ], [ 13.755941, 52.806953 ], [ 13.755895, 52.806846 ], [ 13.756467, 52.806859 ], [ 13.756661, 52.806973 ], [ 13.756667, 52.806934 ], [ 13.754756, 52.806066 ], [ 13.754234, 52.805884 ], [ 13.754481, 52.806022 ], [ 13.754561, 52.80617 ], [ 13.754726, 52.806266 ], [ 13.754529, 52.806406 ], [ 13.754767, 52.806718 ], [ 13.755075, 52.806964 ], [ 13.75548, 52.807114 ], [ 13.755537, 52.807034 ] ] ] } },
{ "type": "Feature", "properties": { "boden": "100 % mittel, mäßig frisch (M2)" }, "geometry": { "type": "Polygon", "coordinates": [ [ [ 13.753286, 52.806343 ], [ 13.753106, 52.806386 ], [ 13.75303, 52.806493 ], [ 13.7531, 52.806601 ], [ 13.753277, 52.806648 ], [ 13.753456, 52.806605 ], [ 13.753533, 52.806498 ], [ 13.753462, 52.806389 ], [ 13.753286, 52.806343 ] ] ] } },
{ "type": "Feature", "properties": { "boden": "100 % mittel, mäßig frisch (M2)" }, "geometry": { "type": "Polygon", "coordinates": [ [ [ 13.751073, 52.806755 ], [ 13.751171, 52.806775 ], [ 13.751318, 52.806966 ], [ 13.751495, 52.807013 ], [ 13.751674, 52.80697 ], [ 13.751751, 52.806863 ], [ 13.75168, 52.806754 ], [ 13.751298, 52.806663 ], [ 13.751132, 52.806425 ], [ 13.751073, 52.806755 ] ] ] } },
{ "type": "Feature", "properties": { "boden": "100 % mittel, nass (OM2)" }, "geometry": { "type": "Polygon", "coordinates": [ [ [ 13.756391, 52.807239 ], [ 13.756339, 52.807312 ], [ 13.75616, 52.807355 ], [ 13.755531, 52.807249 ], [ 13.75548, 52.807114 ], [ 13.755075, 52.806964 ], [ 13.754767, 52.806718 ], [ 13.754585, 52.80646 ], [ 13.754202, 52.806092 ], [ 13.753896, 52.805918 ], [ 13.753771, 52.806002 ], [ 13.753747, 52.806147 ], [ 13.7538, 52.806073 ], [ 13.753979, 52.80603 ], [ 13.754156, 52.806076 ], [ 13.754227, 52.806185 ], [ 13.75415, 52.806292 ], [ 13.753971, 52.806335 ], [ 13.753794, 52.806288 ], [ 13.753738, 52.806202 ], [ 13.753601, 52.806634 ], [ 13.753302, 52.806716 ], [ 13.752661, 52.806691 ], [ 13.752565, 52.806933 ], [ 13.753684, 52.807111 ], [ 13.754894, 52.807452 ], [ 13.75541, 52.807435 ], [ 13.755926, 52.807571 ], [ 13.7566, 52.807656 ], [ 13.756682, 52.807336 ], [ 13.756391, 52.807239 ] ] ] } },
{ "type": "Feature", "properties": { "boden": "100 % mittel, mäßig frisch (M2)" }, "geometry": { "type": "Polygon", "coordinates": [ [ [ 13.752565, 52.806933 ], [ 13.7526, 52.806831 ], [ 13.752308, 52.806828 ], [ 13.752131, 52.806782 ], [ 13.751952, 52.806825 ], [ 13.751875, 52.806932 ], [ 13.751945, 52.80704 ], [ 13.752514, 52.807116 ], [ 13.752693, 52.807073 ], [ 13.752763, 52.806955 ], [ 13.752565, 52.806933 ] ] ] } },
{ "type": "Feature", "properties": { "boden": "100 % mittel, mäßig frisch (M2)" }, "geometry": { "type": "Polygon", "coordinates": [ [ [ 13.756635, 52.806965 ], [ 13.756467, 52.806859 ], [ 13.755895, 52.806846 ], [ 13.755922, 52.806975 ], [ 13.755756, 52.807001 ], [ 13.756345, 52.807096 ], [ 13.756391, 52.807239 ], [ 13.756682, 52.807336 ], [ 13.756635, 52.806965 ] ] ] } },
{ "type": "Feature", "properties": { "boden": "100 % mittel, mäßig frisch (M2)" }, "geometry": { "type": "Polygon", "coordinates": [ [ [ 13.756391, 52.807239 ], [ 13.756345, 52.807096 ], [ 13.755716, 52.806991 ], [ 13.755537, 52.807034 ], [ 13.75548, 52.807114 ], [ 13.756128, 52.807249 ], [ 13.756391, 52.807239 ] ] ] } },
{ "type": "Feature", "properties": { "boden": "100 % mittel, mäßig frisch (M2)" }, "geometry": { "type": "Polygon", "coordinates": [ [ [ 13.75291, 52.807186 ], [ 13.753385, 52.807232 ], [ 13.753401, 52.807209 ], [ 13.75333, 52.807101 ], [ 13.753154, 52.807054 ], [ 13.752974, 52.807097 ], [ 13.75291, 52.807186 ] ] ] } },
{ "type": "Feature", "properties": { "boden": "50 % mittel, mäßig frisch (M2) · 50 % ziemlich arm, mäßig frisch (Z2)" }, "geometry": { "type": "Polygon", "coordinates": [ [ [ 13.748406, 52.806369 ], [ 13.748227, 52.806412 ], [ 13.74815, 52.806519 ], [ 13.74822, 52.806628 ], [ 13.748397, 52.806674 ], [ 13.748576, 52.806631 ], [ 13.748653, 52.806524 ], [ 13.748583, 52.806416 ], [ 13.748406, 52.806369 ] ] ] } },
{ "type": "Feature", "properties": { "boden": "100 % mittel, mäßig frisch (M2)" }, "geometry": { "type": "Polygon", "coordinates": [ [ [ 13.739366, 52.806471 ], [ 13.739725, 52.806634 ], [ 13.740809, 52.806874 ], [ 13.741214, 52.806726 ], [ 13.741257, 52.806658 ], [ 13.74113, 52.806537 ], [ 13.740556, 52.80624 ], [ 13.740368, 52.806243 ], [ 13.739883, 52.806129 ], [ 13.739053, 52.806131 ], [ 13.739045, 52.806227 ], [ 13.739366, 52.806471 ] ] ] } },
{ "type": "Feature", "properties": { "boden": "60 % mittel, mäßig frisch (M2g) · 40 % reich, frisch (RC1)" }, "geometry": { "type": "Polygon", "coordinates": [ [ [ 13.743145, 52.807408 ], [ 13.742873, 52.807066 ], [ 13.742572, 52.806993 ], [ 13.741112, 52.806929 ], [ 13.740228, 52.80677 ], [ 13.739725, 52.806634 ], [ 13.739366, 52.806471 ], [ 13.739004, 52.806196 ], [ 13.73891, 52.806058 ], [ 13.738323, 52.805709 ], [ 13.73804, 52.805631 ], [ 13.737425, 52.805646 ], [ 13.737155, 52.805759 ], [ 13.736984, 52.80597 ], [ 13.737885, 52.806148 ], [ 13.73888, 52.806406 ], [ 13.739018, 52.806477 ], [ 13.739216, 52.806973 ], [ 13.739638, 52.807263 ], [ 13.740106, 52.807146 ], [ 13.740808, 52.807294 ], [ 13.741338, 52.807197 ], [ 13.741682, 52.807186 ], [ 13.742328, 52.807324 ], [ 13.74248, 52.807618 ], [ 13.7422, 52.807732 ], [ 13.741256, 52.807867 ], [ 13.742194, 52.807749 ], [ 13.743032, 52.807541 ], [ 13.743145, 52.807408 ] ] ] } },
{ "type": "Feature", "properties": { "boden": "100 % reich, nass (OR3)" }, "geometry": { "type": "Polygon", "coordinates": [ [ [ 13.741101, 52.807872 ], [ 13.7422, 52.807732 ], [ 13.74248, 52.807618 ], [ 13.742328, 52.807324 ], [ 13.74209, 52.807251 ], [ 13.741682, 52.807186 ], [ 13.741338, 52.807197 ], [ 13.740808, 52.807294 ], [ 13.740106, 52.807146 ], [ 13.739638, 52.807263 ], [ 13.739801, 52.80745 ], [ 13.739905, 52.807837 ], [ 13.741101, 52.807872 ] ] ] } },
{ "type": "Feature", "properties": { "boden": "100 % mittel, mäßig frisch (M2)" }, "geometry": { "type": "Polygon", "coordinates": [ [ [ 13.747627, 52.807896 ], [ 13.747692, 52.807806 ], [ 13.747621, 52.807697 ], [ 13.747444, 52.80765 ], [ 13.747265, 52.807693 ], [ 13.747188, 52.8078 ], [ 13.747259, 52.807909 ], [ 13.747436, 52.807955 ], [ 13.747627, 52.807896 ] ] ] } },
{ "type": "Feature", "properties": { "boden": "100 % mittel, mäßig frisch (M2)" }, "geometry": { "type": "Polygon", "coordinates": [ [ [ 13.747607, 52.807914 ], [ 13.747542, 52.808005 ], [ 13.747613, 52.808114 ], [ 13.74779, 52.80816 ], [ 13.748397, 52.807949 ], [ 13.748474, 52.807842 ], [ 13.748403, 52.807734 ], [ 13.748227, 52.807687 ], [ 13.747607, 52.807914 ] ] ] } },
{ "type": "Feature", "properties": { "boden": "60 % mittel, mäßig frisch (M2g) · 40 % reich, frisch (RC1)" }, "geometry": { "type": "Polygon", "coordinates": [ [ [ 13.743032, 52.807541 ], [ 13.742194, 52.807749 ], [ 13.741477, 52.80786 ], [ 13.739905, 52.807837 ], [ 13.739799, 52.808241 ], [ 13.741493, 52.807992 ], [ 13.742514, 52.807775 ], [ 13.743032, 52.807541 ] ] ] } },
{ "type": "Feature", "properties": { "boden": "100 % mittel, mäßig frisch (M2)" }, "geometry": { "type": "Polygon", "coordinates": [ [ [ 13.746728, 52.807796 ], [ 13.746549, 52.807839 ], [ 13.746473, 52.807946 ], [ 13.746543, 52.808055 ], [ 13.74672, 52.808101 ], [ 13.746884, 52.808062 ], [ 13.746728, 52.807796 ] ] ] } },
{ "type": "Feature", "properties": { "boden": "100 % mittel, mäßig frisch (M2)" }, "geometry": { "type": "Polygon", "coordinates": [ [ [ 13.745964, 52.807798 ], [ 13.745717, 52.807849 ], [ 13.745656, 52.807934 ], [ 13.745727, 52.808042 ], [ 13.745903, 52.808089 ], [ 13.746082, 52.808046 ], [ 13.746159, 52.807939 ], [ 13.746089, 52.80783 ], [ 13.745964, 52.807798 ] ] ] } },
{ "type": "Feature", "properties": { "boden": "100 % mittel, trocken (vermutet) (M3)" }, "geometry": { "type": "Polygon", "coordinates": [ [ [ 13.743015, 52.807561 ], [ 13.742514, 52.807775 ], [ 13.741493, 52.807992 ], [ 13.739799, 52.808241 ], [ 13.739784, 52.808428 ], [ 13.739921, 52.808514 ], [ 13.741619, 52.808421 ], [ 13.742137, 52.808322 ], [ 13.742892, 52.808042 ], [ 13.743486, 52.807638 ], [ 13.743324, 52.807538 ], [ 13.743015, 52.807561 ] ] ] } },
{ "type": "Feature", "properties": { "boden": "100 % kräftig, mäßig frisch (K2)" }, "geometry": { "type": "Polygon", "coordinates": [ [ [ 13.737169, 52.806599 ], [ 13.736932, 52.806626 ], [ 13.736855, 52.806733 ], [ 13.736926, 52.806842 ], [ 13.737102, 52.806888 ], [ 13.737281, 52.806845 ], [ 13.737358, 52.806738 ], [ 13.737169, 52.806599 ] ] ] } },
{ "type": "Feature", "properties": { "boden": "70 % reich, nass (OR2) · 30 % reich, nass (ÜR1)" }, "geometry": { "type": "Polygon", "coordinates": [ [ [ 13.736853, 52.806452 ], [ 13.7375, 52.806728 ], [ 13.737882, 52.806971 ], [ 13.738037, 52.806916 ], [ 13.738427, 52.807053 ], [ 13.737714, 52.806565 ], [ 13.736853, 52.806452 ] ] ] } },
{ "type": "Feature", "properties": { "boden": "70 % kräftig, nass (OK2) · 30 % reich, nass (NR1)" }, "geometry": { "type": "Polygon", "coordinates": [ [ [ 13.739882, 52.807634 ], [ 13.739638, 52.807263 ], [ 13.739216, 52.806973 ], [ 13.739018, 52.806477 ], [ 13.73888, 52.806406 ], [ 13.737885, 52.806148 ], [ 13.735927, 52.805786 ], [ 13.735685, 52.805687 ], [ 13.735139, 52.805275 ], [ 13.734843, 52.805302 ], [ 13.734904, 52.805744 ], [ 13.735345, 52.805766 ], [ 13.736164, 52.805932 ], [ 13.736654, 52.80627 ], [ 13.736974, 52.806377 ], [ 13.737618, 52.806411 ], [ 13.738294, 52.806778 ], [ 13.738595, 52.806997 ], [ 13.739265, 52.807309 ], [ 13.739362, 52.807432 ], [ 13.739578, 52.807506 ], [ 13.73965, 52.807606 ], [ 13.739513, 52.808211 ], [ 13.739799, 52.808241 ], [ 13.739905, 52.807837 ], [ 13.739882, 52.807634 ] ] ] } },
{ "type": "Feature", "properties": { "boden": "100 % mittel, trocken (vermutet) (M3)" }, "geometry": { "type": "Polygon", "coordinates": [ [ [ 13.734471, 52.806535 ], [ 13.734194, 52.806736 ], [ 13.734425, 52.806862 ], [ 13.735198, 52.806899 ], [ 13.735419, 52.806952 ], [ 13.735842, 52.806942 ], [ 13.736025, 52.806987 ], [ 13.736077, 52.806958 ], [ 13.736056, 52.806755 ], [ 13.735728, 52.806566 ], [ 13.73535, 52.8065 ], [ 13.734626, 52.806486 ], [ 13.734471, 52.806535 ] ] ] } },
{ "type": "Feature", "properties": { "boden": "100 % kräftig, mäßig frisch (K2)" }, "geometry": { "type": "Polygon", "coordinates": [ [ [ 13.738815, 52.807242 ], [ 13.738287, 52.807004 ], [ 13.738324, 52.807061 ], [ 13.738248, 52.807168 ], [ 13.738068, 52.807211 ], [ 13.737892, 52.807164 ], [ 13.737821, 52.807056 ], [ 13.737882, 52.806971 ], [ 13.7375, 52.806728 ], [ 13.737308, 52.806661 ], [ 13.737358, 52.806738 ], [ 13.737281, 52.806845 ], [ 13.737102, 52.806888 ], [ 13.736926, 52.806842 ], [ 13.736855, 52.806733 ], [ 13.736932, 52.806626 ], [ 13.737032, 52.806602 ], [ 13.736433, 52.80659 ], [ 13.736227, 52.806415 ], [ 13.736066, 52.806453 ], [ 13.735889, 52.806407 ], [ 13.735818, 52.806298 ], [ 13.735895, 52.806191 ], [ 13.736072, 52.806149 ], [ 13.734898, 52.805885 ], [ 13.734893, 52.806 ], [ 13.73389, 52.805993 ], [ 13.733863, 52.806216 ], [ 13.734113, 52.806282 ], [ 13.734467, 52.806459 ], [ 13.735962, 52.806492 ], [ 13.738099, 52.807363 ], [ 13.738616, 52.807812 ], [ 13.73902, 52.807983 ], [ 13.739054, 52.807849 ], [ 13.738832, 52.80745 ], [ 13.738815, 52.807242 ] ] ] } },
{ "type": "Feature", "properties": { "boden": "100 % kräftig, mäßig frisch (K2)" }, "geometry": { "type": "Polygon", "coordinates": [ [ [ 13.738037, 52.806916 ], [ 13.737898, 52.806949 ], [ 13.737821, 52.807056 ], [ 13.737892, 52.807164 ], [ 13.738068, 52.807211 ], [ 13.738248, 52.807168 ], [ 13.738324, 52.807061 ], [ 13.738287, 52.807004 ], [ 13.738037, 52.806916 ] ] ] } },
{ "type": "Feature", "properties": { "boden": "100 % mittel, mäßig frisch (M2)" }, "geometry": { "type": "Polygon", "coordinates": [ [ [ 13.734061, 52.80703 ], [ 13.733882, 52.807073 ], [ 13.733805, 52.80718 ], [ 13.733876, 52.807289 ], [ 13.734052, 52.807335 ], [ 13.734231, 52.807293 ], [ 13.734308, 52.807186 ], [ 13.734238, 52.807077 ], [ 13.734061, 52.80703 ] ] ] } },
{ "type": "Feature", "properties": { "boden": "70 % reich, nass (OR2) · 30 % reich, nass (NR1)" }, "geometry": { "type": "Polygon", "coordinates": [ [ [ 13.741153, 52.809022 ], [ 13.740483, 52.80882 ], [ 13.739962, 52.808868 ], [ 13.73978, 52.808483 ], [ 13.739799, 52.808241 ], [ 13.739513, 52.808211 ], [ 13.73965, 52.807606 ], [ 13.739578, 52.807506 ], [ 13.739427, 52.807477 ], [ 13.739265, 52.807309 ], [ 13.738595, 52.806997 ], [ 13.737816, 52.806498 ], [ 13.737618, 52.806411 ], [ 13.736974, 52.806377 ], [ 13.736654, 52.80627 ], [ 13.736164, 52.805932 ], [ 13.735345, 52.805766 ], [ 13.735078, 52.80573 ], [ 13.73495, 52.805754 ], [ 13.736088, 52.805985 ], [ 13.736531, 52.806323 ], [ 13.736853, 52.806452 ], [ 13.737714, 52.806565 ], [ 13.738427, 52.807053 ], [ 13.739108, 52.807366 ], [ 13.739167, 52.807484 ], [ 13.73942, 52.80759 ], [ 13.739499, 52.807694 ], [ 13.739348, 52.808272 ], [ 13.739357, 52.808753 ], [ 13.739436, 52.808952 ], [ 13.739665, 52.809139 ], [ 13.739694, 52.809269 ], [ 13.739778, 52.809329 ], [ 13.740512, 52.809323 ], [ 13.740685, 52.809397 ], [ 13.741456, 52.809018 ], [ 13.741153, 52.809022 ] ] ] } },
{ "type": "Feature", "properties": { "boden": "100 % mittel, trocken (vermutet) (M3)" }, "geometry": { "type": "Polygon", "coordinates": [ [ [ 13.738599, 52.807828 ], [ 13.737515, 52.807706 ], [ 13.737449, 52.807644 ], [ 13.737483, 52.807461 ], [ 13.73741, 52.807397 ], [ 13.736797, 52.807137 ], [ 13.736947, 52.807413 ], [ 13.736851, 52.807462 ], [ 13.736505, 52.807503 ], [ 13.736622, 52.807597 ], [ 13.737489, 52.807796 ], [ 13.737687, 52.807948 ], [ 13.73797, 52.808043 ], [ 13.738359, 52.808013 ], [ 13.738614, 52.807932 ], [ 13.7387, 52.807871 ], [ 13.738599, 52.807828 ] ] ] } },
{ "type": "Feature", "properties": { "boden": "70 % reich, nass (OR2) · 30 % reich, nass (ÜR1)" }, "geometry": { "type": "Polygon", "coordinates": [ [ [ 13.738815, 52.807242 ], [ 13.739036, 52.807785 ], [ 13.73908, 52.80825 ], [ 13.739351, 52.808629 ], [ 13.739348, 52.808272 ], [ 13.739499, 52.807694 ], [ 13.73942, 52.80759 ], [ 13.739167, 52.807484 ], [ 13.739108, 52.807366 ], [ 13.738815, 52.807242 ] ] ] } },
{ "type": "Feature", "properties": { "boden": "100 % reich, nass (NR1)" }, "geometry": { "type": "Polygon", "coordinates": [ [ [ 13.729704, 52.806646 ], [ 13.730943, 52.806893 ], [ 13.731711, 52.807008 ], [ 13.731731, 52.806979 ], [ 13.731661, 52.80687 ], [ 13.731484, 52.806824 ], [ 13.730748, 52.806764 ], [ 13.730335, 52.806647 ], [ 13.730073, 52.80666 ], [ 13.729878, 52.806617 ], [ 13.729704, 52.806646 ] ] ] } },
{ "type": "Feature", "properties": { "boden": "100 % mittel, mäßig frisch (M2)" }, "geometry": { "type": "Polygon", "coordinates": [ [ [ 13.730388, 52.806949 ], [ 13.73006, 52.806884 ], [ 13.729781, 52.806898 ], [ 13.729479, 52.806807 ], [ 13.729172, 52.80682 ], [ 13.728995, 52.806774 ], [ 13.728833, 52.806665 ], [ 13.728646, 52.806647 ], [ 13.729, 52.80686 ], [ 13.729338, 52.806963 ], [ 13.730015, 52.807004 ], [ 13.730388, 52.806949 ] ] ] } },
{ "type": "Feature", "properties": { "boden": "70 % mittel, mäßig frisch (M2) · 30 % kräftig, nass (NK2)" }, "geometry": { "type": "Polygon", "coordinates": [ [ [ 13.718601, 52.806829 ], [ 13.718438, 52.806867 ], [ 13.718361, 52.806974 ], [ 13.718432, 52.807083 ], [ 13.718609, 52.80713 ], [ 13.718788, 52.807087 ], [ 13.718865, 52.80698 ], [ 13.718794, 52.806871 ], [ 13.718601, 52.806829 ] ] ] } },
{ "type": "Feature", "properties": { "boden": "100 % mittel, mäßig frisch (M2)" }, "geometry": { "type": "Polygon", "coordinates": [ [ [ 13.720698, 52.807156 ], [ 13.721109, 52.806827 ], [ 13.720621, 52.806834 ], [ 13.72033, 52.807012 ], [ 13.720151, 52.807054 ], [ 13.720074, 52.807161 ], [ 13.720136, 52.807257 ], [ 13.720479, 52.807122 ], [ 13.720599, 52.807101 ], [ 13.720698, 52.807156 ] ] ] } },
{ "type": "Feature", "properties": { "boden": "100 % mittel, trocken (vermutet) (M3)" }, "geometry": { "type": "Polygon", "coordinates": [ [ [ 13.731184, 52.807046 ], [ 13.730916, 52.807045 ], [ 13.730481, 52.806944 ], [ 13.730015, 52.807004 ], [ 13.729338, 52.806963 ], [ 13.729, 52.80686 ], [ 13.728528, 52.806576 ], [ 13.728312, 52.806512 ], [ 13.727346, 52.807062 ], [ 13.72737, 52.807567 ], [ 13.727302, 52.807747 ], [ 13.727659, 52.807723 ], [ 13.727819, 52.807558 ], [ 13.728086, 52.807421 ], [ 13.728326, 52.807328 ], [ 13.728691, 52.80728 ], [ 13.7295, 52.807324 ], [ 13.731012, 52.807644 ], [ 13.73107, 52.807633 ], [ 13.731115, 52.807482 ], [ 13.731402, 52.807487 ], [ 13.731849, 52.807609 ], [ 13.731876, 52.807679 ], [ 13.731811, 52.807734 ], [ 13.73195, 52.807799 ], [ 13.732841, 52.807927 ], [ 13.733284, 52.807894 ], [ 13.73362, 52.80768 ], [ 13.733535, 52.807593 ], [ 13.733339, 52.807548 ], [ 13.732405, 52.807543 ], [ 13.73218, 52.807603 ], [ 13.731807, 52.807421 ], [ 13.731427, 52.807316 ], [ 13.731184, 52.807046 ] ] ] } },
{ "type": "Feature", "properties": { "boden": "100 % kräftig, mäßig frisch (K2g)" }, "geometry": { "type": "Polygon", "coordinates": [ [ [ 13.723575, 52.807051 ], [ 13.723396, 52.807094 ], [ 13.723319, 52.807201 ], [ 13.723389, 52.80731 ], [ 13.723566, 52.807356 ], [ 13.723745, 52.807314 ], [ 13.723822, 52.807207 ], [ 13.723752, 52.807098 ], [ 13.723575, 52.807051 ] ] ] } },
{ "type": "Feature", "properties": { "boden": "100 % kräftig, mäßig frisch (K2g)" }, "geometry": { "type": "Polygon", "coordinates": [ [ [ 13.721941, 52.807462 ], [ 13.72261, 52.807098 ], [ 13.722881, 52.806886 ], [ 13.722871, 52.806794 ], [ 13.722412, 52.806865 ], [ 13.721541, 52.807192 ], [ 13.72147, 52.80725 ], [ 13.721505, 52.80737 ], [ 13.721693, 52.807569 ], [ 13.721767, 52.807606 ], [ 13.721914, 52.807532 ], [ 13.721941, 52.807462 ] ] ] } },
{ "type": "Feature", "properties": { "boden": "70 % mittel, mäßig frisch (M2) · 30 % kräftig, nass (NK2)" }, "geometry": { "type": "Polygon", "coordinates": [ [ [ 13.718928, 52.807517 ], [ 13.719135, 52.807282 ], [ 13.719185, 52.807073 ], [ 13.71914, 52.80693 ], [ 13.718948, 52.806851 ], [ 13.718644, 52.806831 ], [ 13.718794, 52.806871 ], [ 13.718865, 52.80698 ], [ 13.718788, 52.807087 ], [ 13.718609, 52.80713 ], [ 13.718432, 52.807083 ], [ 13.718361, 52.806974 ], [ 13.718438, 52.806867 ], [ 13.718601, 52.806829 ], [ 13.718352, 52.806812 ], [ 13.718065, 52.806833 ], [ 13.71786, 52.80695 ], [ 13.717816, 52.807278 ], [ 13.71771, 52.807375 ], [ 13.717281, 52.807507 ], [ 13.717596, 52.807496 ], [ 13.718144, 52.807307 ], [ 13.718513, 52.807406 ], [ 13.718704, 52.807398 ], [ 13.718881, 52.807445 ], [ 13.718928, 52.807517 ] ] ] } },
{ "type": "Feature", "properties": { "boden": "100 % mittel, mäßig frisch (M2)" }, "geometry": { "type": "Polygon", "coordinates": [ [ [ 13.720698, 52.807156 ], [ 13.720599, 52.807101 ], [ 13.720479, 52.807122 ], [ 13.720136, 52.807257 ], [ 13.720322, 52.807317 ], [ 13.720504, 52.807274 ], [ 13.720698, 52.807156 ] ] ] } },
{ "type": "Feature", "properties": { "boden": "100 % kräftig, mäßig frisch (K2g)" }, "geometry": { "type": "Polygon", "coordinates": [ [ [ 13.723836, 52.807429 ], [ 13.724582, 52.807317 ], [ 13.724745, 52.807205 ], [ 13.725395, 52.806966 ], [ 13.725209, 52.806817 ], [ 13.724967, 52.806756 ], [ 13.724418, 52.806781 ], [ 13.72351, 52.806565 ], [ 13.722902, 52.806534 ], [ 13.721253, 52.806973 ], [ 13.720891, 52.80794 ], [ 13.722155, 52.808088 ], [ 13.722786, 52.808086 ], [ 13.723074, 52.807752 ], [ 13.723836, 52.807429 ] ], [ [ 13.721767, 52.807606 ], [ 13.721505, 52.80737 ], [ 13.72147, 52.80725 ], [ 13.721541, 52.807192 ], [ 13.722412, 52.806865 ], [ 13.722871, 52.806794 ], [ 13.722881, 52.806886 ], [ 13.72261, 52.807098 ], [ 13.721998, 52.807418 ], [ 13.721914, 52.807532 ], [ 13.722157, 52.807563 ], [ 13.722456, 52.807526 ], [ 13.722632, 52.807156 ], [ 13.722811, 52.807114 ], [ 13.722988, 52.80716 ], [ 13.723059, 52.807269 ], [ 13.722812, 52.80753 ], [ 13.722882, 52.807638 ], [ 13.722805, 52.807745 ], [ 13.722626, 52.807788 ], [ 13.722449, 52.807741 ], [ 13.721971, 52.807821 ], [ 13.721794, 52.807774 ], [ 13.721724, 52.807666 ], [ 13.721767, 52.807606 ] ], [ [ 13.723822, 52.807207 ], [ 13.723745, 52.807314 ], [ 13.723566, 52.807356 ], [ 13.723389, 52.80731 ], [ 13.723319, 52.807201 ], [ 13.723396, 52.807094 ], [ 13.723575, 52.807051 ], [ 13.723752, 52.807098 ], [ 13.723822, 52.807207 ] ] ] } },
{ "type": "Feature", "properties": { "boden": "100 % ziemlich arm, mäßig frisch (Z2)" }, "geometry": { "type": "Polygon", "coordinates": [ [ [ 13.70322, 52.80738 ], [ 13.703581, 52.807392 ], [ 13.703658, 52.807285 ], [ 13.703588, 52.807176 ], [ 13.703411, 52.80713 ], [ 13.703232, 52.807172 ], [ 13.703155, 52.807279 ], [ 13.70322, 52.80738 ] ] ] } },
{ "type": "Feature", "properties": { "boden": "100 % ziemlich arm, mäßig frisch (Z2)" }, "geometry": { "type": "Polygon", "coordinates": [ [ [ 13.704382, 52.807335 ], [ 13.704311, 52.807226 ], [ 13.704134, 52.807179 ], [ 13.703955, 52.807222 ], [ 13.703878, 52.807329 ], [ 13.703948, 52.807436 ], [ 13.704058, 52.807447 ], [ 13.704337, 52.807397 ], [ 13.704382, 52.807335 ] ] ] } },
{ "type": "Feature", "properties": { "boden": "100 % ziemlich arm, mäßig frisch (Z2)" }, "geometry": { "type": "Polygon", "coordinates": [ [ [ 13.702809, 52.807182 ], [ 13.702614, 52.807108 ], [ 13.702435, 52.80715 ], [ 13.702358, 52.807257 ], [ 13.702079, 52.807369 ], [ 13.702031, 52.807521 ], [ 13.702329, 52.807324 ], [ 13.702809, 52.807182 ] ] ] } },
{ "type": "Feature", "properties": { "boden": "100 % ziemlich arm, mäßig frisch (Z2)" }, "geometry": { "type": "Polygon", "coordinates": [ [ [ 13.702862, 52.807263 ], [ 13.702809, 52.807182 ], [ 13.70275, 52.807185 ], [ 13.702329, 52.807324 ], [ 13.702031, 52.807521 ], [ 13.702073, 52.807584 ], [ 13.702217, 52.807622 ], [ 13.702387, 52.807575 ], [ 13.702601, 52.807413 ], [ 13.70278, 52.807378 ], [ 13.702862, 52.807263 ] ] ] } },
{ "type": "Feature", "properties": { "boden": "100 % mittel, nass (NM1)" }, "geometry": { "type": "Polygon", "coordinates": [ [ [ 13.705324, 52.807555 ], [ 13.706316, 52.807659 ], [ 13.70638, 52.807575 ], [ 13.706333, 52.807482 ], [ 13.705686, 52.807375 ], [ 13.705122, 52.807382 ], [ 13.705324, 52.807555 ] ] ] } },
{ "type": "Feature", "properties": { "boden": "100 % ziemlich arm, mäßig frisch (Z2)" }, "geometry": { "type": "Polygon", "coordinates": [ [ [ 13.70651, 52.807695 ], [ 13.705324, 52.807555 ], [ 13.705082, 52.807691 ], [ 13.705153, 52.8078 ], [ 13.70533, 52.807846 ], [ 13.706038, 52.807879 ], [ 13.706328, 52.807954 ], [ 13.706507, 52.807911 ], [ 13.706584, 52.807804 ], [ 13.70651, 52.807695 ] ] ] } },
{ "type": "Feature", "properties": { "boden": "100 % arm, nass (OA3)" }, "geometry": { "type": "Polygon", "coordinates": [ [ [ 13.702866, 52.80821 ], [ 13.703826, 52.808299 ], [ 13.704234, 52.808159 ], [ 13.704345, 52.808109 ], [ 13.704357, 52.80803 ], [ 13.705324, 52.807555 ], [ 13.704992, 52.807268 ], [ 13.704863, 52.80724 ], [ 13.70463, 52.807336 ], [ 13.704058, 52.807447 ], [ 13.70322, 52.80738 ], [ 13.703191, 52.807335 ], [ 13.70278, 52.807378 ], [ 13.702601, 52.807413 ], [ 13.702387, 52.807575 ], [ 13.702217, 52.807622 ], [ 13.701939, 52.808265 ], [ 13.702532, 52.808293 ], [ 13.702866, 52.80821 ] ] ] } },
{ "type": "Feature", "properties": { "boden": "100 % ziemlich arm, mäßig frisch (Z2)" }, "geometry": { "type": "Polygon", "coordinates": [ [ [ 13.702093, 52.807893 ], [ 13.701894, 52.807811 ], [ 13.701715, 52.807854 ], [ 13.701638, 52.807961 ], [ 13.701708, 52.80807 ], [ 13.701885, 52.808116 ], [ 13.702033, 52.808081 ], [ 13.702093, 52.807893 ] ] ] } },
{ "type": "Feature", "properties": { "boden": "100 % ziemlich arm, mäßig frisch (Z2)" }, "geometry": { "type": "Polygon", "coordinates": [ [ [ 13.700189, 52.80799 ], [ 13.700259, 52.808098 ], [ 13.700436, 52.808145 ], [ 13.700615, 52.808102 ], [ 13.700692, 52.807995 ], [ 13.700621, 52.807887 ], [ 13.700445, 52.80784 ], [ 13.700266, 52.807883 ], [ 13.700189, 52.80799 ] ] ] } },
{ "type": "Feature", "properties": { "boden": "100 % ziemlich arm, mäßig frisch (Z2)" }, "geometry": { "type": "Polygon", "coordinates": [ [ [ 13.70011, 52.808225 ], [ 13.699869, 52.808038 ], [ 13.699856, 52.807945 ], [ 13.700012, 52.807761 ], [ 13.699942, 52.807652 ], [ 13.699765, 52.807605 ], [ 13.699586, 52.807648 ], [ 13.699498, 52.807924 ], [ 13.699323, 52.807986 ], [ 13.699246, 52.808093 ], [ 13.699316, 52.808202 ], [ 13.699493, 52.808248 ], [ 13.699701, 52.808225 ], [ 13.700015, 52.808368 ], [ 13.700194, 52.808325 ], [ 13.70026, 52.808233 ], [ 13.70011, 52.808225 ] ] ] } },
{ "type": "Feature", "properties": { "boden": "100 % mittel, mäßig frisch (M2)" }, "geometry": { "type": "Polygon", "coordinates": [ [ [ 13.720322, 52.807317 ], [ 13.720136, 52.807257 ], [ 13.719915, 52.807453 ], [ 13.719882, 52.807549 ], [ 13.720108, 52.807594 ], [ 13.720163, 52.807483 ], [ 13.720504, 52.807274 ], [ 13.720322, 52.807317 ] ] ] } },
{ "type": "Feature", "properties": { "boden": "100 % kräftig, mäßig frisch (K2g)" }, "geometry": { "type": "Polygon", "coordinates": [ [ [ 13.721801, 52.807559 ], [ 13.721724, 52.807666 ], [ 13.721794, 52.807774 ], [ 13.721971, 52.807821 ], [ 13.722449, 52.807741 ], [ 13.722626, 52.807788 ], [ 13.722805, 52.807745 ], [ 13.722882, 52.807638 ], [ 13.722812, 52.80753 ], [ 13.723059, 52.807269 ], [ 13.722988, 52.80716 ], [ 13.722811, 52.807114 ], [ 13.722632, 52.807156 ], [ 13.722456, 52.807526 ], [ 13.722157, 52.807563 ], [ 13.72198, 52.807516 ], [ 13.721801, 52.807559 ] ] ] } },
{ "type": "Feature", "properties": { "boden": "100 % mittel, mäßig frisch (M2)" }, "geometry": { "type": "Polygon", "coordinates": [ [ [ 13.719997, 52.807825 ], [ 13.720108, 52.807594 ], [ 13.719926, 52.807539 ], [ 13.719747, 52.807582 ], [ 13.71967, 52.807689 ], [ 13.71974, 52.807797 ], [ 13.719917, 52.807844 ], [ 13.719997, 52.807825 ] ] ] } },
{ "type": "Feature", "properties": { "boden": "100 % mittel, mäßig frisch (M2g)" }, "geometry": { "type": "Polygon", "coordinates": [ [ [ 13.725908, 52.807455 ], [ 13.725657, 52.807553 ], [ 13.725487, 52.807787 ], [ 13.725829, 52.80817 ], [ 13.725782, 52.807743 ], [ 13.725846, 52.807574 ], [ 13.725945, 52.807505 ], [ 13.726139, 52.807477 ], [ 13.725908, 52.807455 ] ] ] } },
{ "type": "Feature", "properties": { "boden": "70 % reich, nass (OR3) · 30 % reich, nass (NR1)" }, "geometry": { "type": "Polygon", "coordinates": [ [ [ 13.728225, 52.806248 ], [ 13.72825, 52.806032 ], [ 13.727956, 52.806042 ], [ 13.727745, 52.806157 ], [ 13.727446, 52.806239 ], [ 13.727298, 52.806355 ], [ 13.727205, 52.806358 ], [ 13.726785, 52.806646 ], [ 13.726429, 52.806763 ], [ 13.726096, 52.807011 ], [ 13.725611, 52.807101 ], [ 13.725203, 52.807343 ], [ 13.724853, 52.807915 ], [ 13.72485, 52.808144 ], [ 13.724704, 52.808552 ], [ 13.724231, 52.809005 ], [ 13.723875, 52.809258 ], [ 13.723866, 52.809316 ], [ 13.723963, 52.809308 ], [ 13.724145, 52.809557 ], [ 13.724144, 52.809948 ], [ 13.723974, 52.810315 ], [ 13.724542, 52.80969 ], [ 13.724788, 52.809318 ], [ 13.725211, 52.808918 ], [ 13.725342, 52.808568 ], [ 13.725307, 52.807766 ], [ 13.72545, 52.80752 ], [ 13.725701, 52.80732 ], [ 13.727538, 52.806481 ], [ 13.728212, 52.806346 ], [ 13.728575, 52.806342 ], [ 13.728225, 52.806248 ] ] ] } },
{ "type": "Feature", "properties": { "boden": "100 % mittel, mäßig frisch (M2)" }, "geometry": { "type": "Polygon", "coordinates": [ [ [ 13.720075, 52.808112 ], [ 13.719838, 52.80814 ], [ 13.719761, 52.808247 ], [ 13.719831, 52.808355 ], [ 13.720008, 52.808402 ], [ 13.720161, 52.808365 ], [ 13.720075, 52.808112 ] ] ] } },
{ "type": "Feature", "properties": { "boden": "100 % reich, frisch (RC1)" }, "geometry": { "type": "Polygon", "coordinates": [ [ [ 13.723074, 52.807752 ], [ 13.722786, 52.808086 ], [ 13.722155, 52.808088 ], [ 13.720891, 52.80794 ], [ 13.720577, 52.808786 ], [ 13.721177, 52.808815 ], [ 13.721854, 52.808993 ], [ 13.72335, 52.80882 ], [ 13.724489, 52.808576 ], [ 13.724077, 52.808203 ], [ 13.72337, 52.80816 ], [ 13.723337, 52.807611 ], [ 13.723074, 52.807752 ] ] ] } },
{ "type": "Feature", "properties": { "boden": "100 % mittel, mäßig frisch (M2)" }, "geometry": { "type": "Polygon", "coordinates": [ [ [ 13.725865, 52.808581 ], [ 13.725919, 52.80838 ], [ 13.725751, 52.808345 ], [ 13.725568, 52.808571 ], [ 13.725763, 52.808645 ], [ 13.725865, 52.808581 ] ] ] } },
{ "type": "Feature", "properties": { "boden": "100 % mittel, trocken (vermutet) (M3)" }, "geometry": { "type": "Polygon", "coordinates": [ [ [ 13.725945, 52.807505 ], [ 13.725846, 52.807574 ], [ 13.725782, 52.807743 ], [ 13.725838, 52.80825 ], [ 13.725751, 52.808345 ], [ 13.725919, 52.80838 ], [ 13.725921, 52.808444 ], [ 13.725625, 52.809038 ], [ 13.725664, 52.809619 ], [ 13.725404, 52.81 ], [ 13.725413, 52.810283 ], [ 13.725543, 52.810372 ], [ 13.726174, 52.808255 ], [ 13.72635, 52.808084 ], [ 13.727018, 52.807683 ], [ 13.726746, 52.807538 ], [ 13.72628, 52.807529 ], [ 13.726139, 52.807477 ], [ 13.725945, 52.807505 ] ] ] } },
{ "type": "Feature", "properties": { "boden": "100 % mittel, mäßig frisch (M2)" }, "geometry": { "type": "Polygon", "coordinates": [ [ [ 13.725611, 52.809276 ], [ 13.725642, 52.808976 ], [ 13.72562, 52.808971 ], [ 13.725537, 52.80899 ], [ 13.725395, 52.809169 ], [ 13.725434, 52.809229 ], [ 13.725611, 52.809276 ] ] ] } },
{ "type": "Feature", "properties": { "boden": "100 % mittel, mäßig frisch (M2g)" }, "geometry": { "type": "Polygon", "coordinates": [ [ [ 13.712087, 52.807785 ], [ 13.711908, 52.807827 ], [ 13.711831, 52.807934 ], [ 13.711902, 52.808043 ], [ 13.712078, 52.80809 ], [ 13.712258, 52.808047 ], [ 13.712334, 52.80794 ], [ 13.712264, 52.807831 ], [ 13.712087, 52.807785 ] ] ] } },
{ "type": "Feature", "properties": { "boden": "100 % mittel, mäßig frisch (M2g)" }, "geometry": { "type": "Polygon", "coordinates": [ [ [ 13.708109, 52.808177 ], [ 13.708231, 52.80806 ], [ 13.708257, 52.807938 ], [ 13.708395, 52.807904 ], [ 13.708472, 52.807797 ], [ 13.708402, 52.807689 ], [ 13.708225, 52.807642 ], [ 13.707897, 52.807767 ], [ 13.707733, 52.807724 ], [ 13.707554, 52.807766 ], [ 13.707477, 52.807873 ], [ 13.707515, 52.807932 ], [ 13.708109, 52.808177 ] ] ] } },
{ "type": "Feature", "properties": { "boden": "70 % mittel, mäßig frisch (M2) · 30 % kräftig, nass (NK2)" }, "geometry": { "type": "Polygon", "coordinates": [ [ [ 13.715412, 52.80795 ], [ 13.715354, 52.808031 ], [ 13.715424, 52.80814 ], [ 13.715601, 52.808186 ], [ 13.71578, 52.808144 ], [ 13.715857, 52.808037 ], [ 13.715786, 52.807928 ], [ 13.71566, 52.807895 ], [ 13.715412, 52.80795 ] ] ] } },
{ "type": "Feature", "properties": { "boden": "70 % mittel, mäßig frisch (M2) · 30 % kräftig, nass (NK2)" }, "geometry": { "type": "Polygon", "coordinates": [ [ [ 13.718698, 52.80773 ], [ 13.718727, 52.807867 ], [ 13.71865, 52.807974 ], [ 13.718471, 52.808017 ], [ 13.718327, 52.807979 ], [ 13.718188, 52.808171 ], [ 13.717997, 52.808177 ], [ 13.717855, 52.808007 ], [ 13.71778, 52.807866 ], [ 13.717876, 52.807732 ], [ 13.717464, 52.807771 ], [ 13.717571, 52.808035 ], [ 13.717494, 52.808142 ], [ 13.717315, 52.808185 ], [ 13.717138, 52.808138 ], [ 13.717068, 52.80803 ], [ 13.717144, 52.807923 ], [ 13.717037, 52.807658 ], [ 13.717113, 52.807552 ], [ 13.716592, 52.807686 ], [ 13.716684, 52.8078 ], [ 13.716607, 52.807907 ], [ 13.716427, 52.807949 ], [ 13.716251, 52.807903 ], [ 13.716194, 52.807775 ], [ 13.71566, 52.807895 ], [ 13.715786, 52.807928 ], [ 13.715857, 52.808037 ], [ 13.71578, 52.808144 ], [ 13.715601, 52.808186 ], [ 13.715424, 52.80814 ], [ 13.715354, 52.808031 ], [ 13.715412, 52.80795 ], [ 13.714902, 52.808081 ], [ 13.715052, 52.808121 ], [ 13.715123, 52.808229 ], [ 13.71484, 52.808602 ], [ 13.715233, 52.808582 ], [ 13.715655, 52.808495 ], [ 13.716645, 52.808148 ], [ 13.716924, 52.808122 ], [ 13.717724, 52.808273 ], [ 13.718169, 52.808306 ], [ 13.718696, 52.808043 ], [ 13.718889, 52.807655 ], [ 13.718698, 52.80773 ] ] ] } },
{ "type": "Feature", "properties": { "boden": "100 % mittel, mäßig frisch (M2g)" }, "geometry": { "type": "Polygon", "coordinates": [ [ [ 13.710899, 52.807883 ], [ 13.71072, 52.807925 ], [ 13.710643, 52.808032 ], [ 13.710714, 52.808141 ], [ 13.71089, 52.808188 ], [ 13.71107, 52.808145 ], [ 13.711146, 52.808038 ], [ 13.711076, 52.807929 ], [ 13.710899, 52.807883 ] ] ] } },
{ "type": "Feature", "properties": { "boden": "100 % mittel, mäßig frisch (M2)" }, "geometry": { "type": "Polygon", "coordinates": [ [ [ 13.713661, 52.809442 ], [ 13.7143, 52.809244 ], [ 13.714011, 52.809241 ], [ 13.714065, 52.809168 ], [ 13.714992, 52.808894 ], [ 13.715274, 52.808859 ], [ 13.715563, 52.808917 ], [ 13.716259, 52.809288 ], [ 13.717045, 52.809396 ], [ 13.71755, 52.809443 ], [ 13.719131, 52.809421 ], [ 13.719359, 52.809348 ], [ 13.720024, 52.808906 ], [ 13.720454, 52.808789 ], [ 13.720161, 52.808365 ], [ 13.720008, 52.808402 ], [ 13.719831, 52.808355 ], [ 13.719761, 52.808247 ], [ 13.719838, 52.80814 ], [ 13.720075, 52.808112 ], [ 13.719997, 52.807825 ], [ 13.719917, 52.807844 ], [ 13.71974, 52.807797 ], [ 13.71967, 52.807689 ], [ 13.719747, 52.807582 ], [ 13.719882, 52.807549 ], [ 13.719915, 52.807453 ], [ 13.720136, 52.807257 ], [ 13.720074, 52.807161 ], [ 13.720151, 52.807054 ], [ 13.72033, 52.807012 ], [ 13.720705, 52.806814 ], [ 13.719039, 52.806755 ], [ 13.718948, 52.806851 ], [ 13.71914, 52.80693 ], [ 13.719185, 52.807073 ], [ 13.719135, 52.807282 ], [ 13.718944, 52.807457 ], [ 13.718696, 52.808043 ], [ 13.718169, 52.808306 ], [ 13.717724, 52.808273 ], [ 13.716924, 52.808122 ], [ 13.716645, 52.808148 ], [ 13.715655, 52.808495 ], [ 13.71492, 52.808617 ], [ 13.714446, 52.808527 ], [ 13.71441, 52.808266 ], [ 13.714405, 52.808162 ], [ 13.714719, 52.807927 ], [ 13.714861, 52.807711 ], [ 13.713662, 52.807935 ], [ 13.71365, 52.808039 ], [ 13.713816, 52.808168 ], [ 13.713795, 52.808345 ], [ 13.71326, 52.808395 ], [ 13.712742, 52.808363 ], [ 13.712889, 52.808883 ], [ 13.712649, 52.809309 ], [ 13.713375, 52.809454 ], [ 13.713661, 52.809442 ] ], [ [ 13.717241, 52.808683 ], [ 13.716887, 52.808918 ], [ 13.716608, 52.808972 ], [ 13.71613, 52.808916 ], [ 13.715827, 52.808687 ], [ 13.715838, 52.808611 ], [ 13.715977, 52.808528 ], [ 13.716453, 52.808389 ], [ 13.71795, 52.808425 ], [ 13.718469, 52.808387 ], [ 13.718634, 52.808459 ], [ 13.718584, 52.808625 ], [ 13.718381, 52.808689 ], [ 13.717662, 52.80864 ], [ 13.717241, 52.808683 ] ] ] } },
{ "type": "Feature", "properties": { "boden": "100 % mittel, mäßig frisch (M2g)" }, "geometry": { "type": "Polygon", "coordinates": [ [ [ 13.710578, 52.808204 ], [ 13.710508, 52.808095 ], [ 13.710331, 52.808049 ], [ 13.710034, 52.808054 ], [ 13.709857, 52.808007 ], [ 13.709552, 52.808039 ], [ 13.709023, 52.807934 ], [ 13.708844, 52.807977 ], [ 13.708767, 52.808084 ], [ 13.708837, 52.808192 ], [ 13.709366, 52.808298 ], [ 13.709546, 52.808255 ], [ 13.709848, 52.808312 ], [ 13.71004, 52.808289 ], [ 13.710322, 52.808354 ], [ 13.710501, 52.808311 ], [ 13.710578, 52.808204 ] ] ] } },
{ "type": "Feature", "properties": { "boden": "100 % mittel, mäßig frisch (M2g)" }, "geometry": { "type": "Polygon", "coordinates": [ [ [ 13.711642, 52.808409 ], [ 13.711784, 52.808286 ], [ 13.711713, 52.808177 ], [ 13.711536, 52.808131 ], [ 13.711357, 52.808174 ], [ 13.71128, 52.808281 ], [ 13.711351, 52.808389 ], [ 13.711642, 52.808409 ] ] ] } },
{ "type": "Feature", "properties": { "boden": "70 % mittel, mäßig frisch (M2) · 30 % kräftig, nass (NK2)" }, "geometry": { "type": "Polygon", "coordinates": [ [ [ 13.714902, 52.808081 ], [ 13.71441, 52.808266 ], [ 13.714446, 52.808527 ], [ 13.71484, 52.808602 ], [ 13.715123, 52.808229 ], [ 13.715052, 52.808121 ], [ 13.714902, 52.808081 ] ] ] } },
{ "type": "Feature", "properties": { "boden": "50 % mittel, trocken (vermutet) (M3) · 50 % ziemlich arm, trocken (vermutet) (Z3)" }, "geometry": { "type": "Polygon", "coordinates": [ [ [ 13.709753, 52.808372 ], [ 13.709225, 52.808466 ], [ 13.709115, 52.808507 ], [ 13.709079, 52.808582 ], [ 13.709325, 52.808659 ], [ 13.709624, 52.808661 ], [ 13.709757, 52.808608 ], [ 13.709835, 52.808485 ], [ 13.709753, 52.808372 ] ] ] } },
{ "type": "Feature", "properties": { "boden": "100 % mittel, trocken (vermutet) (M3)" }, "geometry": { "type": "Polygon", "coordinates": [ [ [ 13.717662, 52.80864 ], [ 13.718502, 52.808668 ], [ 13.718625, 52.80856 ], [ 13.718634, 52.808459 ], [ 13.718469, 52.808387 ], [ 13.71795, 52.808425 ], [ 13.716453, 52.808389 ], [ 13.715977, 52.808528 ], [ 13.715838, 52.808611 ], [ 13.715827, 52.808687 ], [ 13.71613, 52.808916 ], [ 13.716608, 52.808972 ], [ 13.716887, 52.808918 ], [ 13.717241, 52.808683 ], [ 13.717662, 52.80864 ] ] ] } },
{ "type": "Feature", "properties": { "boden": "50 % mittel, mäßig frisch (M2) · 50 % ziemlich arm, mäßig frisch (Z2)" }, "geometry": { "type": "Polygon", "coordinates": [ [ [ 13.71206, 52.809169 ], [ 13.712649, 52.809309 ], [ 13.712784, 52.80915 ], [ 13.712889, 52.808883 ], [ 13.712742, 52.808363 ], [ 13.711642, 52.808409 ], [ 13.709753, 52.808372 ], [ 13.709835, 52.808485 ], [ 13.709797, 52.808565 ], [ 13.709533, 52.808671 ], [ 13.709152, 52.808616 ], [ 13.709067, 52.808546 ], [ 13.709225, 52.808466 ], [ 13.709666, 52.80837 ], [ 13.708405, 52.808268 ], [ 13.7073, 52.807842 ], [ 13.707126, 52.808096 ], [ 13.706941, 52.809032 ], [ 13.707988, 52.809015 ], [ 13.708898, 52.80907 ], [ 13.709645, 52.809178 ], [ 13.71013, 52.8093 ], [ 13.710347, 52.809451 ], [ 13.710367, 52.809575 ], [ 13.711795, 52.809204 ], [ 13.71206, 52.809169 ] ], [ [ 13.710845, 52.808822 ], [ 13.710852, 52.808736 ], [ 13.711033, 52.808674 ], [ 13.711828, 52.808623 ], [ 13.712272, 52.808646 ], [ 13.71251, 52.808761 ], [ 13.712423, 52.808822 ], [ 13.712001, 52.808863 ], [ 13.710959, 52.808855 ], [ 13.710845, 52.808822 ] ] ] } },
{ "type": "Feature", "properties": { "boden": "50 % mittel, trocken (vermutet) (M3) · 50 % ziemlich arm, trocken (vermutet) (Z3)" }, "geometry": { "type": "Polygon", "coordinates": [ [ [ 13.710959, 52.808855 ], [ 13.712309, 52.808845 ], [ 13.71251, 52.808761 ], [ 13.712272, 52.808646 ], [ 13.711828, 52.808623 ], [ 13.711119, 52.808656 ], [ 13.710817, 52.808764 ], [ 13.710845, 52.808822 ], [ 13.710959, 52.808855 ] ] ] } },
{ "type": "Feature", "properties": { "boden": "100 % mittel, mäßig frisch (M2)" }, "geometry": { "type": "Polygon", "coordinates": [ [ [ 13.7143, 52.809244 ], [ 13.714912, 52.808938 ], [ 13.714065, 52.809168 ], [ 13.714011, 52.809241 ], [ 13.7143, 52.809244 ] ] ] } },
{ "type": "Feature", "properties": { "boden": "100 % kräftig, frisch (K1)" }, "geometry": { "type": "Polygon", "coordinates": [ [ [ 13.715749, 52.809745 ], [ 13.717141, 52.809669 ], [ 13.718584, 52.809753 ], [ 13.71876, 52.809716 ], [ 13.719083, 52.809538 ], [ 13.719131, 52.809421 ], [ 13.71755, 52.809443 ], [ 13.716259, 52.809288 ], [ 13.715563, 52.808917 ], [ 13.715274, 52.808859 ], [ 13.714992, 52.808894 ], [ 13.714134, 52.809322 ], [ 13.713661, 52.809442 ], [ 13.713619, 52.809893 ], [ 13.71416, 52.809926 ], [ 13.715088, 52.809774 ], [ 13.715247, 52.80903 ], [ 13.71547, 52.809019 ], [ 13.715607, 52.809141 ], [ 13.715639, 52.809569 ], [ 13.715749, 52.809745 ] ] ] } },
{ "type": "Feature", "properties": { "boden": "100 % mittel, mäßig frisch (M2g)" }, "geometry": { "type": "Polygon", "coordinates": [ [ [ 13.710347, 52.809451 ], [ 13.71013, 52.8093 ], [ 13.709645, 52.809178 ], [ 13.708898, 52.80907 ], [ 13.707988, 52.809015 ], [ 13.706941, 52.809032 ], [ 13.706511, 52.808929 ], [ 13.706332, 52.808934 ], [ 13.706214, 52.809008 ], [ 13.706182, 52.809135 ], [ 13.706246, 52.809273 ], [ 13.706758, 52.809603 ], [ 13.707095, 52.809728 ], [ 13.707917, 52.809667 ], [ 13.708445, 52.809678 ], [ 13.709766, 52.809838 ], [ 13.710079, 52.80981 ], [ 13.710339, 52.809691 ], [ 13.710347, 52.809451 ] ] ] } },
{ "type": "Feature", "properties": { "boden": "100 % mittel, mäßig frisch (M2g)" }, "geometry": { "type": "Polygon", "coordinates": [ [ [ 13.712377, 52.809595 ], [ 13.712307, 52.809486 ], [ 13.71213, 52.809439 ], [ 13.711951, 52.809482 ], [ 13.711874, 52.809589 ], [ 13.711948, 52.809704 ], [ 13.712006, 52.809646 ], [ 13.712307, 52.809692 ], [ 13.712377, 52.809595 ] ] ] } },
{ "type": "Feature", "properties": { "boden": "100 % mittel, mäßig frisch (M2g)" }, "geometry": { "type": "Polygon", "coordinates": [ [ [ 13.713207, 52.80983 ], [ 13.71336, 52.809705 ], [ 13.713289, 52.809596 ], [ 13.713113, 52.80955 ], [ 13.712933, 52.809592 ], [ 13.712856, 52.809699 ], [ 13.712912, 52.809785 ], [ 13.713207, 52.80983 ] ] ] } },
{ "type": "Feature", "properties": { "boden": "100 % kräftig, nass (OK3)" }, "geometry": { "type": "Polygon", "coordinates": [ [ [ 13.719083, 52.809538 ], [ 13.71876, 52.809716 ], [ 13.718584, 52.809753 ], [ 13.717141, 52.809669 ], [ 13.715749, 52.809745 ], [ 13.716137, 52.809934 ], [ 13.716933, 52.809835 ], [ 13.717375, 52.809826 ], [ 13.718704, 52.810034 ], [ 13.718858, 52.809986 ], [ 13.719014, 52.809821 ], [ 13.719267, 52.809698 ], [ 13.719813, 52.809524 ], [ 13.719083, 52.809538 ] ] ] } },
{ "type": "Feature", "properties": { "boden": "100 % mittel, mäßig frisch (M2g)" }, "geometry": { "type": "Polygon", "coordinates": [ [ [ 13.712293, 52.809973 ], [ 13.711954, 52.809842 ], [ 13.711845, 52.809984 ], [ 13.711916, 52.810093 ], [ 13.712092, 52.810139 ], [ 13.712272, 52.810096 ], [ 13.712293, 52.809973 ] ] ] } },
{ "type": "Feature", "properties": { "boden": "100 % ziemlich arm, mäßig frisch (Z2)" }, "geometry": { "type": "Polygon", "coordinates": [ [ [ 13.700259, 52.808098 ], [ 13.700189, 52.80799 ], [ 13.700238, 52.807921 ], [ 13.699856, 52.807945 ], [ 13.699869, 52.808038 ], [ 13.70011, 52.808225 ], [ 13.700299, 52.808236 ], [ 13.700386, 52.8082 ], [ 13.70041, 52.808138 ], [ 13.700259, 52.808098 ] ] ] } },
{ "type": "Feature", "properties": { "boden": "100 % arm, nass (OA3)" }, "geometry": { "type": "Polygon", "coordinates": [ [ [ 13.704345, 52.808109 ], [ 13.703855, 52.808258 ], [ 13.703826, 52.808299 ], [ 13.704315, 52.808308 ], [ 13.704345, 52.808109 ] ] ] } },
{ "type": "Feature", "properties": { "boden": "100 % ziemlich arm, mäßig frisch (Z2)" }, "geometry": { "type": "Polygon", "coordinates": [ [ [ 13.704357, 52.80803 ], [ 13.704315, 52.808308 ], [ 13.703826, 52.808299 ], [ 13.703778, 52.808365 ], [ 13.703849, 52.808473 ], [ 13.704025, 52.80852 ], [ 13.704205, 52.808477 ], [ 13.704395, 52.808324 ], [ 13.704783, 52.808212 ], [ 13.70486, 52.808105 ], [ 13.704789, 52.807997 ], [ 13.704612, 52.80795 ], [ 13.704357, 52.80803 ] ] ] } },
{ "type": "Feature", "properties": { "boden": "100 % ziemlich arm, mäßig frisch (Z2)" }, "geometry": { "type": "Polygon", "coordinates": [ [ [ 13.702983, 52.808216 ], [ 13.702939, 52.808278 ], [ 13.703009, 52.808387 ], [ 13.703186, 52.808433 ], [ 13.703365, 52.808391 ], [ 13.70342, 52.808249 ], [ 13.702983, 52.808216 ] ] ] } },
{ "type": "Feature", "properties": { "boden": "100 % ziemlich arm, trocken (vermutet) (Z3)" }, "geometry": { "type": "Polygon", "coordinates": [ [ [ 13.702977, 52.808465 ], [ 13.702812, 52.808547 ], [ 13.70333, 52.808808 ], [ 13.704222, 52.80905 ], [ 13.704583, 52.809046 ], [ 13.704613, 52.808971 ], [ 13.704542, 52.808847 ], [ 13.704298, 52.80866 ], [ 13.702977, 52.808465 ] ] ] } },
{ "type": "Feature", "properties": { "boden": "100 % ziemlich arm, trocken (vermutet) (Z3)" }, "geometry": { "type": "Polygon", "coordinates": [ [ [ 13.701934, 52.808696 ], [ 13.701796, 52.808722 ], [ 13.701787, 52.808869 ], [ 13.7019, 52.808969 ], [ 13.70231, 52.809114 ], [ 13.702362, 52.809053 ], [ 13.702221, 52.8088 ], [ 13.701934, 52.808696 ] ] ] } },
{ "type": "Feature", "properties": { "boden": "100 % ziemlich arm, mäßig frisch (Z2)" }, "geometry": { "type": "Polygon", "coordinates": [ [ [ 13.706751, 52.811628 ], [ 13.706646, 52.811512 ], [ 13.706061, 52.811231 ], [ 13.706108, 52.81073 ], [ 13.706632, 52.810577 ], [ 13.707426, 52.810519 ], [ 13.707812, 52.810609 ], [ 13.707978, 52.81072 ], [ 13.708883, 52.810824 ], [ 13.709311, 52.810957 ], [ 13.710527, 52.810396 ], [ 13.710455, 52.810257 ], [ 13.710331, 52.810138 ], [ 13.709863, 52.809978 ], [ 13.709766, 52.809838 ], [ 13.708445, 52.809678 ], [ 13.707917, 52.809667 ], [ 13.707095, 52.809728 ], [ 13.706758, 52.809603 ], [ 13.706246, 52.809273 ], [ 13.706182, 52.809135 ], [ 13.706214, 52.809008 ], [ 13.706332, 52.808934 ], [ 13.706511, 52.808929 ], [ 13.706941, 52.809032 ], [ 13.707126, 52.808096 ], [ 13.7073, 52.807842 ], [ 13.70651, 52.807695 ], [ 13.706584, 52.807804 ], [ 13.706507, 52.807911 ], [ 13.706328, 52.807954 ], [ 13.706038, 52.807879 ], [ 13.70533, 52.807846 ], [ 13.705153, 52.8078 ], [ 13.705101, 52.807665 ], [ 13.704434, 52.807993 ], [ 13.704612, 52.80795 ], [ 13.704789, 52.807997 ], [ 13.70486, 52.808105 ], [ 13.704783, 52.808212 ], [ 13.704395, 52.808324 ], [ 13.704205, 52.808477 ], [ 13.704025, 52.80852 ], [ 13.703849, 52.808473 ], [ 13.703778, 52.808365 ], [ 13.703826, 52.808299 ], [ 13.70342, 52.808249 ], [ 13.703365, 52.808391 ], [ 13.703186, 52.808433 ], [ 13.703009, 52.808387 ], [ 13.702939, 52.808278 ], [ 13.702983, 52.808216 ], [ 13.702532, 52.808293 ], [ 13.701939, 52.808265 ], [ 13.702033, 52.808081 ], [ 13.701885, 52.808116 ], [ 13.701708, 52.80807 ], [ 13.701638, 52.807961 ], [ 13.701715, 52.807854 ], [ 13.701894, 52.807811 ], [ 13.702093, 52.807893 ], [ 13.702217, 52.807622 ], [ 13.702073, 52.807584 ], [ 13.702002, 52.807476 ], [ 13.702079, 52.807369 ], [ 13.702358, 52.807257 ], [ 13.702435, 52.80715 ], [ 13.702614, 52.807108 ], [ 13.702791, 52.807154 ], [ 13.702862, 52.807263 ], [ 13.70278, 52.807378 ], [ 13.703024, 52.807379 ], [ 13.703191, 52.807335 ], [ 13.703155, 52.807279 ], [ 13.703232, 52.807172 ], [ 13.703411, 52.80713 ], [ 13.703588, 52.807176 ], [ 13.703658, 52.807285 ], [ 13.703534, 52.807403 ], [ 13.703948, 52.807436 ], [ 13.703878, 52.807329 ], [ 13.703955, 52.807222 ], [ 13.704134, 52.807179 ], [ 13.704311, 52.807226 ], [ 13.704382, 52.807335 ], [ 13.704337, 52.807397 ], [ 13.705239, 52.807172 ], [ 13.705281, 52.807113 ], [ 13.705278, 52.80701 ], [ 13.704986, 52.806847 ], [ 13.70404, 52.806732 ], [ 13.703662, 52.806383 ], [ 13.703369, 52.805865 ], [ 13.70323, 52.805789 ], [ 13.702828, 52.805779 ], [ 13.702112, 52.805915 ], [ 13.701106, 52.805976 ], [ 13.699099, 52.805887 ], [ 13.698674, 52.805828 ], [ 13.6986, 52.806006 ], [ 13.698169, 52.80626 ], [ 13.698012, 52.806287 ], [ 13.697502, 52.806189 ], [ 13.69705, 52.806231 ], [ 13.697114, 52.806329 ], [ 13.697037, 52.806436 ], [ 13.696857, 52.806479 ], [ 13.696681, 52.806432 ], [ 13.696615, 52.806331 ], [ 13.696055, 52.806464 ], [ 13.695719, 52.806618 ], [ 13.69566, 52.806729 ], [ 13.695741, 52.806833 ], [ 13.696852, 52.80722 ], [ 13.697534, 52.807289 ], [ 13.698491, 52.807584 ], [ 13.698863, 52.807838 ], [ 13.699277, 52.808541 ], [ 13.699547, 52.808781 ], [ 13.699822, 52.808905 ], [ 13.700138, 52.809012 ], [ 13.702583, 52.809571 ], [ 13.703017, 52.80975 ], [ 13.703355, 52.809996 ], [ 13.703454, 52.81017 ], [ 13.703555, 52.810824 ], [ 13.703461, 52.8111 ], [ 13.703501, 52.81127 ], [ 13.704104, 52.811919 ], [ 13.704531, 52.812032 ], [ 13.704477, 52.811973 ], [ 13.7043, 52.811927 ], [ 13.70423, 52.811818 ], [ 13.704307, 52.811711 ], [ 13.704707, 52.811638 ], [ 13.70504, 52.811515 ], [ 13.705217, 52.811562 ], [ 13.705287, 52.81167 ], [ 13.70521, 52.811777 ], [ 13.704818, 52.811883 ], [ 13.704828, 52.811984 ], [ 13.704951, 52.812058 ], [ 13.705261, 52.812007 ], [ 13.705357, 52.811947 ], [ 13.705789, 52.811974 ], [ 13.705935, 52.812108 ], [ 13.706225, 52.812083 ], [ 13.706661, 52.811899 ], [ 13.706751, 52.811628 ] ], [ [ 13.704969, 52.810876 ], [ 13.705516, 52.811067 ], [ 13.705587, 52.811175 ], [ 13.70551, 52.811282 ], [ 13.705331, 52.811325 ], [ 13.704784, 52.811134 ], [ 13.704713, 52.811026 ], [ 13.70479, 52.810919 ], [ 13.704969, 52.810876 ] ], [ [ 13.70214, 52.808743 ], [ 13.702288, 52.808879 ], [ 13.702362, 52.809053 ], [ 13.70231, 52.809114 ], [ 13.7019, 52.808969 ], [ 13.701787, 52.808869 ], [ 13.701767, 52.808761 ], [ 13.701852, 52.808701 ], [ 13.70214, 52.808743 ] ], [ [ 13.703218, 52.808479 ], [ 13.704385, 52.808692 ], [ 13.704613, 52.808971 ], [ 13.704583, 52.809046 ], [ 13.704222, 52.80905 ], [ 13.703633, 52.808915 ], [ 13.702888, 52.808608 ], [ 13.702813, 52.808514 ], [ 13.702977, 52.808465 ], [ 13.703218, 52.808479 ] ], [ [ 13.699906, 52.80792 ], [ 13.700238, 52.807921 ], [ 13.700445, 52.80784 ], [ 13.700621, 52.807887 ], [ 13.700692, 52.807995 ], [ 13.700615, 52.808102 ], [ 13.70041, 52.808138 ], [ 13.700194, 52.808325 ], [ 13.700015, 52.808368 ], [ 13.699701, 52.808225 ], [ 13.699493, 52.808248 ], [ 13.699316, 52.808202 ], [ 13.699246, 52.808093 ], [ 13.699323, 52.807986 ], [ 13.699498, 52.807924 ], [ 13.699586, 52.807648 ], [ 13.699765, 52.807605 ], [ 13.699942, 52.807652 ], [ 13.700012, 52.807761 ], [ 13.699906, 52.80792 ] ] ] } },
{ "type": "Feature", "properties": { "boden": "100 % mittel, mäßig frisch (M2)" }, "geometry": { "type": "Polygon", "coordinates": [ [ [ 13.696919, 52.809006 ], [ 13.69674, 52.809049 ], [ 13.696663, 52.809156 ], [ 13.696733, 52.809265 ], [ 13.69691, 52.809311 ], [ 13.697089, 52.809268 ], [ 13.697166, 52.809161 ], [ 13.697096, 52.809053 ], [ 13.696919, 52.809006 ] ] ] } },
{ "type": "Feature", "properties": { "boden": "100 % mittel, frisch (M1)" }, "geometry": { "type": "Polygon", "coordinates": [ [ [ 13.694035, 52.808458 ], [ 13.693737, 52.808439 ], [ 13.693385, 52.808528 ], [ 13.693091, 52.808662 ], [ 13.693108, 52.808899 ], [ 13.694415, 52.809995 ], [ 13.695265, 52.810597 ], [ 13.696085, 52.811037 ], [ 13.696989, 52.811356 ], [ 13.697775, 52.811504 ], [ 13.699151, 52.811991 ], [ 13.699725, 52.812057 ], [ 13.70106, 52.812103 ], [ 13.701802, 52.812241 ], [ 13.701297, 52.812033 ], [ 13.700256, 52.811982 ], [ 13.699613, 52.811876 ], [ 13.698315, 52.811398 ], [ 13.697574, 52.811237 ], [ 13.696415, 52.810798 ], [ 13.693901, 52.809296 ], [ 13.693593, 52.809027 ], [ 13.693359, 52.80893 ], [ 13.693241, 52.808794 ], [ 13.694035, 52.808458 ] ] ] } },
{ "type": "Feature", "properties": { "boden": "100 % arm, nass (OA2)" }, "geometry": { "type": "Polygon", "coordinates": [ [ [ 13.696749, 52.809408 ], [ 13.696589, 52.809456 ], [ 13.696571, 52.809545 ], [ 13.696437, 52.809512 ], [ 13.696497, 52.809603 ], [ 13.69642, 52.80971 ], [ 13.69624, 52.809753 ], [ 13.696064, 52.809706 ], [ 13.695993, 52.809598 ], [ 13.69607, 52.80949 ], [ 13.696215, 52.809456 ], [ 13.695103, 52.809143 ], [ 13.694384, 52.808766 ], [ 13.693736, 52.808588 ], [ 13.693241, 52.808794 ], [ 13.693359, 52.80893 ], [ 13.693593, 52.809027 ], [ 13.693901, 52.809296 ], [ 13.69546, 52.810239 ], [ 13.696415, 52.810798 ], [ 13.696873, 52.810987 ], [ 13.697574, 52.811237 ], [ 13.698315, 52.811398 ], [ 13.699613, 52.811876 ], [ 13.700256, 52.811982 ], [ 13.701297, 52.812033 ], [ 13.701802, 52.812241 ], [ 13.702219, 52.812196 ], [ 13.702202, 52.812034 ], [ 13.701213, 52.811961 ], [ 13.700982, 52.811387 ], [ 13.7011, 52.810921 ], [ 13.700855, 52.810671 ], [ 13.700354, 52.811052 ], [ 13.699924, 52.811034 ], [ 13.699616, 52.810927 ], [ 13.69929, 52.810658 ], [ 13.698867, 52.810528 ], [ 13.698591, 52.810601 ], [ 13.698216, 52.810489 ], [ 13.697285, 52.810349 ], [ 13.697243, 52.810016 ], [ 13.696749, 52.809408 ] ] ] } },
{ "type": "Feature", "properties": { "boden": "100 % kräftig, nass (NK1)" }, "geometry": { "type": "Polygon", "coordinates": [ [ [ 13.720058, 52.809405 ], [ 13.720511, 52.808866 ], [ 13.720454, 52.808789 ], [ 13.720024, 52.808906 ], [ 13.719359, 52.809348 ], [ 13.719131, 52.809421 ], [ 13.719083, 52.809538 ], [ 13.719813, 52.809524 ], [ 13.720058, 52.809405 ] ] ] } },
{ "type": "Feature", "properties": { "boden": "100 % mittel, mäßig frisch (M2g)" }, "geometry": { "type": "Polygon", "coordinates": [ [ [ 13.720568, 52.813724 ], [ 13.720772, 52.813764 ], [ 13.720804, 52.813813 ], [ 13.721253, 52.8137 ], [ 13.721169, 52.813678 ], [ 13.721123, 52.813535 ], [ 13.723277, 52.812848 ], [ 13.723859, 52.812478 ], [ 13.724244, 52.812137 ], [ 13.725035, 52.811077 ], [ 13.72491, 52.809853 ], [ 13.72508, 52.809464 ], [ 13.725537, 52.80899 ], [ 13.725642, 52.808976 ], [ 13.725825, 52.80863 ], [ 13.725763, 52.808645 ], [ 13.725568, 52.808571 ], [ 13.725838, 52.80825 ], [ 13.725829, 52.80817 ], [ 13.725487, 52.807787 ], [ 13.725524, 52.807682 ], [ 13.725822, 52.807471 ], [ 13.726139, 52.807477 ], [ 13.726596, 52.807411 ], [ 13.726948, 52.807289 ], [ 13.727346, 52.807062 ], [ 13.727192, 52.80689 ], [ 13.727571, 52.806619 ], [ 13.727882, 52.80651 ], [ 13.728312, 52.806512 ], [ 13.728575, 52.806342 ], [ 13.728212, 52.806346 ], [ 13.727538, 52.806481 ], [ 13.725701, 52.80732 ], [ 13.72545, 52.80752 ], [ 13.725307, 52.807766 ], [ 13.725342, 52.808568 ], [ 13.725211, 52.808918 ], [ 13.724788, 52.809318 ], [ 13.724542, 52.80969 ], [ 13.723974, 52.810315 ], [ 13.724027, 52.81054 ], [ 13.723648, 52.81144 ], [ 13.723357, 52.811751 ], [ 13.722857, 52.812126 ], [ 13.722959, 52.812243 ], [ 13.722882, 52.81235 ], [ 13.722703, 52.812392 ], [ 13.722526, 52.812346 ], [ 13.722455, 52.812237 ], [ 13.722495, 52.812183 ], [ 13.719807, 52.813128 ], [ 13.720012, 52.813079 ], [ 13.720188, 52.813125 ], [ 13.720259, 52.813234 ], [ 13.720182, 52.813341 ], [ 13.71948, 52.813502 ], [ 13.719471, 52.813737 ], [ 13.719575, 52.813897 ], [ 13.720295, 52.813818 ], [ 13.720568, 52.813724 ] ] ] } },
{ "type": "Feature", "properties": { "boden": "100 % mittel, mäßig frisch (M2)" }, "geometry": { "type": "Polygon", "coordinates": [ [ [ 13.720005, 52.815281 ], [ 13.72142, 52.815187 ], [ 13.722291, 52.81508 ], [ 13.72271, 52.814985 ], [ 13.723114, 52.814842 ], [ 13.723556, 52.814575 ], [ 13.72399, 52.814431 ], [ 13.725762, 52.814115 ], [ 13.728547, 52.813409 ], [ 13.730531, 52.812811 ], [ 13.731508, 52.812465 ], [ 13.733676, 52.811516 ], [ 13.734247, 52.811508 ], [ 13.735524, 52.811342 ], [ 13.73662, 52.811547 ], [ 13.737467, 52.811646 ], [ 13.739698, 52.812177 ], [ 13.739634, 52.812077 ], [ 13.739711, 52.81197 ], [ 13.73989, 52.811928 ], [ 13.740067, 52.811974 ], [ 13.740137, 52.812083 ], [ 13.74006, 52.81219 ], [ 13.739893, 52.81223 ], [ 13.740479, 52.812397 ], [ 13.740773, 52.81258 ], [ 13.742018, 52.81267 ], [ 13.742698, 52.812665 ], [ 13.742989, 52.812563 ], [ 13.743259, 52.811561 ], [ 13.743529, 52.811296 ], [ 13.743441, 52.811079 ], [ 13.743314, 52.811032 ], [ 13.74306, 52.811048 ], [ 13.742883, 52.811002 ], [ 13.742813, 52.810893 ], [ 13.742889, 52.810786 ], [ 13.743069, 52.810743 ], [ 13.743245, 52.81079 ], [ 13.74413, 52.810691 ], [ 13.74433, 52.810711 ], [ 13.744444, 52.810616 ], [ 13.744462, 52.810507 ], [ 13.744075, 52.810682 ], [ 13.742776, 52.810687 ], [ 13.741985, 52.81054 ], [ 13.741735, 52.810403 ], [ 13.741616, 52.810409 ], [ 13.741267, 52.810154 ], [ 13.740058, 52.809549 ], [ 13.738674, 52.809101 ], [ 13.738592, 52.809126 ], [ 13.738546, 52.80928 ], [ 13.738367, 52.809323 ], [ 13.73819, 52.809276 ], [ 13.738119, 52.809168 ], [ 13.738211, 52.809057 ], [ 13.737878, 52.808874 ], [ 13.737809, 52.80897 ], [ 13.73763, 52.809013 ], [ 13.737453, 52.808967 ], [ 13.737169, 52.808696 ], [ 13.736993, 52.808649 ], [ 13.736922, 52.808541 ], [ 13.73704, 52.808424 ], [ 13.736479, 52.808308 ], [ 13.736291, 52.808213 ], [ 13.736234, 52.80811 ], [ 13.736297, 52.80801 ], [ 13.736556, 52.807945 ], [ 13.736798, 52.807988 ], [ 13.737379, 52.80783 ], [ 13.737555, 52.807876 ], [ 13.737626, 52.807985 ], [ 13.737549, 52.808092 ], [ 13.737447, 52.808116 ], [ 13.738351, 52.808284 ], [ 13.738461, 52.80841 ], [ 13.738598, 52.80842 ], [ 13.738847, 52.808413 ], [ 13.738931, 52.80831 ], [ 13.73908, 52.80825 ], [ 13.739096, 52.807998 ], [ 13.738873, 52.807953 ], [ 13.738682, 52.807848 ], [ 13.738616, 52.807812 ], [ 13.738099, 52.807363 ], [ 13.735962, 52.806492 ], [ 13.734626, 52.806486 ], [ 13.73535, 52.8065 ], [ 13.735728, 52.806566 ], [ 13.736056, 52.806755 ], [ 13.736056, 52.806985 ], [ 13.735842, 52.806942 ], [ 13.735419, 52.806952 ], [ 13.735198, 52.806899 ], [ 13.734572, 52.806892 ], [ 13.734297, 52.806812 ], [ 13.734194, 52.806736 ], [ 13.733956, 52.806828 ], [ 13.733792, 52.806818 ], [ 13.73337, 52.807156 ], [ 13.733149, 52.807227 ], [ 13.732577, 52.807198 ], [ 13.731711, 52.807008 ], [ 13.731654, 52.807086 ], [ 13.731475, 52.807129 ], [ 13.731184, 52.807046 ], [ 13.731427, 52.807316 ], [ 13.731807, 52.807421 ], [ 13.73218, 52.807603 ], [ 13.732405, 52.807543 ], [ 13.733339, 52.807548 ], [ 13.733535, 52.807593 ], [ 13.73362, 52.80768 ], [ 13.733477, 52.807795 ], [ 13.733078, 52.807935 ], [ 13.73195, 52.807799 ], [ 13.731811, 52.807734 ], [ 13.731876, 52.807679 ], [ 13.731849, 52.807609 ], [ 13.731402, 52.807487 ], [ 13.731115, 52.807482 ], [ 13.73107, 52.807633 ], [ 13.731012, 52.807644 ], [ 13.730126, 52.807438 ], [ 13.729209, 52.807293 ], [ 13.728691, 52.80728 ], [ 13.728326, 52.807328 ], [ 13.727819, 52.807558 ], [ 13.727659, 52.807723 ], [ 13.727338, 52.807765 ], [ 13.727346, 52.807062 ], [ 13.726948, 52.807289 ], [ 13.726596, 52.807411 ], [ 13.726139, 52.807477 ], [ 13.72628, 52.807529 ], [ 13.726746, 52.807538 ], [ 13.727018, 52.807683 ], [ 13.72635, 52.808084 ], [ 13.726174, 52.808255 ], [ 13.725543, 52.810372 ], [ 13.725413, 52.810283 ], [ 13.72539, 52.810131 ], [ 13.725493, 52.8098 ], [ 13.725664, 52.809619 ], [ 13.725627, 52.809272 ], [ 13.725434, 52.809229 ], [ 13.725395, 52.809169 ], [ 13.72508, 52.809464 ], [ 13.72491, 52.809853 ], [ 13.725035, 52.811077 ], [ 13.724244, 52.812137 ], [ 13.723859, 52.812478 ], [ 13.723277, 52.812848 ], [ 13.722322, 52.813133 ], [ 13.722406, 52.813155 ], [ 13.722477, 52.813264 ], [ 13.7224, 52.813371 ], [ 13.722221, 52.813413 ], [ 13.722044, 52.813367 ], [ 13.721983, 52.813245 ], [ 13.721412, 52.813434 ], [ 13.721531, 52.813466 ], [ 13.721602, 52.813574 ], [ 13.721534, 52.813668 ], [ 13.72177, 52.813578 ], [ 13.721967, 52.813577 ], [ 13.72202, 52.813627 ], [ 13.721893, 52.813695 ], [ 13.721424, 52.813844 ], [ 13.720586, 52.814022 ], [ 13.720409, 52.813976 ], [ 13.720339, 52.813867 ], [ 13.7204, 52.813781 ], [ 13.719688, 52.81391 ], [ 13.719575, 52.813897 ], [ 13.719471, 52.813737 ], [ 13.71948, 52.813502 ], [ 13.719354, 52.813651 ], [ 13.719175, 52.813693 ], [ 13.719, 52.813657 ], [ 13.718821, 52.8137 ], [ 13.718644, 52.813653 ], [ 13.71846, 52.813667 ], [ 13.718283, 52.813621 ], [ 13.718213, 52.813512 ], [ 13.71829, 52.813405 ], [ 13.718452, 52.813366 ], [ 13.718136, 52.813327 ], [ 13.717955, 52.813257 ], [ 13.717994, 52.813317 ], [ 13.717917, 52.813424 ], [ 13.717737, 52.813466 ], [ 13.716995, 52.813221 ], [ 13.717552, 52.813561 ], [ 13.718004, 52.813738 ], [ 13.718052, 52.813881 ], [ 13.717922, 52.813911 ], [ 13.717478, 52.813813 ], [ 13.716571, 52.813449 ], [ 13.716104, 52.813325 ], [ 13.715638, 52.813239 ], [ 13.715014, 52.813198 ], [ 13.714249, 52.813456 ], [ 13.713011, 52.813649 ], [ 13.713021, 52.813681 ], [ 13.712009, 52.813683 ], [ 13.711495, 52.813476 ], [ 13.711061, 52.813486 ], [ 13.709871, 52.813324 ], [ 13.709428, 52.813334 ], [ 13.708734, 52.813249 ], [ 13.708637, 52.81319 ], [ 13.709018, 52.813079 ], [ 13.708835, 52.812969 ], [ 13.708518, 52.812861 ], [ 13.708182, 52.812826 ], [ 13.707492, 52.81283 ], [ 13.707004, 52.81248 ], [ 13.706064, 52.812485 ], [ 13.705878, 52.812537 ], [ 13.705592, 52.812473 ], [ 13.705373, 52.812494 ], [ 13.704987, 52.812328 ], [ 13.704621, 52.812278 ], [ 13.704531, 52.812032 ], [ 13.704104, 52.811919 ], [ 13.703501, 52.81127 ], [ 13.703461, 52.8111 ], [ 13.703555, 52.810824 ], [ 13.703454, 52.81017 ], [ 13.703355, 52.809996 ], [ 13.703017, 52.80975 ], [ 13.702583, 52.809571 ], [ 13.700138, 52.809012 ], [ 13.699822, 52.808905 ], [ 13.699547, 52.808781 ], [ 13.699277, 52.808541 ], [ 13.698863, 52.807838 ], [ 13.698491, 52.807584 ], [ 13.697534, 52.807289 ], [ 13.696852, 52.80722 ], [ 13.695741, 52.806833 ], [ 13.69566, 52.806729 ], [ 13.695719, 52.806618 ], [ 13.696055, 52.806464 ], [ 13.696961, 52.80624 ], [ 13.697502, 52.806189 ], [ 13.698012, 52.806287 ], [ 13.698169, 52.80626 ], [ 13.6986, 52.806006 ], [ 13.698674, 52.805828 ], [ 13.698462, 52.805853 ], [ 13.698235, 52.805994 ], [ 13.697373, 52.80603 ], [ 13.697096, 52.806126 ], [ 13.696735, 52.806158 ], [ 13.696164, 52.806057 ], [ 13.695772, 52.805891 ], [ 13.695437, 52.805658 ], [ 13.69533, 52.805414 ], [ 13.695322, 52.805176 ], [ 13.695209, 52.805004 ], [ 13.695061, 52.804854 ], [ 13.694598, 52.804592 ], [ 13.693916, 52.804608 ], [ 13.693736, 52.804676 ], [ 13.693265, 52.805219 ], [ 13.692879, 52.805439 ], [ 13.692944, 52.805539 ], [ 13.69284, 52.805859 ], [ 13.693195, 52.806216 ], [ 13.693118, 52.806323 ], [ 13.692939, 52.806365 ], [ 13.692762, 52.806319 ], [ 13.692407, 52.805962 ], [ 13.692484, 52.805855 ], [ 13.692464, 52.80557 ], [ 13.692187, 52.8056 ], [ 13.692208, 52.806247 ], [ 13.692678, 52.806513 ], [ 13.692813, 52.807095 ], [ 13.692819, 52.807378 ], [ 13.692194, 52.807452 ], [ 13.692357, 52.807597 ], [ 13.692863, 52.807694 ], [ 13.694287, 52.808323 ], [ 13.695847, 52.808828 ], [ 13.696621, 52.809218 ], [ 13.696589, 52.809456 ], [ 13.696749, 52.809408 ], [ 13.697011, 52.80973 ], [ 13.697706, 52.810057 ], [ 13.698173, 52.810192 ], [ 13.698929, 52.810309 ], [ 13.700899, 52.810204 ], [ 13.701384, 52.810223 ], [ 13.701628, 52.810305 ], [ 13.701725, 52.810446 ], [ 13.701701, 52.810623 ], [ 13.701476, 52.811077 ], [ 13.70147, 52.811293 ], [ 13.701509, 52.811516 ], [ 13.701643, 52.811645 ], [ 13.701792, 52.811685 ], [ 13.702451, 52.811681 ], [ 13.702655, 52.811739 ], [ 13.70278, 52.811843 ], [ 13.702796, 52.811946 ], [ 13.702525, 52.81228 ], [ 13.702949, 52.812239 ], [ 13.703441, 52.812257 ], [ 13.704457, 52.812419 ], [ 13.70536, 52.813354 ], [ 13.705362, 52.814039 ], [ 13.704819, 52.815448 ], [ 13.706774, 52.814817 ], [ 13.708545, 52.816392 ], [ 13.710519, 52.815384 ], [ 13.710541, 52.814528 ], [ 13.71071, 52.814451 ], [ 13.711332, 52.814321 ], [ 13.711607, 52.814335 ], [ 13.712447, 52.814623 ], [ 13.712711, 52.814761 ], [ 13.712862, 52.81496 ], [ 13.712758, 52.815839 ], [ 13.714623, 52.81551 ], [ 13.715897, 52.815218 ], [ 13.716476, 52.815156 ], [ 13.720005, 52.815281 ] ], [ [ 13.7387, 52.807871 ], [ 13.738359, 52.808013 ], [ 13.73797, 52.808043 ], [ 13.737687, 52.807948 ], [ 13.737489, 52.807796 ], [ 13.736622, 52.807597 ], [ 13.736505, 52.807503 ], [ 13.736851, 52.807462 ], [ 13.736947, 52.807413 ], [ 13.736797, 52.807137 ], [ 13.73741, 52.807397 ], [ 13.737483, 52.807461 ], [ 13.737449, 52.807644 ], [ 13.737515, 52.807706 ], [ 13.738599, 52.807828 ], [ 13.7387, 52.807871 ] ], [ [ 13.693461, 52.807001 ], [ 13.693531, 52.80711 ], [ 13.693455, 52.807217 ], [ 13.693275, 52.807259 ], [ 13.693099, 52.807213 ], [ 13.693028, 52.807104 ], [ 13.693105, 52.806997 ], [ 13.693284, 52.806954 ], [ 13.693461, 52.807001 ] ], [ [ 13.695399, 52.805728 ], [ 13.69547, 52.805837 ], [ 13.695393, 52.805944 ], [ 13.695214, 52.805986 ], [ 13.695037, 52.80594 ], [ 13.694967, 52.805831 ], [ 13.695043, 52.805724 ], [ 13.695223, 52.805681 ], [ 13.695399, 52.805728 ] ], [ [ 13.741159, 52.812143 ], [ 13.74123, 52.812251 ], [ 13.741153, 52.812358 ], [ 13.740974, 52.812401 ], [ 13.740797, 52.812355 ], [ 13.740727, 52.812246 ], [ 13.740803, 52.812139 ], [ 13.740983, 52.812096 ], [ 13.741159, 52.812143 ] ], [ [ 13.696509, 52.806137 ], [ 13.69658, 52.806246 ], [ 13.696503, 52.806353 ], [ 13.696324, 52.806396 ], [ 13.696147, 52.806349 ], [ 13.696077, 52.80624 ], [ 13.696154, 52.806133 ], [ 13.696333, 52.806091 ], [ 13.696509, 52.806137 ] ], [ [ 13.697096, 52.809053 ], [ 13.697166, 52.809161 ], [ 13.697089, 52.809268 ], [ 13.69691, 52.809311 ], [ 13.696733, 52.809265 ], [ 13.696663, 52.809156 ], [ 13.69674, 52.809049 ], [ 13.696919, 52.809006 ], [ 13.697096, 52.809053 ] ], [ [ 13.735234, 52.811078 ], [ 13.735305, 52.811187 ], [ 13.735228, 52.811294 ], [ 13.735048, 52.811337 ], [ 13.734872, 52.81129 ], [ 13.734801, 52.811182 ], [ 13.734878, 52.811075 ], [ 13.735057, 52.811032 ], [ 13.735234, 52.811078 ] ], [ [ 13.734238, 52.807077 ], [ 13.734308, 52.807186 ], [ 13.734231, 52.807293 ], [ 13.734052, 52.807335 ], [ 13.733876, 52.807289 ], [ 13.733805, 52.80718 ], [ 13.733882, 52.807073 ], [ 13.734061, 52.80703 ], [ 13.734238, 52.807077 ] ], [ [ 13.742863, 52.811668 ], [ 13.742933, 52.811776 ], [ 13.742856, 52.811883 ], [ 13.742677, 52.811926 ], [ 13.7425, 52.811879 ], [ 13.74243, 52.811771 ], [ 13.742507, 52.811664 ], [ 13.742686, 52.811621 ], [ 13.742863, 52.811668 ] ], [ [ 13.693368, 52.806531 ], [ 13.693438, 52.80664 ], [ 13.693361, 52.806747 ], [ 13.693182, 52.80679 ], [ 13.693005, 52.806743 ], [ 13.692935, 52.806634 ], [ 13.693012, 52.806527 ], [ 13.693191, 52.806485 ], [ 13.693368, 52.806531 ] ], [ [ 13.741599, 52.811445 ], [ 13.741669, 52.811554 ], [ 13.741593, 52.811661 ], [ 13.741413, 52.811703 ], [ 13.741237, 52.811657 ], [ 13.741166, 52.811548 ], [ 13.741243, 52.811441 ], [ 13.741422, 52.811398 ], [ 13.741599, 52.811445 ] ], [ [ 13.737065, 52.811315 ], [ 13.737135, 52.811423 ], [ 13.737058, 52.81153 ], [ 13.736879, 52.811573 ], [ 13.736702, 52.811527 ], [ 13.736632, 52.811418 ], [ 13.736709, 52.811311 ], [ 13.736888, 52.811268 ], [ 13.737065, 52.811315 ] ], [ [ 13.725707, 52.81064 ], [ 13.7258, 52.811295 ], [ 13.725705, 52.811562 ], [ 13.72556, 52.811649 ], [ 13.725521, 52.811588 ], [ 13.72569, 52.811283 ], [ 13.725606, 52.811155 ], [ 13.725572, 52.810576 ], [ 13.725707, 52.81064 ] ], [ [ 13.695478, 52.806314 ], [ 13.695301, 52.806267 ], [ 13.695231, 52.806158 ], [ 13.695308, 52.806051 ], [ 13.695487, 52.806009 ], [ 13.695675, 52.806074 ], [ 13.695847, 52.806033 ], [ 13.696024, 52.806079 ], [ 13.696094, 52.806188 ], [ 13.696018, 52.806295 ], [ 13.695838, 52.806338 ], [ 13.69565, 52.806273 ], [ 13.695478, 52.806314 ] ], [ [ 13.738126, 52.81004 ], [ 13.737512, 52.809983 ], [ 13.737098, 52.810018 ], [ 13.736936, 52.809978 ], [ 13.736849, 52.80989 ], [ 13.737326, 52.809747 ], [ 13.73751, 52.809632 ], [ 13.737768, 52.809666 ], [ 13.73795, 52.8096 ], [ 13.738174, 52.809708 ], [ 13.738269, 52.809821 ], [ 13.73823, 52.809974 ], [ 13.738126, 52.81004 ] ], [ [ 13.741931, 52.810703 ], [ 13.742121, 52.81085 ], [ 13.742164, 52.810995 ], [ 13.742472, 52.811148 ], [ 13.74248, 52.81121 ], [ 13.742068, 52.81135 ], [ 13.741569, 52.811324 ], [ 13.74142, 52.811133 ], [ 13.74028, 52.810854 ], [ 13.739638, 52.810634 ], [ 13.73876, 52.810221 ], [ 13.738734, 52.810121 ], [ 13.73897, 52.810134 ], [ 13.740665, 52.81066 ], [ 13.741012, 52.810667 ], [ 13.74136, 52.810587 ], [ 13.741931, 52.810703 ] ] ] } },
{ "type": "Feature", "properties": { "boden": "100 % mittel, trocken (vermutet) (M3)" }, "geometry": { "type": "Polygon", "coordinates": [ [ [ 13.725609, 52.81056 ], [ 13.725548, 52.810759 ], [ 13.725606, 52.811155 ], [ 13.72569, 52.811283 ], [ 13.725521, 52.811588 ], [ 13.72556, 52.811649 ], [ 13.725705, 52.811562 ], [ 13.7258, 52.811295 ], [ 13.725768, 52.810765 ], [ 13.725609, 52.81056 ] ] ] } },
{ "type": "Feature", "properties": { "boden": "100 % mittel, mäßig frisch (M2g)" }, "geometry": { "type": "Polygon", "coordinates": [ [ [ 13.722769, 52.812186 ], [ 13.722495, 52.812183 ], [ 13.722455, 52.812237 ], [ 13.722526, 52.812346 ], [ 13.722703, 52.812392 ], [ 13.722882, 52.81235 ], [ 13.722959, 52.812243 ], [ 13.722888, 52.812134 ], [ 13.722769, 52.812186 ] ] ] } },
{ "type": "Feature", "properties": { "boden": "100 % mittel, mäßig frisch (M2g)" }, "geometry": { "type": "Polygon", "coordinates": [ [ [ 13.719511, 52.813202 ], [ 13.719606, 52.813179 ], [ 13.719197, 52.813208 ], [ 13.718052, 52.813169 ], [ 13.717191, 52.812791 ], [ 13.716746, 52.812656 ], [ 13.716324, 52.812633 ], [ 13.716452, 52.812715 ], [ 13.717031, 52.812825 ], [ 13.718411, 52.813303 ], [ 13.718749, 52.813302 ], [ 13.719037, 52.813359 ], [ 13.719445, 52.813293 ], [ 13.719511, 52.813202 ] ] ] } },
{ "type": "Feature", "properties": { "boden": "100 % mittel, mäßig frisch (M2)" }, "geometry": { "type": "Polygon", "coordinates": [ [ [ 13.721983, 52.813245 ], [ 13.722044, 52.813367 ], [ 13.722221, 52.813413 ], [ 13.7224, 52.813371 ], [ 13.722477, 52.813264 ], [ 13.722406, 52.813155 ], [ 13.722322, 52.813133 ], [ 13.721983, 52.813245 ] ] ] } },
{ "type": "Feature", "properties": { "boden": "100 % mittel, mäßig frisch (M2g)" }, "geometry": { "type": "Polygon", "coordinates": [ [ [ 13.720012, 52.813079 ], [ 13.719511, 52.813202 ], [ 13.719445, 52.813293 ], [ 13.71948, 52.813502 ], [ 13.720182, 52.813341 ], [ 13.720259, 52.813234 ], [ 13.720188, 52.813125 ], [ 13.720012, 52.813079 ] ] ] } },
{ "type": "Feature", "properties": { "boden": "100 % mittel, mäßig frisch (M2)" }, "geometry": { "type": "Polygon", "coordinates": [ [ [ 13.719486, 52.813328 ], [ 13.719328, 52.813416 ], [ 13.718883, 52.81342 ], [ 13.718452, 52.813366 ], [ 13.71829, 52.813405 ], [ 13.718213, 52.813512 ], [ 13.718283, 52.813621 ], [ 13.71846, 52.813667 ], [ 13.718644, 52.813653 ], [ 13.718821, 52.8137 ], [ 13.719, 52.813657 ], [ 13.719175, 52.813693 ], [ 13.719354, 52.813651 ], [ 13.71948, 52.813502 ], [ 13.719486, 52.813328 ] ] ] } },
{ "type": "Feature", "properties": { "boden": "100 % mittel, mäßig frisch (M2)" }, "geometry": { "type": "Polygon", "coordinates": [ [ [ 13.721602, 52.813574 ], [ 13.721531, 52.813466 ], [ 13.721412, 52.813434 ], [ 13.721098, 52.813569 ], [ 13.721169, 52.813678 ], [ 13.721253, 52.8137 ], [ 13.721516, 52.813675 ], [ 13.721602, 52.813574 ] ] ] } },
{ "type": "Feature", "properties": { "boden": "100 % mittel, mäßig frisch (M2g)" }, "geometry": { "type": "Polygon", "coordinates": [ [ [ 13.712094, 52.810315 ], [ 13.711915, 52.810357 ], [ 13.711838, 52.810464 ], [ 13.711909, 52.810573 ], [ 13.712085, 52.81062 ], [ 13.712265, 52.810577 ], [ 13.712321, 52.810499 ], [ 13.712271, 52.810361 ], [ 13.712094, 52.810315 ] ] ] } },
{ "type": "Feature", "properties": { "boden": "100 % mittel, mäßig frisch (M2)" }, "geometry": { "type": "Polygon", "coordinates": [ [ [ 13.70702, 52.811758 ], [ 13.707963, 52.811563 ], [ 13.708932, 52.811569 ], [ 13.710149, 52.811664 ], [ 13.711616, 52.811608 ], [ 13.711786, 52.811545 ], [ 13.71185, 52.811366 ], [ 13.711717, 52.811157 ], [ 13.711711, 52.810907 ], [ 13.711804, 52.810702 ], [ 13.711765, 52.810542 ], [ 13.711311, 52.810439 ], [ 13.711134, 52.810312 ], [ 13.711074, 52.810146 ], [ 13.711334, 52.809622 ], [ 13.711795, 52.809204 ], [ 13.710586, 52.809495 ], [ 13.710367, 52.809575 ], [ 13.710339, 52.809691 ], [ 13.710079, 52.80981 ], [ 13.709766, 52.809838 ], [ 13.709863, 52.809978 ], [ 13.710331, 52.810138 ], [ 13.710527, 52.810396 ], [ 13.709311, 52.810957 ], [ 13.708883, 52.810824 ], [ 13.707978, 52.81072 ], [ 13.708059, 52.810913 ], [ 13.707956, 52.811183 ], [ 13.707517, 52.811284 ], [ 13.707314, 52.811284 ], [ 13.70709, 52.811246 ], [ 13.706082, 52.81089 ], [ 13.706061, 52.811231 ], [ 13.706646, 52.811512 ], [ 13.706751, 52.811628 ], [ 13.706661, 52.811899 ], [ 13.70702, 52.811758 ] ] ] } },
{ "type": "Feature", "properties": { "boden": "100 % mittel, mäßig frisch (M2g)" }, "geometry": { "type": "Polygon", "coordinates": [ [ [ 13.707812, 52.810609 ], [ 13.707426, 52.810519 ], [ 13.706632, 52.810577 ], [ 13.706108, 52.81073 ], [ 13.706082, 52.81089 ], [ 13.70709, 52.811246 ], [ 13.707314, 52.811284 ], [ 13.70774, 52.811249 ], [ 13.707956, 52.811183 ], [ 13.708059, 52.810913 ], [ 13.707978, 52.81072 ], [ 13.707812, 52.810609 ] ] ] } },
{ "type": "Feature", "properties": { "boden": "100 % mittel, mäßig frisch (M2g)" }, "geometry": { "type": "Polygon", "coordinates": [ [ [ 13.711263, 52.813175 ], [ 13.711831, 52.812987 ], [ 13.711796, 52.812933 ], [ 13.712425, 52.81264 ], [ 13.712581, 52.812642 ], [ 13.712651, 52.812027 ], [ 13.713301, 52.811737 ], [ 13.713393, 52.811527 ], [ 13.712755, 52.811776 ], [ 13.712443, 52.811795 ], [ 13.7123, 52.810058 ], [ 13.712092, 52.810139 ], [ 13.711916, 52.810093 ], [ 13.711845, 52.809984 ], [ 13.711954, 52.809842 ], [ 13.711849, 52.809802 ], [ 13.711948, 52.809704 ], [ 13.711874, 52.809589 ], [ 13.711951, 52.809482 ], [ 13.71213, 52.809439 ], [ 13.712307, 52.809486 ], [ 13.712377, 52.809595 ], [ 13.712307, 52.809692 ], [ 13.712912, 52.809785 ], [ 13.712856, 52.809699 ], [ 13.712933, 52.809592 ], [ 13.713113, 52.80955 ], [ 13.713289, 52.809596 ], [ 13.71336, 52.809705 ], [ 13.713207, 52.80983 ], [ 13.713619, 52.809893 ], [ 13.713661, 52.809442 ], [ 13.713102, 52.809417 ], [ 13.71206, 52.809169 ], [ 13.711795, 52.809204 ], [ 13.71154, 52.809409 ], [ 13.711334, 52.809622 ], [ 13.711074, 52.810146 ], [ 13.711134, 52.810312 ], [ 13.711311, 52.810439 ], [ 13.711765, 52.810542 ], [ 13.711804, 52.810702 ], [ 13.711711, 52.810907 ], [ 13.711717, 52.811157 ], [ 13.71185, 52.811366 ], [ 13.711753, 52.811558 ], [ 13.711884, 52.811592 ], [ 13.711955, 52.811701 ], [ 13.711878, 52.811808 ], [ 13.711699, 52.811851 ], [ 13.711522, 52.811804 ], [ 13.711451, 52.811696 ], [ 13.711512, 52.811612 ], [ 13.711134, 52.811626 ], [ 13.711204, 52.811735 ], [ 13.711127, 52.811842 ], [ 13.710948, 52.811884 ], [ 13.710771, 52.811838 ], [ 13.710701, 52.811729 ], [ 13.710765, 52.81164 ], [ 13.710149, 52.811664 ], [ 13.708932, 52.811569 ], [ 13.707963, 52.811563 ], [ 13.707759, 52.811594 ], [ 13.707882, 52.811626 ], [ 13.707953, 52.811735 ], [ 13.707876, 52.811842 ], [ 13.707697, 52.811885 ], [ 13.70752, 52.811838 ], [ 13.707449, 52.81173 ], [ 13.707509, 52.811646 ], [ 13.70702, 52.811758 ], [ 13.706225, 52.812083 ], [ 13.705935, 52.812108 ], [ 13.705934, 52.812244 ], [ 13.706064, 52.812279 ], [ 13.706115, 52.812358 ], [ 13.706064, 52.812485 ], [ 13.707004, 52.81248 ], [ 13.707492, 52.81283 ], [ 13.708518, 52.812861 ], [ 13.709018, 52.813079 ], [ 13.709696, 52.812916 ], [ 13.710236, 52.813132 ], [ 13.710629, 52.813178 ], [ 13.711263, 52.813175 ] ], [ [ 13.710685, 52.812666 ], [ 13.710579, 52.812355 ], [ 13.7107, 52.812145 ], [ 13.711126, 52.812037 ], [ 13.711664, 52.812039 ], [ 13.711806, 52.812143 ], [ 13.712283, 52.812302 ], [ 13.712398, 52.81242 ], [ 13.711648, 52.81283 ], [ 13.711402, 52.81289 ], [ 13.71109, 52.812886 ], [ 13.710685, 52.812666 ] ], [ [ 13.706978, 52.812126 ], [ 13.706901, 52.812233 ], [ 13.706722, 52.812276 ], [ 13.706545, 52.81223 ], [ 13.706475, 52.812121 ], [ 13.706552, 52.812014 ], [ 13.706731, 52.811971 ], [ 13.706908, 52.812018 ], [ 13.706978, 52.812126 ] ], [ [ 13.708163, 52.812527 ], [ 13.708086, 52.812634 ], [ 13.707906, 52.812677 ], [ 13.70773, 52.81263 ], [ 13.707659, 52.812522 ], [ 13.707736, 52.812415 ], [ 13.707915, 52.812372 ], [ 13.708092, 52.812418 ], [ 13.708163, 52.812527 ] ], [ [ 13.70971, 52.811846 ], [ 13.709633, 52.811953 ], [ 13.709454, 52.811996 ], [ 13.709277, 52.811949 ], [ 13.709207, 52.81184 ], [ 13.709284, 52.811733 ], [ 13.709463, 52.81169 ], [ 13.70964, 52.811737 ], [ 13.70971, 52.811846 ] ], [ [ 13.708715, 52.811771 ], [ 13.708639, 52.811878 ], [ 13.708459, 52.811921 ], [ 13.708283, 52.811874 ], [ 13.708212, 52.811766 ], [ 13.708289, 52.811659 ], [ 13.708468, 52.811616 ], [ 13.708645, 52.811662 ], [ 13.708715, 52.811771 ] ], [ [ 13.712366, 52.811323 ], [ 13.712289, 52.81143 ], [ 13.71211, 52.811473 ], [ 13.711933, 52.811426 ], [ 13.711863, 52.811317 ], [ 13.71194, 52.81121 ], [ 13.712119, 52.811168 ], [ 13.712296, 52.811214 ], [ 13.712366, 52.811323 ] ], [ [ 13.712321, 52.810438 ], [ 13.712265, 52.810577 ], [ 13.712085, 52.81062 ], [ 13.711909, 52.810573 ], [ 13.711838, 52.810464 ], [ 13.711915, 52.810357 ], [ 13.712094, 52.810315 ], [ 13.712271, 52.810361 ], [ 13.712321, 52.810438 ] ] ] } },
{ "type": "Feature", "properties": { "boden": "100 % mittel, mäßig frisch (M2g)" }, "geometry": { "type": "Polygon", "coordinates": [ [ [ 13.712119, 52.811168 ], [ 13.71194, 52.81121 ], [ 13.711863, 52.811317 ], [ 13.711933, 52.811426 ], [ 13.71211, 52.811473 ], [ 13.712289, 52.81143 ], [ 13.712366, 52.811323 ], [ 13.712296, 52.811214 ], [ 13.712119, 52.811168 ] ] ] } },
{ "type": "Feature", "properties": { "boden": "100 % mittel, mäßig frisch (M2g)" }, "geometry": { "type": "Polygon", "coordinates": [ [ [ 13.711753, 52.811558 ], [ 13.711512, 52.811612 ], [ 13.711451, 52.811696 ], [ 13.711522, 52.811804 ], [ 13.711699, 52.811851 ], [ 13.711878, 52.811808 ], [ 13.711955, 52.811701 ], [ 13.711884, 52.811592 ], [ 13.711753, 52.811558 ] ] ] } },
{ "type": "Feature", "properties": { "boden": "100 % mittel, mäßig frisch (M2g)" }, "geometry": { "type": "Polygon", "coordinates": [ [ [ 13.710765, 52.81164 ], [ 13.710701, 52.811729 ], [ 13.710771, 52.811838 ], [ 13.710948, 52.811884 ], [ 13.711127, 52.811842 ], [ 13.711204, 52.811735 ], [ 13.711134, 52.811626 ], [ 13.710765, 52.81164 ] ] ] } },
{ "type": "Feature", "properties": { "boden": "100 % mittel, mäßig frisch (M2g)" }, "geometry": { "type": "Polygon", "coordinates": [ [ [ 13.707509, 52.811646 ], [ 13.707449, 52.81173 ], [ 13.70752, 52.811838 ], [ 13.707697, 52.811885 ], [ 13.707876, 52.811842 ], [ 13.707953, 52.811735 ], [ 13.707882, 52.811626 ], [ 13.707759, 52.811594 ], [ 13.707509, 52.811646 ] ] ] } },
{ "type": "Feature", "properties": { "boden": "100 % mittel, mäßig frisch (M2g)" }, "geometry": { "type": "Polygon", "coordinates": [ [ [ 13.708468, 52.811616 ], [ 13.708289, 52.811659 ], [ 13.708212, 52.811766 ], [ 13.708283, 52.811874 ], [ 13.708459, 52.811921 ], [ 13.708639, 52.811878 ], [ 13.708715, 52.811771 ], [ 13.708645, 52.811662 ], [ 13.708468, 52.811616 ] ] ] } },
{ "type": "Feature", "properties": { "boden": "100 % mittel, mäßig frisch (M2g)" }, "geometry": { "type": "Polygon", "coordinates": [ [ [ 13.709463, 52.81169 ], [ 13.709284, 52.811733 ], [ 13.709207, 52.81184 ], [ 13.709277, 52.811949 ], [ 13.709454, 52.811996 ], [ 13.709633, 52.811953 ], [ 13.70971, 52.811846 ], [ 13.70964, 52.811737 ], [ 13.709463, 52.81169 ] ] ] } },
{ "type": "Feature", "properties": { "boden": "100 % mittel, frisch (M1)" }, "geometry": { "type": "Polygon", "coordinates": [ [ [ 13.702796, 52.811946 ], [ 13.70278, 52.811843 ], [ 13.702655, 52.811739 ], [ 13.702451, 52.811681 ], [ 13.701792, 52.811685 ], [ 13.701643, 52.811645 ], [ 13.701509, 52.811516 ], [ 13.701476, 52.811077 ], [ 13.701701, 52.810623 ], [ 13.701725, 52.810446 ], [ 13.701628, 52.810305 ], [ 13.701384, 52.810223 ], [ 13.700899, 52.810204 ], [ 13.699653, 52.810288 ], [ 13.698929, 52.810309 ], [ 13.698564, 52.810271 ], [ 13.697706, 52.810057 ], [ 13.697011, 52.80973 ], [ 13.697243, 52.810016 ], [ 13.697285, 52.810349 ], [ 13.698216, 52.810489 ], [ 13.698591, 52.810601 ], [ 13.698867, 52.810528 ], [ 13.69929, 52.810658 ], [ 13.699616, 52.810927 ], [ 13.699924, 52.811034 ], [ 13.700354, 52.811052 ], [ 13.700855, 52.810671 ], [ 13.7011, 52.810921 ], [ 13.700982, 52.811387 ], [ 13.701213, 52.811961 ], [ 13.702202, 52.812034 ], [ 13.702219, 52.812196 ], [ 13.701943, 52.812252 ], [ 13.702525, 52.81228 ], [ 13.702796, 52.811946 ] ] ] } },
{ "type": "Feature", "properties": { "boden": "100 % ziemlich arm, mäßig frisch (Z2)" }, "geometry": { "type": "Polygon", "coordinates": [ [ [ 13.704969, 52.810876 ], [ 13.70479, 52.810919 ], [ 13.704713, 52.811026 ], [ 13.704784, 52.811134 ], [ 13.705331, 52.811325 ], [ 13.70551, 52.811282 ], [ 13.705587, 52.811175 ], [ 13.705516, 52.811067 ], [ 13.704969, 52.810876 ] ] ] } },
{ "type": "Feature", "properties": { "boden": "60 % ziemlich arm, mäßig frisch (Z2) · 40 % ziemlich arm, mäßig frisch (Z2)" }, "geometry": { "type": "Polygon", "coordinates": [ [ [ 13.704457, 52.812419 ], [ 13.703441, 52.812257 ], [ 13.702949, 52.812239 ], [ 13.702337, 52.812289 ], [ 13.701802, 52.812241 ], [ 13.70106, 52.812103 ], [ 13.699725, 52.812057 ], [ 13.700194, 52.812135 ], [ 13.700939, 52.812157 ], [ 13.702007, 52.812435 ], [ 13.702881, 52.812506 ], [ 13.704226, 52.812941 ], [ 13.704379, 52.813077 ], [ 13.704422, 52.813212 ], [ 13.704315, 52.813364 ], [ 13.703664, 52.813736 ], [ 13.703256, 52.813914 ], [ 13.703003, 52.81394 ], [ 13.702949, 52.813898 ], [ 13.702998, 52.813812 ], [ 13.703564, 52.813441 ], [ 13.703707, 52.813288 ], [ 13.70353, 52.812909 ], [ 13.703176, 52.812708 ], [ 13.70242, 52.812712 ], [ 13.700463, 52.812211 ], [ 13.699148, 52.812339 ], [ 13.698731, 52.812418 ], [ 13.698057, 52.812245 ], [ 13.697819, 52.812111 ], [ 13.697652, 52.81188 ], [ 13.697995, 52.811821 ], [ 13.697138, 52.811694 ], [ 13.695185, 52.811614 ], [ 13.694179, 52.811492 ], [ 13.693165, 52.811311 ], [ 13.692738, 52.811072 ], [ 13.692855, 52.810147 ], [ 13.693088, 52.80966 ], [ 13.693044, 52.809169 ], [ 13.693108, 52.808899 ], [ 13.692957, 52.80882 ], [ 13.69294, 52.808737 ], [ 13.693037, 52.808587 ], [ 13.693207, 52.808505 ], [ 13.694226, 52.808355 ], [ 13.694179, 52.808506 ], [ 13.694827, 52.808722 ], [ 13.695928, 52.809254 ], [ 13.695996, 52.809401 ], [ 13.696571, 52.809545 ], [ 13.696621, 52.809218 ], [ 13.695847, 52.808828 ], [ 13.694287, 52.808323 ], [ 13.692863, 52.807694 ], [ 13.692357, 52.807597 ], [ 13.691334, 52.807559 ], [ 13.69072, 52.807658 ], [ 13.69015, 52.80766 ], [ 13.689626, 52.807728 ], [ 13.689485, 52.807828 ], [ 13.689591, 52.808038 ], [ 13.690915, 52.807925 ], [ 13.691276, 52.807736 ], [ 13.691446, 52.80772 ], [ 13.692492, 52.807798 ], [ 13.692602, 52.807837 ], [ 13.692737, 52.807985 ], [ 13.692648, 52.808053 ], [ 13.692464, 52.808068 ], [ 13.691565, 52.808039 ], [ 13.691657, 52.808126 ], [ 13.691627, 52.808264 ], [ 13.691471, 52.808382 ], [ 13.691218, 52.808475 ], [ 13.689508, 52.80861 ], [ 13.688836, 52.808634 ], [ 13.688527, 52.80859 ], [ 13.688735, 52.808847 ], [ 13.689498, 52.808905 ], [ 13.689709, 52.808983 ], [ 13.689864, 52.809128 ], [ 13.690067, 52.80983 ], [ 13.690202, 52.810794 ], [ 13.690581, 52.811338 ], [ 13.69083, 52.811547 ], [ 13.691169, 52.811681 ], [ 13.692092, 52.811921 ], [ 13.693443, 52.81238 ], [ 13.694172, 52.812678 ], [ 13.694579, 52.8129 ], [ 13.695237, 52.813492 ], [ 13.69534, 52.813887 ], [ 13.695383, 52.814582 ], [ 13.695506, 52.814749 ], [ 13.695879, 52.814921 ], [ 13.69657, 52.815017 ], [ 13.69955, 52.815076 ], [ 13.701584, 52.815323 ], [ 13.701669, 52.814628 ], [ 13.701826, 52.814528 ], [ 13.703582, 52.814092 ], [ 13.704704, 52.813721 ], [ 13.704893, 52.813526 ], [ 13.705124, 52.81311 ], [ 13.704457, 52.812419 ] ], [ [ 13.692586, 52.808523 ], [ 13.692569, 52.808638 ], [ 13.692397, 52.808653 ], [ 13.692259, 52.808785 ], [ 13.691983, 52.808784 ], [ 13.691901, 52.808742 ], [ 13.691983, 52.808586 ], [ 13.692204, 52.808556 ], [ 13.692353, 52.808468 ], [ 13.692586, 52.808523 ] ], [ [ 13.692278, 52.808315 ], [ 13.692201, 52.808422 ], [ 13.691782, 52.808542 ], [ 13.691605, 52.808496 ], [ 13.691535, 52.808387 ], [ 13.691612, 52.80828 ], [ 13.692031, 52.80816 ], [ 13.692207, 52.808206 ], [ 13.692278, 52.808315 ] ] ] } },
{ "type": "Feature", "properties": { "boden": "100 % ziemlich arm, mäßig frisch (Z2)" }, "geometry": { "type": "Polygon", "coordinates": [ [ [ 13.704828, 52.811984 ], [ 13.704818, 52.811883 ], [ 13.70521, 52.811777 ], [ 13.705287, 52.81167 ], [ 13.705217, 52.811562 ], [ 13.70504, 52.811515 ], [ 13.704707, 52.811638 ], [ 13.704307, 52.811711 ], [ 13.70423, 52.811818 ], [ 13.7043, 52.811927 ], [ 13.704477, 52.811973 ], [ 13.704531, 52.812032 ], [ 13.704951, 52.812058 ], [ 13.704828, 52.811984 ] ] ] } },
{ "type": "Feature", "properties": { "boden": "100 % kräftig, nass (OK3)" }, "geometry": { "type": "Polygon", "coordinates": [ [ [ 13.705973, 52.812214 ], [ 13.7059, 52.812029 ], [ 13.705789, 52.811974 ], [ 13.705357, 52.811947 ], [ 13.705145, 52.812039 ], [ 13.70522, 52.812184 ], [ 13.705345, 52.812246 ], [ 13.705893, 52.812276 ], [ 13.705973, 52.812214 ] ] ] } },
{ "type": "Feature", "properties": { "boden": "100 % mittel, mäßig frisch (M2)" }, "geometry": { "type": "Polygon", "coordinates": [ [ [ 13.706115, 52.812358 ], [ 13.706064, 52.812279 ], [ 13.705934, 52.812244 ], [ 13.705893, 52.812276 ], [ 13.705345, 52.812246 ], [ 13.70522, 52.812184 ], [ 13.705145, 52.812039 ], [ 13.704715, 52.812067 ], [ 13.704531, 52.812032 ], [ 13.704621, 52.812278 ], [ 13.704987, 52.812328 ], [ 13.705373, 52.812494 ], [ 13.705592, 52.812473 ], [ 13.705878, 52.812537 ], [ 13.706064, 52.812485 ], [ 13.706115, 52.812358 ] ] ] } },
{ "type": "Feature", "properties": { "boden": "60 % ziemlich arm, trocken (vermutet) (Z3) · 40 % ziemlich arm, trocken (vermutet) (Z3)" }, "geometry": { "type": "Polygon", "coordinates": [ [ [ 13.699151, 52.811991 ], [ 13.698739, 52.811846 ], [ 13.698296, 52.811802 ], [ 13.697692, 52.811857 ], [ 13.697645, 52.811916 ], [ 13.697819, 52.812111 ], [ 13.698057, 52.812245 ], [ 13.698731, 52.812418 ], [ 13.699148, 52.812339 ], [ 13.700463, 52.812211 ], [ 13.70242, 52.812712 ], [ 13.702761, 52.812728 ], [ 13.703003, 52.812687 ], [ 13.703176, 52.812708 ], [ 13.703389, 52.812806 ], [ 13.70353, 52.812909 ], [ 13.703707, 52.813288 ], [ 13.703564, 52.813441 ], [ 13.702998, 52.813812 ], [ 13.702949, 52.813898 ], [ 13.703003, 52.81394 ], [ 13.703256, 52.813914 ], [ 13.703664, 52.813736 ], [ 13.704164, 52.813469 ], [ 13.704401, 52.813279 ], [ 13.704379, 52.813077 ], [ 13.704114, 52.81288 ], [ 13.702881, 52.812506 ], [ 13.702007, 52.812435 ], [ 13.700939, 52.812157 ], [ 13.700194, 52.812135 ], [ 13.699151, 52.811991 ] ] ] } },
{ "type": "Feature", "properties": { "boden": "50 % mittel, mäßig frisch (M2) · 50 % ziemlich arm, mäßig frisch (Z2)" }, "geometry": { "type": "Polygon", "coordinates": [ [ [ 13.704819, 52.815448 ], [ 13.705392, 52.813848 ], [ 13.70536, 52.813354 ], [ 13.705124, 52.81311 ], [ 13.704893, 52.813526 ], [ 13.704704, 52.813721 ], [ 13.703582, 52.814092 ], [ 13.701826, 52.814528 ], [ 13.701669, 52.814628 ], [ 13.701584, 52.815323 ], [ 13.702415, 52.815323 ], [ 13.704819, 52.815448 ] ], [ [ 13.703529, 52.814736 ], [ 13.703453, 52.814843 ], [ 13.702838, 52.815036 ], [ 13.702661, 52.814989 ], [ 13.702591, 52.81488 ], [ 13.702668, 52.814773 ], [ 13.703282, 52.814581 ], [ 13.703459, 52.814627 ], [ 13.703529, 52.814736 ] ], [ [ 13.704733, 52.81488 ], [ 13.704399, 52.814819 ], [ 13.704092, 52.814852 ], [ 13.703915, 52.814806 ], [ 13.703845, 52.814697 ], [ 13.703922, 52.81459 ], [ 13.704101, 52.814547 ], [ 13.704429, 52.81461 ], [ 13.704742, 52.814575 ], [ 13.704919, 52.814622 ], [ 13.704989, 52.814731 ], [ 13.704912, 52.814838 ], [ 13.704733, 52.81488 ] ] ] } },
{ "type": "Feature", "properties": { "boden": "50 % mittel, mäßig frisch (M2) · 50 % ziemlich arm, mäßig frisch (Z2)" }, "geometry": { "type": "Polygon", "coordinates": [ [ [ 13.704989, 52.814731 ], [ 13.704919, 52.814622 ], [ 13.704742, 52.814575 ], [ 13.704429, 52.81461 ], [ 13.704101, 52.814547 ], [ 13.703922, 52.81459 ], [ 13.703845, 52.814697 ], [ 13.703915, 52.814806 ], [ 13.704092, 52.814852 ], [ 13.704399, 52.814819 ], [ 13.704733, 52.81488 ], [ 13.704912, 52.814838 ], [ 13.704989, 52.814731 ] ] ] } },
{ "type": "Feature", "properties": { "boden": "50 % mittel, mäßig frisch (M2) · 50 % ziemlich arm, mäßig frisch (Z2)" }, "geometry": { "type": "Polygon", "coordinates": [ [ [ 13.703282, 52.814581 ], [ 13.702668, 52.814773 ], [ 13.702591, 52.81488 ], [ 13.702661, 52.814989 ], [ 13.702838, 52.815036 ], [ 13.703453, 52.814843 ], [ 13.703529, 52.814736 ], [ 13.703459, 52.814627 ], [ 13.703282, 52.814581 ] ] ] } },
{ "type": "Feature", "properties": { "boden": "100 % mittel, mäßig frisch (M2g)" }, "geometry": { "type": "Polygon", "coordinates": [ [ [ 13.706731, 52.811971 ], [ 13.706552, 52.812014 ], [ 13.706475, 52.812121 ], [ 13.706545, 52.81223 ], [ 13.706722, 52.812276 ], [ 13.706901, 52.812233 ], [ 13.706978, 52.812126 ], [ 13.706908, 52.812018 ], [ 13.706731, 52.811971 ] ] ] } },
{ "type": "Feature", "properties": { "boden": "100 % mittel, mäßig frisch (M2g)" }, "geometry": { "type": "Polygon", "coordinates": [ [ [ 13.707915, 52.812372 ], [ 13.707736, 52.812415 ], [ 13.707659, 52.812522 ], [ 13.70773, 52.81263 ], [ 13.707906, 52.812677 ], [ 13.708086, 52.812634 ], [ 13.708163, 52.812527 ], [ 13.708092, 52.812418 ], [ 13.707915, 52.812372 ] ] ] } },
{ "type": "Feature", "properties": { "boden": "100 % mittel, mäßig frisch (M2)" }, "geometry": { "type": "Polygon", "coordinates": [ [ [ 13.716563, 52.812842 ], [ 13.715571, 52.812503 ], [ 13.714988, 52.812537 ], [ 13.715518, 52.812733 ], [ 13.715588, 52.812842 ], [ 13.715944, 52.812922 ], [ 13.716138, 52.813046 ], [ 13.716421, 52.813067 ], [ 13.716571, 52.812943 ], [ 13.716563, 52.812842 ] ] ] } },
{ "type": "Feature", "properties": { "boden": "100 % mittel, mäßig frisch (M2)" }, "geometry": { "type": "Polygon", "coordinates": [ [ [ 13.714988, 52.812537 ], [ 13.714734, 52.812598 ], [ 13.714697, 52.812798 ], [ 13.715174, 52.812733 ], [ 13.715433, 52.812793 ], [ 13.715852, 52.812989 ], [ 13.716138, 52.813046 ], [ 13.715944, 52.812922 ], [ 13.715588, 52.812842 ], [ 13.715518, 52.812733 ], [ 13.714988, 52.812537 ] ] ] } },
{ "type": "Feature", "properties": { "boden": "100 % mittel, mäßig frisch (M2)" }, "geometry": { "type": "Polygon", "coordinates": [ [ [ 13.71242, 52.812885 ], [ 13.712734, 52.812926 ], [ 13.712946, 52.812839 ], [ 13.712581, 52.812642 ], [ 13.712425, 52.81264 ], [ 13.711796, 52.812933 ], [ 13.711831, 52.812987 ], [ 13.712007, 52.813034 ], [ 13.71242, 52.812885 ] ] ] } },
{ "type": "Feature", "properties": { "boden": "100 % mittel, mäßig frisch (M2)" }, "geometry": { "type": "Polygon", "coordinates": [ [ [ 13.716563, 52.812842 ], [ 13.716571, 52.812943 ], [ 13.716421, 52.813067 ], [ 13.716802, 52.813122 ], [ 13.716977, 52.813212 ], [ 13.71691, 52.813109 ], [ 13.716987, 52.813002 ], [ 13.717124, 52.812969 ], [ 13.716563, 52.812842 ] ] ] } },
{ "type": "Feature", "properties": { "boden": "100 % mittel, mäßig frisch (M2)" }, "geometry": { "type": "Polygon", "coordinates": [ [ [ 13.712946, 52.812839 ], [ 13.712734, 52.812926 ], [ 13.712412, 52.812887 ], [ 13.712496, 52.813043 ], [ 13.712427, 52.813167 ], [ 13.712153, 52.813326 ], [ 13.713108, 52.813129 ], [ 13.712997, 52.812867 ], [ 13.712946, 52.812839 ] ] ] } },
{ "type": "Feature", "properties": { "boden": "100 % mittel, mäßig frisch (M2g)" }, "geometry": { "type": "Polygon", "coordinates": [ [ [ 13.711446, 52.813153 ], [ 13.710411, 52.813162 ], [ 13.710102, 52.813089 ], [ 13.709696, 52.812916 ], [ 13.709018, 52.813079 ], [ 13.709355, 52.813211 ], [ 13.710058, 52.813199 ], [ 13.710575, 52.813311 ], [ 13.710956, 52.813337 ], [ 13.711317, 52.813318 ], [ 13.711536, 52.813203 ], [ 13.711593, 52.813098 ], [ 13.711446, 52.813153 ] ] ] } },
{ "type": "Feature", "properties": { "boden": "100 % mittel, mäßig frisch (M2)" }, "geometry": { "type": "Polygon", "coordinates": [ [ [ 13.717955, 52.813257 ], [ 13.717124, 52.812969 ], [ 13.716987, 52.813002 ], [ 13.71691, 52.813109 ], [ 13.716995, 52.813221 ], [ 13.717737, 52.813466 ], [ 13.717917, 52.813424 ], [ 13.717994, 52.813317 ], [ 13.717955, 52.813257 ] ] ] } },
{ "type": "Feature", "properties": { "boden": "100 % mittel, trocken (vermutet) (M3)" }, "geometry": { "type": "Polygon", "coordinates": [ [ [ 13.711437, 52.813452 ], [ 13.712153, 52.813326 ], [ 13.712351, 52.813232 ], [ 13.712496, 52.813043 ], [ 13.712412, 52.812887 ], [ 13.712007, 52.813034 ], [ 13.711831, 52.812987 ], [ 13.711593, 52.813098 ], [ 13.711536, 52.813203 ], [ 13.711317, 52.813318 ], [ 13.710575, 52.813311 ], [ 13.710058, 52.813199 ], [ 13.709355, 52.813211 ], [ 13.709018, 52.813079 ], [ 13.708637, 52.81319 ], [ 13.708734, 52.813249 ], [ 13.709063, 52.813301 ], [ 13.709871, 52.813324 ], [ 13.711061, 52.813486 ], [ 13.711495, 52.813476 ], [ 13.711437, 52.813452 ] ] ] } },
{ "type": "Feature", "properties": { "boden": "60 % ziemlich arm, mäßig frisch (Z2) · 40 % ziemlich arm, mäßig frisch (Z2)" }, "geometry": { "type": "Polygon", "coordinates": [ [ [ 13.690958, 52.798418 ], [ 13.689342, 52.798353 ], [ 13.689584, 52.798648 ], [ 13.689978, 52.7989 ], [ 13.690566, 52.799087 ], [ 13.690094, 52.798814 ], [ 13.690757, 52.798907 ], [ 13.691899, 52.799307 ], [ 13.692193, 52.799496 ], [ 13.692045, 52.79953 ], [ 13.691604, 52.799461 ], [ 13.691958, 52.799605 ], [ 13.692568, 52.799697 ], [ 13.692826, 52.799645 ], [ 13.693037, 52.799344 ], [ 13.692621, 52.799106 ], [ 13.692566, 52.798965 ], [ 13.692642, 52.798751 ], [ 13.692748, 52.79865 ], [ 13.693771, 52.798632 ], [ 13.693982, 52.79854 ], [ 13.690958, 52.798418 ] ], [ [ 13.691331, 52.798455 ], [ 13.691574, 52.798537 ], [ 13.691701, 52.798667 ], [ 13.691751, 52.798849 ], [ 13.691674, 52.79908 ], [ 13.690256, 52.798694 ], [ 13.690371, 52.798562 ], [ 13.69062, 52.798449 ], [ 13.690958, 52.798418 ], [ 13.691331, 52.798455 ] ] ] } },
{ "type": "Feature", "properties": { "boden": "100 % mittel, mäßig frisch (M2)" }, "geometry": { "type": "Polygon", "coordinates": [ [ [ 13.688672, 52.79887 ], [ 13.688607, 52.798961 ], [ 13.688678, 52.79907 ], [ 13.689199, 52.799212 ], [ 13.689446, 52.799344 ], [ 13.689074, 52.799008 ], [ 13.688672, 52.79887 ] ] ] } },
{ "type": "Feature", "properties": { "boden": "60 % ziemlich arm, mäßig frisch (Z2) · 40 % ziemlich arm, mäßig frisch (Z2)" }, "geometry": { "type": "Polygon", "coordinates": [ [ [ 13.690566, 52.799087 ], [ 13.691604, 52.799461 ], [ 13.692045, 52.79953 ], [ 13.692193, 52.799496 ], [ 13.691899, 52.799307 ], [ 13.690757, 52.798907 ], [ 13.690094, 52.798814 ], [ 13.690566, 52.799087 ] ] ] } },
{ "type": "Feature", "properties": { "boden": "100 % mittel, mäßig frisch (M2)" }, "geometry": { "type": "Polygon", "coordinates": [ [ [ 13.688969, 52.798956 ], [ 13.689632, 52.799454 ], [ 13.689714, 52.799674 ], [ 13.689943, 52.799823 ], [ 13.689913, 52.799933 ], [ 13.689983, 52.800041 ], [ 13.69016, 52.800088 ], [ 13.690339, 52.800045 ], [ 13.690416, 52.799938 ], [ 13.690209, 52.799729 ], [ 13.690077, 52.799462 ], [ 13.689852, 52.799316 ], [ 13.689787, 52.799192 ], [ 13.688969, 52.798956 ] ] ] } },
{ "type": "Feature", "properties": { "boden": "100 % mittel, mäßig frisch (M2g)" }, "geometry": { "type": "Polygon", "coordinates": [ [ [ 13.694581, 52.802365 ], [ 13.694554, 52.802276 ], [ 13.694682, 52.80228 ], [ 13.694964, 52.802347 ], [ 13.694515, 52.801488 ], [ 13.693981, 52.801006 ], [ 13.693291, 52.800591 ], [ 13.692214, 52.800247 ], [ 13.691581, 52.800185 ], [ 13.690556, 52.800269 ], [ 13.690166, 52.800347 ], [ 13.690251, 52.800512 ], [ 13.690522, 52.800632 ], [ 13.691447, 52.800597 ], [ 13.691791, 52.800628 ], [ 13.692587, 52.80141 ], [ 13.693371, 52.801828 ], [ 13.69375, 52.802434 ], [ 13.694093, 52.802497 ], [ 13.694375, 52.802621 ], [ 13.694293, 52.802507 ], [ 13.693833, 52.802344 ], [ 13.693763, 52.802235 ], [ 13.69384, 52.802128 ], [ 13.694019, 52.802085 ], [ 13.694195, 52.802132 ], [ 13.694266, 52.80224 ], [ 13.694581, 52.802365 ] ] ] } },
{ "type": "Feature", "properties": { "boden": "100 % mittel, mäßig frisch (M2)" }, "geometry": { "type": "Polygon", "coordinates": [ [ [ 13.69477, 52.801636 ], [ 13.69469, 52.801721 ], [ 13.694911, 52.802059 ], [ 13.695034, 52.802117 ], [ 13.695227, 52.802115 ], [ 13.695324, 52.801777 ], [ 13.695178, 52.80171 ], [ 13.69477, 52.801636 ] ] ] } },
{ "type": "Feature", "properties": { "boden": "100 % mittel, mäßig frisch (M2g)" }, "geometry": { "type": "Polygon", "coordinates": [ [ [ 13.694788, 52.802524 ], [ 13.694581, 52.802365 ], [ 13.694266, 52.80224 ], [ 13.694195, 52.802132 ], [ 13.694019, 52.802085 ], [ 13.69384, 52.802128 ], [ 13.693763, 52.802235 ], [ 13.693833, 52.802344 ], [ 13.694293, 52.802507 ], [ 13.694375, 52.802621 ], [ 13.69454, 52.802662 ], [ 13.69472, 52.802619 ], [ 13.694788, 52.802524 ] ] ] } },
{ "type": "Feature", "properties": { "boden": "100 % mittel, mäßig frisch (M2g)" }, "geometry": { "type": "Polygon", "coordinates": [ [ [ 13.694964, 52.802347 ], [ 13.694682, 52.80228 ], [ 13.69452, 52.802287 ], [ 13.694686, 52.802457 ], [ 13.695139, 52.802714 ], [ 13.694964, 52.802347 ] ] ] } },
{ "type": "Feature", "properties": { "boden": "100 % kräftig, nass (OK3)" }, "geometry": { "type": "Polygon", "coordinates": [ [ [ 13.697431, 52.805742 ], [ 13.697375, 52.805819 ], [ 13.697196, 52.805862 ], [ 13.697019, 52.805815 ], [ 13.696949, 52.805707 ], [ 13.697026, 52.8056 ], [ 13.697205, 52.805557 ], [ 13.697382, 52.805604 ], [ 13.697443, 52.805724 ], [ 13.697929, 52.805672 ], [ 13.698109, 52.805988 ], [ 13.698235, 52.805994 ], [ 13.698462, 52.805853 ], [ 13.698674, 52.805828 ], [ 13.698786, 52.805681 ], [ 13.698123, 52.805512 ], [ 13.69802, 52.805367 ], [ 13.698044, 52.804945 ], [ 13.697784, 52.804839 ], [ 13.697322, 52.804762 ], [ 13.696096, 52.804717 ], [ 13.695596, 52.804148 ], [ 13.695288, 52.803407 ], [ 13.694375, 52.802621 ], [ 13.694093, 52.802497 ], [ 13.69375, 52.802434 ], [ 13.693371, 52.801828 ], [ 13.692587, 52.80141 ], [ 13.691791, 52.800628 ], [ 13.691447, 52.800597 ], [ 13.690522, 52.800632 ], [ 13.690251, 52.800512 ], [ 13.690118, 52.800255 ], [ 13.689844, 52.800135 ], [ 13.689566, 52.799637 ], [ 13.689286, 52.799319 ], [ 13.688673, 52.799097 ], [ 13.687854, 52.798975 ], [ 13.687641, 52.799014 ], [ 13.687942, 52.799246 ], [ 13.688484, 52.799459 ], [ 13.688707, 52.799713 ], [ 13.68896, 52.799684 ], [ 13.689669, 52.800398 ], [ 13.690443, 52.800923 ], [ 13.691784, 52.801451 ], [ 13.692383, 52.801758 ], [ 13.692868, 52.802177 ], [ 13.693194, 52.802666 ], [ 13.692515, 52.803055 ], [ 13.692192, 52.803186 ], [ 13.692989, 52.803577 ], [ 13.693244, 52.803867 ], [ 13.693277, 52.804002 ], [ 13.693677, 52.804245 ], [ 13.693991, 52.80441 ], [ 13.694598, 52.804592 ], [ 13.695061, 52.804854 ], [ 13.695322, 52.805176 ], [ 13.69533, 52.805414 ], [ 13.695437, 52.805658 ], [ 13.695772, 52.805891 ], [ 13.696164, 52.806057 ], [ 13.696735, 52.806158 ], [ 13.697096, 52.806126 ], [ 13.697373, 52.80603 ], [ 13.697589, 52.80601 ], [ 13.697431, 52.805742 ] ], [ [ 13.696483, 52.805726 ], [ 13.696406, 52.805833 ], [ 13.696227, 52.805876 ], [ 13.696051, 52.805829 ], [ 13.69598, 52.80572 ], [ 13.696057, 52.805613 ], [ 13.696236, 52.805571 ], [ 13.696413, 52.805617 ], [ 13.696483, 52.805726 ] ], [ [ 13.695903, 52.80546 ], [ 13.695727, 52.805413 ], [ 13.695656, 52.805305 ], [ 13.695733, 52.805198 ], [ 13.695913, 52.805155 ], [ 13.69622, 52.80515 ], [ 13.69654, 52.805065 ], [ 13.696857, 52.805124 ], [ 13.697163, 52.805077 ], [ 13.69734, 52.805123 ], [ 13.69741, 52.805232 ], [ 13.697333, 52.805339 ], [ 13.697154, 52.805382 ], [ 13.69671, 52.805327 ], [ 13.696225, 52.805369 ], [ 13.695903, 52.80546 ] ], [ [ 13.693575, 52.803431 ], [ 13.693498, 52.803538 ], [ 13.693319, 52.803581 ], [ 13.693142, 52.803534 ], [ 13.693072, 52.803425 ], [ 13.693148, 52.803318 ], [ 13.693328, 52.803276 ], [ 13.693504, 52.803322 ], [ 13.693575, 52.803431 ] ] ] } },
{ "type": "Feature", "properties": { "boden": "100 % kräftig, nass (OK3)" }, "geometry": { "type": "Polygon", "coordinates": [ [ [ 13.693328, 52.803276 ], [ 13.693148, 52.803318 ], [ 13.693072, 52.803425 ], [ 13.693142, 52.803534 ], [ 13.693319, 52.803581 ], [ 13.693498, 52.803538 ], [ 13.693575, 52.803431 ], [ 13.693504, 52.803322 ], [ 13.693328, 52.803276 ] ] ] } },
{ "type": "Feature", "properties": { "boden": "100 % mittel, frisch (M1)" }, "geometry": { "type": "Polygon", "coordinates": [ [ [ 13.681104, 52.801327 ], [ 13.681223, 52.801298 ], [ 13.680195, 52.801266 ], [ 13.680117, 52.80148 ], [ 13.680234, 52.801516 ], [ 13.680462, 52.801443 ], [ 13.68104, 52.801416 ], [ 13.681104, 52.801327 ] ] ] } },
{ "type": "Feature", "properties": { "boden": "100 % mittel, frisch (M1)" }, "geometry": { "type": "Polygon", "coordinates": [ [ [ 13.682113, 52.801326 ], [ 13.681104, 52.801327 ], [ 13.681027, 52.801434 ], [ 13.681097, 52.801542 ], [ 13.681654, 52.801631 ], [ 13.682084, 52.801507 ], [ 13.682161, 52.8014 ], [ 13.682113, 52.801326 ] ] ] } },
{ "type": "Feature", "properties": { "boden": "100 % mittel, frisch (M1)" }, "geometry": { "type": "Polygon", "coordinates": [ [ [ 13.682126, 52.801972 ], [ 13.682418, 52.801798 ], [ 13.682768, 52.80173 ], [ 13.682816, 52.801627 ], [ 13.682638, 52.801606 ], [ 13.682309, 52.801332 ], [ 13.682113, 52.801326 ], [ 13.682161, 52.8014 ], [ 13.682084, 52.801507 ], [ 13.681654, 52.801631 ], [ 13.681097, 52.801542 ], [ 13.68104, 52.801416 ], [ 13.680462, 52.801443 ], [ 13.680182, 52.801515 ], [ 13.680106, 52.801403 ], [ 13.680195, 52.801266 ], [ 13.680101, 52.801263 ], [ 13.679958, 52.801585 ], [ 13.679928, 52.801841 ], [ 13.679818, 52.802042 ], [ 13.679589, 52.802255 ], [ 13.679822, 52.802321 ], [ 13.680047, 52.802255 ], [ 13.681219, 52.802189 ], [ 13.682126, 52.801972 ] ] ] } },
{ "type": "Feature", "properties": { "boden": "100 % mittel, mäßig frisch (M2)" }, "geometry": { "type": "Polygon", "coordinates": [ [ [ 13.683354, 52.801695 ], [ 13.683393, 52.801755 ], [ 13.683801, 52.801863 ], [ 13.683871, 52.801925 ], [ 13.683845, 52.80213 ], [ 13.683916, 52.802239 ], [ 13.684093, 52.802285 ], [ 13.684272, 52.802243 ], [ 13.684349, 52.802136 ], [ 13.68419, 52.801895 ], [ 13.68421, 52.801804 ], [ 13.683354, 52.801695 ] ] ] } },
{ "type": "Feature", "properties": { "boden": "100 % mittel, trocken (vermutet) (M3)" }, "geometry": { "type": "Polygon", "coordinates": [ [ [ 13.683871, 52.801925 ], [ 13.683801, 52.801863 ], [ 13.683393, 52.801755 ], [ 13.683354, 52.801695 ], [ 13.682816, 52.801627 ], [ 13.682768, 52.80173 ], [ 13.682418, 52.801798 ], [ 13.682126, 52.801972 ], [ 13.681513, 52.802167 ], [ 13.681036, 52.802245 ], [ 13.681101, 52.802346 ], [ 13.681036, 52.802437 ], [ 13.682084, 52.80238 ], [ 13.683365, 52.802207 ], [ 13.683613, 52.802126 ], [ 13.683834, 52.802002 ], [ 13.683871, 52.801925 ] ] ] } },
{ "type": "Feature", "properties": { "boden": "100 % mittel, frisch (M1)" }, "geometry": { "type": "Polygon", "coordinates": [ [ [ 13.681367, 52.802191 ], [ 13.681772, 52.802089 ], [ 13.682006, 52.801991 ], [ 13.681461, 52.802158 ], [ 13.680047, 52.802255 ], [ 13.679822, 52.802321 ], [ 13.680625, 52.802304 ], [ 13.681367, 52.802191 ] ] ] } },
{ "type": "Feature", "properties": { "boden": "100 % mittel, mäßig frisch (M2)" }, "geometry": { "type": "Polygon", "coordinates": [ [ [ 13.679697, 52.802458 ], [ 13.67952, 52.802412 ], [ 13.679341, 52.802454 ], [ 13.679264, 52.802562 ], [ 13.679334, 52.80267 ], [ 13.679511, 52.802717 ], [ 13.67969, 52.802674 ], [ 13.679767, 52.802567 ], [ 13.679697, 52.802458 ] ] ] } },
{ "type": "Feature", "properties": { "boden": "100 % mittel, mäßig frisch (M2)" }, "geometry": { "type": "Polygon", "coordinates": [ [ [ 13.679334, 52.80267 ], [ 13.679264, 52.802562 ], [ 13.679341, 52.802454 ], [ 13.67952, 52.802412 ], [ 13.679664, 52.80245 ], [ 13.679797, 52.80232 ], [ 13.679589, 52.802255 ], [ 13.679271, 52.802458 ], [ 13.679043, 52.802658 ], [ 13.678931, 52.802918 ], [ 13.67913, 52.802797 ], [ 13.679436, 52.802697 ], [ 13.679334, 52.80267 ] ] ] } },
{ "type": "Feature", "properties": { "boden": "100 % mittel, frisch (M1)" }, "geometry": { "type": "Polygon", "coordinates": [ [ [ 13.685123, 52.802968 ], [ 13.684956, 52.802827 ], [ 13.684294, 52.802766 ], [ 13.68455, 52.802198 ], [ 13.683665, 52.802765 ], [ 13.683534, 52.803035 ], [ 13.683578, 52.803103 ], [ 13.683671, 52.803106 ], [ 13.683979, 52.803025 ], [ 13.684684, 52.802989 ], [ 13.685114, 52.803094 ], [ 13.685123, 52.802968 ] ] ] } },
{ "type": "Feature", "properties": { "boden": "100 % mittel, mäßig frisch (M2)" }, "geometry": { "type": "Polygon", "coordinates": [ [ [ 13.685822, 52.803273 ], [ 13.685096, 52.803359 ], [ 13.685101, 52.803291 ], [ 13.685042, 52.803373 ], [ 13.685112, 52.803481 ], [ 13.685607, 52.803441 ], [ 13.686109, 52.803518 ], [ 13.686163, 52.803375 ], [ 13.685822, 52.803273 ] ] ] } },
{ "type": "Feature", "properties": { "boden": "60 % mittel, frisch (M1) · 40 % mittel, mäßig frisch (M2g)" }, "geometry": { "type": "Polygon", "coordinates": [ [ [ 13.692464, 52.80557 ], [ 13.692579, 52.805258 ], [ 13.692508, 52.80515 ], [ 13.692585, 52.805043 ], [ 13.692765, 52.805 ], [ 13.692941, 52.805046 ], [ 13.693012, 52.805155 ], [ 13.692895, 52.805353 ], [ 13.692998, 52.805394 ], [ 13.693265, 52.805219 ], [ 13.693736, 52.804676 ], [ 13.693916, 52.804608 ], [ 13.694598, 52.804592 ], [ 13.693991, 52.80441 ], [ 13.693677, 52.804245 ], [ 13.693277, 52.804002 ], [ 13.693244, 52.803867 ], [ 13.692989, 52.803577 ], [ 13.692192, 52.803186 ], [ 13.691164, 52.803597 ], [ 13.690827, 52.804074 ], [ 13.690861, 52.804165 ], [ 13.691299, 52.804273 ], [ 13.692091, 52.804718 ], [ 13.692262, 52.804949 ], [ 13.692187, 52.8056 ], [ 13.692464, 52.80557 ] ] ] } },
{ "type": "Feature", "properties": { "boden": "100 % kräftig, nass (OK3)" }, "geometry": { "type": "Polygon", "coordinates": [ [ [ 13.69636, 52.805352 ], [ 13.696978, 52.805335 ], [ 13.697154, 52.805382 ], [ 13.697333, 52.805339 ], [ 13.69741, 52.805232 ], [ 13.69734, 52.805123 ], [ 13.697163, 52.805077 ], [ 13.696857, 52.805124 ], [ 13.69654, 52.805065 ], [ 13.69622, 52.80515 ], [ 13.695733, 52.805198 ], [ 13.695656, 52.805305 ], [ 13.695727, 52.805413 ], [ 13.695903, 52.80546 ], [ 13.69636, 52.805352 ] ] ] } },
{ "type": "Feature", "properties": { "boden": "100 % mittel, mäßig frisch (M2)" }, "geometry": { "type": "Polygon", "coordinates": [ [ [ 13.688606, 52.804936 ], [ 13.688529, 52.805043 ], [ 13.688405, 52.805072 ], [ 13.688497, 52.805233 ], [ 13.688623, 52.805203 ], [ 13.6888, 52.805249 ], [ 13.688859, 52.805444 ], [ 13.689057, 52.805453 ], [ 13.688957, 52.805195 ], [ 13.688606, 52.804936 ] ] ] } },
{ "type": "Feature", "properties": { "boden": "60 % mittel, frisch (M1) · 40 % mittel, mäßig frisch (M2g)" }, "geometry": { "type": "Polygon", "coordinates": [ [ [ 13.692998, 52.805394 ], [ 13.692895, 52.805353 ], [ 13.693012, 52.805155 ], [ 13.692941, 52.805046 ], [ 13.692765, 52.805 ], [ 13.692585, 52.805043 ], [ 13.692508, 52.80515 ], [ 13.692579, 52.805258 ], [ 13.692464, 52.80557 ], [ 13.692998, 52.805394 ] ] ] } },
{ "type": "Feature", "properties": { "boden": "100 % kräftig, nass (OK3)" }, "geometry": { "type": "Polygon", "coordinates": [ [ [ 13.696236, 52.805571 ], [ 13.696057, 52.805613 ], [ 13.69598, 52.80572 ], [ 13.696051, 52.805829 ], [ 13.696227, 52.805876 ], [ 13.696406, 52.805833 ], [ 13.696483, 52.805726 ], [ 13.696413, 52.805617 ], [ 13.696236, 52.805571 ] ] ] } },
{ "type": "Feature", "properties": { "boden": "60 % ziemlich arm, mäßig frisch (Z2) · 40 % mittel, mäßig frisch (M2)" }, "geometry": { "type": "Polygon", "coordinates": [ [ [ 13.688414, 52.805425 ], [ 13.688663, 52.805857 ], [ 13.688839, 52.805904 ], [ 13.689019, 52.805861 ], [ 13.689096, 52.805754 ], [ 13.688859, 52.805444 ], [ 13.688414, 52.805425 ] ] ] } },
{ "type": "Feature", "properties": { "boden": "100 % mittel, mäßig frisch (M2)" }, "geometry": { "type": "Polygon", "coordinates": [ [ [ 13.695223, 52.805681 ], [ 13.695043, 52.805724 ], [ 13.694967, 52.805831 ], [ 13.695037, 52.80594 ], [ 13.695214, 52.805986 ], [ 13.695393, 52.805944 ], [ 13.69547, 52.805837 ], [ 13.695399, 52.805728 ], [ 13.695223, 52.805681 ] ] ] } },
{ "type": "Feature", "properties": { "boden": "100 % mittel, mäßig frisch (M2)" }, "geometry": { "type": "Polygon", "coordinates": [ [ [ 13.692879, 52.805439 ], [ 13.692464, 52.80557 ], [ 13.692484, 52.805855 ], [ 13.692407, 52.805962 ], [ 13.692762, 52.806319 ], [ 13.692939, 52.806365 ], [ 13.693118, 52.806323 ], [ 13.693195, 52.806216 ], [ 13.69284, 52.805859 ], [ 13.692944, 52.805539 ], [ 13.692879, 52.805439 ] ] ] } },
{ "type": "Feature", "properties": { "boden": "100 % mittel, mäßig frisch (M2)" }, "geometry": { "type": "Polygon", "coordinates": [ [ [ 13.695591, 52.806182 ], [ 13.695675, 52.806074 ], [ 13.695487, 52.806009 ], [ 13.695308, 52.806051 ], [ 13.695231, 52.806158 ], [ 13.695301, 52.806267 ], [ 13.695478, 52.806314 ], [ 13.69565, 52.806273 ], [ 13.695591, 52.806182 ] ] ] } },
{ "type": "Feature", "properties": { "boden": "100 % mittel, mäßig frisch (M2)" }, "geometry": { "type": "Polygon", "coordinates": [ [ [ 13.695591, 52.806182 ], [ 13.695662, 52.806291 ], [ 13.695838, 52.806338 ], [ 13.696018, 52.806295 ], [ 13.696094, 52.806188 ], [ 13.696024, 52.806079 ], [ 13.695847, 52.806033 ], [ 13.695675, 52.806074 ], [ 13.695591, 52.806182 ] ] ] } },
{ "type": "Feature", "properties": { "boden": "100 % mittel, mäßig frisch (M2)" }, "geometry": { "type": "Polygon", "coordinates": [ [ [ 13.686816, 52.803714 ], [ 13.686491, 52.803473 ], [ 13.686163, 52.803375 ], [ 13.686074, 52.803526 ], [ 13.686348, 52.803659 ], [ 13.686559, 52.803864 ], [ 13.686739, 52.803821 ], [ 13.686816, 52.803714 ] ] ] } },
{ "type": "Feature", "properties": { "boden": "100 % mittel, trocken (vermutet) (M3)" }, "geometry": { "type": "Polygon", "coordinates": [ [ [ 13.681101, 52.802346 ], [ 13.681036, 52.802245 ], [ 13.680125, 52.802337 ], [ 13.679765, 52.802328 ], [ 13.679664, 52.80245 ], [ 13.679767, 52.802567 ], [ 13.67969, 52.802674 ], [ 13.679436, 52.802697 ], [ 13.67913, 52.802797 ], [ 13.678661, 52.803135 ], [ 13.678421, 52.803348 ], [ 13.678368, 52.803468 ], [ 13.678509, 52.803503 ], [ 13.678571, 52.80366 ], [ 13.678245, 52.803827 ], [ 13.678077, 52.804 ], [ 13.678002, 52.80398 ], [ 13.677643, 52.804268 ], [ 13.67777, 52.804392 ], [ 13.677698, 52.804491 ], [ 13.677835, 52.804458 ], [ 13.678012, 52.804505 ], [ 13.678167, 52.804869 ], [ 13.678335, 52.80488 ], [ 13.678367, 52.804828 ], [ 13.678082, 52.80459 ], [ 13.678066, 52.804452 ], [ 13.678465, 52.804175 ], [ 13.678696, 52.803906 ], [ 13.679005, 52.803757 ], [ 13.679169, 52.803574 ], [ 13.679457, 52.803402 ], [ 13.679587, 52.803017 ], [ 13.679923, 52.802868 ], [ 13.680053, 52.802726 ], [ 13.680749, 52.802706 ], [ 13.680868, 52.802508 ], [ 13.681036, 52.802437 ], [ 13.681101, 52.802346 ] ] ] } },
{ "type": "Feature", "properties": { "boden": "100 % mittel, mäßig frisch (M2)" }, "geometry": { "type": "Polygon", "coordinates": [ [ [ 13.686793, 52.803679 ], [ 13.686739, 52.803821 ], [ 13.686559, 52.803864 ], [ 13.686592, 52.803908 ], [ 13.686722, 52.804 ], [ 13.687121, 52.804113 ], [ 13.687178, 52.804034 ], [ 13.687281, 52.80401 ], [ 13.686793, 52.803679 ] ] ] } },
{ "type": "Feature", "properties": { "boden": "100 % mittel, trocken (vermutet) (M3)" }, "geometry": { "type": "Polygon", "coordinates": [ [ [ 13.687942, 52.804591 ], [ 13.687855, 52.804395 ], [ 13.6873, 52.804212 ], [ 13.687006, 52.804065 ], [ 13.686722, 52.804 ], [ 13.686348, 52.803659 ], [ 13.686031, 52.803512 ], [ 13.685607, 52.803441 ], [ 13.685112, 52.803481 ], [ 13.684662, 52.803438 ], [ 13.684512, 52.803482 ], [ 13.684269, 52.803663 ], [ 13.684492, 52.803716 ], [ 13.68548, 52.803751 ], [ 13.686057, 52.803857 ], [ 13.686383, 52.803964 ], [ 13.687566, 52.804614 ], [ 13.687849, 52.804684 ], [ 13.687942, 52.804591 ] ] ] } },
{ "type": "Feature", "properties": { "boden": "100 % mittel, mäßig frisch (M2)" }, "geometry": { "type": "Polygon", "coordinates": [ [ [ 13.687319, 52.804036 ], [ 13.687178, 52.804034 ], [ 13.687121, 52.804113 ], [ 13.6873, 52.804212 ], [ 13.687527, 52.804254 ], [ 13.687595, 52.804133 ], [ 13.687319, 52.804036 ] ] ] } },
{ "type": "Feature", "properties": { "boden": "100 % mittel, mäßig frisch (M2)" }, "geometry": { "type": "Polygon", "coordinates": [ [ [ 13.687855, 52.804395 ], [ 13.68794, 52.804603 ], [ 13.688122, 52.804561 ], [ 13.688199, 52.804454 ], [ 13.688129, 52.804345 ], [ 13.687952, 52.804298 ], [ 13.687773, 52.804341 ], [ 13.687855, 52.804395 ] ] ] } },
{ "type": "Feature", "properties": { "boden": "100 % mittel, mäßig frisch (M2)" }, "geometry": { "type": "Polygon", "coordinates": [ [ [ 13.688471, 52.80481 ], [ 13.688359, 52.80478 ], [ 13.688179, 52.804823 ], [ 13.688127, 52.804897 ], [ 13.688405, 52.805072 ], [ 13.688529, 52.805043 ], [ 13.688606, 52.804936 ], [ 13.688471, 52.80481 ] ] ] } },
{ "type": "Feature", "properties": { "boden": "100 % mittel, trocken (vermutet) (M3)" }, "geometry": { "type": "Polygon", "coordinates": [ [ [ 13.688474, 52.805135 ], [ 13.688127, 52.804897 ], [ 13.688011, 52.804887 ], [ 13.688192, 52.805191 ], [ 13.688427, 52.805268 ], [ 13.688497, 52.805233 ], [ 13.688474, 52.805135 ] ] ] } },
{ "type": "Feature", "properties": { "boden": "100 % mittel, mäßig frisch (M2)" }, "geometry": { "type": "Polygon", "coordinates": [ [ [ 13.688444, 52.805246 ], [ 13.688367, 52.805353 ], [ 13.688414, 52.805425 ], [ 13.688859, 52.805444 ], [ 13.6888, 52.805249 ], [ 13.688623, 52.805203 ], [ 13.688444, 52.805246 ] ] ] } },
{ "type": "Feature", "properties": { "boden": "100 % mittel, mäßig frisch (M2)" }, "geometry": { "type": "Polygon", "coordinates": [ [ [ 13.688367, 52.805353 ], [ 13.688427, 52.805268 ], [ 13.688192, 52.805191 ], [ 13.688019, 52.804946 ], [ 13.688011, 52.804887 ], [ 13.688127, 52.804897 ], [ 13.688179, 52.804823 ], [ 13.688359, 52.80478 ], [ 13.688471, 52.80481 ], [ 13.688392, 52.80451 ], [ 13.688108, 52.804314 ], [ 13.687595, 52.804133 ], [ 13.687483, 52.804264 ], [ 13.687765, 52.804353 ], [ 13.687952, 52.804298 ], [ 13.688129, 52.804345 ], [ 13.688199, 52.804454 ], [ 13.688122, 52.804561 ], [ 13.687799, 52.804684 ], [ 13.687363, 52.804512 ], [ 13.686383, 52.803964 ], [ 13.686057, 52.803857 ], [ 13.68548, 52.803751 ], [ 13.68427, 52.803685 ], [ 13.684577, 52.803451 ], [ 13.685112, 52.803481 ], [ 13.685042, 52.803373 ], [ 13.685114, 52.803094 ], [ 13.684849, 52.803004 ], [ 13.684464, 52.802984 ], [ 13.683578, 52.803103 ], [ 13.683534, 52.803035 ], [ 13.683665, 52.802765 ], [ 13.68455, 52.802198 ], [ 13.684648, 52.801979 ], [ 13.684467, 52.801837 ], [ 13.68421, 52.801804 ], [ 13.68419, 52.801895 ], [ 13.684349, 52.802136 ], [ 13.684272, 52.802243 ], [ 13.684093, 52.802285 ], [ 13.683916, 52.802239 ], [ 13.683845, 52.80213 ], [ 13.683865, 52.80197 ], [ 13.683613, 52.802126 ], [ 13.683365, 52.802207 ], [ 13.682084, 52.80238 ], [ 13.681107, 52.802416 ], [ 13.680868, 52.802508 ], [ 13.680749, 52.802706 ], [ 13.680053, 52.802726 ], [ 13.679923, 52.802868 ], [ 13.679652, 52.802967 ], [ 13.679457, 52.803402 ], [ 13.679169, 52.803574 ], [ 13.679005, 52.803757 ], [ 13.678696, 52.803906 ], [ 13.678465, 52.804175 ], [ 13.678066, 52.804452 ], [ 13.678082, 52.80459 ], [ 13.678367, 52.804828 ], [ 13.678335, 52.80488 ], [ 13.678167, 52.804869 ], [ 13.678228, 52.804948 ], [ 13.678151, 52.805055 ], [ 13.677972, 52.805098 ], [ 13.677795, 52.805051 ], [ 13.677736, 52.804956 ], [ 13.677296, 52.805081 ], [ 13.676884, 52.805305 ], [ 13.676676, 52.80573 ], [ 13.676176, 52.806243 ], [ 13.675818, 52.806821 ], [ 13.675804, 52.807123 ], [ 13.676224, 52.806978 ], [ 13.677428, 52.806945 ], [ 13.680243, 52.807064 ], [ 13.680605, 52.80716 ], [ 13.681088, 52.807387 ], [ 13.681637, 52.807901 ], [ 13.682247, 52.808369 ], [ 13.683148, 52.808705 ], [ 13.684104, 52.80894 ], [ 13.685259, 52.8084 ], [ 13.685591, 52.808332 ], [ 13.685931, 52.805319 ], [ 13.688414, 52.805425 ], [ 13.688367, 52.805353 ] ] ] } },
{ "type": "Feature", "properties": { "boden": "100 % mittel, frisch (M1)" }, "geometry": { "type": "Polygon", "coordinates": [ [ [ 13.671, 52.805149 ], [ 13.670821, 52.805191 ], [ 13.670744, 52.805299 ], [ 13.670815, 52.805407 ], [ 13.670991, 52.805454 ], [ 13.67117, 52.805411 ], [ 13.671247, 52.805304 ], [ 13.671177, 52.805195 ], [ 13.671, 52.805149 ] ] ] } },
{ "type": "Feature", "properties": { "boden": "100 % mittel, frisch (M1)" }, "geometry": { "type": "Polygon", "coordinates": [ [ [ 13.669382, 52.805671 ], [ 13.669559, 52.805717 ], [ 13.669738, 52.805675 ], [ 13.669815, 52.805568 ], [ 13.669745, 52.805459 ], [ 13.669568, 52.805412 ], [ 13.669389, 52.805455 ], [ 13.669312, 52.805562 ], [ 13.669382, 52.805671 ] ] ] } },
{ "type": "Feature", "properties": { "boden": "100 % mittel, frisch (M1)" }, "geometry": { "type": "Polygon", "coordinates": [ [ [ 13.670391, 52.805639 ], [ 13.670212, 52.805681 ], [ 13.670135, 52.805788 ], [ 13.670205, 52.805897 ], [ 13.670382, 52.805944 ], [ 13.670561, 52.805901 ], [ 13.670638, 52.805794 ], [ 13.670568, 52.805685 ], [ 13.670391, 52.805639 ] ] ] } },
{ "type": "Feature", "properties": { "boden": "100 % mittel, frisch (M1)" }, "geometry": { "type": "Polygon", "coordinates": [ [ [ 13.669382, 52.805671 ], [ 13.66934, 52.805604 ], [ 13.669188, 52.805701 ], [ 13.668999, 52.80596 ], [ 13.668961, 52.806145 ], [ 13.669058, 52.80618 ], [ 13.669327, 52.806117 ], [ 13.669441, 52.806006 ], [ 13.669538, 52.805712 ], [ 13.669382, 52.805671 ] ] ] } },
{ "type": "Feature", "properties": { "boden": "100 % mittel, trocken (vermutet) (M3)" }, "geometry": { "type": "Polygon", "coordinates": [ [ [ 13.675554, 52.807291 ], [ 13.675804, 52.807123 ], [ 13.675818, 52.806821 ], [ 13.676176, 52.806243 ], [ 13.676676, 52.80573 ], [ 13.676884, 52.805305 ], [ 13.677296, 52.805081 ], [ 13.677725, 52.804939 ], [ 13.677423, 52.804921 ], [ 13.677171, 52.805019 ], [ 13.676995, 52.804973 ], [ 13.676953, 52.804825 ], [ 13.676716, 52.804911 ], [ 13.676009, 52.805479 ], [ 13.675563, 52.806215 ], [ 13.675297, 52.806914 ], [ 13.675028, 52.807342 ], [ 13.675217, 52.807323 ], [ 13.675208, 52.807385 ], [ 13.675554, 52.807291 ] ] ] } },
{ "type": "Feature", "properties": { "boden": "100 % mittel, frisch (M1)" }, "geometry": { "type": "Polygon", "coordinates": [ [ [ 13.667726, 52.807094 ], [ 13.668987, 52.807086 ], [ 13.66908, 52.807152 ], [ 13.669087, 52.807293 ], [ 13.669278, 52.807351 ], [ 13.669367, 52.80746 ], [ 13.66937, 52.807526 ], [ 13.669218, 52.807668 ], [ 13.669666, 52.807548 ], [ 13.669953, 52.807407 ], [ 13.670128, 52.80726 ], [ 13.670172, 52.806668 ], [ 13.670432, 52.806158 ], [ 13.67063, 52.805985 ], [ 13.671207, 52.805668 ], [ 13.671333, 52.805319 ], [ 13.671177, 52.804962 ], [ 13.670884, 52.804841 ], [ 13.670835, 52.804992 ], [ 13.670656, 52.805034 ], [ 13.670479, 52.804988 ], [ 13.670427, 52.804907 ], [ 13.670256, 52.80523 ], [ 13.66959, 52.805322 ], [ 13.669058, 52.805608 ], [ 13.668255, 52.806278 ], [ 13.66774, 52.806626 ], [ 13.667726, 52.807094 ] ], [ [ 13.66934, 52.805604 ], [ 13.669389, 52.805455 ], [ 13.669568, 52.805412 ], [ 13.669745, 52.805459 ], [ 13.669815, 52.805568 ], [ 13.669738, 52.805675 ], [ 13.669538, 52.805712 ], [ 13.669387, 52.806079 ], [ 13.669058, 52.80618 ], [ 13.668961, 52.806145 ], [ 13.668964, 52.806041 ], [ 13.669188, 52.805701 ], [ 13.66934, 52.805604 ] ], [ [ 13.670638, 52.805794 ], [ 13.670561, 52.805901 ], [ 13.670382, 52.805944 ], [ 13.670205, 52.805897 ], [ 13.670135, 52.805788 ], [ 13.670212, 52.805681 ], [ 13.670391, 52.805639 ], [ 13.670568, 52.805685 ], [ 13.670638, 52.805794 ] ], [ [ 13.671247, 52.805304 ], [ 13.67117, 52.805411 ], [ 13.670991, 52.805454 ], [ 13.670815, 52.805407 ], [ 13.670744, 52.805299 ], [ 13.670821, 52.805191 ], [ 13.671, 52.805149 ], [ 13.671177, 52.805195 ], [ 13.671247, 52.805304 ] ] ] } },
{ "type": "Feature", "properties": { "boden": "100 % mittel, frisch (M1)" }, "geometry": { "type": "Polygon", "coordinates": [ [ [ 13.667723, 52.807192 ], [ 13.669087, 52.807293 ], [ 13.669097, 52.807205 ], [ 13.668987, 52.807086 ], [ 13.668771, 52.807064 ], [ 13.667726, 52.807094 ], [ 13.667723, 52.807192 ] ] ] } },
{ "type": "Feature", "properties": { "boden": "70 % mittel, trocken (vermutet) (M3) · 30 % mittel, mäßig frisch (M2g)" }, "geometry": { "type": "Polygon", "coordinates": [ [ [ 13.669087, 52.807293 ], [ 13.667723, 52.807192 ], [ 13.667715, 52.807462 ], [ 13.668993, 52.807397 ], [ 13.669083, 52.807323 ], [ 13.669087, 52.807293 ] ] ] } },
{ "type": "Feature", "properties": { "boden": "100 % mittel, mäßig frisch (M2g)" }, "geometry": { "type": "Polygon", "coordinates": [ [ [ 13.677579, 52.807587 ], [ 13.677216, 52.807315 ], [ 13.676868, 52.807259 ], [ 13.67639, 52.807246 ], [ 13.675554, 52.807291 ], [ 13.675464, 52.807322 ], [ 13.675531, 52.807306 ], [ 13.675815, 52.807425 ], [ 13.676137, 52.807492 ], [ 13.676208, 52.8076 ], [ 13.676131, 52.807707 ], [ 13.676046, 52.807728 ], [ 13.676763, 52.807786 ], [ 13.677363, 52.80775 ], [ 13.677553, 52.807684 ], [ 13.677579, 52.807587 ] ] ] } },
{ "type": "Feature", "properties": { "boden": "100 % mittel, mäßig frisch (M2g)" }, "geometry": { "type": "Polygon", "coordinates": [ [ [ 13.675208, 52.807385 ], [ 13.675217, 52.807323 ], [ 13.675028, 52.807342 ], [ 13.674844, 52.807538 ], [ 13.674585, 52.80767 ], [ 13.676131, 52.807707 ], [ 13.676208, 52.8076 ], [ 13.676137, 52.807492 ], [ 13.675815, 52.807425 ], [ 13.675531, 52.807306 ], [ 13.675208, 52.807385 ] ] ] } },
{ "type": "Feature", "properties": { "boden": "100 % mittel, mäßig frisch (M2)" }, "geometry": { "type": "Polygon", "coordinates": [ [ [ 13.696333, 52.806091 ], [ 13.696154, 52.806133 ], [ 13.696077, 52.80624 ], [ 13.696147, 52.806349 ], [ 13.696324, 52.806396 ], [ 13.696503, 52.806353 ], [ 13.69658, 52.806246 ], [ 13.696509, 52.806137 ], [ 13.696333, 52.806091 ] ] ] } },
{ "type": "Feature", "properties": { "boden": "100 % ziemlich arm, mäßig frisch (Z2)" }, "geometry": { "type": "Polygon", "coordinates": [ [ [ 13.69705, 52.806231 ], [ 13.696615, 52.806331 ], [ 13.696681, 52.806432 ], [ 13.696857, 52.806479 ], [ 13.697037, 52.806436 ], [ 13.697114, 52.806329 ], [ 13.69705, 52.806231 ] ] ] } },
{ "type": "Feature", "properties": { "boden": "60 % ziemlich arm, mäßig frisch (Z2) · 40 % mittel, mäßig frisch (M2)" }, "geometry": { "type": "Polygon", "coordinates": [ [ [ 13.689557, 52.806037 ], [ 13.689343, 52.806113 ], [ 13.690321, 52.806533 ], [ 13.690367, 52.806398 ], [ 13.689557, 52.806037 ] ] ] } },
{ "type": "Feature", "properties": { "boden": "60 % ziemlich arm, trocken (vermutet) (Z3) · 40 % mittel, trocken (vermutet) (M3)" }, "geometry": { "type": "Polygon", "coordinates": [ [ [ 13.690345, 52.806544 ], [ 13.689051, 52.806004 ], [ 13.688932, 52.805999 ], [ 13.688957, 52.806141 ], [ 13.689283, 52.806386 ], [ 13.690854, 52.806984 ], [ 13.690997, 52.807011 ], [ 13.691089, 52.806979 ], [ 13.691092, 52.806845 ], [ 13.69098, 52.806756 ], [ 13.690345, 52.806544 ] ] ] } },
{ "type": "Feature", "properties": { "boden": "100 % mittel, mäßig frisch (M2)" }, "geometry": { "type": "Polygon", "coordinates": [ [ [ 13.693191, 52.806485 ], [ 13.693012, 52.806527 ], [ 13.692935, 52.806634 ], [ 13.693005, 52.806743 ], [ 13.693182, 52.80679 ], [ 13.693361, 52.806747 ], [ 13.693438, 52.80664 ], [ 13.693368, 52.806531 ], [ 13.693191, 52.806485 ] ] ] } },
{ "type": "Feature", "properties": { "boden": "100 % kräftig, nass (OK3)" }, "geometry": { "type": "Polygon", "coordinates": [ [ [ 13.692203, 52.80614 ], [ 13.691552, 52.806366 ], [ 13.690661, 52.806495 ], [ 13.691437, 52.806711 ], [ 13.692194, 52.807452 ], [ 13.692819, 52.807378 ], [ 13.692678, 52.806513 ], [ 13.692208, 52.806247 ], [ 13.692203, 52.80614 ] ] ] } },
{ "type": "Feature", "properties": { "boden": "100 % mittel, mäßig frisch (M2)" }, "geometry": { "type": "Polygon", "coordinates": [ [ [ 13.693284, 52.806954 ], [ 13.693105, 52.806997 ], [ 13.693028, 52.807104 ], [ 13.693099, 52.807213 ], [ 13.693275, 52.807259 ], [ 13.693455, 52.807217 ], [ 13.693531, 52.80711 ], [ 13.693461, 52.807001 ], [ 13.693284, 52.806954 ] ] ] } },
{ "type": "Feature", "properties": { "boden": "60 % ziemlich arm, trocken (vermutet) (Z3) · 40 % ziemlich arm, trocken (vermutet) (Z3)" }, "geometry": { "type": "Polygon", "coordinates": [ [ [ 13.690915, 52.807925 ], [ 13.691286, 52.807937 ], [ 13.691565, 52.808039 ], [ 13.692464, 52.808068 ], [ 13.692648, 52.808053 ], [ 13.692737, 52.807985 ], [ 13.692602, 52.807837 ], [ 13.692108, 52.807745 ], [ 13.691276, 52.807736 ], [ 13.690915, 52.807925 ] ] ] } },
{ "type": "Feature", "properties": { "boden": "100 % ziemlich arm, mäßig frisch (Z2g)" }, "geometry": { "type": "Polygon", "coordinates": [ [ [ 13.691538, 52.808013 ], [ 13.691286, 52.807937 ], [ 13.691017, 52.807918 ], [ 13.68873, 52.808112 ], [ 13.688351, 52.808185 ], [ 13.688192, 52.808257 ], [ 13.688158, 52.808352 ], [ 13.688271, 52.808479 ], [ 13.688527, 52.80859 ], [ 13.688836, 52.808634 ], [ 13.690521, 52.808554 ], [ 13.691218, 52.808475 ], [ 13.691471, 52.808382 ], [ 13.691627, 52.808264 ], [ 13.691657, 52.808126 ], [ 13.691538, 52.808013 ] ] ] } },
{ "type": "Feature", "properties": { "boden": "60 % ziemlich arm, mäßig frisch (Z2) · 40 % ziemlich arm, mäßig frisch (Z2)" }, "geometry": { "type": "Polygon", "coordinates": [ [ [ 13.692031, 52.80816 ], [ 13.691612, 52.80828 ], [ 13.691535, 52.808387 ], [ 13.691605, 52.808496 ], [ 13.691782, 52.808542 ], [ 13.692201, 52.808422 ], [ 13.692278, 52.808315 ], [ 13.692207, 52.808206 ], [ 13.692031, 52.80816 ] ] ] } },
{ "type": "Feature", "properties": { "boden": "70 % mittel, mäßig frisch (M2) · 30 % mittel, mäßig frisch (M2g)" }, "geometry": { "type": "Polygon", "coordinates": [ [ [ 13.66937, 52.807526 ], [ 13.669278, 52.807351 ], [ 13.669087, 52.807293 ], [ 13.668993, 52.807397 ], [ 13.667715, 52.807462 ], [ 13.667702, 52.807879 ], [ 13.66896, 52.807845 ], [ 13.66937, 52.807526 ] ] ] } },
{ "type": "Feature", "properties": { "boden": "60 % ziemlich arm, mäßig frisch (Z2) · 40 % ziemlich arm, mäßig frisch (Z2)" }, "geometry": { "type": "Polygon", "coordinates": [ [ [ 13.67761, 52.807657 ], [ 13.677363, 52.80775 ], [ 13.676763, 52.807786 ], [ 13.675525, 52.807711 ], [ 13.676958, 52.807846 ], [ 13.67744, 52.807847 ], [ 13.677834, 52.807746 ], [ 13.67761, 52.807657 ] ] ] } },
{ "type": "Feature", "properties": { "boden": "60 % ziemlich arm, trocken (vermutet) (Z3) · 40 % ziemlich arm, trocken (vermutet) (Z3)" }, "geometry": { "type": "Polygon", "coordinates": [ [ [ 13.67453, 52.807776 ], [ 13.674584, 52.807928 ], [ 13.674795, 52.808026 ], [ 13.675402, 52.808166 ], [ 13.676132, 52.808267 ], [ 13.676971, 52.808324 ], [ 13.677574, 52.808342 ], [ 13.678296, 52.80827 ], [ 13.678422, 52.808186 ], [ 13.678527, 52.807989 ], [ 13.678489, 52.807929 ], [ 13.678391, 52.807936 ], [ 13.678305, 52.808087 ], [ 13.678152, 52.80814 ], [ 13.677809, 52.808073 ], [ 13.677252, 52.80813 ], [ 13.676701, 52.808124 ], [ 13.676357, 52.808055 ], [ 13.676021, 52.808057 ], [ 13.675877, 52.808 ], [ 13.675279, 52.807919 ], [ 13.674608, 52.807717 ], [ 13.67453, 52.807776 ] ] ] } },
{ "type": "Feature", "properties": { "boden": "100 % mittel, trocken (vermutet) (M3)" }, "geometry": { "type": "Polygon", "coordinates": [ [ [ 13.674795, 52.808026 ], [ 13.674525, 52.807855 ], [ 13.674585, 52.80767 ], [ 13.674191, 52.807805 ], [ 13.6738, 52.807967 ], [ 13.673499, 52.808229 ], [ 13.673207, 52.808373 ], [ 13.673364, 52.808414 ], [ 13.673434, 52.808523 ], [ 13.673369, 52.808613 ], [ 13.674385, 52.808124 ], [ 13.675126, 52.80812 ], [ 13.675402, 52.808166 ], [ 13.674795, 52.808026 ] ] ] } },
{ "type": "Feature", "properties": { "boden": "100 % mittel, trocken (vermutet) (M3)" }, "geometry": { "type": "Polygon", "coordinates": [ [ [ 13.673434, 52.808523 ], [ 13.673364, 52.808414 ], [ 13.673207, 52.808373 ], [ 13.67263, 52.808633 ], [ 13.672452, 52.808649 ], [ 13.671702, 52.808919 ], [ 13.671106, 52.809002 ], [ 13.670455, 52.808931 ], [ 13.670457, 52.809042 ], [ 13.669865, 52.809104 ], [ 13.669458, 52.809243 ], [ 13.667661, 52.809237 ], [ 13.667653, 52.809496 ], [ 13.669269, 52.809432 ], [ 13.671381, 52.809218 ], [ 13.672578, 52.80894 ], [ 13.673369, 52.808613 ], [ 13.673434, 52.808523 ] ] ] } },
{ "type": "Feature", "properties": { "boden": "100 % mittel, mäßig frisch (M2)" }, "geometry": { "type": "Polygon", "coordinates": [ [ [ 13.670015, 52.8089 ], [ 13.67005, 52.809078 ], [ 13.670457, 52.809042 ], [ 13.670494, 52.808992 ], [ 13.670455, 52.808931 ], [ 13.670015, 52.8089 ] ] ] } },
{ "type": "Feature", "properties": { "boden": "100 % mittel, mäßig frisch (M2)" }, "geometry": { "type": "Polygon", "coordinates": [ [ [ 13.67005, 52.809078 ], [ 13.670006, 52.808949 ], [ 13.667662, 52.809178 ], [ 13.667661, 52.809237 ], [ 13.669458, 52.809243 ], [ 13.67005, 52.809078 ] ] ] } },
{ "type": "Feature", "properties": { "boden": "100 % mittel, mäßig frisch (M2)" }, "geometry": { "type": "Polygon", "coordinates": [ [ [ 13.672427, 52.81025 ], [ 13.672248, 52.810292 ], [ 13.672171, 52.810399 ], [ 13.672241, 52.810508 ], [ 13.672418, 52.810555 ], [ 13.672597, 52.810512 ], [ 13.672674, 52.810405 ], [ 13.672604, 52.810296 ], [ 13.672427, 52.81025 ] ] ] } },
{ "type": "Feature", "properties": { "boden": "100 % mittel, mäßig frisch (M2)" }, "geometry": { "type": "Polygon", "coordinates": [ [ [ 13.673747, 52.810433 ], [ 13.673568, 52.810475 ], [ 13.673491, 52.810583 ], [ 13.673562, 52.810691 ], [ 13.673738, 52.810738 ], [ 13.673918, 52.810695 ], [ 13.673995, 52.810588 ], [ 13.673924, 52.810479 ], [ 13.673747, 52.810433 ] ] ] } },
{ "type": "Feature", "properties": { "boden": "100 % mittel, mäßig frisch (M2)" }, "geometry": { "type": "Polygon", "coordinates": [ [ [ 13.673189, 52.810792 ], [ 13.67301, 52.810834 ], [ 13.672933, 52.810942 ], [ 13.673004, 52.81105 ], [ 13.67318, 52.811097 ], [ 13.673359, 52.811054 ], [ 13.673436, 52.810947 ], [ 13.673366, 52.810838 ], [ 13.673189, 52.810792 ] ] ] } },
{ "type": "Feature", "properties": { "boden": "60 % ziemlich arm, mäßig frisch (Z2) · 40 % ziemlich arm, mäßig frisch (Z2)" }, "geometry": { "type": "Polygon", "coordinates": [ [ [ 13.683148, 52.808705 ], [ 13.682247, 52.808369 ], [ 13.681637, 52.807901 ], [ 13.681088, 52.807387 ], [ 13.680605, 52.80716 ], [ 13.680243, 52.807064 ], [ 13.677428, 52.806945 ], [ 13.676224, 52.806978 ], [ 13.675804, 52.807123 ], [ 13.675554, 52.807291 ], [ 13.67639, 52.807246 ], [ 13.677216, 52.807315 ], [ 13.677499, 52.807497 ], [ 13.677562, 52.807651 ], [ 13.677834, 52.807746 ], [ 13.67744, 52.807847 ], [ 13.676958, 52.807846 ], [ 13.674968, 52.807676 ], [ 13.674585, 52.80767 ], [ 13.674562, 52.807713 ], [ 13.675279, 52.807919 ], [ 13.675877, 52.808 ], [ 13.676021, 52.808057 ], [ 13.676357, 52.808055 ], [ 13.676701, 52.808124 ], [ 13.677252, 52.80813 ], [ 13.677809, 52.808073 ], [ 13.678152, 52.80814 ], [ 13.678305, 52.808087 ], [ 13.678391, 52.807936 ], [ 13.678489, 52.807929 ], [ 13.678527, 52.807989 ], [ 13.678422, 52.808186 ], [ 13.678296, 52.80827 ], [ 13.67807, 52.808311 ], [ 13.676971, 52.808324 ], [ 13.676132, 52.808267 ], [ 13.675402, 52.808166 ], [ 13.677734, 52.808887 ], [ 13.678604, 52.809063 ], [ 13.679262, 52.80925 ], [ 13.679702, 52.809222 ], [ 13.68082, 52.809588 ], [ 13.681342, 52.809702 ], [ 13.682025, 52.809741 ], [ 13.68304, 52.80973 ], [ 13.684077, 52.809643 ], [ 13.684345, 52.809553 ], [ 13.684503, 52.809412 ], [ 13.684509, 52.809229 ], [ 13.68438, 52.809069 ], [ 13.684104, 52.80894 ], [ 13.683148, 52.808705 ] ] ] } },
{ "type": "Feature", "properties": { "boden": "60 % ziemlich arm, mäßig frisch (Z2) · 40 % mittel, mäßig frisch (M2)" }, "geometry": { "type": "Polygon", "coordinates": [ [ [ 13.688176, 52.808372 ], [ 13.686762, 52.808349 ], [ 13.686633, 52.808378 ], [ 13.686597, 52.808442 ], [ 13.686651, 52.808523 ], [ 13.686782, 52.808572 ], [ 13.687376, 52.808608 ], [ 13.688259, 52.808466 ], [ 13.688176, 52.808372 ] ] ] } },
{ "type": "Feature", "properties": { "boden": "60 % ziemlich arm, mäßig frisch (Z2) · 40 % mittel, mäßig frisch (M2)" }, "geometry": { "type": "Polygon", "coordinates": [ [ [ 13.693867, 52.812552 ], [ 13.692092, 52.811921 ], [ 13.691169, 52.811681 ], [ 13.69083, 52.811547 ], [ 13.690581, 52.811338 ], [ 13.690202, 52.810794 ], [ 13.689969, 52.80939 ], [ 13.689864, 52.809128 ], [ 13.689709, 52.808983 ], [ 13.689498, 52.808905 ], [ 13.688735, 52.808847 ], [ 13.688527, 52.80859 ], [ 13.688259, 52.808466 ], [ 13.687376, 52.808608 ], [ 13.686782, 52.808572 ], [ 13.686651, 52.808523 ], [ 13.686597, 52.808442 ], [ 13.686633, 52.808378 ], [ 13.686762, 52.808349 ], [ 13.688176, 52.808372 ], [ 13.688192, 52.808257 ], [ 13.688351, 52.808185 ], [ 13.68873, 52.808112 ], [ 13.689591, 52.808038 ], [ 13.689485, 52.807828 ], [ 13.689626, 52.807728 ], [ 13.68983, 52.807693 ], [ 13.69072, 52.807658 ], [ 13.691334, 52.807559 ], [ 13.692357, 52.807597 ], [ 13.691437, 52.806711 ], [ 13.690367, 52.806398 ], [ 13.690321, 52.806533 ], [ 13.69098, 52.806756 ], [ 13.691092, 52.806845 ], [ 13.691089, 52.806979 ], [ 13.690997, 52.807011 ], [ 13.689283, 52.806386 ], [ 13.688957, 52.806141 ], [ 13.688932, 52.805999 ], [ 13.689343, 52.806113 ], [ 13.689557, 52.806037 ], [ 13.689281, 52.805914 ], [ 13.689057, 52.805453 ], [ 13.688859, 52.805444 ], [ 13.689096, 52.805754 ], [ 13.689019, 52.805861 ], [ 13.688839, 52.805904 ], [ 13.688663, 52.805857 ], [ 13.688414, 52.805425 ], [ 13.685931, 52.805319 ], [ 13.685591, 52.808332 ], [ 13.685259, 52.8084 ], [ 13.684104, 52.80894 ], [ 13.68438, 52.809069 ], [ 13.684509, 52.809229 ], [ 13.684503, 52.809412 ], [ 13.684345, 52.809553 ], [ 13.684077, 52.809643 ], [ 13.683548, 52.809699 ], [ 13.682025, 52.809741 ], [ 13.681694, 52.809893 ], [ 13.679716, 52.811166 ], [ 13.679416, 52.813577 ], [ 13.680295, 52.81346 ], [ 13.681336, 52.813398 ], [ 13.682183, 52.813511 ], [ 13.683267, 52.813803 ], [ 13.684327, 52.813957 ], [ 13.685084, 52.813965 ], [ 13.686582, 52.813849 ], [ 13.688683, 52.81364 ], [ 13.689768, 52.813441 ], [ 13.690406, 52.813232 ], [ 13.69232, 52.812969 ], [ 13.693299, 52.812675 ], [ 13.693867, 52.812552 ] ] ] } },
{ "type": "Feature", "properties": { "boden": "70 % ziemlich arm, frisch (Z1) · 30 % ziemlich arm, mäßig frisch (Z2g)" }, "geometry": { "type": "Polygon", "coordinates": [ [ [ 13.693299, 52.812675 ], [ 13.69232, 52.812969 ], [ 13.690406, 52.813232 ], [ 13.689768, 52.813441 ], [ 13.688683, 52.81364 ], [ 13.685084, 52.813965 ], [ 13.684327, 52.813957 ], [ 13.683892, 52.813908 ], [ 13.683267, 52.813803 ], [ 13.682183, 52.813511 ], [ 13.681336, 52.813398 ], [ 13.680295, 52.81346 ], [ 13.679416, 52.813577 ], [ 13.678952, 52.813905 ], [ 13.678851, 52.814028 ], [ 13.678836, 52.814194 ], [ 13.679003, 52.814326 ], [ 13.67931, 52.814453 ], [ 13.680177, 52.81456 ], [ 13.682059, 52.814584 ], [ 13.685792, 52.814716 ], [ 13.687832, 52.814923 ], [ 13.689617, 52.814871 ], [ 13.690882, 52.814681 ], [ 13.692759, 52.814613 ], [ 13.693966, 52.81446 ], [ 13.694305, 52.814474 ], [ 13.694517, 52.814157 ], [ 13.694468, 52.813946 ], [ 13.694187, 52.813538 ], [ 13.693964, 52.813059 ], [ 13.693867, 52.812552 ], [ 13.693299, 52.812675 ] ] ] } },
{ "type": "Feature", "properties": { "boden": "60 % ziemlich arm, mäßig frisch (Z2) · 40 % mittel, mäßig frisch (M2)" }, "geometry": { "type": "Polygon", "coordinates": [ [ [ 13.68435, 52.816496 ], [ 13.68428, 52.816387 ], [ 13.683787, 52.816305 ], [ 13.683608, 52.816348 ], [ 13.683531, 52.816455 ], [ 13.683601, 52.816563 ], [ 13.684094, 52.816646 ], [ 13.684273, 52.816603 ], [ 13.68435, 52.816496 ] ] ] } },
{ "type": "Feature", "properties": { "boden": "60 % ziemlich arm, mäßig frisch (Z2) · 40 % mittel, mäßig frisch (M2)" }, "geometry": { "type": "Polygon", "coordinates": [ [ [ 13.694183, 52.814737 ], [ 13.693264, 52.814882 ], [ 13.692635, 52.815108 ], [ 13.692308, 52.815315 ], [ 13.691447, 52.816139 ], [ 13.690634, 52.816418 ], [ 13.688835, 52.816788 ], [ 13.687939, 52.817071 ], [ 13.686755, 52.817202 ], [ 13.685281, 52.817157 ], [ 13.684782, 52.817188 ], [ 13.684888, 52.816295 ], [ 13.684987, 52.816041 ], [ 13.684993, 52.815248 ], [ 13.685083, 52.814695 ], [ 13.682059, 52.814584 ], [ 13.680869, 52.81459 ], [ 13.680177, 52.81456 ], [ 13.67931, 52.814453 ], [ 13.678929, 52.817396 ], [ 13.679429, 52.817392 ], [ 13.680941, 52.81764 ], [ 13.681665, 52.817678 ], [ 13.682035, 52.817746 ], [ 13.682442, 52.817955 ], [ 13.683409, 52.818568 ], [ 13.68349, 52.81883 ], [ 13.683422, 52.819069 ], [ 13.682964, 52.819504 ], [ 13.683621, 52.819278 ], [ 13.684315, 52.819277 ], [ 13.685494, 52.819175 ], [ 13.687409, 52.818881 ], [ 13.689259, 52.818508 ], [ 13.690048, 52.818266 ], [ 13.690663, 52.817943 ], [ 13.691871, 52.817025 ], [ 13.69229, 52.81678 ], [ 13.69425, 52.815881 ], [ 13.694657, 52.815528 ], [ 13.694742, 52.815124 ], [ 13.694657, 52.814912 ], [ 13.694397, 52.814737 ], [ 13.694183, 52.814737 ] ], [ [ 13.688762, 52.817909 ], [ 13.688685, 52.818016 ], [ 13.688506, 52.818059 ], [ 13.688329, 52.818012 ], [ 13.688259, 52.817904 ], [ 13.688335, 52.817797 ], [ 13.688515, 52.817754 ], [ 13.688692, 52.817801 ], [ 13.688762, 52.817909 ] ], [ [ 13.68582, 52.818083 ], [ 13.685743, 52.81819 ], [ 13.685564, 52.818233 ], [ 13.685387, 52.818186 ], [ 13.685317, 52.818077 ], [ 13.685393, 52.81797 ], [ 13.685573, 52.817928 ], [ 13.68575, 52.817974 ], [ 13.68582, 52.818083 ] ], [ [ 13.684094, 52.816646 ], [ 13.683601, 52.816563 ], [ 13.683531, 52.816455 ], [ 13.683608, 52.816348 ], [ 13.683787, 52.816305 ], [ 13.68428, 52.816387 ], [ 13.68435, 52.816496 ], [ 13.684273, 52.816603 ], [ 13.684094, 52.816646 ] ] ] } },
{ "type": "Feature", "properties": { "boden": "60 % ziemlich arm, mäßig frisch (Z2) · 40 % mittel, mäßig frisch (M2)" }, "geometry": { "type": "Polygon", "coordinates": [ [ [ 13.685573, 52.817928 ], [ 13.685393, 52.81797 ], [ 13.685317, 52.818077 ], [ 13.685387, 52.818186 ], [ 13.685564, 52.818233 ], [ 13.685743, 52.81819 ], [ 13.68582, 52.818083 ], [ 13.68575, 52.817974 ], [ 13.685573, 52.817928 ] ] ] } },
{ "type": "Feature", "properties": { "boden": "100 % mittel, mäßig frisch (M2g)" }, "geometry": { "type": "Polygon", "coordinates": [ [ [ 13.67884, 52.822856 ], [ 13.678979, 52.822734 ], [ 13.678908, 52.822625 ], [ 13.678731, 52.822579 ], [ 13.678552, 52.822621 ], [ 13.678475, 52.822728 ], [ 13.678529, 52.822812 ], [ 13.67884, 52.822856 ] ] ] } },
{ "type": "Feature", "properties": { "boden": "100 % mittel, mäßig frisch (M2g)" }, "geometry": { "type": "Polygon", "coordinates": [ [ [ 13.679828, 52.822995 ], [ 13.679904, 52.82289 ], [ 13.679834, 52.822781 ], [ 13.679657, 52.822735 ], [ 13.679477, 52.822777 ], [ 13.6794, 52.822884 ], [ 13.679436, 52.822939 ], [ 13.679828, 52.822995 ] ] ] } },
{ "type": "Feature", "properties": { "boden": "100 % mittel, mäßig frisch (M2g)" }, "geometry": { "type": "Polygon", "coordinates": [ [ [ 13.6817, 52.823251 ], [ 13.681773, 52.823149 ], [ 13.681703, 52.82304 ], [ 13.681526, 52.822994 ], [ 13.681347, 52.823036 ], [ 13.68127, 52.823143 ], [ 13.681306, 52.823199 ], [ 13.6817, 52.823251 ] ] ] } },
{ "type": "Feature", "properties": { "boden": "100 % ziemlich arm, mäßig frisch (Z2)" }, "geometry": { "type": "Polygon", "coordinates": [ [ [ 13.694035, 52.808458 ], [ 13.693736, 52.808588 ], [ 13.694421, 52.808783 ], [ 13.694179, 52.808506 ], [ 13.694035, 52.808458 ] ] ] } },
{ "type": "Feature", "properties": { "boden": "60 % ziemlich arm, mäßig frisch (Z2) · 40 % ziemlich arm, mäßig frisch (Z2)" }, "geometry": { "type": "Polygon", "coordinates": [ [ [ 13.694179, 52.808506 ], [ 13.694226, 52.808355 ], [ 13.693207, 52.808505 ], [ 13.69297, 52.808657 ], [ 13.692957, 52.80882 ], [ 13.693108, 52.808899 ], [ 13.693091, 52.808662 ], [ 13.693385, 52.808528 ], [ 13.693737, 52.808439 ], [ 13.694179, 52.808506 ] ] ] } },
{ "type": "Feature", "properties": { "boden": "60 % ziemlich arm, trocken (vermutet) (Z3) · 40 % ziemlich arm, trocken (vermutet) (Z3)" }, "geometry": { "type": "Polygon", "coordinates": [ [ [ 13.692353, 52.808468 ], [ 13.692204, 52.808556 ], [ 13.691933, 52.808626 ], [ 13.691901, 52.808742 ], [ 13.691983, 52.808784 ], [ 13.692259, 52.808785 ], [ 13.692397, 52.808653 ], [ 13.692569, 52.808638 ], [ 13.692586, 52.808523 ], [ 13.692353, 52.808468 ] ] ] } },
{ "type": "Feature", "properties": { "boden": "100 % ziemlich arm, mäßig frisch (Z2)" }, "geometry": { "type": "Polygon", "coordinates": [ [ [ 13.694827, 52.808722 ], [ 13.694179, 52.808506 ], [ 13.694558, 52.80888 ], [ 13.695392, 52.809242 ], [ 13.695444, 52.809097 ], [ 13.695529, 52.809077 ], [ 13.694827, 52.808722 ] ] ] } },
{ "type": "Feature", "properties": { "boden": "100 % ziemlich arm, mäßig frisch (Z2)" }, "geometry": { "type": "Polygon", "coordinates": [ [ [ 13.695444, 52.809097 ], [ 13.695392, 52.809242 ], [ 13.695996, 52.809401 ], [ 13.695928, 52.809254 ], [ 13.695529, 52.809077 ], [ 13.695444, 52.809097 ] ] ] } },
{ "type": "Feature", "properties": { "boden": "100 % arm, nass (OA2)" }, "geometry": { "type": "Polygon", "coordinates": [ [ [ 13.696215, 52.809456 ], [ 13.69607, 52.80949 ], [ 13.695993, 52.809598 ], [ 13.696064, 52.809706 ], [ 13.69624, 52.809753 ], [ 13.69642, 52.80971 ], [ 13.696497, 52.809603 ], [ 13.696437, 52.809512 ], [ 13.696215, 52.809456 ] ] ] } },
{ "type": "Feature", "properties": { "boden": "100 % mittel, mäßig frisch (M2)" }, "geometry": { "type": "Polygon", "coordinates": [ [ [ 13.693108, 52.808899 ], [ 13.693088, 52.80966 ], [ 13.692855, 52.810147 ], [ 13.692738, 52.811072 ], [ 13.692985, 52.81123 ], [ 13.693516, 52.81139 ], [ 13.695185, 52.811614 ], [ 13.696308, 52.811634 ], [ 13.697138, 52.811694 ], [ 13.697995, 52.811821 ], [ 13.698296, 52.811802 ], [ 13.698739, 52.811846 ], [ 13.697775, 52.811504 ], [ 13.696989, 52.811356 ], [ 13.696085, 52.811037 ], [ 13.695265, 52.810597 ], [ 13.694415, 52.809995 ], [ 13.693108, 52.808899 ] ] ] } },
{ "type": "Feature", "properties": { "boden": "60 % ziemlich arm, mäßig frisch (Z2g) · 40 % ziemlich arm, mäßig frisch (Z2)" }, "geometry": { "type": "Polygon", "coordinates": [ [ [ 13.695506, 52.814749 ], [ 13.695383, 52.814582 ], [ 13.69534, 52.813887 ], [ 13.695237, 52.813492 ], [ 13.694579, 52.8129 ], [ 13.693867, 52.812552 ], [ 13.693964, 52.813059 ], [ 13.694187, 52.813538 ], [ 13.694468, 52.813946 ], [ 13.694517, 52.814157 ], [ 13.694305, 52.814474 ], [ 13.693966, 52.81446 ], [ 13.692759, 52.814613 ], [ 13.690882, 52.814681 ], [ 13.689617, 52.814871 ], [ 13.688646, 52.814904 ], [ 13.687832, 52.814923 ], [ 13.685792, 52.814716 ], [ 13.685083, 52.814695 ], [ 13.684993, 52.815248 ], [ 13.684987, 52.816041 ], [ 13.684888, 52.816295 ], [ 13.684782, 52.817188 ], [ 13.685281, 52.817157 ], [ 13.686755, 52.817202 ], [ 13.687939, 52.817071 ], [ 13.688835, 52.816788 ], [ 13.690634, 52.816418 ], [ 13.691447, 52.816139 ], [ 13.692308, 52.815315 ], [ 13.692635, 52.815108 ], [ 13.693264, 52.814882 ], [ 13.694183, 52.814737 ], [ 13.695506, 52.814749 ] ] ] } },
{ "type": "Feature", "properties": { "boden": "60 % ziemlich arm, mäßig frisch (Z2) · 40 % mittel, mäßig frisch (M2)" }, "geometry": { "type": "Polygon", "coordinates": [ [ [ 13.688515, 52.817754 ], [ 13.688335, 52.817797 ], [ 13.688259, 52.817904 ], [ 13.688329, 52.818012 ], [ 13.688506, 52.818059 ], [ 13.688685, 52.818016 ], [ 13.688762, 52.817909 ], [ 13.688692, 52.817801 ], [ 13.688515, 52.817754 ] ] ] } },
{ "type": "Feature", "properties": { "boden": "100 % mittel, mäßig frisch (M2g)" }, "geometry": { "type": "Polygon", "coordinates": [ [ [ 13.711671, 52.819204 ], [ 13.706774, 52.814817 ], [ 13.704819, 52.815448 ], [ 13.702415, 52.815323 ], [ 13.701584, 52.815323 ], [ 13.69955, 52.815076 ], [ 13.69657, 52.815017 ], [ 13.695879, 52.814921 ], [ 13.695506, 52.814749 ], [ 13.694397, 52.814737 ], [ 13.694657, 52.814912 ], [ 13.694748, 52.815251 ], [ 13.694657, 52.815528 ], [ 13.694412, 52.815769 ], [ 13.693773, 52.816115 ], [ 13.69229, 52.81678 ], [ 13.691871, 52.817025 ], [ 13.690663, 52.817943 ], [ 13.690048, 52.818266 ], [ 13.689259, 52.818508 ], [ 13.687409, 52.818881 ], [ 13.685494, 52.819175 ], [ 13.684315, 52.819277 ], [ 13.683621, 52.819278 ], [ 13.682287, 52.819735 ], [ 13.678675, 52.819677 ], [ 13.678172, 52.819622 ], [ 13.676999, 52.820018 ], [ 13.676236, 52.820152 ], [ 13.673771, 52.820475 ], [ 13.670887, 52.82096 ], [ 13.670372, 52.821011 ], [ 13.66989, 52.821006 ], [ 13.669217, 52.821112 ], [ 13.668841, 52.821266 ], [ 13.668573, 52.821486 ], [ 13.668348, 52.821767 ], [ 13.668268, 52.822615 ], [ 13.668145, 52.822822 ], [ 13.66815, 52.822966 ], [ 13.668236, 52.823035 ], [ 13.670023, 52.822936 ], [ 13.672192, 52.823113 ], [ 13.673198, 52.823096 ], [ 13.673951, 52.823202 ], [ 13.674451, 52.823199 ], [ 13.675337, 52.823099 ], [ 13.675406, 52.82298 ], [ 13.675548, 52.822946 ], [ 13.675164, 52.822757 ], [ 13.675092, 52.822871 ], [ 13.674912, 52.822914 ], [ 13.674736, 52.822867 ], [ 13.674606, 52.822697 ], [ 13.674215, 52.82259 ], [ 13.674145, 52.822481 ], [ 13.674222, 52.822374 ], [ 13.674515, 52.822306 ], [ 13.674638, 52.822136 ], [ 13.674817, 52.822093 ], [ 13.675362, 52.822173 ], [ 13.675432, 52.822282 ], [ 13.675355, 52.822389 ], [ 13.675176, 52.822431 ], [ 13.674881, 52.822381 ], [ 13.67557, 52.822605 ], [ 13.675917, 52.822637 ], [ 13.675982, 52.82251 ], [ 13.676161, 52.822467 ], [ 13.676298, 52.822503 ], [ 13.676242, 52.822418 ], [ 13.676319, 52.822311 ], [ 13.676499, 52.822269 ], [ 13.676675, 52.822315 ], [ 13.676746, 52.822424 ], [ 13.676669, 52.822531 ], [ 13.676489, 52.822574 ], [ 13.676353, 52.822538 ], [ 13.676408, 52.822623 ], [ 13.676368, 52.822678 ], [ 13.676966, 52.822727 ], [ 13.676922, 52.822658 ], [ 13.676999, 52.822551 ], [ 13.677178, 52.822508 ], [ 13.677648, 52.822567 ], [ 13.677827, 52.822525 ], [ 13.678004, 52.822571 ], [ 13.678074, 52.82268 ], [ 13.678029, 52.822743 ], [ 13.678529, 52.822812 ], [ 13.678475, 52.822728 ], [ 13.678552, 52.822621 ], [ 13.678731, 52.822579 ], [ 13.678908, 52.822625 ], [ 13.678979, 52.822734 ], [ 13.67884, 52.822856 ], [ 13.679436, 52.822939 ], [ 13.6794, 52.822884 ], [ 13.679477, 52.822777 ], [ 13.679657, 52.822735 ], [ 13.679834, 52.822781 ], [ 13.679904, 52.82289 ], [ 13.679828, 52.822995 ], [ 13.681306, 52.823199 ], [ 13.68127, 52.823143 ], [ 13.681347, 52.823036 ], [ 13.681526, 52.822994 ], [ 13.681703, 52.82304 ], [ 13.681773, 52.823149 ], [ 13.6817, 52.823251 ], [ 13.684488, 52.823617 ], [ 13.690659, 52.823133 ], [ 13.691638, 52.822258 ], [ 13.695216, 52.822239 ], [ 13.695443, 52.818483 ], [ 13.703276, 52.818798 ], [ 13.711442, 52.819225 ], [ 13.711671, 52.819204 ] ] ] } },
{ "type": "Feature", "properties": { "boden": "100 % mittel, mäßig frisch (M2)" }, "geometry": { "type": "Polygon", "coordinates": [ [ [ 13.667703, 52.817401 ], [ 13.66784, 52.817322 ], [ 13.668451, 52.817249 ], [ 13.669521, 52.817371 ], [ 13.670131, 52.817388 ], [ 13.673326, 52.817371 ], [ 13.674427, 52.817432 ], [ 13.67561, 52.817442 ], [ 13.677419, 52.817414 ], [ 13.678117, 52.817443 ], [ 13.678929, 52.817396 ], [ 13.67931, 52.814453 ], [ 13.679003, 52.814326 ], [ 13.678836, 52.814194 ], [ 13.678851, 52.814028 ], [ 13.679416, 52.813577 ], [ 13.679716, 52.811166 ], [ 13.681694, 52.809893 ], [ 13.682025, 52.809741 ], [ 13.681342, 52.809702 ], [ 13.68082, 52.809588 ], [ 13.679702, 52.809222 ], [ 13.679262, 52.80925 ], [ 13.678604, 52.809063 ], [ 13.677734, 52.808887 ], [ 13.675665, 52.808226 ], [ 13.675126, 52.80812 ], [ 13.674764, 52.808108 ], [ 13.674385, 52.808124 ], [ 13.674213, 52.808176 ], [ 13.673846, 52.808395 ], [ 13.67293, 52.808815 ], [ 13.671905, 52.809123 ], [ 13.671381, 52.809218 ], [ 13.669464, 52.809417 ], [ 13.667653, 52.809496 ], [ 13.667411, 52.81739 ], [ 13.667703, 52.817401 ] ], [ [ 13.673436, 52.810947 ], [ 13.673359, 52.811054 ], [ 13.67318, 52.811097 ], [ 13.673004, 52.81105 ], [ 13.672933, 52.810942 ], [ 13.67301, 52.810834 ], [ 13.673189, 52.810792 ], [ 13.673366, 52.810838 ], [ 13.673436, 52.810947 ] ], [ [ 13.673995, 52.810588 ], [ 13.673918, 52.810695 ], [ 13.673738, 52.810738 ], [ 13.673562, 52.810691 ], [ 13.673491, 52.810583 ], [ 13.673568, 52.810475 ], [ 13.673747, 52.810433 ], [ 13.673924, 52.810479 ], [ 13.673995, 52.810588 ] ], [ [ 13.672674, 52.810405 ], [ 13.672597, 52.810512 ], [ 13.672418, 52.810555 ], [ 13.672241, 52.810508 ], [ 13.672171, 52.810399 ], [ 13.672248, 52.810292 ], [ 13.672427, 52.81025 ], [ 13.672604, 52.810296 ], [ 13.672674, 52.810405 ] ] ] } },
{ "type": "Feature", "properties": { "boden": "60 % mittel, mäßig frisch (M2g) · 20 % mittel, mäßig frisch (M2) · 20 % ziemlich arm, mäßig frisch (Z2)" }, "geometry": { "type": "Polygon", "coordinates": [ [ [ 13.667411, 52.81739 ], [ 13.667354, 52.820711 ], [ 13.668145, 52.820801 ], [ 13.66847, 52.82078 ], [ 13.668927, 52.820666 ], [ 13.669511, 52.820448 ], [ 13.670025, 52.820191 ], [ 13.670924, 52.819941 ], [ 13.67249, 52.819627 ], [ 13.673626, 52.819243 ], [ 13.673836, 52.819105 ], [ 13.673762, 52.818998 ], [ 13.67323, 52.81875 ], [ 13.672834, 52.81871 ], [ 13.671701, 52.818298 ], [ 13.670647, 52.817791 ], [ 13.669505, 52.817735 ], [ 13.667694, 52.817491 ], [ 13.667703, 52.817401 ], [ 13.667411, 52.81739 ] ] ] } },
{ "type": "Feature", "properties": { "boden": "70 % ziemlich arm, mäßig frisch (Z2) · 30 % ziemlich arm, mäßig frisch (Z2)" }, "geometry": { "type": "Polygon", "coordinates": [ [ [ 13.682964, 52.819504 ], [ 13.683422, 52.819069 ], [ 13.68349, 52.81883 ], [ 13.683409, 52.818568 ], [ 13.682442, 52.817955 ], [ 13.682035, 52.817746 ], [ 13.681665, 52.817678 ], [ 13.680401, 52.817569 ], [ 13.679888, 52.817444 ], [ 13.679429, 52.817392 ], [ 13.678117, 52.817443 ], [ 13.677419, 52.817414 ], [ 13.67561, 52.817442 ], [ 13.674427, 52.817432 ], [ 13.673326, 52.817371 ], [ 13.670131, 52.817388 ], [ 13.669521, 52.817371 ], [ 13.668451, 52.817249 ], [ 13.66784, 52.817322 ], [ 13.667703, 52.817401 ], [ 13.667694, 52.817491 ], [ 13.669505, 52.817735 ], [ 13.670647, 52.817791 ], [ 13.671701, 52.818298 ], [ 13.672834, 52.81871 ], [ 13.67323, 52.81875 ], [ 13.673762, 52.818998 ], [ 13.673836, 52.819105 ], [ 13.673626, 52.819243 ], [ 13.67249, 52.819627 ], [ 13.670924, 52.819941 ], [ 13.670025, 52.820191 ], [ 13.669511, 52.820448 ], [ 13.668927, 52.820666 ], [ 13.66847, 52.82078 ], [ 13.668145, 52.820801 ], [ 13.66731, 52.820697 ], [ 13.66727, 52.822001 ], [ 13.667347, 52.822112 ], [ 13.667264, 52.82222 ], [ 13.667257, 52.822442 ], [ 13.667745, 52.822785 ], [ 13.668145, 52.822822 ], [ 13.668268, 52.822615 ], [ 13.668348, 52.821767 ], [ 13.668573, 52.821486 ], [ 13.668841, 52.821266 ], [ 13.669217, 52.821112 ], [ 13.66989, 52.821006 ], [ 13.670372, 52.821011 ], [ 13.670887, 52.82096 ], [ 13.673771, 52.820475 ], [ 13.676236, 52.820152 ], [ 13.676999, 52.820018 ], [ 13.678172, 52.819622 ], [ 13.678675, 52.819677 ], [ 13.682287, 52.819735 ], [ 13.682964, 52.819504 ] ] ] } },
{ "type": "Feature", "properties": { "boden": "70 % ziemlich arm, mäßig frisch (Z2) · 30 % ziemlich arm, mäßig frisch (Z2)" }, "geometry": { "type": "Polygon", "coordinates": [ [ [ 13.667264, 52.82222 ], [ 13.667347, 52.822112 ], [ 13.66727, 52.822001 ], [ 13.667264, 52.82222 ] ] ] } },
{ "type": "Feature", "properties": { "boden": "100 % arm, nass (OA2)" }, "geometry": { "type": "Polygon", "coordinates": [ [ [ 13.667565, 52.82313 ], [ 13.66815, 52.822966 ], [ 13.668145, 52.822822 ], [ 13.667745, 52.822785 ], [ 13.667257, 52.822442 ], [ 13.667236, 52.823124 ], [ 13.667565, 52.82313 ] ] ] } },
{ "type": "Feature", "properties": { "boden": "100 % mittel, mäßig frisch (M2g)" }, "geometry": { "type": "Polygon", "coordinates": [ [ [ 13.676313, 52.822527 ], [ 13.676489, 52.822574 ], [ 13.676669, 52.822531 ], [ 13.676746, 52.822424 ], [ 13.676675, 52.822315 ], [ 13.676499, 52.822269 ], [ 13.676319, 52.822311 ], [ 13.676242, 52.822418 ], [ 13.676313, 52.822527 ] ] ] } },
{ "type": "Feature", "properties": { "boden": "100 % mittel, mäßig frisch (M2g)" }, "geometry": { "type": "Polygon", "coordinates": [ [ [ 13.67443, 52.822394 ], [ 13.67457, 52.822279 ], [ 13.675176, 52.822431 ], [ 13.675355, 52.822389 ], [ 13.675432, 52.822282 ], [ 13.675362, 52.822173 ], [ 13.674817, 52.822093 ], [ 13.674638, 52.822136 ], [ 13.674515, 52.822306 ], [ 13.674222, 52.822374 ], [ 13.674145, 52.822481 ], [ 13.674215, 52.82259 ], [ 13.674606, 52.822697 ], [ 13.674736, 52.822867 ], [ 13.674912, 52.822914 ], [ 13.675092, 52.822871 ], [ 13.675164, 52.822757 ], [ 13.67443, 52.822394 ] ] ] } },
{ "type": "Feature", "properties": { "boden": "100 % mittel, mäßig frisch (M2g)" }, "geometry": { "type": "Polygon", "coordinates": [ [ [ 13.676408, 52.822623 ], [ 13.676161, 52.822467 ], [ 13.675982, 52.82251 ], [ 13.675917, 52.822637 ], [ 13.676368, 52.822678 ], [ 13.676408, 52.822623 ] ] ] } },
{ "type": "Feature", "properties": { "boden": "100 % mittel, mäßig frisch (M2g)" }, "geometry": { "type": "Polygon", "coordinates": [ [ [ 13.677759, 52.822706 ], [ 13.678029, 52.822743 ], [ 13.678074, 52.82268 ], [ 13.678004, 52.822571 ], [ 13.677827, 52.822525 ], [ 13.677648, 52.822567 ], [ 13.677355, 52.822555 ], [ 13.677178, 52.822508 ], [ 13.676999, 52.822551 ], [ 13.676922, 52.822658 ], [ 13.676966, 52.822727 ], [ 13.677759, 52.822706 ] ] ] } },
{ "type": "Feature", "properties": { "boden": "100 % mittel, mäßig frisch (M2g)" }, "geometry": { "type": "Polygon", "coordinates": [ [ [ 13.675805, 52.82305 ], [ 13.675548, 52.822946 ], [ 13.675406, 52.82298 ], [ 13.675337, 52.823099 ], [ 13.675568, 52.823144 ], [ 13.676078, 52.823083 ], [ 13.675805, 52.82305 ] ] ] } },
{ "type": "Feature", "properties": { "boden": "50 % mittel, mäßig frisch (M2) · 50 % ziemlich arm, mäßig frisch (Z2)" }, "geometry": { "type": "Polygon", "coordinates": [ [ [ 13.75094, 52.807501 ], [ 13.750037, 52.807278 ], [ 13.749722, 52.807289 ], [ 13.749295, 52.807231 ], [ 13.749117, 52.807296 ], [ 13.748913, 52.80713 ], [ 13.748561, 52.807027 ], [ 13.748658, 52.806961 ], [ 13.74903, 52.806897 ], [ 13.749486, 52.806902 ], [ 13.749964, 52.806997 ], [ 13.750525, 52.807175 ], [ 13.751021, 52.807044 ], [ 13.751073, 52.806755 ], [ 13.75071, 52.806676 ], [ 13.750371, 52.806799 ], [ 13.749862, 52.806731 ], [ 13.749683, 52.806774 ], [ 13.749506, 52.806727 ], [ 13.749436, 52.806619 ], [ 13.749512, 52.806512 ], [ 13.749692, 52.806468 ], [ 13.748645, 52.806384 ], [ 13.748528, 52.806401 ], [ 13.748653, 52.806524 ], [ 13.748576, 52.806631 ], [ 13.748397, 52.806674 ], [ 13.74822, 52.806628 ], [ 13.74815, 52.806519 ], [ 13.748208, 52.806438 ], [ 13.747589, 52.806372 ], [ 13.747433, 52.806396 ], [ 13.749228, 52.807428 ], [ 13.749908, 52.80775 ], [ 13.750148, 52.807824 ], [ 13.750449, 52.807781 ], [ 13.750871, 52.807892 ], [ 13.75094, 52.807501 ] ] ] } },
{ "type": "Feature", "properties": { "boden": "100 % mittel, nass (OM2)" }, "geometry": { "type": "Polygon", "coordinates": [ [ [ 13.756128, 52.807249 ], [ 13.75548, 52.807114 ], [ 13.75546, 52.807141 ], [ 13.755531, 52.807249 ], [ 13.75616, 52.807355 ], [ 13.756339, 52.807312 ], [ 13.756391, 52.807239 ], [ 13.756128, 52.807249 ] ] ] } },
{ "type": "Feature", "properties": { "boden": "50 % mittel, trocken (vermutet) (M3) · 50 % ziemlich arm, trocken (vermutet) (Z3)" }, "geometry": { "type": "Polygon", "coordinates": [ [ [ 13.751021, 52.807044 ], [ 13.750525, 52.807175 ], [ 13.749723, 52.806938 ], [ 13.749256, 52.806888 ], [ 13.748658, 52.806961 ], [ 13.748561, 52.807027 ], [ 13.748913, 52.80713 ], [ 13.749117, 52.807296 ], [ 13.749295, 52.807231 ], [ 13.749722, 52.807289 ], [ 13.750037, 52.807278 ], [ 13.75094, 52.807501 ], [ 13.751021, 52.807044 ] ] ] } },
{ "type": "Feature", "properties": { "boden": "100 % mittel, trocken (vermutet) (M3)" }, "geometry": { "type": "Polygon", "coordinates": [ [ [ 13.75094, 52.807501 ], [ 13.751943, 52.807491 ], [ 13.752354, 52.807425 ], [ 13.752414, 52.807379 ], [ 13.752138, 52.807211 ], [ 13.751675, 52.807094 ], [ 13.751066, 52.807037 ], [ 13.75094, 52.807501 ] ] ] } },
{ "type": "Feature", "properties": { "boden": "40 % ziemlich arm, mäßig frisch (Z2) · 40 % mittel, mäßig frisch (M2) · 20 % ziemlich arm, mäßig frisch (Z2)" }, "geometry": { "type": "Polygon", "coordinates": [ [ [ 13.756661, 52.806973 ], [ 13.756682, 52.807336 ], [ 13.7566, 52.807656 ], [ 13.756724, 52.807689 ], [ 13.756744, 52.807 ], [ 13.756661, 52.806973 ] ] ] } },
{ "type": "Feature", "properties": { "boden": "100 % mittel, mäßig frisch (M2)" }, "geometry": { "type": "Polygon", "coordinates": [ [ [ 13.755969, 52.807608 ], [ 13.755485, 52.807512 ], [ 13.755306, 52.807554 ], [ 13.755097, 52.807534 ], [ 13.754667, 52.807468 ], [ 13.753836, 52.807251 ], [ 13.75371, 52.807282 ], [ 13.75526, 52.807678 ], [ 13.756316, 52.807853 ], [ 13.756393, 52.807746 ], [ 13.756322, 52.807637 ], [ 13.756146, 52.807591 ], [ 13.755969, 52.807608 ] ] ] } },
{ "type": "Feature", "properties": { "boden": "40 % ziemlich arm, mäßig frisch (Z2) · 40 % mittel, mäßig frisch (M2) · 20 % ziemlich arm, mäßig frisch (Z2)" }, "geometry": { "type": "MultiPolygon", "coordinates": [ [ [ [ 13.756747, 52.806872 ], [ 13.756661, 52.806973 ], [ 13.756744, 52.807 ], [ 13.756747, 52.806872 ] ] ], [ [ [ 13.756608, 52.807657 ], [ 13.756577, 52.807744 ], [ 13.756721, 52.807796 ], [ 13.756724, 52.807689 ], [ 13.756608, 52.807657 ] ] ] ] } },
{ "type": "Feature", "properties": { "boden": "100 % mittel, mäßig frisch (M2)" }, "geometry": { "type": "Polygon", "coordinates": [ [ [ 13.756699, 52.808564 ], [ 13.756262, 52.808449 ], [ 13.755398, 52.808033 ], [ 13.753287, 52.807499 ], [ 13.752802, 52.807325 ], [ 13.752728, 52.807223 ], [ 13.75291, 52.807186 ], [ 13.752974, 52.807097 ], [ 13.753154, 52.807054 ], [ 13.75333, 52.807101 ], [ 13.753385, 52.807232 ], [ 13.75371, 52.807282 ], [ 13.753836, 52.807251 ], [ 13.754667, 52.807468 ], [ 13.755306, 52.807554 ], [ 13.755485, 52.807512 ], [ 13.755969, 52.807608 ], [ 13.756146, 52.807591 ], [ 13.75541, 52.807435 ], [ 13.754894, 52.807452 ], [ 13.75316, 52.807002 ], [ 13.752763, 52.806955 ], [ 13.752693, 52.807073 ], [ 13.752514, 52.807116 ], [ 13.751945, 52.80704 ], [ 13.751875, 52.806932 ], [ 13.751952, 52.806825 ], [ 13.752131, 52.806782 ], [ 13.752308, 52.806828 ], [ 13.752609, 52.806811 ], [ 13.752374, 52.806786 ], [ 13.752081, 52.806681 ], [ 13.752104, 52.806508 ], [ 13.753031, 52.806491 ], [ 13.753106, 52.806386 ], [ 13.753349, 52.806317 ], [ 13.753573, 52.805839 ], [ 13.753933, 52.805798 ], [ 13.754126, 52.805846 ], [ 13.753518, 52.805634 ], [ 13.752807, 52.805573 ], [ 13.752278, 52.80562 ], [ 13.751208, 52.805999 ], [ 13.751132, 52.806425 ], [ 13.751221, 52.806583 ], [ 13.751298, 52.806663 ], [ 13.75168, 52.806754 ], [ 13.751751, 52.806863 ], [ 13.751674, 52.80697 ], [ 13.751495, 52.807013 ], [ 13.751318, 52.806966 ], [ 13.751171, 52.806775 ], [ 13.751073, 52.806755 ], [ 13.751021, 52.807044 ], [ 13.751675, 52.807094 ], [ 13.752286, 52.807268 ], [ 13.752414, 52.807379 ], [ 13.752354, 52.807425 ], [ 13.751943, 52.807491 ], [ 13.75094, 52.807501 ], [ 13.750871, 52.807892 ], [ 13.751169, 52.807947 ], [ 13.751844, 52.808177 ], [ 13.75246, 52.808248 ], [ 13.753178, 52.808266 ], [ 13.753529, 52.808236 ], [ 13.753645, 52.808179 ], [ 13.753835, 52.808233 ], [ 13.754239, 52.808184 ], [ 13.754489, 52.80793 ], [ 13.754781, 52.807953 ], [ 13.754944, 52.808005 ], [ 13.7554, 52.808363 ], [ 13.755657, 52.808644 ], [ 13.755818, 52.808663 ], [ 13.756038, 52.808575 ], [ 13.756026, 52.808516 ], [ 13.755862, 52.808499 ], [ 13.755895, 52.808401 ], [ 13.756664, 52.808739 ], [ 13.756594, 52.808825 ], [ 13.756338, 52.808741 ], [ 13.755904, 52.808808 ], [ 13.756683, 52.809133 ], [ 13.756699, 52.808564 ] ] ] } },
{ "type": "Feature", "properties": { "boden": "50 % mittel, mäßig frisch (M2) · 50 % ziemlich arm, mäßig frisch (Z2)" }, "geometry": { "type": "Polygon", "coordinates": [ [ [ 13.750871, 52.807892 ], [ 13.750449, 52.807781 ], [ 13.750148, 52.807824 ], [ 13.749908, 52.80775 ], [ 13.750833, 52.80811 ], [ 13.750871, 52.807892 ] ] ] } },
{ "type": "Feature", "properties": { "boden": "100 % mittel, mäßig frisch (M2)" }, "geometry": { "type": "Polygon", "coordinates": [ [ [ 13.748839, 52.807803 ], [ 13.74866, 52.807845 ], [ 13.748583, 52.807952 ], [ 13.748654, 52.808061 ], [ 13.748831, 52.808108 ], [ 13.74901, 52.808065 ], [ 13.749087, 52.807958 ], [ 13.749016, 52.807849 ], [ 13.748839, 52.807803 ] ] ] } },
{ "type": "Feature", "properties": { "boden": "100 % mittel, mäßig frisch (M2)" }, "geometry": { "type": "Polygon", "coordinates": [ [ [ 13.736798, 52.807988 ], [ 13.737136, 52.808107 ], [ 13.737447, 52.808116 ], [ 13.737549, 52.808092 ], [ 13.737626, 52.807985 ], [ 13.737555, 52.807876 ], [ 13.737379, 52.80783 ], [ 13.736798, 52.807988 ] ] ] } },
{ "type": "Feature", "properties": { "boden": "100 % mittel, mäßig frisch (M2)" }, "geometry": { "type": "Polygon", "coordinates": [ [ [ 13.737075, 52.808117 ], [ 13.737136, 52.808107 ], [ 13.736798, 52.807988 ], [ 13.736689, 52.808018 ], [ 13.736612, 52.808125 ], [ 13.736683, 52.808233 ], [ 13.736859, 52.80828 ], [ 13.737039, 52.808237 ], [ 13.737075, 52.808117 ] ] ] } },
{ "type": "Feature", "properties": { "boden": "100 % mittel, mäßig frisch (M2)" }, "geometry": { "type": "Polygon", "coordinates": [ [ [ 13.737287, 52.80842 ], [ 13.737071, 52.808192 ], [ 13.736859, 52.80828 ], [ 13.736683, 52.808233 ], [ 13.736612, 52.808125 ], [ 13.736689, 52.808018 ], [ 13.736798, 52.807988 ], [ 13.736556, 52.807945 ], [ 13.736297, 52.80801 ], [ 13.736246, 52.808163 ], [ 13.736479, 52.808308 ], [ 13.73704, 52.808424 ], [ 13.737178, 52.808391 ], [ 13.737287, 52.80842 ] ] ] } },
{ "type": "Feature", "properties": { "boden": "100 % kräftig, frisch (K1)" }, "geometry": { "type": "Polygon", "coordinates": [ [ [ 13.737645, 52.808569 ], [ 13.738006, 52.808213 ], [ 13.73726, 52.808085 ], [ 13.737075, 52.808117 ], [ 13.737071, 52.808192 ], [ 13.737366, 52.808489 ], [ 13.737645, 52.808569 ] ] ] } },
{ "type": "Feature", "properties": { "boden": "100 % reich, nass (NR1)" }, "geometry": { "type": "Polygon", "coordinates": [ [ [ 13.737718, 52.808497 ], [ 13.737901, 52.808553 ], [ 13.73808, 52.80851 ], [ 13.738157, 52.808403 ], [ 13.738086, 52.808295 ], [ 13.737957, 52.808261 ], [ 13.737718, 52.808497 ] ] ] } },
{ "type": "Feature", "properties": { "boden": "100 % reich, nass (NR1)" }, "geometry": { "type": "Polygon", "coordinates": [ [ [ 13.738006, 52.808213 ], [ 13.737957, 52.808261 ], [ 13.738086, 52.808295 ], [ 13.738157, 52.808403 ], [ 13.73808, 52.80851 ], [ 13.737901, 52.808553 ], [ 13.737718, 52.808497 ], [ 13.737645, 52.808569 ], [ 13.737645, 52.80871 ], [ 13.737956, 52.808844 ], [ 13.738351, 52.808284 ], [ 13.738006, 52.808213 ] ] ] } },
{ "type": "Feature", "properties": { "boden": "100 % kräftig, mäßig frisch (K2)" }, "geometry": { "type": "Polygon", "coordinates": [ [ [ 13.739436, 52.808952 ], [ 13.739351, 52.808629 ], [ 13.73908, 52.80825 ], [ 13.738931, 52.80831 ], [ 13.738847, 52.808413 ], [ 13.738461, 52.80841 ], [ 13.738975, 52.808943 ], [ 13.739229, 52.809045 ], [ 13.739436, 52.808952 ] ] ] } },
{ "type": "Feature", "properties": { "boden": "100 % mittel, mäßig frisch (M2)" }, "geometry": { "type": "Polygon", "coordinates": [ [ [ 13.737886, 52.808863 ], [ 13.737841, 52.808795 ], [ 13.737645, 52.80871 ], [ 13.737645, 52.808569 ], [ 13.737178, 52.808391 ], [ 13.736999, 52.808434 ], [ 13.736922, 52.808541 ], [ 13.736993, 52.808649 ], [ 13.737169, 52.808696 ], [ 13.737453, 52.808967 ], [ 13.73763, 52.809013 ], [ 13.737809, 52.80897 ], [ 13.737886, 52.808863 ] ] ] } },
{ "type": "Feature", "properties": { "boden": "100 % kräftig, nass (OK3)" }, "geometry": { "type": "Polygon", "coordinates": [ [ [ 13.739229, 52.809045 ], [ 13.738975, 52.808943 ], [ 13.738351, 52.808284 ], [ 13.737956, 52.808844 ], [ 13.737841, 52.808795 ], [ 13.737994, 52.808964 ], [ 13.738211, 52.809057 ], [ 13.738375, 52.809018 ], [ 13.738552, 52.809064 ], [ 13.738592, 52.809126 ], [ 13.738674, 52.809101 ], [ 13.740058, 52.809549 ], [ 13.739585, 52.809313 ], [ 13.739312, 52.809036 ], [ 13.739229, 52.809045 ] ] ] } },
{ "type": "Feature", "properties": { "boden": "100 % mittel, mäßig frisch (M2)" }, "geometry": { "type": "Polygon", "coordinates": [ [ [ 13.738552, 52.809064 ], [ 13.738375, 52.809018 ], [ 13.738196, 52.809061 ], [ 13.738119, 52.809168 ], [ 13.73819, 52.809276 ], [ 13.738367, 52.809323 ], [ 13.738546, 52.80928 ], [ 13.738623, 52.809173 ], [ 13.738552, 52.809064 ] ] ] } },
{ "type": "Feature", "properties": { "boden": "100 % mittel, mäßig frisch (M2)" }, "geometry": { "type": "Polygon", "coordinates": [ [ [ 13.748927, 52.80762 ], [ 13.747869, 52.807088 ], [ 13.74747, 52.806954 ], [ 13.747349, 52.807001 ], [ 13.747335, 52.807092 ], [ 13.748223, 52.807578 ], [ 13.748191, 52.80764 ], [ 13.747947, 52.807575 ], [ 13.747886, 52.807625 ], [ 13.747514, 52.807669 ], [ 13.747621, 52.807697 ], [ 13.747692, 52.807806 ], [ 13.747627, 52.807896 ], [ 13.748227, 52.807687 ], [ 13.748403, 52.807734 ], [ 13.748474, 52.807842 ], [ 13.748397, 52.807949 ], [ 13.74779, 52.80816 ], [ 13.747613, 52.808114 ], [ 13.747542, 52.808005 ], [ 13.747607, 52.807914 ], [ 13.747436, 52.807955 ], [ 13.747259, 52.807909 ], [ 13.747188, 52.8078 ], [ 13.747265, 52.807693 ], [ 13.74737, 52.807668 ], [ 13.746572, 52.807664 ], [ 13.745701, 52.807796 ], [ 13.744988, 52.808016 ], [ 13.745183, 52.808015 ], [ 13.745254, 52.808124 ], [ 13.745177, 52.808231 ], [ 13.744998, 52.808274 ], [ 13.744821, 52.808227 ], [ 13.744764, 52.8081 ], [ 13.743825, 52.808326 ], [ 13.743347, 52.80856 ], [ 13.742776, 52.808924 ], [ 13.742497, 52.808995 ], [ 13.742412, 52.809181 ], [ 13.742294, 52.809209 ], [ 13.743086, 52.809072 ], [ 13.743993, 52.808623 ], [ 13.745775, 52.808174 ], [ 13.746944, 52.808164 ], [ 13.746986, 52.808236 ], [ 13.747099, 52.808179 ], [ 13.747629, 52.808221 ], [ 13.748058, 52.808131 ], [ 13.748149, 52.808168 ], [ 13.748769, 52.808165 ], [ 13.749415, 52.808397 ], [ 13.750028, 52.808358 ], [ 13.748927, 52.80762 ] ], [ [ 13.749087, 52.807958 ], [ 13.74901, 52.808065 ], [ 13.748831, 52.808108 ], [ 13.748654, 52.808061 ], [ 13.748583, 52.807952 ], [ 13.74866, 52.807845 ], [ 13.748839, 52.807803 ], [ 13.749016, 52.807849 ], [ 13.749087, 52.807958 ] ], [ [ 13.74672, 52.808101 ], [ 13.746543, 52.808055 ], [ 13.746473, 52.807946 ], [ 13.746549, 52.807839 ], [ 13.746728, 52.807796 ], [ 13.746884, 52.808062 ], [ 13.74672, 52.808101 ] ], [ [ 13.746159, 52.807939 ], [ 13.746082, 52.808046 ], [ 13.745903, 52.808089 ], [ 13.745727, 52.808042 ], [ 13.745656, 52.807934 ], [ 13.745717, 52.807849 ], [ 13.745964, 52.807798 ], [ 13.746089, 52.80783 ], [ 13.746159, 52.807939 ] ] ] } },
{ "type": "Feature", "properties": { "boden": "100 % mittel, mäßig frisch (M2)" }, "geometry": { "type": "Polygon", "coordinates": [ [ [ 13.744789, 52.808064 ], [ 13.744751, 52.808118 ], [ 13.744821, 52.808227 ], [ 13.744998, 52.808274 ], [ 13.745177, 52.808231 ], [ 13.745254, 52.808124 ], [ 13.745183, 52.808015 ], [ 13.745093, 52.807991 ], [ 13.744789, 52.808064 ] ] ] } },
{ "type": "Feature", "properties": { "boden": "100 % mittel, mäßig frisch (M2)" }, "geometry": { "type": "Polygon", "coordinates": [ [ [ 13.741908, 52.809009 ], [ 13.741791, 52.808881 ], [ 13.740945, 52.80896 ], [ 13.741153, 52.809022 ], [ 13.741456, 52.809018 ], [ 13.741636, 52.808939 ], [ 13.741835, 52.809126 ], [ 13.742022, 52.809189 ], [ 13.742019, 52.809022 ], [ 13.741908, 52.809009 ] ] ] } },
{ "type": "Feature", "properties": { "boden": "100 % mittel, mäßig frisch (M2)" }, "geometry": { "type": "Polygon", "coordinates": [ [ [ 13.742489, 52.809074 ], [ 13.742019, 52.809022 ], [ 13.742022, 52.809189 ], [ 13.742412, 52.809181 ], [ 13.742489, 52.809074 ] ] ] } },
{ "type": "Feature", "properties": { "boden": "60 % mittel, mäßig frisch (M2g) · 40 % reich, frisch (RC1)" }, "geometry": { "type": "Polygon", "coordinates": [ [ [ 13.745427, 52.810346 ], [ 13.745605, 52.810205 ], [ 13.74574, 52.809994 ], [ 13.746253, 52.809752 ], [ 13.746353, 52.809583 ], [ 13.746798, 52.809442 ], [ 13.746959, 52.809433 ], [ 13.747285, 52.809541 ], [ 13.747584, 52.809555 ], [ 13.748008, 52.809456 ], [ 13.749156, 52.809015 ], [ 13.749855, 52.808918 ], [ 13.750087, 52.808715 ], [ 13.750076, 52.808625 ], [ 13.749645, 52.808669 ], [ 13.748841, 52.808638 ], [ 13.748292, 52.808758 ], [ 13.74765, 52.808648 ], [ 13.747385, 52.808699 ], [ 13.747016, 52.809001 ], [ 13.746377, 52.809192 ], [ 13.745433, 52.809879 ], [ 13.744954, 52.809782 ], [ 13.744584, 52.810004 ], [ 13.744342, 52.809993 ], [ 13.743914, 52.809868 ], [ 13.743843, 52.809897 ], [ 13.74377, 52.810231 ], [ 13.742914, 52.810458 ], [ 13.741735, 52.810403 ], [ 13.741985, 52.81054 ], [ 13.742776, 52.810687 ], [ 13.744075, 52.810682 ], [ 13.744462, 52.810507 ], [ 13.745427, 52.810346 ] ] ] } },
{ "type": "Feature", "properties": { "boden": "70 % reich, nass (OR2) · 30 % reich, nass (ÜR1)" }, "geometry": { "type": "Polygon", "coordinates": [ [ [ 13.744309, 52.809651 ], [ 13.743704, 52.80964 ], [ 13.743293, 52.810027 ], [ 13.742702, 52.810313 ], [ 13.741003, 52.809944 ], [ 13.740671, 52.809626 ], [ 13.740634, 52.809473 ], [ 13.740685, 52.809397 ], [ 13.740512, 52.809323 ], [ 13.739778, 52.809329 ], [ 13.739694, 52.809269 ], [ 13.739665, 52.809139 ], [ 13.739436, 52.808952 ], [ 13.739312, 52.809036 ], [ 13.739585, 52.809313 ], [ 13.741267, 52.810154 ], [ 13.741616, 52.810409 ], [ 13.742914, 52.810458 ], [ 13.74377, 52.810231 ], [ 13.743843, 52.809897 ], [ 13.743914, 52.809868 ], [ 13.744342, 52.809993 ], [ 13.744584, 52.810004 ], [ 13.744954, 52.809782 ], [ 13.744309, 52.809651 ] ] ] } },
{ "type": "Feature", "properties": { "boden": "60 % mittel, mäßig frisch (M2g) · 40 % reich, frisch (RC1)" }, "geometry": { "type": "Polygon", "coordinates": [ [ [ 13.747584, 52.809555 ], [ 13.747285, 52.809541 ], [ 13.746959, 52.809433 ], [ 13.746696, 52.809464 ], [ 13.746353, 52.809583 ], [ 13.746253, 52.809752 ], [ 13.74574, 52.809994 ], [ 13.745493, 52.810315 ], [ 13.74654, 52.809818 ], [ 13.747584, 52.809555 ] ] ] } },
{ "type": "Feature", "properties": { "boden": "60 % mittel, mäßig frisch (M2) · 20 % ziemlich arm, mäßig frisch (Z2) · 20 % ziemlich arm, mäßig frisch (Z2)" }, "geometry": { "type": "Polygon", "coordinates": [ [ [ 13.745711, 52.810449 ], [ 13.745493, 52.810315 ], [ 13.744462, 52.810507 ], [ 13.744444, 52.810616 ], [ 13.744634, 52.810564 ], [ 13.744891, 52.8106 ], [ 13.745602, 52.81042 ], [ 13.745711, 52.810449 ] ] ] } },
{ "type": "Feature", "properties": { "boden": "60 % mittel, mäßig frisch (M2) · 20 % ziemlich arm, mäßig frisch (Z2) · 20 % ziemlich arm, mäßig frisch (Z2)" }, "geometry": { "type": "Polygon", "coordinates": [ [ [ 13.745778, 52.810466 ], [ 13.745602, 52.81042 ], [ 13.744891, 52.8106 ], [ 13.744634, 52.810564 ], [ 13.74444, 52.810641 ], [ 13.745705, 52.810698 ], [ 13.745849, 52.810575 ], [ 13.745778, 52.810466 ] ] ] } },
{ "type": "Feature", "properties": { "boden": "40 % ziemlich arm, mäßig frisch (Z2) · 30 % ziemlich arm, mäßig frisch (Z2) · 30 % ziemlich arm, mäßig frisch (Z2)" }, "geometry": { "type": "Polygon", "coordinates": [ [ [ 13.745593, 52.810725 ], [ 13.745705, 52.810698 ], [ 13.74444, 52.810641 ], [ 13.744429, 52.810745 ], [ 13.745037, 52.810687 ], [ 13.745593, 52.810725 ] ] ] } },
{ "type": "Feature", "properties": { "boden": "100 % mittel, mäßig frisch (M2)" }, "geometry": { "type": "Polygon", "coordinates": [ [ [ 13.753835, 52.808233 ], [ 13.753645, 52.808179 ], [ 13.753529, 52.808236 ], [ 13.753178, 52.808266 ], [ 13.75212, 52.808219 ], [ 13.751633, 52.808122 ], [ 13.751331, 52.807995 ], [ 13.750871, 52.807892 ], [ 13.751679, 52.808248 ], [ 13.752051, 52.808333 ], [ 13.752537, 52.808377 ], [ 13.753835, 52.808233 ] ] ] } },
{ "type": "Feature", "properties": { "boden": "100 % mittel, trocken (vermutet) (M3)" }, "geometry": { "type": "Polygon", "coordinates": [ [ [ 13.756717, 52.807949 ], [ 13.754809, 52.807578 ], [ 13.753611, 52.80726 ], [ 13.753088, 52.807194 ], [ 13.752728, 52.807223 ], [ 13.752802, 52.807325 ], [ 13.753287, 52.807499 ], [ 13.755398, 52.808033 ], [ 13.756262, 52.808449 ], [ 13.756699, 52.808564 ], [ 13.756717, 52.807949 ] ] ] } },
{ "type": "Feature", "properties": { "boden": "100 % mittel, mäßig frisch (M2)" }, "geometry": { "type": "Polygon", "coordinates": [ [ [ 13.756146, 52.807591 ], [ 13.756322, 52.807637 ], [ 13.756393, 52.807746 ], [ 13.756266, 52.807865 ], [ 13.756717, 52.807949 ], [ 13.756721, 52.807796 ], [ 13.756577, 52.807744 ], [ 13.7566, 52.807656 ], [ 13.756146, 52.807591 ] ] ] } },
{ "type": "Feature", "properties": { "boden": "100 % mittel, mäßig frisch (M2)" }, "geometry": { "type": "Polygon", "coordinates": [ [ [ 13.754573, 52.808181 ], [ 13.755509, 52.808537 ], [ 13.755628, 52.80866 ], [ 13.755904, 52.808808 ], [ 13.756338, 52.808741 ], [ 13.756557, 52.808825 ], [ 13.756673, 52.808776 ], [ 13.756499, 52.808654 ], [ 13.755895, 52.808401 ], [ 13.755862, 52.808499 ], [ 13.756026, 52.808516 ], [ 13.756038, 52.808575 ], [ 13.755818, 52.808663 ], [ 13.755657, 52.808644 ], [ 13.7554, 52.808363 ], [ 13.754944, 52.808005 ], [ 13.754781, 52.807953 ], [ 13.754489, 52.80793 ], [ 13.754239, 52.808184 ], [ 13.754573, 52.808181 ] ] ] } },
{ "type": "Feature", "properties": { "boden": "60 % mittel, mäßig frisch (M2) · 20 % ziemlich arm, mäßig frisch (Z2) · 20 % ziemlich arm, mäßig frisch (Z2)" }, "geometry": { "type": "Polygon", "coordinates": [ [ [ 13.750978, 52.808711 ], [ 13.750259, 52.808442 ], [ 13.749954, 52.808618 ], [ 13.750076, 52.808625 ], [ 13.75007, 52.808736 ], [ 13.750677, 52.808835 ], [ 13.751091, 52.808966 ], [ 13.751297, 52.808965 ], [ 13.751299, 52.808909 ], [ 13.751137, 52.808864 ], [ 13.750978, 52.808711 ] ] ] } },
{ "type": "Feature", "properties": { "boden": "60 % mittel, mäßig frisch (M2) · 20 % ziemlich arm, mäßig frisch (Z2) · 20 % ziemlich arm, mäßig frisch (Z2)" }, "geometry": { "type": "Polygon", "coordinates": [ [ [ 13.751388, 52.80893 ], [ 13.75088, 52.808655 ], [ 13.751137, 52.808864 ], [ 13.751299, 52.808909 ], [ 13.751297, 52.808965 ], [ 13.751091, 52.808966 ], [ 13.750677, 52.808835 ], [ 13.75007, 52.808736 ], [ 13.749855, 52.808918 ], [ 13.749156, 52.809015 ], [ 13.748008, 52.809456 ], [ 13.747609, 52.809554 ], [ 13.74814, 52.809478 ], [ 13.748668, 52.809227 ], [ 13.749418, 52.809059 ], [ 13.749893, 52.809142 ], [ 13.750427, 52.809148 ], [ 13.751372, 52.809029 ], [ 13.751388, 52.80893 ] ] ] } },
{ "type": "Feature", "properties": { "boden": "60 % mittel, mäßig frisch (M2) · 20 % ziemlich arm, mäßig frisch (Z2) · 20 % ziemlich arm, mäßig frisch (Z2)" }, "geometry": { "type": "Polygon", "coordinates": [ [ [ 13.754621, 52.809345 ], [ 13.753957, 52.809189 ], [ 13.75308, 52.808876 ], [ 13.752236, 52.808804 ], [ 13.75189, 52.808821 ], [ 13.752414, 52.808869 ], [ 13.752803, 52.808966 ], [ 13.753164, 52.809102 ], [ 13.753499, 52.80936 ], [ 13.753599, 52.809353 ], [ 13.753766, 52.809234 ], [ 13.754312, 52.809418 ], [ 13.754915, 52.809495 ], [ 13.754621, 52.809345 ] ] ] } },
{ "type": "Feature", "properties": { "boden": "60 % mittel, trocken (vermutet) (M3) · 20 % ziemlich arm, trocken (vermutet) (Z3) · 20 % ziemlich arm, trocken (vermutet) (Z3)" }, "geometry": { "type": "Polygon", "coordinates": [ [ [ 13.751795, 52.809143 ], [ 13.751309, 52.808866 ], [ 13.751388, 52.80893 ], [ 13.751372, 52.809029 ], [ 13.750427, 52.809148 ], [ 13.749893, 52.809142 ], [ 13.749418, 52.809059 ], [ 13.748668, 52.809227 ], [ 13.747978, 52.809521 ], [ 13.747609, 52.809554 ], [ 13.74654, 52.809818 ], [ 13.745502, 52.810344 ], [ 13.745825, 52.810525 ], [ 13.746734, 52.810275 ], [ 13.746968, 52.810238 ], [ 13.747567, 52.810241 ], [ 13.748886, 52.809765 ], [ 13.750402, 52.809415 ], [ 13.751141, 52.809353 ], [ 13.751564, 52.809428 ], [ 13.751813, 52.809421 ], [ 13.751872, 52.809357 ], [ 13.751795, 52.809143 ] ] ] } },
{ "type": "Feature", "properties": { "boden": "70 % mittel, mäßig frisch (M2g) · 30 % kräftig, nass (OK2)" }, "geometry": { "type": "Polygon", "coordinates": [ [ [ 13.754915, 52.809495 ], [ 13.755796, 52.809879 ], [ 13.756655, 52.810116 ], [ 13.75666, 52.809918 ], [ 13.754915, 52.809495 ] ] ] } },
{ "type": "Feature", "properties": { "boden": "70 % mittel, mäßig frisch (M2g) · 30 % kräftig, nass (OK2)" }, "geometry": { "type": "Polygon", "coordinates": [ [ [ 13.756683, 52.809133 ], [ 13.755628, 52.80866 ], [ 13.755509, 52.808537 ], [ 13.754573, 52.808181 ], [ 13.754065, 52.808185 ], [ 13.752537, 52.808377 ], [ 13.752051, 52.808333 ], [ 13.751679, 52.808248 ], [ 13.750867, 52.807914 ], [ 13.750833, 52.80811 ], [ 13.751016, 52.808189 ], [ 13.751439, 52.808571 ], [ 13.75189, 52.808821 ], [ 13.752236, 52.808804 ], [ 13.75308, 52.808876 ], [ 13.753957, 52.809189 ], [ 13.754621, 52.809345 ], [ 13.754915, 52.809495 ], [ 13.75666, 52.809918 ], [ 13.756683, 52.809133 ] ] ] } },
{ "type": "Feature", "properties": { "boden": "100 % mittel, trocken (vermutet) (M3)" }, "geometry": { "type": "Polygon", "coordinates": [ [ [ 13.741773, 52.810647 ], [ 13.74136, 52.810587 ], [ 13.741012, 52.810667 ], [ 13.740665, 52.81066 ], [ 13.73897, 52.810134 ], [ 13.738734, 52.810121 ], [ 13.73876, 52.810221 ], [ 13.739638, 52.810634 ], [ 13.74028, 52.810854 ], [ 13.74142, 52.811133 ], [ 13.741569, 52.811324 ], [ 13.742068, 52.81135 ], [ 13.74248, 52.81121 ], [ 13.742493, 52.811172 ], [ 13.742164, 52.810995 ], [ 13.742051, 52.810769 ], [ 13.741773, 52.810647 ] ] ] } },
{ "type": "Feature", "properties": { "boden": "100 % mittel, mäßig frisch (M2)" }, "geometry": { "type": "Polygon", "coordinates": [ [ [ 13.74444, 52.810641 ], [ 13.74433, 52.810711 ], [ 13.74413, 52.810691 ], [ 13.743457, 52.810777 ], [ 13.743245, 52.81079 ], [ 13.743069, 52.810743 ], [ 13.742889, 52.810786 ], [ 13.742813, 52.810893 ], [ 13.742883, 52.811002 ], [ 13.74306, 52.811048 ], [ 13.743314, 52.811032 ], [ 13.743441, 52.811079 ], [ 13.743529, 52.811296 ], [ 13.74398, 52.811001 ], [ 13.744413, 52.810898 ], [ 13.74444, 52.810641 ] ] ] } },
{ "type": "Feature", "properties": { "boden": "40 % ziemlich arm, trocken (vermutet) (Z3) · 30 % ziemlich arm, trocken (vermutet) (Z3) · 30 % ziemlich arm, trocken (vermutet) (Z3)" }, "geometry": { "type": "Polygon", "coordinates": [ [ [ 13.745499, 52.81073 ], [ 13.745037, 52.810687 ], [ 13.744429, 52.810745 ], [ 13.744413, 52.810898 ], [ 13.74398, 52.811001 ], [ 13.743712, 52.811144 ], [ 13.743529, 52.811296 ], [ 13.743558, 52.811373 ], [ 13.743698, 52.811453 ], [ 13.744112, 52.811511 ], [ 13.744126, 52.81132 ], [ 13.744229, 52.811217 ], [ 13.744717, 52.811178 ], [ 13.745046, 52.811203 ], [ 13.745467, 52.811302 ], [ 13.746002, 52.811513 ], [ 13.74632, 52.811707 ], [ 13.746589, 52.811729 ], [ 13.747007, 52.811626 ], [ 13.746989, 52.811564 ], [ 13.746819, 52.811487 ], [ 13.746297, 52.811431 ], [ 13.746039, 52.811349 ], [ 13.745926, 52.81112 ], [ 13.745751, 52.811021 ], [ 13.745648, 52.810833 ], [ 13.745499, 52.81073 ] ] ] } },
{ "type": "Feature", "properties": { "boden": "100 % mittel, mäßig frisch (M2)" }, "geometry": { "type": "Polygon", "coordinates": [ [ [ 13.741422, 52.811398 ], [ 13.741243, 52.811441 ], [ 13.741166, 52.811548 ], [ 13.741237, 52.811657 ], [ 13.741413, 52.811703 ], [ 13.741593, 52.811661 ], [ 13.741669, 52.811554 ], [ 13.741599, 52.811445 ], [ 13.741422, 52.811398 ] ] ] } },
{ "type": "Feature", "properties": { "boden": "100 % mittel, mäßig frisch (M2)" }, "geometry": { "type": "Polygon", "coordinates": [ [ [ 13.742686, 52.811621 ], [ 13.742507, 52.811664 ], [ 13.74243, 52.811771 ], [ 13.7425, 52.811879 ], [ 13.742677, 52.811926 ], [ 13.742856, 52.811883 ], [ 13.742933, 52.811776 ], [ 13.742863, 52.811668 ], [ 13.742686, 52.811621 ] ] ] } },
{ "type": "Feature", "properties": { "boden": "100 % mittel, mäßig frisch (M2)" }, "geometry": { "type": "Polygon", "coordinates": [ [ [ 13.739893, 52.81223 ], [ 13.74006, 52.81219 ], [ 13.740137, 52.812083 ], [ 13.740067, 52.811974 ], [ 13.73989, 52.811928 ], [ 13.739711, 52.81197 ], [ 13.739634, 52.812077 ], [ 13.739698, 52.812177 ], [ 13.739893, 52.81223 ] ] ] } },
{ "type": "Feature", "properties": { "boden": "40 % ziemlich arm, trocken (vermutet) (Z3) · 30 % ziemlich arm, trocken (vermutet) (Z3) · 30 % ziemlich arm, trocken (vermutet) (Z3)" }, "geometry": { "type": "Polygon", "coordinates": [ [ [ 13.747562, 52.812065 ], [ 13.746983, 52.812068 ], [ 13.74668, 52.812132 ], [ 13.7469, 52.812251 ], [ 13.747564, 52.812449 ], [ 13.747643, 52.812422 ], [ 13.747807, 52.812191 ], [ 13.747722, 52.812104 ], [ 13.747562, 52.812065 ] ] ] } },
{ "type": "Feature", "properties": { "boden": "40 % ziemlich arm, mäßig frisch (Z2) · 30 % ziemlich arm, mäßig frisch (Z2) · 30 % ziemlich arm, mäßig frisch (Z2)" }, "geometry": { "type": "Polygon", "coordinates": [ [ [ 13.753088, 52.812811 ], [ 13.750975, 52.812538 ], [ 13.750165, 52.812513 ], [ 13.749043, 52.81222 ], [ 13.74761, 52.812002 ], [ 13.747409, 52.811924 ], [ 13.747378, 52.811856 ], [ 13.747727, 52.811652 ], [ 13.747719, 52.811453 ], [ 13.747603, 52.811316 ], [ 13.746037, 52.811058 ], [ 13.745804, 52.810907 ], [ 13.745736, 52.8107 ], [ 13.745508, 52.810734 ], [ 13.745648, 52.810833 ], [ 13.745751, 52.811021 ], [ 13.745926, 52.81112 ], [ 13.746039, 52.811349 ], [ 13.746297, 52.811431 ], [ 13.746819, 52.811487 ], [ 13.746989, 52.811564 ], [ 13.747007, 52.811626 ], [ 13.746589, 52.811729 ], [ 13.74632, 52.811707 ], [ 13.746002, 52.811513 ], [ 13.745467, 52.811302 ], [ 13.745046, 52.811203 ], [ 13.744717, 52.811178 ], [ 13.744229, 52.811217 ], [ 13.744126, 52.81132 ], [ 13.744112, 52.811511 ], [ 13.743698, 52.811453 ], [ 13.743558, 52.811373 ], [ 13.743529, 52.811296 ], [ 13.743259, 52.811561 ], [ 13.745444, 52.812639 ], [ 13.745853, 52.812935 ], [ 13.746979, 52.813024 ], [ 13.747983, 52.813271 ], [ 13.747927, 52.813168 ], [ 13.748047, 52.813118 ], [ 13.748479, 52.813118 ], [ 13.748573, 52.81315 ], [ 13.748665, 52.813271 ], [ 13.748624, 52.813418 ], [ 13.748477, 52.813443 ], [ 13.749421, 52.81383 ], [ 13.74974, 52.813753 ], [ 13.750242, 52.813711 ], [ 13.752392, 52.813746 ], [ 13.752822, 52.813688 ], [ 13.753122, 52.813579 ], [ 13.753284, 52.81331 ], [ 13.753142, 52.813006 ], [ 13.75318, 52.812923 ], [ 13.753088, 52.812811 ] ], [ [ 13.752526, 52.813054 ], [ 13.751957, 52.813219 ], [ 13.751233, 52.813263 ], [ 13.750591, 52.813166 ], [ 13.75034, 52.812975 ], [ 13.749658, 52.813056 ], [ 13.748688, 52.812902 ], [ 13.748606, 52.812826 ], [ 13.749207, 52.812537 ], [ 13.749388, 52.812514 ], [ 13.749681, 52.812614 ], [ 13.750347, 52.812741 ], [ 13.750741, 52.812891 ], [ 13.751171, 52.812937 ], [ 13.752413, 52.812892 ], [ 13.75256, 52.812945 ], [ 13.752526, 52.813054 ] ], [ [ 13.749783, 52.813424 ], [ 13.749909, 52.813542 ], [ 13.749851, 52.813633 ], [ 13.749325, 52.813661 ], [ 13.749146, 52.813598 ], [ 13.749107, 52.813506 ], [ 13.749208, 52.8134 ], [ 13.749584, 52.813371 ], [ 13.749783, 52.813424 ] ], [ [ 13.747793, 52.812149 ], [ 13.747643, 52.812422 ], [ 13.747564, 52.812449 ], [ 13.7469, 52.812251 ], [ 13.74668, 52.812132 ], [ 13.746983, 52.812068 ], [ 13.747562, 52.812065 ], [ 13.747793, 52.812149 ] ] ] } },
{ "type": "Feature", "properties": { "boden": "100 % mittel, mäßig frisch (M2)" }, "geometry": { "type": "Polygon", "coordinates": [ [ [ 13.740983, 52.812096 ], [ 13.740803, 52.812139 ], [ 13.740727, 52.812246 ], [ 13.740797, 52.812355 ], [ 13.740974, 52.812401 ], [ 13.741153, 52.812358 ], [ 13.74123, 52.812251 ], [ 13.741159, 52.812143 ], [ 13.740983, 52.812096 ] ] ] } },
{ "type": "Feature", "properties": { "boden": "40 % ziemlich arm, mäßig frisch (Z2) · 30 % ziemlich arm, mäßig frisch (Z2) · 30 % ziemlich arm, mäßig frisch (Z2)" }, "geometry": { "type": "Polygon", "coordinates": [ [ [ 13.747983, 52.813271 ], [ 13.748477, 52.813443 ], [ 13.748624, 52.813418 ], [ 13.748662, 52.81336 ], [ 13.748635, 52.813201 ], [ 13.748479, 52.813118 ], [ 13.748238, 52.813101 ], [ 13.747927, 52.813168 ], [ 13.747983, 52.813271 ] ] ] } },
{ "type": "Feature", "properties": { "boden": "100 % mittel, trocken (vermutet) (M3)" }, "geometry": { "type": "Polygon", "coordinates": [ [ [ 13.73823, 52.809974 ], [ 13.738269, 52.809821 ], [ 13.738174, 52.809708 ], [ 13.73795, 52.8096 ], [ 13.737768, 52.809666 ], [ 13.73751, 52.809632 ], [ 13.737326, 52.809747 ], [ 13.736849, 52.80989 ], [ 13.736936, 52.809978 ], [ 13.737098, 52.810018 ], [ 13.737512, 52.809983 ], [ 13.738126, 52.81004 ], [ 13.73823, 52.809974 ] ] ] } },
{ "type": "Feature", "properties": { "boden": "100 % mittel, mäßig frisch (M2)" }, "geometry": { "type": "Polygon", "coordinates": [ [ [ 13.735057, 52.811032 ], [ 13.734878, 52.811075 ], [ 13.734801, 52.811182 ], [ 13.734872, 52.81129 ], [ 13.735048, 52.811337 ], [ 13.735228, 52.811294 ], [ 13.735305, 52.811187 ], [ 13.735234, 52.811078 ], [ 13.735057, 52.811032 ] ] ] } },
{ "type": "Feature", "properties": { "boden": "100 % mittel, mäßig frisch (M2)" }, "geometry": { "type": "Polygon", "coordinates": [ [ [ 13.736888, 52.811268 ], [ 13.736709, 52.811311 ], [ 13.736632, 52.811418 ], [ 13.736702, 52.811527 ], [ 13.736879, 52.811573 ], [ 13.737058, 52.81153 ], [ 13.737135, 52.811423 ], [ 13.737065, 52.811315 ], [ 13.736888, 52.811268 ] ] ] } },
{ "type": "Feature", "properties": { "boden": "60 % ziemlich arm, trocken (vermutet) (Z3) · 20 % mittel, trocken (vermutet) (M3) · 20 % ziemlich arm, trocken (vermutet) (Z3)" }, "geometry": { "type": "Polygon", "coordinates": [ [ [ 13.733123, 52.812446 ], [ 13.733454, 52.812505 ], [ 13.734011, 52.812505 ], [ 13.734389, 52.81258 ], [ 13.734821, 52.812538 ], [ 13.734543, 52.812462 ], [ 13.733999, 52.812425 ], [ 13.733769, 52.812291 ], [ 13.733612, 52.812257 ], [ 13.733137, 52.812328 ], [ 13.733123, 52.812446 ] ] ] } },
{ "type": "Feature", "properties": { "boden": "60 % ziemlich arm, trocken (vermutet) (Z3) · 20 % mittel, trocken (vermutet) (M3) · 20 % ziemlich arm, trocken (vermutet) (Z3)" }, "geometry": { "type": "Polygon", "coordinates": [ [ [ 13.737145, 52.812535 ], [ 13.735585, 52.81243 ], [ 13.735485, 52.812512 ], [ 13.735835, 52.81262 ], [ 13.736806, 52.812639 ], [ 13.737408, 52.812856 ], [ 13.737578, 52.812878 ], [ 13.737366, 52.812637 ], [ 13.737145, 52.812535 ] ] ] } },
{ "type": "Feature", "properties": { "boden": "60 % ziemlich arm, mäßig frisch (Z2) · 20 % mittel, mäßig frisch (M2) · 20 % ziemlich arm, mäßig frisch (Z2)" }, "geometry": { "type": "Polygon", "coordinates": [ [ [ 13.741629, 52.813939 ], [ 13.741321, 52.813658 ], [ 13.740962, 52.813487 ], [ 13.740731, 52.813275 ], [ 13.740657, 52.812854 ], [ 13.740318, 52.812711 ], [ 13.740029, 52.812668 ], [ 13.737934, 52.812643 ], [ 13.737521, 52.812558 ], [ 13.737145, 52.812535 ], [ 13.737469, 52.81272 ], [ 13.737559, 52.812821 ], [ 13.737528, 52.812889 ], [ 13.736806, 52.812639 ], [ 13.735719, 52.812605 ], [ 13.735485, 52.812512 ], [ 13.735516, 52.812455 ], [ 13.735874, 52.812436 ], [ 13.735433, 52.812376 ], [ 13.734778, 52.812205 ], [ 13.734545, 52.812063 ], [ 13.734393, 52.811829 ], [ 13.734424, 52.811681 ], [ 13.734739, 52.811446 ], [ 13.734247, 52.811508 ], [ 13.733676, 52.811516 ], [ 13.733207, 52.811739 ], [ 13.733137, 52.812328 ], [ 13.733612, 52.812257 ], [ 13.733769, 52.812291 ], [ 13.733999, 52.812425 ], [ 13.734543, 52.812462 ], [ 13.734821, 52.812538 ], [ 13.734389, 52.81258 ], [ 13.734011, 52.812505 ], [ 13.733454, 52.812505 ], [ 13.733123, 52.812446 ], [ 13.732805, 52.815123 ], [ 13.734802, 52.814937 ], [ 13.73599, 52.815097 ], [ 13.736399, 52.815217 ], [ 13.736981, 52.815276 ], [ 13.738113, 52.815264 ], [ 13.738826, 52.814722 ], [ 13.739286, 52.81452 ], [ 13.741594, 52.814392 ], [ 13.741629, 52.813939 ] ], [ [ 13.735249, 52.814425 ], [ 13.735256, 52.814544 ], [ 13.735031, 52.814598 ], [ 13.734829, 52.814531 ], [ 13.734789, 52.81445 ], [ 13.734901, 52.814368 ], [ 13.735135, 52.814362 ], [ 13.735249, 52.814425 ] ], [ [ 13.734123, 52.814562 ], [ 13.734305, 52.814681 ], [ 13.734281, 52.814719 ], [ 13.733891, 52.814714 ], [ 13.733524, 52.814582 ], [ 13.733935, 52.814526 ], [ 13.734123, 52.814562 ] ], [ [ 13.73687, 52.813722 ], [ 13.737024, 52.813828 ], [ 13.736994, 52.813873 ], [ 13.736724, 52.813945 ], [ 13.736251, 52.813976 ], [ 13.735336, 52.813933 ], [ 13.735153, 52.813897 ], [ 13.735033, 52.813795 ], [ 13.735165, 52.81371 ], [ 13.735731, 52.813645 ], [ 13.736375, 52.813635 ], [ 13.73687, 52.813722 ] ], [ [ 13.740414, 52.813513 ], [ 13.740514, 52.813556 ], [ 13.740566, 52.813702 ], [ 13.740453, 52.813764 ], [ 13.740195, 52.813792 ], [ 13.739981, 52.813766 ], [ 13.739787, 52.813619 ], [ 13.739563, 52.813568 ], [ 13.739822, 52.813467 ], [ 13.740414, 52.813513 ] ] ] } },
{ "type": "Feature", "properties": { "boden": "60 % ziemlich arm, mäßig frisch (Z2) · 20 % mittel, mäßig frisch (M2) · 20 % ziemlich arm, mäßig frisch (Z2)" }, "geometry": { "type": "Polygon", "coordinates": [ [ [ 13.736375, 52.813635 ], [ 13.735315, 52.81368 ], [ 13.735071, 52.813748 ], [ 13.735052, 52.813852 ], [ 13.735336, 52.813933 ], [ 13.735948, 52.813973 ], [ 13.736724, 52.813945 ], [ 13.736994, 52.813873 ], [ 13.737024, 52.813828 ], [ 13.73687, 52.813722 ], [ 13.736375, 52.813635 ] ] ] } },
{ "type": "Feature", "properties": { "boden": "60 % ziemlich arm, trocken (vermutet) (Z3) · 20 % mittel, trocken (vermutet) (M3) · 20 % ziemlich arm, trocken (vermutet) (Z3)" }, "geometry": { "type": "Polygon", "coordinates": [ [ [ 13.735135, 52.814362 ], [ 13.734901, 52.814368 ], [ 13.734799, 52.814414 ], [ 13.734829, 52.814531 ], [ 13.734929, 52.814591 ], [ 13.735256, 52.814544 ], [ 13.735249, 52.814425 ], [ 13.735135, 52.814362 ] ] ] } },
{ "type": "Feature", "properties": { "boden": "60 % ziemlich arm, trocken (vermutet) (Z3) · 20 % mittel, trocken (vermutet) (M3) · 20 % ziemlich arm, trocken (vermutet) (Z3)" }, "geometry": { "type": "Polygon", "coordinates": [ [ [ 13.733935, 52.814526 ], [ 13.733524, 52.814582 ], [ 13.733891, 52.814714 ], [ 13.734166, 52.814734 ], [ 13.734305, 52.814703 ], [ 13.734123, 52.814562 ], [ 13.733935, 52.814526 ] ] ] } },
{ "type": "Feature", "properties": { "boden": "60 % ziemlich arm, trocken (vermutet) (Z3) · 20 % ziemlich arm, trocken (vermutet) (Z3) · 20 % mittel, mäßig frisch (M2g)" }, "geometry": { "type": "Polygon", "coordinates": [ [ [ 13.732865, 52.814619 ], [ 13.732584, 52.814544 ], [ 13.73224, 52.814549 ], [ 13.731561, 52.814867 ], [ 13.731495, 52.814961 ], [ 13.731612, 52.815005 ], [ 13.731875, 52.814997 ], [ 13.732746, 52.814857 ], [ 13.732842, 52.814817 ], [ 13.732865, 52.814619 ] ] ] } },
{ "type": "Feature", "properties": { "boden": "60 % mittel, trocken (vermutet) (M3) · 20 % ziemlich arm, trocken (vermutet) (Z3) · 20 % ziemlich arm, trocken (vermutet) (Z3)" }, "geometry": { "type": "Polygon", "coordinates": [ [ [ 13.756655, 52.810116 ], [ 13.755796, 52.809879 ], [ 13.754915, 52.809495 ], [ 13.754312, 52.809418 ], [ 13.753766, 52.809234 ], [ 13.753599, 52.809353 ], [ 13.753499, 52.80936 ], [ 13.753164, 52.809102 ], [ 13.752803, 52.808966 ], [ 13.752414, 52.808869 ], [ 13.751901, 52.808827 ], [ 13.753534, 52.809726 ], [ 13.754206, 52.809996 ], [ 13.755828, 52.810317 ], [ 13.756318, 52.810331 ], [ 13.75665, 52.810286 ], [ 13.756655, 52.810116 ] ] ] } },
{ "type": "Feature", "properties": { "boden": "60 % mittel, mäßig frisch (M2) · 20 % ziemlich arm, mäßig frisch (Z2) · 20 % ziemlich arm, mäßig frisch (Z2)" }, "geometry": { "type": "Polygon", "coordinates": [ [ [ 13.755369, 52.811025 ], [ 13.753563, 52.810036 ], [ 13.753353, 52.809976 ], [ 13.753699, 52.810217 ], [ 13.755069, 52.810948 ], [ 13.755369, 52.811025 ] ] ] } },
{ "type": "Feature", "properties": { "boden": "60 % mittel, mäßig frisch (M2) · 20 % ziemlich arm, mäßig frisch (Z2) · 20 % ziemlich arm, mäßig frisch (Z2)" }, "geometry": { "type": "Polygon", "coordinates": [ [ [ 13.756486, 52.811667 ], [ 13.75658, 52.811763 ], [ 13.756607, 52.81178 ], [ 13.75661, 52.811685 ], [ 13.756536, 52.811645 ], [ 13.756486, 52.811667 ] ] ] } },
{ "type": "Feature", "properties": { "boden": "40 % ziemlich arm, trocken (vermutet) (Z3) · 30 % ziemlich arm, trocken (vermutet) (Z3) · 30 % ziemlich arm, trocken (vermutet) (Z3)" }, "geometry": { "type": "Polygon", "coordinates": [ [ [ 13.75256, 52.812945 ], [ 13.752413, 52.812892 ], [ 13.751699, 52.812937 ], [ 13.750935, 52.812921 ], [ 13.749388, 52.812514 ], [ 13.749207, 52.812537 ], [ 13.748606, 52.812826 ], [ 13.748688, 52.812902 ], [ 13.749658, 52.813056 ], [ 13.75034, 52.812975 ], [ 13.750591, 52.813166 ], [ 13.751233, 52.813263 ], [ 13.751957, 52.813219 ], [ 13.752526, 52.813054 ], [ 13.75256, 52.812945 ] ] ] } },
{ "type": "Feature", "properties": { "boden": "40 % ziemlich arm, mäßig frisch (Z2) · 30 % ziemlich arm, mäßig frisch (Z2) · 30 % ziemlich arm, mäßig frisch (Z2)" }, "geometry": { "type": "Polygon", "coordinates": [ [ [ 13.749584, 52.813371 ], [ 13.749208, 52.8134 ], [ 13.749107, 52.813506 ], [ 13.749146, 52.813598 ], [ 13.749325, 52.813661 ], [ 13.749851, 52.813633 ], [ 13.749908, 52.813595 ], [ 13.749855, 52.813474 ], [ 13.749584, 52.813371 ] ] ] } },
{ "type": "Feature", "properties": { "boden": "100 % mittel, mäßig frisch (M2)" }, "geometry": { "type": "Polygon", "coordinates": [ [ [ 13.756528, 52.81447 ], [ 13.755377, 52.814589 ], [ 13.755288, 52.81453 ], [ 13.755258, 52.814405 ], [ 13.755295, 52.814196 ], [ 13.756151, 52.812964 ], [ 13.756196, 52.812635 ], [ 13.756058, 52.812462 ], [ 13.755657, 52.812319 ], [ 13.754011, 52.812096 ], [ 13.753503, 52.812079 ], [ 13.753171, 52.81225 ], [ 13.753041, 52.812426 ], [ 13.752988, 52.812691 ], [ 13.75318, 52.812923 ], [ 13.753142, 52.813006 ], [ 13.753284, 52.81331 ], [ 13.753246, 52.813448 ], [ 13.753122, 52.813579 ], [ 13.752822, 52.813688 ], [ 13.751938, 52.813752 ], [ 13.750242, 52.813711 ], [ 13.74974, 52.813753 ], [ 13.749421, 52.81383 ], [ 13.749067, 52.813684 ], [ 13.7492, 52.813974 ], [ 13.749073, 52.814108 ], [ 13.748586, 52.814478 ], [ 13.748148, 52.814619 ], [ 13.747881, 52.816021 ], [ 13.749243, 52.81635 ], [ 13.753974, 52.816666 ], [ 13.755825, 52.816738 ], [ 13.756471, 52.816562 ], [ 13.756528, 52.81447 ] ] ] } },
{ "type": "Feature", "properties": { "boden": "60 % mittel, mäßig frisch (M2) · 20 % ziemlich arm, mäßig frisch (Z2) · 20 % ziemlich arm, mäßig frisch (Z2)" }, "geometry": { "type": "Polygon", "coordinates": [ [ [ 13.756318, 52.810331 ], [ 13.755828, 52.810317 ], [ 13.754206, 52.809996 ], [ 13.753534, 52.809726 ], [ 13.756617, 52.811423 ], [ 13.75665, 52.810286 ], [ 13.756318, 52.810331 ] ] ] } },
{ "type": "Feature", "properties": { "boden": "60 % mittel, mäßig frisch (M2) · 20 % ziemlich arm, mäßig frisch (Z2) · 20 % ziemlich arm, mäßig frisch (Z2)" }, "geometry": { "type": "Polygon", "coordinates": [ [ [ 13.75658, 52.811763 ], [ 13.756486, 52.811645 ], [ 13.756269, 52.811647 ], [ 13.755999, 52.8115 ], [ 13.756328, 52.811531 ], [ 13.755369, 52.811025 ], [ 13.755069, 52.810948 ], [ 13.753699, 52.810217 ], [ 13.753448, 52.810013 ], [ 13.75334, 52.809988 ], [ 13.753393, 52.809965 ], [ 13.751809, 52.809151 ], [ 13.751872, 52.809357 ], [ 13.751813, 52.809421 ], [ 13.751564, 52.809428 ], [ 13.751141, 52.809353 ], [ 13.750402, 52.809415 ], [ 13.748886, 52.809765 ], [ 13.747795, 52.810189 ], [ 13.747567, 52.810241 ], [ 13.746968, 52.810238 ], [ 13.746734, 52.810275 ], [ 13.745816, 52.810524 ], [ 13.745849, 52.810575 ], [ 13.745705, 52.810698 ], [ 13.745804, 52.810907 ], [ 13.746037, 52.811058 ], [ 13.747603, 52.811316 ], [ 13.747757, 52.811568 ], [ 13.747727, 52.811652 ], [ 13.747417, 52.811797 ], [ 13.747409, 52.811924 ], [ 13.74761, 52.812002 ], [ 13.749043, 52.81222 ], [ 13.750165, 52.812513 ], [ 13.750975, 52.812538 ], [ 13.753088, 52.812811 ], [ 13.752988, 52.812691 ], [ 13.753041, 52.812426 ], [ 13.753299, 52.812155 ], [ 13.753608, 52.812071 ], [ 13.755657, 52.812319 ], [ 13.75595, 52.812403 ], [ 13.756196, 52.812635 ], [ 13.756151, 52.812964 ], [ 13.755295, 52.814196 ], [ 13.755258, 52.814405 ], [ 13.755288, 52.81453 ], [ 13.755377, 52.814589 ], [ 13.75653, 52.814471 ], [ 13.75658, 52.811763 ] ] ] } },
{ "type": "Feature", "properties": { "boden": "70 % ziemlich arm, trocken (vermutet) (Z3) · 30 % ziemlich arm, trocken (vermutet) (Z3)" }, "geometry": { "type": "Polygon", "coordinates": [ [ [ 13.748647, 52.816344 ], [ 13.74831, 52.816402 ], [ 13.748745, 52.816574 ], [ 13.749117, 52.816629 ], [ 13.749265, 52.816603 ], [ 13.749176, 52.816421 ], [ 13.749007, 52.816365 ], [ 13.748647, 52.816344 ] ] ] } },
{ "type": "Feature", "properties": { "boden": "70 % ziemlich arm, mäßig frisch (Z2) · 30 % ziemlich arm, mäßig frisch (Z2)" }, "geometry": { "type": "Polygon", "coordinates": [ [ [ 13.749243, 52.81635 ], [ 13.74757, 52.81598 ], [ 13.747174, 52.815981 ], [ 13.747628, 52.816098 ], [ 13.747763, 52.816239 ], [ 13.746809, 52.81616 ], [ 13.746516, 52.816049 ], [ 13.746424, 52.816114 ], [ 13.746468, 52.816186 ], [ 13.746777, 52.816347 ], [ 13.748895, 52.817072 ], [ 13.749525, 52.817366 ], [ 13.749763, 52.817374 ], [ 13.750799, 52.817146 ], [ 13.751118, 52.816975 ], [ 13.751267, 52.816781 ], [ 13.751247, 52.816552 ], [ 13.751142, 52.81646 ], [ 13.749243, 52.81635 ] ], [ [ 13.75092, 52.81661 ], [ 13.751015, 52.816716 ], [ 13.750995, 52.81678 ], [ 13.750632, 52.816932 ], [ 13.749858, 52.816733 ], [ 13.750238, 52.816594 ], [ 13.750503, 52.816571 ], [ 13.75092, 52.81661 ] ], [ [ 13.749007, 52.816365 ], [ 13.749231, 52.81646 ], [ 13.749284, 52.816564 ], [ 13.749209, 52.816624 ], [ 13.748745, 52.816574 ], [ 13.74831, 52.816402 ], [ 13.748647, 52.816344 ], [ 13.749007, 52.816365 ] ] ] } },
{ "type": "Feature", "properties": { "boden": "60 % ziemlich arm, trocken (vermutet) (Z3) · 20 % mittel, trocken (vermutet) (M3) · 20 % ziemlich arm, trocken (vermutet) (Z3)" }, "geometry": { "type": "Polygon", "coordinates": [ [ [ 13.74006, 52.813467 ], [ 13.739822, 52.813467 ], [ 13.739563, 52.813568 ], [ 13.739787, 52.813619 ], [ 13.740074, 52.813787 ], [ 13.740528, 52.813737 ], [ 13.740514, 52.813556 ], [ 13.74006, 52.813467 ] ] ] } },
{ "type": "Feature", "properties": { "boden": "100 % mittel, mäßig frisch (M2)" }, "geometry": { "type": "Polygon", "coordinates": [ [ [ 13.740481, 52.814851 ], [ 13.740301, 52.814894 ], [ 13.740225, 52.815001 ], [ 13.740295, 52.81511 ], [ 13.740472, 52.815156 ], [ 13.740651, 52.815114 ], [ 13.740728, 52.815007 ], [ 13.740657, 52.814898 ], [ 13.740481, 52.814851 ] ] ] } },
{ "type": "Feature", "properties": { "boden": "50 % ziemlich arm, mäßig frisch (Z2) · 30 % ziemlich arm, mäßig frisch (Z2) · 20 % mittel, mäßig frisch (M2)" }, "geometry": { "type": "Polygon", "coordinates": [ [ [ 13.742639, 52.819451 ], [ 13.742569, 52.819343 ], [ 13.742646, 52.819236 ], [ 13.742825, 52.819193 ], [ 13.743002, 52.819239 ], [ 13.743072, 52.819348 ], [ 13.743, 52.819449 ], [ 13.744024, 52.819388 ], [ 13.743938, 52.819275 ], [ 13.744015, 52.819168 ], [ 13.744194, 52.819125 ], [ 13.744371, 52.819172 ], [ 13.744441, 52.819281 ], [ 13.744379, 52.819367 ], [ 13.744884, 52.819311 ], [ 13.74551, 52.819152 ], [ 13.745366, 52.819023 ], [ 13.745443, 52.818916 ], [ 13.745622, 52.818874 ], [ 13.745799, 52.81892 ], [ 13.745842, 52.819068 ], [ 13.746896, 52.818838 ], [ 13.746778, 52.818717 ], [ 13.746855, 52.81861 ], [ 13.747034, 52.818567 ], [ 13.747211, 52.818614 ], [ 13.747272, 52.818736 ], [ 13.748319, 52.818438 ], [ 13.74823, 52.818324 ], [ 13.748307, 52.818217 ], [ 13.748486, 52.818175 ], [ 13.748663, 52.818221 ], [ 13.748731, 52.818326 ], [ 13.749808, 52.818097 ], [ 13.74975, 52.818008 ], [ 13.749827, 52.817901 ], [ 13.750006, 52.817858 ], [ 13.750183, 52.817905 ], [ 13.75024, 52.818033 ], [ 13.751048, 52.817962 ], [ 13.750959, 52.817938 ], [ 13.750888, 52.817829 ], [ 13.750965, 52.817722 ], [ 13.751144, 52.81768 ], [ 13.751321, 52.817726 ], [ 13.751392, 52.817835 ], [ 13.751338, 52.81791 ], [ 13.752444, 52.817451 ], [ 13.752591, 52.817201 ], [ 13.752456, 52.816897 ], [ 13.752039, 52.816511 ], [ 13.751142, 52.81646 ], [ 13.751247, 52.816552 ], [ 13.751267, 52.816781 ], [ 13.751118, 52.816975 ], [ 13.750799, 52.817146 ], [ 13.750418, 52.817256 ], [ 13.749763, 52.817374 ], [ 13.749525, 52.817366 ], [ 13.748895, 52.817072 ], [ 13.747907, 52.816762 ], [ 13.746777, 52.816347 ], [ 13.746468, 52.816186 ], [ 13.746444, 52.81606 ], [ 13.74685, 52.815999 ], [ 13.74757, 52.81598 ], [ 13.747881, 52.816021 ], [ 13.748148, 52.814619 ], [ 13.748586, 52.814478 ], [ 13.749073, 52.814108 ], [ 13.7492, 52.813974 ], [ 13.749067, 52.813684 ], [ 13.748143, 52.813306 ], [ 13.746979, 52.813024 ], [ 13.745853, 52.812935 ], [ 13.745444, 52.812639 ], [ 13.743259, 52.811561 ], [ 13.742989, 52.812563 ], [ 13.742698, 52.812665 ], [ 13.742018, 52.81267 ], [ 13.740773, 52.81258 ], [ 13.740479, 52.812397 ], [ 13.739893, 52.81223 ], [ 13.737467, 52.811646 ], [ 13.73662, 52.811547 ], [ 13.735524, 52.811342 ], [ 13.734739, 52.811446 ], [ 13.734424, 52.811681 ], [ 13.734393, 52.811829 ], [ 13.734545, 52.812063 ], [ 13.734778, 52.812205 ], [ 13.735138, 52.812309 ], [ 13.73613, 52.812472 ], [ 13.737521, 52.812558 ], [ 13.737934, 52.812643 ], [ 13.740029, 52.812668 ], [ 13.740482, 52.812754 ], [ 13.740657, 52.812854 ], [ 13.740731, 52.813275 ], [ 13.740962, 52.813487 ], [ 13.741321, 52.813658 ], [ 13.741629, 52.813939 ], [ 13.741594, 52.814392 ], [ 13.742465, 52.814423 ], [ 13.744003, 52.814874 ], [ 13.743918, 52.815583 ], [ 13.744044, 52.815881 ], [ 13.744043, 52.816207 ], [ 13.743827, 52.816367 ], [ 13.743791, 52.816698 ], [ 13.74322, 52.816842 ], [ 13.74293, 52.817052 ], [ 13.742787, 52.818512 ], [ 13.742338, 52.81952 ], [ 13.742726, 52.819474 ], [ 13.742639, 52.819451 ] ], [ [ 13.75244, 52.817361 ], [ 13.752363, 52.817468 ], [ 13.752184, 52.817511 ], [ 13.752007, 52.817464 ], [ 13.751936, 52.817356 ], [ 13.752013, 52.817248 ], [ 13.752192, 52.817206 ], [ 13.752369, 52.817252 ], [ 13.75244, 52.817361 ] ] ] } },
{ "type": "Feature", "properties": { "boden": "70 % ziemlich arm, trocken (vermutet) (Z3) · 30 % ziemlich arm, trocken (vermutet) (Z3)" }, "geometry": { "type": "Polygon", "coordinates": [ [ [ 13.747174, 52.815981 ], [ 13.746516, 52.816049 ], [ 13.746809, 52.81616 ], [ 13.747763, 52.816239 ], [ 13.747724, 52.816164 ], [ 13.747475, 52.816038 ], [ 13.747174, 52.815981 ] ] ] } },
{ "type": "Feature", "properties": { "boden": "70 % ziemlich arm, mäßig frisch (Z2) · 30 % ziemlich arm, mäßig frisch (Z2)" }, "geometry": { "type": "Polygon", "coordinates": [ [ [ 13.743827, 52.816367 ], [ 13.744043, 52.816207 ], [ 13.743471, 52.816281 ], [ 13.743436, 52.816329 ], [ 13.743507, 52.816438 ], [ 13.743684, 52.816484 ], [ 13.743818, 52.816452 ], [ 13.743827, 52.816367 ] ] ] } },
{ "type": "Feature", "properties": { "boden": "60 % ziemlich arm, trocken (vermutet) (Z3) · 20 % ziemlich arm, trocken (vermutet) (Z3) · 20 % ziemlich arm, trocken (vermutet) (Z3)" }, "geometry": { "type": "Polygon", "coordinates": [ [ [ 13.740839, 52.816391 ], [ 13.740302, 52.816403 ], [ 13.740002, 52.81645 ], [ 13.740223, 52.816511 ], [ 13.741027, 52.816542 ], [ 13.74108, 52.81648 ], [ 13.741037, 52.816424 ], [ 13.740839, 52.816391 ] ] ] } },
{ "type": "Feature", "properties": { "boden": "70 % ziemlich arm, mäßig frisch (Z2) · 30 % ziemlich arm, mäßig frisch (Z2)" }, "geometry": { "type": "Polygon", "coordinates": [ [ [ 13.742698, 52.816674 ], [ 13.742519, 52.816717 ], [ 13.742442, 52.816824 ], [ 13.742513, 52.816932 ], [ 13.742689, 52.816979 ], [ 13.742869, 52.816936 ], [ 13.742946, 52.816829 ], [ 13.742875, 52.81672 ], [ 13.742698, 52.816674 ] ] ] } },
{ "type": "Feature", "properties": { "boden": "70 % ziemlich arm, mäßig frisch (Z2) · 30 % ziemlich arm, mäßig frisch (Z2)" }, "geometry": { "type": "Polygon", "coordinates": [ [ [ 13.742293, 52.818304 ], [ 13.742114, 52.818347 ], [ 13.742037, 52.818454 ], [ 13.741737, 52.818627 ], [ 13.74166, 52.818734 ], [ 13.741731, 52.818842 ], [ 13.741907, 52.818889 ], [ 13.742087, 52.818846 ], [ 13.742231, 52.818668 ], [ 13.742463, 52.818567 ], [ 13.74254, 52.81846 ], [ 13.742453, 52.818346 ], [ 13.742293, 52.818304 ] ] ] } },
{ "type": "Feature", "properties": { "boden": "50 % ziemlich arm, mäßig frisch (Z2) · 30 % ziemlich arm, mäßig frisch (Z2) · 20 % mittel, mäßig frisch (M2)" }, "geometry": { "type": "Polygon", "coordinates": [ [ [ 13.747281, 52.818722 ], [ 13.747211, 52.818614 ], [ 13.747034, 52.818567 ], [ 13.746855, 52.81861 ], [ 13.746778, 52.818717 ], [ 13.746896, 52.818838 ], [ 13.747281, 52.818722 ] ] ] } },
{ "type": "Feature", "properties": { "boden": "70 % ziemlich arm, mäßig frisch (Z2) · 30 % ziemlich arm, mäßig frisch (Z2)" }, "geometry": { "type": "Polygon", "coordinates": [ [ [ 13.741176, 52.818918 ], [ 13.741253, 52.818811 ], [ 13.741182, 52.818702 ], [ 13.741006, 52.818656 ], [ 13.740826, 52.818699 ], [ 13.74075, 52.818806 ], [ 13.74082, 52.818914 ], [ 13.740997, 52.818961 ], [ 13.741176, 52.818918 ] ] ] } },
{ "type": "Feature", "properties": { "boden": "100 % mittel, mäßig frisch (M2)" }, "geometry": { "type": "Polygon", "coordinates": [ [ [ 13.741702, 52.816512 ], [ 13.742762, 52.816421 ], [ 13.744043, 52.816207 ], [ 13.744044, 52.815881 ], [ 13.743918, 52.815583 ], [ 13.744003, 52.814874 ], [ 13.742465, 52.814423 ], [ 13.741412, 52.814381 ], [ 13.739286, 52.81452 ], [ 13.738826, 52.814722 ], [ 13.738113, 52.815264 ], [ 13.736981, 52.815276 ], [ 13.736399, 52.815217 ], [ 13.73599, 52.815097 ], [ 13.734802, 52.814937 ], [ 13.734416, 52.814948 ], [ 13.734086, 52.815026 ], [ 13.732805, 52.815123 ], [ 13.732068, 52.815232 ], [ 13.731769, 52.815389 ], [ 13.731671, 52.815549 ], [ 13.731816, 52.815923 ], [ 13.732414, 52.816258 ], [ 13.733746, 52.816527 ], [ 13.73481, 52.816574 ], [ 13.735734, 52.816543 ], [ 13.739429, 52.816337 ], [ 13.740808, 52.816365 ], [ 13.741702, 52.816512 ] ], [ [ 13.732557, 52.81603 ], [ 13.732396, 52.816068 ], [ 13.732219, 52.816022 ], [ 13.732148, 52.815913 ], [ 13.732225, 52.815806 ], [ 13.732405, 52.815763 ], [ 13.732579, 52.815809 ], [ 13.732557, 52.81603 ] ], [ [ 13.733106, 52.815792 ], [ 13.733029, 52.815899 ], [ 13.73285, 52.815942 ], [ 13.732712, 52.815906 ], [ 13.732741, 52.815665 ], [ 13.732859, 52.815637 ], [ 13.733035, 52.815684 ], [ 13.733106, 52.815792 ] ], [ [ 13.740728, 52.815007 ], [ 13.740651, 52.815114 ], [ 13.740472, 52.815156 ], [ 13.740295, 52.81511 ], [ 13.740225, 52.815001 ], [ 13.740301, 52.814894 ], [ 13.740481, 52.814851 ], [ 13.740657, 52.814898 ], [ 13.740728, 52.815007 ] ] ] } },
{ "type": "Feature", "properties": { "boden": "100 % mittel, mäßig frisch (M2)" }, "geometry": { "type": "Polygon", "coordinates": [ [ [ 13.732859, 52.815637 ], [ 13.732741, 52.815665 ], [ 13.732712, 52.815906 ], [ 13.73285, 52.815942 ], [ 13.733029, 52.815899 ], [ 13.733106, 52.815792 ], [ 13.733035, 52.815684 ], [ 13.732859, 52.815637 ] ] ] } },
{ "type": "Feature", "properties": { "boden": "100 % mittel, mäßig frisch (M2)" }, "geometry": { "type": "Polygon", "coordinates": [ [ [ 13.732405, 52.815763 ], [ 13.732225, 52.815806 ], [ 13.732148, 52.815913 ], [ 13.732219, 52.816022 ], [ 13.732396, 52.816068 ], [ 13.732557, 52.81603 ], [ 13.732579, 52.815809 ], [ 13.732405, 52.815763 ] ] ] } },
{ "type": "Feature", "properties": { "boden": "60 % ziemlich arm, mäßig frisch (Z2) · 20 % ziemlich arm, mäßig frisch (Z2) · 20 % ziemlich arm, mäßig frisch (Z2)" }, "geometry": { "type": "Polygon", "coordinates": [ [ [ 13.740808, 52.816365 ], [ 13.738706, 52.81636 ], [ 13.73481, 52.816574 ], [ 13.733746, 52.816527 ], [ 13.732666, 52.816298 ], [ 13.732567, 52.817131 ], [ 13.733213, 52.817242 ], [ 13.734355, 52.81712 ], [ 13.736261, 52.817078 ], [ 13.7367, 52.817229 ], [ 13.737311, 52.817368 ], [ 13.738009, 52.817418 ], [ 13.738353, 52.817384 ], [ 13.738813, 52.817248 ], [ 13.739053, 52.817077 ], [ 13.739071, 52.816902 ], [ 13.73919, 52.816852 ], [ 13.74125, 52.816925 ], [ 13.741446, 52.816871 ], [ 13.74155, 52.816787 ], [ 13.741594, 52.816609 ], [ 13.741535, 52.816485 ], [ 13.740808, 52.816365 ] ], [ [ 13.741037, 52.816424 ], [ 13.74108, 52.81648 ], [ 13.741027, 52.816542 ], [ 13.740823, 52.816547 ], [ 13.740223, 52.816511 ], [ 13.740002, 52.81645 ], [ 13.740302, 52.816403 ], [ 13.740839, 52.816391 ], [ 13.741037, 52.816424 ] ] ] } },
{ "type": "Feature", "properties": { "boden": "70 % mittel, mäßig frisch (M2) · 30 % mittel, mäßig frisch (M2g)" }, "geometry": { "type": "Polygon", "coordinates": [ [ [ 13.738086, 52.817649 ], [ 13.737907, 52.817692 ], [ 13.73783, 52.817799 ], [ 13.7379, 52.817907 ], [ 13.738077, 52.817954 ], [ 13.738256, 52.817911 ], [ 13.738333, 52.817804 ], [ 13.738263, 52.817696 ], [ 13.738086, 52.817649 ] ] ] } },
{ "type": "Feature", "properties": { "boden": "70 % mittel, mäßig frisch (M2) · 30 % mittel, mäßig frisch (M2g)" }, "geometry": { "type": "Polygon", "coordinates": [ [ [ 13.742046, 52.816505 ], [ 13.741535, 52.816485 ], [ 13.741594, 52.816609 ], [ 13.74155, 52.816787 ], [ 13.741446, 52.816871 ], [ 13.74125, 52.816925 ], [ 13.73919, 52.816852 ], [ 13.739071, 52.816902 ], [ 13.739053, 52.817077 ], [ 13.738813, 52.817248 ], [ 13.738353, 52.817384 ], [ 13.738009, 52.817418 ], [ 13.737311, 52.817368 ], [ 13.7367, 52.817229 ], [ 13.736261, 52.817078 ], [ 13.734729, 52.817117 ], [ 13.734543, 52.818285 ], [ 13.734632, 52.818418 ], [ 13.734808, 52.818515 ], [ 13.73532, 52.818624 ], [ 13.735481, 52.81873 ], [ 13.735478, 52.819208 ], [ 13.736697, 52.81905 ], [ 13.738279, 52.818699 ], [ 13.739296, 52.818609 ], [ 13.740485, 52.81866 ], [ 13.740834, 52.818428 ], [ 13.741404, 52.817849 ], [ 13.742199, 52.816828 ], [ 13.742341, 52.816471 ], [ 13.742046, 52.816505 ] ], [ [ 13.738333, 52.817804 ], [ 13.738256, 52.817911 ], [ 13.738077, 52.817954 ], [ 13.7379, 52.817907 ], [ 13.73783, 52.817799 ], [ 13.737907, 52.817692 ], [ 13.738086, 52.817649 ], [ 13.738263, 52.817696 ], [ 13.738333, 52.817804 ] ] ] } },
{ "type": "Feature", "properties": { "boden": "70 % ziemlich arm, mäßig frisch (Z2) · 30 % ziemlich arm, mäßig frisch (Z2)" }, "geometry": { "type": "Polygon", "coordinates": [ [ [ 13.742523, 52.819168 ], [ 13.742607, 52.818827 ], [ 13.742787, 52.818512 ], [ 13.74293, 52.817052 ], [ 13.74322, 52.816842 ], [ 13.743791, 52.816698 ], [ 13.743818, 52.816452 ], [ 13.743684, 52.816484 ], [ 13.743507, 52.816438 ], [ 13.743436, 52.816329 ], [ 13.743471, 52.816281 ], [ 13.742341, 52.816471 ], [ 13.742199, 52.816828 ], [ 13.741404, 52.817849 ], [ 13.740834, 52.818428 ], [ 13.740485, 52.81866 ], [ 13.739296, 52.818609 ], [ 13.738279, 52.818699 ], [ 13.736697, 52.81905 ], [ 13.734678, 52.819308 ], [ 13.732869, 52.819449 ], [ 13.732276, 52.819574 ], [ 13.732142, 52.820767 ], [ 13.732473, 52.820714 ], [ 13.733275, 52.820687 ], [ 13.734369, 52.820524 ], [ 13.735053, 52.820501 ], [ 13.736811, 52.820337 ], [ 13.737172, 52.820351 ], [ 13.737896, 52.820263 ], [ 13.739053, 52.820033 ], [ 13.740176, 52.819924 ], [ 13.741147, 52.819691 ], [ 13.742338, 52.81952 ], [ 13.742523, 52.819168 ] ], [ [ 13.733955, 52.819906 ], [ 13.733947, 52.820038 ], [ 13.733715, 52.820124 ], [ 13.73318, 52.82007 ], [ 13.733071, 52.819961 ], [ 13.733375, 52.81988 ], [ 13.733955, 52.819906 ] ], [ [ 13.74075, 52.818806 ], [ 13.740826, 52.818699 ], [ 13.741006, 52.818656 ], [ 13.741182, 52.818702 ], [ 13.741253, 52.818811 ], [ 13.741176, 52.818918 ], [ 13.741072, 52.818943 ], [ 13.741228, 52.819034 ], [ 13.741187, 52.81917 ], [ 13.741025, 52.819322 ], [ 13.74083, 52.819373 ], [ 13.740633, 52.81934 ], [ 13.740512, 52.819231 ], [ 13.74063, 52.818997 ], [ 13.740812, 52.818901 ], [ 13.74075, 52.818806 ] ], [ [ 13.74254, 52.81846 ], [ 13.742463, 52.818567 ], [ 13.742231, 52.818668 ], [ 13.742087, 52.818846 ], [ 13.741907, 52.818889 ], [ 13.741731, 52.818842 ], [ 13.74166, 52.818734 ], [ 13.741737, 52.818627 ], [ 13.742037, 52.818454 ], [ 13.742114, 52.818347 ], [ 13.742293, 52.818304 ], [ 13.742453, 52.818346 ], [ 13.74254, 52.81846 ] ], [ [ 13.742946, 52.816829 ], [ 13.742869, 52.816936 ], [ 13.742689, 52.816979 ], [ 13.742513, 52.816932 ], [ 13.742442, 52.816824 ], [ 13.742519, 52.816717 ], [ 13.742698, 52.816674 ], [ 13.742875, 52.81672 ], [ 13.742946, 52.816829 ] ] ] } },
{ "type": "Feature", "properties": { "boden": "100 % ziemlich arm, mäßig frisch (Z2g)" }, "geometry": { "type": "Polygon", "coordinates": [ [ [ 13.733072, 52.819182 ], [ 13.733149, 52.819075 ], [ 13.733078, 52.818966 ], [ 13.732901, 52.818919 ], [ 13.732602, 52.818916 ], [ 13.732422, 52.818959 ], [ 13.732345, 52.819066 ], [ 13.732416, 52.819175 ], [ 13.732593, 52.819221 ], [ 13.732893, 52.819224 ], [ 13.733072, 52.819182 ] ] ] } },
{ "type": "Feature", "properties": { "boden": "70 % ziemlich arm, trocken (vermutet) (Z3) · 30 % ziemlich arm, trocken (vermutet) (Z3)" }, "geometry": { "type": "Polygon", "coordinates": [ [ [ 13.733765, 52.819872 ], [ 13.733214, 52.819898 ], [ 13.733113, 52.819925 ], [ 13.733088, 52.820005 ], [ 13.73335, 52.820103 ], [ 13.733857, 52.820099 ], [ 13.733947, 52.820038 ], [ 13.733955, 52.819906 ], [ 13.733765, 52.819872 ] ] ] } },
{ "type": "Feature", "properties": { "boden": "100 % mittel, mäßig frisch (M2)" }, "geometry": { "type": "Polygon", "coordinates": [ [ [ 13.734729, 52.820911 ], [ 13.734658, 52.820802 ], [ 13.734481, 52.820756 ], [ 13.734277, 52.820768 ], [ 13.733928, 52.820705 ], [ 13.733748, 52.820747 ], [ 13.733672, 52.820854 ], [ 13.733742, 52.820963 ], [ 13.733919, 52.82101 ], [ 13.734296, 52.821014 ], [ 13.734472, 52.821061 ], [ 13.734652, 52.821018 ], [ 13.734729, 52.820911 ] ] ] } },
{ "type": "Feature", "properties": { "boden": "100 % mittel, mäßig frisch (M2)" }, "geometry": { "type": "Polygon", "coordinates": [ [ [ 13.737833, 52.821611 ], [ 13.738096, 52.821643 ], [ 13.738472, 52.821528 ], [ 13.738729, 52.821533 ], [ 13.738908, 52.82149 ], [ 13.738985, 52.821383 ], [ 13.738914, 52.821274 ], [ 13.738754, 52.821211 ], [ 13.738569, 52.821018 ], [ 13.738393, 52.820972 ], [ 13.737949, 52.821077 ], [ 13.737772, 52.82103 ], [ 13.737593, 52.821073 ], [ 13.737369, 52.821305 ], [ 13.737228, 52.821335 ], [ 13.737098, 52.821311 ], [ 13.737027, 52.821203 ], [ 13.73685, 52.821156 ], [ 13.736671, 52.821199 ], [ 13.736594, 52.821306 ], [ 13.736665, 52.821414 ], [ 13.737097, 52.821504 ], [ 13.737244, 52.821673 ], [ 13.737421, 52.821719 ], [ 13.737833, 52.821611 ] ] ] } },
{ "type": "Feature", "properties": { "boden": "80 % ziemlich arm, trocken (vermutet) (Z3) · 20 % ziemlich arm, trocken (vermutet) (Z3)" }, "geometry": { "type": "Polygon", "coordinates": [ [ [ 13.737007, 52.822396 ], [ 13.736162, 52.822421 ], [ 13.735629, 52.822331 ], [ 13.735282, 52.822317 ], [ 13.735153, 52.822348 ], [ 13.735221, 52.822415 ], [ 13.73557, 52.822521 ], [ 13.736236, 52.822587 ], [ 13.736702, 52.822687 ], [ 13.736947, 52.822685 ], [ 13.737222, 52.822602 ], [ 13.73719, 52.822482 ], [ 13.737007, 52.822396 ] ] ] } },
{ "type": "Feature", "properties": { "boden": "100 % mittel, mäßig frisch (M2g)" }, "geometry": { "type": "Polygon", "coordinates": [ [ [ 13.731971, 52.823556 ], [ 13.732131, 52.823598 ], [ 13.732411, 52.823561 ], [ 13.732748, 52.823689 ], [ 13.732927, 52.823646 ], [ 13.733004, 52.823539 ], [ 13.732934, 52.823431 ], [ 13.732735, 52.823343 ], [ 13.732654, 52.823137 ], [ 13.732477, 52.82309 ], [ 13.732298, 52.823133 ], [ 13.73214, 52.823293 ], [ 13.731961, 52.823336 ], [ 13.731884, 52.823443 ], [ 13.731971, 52.823556 ] ] ] } },
{ "type": "Feature", "properties": { "boden": "100 % mittel, mäßig frisch (M2g)" }, "geometry": { "type": "Polygon", "coordinates": [ [ [ 13.738435, 52.824265 ], [ 13.738364, 52.824157 ], [ 13.738441, 52.824049 ], [ 13.73862, 52.824007 ], [ 13.738797, 52.824053 ], [ 13.739299, 52.824008 ], [ 13.739476, 52.824054 ], [ 13.739547, 52.824163 ], [ 13.739401, 52.824286 ], [ 13.739803, 52.824288 ], [ 13.740372, 52.824196 ], [ 13.740563, 52.824151 ], [ 13.740581, 52.824035 ], [ 13.74039, 52.82395 ], [ 13.738931, 52.823892 ], [ 13.737428, 52.823693 ], [ 13.735069, 52.823169 ], [ 13.733785, 52.822991 ], [ 13.73287, 52.82297 ], [ 13.732352, 52.823023 ], [ 13.732083, 52.823117 ], [ 13.731869, 52.823258 ], [ 13.731847, 52.823457 ], [ 13.731943, 52.823533 ], [ 13.731884, 52.823443 ], [ 13.731961, 52.823336 ], [ 13.73214, 52.823293 ], [ 13.732298, 52.823133 ], [ 13.732477, 52.82309 ], [ 13.732654, 52.823137 ], [ 13.732735, 52.823343 ], [ 13.732934, 52.823431 ], [ 13.733004, 52.823539 ], [ 13.732927, 52.823646 ], [ 13.732748, 52.823689 ], [ 13.732411, 52.823561 ], [ 13.732131, 52.823598 ], [ 13.731971, 52.823556 ], [ 13.732227, 52.823698 ], [ 13.732781, 52.823829 ], [ 13.733121, 52.82399 ], [ 13.733113, 52.824333 ], [ 13.732996, 52.824497 ], [ 13.732877, 52.824923 ], [ 13.733068, 52.825261 ], [ 13.733113, 52.825198 ], [ 13.73382, 52.825018 ], [ 13.733996, 52.825065 ], [ 13.734067, 52.825174 ], [ 13.73399, 52.825281 ], [ 13.733654, 52.825324 ], [ 13.733334, 52.825448 ], [ 13.733858, 52.825468 ], [ 13.734992, 52.825133 ], [ 13.73585, 52.824933 ], [ 13.7366, 52.824639 ], [ 13.73792, 52.824351 ], [ 13.738584, 52.824305 ], [ 13.738435, 52.824265 ] ] ] } },
{ "type": "Feature", "properties": { "boden": "100 % mittel, mäßig frisch (M2g)" }, "geometry": { "type": "Polygon", "coordinates": [ [ [ 13.733113, 52.825198 ], [ 13.733049, 52.825438 ], [ 13.733334, 52.825448 ], [ 13.733654, 52.825324 ], [ 13.73399, 52.825281 ], [ 13.734067, 52.825174 ], [ 13.733996, 52.825065 ], [ 13.73382, 52.825018 ], [ 13.733113, 52.825198 ] ] ] } },
{ "type": "Feature", "properties": { "boden": "50 % ziemlich arm, mäßig frisch (Z2) · 30 % ziemlich arm, mäßig frisch (Z2) · 20 % mittel, mäßig frisch (M2)" }, "geometry": { "type": "Polygon", "coordinates": [ [ [ 13.74587, 52.819029 ], [ 13.745799, 52.81892 ], [ 13.745622, 52.818874 ], [ 13.745443, 52.818916 ], [ 13.745366, 52.819023 ], [ 13.74551, 52.819152 ], [ 13.74587, 52.819029 ] ] ] } },
{ "type": "Feature", "properties": { "boden": "70 % ziemlich arm, trocken (vermutet) (Z3) · 30 % ziemlich arm, trocken (vermutet) (Z3)" }, "geometry": { "type": "Polygon", "coordinates": [ [ [ 13.741192, 52.818986 ], [ 13.740812, 52.818901 ], [ 13.74063, 52.818997 ], [ 13.740512, 52.819231 ], [ 13.740633, 52.81934 ], [ 13.740931, 52.81936 ], [ 13.741187, 52.81917 ], [ 13.741192, 52.818986 ] ] ] } },
{ "type": "Feature", "properties": { "boden": "50 % ziemlich arm, mäßig frisch (Z2) · 30 % ziemlich arm, mäßig frisch (Z2) · 20 % mittel, mäßig frisch (M2)" }, "geometry": { "type": "Polygon", "coordinates": [ [ [ 13.744441, 52.819281 ], [ 13.744371, 52.819172 ], [ 13.744194, 52.819125 ], [ 13.744015, 52.819168 ], [ 13.743938, 52.819275 ], [ 13.744024, 52.819388 ], [ 13.744379, 52.819367 ], [ 13.744441, 52.819281 ] ] ] } },
{ "type": "Feature", "properties": { "boden": "50 % ziemlich arm, mäßig frisch (Z2) · 30 % ziemlich arm, mäßig frisch (Z2) · 20 % mittel, mäßig frisch (M2)" }, "geometry": { "type": "Polygon", "coordinates": [ [ [ 13.743072, 52.819348 ], [ 13.743002, 52.819239 ], [ 13.742825, 52.819193 ], [ 13.742646, 52.819236 ], [ 13.742569, 52.819343 ], [ 13.742639, 52.819451 ], [ 13.742726, 52.819474 ], [ 13.743, 52.819449 ], [ 13.743072, 52.819348 ] ] ] } },
{ "type": "Feature", "properties": { "boden": "80 % ziemlich arm, trocken (vermutet) (Z3) · 20 % ziemlich arm, trocken (vermutet) (Z3)" }, "geometry": { "type": "Polygon", "coordinates": [ [ [ 13.739585, 52.822716 ], [ 13.739155, 52.822722 ], [ 13.738244, 52.822511 ], [ 13.738064, 52.822543 ], [ 13.738159, 52.822663 ], [ 13.738434, 52.822775 ], [ 13.739346, 52.822912 ], [ 13.739599, 52.823032 ], [ 13.739929, 52.823089 ], [ 13.740002, 52.822976 ], [ 13.73995, 52.822841 ], [ 13.739867, 52.822777 ], [ 13.739585, 52.822716 ] ] ] } },
{ "type": "Feature", "properties": { "boden": "80 % ziemlich arm, trocken (vermutet) (Z3) · 20 % ziemlich arm, trocken (vermutet) (Z3)" }, "geometry": { "type": "Polygon", "coordinates": [ [ [ 13.741605, 52.823187 ], [ 13.741111, 52.823204 ], [ 13.741128, 52.823254 ], [ 13.741438, 52.823431 ], [ 13.741653, 52.823438 ], [ 13.741863, 52.823362 ], [ 13.741783, 52.823245 ], [ 13.741605, 52.823187 ] ] ] } },
{ "type": "Feature", "properties": { "boden": "100 % mittel, mäßig frisch (M2g)" }, "geometry": { "type": "Polygon", "coordinates": [ [ [ 13.73947, 52.82427 ], [ 13.739547, 52.824163 ], [ 13.739476, 52.824054 ], [ 13.739299, 52.824008 ], [ 13.738797, 52.824053 ], [ 13.73862, 52.824007 ], [ 13.738441, 52.824049 ], [ 13.738364, 52.824157 ], [ 13.738435, 52.824265 ], [ 13.738584, 52.824305 ], [ 13.73947, 52.82427 ] ] ] } },
{ "type": "Feature", "properties": { "boden": "80 % ziemlich arm, mäßig frisch (Z2) · 20 % ziemlich arm, mäßig frisch (Z2)" }, "geometry": { "type": "Polygon", "coordinates": [ [ [ 13.743876, 52.824328 ], [ 13.743697, 52.824371 ], [ 13.74362, 52.824478 ], [ 13.74369, 52.824587 ], [ 13.744396, 52.824753 ], [ 13.744576, 52.82471 ], [ 13.744653, 52.824603 ], [ 13.744582, 52.824494 ], [ 13.743876, 52.824328 ] ] ] } },
{ "type": "Feature", "properties": { "boden": "80 % ziemlich arm, trocken (vermutet) (Z3) · 20 % ziemlich arm, trocken (vermutet) (Z3)" }, "geometry": { "type": "Polygon", "coordinates": [ [ [ 13.745534, 52.824656 ], [ 13.745228, 52.824703 ], [ 13.745018, 52.824763 ], [ 13.745179, 52.824804 ], [ 13.74576, 52.824806 ], [ 13.745758, 52.824718 ], [ 13.745534, 52.824656 ] ] ] } },
{ "type": "Feature", "properties": { "boden": "80 % ziemlich arm, mäßig frisch (Z2) · 20 % ziemlich arm, mäßig frisch (Z2)" }, "geometry": { "type": "Polygon", "coordinates": [ [ [ 13.754631, 52.824706 ], [ 13.753604, 52.824664 ], [ 13.752697, 52.824479 ], [ 13.752294, 52.824443 ], [ 13.751582, 52.824544 ], [ 13.748461, 52.824521 ], [ 13.747239, 52.824462 ], [ 13.745287, 52.824473 ], [ 13.744468, 52.824385 ], [ 13.743971, 52.824233 ], [ 13.743887, 52.824056 ], [ 13.74397, 52.823993 ], [ 13.744693, 52.823878 ], [ 13.744819, 52.823684 ], [ 13.744751, 52.823546 ], [ 13.7446, 52.823451 ], [ 13.742793, 52.82306 ], [ 13.740899, 52.822907 ], [ 13.738403, 52.82239 ], [ 13.735863, 52.822014 ], [ 13.734986, 52.821892 ], [ 13.733849, 52.821817 ], [ 13.733035, 52.821821 ], [ 13.732665, 52.821773 ], [ 13.732297, 52.821657 ], [ 13.732059, 52.821512 ], [ 13.731869, 52.823258 ], [ 13.732083, 52.823117 ], [ 13.732352, 52.823023 ], [ 13.73287, 52.82297 ], [ 13.733785, 52.822991 ], [ 13.735069, 52.823169 ], [ 13.737428, 52.823693 ], [ 13.738931, 52.823892 ], [ 13.74039, 52.82395 ], [ 13.740581, 52.824035 ], [ 13.740563, 52.824151 ], [ 13.739803, 52.824288 ], [ 13.73792, 52.824351 ], [ 13.7366, 52.824639 ], [ 13.73585, 52.824933 ], [ 13.734992, 52.825133 ], [ 13.733858, 52.825468 ], [ 13.732208, 52.825416 ], [ 13.732198, 52.82548 ], [ 13.731614, 52.825593 ], [ 13.731603, 52.825699 ], [ 13.731366, 52.825686 ], [ 13.731117, 52.825829 ], [ 13.73127, 52.826076 ], [ 13.731542, 52.826251 ], [ 13.732485, 52.826381 ], [ 13.734263, 52.8265 ], [ 13.734868, 52.826425 ], [ 13.737599, 52.826299 ], [ 13.738658, 52.826066 ], [ 13.739744, 52.82552 ], [ 13.740122, 52.825384 ], [ 13.741159, 52.825458 ], [ 13.742189, 52.825384 ], [ 13.744243, 52.825393 ], [ 13.748443, 52.826 ], [ 13.748451, 52.82594 ], [ 13.748576, 52.826018 ], [ 13.750091, 52.826298 ], [ 13.750061, 52.827769 ], [ 13.756143, 52.828024 ], [ 13.756239, 52.824665 ], [ 13.754631, 52.824706 ] ], [ [ 13.743876, 52.824328 ], [ 13.744582, 52.824494 ], [ 13.744653, 52.824603 ], [ 13.744576, 52.82471 ], [ 13.744396, 52.824753 ], [ 13.74369, 52.824587 ], [ 13.74362, 52.824478 ], [ 13.743697, 52.824371 ], [ 13.743876, 52.824328 ] ], [ [ 13.745758, 52.824718 ], [ 13.74576, 52.824806 ], [ 13.745689, 52.824818 ], [ 13.745179, 52.824804 ], [ 13.745018, 52.824763 ], [ 13.745534, 52.824656 ], [ 13.745758, 52.824718 ] ], [ [ 13.741783, 52.823245 ], [ 13.741863, 52.823362 ], [ 13.741778, 52.823412 ], [ 13.741511, 52.823443 ], [ 13.741219, 52.823327 ], [ 13.741111, 52.823204 ], [ 13.741605, 52.823187 ], [ 13.741783, 52.823245 ] ], [ [ 13.739867, 52.822777 ], [ 13.740002, 52.822976 ], [ 13.739975, 52.823068 ], [ 13.73986, 52.823094 ], [ 13.739346, 52.822912 ], [ 13.738434, 52.822775 ], [ 13.738159, 52.822663 ], [ 13.738064, 52.822543 ], [ 13.738244, 52.822511 ], [ 13.739155, 52.822722 ], [ 13.739585, 52.822716 ], [ 13.739867, 52.822777 ] ], [ [ 13.73719, 52.822482 ], [ 13.737222, 52.822602 ], [ 13.736947, 52.822685 ], [ 13.736702, 52.822687 ], [ 13.736236, 52.822587 ], [ 13.73557, 52.822521 ], [ 13.735221, 52.822415 ], [ 13.735153, 52.822348 ], [ 13.735282, 52.822317 ], [ 13.735629, 52.822331 ], [ 13.736162, 52.822421 ], [ 13.736905, 52.822384 ], [ 13.73719, 52.822482 ] ] ] } },
{ "type": "Feature", "properties": { "boden": "70 % ziemlich arm, trocken (vermutet) (Z3) · 30 % ziemlich arm, trocken (vermutet) (Z3)" }, "geometry": { "type": "Polygon", "coordinates": [ [ [ 13.750764, 52.81658 ], [ 13.750117, 52.816618 ], [ 13.749858, 52.816733 ], [ 13.750493, 52.816916 ], [ 13.750755, 52.816906 ], [ 13.750995, 52.81678 ], [ 13.750987, 52.816659 ], [ 13.750764, 52.81658 ] ] ] } },
{ "type": "Feature", "properties": { "boden": "50 % ziemlich arm, mäßig frisch (Z2) · 30 % ziemlich arm, mäßig frisch (Z2) · 20 % mittel, mäßig frisch (M2)" }, "geometry": { "type": "Polygon", "coordinates": [ [ [ 13.752192, 52.817206 ], [ 13.752013, 52.817248 ], [ 13.751936, 52.817356 ], [ 13.752007, 52.817464 ], [ 13.752184, 52.817511 ], [ 13.752363, 52.817468 ], [ 13.75244, 52.817361 ], [ 13.752369, 52.817252 ], [ 13.752192, 52.817206 ] ] ] } },
{ "type": "Feature", "properties": { "boden": "50 % ziemlich arm, mäßig frisch (Z2) · 30 % ziemlich arm, mäßig frisch (Z2) · 20 % mittel, mäßig frisch (M2)" }, "geometry": { "type": "Polygon", "coordinates": [ [ [ 13.751392, 52.817835 ], [ 13.751321, 52.817726 ], [ 13.751144, 52.81768 ], [ 13.750965, 52.817722 ], [ 13.750888, 52.817829 ], [ 13.750959, 52.817938 ], [ 13.751048, 52.817962 ], [ 13.751338, 52.81791 ], [ 13.751392, 52.817835 ] ] ] } },
{ "type": "Feature", "properties": { "boden": "50 % ziemlich arm, mäßig frisch (Z2) · 30 % ziemlich arm, mäßig frisch (Z2) · 20 % mittel, mäßig frisch (M2)" }, "geometry": { "type": "Polygon", "coordinates": [ [ [ 13.750253, 52.818013 ], [ 13.750183, 52.817905 ], [ 13.750006, 52.817858 ], [ 13.749827, 52.817901 ], [ 13.74975, 52.818008 ], [ 13.749808, 52.818097 ], [ 13.750253, 52.818013 ] ] ] } },
{ "type": "Feature", "properties": { "boden": "50 % ziemlich arm, mäßig frisch (Z2) · 30 % ziemlich arm, mäßig frisch (Z2) · 20 % mittel, mäßig frisch (M2)" }, "geometry": { "type": "Polygon", "coordinates": [ [ [ 13.748663, 52.818221 ], [ 13.748486, 52.818175 ], [ 13.748307, 52.818217 ], [ 13.74823, 52.818324 ], [ 13.748319, 52.818438 ], [ 13.748731, 52.818326 ], [ 13.748663, 52.818221 ] ] ] } },
{ "type": "Feature", "properties": { "boden": "100 % mittel, mäßig frisch (M2)" }, "geometry": { "type": "Polygon", "coordinates": [ [ [ 13.756471, 52.816562 ], [ 13.755825, 52.816738 ], [ 13.755634, 52.816756 ], [ 13.752039, 52.816511 ], [ 13.752555, 52.817052 ], [ 13.752553, 52.817331 ], [ 13.752444, 52.817451 ], [ 13.751999, 52.817662 ], [ 13.751181, 52.817957 ], [ 13.750611, 52.817977 ], [ 13.748977, 52.818258 ], [ 13.746896, 52.818838 ], [ 13.744884, 52.819311 ], [ 13.7435, 52.819403 ], [ 13.741682, 52.819598 ], [ 13.740176, 52.819924 ], [ 13.739053, 52.820033 ], [ 13.737896, 52.820263 ], [ 13.737172, 52.820351 ], [ 13.736811, 52.820337 ], [ 13.735053, 52.820501 ], [ 13.734369, 52.820524 ], [ 13.733275, 52.820687 ], [ 13.732473, 52.820714 ], [ 13.732142, 52.820767 ], [ 13.732059, 52.821512 ], [ 13.732297, 52.821657 ], [ 13.732665, 52.821773 ], [ 13.733035, 52.821821 ], [ 13.733849, 52.821817 ], [ 13.734986, 52.821892 ], [ 13.735863, 52.822014 ], [ 13.738403, 52.82239 ], [ 13.740899, 52.822907 ], [ 13.742793, 52.82306 ], [ 13.7446, 52.823451 ], [ 13.744751, 52.823546 ], [ 13.744819, 52.823684 ], [ 13.744693, 52.823878 ], [ 13.74397, 52.823993 ], [ 13.743887, 52.824056 ], [ 13.743971, 52.824233 ], [ 13.744468, 52.824385 ], [ 13.745287, 52.824473 ], [ 13.747239, 52.824462 ], [ 13.748461, 52.824521 ], [ 13.751582, 52.824544 ], [ 13.752294, 52.824443 ], [ 13.752697, 52.824479 ], [ 13.753604, 52.824664 ], [ 13.754027, 52.824691 ], [ 13.756239, 52.824665 ], [ 13.756332, 52.821437 ], [ 13.756106, 52.821392 ], [ 13.755286, 52.82136 ], [ 13.754888, 52.821221 ], [ 13.754759, 52.821131 ], [ 13.754164, 52.820998 ], [ 13.754013, 52.820887 ], [ 13.754096, 52.820839 ], [ 13.753997, 52.820837 ], [ 13.753943, 52.82071 ], [ 13.753978, 52.82063 ], [ 13.754136, 52.820555 ], [ 13.754772, 52.820534 ], [ 13.755624, 52.820803 ], [ 13.75603, 52.820778 ], [ 13.756354, 52.820643 ], [ 13.756471, 52.816562 ] ], [ [ 13.734472, 52.821061 ], [ 13.733742, 52.820963 ], [ 13.733672, 52.820854 ], [ 13.733748, 52.820747 ], [ 13.733928, 52.820705 ], [ 13.734658, 52.820802 ], [ 13.734729, 52.820911 ], [ 13.734652, 52.821018 ], [ 13.734472, 52.821061 ] ], [ [ 13.737244, 52.821673 ], [ 13.737097, 52.821504 ], [ 13.736665, 52.821414 ], [ 13.736594, 52.821306 ], [ 13.736671, 52.821199 ], [ 13.73685, 52.821156 ], [ 13.737027, 52.821203 ], [ 13.737098, 52.821311 ], [ 13.737228, 52.821335 ], [ 13.737369, 52.821305 ], [ 13.737593, 52.821073 ], [ 13.737772, 52.82103 ], [ 13.738086, 52.821073 ], [ 13.738393, 52.820972 ], [ 13.738569, 52.821018 ], [ 13.738985, 52.821383 ], [ 13.738908, 52.82149 ], [ 13.738729, 52.821533 ], [ 13.738472, 52.821528 ], [ 13.738096, 52.821643 ], [ 13.737833, 52.821611 ], [ 13.737421, 52.821719 ], [ 13.737244, 52.821673 ] ] ] } },
{ "type": "Feature", "properties": { "boden": "100 % mittel, mäßig frisch (M2g)" }, "geometry": { "type": "Polygon", "coordinates": [ [ [ 13.75603, 52.820778 ], [ 13.755624, 52.820803 ], [ 13.754772, 52.820534 ], [ 13.754136, 52.820555 ], [ 13.753978, 52.82063 ], [ 13.753943, 52.82071 ], [ 13.753997, 52.820837 ], [ 13.754096, 52.820839 ], [ 13.754013, 52.820887 ], [ 13.754164, 52.820998 ], [ 13.754759, 52.821131 ], [ 13.754888, 52.821221 ], [ 13.755286, 52.82136 ], [ 13.756106, 52.821392 ], [ 13.756332, 52.821437 ], [ 13.756354, 52.820643 ], [ 13.75603, 52.820778 ] ] ] } },
{ "type": "Feature", "properties": { "boden": "100 % mittel, mäßig frisch (M2)" }, "geometry": { "type": "Polygon", "coordinates": [ [ [ 13.752356, 52.834706 ], [ 13.752903, 52.836531 ], [ 13.753942, 52.836488 ], [ 13.75418, 52.836436 ], [ 13.755255, 52.835865 ], [ 13.755921, 52.835824 ], [ 13.755948, 52.834866 ], [ 13.752356, 52.834706 ] ] ] } },
{ "type": "Feature", "properties": { "boden": "100 % mittel, frisch (M1)" }, "geometry": { "type": "Polygon", "coordinates": [ [ [ 13.753623, 52.836905 ], [ 13.753699, 52.836798 ], [ 13.754672, 52.836571 ], [ 13.754849, 52.836618 ], [ 13.754886, 52.836674 ], [ 13.754976, 52.836653 ], [ 13.755037, 52.836726 ], [ 13.755901, 52.836522 ], [ 13.755921, 52.835824 ], [ 13.755255, 52.835865 ], [ 13.75418, 52.836436 ], [ 13.753942, 52.836488 ], [ 13.752903, 52.836531 ], [ 13.753033, 52.837105 ], [ 13.753658, 52.83696 ], [ 13.753623, 52.836905 ] ] ] } },
{ "type": "Feature", "properties": { "boden": "100 % mittel, frisch (M1)" }, "geometry": { "type": "Polygon", "coordinates": [ [ [ 13.754849, 52.836618 ], [ 13.754672, 52.836571 ], [ 13.753699, 52.836798 ], [ 13.753623, 52.836905 ], [ 13.753658, 52.83696 ], [ 13.754886, 52.836674 ], [ 13.754849, 52.836618 ] ] ] } },
{ "type": "Feature", "properties": { "boden": "100 % ziemlich arm, mäßig frisch (Z2)" }, "geometry": { "type": "Polygon", "coordinates": [ [ [ 13.7446, 52.825856 ], [ 13.744315, 52.826025 ], [ 13.744287, 52.826135 ], [ 13.744358, 52.826208 ], [ 13.744905, 52.826455 ], [ 13.745128, 52.826492 ], [ 13.745403, 52.826418 ], [ 13.745405, 52.826219 ], [ 13.74475, 52.82588 ], [ 13.7446, 52.825856 ] ] ] } },
{ "type": "Feature", "properties": { "boden": "100 % mittel, mäßig frisch (M2)" }, "geometry": { "type": "Polygon", "coordinates": [ [ [ 13.738762, 52.826446 ], [ 13.739073, 52.826493 ], [ 13.739253, 52.826451 ], [ 13.739487, 52.826055 ], [ 13.739416, 52.825946 ], [ 13.739239, 52.825899 ], [ 13.738418, 52.826183 ], [ 13.738341, 52.82629 ], [ 13.738398, 52.826464 ], [ 13.738258, 52.826705 ], [ 13.738329, 52.826814 ], [ 13.738505, 52.82686 ], [ 13.738685, 52.826817 ], [ 13.738761, 52.82671 ], [ 13.738668, 52.82653 ], [ 13.738762, 52.826446 ] ] ] } },
{ "type": "Feature", "properties": { "boden": "100 % mittel, mäßig frisch (M2)" }, "geometry": { "type": "Polygon", "coordinates": [ [ [ 13.750061, 52.827769 ], [ 13.750091, 52.826298 ], [ 13.748576, 52.826018 ], [ 13.748451, 52.82594 ], [ 13.748443, 52.826 ], [ 13.744243, 52.825393 ], [ 13.742189, 52.825384 ], [ 13.741159, 52.825458 ], [ 13.740122, 52.825384 ], [ 13.73836, 52.828449 ], [ 13.740747, 52.828551 ], [ 13.743705, 52.827886 ], [ 13.744264, 52.827843 ], [ 13.744634, 52.827586 ], [ 13.750061, 52.827769 ] ], [ [ 13.74475, 52.82588 ], [ 13.745405, 52.826219 ], [ 13.745403, 52.826418 ], [ 13.745285, 52.826472 ], [ 13.745128, 52.826492 ], [ 13.744905, 52.826455 ], [ 13.744287, 52.826135 ], [ 13.744315, 52.826025 ], [ 13.7446, 52.825856 ], [ 13.74475, 52.82588 ] ] ] } },
{ "type": "Feature", "properties": { "boden": "70 % ziemlich arm, mäßig frisch (Z2) · 30 % mittel, mäßig frisch (M2g)" }, "geometry": { "type": "Polygon", "coordinates": [ [ [ 13.743415, 52.830733 ], [ 13.743876, 52.830706 ], [ 13.74387, 52.829501 ], [ 13.743961, 52.829309 ], [ 13.744454, 52.829314 ], [ 13.744543, 52.830231 ], [ 13.74435, 52.830877 ], [ 13.747849, 52.830631 ], [ 13.748227, 52.827686 ], [ 13.744634, 52.827586 ], [ 13.744264, 52.827843 ], [ 13.743705, 52.827886 ], [ 13.740747, 52.828551 ], [ 13.73836, 52.828449 ], [ 13.73818, 52.828902 ], [ 13.7379, 52.829348 ], [ 13.737453, 52.830669 ], [ 13.737241, 52.830955 ], [ 13.737179, 52.831161 ], [ 13.737846, 52.831217 ], [ 13.737839, 52.832007 ], [ 13.739393, 52.831797 ], [ 13.742059, 52.831172 ], [ 13.743359, 52.830997 ], [ 13.743415, 52.830733 ] ] ] } },
{ "type": "Feature", "properties": { "boden": "100 % mittel, mäßig frisch (M2)" }, "geometry": { "type": "Polygon", "coordinates": [ [ [ 13.747849, 52.830631 ], [ 13.74435, 52.830877 ], [ 13.744257, 52.831771 ], [ 13.743286, 52.831734 ], [ 13.743359, 52.830997 ], [ 13.742059, 52.831172 ], [ 13.739393, 52.831797 ], [ 13.737839, 52.832007 ], [ 13.737837, 52.832274 ], [ 13.738475, 52.832029 ], [ 13.739336, 52.831912 ], [ 13.744028, 52.831867 ], [ 13.744021, 52.832092 ], [ 13.747658, 52.832095 ], [ 13.747849, 52.830631 ] ] ] } },
{ "type": "Feature", "properties": { "boden": "100 % mittel, trocken (vermutet) (M3)" }, "geometry": { "type": "Polygon", "coordinates": [ [ [ 13.721516, 52.813675 ], [ 13.721103, 52.813714 ], [ 13.720804, 52.813813 ], [ 13.720842, 52.813873 ], [ 13.720773, 52.813969 ], [ 13.721424, 52.813844 ], [ 13.721893, 52.813695 ], [ 13.722021, 52.813605 ], [ 13.72177, 52.813578 ], [ 13.721516, 52.813675 ] ] ] } },
{ "type": "Feature", "properties": { "boden": "100 % mittel, mäßig frisch (M2)" }, "geometry": { "type": "Polygon", "coordinates": [ [ [ 13.720842, 52.813873 ], [ 13.720772, 52.813764 ], [ 13.720594, 52.813716 ], [ 13.7204, 52.813781 ], [ 13.720339, 52.813867 ], [ 13.720409, 52.813976 ], [ 13.720586, 52.814022 ], [ 13.720765, 52.81398 ], [ 13.720842, 52.813873 ] ] ] } },
{ "type": "Feature", "properties": { "boden": "60 % ziemlich arm, mäßig frisch (Z2) · 20 % ziemlich arm, mäßig frisch (Z2) · 20 % mittel, mäßig frisch (M2g)" }, "geometry": { "type": "Polygon", "coordinates": [ [ [ 13.733121, 52.82399 ], [ 13.732781, 52.823829 ], [ 13.732227, 52.823698 ], [ 13.731847, 52.823457 ], [ 13.732276, 52.819574 ], [ 13.731558, 52.820022 ], [ 13.731238, 52.82012 ], [ 13.730216, 52.82008 ], [ 13.730214, 52.819972 ], [ 13.727187, 52.819855 ], [ 13.726642, 52.819936 ], [ 13.724635, 52.820686 ], [ 13.72418, 52.820786 ], [ 13.723446, 52.820822 ], [ 13.722756, 52.820787 ], [ 13.722363, 52.820825 ], [ 13.720998, 52.821098 ], [ 13.719624, 52.821293 ], [ 13.719295, 52.821308 ], [ 13.717247, 52.821174 ], [ 13.715992, 52.821037 ], [ 13.71573, 52.820952 ], [ 13.715813, 52.820061 ], [ 13.716095, 52.819918 ], [ 13.717985, 52.819983 ], [ 13.719621, 52.819924 ], [ 13.721603, 52.819222 ], [ 13.724428, 52.818438 ], [ 13.7255, 52.817906 ], [ 13.726024, 52.817774 ], [ 13.727869, 52.817719 ], [ 13.728014, 52.817751 ], [ 13.728151, 52.817871 ], [ 13.728305, 52.817918 ], [ 13.729034, 52.817836 ], [ 13.729772, 52.817633 ], [ 13.730091, 52.817688 ], [ 13.731351, 52.818081 ], [ 13.731972, 52.818347 ], [ 13.732898, 52.818562 ], [ 13.733535, 52.818855 ], [ 13.734333, 52.819332 ], [ 13.735478, 52.819208 ], [ 13.735481, 52.81873 ], [ 13.73532, 52.818624 ], [ 13.734808, 52.818515 ], [ 13.734632, 52.818418 ], [ 13.734543, 52.818285 ], [ 13.734729, 52.817117 ], [ 13.734355, 52.81712 ], [ 13.733213, 52.817242 ], [ 13.732567, 52.817131 ], [ 13.732666, 52.816298 ], [ 13.732414, 52.816258 ], [ 13.732014, 52.816058 ], [ 13.731816, 52.815923 ], [ 13.7317, 52.815739 ], [ 13.731671, 52.815549 ], [ 13.731887, 52.815308 ], [ 13.732068, 52.815232 ], [ 13.732805, 52.815123 ], [ 13.732842, 52.814817 ], [ 13.732347, 52.814945 ], [ 13.731875, 52.814997 ], [ 13.731612, 52.815005 ], [ 13.731483, 52.81492 ], [ 13.73224, 52.814549 ], [ 13.732584, 52.814544 ], [ 13.732865, 52.814619 ], [ 13.733207, 52.811739 ], [ 13.731508, 52.812465 ], [ 13.730531, 52.812811 ], [ 13.728547, 52.813409 ], [ 13.726134, 52.814028 ], [ 13.72399, 52.814431 ], [ 13.723556, 52.814575 ], [ 13.723114, 52.814842 ], [ 13.72271, 52.814985 ], [ 13.722291, 52.81508 ], [ 13.72142, 52.815187 ], [ 13.720005, 52.815281 ], [ 13.719709, 52.815476 ], [ 13.719438, 52.815745 ], [ 13.718799, 52.816941 ], [ 13.718323, 52.817438 ], [ 13.717913, 52.817774 ], [ 13.717478, 52.817978 ], [ 13.717007, 52.818128 ], [ 13.714266, 52.818642 ], [ 13.71275, 52.819119 ], [ 13.712284, 52.819366 ], [ 13.712159, 52.819537 ], [ 13.712161, 52.819727 ], [ 13.71198, 52.819787 ], [ 13.715802, 52.823892 ], [ 13.71608, 52.82381 ], [ 13.71746, 52.824177 ], [ 13.718508, 52.82439 ], [ 13.720697, 52.824651 ], [ 13.721302, 52.824589 ], [ 13.723666, 52.82382 ], [ 13.724664, 52.823541 ], [ 13.725376, 52.823419 ], [ 13.726236, 52.823426 ], [ 13.727045, 52.823532 ], [ 13.728017, 52.823759 ], [ 13.730083, 52.824379 ], [ 13.730639, 52.82448 ], [ 13.731732, 52.824523 ], [ 13.731745, 52.824392 ], [ 13.731781, 52.824467 ], [ 13.732796, 52.824202 ], [ 13.73311, 52.824083 ], [ 13.733121, 52.82399 ] ], [ [ 13.726928, 52.820604 ], [ 13.726901, 52.820664 ], [ 13.726377, 52.82071 ], [ 13.725932, 52.82088 ], [ 13.725244, 52.821022 ], [ 13.724981, 52.821047 ], [ 13.724864, 52.820995 ], [ 13.724852, 52.820934 ], [ 13.724931, 52.820884 ], [ 13.725226, 52.820828 ], [ 13.725762, 52.820628 ], [ 13.72646, 52.820554 ], [ 13.726706, 52.820454 ], [ 13.72681, 52.820482 ], [ 13.726928, 52.820604 ] ], [ [ 13.729289, 52.820513 ], [ 13.728737, 52.820563 ], [ 13.727983, 52.820552 ], [ 13.727762, 52.8205 ], [ 13.729024, 52.820453 ], [ 13.729315, 52.820474 ], [ 13.729289, 52.820513 ] ] ] } },
{ "type": "Feature", "properties": { "boden": "100 % ziemlich arm, mäßig frisch (Z2g)" }, "geometry": { "type": "Polygon", "coordinates": [ [ [ 13.732869, 52.819449 ], [ 13.734333, 52.819332 ], [ 13.733535, 52.818855 ], [ 13.732898, 52.818562 ], [ 13.731972, 52.818347 ], [ 13.731351, 52.818081 ], [ 13.730091, 52.817688 ], [ 13.729772, 52.817633 ], [ 13.729034, 52.817836 ], [ 13.728305, 52.817918 ], [ 13.728151, 52.817871 ], [ 13.728014, 52.817751 ], [ 13.727869, 52.817719 ], [ 13.726024, 52.817774 ], [ 13.7255, 52.817906 ], [ 13.724428, 52.818438 ], [ 13.721603, 52.819222 ], [ 13.719621, 52.819924 ], [ 13.717985, 52.819983 ], [ 13.716095, 52.819918 ], [ 13.715813, 52.820061 ], [ 13.71573, 52.820952 ], [ 13.715992, 52.821037 ], [ 13.717247, 52.821174 ], [ 13.719295, 52.821308 ], [ 13.719624, 52.821293 ], [ 13.720998, 52.821098 ], [ 13.722363, 52.820825 ], [ 13.722756, 52.820787 ], [ 13.723446, 52.820822 ], [ 13.72418, 52.820786 ], [ 13.724635, 52.820686 ], [ 13.726642, 52.819936 ], [ 13.727187, 52.819855 ], [ 13.730214, 52.819972 ], [ 13.730216, 52.82008 ], [ 13.731238, 52.82012 ], [ 13.731558, 52.820022 ], [ 13.732276, 52.819574 ], [ 13.732869, 52.819449 ] ], [ [ 13.732742, 52.819212 ], [ 13.732416, 52.819175 ], [ 13.732345, 52.819066 ], [ 13.732422, 52.818959 ], [ 13.732602, 52.818916 ], [ 13.732901, 52.818919 ], [ 13.733078, 52.818966 ], [ 13.733149, 52.819075 ], [ 13.733072, 52.819182 ], [ 13.732742, 52.819212 ] ] ] } },
{ "type": "Feature", "properties": { "boden": "60 % ziemlich arm, trocken (vermutet) (Z3) · 20 % ziemlich arm, trocken (vermutet) (Z3) · 20 % mittel, mäßig frisch (M2g)" }, "geometry": { "type": "Polygon", "coordinates": [ [ [ 13.729315, 52.820474 ], [ 13.728052, 52.820468 ], [ 13.727763, 52.820522 ], [ 13.728737, 52.820563 ], [ 13.72917, 52.820541 ], [ 13.729315, 52.820474 ] ] ] } },
{ "type": "Feature", "properties": { "boden": "60 % ziemlich arm, trocken (vermutet) (Z3) · 20 % ziemlich arm, trocken (vermutet) (Z3) · 20 % mittel, mäßig frisch (M2g)" }, "geometry": { "type": "Polygon", "coordinates": [ [ [ 13.726706, 52.820454 ], [ 13.72646, 52.820554 ], [ 13.725762, 52.820628 ], [ 13.725226, 52.820828 ], [ 13.724931, 52.820884 ], [ 13.724852, 52.820934 ], [ 13.724864, 52.820995 ], [ 13.724981, 52.821047 ], [ 13.725244, 52.821022 ], [ 13.725932, 52.82088 ], [ 13.726377, 52.82071 ], [ 13.726901, 52.820664 ], [ 13.726928, 52.820604 ], [ 13.72681, 52.820482 ], [ 13.726706, 52.820454 ] ] ] } },
{ "type": "Feature", "properties": { "boden": "100 % mittel, mäßig frisch (M2)" }, "geometry": { "type": "Polygon", "coordinates": [ [ [ 13.72051, 52.82628 ], [ 13.720269, 52.826103 ], [ 13.719598, 52.825968 ], [ 13.719419, 52.82601 ], [ 13.719342, 52.826117 ], [ 13.719413, 52.826226 ], [ 13.71992, 52.826319 ], [ 13.72051, 52.82628 ] ] ] } },
{ "type": "Feature", "properties": { "boden": "60 % ziemlich arm, mäßig frisch (Z2) · 40 % ziemlich arm, mäßig frisch (Z2)" }, "geometry": { "type": "Polygon", "coordinates": [ [ [ 13.720839, 52.826355 ], [ 13.72091, 52.826463 ], [ 13.720833, 52.82657 ], [ 13.720654, 52.826613 ], [ 13.720477, 52.826566 ], [ 13.720324, 52.826432 ], [ 13.71992, 52.826319 ], [ 13.719005, 52.826375 ], [ 13.718621, 52.826427 ], [ 13.718613, 52.826507 ], [ 13.718483, 52.826501 ], [ 13.718792, 52.826833 ], [ 13.719063, 52.826862 ], [ 13.720685, 52.826925 ], [ 13.723401, 52.826839 ], [ 13.724604, 52.826913 ], [ 13.725828, 52.82693 ], [ 13.726624, 52.826826 ], [ 13.727513, 52.826797 ], [ 13.729297, 52.826552 ], [ 13.72959, 52.826464 ], [ 13.729709, 52.826204 ], [ 13.729492, 52.825904 ], [ 13.729283, 52.825813 ], [ 13.728672, 52.825795 ], [ 13.72826, 52.82581 ], [ 13.726722, 52.826097 ], [ 13.725368, 52.82624 ], [ 13.723933, 52.826158 ], [ 13.722371, 52.826134 ], [ 13.721997, 52.826218 ], [ 13.72051, 52.82628 ], [ 13.720839, 52.826355 ] ] ] } },
{ "type": "Feature", "properties": { "boden": "60 % ziemlich arm, mäßig frisch (Z2) · 40 % ziemlich arm, mäßig frisch (Z2)" }, "geometry": { "type": "Polygon", "coordinates": [ [ [ 13.71992, 52.826319 ], [ 13.720324, 52.826432 ], [ 13.720477, 52.826566 ], [ 13.720654, 52.826613 ], [ 13.720833, 52.82657 ], [ 13.72091, 52.826463 ], [ 13.720839, 52.826355 ], [ 13.72051, 52.82628 ], [ 13.71992, 52.826319 ] ] ] } },
{ "type": "Feature", "properties": { "boden": "100 % mittel, mäßig frisch (M2)" }, "geometry": { "type": "Polygon", "coordinates": [ [ [ 13.719954, 52.826991 ], [ 13.719775, 52.827034 ], [ 13.719698, 52.827141 ], [ 13.719768, 52.827249 ], [ 13.719945, 52.827296 ], [ 13.720125, 52.827253 ], [ 13.720202, 52.827146 ], [ 13.720131, 52.827038 ], [ 13.719954, 52.826991 ] ] ] } },
{ "type": "Feature", "properties": { "boden": "100 % mittel, mäßig frisch (M2)" }, "geometry": { "type": "Polygon", "coordinates": [ [ [ 13.737453, 52.830669 ], [ 13.7379, 52.829348 ], [ 13.739174, 52.826988 ], [ 13.739644, 52.826274 ], [ 13.740122, 52.825384 ], [ 13.739744, 52.82552 ], [ 13.738658, 52.826066 ], [ 13.737599, 52.826299 ], [ 13.734001, 52.826496 ], [ 13.732485, 52.826381 ], [ 13.731542, 52.826251 ], [ 13.731129, 52.825921 ], [ 13.731117, 52.825829 ], [ 13.731218, 52.825742 ], [ 13.731366, 52.825686 ], [ 13.731603, 52.825699 ], [ 13.731614, 52.825593 ], [ 13.732198, 52.82548 ], [ 13.732208, 52.825416 ], [ 13.733049, 52.825438 ], [ 13.733071, 52.825233 ], [ 13.732877, 52.824923 ], [ 13.732996, 52.824497 ], [ 13.733113, 52.824333 ], [ 13.73311, 52.824083 ], [ 13.731781, 52.824467 ], [ 13.731745, 52.824392 ], [ 13.731732, 52.824523 ], [ 13.730639, 52.82448 ], [ 13.730083, 52.824379 ], [ 13.728017, 52.823759 ], [ 13.727045, 52.823532 ], [ 13.726236, 52.823426 ], [ 13.725376, 52.823419 ], [ 13.724664, 52.823541 ], [ 13.723666, 52.82382 ], [ 13.721302, 52.824589 ], [ 13.720697, 52.824651 ], [ 13.718508, 52.82439 ], [ 13.71746, 52.824177 ], [ 13.71608, 52.82381 ], [ 13.715802, 52.823892 ], [ 13.721446, 52.829972 ], [ 13.721633, 52.829916 ], [ 13.722006, 52.829605 ], [ 13.722275, 52.829245 ], [ 13.724394, 52.829366 ], [ 13.727017, 52.82945 ], [ 13.727812, 52.829555 ], [ 13.72812, 52.829644 ], [ 13.729729, 52.829701 ], [ 13.730012, 52.829265 ], [ 13.730247, 52.829074 ], [ 13.730479, 52.829062 ], [ 13.730462, 52.828997 ], [ 13.730613, 52.828962 ], [ 13.731011, 52.828934 ], [ 13.731321, 52.828953 ], [ 13.731789, 52.829085 ], [ 13.732252, 52.829388 ], [ 13.732402, 52.829573 ], [ 13.732524, 52.830073 ], [ 13.732255, 52.830538 ], [ 13.731944, 52.83076 ], [ 13.731167, 52.831145 ], [ 13.732264, 52.831091 ], [ 13.732272, 52.830704 ], [ 13.7339, 52.830735 ], [ 13.733917, 52.83091 ], [ 13.737241, 52.830955 ], [ 13.737453, 52.830669 ] ], [ [ 13.721603, 52.827406 ], [ 13.721883, 52.827574 ], [ 13.721953, 52.827683 ], [ 13.721876, 52.82779 ], [ 13.721697, 52.827833 ], [ 13.72152, 52.827786 ], [ 13.7211, 52.827401 ], [ 13.721177, 52.827294 ], [ 13.721356, 52.827251 ], [ 13.721533, 52.827298 ], [ 13.721603, 52.827406 ] ], [ [ 13.720915, 52.827238 ], [ 13.720838, 52.827345 ], [ 13.720659, 52.827388 ], [ 13.720482, 52.827341 ], [ 13.720412, 52.827232 ], [ 13.720488, 52.827125 ], [ 13.720668, 52.827083 ], [ 13.720845, 52.827129 ], [ 13.720915, 52.827238 ] ], [ [ 13.720202, 52.827146 ], [ 13.720125, 52.827253 ], [ 13.719945, 52.827296 ], [ 13.719768, 52.827249 ], [ 13.719698, 52.827141 ], [ 13.719775, 52.827034 ], [ 13.719954, 52.826991 ], [ 13.720131, 52.827038 ], [ 13.720202, 52.827146 ] ], [ [ 13.71992, 52.826319 ], [ 13.719413, 52.826226 ], [ 13.719342, 52.826117 ], [ 13.719419, 52.82601 ], [ 13.719598, 52.825968 ], [ 13.720092, 52.826057 ], [ 13.720269, 52.826103 ], [ 13.72051, 52.82628 ], [ 13.721997, 52.826218 ], [ 13.722371, 52.826134 ], [ 13.723933, 52.826158 ], [ 13.725368, 52.82624 ], [ 13.726722, 52.826097 ], [ 13.72826, 52.82581 ], [ 13.728672, 52.825795 ], [ 13.729283, 52.825813 ], [ 13.729492, 52.825904 ], [ 13.729709, 52.826204 ], [ 13.72959, 52.826464 ], [ 13.729297, 52.826552 ], [ 13.727513, 52.826797 ], [ 13.726624, 52.826826 ], [ 13.725828, 52.82693 ], [ 13.724604, 52.826913 ], [ 13.723401, 52.826839 ], [ 13.720685, 52.826925 ], [ 13.718792, 52.826833 ], [ 13.718483, 52.826501 ], [ 13.718613, 52.826507 ], [ 13.718621, 52.826427 ], [ 13.719005, 52.826375 ], [ 13.71992, 52.826319 ] ], [ [ 13.738668, 52.82653 ], [ 13.738761, 52.82671 ], [ 13.738685, 52.826817 ], [ 13.738505, 52.82686 ], [ 13.738329, 52.826814 ], [ 13.738258, 52.826705 ], [ 13.738398, 52.826464 ], [ 13.738341, 52.82629 ], [ 13.738418, 52.826183 ], [ 13.739239, 52.825899 ], [ 13.739416, 52.825946 ], [ 13.739487, 52.826055 ], [ 13.739253, 52.826451 ], [ 13.739073, 52.826493 ], [ 13.738762, 52.826446 ], [ 13.738668, 52.82653 ] ] ] } },
{ "type": "Feature", "properties": { "boden": "100 % mittel, mäßig frisch (M2)" }, "geometry": { "type": "Polygon", "coordinates": [ [ [ 13.720668, 52.827083 ], [ 13.720488, 52.827125 ], [ 13.720412, 52.827232 ], [ 13.720482, 52.827341 ], [ 13.720659, 52.827388 ], [ 13.720838, 52.827345 ], [ 13.720915, 52.827238 ], [ 13.720845, 52.827129 ], [ 13.720668, 52.827083 ] ] ] } },
{ "type": "Feature", "properties": { "boden": "100 % mittel, mäßig frisch (M2)" }, "geometry": { "type": "Polygon", "coordinates": [ [ [ 13.721356, 52.827251 ], [ 13.721177, 52.827294 ], [ 13.7211, 52.827401 ], [ 13.72117, 52.827509 ], [ 13.721323, 52.827577 ], [ 13.72152, 52.827786 ], [ 13.721697, 52.827833 ], [ 13.721876, 52.82779 ], [ 13.721953, 52.827683 ], [ 13.721883, 52.827574 ], [ 13.721677, 52.827478 ], [ 13.721533, 52.827298 ], [ 13.721356, 52.827251 ] ] ] } },
{ "type": "Feature", "properties": { "boden": "60 % ziemlich arm, mäßig frisch (Z2) · 40 % ziemlich arm, mäßig frisch (Z2)" }, "geometry": { "type": "Polygon", "coordinates": [ [ [ 13.731167, 52.831145 ], [ 13.731944, 52.83076 ], [ 13.732255, 52.830538 ], [ 13.732524, 52.830073 ], [ 13.732402, 52.829573 ], [ 13.732252, 52.829388 ], [ 13.731789, 52.829085 ], [ 13.731321, 52.828953 ], [ 13.730613, 52.828962 ], [ 13.730462, 52.828997 ], [ 13.730479, 52.829062 ], [ 13.730247, 52.829074 ], [ 13.730012, 52.829265 ], [ 13.729729, 52.829701 ], [ 13.72812, 52.829644 ], [ 13.727812, 52.829555 ], [ 13.727017, 52.82945 ], [ 13.724394, 52.829366 ], [ 13.722275, 52.829245 ], [ 13.722006, 52.829605 ], [ 13.721633, 52.829916 ], [ 13.721446, 52.829972 ], [ 13.721889, 52.830561 ], [ 13.722524, 52.831142 ], [ 13.7236, 52.831317 ], [ 13.724008, 52.831326 ], [ 13.724563, 52.830961 ], [ 13.724904, 52.830798 ], [ 13.725392, 52.830682 ], [ 13.728633, 52.830407 ], [ 13.72949, 52.83039 ], [ 13.730255, 52.830485 ], [ 13.730431, 52.830628 ], [ 13.730688, 52.830983 ], [ 13.731348, 52.831337 ], [ 13.731167, 52.831145 ] ], [ [ 13.722451, 52.83077 ], [ 13.722073, 52.830356 ], [ 13.722763, 52.830368 ], [ 13.722843, 52.830563 ], [ 13.722451, 52.83077 ] ] ] } },
{ "type": "Feature", "properties": { "boden": "100 % mittel, mäßig frisch (M2g)" }, "geometry": { "type": "Polygon", "coordinates": [ [ [ 13.731348, 52.831337 ], [ 13.730688, 52.830983 ], [ 13.730431, 52.830628 ], [ 13.730255, 52.830485 ], [ 13.72949, 52.83039 ], [ 13.728633, 52.830407 ], [ 13.725392, 52.830682 ], [ 13.724904, 52.830798 ], [ 13.724563, 52.830961 ], [ 13.724008, 52.831326 ], [ 13.7236, 52.831317 ], [ 13.722524, 52.831142 ], [ 13.723579, 52.832279 ], [ 13.724006, 52.83227 ], [ 13.725018, 52.831916 ], [ 13.727132, 52.831719 ], [ 13.729143, 52.83161 ], [ 13.73009, 52.831454 ], [ 13.731533, 52.831851 ], [ 13.731797, 52.831845 ], [ 13.731348, 52.831337 ] ] ] } },
{ "type": "Feature", "properties": { "boden": "100 % mittel, trocken (vermutet) (M3)" }, "geometry": { "type": "Polygon", "coordinates": [ [ [ 13.716977, 52.813212 ], [ 13.716626, 52.81308 ], [ 13.715852, 52.812989 ], [ 13.715433, 52.812793 ], [ 13.715174, 52.812733 ], [ 13.714697, 52.812798 ], [ 13.714676, 52.812907 ], [ 13.714918, 52.813204 ], [ 13.715638, 52.813239 ], [ 13.716104, 52.813325 ], [ 13.716571, 52.813449 ], [ 13.717478, 52.813813 ], [ 13.717995, 52.813913 ], [ 13.718056, 52.813817 ], [ 13.718004, 52.813738 ], [ 13.717552, 52.813561 ], [ 13.716977, 52.813212 ] ] ] } },
{ "type": "Feature", "properties": { "boden": "80 % mittel, mäßig frisch (M2g) · 20 % ziemlich arm, mäßig frisch (Z2)" }, "geometry": { "type": "Polygon", "coordinates": [ [ [ 13.716476, 52.815156 ], [ 13.715897, 52.815218 ], [ 13.714623, 52.81551 ], [ 13.712758, 52.815839 ], [ 13.712862, 52.81496 ], [ 13.712711, 52.814761 ], [ 13.712447, 52.814623 ], [ 13.711607, 52.814335 ], [ 13.711332, 52.814321 ], [ 13.711005, 52.814376 ], [ 13.710541, 52.814528 ], [ 13.710519, 52.815384 ], [ 13.708545, 52.816392 ], [ 13.711671, 52.819204 ], [ 13.712482, 52.819239 ], [ 13.714266, 52.818642 ], [ 13.717007, 52.818128 ], [ 13.717478, 52.817978 ], [ 13.717913, 52.817774 ], [ 13.718323, 52.817438 ], [ 13.718799, 52.816941 ], [ 13.719438, 52.815745 ], [ 13.719709, 52.815476 ], [ 13.720005, 52.815281 ], [ 13.716476, 52.815156 ] ] ] } },
{ "type": "Feature", "properties": { "boden": "80 % mittel, mäßig frisch (M2) · 20 % ziemlich arm, mäßig frisch (Z2)" }, "geometry": { "type": "Polygon", "coordinates": [ [ [ 13.712143, 52.819457 ], [ 13.712482, 52.819239 ], [ 13.711956, 52.819217 ], [ 13.711896, 52.819302 ], [ 13.711966, 52.81941 ], [ 13.712143, 52.819457 ] ] ] } },
{ "type": "Feature", "properties": { "boden": "80 % mittel, mäßig frisch (M2) · 20 % ziemlich arm, mäßig frisch (Z2)" }, "geometry": { "type": "Polygon", "coordinates": [ [ [ 13.712143, 52.819457 ], [ 13.711966, 52.81941 ], [ 13.711896, 52.819302 ], [ 13.711956, 52.819217 ], [ 13.711442, 52.819225 ], [ 13.71198, 52.819787 ], [ 13.712161, 52.819727 ], [ 13.712159, 52.819537 ], [ 13.712233, 52.819435 ], [ 13.712143, 52.819457 ] ] ] } },
{ "type": "Feature", "properties": { "boden": "70 % kräftig, nass (OK2) · 30 % kräftig, nass (OK3)" }, "geometry": { "type": "Polygon", "coordinates": [ [ [ 13.707197, 52.840566 ], [ 13.705681, 52.841498 ], [ 13.705384, 52.841899 ], [ 13.708566, 52.841934 ], [ 13.70835, 52.841496 ], [ 13.708174, 52.841534 ], [ 13.707842, 52.84149 ], [ 13.707634, 52.84124 ], [ 13.70768, 52.841056 ], [ 13.707604, 52.840363 ], [ 13.707197, 52.840566 ] ] ] } },
{ "type": "Feature", "properties": { "boden": "100 % mittel, mäßig frisch (M2g)" }, "geometry": { "type": "Polygon", "coordinates": [ [ [ 13.697498, 52.832 ], [ 13.696938, 52.831737 ], [ 13.695632, 52.832357 ], [ 13.695748, 52.832457 ], [ 13.695989, 52.832347 ], [ 13.696649, 52.83262 ], [ 13.697498, 52.832 ] ] ] } },
{ "type": "Feature", "properties": { "boden": "100 % mittel, mäßig frisch (M2)" }, "geometry": { "type": "Polygon", "coordinates": [ [ [ 13.703108, 52.83515 ], [ 13.703125, 52.835233 ], [ 13.703564, 52.835414 ], [ 13.70366, 52.835672 ], [ 13.703824, 52.835566 ], [ 13.704826, 52.835555 ], [ 13.705449, 52.835813 ], [ 13.705731, 52.835578 ], [ 13.70532, 52.835425 ], [ 13.705088, 52.83509 ], [ 13.706019, 52.834988 ], [ 13.70562, 52.834574 ], [ 13.704076, 52.834944 ], [ 13.70428, 52.835068 ], [ 13.704205, 52.835107 ], [ 13.703908, 52.834983 ], [ 13.703108, 52.83515 ] ] ] } },
{ "type": "Feature", "properties": { "boden": "100 % mittel, mäßig frisch (M2)" }, "geometry": { "type": "Polygon", "coordinates": [ [ [ 13.703637, 52.835687 ], [ 13.70362, 52.835488 ], [ 13.703486, 52.835356 ], [ 13.703125, 52.835233 ], [ 13.703101, 52.835147 ], [ 13.702909, 52.835202 ], [ 13.703516, 52.835523 ], [ 13.703589, 52.835665 ], [ 13.703637, 52.835687 ] ] ] } },
{ "type": "Feature", "properties": { "boden": "100 % mittel, mäßig frisch (M2)" }, "geometry": { "type": "Polygon", "coordinates": [ [ [ 13.703619, 52.835699 ], [ 13.703516, 52.835523 ], [ 13.702909, 52.835202 ], [ 13.701132, 52.83546 ], [ 13.701244, 52.835691 ], [ 13.701957, 52.835564 ], [ 13.702106, 52.835903 ], [ 13.70224, 52.836016 ], [ 13.702422, 52.836023 ], [ 13.702633, 52.835922 ], [ 13.703619, 52.835699 ] ] ] } },
{ "type": "Feature", "properties": { "boden": "100 % mittel, mäßig frisch (M2)" }, "geometry": { "type": "Polygon", "coordinates": [ [ [ 13.707604, 52.840363 ], [ 13.702772, 52.841201 ], [ 13.703202, 52.841875 ], [ 13.705384, 52.841899 ], [ 13.705681, 52.841498 ], [ 13.707197, 52.840566 ], [ 13.707604, 52.840363 ] ] ] } },
{ "type": "Feature", "properties": { "boden": "60 % ziemlich arm, mäßig frisch (Z2g) · 20 % ziemlich arm, trocken (vermutet) (Z3) · 20 % ziemlich arm, trocken (vermutet) (Z3)" }, "geometry": { "type": "Polygon", "coordinates": [ [ [ 13.675034, 52.823117 ], [ 13.674848, 52.823143 ], [ 13.675243, 52.823288 ], [ 13.675582, 52.823281 ], [ 13.675749, 52.823234 ], [ 13.675034, 52.823117 ] ] ] } },
{ "type": "Feature", "properties": { "boden": "60 % ziemlich arm, mäßig frisch (Z2g) · 20 % ziemlich arm, mäßig frisch (Z2) · 20 % ziemlich arm, mäßig frisch (Z2)" }, "geometry": { "type": "Polygon", "coordinates": [ [ [ 13.67658, 52.823096 ], [ 13.676504, 52.823202 ], [ 13.676575, 52.82331 ], [ 13.676751, 52.823357 ], [ 13.676931, 52.823314 ], [ 13.677008, 52.823207 ], [ 13.676937, 52.823099 ], [ 13.67658, 52.823096 ] ] ] } },
{ "type": "Feature", "properties": { "boden": "60 % ziemlich arm, mäßig frisch (Z2) · 20 % ziemlich arm, mäßig frisch (Z2) · 20 % mittel, mäßig frisch (M2)" }, "geometry": { "type": "Polygon", "coordinates": [ [ [ 13.668117, 52.823012 ], [ 13.667684, 52.823115 ], [ 13.667755, 52.823224 ], [ 13.667931, 52.823271 ], [ 13.668111, 52.823228 ], [ 13.668188, 52.823121 ], [ 13.668117, 52.823012 ] ] ] } },
{ "type": "Feature", "properties": { "boden": "100 % ziemlich arm, mäßig frisch (Z2g)" }, "geometry": { "type": "Polygon", "coordinates": [ [ [ 13.669856, 52.824454 ], [ 13.66969, 52.824204 ], [ 13.669491, 52.824106 ], [ 13.667856, 52.824046 ], [ 13.667216, 52.823788 ], [ 13.66716, 52.825614 ], [ 13.669856, 52.824454 ] ] ] } },
{ "type": "Feature", "properties": { "boden": "60 % ziemlich arm, mäßig frisch (Z2) · 20 % ziemlich arm, mäßig frisch (Z2) · 20 % mittel, mäßig frisch (M2)" }, "geometry": { "type": "Polygon", "coordinates": [ [ [ 13.667856, 52.824046 ], [ 13.669491, 52.824106 ], [ 13.66969, 52.824204 ], [ 13.669856, 52.824454 ], [ 13.670186, 52.824307 ], [ 13.670793, 52.82386 ], [ 13.671803, 52.823233 ], [ 13.672192, 52.823113 ], [ 13.670023, 52.822936 ], [ 13.668236, 52.823035 ], [ 13.66815, 52.822966 ], [ 13.668068, 52.822999 ], [ 13.668188, 52.823121 ], [ 13.668111, 52.823228 ], [ 13.667931, 52.823271 ], [ 13.667755, 52.823224 ], [ 13.667694, 52.823101 ], [ 13.667236, 52.823124 ], [ 13.667216, 52.823788 ], [ 13.667856, 52.824046 ] ] ] } },
{ "type": "Feature", "properties": { "boden": "60 % ziemlich arm, mäßig frisch (Z2g) · 20 % ziemlich arm, trocken (vermutet) (Z3) · 20 % ziemlich arm, trocken (vermutet) (Z3)" }, "geometry": { "type": "Polygon", "coordinates": [ [ [ 13.675393, 52.826512 ], [ 13.674897, 52.826524 ], [ 13.674624, 52.826588 ], [ 13.674847, 52.826656 ], [ 13.675629, 52.826601 ], [ 13.675587, 52.826545 ], [ 13.675393, 52.826512 ] ] ] } },
{ "type": "Feature", "properties": { "boden": "60 % ziemlich arm, mäßig frisch (Z2g) · 20 % ziemlich arm, mäßig frisch (Z2) · 20 % ziemlich arm, mäßig frisch (Z2)" }, "geometry": { "type": "Polygon", "coordinates": [ [ [ 13.667781, 52.827221 ], [ 13.667959, 52.827135 ], [ 13.669047, 52.827043 ], [ 13.669935, 52.826871 ], [ 13.670745, 52.82683 ], [ 13.671631, 52.827186 ], [ 13.67268, 52.827203 ], [ 13.674062, 52.827043 ], [ 13.675399, 52.826739 ], [ 13.676959, 52.82645 ], [ 13.678441, 52.826006 ], [ 13.679251, 52.825874 ], [ 13.680722, 52.825715 ], [ 13.680748, 52.825081 ], [ 13.680992, 52.824522 ], [ 13.680699, 52.82451 ], [ 13.680435, 52.823554 ], [ 13.680111, 52.823494 ], [ 13.680056, 52.823636 ], [ 13.679877, 52.823679 ], [ 13.6797, 52.823632 ], [ 13.67963, 52.823523 ], [ 13.679704, 52.823419 ], [ 13.679213, 52.823329 ], [ 13.679271, 52.823417 ], [ 13.679194, 52.823524 ], [ 13.679014, 52.823567 ], [ 13.678838, 52.82352 ], [ 13.678767, 52.823412 ], [ 13.678844, 52.823305 ], [ 13.678947, 52.82328 ], [ 13.678371, 52.823174 ], [ 13.678441, 52.823282 ], [ 13.678364, 52.823389 ], [ 13.678184, 52.823431 ], [ 13.678008, 52.823385 ], [ 13.677937, 52.823276 ], [ 13.678014, 52.823169 ], [ 13.67816, 52.823134 ], [ 13.677826, 52.823071 ], [ 13.676882, 52.823084 ], [ 13.677008, 52.823207 ], [ 13.676931, 52.823314 ], [ 13.676751, 52.823357 ], [ 13.676575, 52.82331 ], [ 13.676504, 52.823202 ], [ 13.67658, 52.823096 ], [ 13.676078, 52.823083 ], [ 13.675568, 52.823144 ], [ 13.675412, 52.823095 ], [ 13.675058, 52.823116 ], [ 13.675749, 52.823234 ], [ 13.675582, 52.823281 ], [ 13.675243, 52.823288 ], [ 13.674848, 52.823143 ], [ 13.674451, 52.823199 ], [ 13.673951, 52.823202 ], [ 13.673198, 52.823096 ], [ 13.672192, 52.823113 ], [ 13.671803, 52.823233 ], [ 13.670793, 52.82386 ], [ 13.670186, 52.824307 ], [ 13.66716, 52.825614 ], [ 13.66711, 52.82724 ], [ 13.667819, 52.827346 ], [ 13.667781, 52.827221 ] ], [ [ 13.675629, 52.826601 ], [ 13.674847, 52.826656 ], [ 13.674624, 52.826588 ], [ 13.674897, 52.826524 ], [ 13.675393, 52.826512 ], [ 13.675587, 52.826545 ], [ 13.675629, 52.826601 ] ] ] } },
{ "type": "Feature", "properties": { "boden": "70 % ziemlich arm, mäßig frisch (Z2g) · 30 % ziemlich arm, mäßig frisch (Z2)" }, "geometry": { "type": "Polygon", "coordinates": [ [ [ 13.680722, 52.825715 ], [ 13.678441, 52.826006 ], [ 13.676959, 52.82645 ], [ 13.675399, 52.826739 ], [ 13.674062, 52.827043 ], [ 13.67268, 52.827203 ], [ 13.670368, 52.827208 ], [ 13.669168, 52.827379 ], [ 13.66813, 52.827601 ], [ 13.668292, 52.827674 ], [ 13.668663, 52.827705 ], [ 13.669411, 52.82768 ], [ 13.669877, 52.827594 ], [ 13.669996, 52.827964 ], [ 13.670719, 52.827887 ], [ 13.670857, 52.828324 ], [ 13.671952, 52.828201 ], [ 13.671813, 52.827759 ], [ 13.672178, 52.827723 ], [ 13.672317, 52.828156 ], [ 13.674481, 52.827911 ], [ 13.674967, 52.827795 ], [ 13.674772, 52.827487 ], [ 13.675396, 52.827354 ], [ 13.675576, 52.827653 ], [ 13.676222, 52.827503 ], [ 13.676148, 52.827385 ], [ 13.679153, 52.826538 ], [ 13.678869, 52.826229 ], [ 13.68141, 52.825781 ], [ 13.683082, 52.825588 ], [ 13.682799, 52.825234 ], [ 13.680722, 52.825715 ] ] ] } },
{ "type": "Feature", "properties": { "boden": "100 % ziemlich arm, mäßig frisch (Z2)" }, "geometry": { "type": "Polygon", "coordinates": [ [ [ 13.669168, 52.827379 ], [ 13.670368, 52.827208 ], [ 13.671631, 52.827186 ], [ 13.670745, 52.82683 ], [ 13.669935, 52.826871 ], [ 13.669047, 52.827043 ], [ 13.667959, 52.827135 ], [ 13.667781, 52.827221 ], [ 13.668024, 52.827676 ], [ 13.66813, 52.827601 ], [ 13.669168, 52.827379 ] ] ] } },
{ "type": "Feature", "properties": { "boden": "100 % mittel, mäßig frisch (M2g)" }, "geometry": { "type": "Polygon", "coordinates": [ [ [ 13.669877, 52.827594 ], [ 13.669411, 52.82768 ], [ 13.668663, 52.827705 ], [ 13.668292, 52.827674 ], [ 13.66813, 52.827601 ], [ 13.667573, 52.827986 ], [ 13.667138, 52.829092 ], [ 13.667614, 52.829043 ], [ 13.668198, 52.828775 ], [ 13.668899, 52.828843 ], [ 13.669076, 52.829046 ], [ 13.670236, 52.828753 ], [ 13.669877, 52.827594 ] ] ] } },
{ "type": "Feature", "properties": { "boden": "60 % ziemlich arm, mäßig frisch (Z2g) · 20 % ziemlich arm, mäßig frisch (Z2) · 20 % ziemlich arm, mäßig frisch (Z2)" }, "geometry": { "type": "Polygon", "coordinates": [ [ [ 13.67816, 52.823134 ], [ 13.678014, 52.823169 ], [ 13.677937, 52.823276 ], [ 13.678008, 52.823385 ], [ 13.678184, 52.823431 ], [ 13.678364, 52.823389 ], [ 13.678441, 52.823282 ], [ 13.678371, 52.823174 ], [ 13.67816, 52.823134 ] ] ] } },
{ "type": "Feature", "properties": { "boden": "60 % ziemlich arm, mäßig frisch (Z2g) · 20 % ziemlich arm, mäßig frisch (Z2) · 20 % ziemlich arm, mäßig frisch (Z2)" }, "geometry": { "type": "Polygon", "coordinates": [ [ [ 13.678947, 52.82328 ], [ 13.678844, 52.823305 ], [ 13.678767, 52.823412 ], [ 13.678838, 52.82352 ], [ 13.679014, 52.823567 ], [ 13.679194, 52.823524 ], [ 13.679271, 52.823417 ], [ 13.679213, 52.823329 ], [ 13.678947, 52.82328 ] ] ] } },
{ "type": "Feature", "properties": { "boden": "60 % ziemlich arm, mäßig frisch (Z2g) · 20 % ziemlich arm, mäßig frisch (Z2) · 20 % ziemlich arm, mäßig frisch (Z2)" }, "geometry": { "type": "Polygon", "coordinates": [ [ [ 13.679704, 52.823419 ], [ 13.67963, 52.823523 ], [ 13.6797, 52.823632 ], [ 13.679877, 52.823679 ], [ 13.680056, 52.823636 ], [ 13.680111, 52.823494 ], [ 13.679704, 52.823419 ] ] ] } },
{ "type": "Feature", "properties": { "boden": "100 % mittel, mäßig frisch (M2g)" }, "geometry": { "type": "Polygon", "coordinates": [ [ [ 13.683532, 52.832218 ], [ 13.682526, 52.83232 ], [ 13.682576, 52.832752 ], [ 13.682299, 52.833306 ], [ 13.682574, 52.833309 ], [ 13.683439, 52.833175 ], [ 13.684225, 52.833445 ], [ 13.684511, 52.833362 ], [ 13.683532, 52.832218 ] ] ] } },
{ "type": "Feature", "properties": { "boden": "100 % mittel, mäßig frisch (M2g)" }, "geometry": { "type": "Polygon", "coordinates": [ [ [ 13.682873, 52.833704 ], [ 13.68197, 52.833743 ], [ 13.68224, 52.83403 ], [ 13.682733, 52.834287 ], [ 13.68303, 52.83429 ], [ 13.683811, 52.833881 ], [ 13.683813, 52.833804 ], [ 13.682873, 52.833704 ] ] ] } },
{ "type": "Feature", "properties": { "boden": "50 % ziemlich arm, mäßig frisch (Z2) · 30 % mittel, mäßig frisch (M2g) · 20 % ziemlich arm, mäßig frisch (Z2)" }, "geometry": { "type": "Polygon", "coordinates": [ [ [ 13.667046, 52.829329 ], [ 13.667573, 52.827986 ], [ 13.668024, 52.827676 ], [ 13.667819, 52.827346 ], [ 13.66711, 52.82724 ], [ 13.667046, 52.829329 ] ] ] } },
{ "type": "Feature", "properties": { "boden": "40 % mittel, frisch (M1) · 40 % mittel, mäßig frisch (M2g) · 20 % ziemlich arm, mäßig frisch (Z2g)" }, "geometry": { "type": "Polygon", "coordinates": [ [ [ 13.673384, 52.832952 ], [ 13.67331, 52.831715 ], [ 13.672399, 52.832016 ], [ 13.672401, 52.83267 ], [ 13.673384, 52.832952 ] ] ] } },
{ "type": "Feature", "properties": { "boden": "100 % mittel, mäßig frisch (M2g)" }, "geometry": { "type": "Polygon", "coordinates": [ [ [ 13.672156, 52.832857 ], [ 13.671674, 52.833064 ], [ 13.671482, 52.832632 ], [ 13.671165, 52.832747 ], [ 13.670546, 52.832796 ], [ 13.670757, 52.833458 ], [ 13.671345, 52.833203 ], [ 13.67168, 52.833476 ], [ 13.672158, 52.833378 ], [ 13.672156, 52.832857 ] ] ] } },
{ "type": "Feature", "properties": { "boden": "40 % mittel, frisch (M1) · 40 % mittel, mäßig frisch (M2g) · 20 % ziemlich arm, mäßig frisch (Z2g)" }, "geometry": { "type": "Polygon", "coordinates": [ [ [ 13.675987, 52.8335 ], [ 13.674992, 52.833306 ], [ 13.674976, 52.833585 ], [ 13.675734, 52.833535 ], [ 13.675826, 52.833601 ], [ 13.675932, 52.833575 ], [ 13.675987, 52.8335 ] ] ] } },
{ "type": "Feature", "properties": { "boden": "40 % mittel, frisch (M1) · 40 % mittel, mäßig frisch (M2g) · 20 % ziemlich arm, mäßig frisch (Z2g)" }, "geometry": { "type": "Polygon", "coordinates": [ [ [ 13.675932, 52.833575 ], [ 13.675826, 52.833601 ], [ 13.676215, 52.83388 ], [ 13.676297, 52.833562 ], [ 13.675987, 52.8335 ], [ 13.675932, 52.833575 ] ] ] } },
{ "type": "Feature", "properties": { "boden": "100 % mittel, mäßig frisch (M2g)" }, "geometry": { "type": "Polygon", "coordinates": [ [ [ 13.691443, 52.830967 ], [ 13.691309, 52.831006 ], [ 13.691714, 52.831469 ], [ 13.692806, 52.831072 ], [ 13.691443, 52.830967 ] ] ] } },
{ "type": "Feature", "properties": { "boden": "100 % mittel, mäßig frisch (M2g)" }, "geometry": { "type": "Polygon", "coordinates": [ [ [ 13.69021, 52.832968 ], [ 13.691975, 52.833162 ], [ 13.691989, 52.832703 ], [ 13.692586, 52.832463 ], [ 13.693004, 52.832634 ], [ 13.693889, 52.83169 ], [ 13.694208, 52.831573 ], [ 13.69385, 52.83116 ], [ 13.693757, 52.831145 ], [ 13.692044, 52.831845 ], [ 13.69208, 52.831886 ], [ 13.690898, 52.832332 ], [ 13.69115, 52.83246 ], [ 13.69021, 52.832968 ] ] ] } },
{ "type": "Feature", "properties": { "boden": "100 % ziemlich arm, mäßig frisch (Z2)" }, "geometry": { "type": "Polygon", "coordinates": [ [ [ 13.691975, 52.833162 ], [ 13.69021, 52.832968 ], [ 13.689519, 52.833238 ], [ 13.689059, 52.83348 ], [ 13.688913, 52.833411 ], [ 13.688266, 52.833813 ], [ 13.688428, 52.833981 ], [ 13.688847, 52.834004 ], [ 13.690519, 52.833433 ], [ 13.690678, 52.833601 ], [ 13.68872, 52.834277 ], [ 13.688789, 52.834556 ], [ 13.688253, 52.834752 ], [ 13.688983, 52.835538 ], [ 13.691093, 52.833988 ], [ 13.69194, 52.833224 ], [ 13.691863, 52.833192 ], [ 13.691975, 52.833162 ] ] ] } },
{ "type": "Feature", "properties": { "boden": "100 % mittel, mäßig frisch (M2g)" }, "geometry": { "type": "Polygon", "coordinates": [ [ [ 13.699239, 52.836581 ], [ 13.699306, 52.836321 ], [ 13.699093, 52.836148 ], [ 13.698895, 52.835796 ], [ 13.69816, 52.835927 ], [ 13.698029, 52.836092 ], [ 13.697837, 52.836067 ], [ 13.697907, 52.835839 ], [ 13.697293, 52.835135 ], [ 13.696539, 52.835428 ], [ 13.695849, 52.835286 ], [ 13.69579, 52.83551 ], [ 13.695324, 52.83559 ], [ 13.696492, 52.836115 ], [ 13.696642, 52.836256 ], [ 13.695331, 52.836506 ], [ 13.695196, 52.836398 ], [ 13.694979, 52.836436 ], [ 13.69421, 52.83658 ], [ 13.694368, 52.836673 ], [ 13.69364, 52.836772 ], [ 13.690654, 52.837341 ], [ 13.69132, 52.837546 ], [ 13.692115, 52.837384 ], [ 13.692646, 52.837147 ], [ 13.693301, 52.837325 ], [ 13.694084, 52.837199 ], [ 13.694588, 52.837218 ], [ 13.694695, 52.837129 ], [ 13.695515, 52.837125 ], [ 13.696445, 52.837315 ], [ 13.696667, 52.837825 ], [ 13.696916, 52.837927 ], [ 13.696722, 52.838487 ], [ 13.70002, 52.837772 ], [ 13.699239, 52.836581 ] ] ] } },
{ "type": "Feature", "properties": { "boden": "100 % mittel, mäßig frisch (M2g)" }, "geometry": { "type": "Polygon", "coordinates": [ [ [ 13.695275, 52.838332 ], [ 13.695649, 52.838003 ], [ 13.695227, 52.837814 ], [ 13.694814, 52.837747 ], [ 13.694283, 52.838478 ], [ 13.69464, 52.83859 ], [ 13.695067, 52.838585 ], [ 13.695019, 52.838845 ], [ 13.69598, 52.839262 ], [ 13.69634, 52.838982 ], [ 13.695275, 52.838332 ] ] ] } }
]
}
