{"type":"FeatureCollection","features":[{"type":"Feature","properties":{"art":"pfad"},"geometry":{"type":"LineString","coordinates":[[13.82291,52.79145],[13.82257,52.79234],[13.82126,52.79476],[13.82013,52.79715],[13.81986,52.7981]]}},{"type":"Feature","properties":{"art":"weg"},"geometry":{"type":"LineString","coordinates":[[13.81976,52.81659],[13.82025,52.81735],[13.82065,52.818],[13.82071,52.81824],[13.82073,52.81845]]}},{"type":"Feature","properties":{"art":"pfad"},"geometry":{"type":"LineString","coordinates":[[13.82073,52.81845],[13.82074,52.81848]]}},{"type":"Feature","properties":{"art":"pfad"},"geometry":{"type":"LineString","coordinates":[[13.82063,52.82173],[13.82063,52.82173],[13.82045,52.82185],[13.82023,52.82211]]}},{"type":"Feature","properties":{"art":"pfad"},"geometry":{"type":"LineString","coordinates":[[13.82023,52.82211],[13.82021,52.82229]]}},{"type":"Feature","properties":{"art":"pfad"},"geometry":{"type":"LineString","coordinates":[[13.82104,52.82218],[13.821,52.82222],[13.82088,52.82234]]}},{"type":"Feature","properties":{"art":"pfad"},"geometry":{"type":"LineString","coordinates":[[13.82074,52.82245],[13.82063,52.82246],[13.82021,52.82229]]}},{"type":"Feature","properties":{"art":"pfad"},"geometry":{"type":"LineString","coordinates":[[13.82088,52.82234],[13.82086,52.82237],[13.82074,52.82245]]}},{"type":"Feature","properties":{"art":"pfad"},"geometry":{"type":"LineString","coordinates":[[13.82107,52.82319],[13.82113,52.8231],[13.82105,52.823],[13.82101,52.82286],[13.82094,52.82273],[13.82087,52.82262],[13.82074,52.82245]]}},{"type":"Feature","properties":{"art":"pfad"},"geometry":{"type":"LineString","coordinates":[[13.82107,52.82319],[13.82106,52.82347],[13.82092,52.82377],[13.82075,52.82395],[13.82067,52.82418],[13.82062,52.8243],[13.82056,52.82448],[13.82032,52.8249],[13.82026,52.82515],[13.82031,52.82537],[13.82026,52.82565],[13.82014,52.82583],[13.82002,52.82591],[13.81994,52.82605]]}},{"type":"Feature","properties":{"art":"weg"},"geometry":{"type":"LineString","coordinates":[[13.81986,52.7981],[13.81978,52.79837],[13.81953,52.79954],[13.81959,52.80042],[13.82068,52.80243],[13.82129,52.80432],[13.82145,52.80511],[13.82144,52.80519],[13.82138,52.8056],[13.82137,52.80579],[13.8213,52.80695],[13.82103,52.8078],[13.82084,52.80805],[13.81988,52.80932],[13.81927,52.80998],[13.81884,52.81046],[13.81864,52.81097],[13.81824,52.81227],[13.81823,52.81256]]}},{"type":"Feature","properties":{"art":"weg"},"geometry":{"type":"LineString","coordinates":[[13.81795,52.81362],[13.81838,52.81425],[13.81936,52.81568],[13.81976,52.81659]]}},{"type":"Feature","properties":{"art":"pfad"},"geometry":{"type":"LineString","coordinates":[[13.81852,52.81949],[13.81852,52.81931]]}},{"type":"Feature","properties":{"art":"pfad"},"geometry":{"type":"LineString","coordinates":[[13.81849,52.81871],[13.81849,52.81862],[13.81863,52.81856],[13.81887,52.81859],[13.81919,52.81861]]}},{"type":"Feature","properties":{"art":"pfad"},"geometry":{"type":"LineString","coordinates":[[13.81931,52.8186],[13.82054,52.81844],[13.82073,52.81845]]}},{"type":"Feature","properties":{"art":"weg"},"geometry":{"type":"LineString","coordinates":[[13.81867,52.82037],[13.81915,52.82035]]}},{"type":"Feature","properties":{"art":"weg"},"geometry":{"type":"LineString","coordinates":[[13.81605,52.82041],[13.81629,52.82041],[13.81685,52.82039],[13.81748,52.82039],[13.81856,52.82038],[13.81867,52.82037],[13.81912,52.82064],[13.81946,52.82089],[13.81966,52.82094],[13.8197,52.82093]]}},{"type":"Feature","properties":{"art":"pfad"},"geometry":{"type":"LineString","coordinates":[[13.81966,52.82094],[13.81935,52.82102],[13.81922,52.82102],[13.81875,52.82135],[13.81867,52.8214],[13.81863,52.82141],[13.81844,52.82145],[13.81836,52.82145],[13.81816,52.82141]]}},{"type":"Feature","properties":{"art":"pfad"},"geometry":{"type":"LineString","coordinates":[[13.81751,52.82311],[13.818,52.82311],[13.81868,52.82313],[13.81889,52.82315],[13.81935,52.82317],[13.81977,52.82317],[13.82017,52.82319],[13.82055,52.82318],[13.82081,52.8232],[13.82107,52.82319]]}},{"type":"Feature","properties":{"art":"pfad"},"geometry":{"type":"LineString","coordinates":[[13.82082,52.82428],[13.82076,52.8243],[13.82066,52.82431],[13.82062,52.8243],[13.82026,52.82425],[13.82013,52.82423],[13.81988,52.82417],[13.81974,52.82416],[13.81968,52.82418],[13.81956,52.82431],[13.81946,52.82436],[13.81885,52.82452],[13.81796,52.82481],[13.81721,52.82502],[13.81647,52.82527]]}},{"type":"Feature","properties":{"art":"pfad"},"geometry":{"type":"LineString","coordinates":[[13.81893,52.82627],[13.8191,52.82621],[13.81934,52.82618],[13.81957,52.82613],[13.81973,52.82609],[13.81984,52.82608]]}},{"type":"Feature","properties":{"art":"pfad"},"geometry":{"type":"LineString","coordinates":[[13.81863,52.82638],[13.81868,52.82637],[13.81876,52.82635],[13.81893,52.82637],[13.81917,52.82641],[13.81934,52.82646],[13.81949,52.82649]]}},{"type":"Feature","properties":{"art":"pfad"},"geometry":{"type":"LineString","coordinates":[[13.82137,52.80579],[13.82085,52.80574],[13.82029,52.80569],[13.81996,52.80569],[13.81952,52.80586],[13.81919,52.80598],[13.81879,52.80621],[13.8183,52.80621],[13.81786,52.80622],[13.81754,52.80624],[13.81687,52.80635],[13.81654,52.80644],[13.81633,52.80644],[13.81595,52.80655],[13.81574,52.80657],[13.81563,52.80665],[13.81533,52.80669],[13.81526,52.80712],[13.81525,52.80755],[13.81512,52.80798],[13.8151,52.80831],[13.81504,52.80859],[13.81505,52.80869],[13.81493,52.80884],[13.81488,52.80919],[13.81478,52.80941],[13.81476,52.80955],[13.81474,52.80971],[13.81469,52.80999],[13.81464,52.81024],[13.81461,52.81064],[13.81458,52.81096],[13.81451,52.81132],[13.81434,52.81239]]}},{"type":"Feature","properties":{"art":"weg"},"geometry":{"type":"LineString","coordinates":[[13.83347,52.81331],[13.83156,52.81315],[13.83027,52.81306],[13.8288,52.81297],[13.82632,52.81285],[13.82363,52.81289],[13.82341,52.81291],[13.8229,52.81286],[13.82184,52.81272],[13.82028,52.81265],[13.81823,52.81256],[13.81612,52.81248],[13.81434,52.81239],[13.80883,52.81214],[13.80567,52.81199],[13.80327,52.81181]]}},{"type":"Feature","properties":{"art":"weg"},"geometry":{"type":"LineString","coordinates":[[13.81823,52.81256],[13.81795,52.81362]]}},{"type":"Feature","properties":{"art":"weg"},"geometry":{"type":"LineString","coordinates":[[13.81595,52.81701],[13.81622,52.81687],[13.8165,52.81673],[13.81688,52.81662],[13.81733,52.81656],[13.81788,52.81652],[13.81836,52.81644],[13.8186,52.81632],[13.81882,52.81628],[13.81923,52.81642],[13.81951,52.81653],[13.81976,52.81659]]}},{"type":"Feature","properties":{"art":"pfad"},"geometry":{"type":"LineString","coordinates":[[13.81695,52.81848],[13.8173,52.81842],[13.81767,52.81834],[13.8181,52.81827]]}},{"type":"Feature","properties":{"art":"pfad"},"geometry":{"type":"LineString","coordinates":[[13.81856,52.82038],[13.81856,52.82009],[13.81855,52.81979],[13.81852,52.81949]]}},{"type":"Feature","properties":{"art":"pfad"},"geometry":{"type":"LineString","coordinates":[[13.82021,52.82229],[13.82001,52.82218],[13.81968,52.82209],[13.81944,52.82199],[13.81918,52.82198],[13.8191,52.8219],[13.81877,52.82179],[13.81847,52.82163],[13.81843,52.82153],[13.81816,52.82141],[13.81805,52.82135],[13.81752,52.82117],[13.81719,52.82104],[13.81702,52.82092],[13.81683,52.82082],[13.81653,52.82067],[13.81625,52.82051],[13.81605,52.82041]]}},{"type":"Feature","properties":{"art":"pfad"},"geometry":{"type":"LineString","coordinates":[[13.82021,52.82229],[13.81986,52.82233],[13.81964,52.82241],[13.81922,52.82248],[13.81898,52.82257],[13.81885,52.82264],[13.81823,52.82284],[13.81813,52.82283],[13.81804,52.82283],[13.81788,52.82287],[13.81751,52.82311],[13.81722,52.82311],[13.81706,52.82311],[13.81668,52.8231],[13.81619,52.82309]]}},{"type":"Feature","properties":{"art":"pfad"},"geometry":{"type":"LineString","coordinates":[[13.81706,52.82311],[13.81729,52.82325],[13.81816,52.82357],[13.81884,52.82372],[13.81901,52.82378],[13.8193,52.82398],[13.81946,52.82407],[13.81968,52.82418]]}},{"type":"Feature","properties":{"art":"pfad"},"geometry":{"type":"LineString","coordinates":[[13.81893,52.82627],[13.81876,52.82635],[13.81844,52.82624],[13.81809,52.82616],[13.81772,52.82606]]}},{"type":"Feature","properties":{"art":"pfad"},"geometry":{"type":"LineString","coordinates":[[13.81715,52.82652],[13.81731,52.82655],[13.81745,52.82658],[13.81761,52.8267],[13.81773,52.82682]]}},{"type":"Feature","properties":{"art":"pfad"},"geometry":{"type":"LineString","coordinates":[[13.81805,52.82702],[13.8181,52.82691],[13.8181,52.82681],[13.81806,52.82671],[13.81804,52.82668],[13.81822,52.82664],[13.81833,52.8266],[13.81845,52.82648],[13.81863,52.82638],[13.81832,52.8264],[13.81804,52.82642],[13.81776,52.82644],[13.81743,52.82648],[13.81715,52.82652]]}},{"type":"Feature","properties":{"art":"pfad"},"geometry":{"type":"LineString","coordinates":[[13.81773,52.82682],[13.81805,52.82702],[13.8186,52.82732]]}},{"type":"Feature","properties":{"art":"strasse"},"geometry":{"type":"LineString","coordinates":[[13.81597,52.82839],[13.81617,52.8283],[13.8166,52.82815],[13.81706,52.82803],[13.8177,52.82785],[13.81805,52.8277],[13.81827,52.82758],[13.81842,52.82749],[13.8186,52.82732],[13.81878,52.82715],[13.81933,52.82662],[13.81949,52.82649],[13.81964,52.8264],[13.81975,52.82637],[13.81989,52.82633],[13.82008,52.82633],[13.82023,52.82633],[13.82036,52.82635],[13.82051,52.82638]]}},{"type":"Feature","properties":{"art":"pfad"},"geometry":{"type":"LineString","coordinates":[[13.81844,52.82783],[13.81841,52.82775],[13.81837,52.82763]]}},{"type":"Feature","properties":{"art":"pfad"},"geometry":{"type":"LineString","coordinates":[[13.81597,52.82839],[13.81619,52.82839],[13.81651,52.8283],[13.81719,52.82811],[13.81727,52.82803],[13.8177,52.82791],[13.818,52.8278],[13.81818,52.82771],[13.81837,52.82763],[13.8187,52.82747]]}},{"type":"Feature","properties":{"art":"pfad"},"geometry":{"type":"LineString","coordinates":[[13.81984,52.82608],[13.81994,52.82605],[13.82017,52.82599],[13.82057,52.82589],[13.82106,52.82572],[13.82146,52.82563],[13.82165,52.82557],[13.82165,52.82571],[13.8217,52.82586],[13.82174,52.826],[13.82177,52.82615],[13.82173,52.82634],[13.8216,52.82649],[13.82152,52.8266]]}},{"type":"Feature","properties":{"art":"strasse"},"geometry":{"type":"LineString","coordinates":[[13.82088,52.82646],[13.82086,52.82651],[13.82078,52.82663]]}},{"type":"Feature","properties":{"art":"pfad"},"geometry":{"type":"LineString","coordinates":[[13.81975,52.82665],[13.81981,52.82669]]}},{"type":"Feature","properties":{"art":"pfad"},"geometry":{"type":"LineString","coordinates":[[13.82048,52.82643],[13.82027,52.82654],[13.82005,52.82657],[13.81981,52.82669],[13.81936,52.82697],[13.81926,52.82706],[13.8191,52.82727],[13.81903,52.82737]]}},{"type":"Feature","properties":{"art":"strasse"},"geometry":{"type":"LineString","coordinates":[[13.82113,52.82694],[13.82139,52.82664],[13.8214,52.82663]]}},{"type":"Feature","properties":{"art":"pfad"},"geometry":{"type":"LineString","coordinates":[[13.8191,52.82727],[13.81878,52.82715]]}},{"type":"Feature","properties":{"art":"pfad"},"geometry":{"type":"LineString","coordinates":[[13.8187,52.82747],[13.8186,52.82732]]}},{"type":"Feature","properties":{"art":"pfad"},"geometry":{"type":"LineString","coordinates":[[13.81903,52.82737],[13.8187,52.82747]]}},{"type":"Feature","properties":{"art":"pfad"},"geometry":{"type":"LineString","coordinates":[[13.8188,52.82768],[13.81903,52.82737]]}},{"type":"Feature","properties":{"art":"pfad"},"geometry":{"type":"LineString","coordinates":[[13.8188,52.82768],[13.81877,52.82768],[13.81874,52.82768],[13.81871,52.82769],[13.81869,52.8277],[13.81868,52.82772],[13.81868,52.82773],[13.81869,52.82775],[13.81871,52.82777],[13.81873,52.82778]]}},{"type":"Feature","properties":{"art":"pfad"},"geometry":{"type":"LineString","coordinates":[[13.81873,52.82778],[13.81875,52.82778],[13.81878,52.82778],[13.81881,52.82777],[13.81883,52.82776],[13.81884,52.82775],[13.81885,52.82774],[13.81885,52.82772],[13.81884,52.8277],[13.81882,52.82769],[13.8188,52.82768]]}},{"type":"Feature","properties":{"art":"pfad"},"geometry":{"type":"LineString","coordinates":[[13.81867,52.82786],[13.81873,52.82778]]}},{"type":"Feature","properties":{"art":"pfad"},"geometry":{"type":"LineString","coordinates":[[13.81885,52.82774],[13.81887,52.82775]]}},{"type":"Feature","properties":{"art":"pfad"},"geometry":{"type":"LineString","coordinates":[[13.81814,52.82814],[13.81814,52.8281],[13.8182,52.828],[13.81831,52.8279],[13.81844,52.82783],[13.81856,52.82783],[13.81867,52.82786]]}},{"type":"Feature","properties":{"art":"pfad"},"geometry":{"type":"LineString","coordinates":[[13.81109,52.79741],[13.80858,52.79726],[13.8056,52.79719]]}},{"type":"Feature","properties":{"art":"weg"},"geometry":{"type":"LineString","coordinates":[[13.81959,52.80042],[13.81838,52.80037],[13.8179,52.80029],[13.81685,52.8005],[13.81492,52.80069],[13.81383,52.80075],[13.81283,52.80078],[13.81201,52.80086],[13.81128,52.80081],[13.80965,52.8009],[13.8086,52.80093],[13.80772,52.80101],[13.80752,52.80097],[13.80724,52.80059],[13.80679,52.80023],[13.80657,52.79974],[13.80596,52.7995],[13.8052,52.79938],[13.80451,52.79931],[13.80343,52.79935]]}},{"type":"Feature","properties":{"art":"pfad"},"geometry":{"type":"LineString","coordinates":[[13.80237,52.80411],[13.80453,52.80427],[13.8066,52.80435],[13.80841,52.80451],[13.81228,52.8047],[13.81415,52.80482],[13.81508,52.80464],[13.81637,52.80471],[13.81824,52.8045],[13.82129,52.80432]]}},{"type":"Feature","properties":{"art":"pfad"},"geometry":{"type":"LineString","coordinates":[[13.81533,52.80669],[13.8143,52.8061],[13.81316,52.80578],[13.81172,52.80584],[13.80994,52.80575],[13.80715,52.80532],[13.80448,52.80468]]}},{"type":"Feature","properties":{"art":"weg"},"geometry":{"type":"LineString","coordinates":[[13.8043,52.80618],[13.80444,52.80625],[13.80517,52.80664],[13.80587,52.80691],[13.80749,52.80747],[13.81082,52.80868],[13.81151,52.80905],[13.81324,52.81026],[13.81422,52.81108],[13.81451,52.81132],[13.81526,52.81189],[13.81612,52.81248],[13.81767,52.81344],[13.81795,52.81362]]}},{"type":"Feature","properties":{"art":"weg"},"geometry":{"type":"LineString","coordinates":[[13.81394,52.81435],[13.81367,52.81423],[13.81348,52.81414],[13.81337,52.8141],[13.81302,52.81389],[13.81276,52.81379],[13.81252,52.81371],[13.81223,52.81355],[13.8119,52.81349],[13.81162,52.81343],[13.8115,52.8134],[13.81134,52.81337],[13.81096,52.81327],[13.81073,52.81322],[13.81048,52.81323],[13.81013,52.81315],[13.8097,52.81316],[13.80927,52.81311],[13.80877,52.81307],[13.80858,52.81302],[13.80827,52.81296],[13.8076,52.8129],[13.80736,52.81292],[13.80643,52.81299],[13.80603,52.813],[13.80551,52.81301],[13.80506,52.81298],[13.80471,52.81295],[13.80419,52.81289],[13.80361,52.81282],[13.80335,52.81278],[13.80314,52.81276]]}},{"type":"Feature","properties":{"art":"weg"},"geometry":{"type":"LineString","coordinates":[[13.8115,52.8134],[13.81138,52.8136],[13.8112,52.81382],[13.81112,52.81398],[13.81097,52.81411],[13.81105,52.81452],[13.81117,52.81483],[13.81126,52.81502],[13.81139,52.81522],[13.81145,52.81531],[13.81148,52.81536],[13.81149,52.81547],[13.81142,52.8157],[13.81135,52.81588]]}},{"type":"Feature","properties":{"art":"weg"},"geometry":{"type":"LineString","coordinates":[[13.81293,52.81899],[13.81258,52.81879],[13.81196,52.8184],[13.81164,52.81826],[13.80961,52.81731],[13.80799,52.81636],[13.80669,52.81597],[13.80618,52.81574],[13.80585,52.81564],[13.80509,52.81549],[13.80469,52.81536],[13.8043,52.81513],[13.80393,52.81483],[13.80313,52.81405],[13.80295,52.81391],[13.80248,52.81377],[13.80165,52.81364],[13.80095,52.81334],[13.80075,52.81315],[13.79894,52.81249],[13.79791,52.8119],[13.79712,52.81145],[13.79709,52.81136]]}},{"type":"Feature","properties":{"art":"weg"},"geometry":{"type":"LineString","coordinates":[[13.81148,52.81536],[13.81135,52.81541],[13.81118,52.81541],[13.81102,52.81538],[13.81097,52.81531],[13.81102,52.81527],[13.81111,52.81522],[13.81119,52.81522],[13.81139,52.81522]]}},{"type":"Feature","properties":{"art":"weg"},"geometry":{"type":"LineString","coordinates":[[13.81164,52.81826],[13.8102,52.81816],[13.80773,52.81834],[13.80723,52.81844],[13.80673,52.81865],[13.80625,52.81879],[13.80528,52.81894],[13.80477,52.81915],[13.80428,52.81933],[13.8037,52.8195]]}},{"type":"Feature","properties":{"art":"pfad"},"geometry":{"type":"LineString","coordinates":[[13.82013,52.79715],[13.81942,52.7973],[13.8179,52.79734],[13.81652,52.79764],[13.81572,52.7978],[13.81509,52.7978],[13.81413,52.79762],[13.81283,52.79753],[13.81109,52.79741],[13.81069,52.79726],[13.81029,52.79708],[13.80898,52.79644],[13.80855,52.79616],[13.80813,52.79577]]}},{"type":"Feature","properties":{"art":"pfad"},"geometry":{"type":"LineString","coordinates":[[13.81283,52.79753],[13.81402,52.79845],[13.81454,52.79954],[13.81492,52.80069]]}},{"type":"Feature","properties":{"art":"pfad"},"geometry":{"type":"LineString","coordinates":[[13.80752,52.80097],[13.80866,52.80153],[13.81095,52.80235],[13.81282,52.80309],[13.81449,52.80344],[13.81604,52.80367],[13.81739,52.8035],[13.81876,52.80395],[13.81948,52.80417],[13.82071,52.80415],[13.82129,52.80432]]}},{"type":"Feature","properties":{"art":"weg"},"geometry":{"type":"LineString","coordinates":[[13.81434,52.81239],[13.81402,52.81392],[13.81394,52.81435],[13.81355,52.81649],[13.81341,52.81768],[13.81331,52.81812],[13.81324,52.81828],[13.81293,52.81899]]}},{"type":"Feature","properties":{"art":"weg"},"geometry":{"type":"LineString","coordinates":[[13.81595,52.81701],[13.81557,52.81721],[13.81517,52.81743],[13.81468,52.81764],[13.81412,52.81785],[13.81371,52.81806],[13.81324,52.81828]]}},{"type":"Feature","properties":{"art":"weg"},"geometry":{"type":"LineString","coordinates":[[13.81293,52.81899],[13.81433,52.81962],[13.81459,52.81973],[13.81534,52.82008],[13.81557,52.82015],[13.81573,52.82025],[13.81603,52.82034],[13.81605,52.82041]]}},{"type":"Feature","properties":{"art":"pfad"},"geometry":{"type":"LineString","coordinates":[[13.81458,52.82511],[13.81506,52.82482],[13.81522,52.82474],[13.81553,52.82447],[13.81544,52.82441],[13.81547,52.82375],[13.81551,52.82307],[13.81557,52.82206],[13.81563,52.82167],[13.81561,52.8212],[13.81565,52.82098],[13.81569,52.82073],[13.81569,52.82049]]}},{"type":"Feature","properties":{"art":"pfad"},"geometry":{"type":"LineString","coordinates":[[13.81619,52.82309],[13.816,52.82311],[13.81572,52.82309],[13.81551,52.82307],[13.81536,52.82306],[13.81522,52.82306],[13.81506,52.82319],[13.81485,52.82334],[13.81482,52.82347],[13.81467,52.82363],[13.81434,52.8238],[13.81413,52.82399],[13.81398,52.82408],[13.8137,52.82425],[13.8135,52.82438],[13.81328,52.82441],[13.81311,52.82442],[13.81277,52.82447],[13.81264,52.82451],[13.81256,52.8246]]}},{"type":"Feature","properties":{"art":"pfad"},"geometry":{"type":"LineString","coordinates":[[13.81256,52.82584],[13.81264,52.82589],[13.81268,52.8259],[13.81271,52.8259],[13.81278,52.82593],[13.81288,52.82594],[13.81292,52.82597],[13.81301,52.82599],[13.81309,52.82601],[13.81314,52.826],[13.81323,52.82602],[13.81332,52.82604],[13.81348,52.82605],[13.81358,52.82609],[13.81368,52.82612],[13.81376,52.82616],[13.81384,52.82618],[13.81392,52.82621],[13.81398,52.82622],[13.81411,52.82627],[13.81424,52.82632],[13.81437,52.82638],[13.81455,52.82647],[13.81461,52.82652],[13.8148,52.82655],[13.81496,52.82659],[13.81508,52.82664],[13.81551,52.82661],[13.81577,52.8266],[13.81613,52.82657],[13.81646,52.82655]]}},{"type":"Feature","properties":{"art":"pfad"},"geometry":{"type":"LineString","coordinates":[[13.81508,52.82664],[13.8147,52.82667],[13.81417,52.8267],[13.81374,52.8267],[13.81347,52.82673],[13.81311,52.82673],[13.8126,52.82673],[13.81227,52.82671],[13.81198,52.82668],[13.81176,52.82664],[13.81161,52.82662],[13.81144,52.82659],[13.81114,52.82653]]}},{"type":"Feature","properties":{"art":"weg"},"geometry":{"type":"LineString","coordinates":[[13.81882,52.81628],[13.8185,52.81613],[13.8181,52.81592],[13.8177,52.81573],[13.81723,52.81551],[13.81661,52.81527],[13.81614,52.81508],[13.8156,52.81493],[13.81499,52.81481],[13.81457,52.81467],[13.81424,52.81452],[13.81408,52.81444],[13.81394,52.81435]]}},{"type":"Feature","properties":{"art":"pfad"},"geometry":{"type":"LineString","coordinates":[[13.81849,52.81862],[13.81822,52.81838],[13.81817,52.8183],[13.8181,52.81827],[13.81792,52.81819],[13.81768,52.81806],[13.81744,52.81787],[13.8172,52.81768],[13.81711,52.8176],[13.81679,52.81752],[13.81649,52.81745],[13.81633,52.8174],[13.81619,52.81725],[13.81605,52.81708],[13.81595,52.81701]]}},{"type":"Feature","properties":{"art":"pfad"},"geometry":{"type":"LineString","coordinates":[[13.81629,52.82041],[13.81631,52.82027],[13.81645,52.82012],[13.81654,52.81985],[13.81659,52.8197],[13.81677,52.81952],[13.81688,52.81919],[13.81695,52.81883],[13.817,52.81856],[13.81695,52.81848],[13.81678,52.81846],[13.81654,52.81852],[13.81618,52.81852],[13.81598,52.81857],[13.81582,52.81857],[13.81566,52.81861],[13.81562,52.81874],[13.81566,52.81896],[13.81567,52.81915],[13.81562,52.8194],[13.81559,52.81978],[13.81556,52.82002],[13.81557,52.82015]]}},{"type":"Feature","properties":{"art":"pfad"},"geometry":{"type":"LineString","coordinates":[[13.81605,52.82041],[13.816,52.82072],[13.81621,52.82138],[13.81591,52.82212],[13.81614,52.82261],[13.81621,52.82298],[13.81619,52.82309]]}},{"type":"Feature","properties":{"art":"pfad"},"geometry":{"type":"LineString","coordinates":[[13.81619,52.82309],[13.81619,52.8232],[13.81625,52.82341],[13.81635,52.82369],[13.81641,52.8241],[13.81641,52.82421],[13.81643,52.82454],[13.81644,52.82483],[13.81647,52.82519],[13.81647,52.82527],[13.81645,52.82564],[13.81658,52.8258],[13.81637,52.82573],[13.81522,52.82526]]}},{"type":"Feature","properties":{"art":"weg"},"geometry":{"type":"LineString","coordinates":[[13.81933,52.82662],[13.81863,52.82638],[13.81772,52.82606],[13.81712,52.82585],[13.81645,52.82564],[13.81522,52.82526],[13.81486,52.82516],[13.81458,52.82511],[13.81418,52.82503],[13.81373,52.82495],[13.81336,52.82485],[13.81256,52.8246]]}},{"type":"Feature","properties":{"art":"weg"},"geometry":{"type":"LineString","coordinates":[[13.81658,52.8258],[13.81665,52.82584],[13.81671,52.82589]]}},{"type":"Feature","properties":{"art":"pfad"},"geometry":{"type":"LineString","coordinates":[[13.81671,52.82589],[13.81712,52.82585]]}},{"type":"Feature","properties":{"art":"pfad"},"geometry":{"type":"LineString","coordinates":[[13.81686,52.82623],[13.81678,52.82616],[13.81677,52.82604],[13.81671,52.82589]]}},{"type":"Feature","properties":{"art":"pfad"},"geometry":{"type":"LineString","coordinates":[[13.81675,52.82644],[13.81682,52.82637],[13.81684,52.82629],[13.81686,52.82623],[13.81694,52.8263],[13.81703,52.82639],[13.81712,52.82646],[13.81715,52.82652],[13.81703,52.82652],[13.81689,52.82652],[13.81675,52.82644]]}},{"type":"Feature","properties":{"art":"weg"},"geometry":{"type":"LineString","coordinates":[[13.80749,52.81971],[13.80809,52.81976],[13.80884,52.81989],[13.80914,52.81996],[13.80978,52.8199],[13.81032,52.81989],[13.81038,52.81989],[13.81069,52.81987],[13.81112,52.81979],[13.81155,52.81979],[13.81189,52.81972],[13.81207,52.81974]]}},{"type":"Feature","properties":{"art":"pfad"},"geometry":{"type":"LineString","coordinates":[[13.81038,52.81989],[13.81065,52.82026],[13.81072,52.82037],[13.81093,52.8205],[13.81108,52.82057]]}},{"type":"Feature","properties":{"art":"pfad"},"geometry":{"type":"LineString","coordinates":[[13.81605,52.82041],[13.81569,52.82049],[13.8156,52.82051],[13.81505,52.82029],[13.81478,52.82013],[13.81362,52.82034],[13.81317,52.82034],[13.81112,52.82056],[13.81108,52.82057],[13.81057,52.82068],[13.80994,52.82068],[13.80948,52.82064],[13.80795,52.82063],[13.80733,52.82055],[13.80558,52.82036],[13.8047,52.8203],[13.80427,52.82026],[13.8036,52.82019]]}},{"type":"Feature","properties":{"art":"weg"},"geometry":{"type":"LineString","coordinates":[[13.80915,52.82265],[13.80912,52.82248],[13.80916,52.82223],[13.80927,52.82188],[13.80944,52.82162],[13.8101,52.82112],[13.81078,52.82087],[13.81112,52.82056],[13.81207,52.81974],[13.81293,52.81899]]}},{"type":"Feature","properties":{"art":"pfad"},"geometry":{"type":"LineString","coordinates":[[13.81256,52.8246],[13.8126,52.82414],[13.81266,52.82393],[13.81284,52.82365],[13.81314,52.82306],[13.81299,52.82269],[13.81303,52.82244],[13.81311,52.82208],[13.81296,52.82176],[13.81278,52.82163],[13.81258,52.82139],[13.81215,52.82112],[13.81151,52.82077],[13.81112,52.82056]]}},{"type":"Feature","properties":{"art":"pfad"},"geometry":{"type":"LineString","coordinates":[[13.81003,52.82306],[13.81099,52.82309],[13.81187,52.82307],[13.8122,52.82307],[13.81281,52.82307],[13.81314,52.82306],[13.81325,52.82306],[13.81332,52.82307],[13.81358,52.82307],[13.81522,52.82306]]}},{"type":"Feature","properties":{"art":"pfad"},"geometry":{"type":"LineString","coordinates":[[13.81256,52.8246],[13.81231,52.82452],[13.81178,52.82439],[13.81154,52.82426],[13.81102,52.8238],[13.81077,52.82364],[13.81036,52.82339],[13.81003,52.82306],[13.80959,52.82283],[13.80915,52.82265]]}},{"type":"Feature","properties":{"art":"strasse"},"geometry":{"type":"LineString","coordinates":[[13.81106,52.82421],[13.81102,52.82425]]}},{"type":"Feature","properties":{"art":"strasse"},"geometry":{"type":"LineString","coordinates":[[13.80821,52.82436],[13.80822,52.82435],[13.80832,52.82425],[13.80834,52.82423]]}},{"type":"Feature","properties":{"art":"strasse"},"geometry":{"type":"LineString","coordinates":[[13.81107,52.82469],[13.81107,52.82472],[13.81101,52.82478],[13.81092,52.82488],[13.81086,52.82494]]}},{"type":"Feature","properties":{"art":"strasse"},"geometry":{"type":"LineString","coordinates":[[13.81052,52.82417],[13.8106,52.82407],[13.81106,52.82421],[13.81132,52.82429],[13.8114,52.82432],[13.81144,52.82437],[13.81148,52.82438],[13.81183,52.8245],[13.81161,52.82473]]}},{"type":"Feature","properties":{"art":"strasse"},"geometry":{"type":"LineString","coordinates":[[13.81144,52.82437],[13.81128,52.82455],[13.81114,52.82457]]}},{"type":"Feature","properties":{"art":"pfad"},"geometry":{"type":"LineString","coordinates":[[13.81092,52.82488],[13.81091,52.82488]]}},{"type":"Feature","properties":{"art":"strasse"},"geometry":{"type":"LineString","coordinates":[[13.80846,52.82482],[13.80827,52.82476],[13.80818,52.82471],[13.80806,52.82471],[13.80785,52.82475]]}},{"type":"Feature","properties":{"art":"pfad"},"geometry":{"type":"LineString","coordinates":[[13.81231,52.82452],[13.81209,52.82456],[13.81202,52.82459],[13.81193,52.82463],[13.81186,52.82469],[13.81181,52.82474],[13.81177,52.82478],[13.81135,52.82518],[13.8113,52.82524],[13.81126,52.8253],[13.81119,52.8254]]}},{"type":"Feature","properties":{"art":"pfad"},"geometry":{"type":"LineString","coordinates":[[13.80788,52.82484],[13.80796,52.82479],[13.80802,52.82476],[13.80808,52.82475],[13.80815,52.82476],[13.80821,52.82477],[13.80844,52.82484]]}},{"type":"Feature","properties":{"art":"pfad"},"geometry":{"type":"LineString","coordinates":[[13.81074,52.82508],[13.81075,52.82509],[13.81088,52.82522],[13.81089,52.82526]]}},{"type":"Feature","properties":{"art":"pfad"},"geometry":{"type":"LineString","coordinates":[[13.81064,52.82523],[13.81065,52.82517],[13.81066,52.82515]]}},{"type":"Feature","properties":{"art":"pfad"},"geometry":{"type":"LineString","coordinates":[[13.81072,52.8251],[13.81075,52.82509],[13.8108,52.82506]]}},{"type":"Feature","properties":{"art":"weg"},"geometry":{"type":"LineString","coordinates":[[13.81256,52.82584],[13.81261,52.82573],[13.81264,52.82559],[13.81263,52.82545],[13.81261,52.82533],[13.81259,52.82509],[13.81259,52.82492],[13.81257,52.82474],[13.81256,52.8246]]}},{"type":"Feature","properties":{"art":"strasse"},"geometry":{"type":"LineString","coordinates":[[13.81078,52.82503],[13.8108,52.82506],[13.81092,52.8252],[13.81094,52.82525],[13.81094,52.82528],[13.81087,52.82576]]}},{"type":"Feature","properties":{"art":"pfad"},"geometry":{"type":"LineString","coordinates":[[13.81062,52.82539],[13.81051,52.82538],[13.81039,52.82538]]}},{"type":"Feature","properties":{"art":"pfad"},"geometry":{"type":"LineString","coordinates":[[13.81053,52.8252],[13.81052,52.82523],[13.8105,52.82527],[13.81051,52.82537],[13.81051,52.82538],[13.81048,52.82554],[13.81047,52.82576]]}},{"type":"Feature","properties":{"art":"pfad"},"geometry":{"type":"LineString","coordinates":[[13.81135,52.82561],[13.8112,52.82541],[13.81119,52.8254],[13.81116,52.82537],[13.8111,52.82533],[13.81097,52.82529],[13.81094,52.82528],[13.8109,52.82527],[13.81089,52.82526],[13.81086,52.82526],[13.81072,52.82523],[13.81064,52.82523],[13.81052,52.82523]]}},{"type":"Feature","properties":{"art":"pfad"},"geometry":{"type":"LineString","coordinates":[[13.81048,52.82554],[13.81056,52.82555]]}},{"type":"Feature","properties":{"art":"pfad"},"geometry":{"type":"LineString","coordinates":[[13.81135,52.82561],[13.81138,52.82564],[13.81146,52.82567],[13.81151,52.82568],[13.81156,52.8257],[13.81163,52.82572],[13.81166,52.82573],[13.81175,52.82574],[13.81185,52.82575],[13.81205,52.82575],[13.81213,52.82575],[13.81222,52.82576],[13.81233,52.82577],[13.81242,52.8258],[13.8125,52.82582],[13.81256,52.82584]]}},{"type":"Feature","properties":{"art":"pfad"},"geometry":{"type":"LineString","coordinates":[[13.81135,52.82561],[13.81133,52.82567],[13.81132,52.82571],[13.81133,52.82577],[13.81123,52.8258],[13.81112,52.82586],[13.81116,52.82599],[13.81111,52.82606],[13.81097,52.82609],[13.81085,52.8261],[13.81069,52.82623],[13.81049,52.82637],[13.81034,52.82648]]}},{"type":"Feature","properties":{"art":"pfad"},"geometry":{"type":"LineString","coordinates":[[13.8115,52.82639],[13.81143,52.82626],[13.8114,52.82609],[13.81129,52.82603],[13.81116,52.82599]]}},{"type":"Feature","properties":{"art":"pfad"},"geometry":{"type":"LineString","coordinates":[[13.81114,52.82653],[13.81114,52.82642],[13.81117,52.82633],[13.81135,52.82617],[13.81134,52.82611],[13.81116,52.82599]]}},{"type":"Feature","properties":{"art":"pfad"},"geometry":{"type":"LineString","coordinates":[[13.81034,52.82648],[13.81059,52.82648],[13.81084,52.8265],[13.81114,52.82653]]}},{"type":"Feature","properties":{"art":"pfad"},"geometry":{"type":"LineString","coordinates":[[13.81147,52.82726],[13.81101,52.82706],[13.81083,52.82692],[13.81067,52.82676],[13.81114,52.82653],[13.8115,52.82639],[13.81155,52.82638],[13.81186,52.82629],[13.81193,52.82627],[13.8122,52.82616],[13.81241,52.82601],[13.81249,52.82593],[13.81256,52.82584]]}},{"type":"Feature","properties":{"art":"pfad"},"geometry":{"type":"LineString","coordinates":[[13.81067,52.82676],[13.81045,52.82658],[13.81034,52.82648]]}},{"type":"Feature","properties":{"art":"pfad"},"geometry":{"type":"LineString","coordinates":[[13.81004,52.82693],[13.8103,52.82686],[13.81056,52.8268],[13.81067,52.82676]]}},{"type":"Feature","properties":{"art":"pfad"},"geometry":{"type":"LineString","coordinates":[[13.80929,52.82675],[13.80941,52.82675],[13.80959,52.82675],[13.80978,52.8268],[13.80987,52.82687],[13.81004,52.82693],[13.81023,52.82703],[13.81034,52.82713],[13.81045,52.82724],[13.81058,52.82729],[13.81092,52.82735],[13.81127,52.82747],[13.81146,52.82757],[13.81165,52.82756],[13.8119,52.82763],[13.81209,52.82761],[13.81217,52.82752]]}},{"type":"Feature","properties":{"art":"strasse"},"geometry":{"type":"LineString","coordinates":[[13.81125,52.82823],[13.81127,52.82821],[13.81151,52.82799]]}},{"type":"Feature","properties":{"art":"strasse"},"geometry":{"type":"LineString","coordinates":[[13.81128,52.82824],[13.81125,52.82823]]}},{"type":"Feature","properties":{"art":"pfad"},"geometry":{"type":"LineString","coordinates":[[13.81646,52.82655],[13.81659,52.82646],[13.81675,52.82644],[13.81666,52.8265],[13.81656,52.82656]]}},{"type":"Feature","properties":{"art":"pfad"},"geometry":{"type":"LineString","coordinates":[[13.81646,52.82655],[13.81652,52.82652],[13.81656,52.82656],[13.81654,52.82664],[13.81655,52.82668],[13.81669,52.82668],[13.81688,52.82668]]}},{"type":"Feature","properties":{"art":"pfad"},"geometry":{"type":"LineString","coordinates":[[13.81675,52.82644],[13.81678,52.82653],[13.81683,52.8266],[13.81688,52.82668],[13.81692,52.82674],[13.81695,52.82684],[13.81699,52.82696]]}},{"type":"Feature","properties":{"art":"pfad"},"geometry":{"type":"LineString","coordinates":[[13.81526,52.82733],[13.81571,52.82708],[13.81619,52.82685],[13.81626,52.82679],[13.8163,52.82668],[13.81646,52.82655]]}},{"type":"Feature","properties":{"art":"pfad"},"geometry":{"type":"LineString","coordinates":[[13.81773,52.82682],[13.81753,52.82682],[13.81717,52.82693],[13.81699,52.82696],[13.81667,52.82698],[13.81624,52.8271],[13.81599,52.82718],[13.81572,52.82726],[13.81526,52.82733]]}},{"type":"Feature","properties":{"art":"strasse"},"geometry":{"type":"LineString","coordinates":[[13.81706,52.82803],[13.81696,52.82789],[13.8168,52.82791],[13.81666,52.82793],[13.81639,52.828],[13.81594,52.82817],[13.81575,52.82826],[13.81571,52.82828]]}},{"type":"Feature","properties":{"art":"pfad"},"geometry":{"type":"LineString","coordinates":[[13.81147,52.82726],[13.81185,52.8274],[13.8122,52.82738],[13.81299,52.82762],[13.81318,52.82766],[13.81338,52.82767],[13.81355,52.8277],[13.81384,52.82782],[13.81405,52.8278],[13.81437,52.8277],[13.81454,52.82759],[13.81465,52.82755],[13.81494,52.82746],[13.81526,52.82733]]}},{"type":"Feature","properties":{"art":"pfad"},"geometry":{"type":"LineString","coordinates":[[13.81536,52.82816],[13.81531,52.82808],[13.81517,52.82799],[13.81507,52.82795],[13.81499,52.8279],[13.81492,52.82783],[13.81485,52.82779],[13.81463,52.8276],[13.81465,52.82755]]}},{"type":"Feature","properties":{"art":"pfad"},"geometry":{"type":"LineString","coordinates":[[13.81366,52.82864],[13.81366,52.82859],[13.81366,52.82845],[13.81364,52.82817],[13.81352,52.82804],[13.81342,52.82799],[13.81313,52.82791],[13.81298,52.82782],[13.81217,52.82752],[13.81185,52.8274]]}},{"type":"Feature","properties":{"art":"strasse"},"geometry":{"type":"LineString","coordinates":[[13.81586,52.82845],[13.81597,52.82839]]}},{"type":"Feature","properties":{"art":"strasse"},"geometry":{"type":"LineString","coordinates":[[13.82365,52.82707],[13.8241,52.82717],[13.82452,52.82727],[13.8249,52.82738],[13.82513,52.82746]]}},{"type":"Feature","properties":{"art":"pfad"},"geometry":{"type":"LineString","coordinates":[[13.82513,52.82746],[13.82493,52.82742],[13.82465,52.82735],[13.82433,52.82726],[13.82364,52.82711]]}},{"type":"Feature","properties":{"art":"strasse"},"geometry":{"type":"LineString","coordinates":[[13.82513,52.82746],[13.82535,52.82755],[13.8258,52.82773],[13.82586,52.82774]]}},{"type":"Feature","properties":{"art":"strasse"},"geometry":{"type":"LineString","coordinates":[[13.82535,52.82755],[13.82533,52.82758],[13.82508,52.8279]]}},{"type":"Feature","properties":{"art":"strasse"},"geometry":{"type":"LineString","coordinates":[[13.82586,52.82774],[13.82613,52.82776],[13.82643,52.82775]]}},{"type":"Feature","properties":{"art":"strasse"},"geometry":{"type":"LineString","coordinates":[[13.82586,52.82774],[13.82586,52.82776],[13.82587,52.82778],[13.82592,52.82781],[13.82625,52.82805]]}},{"type":"Feature","properties":{"art":"strasse"},"geometry":{"type":"LineString","coordinates":[[13.82625,52.82805],[13.82629,52.82794],[13.82633,52.82787],[13.82639,52.8278],[13.82641,52.82779],[13.82643,52.82775]]}},{"type":"Feature","properties":{"art":"strasse"},"geometry":{"type":"LineString","coordinates":[[13.82524,52.82796],[13.82558,52.82804]]}},{"type":"Feature","properties":{"art":"strasse"},"geometry":{"type":"LineString","coordinates":[[13.82592,52.82781],[13.82583,52.82786],[13.82578,52.82793],[13.82576,52.82801],[13.82577,52.82808],[13.82573,52.82813]]}},{"type":"Feature","properties":{"art":"strasse"},"geometry":{"type":"LineString","coordinates":[[13.82625,52.82805],[13.82637,52.82817]]}},{"type":"Feature","properties":{"art":"pfad"},"geometry":{"type":"LineString","coordinates":[[13.86099,52.7842],[13.8608,52.78577],[13.86074,52.78636],[13.8606,52.78744],[13.86054,52.78877],[13.86021,52.79164],[13.85989,52.79367],[13.85984,52.79434],[13.85981,52.79452]]}},{"type":"Feature","properties":{"art":"pfad"},"geometry":{"type":"LineString","coordinates":[[13.86335,52.79243],[13.86381,52.79252],[13.8641,52.79264],[13.86416,52.7927],[13.86431,52.79282],[13.86452,52.79294],[13.86462,52.79328],[13.86463,52.79332],[13.86477,52.79348],[13.86484,52.79358],[13.86487,52.79363],[13.86485,52.79409],[13.86482,52.79425],[13.86484,52.79436],[13.86484,52.79444],[13.86486,52.79448],[13.86487,52.79464],[13.86484,52.79479],[13.86495,52.79496],[13.865,52.79513],[13.86495,52.79545],[13.86495,52.7956],[13.86499,52.79566],[13.86509,52.79577],[13.86512,52.79581]]}},{"type":"Feature","properties":{"art":"pfad"},"geometry":{"type":"LineString","coordinates":[[13.85956,52.79438],[13.85969,52.79437],[13.85984,52.79434]]}},{"type":"Feature","properties":{"art":"weg"},"geometry":{"type":"LineString","coordinates":[[13.85827,52.79369],[13.85909,52.79411],[13.85956,52.79438],[13.85981,52.79452],[13.86005,52.79466],[13.86044,52.79484],[13.86096,52.79519],[13.86138,52.79553],[13.86168,52.79569]]}},{"type":"Feature","properties":{"art":"pfad"},"geometry":{"type":"LineString","coordinates":[[13.86509,52.79577],[13.86536,52.79577],[13.86551,52.79576],[13.86578,52.79571],[13.86621,52.79559],[13.86657,52.79552],[13.86695,52.79538],[13.86721,52.79512],[13.86728,52.79499],[13.86737,52.79496],[13.86764,52.79491],[13.86803,52.79488],[13.86821,52.79481],[13.86829,52.79475],[13.86839,52.79461],[13.8684,52.79454],[13.86843,52.7945],[13.86866,52.79442],[13.8688,52.79444],[13.86912,52.79453]]}},{"type":"Feature","properties":{"art":"pfad"},"geometry":{"type":"LineString","coordinates":[[13.86303,52.79696],[13.86311,52.79704],[13.86316,52.7971]]}},{"type":"Feature","properties":{"art":"weg"},"geometry":{"type":"LineString","coordinates":[[13.86168,52.79569],[13.86369,52.79676],[13.86397,52.79686],[13.86455,52.79727],[13.86613,52.79875]]}},{"type":"Feature","properties":{"art":"pfad"},"geometry":{"type":"LineString","coordinates":[[13.8597,52.79778],[13.85989,52.79774],[13.85991,52.79773],[13.86043,52.79766],[13.86088,52.79753],[13.86119,52.79748],[13.86148,52.79738],[13.8618,52.7973],[13.86207,52.79727],[13.86242,52.7972],[13.86265,52.79716],[13.86299,52.79708],[13.86311,52.79704]]}},{"type":"Feature","properties":{"art":"pfad"},"geometry":{"type":"LineString","coordinates":[[13.86788,52.80026],[13.87132,52.79817],[13.87134,52.79801],[13.87138,52.7977],[13.87138,52.7969],[13.8713,52.79678],[13.87096,52.79627]]}},{"type":"Feature","properties":{"art":"pfad"},"geometry":{"type":"LineString","coordinates":[[13.86613,52.79875],[13.8629,52.79995],[13.86129,52.80021],[13.85997,52.80063],[13.85915,52.80086]]}},{"type":"Feature","properties":{"art":"pfad"},"geometry":{"type":"LineString","coordinates":[[13.84346,52.78599],[13.84392,52.78628],[13.84503,52.78675],[13.84613,52.78721],[13.84688,52.78761],[13.84727,52.78791],[13.8479,52.78825],[13.84942,52.78911],[13.85023,52.78955],[13.85515,52.79199],[13.85827,52.79369]]}},{"type":"Feature","properties":{"art":"weg"},"geometry":{"type":"LineString","coordinates":[[13.8463,52.7929],[13.84647,52.79288],[13.84696,52.79283],[13.84737,52.79282],[13.84818,52.79295],[13.84851,52.79297],[13.84921,52.79294],[13.84961,52.79294],[13.84976,52.79297],[13.85021,52.79312],[13.8505,52.79324],[13.85055,52.79353],[13.85276,52.79355],[13.85581,52.79376],[13.85734,52.79374],[13.85827,52.79369]]}},{"type":"Feature","properties":{"art":"weg"},"geometry":{"type":"LineString","coordinates":[[13.86645,52.78728],[13.86632,52.78778],[13.86605,52.78838],[13.86442,52.79003],[13.86382,52.79079],[13.86352,52.79154],[13.86344,52.79187],[13.86339,52.79227],[13.86335,52.79243],[13.86311,52.79293],[13.86275,52.7936],[13.86236,52.79432],[13.86209,52.79478],[13.86176,52.79546],[13.86168,52.79569],[13.86122,52.79598],[13.86082,52.79622],[13.8607,52.79635],[13.86027,52.7969],[13.86003,52.79717],[13.85988,52.79732],[13.85976,52.79757],[13.8597,52.79778],[13.85962,52.79816],[13.85946,52.79962],[13.85941,52.79984],[13.85921,52.80063],[13.85915,52.80086],[13.85885,52.80137],[13.8584,52.80187],[13.85766,52.80257],[13.85727,52.80285],[13.85643,52.80347],[13.8554,52.80402],[13.85506,52.80431],[13.85473,52.80462],[13.85388,52.80579],[13.85355,52.80611],[13.85317,52.80648],[13.8525,52.80715],[13.85158,52.80786],[13.85129,52.80809],[13.85008,52.80887],[13.84872,52.80961],[13.84799,52.81014],[13.84596,52.81273],[13.84518,52.81412],[13.84441,52.81525],[13.84396,52.81552],[13.84361,52.81574],[13.84255,52.81601],[13.84207,52.81641]]}},{"type":"Feature","properties":{"art":"pfad"},"geometry":{"type":"LineString","coordinates":[[13.85946,52.79962],[13.8592,52.79962],[13.85906,52.79961],[13.85856,52.79955],[13.85824,52.79953],[13.85791,52.79951],[13.85759,52.79951],[13.85726,52.79949],[13.85695,52.79944],[13.85677,52.79949],[13.85657,52.79954],[13.85615,52.79967],[13.85588,52.79971],[13.85568,52.79972],[13.85536,52.79974],[13.85525,52.79976],[13.85504,52.79974],[13.85491,52.7997],[13.85479,52.79966],[13.85439,52.79956],[13.85426,52.79951],[13.85408,52.79942],[13.85376,52.79931],[13.85338,52.79925],[13.85321,52.79922],[13.85301,52.79919],[13.85283,52.79917],[13.85264,52.79916],[13.85229,52.79914],[13.85198,52.79913],[13.85177,52.79911],[13.85117,52.79896],[13.85081,52.79892]]}},{"type":"Feature","properties":{"art":"pfad"},"geometry":{"type":"LineString","coordinates":[[13.85727,52.80285],[13.85656,52.80255],[13.85626,52.80249],[13.85536,52.80255],[13.85506,52.80255],[13.85324,52.80179],[13.85227,52.80173],[13.85033,52.80172]]}},{"type":"Feature","properties":{"art":"pfad"},"geometry":{"type":"LineString","coordinates":[[13.84877,52.80629],[13.84883,52.80611],[13.84897,52.8057],[13.84911,52.80523],[13.84951,52.80443],[13.84956,52.80413],[13.84991,52.80371],[13.84991,52.80334],[13.85008,52.80255],[13.85021,52.80189],[13.85033,52.80172],[13.85038,52.80119],[13.85031,52.80062],[13.85013,52.80025],[13.85025,52.79982],[13.85024,52.79939],[13.85028,52.79902],[13.8501,52.79853]]}},{"type":"Feature","properties":{"art":"pfad"},"geometry":{"type":"LineString","coordinates":[[13.85008,52.80255],[13.84975,52.8025],[13.8494,52.8025],[13.84927,52.80252],[13.84905,52.80253],[13.84853,52.80261],[13.84814,52.8026],[13.84786,52.80261],[13.84778,52.80263],[13.84764,52.80264],[13.84756,52.80267],[13.84717,52.8027],[13.84711,52.80273],[13.84661,52.80284],[13.84628,52.80289],[13.84572,52.80286]]}},{"type":"Feature","properties":{"art":"pfad"},"geometry":{"type":"LineString","coordinates":[[13.84991,52.80371],[13.8554,52.80402]]}},{"type":"Feature","properties":{"art":"weg"},"geometry":{"type":"LineString","coordinates":[[13.83511,52.80512],[13.83586,52.80519],[13.83751,52.80536],[13.8391,52.80556],[13.84225,52.80595],[13.84382,52.80616],[13.84506,52.8063],[13.84621,52.80619],[13.8482,52.80637],[13.84877,52.80629],[13.84886,52.80628],[13.84948,52.80619],[13.85123,52.80602],[13.85355,52.80611],[13.85566,52.80611],[13.8566,52.80601],[13.85762,52.80592],[13.85905,52.8058],[13.85984,52.80574],[13.86445,52.80541],[13.86743,52.8052],[13.86865,52.80517],[13.87034,52.80498],[13.87284,52.80479],[13.87304,52.80479]]}},{"type":"Feature","properties":{"art":"pfad"},"geometry":{"type":"LineString","coordinates":[[13.85341,52.80735],[13.85366,52.80741],[13.85384,52.80742],[13.85417,52.80732],[13.85458,52.80717],[13.85518,52.80704],[13.85546,52.807],[13.85577,52.8069],[13.8561,52.80687],[13.85659,52.80683],[13.85699,52.80684],[13.85738,52.80685],[13.85765,52.80688]]}},{"type":"Feature","properties":{"art":"pfad"},"geometry":{"type":"LineString","coordinates":[[13.8501,52.79853],[13.84939,52.79834],[13.84848,52.7981],[13.84755,52.79733],[13.8465,52.79705],[13.84526,52.79688],[13.84415,52.79647],[13.84265,52.79591],[13.84164,52.79525],[13.84143,52.79471],[13.84123,52.79417],[13.84111,52.79309],[13.83763,52.79256]]}},{"type":"Feature","properties":{"art":"weg"},"geometry":{"type":"LineString","coordinates":[[13.85734,52.79374],[13.85731,52.79392],[13.85715,52.79433],[13.85703,52.79452],[13.8569,52.79487],[13.85663,52.79529],[13.85637,52.7955],[13.85611,52.79563],[13.85565,52.79572],[13.85532,52.79585],[13.85505,52.79612],[13.85491,52.79627],[13.8548,52.79669],[13.85459,52.79701],[13.8544,52.79722],[13.85403,52.79734],[13.85314,52.79754],[13.85278,52.79769],[13.85143,52.79866],[13.85108,52.79877],[13.85081,52.79892],[13.85066,52.79901],[13.85024,52.79939],[13.85005,52.79952],[13.84923,52.79983],[13.84857,52.79996],[13.84642,52.8011],[13.84528,52.80135],[13.84466,52.80144],[13.84371,52.80148],[13.84315,52.80145],[13.84274,52.80148],[13.84093,52.80185],[13.83991,52.80202],[13.83877,52.80236],[13.83827,52.80243],[13.83765,52.80248],[13.83693,52.80242],[13.83661,52.80236],[13.83635,52.80224],[13.83601,52.80202],[13.83575,52.80196]]}},{"type":"Feature","properties":{"art":"pfad"},"geometry":{"type":"LineString","coordinates":[[13.84883,52.80611],[13.8485,52.80558],[13.84812,52.80523],[13.8479,52.80453],[13.84752,52.80392],[13.84679,52.80344],[13.84631,52.80324],[13.84572,52.80286],[13.84524,52.80255],[13.84371,52.80148],[13.84284,52.80032],[13.84198,52.79923],[13.8414,52.79866],[13.84121,52.79817],[13.84097,52.79751],[13.84067,52.79694],[13.84073,52.79617],[13.84091,52.79543],[13.84143,52.79471]]}},{"type":"Feature","properties":{"art":"pfad"},"geometry":{"type":"LineString","coordinates":[[13.84506,52.8063],[13.84569,52.807],[13.84679,52.80776],[13.84717,52.80833],[13.84717,52.80922],[13.84709,52.80954],[13.84718,52.80976],[13.84754,52.80997],[13.84799,52.81014]]}},{"type":"Feature","properties":{"art":"weg"},"geometry":{"type":"LineString","coordinates":[[13.84799,52.81014],[13.84734,52.81033],[13.84688,52.81052],[13.84646,52.81095],[13.84595,52.81133],[13.84479,52.81181],[13.84431,52.81199],[13.84314,52.81214],[13.84247,52.81218],[13.84205,52.81213],[13.84138,52.81205],[13.83962,52.81198],[13.8389,52.81193],[13.83804,52.81194],[13.83751,52.81201],[13.83694,52.81224],[13.83658,52.8123],[13.83624,52.81233],[13.83524,52.81226],[13.83446,52.81213],[13.83372,52.81211]]}},{"type":"Feature","properties":{"art":"pfad"},"geometry":{"type":"LineString","coordinates":[[13.84966,52.81473],[13.84931,52.81463],[13.84887,52.81466],[13.84829,52.81469],[13.8476,52.81475],[13.84624,52.81485],[13.84554,52.8149],[13.84429,52.81545],[13.84396,52.81552]]}},{"type":"Feature","properties":{"art":"pfad"},"geometry":{"type":"LineString","coordinates":[[13.84593,52.81614],[13.84591,52.816],[13.84583,52.8159],[13.84584,52.81547],[13.84581,52.81536],[13.84579,52.81521],[13.8459,52.81508],[13.84624,52.81485]]}},{"type":"Feature","properties":{"art":"weg"},"geometry":{"type":"LineString","coordinates":[[13.84207,52.81641],[13.84233,52.81638],[13.84363,52.8163],[13.84429,52.81624],[13.84459,52.81617],[13.84492,52.81613],[13.84593,52.81614],[13.84619,52.81612],[13.84708,52.81603],[13.84795,52.81586],[13.84849,52.81569],[13.84858,52.81562],[13.84881,52.81524],[13.849,52.81505],[13.84966,52.81473]]}},{"type":"Feature","properties":{"art":"weg"},"geometry":{"type":"LineString","coordinates":[[13.84207,52.81641],[13.84186,52.81658],[13.84164,52.81675],[13.84147,52.81703],[13.84142,52.81735],[13.84119,52.81776],[13.84084,52.81815],[13.84053,52.81847],[13.83914,52.81936]]}},{"type":"Feature","properties":{"art":"pfad"},"geometry":{"type":"LineString","coordinates":[[13.8457,52.81896],[13.84569,52.81872],[13.84579,52.81818],[13.84627,52.81772],[13.84665,52.81757],[13.84677,52.81752],[13.84706,52.81738]]}},{"type":"Feature","properties":{"art":"pfad"},"geometry":{"type":"LineString","coordinates":[[13.86652,52.80034],[13.86788,52.80026]]}},{"type":"Feature","properties":{"art":"weg"},"geometry":{"type":"LineString","coordinates":[[13.86613,52.79875],[13.8667,52.79921],[13.86788,52.80026],[13.8688,52.80105],[13.87028,52.80232],[13.87062,52.80269],[13.8713,52.80327],[13.87158,52.80354],[13.8718,52.80374],[13.87208,52.80389],[13.87304,52.80479]]}},{"type":"Feature","properties":{"art":"pfad"},"geometry":{"type":"LineString","coordinates":[[13.85915,52.80086],[13.86264,52.80061],[13.86652,52.80034],[13.86633,52.80095],[13.86651,52.80126],[13.86674,52.8019],[13.86743,52.8052],[13.8677,52.80667],[13.86813,52.80916]]}},{"type":"Feature","properties":{"art":"pfad"},"geometry":{"type":"LineString","coordinates":[[13.86813,52.80916],[13.86586,52.80928],[13.86566,52.80932],[13.86522,52.80933],[13.86502,52.80936],[13.86463,52.8093],[13.86443,52.80924],[13.8641,52.80909],[13.86378,52.80891],[13.86335,52.80862],[13.86316,52.80845],[13.86253,52.80801],[13.86198,52.80766],[13.86128,52.80718],[13.86103,52.80702],[13.86052,52.80689],[13.86028,52.80684],[13.8601,52.80681],[13.86007,52.80676],[13.86,52.80664],[13.85996,52.80621],[13.85984,52.80574],[13.85903,52.80151],[13.85892,52.80139],[13.85885,52.80137]]}},{"type":"Feature","properties":{"art":"pfad"},"geometry":{"type":"LineString","coordinates":[[13.86006,52.80686],[13.8601,52.80681]]}},{"type":"Feature","properties":{"art":"pfad"},"geometry":{"type":"LineString","coordinates":[[13.8601,52.80681],[13.85976,52.80676],[13.85891,52.80677],[13.85826,52.80691],[13.85765,52.80688]]}},{"type":"Feature","properties":{"art":"weg"},"geometry":{"type":"LineString","coordinates":[[13.86086,52.81381],[13.8609,52.81333],[13.8608,52.81284],[13.86067,52.81257],[13.86072,52.81175],[13.85976,52.80983],[13.85883,52.80793],[13.85766,52.80736],[13.85765,52.80688],[13.85762,52.80592]]}},{"type":"Feature","properties":{"art":"pfad"},"geometry":{"type":"LineString","coordinates":[[13.86836,52.80996],[13.86845,52.81]]}},{"type":"Feature","properties":{"art":"pfad"},"geometry":{"type":"LineString","coordinates":[[13.8548,52.81013],[13.85605,52.81003],[13.85976,52.80983]]}},{"type":"Feature","properties":{"art":"pfad"},"geometry":{"type":"LineString","coordinates":[[13.86897,52.81323],[13.86897,52.81309],[13.86897,52.81295],[13.86885,52.81272],[13.86882,52.81257],[13.86871,52.81189],[13.86872,52.81179],[13.8685,52.81107],[13.86836,52.80996],[13.8682,52.80958],[13.86813,52.80916]]}},{"type":"Feature","properties":{"art":"pfad"},"geometry":{"type":"LineString","coordinates":[[13.84886,52.80628],[13.84943,52.80666],[13.85126,52.80771],[13.85158,52.80786],[13.85376,52.80891]]}},{"type":"Feature","properties":{"art":"pfad"},"geometry":{"type":"LineString","coordinates":[[13.85389,52.80918],[13.85377,52.80899],[13.85376,52.80891],[13.85374,52.80876],[13.85369,52.8085],[13.85362,52.80831],[13.8536,52.80802],[13.85348,52.80766],[13.85339,52.80754],[13.85341,52.80735],[13.85317,52.80648]]}},{"type":"Feature","properties":{"art":"pfad"},"geometry":{"type":"LineString","coordinates":[[13.85389,52.80918],[13.85433,52.80951],[13.85469,52.81001],[13.8548,52.81013]]}},{"type":"Feature","properties":{"art":"pfad"},"geometry":{"type":"LineString","coordinates":[[13.85149,52.81052],[13.85155,52.81051],[13.8518,52.81047],[13.85211,52.81029],[13.85239,52.81031],[13.85279,52.8103],[13.85293,52.81031],[13.85326,52.81027],[13.8536,52.81022],[13.85397,52.8102]]}},{"type":"Feature","properties":{"art":"pfad"},"geometry":{"type":"LineString","coordinates":[[13.8486,52.81147],[13.84845,52.81127],[13.84835,52.81111],[13.84834,52.81078],[13.8483,52.81057],[13.84817,52.81034],[13.84809,52.81024],[13.84799,52.81014]]}},{"type":"Feature","properties":{"art":"weg"},"geometry":{"type":"LineString","coordinates":[[13.8548,52.81013],[13.85515,52.81057],[13.85562,52.81106],[13.85591,52.81137],[13.85659,52.8122]]}},{"type":"Feature","properties":{"art":"pfad"},"geometry":{"type":"LineString","coordinates":[[13.85491,52.81424],[13.85397,52.8102]]}},{"type":"Feature","properties":{"art":"pfad"},"geometry":{"type":"LineString","coordinates":[[13.84845,52.81127],[13.84906,52.81148],[13.84995,52.81217],[13.85095,52.81301],[13.85171,52.81349],[13.85305,52.81407],[13.8534,52.81433]]}},{"type":"Feature","properties":{"art":"pfad"},"geometry":{"type":"LineString","coordinates":[[13.84931,52.81463],[13.84901,52.81447],[13.84873,52.81428],[13.84854,52.81411],[13.84853,52.81371],[13.84851,52.81316],[13.84871,52.81241],[13.84892,52.81192],[13.8486,52.81147]]}},{"type":"Feature","properties":{"art":"weg"},"geometry":{"type":"LineString","coordinates":[[13.84966,52.81473],[13.85144,52.81441],[13.8534,52.81433]]}},{"type":"Feature","properties":{"art":"weg"},"geometry":{"type":"LineString","coordinates":[[13.86843,52.81327],[13.86649,52.81292],[13.86527,52.8126],[13.86434,52.81244],[13.864,52.81231],[13.86351,52.81217],[13.86307,52.81207],[13.86187,52.81196],[13.86111,52.81186],[13.86072,52.81175],[13.8606,52.81176]]}},{"type":"Feature","properties":{"art":"pfad"},"geometry":{"type":"LineString","coordinates":[[13.86897,52.81309],[13.86925,52.81323]]}},{"type":"Feature","properties":{"art":"weg"},"geometry":{"type":"LineString","coordinates":[[13.86843,52.81327],[13.86886,52.81323],[13.86897,52.81323]]}},{"type":"Feature","properties":{"art":"pfad"},"geometry":{"type":"LineString","coordinates":[[13.86578,52.81347],[13.86637,52.81343],[13.86705,52.81338],[13.86775,52.81332],[13.86843,52.81327]]}},{"type":"Feature","properties":{"art":"pfad"},"geometry":{"type":"LineString","coordinates":[[13.86578,52.81347],[13.86473,52.81354],[13.86381,52.8136],[13.86238,52.8137],[13.8615,52.81376],[13.86086,52.81381]]}},{"type":"Feature","properties":{"art":"weg"},"geometry":{"type":"LineString","coordinates":[[13.8534,52.81433],[13.85427,52.81428],[13.85491,52.81424],[13.85713,52.81405],[13.85894,52.81393],[13.85977,52.81385],[13.86028,52.81384],[13.86062,52.81381],[13.86086,52.81381]]}},{"type":"Feature","properties":{"art":"pfad"},"geometry":{"type":"LineString","coordinates":[[13.86638,52.81558],[13.86637,52.81548],[13.86622,52.81529],[13.86614,52.81502],[13.86635,52.81493],[13.8667,52.81485],[13.86698,52.81468],[13.86705,52.81454],[13.86703,52.81437],[13.86691,52.81411],[13.86689,52.81396],[13.86696,52.81389],[13.86761,52.81378],[13.86832,52.81365],[13.86896,52.81339],[13.86897,52.81323]]}},{"type":"Feature","properties":{"art":"weg"},"geometry":{"type":"LineString","coordinates":[[13.86086,52.81381],[13.86089,52.814],[13.86102,52.8142],[13.86144,52.81475],[13.86158,52.81511],[13.86186,52.81568]]}},{"type":"Feature","properties":{"art":"pfad"},"geometry":{"type":"LineString","coordinates":[[13.86186,52.81568],[13.86198,52.81568],[13.86225,52.81553],[13.86286,52.81551],[13.86332,52.8155],[13.86367,52.81556],[13.86412,52.81547],[13.8649,52.81545],[13.86535,52.81555],[13.86614,52.81558],[13.86638,52.81558]]}},{"type":"Feature","properties":{"art":"pfad"},"geometry":{"type":"LineString","coordinates":[[13.86716,52.81695],[13.86713,52.81686],[13.86686,52.81622],[13.86638,52.81558]]}},{"type":"Feature","properties":{"art":"weg"},"geometry":{"type":"LineString","coordinates":[[13.86227,52.81862],[13.86168,52.81843],[13.86005,52.81793],[13.85807,52.81735],[13.85668,52.8169],[13.85569,52.8166],[13.85533,52.81641],[13.85515,52.81626],[13.85513,52.81611],[13.85506,52.81578],[13.85497,52.81545]]}},{"type":"Feature","properties":{"art":"weg"},"geometry":{"type":"LineString","coordinates":[[13.86227,52.81862],[13.86209,52.81772],[13.86196,52.81734],[13.86196,52.81698],[13.8621,52.81683],[13.86222,52.81673],[13.86186,52.81568]]}},{"type":"Feature","properties":{"art":"pfad"},"geometry":{"type":"LineString","coordinates":[[13.86713,52.81686],[13.86545,52.81691],[13.86375,52.81717],[13.86297,52.81759],[13.86209,52.81772]]}},{"type":"Feature","properties":{"art":"pfad"},"geometry":{"type":"LineString","coordinates":[[13.86774,52.82055],[13.8679,52.82036],[13.86764,52.81978],[13.86736,52.81931],[13.86656,52.81833],[13.86639,52.81825],[13.86619,52.81816],[13.86594,52.81806],[13.86566,52.81789],[13.8656,52.81775],[13.86565,52.81755],[13.86602,52.81742],[13.86642,52.81735],[13.86665,52.81723],[13.86716,52.81695]]}},{"type":"Feature","properties":{"art":"weg"},"geometry":{"type":"LineString","coordinates":[[13.86774,52.82055],[13.86761,52.82043],[13.86718,52.82021],[13.86613,52.81984],[13.86227,52.81862]]}},{"type":"Feature","properties":{"art":"pfad"},"geometry":{"type":"LineString","coordinates":[[13.8679,52.82036],[13.86805,52.82082]]}},{"type":"Feature","properties":{"art":"pfad"},"geometry":{"type":"LineString","coordinates":[[13.86805,52.82082],[13.86783,52.82067],[13.86774,52.82055]]}},{"type":"Feature","properties":{"art":"pfad"},"geometry":{"type":"LineString","coordinates":[[13.8617,52.82395],[13.86202,52.82377],[13.8628,52.82284],[13.86281,52.82276],[13.86284,52.82236],[13.86275,52.82161],[13.86257,52.82065],[13.86249,52.81983],[13.86236,52.81959],[13.86228,52.81945],[13.86224,52.81931],[13.86227,52.81862]]}},{"type":"Feature","properties":{"art":"strasse"},"geometry":{"type":"LineString","coordinates":[[13.86813,52.82138],[13.86805,52.82082]]}},{"type":"Feature","properties":{"art":"pfad"},"geometry":{"type":"LineString","coordinates":[[13.85497,52.81545],[13.85491,52.81424]]}},{"type":"Feature","properties":{"art":"pfad"},"geometry":{"type":"LineString","coordinates":[[13.85497,52.81545],[13.85466,52.8153],[13.85377,52.81485],[13.8536,52.81463],[13.85358,52.81458],[13.85351,52.81444],[13.8534,52.81433]]}},{"type":"Feature","properties":{"art":"pfad"},"geometry":{"type":"LineString","coordinates":[[13.84706,52.81738],[13.84708,52.81729],[13.84688,52.81695],[13.84691,52.81674]]}},{"type":"Feature","properties":{"art":"pfad"},"geometry":{"type":"LineString","coordinates":[[13.84869,52.8216],[13.84866,52.82141]]}},{"type":"Feature","properties":{"art":"weg"},"geometry":{"type":"LineString","coordinates":[[13.85248,52.82224],[13.85255,52.82197],[13.85453,52.82112]]}},{"type":"Feature","properties":{"art":"pfad"},"geometry":{"type":"LineString","coordinates":[[13.84964,52.82164],[13.8493,52.8216],[13.84869,52.8216],[13.8477,52.82163],[13.84745,52.82164]]}},{"type":"Feature","properties":{"art":"weg"},"geometry":{"type":"LineString","coordinates":[[13.85248,52.82224],[13.8521,52.82214],[13.8513,52.82191],[13.85067,52.82179],[13.85003,52.82169],[13.84964,52.82164]]}},{"type":"Feature","properties":{"art":"pfad"},"geometry":{"type":"LineString","coordinates":[[13.84766,52.82168],[13.8477,52.82163]]}},{"type":"Feature","properties":{"art":"weg"},"geometry":{"type":"LineString","coordinates":[[13.85248,52.82224],[13.85258,52.82278]]}},{"type":"Feature","properties":{"art":"pfad"},"geometry":{"type":"LineString","coordinates":[[13.84653,52.82144],[13.84652,52.82142],[13.84651,52.82022],[13.84651,52.81979],[13.84646,52.81931],[13.84638,52.81919],[13.84624,52.81908],[13.84599,52.81898],[13.8457,52.81896],[13.84548,52.81895],[13.84503,52.81886],[13.84333,52.81885],[13.8423,52.81915],[13.84143,52.81929],[13.84057,52.81935],[13.83914,52.81936]]}},{"type":"Feature","properties":{"art":"weg"},"geometry":{"type":"LineString","coordinates":[[13.86281,52.82276],[13.86313,52.82266],[13.86333,52.82261],[13.86363,52.82255],[13.86404,52.8225],[13.86479,52.82242],[13.86523,52.82239]]}},{"type":"Feature","properties":{"art":"weg"},"geometry":{"type":"LineString","coordinates":[[13.86236,52.82434],[13.8617,52.82395],[13.86063,52.8233],[13.86024,52.82318],[13.85796,52.82288],[13.857,52.82277],[13.85648,52.82272],[13.85535,52.8226],[13.85284,52.82232],[13.85248,52.82224]]}},{"type":"Feature","properties":{"art":"strasse"},"geometry":{"type":"LineString","coordinates":[[13.8633,52.82502],[13.86331,52.82501],[13.86347,52.82494],[13.86361,52.82489]]}},{"type":"Feature","properties":{"art":"pfad"},"geometry":{"type":"LineString","coordinates":[[13.857,52.82277],[13.85687,52.82296],[13.8569,52.82318],[13.8569,52.8232]]}},{"type":"Feature","properties":{"art":"strasse"},"geometry":{"type":"LineString","coordinates":[[13.86331,52.82501],[13.86319,52.82491],[13.86314,52.82484],[13.86308,52.82478],[13.86236,52.82434]]}},{"type":"Feature","properties":{"art":"pfad"},"geometry":{"type":"LineString","coordinates":[[13.82736,52.79527],[13.82874,52.79537],[13.8299,52.79545],[13.83445,52.79578],[13.83698,52.79592]]}},{"type":"Feature","properties":{"art":"pfad"},"geometry":{"type":"LineString","coordinates":[[13.83409,52.7966],[13.83366,52.7965],[13.83298,52.79642],[13.83251,52.79642],[13.8315,52.79646]]}},{"type":"Feature","properties":{"art":"pfad"},"geometry":{"type":"LineString","coordinates":[[13.83445,52.79578],[13.83417,52.79644],[13.83409,52.7966],[13.83378,52.79723],[13.83321,52.79771],[13.83285,52.79818],[13.83251,52.79869],[13.83194,52.7989]]}},{"type":"Feature","properties":{"art":"pfad"},"geometry":{"type":"LineString","coordinates":[[13.83378,52.79723],[13.83261,52.79723],[13.83112,52.79732],[13.83085,52.79741],[13.83067,52.79749],[13.83001,52.79754],[13.82905,52.7976],[13.82874,52.79757],[13.82855,52.79747]]}},{"type":"Feature","properties":{"art":"pfad"},"geometry":{"type":"LineString","coordinates":[[13.83194,52.7989],[13.83217,52.79892]]}},{"type":"Feature","properties":{"art":"pfad"},"geometry":{"type":"LineString","coordinates":[[13.83617,52.7999],[13.83489,52.79967],[13.83389,52.79948],[13.83233,52.79906],[13.83194,52.7989],[13.83174,52.79889],[13.83149,52.79895],[13.83109,52.79909],[13.83069,52.79932],[13.82928,52.79989],[13.82917,52.79994]]}},{"type":"Feature","properties":{"art":"pfad"},"geometry":{"type":"LineString","coordinates":[[13.83464,52.80099],[13.83306,52.80094],[13.83275,52.80093],[13.8314,52.80071],[13.83088,52.80056],[13.83039,52.8005]]}},{"type":"Feature","properties":{"art":"pfad"},"geometry":{"type":"LineString","coordinates":[[13.83315,52.80413],[13.83351,52.80355],[13.83348,52.8032],[13.83302,52.80247],[13.83189,52.80231],[13.83067,52.80071],[13.83039,52.8005]]}},{"type":"Feature","properties":{"art":"weg"},"geometry":{"type":"LineString","coordinates":[[13.83019,52.81045],[13.83048,52.80823],[13.8308,52.8057]]}},{"type":"Feature","properties":{"art":"weg"},"geometry":{"type":"LineString","coordinates":[[13.83027,52.81306],[13.83038,52.81286],[13.83067,52.8126],[13.831,52.81247],[13.83134,52.81236],[13.83149,52.81231]]}},{"type":"Feature","properties":{"art":"strasse"},"geometry":{"type":"LineString","coordinates":[[13.83251,52.81805],[13.83298,52.81573],[13.833,52.81566],[13.833,52.81563],[13.83347,52.81331],[13.83372,52.81211],[13.83398,52.81079],[13.83495,52.80591],[13.83511,52.80512],[13.83575,52.80196],[13.83617,52.7999],[13.83698,52.79592],[13.83763,52.79256],[13.83839,52.78912],[13.83861,52.78794],[13.83864,52.78782],[13.83867,52.78769],[13.83882,52.78698]]}},{"type":"Feature","properties":{"art":"strasse"},"geometry":{"type":"LineString","coordinates":[[13.83398,52.81079],[13.83807,52.81049]]}},{"type":"Feature","properties":{"art":"weg"},"geometry":{"type":"LineString","coordinates":[[13.83914,52.81936],[13.83862,52.81922],[13.83782,52.81915],[13.83639,52.81893],[13.83463,52.8187],[13.83363,52.81857],[13.83244,52.81838]]}},{"type":"Feature","properties":{"art":"pfad"},"geometry":{"type":"LineString","coordinates":[[13.83914,52.81936],[13.83847,52.81988]]}},{"type":"Feature","properties":{"art":"pfad"},"geometry":{"type":"LineString","coordinates":[[13.8299,52.79545],[13.83,52.79584],[13.83001,52.7966],[13.83001,52.79754]]}},{"type":"Feature","properties":{"art":"pfad"},"geometry":{"type":"LineString","coordinates":[[13.82924,52.7972],[13.82855,52.79747],[13.8283,52.79762],[13.82738,52.79776]]}},{"type":"Feature","properties":{"art":"pfad"},"geometry":{"type":"LineString","coordinates":[[13.83039,52.8005],[13.82924,52.80035],[13.82702,52.80022],[13.82619,52.80033],[13.82556,52.80064]]}},{"type":"Feature","properties":{"art":"pfad"},"geometry":{"type":"LineString","coordinates":[[13.82993,52.80302],[13.82998,52.80247],[13.83039,52.8005],[13.82928,52.79989]]}},{"type":"Feature","properties":{"art":"pfad"},"geometry":{"type":"LineString","coordinates":[[13.82129,52.80432],[13.82286,52.80425],[13.82664,52.80425],[13.83012,52.80438],[13.83377,52.80467],[13.83511,52.80512]]}},{"type":"Feature","properties":{"art":"weg"},"geometry":{"type":"LineString","coordinates":[[13.82144,52.80519],[13.82687,52.80549],[13.8308,52.8057],[13.83495,52.80591]]}},{"type":"Feature","properties":{"art":"weg"},"geometry":{"type":"LineString","coordinates":[[13.8263,52.8105],[13.83019,52.81045],[13.83049,52.8106],[13.83046,52.81093],[13.8306,52.81132],[13.83115,52.81162],[13.83135,52.81195],[13.83149,52.81231]]}},{"type":"Feature","properties":{"art":"pfad"},"geometry":{"type":"LineString","coordinates":[[13.82777,52.81525],[13.82791,52.81529],[13.82828,52.81531],[13.82877,52.81524],[13.82909,52.81526],[13.82953,52.81542],[13.82988,52.81541],[13.83035,52.81532],[13.83061,52.81532],[13.83115,52.81545]]}},{"type":"Feature","properties":{"art":"strasse"},"geometry":{"type":"LineString","coordinates":[[13.833,52.81563],[13.83149,52.81555],[13.83115,52.81545]]}},{"type":"Feature","properties":{"art":"strasse"},"geometry":{"type":"LineString","coordinates":[[13.83244,52.81838],[13.83251,52.81805]]}},{"type":"Feature","properties":{"art":"strasse"},"geometry":{"type":"LineString","coordinates":[[13.83231,52.81902],[13.83244,52.81838]]}},{"type":"Feature","properties":{"art":"strasse"},"geometry":{"type":"LineString","coordinates":[[13.83219,52.81958],[13.83231,52.81902]]}},{"type":"Feature","properties":{"art":"pfad"},"geometry":{"type":"LineString","coordinates":[[13.82676,52.82505],[13.82681,52.82501]]}},{"type":"Feature","properties":{"art":"strasse"},"geometry":{"type":"LineString","coordinates":[[13.8277,52.82568],[13.82681,52.82501]]}},{"type":"Feature","properties":{"art":"strasse"},"geometry":{"type":"LineString","coordinates":[[13.82752,52.82713],[13.8275,52.82713],[13.8274,52.82712],[13.82731,52.8271],[13.82725,52.82705],[13.82716,52.82682],[13.82718,52.82677],[13.82722,52.82673],[13.82738,52.82667]]}},{"type":"Feature","properties":{"art":"strasse"},"geometry":{"type":"LineString","coordinates":[[13.82643,52.82775],[13.82771,52.82754]]}},{"type":"Feature","properties":{"art":"pfad"},"geometry":{"type":"LineString","coordinates":[[13.82257,52.79234],[13.82281,52.79257],[13.82321,52.79276],[13.8242,52.79297],[13.82472,52.79315],[13.82467,52.79382],[13.82419,52.79458],[13.82435,52.79485],[13.82531,52.79508],[13.82575,52.79522],[13.82638,52.79517],[13.82736,52.79527]]}},{"type":"Feature","properties":{"art":"pfad"},"geometry":{"type":"LineString","coordinates":[[13.82874,52.79537],[13.82813,52.79593],[13.82546,52.7972],[13.82392,52.79715],[13.82336,52.79705],[13.82216,52.79709],[13.82117,52.79711],[13.82013,52.79715]]}},{"type":"Feature","properties":{"art":"pfad"},"geometry":{"type":"LineString","coordinates":[[13.82928,52.79989],[13.8288,52.79967],[13.82866,52.79959],[13.82852,52.79951],[13.82833,52.79933],[13.82818,52.79927],[13.82774,52.79927],[13.82733,52.79927],[13.82698,52.79914],[13.82608,52.79865],[13.82562,52.7986],[13.82506,52.79861],[13.82484,52.79863],[13.82456,52.7987],[13.82428,52.79887],[13.82376,52.79903],[13.82297,52.79918],[13.82259,52.7992],[13.82199,52.79916],[13.8215,52.79919],[13.82084,52.79929],[13.82059,52.7993],[13.82044,52.79928]]}},{"type":"Feature","properties":{"art":"weg"},"geometry":{"type":"LineString","coordinates":[[13.82103,52.8078],[13.82226,52.80785],[13.82365,52.80793],[13.8266,52.80808]]}},{"type":"Feature","properties":{"art":"pfad"},"geometry":{"type":"LineString","coordinates":[[13.82284,52.80913],[13.82383,52.80874],[13.82409,52.80853],[13.82365,52.80793]]}},{"type":"Feature","properties":{"art":"pfad"},"geometry":{"type":"LineString","coordinates":[[13.82341,52.81291],[13.82318,52.8125],[13.82314,52.81236],[13.82315,52.81215],[13.82322,52.81196],[13.82333,52.81176],[13.8233,52.81134],[13.82316,52.81106],[13.82311,52.81102],[13.82302,52.81089],[13.82304,52.81065],[13.82322,52.81036],[13.82314,52.80981],[13.82284,52.80913],[13.82226,52.80785]]}},{"type":"Feature","properties":{"art":"pfad"},"geometry":{"type":"LineString","coordinates":[[13.82316,52.81106],[13.82409,52.81097],[13.82488,52.81076],[13.82548,52.8107],[13.8263,52.8105]]}},{"type":"Feature","properties":{"art":"pfad"},"geometry":{"type":"LineString","coordinates":[[13.82126,52.79476],[13.82153,52.79482],[13.82243,52.79487],[13.82357,52.79487],[13.82404,52.79479],[13.82419,52.79458]]}},{"type":"Feature","properties":{"art":"pfad"},"geometry":{"type":"LineString","coordinates":[[13.82068,52.80986],[13.82314,52.80981]]}},{"type":"Feature","properties":{"art":"weg"},"geometry":{"type":"LineString","coordinates":[[13.83377,52.80467],[13.83315,52.80413],[13.83251,52.80357],[13.8323,52.80343],[13.83166,52.80323],[13.8313,52.80311],[13.8305,52.80263],[13.83018,52.80251],[13.82998,52.80247],[13.82927,52.80233],[13.82902,52.80223],[13.82867,52.80202],[13.82826,52.80173],[13.82767,52.80142],[13.82707,52.80086],[13.82638,52.80061],[13.826,52.80059],[13.82556,52.80064],[13.82481,52.80078],[13.82335,52.80076],[13.8221,52.8006],[13.82121,52.80031],[13.82048,52.80027],[13.81997,52.80042],[13.81959,52.80042]]}},{"type":"Feature","properties":{"art":"weg"},"geometry":{"type":"LineString","coordinates":[[13.8266,52.80808],[13.82687,52.80549]]}},{"type":"Feature","properties":{"art":"pfad"},"geometry":{"type":"LineString","coordinates":[[13.82409,52.80853],[13.82549,52.80845],[13.8256,52.80844],[13.8259,52.80854],[13.82653,52.80862]]}},{"type":"Feature","properties":{"art":"weg"},"geometry":{"type":"LineString","coordinates":[[13.8266,52.80808],[13.82653,52.80862],[13.8263,52.8105]]}},{"type":"Feature","properties":{"art":"pfad"},"geometry":{"type":"LineString","coordinates":[[13.8263,52.8105],[13.8262,52.81169],[13.82619,52.81178],[13.82608,52.81181],[13.82496,52.81195],[13.82322,52.81196]]}},{"type":"Feature","properties":{"art":"weg"},"geometry":{"type":"LineString","coordinates":[[13.81976,52.81659],[13.82008,52.81662],[13.82102,52.81681],[13.82187,52.81694],[13.82296,52.81704],[13.82375,52.81713],[13.82497,52.81731],[13.82617,52.81751],[13.82725,52.81766],[13.82839,52.81781],[13.82891,52.81784],[13.82966,52.81772],[13.83041,52.81775],[13.83155,52.81775],[13.83208,52.81788],[13.83251,52.81805]]}},{"type":"Feature","properties":{"art":"pfad"},"geometry":{"type":"LineString","coordinates":[[13.82109,52.82193],[13.82103,52.82191],[13.82103,52.82189]]}},{"type":"Feature","properties":{"art":"strasse"},"geometry":{"type":"LineString","coordinates":[[13.82155,52.82219],[13.82147,52.82217],[13.82143,52.82214],[13.82143,52.82212]]}},{"type":"Feature","properties":{"art":"strasse"},"geometry":{"type":"LineString","coordinates":[[13.82681,52.82501],[13.82646,52.82475],[13.82641,52.82472]]}},{"type":"Feature","properties":{"art":"pfad"},"geometry":{"type":"LineString","coordinates":[[13.82165,52.82557],[13.82269,52.82558],[13.82338,52.82561],[13.8236,52.82562]]}},{"type":"Feature","properties":{"art":"pfad"},"geometry":{"type":"LineString","coordinates":[[13.8236,52.82562],[13.82409,52.82568],[13.82434,52.8257],[13.82456,52.82573],[13.82471,52.82579]]}},{"type":"Feature","properties":{"art":"pfad"},"geometry":{"type":"LineString","coordinates":[[13.82447,52.82618],[13.82415,52.82651]]}},{"type":"Feature","properties":{"art":"pfad"},"geometry":{"type":"LineString","coordinates":[[13.82411,52.82655],[13.82366,52.82703],[13.82365,52.82707]]}},{"type":"Feature","properties":{"art":"strasse"},"geometry":{"type":"LineString","coordinates":[[13.82189,52.82239],[13.82184,52.82244],[13.82104,52.82218],[13.82091,52.82214],[13.82109,52.82193],[13.8211,52.82192]]}},{"type":"Feature","properties":{"art":"strasse"},"geometry":{"type":"LineString","coordinates":[[13.82184,52.82244],[13.82195,52.82246],[13.822,52.82245]]}},{"type":"Feature","properties":{"art":"pfad"},"geometry":{"type":"LineString","coordinates":[[13.82107,52.82319],[13.82133,52.82328],[13.82146,52.82339],[13.82156,52.8235],[13.82161,52.82357],[13.82161,52.8237],[13.82151,52.82413],[13.82155,52.82429],[13.8216,52.82438],[13.82146,52.82465],[13.82137,52.82498],[13.82139,52.82514],[13.82151,52.82529],[13.82161,52.82551],[13.82165,52.82557]]}},{"type":"Feature","properties":{"art":"strasse"},"geometry":{"type":"LineString","coordinates":[[13.82051,52.82638],[13.82065,52.82641],[13.82088,52.82646],[13.82143,52.82658]]}},{"type":"Feature","properties":{"art":"pfad"},"geometry":{"type":"LineString","coordinates":[[13.8214,52.82663],[13.8209,52.82652],[13.82086,52.82651],[13.82048,52.82643]]}},{"type":"Feature","properties":{"art":"strasse"},"geometry":{"type":"LineString","coordinates":[[13.8214,52.82663],[13.82143,52.82658]]}},{"type":"Feature","properties":{"art":"pfad"},"geometry":{"type":"LineString","coordinates":[[13.82148,52.82664],[13.82152,52.8266]]}},{"type":"Feature","properties":{"art":"pfad"},"geometry":{"type":"LineString","coordinates":[[13.82566,52.82489],[13.82455,52.82506],[13.82408,52.8254],[13.82374,52.82555],[13.8236,52.82562]]}},{"type":"Feature","properties":{"art":"pfad"},"geometry":{"type":"LineString","coordinates":[[13.82494,52.82597],[13.82525,52.82572],[13.8259,52.82545],[13.82639,52.82533],[13.82667,52.82518],[13.82671,52.82509],[13.82676,52.82505]]}},{"type":"Feature","properties":{"art":"weg"},"geometry":{"type":"LineString","coordinates":[[13.82494,52.82597],[13.82471,52.82579]]}},{"type":"Feature","properties":{"art":"weg"},"geometry":{"type":"LineString","coordinates":[[13.82456,52.8261],[13.82471,52.82579]]}},{"type":"Feature","properties":{"art":"weg"},"geometry":{"type":"LineString","coordinates":[[13.82456,52.8261],[13.82466,52.82604],[13.82478,52.82601],[13.82494,52.82597]]}},{"type":"Feature","properties":{"art":"pfad"},"geometry":{"type":"LineString","coordinates":[[13.82494,52.82597],[13.8254,52.82613]]}},{"type":"Feature","properties":{"art":"pfad"},"geometry":{"type":"LineString","coordinates":[[13.82456,52.8261],[13.82452,52.82613]]}},{"type":"Feature","properties":{"art":"pfad"},"geometry":{"type":"LineString","coordinates":[[13.8258,52.82773],[13.82594,52.82734],[13.82605,52.82716],[13.82622,52.82692],[13.82626,52.82684],[13.82603,52.82614],[13.82598,52.82595],[13.82592,52.82577],[13.82591,52.82567],[13.8259,52.82545],[13.82583,52.82491]]}},{"type":"Feature","properties":{"art":"strasse"},"geometry":{"type":"LineString","coordinates":[[13.82143,52.82658],[13.82152,52.8266],[13.82358,52.82705]]}},{"type":"Feature","properties":{"art":"pfad"},"geometry":{"type":"LineString","coordinates":[[13.82354,52.82709],[13.82148,52.82664],[13.8214,52.82663]]}},{"type":"Feature","properties":{"art":"strasse"},"geometry":{"type":"LineString","coordinates":[[13.82358,52.82705],[13.82365,52.82707]]}},{"type":"Feature","properties":{"art":"pfad"},"geometry":{"type":"LineString","coordinates":[[13.82365,52.82707],[13.82364,52.82711]]}},{"type":"Feature","properties":{"art":"pfad"},"geometry":{"type":"LineString","coordinates":[[13.82364,52.82711],[13.82354,52.82709]]}},{"type":"Feature","properties":{"art":"strasse"},"geometry":{"type":"LineString","coordinates":[[13.82358,52.82705],[13.82354,52.82709],[13.82353,52.8271],[13.82327,52.82741]]}},{"type":"Feature","properties":{"art":"pfad"},"geometry":{"type":"LineString","coordinates":[[13.82337,52.82743],[13.82364,52.82711]]}},{"type":"Feature","properties":{"art":"strasse"},"geometry":{"type":"LineString","coordinates":[[13.82687,52.82811],[13.82725,52.82796],[13.82731,52.82801]]}},{"type":"Feature","properties":{"art":"strasse"},"geometry":{"type":"LineString","coordinates":[[13.85473,52.84038],[13.85474,52.84039]]}},{"type":"Feature","properties":{"art":"weg"},"geometry":{"type":"LineString","coordinates":[[13.8585,52.83948],[13.85861,52.83917],[13.85866,52.83887],[13.85866,52.83867],[13.8586,52.83842],[13.85864,52.83817]]}},{"type":"Feature","properties":{"art":"pfad"},"geometry":{"type":"LineString","coordinates":[[13.85697,52.83842],[13.85696,52.83877],[13.85692,52.83885],[13.85723,52.83901],[13.85728,52.83911]]}},{"type":"Feature","properties":{"art":"pfad"},"geometry":{"type":"LineString","coordinates":[[13.85957,52.84019],[13.85904,52.84025],[13.85825,52.84018],[13.85712,52.83988],[13.85709,52.83987]]}},{"type":"Feature","properties":{"art":"pfad"},"geometry":{"type":"LineString","coordinates":[[13.85826,52.83915],[13.85823,52.83934],[13.85819,52.83948],[13.85805,52.83957],[13.85781,52.83954],[13.85761,52.83947]]}},{"type":"Feature","properties":{"art":"pfad"},"geometry":{"type":"LineString","coordinates":[[13.85904,52.84025],[13.85906,52.84044],[13.85903,52.84061],[13.86019,52.84114]]}},{"type":"Feature","properties":{"art":"pfad"},"geometry":{"type":"LineString","coordinates":[[13.8609,52.84076],[13.86124,52.84088],[13.86244,52.84115],[13.86305,52.84143],[13.86394,52.84181],[13.86418,52.84203],[13.86449,52.84216],[13.86467,52.8422],[13.86483,52.84219],[13.86495,52.84215],[13.8651,52.84208],[13.86524,52.84196],[13.86542,52.84186],[13.86558,52.8417],[13.8656,52.84139],[13.86569,52.84124],[13.86586,52.84114],[13.86606,52.84109],[13.8667,52.84113],[13.86748,52.84119],[13.86826,52.84124],[13.86885,52.84123],[13.86916,52.84114],[13.87029,52.84072],[13.87061,52.8407],[13.87088,52.84073],[13.87112,52.84081],[13.87127,52.84091],[13.87131,52.84104],[13.87137,52.84139],[13.87159,52.84154],[13.87173,52.84161]]}},{"type":"Feature","properties":{"art":"pfad"},"geometry":{"type":"LineString","coordinates":[[13.87173,52.84161],[13.8716,52.84163],[13.86923,52.84248],[13.86753,52.84283],[13.86619,52.84302],[13.86517,52.84339],[13.86293,52.84413]]}},{"type":"Feature","properties":{"art":"pfad"},"geometry":{"type":"LineString","coordinates":[[13.86171,52.84454],[13.86128,52.84468],[13.86094,52.84503]]}},{"type":"Feature","properties":{"art":"pfad"},"geometry":{"type":"LineString","coordinates":[[13.85961,52.84502],[13.85946,52.84484],[13.85905,52.84401],[13.85887,52.84374],[13.85879,52.8432],[13.85816,52.8419],[13.85821,52.84161],[13.85849,52.84146],[13.8592,52.84134],[13.86003,52.84119],[13.86019,52.84114],[13.8604,52.84108],[13.8609,52.84076],[13.85957,52.84019],[13.85881,52.83979],[13.8585,52.83948],[13.85842,52.83941],[13.85826,52.83915],[13.85772,52.83879],[13.85697,52.83842],[13.85681,52.83834],[13.85608,52.83827],[13.85581,52.83818]]}},{"type":"Feature","properties":{"art":"weg"},"geometry":{"type":"LineString","coordinates":[[13.84243,52.84662],[13.84261,52.84653]]}},{"type":"Feature","properties":{"art":"weg"},"geometry":{"type":"LineString","coordinates":[[13.8427,52.84662],[13.84243,52.84662]]}},{"type":"Feature","properties":{"art":"strasse"},"geometry":{"type":"LineString","coordinates":[[13.84105,52.84646],[13.84194,52.84674],[13.84237,52.84688],[13.84271,52.84701],[13.84312,52.84722],[13.84319,52.84726]]}},{"type":"Feature","properties":{"art":"strasse"},"geometry":{"type":"LineString","coordinates":[[13.84363,52.8475],[13.84398,52.8477],[13.84477,52.84817]]}},{"type":"Feature","properties":{"art":"strasse"},"geometry":{"type":"LineString","coordinates":[[13.84194,52.84674],[13.84203,52.84669],[13.84222,52.84665],[13.84243,52.84662]]}},{"type":"Feature","properties":{"art":"pfad"},"geometry":{"type":"LineString","coordinates":[[13.86043,52.84912],[13.86054,52.84914]]}},{"type":"Feature","properties":{"art":"strasse"},"geometry":{"type":"LineString","coordinates":[[13.84641,52.84918],[13.84688,52.84956]]}},{"type":"Feature","properties":{"art":"strasse"},"geometry":{"type":"LineString","coordinates":[[13.84969,52.85188],[13.84985,52.85207],[13.85054,52.85299],[13.85058,52.85304]]}},{"type":"Feature","properties":{"art":"strasse"},"geometry":{"type":"LineString","coordinates":[[13.85058,52.85304],[13.85083,52.85332]]}},{"type":"Feature","properties":{"art":"weg"},"geometry":{"type":"LineString","coordinates":[[13.85058,52.85304],[13.85043,52.85306],[13.85028,52.85309],[13.84984,52.85303],[13.84942,52.85289],[13.84908,52.85279],[13.84875,52.85279],[13.84845,52.85285],[13.8481,52.85306],[13.84787,52.85355],[13.84792,52.85374],[13.8484,52.85467],[13.8488,52.85523],[13.84917,52.85544],[13.84985,52.85582],[13.8501,52.85637],[13.85008,52.85651],[13.84992,52.85675],[13.84988,52.85685],[13.84984,52.8569],[13.84984,52.85697],[13.84983,52.8572],[13.84977,52.85726],[13.84977,52.85747],[13.84977,52.85755],[13.84978,52.85767],[13.84964,52.85814]]}},{"type":"Feature","properties":{"art":"strasse"},"geometry":{"type":"LineString","coordinates":[[13.82028,52.85213],[13.82021,52.8522],[13.82012,52.85227],[13.82002,52.85243],[13.82016,52.85247]]}},{"type":"Feature","properties":{"art":"weg"},"geometry":{"type":"LineString","coordinates":[[13.82021,52.8522],[13.82022,52.85228],[13.82027,52.85232],[13.82034,52.85232],[13.82041,52.8523],[13.82042,52.85217]]}},{"type":"Feature","properties":{"art":"strasse"},"geometry":{"type":"LineString","coordinates":[[13.8212,52.85245],[13.8208,52.85298],[13.82081,52.85305],[13.82099,52.85307],[13.82123,52.8531]]}},{"type":"Feature","properties":{"art":"strasse"},"geometry":{"type":"LineString","coordinates":[[13.82081,52.85305],[13.82079,52.85326],[13.82121,52.85332]]}},{"type":"Feature","properties":{"art":"strasse"},"geometry":{"type":"LineString","coordinates":[[13.8213,52.85311],[13.82123,52.8531]]}},{"type":"Feature","properties":{"art":"strasse"},"geometry":{"type":"LineString","coordinates":[[13.8214,52.85288],[13.82123,52.8531]]}},{"type":"Feature","properties":{"art":"pfad"},"geometry":{"type":"LineString","coordinates":[[13.89295,52.79411],[13.89394,52.79471],[13.89503,52.79528],[13.89981,52.79563],[13.9023,52.79585]]}},{"type":"Feature","properties":{"art":"strasse"},"geometry":{"type":"LineString","coordinates":[[13.89959,52.788],[13.90088,52.78985],[13.90094,52.78995],[13.90139,52.79063],[13.90179,52.79125],[13.90194,52.79151],[13.90205,52.79177],[13.90218,52.7921],[13.90307,52.79478],[13.90337,52.79572],[13.90367,52.79665],[13.90395,52.79752],[13.90405,52.79774],[13.90415,52.79788],[13.90463,52.79847],[13.90558,52.79965],[13.9063,52.80053],[13.90645,52.80068],[13.90668,52.80089],[13.90693,52.80109]]}},{"type":"Feature","properties":{"art":"pfad"},"geometry":{"type":"LineString","coordinates":[[13.89139,52.79845],[13.8921,52.79516],[13.89227,52.79484],[13.89243,52.79459],[13.89279,52.79436],[13.89295,52.79411],[13.8925,52.79378],[13.89195,52.79308],[13.89169,52.79289],[13.89113,52.79262],[13.89018,52.7917]]}},{"type":"Feature","properties":{"art":"weg"},"geometry":{"type":"LineString","coordinates":[[13.90845,52.79065],[13.9082,52.79079],[13.90647,52.79191],[13.90537,52.79253],[13.90497,52.79284],[13.90423,52.79359]]}},{"type":"Feature","properties":{"art":"weg"},"geometry":{"type":"LineString","coordinates":[[13.90412,52.79371],[13.90315,52.7947],[13.90307,52.79478],[13.9029,52.79499],[13.9023,52.79585],[13.90148,52.79721],[13.90048,52.79871],[13.90014,52.79916],[13.8989,52.80113],[13.8983,52.80203],[13.89782,52.80275],[13.89673,52.8044],[13.89538,52.80657],[13.89532,52.80667]]}},{"type":"Feature","properties":{"art":"pfad"},"geometry":{"type":"LineString","coordinates":[[13.90048,52.79871],[13.90006,52.79832],[13.89912,52.79772],[13.89874,52.79724]]}},{"type":"Feature","properties":{"art":"pfad"},"geometry":{"type":"LineString","coordinates":[[13.88754,52.79822],[13.89062,52.79841],[13.89139,52.79845],[13.89236,52.79853],[13.89347,52.79863],[13.89444,52.79872],[13.89534,52.79881],[13.89717,52.79893],[13.90014,52.79916],[13.90386,52.79949],[13.90558,52.79965]]}},{"type":"Feature","properties":{"art":"pfad"},"geometry":{"type":"LineString","coordinates":[[13.89464,52.79826],[13.89444,52.79872],[13.89435,52.79891],[13.89412,52.79909],[13.89391,52.7992],[13.8938,52.79962]]}},{"type":"Feature","properties":{"art":"pfad"},"geometry":{"type":"LineString","coordinates":[[13.89062,52.79841],[13.89015,52.79869],[13.89001,52.79877],[13.88985,52.79888],[13.88958,52.79903],[13.88941,52.79926],[13.88917,52.79978],[13.88906,52.80028],[13.88902,52.80071],[13.88907,52.80108],[13.8892,52.80136],[13.88932,52.80165],[13.88961,52.80207]]}},{"type":"Feature","properties":{"art":"pfad"},"geometry":{"type":"LineString","coordinates":[[13.89782,52.80275],[13.89438,52.80245],[13.89059,52.80216],[13.88961,52.80207],[13.88373,52.80162]]}},{"type":"Feature","properties":{"art":"pfad"},"geometry":{"type":"LineString","coordinates":[[13.88964,52.80621],[13.89059,52.80216],[13.89139,52.79845]]}},{"type":"Feature","properties":{"art":"pfad"},"geometry":{"type":"LineString","coordinates":[[13.87268,52.79194],[13.87245,52.79242],[13.87205,52.79291],[13.87164,52.79339],[13.87111,52.79371],[13.8704,52.79394],[13.86923,52.79427],[13.86912,52.79453]]}},{"type":"Feature","properties":{"art":"weg"},"geometry":{"type":"LineString","coordinates":[[13.88912,52.79148],[13.88814,52.79178],[13.88754,52.79187],[13.88668,52.79214],[13.88586,52.79231],[13.88463,52.79247],[13.88374,52.79251],[13.88307,52.7927],[13.88219,52.79312],[13.88138,52.79311],[13.88,52.7932],[13.87728,52.79362],[13.87286,52.79529],[13.87096,52.79627],[13.86847,52.79755],[13.86745,52.79808],[13.86613,52.79875]]}},{"type":"Feature","properties":{"art":"pfad"},"geometry":{"type":"LineString","coordinates":[[13.8692,52.79442],[13.86912,52.79453],[13.86923,52.79471],[13.86947,52.79489],[13.86963,52.79509],[13.87014,52.7955],[13.87096,52.79627]]}},{"type":"Feature","properties":{"art":"pfad"},"geometry":{"type":"LineString","coordinates":[[13.88061,52.79615],[13.88054,52.79625],[13.88024,52.79639],[13.87993,52.79647],[13.87945,52.79662],[13.87886,52.79685],[13.87831,52.79705],[13.87795,52.79701]]}},{"type":"Feature","properties":{"art":"pfad"},"geometry":{"type":"LineString","coordinates":[[13.8713,52.79678],[13.87153,52.79674]]}},{"type":"Feature","properties":{"art":"pfad"},"geometry":{"type":"LineString","coordinates":[[13.8838,52.79793],[13.88511,52.79845],[13.88628,52.79847],[13.88732,52.79818]]}},{"type":"Feature","properties":{"art":"pfad"},"geometry":{"type":"LineString","coordinates":[[13.86847,52.79755],[13.87039,52.79779],[13.87134,52.79801],[13.87229,52.79822],[13.87315,52.79839],[13.87506,52.79839],[13.87769,52.79901],[13.87787,52.79908],[13.87987,52.79996],[13.8809,52.80045]]}},{"type":"Feature","properties":{"art":"pfad"},"geometry":{"type":"LineString","coordinates":[[13.87795,52.79701],[13.87771,52.79748],[13.87807,52.79813],[13.87803,52.79834],[13.87787,52.79908],[13.87786,52.79923],[13.87783,52.79933],[13.87783,52.79949],[13.87775,52.79984],[13.87764,52.80018],[13.87759,52.80047],[13.87756,52.80071],[13.87754,52.80078],[13.87751,52.80101],[13.87748,52.80107]]}},{"type":"Feature","properties":{"art":"pfad"},"geometry":{"type":"LineString","coordinates":[[13.88197,52.79734],[13.88177,52.79813],[13.88185,52.79847],[13.88167,52.7992],[13.88147,52.79981],[13.8809,52.80045],[13.88147,52.80067],[13.88227,52.80091],[13.88307,52.80154],[13.88373,52.80162]]}},{"type":"Feature","properties":{"art":"pfad"},"geometry":{"type":"LineString","coordinates":[[13.87109,52.80045],[13.87128,52.80045]]}},{"type":"Feature","properties":{"art":"weg"},"geometry":{"type":"LineString","coordinates":[[13.8713,52.80327],[13.87156,52.80288],[13.87204,52.80249],[13.87195,52.8017],[13.87128,52.80062],[13.87128,52.80048],[13.87128,52.80045],[13.87127,52.79849],[13.87132,52.79817]]}},{"type":"Feature","properties":{"art":"pfad"},"geometry":{"type":"LineString","coordinates":[[13.87128,52.80048],[13.87155,52.80052],[13.8718,52.80052],[13.87231,52.80062],[13.87399,52.80073],[13.87438,52.80075],[13.87528,52.80086],[13.87632,52.80092],[13.87723,52.80098],[13.87751,52.80101],[13.87771,52.80103]]}},{"type":"Feature","properties":{"art":"pfad"},"geometry":{"type":"LineString","coordinates":[[13.88196,52.80976],[13.88208,52.80924],[13.88235,52.8081],[13.88293,52.80564],[13.88373,52.80162],[13.88411,52.8002],[13.88524,52.80022],[13.88585,52.8],[13.88672,52.79918],[13.88754,52.79822],[13.88732,52.79818],[13.88605,52.79802],[13.8838,52.79793],[13.88365,52.79791],[13.88287,52.79769],[13.88197,52.79734],[13.88061,52.79615],[13.88138,52.79311]]}},{"type":"Feature","properties":{"art":"weg"},"geometry":{"type":"LineString","coordinates":[[13.87321,52.80504],[13.87326,52.80491],[13.87348,52.80484]]}},{"type":"Feature","properties":{"art":"weg"},"geometry":{"type":"LineString","coordinates":[[13.87304,52.80479],[13.87348,52.80484],[13.87643,52.80512],[13.88088,52.80544],[13.88293,52.80564],[13.88964,52.80621],[13.89383,52.80661],[13.89456,52.80663],[13.89484,52.80663],[13.89532,52.80667]]}},{"type":"Feature","properties":{"art":"pfad"},"geometry":{"type":"LineString","coordinates":[[13.88333,52.80869],[13.88311,52.80843],[13.88235,52.8081]]}},{"type":"Feature","properties":{"art":"pfad"},"geometry":{"type":"LineString","coordinates":[[13.87567,52.80852],[13.87777,52.80874],[13.88208,52.80924]]}},{"type":"Feature","properties":{"art":"pfad"},"geometry":{"type":"LineString","coordinates":[[13.87567,52.80852],[13.875,52.80857],[13.87256,52.80878],[13.86813,52.80916]]}},{"type":"Feature","properties":{"art":"weg"},"geometry":{"type":"LineString","coordinates":[[13.87304,52.80479],[13.87321,52.80504],[13.87352,52.80549],[13.87468,52.80709],[13.87519,52.8078],[13.87567,52.80852],[13.8767,52.81015],[13.87693,52.81043],[13.87725,52.81078],[13.87784,52.8112],[13.87838,52.81157],[13.88076,52.81329]]}},{"type":"Feature","properties":{"art":"pfad"},"geometry":{"type":"LineString","coordinates":[[13.89448,52.80782],[13.89289,52.80772],[13.89165,52.80761],[13.88938,52.80742],[13.88866,52.80743],[13.88784,52.80754],[13.88388,52.80853],[13.88333,52.80869],[13.88312,52.80921],[13.88253,52.80953],[13.88196,52.80976],[13.8817,52.81022],[13.8811,52.81036],[13.88017,52.8105],[13.87944,52.81087],[13.87877,52.81137],[13.87838,52.81157]]}},{"type":"Feature","properties":{"art":"weg"},"geometry":{"type":"LineString","coordinates":[[13.89484,52.80663],[13.89507,52.80676],[13.89514,52.80687]]}},{"type":"Feature","properties":{"art":"pfad"},"geometry":{"type":"LineString","coordinates":[[13.88899,52.80895],[13.88938,52.80742],[13.88964,52.80621]]}},{"type":"Feature","properties":{"art":"weg"},"geometry":{"type":"LineString","coordinates":[[13.89532,52.80667],[13.90042,52.80744],[13.90162,52.80763],[13.90243,52.80768]]}},{"type":"Feature","properties":{"art":"weg"},"geometry":{"type":"LineString","coordinates":[[13.89532,52.80667],[13.89514,52.80687],[13.89448,52.80782],[13.89435,52.80804],[13.89404,52.80861]]}},{"type":"Feature","properties":{"art":"pfad"},"geometry":{"type":"LineString","coordinates":[[13.89831,52.81096],[13.89821,52.81079],[13.89775,52.81057],[13.89732,52.81022],[13.89598,52.809],[13.89566,52.80879],[13.89523,52.80842],[13.89463,52.80812],[13.89435,52.80804]]}},{"type":"Feature","properties":{"art":"strasse"},"geometry":{"type":"LineString","coordinates":[[13.9135,52.81431],[13.91066,52.81496]]}},{"type":"Feature","properties":{"art":"pfad"},"geometry":{"type":"LineString","coordinates":[[13.87693,52.81043],[13.87777,52.80874]]}},{"type":"Feature","properties":{"art":"weg"},"geometry":{"type":"LineString","coordinates":[[13.87687,52.81468],[13.87687,52.81449],[13.87689,52.81374],[13.87693,52.81298],[13.8772,52.81263],[13.87838,52.81157]]}},{"type":"Feature","properties":{"art":"pfad"},"geometry":{"type":"LineString","coordinates":[[13.86897,52.81323],[13.86925,52.81323],[13.86999,52.81328],[13.87088,52.81332],[13.87282,52.81359],[13.87341,52.8137],[13.87395,52.81377],[13.87448,52.81377],[13.87509,52.81387],[13.87539,52.81397],[13.87606,52.81428],[13.87687,52.81449]]}},{"type":"Feature","properties":{"art":"pfad"},"geometry":{"type":"LineString","coordinates":[[13.87687,52.81449],[13.87699,52.81462],[13.87707,52.81475]]}},{"type":"Feature","properties":{"art":"pfad"},"geometry":{"type":"LineString","coordinates":[[13.87805,52.81512],[13.87688,52.81512],[13.87634,52.81491],[13.87579,52.81487]]}},{"type":"Feature","properties":{"art":"pfad"},"geometry":{"type":"LineString","coordinates":[[13.92444,52.81622],[13.92468,52.81613],[13.92492,52.81599]]}},{"type":"Feature","properties":{"art":"pfad"},"geometry":{"type":"LineString","coordinates":[[13.92436,52.81647],[13.92435,52.81642],[13.92444,52.81622],[13.92431,52.81608],[13.92424,52.81602]]}},{"type":"Feature","properties":{"art":"pfad"},"geometry":{"type":"LineString","coordinates":[[13.92474,52.8164],[13.92458,52.81631],[13.92444,52.81622]]}},{"type":"Feature","properties":{"art":"pfad"},"geometry":{"type":"LineString","coordinates":[[13.92584,52.8164],[13.92474,52.8164],[13.92436,52.81647]]}},{"type":"Feature","properties":{"art":"pfad"},"geometry":{"type":"LineString","coordinates":[[13.92436,52.81647],[13.92369,52.81656],[13.92335,52.81662],[13.92313,52.81668],[13.92289,52.81664],[13.92269,52.81664],[13.9226,52.81672],[13.92254,52.81675]]}},{"type":"Feature","properties":{"art":"pfad"},"geometry":{"type":"LineString","coordinates":[[13.88046,52.81555],[13.88038,52.81554],[13.87993,52.81552],[13.87949,52.81549],[13.87885,52.81539],[13.87845,52.81525],[13.87805,52.81512],[13.87764,52.81498],[13.87707,52.81475],[13.87687,52.81468]]}},{"type":"Feature","properties":{"art":"pfad"},"geometry":{"type":"LineString","coordinates":[[13.86716,52.81695],[13.86994,52.81616],[13.87039,52.81612],[13.87107,52.81622],[13.87286,52.81611],[13.87318,52.81599],[13.87411,52.81548],[13.87459,52.8151],[13.87503,52.81496],[13.87538,52.81488],[13.87579,52.81487],[13.87616,52.81483],[13.87649,52.81476],[13.87687,52.81468]]}},{"type":"Feature","properties":{"art":"pfad"},"geometry":{"type":"LineString","coordinates":[[13.92436,52.81647],[13.92478,52.81744],[13.92478,52.81763]]}},{"type":"Feature","properties":{"art":"pfad"},"geometry":{"type":"LineString","coordinates":[[13.92478,52.81763],[13.92447,52.81829],[13.92459,52.81846],[13.92428,52.81891]]}},{"type":"Feature","properties":{"art":"strasse"},"geometry":{"type":"LineString","coordinates":[[13.91649,52.81904],[13.91626,52.81952]]}},{"type":"Feature","properties":{"art":"strasse"},"geometry":{"type":"LineString","coordinates":[[13.91605,52.81995],[13.91572,52.82052],[13.91571,52.82059],[13.91575,52.82072],[13.91585,52.82087],[13.91589,52.82103],[13.91591,52.82117],[13.91588,52.82133],[13.91581,52.82144],[13.91576,52.82155],[13.91577,52.82167],[13.9159,52.82194],[13.9161,52.82243],[13.91602,52.82278],[13.91601,52.82289],[13.9161,52.82303],[13.91625,52.82317],[13.91653,52.8233],[13.91667,52.8234],[13.91672,52.82353]]}},{"type":"Feature","properties":{"art":"pfad"},"geometry":{"type":"LineString","coordinates":[[13.92428,52.81891],[13.92603,52.81917]]}},{"type":"Feature","properties":{"art":"pfad"},"geometry":{"type":"LineString","coordinates":[[13.92428,52.81891],[13.92419,52.81911],[13.9237,52.81984],[13.92342,52.82062],[13.92333,52.82115],[13.92352,52.82168],[13.92356,52.82221],[13.92319,52.82262],[13.92278,52.8231],[13.92241,52.8241],[13.92216,52.82467],[13.92222,52.82516],[13.9223,52.82555]]}},{"type":"Feature","properties":{"art":"strasse"},"geometry":{"type":"LineString","coordinates":[[13.91672,52.82353],[13.91673,52.82364]]}},{"type":"Feature","properties":{"art":"strasse"},"geometry":{"type":"LineString","coordinates":[[13.91701,52.82416],[13.91701,52.82415],[13.91715,52.82393]]}},{"type":"Feature","properties":{"art":"strasse"},"geometry":{"type":"LineString","coordinates":[[13.92208,52.82554],[13.92198,52.82553]]}},{"type":"Feature","properties":{"art":"strasse"},"geometry":{"type":"LineString","coordinates":[[13.92177,52.82554],[13.92166,52.82555],[13.92143,52.8256],[13.92118,52.82566],[13.921,52.82568],[13.92085,52.82569],[13.92071,52.82569],[13.92053,52.82564],[13.92035,52.8256],[13.92015,52.82555],[13.91974,52.82546],[13.91947,52.82542],[13.91931,52.82543],[13.91904,52.82548],[13.91896,52.82549],[13.91887,52.8255],[13.91877,52.82549],[13.91863,52.82544],[13.91838,52.82528]]}},{"type":"Feature","properties":{"art":"strasse"},"geometry":{"type":"LineString","coordinates":[[13.92223,52.82554],[13.92208,52.82554]]}},{"type":"Feature","properties":{"art":"strasse"},"geometry":{"type":"LineString","coordinates":[[13.9223,52.82555],[13.92223,52.82554]]}},{"type":"Feature","properties":{"art":"strasse"},"geometry":{"type":"LineString","coordinates":[[13.86927,52.82007],[13.86993,52.82083],[13.87008,52.82091],[13.87027,52.82099],[13.87031,52.82099]]}},{"type":"Feature","properties":{"art":"weg"},"geometry":{"type":"LineString","coordinates":[[13.90756,52.82375],[13.90764,52.82376],[13.90783,52.82377],[13.90822,52.82387],[13.90835,52.82391],[13.90845,52.82393],[13.90871,52.82395],[13.90909,52.82402],[13.9093,52.82403]]}},{"type":"Feature","properties":{"art":"strasse"},"geometry":{"type":"LineString","coordinates":[[13.91673,52.82364],[13.91669,52.82374],[13.91654,52.82394]]}},{"type":"Feature","properties":{"art":"weg"},"geometry":{"type":"LineString","coordinates":[[13.9093,52.82403],[13.90959,52.82404]]}},{"type":"Feature","properties":{"art":"weg"},"geometry":{"type":"LineString","coordinates":[[13.89453,52.82876],[13.89485,52.82849],[13.89539,52.82815],[13.89573,52.8278],[13.89628,52.82747],[13.89686,52.82709],[13.89758,52.82657],[13.89789,52.82627]]}},{"type":"Feature","properties":{"art":"pfad"},"geometry":{"type":"LineString","coordinates":[[13.90158,52.82357],[13.90168,52.82365],[13.90124,52.82408],[13.90087,52.82463],[13.90099,52.82474],[13.90125,52.82473],[13.90221,52.825],[13.9022,52.82534],[13.90255,52.82559],[13.90299,52.8258],[13.90308,52.82588],[13.90301,52.82609],[13.90319,52.82622],[13.90335,52.82648],[13.90328,52.82671],[13.90334,52.827],[13.90226,52.82849]]}},{"type":"Feature","properties":{"art":"pfad"},"geometry":{"type":"LineString","coordinates":[[13.9035,52.82915],[13.90424,52.82864],[13.90474,52.82852],[13.90533,52.82839],[13.90586,52.82825],[13.90636,52.82805],[13.90663,52.82785],[13.90662,52.82769],[13.90645,52.82752],[13.90612,52.82733],[13.90587,52.82723],[13.90656,52.82648],[13.90775,52.82551],[13.90791,52.82538],[13.90883,52.82448],[13.9093,52.82403]]}},{"type":"Feature","properties":{"art":"pfad"},"geometry":{"type":"LineString","coordinates":[[13.90424,52.82864],[13.90587,52.82723]]}},{"type":"Feature","properties":{"art":"pfad"},"geometry":{"type":"LineString","coordinates":[[13.89481,52.82953],[13.89593,52.82966],[13.89847,52.82896],[13.89902,52.82899],[13.90061,52.828],[13.90093,52.828],[13.90226,52.82849],[13.9035,52.82915]]}},{"type":"Feature","properties":{"art":"weg"},"geometry":{"type":"LineString","coordinates":[[13.92107,52.83046],[13.92053,52.83048],[13.9199,52.83047],[13.9192,52.83052],[13.91818,52.83123],[13.91738,52.83175],[13.91686,52.83181],[13.91259,52.83168],[13.91186,52.83172],[13.91067,52.83214],[13.90989,52.83217],[13.9095,52.83188],[13.9075,52.83193],[13.90672,52.83177],[13.90638,52.83153],[13.90554,52.83153],[13.90508,52.83167],[13.9045,52.83157],[13.90404,52.83167],[13.90306,52.83163],[13.90111,52.83189],[13.89947,52.83219],[13.89636,52.83163],[13.89408,52.8312]]}},{"type":"Feature","properties":{"art":"pfad"},"geometry":{"type":"LineString","coordinates":[[13.9223,52.82555],[13.92255,52.82551],[13.92282,52.82559],[13.92319,52.82602],[13.92335,52.82661],[13.92355,52.82702],[13.92374,52.82731],[13.92431,52.8275],[13.92484,52.82752],[13.92537,52.82738],[13.92547,52.82693],[13.92526,52.82664]]}},{"type":"Feature","properties":{"art":"strasse"},"geometry":{"type":"LineString","coordinates":[[13.92426,52.8295],[13.92415,52.82938],[13.92414,52.8292],[13.92426,52.82899],[13.92448,52.82874],[13.92449,52.82868],[13.92444,52.82862],[13.92426,52.82851],[13.92412,52.82837],[13.92336,52.82768],[13.92324,52.82751],[13.9231,52.82722],[13.92271,52.82641],[13.92256,52.82616],[13.9223,52.82555]]}},{"type":"Feature","properties":{"art":"weg"},"geometry":{"type":"LineString","coordinates":[[13.92426,52.8295],[13.92427,52.8297]]}},{"type":"Feature","properties":{"art":"strasse"},"geometry":{"type":"LineString","coordinates":[[13.92708,52.8296],[13.92647,52.82951],[13.92549,52.82954],[13.92468,52.82958],[13.92442,52.82955],[13.92426,52.8295]]}},{"type":"Feature","properties":{"art":"weg"},"geometry":{"type":"LineString","coordinates":[[13.92427,52.8297],[13.92427,52.82995]]}},{"type":"Feature","properties":{"art":"pfad"},"geometry":{"type":"LineString","coordinates":[[13.88477,52.83394],[13.88462,52.83374],[13.88423,52.83359],[13.88354,52.83296]]}},{"type":"Feature","properties":{"art":"weg"},"geometry":{"type":"LineString","coordinates":[[13.87486,52.83806],[13.87554,52.83833],[13.87577,52.83837],[13.87597,52.83835],[13.87741,52.83813],[13.87904,52.83792],[13.87996,52.83778],[13.88046,52.83776],[13.88102,52.83774],[13.88121,52.83772],[13.88138,52.83766],[13.88161,52.83758],[13.88185,52.83747],[13.88207,52.83729],[13.88246,52.83654],[13.88311,52.83539],[13.88326,52.83521],[13.88423,52.8344],[13.88477,52.83394],[13.88516,52.83361],[13.8854,52.83348],[13.88605,52.8333],[13.88674,52.83289],[13.88718,52.83249],[13.88734,52.8323],[13.8877,52.83182]]}},{"type":"Feature","properties":{"art":"weg"},"geometry":{"type":"LineString","coordinates":[[13.88793,52.83152],[13.88803,52.83138],[13.88828,52.83131],[13.88858,52.83128],[13.88942,52.83133],[13.89016,52.83136],[13.89065,52.83128],[13.89094,52.83113],[13.89108,52.83094],[13.89102,52.8308],[13.89119,52.83059],[13.89147,52.83057],[13.89173,52.83053],[13.892,52.83042],[13.89229,52.82992],[13.89246,52.82963],[13.89318,52.82926],[13.89453,52.82876]]}},{"type":"Feature","properties":{"art":"pfad"},"geometry":{"type":"LineString","coordinates":[[13.8692,52.83544],[13.8694,52.83575],[13.8695,52.83613],[13.86954,52.83662],[13.86949,52.83707],[13.86994,52.83783],[13.86991,52.83854],[13.87012,52.83885]]}},{"type":"Feature","properties":{"art":"pfad"},"geometry":{"type":"LineString","coordinates":[[13.87741,52.83813],[13.87707,52.83779],[13.8768,52.83744],[13.8765,52.83681],[13.87508,52.83313]]}},{"type":"Feature","properties":{"art":"pfad"},"geometry":{"type":"LineString","coordinates":[[13.88339,52.83694],[13.88308,52.83637],[13.88312,52.83603],[13.88334,52.83568],[13.88363,52.83561]]}},{"type":"Feature","properties":{"art":"weg"},"geometry":{"type":"LineString","coordinates":[[13.87182,52.84195],[13.87183,52.84179],[13.87182,52.84176],[13.87178,52.84172],[13.87173,52.84166],[13.87173,52.84161],[13.87198,52.84137],[13.87209,52.84123],[13.87217,52.84113],[13.87221,52.84108],[13.87246,52.84098],[13.87259,52.84091],[13.87262,52.84088]]}},{"type":"Feature","properties":{"art":"weg"},"geometry":{"type":"LineString","coordinates":[[13.8727,52.8408],[13.87303,52.84028],[13.87319,52.84015],[13.8737,52.83991],[13.87445,52.83941],[13.87472,52.8392],[13.87494,52.83894],[13.87497,52.83875],[13.87494,52.83856],[13.87486,52.8384],[13.87482,52.83831],[13.87483,52.83818],[13.87486,52.83806],[13.8745,52.83775],[13.87406,52.83729],[13.87383,52.83693],[13.87378,52.83677],[13.8738,52.83642],[13.87378,52.83633],[13.87371,52.83624],[13.87346,52.83603],[13.87332,52.83579],[13.87328,52.83562],[13.87327,52.83544],[13.87333,52.83523],[13.87333,52.83502],[13.87321,52.83471],[13.87316,52.83463],[13.87311,52.83458],[13.87299,52.83453],[13.87289,52.8345],[13.87278,52.83445],[13.87272,52.83439],[13.87252,52.8341],[13.87234,52.83394],[13.87201,52.83378],[13.87159,52.8336]]}},{"type":"Feature","properties":{"art":"weg"},"geometry":{"type":"LineString","coordinates":[[13.89453,52.82876],[13.89454,52.82889],[13.89469,52.82916],[13.89481,52.82953],[13.8945,52.82998],[13.89417,52.83041],[13.894,52.8309],[13.89408,52.8312],[13.89411,52.83129],[13.89434,52.83149],[13.89464,52.83168]]}},{"type":"Feature","properties":{"art":"weg"},"geometry":{"type":"LineString","coordinates":[[13.89563,52.83446],[13.8955,52.83451],[13.89496,52.83456],[13.8944,52.83473],[13.8939,52.83495],[13.89267,52.83557],[13.8926,52.83564]]}},{"type":"Feature","properties":{"art":"weg"},"geometry":{"type":"LineString","coordinates":[[13.8926,52.83564],[13.89261,52.83574],[13.89271,52.83579],[13.89276,52.8358],[13.89357,52.83569]]}},{"type":"Feature","properties":{"art":"pfad"},"geometry":{"type":"LineString","coordinates":[[13.8926,52.83564],[13.89245,52.83568],[13.89102,52.83587],[13.88976,52.83604],[13.8888,52.83617],[13.8887,52.83607],[13.88857,52.83602],[13.88743,52.83574],[13.88643,52.83546],[13.88628,52.83536],[13.88594,52.8349],[13.88588,52.83467],[13.88588,52.8343],[13.88601,52.83378],[13.8861,52.83336],[13.88605,52.8333]]}},{"type":"Feature","properties":{"art":"strasse"},"geometry":{"type":"LineString","coordinates":[[13.91447,52.83694],[13.91456,52.83705]]}},{"type":"Feature","properties":{"art":"strasse"},"geometry":{"type":"LineString","coordinates":[[13.91574,52.8363],[13.91597,52.83628],[13.91712,52.8362]]}},{"type":"Feature","properties":{"art":"strasse"},"geometry":{"type":"LineString","coordinates":[[13.92671,52.83903],[13.92671,52.83904],[13.9266,52.83924],[13.92608,52.83991],[13.92606,52.83993]]}},{"type":"Feature","properties":{"art":"weg"},"geometry":{"type":"LineString","coordinates":[[13.92019,52.83732],[13.92041,52.83725],[13.92061,52.83723]]}},{"type":"Feature","properties":{"art":"weg"},"geometry":{"type":"LineString","coordinates":[[13.91777,52.83844],[13.91802,52.83832],[13.91896,52.83829],[13.91942,52.83821],[13.91972,52.83806],[13.91998,52.83788],[13.92008,52.83757],[13.92019,52.83732]]}},{"type":"Feature","properties":{"art":"pfad"},"geometry":{"type":"LineString","coordinates":[[13.91772,52.83866],[13.91777,52.83844]]}},{"type":"Feature","properties":{"art":"weg"},"geometry":{"type":"LineString","coordinates":[[13.91302,52.84072],[13.91362,52.84084],[13.91505,52.84121],[13.91556,52.84131]]}},{"type":"Feature","properties":{"art":"weg"},"geometry":{"type":"LineString","coordinates":[[13.91579,52.84135],[13.91597,52.84139],[13.91649,52.84151],[13.91781,52.84169],[13.91801,52.84166],[13.91847,52.84169],[13.9189,52.8417],[13.91903,52.84168]]}},{"type":"Feature","properties":{"art":"weg"},"geometry":{"type":"LineString","coordinates":[[13.92606,52.83991],[13.92608,52.83991]]}},{"type":"Feature","properties":{"art":"pfad"},"geometry":{"type":"LineString","coordinates":[[13.91788,52.84157],[13.91801,52.84166]]}},{"type":"Feature","properties":{"art":"strasse"},"geometry":{"type":"LineString","coordinates":[[13.91146,52.83852],[13.91146,52.83852]]}},{"type":"Feature","properties":{"art":"strasse"},"geometry":{"type":"LineString","coordinates":[[13.90843,52.83936],[13.90844,52.83935],[13.90899,52.839],[13.90937,52.83879],[13.90956,52.83868],[13.90987,52.83857],[13.91102,52.83833],[13.91103,52.83833]]}},{"type":"Feature","properties":{"art":"strasse"},"geometry":{"type":"LineString","coordinates":[[13.90844,52.83935],[13.90853,52.83945],[13.90887,52.83969],[13.90958,52.84]]}},{"type":"Feature","properties":{"art":"strasse"},"geometry":{"type":"LineString","coordinates":[[13.90958,52.84],[13.90928,52.83993],[13.90885,52.8398]]}},{"type":"Feature","properties":{"art":"weg"},"geometry":{"type":"LineString","coordinates":[[13.92956,52.82599],[13.92955,52.826],[13.92917,52.82636],[13.92884,52.82659],[13.92871,52.82675],[13.92874,52.82692],[13.92878,52.82709]]}},{"type":"Feature","properties":{"art":"weg"},"geometry":{"type":"LineString","coordinates":[[13.93294,52.83962],[13.93292,52.83983],[13.93285,52.83998],[13.9327,52.84001]]}},{"type":"Feature","properties":{"art":"weg"},"geometry":{"type":"LineString","coordinates":[[13.9327,52.84001],[13.93051,52.83978],[13.93039,52.83977]]}},{"type":"Feature","properties":{"art":"weg"},"geometry":{"type":"LineString","coordinates":[[13.92775,52.83957],[13.92769,52.83957],[13.92693,52.83943],[13.9267,52.83934],[13.92666,52.83927],[13.9266,52.83924]]}},{"type":"Feature","properties":{"art":"pfad"},"geometry":{"type":"LineString","coordinates":[[13.93522,52.84049],[13.93433,52.84057]]}},{"type":"Feature","properties":{"art":"pfad"},"geometry":{"type":"LineString","coordinates":[[13.93368,52.84063],[13.93349,52.84065],[13.93323,52.84064],[13.93306,52.84058]]}},{"type":"Feature","properties":{"art":"pfad"},"geometry":{"type":"LineString","coordinates":[[13.9374,52.84206],[13.93746,52.84258],[13.93748,52.84284]]}},{"type":"Feature","properties":{"art":"pfad"},"geometry":{"type":"LineString","coordinates":[[13.93847,52.84536],[13.93888,52.84615],[13.93898,52.84633]]}},{"type":"Feature","properties":{"art":"pfad"},"geometry":{"type":"LineString","coordinates":[[13.9391,52.84657],[13.9392,52.84675],[13.93926,52.84685]]}},{"type":"Feature","properties":{"art":"strasse"},"geometry":{"type":"LineString","coordinates":[[13.93747,52.84211],[13.9375,52.84239],[13.93755,52.84281]]}},{"type":"Feature","properties":{"art":"strasse"},"geometry":{"type":"LineString","coordinates":[[13.93854,52.84537],[13.93864,52.84556],[13.93878,52.84583],[13.93903,52.84631]]}},{"type":"Feature","properties":{"art":"strasse"},"geometry":{"type":"LineString","coordinates":[[13.93917,52.84658],[13.93931,52.84683],[13.93947,52.84704],[13.93962,52.84725],[13.93992,52.84762]]}},{"type":"Feature","properties":{"art":"pfad"},"geometry":{"type":"LineString","coordinates":[[13.94244,52.84697],[13.94272,52.84696],[13.94289,52.84697],[13.94303,52.84697],[13.94318,52.84693],[13.9436,52.84671],[13.94397,52.8464],[13.94476,52.84619],[13.94587,52.84573],[13.94646,52.84535],[13.94645,52.84513],[13.94636,52.84492],[13.94696,52.8446],[13.94675,52.84442]]}},{"type":"Feature","properties":{"art":"pfad"},"geometry":{"type":"LineString","coordinates":[[13.94236,52.84709],[13.94236,52.84709]]}},{"type":"Feature","properties":{"art":"pfad"},"geometry":{"type":"LineString","coordinates":[[13.942,52.84717],[13.94238,52.84716],[13.94236,52.84709]]}},{"type":"Feature","properties":{"art":"pfad"},"geometry":{"type":"LineString","coordinates":[[13.95125,52.84767],[13.95102,52.84758],[13.95065,52.84735],[13.94985,52.84664],[13.94941,52.84634]]}},{"type":"Feature","properties":{"art":"strasse"},"geometry":{"type":"LineString","coordinates":[[13.9415,52.84749],[13.94188,52.84741]]}},{"type":"Feature","properties":{"art":"strasse"},"geometry":{"type":"LineString","coordinates":[[13.94184,52.84726],[13.94207,52.84726],[13.94232,52.84725],[13.94256,52.84724],[13.94269,52.84771],[13.94245,52.84773],[13.94221,52.84776],[13.94195,52.84778]]}},{"type":"Feature","properties":{"art":"strasse"},"geometry":{"type":"LineString","coordinates":[[13.94179,52.84726],[13.94184,52.84726],[13.94188,52.84741],[13.94192,52.84757],[13.94194,52.84768],[13.94195,52.84778],[13.94153,52.84786]]}},{"type":"Feature","properties":{"art":"strasse"},"geometry":{"type":"LineString","coordinates":[[13.94148,52.84767],[13.94192,52.84757]]}},{"type":"Feature","properties":{"art":"pfad"},"geometry":{"type":"LineString","coordinates":[[13.8542,52.83043],[13.85371,52.83035],[13.85332,52.83028],[13.85289,52.83016],[13.85261,52.83014],[13.85231,52.83014],[13.85199,52.83022],[13.85173,52.83031],[13.85171,52.83032]]}},{"type":"Feature","properties":{"art":"pfad"},"geometry":{"type":"LineString","coordinates":[[13.85119,52.83051],[13.85095,52.83068],[13.85068,52.83086]]}},{"type":"Feature","properties":{"art":"pfad"},"geometry":{"type":"LineString","coordinates":[[13.85068,52.83086],[13.85025,52.83072]]}},{"type":"Feature","properties":{"art":"pfad"},"geometry":{"type":"LineString","coordinates":[[13.8542,52.83043],[13.85453,52.8306],[13.85482,52.83075],[13.85541,52.83106]]}},{"type":"Feature","properties":{"art":"pfad"},"geometry":{"type":"LineString","coordinates":[[13.8542,52.83043],[13.85351,52.83055],[13.85282,52.83078],[13.85195,52.83097],[13.85184,52.83104],[13.8518,52.83119]]}},{"type":"Feature","properties":{"art":"pfad"},"geometry":{"type":"LineString","coordinates":[[13.85001,52.83109],[13.8495,52.83112],[13.84931,52.83109],[13.84909,52.83105]]}},{"type":"Feature","properties":{"art":"pfad"},"geometry":{"type":"LineString","coordinates":[[13.8493,52.83094],[13.84931,52.83109],[13.84941,52.83147]]}},{"type":"Feature","properties":{"art":"pfad"},"geometry":{"type":"LineString","coordinates":[[13.85068,52.83086],[13.85052,52.83088],[13.85039,52.83092],[13.85001,52.83109],[13.84941,52.83147],[13.84939,52.8315],[13.84921,52.83163],[13.84919,52.83164]]}},{"type":"Feature","properties":{"art":"pfad"},"geometry":{"type":"LineString","coordinates":[[13.85808,52.83197],[13.85786,52.83194],[13.85694,52.83182],[13.85647,52.83173],[13.85609,52.83166],[13.85594,52.83163],[13.85568,52.83173],[13.85532,52.83186],[13.85479,52.83208],[13.85417,52.832],[13.85345,52.83182],[13.85241,52.83141],[13.8518,52.83119],[13.85125,52.83104],[13.85068,52.83086]]}},{"type":"Feature","properties":{"art":"pfad"},"geometry":{"type":"LineString","coordinates":[[13.8518,52.83119],[13.85176,52.83123],[13.85161,52.83145],[13.85159,52.83149],[13.85159,52.83153],[13.85159,52.83161],[13.85158,52.83176],[13.85135,52.83192],[13.85124,52.83196],[13.8511,52.83206],[13.8511,52.83218],[13.85115,52.83233]]}},{"type":"Feature","properties":{"art":"strasse"},"geometry":{"type":"LineString","coordinates":[[13.84919,52.83164],[13.84901,52.83172]]}},{"type":"Feature","properties":{"art":"strasse"},"geometry":{"type":"LineString","coordinates":[[13.84973,52.83206],[13.84917,52.83235]]}},{"type":"Feature","properties":{"art":"pfad"},"geometry":{"type":"LineString","coordinates":[[13.85844,52.83172],[13.85841,52.83226],[13.85849,52.83254],[13.85827,52.83283],[13.85804,52.83288],[13.85773,52.83292],[13.85703,52.83294],[13.85592,52.83295],[13.85476,52.83295],[13.85346,52.83301],[13.85181,52.83304],[13.85124,52.833],[13.85076,52.83294],[13.8501,52.83281],[13.84975,52.83271],[13.84964,52.83272]]}},{"type":"Feature","properties":{"art":"pfad"},"geometry":{"type":"LineString","coordinates":[[13.85744,52.83242],[13.85668,52.83255],[13.85646,52.83254],[13.85548,52.83255],[13.85438,52.8326],[13.85288,52.8325],[13.85169,52.83241],[13.85138,52.83237],[13.85115,52.83233]]}},{"type":"Feature","properties":{"art":"pfad"},"geometry":{"type":"LineString","coordinates":[[13.85138,52.83237],[13.85135,52.83243],[13.85136,52.83256],[13.85139,52.83265],[13.85139,52.83271],[13.85132,52.83275],[13.85128,52.83292],[13.85124,52.833]]}},{"type":"Feature","properties":{"art":"strasse"},"geometry":{"type":"LineString","coordinates":[[13.84911,52.83313],[13.84957,52.83275],[13.84964,52.83272]]}},{"type":"Feature","properties":{"art":"pfad"},"geometry":{"type":"LineString","coordinates":[[13.85945,52.8298],[13.85913,52.82986],[13.85875,52.82995]]}},{"type":"Feature","properties":{"art":"pfad"},"geometry":{"type":"LineString","coordinates":[[13.85875,52.82995],[13.85778,52.83018],[13.85644,52.83037],[13.85624,52.83045],[13.85567,52.83046],[13.85511,52.83046],[13.85474,52.83045],[13.8542,52.83043]]}},{"type":"Feature","properties":{"art":"pfad"},"geometry":{"type":"LineString","coordinates":[[13.85875,52.82995],[13.85881,52.83003],[13.85885,52.83033],[13.85867,52.83072],[13.85861,52.83084],[13.85855,52.83105],[13.8585,52.83152],[13.85844,52.83172],[13.85808,52.83197],[13.85744,52.83242],[13.85715,52.83277],[13.85703,52.83294]]}},{"type":"Feature","properties":{"art":"pfad"},"geometry":{"type":"LineString","coordinates":[[13.85744,52.83242],[13.857,52.83201],[13.85647,52.83173],[13.85617,52.83143],[13.85541,52.83106],[13.85511,52.83046]]}},{"type":"Feature","properties":{"art":"pfad"},"geometry":{"type":"LineString","coordinates":[[13.85827,52.83283],[13.85889,52.8327],[13.85902,52.83268]]}},{"type":"Feature","properties":{"art":"pfad"},"geometry":{"type":"LineString","coordinates":[[13.85829,52.83309],[13.85804,52.83288]]}},{"type":"Feature","properties":{"art":"weg"},"geometry":{"type":"LineString","coordinates":[[13.85681,52.83834],[13.8572,52.83835],[13.85795,52.83825],[13.85864,52.83817],[13.85888,52.83789],[13.85904,52.83756],[13.8592,52.83733],[13.85926,52.83702]]}},{"type":"Feature","properties":{"art":"pfad"},"geometry":{"type":"LineString","coordinates":[[13.87303,52.84028],[13.87191,52.83949],[13.87137,52.83929],[13.87107,52.83921],[13.87012,52.83885],[13.8681,52.83854],[13.86708,52.83851],[13.86643,52.83849],[13.86511,52.83834],[13.86431,52.83773],[13.8639,52.83715],[13.86384,52.83693],[13.86349,52.83662],[13.86281,52.83646],[13.86236,52.83605],[13.86189,52.83557],[13.86198,52.83533]]}},{"type":"Feature","properties":{"art":"pfad"},"geometry":{"type":"LineString","coordinates":[[13.86511,52.83834],[13.86484,52.83845],[13.86465,52.8385],[13.86375,52.83852],[13.86264,52.83844]]}},{"type":"Feature","properties":{"art":"strasse"},"geometry":{"type":"LineString","coordinates":[[13.85056,52.83408],[13.8503,52.83369],[13.84973,52.83284],[13.84964,52.83272],[13.84946,52.83255],[13.84928,52.83242],[13.84917,52.83235],[13.849,52.83227],[13.84875,52.83217]]}},{"type":"Feature","properties":{"art":"strasse"},"geometry":{"type":"LineString","coordinates":[[13.90958,52.84],[13.9104,52.84018],[13.91302,52.84072]]}},{"type":"Feature","properties":{"art":"strasse"},"geometry":{"type":"LineString","coordinates":[[13.90729,52.84211],[13.90743,52.84209]]}},{"type":"Feature","properties":{"art":"strasse"},"geometry":{"type":"LineString","coordinates":[[13.90733,52.84228],[13.90753,52.84229]]}},{"type":"Feature","properties":{"art":"strasse"},"geometry":{"type":"LineString","coordinates":[[13.90732,52.84239],[13.9072,52.84238]]}},{"type":"Feature","properties":{"art":"strasse"},"geometry":{"type":"LineString","coordinates":[[13.9037,52.84521],[13.90383,52.84505],[13.90434,52.84464],[13.90513,52.84407],[13.90527,52.84396],[13.90606,52.84332],[13.90639,52.84309],[13.90645,52.84305],[13.90682,52.84283],[13.90719,52.84265],[13.90727,52.84258],[13.90731,52.84243],[13.90732,52.84239],[13.90733,52.84228],[13.90733,52.84226],[13.90729,52.84211],[13.90723,52.84192],[13.90713,52.8416],[13.90689,52.84135],[13.90609,52.84083],[13.90562,52.84056],[13.90545,52.84047]]}},{"type":"Feature","properties":{"art":"pfad"},"geometry":{"type":"LineString","coordinates":[[13.88341,52.84521],[13.88236,52.84541]]}},{"type":"Feature","properties":{"art":"strasse"},"geometry":{"type":"LineString","coordinates":[[13.90645,52.84305],[13.9062,52.84293],[13.90626,52.84289]]}},{"type":"Feature","properties":{"art":"strasse"},"geometry":{"type":"LineString","coordinates":[[13.89261,52.846],[13.89291,52.84595],[13.8932,52.84589],[13.89346,52.84583],[13.89366,52.84577],[13.89377,52.84574]]}},{"type":"Feature","properties":{"art":"strasse"},"geometry":{"type":"LineString","coordinates":[[13.89387,52.84571],[13.89397,52.84568],[13.89445,52.84553],[13.8947,52.84544]]}},{"type":"Feature","properties":{"art":"strasse"},"geometry":{"type":"LineString","coordinates":[[13.89494,52.84534],[13.89497,52.84533],[13.89547,52.84511],[13.89553,52.84509]]}},{"type":"Feature","properties":{"art":"pfad"},"geometry":{"type":"LineString","coordinates":[[13.88207,52.83729],[13.88339,52.83694]]}},{"type":"Feature","properties":{"art":"pfad"},"geometry":{"type":"LineString","coordinates":[[13.87182,52.84195],[13.87176,52.84199],[13.87167,52.84202],[13.87136,52.84207],[13.87108,52.84215],[13.87082,52.84224],[13.86952,52.8428],[13.86937,52.84289]]}},{"type":"Feature","properties":{"art":"pfad"},"geometry":{"type":"LineString","coordinates":[[13.87183,52.8421],[13.87183,52.84209],[13.87182,52.84195]]}},{"type":"Feature","properties":{"art":"pfad"},"geometry":{"type":"LineString","coordinates":[[13.8601,52.84879],[13.86078,52.84886],[13.86121,52.84888],[13.86173,52.84886],[13.86218,52.84894],[13.86329,52.84933],[13.86384,52.84948],[13.86445,52.84966],[13.86476,52.8497],[13.86509,52.84973],[13.86588,52.84989],[13.86638,52.85005],[13.86682,52.8501],[13.86745,52.85005],[13.86952,52.84984],[13.86995,52.84981],[13.8705,52.84968]]}},{"type":"Feature","properties":{"art":"pfad"},"geometry":{"type":"LineString","coordinates":[[13.87356,52.84832],[13.874,52.84814],[13.8745,52.84791],[13.87486,52.84772],[13.87572,52.8471],[13.87608,52.84696],[13.87705,52.84665],[13.88015,52.84573],[13.8822,52.84513],[13.88273,52.84498],[13.88309,52.84494]]}},{"type":"Feature","properties":{"art":"pfad"},"geometry":{"type":"LineString","coordinates":[[13.88236,52.84541],[13.88163,52.84563],[13.88056,52.84595],[13.87812,52.84667],[13.87645,52.84716],[13.87612,52.8473],[13.87586,52.84748]]}},{"type":"Feature","properties":{"art":"pfad"},"geometry":{"type":"LineString","coordinates":[[13.88056,52.84595],[13.8812,52.84672],[13.8819,52.84747],[13.88185,52.84764],[13.88146,52.84778]]}},{"type":"Feature","properties":{"art":"pfad"},"geometry":{"type":"LineString","coordinates":[[13.89297,52.84555],[13.89301,52.8457],[13.89319,52.8458]]}},{"type":"Feature","properties":{"art":"strasse"},"geometry":{"type":"LineString","coordinates":[[13.90383,52.84505],[13.90358,52.84508],[13.90344,52.84504],[13.90352,52.84494]]}},{"type":"Feature","properties":{"art":"pfad"},"geometry":{"type":"LineString","coordinates":[[13.91585,52.84516],[13.91551,52.84509]]}},{"type":"Feature","properties":{"art":"pfad"},"geometry":{"type":"LineString","coordinates":[[13.90114,52.84591],[13.90166,52.8461],[13.90184,52.84621]]}},{"type":"Feature","properties":{"art":"strasse"},"geometry":{"type":"LineString","coordinates":[[13.90301,52.84636],[13.90319,52.84598],[13.9037,52.84521]]}},{"type":"Feature","properties":{"art":"weg"},"geometry":{"type":"LineString","coordinates":[[13.91911,52.84169],[13.91872,52.84198],[13.9187,52.842]]}},{"type":"Feature","properties":{"art":"pfad"},"geometry":{"type":"LineString","coordinates":[[13.91935,52.84241],[13.91929,52.84238],[13.91872,52.84198]]}},{"type":"Feature","properties":{"art":"pfad"},"geometry":{"type":"LineString","coordinates":[[13.9327,52.84001],[13.93281,52.84011],[13.93288,52.84023],[13.93292,52.8404],[13.93306,52.84058],[13.93304,52.84094],[13.93304,52.84129],[13.93295,52.84171],[13.93303,52.842],[13.93321,52.84255],[13.9332,52.84284],[13.93344,52.84325],[13.93331,52.84363],[13.933,52.84392],[13.93284,52.8442],[13.93263,52.84454],[13.93223,52.84497],[13.93188,52.84531],[13.93166,52.84553],[13.93095,52.84577],[13.93003,52.84596],[13.92942,52.84605],[13.92882,52.84622],[13.9274,52.84676],[13.92683,52.84705],[13.92631,52.84747],[13.9253,52.84804],[13.92463,52.84833],[13.92303,52.84927],[13.92052,52.85069],[13.91984,52.85101]]}},{"type":"Feature","properties":{"art":"weg"},"geometry":{"type":"LineString","coordinates":[[13.92543,52.84087],[13.92535,52.84098],[13.92477,52.84166],[13.92471,52.84181],[13.92455,52.84197],[13.92407,52.84271],[13.92374,52.84315],[13.92344,52.84367],[13.92283,52.84467],[13.92258,52.84497],[13.92232,52.84548],[13.92203,52.84592],[13.92148,52.84667],[13.92063,52.84764],[13.91935,52.84897],[13.91872,52.84967],[13.91831,52.85006],[13.91761,52.85101],[13.91648,52.85229]]}},{"type":"Feature","properties":{"art":"pfad"},"geometry":{"type":"LineString","coordinates":[[13.91627,52.85238],[13.91648,52.85229],[13.91677,52.85215],[13.91702,52.85207],[13.91815,52.85173],[13.9185,52.85155],[13.91984,52.85101],[13.92006,52.85103],[13.92025,52.85111],[13.92047,52.85125],[13.921,52.85139],[13.92188,52.85122],[13.92421,52.85087],[13.92579,52.85063],[13.92755,52.85036],[13.92899,52.85013],[13.92987,52.85002],[13.93061,52.84994],[13.93184,52.84973]]}},{"type":"Feature","properties":{"art":"pfad"},"geometry":{"type":"LineString","coordinates":[[13.93601,52.8497],[13.9358,52.84972],[13.93491,52.84974],[13.93463,52.84976],[13.93417,52.8498],[13.93358,52.84988],[13.93269,52.84999],[13.9325,52.85002],[13.93231,52.85005],[13.93163,52.85016],[13.9291,52.85056],[13.92504,52.85117],[13.92327,52.85144],[13.92238,52.85158],[13.92189,52.85164],[13.92149,52.8517],[13.91958,52.85207],[13.9186,52.85226],[13.91767,52.85248],[13.91761,52.85245]]}},{"type":"Feature","properties":{"art":"strasse"},"geometry":{"type":"LineString","coordinates":[[13.91716,52.85118],[13.91683,52.85161],[13.91666,52.85176],[13.91628,52.85234],[13.91627,52.85238]]}},{"type":"Feature","properties":{"art":"strasse"},"geometry":{"type":"LineString","coordinates":[[13.91586,52.85215],[13.9159,52.8522],[13.916,52.85229],[13.9162,52.85241]]}},{"type":"Feature","properties":{"art":"pfad"},"geometry":{"type":"LineString","coordinates":[[13.921,52.85139],[13.91892,52.85181],[13.91825,52.85198],[13.9178,52.85218],[13.91769,52.85229]]}},{"type":"Feature","properties":{"art":"pfad"},"geometry":{"type":"LineString","coordinates":[[13.91761,52.85245],[13.91758,52.85243],[13.91763,52.85238],[13.91771,52.85233],[13.91769,52.85229],[13.91757,52.85217],[13.91732,52.85214],[13.91702,52.85207]]}},{"type":"Feature","properties":{"art":"strasse"},"geometry":{"type":"LineString","coordinates":[[13.8932,52.84589],[13.89319,52.8458],[13.89323,52.84576],[13.89332,52.84575],[13.89346,52.84583]]}},{"type":"Feature","properties":{"art":"weg"},"geometry":{"type":"LineString","coordinates":[[13.89573,52.84689],[13.89488,52.84654],[13.89457,52.84624],[13.89454,52.84612],[13.89455,52.84591],[13.89448,52.84558],[13.89445,52.84553]]}},{"type":"Feature","properties":{"art":"pfad"},"geometry":{"type":"LineString","coordinates":[[13.90913,52.84594],[13.90951,52.84594],[13.91073,52.84614],[13.9118,52.84632],[13.913,52.84658],[13.91405,52.8468],[13.9146,52.84691]]}},{"type":"Feature","properties":{"art":"weg"},"geometry":{"type":"LineString","coordinates":[[13.91847,52.84169],[13.91859,52.84173],[13.91869,52.84185],[13.9187,52.842],[13.9175,52.84288],[13.91719,52.84328],[13.91585,52.84516],[13.91583,52.84519],[13.9146,52.84691],[13.91289,52.84923],[13.91249,52.84973],[13.91222,52.85017],[13.91208,52.85039],[13.91207,52.85073],[13.91223,52.85109],[13.91231,52.85122],[13.91237,52.85138]]}},{"type":"Feature","properties":{"art":"pfad"},"geometry":{"type":"LineString","coordinates":[[13.90288,52.84732],[13.90294,52.84729],[13.90317,52.84719],[13.90387,52.84733],[13.90416,52.84733],[13.9045,52.84728],[13.90687,52.84649],[13.90835,52.84601],[13.90866,52.84595],[13.90913,52.84594]]}},{"type":"Feature","properties":{"art":"pfad"},"geometry":{"type":"LineString","coordinates":[[13.90184,52.84621],[13.9021,52.84671],[13.9023,52.84692],[13.9027,52.84716]]}},{"type":"Feature","properties":{"art":"pfad"},"geometry":{"type":"LineString","coordinates":[[13.90721,52.84855],[13.90794,52.84765],[13.90825,52.84712],[13.90908,52.84611],[13.90913,52.84594]]}},{"type":"Feature","properties":{"art":"pfad"},"geometry":{"type":"LineString","coordinates":[[13.91222,52.85017],[13.91218,52.84988],[13.91073,52.84614]]}},{"type":"Feature","properties":{"art":"pfad"},"geometry":{"type":"LineString","coordinates":[[13.88404,52.85028],[13.88417,52.85011],[13.88426,52.85005],[13.88433,52.84999],[13.88435,52.84994],[13.88433,52.84984],[13.88435,52.84974],[13.88456,52.84944],[13.88464,52.84937]]}},{"type":"Feature","properties":{"art":"pfad"},"geometry":{"type":"LineString","coordinates":[[13.88685,52.84829],[13.88699,52.84825],[13.88734,52.84815],[13.88771,52.848],[13.88796,52.84785],[13.88827,52.84759],[13.88933,52.84686],[13.88977,52.84659],[13.89025,52.84645],[13.89165,52.84614],[13.89248,52.84603],[13.89261,52.846]]}},{"type":"Feature","properties":{"art":"weg"},"geometry":{"type":"LineString","coordinates":[[13.88404,52.85028],[13.88405,52.85021],[13.88414,52.85006],[13.88418,52.84995],[13.88424,52.84974],[13.88456,52.84935]]}},{"type":"Feature","properties":{"art":"weg"},"geometry":{"type":"LineString","coordinates":[[13.88691,52.84824],[13.887,52.84822],[13.88737,52.84809],[13.8877,52.84796],[13.88792,52.84782],[13.88823,52.84755],[13.88869,52.84725],[13.88927,52.84683],[13.88957,52.84665],[13.88976,52.84656],[13.8901,52.84645],[13.89047,52.84636],[13.89167,52.8461],[13.89247,52.846],[13.89261,52.846]]}},{"type":"Feature","properties":{"art":"weg"},"geometry":{"type":"LineString","coordinates":[[13.89763,52.84962],[13.89843,52.84942],[13.89848,52.84937],[13.89863,52.84873],[13.89878,52.84826],[13.89889,52.84804],[13.89903,52.848],[13.89936,52.84802],[13.89955,52.84794],[13.89966,52.84788],[13.90008,52.84781],[13.90052,52.84766],[13.90159,52.84747],[13.9027,52.84716],[13.90294,52.84714],[13.903,52.84713]]}},{"type":"Feature","properties":{"art":"pfad"},"geometry":{"type":"LineString","coordinates":[[13.90326,52.85261],[13.90325,52.85258],[13.90318,52.85245],[13.90314,52.85231],[13.90301,52.85136],[13.90286,52.85112],[13.90225,52.85048],[13.90214,52.85016],[13.90214,52.84985],[13.9024,52.84864],[13.90288,52.84732],[13.90292,52.84718],[13.90294,52.84714],[13.90294,52.8471],[13.90295,52.84652],[13.90296,52.84639],[13.90301,52.84636]]}},{"type":"Feature","properties":{"art":"strasse"},"geometry":{"type":"LineString","coordinates":[[13.90386,52.85343],[13.90378,52.85335],[13.90371,52.85326],[13.90353,52.85294],[13.90333,52.85263],[13.90324,52.85244],[13.90321,52.85232],[13.90307,52.85136],[13.90293,52.85109],[13.90231,52.85045],[13.9022,52.85016],[13.90221,52.84986],[13.90246,52.84865],[13.90274,52.84787],[13.90294,52.84729],[13.903,52.84713],[13.903,52.84652],[13.90301,52.84636]]}},{"type":"Feature","properties":{"art":"pfad"},"geometry":{"type":"LineString","coordinates":[[13.89685,52.84953],[13.89763,52.84962],[13.8981,52.84989],[13.89933,52.85075],[13.90178,52.85247],[13.90191,52.8525],[13.90326,52.85261],[13.90333,52.85263]]}},{"type":"Feature","properties":{"art":"strasse"},"geometry":{"type":"LineString","coordinates":[[13.91237,52.85138],[13.91288,52.85157],[13.91333,52.85185]]}},{"type":"Feature","properties":{"art":"strasse"},"geometry":{"type":"LineString","coordinates":[[13.91237,52.85138],[13.91222,52.85168],[13.91219,52.85213],[13.91212,52.85234],[13.91195,52.85255],[13.9116,52.85281],[13.91157,52.85307],[13.91148,52.85319]]}},{"type":"Feature","properties":{"art":"pfad"},"geometry":{"type":"LineString","coordinates":[[13.91767,52.85248],[13.91757,52.85252],[13.91733,52.85258],[13.91713,52.85263],[13.91693,52.85264],[13.91687,52.85262],[13.91681,52.85258],[13.91675,52.85259],[13.91644,52.85263],[13.91633,52.85266]]}},{"type":"Feature","properties":{"art":"strasse"},"geometry":{"type":"LineString","coordinates":[[13.91148,52.85319],[13.91294,52.85297]]}},{"type":"Feature","properties":{"art":"strasse"},"geometry":{"type":"LineString","coordinates":[[13.91597,52.85246],[13.9162,52.85241]]}},{"type":"Feature","properties":{"art":"strasse"},"geometry":{"type":"LineString","coordinates":[[13.91157,52.85307],[13.91194,52.853],[13.9122,52.85293],[13.91254,52.85286],[13.91262,52.85283],[13.91276,52.85274],[13.91285,52.8527],[13.91292,52.85269]]}},{"type":"Feature","properties":{"art":"pfad"},"geometry":{"type":"LineString","coordinates":[[13.89252,52.85495],[13.89805,52.85131],[13.89933,52.85075]]}},{"type":"Feature","properties":{"art":"pfad"},"geometry":{"type":"LineString","coordinates":[[13.87307,52.85067],[13.87283,52.85017],[13.87259,52.84986]]}},{"type":"Feature","properties":{"art":"weg"},"geometry":{"type":"LineString","coordinates":[[13.88392,52.85037],[13.88395,52.85035],[13.88404,52.85028]]}},{"type":"Feature","properties":{"art":"pfad"},"geometry":{"type":"LineString","coordinates":[[13.87341,52.85084],[13.87493,52.85018],[13.87556,52.85006]]}},{"type":"Feature","properties":{"art":"pfad"},"geometry":{"type":"LineString","coordinates":[[13.88004,52.85103],[13.88004,52.85098],[13.88026,52.8501]]}},{"type":"Feature","properties":{"art":"pfad"},"geometry":{"type":"LineString","coordinates":[[13.88392,52.85037],[13.88382,52.85038],[13.88335,52.85053],[13.88267,52.85064],[13.88042,52.85093],[13.88004,52.85098],[13.87626,52.85146],[13.87498,52.85162],[13.87369,52.85173],[13.87349,52.85182]]}},{"type":"Feature","properties":{"art":"pfad"},"geometry":{"type":"LineString","coordinates":[[13.87349,52.85182],[13.87368,52.85181],[13.87413,52.85176],[13.87499,52.85166],[13.87624,52.85151],[13.88004,52.85103],[13.88042,52.85098],[13.88265,52.8507],[13.88339,52.85057],[13.88379,52.85042],[13.88392,52.85037]]}},{"type":"Feature","properties":{"art":"strasse"},"geometry":{"type":"LineString","coordinates":[[13.87328,52.85181],[13.87338,52.85173],[13.8734,52.85164],[13.87341,52.85084],[13.87307,52.85067]]}},{"type":"Feature","properties":{"art":"strasse"},"geometry":{"type":"LineString","coordinates":[[13.87087,52.85183],[13.87144,52.8514],[13.87185,52.85107]]}},{"type":"Feature","properties":{"art":"strasse"},"geometry":{"type":"LineString","coordinates":[[13.87087,52.85183],[13.87077,52.85178],[13.87058,52.85124]]}},{"type":"Feature","properties":{"art":"strasse"},"geometry":{"type":"LineString","coordinates":[[13.872,52.85174],[13.87183,52.85162],[13.87161,52.85143],[13.87144,52.8514]]}},{"type":"Feature","properties":{"art":"strasse"},"geometry":{"type":"LineString","coordinates":[[13.87176,52.85175],[13.87183,52.85162]]}},{"type":"Feature","properties":{"art":"strasse"},"geometry":{"type":"LineString","coordinates":[[13.87282,52.85178],[13.87328,52.85181],[13.87349,52.85182]]}},{"type":"Feature","properties":{"art":"strasse"},"geometry":{"type":"LineString","coordinates":[[13.87087,52.85183],[13.87102,52.85177],[13.87115,52.85175],[13.87124,52.85175],[13.8715,52.85174],[13.87176,52.85175],[13.872,52.85174],[13.8723,52.85175],[13.87258,52.85176],[13.87282,52.85178]]}},{"type":"Feature","properties":{"art":"pfad"},"geometry":{"type":"LineString","coordinates":[[13.87626,52.85146],[13.87624,52.85151],[13.87607,52.85221],[13.87604,52.85251]]}},{"type":"Feature","properties":{"art":"pfad"},"geometry":{"type":"LineString","coordinates":[[13.86906,52.85212],[13.8694,52.85205],[13.87021,52.85195],[13.87068,52.85187],[13.87087,52.85183]]}},{"type":"Feature","properties":{"art":"pfad"},"geometry":{"type":"LineString","coordinates":[[13.86849,52.85212],[13.86863,52.85214],[13.86885,52.85212],[13.86906,52.85212]]}},{"type":"Feature","properties":{"art":"pfad"},"geometry":{"type":"LineString","coordinates":[[13.88634,52.85436],[13.88565,52.85388],[13.88552,52.85369],[13.88537,52.85341],[13.88488,52.85255],[13.88466,52.85179],[13.88454,52.85114],[13.88432,52.85074],[13.88419,52.85052],[13.88395,52.85035]]}},{"type":"Feature","properties":{"art":"weg"},"geometry":{"type":"LineString","coordinates":[[13.87349,52.85182],[13.87352,52.85185],[13.87366,52.85192],[13.87604,52.85251],[13.87625,52.85256],[13.87756,52.85272],[13.87855,52.85291],[13.87947,52.85302],[13.88051,52.85314],[13.88118,52.85318],[13.88153,52.8532],[13.88274,52.85344],[13.88337,52.85369],[13.88376,52.85377],[13.88523,52.85391],[13.88634,52.85436]]}},{"type":"Feature","properties":{"art":"pfad"},"geometry":{"type":"LineString","coordinates":[[13.88537,52.85341],[13.88605,52.85333],[13.88672,52.85338],[13.8876,52.85332],[13.88824,52.85329]]}},{"type":"Feature","properties":{"art":"pfad"},"geometry":{"type":"LineString","coordinates":[[13.86904,52.8554],[13.86943,52.85481],[13.86964,52.85464],[13.87103,52.85373],[13.87105,52.85335],[13.87099,52.85293],[13.87108,52.85227],[13.87118,52.85208],[13.87124,52.85175]]}},{"type":"Feature","properties":{"art":"strasse"},"geometry":{"type":"LineString","coordinates":[[13.9041,52.85265],[13.90398,52.8528],[13.90377,52.85314],[13.90371,52.85326]]}},{"type":"Feature","properties":{"art":"pfad"},"geometry":{"type":"LineString","coordinates":[[13.90386,52.85343],[13.90374,52.85341],[13.90328,52.85265],[13.90326,52.85261]]}},{"type":"Feature","properties":{"art":"weg"},"geometry":{"type":"LineString","coordinates":[[13.91125,52.85323],[13.91083,52.85347],[13.9107,52.85354],[13.91053,52.85357]]}},{"type":"Feature","properties":{"art":"weg"},"geometry":{"type":"LineString","coordinates":[[13.91044,52.85334],[13.91053,52.85357]]}},{"type":"Feature","properties":{"art":"pfad"},"geometry":{"type":"LineString","coordinates":[[13.9045,52.85351],[13.90489,52.85347],[13.90566,52.85344],[13.90648,52.85344],[13.90696,52.85347],[13.90816,52.85347],[13.90885,52.85351],[13.9091,52.85354]]}},{"type":"Feature","properties":{"art":"strasse"},"geometry":{"type":"LineString","coordinates":[[13.90386,52.85343],[13.90397,52.85352]]}},{"type":"Feature","properties":{"art":"strasse"},"geometry":{"type":"LineString","coordinates":[[13.90428,52.85348],[13.9045,52.85351],[13.90543,52.85369],[13.90666,52.8539],[13.9076,52.85376],[13.9091,52.85354],[13.91044,52.85334],[13.91125,52.85323],[13.91148,52.85319]]}},{"type":"Feature","properties":{"art":"strasse"},"geometry":{"type":"LineString","coordinates":[[13.90397,52.85352],[13.90428,52.85348]]}},{"type":"Feature","properties":{"art":"weg"},"geometry":{"type":"LineString","coordinates":[[13.91467,52.85377],[13.91463,52.85354],[13.91477,52.85348]]}},{"type":"Feature","properties":{"art":"strasse"},"geometry":{"type":"LineString","coordinates":[[13.90397,52.85352],[13.90393,52.8536]]}},{"type":"Feature","properties":{"art":"pfad"},"geometry":{"type":"LineString","coordinates":[[13.93926,52.84685],[13.93931,52.84683]]}},{"type":"Feature","properties":{"art":"strasse"},"geometry":{"type":"LineString","coordinates":[[13.93947,52.84704],[13.93942,52.84706],[13.93937,52.84707]]}},{"type":"Feature","properties":{"art":"pfad"},"geometry":{"type":"LineString","coordinates":[[13.93926,52.84685],[13.93942,52.84706],[13.94023,52.84815],[13.94032,52.84831],[13.94034,52.84834]]}},{"type":"Feature","properties":{"art":"pfad"},"geometry":{"type":"LineString","coordinates":[[13.93508,52.84833],[13.93652,52.84763],[13.93703,52.8474],[13.93732,52.84733],[13.93763,52.84729],[13.93814,52.84721],[13.93852,52.84712],[13.9387,52.84706],[13.93912,52.84688],[13.93926,52.84685]]}},{"type":"Feature","properties":{"art":"strasse"},"geometry":{"type":"LineString","coordinates":[[13.94006,52.8478],[13.9403,52.84773]]}},{"type":"Feature","properties":{"art":"strasse"},"geometry":{"type":"LineString","coordinates":[[13.93992,52.84762],[13.94006,52.8478]]}},{"type":"Feature","properties":{"art":"strasse"},"geometry":{"type":"LineString","coordinates":[[13.94006,52.8478],[13.9403,52.84813],[13.94032,52.84816]]}},{"type":"Feature","properties":{"art":"strasse"},"geometry":{"type":"LineString","coordinates":[[13.94232,52.84725],[13.94245,52.84773],[13.94256,52.8481]]}},{"type":"Feature","properties":{"art":"strasse"},"geometry":{"type":"LineString","coordinates":[[13.94269,52.84771],[13.94278,52.84807],[13.94256,52.8481],[13.9424,52.84812],[13.9423,52.84813],[13.94229,52.84806],[13.94221,52.84776],[13.94207,52.84726]]}},{"type":"Feature","properties":{"art":"strasse"},"geometry":{"type":"LineString","coordinates":[[13.94441,52.84773],[13.94447,52.84783]]}},{"type":"Feature","properties":{"art":"strasse"},"geometry":{"type":"LineString","coordinates":[[13.94303,52.84814],[13.94312,52.8481],[13.94322,52.84799],[13.94331,52.84793],[13.94339,52.84789],[13.94392,52.84779],[13.94441,52.84773],[13.94459,52.84773],[13.9449,52.84775],[13.945,52.84778],[13.94514,52.84784],[13.94526,52.84793],[13.94541,52.84805],[13.94552,52.84812],[13.94564,52.84817]]}},{"type":"Feature","properties":{"art":"pfad"},"geometry":{"type":"LineString","coordinates":[[13.94195,52.84778],[13.94202,52.8481]]}},{"type":"Feature","properties":{"art":"strasse"},"geometry":{"type":"LineString","coordinates":[[13.94317,52.8482],[13.94342,52.8483],[13.94459,52.84811],[13.94447,52.84783]]}},{"type":"Feature","properties":{"art":"strasse"},"geometry":{"type":"LineString","coordinates":[[13.94032,52.84816],[13.94037,52.84815]]}},{"type":"Feature","properties":{"art":"strasse"},"geometry":{"type":"LineString","coordinates":[[13.94303,52.84814],[13.94317,52.8482]]}},{"type":"Feature","properties":{"art":"pfad"},"geometry":{"type":"LineString","coordinates":[[13.94202,52.8481],[13.94189,52.84813]]}},{"type":"Feature","properties":{"art":"pfad"},"geometry":{"type":"LineString","coordinates":[[13.94229,52.84806],[13.94202,52.8481],[13.94204,52.84816]]}},{"type":"Feature","properties":{"art":"pfad"},"geometry":{"type":"LineString","coordinates":[[13.9424,52.84812],[13.94243,52.8482],[13.94244,52.84823]]}},{"type":"Feature","properties":{"art":"pfad"},"geometry":{"type":"LineString","coordinates":[[13.94677,52.84818],[13.94675,52.84827]]}},{"type":"Feature","properties":{"art":"pfad"},"geometry":{"type":"LineString","coordinates":[[13.94593,52.8482],[13.94586,52.84823],[13.94556,52.84824]]}},{"type":"Feature","properties":{"art":"pfad"},"geometry":{"type":"LineString","coordinates":[[13.9463,52.84819],[13.94633,52.84827]]}},{"type":"Feature","properties":{"art":"pfad"},"geometry":{"type":"LineString","coordinates":[[13.94752,52.84821],[13.9475,52.84832]]}},{"type":"Feature","properties":{"art":"pfad"},"geometry":{"type":"LineString","coordinates":[[13.94827,52.84826],[13.94824,52.84835]]}},{"type":"Feature","properties":{"art":"strasse"},"geometry":{"type":"LineString","coordinates":[[13.94229,52.84825],[13.94244,52.84823],[13.94259,52.8482],[13.9428,52.84817],[13.94303,52.84814]]}},{"type":"Feature","properties":{"art":"pfad"},"geometry":{"type":"LineString","coordinates":[[13.9456,52.84836],[13.94556,52.84824]]}},{"type":"Feature","properties":{"art":"strasse"},"geometry":{"type":"LineString","coordinates":[[13.9403,52.84813],[13.94023,52.84815],[13.93997,52.84825]]}},{"type":"Feature","properties":{"art":"strasse"},"geometry":{"type":"LineString","coordinates":[[13.94032,52.84816],[13.94041,52.84833]]}},{"type":"Feature","properties":{"art":"pfad"},"geometry":{"type":"LineString","coordinates":[[13.94034,52.84834],[13.94041,52.84833]]}},{"type":"Feature","properties":{"art":"strasse"},"geometry":{"type":"LineString","coordinates":[[13.94041,52.84833],[13.94045,52.8484]]}},{"type":"Feature","properties":{"art":"pfad"},"geometry":{"type":"LineString","coordinates":[[13.94034,52.84834],[13.94038,52.84844]]}},{"type":"Feature","properties":{"art":"strasse"},"geometry":{"type":"LineString","coordinates":[[13.94045,52.84842],[13.94038,52.84844]]}},{"type":"Feature","properties":{"art":"pfad"},"geometry":{"type":"LineString","coordinates":[[13.94038,52.84844],[13.94039,52.84849]]}},{"type":"Feature","properties":{"art":"strasse"},"geometry":{"type":"LineString","coordinates":[[13.94038,52.84844],[13.94015,52.8485],[13.94008,52.84851],[13.94005,52.84851],[13.94002,52.84849]]}},{"type":"Feature","properties":{"art":"pfad"},"geometry":{"type":"LineString","coordinates":[[13.94262,52.84828],[13.94266,52.84828],[13.94277,52.84826],[13.94283,52.84841]]}},{"type":"Feature","properties":{"art":"pfad"},"geometry":{"type":"LineString","coordinates":[[13.94266,52.84828],[13.94271,52.84839]]}},{"type":"Feature","properties":{"art":"pfad"},"geometry":{"type":"LineString","coordinates":[[13.94259,52.8482],[13.94262,52.84828],[13.94263,52.84831],[13.94242,52.84834],[13.9424,52.84837]]}},{"type":"Feature","properties":{"art":"pfad"},"geometry":{"type":"LineString","coordinates":[[13.94897,52.84835],[13.94895,52.84844],[13.94897,52.84844]]}},{"type":"Feature","properties":{"art":"pfad"},"geometry":{"type":"LineString","coordinates":[[13.94313,52.84868],[13.94332,52.84864],[13.94329,52.84861],[13.94318,52.84854],[13.94305,52.84849],[13.94291,52.84848],[13.94285,52.8483],[13.9428,52.84817]]}},{"type":"Feature","properties":{"art":"pfad"},"geometry":{"type":"LineString","coordinates":[[13.94256,52.84854],[13.94287,52.84849],[13.94291,52.84848]]}},{"type":"Feature","properties":{"art":"strasse"},"geometry":{"type":"LineString","coordinates":[[13.94564,52.84817],[13.94587,52.8482],[13.94593,52.8482],[13.9463,52.84819],[13.94677,52.84818],[13.94682,52.84818],[13.94752,52.84821],[13.9479,52.84823],[13.94827,52.84826],[13.94841,52.84828],[13.94897,52.84835],[13.94906,52.84836],[13.94988,52.84851],[13.95055,52.84868],[13.95076,52.84873],[13.95095,52.84879]]}},{"type":"Feature","properties":{"art":"pfad"},"geometry":{"type":"LineString","coordinates":[[13.94045,52.84848],[13.94039,52.84849]]}},{"type":"Feature","properties":{"art":"pfad"},"geometry":{"type":"LineString","coordinates":[[13.94035,52.84865],[13.94031,52.84856],[13.94037,52.84855],[13.94039,52.84854]]}},{"type":"Feature","properties":{"art":"pfad"},"geometry":{"type":"LineString","coordinates":[[13.94039,52.84849],[13.94039,52.84854],[13.94041,52.8486]]}},{"type":"Feature","properties":{"art":"weg"},"geometry":{"type":"LineString","coordinates":[[13.93184,52.84973],[13.93241,52.8496],[13.93261,52.84953],[13.93293,52.84925],[13.93312,52.84913],[13.93508,52.84833]]}},{"type":"Feature","properties":{"art":"pfad"},"geometry":{"type":"LineString","coordinates":[[13.94019,52.84879],[13.94003,52.84868],[13.93999,52.84869],[13.9401,52.84879],[13.94011,52.84882]]}},{"type":"Feature","properties":{"art":"pfad"},"geometry":{"type":"LineString","coordinates":[[13.93987,52.84893],[13.93985,52.84892],[13.93977,52.84886],[13.93968,52.84878],[13.93965,52.84879],[13.93974,52.8489],[13.93977,52.84897]]}},{"type":"Feature","properties":{"art":"pfad"},"geometry":{"type":"LineString","coordinates":[[13.93956,52.84907],[13.93944,52.84901],[13.93933,52.84898],[13.93916,52.84895]]}},{"type":"Feature","properties":{"art":"pfad"},"geometry":{"type":"LineString","coordinates":[[13.93864,52.84945],[13.93874,52.84943]]}},{"type":"Feature","properties":{"art":"pfad"},"geometry":{"type":"LineString","coordinates":[[13.93601,52.8497],[13.9367,52.84954],[13.9374,52.84952],[13.93813,52.84942],[13.93824,52.84933],[13.93822,52.84924],[13.93783,52.84918],[13.93732,52.84919],[13.93655,52.8493],[13.93603,52.84934],[13.93589,52.84951],[13.93427,52.84956],[13.93314,52.84969],[13.93185,52.84994]]}},{"type":"Feature","properties":{"art":"pfad"},"geometry":{"type":"LineString","coordinates":[[13.93184,52.84973],[13.93185,52.84994]]}},{"type":"Feature","properties":{"art":"pfad"},"geometry":{"type":"LineString","coordinates":[[13.93185,52.84994],[13.93231,52.85005]]}},{"type":"Feature","properties":{"art":"pfad"},"geometry":{"type":"LineString","coordinates":[[13.93185,52.84994],[13.93163,52.85016]]}},{"type":"Feature","properties":{"art":"pfad"},"geometry":{"type":"LineString","coordinates":[[13.9389,52.8516],[13.93891,52.85164]]}},{"type":"Feature","properties":{"art":"pfad"},"geometry":{"type":"LineString","coordinates":[[13.95294,52.85591],[13.95234,52.85591],[13.95186,52.85583],[13.95146,52.85563],[13.9512,52.85534],[13.95086,52.855],[13.95062,52.85483],[13.95039,52.85474],[13.95005,52.85471],[13.94966,52.85472]]}},{"type":"Feature","properties":{"art":"pfad"},"geometry":{"type":"LineString","coordinates":[[13.94849,52.85479],[13.94811,52.8548]]}},{"type":"Feature","properties":{"art":"strasse"},"geometry":{"type":"LineString","coordinates":[[13.94289,52.85192],[13.94224,52.85195]]}},{"type":"Feature","properties":{"art":"strasse"},"geometry":{"type":"LineString","coordinates":[[13.94491,52.85278],[13.9449,52.85278]]}},{"type":"Feature","properties":{"art":"strasse"},"geometry":{"type":"LineString","coordinates":[[13.9449,52.85278],[13.94477,52.85283]]}},{"type":"Feature","properties":{"art":"pfad"},"geometry":{"type":"LineString","coordinates":[[13.94789,52.85501],[13.94804,52.85488],[13.94811,52.8548],[13.94817,52.85471],[13.94821,52.85467]]}},{"type":"Feature","properties":{"art":"strasse"},"geometry":{"type":"LineString","coordinates":[[13.9461,52.85404],[13.94617,52.8541],[13.94633,52.85422],[13.94642,52.85428],[13.94657,52.85439],[13.9468,52.85452]]}},{"type":"Feature","properties":{"art":"strasse"},"geometry":{"type":"LineString","coordinates":[[13.94617,52.8541],[13.94603,52.85419]]}},{"type":"Feature","properties":{"art":"strasse"},"geometry":{"type":"LineString","coordinates":[[13.94642,52.85428],[13.94628,52.85438]]}},{"type":"Feature","properties":{"art":"strasse"},"geometry":{"type":"LineString","coordinates":[[13.9468,52.85452],[13.94694,52.8546],[13.94716,52.85469],[13.94789,52.85501]]}},{"type":"Feature","properties":{"art":"strasse"},"geometry":{"type":"LineString","coordinates":[[13.94168,52.85308],[13.94195,52.85309],[13.94216,52.8531],[13.94237,52.85314],[13.94257,52.85319],[13.94275,52.85327],[13.94293,52.85336],[13.94309,52.85347],[13.9432,52.85357],[13.9433,52.85368],[13.94332,52.85371]]}},{"type":"Feature","properties":{"art":"strasse"},"geometry":{"type":"LineString","coordinates":[[13.94384,52.8544],[13.94391,52.85446],[13.94405,52.85454],[13.94417,52.85458],[13.94429,52.85462],[13.94469,52.85467],[13.9449,52.85472],[13.94514,52.8548],[13.94533,52.85489],[13.94585,52.8552],[13.94609,52.85532],[13.94637,52.85544],[13.94843,52.85622],[13.94869,52.8563],[13.94893,52.85635],[13.94919,52.85638],[13.94939,52.85641],[13.94948,52.85644],[13.94957,52.85647],[13.94971,52.85657],[13.94996,52.85675],[13.9501,52.85683],[13.95048,52.85699],[13.9514,52.85735]]}},{"type":"Feature","properties":{"art":"strasse"},"geometry":{"type":"LineString","coordinates":[[13.94789,52.85501],[13.94865,52.85534],[13.94946,52.85569]]}},{"type":"Feature","properties":{"art":"strasse"},"geometry":{"type":"LineString","coordinates":[[13.94865,52.85534],[13.9485,52.85548]]}},{"type":"Feature","properties":{"art":"strasse"},"geometry":{"type":"LineString","coordinates":[[13.94946,52.85569],[13.94988,52.85586],[13.95013,52.856],[13.95039,52.85621],[13.95075,52.85664],[13.95087,52.85678],[13.95109,52.85699]]}},{"type":"Feature","properties":{"art":"pfad"},"geometry":{"type":"LineString","coordinates":[[13.93891,52.85164],[13.93894,52.85181]]}},{"type":"Feature","properties":{"art":"pfad"},"geometry":{"type":"LineString","coordinates":[[13.94196,52.85161],[13.94001,52.8518],[13.9384,52.85191]]}},{"type":"Feature","properties":{"art":"pfad"},"geometry":{"type":"LineString","coordinates":[[13.92815,52.85269],[13.92883,52.85265]]}},{"type":"Feature","properties":{"art":"pfad"},"geometry":{"type":"LineString","coordinates":[[13.92958,52.85259],[13.93012,52.85255],[13.93093,52.85249],[13.93148,52.85243],[13.93258,52.85232],[13.93343,52.85228],[13.93502,52.85217],[13.93615,52.85208],[13.93743,52.85197],[13.9384,52.85191]]}},{"type":"Feature","properties":{"art":"pfad"},"geometry":{"type":"LineString","coordinates":[[13.93966,52.8523],[13.93951,52.85312]]}},{"type":"Feature","properties":{"art":"pfad"},"geometry":{"type":"LineString","coordinates":[[13.92828,52.85338],[13.92815,52.85269]]}},{"type":"Feature","properties":{"art":"strasse"},"geometry":{"type":"LineString","coordinates":[[13.93053,52.85333],[13.93296,52.85328],[13.93713,52.85318],[13.93951,52.85312],[13.94131,52.85308],[13.94168,52.85308]]}},{"type":"Feature","properties":{"art":"weg"},"geometry":{"type":"LineString","coordinates":[[13.94078,52.8571],[13.94048,52.85688],[13.93983,52.85603],[13.93957,52.85587],[13.93889,52.85571],[13.93876,52.85564]]}},{"type":"Feature","properties":{"art":"weg"},"geometry":{"type":"LineString","coordinates":[[13.93715,52.85353],[13.93711,52.8534],[13.93713,52.85318]]}},{"type":"Feature","properties":{"art":"pfad"},"geometry":{"type":"LineString","coordinates":[[13.93737,52.85727],[13.93717,52.85787],[13.9371,52.85821],[13.93754,52.85876],[13.93788,52.85898]]}},{"type":"Feature","properties":{"art":"strasse"},"geometry":{"type":"LineString","coordinates":[[13.95193,52.85828],[13.9517,52.85829],[13.95122,52.85841],[13.95078,52.85852],[13.95064,52.85855],[13.95025,52.85864],[13.94965,52.85888],[13.94939,52.85897]]}},{"type":"Feature","properties":{"art":"strasse"},"geometry":{"type":"LineString","coordinates":[[13.9514,52.85735],[13.95232,52.8577]]}},{"type":"Feature","properties":{"art":"strasse"},"geometry":{"type":"LineString","coordinates":[[13.95576,52.85931],[13.95572,52.85935]]}},{"type":"Feature","properties":{"art":"strasse"},"geometry":{"type":"LineString","coordinates":[[13.95109,52.85699],[13.95141,52.85721],[13.95143,52.85729],[13.9514,52.85735]]}},{"type":"Feature","properties":{"art":"weg"},"geometry":{"type":"LineString","coordinates":[[13.9514,52.85735],[13.95123,52.85743],[13.95105,52.85775],[13.95087,52.8582],[13.95064,52.85855]]}},{"type":"Feature","properties":{"art":"weg"},"geometry":{"type":"LineString","coordinates":[[13.93535,52.85711],[13.93593,52.85723],[13.93675,52.85728],[13.93737,52.85727],[13.93805,52.85722],[13.93849,52.8574],[13.9389,52.85772],[13.93955,52.85804],[13.94138,52.85859],[13.9422,52.8586],[13.94314,52.85843],[13.94392,52.85811],[13.94459,52.85815],[13.94537,52.85812],[13.94648,52.85833],[13.94747,52.85863],[13.94828,52.85869],[13.94879,52.85878]]}},{"type":"Feature","properties":{"art":"strasse"},"geometry":{"type":"LineString","coordinates":[[13.95078,52.85852],[13.95082,52.85868]]}},{"type":"Feature","properties":{"art":"weg"},"geometry":{"type":"LineString","coordinates":[[13.95064,52.85855],[13.95052,52.85849],[13.94961,52.85861],[13.94879,52.85878],[13.94745,52.85899],[13.94713,52.85897],[13.94591,52.85912],[13.94558,52.85922]]}},{"type":"Feature","properties":{"art":"weg"},"geometry":{"type":"LineString","coordinates":[[13.94693,52.86047],[13.94684,52.86044],[13.9467,52.86034],[13.94655,52.86018],[13.94646,52.85999],[13.94625,52.85973],[13.94609,52.8597],[13.94374,52.85967],[13.94321,52.85961],[13.94228,52.85929],[13.9416,52.85894],[13.94138,52.85859],[13.94116,52.85775],[13.94086,52.85728],[13.94078,52.8572]]}},{"type":"Feature","properties":{"art":"strasse"},"geometry":{"type":"LineString","coordinates":[[13.94984,52.85939],[13.94981,52.85931],[13.94969,52.85902],[13.94965,52.85888]]}},{"type":"Feature","properties":{"art":"strasse"},"geometry":{"type":"LineString","coordinates":[[13.94981,52.85931],[13.94991,52.8593]]}},{"type":"Feature","properties":{"art":"weg"},"geometry":{"type":"LineString","coordinates":[[13.94374,52.85967],[13.94438,52.85956],[13.94458,52.85953],[13.94528,52.85931],[13.94558,52.85922],[13.94579,52.85923],[13.94625,52.85973]]}},{"type":"Feature","properties":{"art":"strasse"},"geometry":{"type":"LineString","coordinates":[[13.95064,52.85855],[13.9505,52.8588],[13.95047,52.85906],[13.95046,52.8591]]}},{"type":"Feature","properties":{"art":"strasse"},"geometry":{"type":"LineString","coordinates":[[13.96115,52.86229],[13.96093,52.86275]]}},{"type":"Feature","properties":{"art":"strasse"},"geometry":{"type":"LineString","coordinates":[[13.96145,52.86233],[13.96114,52.86262]]}},{"type":"Feature","properties":{"art":"strasse"},"geometry":{"type":"LineString","coordinates":[[13.94795,52.85982],[13.94862,52.86012]]}},{"type":"Feature","properties":{"art":"strasse"},"geometry":{"type":"LineString","coordinates":[[13.94939,52.85897],[13.94867,52.85932],[13.94795,52.85982],[13.94738,52.86021],[13.94714,52.86035],[13.94693,52.86047],[13.94659,52.86067],[13.94639,52.86077]]}},{"type":"Feature","properties":{"art":"strasse"},"geometry":{"type":"LineString","coordinates":[[13.94614,52.86087],[13.94551,52.86113],[13.94544,52.86115],[13.94484,52.86137]]}},{"type":"Feature","properties":{"art":"strasse"},"geometry":{"type":"LineString","coordinates":[[13.94714,52.86035],[13.94774,52.8606]]}},{"type":"Feature","properties":{"art":"strasse"},"geometry":{"type":"LineString","coordinates":[[13.94659,52.86067],[13.94692,52.86088]]}},{"type":"Feature","properties":{"art":"pfad"},"geometry":{"type":"LineString","coordinates":[[13.93824,52.86201],[13.93884,52.86116],[13.93826,52.86087],[13.93878,52.8607],[13.9392,52.86041],[13.93958,52.86038],[13.94022,52.8602],[13.94171,52.85982],[13.94288,52.85969],[13.94317,52.85968],[13.94374,52.85967]]}},{"type":"Feature","properties":{"art":"strasse"},"geometry":{"type":"LineString","coordinates":[[13.94544,52.86115],[13.94555,52.86127]]}},{"type":"Feature","properties":{"art":"pfad"},"geometry":{"type":"LineString","coordinates":[[13.93824,52.86201],[13.93871,52.86189],[13.93931,52.8618],[13.94005,52.86176],[13.94067,52.86171],[13.94128,52.86161],[13.94253,52.86134],[13.94276,52.86132],[13.94404,52.86163]]}},{"type":"Feature","properties":{"art":"strasse"},"geometry":{"type":"LineString","coordinates":[[13.94614,52.86304],[13.94731,52.86238]]}},{"type":"Feature","properties":{"art":"weg"},"geometry":{"type":"LineString","coordinates":[[13.94633,52.86316],[13.94614,52.86304],[13.94484,52.86137]]}},{"type":"Feature","properties":{"art":"pfad"},"geometry":{"type":"LineString","coordinates":[[13.95142,52.86403],[13.95056,52.86393],[13.94993,52.86393],[13.94949,52.8639],[13.94831,52.86382],[13.94803,52.86375],[13.94767,52.86366],[13.94633,52.86316]]}},{"type":"Feature","properties":{"art":"strasse"},"geometry":{"type":"LineString","coordinates":[[13.80447,52.84466],[13.80453,52.84443],[13.80457,52.84434],[13.80467,52.84423],[13.80476,52.84417]]}},{"type":"Feature","properties":{"art":"weg"},"geometry":{"type":"LineString","coordinates":[[13.80488,52.8464],[13.80536,52.84673],[13.80514,52.84689],[13.80514,52.84708],[13.80527,52.84725],[13.80605,52.84762]]}},{"type":"Feature","properties":{"art":"weg"},"geometry":{"type":"LineString","coordinates":[[13.81088,52.84943],[13.81056,52.84941],[13.8104,52.84937],[13.81027,52.84932],[13.81009,52.8492],[13.81002,52.84916],[13.80993,52.84912],[13.8095,52.84901],[13.80891,52.84886],[13.80884,52.84884],[13.80893,52.84869],[13.80897,52.84865],[13.80911,52.84844]]}},{"type":"Feature","properties":{"art":"strasse"},"geometry":{"type":"LineString","coordinates":[[13.81258,52.84983],[13.81219,52.84974],[13.81088,52.84943]]}},{"type":"Feature","properties":{"art":"strasse"},"geometry":{"type":"LineString","coordinates":[[13.81341,52.85143],[13.81338,52.85147]]}},{"type":"Feature","properties":{"art":"strasse"},"geometry":{"type":"LineString","coordinates":[[13.81228,52.85031],[13.81205,52.85025],[13.81169,52.85081],[13.81194,52.85088]]}},{"type":"Feature","properties":{"art":"strasse"},"geometry":{"type":"LineString","coordinates":[[13.81329,52.85136],[13.81325,52.85146],[13.81323,52.85147],[13.8132,52.85148],[13.81316,52.85148],[13.81312,52.85148]]}},{"type":"Feature","properties":{"art":"pfad"},"geometry":{"type":"LineString","coordinates":[[13.81117,52.85133],[13.81098,52.85131],[13.81064,52.8514],[13.80912,52.85243],[13.80855,52.85261],[13.80796,52.85273],[13.80778,52.85285],[13.8077,52.85292]]}},{"type":"Feature","properties":{"art":"weg"},"geometry":{"type":"LineString","coordinates":[[13.80583,52.85292],[13.80599,52.85283],[13.80667,52.8528],[13.8077,52.85292],[13.80967,52.85314],[13.81224,52.85365],[13.81258,52.85372],[13.8129,52.85391]]}},{"type":"Feature","properties":{"art":"weg"},"geometry":{"type":"LineString","coordinates":[[13.80583,52.85292],[13.80745,52.85308],[13.80987,52.85343],[13.81088,52.85364],[13.81177,52.85373],[13.81243,52.85383]]}},{"type":"Feature","properties":{"art":"weg"},"geometry":{"type":"LineString","coordinates":[[13.80409,52.85431],[13.8045,52.85434],[13.80491,52.85436],[13.80564,52.85437],[13.80604,52.85437],[13.8071,52.85435],[13.8085,52.85435],[13.80999,52.85435],[13.81195,52.85434],[13.8121,52.85432],[13.81223,52.85424],[13.81243,52.85383]]}},{"type":"Feature","properties":{"art":"weg"},"geometry":{"type":"LineString","coordinates":[[13.79057,52.85337],[13.7917,52.85344],[13.79381,52.85366],[13.79643,52.85409],[13.79732,52.85425],[13.7976,52.8543],[13.79812,52.85439],[13.79834,52.85442],[13.79878,52.85448],[13.80041,52.85469],[13.80223,52.85486],[13.80348,52.85496],[13.80508,52.85498],[13.80534,52.85498],[13.80562,52.85498]]}},{"type":"Feature","properties":{"art":"weg"},"geometry":{"type":"LineString","coordinates":[[13.8058,52.85499],[13.80665,52.855],[13.80703,52.85497],[13.81051,52.85497],[13.81227,52.85498],[13.81422,52.85505],[13.81563,52.85515],[13.81733,52.85529],[13.82,52.85567],[13.82159,52.85593],[13.82212,52.85609],[13.82248,52.85627]]}},{"type":"Feature","properties":{"art":"pfad"},"geometry":{"type":"LineString","coordinates":[[13.81243,52.85509],[13.81234,52.85533],[13.81224,52.85563],[13.81204,52.85623],[13.81188,52.8567],[13.81166,52.85713],[13.81134,52.85761],[13.81109,52.85797],[13.81094,52.85816],[13.81085,52.85828],[13.81071,52.85846],[13.81064,52.85853],[13.81053,52.85869],[13.81048,52.85876]]}},{"type":"Feature","properties":{"art":"weg"},"geometry":{"type":"LineString","coordinates":[[13.80867,52.85705],[13.80989,52.85732],[13.81061,52.85748],[13.81134,52.85761]]}},{"type":"Feature","properties":{"art":"weg"},"geometry":{"type":"LineString","coordinates":[[13.80847,52.85763],[13.80896,52.85776],[13.80998,52.85797],[13.8107,52.85811],[13.81094,52.85816]]}},{"type":"Feature","properties":{"art":"weg"},"geometry":{"type":"LineString","coordinates":[[13.80683,52.85829],[13.80693,52.85827],[13.80785,52.85835],[13.80836,52.85835],[13.80908,52.85836],[13.81006,52.85845],[13.81071,52.85846],[13.8114,52.85853],[13.81202,52.85858],[13.8126,52.85857],[13.81297,52.85853],[13.8135,52.85857],[13.81391,52.85858]]}},{"type":"Feature","properties":{"art":"pfad"},"geometry":{"type":"LineString","coordinates":[[13.81048,52.85876],[13.81045,52.85879],[13.81037,52.85887],[13.81029,52.85899]]}},{"type":"Feature","properties":{"art":"strasse"},"geometry":{"type":"LineString","coordinates":[[13.81347,52.85228],[13.81371,52.85197]]}},{"type":"Feature","properties":{"art":"strasse"},"geometry":{"type":"LineString","coordinates":[[13.81426,52.85224],[13.81406,52.85251]]}},{"type":"Feature","properties":{"art":"pfad"},"geometry":{"type":"LineString","coordinates":[[13.81338,52.85147],[13.81307,52.85195],[13.81282,52.85232],[13.8128,52.85235]]}},{"type":"Feature","properties":{"art":"pfad"},"geometry":{"type":"LineString","coordinates":[[13.81224,52.85365],[13.8128,52.85235]]}},{"type":"Feature","properties":{"art":"pfad"},"geometry":{"type":"LineString","coordinates":[[13.81312,52.85396],[13.81346,52.85331],[13.81354,52.85291],[13.81358,52.85274],[13.81361,52.85263],[13.8134,52.85255],[13.81292,52.85242],[13.8128,52.85235]]}},{"type":"Feature","properties":{"art":"pfad"},"geometry":{"type":"LineString","coordinates":[[13.82248,52.85627],[13.82226,52.85627],[13.82148,52.85612],[13.82108,52.85605],[13.81877,52.85563],[13.81822,52.85553],[13.81654,52.85535],[13.81584,52.85528],[13.81462,52.85519],[13.81387,52.85513],[13.81243,52.85509],[13.81193,52.85508],[13.8089,52.85532],[13.8076,52.85526],[13.80608,52.85534]]}},{"type":"Feature","properties":{"art":"weg"},"geometry":{"type":"LineString","coordinates":[[13.81336,52.8575],[13.81462,52.85519]]}},{"type":"Feature","properties":{"art":"weg"},"geometry":{"type":"LineString","coordinates":[[13.81045,52.85879],[13.81063,52.85887],[13.81104,52.85896],[13.81138,52.85899],[13.81175,52.85904],[13.81205,52.8591],[13.81233,52.85909],[13.81278,52.85913],[13.81314,52.85913],[13.81328,52.85908],[13.81343,52.85909],[13.8136,52.85919],[13.81379,52.85923],[13.81415,52.85927],[13.81443,52.85916],[13.81496,52.85896]]}},{"type":"Feature","properties":{"art":"pfad"},"geometry":{"type":"LineString","coordinates":[[13.81627,52.85447],[13.81656,52.85399],[13.81693,52.85352],[13.81671,52.85341],[13.81603,52.85326],[13.81544,52.85309],[13.81358,52.85274]]}},{"type":"Feature","properties":{"art":"weg"},"geometry":{"type":"LineString","coordinates":[[13.81477,52.85781],[13.81654,52.85535]]}},{"type":"Feature","properties":{"art":"pfad"},"geometry":{"type":"LineString","coordinates":[[13.81336,52.8575],[13.81293,52.85829],[13.81303,52.85841],[13.81385,52.85855],[13.81391,52.85858],[13.81413,52.85867],[13.81455,52.85874],[13.8149,52.85889],[13.81496,52.85896],[13.81539,52.85901],[13.8159,52.85915],[13.81623,52.85921],[13.81631,52.85905],[13.8164,52.85884],[13.81653,52.85865],[13.81661,52.85845],[13.8168,52.85826]]}},{"type":"Feature","properties":{"art":"pfad"},"geometry":{"type":"LineString","coordinates":[[13.81654,52.86031],[13.81617,52.86025],[13.81565,52.86017]]}},{"type":"Feature","properties":{"art":"pfad"},"geometry":{"type":"LineString","coordinates":[[13.81752,52.86633],[13.81712,52.86644],[13.81684,52.86664],[13.81664,52.86685],[13.81628,52.86707],[13.81605,52.86728],[13.81545,52.86768],[13.81515,52.86796],[13.81486,52.86818],[13.81468,52.86836],[13.81424,52.86867],[13.81419,52.86872]]}},{"type":"Feature","properties":{"art":"weg"},"geometry":{"type":"LineString","coordinates":[[13.81883,52.87157],[13.81849,52.87142],[13.81803,52.87115],[13.81726,52.87067],[13.8172,52.87063],[13.81652,52.8702],[13.81419,52.86872],[13.81318,52.86797],[13.81261,52.86761],[13.81157,52.86688],[13.81119,52.86653]]}},{"type":"Feature","properties":{"art":"weg"},"geometry":{"type":"LineString","coordinates":[[13.81243,52.85383],[13.8129,52.85391],[13.81312,52.85396],[13.81509,52.85427],[13.81627,52.85447],[13.81818,52.85477],[13.821,52.85521]]}},{"type":"Feature","properties":{"art":"weg"},"geometry":{"type":"LineString","coordinates":[[13.82616,52.86032],[13.82603,52.86029],[13.82513,52.86009],[13.82339,52.85971],[13.82237,52.85948],[13.82069,52.85912],[13.81886,52.85871],[13.81772,52.85844],[13.8168,52.85826],[13.81477,52.85781],[13.81336,52.8575],[13.81166,52.85713],[13.80889,52.85652]]}},{"type":"Feature","properties":{"art":"pfad"},"geometry":{"type":"LineString","coordinates":[[13.81772,52.85844],[13.81713,52.85935]]}},{"type":"Feature","properties":{"art":"pfad"},"geometry":{"type":"LineString","coordinates":[[13.81688,52.86058],[13.81654,52.86031]]}},{"type":"Feature","properties":{"art":"pfad"},"geometry":{"type":"LineString","coordinates":[[13.81789,52.86082],[13.81759,52.86071],[13.81723,52.86059],[13.81688,52.86058]]}},{"type":"Feature","properties":{"art":"pfad"},"geometry":{"type":"LineString","coordinates":[[13.81693,52.85352],[13.81753,52.85367],[13.81883,52.85255],[13.81952,52.85268]]}},{"type":"Feature","properties":{"art":"weg"},"geometry":{"type":"LineString","coordinates":[[13.8168,52.85826],[13.81731,52.85757],[13.81776,52.85702],[13.81815,52.85652],[13.81869,52.85581],[13.81877,52.85563]]}},{"type":"Feature","properties":{"art":"weg"},"geometry":{"type":"LineString","coordinates":[[13.81623,52.85921],[13.81662,52.85926],[13.81696,52.85935],[13.81713,52.85935],[13.81741,52.85941],[13.81761,52.85947],[13.81816,52.85964],[13.81854,52.85974],[13.81887,52.85982],[13.81927,52.85985],[13.81959,52.85993],[13.81972,52.85998]]}},{"type":"Feature","properties":{"art":"pfad"},"geometry":{"type":"LineString","coordinates":[[13.81947,52.86058],[13.81915,52.86048],[13.81883,52.86039],[13.81831,52.86018],[13.81815,52.86011],[13.81777,52.86001],[13.8175,52.86006],[13.81729,52.86015],[13.81703,52.86011],[13.81671,52.8602],[13.81654,52.86031]]}},{"type":"Feature","properties":{"art":"pfad"},"geometry":{"type":"LineString","coordinates":[[13.81789,52.86082],[13.81789,52.86074],[13.81804,52.86046],[13.81819,52.86031],[13.81831,52.86018]]}},{"type":"Feature","properties":{"art":"pfad"},"geometry":{"type":"LineString","coordinates":[[13.81947,52.86058],[13.81886,52.86129],[13.81764,52.86135]]}},{"type":"Feature","properties":{"art":"pfad"},"geometry":{"type":"LineString","coordinates":[[13.81774,52.86122],[13.81787,52.86104],[13.81789,52.86082]]}},{"type":"Feature","properties":{"art":"pfad"},"geometry":{"type":"LineString","coordinates":[[13.81736,52.86509],[13.81766,52.86497],[13.81775,52.86494]]}},{"type":"Feature","properties":{"art":"pfad"},"geometry":{"type":"LineString","coordinates":[[13.81865,52.86436],[13.81882,52.86423],[13.81851,52.8638]]}},{"type":"Feature","properties":{"art":"weg"},"geometry":{"type":"LineString","coordinates":[[13.81991,52.85205],[13.81952,52.85268],[13.81917,52.85322],[13.81818,52.85477]]}},{"type":"Feature","properties":{"art":"weg"},"geometry":{"type":"LineString","coordinates":[[13.81886,52.85871],[13.81936,52.8581],[13.82045,52.85675],[13.82108,52.85605]]}},{"type":"Feature","properties":{"art":"pfad"},"geometry":{"type":"LineString","coordinates":[[13.81993,52.86003],[13.81972,52.85998]]}},{"type":"Feature","properties":{"art":"pfad"},"geometry":{"type":"LineString","coordinates":[[13.82172,52.86673],[13.82151,52.86665],[13.82128,52.8666],[13.82104,52.86657],[13.82071,52.86657],[13.82035,52.86657],[13.82001,52.86654],[13.81976,52.86649],[13.8194,52.86643],[13.81905,52.86638],[13.81893,52.86633],[13.81859,52.8662],[13.81821,52.86607],[13.81782,52.86594],[13.81753,52.86581],[13.81728,52.8657],[13.81711,52.86558],[13.817,52.86544],[13.81696,52.86529],[13.81713,52.86515],[13.81736,52.86509]]}},{"type":"Feature","properties":{"art":"pfad"},"geometry":{"type":"LineString","coordinates":[[13.82018,52.86784],[13.81931,52.86793],[13.81855,52.86798],[13.81812,52.86822],[13.81787,52.86852],[13.81746,52.86896],[13.81739,52.86927]]}},{"type":"Feature","properties":{"art":"pfad"},"geometry":{"type":"LineString","coordinates":[[13.82011,52.87136],[13.8198,52.87128],[13.81975,52.87127],[13.81951,52.87124],[13.81918,52.87123],[13.819,52.87133],[13.81887,52.87148],[13.81883,52.87157]]}},{"type":"Feature","properties":{"art":"pfad"},"geometry":{"type":"LineString","coordinates":[[13.81688,52.86058],[13.81619,52.86108]]}},{"type":"Feature","properties":{"art":"pfad"},"geometry":{"type":"LineString","coordinates":[[13.81713,52.86515],[13.81697,52.86501],[13.81679,52.86493],[13.81655,52.86479],[13.81636,52.86468]]}},{"type":"Feature","properties":{"art":"pfad"},"geometry":{"type":"LineString","coordinates":[[13.81711,52.86558],[13.81735,52.86604],[13.81752,52.86633]]}},{"type":"Feature","properties":{"art":"pfad"},"geometry":{"type":"LineString","coordinates":[[13.81739,52.86927],[13.81726,52.86942],[13.81708,52.86961],[13.81678,52.86991],[13.81674,52.86995],[13.81652,52.8702]]}},{"type":"Feature","properties":{"art":"pfad"},"geometry":{"type":"LineString","coordinates":[[13.81753,52.87024],[13.81735,52.87017],[13.81718,52.87007],[13.81699,52.86998],[13.81678,52.86991]]}},{"type":"Feature","properties":{"art":"strasse"},"geometry":{"type":"LineString","coordinates":[[13.8163,52.87072],[13.81631,52.8708]]}},{"type":"Feature","properties":{"art":"strasse"},"geometry":{"type":"LineString","coordinates":[[13.81619,52.87072],[13.8163,52.87072],[13.81672,52.87098],[13.81673,52.87109]]}},{"type":"Feature","properties":{"art":"strasse"},"geometry":{"type":"LineString","coordinates":[[13.81631,52.8708],[13.81631,52.87081]]}},{"type":"Feature","properties":{"art":"strasse"},"geometry":{"type":"LineString","coordinates":[[13.81566,52.87553],[13.81589,52.87515],[13.81608,52.87486],[13.81665,52.87395],[13.81705,52.8733],[13.81761,52.8724],[13.81762,52.87239]]}},{"type":"Feature","properties":{"art":"pfad"},"geometry":{"type":"LineString","coordinates":[[13.81752,52.86633],[13.8177,52.86635],[13.8182,52.86636],[13.81893,52.86633]]}},{"type":"Feature","properties":{"art":"pfad"},"geometry":{"type":"LineString","coordinates":[[13.81803,52.87115],[13.81823,52.87103],[13.81818,52.87078],[13.81817,52.87061],[13.81816,52.87044],[13.81811,52.87018],[13.81794,52.86999],[13.81758,52.8699],[13.81756,52.86983],[13.81747,52.86962],[13.81738,52.86955],[13.81726,52.86942]]}},{"type":"Feature","properties":{"art":"pfad"},"geometry":{"type":"LineString","coordinates":[[13.81753,52.87024],[13.81755,52.87026],[13.81743,52.87046],[13.8172,52.87063]]}},{"type":"Feature","properties":{"art":"strasse"},"geometry":{"type":"LineString","coordinates":[[13.81808,52.87194],[13.81808,52.87193],[13.81785,52.87173],[13.81748,52.87148],[13.81721,52.8713],[13.81692,52.87118],[13.81685,52.87115],[13.81675,52.87111]]}},{"type":"Feature","properties":{"art":"pfad"},"geometry":{"type":"LineString","coordinates":[[13.81119,52.86653],[13.81071,52.86623],[13.81047,52.86602],[13.81023,52.86582],[13.81003,52.86557],[13.80971,52.86531],[13.80951,52.86496],[13.80933,52.86485],[13.80924,52.86473],[13.80893,52.86432],[13.80894,52.8641],[13.80882,52.86399],[13.80861,52.8637],[13.80871,52.86373],[13.8088,52.86347],[13.80893,52.86315],[13.80906,52.8628],[13.80902,52.86261],[13.80885,52.86231],[13.80872,52.86208],[13.8086,52.86194],[13.80838,52.86188],[13.80821,52.86184],[13.80772,52.86175]]}},{"type":"Feature","properties":{"art":"weg"},"geometry":{"type":"LineString","coordinates":[[13.80601,52.85913],[13.80619,52.85919],[13.80625,52.85925],[13.80656,52.8599]]}},{"type":"Feature","properties":{"art":"weg"},"geometry":{"type":"LineString","coordinates":[[13.80697,52.86104],[13.80707,52.86135],[13.80721,52.86192],[13.80744,52.86263],[13.80767,52.86321],[13.80791,52.86374],[13.80836,52.86446],[13.80866,52.86483],[13.80918,52.86547],[13.80957,52.86584],[13.81004,52.86626],[13.81058,52.8667],[13.81107,52.86705],[13.812,52.86769],[13.81227,52.86784],[13.81269,52.86815],[13.81324,52.8685],[13.81389,52.86892],[13.81401,52.86902],[13.81413,52.86919],[13.81422,52.86926],[13.81442,52.86938],[13.81511,52.86984],[13.81601,52.87041],[13.81671,52.87084],[13.81679,52.8709],[13.81672,52.87098]]}},{"type":"Feature","properties":{"art":"pfad"},"geometry":{"type":"LineString","coordinates":[[13.81376,52.86908],[13.81336,52.86934],[13.81314,52.86978],[13.81286,52.87024],[13.81277,52.87031],[13.81248,52.87052],[13.81211,52.87087],[13.80799,52.87086]]}},{"type":"Feature","properties":{"art":"weg"},"geometry":{"type":"LineString","coordinates":[[13.81014,52.87386],[13.81044,52.87371]]}},{"type":"Feature","properties":{"art":"strasse"},"geometry":{"type":"LineString","coordinates":[[13.81086,52.87437],[13.81078,52.8744],[13.81074,52.87441],[13.81062,52.87444],[13.81043,52.87454],[13.81042,52.87458],[13.81043,52.87469]]}},{"type":"Feature","properties":{"art":"strasse"},"geometry":{"type":"LineString","coordinates":[[13.80796,52.87206],[13.80809,52.87223],[13.80822,52.87236]]}},{"type":"Feature","properties":{"art":"strasse"},"geometry":{"type":"LineString","coordinates":[[13.80946,52.87338],[13.80961,52.87348],[13.80996,52.87374],[13.81014,52.87386],[13.81067,52.87423],[13.81086,52.87437],[13.811,52.87448],[13.81114,52.87459],[13.81265,52.87587],[13.81331,52.87644],[13.81333,52.87645],[13.81367,52.87675]]}},{"type":"Feature","properties":{"art":"strasse"},"geometry":{"type":"LineString","coordinates":[[13.811,52.87448],[13.81085,52.87456],[13.81066,52.87469],[13.81057,52.87475],[13.81055,52.87478]]}},{"type":"Feature","properties":{"art":"pfad"},"geometry":{"type":"LineString","coordinates":[[13.81125,52.87537],[13.8115,52.87495]]}},{"type":"Feature","properties":{"art":"pfad"},"geometry":{"type":"LineString","coordinates":[[13.81309,52.86603],[13.81332,52.8658],[13.81349,52.86561],[13.81361,52.86549],[13.81374,52.86516],[13.81387,52.8649],[13.8141,52.86467],[13.8143,52.8644],[13.8143,52.86419]]}},{"type":"Feature","properties":{"art":"pfad"},"geometry":{"type":"LineString","coordinates":[[13.81003,52.86557],[13.81055,52.86572],[13.81125,52.86581],[13.81178,52.86589],[13.81236,52.86593],[13.81309,52.86603],[13.81339,52.86606],[13.81418,52.86615],[13.81599,52.86632],[13.81752,52.86633],[13.81773,52.86662],[13.81832,52.8671],[13.81827,52.86759],[13.81812,52.86822]]}},{"type":"Feature","properties":{"art":"weg"},"geometry":{"type":"LineString","coordinates":[[13.80829,52.86874],[13.80844,52.86869],[13.80855,52.8687],[13.80882,52.86873],[13.80914,52.86888],[13.80957,52.86901],[13.8126,52.87023],[13.81277,52.87031],[13.81281,52.87032],[13.81326,52.87056],[13.81363,52.87069],[13.81412,52.8708],[13.81443,52.87089],[13.81478,52.87099],[13.81507,52.87108],[13.81538,52.87117],[13.81561,52.87119],[13.81579,52.87118],[13.81583,52.87118]]}},{"type":"Feature","properties":{"art":"weg"},"geometry":{"type":"LineString","coordinates":[[13.81044,52.87371],[13.81063,52.87366],[13.81131,52.87352],[13.81186,52.87343],[13.81227,52.87331],[13.81258,52.87319],[13.8128,52.87307],[13.81291,52.873],[13.81296,52.87286],[13.81298,52.87273],[13.813,52.87265],[13.81308,52.87261],[13.81326,52.87257],[13.81381,52.87241],[13.81454,52.87226]]}},{"type":"Feature","properties":{"art":"pfad"},"geometry":{"type":"LineString","coordinates":[[13.81589,52.87515],[13.81586,52.87515],[13.81561,52.87508],[13.81525,52.87498],[13.81471,52.87474],[13.81412,52.87472],[13.81344,52.87491],[13.81279,52.87491],[13.81207,52.87468],[13.8117,52.87438],[13.81125,52.87418],[13.81109,52.8742],[13.81067,52.87423]]}},{"type":"Feature","properties":{"art":"strasse"},"geometry":{"type":"LineString","coordinates":[[13.81333,52.87645],[13.81324,52.87649],[13.81306,52.87674]]}},{"type":"Feature","properties":{"art":"strasse"},"geometry":{"type":"LineString","coordinates":[[13.81557,52.87569],[13.81517,52.87558],[13.81426,52.87534],[13.81421,52.87534],[13.81416,52.87536],[13.81386,52.87569],[13.81375,52.87583],[13.81356,52.87605],[13.81331,52.87644]]}},{"type":"Feature","properties":{"art":"strasse"},"geometry":{"type":"LineString","coordinates":[[13.8154,52.87598],[13.81544,52.87591],[13.81557,52.87569],[13.81566,52.87553]]}},{"type":"Feature","properties":{"art":"pfad"},"geometry":{"type":"LineString","coordinates":[[13.81911,52.87179],[13.81883,52.87157]]}},{"type":"Feature","properties":{"art":"strasse"},"geometry":{"type":"LineString","coordinates":[[13.81566,52.87553],[13.81587,52.87558],[13.81587,52.8756],[13.81578,52.87574]]}},{"type":"Feature","properties":{"art":"strasse"},"geometry":{"type":"LineString","coordinates":[[13.81557,52.87569],[13.81578,52.87574],[13.81612,52.87581]]}},{"type":"Feature","properties":{"art":"strasse"},"geometry":{"type":"LineString","coordinates":[[13.82063,52.88058],[13.82146,52.88095],[13.82159,52.88101],[13.82236,52.88136]]}},{"type":"Feature","properties":{"art":"weg"},"geometry":{"type":"LineString","coordinates":[[13.82319,52.87851],[13.82324,52.87847],[13.82361,52.87811],[13.8236,52.87808],[13.8235,52.87804]]}},{"type":"Feature","properties":{"art":"pfad"},"geometry":{"type":"LineString","coordinates":[[13.8236,52.87808],[13.82394,52.87821],[13.82441,52.87842],[13.82463,52.87858],[13.82569,52.87906],[13.82572,52.8792]]}},{"type":"Feature","properties":{"art":"pfad"},"geometry":{"type":"LineString","coordinates":[[13.82377,52.88049],[13.82259,52.88014],[13.8221,52.87992]]}},{"type":"Feature","properties":{"art":"pfad"},"geometry":{"type":"LineString","coordinates":[[13.82377,52.88049],[13.82418,52.88078]]}},{"type":"Feature","properties":{"art":"pfad"},"geometry":{"type":"LineString","coordinates":[[13.82439,52.88005],[13.82377,52.88049],[13.82341,52.88074],[13.82275,52.88123],[13.82254,52.88129],[13.82236,52.88136]]}},{"type":"Feature","properties":{"art":"pfad"},"geometry":{"type":"LineString","coordinates":[[13.82341,52.88074],[13.82418,52.88078],[13.82485,52.88082],[13.82514,52.88092],[13.82568,52.88119],[13.82607,52.88137],[13.82621,52.88161],[13.82644,52.88175]]}},{"type":"Feature","properties":{"art":"weg"},"geometry":{"type":"LineString","coordinates":[[13.82747,52.88145],[13.82723,52.88157],[13.82685,52.88169],[13.82644,52.88175],[13.82624,52.88178],[13.82543,52.88187],[13.82419,52.88207],[13.82364,52.88223],[13.82308,52.88255],[13.82263,52.8829]]}},{"type":"Feature","properties":{"art":"strasse"},"geometry":{"type":"LineString","coordinates":[[13.82293,52.87788],[13.82337,52.87808],[13.82339,52.8781],[13.82337,52.87813],[13.82319,52.87827],[13.82315,52.87828],[13.8231,52.87827],[13.82268,52.87808]]}},{"type":"Feature","properties":{"art":"strasse"},"geometry":{"type":"LineString","coordinates":[[13.82297,52.87942],[13.82439,52.88005],[13.82594,52.88075]]}},{"type":"Feature","properties":{"art":"strasse"},"geometry":{"type":"LineString","coordinates":[[13.8221,52.87992],[13.8217,52.87975]]}},{"type":"Feature","properties":{"art":"strasse"},"geometry":{"type":"LineString","coordinates":[[13.82146,52.88095],[13.82124,52.88112]]}},{"type":"Feature","properties":{"art":"strasse"},"geometry":{"type":"LineString","coordinates":[[13.82159,52.88101],[13.82152,52.88107]]}},{"type":"Feature","properties":{"art":"strasse"},"geometry":{"type":"LineString","coordinates":[[13.83552,52.84628],[13.83591,52.84622],[13.83608,52.84616],[13.83618,52.84609],[13.83623,52.84603]]}},{"type":"Feature","properties":{"art":"strasse"},"geometry":{"type":"LineString","coordinates":[[13.83608,52.84616],[13.83611,52.84617],[13.8375,52.84665],[13.83765,52.84645]]}},{"type":"Feature","properties":{"art":"weg"},"geometry":{"type":"LineString","coordinates":[[13.83552,52.84628],[13.83539,52.84636],[13.83506,52.84648],[13.83468,52.84654],[13.83441,52.84665]]}},{"type":"Feature","properties":{"art":"weg"},"geometry":{"type":"LineString","coordinates":[[13.83341,52.84672],[13.83361,52.84666],[13.83373,52.84662],[13.8339,52.84657],[13.83399,52.84654],[13.8342,52.84647],[13.83493,52.84634],[13.83552,52.84628]]}},{"type":"Feature","properties":{"art":"weg"},"geometry":{"type":"LineString","coordinates":[[13.8385,52.84717],[13.83894,52.84682]]}},{"type":"Feature","properties":{"art":"pfad"},"geometry":{"type":"LineString","coordinates":[[13.83361,52.84666],[13.83342,52.84662],[13.8332,52.84634]]}},{"type":"Feature","properties":{"art":"pfad"},"geometry":{"type":"LineString","coordinates":[[13.83038,52.84705],[13.8305,52.84696]]}},{"type":"Feature","properties":{"art":"pfad"},"geometry":{"type":"LineString","coordinates":[[13.83102,52.84694],[13.83126,52.84706]]}},{"type":"Feature","properties":{"art":"strasse"},"geometry":{"type":"LineString","coordinates":[[13.82912,52.84659],[13.82865,52.84694],[13.82844,52.847],[13.82827,52.84702],[13.82764,52.84669]]}},{"type":"Feature","properties":{"art":"strasse"},"geometry":{"type":"LineString","coordinates":[[13.82745,52.84717],[13.82758,52.84713],[13.82827,52.84702]]}},{"type":"Feature","properties":{"art":"pfad"},"geometry":{"type":"LineString","coordinates":[[13.82794,52.8489],[13.82801,52.8489],[13.8281,52.84889],[13.82814,52.84886],[13.82828,52.84868],[13.82836,52.84866],[13.82854,52.84864],[13.82862,52.84862],[13.82866,52.84857],[13.82881,52.84818],[13.82888,52.84793],[13.82891,52.8479],[13.82899,52.84785],[13.8292,52.84779],[13.82936,52.84775],[13.82947,52.84768],[13.82983,52.8474]]}},{"type":"Feature","properties":{"art":"strasse"},"geometry":{"type":"LineString","coordinates":[[13.82665,52.84777],[13.82745,52.84717]]}},{"type":"Feature","properties":{"art":"strasse"},"geometry":{"type":"LineString","coordinates":[[13.82781,52.84883],[13.82794,52.8489]]}},{"type":"Feature","properties":{"art":"pfad"},"geometry":{"type":"LineString","coordinates":[[13.8292,52.84779],[13.82903,52.84791],[13.82902,52.84828],[13.82894,52.84851],[13.82893,52.84863],[13.82876,52.84905],[13.8287,52.84927],[13.82867,52.84933],[13.82845,52.84969]]}},{"type":"Feature","properties":{"art":"pfad"},"geometry":{"type":"LineString","coordinates":[[13.82836,52.85028],[13.82862,52.85035]]}},{"type":"Feature","properties":{"art":"strasse"},"geometry":{"type":"LineString","coordinates":[[13.82787,52.85138],[13.82783,52.85144],[13.82778,52.8515]]}},{"type":"Feature","properties":{"art":"pfad"},"geometry":{"type":"LineString","coordinates":[[13.83162,52.84729],[13.83228,52.84709],[13.83304,52.84684],[13.83341,52.84672]]}},{"type":"Feature","properties":{"art":"pfad"},"geometry":{"type":"LineString","coordinates":[[13.83162,52.84729],[13.83035,52.84731],[13.82983,52.8474]]}},{"type":"Feature","properties":{"art":"pfad"},"geometry":{"type":"LineString","coordinates":[[13.83162,52.84729],[13.83182,52.84744],[13.83232,52.84768]]}},{"type":"Feature","properties":{"art":"pfad"},"geometry":{"type":"LineString","coordinates":[[13.83309,52.85047],[13.8336,52.84952],[13.83374,52.84927],[13.83384,52.84908],[13.83391,52.84887],[13.83401,52.84865],[13.83402,52.84851],[13.83403,52.84845],[13.83397,52.84835],[13.83382,52.84807],[13.83342,52.84797],[13.83319,52.84783],[13.83299,52.8477],[13.83279,52.8476],[13.83261,52.84743],[13.83241,52.84728],[13.83228,52.84709]]}},{"type":"Feature","properties":{"art":"weg"},"geometry":{"type":"LineString","coordinates":[[13.82865,52.84694],[13.82903,52.84709],[13.82915,52.84708],[13.82933,52.84715],[13.82941,52.84726],[13.82983,52.8474],[13.83016,52.84785],[13.83009,52.84792],[13.83013,52.84805],[13.83009,52.84845],[13.83032,52.8487],[13.83042,52.84872],[13.83053,52.84887],[13.83066,52.84894],[13.83107,52.84923],[13.83138,52.84958],[13.83154,52.84975],[13.83191,52.85004],[13.83254,52.8503],[13.8327,52.8504],[13.83309,52.85047],[13.83313,52.85051],[13.8333,52.85068],[13.83352,52.85088],[13.83408,52.85138],[13.83423,52.85151],[13.83449,52.85168],[13.83478,52.85176],[13.83495,52.85177],[13.83507,52.85198],[13.83557,52.85223],[13.83611,52.85218],[13.83665,52.85199],[13.8371,52.85166],[13.83732,52.85116],[13.83729,52.85072],[13.83768,52.85006],[13.8377,52.84972],[13.8375,52.8496],[13.83734,52.84935],[13.83726,52.84926]]}},{"type":"Feature","properties":{"art":"weg"},"geometry":{"type":"LineString","coordinates":[[13.83408,52.85138],[13.83159,52.85276],[13.82987,52.85244]]}},{"type":"Feature","properties":{"art":"strasse"},"geometry":{"type":"LineString","coordinates":[[13.82773,52.85133],[13.82787,52.85138],[13.82806,52.85145],[13.82826,52.85155],[13.82839,52.85159],[13.82987,52.85244],[13.83135,52.85337],[13.83154,52.85349],[13.83261,52.85413]]}},{"type":"Feature","properties":{"art":"pfad"},"geometry":{"type":"LineString","coordinates":[[13.83199,52.85331],[13.83223,52.85317]]}},{"type":"Feature","properties":{"art":"strasse"},"geometry":{"type":"LineString","coordinates":[[13.83154,52.85349],[13.83164,52.85344]]}},{"type":"Feature","properties":{"art":"strasse"},"geometry":{"type":"LineString","coordinates":[[13.83181,52.85334],[13.83194,52.85327],[13.83199,52.85331],[13.832,52.85332]]}},{"type":"Feature","properties":{"art":"pfad"},"geometry":{"type":"LineString","coordinates":[[13.83261,52.85413],[13.83272,52.85418],[13.83283,52.85422],[13.83286,52.85426],[13.83277,52.8543],[13.83265,52.85429],[13.83249,52.85422]]}},{"type":"Feature","properties":{"art":"strasse"},"geometry":{"type":"LineString","coordinates":[[13.83003,52.85517],[13.82893,52.85399]]}},{"type":"Feature","properties":{"art":"strasse"},"geometry":{"type":"LineString","coordinates":[[13.82801,52.85187],[13.82826,52.85155]]}},{"type":"Feature","properties":{"art":"pfad"},"geometry":{"type":"LineString","coordinates":[[13.83726,52.84926],[13.83781,52.8489],[13.838,52.84834],[13.83793,52.84788],[13.83807,52.84762],[13.8385,52.84717]]}},{"type":"Feature","properties":{"art":"pfad"},"geometry":{"type":"LineString","coordinates":[[13.8336,52.84952],[13.83425,52.84964],[13.83439,52.84977],[13.8348,52.84976],[13.83502,52.84978],[13.8352,52.84969],[13.83551,52.84967],[13.83575,52.84961],[13.83606,52.84965],[13.83627,52.84959],[13.83639,52.8496],[13.8365,52.84955],[13.83672,52.84958],[13.83702,52.84952],[13.83734,52.84935]]}},{"type":"Feature","properties":{"art":"pfad"},"geometry":{"type":"LineString","coordinates":[[13.83828,52.85688],[13.83796,52.85672],[13.83548,52.8556],[13.83346,52.85454],[13.83286,52.85426]]}},{"type":"Feature","properties":{"art":"pfad"},"geometry":{"type":"LineString","coordinates":[[13.83606,52.85765],[13.83796,52.85672],[13.84097,52.85524]]}},{"type":"Feature","properties":{"art":"weg"},"geometry":{"type":"LineString","coordinates":[[13.83571,52.85766],[13.83559,52.85763],[13.83517,52.85754]]}},{"type":"Feature","properties":{"art":"weg"},"geometry":{"type":"LineString","coordinates":[[13.84134,52.85918],[13.84117,52.85917],[13.84084,52.85913],[13.83751,52.85856],[13.8364,52.85838],[13.83533,52.85817],[13.83266,52.85777],[13.83145,52.85768]]}},{"type":"Feature","properties":{"art":"pfad"},"geometry":{"type":"LineString","coordinates":[[13.83217,52.85967],[13.83533,52.85817]]}},{"type":"Feature","properties":{"art":"pfad"},"geometry":{"type":"LineString","coordinates":[[13.8341,52.86196],[13.83421,52.86191],[13.83474,52.86181],[13.83526,52.86184],[13.8358,52.86179],[13.83633,52.8617],[13.83691,52.86152],[13.83753,52.86122],[13.83826,52.86085],[13.83944,52.86017],[13.84117,52.85917]]}},{"type":"Feature","properties":{"art":"pfad"},"geometry":{"type":"LineString","coordinates":[[13.83363,52.86195],[13.83376,52.86192],[13.8338,52.86193],[13.83384,52.86195],[13.83393,52.86202]]}},{"type":"Feature","properties":{"art":"strasse"},"geometry":{"type":"LineString","coordinates":[[13.83393,52.86202],[13.8341,52.86196]]}},{"type":"Feature","properties":{"art":"pfad"},"geometry":{"type":"LineString","coordinates":[[13.86054,52.84914],[13.86095,52.84917],[13.86116,52.84917],[13.86146,52.84916],[13.86159,52.84917],[13.86186,52.8492],[13.86206,52.84925],[13.86335,52.84968],[13.86481,52.84999],[13.86503,52.85005],[13.86514,52.8501],[13.86525,52.85018]]}},{"type":"Feature","properties":{"art":"pfad"},"geometry":{"type":"LineString","coordinates":[[13.85987,52.84906],[13.85989,52.84906],[13.86043,52.84912]]}},{"type":"Feature","properties":{"art":"pfad"},"geometry":{"type":"LineString","coordinates":[[13.86525,52.85018],[13.86534,52.8502],[13.86555,52.85024],[13.86569,52.85029],[13.86595,52.85044],[13.8667,52.85097],[13.86707,52.85127],[13.86731,52.85148],[13.86756,52.85168],[13.86778,52.85182],[13.8681,52.85198],[13.86835,52.85207],[13.86849,52.85212]]}},{"type":"Feature","properties":{"art":"pfad"},"geometry":{"type":"LineString","coordinates":[[13.85083,52.85332],[13.85109,52.85334],[13.85139,52.85333],[13.85166,52.8533],[13.85179,52.85325],[13.85218,52.85307],[13.85249,52.85305],[13.8536,52.85309],[13.85376,52.85308],[13.85424,52.85298],[13.85454,52.85285],[13.85522,52.85242],[13.85584,52.85215],[13.85637,52.85193],[13.85827,52.85141],[13.85869,52.85129],[13.8592,52.85115],[13.85985,52.85092],[13.86073,52.85078],[13.86186,52.85067],[13.8626,52.85059],[13.86335,52.85046],[13.86438,52.85025],[13.86484,52.85018],[13.86507,52.85017],[13.86525,52.85018]]}},{"type":"Feature","properties":{"art":"strasse"},"geometry":{"type":"LineString","coordinates":[[13.8409,52.8465],[13.84088,52.84653],[13.84047,52.84712],[13.83984,52.84696],[13.83994,52.84683]]}},{"type":"Feature","properties":{"art":"weg"},"geometry":{"type":"LineString","coordinates":[[13.84279,52.84661],[13.8427,52.84662]]}},{"type":"Feature","properties":{"art":"strasse"},"geometry":{"type":"LineString","coordinates":[[13.84477,52.84817],[13.84539,52.84852],[13.84557,52.84862],[13.84602,52.8489],[13.84641,52.84918]]}},{"type":"Feature","properties":{"art":"pfad"},"geometry":{"type":"LineString","coordinates":[[13.84533,52.85051],[13.84543,52.85024],[13.84539,52.85007],[13.84551,52.84965],[13.84538,52.84932],[13.84538,52.84892],[13.84532,52.84871],[13.84533,52.84861],[13.84539,52.84852]]}},{"type":"Feature","properties":{"art":"pfad"},"geometry":{"type":"LineString","coordinates":[[13.84461,52.85348],[13.83818,52.8501],[13.83781,52.8489]]}},{"type":"Feature","properties":{"art":"pfad"},"geometry":{"type":"LineString","coordinates":[[13.84217,52.85466],[13.84114,52.85362],[13.83768,52.85006]]}},{"type":"Feature","properties":{"art":"pfad"},"geometry":{"type":"LineString","coordinates":[[13.84114,52.85362],[13.84418,52.85369]]}},{"type":"Feature","properties":{"art":"weg"},"geometry":{"type":"LineString","coordinates":[[13.84648,52.84987],[13.84533,52.85051],[13.84488,52.85126],[13.84486,52.85336],[13.84486,52.85369],[13.84529,52.85441],[13.84557,52.85472],[13.84547,52.85497],[13.8438,52.85673],[13.8431,52.8577],[13.84183,52.85855]]}},{"type":"Feature","properties":{"art":"pfad"},"geometry":{"type":"LineString","coordinates":[[13.84097,52.85524],[13.84217,52.85466],[13.84418,52.85369],[13.84461,52.85348],[13.84486,52.85336]]}},{"type":"Feature","properties":{"art":"pfad"},"geometry":{"type":"LineString","coordinates":[[13.85426,52.85618],[13.85417,52.85628]]}},{"type":"Feature","properties":{"art":"pfad"},"geometry":{"type":"LineString","coordinates":[[13.84721,52.85837],[13.8472,52.85822],[13.84718,52.85818],[13.84717,52.85814],[13.84721,52.85809],[13.84725,52.85806],[13.84728,52.85803],[13.84729,52.85801],[13.84727,52.85796],[13.84728,52.85789],[13.8473,52.85781],[13.8473,52.85778],[13.84724,52.8577],[13.84723,52.85764],[13.84724,52.85753],[13.84722,52.85743],[13.84718,52.85735],[13.84711,52.85716],[13.84709,52.85711],[13.84711,52.85702],[13.84713,52.85689],[13.84718,52.8566],[13.84719,52.85653],[13.84714,52.85632],[13.84712,52.8563],[13.84709,52.85622],[13.84704,52.85617],[13.84703,52.85615],[13.84687,52.85603],[13.84674,52.85589],[13.84666,52.85569],[13.84668,52.85562],[13.84667,52.85552],[13.84672,52.85546],[13.84669,52.85542],[13.84666,52.85538],[13.84665,52.85536],[13.84626,52.85518],[13.84622,52.85515],[13.84616,52.85513],[13.84589,52.85492],[13.84576,52.85486],[13.84565,52.85484],[13.84561,52.85477],[13.84557,52.85472]]}},{"type":"Feature","properties":{"art":"strasse"},"geometry":{"type":"LineString","coordinates":[[13.84912,52.85661],[13.84911,52.85659]]}},{"type":"Feature","properties":{"art":"strasse"},"geometry":{"type":"LineString","coordinates":[[13.84962,52.8568],[13.84974,52.85666]]}},{"type":"Feature","properties":{"art":"weg"},"geometry":{"type":"LineString","coordinates":[[13.84988,52.85685],[13.84962,52.8568],[13.84961,52.8568]]}},{"type":"Feature","properties":{"art":"strasse"},"geometry":{"type":"LineString","coordinates":[[13.84988,52.85685],[13.8502,52.85686]]}},{"type":"Feature","properties":{"art":"strasse"},"geometry":{"type":"LineString","coordinates":[[13.84984,52.85697],[13.84997,52.85696]]}},{"type":"Feature","properties":{"art":"pfad"},"geometry":{"type":"LineString","coordinates":[[13.85161,52.85438],[13.85291,52.85442],[13.8537,52.85447],[13.85418,52.85439],[13.8542,52.8543],[13.85429,52.85424],[13.85449,52.85419],[13.85469,52.85419],[13.85532,52.85437],[13.85596,52.85481],[13.85666,52.85538],[13.85719,52.85561],[13.85805,52.85602],[13.85851,52.85623],[13.85865,52.85635]]}},{"type":"Feature","properties":{"art":"pfad"},"geometry":{"type":"LineString","coordinates":[[13.85865,52.85635],[13.85824,52.85635],[13.85625,52.85661],[13.85589,52.85664],[13.85505,52.85639],[13.85426,52.85618],[13.85445,52.85604],[13.85481,52.85588],[13.85481,52.85574],[13.85475,52.8553],[13.85457,52.85498],[13.85431,52.85465],[13.85418,52.85439]]}},{"type":"Feature","properties":{"art":"weg"},"geometry":{"type":"LineString","coordinates":[[13.85967,52.85566],[13.85932,52.85583],[13.85884,52.85616],[13.85869,52.85627],[13.85865,52.85635],[13.85854,52.85653],[13.85844,52.85673],[13.85846,52.85723],[13.85849,52.85736],[13.85862,52.85753],[13.8587,52.85767],[13.85872,52.85775],[13.85874,52.85787],[13.85872,52.8582],[13.85866,52.8586],[13.85854,52.85872],[13.85828,52.85874]]}},{"type":"Feature","properties":{"art":"pfad"},"geometry":{"type":"LineString","coordinates":[[13.85865,52.85635],[13.85992,52.85682],[13.86075,52.85723],[13.86131,52.85761],[13.86194,52.85784],[13.86268,52.85802],[13.86284,52.85833],[13.8636,52.8585]]}},{"type":"Feature","properties":{"art":"pfad"},"geometry":{"type":"LineString","coordinates":[[13.86131,52.85761],[13.8608,52.85835]]}},{"type":"Feature","properties":{"art":"weg"},"geometry":{"type":"LineString","coordinates":[[13.86493,52.85761],[13.8636,52.8585],[13.86329,52.85875]]}},{"type":"Feature","properties":{"art":"weg"},"geometry":{"type":"LineString","coordinates":[[13.85854,52.85872],[13.85876,52.85877],[13.85905,52.85885]]}},{"type":"Feature","properties":{"art":"pfad"},"geometry":{"type":"LineString","coordinates":[[13.85828,52.85874],[13.85813,52.85879],[13.85789,52.85894],[13.85782,52.85902]]}},{"type":"Feature","properties":{"art":"weg"},"geometry":{"type":"LineString","coordinates":[[13.85804,52.85941],[13.85979,52.85946],[13.86216,52.85951],[13.86717,52.85959]]}},{"type":"Feature","properties":{"art":"pfad"},"geometry":{"type":"LineString","coordinates":[[13.86931,52.86092],[13.86763,52.86021],[13.86745,52.85997],[13.86717,52.85959]]}},{"type":"Feature","properties":{"art":"strasse"},"geometry":{"type":"LineString","coordinates":[[13.84977,52.85726],[13.84999,52.85718]]}},{"type":"Feature","properties":{"art":"strasse"},"geometry":{"type":"LineString","coordinates":[[13.84921,52.85744],[13.84938,52.85739],[13.84977,52.85726]]}},{"type":"Feature","properties":{"art":"strasse"},"geometry":{"type":"LineString","coordinates":[[13.84938,52.85739],[13.84942,52.85742],[13.84951,52.85742]]}},{"type":"Feature","properties":{"art":"strasse"},"geometry":{"type":"LineString","coordinates":[[13.84977,52.85747],[13.84962,52.85753]]}},{"type":"Feature","properties":{"art":"strasse"},"geometry":{"type":"LineString","coordinates":[[13.84977,52.85755],[13.84991,52.85748]]}},{"type":"Feature","properties":{"art":"pfad"},"geometry":{"type":"LineString","coordinates":[[13.8585,52.85903],[13.85782,52.85902],[13.85769,52.85902],[13.85488,52.85899],[13.85127,52.85894]]}},{"type":"Feature","properties":{"art":"pfad"},"geometry":{"type":"LineString","coordinates":[[13.84498,52.85884],[13.84439,52.85883],[13.84354,52.8588],[13.84305,52.85879],[13.84164,52.85866],[13.84053,52.85847],[13.84023,52.85838],[13.83926,52.85822],[13.83881,52.8582],[13.83776,52.85803],[13.83768,52.85802],[13.83753,52.85795],[13.83748,52.85794],[13.83638,52.85775],[13.83626,52.85775],[13.83597,52.85771]]}},{"type":"Feature","properties":{"art":"pfad"},"geometry":{"type":"LineString","coordinates":[[13.84452,52.85861],[13.84473,52.85857],[13.84525,52.85843],[13.84721,52.85837],[13.8481,52.85835],[13.84832,52.85834],[13.84873,52.85835],[13.84938,52.85834],[13.84963,52.85832],[13.84965,52.8583],[13.84964,52.85814]]}},{"type":"Feature","properties":{"art":"weg"},"geometry":{"type":"LineString","coordinates":[[13.84134,52.85918],[13.84156,52.8591],[13.84167,52.85906],[13.84181,52.85906],[13.84236,52.85911],[13.84323,52.85918],[13.84367,52.85919],[13.84468,52.85922],[13.84554,52.85923],[13.84603,52.85924],[13.84644,52.85925]]}},{"type":"Feature","properties":{"art":"weg"},"geometry":{"type":"LineString","coordinates":[[13.85205,52.85934],[13.85228,52.85934],[13.8531,52.85935],[13.85331,52.85935],[13.85414,52.85936],[13.8549,52.85937],[13.85606,52.85938],[13.85787,52.85941],[13.85804,52.85941]]}},{"type":"Feature","properties":{"art":"weg"},"geometry":{"type":"LineString","coordinates":[[13.8438,52.85673],[13.84097,52.85524],[13.83651,52.85288],[13.83557,52.85223]]}},{"type":"Feature","properties":{"art":"pfad"},"geometry":{"type":"LineString","coordinates":[[13.83571,52.85766],[13.83597,52.85771],[13.83606,52.85765],[13.83823,52.85805],[13.83876,52.8581],[13.83932,52.85815],[13.84091,52.85841],[13.84106,52.85851],[13.8415,52.85856],[13.84183,52.85855],[13.84282,52.85863],[13.84326,52.85862],[13.84452,52.85861]]}},{"type":"Feature","properties":{"art":"weg"},"geometry":{"type":"LineString","coordinates":[[13.84084,52.85913],[13.84097,52.85905],[13.84109,52.85904],[13.84125,52.85905],[13.84136,52.85908],[13.84136,52.85912],[13.84134,52.85918]]}},{"type":"Feature","properties":{"art":"pfad"},"geometry":{"type":"LineString","coordinates":[[13.83944,52.86017],[13.83991,52.86051],[13.84099,52.86125],[13.84194,52.8617],[13.8426,52.86213],[13.8428,52.86221],[13.8431,52.86229],[13.84337,52.86217],[13.84374,52.86196],[13.84407,52.86169],[13.84425,52.86149],[13.84413,52.86111],[13.84387,52.86073],[13.84339,52.86049],[13.84279,52.86029],[13.84242,52.86012],[13.84211,52.8598],[13.84197,52.85952],[13.84189,52.85924]]}},{"type":"Feature","properties":{"art":"strasse"},"geometry":{"type":"LineString","coordinates":[[13.84,52.86525],[13.84059,52.86556],[13.84097,52.86576],[13.84152,52.86606]]}},{"type":"Feature","properties":{"art":"strasse"},"geometry":{"type":"LineString","coordinates":[[13.84059,52.86556],[13.84047,52.86564],[13.84046,52.86565],[13.83985,52.86604],[13.8397,52.86615],[13.83963,52.86622],[13.83966,52.86628],[13.83969,52.8663],[13.83975,52.86634],[13.83987,52.8664],[13.83991,52.86642]]}},{"type":"Feature","properties":{"art":"strasse"},"geometry":{"type":"LineString","coordinates":[[13.84206,52.86794],[13.84192,52.86781],[13.84187,52.86771],[13.8419,52.86765],[13.84236,52.86756],[13.84244,52.86749],[13.84215,52.86708],[13.84187,52.86714]]}},{"type":"Feature","properties":{"art":"weg"},"geometry":{"type":"LineString","coordinates":[[13.84417,52.86785],[13.84409,52.86778],[13.84366,52.86735],[13.84354,52.86729]]}},{"type":"Feature","properties":{"art":"weg"},"geometry":{"type":"LineString","coordinates":[[13.84198,52.86799],[13.84206,52.86794],[13.84272,52.86762],[13.84354,52.86729],[13.84371,52.86723]]}},{"type":"Feature","properties":{"art":"strasse"},"geometry":{"type":"LineString","coordinates":[[13.84152,52.86606],[13.84355,52.86715],[13.84371,52.86723],[13.84912,52.87017]]}},{"type":"Feature","properties":{"art":"pfad"},"geometry":{"type":"LineString","coordinates":[[13.86216,52.85951],[13.8614,52.86041],[13.86065,52.86101],[13.85911,52.86183],[13.85846,52.86217],[13.85768,52.86272]]}},{"type":"Feature","properties":{"art":"weg"},"geometry":{"type":"LineString","coordinates":[[13.85911,52.86183],[13.85953,52.862],[13.85985,52.86217],[13.86035,52.86238],[13.8608,52.86259]]}},{"type":"Feature","properties":{"art":"weg"},"geometry":{"type":"LineString","coordinates":[[13.8608,52.86259],[13.86307,52.86251],[13.86539,52.86235],[13.86703,52.86223],[13.86855,52.8621]]}},{"type":"Feature","properties":{"art":"pfad"},"geometry":{"type":"LineString","coordinates":[[13.86275,52.8636],[13.86216,52.86319],[13.8608,52.86259],[13.85924,52.86266],[13.85768,52.86272]]}},{"type":"Feature","properties":{"art":"weg"},"geometry":{"type":"LineString","coordinates":[[13.85768,52.86272],[13.85735,52.86278],[13.85707,52.86294],[13.85678,52.86322],[13.85631,52.86368],[13.85569,52.86424]]}},{"type":"Feature","properties":{"art":"pfad"},"geometry":{"type":"LineString","coordinates":[[13.86275,52.8636],[13.86251,52.8639],[13.86236,52.86417]]}},{"type":"Feature","properties":{"art":"pfad"},"geometry":{"type":"LineString","coordinates":[[13.86302,52.86501],[13.8629,52.86491],[13.86276,52.86478],[13.86253,52.86464],[13.86225,52.86452],[13.86178,52.86442],[13.86115,52.86426],[13.86077,52.86413],[13.86041,52.86397],[13.86002,52.86381],[13.85975,52.86366],[13.8593,52.86343],[13.85901,52.86332],[13.85878,52.86323],[13.85848,52.86317],[13.85816,52.86318],[13.85806,52.86321],[13.85789,52.86331],[13.85764,52.86333],[13.85739,52.86329],[13.85719,52.86324],[13.85678,52.86322]]}},{"type":"Feature","properties":{"art":"strasse"},"geometry":{"type":"LineString","coordinates":[[13.85501,52.86453],[13.85514,52.8642],[13.85507,52.86405],[13.85454,52.86382],[13.85446,52.86382],[13.85435,52.86391],[13.85421,52.86401],[13.85412,52.8641]]}},{"type":"Feature","properties":{"art":"strasse"},"geometry":{"type":"LineString","coordinates":[[13.85494,52.86486],[13.85494,52.86488],[13.85493,52.86498]]}},{"type":"Feature","properties":{"art":"pfad"},"geometry":{"type":"LineString","coordinates":[[13.86236,52.86417],[13.86239,52.86425],[13.86248,52.8643],[13.86317,52.86471],[13.86328,52.86491],[13.86302,52.86501]]}},{"type":"Feature","properties":{"art":"pfad"},"geometry":{"type":"LineString","coordinates":[[13.8531,52.85935],[13.853,52.85951],[13.85283,52.85955],[13.85243,52.85961],[13.85211,52.85965],[13.85193,52.85971],[13.85148,52.85981]]}},{"type":"Feature","properties":{"art":"pfad"},"geometry":{"type":"LineString","coordinates":[[13.85299,52.86066],[13.85256,52.86082],[13.85167,52.86107],[13.85121,52.86124],[13.85095,52.86127]]}},{"type":"Feature","properties":{"art":"weg"},"geometry":{"type":"LineString","coordinates":[[13.85569,52.86424],[13.8555,52.86411],[13.85529,52.86399],[13.85519,52.86387],[13.85481,52.86318],[13.85453,52.86267],[13.85424,52.86224],[13.85411,52.86192],[13.85397,52.86168],[13.85385,52.86148],[13.85363,52.86121],[13.85325,52.86085],[13.85299,52.86066],[13.85229,52.86022],[13.85161,52.85984],[13.85148,52.85981],[13.85131,52.8598]]}},{"type":"Feature","properties":{"art":"weg"},"geometry":{"type":"LineString","coordinates":[[13.85079,52.85978],[13.84618,52.85956],[13.84589,52.85954],[13.84517,52.85949],[13.84475,52.85946],[13.84248,52.85931],[13.84189,52.85924],[13.84134,52.85918]]}},{"type":"Feature","properties":{"art":"pfad"},"geometry":{"type":"LineString","coordinates":[[13.84905,52.86669],[13.8493,52.86669],[13.84958,52.8667],[13.84997,52.86684],[13.85033,52.86681],[13.85079,52.86658],[13.85092,52.86638],[13.85075,52.86593],[13.85062,52.86558],[13.85025,52.86496],[13.85009,52.86415],[13.85007,52.86367],[13.84997,52.86281],[13.84993,52.86166],[13.84908,52.86105],[13.84833,52.8608],[13.84787,52.86048],[13.8464,52.8598],[13.84621,52.85968],[13.84618,52.85956]]}},{"type":"Feature","properties":{"art":"weg"},"geometry":{"type":"LineString","coordinates":[[13.84833,52.8608],[13.8476,52.8613],[13.84752,52.86146],[13.8473,52.86184],[13.84743,52.86235],[13.84779,52.86378],[13.84905,52.86669]]}},{"type":"Feature","properties":{"art":"weg"},"geometry":{"type":"LineString","coordinates":[[13.85545,52.86522],[13.85493,52.86498],[13.85487,52.86495]]}},{"type":"Feature","properties":{"art":"weg"},"geometry":{"type":"LineString","coordinates":[[13.85364,52.86435],[13.85363,52.86435],[13.85195,52.86355]]}},{"type":"Feature","properties":{"art":"pfad"},"geometry":{"type":"LineString","coordinates":[[13.85075,52.86593],[13.85107,52.86545],[13.8516,52.86518],[13.85189,52.86515],[13.85213,52.86518]]}},{"type":"Feature","properties":{"art":"weg"},"geometry":{"type":"LineString","coordinates":[[13.8539,52.86619],[13.85335,52.86591]]}},{"type":"Feature","properties":{"art":"strasse"},"geometry":{"type":"LineString","coordinates":[[13.85233,52.86579],[13.85179,52.86648],[13.85177,52.86654],[13.85176,52.86659],[13.85179,52.86664]]}},{"type":"Feature","properties":{"art":"strasse"},"geometry":{"type":"LineString","coordinates":[[13.85289,52.86695],[13.85283,52.86684],[13.85282,52.86676],[13.85285,52.86666],[13.85292,52.8666],[13.85318,52.86647],[13.85334,52.86641],[13.8539,52.86619]]}},{"type":"Feature","properties":{"art":"strasse"},"geometry":{"type":"LineString","coordinates":[[13.85494,52.86488],[13.8554,52.8649],[13.85546,52.86455]]}},{"type":"Feature","properties":{"art":"weg"},"geometry":{"type":"LineString","coordinates":[[13.85569,52.86424],[13.85563,52.8643],[13.8556,52.86438],[13.85557,52.86461],[13.85553,52.86486],[13.85551,52.86508],[13.85545,52.86522]]}},{"type":"Feature","properties":{"art":"pfad"},"geometry":{"type":"LineString","coordinates":[[13.85569,52.86424],[13.85628,52.86449],[13.85643,52.86455],[13.85704,52.86481],[13.8572,52.86491],[13.8573,52.86503],[13.85736,52.86522],[13.85744,52.86531],[13.85768,52.86541]]}},{"type":"Feature","properties":{"art":"pfad"},"geometry":{"type":"LineString","coordinates":[[13.8654,52.86652],[13.86504,52.86602],[13.86398,52.8646],[13.86362,52.86422],[13.86275,52.8636]]}},{"type":"Feature","properties":{"art":"pfad"},"geometry":{"type":"LineString","coordinates":[[13.86379,52.86603],[13.86376,52.86583],[13.8637,52.86568],[13.86355,52.86555],[13.86328,52.8653],[13.86316,52.86515],[13.86302,52.86501]]}},{"type":"Feature","properties":{"art":"pfad"},"geometry":{"type":"LineString","coordinates":[[13.85768,52.86541],[13.85749,52.86563],[13.85726,52.86587],[13.85699,52.86601]]}},{"type":"Feature","properties":{"art":"strasse"},"geometry":{"type":"LineString","coordinates":[[13.8539,52.86619],[13.85423,52.86601],[13.85458,52.86581],[13.85497,52.86558],[13.8553,52.86537],[13.85545,52.86522]]}},{"type":"Feature","properties":{"art":"pfad"},"geometry":{"type":"LineString","coordinates":[[13.85871,52.86557],[13.85932,52.86553],[13.85966,52.8655],[13.86021,52.86542],[13.86037,52.86542],[13.8607,52.86551],[13.86125,52.86582],[13.86161,52.86603],[13.86203,52.86623],[13.8625,52.86647],[13.86302,52.8665],[13.86328,52.86644],[13.86345,52.86638],[13.86372,52.86621],[13.86379,52.86603]]}},{"type":"Feature","properties":{"art":"pfad"},"geometry":{"type":"LineString","coordinates":[[13.86379,52.86603],[13.86398,52.86603],[13.86446,52.86604],[13.86504,52.86602]]}},{"type":"Feature","properties":{"art":"pfad"},"geometry":{"type":"LineString","coordinates":[[13.85699,52.86601],[13.85735,52.86599],[13.85767,52.86595],[13.85809,52.86594],[13.85848,52.86594],[13.8589,52.86596],[13.85921,52.866],[13.85959,52.86606],[13.85981,52.86607]]}},{"type":"Feature","properties":{"art":"strasse"},"geometry":{"type":"LineString","coordinates":[[13.84607,52.86697],[13.84612,52.86689],[13.84623,52.86682],[13.84653,52.86667],[13.84668,52.86661]]}},{"type":"Feature","properties":{"art":"strasse"},"geometry":{"type":"LineString","coordinates":[[13.85285,52.86666],[13.8525,52.86685]]}},{"type":"Feature","properties":{"art":"strasse"},"geometry":{"type":"LineString","coordinates":[[13.85179,52.86664],[13.85184,52.86666],[13.85197,52.86671],[13.8523,52.8668],[13.8525,52.86685],[13.85289,52.86695]]}},{"type":"Feature","properties":{"art":"weg"},"geometry":{"type":"LineString","coordinates":[[13.84905,52.86669],[13.84842,52.86675]]}},{"type":"Feature","properties":{"art":"weg"},"geometry":{"type":"LineString","coordinates":[[13.84687,52.86689],[13.84607,52.86697],[13.84556,52.86703],[13.84395,52.86718],[13.84371,52.86723]]}},{"type":"Feature","properties":{"art":"strasse"},"geometry":{"type":"LineString","coordinates":[[13.85289,52.86695],[13.85358,52.86715]]}},{"type":"Feature","properties":{"art":"strasse"},"geometry":{"type":"LineString","coordinates":[[13.85229,52.86713],[13.85224,52.86712],[13.85209,52.86707],[13.85188,52.86701]]}},{"type":"Feature","properties":{"art":"strasse"},"geometry":{"type":"LineString","coordinates":[[13.85224,52.86712],[13.85228,52.86706]]}},{"type":"Feature","properties":{"art":"weg"},"geometry":{"type":"LineString","coordinates":[[13.85358,52.86715],[13.85402,52.86707],[13.85436,52.86712]]}},{"type":"Feature","properties":{"art":"strasse"},"geometry":{"type":"LineString","coordinates":[[13.85262,52.86723],[13.85266,52.86718]]}},{"type":"Feature","properties":{"art":"strasse"},"geometry":{"type":"LineString","coordinates":[[13.85436,52.86712],[13.85421,52.86734]]}},{"type":"Feature","properties":{"art":"weg"},"geometry":{"type":"LineString","coordinates":[[13.82069,52.85912],[13.82116,52.85845],[13.82163,52.8578],[13.8219,52.8575],[13.82283,52.85632]]}},{"type":"Feature","properties":{"art":"pfad"},"geometry":{"type":"LineString","coordinates":[[13.82128,52.8666],[13.82118,52.86633],[13.82142,52.86606],[13.8217,52.86574]]}},{"type":"Feature","properties":{"art":"weg"},"geometry":{"type":"LineString","coordinates":[[13.82244,52.86699],[13.82229,52.86694],[13.82193,52.86682],[13.82172,52.86673]]}},{"type":"Feature","properties":{"art":"weg"},"geometry":{"type":"LineString","coordinates":[[13.82727,52.85697],[13.82682,52.85677],[13.82575,52.85661],[13.82525,52.85649],[13.82341,52.85623],[13.82271,52.85614],[13.82248,52.85627]]}},{"type":"Feature","properties":{"art":"weg"},"geometry":{"type":"LineString","coordinates":[[13.82745,52.85698],[13.82727,52.85697],[13.82662,52.85691],[13.82552,52.85674],[13.8246,52.85659],[13.82299,52.85634],[13.82283,52.85632],[13.82248,52.85627]]}},{"type":"Feature","properties":{"art":"weg"},"geometry":{"type":"LineString","coordinates":[[13.82237,52.85948],[13.82315,52.85848],[13.82354,52.85803],[13.82382,52.85763],[13.82428,52.85704],[13.8246,52.85659]]}},{"type":"Feature","properties":{"art":"weg"},"geometry":{"type":"LineString","coordinates":[[13.82339,52.85971],[13.82453,52.85822],[13.82512,52.85744],[13.82552,52.85674]]}},{"type":"Feature","properties":{"art":"pfad"},"geometry":{"type":"LineString","coordinates":[[13.82513,52.86009],[13.82506,52.8602],[13.82475,52.86056],[13.82465,52.86077],[13.82463,52.861],[13.82441,52.86129],[13.82415,52.86156]]}},{"type":"Feature","properties":{"art":"strasse"},"geometry":{"type":"LineString","coordinates":[[13.82118,52.8536],[13.82118,52.85361],[13.82113,52.85373],[13.82106,52.85377],[13.82097,52.85379],[13.82087,52.8538],[13.82078,52.85378],[13.82072,52.85373],[13.82071,52.85368],[13.82071,52.85363],[13.82074,52.85358],[13.82086,52.8535],[13.82106,52.85345],[13.82116,52.85344]]}},{"type":"Feature","properties":{"art":"strasse"},"geometry":{"type":"LineString","coordinates":[[13.82097,52.85379],[13.82101,52.85387],[13.82116,52.85397],[13.82137,52.85402],[13.82146,52.85401],[13.82153,52.854],[13.82157,52.85393],[13.82157,52.85387],[13.82154,52.85374],[13.82153,52.85373]]}},{"type":"Feature","properties":{"art":"strasse"},"geometry":{"type":"LineString","coordinates":[[13.82129,52.85363],[13.82118,52.85361]]}},{"type":"Feature","properties":{"art":"weg"},"geometry":{"type":"LineString","coordinates":[[13.81917,52.85322],[13.82126,52.85487],[13.82121,52.85496]]}},{"type":"Feature","properties":{"art":"pfad"},"geometry":{"type":"LineString","coordinates":[[13.82069,52.85912],[13.82014,52.85979],[13.81993,52.86003],[13.81947,52.86058]]}},{"type":"Feature","properties":{"art":"pfad"},"geometry":{"type":"LineString","coordinates":[[13.8217,52.86574],[13.821,52.86576],[13.81972,52.86588],[13.81909,52.86596],[13.81859,52.8662]]}},{"type":"Feature","properties":{"art":"strasse"},"geometry":{"type":"LineString","coordinates":[[13.81975,52.87127],[13.81965,52.87142]]}},{"type":"Feature","properties":{"art":"strasse"},"geometry":{"type":"LineString","coordinates":[[13.82067,52.8715],[13.82059,52.8716]]}},{"type":"Feature","properties":{"art":"weg"},"geometry":{"type":"LineString","coordinates":[[13.82523,52.86907],[13.82537,52.8691],[13.82575,52.86914]]}},{"type":"Feature","properties":{"art":"strasse"},"geometry":{"type":"LineString","coordinates":[[13.82672,52.87032],[13.82662,52.87029],[13.82646,52.87024],[13.82589,52.87008],[13.82543,52.86994],[13.82506,52.86985]]}},{"type":"Feature","properties":{"art":"weg"},"geometry":{"type":"LineString","coordinates":[[13.82283,52.8671],[13.82272,52.86708],[13.82244,52.86699]]}},{"type":"Feature","properties":{"art":"pfad"},"geometry":{"type":"LineString","coordinates":[[13.82244,52.86699],[13.82242,52.86702],[13.82231,52.86704],[13.82202,52.86703],[13.82143,52.86701],[13.82082,52.86702],[13.82018,52.86784]]}},{"type":"Feature","properties":{"art":"pfad"},"geometry":{"type":"LineString","coordinates":[[13.82018,52.86784],[13.82058,52.86783],[13.82088,52.86784],[13.82153,52.86795],[13.82178,52.86796],[13.82202,52.86795],[13.82221,52.86793],[13.82248,52.86786],[13.82272,52.86771],[13.82289,52.86763]]}},{"type":"Feature","properties":{"art":"strasse"},"geometry":{"type":"LineString","coordinates":[[13.82288,52.86844],[13.8224,52.86859]]}},{"type":"Feature","properties":{"art":"strasse"},"geometry":{"type":"LineString","coordinates":[[13.82229,52.87062],[13.82147,52.8704]]}},{"type":"Feature","properties":{"art":"strasse"},"geometry":{"type":"LineString","coordinates":[[13.8226,52.8707],[13.82229,52.87062]]}},{"type":"Feature","properties":{"art":"strasse"},"geometry":{"type":"LineString","coordinates":[[13.82214,52.87133],[13.8217,52.87121]]}},{"type":"Feature","properties":{"art":"strasse"},"geometry":{"type":"LineString","coordinates":[[13.82156,52.87174],[13.82067,52.8715],[13.82011,52.87136]]}},{"type":"Feature","properties":{"art":"strasse"},"geometry":{"type":"LineString","coordinates":[[13.82536,52.87003],[13.82543,52.86994]]}},{"type":"Feature","properties":{"art":"strasse"},"geometry":{"type":"LineString","coordinates":[[13.82657,52.87054],[13.82637,52.87084],[13.8257,52.87182],[13.82568,52.87185]]}},{"type":"Feature","properties":{"art":"strasse"},"geometry":{"type":"LineString","coordinates":[[13.8235,52.87804],[13.82301,52.87781]]}},{"type":"Feature","properties":{"art":"weg"},"geometry":{"type":"LineString","coordinates":[[13.83261,52.85413],[13.83249,52.85422],[13.83164,52.85486],[13.83076,52.85551]]}},{"type":"Feature","properties":{"art":"strasse"},"geometry":{"type":"LineString","coordinates":[[13.83076,52.85551],[13.83069,52.85546],[13.83047,52.85522],[13.8304,52.85516],[13.83032,52.85517],[13.83009,52.85525]]}},{"type":"Feature","properties":{"art":"strasse"},"geometry":{"type":"LineString","coordinates":[[13.83006,52.85537],[13.83012,52.85535],[13.83013,52.8553],[13.83009,52.85525],[13.83003,52.85517]]}},{"type":"Feature","properties":{"art":"pfad"},"geometry":{"type":"LineString","coordinates":[[13.83265,52.85429],[13.83225,52.85706]]}},{"type":"Feature","properties":{"art":"strasse"},"geometry":{"type":"LineString","coordinates":[[13.83076,52.85551],[13.83058,52.85565],[13.82978,52.85596],[13.82965,52.856],[13.82963,52.85606],[13.83019,52.85637],[13.83022,52.85639],[13.83023,52.85642],[13.83023,52.85644],[13.83021,52.85647],[13.83015,52.85651],[13.83007,52.85655]]}},{"type":"Feature","properties":{"art":"pfad"},"geometry":{"type":"LineString","coordinates":[[13.83059,52.85679],[13.8305,52.85652],[13.83041,52.85637],[13.83027,52.85627],[13.82978,52.85596]]}},{"type":"Feature","properties":{"art":"strasse"},"geometry":{"type":"LineString","coordinates":[[13.83038,52.85674],[13.83007,52.85655],[13.82923,52.85606]]}},{"type":"Feature","properties":{"art":"pfad"},"geometry":{"type":"LineString","coordinates":[[13.82934,52.8566],[13.82936,52.85661],[13.83015,52.85674],[13.83038,52.85674]]}},{"type":"Feature","properties":{"art":"pfad"},"geometry":{"type":"LineString","coordinates":[[13.82906,52.85689],[13.82912,52.85722]]}},{"type":"Feature","properties":{"art":"strasse"},"geometry":{"type":"LineString","coordinates":[[13.82915,52.85687],[13.82922,52.85723]]}},{"type":"Feature","properties":{"art":"weg"},"geometry":{"type":"LineString","coordinates":[[13.83517,52.85754],[13.83424,52.85734],[13.83388,52.85732],[13.83256,52.8571],[13.83225,52.85706],[13.83182,52.85698],[13.8315,52.85691],[13.83105,52.85685],[13.83059,52.85679],[13.83045,52.85676],[13.83038,52.85674]]}},{"type":"Feature","properties":{"art":"weg"},"geometry":{"type":"LineString","coordinates":[[13.83213,52.85758],[13.83146,52.85751],[13.83049,52.85733],[13.83049,52.85733]]}},{"type":"Feature","properties":{"art":"weg"},"geometry":{"type":"LineString","coordinates":[[13.83013,52.85727],[13.82991,52.85723],[13.82975,52.85719],[13.82951,52.85713],[13.82942,52.85713],[13.82931,52.85717]]}},{"type":"Feature","properties":{"art":"weg"},"geometry":{"type":"LineString","coordinates":[[13.83039,52.85773],[13.83019,52.85751],[13.83012,52.85748],[13.82994,52.85745],[13.82969,52.85736],[13.8296,52.85731],[13.82945,52.85721],[13.82936,52.85717],[13.82931,52.85717],[13.82906,52.85716],[13.82745,52.85698]]}},{"type":"Feature","properties":{"art":"weg"},"geometry":{"type":"LineString","coordinates":[[13.83145,52.85768],[13.8315,52.85763],[13.8315,52.85756],[13.83146,52.85751]]}},{"type":"Feature","properties":{"art":"pfad"},"geometry":{"type":"LineString","coordinates":[[13.82912,52.85722],[13.82913,52.85731],[13.82915,52.8574],[13.82919,52.85753],[13.82923,52.85765],[13.82929,52.85781],[13.82934,52.85793]]}},{"type":"Feature","properties":{"art":"weg"},"geometry":{"type":"LineString","coordinates":[[13.83145,52.85768],[13.8309,52.85767],[13.83062,52.85768],[13.83039,52.85773],[13.82968,52.85788],[13.82946,52.85791]]}},{"type":"Feature","properties":{"art":"pfad"},"geometry":{"type":"LineString","coordinates":[[13.82946,52.85791],[13.82934,52.85793]]}},{"type":"Feature","properties":{"art":"weg"},"geometry":{"type":"LineString","coordinates":[[13.82603,52.86029],[13.82611,52.85994],[13.82618,52.85951],[13.82627,52.8591],[13.82631,52.85885],[13.82641,52.85831],[13.82653,52.85777],[13.82659,52.85732],[13.82663,52.85712],[13.82662,52.85691]]}},{"type":"Feature","properties":{"art":"weg"},"geometry":{"type":"LineString","coordinates":[[13.82756,52.8642],[13.82749,52.86419],[13.82726,52.86398],[13.827,52.86352],[13.82683,52.86296],[13.82683,52.86237],[13.82685,52.86044],[13.82616,52.86032]]}},{"type":"Feature","properties":{"art":"pfad"},"geometry":{"type":"LineString","coordinates":[[13.82541,52.86244],[13.82574,52.86244],[13.82592,52.86239],[13.82626,52.86241],[13.82643,52.86241],[13.82683,52.86237]]}},{"type":"Feature","properties":{"art":"pfad"},"geometry":{"type":"LineString","coordinates":[[13.82993,52.86444],[13.82947,52.86447],[13.82922,52.86457],[13.8291,52.86471],[13.82898,52.865],[13.82896,52.86524],[13.8289,52.86549],[13.82895,52.86578],[13.829,52.86594],[13.82888,52.86606],[13.82865,52.86611],[13.82831,52.86606],[13.82805,52.866],[13.82771,52.86589],[13.82746,52.86579],[13.82718,52.86577],[13.82682,52.86576],[13.82646,52.86576],[13.82611,52.8658],[13.82581,52.86585],[13.82552,52.86587],[13.82514,52.86582]]}},{"type":"Feature","properties":{"art":"pfad"},"geometry":{"type":"LineString","coordinates":[[13.82934,52.85793],[13.82947,52.85815],[13.8297,52.85843],[13.82995,52.85869],[13.83037,52.859],[13.83098,52.85935]]}},{"type":"Feature","properties":{"art":"strasse"},"geometry":{"type":"LineString","coordinates":[[13.82922,52.85723],[13.82924,52.85732],[13.82926,52.85741],[13.82929,52.8575],[13.82932,52.8576],[13.82936,52.85771],[13.82941,52.85781],[13.82946,52.85791],[13.82961,52.85814],[13.82982,52.8584],[13.83011,52.85866],[13.83048,52.85893],[13.8317,52.85961],[13.83215,52.85993],[13.83255,52.86029],[13.83289,52.86068],[13.83372,52.86165],[13.8341,52.86196]]}},{"type":"Feature","properties":{"art":"pfad"},"geometry":{"type":"LineString","coordinates":[[13.83098,52.85935],[13.83124,52.85954],[13.83136,52.8596],[13.8318,52.85987],[13.83211,52.86015],[13.83269,52.86084],[13.83353,52.86184],[13.83357,52.86188],[13.83363,52.86195]]}},{"type":"Feature","properties":{"art":"weg"},"geometry":{"type":"LineString","coordinates":[[13.82685,52.86044],[13.82828,52.86084],[13.83002,52.86116],[13.83203,52.86167],[13.83301,52.86186],[13.83343,52.86196],[13.83363,52.862],[13.83374,52.86208]]}},{"type":"Feature","properties":{"art":"strasse"},"geometry":{"type":"LineString","coordinates":[[13.82416,52.86653],[13.82439,52.86628],[13.82458,52.86612],[13.82482,52.86597],[13.82514,52.86582],[13.82698,52.86506],[13.82714,52.86496],[13.82734,52.86481],[13.82743,52.8647],[13.82748,52.86457],[13.82753,52.8644],[13.82754,52.86431],[13.82756,52.8642],[13.82757,52.86387],[13.8276,52.86377],[13.82765,52.86368],[13.82777,52.86354],[13.82794,52.86342],[13.82805,52.86336],[13.82833,52.86326],[13.82858,52.86319],[13.83348,52.86216],[13.83374,52.86208],[13.83393,52.86202]]}},{"type":"Feature","properties":{"art":"pfad"},"geometry":{"type":"LineString","coordinates":[[13.82399,52.86647],[13.82404,52.86642],[13.82425,52.86626],[13.82434,52.86622],[13.82479,52.86592],[13.82564,52.86556],[13.82617,52.86534],[13.82647,52.86521],[13.82682,52.86505],[13.82706,52.86492],[13.82716,52.86484],[13.82725,52.86476],[13.82734,52.86465],[13.82739,52.86456],[13.82743,52.86445],[13.82746,52.86432],[13.82749,52.86419],[13.82752,52.86383],[13.82757,52.86368],[13.8277,52.8635],[13.82786,52.86338],[13.82797,52.86332],[13.8283,52.86319],[13.82937,52.86297],[13.83252,52.8623],[13.83325,52.86214],[13.83353,52.86206],[13.83363,52.862],[13.83363,52.86195]]}},{"type":"Feature","properties":{"art":"pfad"},"geometry":{"type":"LineString","coordinates":[[13.82754,52.86431],[13.82803,52.86429],[13.82827,52.86434],[13.82876,52.86442],[13.82929,52.8644],[13.82993,52.86444],[13.83019,52.86451],[13.83065,52.86478],[13.83098,52.86495],[13.83207,52.86535],[13.83288,52.86553],[13.8341,52.86557]]}},{"type":"Feature","properties":{"art":"pfad"},"geometry":{"type":"LineString","coordinates":[[13.829,52.86594],[13.82931,52.86588],[13.8299,52.86593],[13.83057,52.86603],[13.83115,52.86621],[13.83176,52.86623],[13.83222,52.86635],[13.83266,52.86631],[13.83354,52.86615],[13.83392,52.86602],[13.8341,52.86557]]}},{"type":"Feature","properties":{"art":"pfad"},"geometry":{"type":"LineString","coordinates":[[13.82575,52.86914],[13.82608,52.86924],[13.82626,52.86947],[13.82648,52.8697],[13.82662,52.86985],[13.8272,52.86988],[13.82816,52.86997],[13.82839,52.87014],[13.82842,52.87036],[13.82832,52.87062],[13.82825,52.87137],[13.82837,52.87153],[13.8286,52.87171],[13.82964,52.8719],[13.8302,52.87211],[13.8312,52.87217],[13.83197,52.87192],[13.83297,52.87162],[13.83321,52.87143],[13.8334,52.87119],[13.83372,52.87104]]}},{"type":"Feature","properties":{"art":"pfad"},"geometry":{"type":"LineString","coordinates":[[13.83265,52.87376],[13.83186,52.87248]]}},{"type":"Feature","properties":{"art":"strasse"},"geometry":{"type":"LineString","coordinates":[[13.8341,52.86196],[13.83437,52.86217],[13.83527,52.86272]]}},{"type":"Feature","properties":{"art":"strasse"},"geometry":{"type":"LineString","coordinates":[[13.83527,52.86272],[13.83634,52.86329],[13.8395,52.86498],[13.84,52.86525]]}},{"type":"Feature","properties":{"art":"pfad"},"geometry":{"type":"LineString","coordinates":[[13.83634,52.86329],[13.83625,52.86344],[13.83622,52.8635],[13.83618,52.86372],[13.83605,52.86394],[13.83581,52.86423],[13.83537,52.86459],[13.8349,52.86484],[13.83452,52.86505],[13.83422,52.86527],[13.8341,52.86557]]}},{"type":"Feature","properties":{"art":"pfad"},"geometry":{"type":"LineString","coordinates":[[13.84354,52.86729],[13.84333,52.86723],[13.84315,52.86715],[13.84301,52.86702],[13.84271,52.86693],[13.84243,52.86679],[13.84211,52.86654],[13.84122,52.86607],[13.84112,52.866],[13.84047,52.86564],[13.8401,52.86544],[13.83959,52.86525],[13.83931,52.86511],[13.83868,52.86474],[13.83828,52.86457],[13.83784,52.86433],[13.83734,52.86412],[13.83695,52.86391],[13.83625,52.86344],[13.83547,52.86298],[13.83504,52.8628],[13.83421,52.8623],[13.8341,52.86221],[13.83408,52.86217],[13.83402,52.86209],[13.83393,52.86202]]}},{"type":"Feature","properties":{"art":"pfad"},"geometry":{"type":"LineString","coordinates":[[13.8341,52.86557],[13.83472,52.86553],[13.83525,52.8655],[13.83588,52.86556],[13.83691,52.86604],[13.838,52.86621],[13.8385,52.86619],[13.8393,52.86636],[13.83942,52.86638],[13.83955,52.86637],[13.83969,52.8663]]}},{"type":"Feature","properties":{"art":"pfad"},"geometry":{"type":"LineString","coordinates":[[13.83443,52.8711],[13.83372,52.87104],[13.83306,52.87063],[13.83287,52.86997],[13.83283,52.86959],[13.83258,52.86939],[13.83221,52.86931],[13.8318,52.86939]]}},{"type":"Feature","properties":{"art":"weg"},"geometry":{"type":"LineString","coordinates":[[13.83443,52.8711],[13.83516,52.87123],[13.83555,52.87136],[13.83559,52.87141],[13.8356,52.87149],[13.8352,52.87183],[13.83479,52.87198],[13.8341,52.87198],[13.83345,52.87215],[13.83226,52.87237],[13.83186,52.87248],[13.83157,52.87257],[13.83125,52.87274],[13.83091,52.87283],[13.83041,52.87291],[13.83031,52.87299],[13.83032,52.8731],[13.8307,52.8734],[13.83142,52.87379]]}},{"type":"Feature","properties":{"art":"pfad"},"geometry":{"type":"LineString","coordinates":[[13.83741,52.87366],[13.83744,52.87358],[13.8376,52.87321],[13.83763,52.87279],[13.83842,52.872]]}},{"type":"Feature","properties":{"art":"pfad"},"geometry":{"type":"LineString","coordinates":[[13.83709,52.87363],[13.83744,52.87358]]}},{"type":"Feature","properties":{"art":"pfad"},"geometry":{"type":"LineString","coordinates":[[13.83744,52.87358],[13.83776,52.87369]]}},{"type":"Feature","properties":{"art":"weg"},"geometry":{"type":"LineString","coordinates":[[13.82575,52.86914],[13.8258,52.86905],[13.82586,52.86897],[13.82595,52.86892],[13.82616,52.8689]]}},{"type":"Feature","properties":{"art":"pfad"},"geometry":{"type":"LineString","coordinates":[[13.82616,52.8689],[13.82645,52.86902],[13.82662,52.86922],[13.82686,52.86946],[13.82695,52.86954],[13.82732,52.86968],[13.82775,52.86986],[13.82816,52.86997],[13.82842,52.86992]]}},{"type":"Feature","properties":{"art":"pfad"},"geometry":{"type":"LineString","coordinates":[[13.82589,52.87008],[13.82586,52.87012]]}},{"type":"Feature","properties":{"art":"pfad"},"geometry":{"type":"LineString","coordinates":[[13.82662,52.87029],[13.82658,52.87034]]}},{"type":"Feature","properties":{"art":"pfad"},"geometry":{"type":"LineString","coordinates":[[13.82672,52.87032],[13.82657,52.87054]]}},{"type":"Feature","properties":{"art":"strasse"},"geometry":{"type":"LineString","coordinates":[[13.82637,52.87084],[13.82577,52.87069]]}},{"type":"Feature","properties":{"art":"strasse"},"geometry":{"type":"LineString","coordinates":[[13.82558,52.87179],[13.8257,52.87182],[13.8279,52.87245]]}},{"type":"Feature","properties":{"art":"strasse"},"geometry":{"type":"LineString","coordinates":[[13.82797,52.87246],[13.82873,52.87268],[13.82937,52.87315],[13.83094,52.8742],[13.83148,52.87448]]}},{"type":"Feature","properties":{"art":"strasse"},"geometry":{"type":"LineString","coordinates":[[13.83096,52.87495],[13.83033,52.87466],[13.83024,52.87462]]}},{"type":"Feature","properties":{"art":"strasse"},"geometry":{"type":"LineString","coordinates":[[13.82923,52.87328],[13.82937,52.87315]]}},{"type":"Feature","properties":{"art":"strasse"},"geometry":{"type":"LineString","coordinates":[[13.83113,52.87404],[13.83125,52.87409]]}},{"type":"Feature","properties":{"art":"strasse"},"geometry":{"type":"LineString","coordinates":[[13.83121,52.87397],[13.83113,52.87404],[13.83094,52.8742]]}},{"type":"Feature","properties":{"art":"pfad"},"geometry":{"type":"LineString","coordinates":[[13.83142,52.87379],[13.83187,52.8739],[13.83212,52.87428],[13.83228,52.8744],[13.8324,52.87462]]}},{"type":"Feature","properties":{"art":"strasse"},"geometry":{"type":"LineString","coordinates":[[13.83094,52.8742],[13.83075,52.87435]]}},{"type":"Feature","properties":{"art":"strasse"},"geometry":{"type":"LineString","coordinates":[[13.83047,52.87456],[13.83033,52.87466]]}},{"type":"Feature","properties":{"art":"pfad"},"geometry":{"type":"LineString","coordinates":[[13.83191,52.87479],[13.83148,52.87448]]}},{"type":"Feature","properties":{"art":"strasse"},"geometry":{"type":"LineString","coordinates":[[13.83033,52.87466],[13.83015,52.87481],[13.82874,52.87517],[13.8286,52.87506]]}},{"type":"Feature","properties":{"art":"strasse"},"geometry":{"type":"LineString","coordinates":[[13.83123,52.87501],[13.83096,52.87495]]}},{"type":"Feature","properties":{"art":"strasse"},"geometry":{"type":"LineString","coordinates":[[13.83096,52.87495],[13.83074,52.87506],[13.8286,52.87568]]}},{"type":"Feature","properties":{"art":"strasse"},"geometry":{"type":"LineString","coordinates":[[13.82764,52.87706],[13.82841,52.87661],[13.82911,52.87627],[13.82944,52.87604],[13.82933,52.87599]]}},{"type":"Feature","properties":{"art":"strasse"},"geometry":{"type":"LineString","coordinates":[[13.82929,52.87598],[13.82905,52.87587],[13.8286,52.87568]]}},{"type":"Feature","properties":{"art":"pfad"},"geometry":{"type":"LineString","coordinates":[[13.83464,52.87402],[13.83375,52.87379],[13.83311,52.87391],[13.83265,52.87376],[13.83187,52.8739]]}},{"type":"Feature","properties":{"art":"pfad"},"geometry":{"type":"LineString","coordinates":[[13.83464,52.87402],[13.8355,52.87386],[13.83608,52.87372],[13.83657,52.8736],[13.83694,52.87362],[13.83709,52.87363],[13.83741,52.87366],[13.83776,52.87369],[13.83809,52.87359],[13.83893,52.87313],[13.8394,52.87306],[13.83997,52.87316],[13.84081,52.87344],[13.84037,52.87359],[13.83997,52.8742],[13.83975,52.87442],[13.8394,52.87487],[13.83897,52.87478],[13.83874,52.87482],[13.83819,52.87503]]}},{"type":"Feature","properties":{"art":"pfad"},"geometry":{"type":"LineString","coordinates":[[13.84102,52.87343],[13.84081,52.87344],[13.84003,52.87331],[13.8393,52.87351],[13.83862,52.87359],[13.83779,52.87375],[13.83746,52.87387],[13.83528,52.87435],[13.83418,52.87481],[13.83302,52.87506],[13.83195,52.87511],[13.83158,52.87516]]}},{"type":"Feature","properties":{"art":"pfad"},"geometry":{"type":"LineString","coordinates":[[13.83123,52.87501],[13.83162,52.87487],[13.83191,52.87479],[13.8324,52.87462],[13.83311,52.87445],[13.83424,52.87418],[13.83464,52.87402]]}},{"type":"Feature","properties":{"art":"pfad"},"geometry":{"type":"LineString","coordinates":[[13.83819,52.87503],[13.83766,52.87528],[13.83675,52.87542],[13.83587,52.87545],[13.83529,52.87542],[13.83488,52.87551],[13.83409,52.87552],[13.833,52.87564],[13.83219,52.87549]]}},{"type":"Feature","properties":{"art":"pfad"},"geometry":{"type":"LineString","coordinates":[[13.83488,52.87551],[13.83506,52.87572],[13.83538,52.87591],[13.83557,52.87617],[13.83559,52.87637],[13.83533,52.87663],[13.83502,52.8769],[13.83469,52.87721]]}},{"type":"Feature","properties":{"art":"weg"},"geometry":{"type":"LineString","coordinates":[[13.83123,52.87501],[13.83158,52.87516],[13.83201,52.87534],[13.83219,52.87549],[13.83246,52.87569],[13.8331,52.876],[13.83328,52.87614],[13.83469,52.87721],[13.83592,52.87799],[13.83685,52.87851],[13.83725,52.87864],[13.83758,52.8787],[13.83768,52.87874]]}},{"type":"Feature","properties":{"art":"weg"},"geometry":{"type":"LineString","coordinates":[[13.83891,52.87724],[13.83798,52.87828],[13.83768,52.87874]]}},{"type":"Feature","properties":{"art":"pfad"},"geometry":{"type":"LineString","coordinates":[[13.83535,52.87975],[13.83574,52.87954]]}},{"type":"Feature","properties":{"art":"weg"},"geometry":{"type":"LineString","coordinates":[[13.84116,52.88343],[13.83774,52.88127],[13.83535,52.87975],[13.83531,52.87972],[13.83496,52.8795],[13.833,52.87825],[13.83278,52.87811],[13.83155,52.87732],[13.82991,52.87627],[13.82969,52.87613],[13.82944,52.87604]]}},{"type":"Feature","properties":{"art":"pfad"},"geometry":{"type":"LineString","coordinates":[[13.8539,52.86619],[13.85415,52.86619],[13.85451,52.86611],[13.855,52.86606],[13.85581,52.86605],[13.85699,52.86601]]}},{"type":"Feature","properties":{"art":"pfad"},"geometry":{"type":"LineString","coordinates":[[13.85768,52.86541],[13.85782,52.86549],[13.85871,52.86557],[13.85981,52.86607],[13.86116,52.86668],[13.86196,52.86702],[13.8623,52.86708]]}},{"type":"Feature","properties":{"art":"pfad"},"geometry":{"type":"LineString","coordinates":[[13.86196,52.86702],[13.86221,52.86683],[13.86238,52.86673],[13.8628,52.86661],[13.86302,52.8665]]}},{"type":"Feature","properties":{"art":"pfad"},"geometry":{"type":"LineString","coordinates":[[13.8654,52.86652],[13.86506,52.86657],[13.8645,52.86661],[13.86351,52.86683],[13.86323,52.86695],[13.86311,52.86698],[13.86261,52.86704],[13.8623,52.86708]]}},{"type":"Feature","properties":{"art":"weg"},"geometry":{"type":"LineString","coordinates":[[13.85436,52.86712],[13.85485,52.8673],[13.85571,52.8676],[13.85643,52.86807],[13.85662,52.86822]]}},{"type":"Feature","properties":{"art":"pfad"},"geometry":{"type":"LineString","coordinates":[[13.86744,52.86945],[13.86696,52.86867],[13.86624,52.86768],[13.8654,52.86652]]}},{"type":"Feature","properties":{"art":"strasse"},"geometry":{"type":"LineString","coordinates":[[13.85556,52.86809],[13.85588,52.86818],[13.85598,52.86821],[13.85607,52.86821],[13.85646,52.86822]]}},{"type":"Feature","properties":{"art":"pfad"},"geometry":{"type":"LineString","coordinates":[[13.86196,52.86702],[13.86192,52.86709],[13.86186,52.86726],[13.86167,52.8674],[13.86171,52.86761],[13.86163,52.86778],[13.86135,52.86803],[13.86098,52.86835],[13.86071,52.86851],[13.86049,52.86875],[13.86023,52.86893],[13.8599,52.86906],[13.85946,52.86916],[13.85911,52.86921],[13.85899,52.86932],[13.85868,52.86932],[13.85836,52.86923],[13.85799,52.86918],[13.85774,52.86908],[13.8572,52.869]]}},{"type":"Feature","properties":{"art":"pfad"},"geometry":{"type":"LineString","coordinates":[[13.8623,52.86708],[13.86268,52.86717],[13.86345,52.86748],[13.86475,52.86814],[13.86605,52.86881],[13.86668,52.86914],[13.86744,52.86945]]}},{"type":"Feature","properties":{"art":"strasse"},"geometry":{"type":"LineString","coordinates":[[13.85662,52.86822],[13.85646,52.86822]]}},{"type":"Feature","properties":{"art":"strasse"},"geometry":{"type":"LineString","coordinates":[[13.85358,52.86715],[13.85391,52.86724],[13.85421,52.86734]]}},{"type":"Feature","properties":{"art":"strasse"},"geometry":{"type":"LineString","coordinates":[[13.85266,52.86724],[13.8526,52.86734]]}},{"type":"Feature","properties":{"art":"strasse"},"geometry":{"type":"LineString","coordinates":[[13.85229,52.86713],[13.85262,52.86723],[13.85266,52.86724],[13.85299,52.86733],[13.85336,52.86743],[13.8537,52.86752],[13.85395,52.8676]]}},{"type":"Feature","properties":{"art":"strasse"},"geometry":{"type":"LineString","coordinates":[[13.85336,52.86743],[13.8534,52.86738]]}},{"type":"Feature","properties":{"art":"strasse"},"geometry":{"type":"LineString","coordinates":[[13.85421,52.86734],[13.85406,52.86754],[13.85402,52.86759]]}},{"type":"Feature","properties":{"art":"strasse"},"geometry":{"type":"LineString","coordinates":[[13.85396,52.8676],[13.85395,52.8676]]}},{"type":"Feature","properties":{"art":"strasse"},"geometry":{"type":"LineString","coordinates":[[13.85299,52.86733],[13.85292,52.86744]]}},{"type":"Feature","properties":{"art":"strasse"},"geometry":{"type":"LineString","coordinates":[[13.85293,52.86754],[13.85299,52.8676]]}},{"type":"Feature","properties":{"art":"strasse"},"geometry":{"type":"LineString","coordinates":[[13.85363,52.86759],[13.85365,52.86757],[13.8537,52.86752]]}},{"type":"Feature","properties":{"art":"strasse"},"geometry":{"type":"LineString","coordinates":[[13.85338,52.86819],[13.8535,52.86809],[13.85363,52.86795],[13.85368,52.86789]]}},{"type":"Feature","properties":{"art":"strasse"},"geometry":{"type":"LineString","coordinates":[[13.85395,52.8676],[13.85395,52.8676]]}},{"type":"Feature","properties":{"art":"strasse"},"geometry":{"type":"LineString","coordinates":[[13.85363,52.86795],[13.85344,52.86789]]}},{"type":"Feature","properties":{"art":"strasse"},"geometry":{"type":"LineString","coordinates":[[13.85417,52.86814],[13.85409,52.86824]]}},{"type":"Feature","properties":{"art":"weg"},"geometry":{"type":"LineString","coordinates":[[13.8493,52.86669],[13.84931,52.86694],[13.84983,52.86726],[13.85021,52.86797],[13.85036,52.86816],[13.85094,52.8689],[13.85142,52.8693]]}},{"type":"Feature","properties":{"art":"strasse"},"geometry":{"type":"LineString","coordinates":[[13.85312,52.86831],[13.85338,52.86819]]}},{"type":"Feature","properties":{"art":"pfad"},"geometry":{"type":"LineString","coordinates":[[13.85036,52.86816],[13.85072,52.86829],[13.85126,52.86838],[13.85194,52.86849],[13.85232,52.86857],[13.85264,52.86853]]}},{"type":"Feature","properties":{"art":"pfad"},"geometry":{"type":"LineString","coordinates":[[13.84932,52.8705],[13.84864,52.87017],[13.84824,52.86998],[13.84793,52.8698],[13.84744,52.8695],[13.84704,52.86934],[13.84481,52.8681],[13.8443,52.86791],[13.84417,52.86785]]}},{"type":"Feature","properties":{"art":"strasse"},"geometry":{"type":"LineString","coordinates":[[13.84954,52.87039],[13.84984,52.87022],[13.85142,52.8693],[13.85227,52.86873],[13.85264,52.86853],[13.85312,52.86831]]}},{"type":"Feature","properties":{"art":"strasse"},"geometry":{"type":"LineString","coordinates":[[13.84912,52.87017],[13.84954,52.87039]]}},{"type":"Feature","properties":{"art":"weg"},"geometry":{"type":"LineString","coordinates":[[13.84618,52.87051],[13.84573,52.87012],[13.84513,52.87058]]}},{"type":"Feature","properties":{"art":"weg"},"geometry":{"type":"LineString","coordinates":[[13.84954,52.87039],[13.84952,52.87045],[13.84956,52.87053]]}},{"type":"Feature","properties":{"art":"strasse"},"geometry":{"type":"LineString","coordinates":[[13.84954,52.87039],[13.84958,52.87041],[13.84989,52.87059]]}},{"type":"Feature","properties":{"art":"weg"},"geometry":{"type":"LineString","coordinates":[[13.84956,52.87053],[13.84944,52.87053],[13.84932,52.8705]]}},{"type":"Feature","properties":{"art":"pfad"},"geometry":{"type":"LineString","coordinates":[[13.85669,52.86826],[13.85687,52.86832],[13.85768,52.86841],[13.85796,52.86849],[13.85832,52.86845],[13.85869,52.86835]]}},{"type":"Feature","properties":{"art":"strasse"},"geometry":{"type":"LineString","coordinates":[[13.85486,52.86855],[13.85479,52.86864],[13.85461,52.86858]]}},{"type":"Feature","properties":{"art":"strasse"},"geometry":{"type":"LineString","coordinates":[[13.85595,52.86917],[13.85623,52.86881],[13.85638,52.86862],[13.85646,52.86822]]}},{"type":"Feature","properties":{"art":"strasse"},"geometry":{"type":"LineString","coordinates":[[13.85479,52.86864],[13.85482,52.86877],[13.85496,52.86894],[13.85514,52.86908],[13.85519,52.8691],[13.85537,52.86919]]}},{"type":"Feature","properties":{"art":"strasse"},"geometry":{"type":"LineString","coordinates":[[13.85595,52.86917],[13.85631,52.86928]]}},{"type":"Feature","properties":{"art":"strasse"},"geometry":{"type":"LineString","coordinates":[[13.85595,52.86917],[13.85582,52.86922],[13.85568,52.86942]]}},{"type":"Feature","properties":{"art":"weg"},"geometry":{"type":"LineString","coordinates":[[13.86783,52.87403],[13.86752,52.87126],[13.86744,52.86945]]}},{"type":"Feature","properties":{"art":"pfad"},"geometry":{"type":"LineString","coordinates":[[13.85662,52.86822],[13.85669,52.86826],[13.85699,52.86863],[13.85709,52.86876],[13.8572,52.869],[13.85774,52.86962],[13.8579,52.87002],[13.85839,52.87052],[13.85895,52.87113],[13.85903,52.87138],[13.85906,52.87222],[13.85922,52.8725],[13.85938,52.87282],[13.85989,52.87342],[13.86015,52.87367],[13.86082,52.87393],[13.86173,52.87417],[13.86201,52.87422],[13.86216,52.87427],[13.86317,52.87457],[13.86334,52.87463],[13.86346,52.87471],[13.8636,52.87482],[13.86413,52.87555],[13.86442,52.87577],[13.86488,52.87597]]}},{"type":"Feature","properties":{"art":"pfad"},"geometry":{"type":"LineString","coordinates":[[13.84989,52.87059],[13.84982,52.87065],[13.84963,52.87054],[13.84956,52.87053]]}},{"type":"Feature","properties":{"art":"strasse"},"geometry":{"type":"LineString","coordinates":[[13.84989,52.87059],[13.85025,52.87076]]}},{"type":"Feature","properties":{"art":"pfad"},"geometry":{"type":"LineString","coordinates":[[13.84618,52.87051],[13.847,52.8711],[13.8474,52.8715],[13.8476,52.87178]]}},{"type":"Feature","properties":{"art":"weg"},"geometry":{"type":"LineString","coordinates":[[13.84932,52.8705],[13.84828,52.87133],[13.8476,52.87178],[13.84646,52.87254],[13.84642,52.8726]]}},{"type":"Feature","properties":{"art":"weg"},"geometry":{"type":"LineString","coordinates":[[13.84642,52.8726],[13.84592,52.87178],[13.84524,52.87106],[13.84513,52.87058]]}},{"type":"Feature","properties":{"art":"strasse"},"geometry":{"type":"LineString","coordinates":[[13.85025,52.87076],[13.85569,52.8737]]}},{"type":"Feature","properties":{"art":"pfad"},"geometry":{"type":"LineString","coordinates":[[13.84693,52.87425],[13.84704,52.87417],[13.84755,52.874],[13.84802,52.87393],[13.84937,52.87365],[13.84928,52.87345],[13.84868,52.87274],[13.84791,52.8721],[13.8476,52.87178]]}},{"type":"Feature","properties":{"art":"pfad"},"geometry":{"type":"LineString","coordinates":[[13.85132,52.87408],[13.8498,52.87368],[13.84937,52.87365]]}},{"type":"Feature","properties":{"art":"pfad"},"geometry":{"type":"LineString","coordinates":[[13.84937,52.87365],[13.84983,52.87466]]}},{"type":"Feature","properties":{"art":"pfad"},"geometry":{"type":"LineString","coordinates":[[13.84614,52.87409],[13.84624,52.87412],[13.84636,52.87413],[13.84649,52.87414],[13.8466,52.87417],[13.84669,52.8742],[13.84681,52.87422],[13.84693,52.87425],[13.84705,52.87428]]}},{"type":"Feature","properties":{"art":"weg"},"geometry":{"type":"LineString","coordinates":[[13.84178,52.86865],[13.84183,52.86854],[13.84183,52.86844],[13.84177,52.86824],[13.84184,52.86809],[13.84198,52.86799]]}},{"type":"Feature","properties":{"art":"weg"},"geometry":{"type":"LineString","coordinates":[[13.84513,52.87058],[13.84481,52.8697],[13.84455,52.86829],[13.84451,52.86821],[13.84434,52.86807],[13.84417,52.86785]]}},{"type":"Feature","properties":{"art":"pfad"},"geometry":{"type":"LineString","coordinates":[[13.84168,52.86978],[13.84134,52.86988],[13.84058,52.86987],[13.8403,52.86987],[13.83996,52.8698]]}},{"type":"Feature","properties":{"art":"pfad"},"geometry":{"type":"LineString","coordinates":[[13.8424,52.87164],[13.84206,52.87107],[13.84179,52.87065],[13.8417,52.87045],[13.84158,52.87034],[13.84153,52.87023],[13.84157,52.87012],[13.84155,52.86993],[13.84168,52.86978],[13.84176,52.86973],[13.84227,52.86965],[13.84242,52.86961],[13.84247,52.86953],[13.84245,52.86941],[13.8424,52.86932],[13.84233,52.86925],[13.84211,52.86907],[13.84197,52.86901],[13.84186,52.86893],[13.84182,52.86885],[13.84178,52.86865]]}},{"type":"Feature","properties":{"art":"pfad"},"geometry":{"type":"LineString","coordinates":[[13.84513,52.87058],[13.84437,52.87075],[13.84367,52.8709],[13.84313,52.87108],[13.84268,52.87151],[13.8424,52.87164]]}},{"type":"Feature","properties":{"art":"pfad"},"geometry":{"type":"LineString","coordinates":[[13.8424,52.87164],[13.8423,52.87168],[13.84225,52.87182],[13.84244,52.87238],[13.84257,52.87266],[13.84254,52.87279],[13.84245,52.87287],[13.84207,52.87303],[13.84204,52.87304]]}},{"type":"Feature","properties":{"art":"pfad"},"geometry":{"type":"LineString","coordinates":[[13.84168,52.87319],[13.84153,52.87326],[13.84102,52.87343]]}},{"type":"Feature","properties":{"art":"pfad"},"geometry":{"type":"LineString","coordinates":[[13.84257,52.87266],[13.84307,52.87274],[13.84343,52.87283],[13.84403,52.87294],[13.84427,52.87301],[13.84453,52.87305],[13.84497,52.87307],[13.84515,52.8731],[13.84569,52.87373],[13.84594,52.87398],[13.84614,52.87409]]}},{"type":"Feature","properties":{"art":"pfad"},"geometry":{"type":"LineString","coordinates":[[13.84102,52.87343],[13.84074,52.8736],[13.84053,52.87392],[13.84009,52.8751],[13.83995,52.87552],[13.83983,52.87638],[13.83969,52.87663],[13.83929,52.87689],[13.83891,52.87724]]}},{"type":"Feature","properties":{"art":"pfad"},"geometry":{"type":"LineString","coordinates":[[13.85738,52.87452],[13.85576,52.87365],[13.85038,52.87079],[13.84997,52.87053],[13.84989,52.87059]]}},{"type":"Feature","properties":{"art":"pfad"},"geometry":{"type":"LineString","coordinates":[[13.85569,52.8737],[13.85576,52.87365]]}},{"type":"Feature","properties":{"art":"pfad"},"geometry":{"type":"LineString","coordinates":[[13.86082,52.87393],[13.86101,52.8739],[13.86137,52.87373]]}},{"type":"Feature","properties":{"art":"pfad"},"geometry":{"type":"LineString","coordinates":[[13.86707,52.87451],[13.86402,52.87332]]}},{"type":"Feature","properties":{"art":"pfad"},"geometry":{"type":"LineString","coordinates":[[13.86173,52.87417],[13.8617,52.87446]]}},{"type":"Feature","properties":{"art":"weg"},"geometry":{"type":"LineString","coordinates":[[13.86791,52.87487],[13.86783,52.87403]]}},{"type":"Feature","properties":{"art":"pfad"},"geometry":{"type":"LineString","coordinates":[[13.86791,52.87487],[13.86707,52.87451]]}},{"type":"Feature","properties":{"art":"strasse"},"geometry":{"type":"LineString","coordinates":[[13.85569,52.8737],[13.85726,52.87455]]}},{"type":"Feature","properties":{"art":"pfad"},"geometry":{"type":"LineString","coordinates":[[13.86488,52.87597],[13.86707,52.87451]]}},{"type":"Feature","properties":{"art":"pfad"},"geometry":{"type":"LineString","coordinates":[[13.86627,52.87684],[13.86791,52.87487]]}},{"type":"Feature","properties":{"art":"pfad"},"geometry":{"type":"LineString","coordinates":[[13.86488,52.87597],[13.86627,52.87684],[13.86714,52.87713],[13.86785,52.87756]]}},{"type":"Feature","properties":{"art":"pfad"},"geometry":{"type":"LineString","coordinates":[[13.86785,52.87756],[13.86778,52.87763],[13.86769,52.87774]]}},{"type":"Feature","properties":{"art":"weg"},"geometry":{"type":"LineString","coordinates":[[13.85684,52.87691],[13.85683,52.87691],[13.8568,52.87693]]}},{"type":"Feature","properties":{"art":"strasse"},"geometry":{"type":"LineString","coordinates":[[13.86742,52.87806],[13.86769,52.87774]]}},{"type":"Feature","properties":{"art":"strasse"},"geometry":{"type":"LineString","coordinates":[[13.86729,52.87924],[13.86731,52.87924],[13.86749,52.87925],[13.8676,52.87926],[13.86775,52.87925],[13.86786,52.87924],[13.86798,52.8792]]}},{"type":"Feature","properties":{"art":"weg"},"geometry":{"type":"LineString","coordinates":[[13.85073,52.87431],[13.85089,52.87445],[13.85132,52.87463],[13.85193,52.87477],[13.85221,52.87479],[13.85259,52.87483],[13.85293,52.87482],[13.85357,52.87478],[13.85387,52.87471],[13.85423,52.87465],[13.85465,52.87455],[13.85485,52.87444],[13.85502,52.87432],[13.85518,52.87416],[13.85559,52.8738],[13.85569,52.8737]]}},{"type":"Feature","properties":{"art":"weg"},"geometry":{"type":"LineString","coordinates":[[13.84805,52.87539],[13.84839,52.87531],[13.8487,52.87522],[13.84912,52.87503],[13.84931,52.87487],[13.84983,52.87466],[13.85073,52.87431],[13.85132,52.87408],[13.85186,52.87387],[13.85215,52.87377],[13.85245,52.87371],[13.85282,52.87367],[13.85318,52.8736],[13.85425,52.87335],[13.85473,52.8734],[13.85559,52.8738]]}},{"type":"Feature","properties":{"art":"weg"},"geometry":{"type":"LineString","coordinates":[[13.84705,52.87428],[13.84713,52.87436],[13.84721,52.87445],[13.84726,52.87457],[13.84735,52.87468],[13.8474,52.87478],[13.84752,52.87491],[13.84767,52.87503],[13.84775,52.87514],[13.84786,52.87527],[13.84793,52.87533],[13.84805,52.87539]]}},{"type":"Feature","properties":{"art":"pfad"},"geometry":{"type":"LineString","coordinates":[[13.84735,52.87468],[13.84726,52.87475],[13.84713,52.87482],[13.847,52.87488],[13.84689,52.87493],[13.84673,52.87499],[13.8466,52.87507],[13.84644,52.87513],[13.84628,52.87519],[13.84614,52.87526],[13.84586,52.87536],[13.84557,52.87545],[13.84536,52.87552],[13.84508,52.87559]]}},{"type":"Feature","properties":{"art":"weg"},"geometry":{"type":"LineString","coordinates":[[13.84983,52.87466],[13.84997,52.87491],[13.85006,52.87522],[13.85014,52.87546],[13.85022,52.87567],[13.85033,52.87579],[13.85059,52.87611],[13.85077,52.87648],[13.85103,52.87679],[13.8512,52.877],[13.85111,52.87732],[13.85094,52.8776]]}},{"type":"Feature","properties":{"art":"pfad"},"geometry":{"type":"LineString","coordinates":[[13.85094,52.8776],[13.85077,52.87777],[13.85056,52.87791],[13.85039,52.87813],[13.85022,52.87842],[13.85004,52.8787],[13.84993,52.87902],[13.85,52.87924],[13.85016,52.87952],[13.85024,52.87974],[13.85013,52.88037],[13.85012,52.88044]]}},{"type":"Feature","properties":{"art":"pfad"},"geometry":{"type":"LineString","coordinates":[[13.85013,52.88037],[13.85032,52.88039],[13.85075,52.88043],[13.85091,52.88047],[13.85106,52.88052],[13.85126,52.88049],[13.85156,52.88049],[13.85183,52.88052],[13.85219,52.88059],[13.85238,52.88062],[13.85269,52.88053],[13.85307,52.88042],[13.85344,52.88029],[13.85374,52.88016],[13.85397,52.88005],[13.8543,52.87998],[13.8544,52.87999],[13.85445,52.88002],[13.85468,52.88012],[13.85477,52.88013]]}},{"type":"Feature","properties":{"art":"pfad"},"geometry":{"type":"LineString","coordinates":[[13.84427,52.88156],[13.84444,52.8816],[13.84465,52.88165],[13.84484,52.88172],[13.84508,52.88181],[13.84525,52.88186],[13.84542,52.88194],[13.84551,52.88204],[13.84592,52.88227],[13.84609,52.8824],[13.84628,52.88264],[13.84639,52.88278],[13.84657,52.88292],[13.84668,52.88305],[13.8468,52.88325],[13.84687,52.8834],[13.84701,52.8836],[13.8471,52.8837]]}},{"type":"Feature","properties":{"art":"pfad"},"geometry":{"type":"LineString","coordinates":[[13.8471,52.8837],[13.84702,52.88376],[13.84648,52.88385],[13.84641,52.8839],[13.84636,52.88396],[13.84636,52.88417],[13.84607,52.88443],[13.84577,52.88517],[13.84527,52.88546]]}},{"type":"Feature","properties":{"art":"pfad"},"geometry":{"type":"LineString","coordinates":[[13.84102,52.87343],[13.84094,52.87383],[13.8408,52.87412],[13.84088,52.87447],[13.84085,52.87514],[13.84102,52.87549],[13.84076,52.87638],[13.84058,52.8766],[13.84025,52.87704],[13.84031,52.87734],[13.84051,52.87812],[13.84046,52.8784],[13.84082,52.87893],[13.84106,52.87928],[13.84126,52.87935]]}},{"type":"Feature","properties":{"art":"pfad"},"geometry":{"type":"LineString","coordinates":[[13.84076,52.87638],[13.84056,52.87634],[13.84028,52.87635],[13.8399,52.87651],[13.83969,52.87663]]}},{"type":"Feature","properties":{"art":"pfad"},"geometry":{"type":"LineString","coordinates":[[13.83891,52.87724],[13.83937,52.87749],[13.83973,52.87765],[13.83977,52.87788],[13.83839,52.87902]]}},{"type":"Feature","properties":{"art":"pfad"},"geometry":{"type":"LineString","coordinates":[[13.83998,52.88012],[13.84012,52.88003],[13.84027,52.87994],[13.84044,52.87983],[13.84073,52.87965],[13.84097,52.87951],[13.84115,52.8794],[13.84126,52.87935]]}},{"type":"Feature","properties":{"art":"weg"},"geometry":{"type":"LineString","coordinates":[[13.83768,52.87874],[13.83824,52.87893],[13.83839,52.87902],[13.83906,52.87941],[13.83966,52.87984],[13.83998,52.88012],[13.8408,52.88099],[13.84112,52.88152],[13.84125,52.88221],[13.8411,52.88253],[13.84127,52.88285],[13.84176,52.88329]]}},{"type":"Feature","properties":{"art":"pfad"},"geometry":{"type":"LineString","coordinates":[[13.84176,52.88329],[13.84171,52.88295],[13.84169,52.88254],[13.84177,52.88244],[13.84192,52.88236],[13.84241,52.88226],[13.843,52.88223],[13.84342,52.88206],[13.84397,52.88164],[13.84427,52.88156]]}},{"type":"Feature","properties":{"art":"pfad"},"geometry":{"type":"LineString","coordinates":[[13.84116,52.88343],[13.84176,52.88329]]}},{"type":"Feature","properties":{"art":"pfad"},"geometry":{"type":"LineString","coordinates":[[13.83958,52.88464],[13.84116,52.88343]]}},{"type":"Feature","properties":{"art":"pfad"},"geometry":{"type":"LineString","coordinates":[[13.84176,52.88329],[13.84324,52.88417],[13.84451,52.88506],[13.84527,52.88546],[13.84566,52.88567],[13.84586,52.8857],[13.84642,52.88621],[13.84651,52.88625],[13.84661,52.88636],[13.84649,52.88652],[13.84636,52.88669],[13.84633,52.88684],[13.84634,52.88688]]}},{"type":"Feature","properties":{"art":"pfad"},"geometry":{"type":"LineString","coordinates":[[13.8684,52.88047],[13.86708,52.87978],[13.86691,52.87965]]}},{"type":"Feature","properties":{"art":"strasse"},"geometry":{"type":"LineString","coordinates":[[13.86686,52.87973],[13.86833,52.88052]]}},{"type":"Feature","properties":{"art":"strasse"},"geometry":{"type":"LineString","coordinates":[[13.86642,52.88074],[13.86675,52.88081],[13.86691,52.88084],[13.86713,52.88083]]}},{"type":"Feature","properties":{"art":"strasse"},"geometry":{"type":"LineString","coordinates":[[13.85993,52.88166],[13.86007,52.88134]]}},{"type":"Feature","properties":{"art":"pfad"},"geometry":{"type":"LineString","coordinates":[[13.86675,52.88114],[13.86635,52.88105]]}},{"type":"Feature","properties":{"art":"pfad"},"geometry":{"type":"LineString","coordinates":[[13.86742,52.88114],[13.86732,52.88131],[13.86705,52.88148]]}},{"type":"Feature","properties":{"art":"pfad"},"geometry":{"type":"LineString","coordinates":[[13.85986,52.88177],[13.85971,52.88176],[13.85948,52.88178],[13.85921,52.88186],[13.85888,52.88206],[13.85867,52.88222],[13.85844,52.88237]]}},{"type":"Feature","properties":{"art":"pfad"},"geometry":{"type":"LineString","coordinates":[[13.86825,52.88441],[13.86813,52.88434],[13.86809,52.88426],[13.868,52.88414],[13.86775,52.88411],[13.86752,52.88417],[13.86713,52.88433],[13.86665,52.88438],[13.86621,52.88442]]}},{"type":"Feature","properties":{"art":"pfad"},"geometry":{"type":"LineString","coordinates":[[13.86621,52.88442],[13.86504,52.88448],[13.86487,52.88449],[13.86436,52.88473],[13.8643,52.88484]]}},{"type":"Feature","properties":{"art":"weg"},"geometry":{"type":"LineString","coordinates":[[13.86219,52.88785],[13.86165,52.88688],[13.86082,52.88563],[13.86039,52.88514],[13.86013,52.88428],[13.85978,52.88216],[13.8598,52.8819],[13.85986,52.88177],[13.85993,52.88166]]}},{"type":"Feature","properties":{"art":"pfad"},"geometry":{"type":"LineString","coordinates":[[13.8643,52.88484],[13.86487,52.88556],[13.86493,52.88591],[13.86502,52.88669],[13.86546,52.88742]]}},{"type":"Feature","properties":{"art":"strasse"},"geometry":{"type":"LineString","coordinates":[[13.8286,52.87568],[13.82787,52.87534]]}},{"type":"Feature","properties":{"art":"strasse"},"geometry":{"type":"LineString","coordinates":[[13.82718,52.87677],[13.82758,52.87702],[13.82764,52.87706],[13.82779,52.87716]]}},{"type":"Feature","properties":{"art":"strasse"},"geometry":{"type":"LineString","coordinates":[[13.82683,52.87841],[13.82654,52.87863],[13.82603,52.879],[13.82604,52.87902],[13.8261,52.8791],[13.82625,52.87931],[13.82633,52.87934],[13.82643,52.87934],[13.82643,52.87934]]}},{"type":"Feature","properties":{"art":"strasse"},"geometry":{"type":"LineString","coordinates":[[13.8266,52.87923],[13.82669,52.87915],[13.82709,52.87885]]}},{"type":"Feature","properties":{"art":"strasse"},"geometry":{"type":"LineString","coordinates":[[13.82721,52.8786],[13.82719,52.87859],[13.82683,52.87841]]}},{"type":"Feature","properties":{"art":"strasse"},"geometry":{"type":"LineString","coordinates":[[13.82683,52.87841],[13.82611,52.87807],[13.82602,52.87798],[13.82499,52.87755]]}},{"type":"Feature","properties":{"art":"pfad"},"geometry":{"type":"LineString","coordinates":[[13.82439,52.88005],[13.82556,52.87929],[13.82572,52.8792],[13.82603,52.879]]}},{"type":"Feature","properties":{"art":"pfad"},"geometry":{"type":"LineString","coordinates":[[13.82556,52.87929],[13.82586,52.87955],[13.82691,52.88019],[13.82819,52.88087],[13.8282,52.88105],[13.82789,52.88124],[13.82747,52.88145]]}},{"type":"Feature","properties":{"art":"pfad"},"geometry":{"type":"LineString","coordinates":[[13.82901,52.88508],[13.82901,52.88487],[13.82898,52.88481],[13.82887,52.88473],[13.82875,52.88469],[13.82866,52.88456],[13.82873,52.8842]]}},{"type":"Feature","properties":{"art":"pfad"},"geometry":{"type":"LineString","coordinates":[[13.82877,52.884],[13.8288,52.88383],[13.82816,52.88163],[13.8281,52.88158],[13.82802,52.88156],[13.82768,52.88151],[13.8276,52.88149],[13.82747,52.88145],[13.82594,52.88075]]}},{"type":"Feature","properties":{"art":"pfad"},"geometry":{"type":"LineString","coordinates":[[13.83155,52.87732],[13.83184,52.87718],[13.83328,52.87614]]}},{"type":"Feature","properties":{"art":"pfad"},"geometry":{"type":"LineString","coordinates":[[13.82816,52.87745],[13.82868,52.87716],[13.82979,52.87641],[13.82991,52.87627]]}},{"type":"Feature","properties":{"art":"weg"},"geometry":{"type":"LineString","coordinates":[[13.83278,52.87811],[13.83099,52.87919]]}},{"type":"Feature","properties":{"art":"pfad"},"geometry":{"type":"LineString","coordinates":[[13.83061,52.88239],[13.8298,52.8798],[13.82931,52.87897]]}},{"type":"Feature","properties":{"art":"pfad"},"geometry":{"type":"LineString","coordinates":[[13.8282,52.88105],[13.82831,52.88108],[13.82844,52.88113],[13.82863,52.88115],[13.82886,52.88127],[13.82916,52.88148]]}},{"type":"Feature","properties":{"art":"pfad"},"geometry":{"type":"LineString","coordinates":[[13.82939,52.88182],[13.82947,52.88185],[13.8296,52.88187],[13.82967,52.88187]]}},{"type":"Feature","properties":{"art":"pfad"},"geometry":{"type":"LineString","coordinates":[[13.83128,52.88452],[13.83061,52.88239]]}},{"type":"Feature","properties":{"art":"pfad"},"geometry":{"type":"LineString","coordinates":[[13.83041,52.88464],[13.83034,52.88461],[13.83015,52.88427],[13.83007,52.88417],[13.82996,52.88411],[13.82984,52.88408],[13.82927,52.88421],[13.82897,52.88417],[13.82893,52.88414]]}},{"type":"Feature","properties":{"art":"pfad"},"geometry":{"type":"LineString","coordinates":[[13.82886,52.88397],[13.8288,52.88383]]}},{"type":"Feature","properties":{"art":"pfad"},"geometry":{"type":"LineString","coordinates":[[13.83071,52.88462],[13.83057,52.88463],[13.83041,52.88464]]}},{"type":"Feature","properties":{"art":"pfad"},"geometry":{"type":"LineString","coordinates":[[13.83107,52.88465],[13.83092,52.88466],[13.8308,52.88466],[13.83071,52.88462]]}},{"type":"Feature","properties":{"art":"pfad"},"geometry":{"type":"LineString","coordinates":[[13.83316,52.88057],[13.83363,52.88026],[13.83447,52.87978],[13.83496,52.8795]]}},{"type":"Feature","properties":{"art":"pfad"},"geometry":{"type":"LineString","coordinates":[[13.83578,52.88223],[13.83774,52.88127],[13.83842,52.88094],[13.83912,52.88058],[13.83937,52.88042],[13.83964,52.8803],[13.83998,52.88012]]}},{"type":"Feature","properties":{"art":"pfad"},"geometry":{"type":"LineString","coordinates":[[13.83368,52.88171],[13.83348,52.88154],[13.83176,52.88058]]}},{"type":"Feature","properties":{"art":"strasse"},"geometry":{"type":"LineString","coordinates":[[13.84341,52.88708],[13.83958,52.88464],[13.83578,52.88223],[13.83316,52.88057],[13.83099,52.87919],[13.82816,52.87745],[13.82779,52.87716]]}},{"type":"Feature","properties":{"art":"pfad"},"geometry":{"type":"LineString","coordinates":[[13.83094,52.88259],[13.83185,52.88224],[13.83368,52.88171],[13.83391,52.8818],[13.83515,52.88254],[13.83633,52.88323],[13.84194,52.88669],[13.84292,52.88724]]}},{"type":"Feature","properties":{"art":"weg"},"geometry":{"type":"LineString","coordinates":[[13.8301,52.88204],[13.83061,52.88239],[13.83094,52.88259],[13.83165,52.88305]]}},{"type":"Feature","properties":{"art":"weg"},"geometry":{"type":"LineString","coordinates":[[13.8322,52.88342],[13.83269,52.88377],[13.83805,52.88753],[13.83807,52.88759]]}},{"type":"Feature","properties":{"art":"pfad"},"geometry":{"type":"LineString","coordinates":[[13.83425,52.88299],[13.83432,52.88305],[13.83504,52.88348],[13.8359,52.88411],[13.83792,52.88541],[13.83892,52.88615],[13.8406,52.88722],[13.84081,52.88734],[13.84085,52.88743]]}},{"type":"Feature","properties":{"art":"weg"},"geometry":{"type":"LineString","coordinates":[[13.83532,52.88804],[13.83528,52.88795],[13.83304,52.88639],[13.83121,52.8851],[13.83113,52.88497],[13.83108,52.88483],[13.83107,52.88465],[13.83128,52.88452],[13.83177,52.88424],[13.83211,52.88405],[13.83269,52.88377],[13.83425,52.88299],[13.8347,52.88277],[13.83515,52.88254]]}},{"type":"Feature","properties":{"art":"pfad"},"geometry":{"type":"LineString","coordinates":[[13.83177,52.88424],[13.8344,52.8861],[13.83687,52.88785]]}},{"type":"Feature","properties":{"art":"weg"},"geometry":{"type":"LineString","coordinates":[[13.91053,52.85357],[13.90942,52.85372],[13.90924,52.85374]]}},{"type":"Feature","properties":{"art":"weg"},"geometry":{"type":"LineString","coordinates":[[13.90897,52.85374],[13.90887,52.85371],[13.90864,52.85369],[13.90839,52.85374]]}},{"type":"Feature","properties":{"art":"weg"},"geometry":{"type":"LineString","coordinates":[[13.90823,52.85378],[13.90812,52.8538],[13.9076,52.85376]]}},{"type":"Feature","properties":{"art":"strasse"},"geometry":{"type":"LineString","coordinates":[[13.90389,52.85372],[13.90393,52.8536]]}},{"type":"Feature","properties":{"art":"weg"},"geometry":{"type":"LineString","coordinates":[[13.9149,52.85374],[13.91492,52.85381],[13.91495,52.8539]]}},{"type":"Feature","properties":{"art":"weg"},"geometry":{"type":"LineString","coordinates":[[13.91495,52.8539],[13.91484,52.85402]]}},{"type":"Feature","properties":{"art":"weg"},"geometry":{"type":"LineString","coordinates":[[13.91495,52.8539],[13.91504,52.85396],[13.91515,52.85403]]}},{"type":"Feature","properties":{"art":"strasse"},"geometry":{"type":"LineString","coordinates":[[13.90156,52.85399],[13.90157,52.85393],[13.90157,52.85392],[13.90157,52.8539],[13.90164,52.85387],[13.90374,52.85378],[13.90381,52.85376],[13.90389,52.85372]]}},{"type":"Feature","properties":{"art":"strasse"},"geometry":{"type":"LineString","coordinates":[[13.91141,52.85432],[13.91254,52.85409],[13.91347,52.85391],[13.91401,52.85383],[13.91467,52.85377],[13.9149,52.85374]]}},{"type":"Feature","properties":{"art":"strasse"},"geometry":{"type":"LineString","coordinates":[[13.90156,52.85399],[13.90385,52.85395]]}},{"type":"Feature","properties":{"art":"pfad"},"geometry":{"type":"LineString","coordinates":[[13.90157,52.85393],[13.90319,52.85391],[13.90379,52.8539],[13.90397,52.8539],[13.90417,52.8539],[13.90437,52.85392],[13.90453,52.85394],[13.90474,52.85397],[13.90493,52.85401],[13.90513,52.85407],[13.90527,52.85412],[13.90539,52.85416]]}},{"type":"Feature","properties":{"art":"strasse"},"geometry":{"type":"LineString","coordinates":[[13.90385,52.85395],[13.90393,52.85395],[13.90405,52.85395],[13.90414,52.85396],[13.90427,52.85397],[13.90438,52.85398],[13.90451,52.85399],[13.90463,52.85401],[13.90478,52.85404],[13.90492,52.85407],[13.90505,52.85411],[13.90518,52.85414],[13.90528,52.85418]]}},{"type":"Feature","properties":{"art":"strasse"},"geometry":{"type":"LineString","coordinates":[[13.9162,52.85241],[13.91627,52.85238]]}},{"type":"Feature","properties":{"art":"pfad"},"geometry":{"type":"LineString","coordinates":[[13.92233,52.85303],[13.92314,52.85296],[13.92321,52.85296],[13.92348,52.85295],[13.92445,52.8529],[13.9249,52.85288],[13.92504,52.85287],[13.9259,52.85282],[13.9268,52.85277],[13.92815,52.85269]]}},{"type":"Feature","properties":{"art":"strasse"},"geometry":{"type":"LineString","coordinates":[[13.92246,52.85319],[13.92351,52.85316]]}},{"type":"Feature","properties":{"art":"strasse"},"geometry":{"type":"LineString","coordinates":[[13.92464,52.85313],[13.92464,52.8533]]}},{"type":"Feature","properties":{"art":"strasse"},"geometry":{"type":"LineString","coordinates":[[13.92351,52.85316],[13.92356,52.85316],[13.92464,52.85313],[13.92583,52.85309],[13.92588,52.85328],[13.9259,52.85343]]}},{"type":"Feature","properties":{"art":"strasse"},"geometry":{"type":"LineString","coordinates":[[13.92356,52.85316],[13.92355,52.85332]]}},{"type":"Feature","properties":{"art":"strasse"},"geometry":{"type":"LineString","coordinates":[[13.92355,52.85332],[13.92464,52.8533],[13.92588,52.85328]]}},{"type":"Feature","properties":{"art":"pfad"},"geometry":{"type":"LineString","coordinates":[[13.92246,52.85319],[13.92233,52.85303],[13.92173,52.85305],[13.92031,52.85313],[13.91979,52.85318],[13.91821,52.85325],[13.91785,52.85328],[13.91783,52.85347],[13.91784,52.85363]]}},{"type":"Feature","properties":{"art":"strasse"},"geometry":{"type":"LineString","coordinates":[[13.9149,52.85374],[13.91548,52.8537],[13.91656,52.85366],[13.91784,52.85363],[13.91826,52.85362],[13.92127,52.85354],[13.9259,52.85343],[13.92828,52.85338],[13.92839,52.85338],[13.92853,52.85338]]}},{"type":"Feature","properties":{"art":"strasse"},"geometry":{"type":"LineString","coordinates":[[13.92966,52.85335],[13.93053,52.85333]]}},{"type":"Feature","properties":{"art":"pfad"},"geometry":{"type":"LineString","coordinates":[[13.92839,52.85338],[13.92841,52.85342]]}},{"type":"Feature","properties":{"art":"pfad"},"geometry":{"type":"LineString","coordinates":[[13.89322,52.85526],[13.89302,52.85515],[13.89297,52.85512],[13.89252,52.85495],[13.88824,52.85329]]}},{"type":"Feature","properties":{"art":"pfad"},"geometry":{"type":"LineString","coordinates":[[13.90539,52.85416],[13.90661,52.85465],[13.90668,52.85468]]}},{"type":"Feature","properties":{"art":"strasse"},"geometry":{"type":"LineString","coordinates":[[13.90528,52.85418],[13.90561,52.85431],[13.90636,52.85461],[13.90658,52.8547]]}},{"type":"Feature","properties":{"art":"pfad"},"geometry":{"type":"LineString","coordinates":[[13.90668,52.85468],[13.90677,52.85471],[13.90688,52.85474],[13.907,52.85477],[13.90718,52.85481],[13.90736,52.85484],[13.90756,52.85486],[13.90772,52.85488],[13.90788,52.85489],[13.90805,52.85489],[13.90819,52.85488],[13.90837,52.85487],[13.90857,52.85485],[13.90874,52.85482],[13.90889,52.85479],[13.90907,52.85476],[13.9093,52.85471],[13.91061,52.85443],[13.91123,52.8543],[13.91127,52.8543],[13.91131,52.8543],[13.91135,52.8543],[13.91138,52.85431],[13.91141,52.85432]]}},{"type":"Feature","properties":{"art":"strasse"},"geometry":{"type":"LineString","coordinates":[[13.90658,52.8547],[13.90666,52.85473],[13.90677,52.85476],[13.90689,52.8548],[13.90701,52.85483],[13.90717,52.85486],[13.90735,52.85489],[13.9075,52.85491],[13.90767,52.85493],[13.90785,52.85494],[13.90799,52.85494],[13.90815,52.85494],[13.90831,52.85493],[13.90848,52.85491],[13.90871,52.85488],[13.90887,52.85485],[13.90931,52.85476],[13.91141,52.85432]]}},{"type":"Feature","properties":{"art":"strasse"},"geometry":{"type":"LineString","coordinates":[[13.90473,52.85505],[13.90468,52.85493]]}},{"type":"Feature","properties":{"art":"weg"},"geometry":{"type":"LineString","coordinates":[[13.88871,52.85589],[13.88865,52.85568],[13.88856,52.85553],[13.88845,52.85542],[13.88827,52.85529],[13.88806,52.8552],[13.88768,52.85513],[13.88746,52.85502],[13.88634,52.85436]]}},{"type":"Feature","properties":{"art":"weg"},"geometry":{"type":"LineString","coordinates":[[13.89128,52.85711],[13.89229,52.857],[13.89313,52.85683],[13.89483,52.85658],[13.89539,52.85653],[13.89735,52.85621],[13.8989,52.85595],[13.90315,52.85529],[13.90473,52.85505],[13.90592,52.85487],[13.90611,52.85484],[13.90639,52.85492],[13.90698,52.85505],[13.9073,52.8551],[13.90778,52.85513],[13.90804,52.85512],[13.90837,52.85509],[13.9087,52.85504],[13.90943,52.8549],[13.91118,52.85454],[13.9131,52.85407],[13.9141,52.85398],[13.91459,52.85395],[13.91495,52.8539]]}},{"type":"Feature","properties":{"art":"pfad"},"geometry":{"type":"LineString","coordinates":[[13.89691,52.85548],[13.89701,52.85568]]}},{"type":"Feature","properties":{"art":"weg"},"geometry":{"type":"LineString","coordinates":[[13.88871,52.85589],[13.88873,52.85597],[13.889,52.8565]]}},{"type":"Feature","properties":{"art":"weg"},"geometry":{"type":"LineString","coordinates":[[13.88523,52.85391],[13.88552,52.85369]]}},{"type":"Feature","properties":{"art":"strasse"},"geometry":{"type":"LineString","coordinates":[[13.87087,52.85183],[13.87055,52.85204],[13.8703,52.85216],[13.8701,52.85222],[13.86923,52.85248],[13.8688,52.8527],[13.86784,52.85369],[13.86738,52.85516],[13.86685,52.85603],[13.86669,52.8575],[13.86666,52.85814]]}},{"type":"Feature","properties":{"art":"strasse"},"geometry":{"type":"LineString","coordinates":[[13.85083,52.85332],[13.85098,52.85342],[13.85119,52.85351],[13.85148,52.85359],[13.85181,52.85364],[13.85222,52.85365],[13.85256,52.85366],[13.8529,52.8537],[13.85313,52.8537],[13.85331,52.85368],[13.85354,52.85364],[13.85386,52.85359],[13.85416,52.85357],[13.85459,52.85356],[13.85485,52.85355],[13.85505,52.8535],[13.8552,52.85343],[13.85539,52.85328],[13.85554,52.85319],[13.85569,52.85316],[13.85586,52.85316],[13.85601,52.8532],[13.85616,52.85327],[13.85661,52.85362],[13.8581,52.85491],[13.85851,52.85515],[13.85899,52.8554],[13.85967,52.85566],[13.86125,52.85632],[13.86335,52.85692],[13.86493,52.85761],[13.86585,52.85802],[13.86631,52.85814],[13.86666,52.85814],[13.8687,52.85823],[13.87031,52.85854],[13.87075,52.85854],[13.87203,52.85824],[13.87527,52.85808],[13.87717,52.85799],[13.87913,52.8579],[13.8795,52.85786],[13.87987,52.8578],[13.88012,52.85772],[13.88076,52.85749],[13.88166,52.85709],[13.8824,52.85679],[13.88267,52.85669],[13.88298,52.85662],[13.88663,52.85607],[13.88785,52.85589],[13.88814,52.85587],[13.88839,52.85587],[13.88871,52.85589],[13.88932,52.85593],[13.88965,52.85594],[13.88997,52.85593],[13.89026,52.85589],[13.89053,52.85584],[13.89077,52.8558],[13.89322,52.85526],[13.898,52.85421],[13.89836,52.85413],[13.8987,52.85408],[13.89906,52.85405],[13.90014,52.85402],[13.90156,52.85399]]}},{"type":"Feature","properties":{"art":"weg"},"geometry":{"type":"LineString","coordinates":[[13.90666,52.8539],[13.90648,52.85399],[13.90634,52.85405],[13.90594,52.85413],[13.90577,52.85421],[13.90549,52.85432],[13.90513,52.85429],[13.90272,52.85431],[13.90211,52.85444],[13.90157,52.85465],[13.90143,52.85468],[13.90124,52.85471],[13.90058,52.8547],[13.8997,52.85487],[13.89829,52.85511],[13.89783,52.8552],[13.89768,52.85525],[13.89726,52.8554],[13.89714,52.85543],[13.89691,52.85548],[13.89683,52.8555],[13.88559,52.85718],[13.87943,52.85811],[13.87726,52.85843],[13.87567,52.85867],[13.87451,52.85879],[13.87353,52.85888],[13.87167,52.85898],[13.8715,52.85899],[13.8701,52.85902],[13.85905,52.85885],[13.859,52.85888],[13.85899,52.85901],[13.85895,52.85903],[13.85877,52.85903],[13.8585,52.85903]]}},{"type":"Feature","properties":{"art":"weg"},"geometry":{"type":"LineString","coordinates":[[13.889,52.8565],[13.88796,52.8567],[13.88665,52.85692],[13.8853,52.85715]]}},{"type":"Feature","properties":{"art":"pfad"},"geometry":{"type":"LineString","coordinates":[[13.87185,52.85865],[13.87203,52.85824],[13.87114,52.85744],[13.87049,52.85681],[13.87021,52.85594],[13.86904,52.8554],[13.86842,52.85612],[13.86808,52.85689],[13.86785,52.85766],[13.86779,52.85776],[13.86772,52.85778],[13.86762,52.85777],[13.86713,52.85767],[13.86669,52.8575]]}},{"type":"Feature","properties":{"art":"pfad"},"geometry":{"type":"LineString","coordinates":[[13.87726,52.85843],[13.87724,52.8583],[13.87717,52.85799]]}},{"type":"Feature","properties":{"art":"pfad"},"geometry":{"type":"LineString","coordinates":[[13.87167,52.85898],[13.87185,52.85865]]}},{"type":"Feature","properties":{"art":"weg"},"geometry":{"type":"LineString","coordinates":[[13.88901,52.8574],[13.8882,52.85753],[13.8852,52.85802],[13.88426,52.85813],[13.87802,52.85908],[13.87664,52.8593],[13.87591,52.85941],[13.87339,52.85969],[13.87218,52.8597],[13.87197,52.85984],[13.87205,52.86009],[13.87086,52.86121],[13.87079,52.86146]]}},{"type":"Feature","properties":{"art":"weg"},"geometry":{"type":"LineString","coordinates":[[13.86717,52.85959],[13.86799,52.8596],[13.86862,52.85961],[13.86925,52.85963],[13.86983,52.85965],[13.87218,52.8597]]}},{"type":"Feature","properties":{"art":"pfad"},"geometry":{"type":"LineString","coordinates":[[13.91826,52.85362],[13.91827,52.85374],[13.91862,52.85576],[13.91876,52.85663],[13.91999,52.85734]]}},{"type":"Feature","properties":{"art":"pfad"},"geometry":{"type":"LineString","coordinates":[[13.91613,52.85581],[13.91862,52.85576],[13.92053,52.85575]]}},{"type":"Feature","properties":{"art":"weg"},"geometry":{"type":"LineString","coordinates":[[13.91768,52.85867],[13.91613,52.85581],[13.91523,52.85409],[13.91515,52.85403]]}},{"type":"Feature","properties":{"art":"pfad"},"geometry":{"type":"LineString","coordinates":[[13.91515,52.85403],[13.91517,52.85411],[13.91572,52.8552],[13.91766,52.85868],[13.9177,52.85871]]}},{"type":"Feature","properties":{"art":"pfad"},"geometry":{"type":"LineString","coordinates":[[13.91918,52.85973],[13.91991,52.85757],[13.91999,52.85734],[13.92053,52.85575],[13.92127,52.85354]]}},{"type":"Feature","properties":{"art":"pfad"},"geometry":{"type":"LineString","coordinates":[[13.92076,52.85736],[13.92041,52.85738],[13.91991,52.85757]]}},{"type":"Feature","properties":{"art":"pfad"},"geometry":{"type":"LineString","coordinates":[[13.91776,52.85881],[13.91764,52.85973],[13.91772,52.86],[13.91809,52.86073],[13.91755,52.86108],[13.91445,52.8632]]}},{"type":"Feature","properties":{"art":"weg"},"geometry":{"type":"LineString","coordinates":[[13.9177,52.85871],[13.91776,52.85881],[13.91918,52.85973],[13.91966,52.86005]]}},{"type":"Feature","properties":{"art":"weg"},"geometry":{"type":"LineString","coordinates":[[13.92475,52.86347],[13.92534,52.86384],[13.92543,52.86393],[13.92571,52.8643]]}},{"type":"Feature","properties":{"art":"strasse"},"geometry":{"type":"LineString","coordinates":[[13.89843,52.85666],[13.89413,52.85731],[13.89286,52.85747],[13.89199,52.85765],[13.89159,52.85775],[13.8913,52.85771],[13.89112,52.85764]]}},{"type":"Feature","properties":{"art":"strasse"},"geometry":{"type":"LineString","coordinates":[[13.90609,52.85471],[13.90468,52.85493],[13.89138,52.85696],[13.87559,52.85934],[13.87454,52.85947],[13.87323,52.8596],[13.87236,52.85964],[13.87172,52.85965],[13.87079,52.85965],[13.86925,52.85963]]}},{"type":"Feature","properties":{"art":"pfad"},"geometry":{"type":"LineString","coordinates":[[13.91,52.85623],[13.91241,52.85719],[13.91354,52.85767],[13.91726,52.85866],[13.9177,52.85871],[13.91768,52.85867]]}},{"type":"Feature","properties":{"art":"weg"},"geometry":{"type":"LineString","coordinates":[[13.89128,52.85711],[13.89092,52.85716],[13.88901,52.8574]]}},{"type":"Feature","properties":{"art":"strasse"},"geometry":{"type":"LineString","coordinates":[[13.89112,52.85764],[13.89094,52.85721],[13.89092,52.85716]]}},{"type":"Feature","properties":{"art":"pfad"},"geometry":{"type":"LineString","coordinates":[[13.90315,52.85529],[13.89999,52.85731],[13.89514,52.86034]]}},{"type":"Feature","properties":{"art":"pfad"},"geometry":{"type":"LineString","coordinates":[[13.9073,52.8551],[13.90722,52.85515],[13.90261,52.85836],[13.89769,52.8614]]}},{"type":"Feature","properties":{"art":"weg"},"geometry":{"type":"LineString","coordinates":[[13.91484,52.85402],[13.91456,52.85432],[13.91241,52.85719],[13.9119,52.85785],[13.91059,52.85993],[13.91036,52.86025],[13.90952,52.86119],[13.90945,52.86128],[13.90839,52.86253],[13.90731,52.8639],[13.90654,52.86504],[13.90533,52.86677],[13.90498,52.86739]]}},{"type":"Feature","properties":{"art":"weg"},"geometry":{"type":"LineString","coordinates":[[13.8882,52.85753],[13.89155,52.85891],[13.89514,52.86034],[13.89769,52.8614],[13.90033,52.86249],[13.90654,52.86504],[13.90974,52.86636],[13.9105,52.86668]]}},{"type":"Feature","properties":{"art":"pfad"},"geometry":{"type":"LineString","coordinates":[[13.90344,52.86935],[13.90008,52.86799],[13.89486,52.86589],[13.88611,52.86233],[13.87802,52.85908]]}},{"type":"Feature","properties":{"art":"pfad"},"geometry":{"type":"LineString","coordinates":[[13.86997,52.85996],[13.86983,52.85965]]}},{"type":"Feature","properties":{"art":"weg"},"geometry":{"type":"LineString","coordinates":[[13.87009,52.85979],[13.86997,52.85996],[13.86931,52.86092]]}},{"type":"Feature","properties":{"art":"pfad"},"geometry":{"type":"LineString","coordinates":[[13.87235,52.8621],[13.87664,52.8593]]}},{"type":"Feature","properties":{"art":"pfad"},"geometry":{"type":"LineString","coordinates":[[13.87013,52.8635],[13.87029,52.86337],[13.87052,52.86328],[13.87067,52.86317],[13.87088,52.86308],[13.87115,52.86286],[13.87148,52.86269],[13.87185,52.86225],[13.87219,52.86204]]}},{"type":"Feature","properties":{"art":"pfad"},"geometry":{"type":"LineString","coordinates":[[13.89539,52.85653],[13.89413,52.85731],[13.89155,52.85891],[13.88832,52.86091],[13.88611,52.86233],[13.88252,52.86465],[13.88097,52.86564],[13.87628,52.86864],[13.87197,52.87139]]}},{"type":"Feature","properties":{"art":"weg"},"geometry":{"type":"LineString","coordinates":[[13.86931,52.86092],[13.86918,52.86104],[13.86856,52.862],[13.86855,52.8621],[13.86852,52.86326],[13.86819,52.86524],[13.86813,52.8656],[13.86744,52.86945]]}},{"type":"Feature","properties":{"art":"pfad"},"geometry":{"type":"LineString","coordinates":[[13.88252,52.86465],[13.88838,52.86703],[13.88971,52.86757],[13.89121,52.86817]]}},{"type":"Feature","properties":{"art":"pfad"},"geometry":{"type":"LineString","coordinates":[[13.86864,52.86997],[13.87292,52.86723],[13.87371,52.86672],[13.87366,52.86658],[13.87271,52.86585],[13.872,52.86531],[13.87158,52.86501],[13.87071,52.86418],[13.87022,52.86373],[13.87009,52.86357],[13.87011,52.86351],[13.87013,52.8635]]}},{"type":"Feature","properties":{"art":"pfad"},"geometry":{"type":"LineString","coordinates":[[13.86744,52.86945],[13.86864,52.86997]]}},{"type":"Feature","properties":{"art":"weg"},"geometry":{"type":"LineString","coordinates":[[13.86864,52.86997],[13.86933,52.87023],[13.87197,52.87139]]}},{"type":"Feature","properties":{"art":"pfad"},"geometry":{"type":"LineString","coordinates":[[13.92543,52.86393],[13.92175,52.86374],[13.92087,52.86361],[13.91965,52.86331],[13.9182,52.86099],[13.91809,52.86073]]}},{"type":"Feature","properties":{"art":"pfad"},"geometry":{"type":"LineString","coordinates":[[13.89735,52.85621],[13.89843,52.85666],[13.89999,52.85731],[13.90261,52.85836],[13.90513,52.85939],[13.90952,52.86119],[13.91332,52.86274],[13.91359,52.86286],[13.91387,52.86294],[13.91445,52.8632],[13.91944,52.86525],[13.92146,52.86608],[13.92206,52.86622],[13.9228,52.86651],[13.92338,52.86669],[13.92425,52.86701],[13.926,52.8677],[13.92792,52.86846],[13.92961,52.86913],[13.93414,52.87093]]}},{"type":"Feature","properties":{"art":"weg"},"geometry":{"type":"LineString","coordinates":[[13.92571,52.8643],[13.92473,52.86445]]}},{"type":"Feature","properties":{"art":"weg"},"geometry":{"type":"LineString","coordinates":[[13.92473,52.86445],[13.92375,52.86461]]}},{"type":"Feature","properties":{"art":"weg"},"geometry":{"type":"LineString","coordinates":[[13.92375,52.86461],[13.92372,52.86477],[13.92303,52.86543],[13.92206,52.86622]]}},{"type":"Feature","properties":{"art":"pfad"},"geometry":{"type":"LineString","coordinates":[[13.92375,52.86461],[13.91944,52.86525],[13.91497,52.86598],[13.91446,52.86609],[13.91225,52.86642],[13.91162,52.86648],[13.91114,52.86661],[13.9105,52.86668]]}},{"type":"Feature","properties":{"art":"weg"},"geometry":{"type":"LineString","coordinates":[[13.9258,52.87136],[13.92551,52.87098],[13.92539,52.8708],[13.92532,52.8701],[13.92533,52.86975],[13.92545,52.86925],[13.92584,52.86798],[13.926,52.8677],[13.92602,52.86763],[13.92659,52.86652],[13.92696,52.86595]]}},{"type":"Feature","properties":{"art":"pfad"},"geometry":{"type":"LineString","coordinates":[[13.9105,52.86668],[13.91783,52.86973],[13.91865,52.87004],[13.9195,52.87036],[13.91988,52.87033],[13.92016,52.87034],[13.92147,52.87053],[13.92231,52.8707],[13.92271,52.87076],[13.92311,52.87077],[13.92359,52.87069],[13.9241,52.87066],[13.92456,52.87075],[13.92514,52.87102]]}},{"type":"Feature","properties":{"art":"weg"},"geometry":{"type":"LineString","coordinates":[[13.92206,52.86622],[13.92032,52.86765],[13.91783,52.86973],[13.9157,52.87147],[13.91341,52.87336],[13.91235,52.87406]]}},{"type":"Feature","properties":{"art":"pfad"},"geometry":{"type":"LineString","coordinates":[[13.92752,52.87227],[13.92699,52.87203],[13.9258,52.87136],[13.92514,52.87102]]}},{"type":"Feature","properties":{"art":"pfad"},"geometry":{"type":"LineString","coordinates":[[13.90882,52.86692],[13.90974,52.86636],[13.91445,52.8632]]}},{"type":"Feature","properties":{"art":"weg"},"geometry":{"type":"LineString","coordinates":[[13.88046,52.87487],[13.88491,52.87208],[13.88538,52.8718],[13.88962,52.86917],[13.89121,52.86817],[13.89486,52.86589],[13.89879,52.86333],[13.90033,52.86249],[13.90513,52.85939],[13.90995,52.85632],[13.91,52.85623],[13.90753,52.85521],[13.9073,52.8551]]}},{"type":"Feature","properties":{"art":"weg"},"geometry":{"type":"LineString","coordinates":[[13.90498,52.86739],[13.9047,52.86741],[13.90008,52.86799],[13.89452,52.86868],[13.88995,52.86918],[13.88962,52.86917]]}},{"type":"Feature","properties":{"art":"weg"},"geometry":{"type":"LineString","coordinates":[[13.86931,52.86092],[13.86954,52.86092],[13.87079,52.86146],[13.87219,52.86204],[13.87235,52.8621],[13.88097,52.86564],[13.88962,52.86917],[13.89919,52.87307],[13.89934,52.87313],[13.9041,52.87505],[13.90594,52.87581],[13.9073,52.87637],[13.90819,52.87674]]}},{"type":"Feature","properties":{"art":"pfad"},"geometry":{"type":"LineString","coordinates":[[13.90081,52.87206],[13.90118,52.87187],[13.90177,52.87149],[13.90446,52.86978],[13.90882,52.86692]]}},{"type":"Feature","properties":{"art":"weg"},"geometry":{"type":"LineString","coordinates":[[13.90498,52.86739],[13.90487,52.86761],[13.90394,52.8688],[13.90344,52.86935],[13.9031,52.86979],[13.90261,52.87041],[13.90081,52.87206]]}},{"type":"Feature","properties":{"art":"pfad"},"geometry":{"type":"LineString","coordinates":[[13.90177,52.87149],[13.90263,52.87183],[13.90311,52.87194],[13.9034,52.87199],[13.90406,52.87199],[13.90442,52.87232],[13.90505,52.87246],[13.90523,52.87269],[13.90574,52.87291],[13.90605,52.87295],[13.90762,52.87289],[13.90828,52.87317],[13.9084,52.8733],[13.90837,52.87343],[13.90821,52.87362],[13.90831,52.8739],[13.90829,52.87429],[13.90848,52.87456],[13.90857,52.87484],[13.90891,52.87514],[13.90907,52.87544],[13.90922,52.87561],[13.90914,52.87595],[13.90914,52.87612]]}},{"type":"Feature","properties":{"art":"pfad"},"geometry":{"type":"LineString","coordinates":[[13.89747,52.87642],[13.89934,52.87313],[13.89941,52.87299],[13.89944,52.87292]]}},{"type":"Feature","properties":{"art":"weg"},"geometry":{"type":"LineString","coordinates":[[13.91235,52.87406],[13.90914,52.87612],[13.90819,52.87674]]}},{"type":"Feature","properties":{"art":"pfad"},"geometry":{"type":"LineString","coordinates":[[13.91106,52.87511],[13.91049,52.87566],[13.90931,52.87678],[13.90899,52.87704]]}},{"type":"Feature","properties":{"art":"pfad"},"geometry":{"type":"LineString","coordinates":[[13.86819,52.86524],[13.87292,52.86723],[13.87628,52.86864],[13.88491,52.87208],[13.89457,52.87602],[13.89724,52.87714],[13.89797,52.87738],[13.89867,52.87771],[13.90144,52.87881],[13.90372,52.87971]]}},{"type":"Feature","properties":{"art":"pfad"},"geometry":{"type":"LineString","coordinates":[[13.87197,52.87139],[13.86912,52.8732],[13.86783,52.87403],[13.86707,52.87451]]}},{"type":"Feature","properties":{"art":"weg"},"geometry":{"type":"LineString","coordinates":[[13.87197,52.87139],[13.87328,52.8719],[13.87597,52.87305],[13.87705,52.87346],[13.88046,52.87487]]}},{"type":"Feature","properties":{"art":"weg"},"geometry":{"type":"LineString","coordinates":[[13.87719,52.87692],[13.87791,52.87651],[13.87896,52.87587],[13.88046,52.87487]]}},{"type":"Feature","properties":{"art":"pfad"},"geometry":{"type":"LineString","coordinates":[[13.87429,52.87751],[13.87223,52.87666],[13.86791,52.87487]]}},{"type":"Feature","properties":{"art":"weg"},"geometry":{"type":"LineString","coordinates":[[13.86856,52.87804],[13.86846,52.87744],[13.86824,52.87645],[13.86791,52.87487]]}},{"type":"Feature","properties":{"art":"pfad"},"geometry":{"type":"LineString","coordinates":[[13.87825,52.8791],[13.87878,52.87899],[13.87896,52.87896],[13.87925,52.87894],[13.8796,52.87885],[13.87994,52.87863],[13.88075,52.87787],[13.8815,52.87762],[13.88199,52.87736],[13.88264,52.87706],[13.88293,52.87684],[13.8837,52.87665],[13.8842,52.87658],[13.88448,52.87656],[13.88525,52.8764],[13.88589,52.8762],[13.88999,52.87452]]}},{"type":"Feature","properties":{"art":"pfad"},"geometry":{"type":"LineString","coordinates":[[13.87719,52.87692],[13.87787,52.87697],[13.87875,52.87706],[13.87979,52.87704],[13.8811,52.87695],[13.88293,52.87684]]}},{"type":"Feature","properties":{"art":"pfad"},"geometry":{"type":"LineString","coordinates":[[13.86874,52.87822],[13.87223,52.87666]]}},{"type":"Feature","properties":{"art":"weg"},"geometry":{"type":"LineString","coordinates":[[13.86785,52.87756],[13.86856,52.87804]]}},{"type":"Feature","properties":{"art":"strasse"},"geometry":{"type":"LineString","coordinates":[[13.96114,52.86262],[13.96124,52.86266]]}},{"type":"Feature","properties":{"art":"strasse"},"geometry":{"type":"LineString","coordinates":[[13.96114,52.86262],[13.96093,52.86275]]}},{"type":"Feature","properties":{"art":"strasse"},"geometry":{"type":"LineString","coordinates":[[13.96041,52.86263],[13.96066,52.86271],[13.96078,52.86277]]}},{"type":"Feature","properties":{"art":"strasse"},"geometry":{"type":"LineString","coordinates":[[13.96093,52.86275],[13.96078,52.86277],[13.96058,52.86289],[13.96048,52.86299],[13.96029,52.86321]]}},{"type":"Feature","properties":{"art":"strasse"},"geometry":{"type":"LineString","coordinates":[[13.96009,52.86344],[13.96015,52.86337]]}},{"type":"Feature","properties":{"art":"pfad"},"geometry":{"type":"LineString","coordinates":[[13.92534,52.86384],[13.92543,52.8638],[13.92548,52.86356],[13.92548,52.86352]]}},{"type":"Feature","properties":{"art":"pfad"},"geometry":{"type":"LineString","coordinates":[[13.93257,52.85365],[13.93268,52.85352],[13.93295,52.85336],[13.93296,52.85328]]}},{"type":"Feature","properties":{"art":"weg"},"geometry":{"type":"LineString","coordinates":[[13.9352,52.85957],[13.93315,52.8583]]}},{"type":"Feature","properties":{"art":"weg"},"geometry":{"type":"LineString","coordinates":[[13.94528,52.85931],[13.94499,52.859],[13.94492,52.85869],[13.94467,52.8584],[13.94459,52.85815],[13.94438,52.85744],[13.94309,52.85677],[13.94252,52.85685],[13.94184,52.85705],[13.94152,52.85709],[13.94097,52.85705],[13.94078,52.8571],[13.94078,52.8572],[13.94009,52.85749],[13.93955,52.85804],[13.93879,52.85886],[13.9386,52.85901],[13.93828,52.85904],[13.93788,52.85898],[13.93732,52.85891],[13.93678,52.85892],[13.93659,52.85921],[13.936,52.85939],[13.93554,52.85939],[13.9352,52.85957],[13.93538,52.85991],[13.93538,52.86031],[13.93537,52.86048],[13.93527,52.86062],[13.93497,52.86074],[13.93462,52.86099],[13.93455,52.86112],[13.93486,52.86136],[13.93511,52.86141],[13.93591,52.86145],[13.93624,52.86153],[13.93638,52.86161],[13.93655,52.86187],[13.93669,52.86215],[13.93669,52.86235],[13.93685,52.86264],[13.93705,52.86301]]}},{"type":"Feature","properties":{"art":"pfad"},"geometry":{"type":"LineString","coordinates":[[13.93685,52.86264],[13.93824,52.86201]]}},{"type":"Feature","properties":{"art":"weg"},"geometry":{"type":"LineString","coordinates":[[13.94484,52.86137],[13.94404,52.86163],[13.94358,52.86177],[13.93997,52.86271],[13.93931,52.86283],[13.93901,52.86285],[13.93705,52.86301],[13.93586,52.86309],[13.93429,52.86305],[13.93381,52.86307],[13.93275,52.86321],[13.93227,52.86331],[13.93179,52.86348],[13.93142,52.86354],[13.9309,52.86355],[13.92989,52.86345],[13.92967,52.86346],[13.92933,52.86353],[13.92867,52.8637],[13.92839,52.86379],[13.928,52.8639],[13.92744,52.86401],[13.92571,52.8643]]}},{"type":"Feature","properties":{"art":"pfad"},"geometry":{"type":"LineString","coordinates":[[13.94044,52.8676],[13.94013,52.86748],[13.93973,52.86731],[13.9392,52.86697],[13.93907,52.86684],[13.93898,52.86668],[13.93886,52.86602],[13.93887,52.8658],[13.93904,52.8656],[13.9398,52.86515],[13.93994,52.86503],[13.93998,52.86489],[13.93996,52.86471],[13.9398,52.86359],[13.93977,52.86343],[13.93966,52.86326],[13.93931,52.86283]]}},{"type":"Feature","properties":{"art":"weg"},"geometry":{"type":"LineString","coordinates":[[13.93705,52.86301],[13.93705,52.86328],[13.93708,52.8635],[13.93713,52.86361],[13.9372,52.8638],[13.9372,52.86392],[13.93714,52.86409],[13.937,52.86431],[13.93675,52.86461],[13.93635,52.86504],[13.93602,52.86553],[13.93578,52.86575],[13.93547,52.86592],[13.93499,52.86614],[13.93478,52.86623],[13.93435,52.86661],[13.93405,52.86697],[13.93395,52.86712],[13.93395,52.86731],[13.93398,52.86751],[13.93414,52.86785],[13.93412,52.86794],[13.93401,52.86811],[13.93356,52.86855],[13.93341,52.86878],[13.93337,52.86914]]}},{"type":"Feature","properties":{"art":"weg"},"geometry":{"type":"LineString","coordinates":[[13.92571,52.8643],[13.92576,52.86449],[13.92632,52.86525],[13.92696,52.86595],[13.92815,52.86727],[13.92845,52.8675],[13.92874,52.86766],[13.92917,52.86772],[13.92951,52.86775],[13.92986,52.86789],[13.93029,52.86817],[13.93051,52.86826],[13.9308,52.8683],[13.93171,52.86826],[13.93212,52.86826],[13.93243,52.86834],[13.93272,52.86846],[13.93293,52.86863],[13.93337,52.86914],[13.93409,52.86987],[13.93502,52.87062]]}},{"type":"Feature","properties":{"art":"weg"},"geometry":{"type":"LineString","coordinates":[[13.93,52.87434],[13.93013,52.87421],[13.93067,52.8737],[13.93084,52.87347],[13.93138,52.87271],[13.93155,52.87227],[13.93182,52.87196],[13.93212,52.87176],[13.93331,52.87123],[13.93362,52.8711],[13.93414,52.87093],[13.93464,52.87075],[13.93502,52.87062],[13.93692,52.86968],[13.93723,52.86956],[13.93863,52.86919],[13.93917,52.86896],[13.93974,52.86861],[13.9404,52.86783],[13.94044,52.8676]]}},{"type":"Feature","properties":{"art":"weg"},"geometry":{"type":"LineString","coordinates":[[13.92878,52.87309],[13.92752,52.87227]]}},{"type":"Feature","properties":{"art":"pfad"},"geometry":{"type":"LineString","coordinates":[[13.95241,52.86402],[13.95242,52.86383],[13.95249,52.86362],[13.95252,52.86358]]}},{"type":"Feature","properties":{"art":"pfad"},"geometry":{"type":"LineString","coordinates":[[13.95392,52.86276],[13.95403,52.86275],[13.9545,52.8628],[13.95507,52.8632],[13.95531,52.86337],[13.9554,52.86362],[13.95553,52.86381],[13.95566,52.86402],[13.95553,52.86418]]}},{"type":"Feature","properties":{"art":"strasse"},"geometry":{"type":"LineString","coordinates":[[13.9599,52.86384],[13.95974,52.86382],[13.95986,52.86368],[13.95997,52.86353],[13.96009,52.86344],[13.96031,52.86337]]}},{"type":"Feature","properties":{"art":"strasse"},"geometry":{"type":"LineString","coordinates":[[13.96093,52.86275],[13.96083,52.86283],[13.96031,52.86337],[13.9599,52.86384],[13.95974,52.86415],[13.9596,52.86449],[13.95957,52.86458],[13.95949,52.86473]]}},{"type":"Feature","properties":{"art":"pfad"},"geometry":{"type":"LineString","coordinates":[[13.95142,52.86403],[13.95168,52.86402],[13.95223,52.86403],[13.95241,52.86402],[13.95262,52.86402],[13.95295,52.86403],[13.95323,52.86407],[13.95482,52.8642],[13.95553,52.86418],[13.95588,52.86418],[13.95665,52.86427],[13.95708,52.86441],[13.9574,52.86456],[13.95741,52.86465]]}},{"type":"Feature","properties":{"art":"strasse"},"geometry":{"type":"LineString","coordinates":[[13.9596,52.86449],[13.95953,52.8645],[13.95937,52.86463]]}},{"type":"Feature","properties":{"art":"pfad"},"geometry":{"type":"LineString","coordinates":[[13.95981,52.86537],[13.9605,52.86522],[13.96031,52.86485],[13.96041,52.86451],[13.96074,52.86418],[13.96098,52.86406],[13.96127,52.86401],[13.96147,52.86402],[13.96167,52.86407]]}},{"type":"Feature","properties":{"art":"strasse"},"geometry":{"type":"LineString","coordinates":[[13.95957,52.86458],[13.95965,52.86463],[13.95979,52.86483],[13.95981,52.86496],[13.95982,52.86497],[13.95981,52.86523],[13.95981,52.86537],[13.95978,52.86556]]}},{"type":"Feature","properties":{"art":"pfad"},"geometry":{"type":"LineString","coordinates":[[13.9515,52.86667],[13.95135,52.86651],[13.95112,52.86632],[13.95108,52.86621],[13.95115,52.86599],[13.95155,52.86566],[13.95184,52.86532],[13.952,52.86498],[13.95209,52.86476],[13.95202,52.86456],[13.95178,52.86428],[13.95142,52.86403]]}},{"type":"Feature","properties":{"art":"strasse"},"geometry":{"type":"LineString","coordinates":[[13.95949,52.86473],[13.95929,52.86495],[13.9592,52.86503]]}},{"type":"Feature","properties":{"art":"strasse"},"geometry":{"type":"LineString","coordinates":[[13.95846,52.86607],[13.9582,52.86651]]}},{"type":"Feature","properties":{"art":"pfad"},"geometry":{"type":"LineString","coordinates":[[13.95359,52.86696],[13.95324,52.86655],[13.95321,52.8662],[13.9531,52.86607],[13.95284,52.86596],[13.95268,52.86585],[13.9526,52.8655],[13.95266,52.8651]]}},{"type":"Feature","properties":{"art":"pfad"},"geometry":{"type":"LineString","coordinates":[[13.94376,52.86442],[13.94418,52.86427],[13.94448,52.86409],[13.9448,52.86397],[13.94599,52.86354],[13.94625,52.86331],[13.94628,52.86324],[13.94633,52.86316]]}},{"type":"Feature","properties":{"art":"pfad"},"geometry":{"type":"LineString","coordinates":[[13.94448,52.86409],[13.94546,52.86452],[13.94612,52.86459],[13.94642,52.86474],[13.9472,52.86492],[13.9479,52.86517],[13.94791,52.86538],[13.94807,52.86559]]}},{"type":"Feature","properties":{"art":"pfad"},"geometry":{"type":"LineString","coordinates":[[13.9413,52.86521],[13.94227,52.86489],[13.94308,52.86456],[13.9433,52.86448],[13.94376,52.86442]]}},{"type":"Feature","properties":{"art":"pfad"},"geometry":{"type":"LineString","coordinates":[[13.94746,52.86736],[13.94728,52.86682],[13.94716,52.86668],[13.94718,52.86658],[13.94739,52.86634],[13.94756,52.86618],[13.94761,52.86605],[13.94758,52.86593],[13.94761,52.8658],[13.94776,52.86567],[13.94807,52.86559],[13.94838,52.86557],[13.94861,52.86555],[13.94922,52.86536],[13.94983,52.86512],[13.95011,52.86482],[13.95024,52.86465],[13.95023,52.8644],[13.95009,52.86415],[13.94993,52.86393]]}},{"type":"Feature","properties":{"art":"pfad"},"geometry":{"type":"LineString","coordinates":[[13.94153,52.86605],[13.94135,52.86547],[13.94125,52.86533],[13.9413,52.86521]]}},{"type":"Feature","properties":{"art":"pfad"},"geometry":{"type":"LineString","coordinates":[[13.94153,52.86605],[13.94169,52.86615],[13.94204,52.86622],[13.94249,52.86642],[13.9429,52.86673]]}},{"type":"Feature","properties":{"art":"pfad"},"geometry":{"type":"LineString","coordinates":[[13.9466,52.86673],[13.94718,52.86658]]}},{"type":"Feature","properties":{"art":"weg"},"geometry":{"type":"LineString","coordinates":[[13.9515,52.86667],[13.95049,52.86674],[13.94978,52.86674],[13.94808,52.86677],[13.94728,52.86682],[13.9466,52.86673],[13.94557,52.86662],[13.94488,52.86661],[13.94407,52.86654],[13.94349,52.86659],[13.9429,52.86673]]}},{"type":"Feature","properties":{"art":"pfad"},"geometry":{"type":"LineString","coordinates":[[13.94044,52.8676],[13.94043,52.86752],[13.94074,52.86707],[13.94089,52.86681],[13.94118,52.86662],[13.94129,52.86633],[13.94153,52.86605]]}},{"type":"Feature","properties":{"art":"weg"},"geometry":{"type":"LineString","coordinates":[[13.9429,52.86673],[13.94258,52.86689],[13.94218,52.86713],[13.94167,52.86768]]}},{"type":"Feature","properties":{"art":"strasse"},"geometry":{"type":"LineString","coordinates":[[13.96287,52.86819],[13.96268,52.86813],[13.96214,52.86765],[13.96205,52.86763],[13.96195,52.86764],[13.96156,52.8677],[13.96129,52.86768],[13.96097,52.86757],[13.96081,52.86747],[13.96008,52.86685],[13.95999,52.86667],[13.95974,52.86615],[13.95978,52.86556]]}},{"type":"Feature","properties":{"art":"pfad"},"geometry":{"type":"LineString","coordinates":[[13.96211,52.86759],[13.96211,52.86737]]}},{"type":"Feature","properties":{"art":"pfad"},"geometry":{"type":"LineString","coordinates":[[13.96205,52.86763],[13.96211,52.86759],[13.96244,52.86755],[13.96288,52.86763]]}},{"type":"Feature","properties":{"art":"strasse"},"geometry":{"type":"LineString","coordinates":[[13.95946,52.86794],[13.95883,52.86736],[13.95847,52.86721],[13.95795,52.8672],[13.95771,52.86718]]}},{"type":"Feature","properties":{"art":"strasse"},"geometry":{"type":"LineString","coordinates":[[13.9582,52.86651],[13.95807,52.86667],[13.95771,52.86718],[13.95721,52.86761],[13.9571,52.86769],[13.95697,52.86777],[13.95667,52.86791],[13.95625,52.8681],[13.95598,52.86821],[13.9552,52.86853],[13.9549,52.8687],[13.95473,52.86881]]}},{"type":"Feature","properties":{"art":"pfad"},"geometry":{"type":"LineString","coordinates":[[13.95114,52.86864],[13.95139,52.86829],[13.95172,52.86802],[13.95173,52.86781],[13.9517,52.86766],[13.95158,52.86749],[13.95148,52.86732],[13.9515,52.86667]]}},{"type":"Feature","properties":{"art":"strasse"},"geometry":{"type":"LineString","coordinates":[[13.96156,52.8677],[13.96175,52.8678],[13.96189,52.86786]]}},{"type":"Feature","properties":{"art":"pfad"},"geometry":{"type":"LineString","coordinates":[[13.95455,52.86897],[13.95443,52.86889],[13.95433,52.86842],[13.9543,52.86797],[13.95416,52.86731],[13.95395,52.86715],[13.95359,52.86696],[13.95259,52.86691],[13.95237,52.86681],[13.95174,52.86669],[13.9515,52.86667]]}},{"type":"Feature","properties":{"art":"strasse"},"geometry":{"type":"LineString","coordinates":[[13.95625,52.8681],[13.95641,52.86831]]}},{"type":"Feature","properties":{"art":"pfad"},"geometry":{"type":"LineString","coordinates":[[13.95994,52.87087],[13.95989,52.87067],[13.95955,52.86988],[13.95953,52.86967],[13.95956,52.86954],[13.96002,52.86924],[13.96062,52.86875],[13.96068,52.86865],[13.96069,52.86858],[13.96066,52.86851],[13.96039,52.86818],[13.96036,52.86816]]}},{"type":"Feature","properties":{"art":"pfad"},"geometry":{"type":"LineString","coordinates":[[13.96033,52.86813],[13.95988,52.86778],[13.95944,52.86735],[13.95928,52.86706],[13.95917,52.86703],[13.95891,52.86702],[13.95874,52.86705],[13.95841,52.86705],[13.95837,52.86703],[13.95824,52.86676],[13.95807,52.86667]]}},{"type":"Feature","properties":{"art":"pfad"},"geometry":{"type":"LineString","coordinates":[[13.96035,52.87075],[13.96043,52.8706],[13.96079,52.87017],[13.9607,52.87004],[13.9607,52.86997],[13.9609,52.86973],[13.96099,52.86957],[13.96112,52.86946],[13.96127,52.8694],[13.9615,52.86938],[13.96156,52.86936],[13.96154,52.8693],[13.96144,52.86919],[13.96141,52.86909],[13.96146,52.86896],[13.96167,52.86862],[13.96196,52.86829],[13.9617,52.86785],[13.96175,52.8678]]}},{"type":"Feature","properties":{"art":"pfad"},"geometry":{"type":"LineString","coordinates":[[13.9636,52.86951],[13.96261,52.86983],[13.96232,52.86986],[13.96197,52.86981],[13.96184,52.86984],[13.9615,52.87014],[13.96105,52.87049],[13.96067,52.87065]]}},{"type":"Feature","properties":{"art":"pfad"},"geometry":{"type":"LineString","coordinates":[[13.95612,52.87144],[13.9564,52.87138],[13.95686,52.87136],[13.95739,52.87142],[13.95804,52.87142],[13.95842,52.87138],[13.9585,52.87133],[13.9588,52.87115],[13.95934,52.87105],[13.95981,52.87098],[13.95994,52.87087],[13.96035,52.87075],[13.96067,52.87065],[13.96095,52.87072],[13.9612,52.87081],[13.96206,52.87105],[13.96266,52.87119],[13.96318,52.8712],[13.96365,52.87117]]}},{"type":"Feature","properties":{"art":"weg"},"geometry":{"type":"LineString","coordinates":[[13.95501,52.87025],[13.95488,52.87031],[13.95483,52.87055],[13.95459,52.87131],[13.95427,52.87163],[13.9538,52.87183],[13.95317,52.87191],[13.95246,52.87179],[13.9521,52.87177],[13.95176,52.8718],[13.95135,52.87198],[13.95087,52.87206],[13.95047,52.87211],[13.95037,52.87209],[13.9503,52.87206],[13.95019,52.87173],[13.94999,52.87155],[13.9493,52.87127],[13.94899,52.87121],[13.94881,52.87094]]}},{"type":"Feature","properties":{"art":"pfad"},"geometry":{"type":"LineString","coordinates":[[13.9585,52.87133],[13.9587,52.87133],[13.95908,52.87126],[13.95921,52.87126],[13.95954,52.87141],[13.9596,52.87169],[13.95959,52.8719],[13.95973,52.87213],[13.95996,52.87224],[13.96016,52.87228],[13.96083,52.87226],[13.96329,52.87303]]}},{"type":"Feature","properties":{"art":"weg"},"geometry":{"type":"LineString","coordinates":[[13.96701,52.87072],[13.9668,52.8711],[13.96673,52.87118],[13.9666,52.87128],[13.96653,52.87134],[13.9663,52.87154],[13.96566,52.87199],[13.96543,52.87228],[13.96505,52.87241],[13.96463,52.87255],[13.96448,52.87266],[13.96393,52.87285],[13.96364,52.87288],[13.96332,52.87298],[13.96329,52.87303],[13.9632,52.87316],[13.96331,52.8733],[13.96355,52.87346],[13.96351,52.8736],[13.96319,52.8739],[13.96299,52.87409],[13.96276,52.87421],[13.96239,52.87433],[13.96202,52.87438],[13.96175,52.87445]]}},{"type":"Feature","properties":{"art":"pfad"},"geometry":{"type":"LineString","coordinates":[[13.95008,52.87273],[13.95032,52.87251],[13.95039,52.87239],[13.95061,52.87231],[13.95116,52.87227],[13.95164,52.87235],[13.95179,52.87233]]}},{"type":"Feature","properties":{"art":"strasse"},"geometry":{"type":"LineString","coordinates":[[13.95746,52.87646],[13.95743,52.87618],[13.95746,52.87576],[13.95761,52.87434],[13.95772,52.87387],[13.95779,52.87333],[13.95774,52.87299],[13.95763,52.87265],[13.95749,52.87224],[13.95679,52.87175],[13.95612,52.87144],[13.9559,52.87132],[13.95567,52.87116],[13.95501,52.87025],[13.9545,52.86962],[13.95437,52.86934],[13.95442,52.86912],[13.95455,52.86897],[13.95464,52.86889],[13.95473,52.86881]]}},{"type":"Feature","properties":{"art":"pfad"},"geometry":{"type":"LineString","coordinates":[[13.95761,52.87434],[13.95656,52.87417],[13.95543,52.87401],[13.95416,52.87382],[13.95383,52.87367],[13.95357,52.87349],[13.95312,52.87325],[13.95284,52.87303],[13.95275,52.87288],[13.95293,52.87262],[13.95309,52.87237],[13.95315,52.87203],[13.95317,52.87191]]}},{"type":"Feature","properties":{"art":"pfad"},"geometry":{"type":"LineString","coordinates":[[13.95037,52.87209],[13.95045,52.87215],[13.95084,52.87214],[13.95131,52.87218],[13.95168,52.87229],[13.95179,52.87233],[13.95195,52.87245],[13.95198,52.8726],[13.95177,52.87281],[13.95137,52.87302],[13.95115,52.87359],[13.95097,52.87383],[13.95073,52.87409],[13.95058,52.87431],[13.95038,52.87472],[13.95025,52.87504],[13.95012,52.87523],[13.94985,52.87552],[13.94968,52.87566],[13.94949,52.87595],[13.94943,52.87612],[13.94948,52.87627],[13.94975,52.87636],[13.94999,52.8764],[13.9502,52.87639],[13.9507,52.87623],[13.9509,52.87618],[13.95106,52.87621],[13.95118,52.87637],[13.95131,52.87652],[13.95179,52.87659],[13.95225,52.87663],[13.95264,52.87666],[13.953,52.87677],[13.95331,52.87686],[13.95363,52.87685],[13.95409,52.87682],[13.95435,52.87671],[13.95496,52.87649],[13.95562,52.87632],[13.95642,52.87578]]}},{"type":"Feature","properties":{"art":"weg"},"geometry":{"type":"LineString","coordinates":[[13.94044,52.8676],[13.94092,52.8676],[13.94133,52.86766],[13.94167,52.86768],[13.94179,52.86782],[13.94173,52.86834],[13.94177,52.86844],[13.9419,52.86854],[13.94238,52.86887],[13.94257,52.86902],[13.94291,52.86911],[13.94318,52.86913],[13.94381,52.86905],[13.94409,52.86902],[13.94439,52.86893],[13.94472,52.86878],[13.94491,52.86876],[13.94561,52.86886],[13.94581,52.86888],[13.94602,52.86902],[13.94637,52.86929],[13.94684,52.86964],[13.94714,52.86979],[13.94738,52.86987],[13.9476,52.86991],[13.94786,52.86992],[13.94809,52.86994],[13.94829,52.87005],[13.94839,52.8703],[13.94858,52.87043],[13.94878,52.87053],[13.94888,52.87065],[13.94888,52.87086],[13.94881,52.87094]]}},{"type":"Feature","properties":{"art":"pfad"},"geometry":{"type":"LineString","coordinates":[[13.94684,52.86964],[13.94697,52.86963],[13.94726,52.86972],[13.9475,52.86975],[13.94775,52.86971],[13.9481,52.86961],[13.94872,52.86946],[13.94936,52.86941],[13.94966,52.86939]]}},{"type":"Feature","properties":{"art":"weg"},"geometry":{"type":"LineString","coordinates":[[13.94888,52.87086],[13.94895,52.87063],[13.94908,52.87055],[13.94922,52.87043],[13.94913,52.8703],[13.94901,52.87006],[13.94913,52.86987],[13.94966,52.86939],[13.94992,52.86929],[13.95032,52.86906],[13.95058,52.86893],[13.95104,52.86882],[13.95114,52.86864]]}},{"type":"Feature","properties":{"art":"pfad"},"geometry":{"type":"LineString","coordinates":[[13.94878,52.87053],[13.94908,52.87055]]}},{"type":"Feature","properties":{"art":"pfad"},"geometry":{"type":"LineString","coordinates":[[13.94881,52.87094],[13.94859,52.87124],[13.94838,52.87133],[13.94792,52.87135],[13.94729,52.87157],[13.94688,52.87163],[13.94626,52.87162],[13.94594,52.87168],[13.94567,52.87182],[13.94537,52.87223],[13.9454,52.87259],[13.9455,52.8739],[13.94538,52.87401],[13.9451,52.87406],[13.94463,52.87387],[13.94434,52.87381],[13.94399,52.87374],[13.94344,52.87366],[13.94314,52.87365],[13.94287,52.87365],[13.94247,52.87382],[13.94211,52.87392],[13.9415,52.87404],[13.94075,52.87428],[13.94048,52.87433]]}},{"type":"Feature","properties":{"art":"weg"},"geometry":{"type":"LineString","coordinates":[[13.93502,52.87062],[13.93623,52.87155],[13.93788,52.87248],[13.93808,52.87265],[13.93826,52.87327],[13.93847,52.8735],[13.93891,52.87376],[13.9392,52.87385],[13.93943,52.87389],[13.93963,52.87391],[13.93986,52.87398],[13.94048,52.87433],[13.94107,52.87469],[13.94163,52.87497],[13.94294,52.87593],[13.94364,52.87649],[13.94438,52.87673],[13.94595,52.87724],[13.94627,52.87732],[13.94659,52.87736],[13.94718,52.87735],[13.94746,52.87739],[13.94784,52.87752],[13.94838,52.87772],[13.94898,52.87795],[13.94991,52.87815],[13.95044,52.8782],[13.95084,52.87823],[13.95192,52.87829],[13.95435,52.8784],[13.95456,52.87842],[13.95476,52.87846],[13.95549,52.87874]]}},{"type":"Feature","properties":{"art":"pfad"},"geometry":{"type":"LineString","coordinates":[[13.9451,52.87406],[13.94526,52.87462],[13.94512,52.8748],[13.94512,52.8749],[13.94472,52.87514],[13.94429,52.87528],[13.94395,52.87527],[13.94397,52.87567],[13.9441,52.87579]]}},{"type":"Feature","properties":{"art":"pfad"},"geometry":{"type":"LineString","coordinates":[[13.94838,52.87772],[13.94843,52.87758],[13.94841,52.87744],[13.9484,52.87726],[13.94836,52.87717],[13.94806,52.87684]]}},{"type":"Feature","properties":{"art":"weg"},"geometry":{"type":"LineString","coordinates":[[13.95049,52.87835],[13.95051,52.87827],[13.95044,52.8782]]}},{"type":"Feature","properties":{"art":"weg"},"geometry":{"type":"LineString","coordinates":[[13.95084,52.87823],[13.95049,52.87835],[13.94998,52.8786],[13.94945,52.87888],[13.94891,52.87898],[13.94857,52.879],[13.94804,52.87905],[13.94734,52.87902],[13.94658,52.87894],[13.94562,52.87883],[13.94459,52.87867],[13.94413,52.87861],[13.9438,52.87863],[13.94344,52.87867],[13.94294,52.87872],[13.94263,52.87871],[13.942,52.87868],[13.94087,52.87879],[13.93942,52.87889],[13.93883,52.879],[13.93824,52.87917],[13.93689,52.87948],[13.93558,52.8796]]}},{"type":"Feature","properties":{"art":"pfad"},"geometry":{"type":"LineString","coordinates":[[13.9609,52.87479],[13.95761,52.87434]]}},{"type":"Feature","properties":{"art":"pfad"},"geometry":{"type":"LineString","coordinates":[[13.96176,52.87499],[13.9609,52.87479]]}},{"type":"Feature","properties":{"art":"weg"},"geometry":{"type":"LineString","coordinates":[[13.95746,52.87646],[13.95799,52.87613],[13.95878,52.87584],[13.95966,52.87537],[13.96028,52.87512],[13.9609,52.87479],[13.96175,52.87445]]}},{"type":"Feature","properties":{"art":"pfad"},"geometry":{"type":"LineString","coordinates":[[13.95743,52.87618],[13.95717,52.87609],[13.95642,52.87578],[13.95595,52.87556],[13.95583,52.87556]]}},{"type":"Feature","properties":{"art":"pfad"},"geometry":{"type":"LineString","coordinates":[[13.96175,52.87445],[13.96192,52.87469],[13.96222,52.87473],[13.96225,52.87481],[13.96242,52.87479],[13.96259,52.87481],[13.96287,52.87497],[13.96334,52.87512],[13.96383,52.87504],[13.96418,52.87506],[13.96451,52.87495],[13.96474,52.87483],[13.96507,52.87461],[13.96533,52.87418],[13.96559,52.87415],[13.96572,52.87418],[13.9659,52.87428],[13.96593,52.87456],[13.96584,52.87471],[13.9656,52.87488],[13.96555,52.87494]]}},{"type":"Feature","properties":{"art":"pfad"},"geometry":{"type":"LineString","coordinates":[[13.96738,52.87777],[13.96735,52.87784],[13.96691,52.87833],[13.96643,52.87823],[13.96594,52.87828],[13.9655,52.87838],[13.9649,52.87842],[13.96471,52.8786],[13.96419,52.87888],[13.9637,52.87906],[13.96332,52.8791],[13.96273,52.87923],[13.96231,52.87937],[13.9621,52.87937]]}},{"type":"Feature","properties":{"art":"pfad"},"geometry":{"type":"LineString","coordinates":[[13.96201,52.87937],[13.96181,52.87915],[13.96141,52.87889],[13.96132,52.87876],[13.96131,52.87845],[13.96128,52.8783],[13.96145,52.87803],[13.96168,52.87779],[13.96179,52.87763],[13.96192,52.87738],[13.96203,52.87731],[13.96214,52.87727],[13.96231,52.87715],[13.96288,52.87699],[13.963,52.87679],[13.96295,52.87664],[13.96289,52.87642],[13.96274,52.8763],[13.96239,52.8761],[13.96194,52.8758],[13.96148,52.87565],[13.96119,52.87553],[13.96122,52.8754],[13.96135,52.87527],[13.96176,52.87499],[13.96225,52.87481]]}},{"type":"Feature","properties":{"art":"strasse"},"geometry":{"type":"LineString","coordinates":[[13.95623,52.87911],[13.9563,52.87879],[13.95634,52.87868],[13.95669,52.87736],[13.95739,52.87657],[13.95746,52.87646]]}},{"type":"Feature","properties":{"art":"strasse"},"geometry":{"type":"LineString","coordinates":[[13.95549,52.87874],[13.95586,52.87888],[13.95613,52.87885],[13.9563,52.87879]]}},{"type":"Feature","properties":{"art":"strasse"},"geometry":{"type":"LineString","coordinates":[[13.95586,52.87888],[13.9561,52.879],[13.95623,52.87911]]}},{"type":"Feature","properties":{"art":"strasse"},"geometry":{"type":"LineString","coordinates":[[13.95702,52.87943],[13.95636,52.87919],[13.95623,52.87911]]}},{"type":"Feature","properties":{"art":"weg"},"geometry":{"type":"LineString","coordinates":[[13.93,52.87434],[13.92981,52.87417],[13.92878,52.87309]]}},{"type":"Feature","properties":{"art":"weg"},"geometry":{"type":"LineString","coordinates":[[13.92981,52.87417],[13.92998,52.87421],[13.93013,52.87421]]}},{"type":"Feature","properties":{"art":"weg"},"geometry":{"type":"LineString","coordinates":[[13.93,52.87434],[13.9307,52.87508],[13.9309,52.87565],[13.93117,52.87602],[13.93173,52.87656],[13.93228,52.87698]]}},{"type":"Feature","properties":{"art":"weg"},"geometry":{"type":"LineString","coordinates":[[13.93,52.87434],[13.92904,52.87521],[13.9278,52.87637],[13.92714,52.87685],[13.92705,52.87699],[13.9268,52.8783],[13.92682,52.87873],[13.92678,52.87926],[13.9265,52.88041],[13.92642,52.88073],[13.92644,52.88127],[13.92639,52.88166]]}},{"type":"Feature","properties":{"art":"weg"},"geometry":{"type":"LineString","coordinates":[[13.93228,52.87698],[13.93309,52.87763],[13.93348,52.8779],[13.93402,52.87824],[13.93472,52.87863],[13.9353,52.87904],[13.93548,52.8793],[13.93553,52.87944],[13.93558,52.8796]]}},{"type":"Feature","properties":{"art":"weg"},"geometry":{"type":"LineString","coordinates":[[13.93558,52.8796],[13.93464,52.87967],[13.93297,52.87985],[13.9325,52.87994],[13.93205,52.88006],[13.93142,52.88023],[13.92956,52.88084],[13.92857,52.88111],[13.92731,52.88141],[13.92639,52.88166]]}},{"type":"Feature","properties":{"art":"pfad"},"geometry":{"type":"LineString","coordinates":[[13.93678,52.88334],[13.93664,52.88289],[13.93667,52.88257],[13.93658,52.88237],[13.93661,52.88217],[13.9364,52.88164],[13.9365,52.88133],[13.9366,52.88116],[13.93682,52.88104],[13.93716,52.88096],[13.93731,52.88088],[13.93732,52.88079],[13.9371,52.88072],[13.93675,52.8807],[13.93638,52.88064],[13.93602,52.88053],[13.93578,52.8804],[13.93569,52.88027],[13.93558,52.87962],[13.93558,52.8796]]}},{"type":"Feature","properties":{"art":"pfad"},"geometry":{"type":"LineString","coordinates":[[13.92641,52.88309],[13.92684,52.88314],[13.92712,52.8831],[13.92743,52.88312],[13.92785,52.8832],[13.92814,52.88323],[13.92834,52.88321],[13.92851,52.8831],[13.92871,52.88287],[13.92895,52.88274],[13.93004,52.88233],[13.93081,52.88208],[13.9313,52.88198],[13.93145,52.88197],[13.93168,52.88203],[13.93188,52.88217],[13.93217,52.88271],[13.93228,52.88287],[13.93244,52.883],[13.93267,52.88305],[13.93391,52.88302],[13.93406,52.883],[13.93419,52.88295],[13.93483,52.88224],[13.93492,52.88201],[13.93485,52.88184],[13.93439,52.88153],[13.93388,52.88123],[13.9337,52.88116],[13.93323,52.88108],[13.93295,52.88095],[13.93254,52.88064],[13.93205,52.88006]]}},{"type":"Feature","properties":{"art":"pfad"},"geometry":{"type":"LineString","coordinates":[[13.93878,52.88463],[13.93762,52.88433],[13.93747,52.88417],[13.93722,52.884],[13.93678,52.88334]]}},{"type":"Feature","properties":{"art":"pfad"},"geometry":{"type":"LineString","coordinates":[[13.94891,52.87898],[13.94998,52.87933],[13.95033,52.87938],[13.95079,52.87942],[13.95136,52.87947],[13.95174,52.87951]]}},{"type":"Feature","properties":{"art":"pfad"},"geometry":{"type":"LineString","coordinates":[[13.94318,52.88033],[13.94325,52.8803],[13.9438,52.88008],[13.94397,52.88001]]}},{"type":"Feature","properties":{"art":"pfad"},"geometry":{"type":"LineString","coordinates":[[13.94502,52.87946],[13.94548,52.87985],[13.94556,52.88024],[13.94563,52.88048],[13.94589,52.88069],[13.94694,52.88089],[13.94797,52.88103],[13.94812,52.88107],[13.94824,52.88123]]}},{"type":"Feature","properties":{"art":"pfad"},"geometry":{"type":"LineString","coordinates":[[13.94263,52.87871],[13.94265,52.87873],[13.94283,52.87901],[13.94306,52.87937],[13.94293,52.87957],[13.94269,52.87983],[13.94245,52.88001],[13.9424,52.88012],[13.94289,52.88023],[13.94318,52.88033],[13.94291,52.88054],[13.94259,52.88076],[13.9425,52.8809],[13.94253,52.88106],[13.94129,52.88156],[13.94073,52.88198],[13.94052,52.88242]]}},{"type":"Feature","properties":{"art":"pfad"},"geometry":{"type":"LineString","coordinates":[[13.94998,52.87933],[13.94985,52.8796],[13.94919,52.88039],[13.94824,52.88123],[13.9482,52.88163],[13.94811,52.88214]]}},{"type":"Feature","properties":{"art":"pfad"},"geometry":{"type":"LineString","coordinates":[[13.94929,52.88225],[13.94851,52.88226],[13.94811,52.88214]]}},{"type":"Feature","properties":{"art":"pfad"},"geometry":{"type":"LineString","coordinates":[[13.94918,52.8839],[13.94877,52.88357],[13.94836,52.88329],[13.94812,52.88288],[13.94808,52.88265],[13.94811,52.88214]]}},{"type":"Feature","properties":{"art":"pfad"},"geometry":{"type":"LineString","coordinates":[[13.94052,52.88242],[13.94054,52.88258],[13.94066,52.88275],[13.9409,52.88281],[13.94144,52.8828],[13.94199,52.88286],[13.94214,52.88304],[13.94219,52.88323],[13.94197,52.88375],[13.94235,52.88394],[13.9425,52.88409]]}},{"type":"Feature","properties":{"art":"pfad"},"geometry":{"type":"LineString","coordinates":[[13.94918,52.8839],[13.94932,52.88477],[13.94942,52.88511]]}},{"type":"Feature","properties":{"art":"pfad"},"geometry":{"type":"LineString","coordinates":[[13.92539,52.8708],[13.92514,52.87102],[13.92488,52.87117],[13.92443,52.87126],[13.92408,52.87136],[13.92388,52.87145],[13.92337,52.87191],[13.92325,52.87212],[13.92306,52.87232],[13.92272,52.87253],[13.92256,52.87269],[13.92257,52.87289],[13.92253,52.87308],[13.92243,52.87324],[13.92218,52.87341],[13.92184,52.87359],[13.92138,52.87379],[13.92102,52.87391],[13.92073,52.87401],[13.92048,52.87414],[13.9201,52.87429],[13.91954,52.87443],[13.91934,52.87452],[13.91866,52.87514],[13.91838,52.87529],[13.91759,52.87541],[13.91746,52.87546],[13.91695,52.87575],[13.91676,52.87582],[13.91655,52.87587],[13.91635,52.87582],[13.91601,52.87568],[13.91521,52.87548],[13.9149,52.87538],[13.91468,52.87525],[13.91417,52.87483],[13.91393,52.87467],[13.91346,52.87449],[13.9128,52.87426],[13.91235,52.87406]]}},{"type":"Feature","properties":{"art":"pfad"},"geometry":{"type":"LineString","coordinates":[[13.92171,52.87513],[13.92143,52.8751],[13.92109,52.87509],[13.9199,52.87515],[13.91929,52.87516],[13.91891,52.87514],[13.91866,52.87514]]}},{"type":"Feature","properties":{"art":"pfad"},"geometry":{"type":"LineString","coordinates":[[13.92204,52.87516],[13.92171,52.87513]]}},{"type":"Feature","properties":{"art":"pfad"},"geometry":{"type":"LineString","coordinates":[[13.91838,52.87529],[13.9183,52.87542],[13.91825,52.87559],[13.91825,52.87602],[13.91817,52.87625],[13.9178,52.87655],[13.91748,52.87665],[13.91737,52.87667]]}},{"type":"Feature","properties":{"art":"pfad"},"geometry":{"type":"LineString","coordinates":[[13.92533,52.87698],[13.92529,52.87683],[13.92529,52.87653],[13.92503,52.87619],[13.92441,52.87583],[13.92424,52.87576],[13.92312,52.87541],[13.9228,52.87532],[13.92225,52.87518],[13.92204,52.87516]]}},{"type":"Feature","properties":{"art":"pfad"},"geometry":{"type":"LineString","coordinates":[[13.92224,52.87783],[13.92264,52.87762]]}},{"type":"Feature","properties":{"art":"pfad"},"geometry":{"type":"LineString","coordinates":[[13.91719,52.87968],[13.91727,52.87964],[13.91738,52.87923],[13.91761,52.87892],[13.91782,52.87873],[13.91829,52.87849],[13.91843,52.87836],[13.9185,52.87823],[13.91838,52.87809],[13.91823,52.87803],[13.91811,52.87787],[13.91812,52.87777],[13.91801,52.87759],[13.91815,52.87732],[13.9181,52.87726],[13.91777,52.8771],[13.91742,52.87705],[13.91728,52.87701],[13.91729,52.8769],[13.91739,52.87675],[13.91737,52.87667],[13.91726,52.87659],[13.91705,52.87653],[13.91666,52.87646],[13.91646,52.87639],[13.91616,52.87583],[13.91601,52.87568]]}},{"type":"Feature","properties":{"art":"pfad"},"geometry":{"type":"LineString","coordinates":[[13.91777,52.8771],[13.91784,52.87703],[13.91835,52.87683],[13.91866,52.87674],[13.91885,52.87665],[13.91925,52.87637],[13.91947,52.87627],[13.91961,52.87626],[13.91973,52.87628],[13.91987,52.87643],[13.92002,52.87655],[13.92045,52.87663],[13.92086,52.87659],[13.92099,52.87663],[13.92107,52.8767],[13.92111,52.87694],[13.92128,52.87714],[13.92144,52.8772],[13.92176,52.87724],[13.92193,52.87729],[13.92256,52.87761],[13.92264,52.87762],[13.92368,52.87743],[13.92485,52.87716],[13.92517,52.87702],[13.92533,52.87698],[13.92622,52.877],[13.92705,52.87699],[13.92778,52.87712],[13.92888,52.87736],[13.92933,52.87748],[13.92977,52.87799],[13.9303,52.87842],[13.93117,52.87923],[13.93146,52.87947],[13.93153,52.87972],[13.93205,52.88006]]}},{"type":"Feature","properties":{"art":"pfad"},"geometry":{"type":"LineString","coordinates":[[13.92041,52.88039],[13.92088,52.88018],[13.92124,52.88008],[13.92143,52.88001],[13.92181,52.87983],[13.92193,52.87967],[13.92242,52.87979],[13.92287,52.87982],[13.92334,52.87972],[13.92367,52.87951],[13.92389,52.87914],[13.92396,52.8789],[13.9238,52.87853],[13.92354,52.87825],[13.92282,52.87799],[13.92224,52.87783]]}},{"type":"Feature","properties":{"art":"pfad"},"geometry":{"type":"LineString","coordinates":[[13.92041,52.88039],[13.91951,52.88032],[13.91921,52.88024],[13.91858,52.87989],[13.91838,52.87985],[13.91754,52.87984],[13.9173,52.87979],[13.91719,52.87968],[13.91705,52.87954],[13.91698,52.87929],[13.91687,52.87918],[13.91674,52.87913],[13.91656,52.87916],[13.9154,52.87974],[13.91512,52.87974],[13.91465,52.87965],[13.914,52.87993],[13.91208,52.8804],[13.9106,52.88126],[13.9102,52.88154]]}},{"type":"Feature","properties":{"art":"weg"},"geometry":{"type":"LineString","coordinates":[[13.88276,52.88315],[13.88358,52.88239],[13.88452,52.88166],[13.88539,52.88086],[13.88623,52.88031],[13.88999,52.87888],[13.89457,52.87602],[13.89919,52.87307],[13.89944,52.87292],[13.90007,52.87254],[13.90047,52.8723],[13.90081,52.87206]]}},{"type":"Feature","properties":{"art":"pfad"},"geometry":{"type":"LineString","coordinates":[[13.91465,52.87965],[13.91452,52.87959],[13.9137,52.87954],[13.91311,52.87933],[13.91301,52.87916],[13.91304,52.87883],[13.91311,52.8786],[13.91293,52.87815],[13.91275,52.87804],[13.91237,52.87795],[13.91203,52.87782],[13.91182,52.87777],[13.91129,52.87773],[13.91078,52.87763],[13.9107,52.87766]]}},{"type":"Feature","properties":{"art":"pfad"},"geometry":{"type":"LineString","coordinates":[[13.89628,52.88139],[13.89726,52.88132],[13.89786,52.8811],[13.90144,52.87881],[13.90594,52.87581]]}},{"type":"Feature","properties":{"art":"pfad"},"geometry":{"type":"LineString","coordinates":[[13.88046,52.87487],[13.88448,52.87656],[13.88629,52.87733],[13.88748,52.87784],[13.88999,52.87888],[13.89074,52.87918],[13.89299,52.87989],[13.89344,52.88009],[13.89416,52.88062],[13.89443,52.8808],[13.89575,52.88171],[13.89606,52.88186],[13.89753,52.88254],[13.89891,52.88294]]}},{"type":"Feature","properties":{"art":"weg"},"geometry":{"type":"LineString","coordinates":[[13.90819,52.87674],[13.90372,52.87971],[13.90224,52.88069],[13.89891,52.88294],[13.89738,52.88395]]}},{"type":"Feature","properties":{"art":"weg"},"geometry":{"type":"LineString","coordinates":[[13.89747,52.87642],[13.89744,52.87663],[13.89724,52.87714],[13.89707,52.87795],[13.89717,52.87823],[13.89729,52.8789],[13.89713,52.87952],[13.89673,52.88],[13.89642,52.8806],[13.89628,52.88139],[13.89606,52.88186],[13.89585,52.88217],[13.89547,52.88252],[13.89492,52.88311],[13.89469,52.88329],[13.89416,52.88362],[13.89342,52.8843],[13.89332,52.8844]]}},{"type":"Feature","properties":{"art":"pfad"},"geometry":{"type":"LineString","coordinates":[[13.9102,52.88183],[13.90992,52.88175],[13.90968,52.88172],[13.90902,52.88182],[13.90783,52.88179],[13.9074,52.88177],[13.90673,52.88159],[13.90584,52.88112],[13.90566,52.88099],[13.90517,52.8804],[13.90501,52.88026],[13.90372,52.87971]]}},{"type":"Feature","properties":{"art":"pfad"},"geometry":{"type":"LineString","coordinates":[[13.904,52.88516],[13.90392,52.88497],[13.90397,52.88468],[13.9042,52.88374],[13.90425,52.8831],[13.9045,52.88277],[13.90478,52.88253],[13.90498,52.88217],[13.90561,52.8812],[13.90566,52.88099],[13.90569,52.88073],[13.90629,52.87943],[13.90628,52.87928],[13.90651,52.87893],[13.90719,52.87811],[13.90787,52.87781],[13.90819,52.87762],[13.90899,52.87704]]}},{"type":"Feature","properties":{"art":"pfad"},"geometry":{"type":"LineString","coordinates":[[13.89416,52.88062],[13.89397,52.88064],[13.89261,52.88064],[13.89242,52.88067],[13.89186,52.88081],[13.89141,52.88089],[13.89075,52.88106],[13.89039,52.88109],[13.88987,52.88106],[13.88935,52.88106],[13.8882,52.88122],[13.88744,52.88129],[13.88674,52.88146]]}},{"type":"Feature","properties":{"art":"pfad"},"geometry":{"type":"LineString","coordinates":[[13.88539,52.88086],[13.88647,52.8813],[13.88674,52.88146],[13.88681,52.8815],[13.88707,52.88158],[13.88802,52.88177],[13.8901,52.88217],[13.89039,52.88218],[13.89077,52.88203],[13.89101,52.88194],[13.89132,52.8819],[13.89183,52.88193],[13.89216,52.88192],[13.89259,52.88186],[13.89311,52.88186],[13.89361,52.88184],[13.89447,52.88179],[13.89483,52.88176],[13.89526,52.88179],[13.89575,52.88171]]}},{"type":"Feature","properties":{"art":"pfad"},"geometry":{"type":"LineString","coordinates":[[13.87834,52.87867],[13.87839,52.87858],[13.87839,52.87851],[13.87842,52.87841],[13.8785,52.87824],[13.87823,52.87792],[13.87791,52.87755],[13.8777,52.87743],[13.87751,52.87734],[13.87715,52.87718]]}},{"type":"Feature","properties":{"art":"pfad"},"geometry":{"type":"LineString","coordinates":[[13.87676,52.87857],[13.87655,52.87848],[13.87594,52.87828],[13.87548,52.87802],[13.87429,52.87751]]}},{"type":"Feature","properties":{"art":"weg"},"geometry":{"type":"LineString","coordinates":[[13.87719,52.87692],[13.87529,52.8772],[13.87488,52.8773],[13.87429,52.87751],[13.87332,52.87797],[13.87168,52.87887],[13.87028,52.87951],[13.87019,52.87955],[13.86973,52.87978],[13.86884,52.88024]]}},{"type":"Feature","properties":{"art":"pfad"},"geometry":{"type":"LineString","coordinates":[[13.87184,52.88034],[13.87548,52.87802],[13.87719,52.87692]]}},{"type":"Feature","properties":{"art":"pfad"},"geometry":{"type":"LineString","coordinates":[[13.87759,52.87867],[13.87712,52.87871],[13.87685,52.87876],[13.87677,52.87875],[13.87665,52.87872]]}},{"type":"Feature","properties":{"art":"pfad"},"geometry":{"type":"LineString","coordinates":[[13.87019,52.87955],[13.86933,52.87882],[13.86874,52.87822],[13.86856,52.87804]]}},{"type":"Feature","properties":{"art":"pfad"},"geometry":{"type":"LineString","coordinates":[[13.87825,52.8791],[13.87824,52.87891],[13.87834,52.87867]]}},{"type":"Feature","properties":{"art":"weg"},"geometry":{"type":"LineString","coordinates":[[13.8684,52.88047],[13.86834,52.8801],[13.86829,52.87986],[13.86824,52.87939],[13.86825,52.87925],[13.86836,52.87884],[13.86852,52.87841],[13.86856,52.87804]]}},{"type":"Feature","properties":{"art":"pfad"},"geometry":{"type":"LineString","coordinates":[[13.87719,52.87692],[13.87715,52.87718],[13.87704,52.87738],[13.87704,52.87769],[13.87703,52.87776],[13.87663,52.87812],[13.87663,52.8782],[13.87676,52.87832],[13.87676,52.87857],[13.87665,52.87872],[13.87617,52.87899],[13.87593,52.87954],[13.87573,52.87968],[13.87524,52.87986],[13.87495,52.88003],[13.8746,52.88023],[13.87459,52.88046],[13.87481,52.88075],[13.87484,52.88096],[13.87478,52.88133],[13.87487,52.88152],[13.87523,52.88179],[13.87529,52.88192],[13.87506,52.88205],[13.8742,52.88268]]}},{"type":"Feature","properties":{"art":"pfad"},"geometry":{"type":"LineString","coordinates":[[13.8769,52.88056],[13.87717,52.88034],[13.87735,52.88005],[13.87771,52.87965],[13.87837,52.87915]]}},{"type":"Feature","properties":{"art":"pfad"},"geometry":{"type":"LineString","coordinates":[[13.86983,52.87984],[13.86973,52.87978]]}},{"type":"Feature","properties":{"art":"weg"},"geometry":{"type":"LineString","coordinates":[[13.87023,52.88007],[13.86983,52.87984]]}},{"type":"Feature","properties":{"art":"weg"},"geometry":{"type":"LineString","coordinates":[[13.86884,52.88024],[13.8686,52.88037],[13.8684,52.88047]]}},{"type":"Feature","properties":{"art":"weg"},"geometry":{"type":"LineString","coordinates":[[13.86833,52.88052],[13.8684,52.88047]]}},{"type":"Feature","properties":{"art":"strasse"},"geometry":{"type":"LineString","coordinates":[[13.86713,52.88083],[13.86764,52.88073],[13.86817,52.8806],[13.86833,52.88052]]}},{"type":"Feature","properties":{"art":"pfad"},"geometry":{"type":"LineString","coordinates":[[13.87529,52.88192],[13.87552,52.88181],[13.87571,52.88171],[13.87603,52.88142],[13.8769,52.88056]]}},{"type":"Feature","properties":{"art":"weg"},"geometry":{"type":"LineString","coordinates":[[13.89017,52.88401],[13.89003,52.88389],[13.88452,52.88166],[13.87837,52.87915],[13.87825,52.8791],[13.87784,52.87892]]}},{"type":"Feature","properties":{"art":"strasse"},"geometry":{"type":"LineString","coordinates":[[13.87032,52.88158],[13.87037,52.88155],[13.87041,52.88152]]}},{"type":"Feature","properties":{"art":"strasse"},"geometry":{"type":"LineString","coordinates":[[13.87065,52.88176],[13.8707,52.88173],[13.87076,52.88168]]}},{"type":"Feature","properties":{"art":"pfad"},"geometry":{"type":"LineString","coordinates":[[13.8684,52.88047],[13.86867,52.88057],[13.86927,52.88091],[13.86979,52.88119],[13.87003,52.88137],[13.87037,52.88155],[13.8707,52.88173],[13.87136,52.88208],[13.87171,52.88228],[13.87186,52.88235],[13.87208,52.88247],[13.8722,52.8825],[13.87241,52.88262],[13.87271,52.88278],[13.87294,52.8829],[13.87307,52.88298],[13.87332,52.88311],[13.87341,52.88316],[13.87349,52.88317],[13.87359,52.88319]]}},{"type":"Feature","properties":{"art":"pfad"},"geometry":{"type":"LineString","coordinates":[[13.90819,52.87674],[13.90899,52.87704],[13.91,52.87743],[13.9107,52.87766],[13.91116,52.87785],[13.91155,52.87812],[13.91163,52.87826],[13.91091,52.87954],[13.91078,52.88008],[13.91064,52.88039],[13.91034,52.88062],[13.91022,52.88079],[13.9102,52.88154],[13.9102,52.88183],[13.91026,52.88215],[13.90985,52.88261],[13.90975,52.88281],[13.90971,52.88308],[13.90939,52.88346],[13.90899,52.88379],[13.90894,52.88394],[13.90919,52.88424],[13.90925,52.88456],[13.90936,52.88481],[13.90938,52.88482],[13.90969,52.88505],[13.90978,52.88527],[13.90969,52.88557],[13.90972,52.88572],[13.90999,52.88594],[13.91006,52.88611],[13.90997,52.88639],[13.91006,52.8869],[13.91007,52.88721],[13.91016,52.8874],[13.91011,52.88756],[13.90986,52.88752],[13.90953,52.8874]]}},{"type":"Feature","properties":{"art":"pfad"},"geometry":{"type":"LineString","coordinates":[[13.91354,52.88372],[13.91326,52.88346],[13.91286,52.88317],[13.91239,52.88293],[13.91201,52.88271],[13.91169,52.88256],[13.9114,52.8824],[13.91121,52.88229],[13.91071,52.88207],[13.91034,52.88186],[13.9102,52.88183]]}},{"type":"Feature","properties":{"art":"pfad"},"geometry":{"type":"LineString","coordinates":[[13.90783,52.88179],[13.908,52.88196],[13.90815,52.88208],[13.90833,52.88236],[13.90839,52.88247],[13.90833,52.8827],[13.90812,52.88296],[13.90843,52.88324],[13.90871,52.88345],[13.90876,52.8835],[13.90899,52.88379]]}},{"type":"Feature","properties":{"art":"pfad"},"geometry":{"type":"LineString","coordinates":[[13.91263,52.88409],[13.91226,52.88401],[13.91207,52.88399],[13.91189,52.88394],[13.91179,52.88387],[13.91153,52.88329],[13.91153,52.88318],[13.91159,52.88301],[13.91158,52.88284],[13.91124,52.88238],[13.91121,52.88229]]}},{"type":"Feature","properties":{"art":"pfad"},"geometry":{"type":"LineString","coordinates":[[13.90055,52.8833],[13.89983,52.88313],[13.89918,52.88299],[13.89891,52.88294]]}},{"type":"Feature","properties":{"art":"pfad"},"geometry":{"type":"LineString","coordinates":[[13.90111,52.8835],[13.90055,52.8833]]}},{"type":"Feature","properties":{"art":"weg"},"geometry":{"type":"LineString","coordinates":[[13.90936,52.88481],[13.91041,52.88476],[13.91121,52.88455],[13.91158,52.88446],[13.91263,52.88409],[13.91354,52.88372],[13.9137,52.88365],[13.91399,52.88357],[13.91434,52.88354],[13.91537,52.88367],[13.91577,52.88369],[13.91629,52.8836],[13.91702,52.88316],[13.91736,52.88308],[13.91791,52.88313],[13.91815,52.88318],[13.91842,52.88325]]}},{"type":"Feature","properties":{"art":"pfad"},"geometry":{"type":"LineString","coordinates":[[13.90397,52.88468],[13.90111,52.8835]]}},{"type":"Feature","properties":{"art":"pfad"},"geometry":{"type":"LineString","coordinates":[[13.91437,52.88464],[13.91362,52.88452],[13.91311,52.88433],[13.91265,52.8841],[13.91263,52.88409]]}},{"type":"Feature","properties":{"art":"weg"},"geometry":{"type":"LineString","coordinates":[[13.89738,52.88395],[13.89656,52.88441],[13.89629,52.88455]]}},{"type":"Feature","properties":{"art":"pfad"},"geometry":{"type":"LineString","coordinates":[[13.86713,52.88083],[13.86726,52.88094],[13.86735,52.88108],[13.86742,52.88114],[13.86774,52.8813],[13.86832,52.88154],[13.86861,52.8816],[13.86895,52.88186],[13.86979,52.88222],[13.87121,52.88284],[13.87132,52.8829]]}},{"type":"Feature","properties":{"art":"strasse"},"geometry":{"type":"LineString","coordinates":[[13.87349,52.8833],[13.87335,52.88322],[13.87324,52.88316],[13.87299,52.88303],[13.87285,52.88295],[13.87263,52.88283],[13.87233,52.88267],[13.87202,52.8825],[13.87181,52.88239],[13.87166,52.88231],[13.8713,52.88212],[13.87065,52.88176],[13.87039,52.88162],[13.87032,52.88158],[13.86833,52.88052]]}},{"type":"Feature","properties":{"art":"strasse"},"geometry":{"type":"LineString","coordinates":[[13.8713,52.88212],[13.87136,52.88208],[13.8714,52.88206],[13.87147,52.88202],[13.8716,52.88193],[13.87167,52.88188],[13.8717,52.88186],[13.87171,52.88181]]}},{"type":"Feature","properties":{"art":"strasse"},"geometry":{"type":"LineString","coordinates":[[13.87166,52.88231],[13.87171,52.88228],[13.87196,52.88211]]}},{"type":"Feature","properties":{"art":"strasse"},"geometry":{"type":"LineString","coordinates":[[13.87181,52.88239],[13.87186,52.88235],[13.87194,52.8823]]}},{"type":"Feature","properties":{"art":"strasse"},"geometry":{"type":"LineString","coordinates":[[13.87202,52.8825],[13.87208,52.88247],[13.87216,52.88241]]}},{"type":"Feature","properties":{"art":"strasse"},"geometry":{"type":"LineString","coordinates":[[13.87233,52.88267],[13.87241,52.88262],[13.87247,52.88258]]}},{"type":"Feature","properties":{"art":"strasse"},"geometry":{"type":"LineString","coordinates":[[13.8732,52.88247],[13.87313,52.88251],[13.87299,52.88257],[13.87271,52.88278],[13.87263,52.88283]]}},{"type":"Feature","properties":{"art":"strasse"},"geometry":{"type":"LineString","coordinates":[[13.8742,52.88268],[13.87359,52.8831]]}},{"type":"Feature","properties":{"art":"strasse"},"geometry":{"type":"LineString","coordinates":[[13.87297,52.88288],[13.87294,52.8829],[13.87285,52.88295]]}},{"type":"Feature","properties":{"art":"pfad"},"geometry":{"type":"LineString","coordinates":[[13.88869,52.8842],[13.88531,52.88413],[13.88434,52.88403],[13.88328,52.88327],[13.88276,52.88315],[13.88158,52.88292],[13.88085,52.88269],[13.87791,52.88261],[13.87702,52.88197],[13.87648,52.88195],[13.87596,52.882],[13.87552,52.88181]]}},{"type":"Feature","properties":{"art":"strasse"},"geometry":{"type":"LineString","coordinates":[[13.87321,52.8829],[13.87316,52.88292],[13.87307,52.88298],[13.87299,52.88303]]}},{"type":"Feature","properties":{"art":"pfad"},"geometry":{"type":"LineString","coordinates":[[13.87132,52.8829],[13.87309,52.88323],[13.87335,52.88322]]}},{"type":"Feature","properties":{"art":"strasse"},"geometry":{"type":"LineString","coordinates":[[13.87349,52.883],[13.87332,52.88311],[13.87324,52.88316]]}},{"type":"Feature","properties":{"art":"strasse"},"geometry":{"type":"LineString","coordinates":[[13.87359,52.88319],[13.87359,52.8831]]}},{"type":"Feature","properties":{"art":"strasse"},"geometry":{"type":"LineString","coordinates":[[13.87359,52.8831],[13.87349,52.88317],[13.87335,52.88322]]}},{"type":"Feature","properties":{"art":"pfad"},"geometry":{"type":"LineString","coordinates":[[13.87132,52.8829],[13.8715,52.88305],[13.87166,52.8832],[13.87173,52.88332],[13.87174,52.88341]]}},{"type":"Feature","properties":{"art":"strasse"},"geometry":{"type":"LineString","coordinates":[[13.87349,52.8833],[13.87359,52.88319]]}},{"type":"Feature","properties":{"art":"pfad"},"geometry":{"type":"LineString","coordinates":[[13.87359,52.88319],[13.87376,52.88324],[13.87398,52.88338]]}},{"type":"Feature","properties":{"art":"strasse"},"geometry":{"type":"LineString","coordinates":[[13.87385,52.88349],[13.87349,52.8833]]}},{"type":"Feature","properties":{"art":"pfad"},"geometry":{"type":"LineString","coordinates":[[13.87174,52.88341],[13.87174,52.88343]]}},{"type":"Feature","properties":{"art":"pfad"},"geometry":{"type":"LineString","coordinates":[[13.87174,52.88343],[13.87174,52.88344]]}},{"type":"Feature","properties":{"art":"strasse"},"geometry":{"type":"LineString","coordinates":[[13.87385,52.88349],[13.87374,52.88357]]}},{"type":"Feature","properties":{"art":"pfad"},"geometry":{"type":"LineString","coordinates":[[13.87174,52.88344],[13.87227,52.8836],[13.87306,52.88352],[13.87374,52.88357]]}},{"type":"Feature","properties":{"art":"strasse"},"geometry":{"type":"LineString","coordinates":[[13.87413,52.88366],[13.87427,52.88357],[13.87446,52.88351]]}},{"type":"Feature","properties":{"art":"pfad"},"geometry":{"type":"LineString","coordinates":[[13.87227,52.8836],[13.87129,52.88379]]}},{"type":"Feature","properties":{"art":"strasse"},"geometry":{"type":"LineString","coordinates":[[13.87369,52.8837],[13.87408,52.88392]]}},{"type":"Feature","properties":{"art":"weg"},"geometry":{"type":"LineString","coordinates":[[13.88276,52.88315],[13.88183,52.88412],[13.88147,52.88483],[13.88131,52.88499]]}},{"type":"Feature","properties":{"art":"pfad"},"geometry":{"type":"LineString","coordinates":[[13.86822,52.88408],[13.86808,52.88402],[13.86794,52.884],[13.86783,52.88404],[13.86775,52.88411]]}},{"type":"Feature","properties":{"art":"pfad"},"geometry":{"type":"LineString","coordinates":[[13.86808,52.88386],[13.86818,52.88403],[13.86822,52.88408],[13.86826,52.8842],[13.86825,52.88441]]}},{"type":"Feature","properties":{"art":"pfad"},"geometry":{"type":"LineString","coordinates":[[13.87174,52.88344],[13.87129,52.88379],[13.87047,52.88433],[13.87042,52.88443],[13.87048,52.88453],[13.87085,52.88491],[13.87091,52.88503],[13.87089,52.88515],[13.87081,52.88521],[13.8705,52.88537],[13.87035,52.88539],[13.87019,52.88529],[13.8701,52.88528]]}},{"type":"Feature","properties":{"art":"pfad"},"geometry":{"type":"LineString","coordinates":[[13.87398,52.88338],[13.87427,52.88357],[13.87457,52.88381]]}},{"type":"Feature","properties":{"art":"pfad"},"geometry":{"type":"LineString","coordinates":[[13.87673,52.88581],[13.87677,52.88586]]}},{"type":"Feature","properties":{"art":"weg"},"geometry":{"type":"LineString","coordinates":[[13.86992,52.88517],[13.86957,52.88499],[13.86889,52.88471],[13.86825,52.88441]]}},{"type":"Feature","properties":{"art":"strasse"},"geometry":{"type":"LineString","coordinates":[[13.88021,52.88502],[13.88062,52.88499],[13.88109,52.88496],[13.88131,52.88499]]}},{"type":"Feature","properties":{"art":"strasse"},"geometry":{"type":"LineString","coordinates":[[13.87374,52.88357],[13.87369,52.8837],[13.87321,52.884],[13.87307,52.8842],[13.87258,52.88513],[13.87176,52.8856],[13.87174,52.8857],[13.87177,52.88579],[13.8719,52.8859],[13.87207,52.88602],[13.87209,52.88603]]}},{"type":"Feature","properties":{"art":"strasse"},"geometry":{"type":"LineString","coordinates":[[13.87636,52.88576],[13.87662,52.88603]]}},{"type":"Feature","properties":{"art":"strasse"},"geometry":{"type":"LineString","coordinates":[[13.87719,52.88667],[13.87712,52.88655],[13.87686,52.88613],[13.87676,52.88598],[13.87671,52.88593],[13.87668,52.88588],[13.87662,52.88581]]}},{"type":"Feature","properties":{"art":"strasse"},"geometry":{"type":"LineString","coordinates":[[13.87449,52.88389],[13.87413,52.88366],[13.87385,52.88349]]}},{"type":"Feature","properties":{"art":"pfad"},"geometry":{"type":"LineString","coordinates":[[13.86957,52.88499],[13.86938,52.885],[13.86907,52.88501],[13.86886,52.88503],[13.86857,52.88511]]}},{"type":"Feature","properties":{"art":"weg"},"geometry":{"type":"LineString","coordinates":[[13.86998,52.88521],[13.86992,52.88517]]}},{"type":"Feature","properties":{"art":"pfad"},"geometry":{"type":"LineString","coordinates":[[13.9621,52.87937],[13.96201,52.87937]]}},{"type":"Feature","properties":{"art":"pfad"},"geometry":{"type":"LineString","coordinates":[[13.95192,52.87829],[13.95198,52.87875],[13.95216,52.87968],[13.95097,52.88069],[13.95008,52.88147],[13.94974,52.88206],[13.94973,52.88222]]}},{"type":"Feature","properties":{"art":"weg"},"geometry":{"type":"LineString","coordinates":[[13.9561,52.88088],[13.9556,52.88098],[13.95419,52.88115],[13.95192,52.88174],[13.95028,52.88221],[13.94973,52.88222],[13.94929,52.88225]]}},{"type":"Feature","properties":{"art":"weg"},"geometry":{"type":"LineString","coordinates":[[13.94918,52.8839],[13.94993,52.88423],[13.95021,52.88442],[13.95075,52.88461],[13.95122,52.88508],[13.95168,52.88461],[13.9524,52.88418],[13.95366,52.88376],[13.95549,52.88337],[13.95681,52.88302]]}},{"type":"Feature","properties":{"art":"pfad"},"geometry":{"type":"LineString","coordinates":[[13.95854,52.88496],[13.95893,52.88494],[13.95989,52.88476],[13.96037,52.88472],[13.96083,52.88455],[13.96086,52.88438],[13.9606,52.88415]]}},{"type":"Feature","properties":{"art":"strasse"},"geometry":{"type":"LineString","coordinates":[[13.96151,52.89234],[13.96184,52.89218],[13.96198,52.89203],[13.96207,52.89184],[13.96237,52.89091],[13.96251,52.88979],[13.96248,52.88958],[13.962,52.8888],[13.96159,52.88803],[13.96124,52.88769],[13.95974,52.88644],[13.95937,52.88614],[13.95859,52.88522],[13.95854,52.88496],[13.95842,52.88448],[13.95831,52.88425],[13.95804,52.88404],[13.95713,52.88336],[13.95681,52.88302],[13.95607,52.88193],[13.9561,52.88088],[13.95613,52.88042],[13.95603,52.87983],[13.95623,52.87911]]}},{"type":"Feature","properties":{"art":"pfad"},"geometry":{"type":"LineString","coordinates":[[13.96083,52.88455],[13.96098,52.88456],[13.96115,52.88465],[13.96136,52.88475],[13.96176,52.88525],[13.96222,52.88595],[13.96262,52.88632],[13.96283,52.88664],[13.96296,52.88685],[13.96329,52.88728],[13.96339,52.88753],[13.96327,52.88784],[13.96248,52.88835]]}},{"type":"Feature","properties":{"art":"pfad"},"geometry":{"type":"LineString","coordinates":[[13.94942,52.88511],[13.94985,52.88595],[13.94993,52.88646],[13.94983,52.88701],[13.9499,52.88718],[13.95016,52.88737],[13.95048,52.88758],[13.95104,52.88789],[13.95187,52.88835],[13.9521,52.88845],[13.95276,52.88851],[13.95324,52.88849],[13.95406,52.88839],[13.95408,52.88839],[13.95439,52.88861],[13.95478,52.8889],[13.95542,52.88908],[13.95631,52.88922],[13.95692,52.8892],[13.95807,52.88903]]}},{"type":"Feature","properties":{"art":"pfad"},"geometry":{"type":"LineString","coordinates":[[13.92237,52.88197],[13.92211,52.88194],[13.92169,52.88194],[13.92144,52.8819],[13.92117,52.88179],[13.92067,52.88171],[13.9205,52.88163],[13.92021,52.88135],[13.92015,52.881],[13.92019,52.88062],[13.92027,52.88053],[13.92041,52.88039]]}},{"type":"Feature","properties":{"art":"pfad"},"geometry":{"type":"LineString","coordinates":[[13.91815,52.88318],[13.91816,52.88294],[13.91813,52.88284],[13.9185,52.88238],[13.91887,52.88198],[13.91902,52.88179],[13.91913,52.88157],[13.91916,52.88146],[13.91909,52.88108],[13.91937,52.8807],[13.9195,52.88054],[13.91952,52.88045],[13.92004,52.88047],[13.92027,52.88053]]}},{"type":"Feature","properties":{"art":"weg"},"geometry":{"type":"LineString","coordinates":[[13.91842,52.88325],[13.91894,52.88336],[13.91932,52.88332],[13.92056,52.88304],[13.92095,52.88286],[13.92137,52.88252],[13.92237,52.88197],[13.92282,52.88181],[13.92327,52.88171],[13.92368,52.88166],[13.9239,52.88169],[13.92423,52.88181],[13.9248,52.8822],[13.92491,52.88223],[13.92509,52.88222],[13.92581,52.88185],[13.92639,52.88166]]}},{"type":"Feature","properties":{"art":"weg"},"geometry":{"type":"LineString","coordinates":[[13.92481,52.88493],[13.92499,52.88429],[13.92522,52.884],[13.92543,52.88379],[13.92577,52.8836],[13.92616,52.88343],[13.92638,52.88322],[13.92641,52.88309],[13.92642,52.88179],[13.92639,52.88166]]}},{"type":"Feature","properties":{"art":"pfad"},"geometry":{"type":"LineString","coordinates":[[13.91651,52.88493],[13.91639,52.8848],[13.9162,52.88471],[13.91554,52.88464],[13.91437,52.88464]]}},{"type":"Feature","properties":{"art":"weg"},"geometry":{"type":"LineString","coordinates":[[13.92476,52.88511],[13.92481,52.88493]]}},{"type":"Feature","properties":{"art":"weg"},"geometry":{"type":"LineString","coordinates":[[13.92466,52.88699],[13.92473,52.8865],[13.92476,52.88511]]}},{"type":"Feature","properties":{"art":"pfad"},"geometry":{"type":"LineString","coordinates":[[13.91771,52.88515],[13.91797,52.88517],[13.91827,52.88527],[13.91847,52.8853],[13.91868,52.8853],[13.91888,52.88526],[13.91922,52.88529],[13.91943,52.88534],[13.91962,52.88544],[13.92004,52.88556],[13.92049,52.88582],[13.92078,52.88605],[13.92102,52.88631],[13.92142,52.88668],[13.92187,52.8871],[13.92216,52.88724],[13.92239,52.88727],[13.92336,52.88702],[13.92368,52.88697],[13.92408,52.88706],[13.92429,52.88715],[13.92439,52.88722]]}},{"type":"Feature","properties":{"art":"weg"},"geometry":{"type":"LineString","coordinates":[[13.91842,52.88325],[13.91839,52.88341],[13.91842,52.88363],[13.9184,52.88387],[13.9183,52.88429],[13.91824,52.8844],[13.91793,52.88463],[13.91778,52.88484],[13.91772,52.88499],[13.91771,52.88515],[13.91773,52.88534],[13.91784,52.88554],[13.91782,52.88579],[13.91788,52.88592],[13.91807,52.88609],[13.91826,52.88634],[13.91834,52.88674],[13.91854,52.88695],[13.91889,52.88744],[13.91918,52.88756],[13.91992,52.88779],[13.92017,52.88798],[13.92033,52.88828],[13.92029,52.88846],[13.92023,52.88859],[13.91995,52.88889],[13.91979,52.88915],[13.91957,52.88932],[13.91881,52.88969],[13.9186,52.88979],[13.91844,52.88989],[13.91829,52.89007],[13.91812,52.89078],[13.91789,52.89089],[13.91711,52.89089],[13.91693,52.89095],[13.91638,52.89123],[13.91545,52.8918],[13.91448,52.89255]]}},{"type":"Feature","properties":{"art":"weg"},"geometry":{"type":"LineString","coordinates":[[13.8701,52.88528],[13.86998,52.88521]]}},{"type":"Feature","properties":{"art":"strasse"},"geometry":{"type":"LineString","coordinates":[[13.87258,52.88513],[13.87304,52.88548]]}},{"type":"Feature","properties":{"art":"strasse"},"geometry":{"type":"LineString","coordinates":[[13.87677,52.88586],[13.87689,52.88583],[13.87697,52.88581]]}},{"type":"Feature","properties":{"art":"strasse"},"geometry":{"type":"LineString","coordinates":[[13.8786,52.88538],[13.87944,52.88517],[13.87961,52.88513],[13.87982,52.88508],[13.87995,52.88505],[13.88021,52.88502]]}},{"type":"Feature","properties":{"art":"pfad"},"geometry":{"type":"LineString","coordinates":[[13.87035,52.88539],[13.87024,52.88547]]}},{"type":"Feature","properties":{"art":"pfad"},"geometry":{"type":"LineString","coordinates":[[13.87176,52.8856],[13.87156,52.88568],[13.87113,52.88588],[13.87101,52.88591],[13.87075,52.8859],[13.87051,52.88581],[13.87043,52.8857],[13.87024,52.88547],[13.8701,52.88528]]}},{"type":"Feature","properties":{"art":"pfad"},"geometry":{"type":"LineString","coordinates":[[13.87961,52.88513],[13.87991,52.88529],[13.88077,52.88566],[13.8825,52.88637],[13.88315,52.88662],[13.88381,52.88687],[13.88552,52.88761]]}},{"type":"Feature","properties":{"art":"pfad"},"geometry":{"type":"LineString","coordinates":[[13.86857,52.88511],[13.8684,52.88519],[13.86821,52.8855],[13.86813,52.88575],[13.86818,52.88632],[13.86824,52.88652],[13.86839,52.88674],[13.86861,52.88693],[13.869,52.88716],[13.86957,52.88734],[13.86978,52.88747]]}},{"type":"Feature","properties":{"art":"weg"},"geometry":{"type":"LineString","coordinates":[[13.89629,52.88455],[13.89694,52.88456],[13.89777,52.88457],[13.89803,52.88454],[13.89891,52.88435],[13.89923,52.88434],[13.89959,52.88436],[13.9026,52.88468],[13.90288,52.88473],[13.904,52.88516]]}},{"type":"Feature","properties":{"art":"weg"},"geometry":{"type":"LineString","coordinates":[[13.88131,52.88499],[13.88174,52.88511],[13.88224,52.88523],[13.88259,52.88529],[13.88353,52.88529],[13.88479,52.8853],[13.8851,52.88527],[13.88586,52.88512],[13.88663,52.88495],[13.88755,52.88459],[13.8882,52.88434],[13.88869,52.8842],[13.88894,52.88414],[13.88945,52.88405],[13.88978,52.88402],[13.89017,52.88401],[13.89071,52.88409],[13.89199,52.88431],[13.89231,52.88435],[13.89332,52.8844],[13.89475,52.88448],[13.89566,52.88453],[13.89629,52.88455]]}},{"type":"Feature","properties":{"art":"weg"},"geometry":{"type":"LineString","coordinates":[[13.90936,52.88481],[13.90858,52.88482],[13.90817,52.88489],[13.90709,52.88531],[13.90633,52.88555],[13.90603,52.88562],[13.90578,52.88565],[13.90546,52.88562],[13.90515,52.88556]]}},{"type":"Feature","properties":{"art":"pfad"},"geometry":{"type":"LineString","coordinates":[[13.91121,52.88455],[13.91126,52.88457],[13.91221,52.88479],[13.91236,52.88491],[13.91251,52.88524],[13.91362,52.88612],[13.91387,52.88622],[13.91418,52.88646]]}},{"type":"Feature","properties":{"art":"pfad"},"geometry":{"type":"LineString","coordinates":[[13.91253,52.88696],[13.91235,52.88673],[13.91174,52.88633],[13.91138,52.88605],[13.9112,52.8857],[13.91121,52.88551],[13.91133,52.88516],[13.91118,52.8846]]}},{"type":"Feature","properties":{"art":"pfad"},"geometry":{"type":"LineString","coordinates":[[13.89167,52.88682],[13.8918,52.88614],[13.89204,52.88563],[13.89254,52.88493],[13.89315,52.88449],[13.89329,52.88442],[13.89332,52.8844]]}},{"type":"Feature","properties":{"art":"weg"},"geometry":{"type":"LineString","coordinates":[[13.90672,52.88992],[13.90636,52.8897],[13.90621,52.88963],[13.90598,52.88955],[13.90556,52.88956],[13.90529,52.88959],[13.90474,52.88954],[13.90441,52.88946],[13.90413,52.88931],[13.90387,52.88914],[13.9034,52.88864],[13.90287,52.88816],[13.90258,52.88807],[13.90211,52.88802],[13.90166,52.88798],[13.90065,52.888],[13.90005,52.88787],[13.89939,52.88745],[13.89931,52.88732],[13.8992,52.88703],[13.89917,52.88673],[13.89938,52.88644],[13.89934,52.88621],[13.89891,52.88585],[13.89838,52.88557],[13.89788,52.88522],[13.89633,52.88456],[13.89629,52.88455]]}},{"type":"Feature","properties":{"art":"weg"},"geometry":{"type":"LineString","coordinates":[[13.89629,52.88455],[13.89627,52.88456],[13.89281,52.8862],[13.89167,52.88682],[13.88973,52.88825],[13.88887,52.88891],[13.8876,52.88988],[13.88729,52.89012],[13.88596,52.89111]]}},{"type":"Feature","properties":{"art":"weg"},"geometry":{"type":"LineString","coordinates":[[13.904,52.88516],[13.90438,52.88533],[13.90515,52.88556],[13.90518,52.88558],[13.90638,52.88647],[13.90681,52.88703],[13.90722,52.88785],[13.90782,52.88851],[13.90812,52.88895],[13.90862,52.88938],[13.90873,52.88944],[13.91085,52.89059],[13.91118,52.89083],[13.91188,52.89151],[13.91202,52.89158],[13.91271,52.89166],[13.91311,52.89177],[13.91355,52.89193],[13.91422,52.89203],[13.91436,52.89212],[13.91446,52.89228],[13.91448,52.89255]]}}]}