{
"type": "FeatureCollection",
"name": "barnim_39_585_boden",
"crs": { "type": "name", "properties": { "name": "urn:ogc:def:crs:OGC:1.3:CRS84" } },
"xy_coordinate_resolution": 1e-05,
"features": [
{ "type": "Feature", "properties": { "boden": "100 % ziemlich arm, frisch (Z1)" }, "geometry": { "type": "Polygon", "coordinates": [ [ [ 13.49487, 52.79031 ], [ 13.49541, 52.79038 ], [ 13.49541, 52.79026 ], [ 13.49486, 52.79025 ], [ 13.49487, 52.79031 ] ] ] } },
{ "type": "Feature", "properties": { "boden": "100 % mittel, trocken (vermutet) (M3)" }, "geometry": { "type": "Polygon", "coordinates": [ [ [ 13.49476, 52.79345 ], [ 13.49456, 52.79335 ], [ 13.49436, 52.79339 ], [ 13.49431, 52.79361 ], [ 13.49439, 52.79376 ], [ 13.49462, 52.79345 ], [ 13.49476, 52.79345 ] ] ] } },
{ "type": "Feature", "properties": { "boden": "100 % mittel, trocken (vermutet) (M3)" }, "geometry": { "type": "Polygon", "coordinates": [ [ [ 13.49711, 52.79363 ], [ 13.49629, 52.79334 ], [ 13.49634, 52.79364 ], [ 13.49654, 52.79381 ], [ 13.49691, 52.79389 ], [ 13.49711, 52.79363 ] ] ] } },
{ "type": "Feature", "properties": { "boden": "100 % mittel, mäßig frisch (M2)" }, "geometry": { "type": "Polygon", "coordinates": [ [ [ 13.49677, 52.79389 ], [ 13.49642, 52.79373 ], [ 13.49634, 52.79364 ], [ 13.49629, 52.79334 ], [ 13.49616, 52.79332 ], [ 13.49548, 52.79417 ], [ 13.49433, 52.79383 ], [ 13.49439, 52.79376 ], [ 13.49431, 52.79361 ], [ 13.49436, 52.79339 ], [ 13.49456, 52.79335 ], [ 13.49477, 52.79347 ], [ 13.495, 52.7935 ], [ 13.49539, 52.79306 ], [ 13.49506, 52.79294 ], [ 13.49454, 52.79284 ], [ 13.49398, 52.79375 ], [ 13.49407, 52.79375 ], [ 13.49386, 52.79413 ], [ 13.49623, 52.79478 ], [ 13.49691, 52.79389 ], [ 13.49677, 52.79389 ] ] ] } },
{ "type": "Feature", "properties": { "boden": "100 % mittel, trocken (vermutet) (M3)" }, "geometry": { "type": "Polygon", "coordinates": [ [ [ 13.49562, 52.79502 ], [ 13.49568, 52.79492 ], [ 13.49563, 52.79485 ], [ 13.49537, 52.79478 ], [ 13.49527, 52.7948 ], [ 13.49518, 52.79491 ], [ 13.49523, 52.79501 ], [ 13.49542, 52.79507 ], [ 13.49562, 52.79502 ] ] ] } },
{ "type": "Feature", "properties": { "boden": "70 % ziemlich arm, mäßig frisch (Z2) · 30 % mittel, mäßig frisch (M2)" }, "geometry": { "type": "Polygon", "coordinates": [ [ [ 13.50652, 52.7904 ], [ 13.50635, 52.79185 ], [ 13.50435, 52.79181 ], [ 13.50242, 52.79442 ], [ 13.50333, 52.7944 ], [ 13.50373, 52.7943 ], [ 13.50408, 52.79412 ], [ 13.50469, 52.79339 ], [ 13.50533, 52.79276 ], [ 13.5058, 52.79252 ], [ 13.5063, 52.79241 ], [ 13.50691, 52.79219 ], [ 13.50722, 52.79197 ], [ 13.50764, 52.79127 ], [ 13.50825, 52.79069 ], [ 13.50855, 52.79056 ], [ 13.50891, 52.79047 ], [ 13.50941, 52.79044 ], [ 13.50652, 52.7904 ] ] ] } },
{ "type": "Feature", "properties": { "boden": "100 % mittel, mäßig frisch (M2)" }, "geometry": { "type": "MultiPolygon", "coordinates": [ [ [ [ 13.4963, 52.79027 ], [ 13.4965, 52.79049 ], [ 13.49733, 52.79047 ], [ 13.49742, 52.79037 ], [ 13.49788, 52.79036 ], [ 13.49788, 52.79029 ], [ 13.4963, 52.79027 ] ] ], [ [ [ 13.50115, 52.79052 ], [ 13.50279, 52.7905 ], [ 13.50262, 52.79173 ], [ 13.50113, 52.79166 ], [ 13.50128, 52.79227 ], [ 13.5018, 52.79307 ], [ 13.50193, 52.79316 ], [ 13.50248, 52.79337 ], [ 13.50315, 52.79348 ], [ 13.50435, 52.79181 ], [ 13.50635, 52.79185 ], [ 13.50652, 52.7904 ], [ 13.50392, 52.79037 ], [ 13.50369, 52.79051 ], [ 13.50346, 52.79056 ], [ 13.50314, 52.79052 ], [ 13.50326, 52.79036 ], [ 13.50123, 52.79033 ], [ 13.50115, 52.79052 ] ], [ [ 13.50596, 52.79117 ], [ 13.5059, 52.79127 ], [ 13.5057, 52.79132 ], [ 13.50551, 52.79126 ], [ 13.50545, 52.79116 ], [ 13.50555, 52.79105 ], [ 13.50571, 52.79101 ], [ 13.5059, 52.79107 ], [ 13.50596, 52.79117 ] ] ] ] } },
{ "type": "Feature", "properties": { "boden": "100 % mittel, trocken (vermutet) (M3)" }, "geometry": { "type": "Polygon", "coordinates": [ [ [ 13.50314, 52.7905 ], [ 13.50317, 52.79054 ], [ 13.50346, 52.79056 ], [ 13.50369, 52.79051 ], [ 13.50392, 52.79037 ], [ 13.50326, 52.79036 ], [ 13.50314, 52.7905 ] ] ] } },
{ "type": "Feature", "properties": { "boden": "100 % mittel, mäßig frisch (M2)" }, "geometry": { "type": "Polygon", "coordinates": [ [ [ 13.50571, 52.79101 ], [ 13.50555, 52.79105 ], [ 13.50545, 52.79116 ], [ 13.50551, 52.79126 ], [ 13.5057, 52.79132 ], [ 13.5059, 52.79127 ], [ 13.50596, 52.79117 ], [ 13.5059, 52.79107 ], [ 13.50571, 52.79101 ] ] ] } },
{ "type": "Feature", "properties": { "boden": "100 % ziemlich arm, trocken (vermutet) (Z3)" }, "geometry": { "type": "Polygon", "coordinates": [ [ [ 13.50005, 52.7917 ], [ 13.49928, 52.79265 ], [ 13.50013, 52.79271 ], [ 13.50028, 52.79268 ], [ 13.50055, 52.79257 ], [ 13.50075, 52.79231 ], [ 13.50067, 52.79216 ], [ 13.50023, 52.79188 ], [ 13.50005, 52.7917 ] ] ] } },
{ "type": "Feature", "properties": { "boden": "100 % ziemlich arm, mäßig frisch (Z2)" }, "geometry": { "type": "Polygon", "coordinates": [ [ [ 13.51088, 52.79442 ], [ 13.5136, 52.79396 ], [ 13.51402, 52.79394 ], [ 13.51431, 52.79398 ], [ 13.51612, 52.79312 ], [ 13.51628, 52.79316 ], [ 13.51628, 52.79287 ], [ 13.51602, 52.79268 ], [ 13.51571, 52.79255 ], [ 13.51562, 52.79237 ], [ 13.5157, 52.79218 ], [ 13.51581, 52.79214 ], [ 13.51555, 52.79186 ], [ 13.51548, 52.79169 ], [ 13.51552, 52.79145 ], [ 13.51486, 52.7912 ], [ 13.51461, 52.79103 ], [ 13.51302, 52.79048 ], [ 13.51154, 52.79046 ], [ 13.51131, 52.79067 ], [ 13.51152, 52.79161 ], [ 13.51142, 52.79185 ], [ 13.51122, 52.79205 ], [ 13.51076, 52.79221 ], [ 13.50926, 52.79243 ], [ 13.50905, 52.79257 ], [ 13.509, 52.79271 ], [ 13.50926, 52.79351 ], [ 13.50904, 52.79403 ], [ 13.50909, 52.79416 ], [ 13.50925, 52.79431 ], [ 13.50974, 52.79441 ], [ 13.51088, 52.79442 ] ], [ [ 13.5152, 52.79328 ], [ 13.51513, 52.79339 ], [ 13.5148, 52.79352 ], [ 13.51464, 52.79352 ], [ 13.51458, 52.79347 ], [ 13.5146, 52.79334 ], [ 13.5148, 52.79325 ], [ 13.51507, 52.79323 ], [ 13.5152, 52.79328 ] ] ] } },
{ "type": "Feature", "properties": { "boden": "100 % mittel, trocken (vermutet) (M3)" }, "geometry": { "type": "Polygon", "coordinates": [ [ [ 13.50676, 52.79272 ], [ 13.50664, 52.79293 ], [ 13.50669, 52.79319 ], [ 13.50679, 52.79332 ], [ 13.50706, 52.7933 ], [ 13.50757, 52.7931 ], [ 13.50705, 52.79279 ], [ 13.50676, 52.79272 ] ] ] } },
{ "type": "Feature", "properties": { "boden": "100 % mittel, mäßig frisch (M2)" }, "geometry": { "type": "Polygon", "coordinates": [ [ [ 13.51054, 52.79616 ], [ 13.5109, 52.79589 ], [ 13.51188, 52.79562 ], [ 13.512, 52.79539 ], [ 13.51205, 52.79504 ], [ 13.51196, 52.79483 ], [ 13.51163, 52.79462 ], [ 13.51088, 52.79442 ], [ 13.50974, 52.79441 ], [ 13.50925, 52.79431 ], [ 13.50909, 52.79416 ], [ 13.50904, 52.79403 ], [ 13.50926, 52.79351 ], [ 13.509, 52.79271 ], [ 13.50905, 52.79257 ], [ 13.50926, 52.79243 ], [ 13.51076, 52.79221 ], [ 13.51122, 52.79205 ], [ 13.51142, 52.79185 ], [ 13.51152, 52.79161 ], [ 13.51131, 52.79067 ], [ 13.51154, 52.79046 ], [ 13.50941, 52.79044 ], [ 13.50891, 52.79047 ], [ 13.50855, 52.79056 ], [ 13.50825, 52.79069 ], [ 13.50764, 52.79127 ], [ 13.50722, 52.79197 ], [ 13.50691, 52.79219 ], [ 13.5063, 52.79241 ], [ 13.5058, 52.79252 ], [ 13.50533, 52.79276 ], [ 13.50469, 52.79339 ], [ 13.50408, 52.79412 ], [ 13.50373, 52.7943 ], [ 13.50333, 52.7944 ], [ 13.50242, 52.79442 ], [ 13.50185, 52.79514 ], [ 13.50131, 52.79598 ], [ 13.50042, 52.79573 ], [ 13.5002, 52.79601 ], [ 13.50294, 52.79674 ], [ 13.5033, 52.79677 ], [ 13.50557, 52.7972 ], [ 13.50643, 52.79743 ], [ 13.50762, 52.79669 ], [ 13.50829, 52.79642 ], [ 13.50904, 52.79625 ], [ 13.50997, 52.79615 ], [ 13.51054, 52.79616 ] ], [ [ 13.5021, 52.79556 ], [ 13.50203, 52.79566 ], [ 13.50184, 52.79571 ], [ 13.50165, 52.79566 ], [ 13.50159, 52.79556 ], [ 13.50169, 52.79544 ], [ 13.50185, 52.79541 ], [ 13.50201, 52.79545 ], [ 13.5021, 52.79556 ] ], [ [ 13.50547, 52.79551 ], [ 13.50495, 52.79559 ], [ 13.50444, 52.79561 ], [ 13.50421, 52.79556 ], [ 13.5037, 52.79536 ], [ 13.50362, 52.79526 ], [ 13.50359, 52.79513 ], [ 13.50373, 52.79491 ], [ 13.50411, 52.79471 ], [ 13.50451, 52.79465 ], [ 13.50514, 52.79467 ], [ 13.50549, 52.79475 ], [ 13.50572, 52.79491 ], [ 13.50578, 52.79506 ], [ 13.50574, 52.79533 ], [ 13.50547, 52.79551 ] ], [ [ 13.50625, 52.79438 ], [ 13.50628, 52.7947 ], [ 13.50598, 52.79476 ], [ 13.50576, 52.79474 ], [ 13.50563, 52.7944 ], [ 13.50569, 52.79422 ], [ 13.50589, 52.79422 ], [ 13.5061, 52.79428 ], [ 13.50625, 52.79438 ] ], [ [ 13.50705, 52.79279 ], [ 13.50757, 52.7931 ], [ 13.50706, 52.7933 ], [ 13.50686, 52.79333 ], [ 13.50673, 52.79327 ], [ 13.50669, 52.79319 ], [ 13.50666, 52.79283 ], [ 13.50676, 52.79272 ], [ 13.50705, 52.79279 ] ] ] } },
{ "type": "Feature", "properties": { "boden": "100 % ziemlich arm, mäßig frisch (Z2)" }, "geometry": { "type": "Polygon", "coordinates": [ [ [ 13.50315, 52.79348 ], [ 13.50248, 52.79337 ], [ 13.50193, 52.79316 ], [ 13.5018, 52.79307 ], [ 13.50128, 52.79227 ], [ 13.50113, 52.79166 ], [ 13.50031, 52.79163 ], [ 13.50006, 52.79167 ], [ 13.50023, 52.79188 ], [ 13.50073, 52.79224 ], [ 13.50069, 52.79246 ], [ 13.50055, 52.79257 ], [ 13.50013, 52.79271 ], [ 13.49928, 52.79265 ], [ 13.49815, 52.79394 ], [ 13.49711, 52.79363 ], [ 13.49623, 52.79478 ], [ 13.49655, 52.79487 ], [ 13.49692, 52.79451 ], [ 13.49818, 52.7949 ], [ 13.49798, 52.79528 ], [ 13.4992, 52.79564 ], [ 13.5002, 52.79601 ], [ 13.50042, 52.79573 ], [ 13.50131, 52.79598 ], [ 13.50185, 52.79514 ], [ 13.50315, 52.79348 ] ], [ [ 13.50241, 52.79383 ], [ 13.50242, 52.79393 ], [ 13.50228, 52.79415 ], [ 13.50211, 52.79423 ], [ 13.50188, 52.79417 ], [ 13.50183, 52.79397 ], [ 13.50193, 52.79382 ], [ 13.50221, 52.79376 ], [ 13.50241, 52.79383 ] ] ] } },
{ "type": "Feature", "properties": { "boden": "100 % ziemlich arm, mäßig frisch (Z2)" }, "geometry": { "type": "Polygon", "coordinates": [ [ [ 13.50221, 52.79376 ], [ 13.50193, 52.79382 ], [ 13.50183, 52.79397 ], [ 13.50188, 52.79417 ], [ 13.50201, 52.79422 ], [ 13.50216, 52.79422 ], [ 13.50238, 52.79404 ], [ 13.50241, 52.79383 ], [ 13.50221, 52.79376 ] ] ] } },
{ "type": "Feature", "properties": { "boden": "60 % ziemlich arm, mäßig frisch (Z2g) · 40 % ziemlich arm, mäßig frisch (Z2g)" }, "geometry": { "type": "Polygon", "coordinates": [ [ [ 13.43615, 52.79134 ], [ 13.43622, 52.79118 ], [ 13.43616, 52.79096 ], [ 13.436, 52.79096 ], [ 13.43583, 52.79036 ], [ 13.43549, 52.79007 ], [ 13.43536, 52.78971 ], [ 13.43599, 52.78949 ], [ 13.43452, 52.78947 ], [ 13.43457, 52.7897 ], [ 13.43295, 52.79 ], [ 13.43139, 52.7915 ], [ 13.43168, 52.79143 ], [ 13.43223, 52.79167 ], [ 13.43404, 52.79169 ], [ 13.43413, 52.79183 ], [ 13.43495, 52.7918 ], [ 13.43568, 52.79157 ], [ 13.43615, 52.79134 ] ] ] } },
{ "type": "Feature", "properties": { "boden": "100 % mittel, trocken (vermutet) (M+3)" }, "geometry": { "type": "Polygon", "coordinates": [ [ [ 13.45124, 52.79448 ], [ 13.45087, 52.79449 ], [ 13.45069, 52.79456 ], [ 13.45067, 52.79464 ], [ 13.45075, 52.79479 ], [ 13.45085, 52.79484 ], [ 13.45176, 52.79497 ], [ 13.45226, 52.79496 ], [ 13.45219, 52.79482 ], [ 13.45203, 52.79471 ], [ 13.45173, 52.79457 ], [ 13.45124, 52.79448 ] ] ] } },
{ "type": "Feature", "properties": { "boden": "100 % mittel, mäßig frisch (M+2)" }, "geometry": { "type": "Polygon", "coordinates": [ [ [ 13.4546, 52.7939 ], [ 13.45305, 52.79386 ], [ 13.45192, 52.79342 ], [ 13.45115, 52.79338 ], [ 13.45058, 52.79351 ], [ 13.44989, 52.79352 ], [ 13.44943, 52.79382 ], [ 13.44945, 52.79416 ], [ 13.44968, 52.7948 ], [ 13.45015, 52.79519 ], [ 13.45043, 52.79536 ], [ 13.45081, 52.79549 ], [ 13.45292, 52.79596 ], [ 13.45358, 52.79606 ], [ 13.45361, 52.79615 ], [ 13.45448, 52.79623 ], [ 13.4546, 52.7939 ] ], [ [ 13.45173, 52.79457 ], [ 13.45219, 52.79482 ], [ 13.45226, 52.79496 ], [ 13.45176, 52.79497 ], [ 13.45097, 52.79487 ], [ 13.45075, 52.79479 ], [ 13.45067, 52.79464 ], [ 13.45069, 52.79456 ], [ 13.45087, 52.79449 ], [ 13.45124, 52.79448 ], [ 13.45173, 52.79457 ] ] ] } },
{ "type": "Feature", "properties": { "boden": "50 % ziemlich arm, mäßig frisch (Z2g) · 50 % ziemlich arm, mäßig frisch (Z2g)" }, "geometry": { "type": "Polygon", "coordinates": [ [ [ 13.42907, 52.79601 ], [ 13.42953, 52.79608 ], [ 13.4301, 52.79604 ], [ 13.43013, 52.79572 ], [ 13.43122, 52.79576 ], [ 13.4307, 52.79423 ], [ 13.43016, 52.79423 ], [ 13.43037, 52.79507 ], [ 13.42954, 52.79507 ], [ 13.42874, 52.79518 ], [ 13.4283, 52.79517 ], [ 13.42825, 52.79508 ], [ 13.4277, 52.79504 ], [ 13.4276, 52.79508 ], [ 13.42722, 52.79502 ], [ 13.42633, 52.79647 ], [ 13.42803, 52.79618 ], [ 13.42887, 52.7961 ], [ 13.42907, 52.79601 ] ] ] } },
{ "type": "Feature", "properties": { "boden": "50 % ziemlich arm, mäßig frisch (Z2g) · 50 % ziemlich arm, mäßig frisch (Z2g)" }, "geometry": { "type": "Polygon", "coordinates": [ [ [ 13.43385, 52.79522 ], [ 13.43324, 52.79534 ], [ 13.43325, 52.7956 ], [ 13.43312, 52.79587 ], [ 13.43348, 52.79655 ], [ 13.43347, 52.79663 ], [ 13.43312, 52.79672 ], [ 13.43326, 52.79725 ], [ 13.43304, 52.79731 ], [ 13.43317, 52.7975 ], [ 13.43385, 52.79732 ], [ 13.43436, 52.79709 ], [ 13.43436, 52.797 ], [ 13.43463, 52.79685 ], [ 13.43486, 52.79655 ], [ 13.43488, 52.79634 ], [ 13.43502, 52.79627 ], [ 13.43502, 52.7961 ], [ 13.43521, 52.79603 ], [ 13.43535, 52.79585 ], [ 13.43526, 52.79578 ], [ 13.43548, 52.7957 ], [ 13.43385, 52.79522 ] ] ] } },
{ "type": "Feature", "properties": { "boden": "80 % arm, mäßig frisch (A2) · 20 % ziemlich arm, mäßig frisch (Z2)" }, "geometry": { "type": "Polygon", "coordinates": [ [ [ 13.44784, 52.79852 ], [ 13.44769, 52.79863 ], [ 13.44765, 52.7991 ], [ 13.44784, 52.7992 ], [ 13.44821, 52.79923 ], [ 13.44843, 52.79915 ], [ 13.44841, 52.79861 ], [ 13.44826, 52.79854 ], [ 13.44784, 52.79852 ] ] ] } },
{ "type": "Feature", "properties": { "boden": "80 % arm, trocken (vermutet) (A3) · 20 % ziemlich arm, trocken (vermutet) (Z3)" }, "geometry": { "type": "Polygon", "coordinates": [ [ [ 13.45993, 52.79906 ], [ 13.45963, 52.79907 ], [ 13.45949, 52.79911 ], [ 13.45962, 52.79919 ], [ 13.45983, 52.79924 ], [ 13.46016, 52.79922 ], [ 13.46012, 52.79911 ], [ 13.45993, 52.79906 ] ] ] } },
{ "type": "Feature", "properties": { "boden": "80 % arm, trocken (vermutet) (A3) · 20 % ziemlich arm, trocken (vermutet) (Z3)" }, "geometry": { "type": "Polygon", "coordinates": [ [ [ 13.44274, 52.79897 ], [ 13.44224, 52.79893 ], [ 13.44221, 52.79897 ], [ 13.44233, 52.79909 ], [ 13.44253, 52.79917 ], [ 13.44276, 52.7992 ], [ 13.44308, 52.79917 ], [ 13.44304, 52.7991 ], [ 13.44274, 52.79897 ] ] ] } },
{ "type": "Feature", "properties": { "boden": "80 % arm, trocken (vermutet) (A3) · 20 % ziemlich arm, trocken (vermutet) (Z3)" }, "geometry": { "type": "Polygon", "coordinates": [ [ [ 13.43513, 52.79896 ], [ 13.43483, 52.79903 ], [ 13.43485, 52.79915 ], [ 13.43493, 52.79919 ], [ 13.43521, 52.79919 ], [ 13.43572, 52.79905 ], [ 13.43549, 52.79896 ], [ 13.43513, 52.79896 ] ] ] } },
{ "type": "Feature", "properties": { "boden": "100 % ziemlich arm, mäßig frisch (Z2)" }, "geometry": { "type": "Polygon", "coordinates": [ [ [ 13.51356, 52.79428 ], [ 13.5134, 52.79424 ], [ 13.51332, 52.79413 ], [ 13.51314, 52.79416 ], [ 13.51307, 52.79423 ], [ 13.51304, 52.79433 ], [ 13.51323, 52.79455 ], [ 13.51311, 52.79469 ], [ 13.51325, 52.79472 ], [ 13.51329, 52.79478 ], [ 13.51332, 52.79457 ], [ 13.51366, 52.79425 ], [ 13.51356, 52.79428 ] ] ] } },
{ "type": "Feature", "properties": { "boden": "100 % mittel, mäßig frisch (M2)" }, "geometry": { "type": "Polygon", "coordinates": [ [ [ 13.50629, 52.79445 ], [ 13.50625, 52.79438 ], [ 13.5061, 52.79428 ], [ 13.50589, 52.79422 ], [ 13.50569, 52.79422 ], [ 13.50563, 52.7944 ], [ 13.50572, 52.79471 ], [ 13.50582, 52.79475 ], [ 13.50618, 52.79473 ], [ 13.50631, 52.79464 ], [ 13.5063, 52.79449 ], [ 13.50629, 52.79445 ] ], [ [ 13.50604, 52.79464 ], [ 13.50585, 52.79458 ], [ 13.50579, 52.79448 ], [ 13.50589, 52.79437 ], [ 13.50605, 52.79433 ], [ 13.50621, 52.79437 ], [ 13.5063, 52.79449 ], [ 13.50624, 52.79459 ], [ 13.50604, 52.79464 ] ] ] } },
{ "type": "Feature", "properties": { "boden": "100 % mittel, mäßig frisch (M2)" }, "geometry": { "type": "Polygon", "coordinates": [ [ [ 13.5063, 52.79449 ], [ 13.50621, 52.79437 ], [ 13.50605, 52.79433 ], [ 13.50589, 52.79437 ], [ 13.50579, 52.79448 ], [ 13.50585, 52.79458 ], [ 13.50604, 52.79464 ], [ 13.50624, 52.79459 ], [ 13.5063, 52.79449 ] ] ] } },
{ "type": "Feature", "properties": { "boden": "100 % ziemlich arm, mäßig frisch (Z2)" }, "geometry": { "type": "Polygon", "coordinates": [ [ [ 13.51224, 52.79551 ], [ 13.51233, 52.7954 ], [ 13.5125, 52.79537 ], [ 13.51263, 52.79541 ], [ 13.51297, 52.79522 ], [ 13.51302, 52.79497 ], [ 13.51288, 52.79493 ], [ 13.51283, 52.79484 ], [ 13.51292, 52.79472 ], [ 13.51311, 52.79469 ], [ 13.51323, 52.79455 ], [ 13.51304, 52.79433 ], [ 13.51307, 52.79423 ], [ 13.51314, 52.79416 ], [ 13.51332, 52.79413 ], [ 13.5134, 52.79401 ], [ 13.51368, 52.79395 ], [ 13.51088, 52.79442 ], [ 13.51163, 52.79462 ], [ 13.51196, 52.79483 ], [ 13.51205, 52.79504 ], [ 13.512, 52.79539 ], [ 13.51188, 52.79562 ], [ 13.51224, 52.79551 ] ] ] } },
{ "type": "Feature", "properties": { "boden": "100 % ziemlich arm, mäßig frisch (Z2)" }, "geometry": { "type": "Polygon", "coordinates": [ [ [ 13.51309, 52.79469 ], [ 13.51292, 52.79472 ], [ 13.51283, 52.79484 ], [ 13.51288, 52.79493 ], [ 13.51302, 52.79497 ], [ 13.51309, 52.79469 ] ] ] } },
{ "type": "Feature", "properties": { "boden": "100 % ziemlich arm, mäßig frisch (Z2)" }, "geometry": { "type": "Polygon", "coordinates": [ [ [ 13.51333, 52.79484 ], [ 13.51325, 52.79472 ], [ 13.51311, 52.79469 ], [ 13.51302, 52.79497 ], [ 13.51324, 52.79496 ], [ 13.51333, 52.79484 ] ] ] } },
{ "type": "Feature", "properties": { "boden": "100 % mittel, nass (NM2)" }, "geometry": { "type": "Polygon", "coordinates": [ [ [ 13.50524, 52.79477 ], [ 13.50507, 52.79481 ], [ 13.50498, 52.79492 ], [ 13.50507, 52.79504 ], [ 13.50523, 52.79508 ], [ 13.50542, 52.79503 ], [ 13.50548, 52.79493 ], [ 13.5054, 52.79481 ], [ 13.50524, 52.79477 ] ] ] } },
{ "type": "Feature", "properties": { "boden": "100 % ziemlich arm, mäßig frisch (Z2)" }, "geometry": { "type": "Polygon", "coordinates": [ [ [ 13.51324, 52.79496 ], [ 13.51302, 52.79497 ], [ 13.51297, 52.79522 ], [ 13.51263, 52.79541 ], [ 13.51274, 52.79552 ], [ 13.51271, 52.79557 ], [ 13.51313, 52.79536 ], [ 13.51324, 52.79525 ], [ 13.5133, 52.79488 ], [ 13.51324, 52.79496 ] ] ] } },
{ "type": "Feature", "properties": { "boden": "100 % mittel, nass (NM2)" }, "geometry": { "type": "Polygon", "coordinates": [ [ [ 13.50578, 52.79506 ], [ 13.50572, 52.79491 ], [ 13.50549, 52.79475 ], [ 13.50514, 52.79467 ], [ 13.50451, 52.79465 ], [ 13.50411, 52.79471 ], [ 13.50373, 52.79491 ], [ 13.50359, 52.79513 ], [ 13.5037, 52.79536 ], [ 13.50393, 52.79547 ], [ 13.50444, 52.79561 ], [ 13.50495, 52.79559 ], [ 13.50547, 52.79551 ], [ 13.50574, 52.79533 ], [ 13.50578, 52.79506 ] ], [ [ 13.50548, 52.79493 ], [ 13.50542, 52.79503 ], [ 13.50523, 52.79508 ], [ 13.50507, 52.79504 ], [ 13.50498, 52.79492 ], [ 13.50507, 52.79481 ], [ 13.50524, 52.79477 ], [ 13.5054, 52.79481 ], [ 13.50548, 52.79493 ] ] ] } },
{ "type": "Feature", "properties": { "boden": "100 % ziemlich arm, mäßig frisch (Z2)" }, "geometry": { "type": "Polygon", "coordinates": [ [ [ 13.51274, 52.79552 ], [ 13.51269, 52.79542 ], [ 13.5125, 52.79537 ], [ 13.51233, 52.7954 ], [ 13.51224, 52.79551 ], [ 13.51229, 52.79561 ], [ 13.51249, 52.79567 ], [ 13.51268, 52.79562 ], [ 13.51274, 52.79552 ] ] ] } },
{ "type": "Feature", "properties": { "boden": "100 % mittel, trocken (vermutet) (M3)" }, "geometry": { "type": "Polygon", "coordinates": [ [ [ 13.49542, 52.79507 ], [ 13.49523, 52.79501 ], [ 13.49518, 52.79491 ], [ 13.49523, 52.79483 ], [ 13.49506, 52.79496 ], [ 13.49498, 52.79519 ], [ 13.49505, 52.79524 ], [ 13.49537, 52.79521 ], [ 13.49552, 52.79504 ], [ 13.49542, 52.79507 ] ] ] } },
{ "type": "Feature", "properties": { "boden": "100 % mittel, mäßig frisch (M2)" }, "geometry": { "type": "Polygon", "coordinates": [ [ [ 13.49539, 52.79589 ], [ 13.49609, 52.79495 ], [ 13.49563, 52.79485 ], [ 13.49568, 52.79492 ], [ 13.49562, 52.79502 ], [ 13.49552, 52.79504 ], [ 13.49537, 52.79521 ], [ 13.49505, 52.79524 ], [ 13.49497, 52.79511 ], [ 13.49506, 52.79496 ], [ 13.49537, 52.79478 ], [ 13.49419, 52.79437 ], [ 13.49448, 52.79475 ], [ 13.49397, 52.79536 ], [ 13.49368, 52.79526 ], [ 13.4932, 52.79492 ], [ 13.49183, 52.79715 ], [ 13.49451, 52.79735 ], [ 13.49556, 52.79611 ], [ 13.49539, 52.79589 ] ] ] } },
{ "type": "Feature", "properties": { "boden": "100 % ziemlich arm, mäßig frisch (Z2)" }, "geometry": { "type": "Polygon", "coordinates": [ [ [ 13.49539, 52.79589 ], [ 13.49642, 52.7972 ], [ 13.49646, 52.79709 ], [ 13.49783, 52.7954 ], [ 13.49609, 52.79495 ], [ 13.49539, 52.79589 ] ] ] } },
{ "type": "Feature", "properties": { "boden": "40 % ziemlich arm, trocken (vermutet) (Z3) · 30 % ziemlich arm, trocken (vermutet) (Z3) · 30 % arm, trocken (vermutet) (A3)" }, "geometry": { "type": "Polygon", "coordinates": [ [ [ 13.48622, 52.79749 ], [ 13.4842, 52.7974 ], [ 13.48424, 52.79729 ], [ 13.484, 52.79736 ], [ 13.48387, 52.79747 ], [ 13.48346, 52.79762 ], [ 13.48364, 52.79776 ], [ 13.48375, 52.79777 ], [ 13.48395, 52.79769 ], [ 13.48405, 52.79752 ], [ 13.4842, 52.79748 ], [ 13.48454, 52.79754 ], [ 13.48498, 52.79754 ], [ 13.48555, 52.79763 ], [ 13.48609, 52.79763 ], [ 13.48702, 52.79743 ], [ 13.48713, 52.79735 ], [ 13.48694, 52.79727 ], [ 13.48625, 52.79723 ], [ 13.48622, 52.79749 ] ] ] } },
{ "type": "Feature", "properties": { "boden": "40 % ziemlich arm, mäßig frisch (Z2) · 30 % arm, mäßig frisch (A2) · 30 % arm, mäßig frisch (A2)" }, "geometry": { "type": "Polygon", "coordinates": [ [ [ 13.49229, 52.79832 ], [ 13.49213, 52.79836 ], [ 13.49204, 52.79847 ], [ 13.49209, 52.79857 ], [ 13.49228, 52.79863 ], [ 13.49248, 52.79858 ], [ 13.49254, 52.79848 ], [ 13.49246, 52.79836 ], [ 13.49229, 52.79832 ] ] ] } },
{ "type": "Feature", "properties": { "boden": "40 % ziemlich arm, mäßig frisch (Z2) · 30 % arm, mäßig frisch (A2) · 30 % arm, mäßig frisch (A2)" }, "geometry": { "type": "Polygon", "coordinates": [ [ [ 13.49333, 52.79854 ], [ 13.49316, 52.79858 ], [ 13.49307, 52.79869 ], [ 13.49312, 52.79879 ], [ 13.49332, 52.79885 ], [ 13.49348, 52.79882 ], [ 13.49357, 52.7987 ], [ 13.49349, 52.79858 ], [ 13.49333, 52.79854 ] ] ] } },
{ "type": "Feature", "properties": { "boden": "80 % arm, mäßig frisch (A2) · 20 % ziemlich arm, mäßig frisch (Z2)" }, "geometry": { "type": "Polygon", "coordinates": [ [ [ 13.46919, 52.79939 ], [ 13.47074, 52.79963 ], [ 13.47091, 52.7991 ], [ 13.47181, 52.79885 ], [ 13.47266, 52.7985 ], [ 13.47288, 52.79772 ], [ 13.4714, 52.79788 ], [ 13.47134, 52.79865 ], [ 13.47076, 52.79883 ], [ 13.46933, 52.79899 ], [ 13.46919, 52.79939 ] ], [ [ 13.47048, 52.79935 ], [ 13.47034, 52.79945 ], [ 13.46996, 52.79943 ], [ 13.46978, 52.79933 ], [ 13.46982, 52.79907 ], [ 13.46996, 52.79901 ], [ 13.47034, 52.799 ], [ 13.47049, 52.79911 ], [ 13.47048, 52.79935 ] ] ] } },
{ "type": "Feature", "properties": { "boden": "80 % arm, trocken (vermutet) (A3) · 20 % ziemlich arm, trocken (vermutet) (Z3)" }, "geometry": { "type": "Polygon", "coordinates": [ [ [ 13.46789, 52.79864 ], [ 13.46715, 52.79866 ], [ 13.46731, 52.79891 ], [ 13.46762, 52.79898 ], [ 13.46819, 52.79893 ], [ 13.46828, 52.79886 ], [ 13.46826, 52.79876 ], [ 13.46789, 52.79864 ] ] ] } },
{ "type": "Feature", "properties": { "boden": "80 % arm, trocken (vermutet) (A3) · 20 % ziemlich arm, trocken (vermutet) (Z3)" }, "geometry": { "type": "Polygon", "coordinates": [ [ [ 13.46429, 52.7989 ], [ 13.4648, 52.79895 ], [ 13.46498, 52.79889 ], [ 13.46503, 52.79883 ], [ 13.46489, 52.79872 ], [ 13.46466, 52.7987 ], [ 13.46435, 52.79876 ], [ 13.46409, 52.7989 ], [ 13.46414, 52.79894 ], [ 13.46429, 52.7989 ] ] ] } },
{ "type": "Feature", "properties": { "boden": "80 % arm, trocken (vermutet) (A3) · 20 % ziemlich arm, trocken (vermutet) (Z3)" }, "geometry": { "type": "Polygon", "coordinates": [ [ [ 13.46638, 52.79904 ], [ 13.46704, 52.79897 ], [ 13.4671, 52.79892 ], [ 13.46691, 52.79874 ], [ 13.46674, 52.7987 ], [ 13.46643, 52.79879 ], [ 13.46629, 52.79901 ], [ 13.46638, 52.79904 ] ] ] } },
{ "type": "Feature", "properties": { "boden": "100 % ziemlich arm, trocken (vermutet) (Z3)" }, "geometry": { "type": "Polygon", "coordinates": [ [ [ 13.51628, 52.79094 ], [ 13.51638, 52.79099 ], [ 13.51673, 52.79091 ], [ 13.51703, 52.79071 ], [ 13.51704, 52.79053 ], [ 13.51617, 52.79052 ], [ 13.51628, 52.79094 ] ] ] } },
{ "type": "Feature", "properties": { "boden": "100 % ziemlich arm, mäßig frisch (Z2)" }, "geometry": { "type": "Polygon", "coordinates": [ [ [ 13.51592, 52.79209 ], [ 13.5159, 52.79169 ], [ 13.51578, 52.79147 ], [ 13.51592, 52.791 ], [ 13.5158, 52.79081 ], [ 13.5157, 52.79083 ], [ 13.51574, 52.791 ], [ 13.51552, 52.79145 ], [ 13.51559, 52.79147 ], [ 13.51592, 52.79209 ] ] ] } },
{ "type": "Feature", "properties": { "boden": "100 % ziemlich arm, mäßig frisch (Z2)" }, "geometry": { "type": "Polygon", "coordinates": [ [ [ 13.51559, 52.79147 ], [ 13.51552, 52.79145 ], [ 13.51548, 52.79169 ], [ 13.51555, 52.79186 ], [ 13.51581, 52.79214 ], [ 13.51592, 52.79209 ], [ 13.51559, 52.79147 ] ] ] } },
{ "type": "Feature", "properties": { "boden": "100 % mittel, frisch (M1)" }, "geometry": { "type": "Polygon", "coordinates": [ [ [ 13.51642, 52.79217 ], [ 13.51626, 52.7922 ], [ 13.51616, 52.79232 ], [ 13.51622, 52.79242 ], [ 13.51641, 52.79247 ], [ 13.5166, 52.79242 ], [ 13.51667, 52.79232 ], [ 13.51658, 52.79221 ], [ 13.51642, 52.79217 ] ] ] } },
{ "type": "Feature", "properties": { "boden": "100 % ziemlich arm, mäßig frisch (Z2)" }, "geometry": { "type": "MultiPolygon", "coordinates": [ [ [ [ 13.51461, 52.79103 ], [ 13.51486, 52.7912 ], [ 13.51552, 52.79145 ], [ 13.51574, 52.791 ], [ 13.5157, 52.79083 ], [ 13.5158, 52.79081 ], [ 13.51588, 52.79087 ], [ 13.51591, 52.79114 ], [ 13.51578, 52.79147 ], [ 13.5159, 52.79169 ], [ 13.51593, 52.79209 ], [ 13.51627, 52.79205 ], [ 13.51657, 52.7921 ], [ 13.5168, 52.79224 ], [ 13.51692, 52.79246 ], [ 13.51684, 52.79274 ], [ 13.51696, 52.79295 ], [ 13.51703, 52.79071 ], [ 13.51673, 52.79091 ], [ 13.51638, 52.79099 ], [ 13.51628, 52.79094 ], [ 13.51617, 52.79052 ], [ 13.51302, 52.79048 ], [ 13.51461, 52.79103 ] ] ], [ [ [ 13.51689, 52.79499 ], [ 13.51677, 52.79517 ], [ 13.51602, 52.79524 ], [ 13.51561, 52.79588 ], [ 13.51605, 52.796 ], [ 13.51633, 52.79616 ], [ 13.51685, 52.79621 ], [ 13.51689, 52.79499 ] ] ] ] } },
{ "type": "Feature", "properties": { "boden": "100 % mittel, frisch (M1)" }, "geometry": { "type": "Polygon", "coordinates": [ [ [ 13.51684, 52.79274 ], [ 13.51692, 52.79246 ], [ 13.5168, 52.79224 ], [ 13.51657, 52.7921 ], [ 13.51606, 52.79205 ], [ 13.5157, 52.79218 ], [ 13.51562, 52.79237 ], [ 13.51571, 52.79255 ], [ 13.51602, 52.79268 ], [ 13.51628, 52.79287 ], [ 13.51628, 52.79316 ], [ 13.51691, 52.79431 ], [ 13.51696, 52.79295 ], [ 13.51684, 52.79274 ] ], [ [ 13.51667, 52.79232 ], [ 13.5166, 52.79242 ], [ 13.51641, 52.79247 ], [ 13.51622, 52.79242 ], [ 13.51616, 52.79232 ], [ 13.51626, 52.7922 ], [ 13.51642, 52.79217 ], [ 13.51658, 52.79221 ], [ 13.51667, 52.79232 ] ] ] } },
{ "type": "Feature", "properties": { "boden": "100 % ziemlich arm, mäßig frisch (Z2)" }, "geometry": { "type": "Polygon", "coordinates": [ [ [ 13.51507, 52.79323 ], [ 13.5148, 52.79325 ], [ 13.5146, 52.79334 ], [ 13.51456, 52.79342 ], [ 13.51464, 52.79352 ], [ 13.5148, 52.79352 ], [ 13.51513, 52.79339 ], [ 13.5152, 52.79328 ], [ 13.51507, 52.79323 ] ] ] } },
{ "type": "Feature", "properties": { "boden": "100 % ziemlich arm, mäßig frisch (Z2)" }, "geometry": { "type": "Polygon", "coordinates": [ [ [ 13.51435, 52.794 ], [ 13.51402, 52.79394 ], [ 13.51359, 52.79398 ], [ 13.51373, 52.79401 ], [ 13.51381, 52.79413 ], [ 13.51376, 52.79421 ], [ 13.51421, 52.79406 ], [ 13.51435, 52.794 ] ] ] } },
{ "type": "Feature", "properties": { "boden": "100 % ziemlich arm, mäßig frisch (Z2)" }, "geometry": { "type": "Polygon", "coordinates": [ [ [ 13.51375, 52.79423 ], [ 13.51381, 52.79413 ], [ 13.51373, 52.79401 ], [ 13.51357, 52.79397 ], [ 13.5134, 52.79401 ], [ 13.51331, 52.79412 ], [ 13.5134, 52.79424 ], [ 13.51356, 52.79428 ], [ 13.51375, 52.79423 ] ] ] } },
{ "type": "Feature", "properties": { "boden": "100 % ziemlich arm, mäßig frisch (Z2)" }, "geometry": { "type": "Polygon", "coordinates": [ [ [ 13.51484, 52.79434 ], [ 13.51467, 52.79438 ], [ 13.51458, 52.79449 ], [ 13.51464, 52.79459 ], [ 13.51483, 52.79465 ], [ 13.51499, 52.79462 ], [ 13.51508, 52.7945 ], [ 13.51503, 52.7944 ], [ 13.51484, 52.79434 ] ] ] } },
{ "type": "Feature", "properties": { "boden": "100 % ziemlich arm, mäßig frisch (Z2)" }, "geometry": { "type": "Polygon", "coordinates": [ [ [ 13.51435, 52.794 ], [ 13.51359, 52.79429 ], [ 13.51332, 52.79457 ], [ 13.5133, 52.79513 ], [ 13.51313, 52.79536 ], [ 13.51268, 52.79562 ], [ 13.51183, 52.79588 ], [ 13.51194, 52.79632 ], [ 13.51208, 52.7965 ], [ 13.51443, 52.79609 ], [ 13.51495, 52.79496 ], [ 13.51534, 52.79438 ], [ 13.51435, 52.794 ] ], [ [ 13.51508, 52.7945 ], [ 13.51499, 52.79462 ], [ 13.51483, 52.79465 ], [ 13.51464, 52.79459 ], [ 13.51458, 52.79449 ], [ 13.51467, 52.79438 ], [ 13.51484, 52.79434 ], [ 13.51503, 52.7944 ], [ 13.51508, 52.7945 ] ], [ [ 13.51463, 52.79537 ], [ 13.51456, 52.79546 ], [ 13.51437, 52.79552 ], [ 13.51418, 52.79546 ], [ 13.51412, 52.79536 ], [ 13.51422, 52.79525 ], [ 13.51438, 52.79521 ], [ 13.51454, 52.79525 ], [ 13.51463, 52.79537 ] ] ] } },
{ "type": "Feature", "properties": { "boden": "100 % ziemlich arm, trocken (vermutet) (Z3)" }, "geometry": { "type": "Polygon", "coordinates": [ [ [ 13.51688, 52.79512 ], [ 13.51687, 52.7953 ], [ 13.51688, 52.79532 ], [ 13.51688, 52.79512 ] ] ] } },
{ "type": "Feature", "properties": { "boden": "100 % ziemlich arm, mäßig frisch (Z2)" }, "geometry": { "type": "Polygon", "coordinates": [ [ [ 13.51438, 52.79521 ], [ 13.51422, 52.79525 ], [ 13.51412, 52.79536 ], [ 13.51418, 52.79546 ], [ 13.51437, 52.79552 ], [ 13.51456, 52.79546 ], [ 13.51463, 52.79537 ], [ 13.51454, 52.79525 ], [ 13.51438, 52.79521 ] ] ] } },
{ "type": "Feature", "properties": { "boden": "40 % mittel, trocken (vermutet) (M3) · 40 % mittel, mäßig frisch (M2g) · 20 % mittel, trocken (vermutet) (M3)" }, "geometry": { "type": "Polygon", "coordinates": [ [ [ 13.51622, 52.80582 ], [ 13.51569, 52.80564 ], [ 13.51502, 52.80553 ], [ 13.5138, 52.80544 ], [ 13.51385, 52.80559 ], [ 13.51366, 52.80559 ], [ 13.5133, 52.80549 ], [ 13.51306, 52.8055 ], [ 13.51299, 52.80545 ], [ 13.51233, 52.80559 ], [ 13.51218, 52.80568 ], [ 13.51206, 52.8059 ], [ 13.51219, 52.80593 ], [ 13.51306, 52.80588 ], [ 13.5137, 52.80595 ], [ 13.51433, 52.80588 ], [ 13.5152, 52.80588 ], [ 13.51544, 52.80583 ], [ 13.51586, 52.80582 ], [ 13.51608, 52.80587 ], [ 13.51626, 52.80612 ], [ 13.51651, 52.80623 ], [ 13.51652, 52.80587 ], [ 13.51622, 52.80582 ] ] ] } },
{ "type": "Feature", "properties": { "boden": "70 % mittel, mäßig frisch (M2) · 30 % ziemlich arm, mäßig frisch (Z2)" }, "geometry": { "type": "Polygon", "coordinates": [ [ [ 13.51539, 52.81243 ], [ 13.51518, 52.81275 ], [ 13.51466, 52.81261 ], [ 13.51161, 52.8135 ], [ 13.5118, 52.81389 ], [ 13.51243, 52.81402 ], [ 13.51259, 52.81419 ], [ 13.51383, 52.81386 ], [ 13.51433, 52.8141 ], [ 13.51486, 52.81402 ], [ 13.51587, 52.81449 ], [ 13.51621, 52.81485 ], [ 13.5163, 52.8124 ], [ 13.51539, 52.81243 ] ] ] } },
{ "type": "Feature", "properties": { "boden": "100 % ziemlich arm, nass (NZ3)" }, "geometry": { "type": "Polygon", "coordinates": [ [ [ 13.51587, 52.81605 ], [ 13.51616, 52.81634 ], [ 13.51617, 52.81613 ], [ 13.51587, 52.81605 ] ] ] } },
{ "type": "Feature", "properties": { "boden": "100 % mittel, nass (NM3)" }, "geometry": { "type": "MultiPolygon", "coordinates": [ [ [ [ 13.51587, 52.81605 ], [ 13.51537, 52.81589 ], [ 13.51234, 52.81756 ], [ 13.5122, 52.81773 ], [ 13.51418, 52.81771 ], [ 13.51502, 52.81777 ], [ 13.51611, 52.81793 ], [ 13.51616, 52.81634 ], [ 13.51587, 52.81605 ] ] ], [ [ [ 13.51606, 52.81929 ], [ 13.51523, 52.81969 ], [ 13.51461, 52.82034 ], [ 13.51448, 52.82081 ], [ 13.51515, 52.82094 ], [ 13.51601, 52.82081 ], [ 13.51606, 52.81929 ] ] ] ] } },
{ "type": "Feature", "properties": { "boden": "100 % kräftig, nass (NK2)" }, "geometry": { "type": "Polygon", "coordinates": [ [ [ 13.51601, 52.82081 ], [ 13.51515, 52.82094 ], [ 13.51448, 52.82081 ], [ 13.51461, 52.82034 ], [ 13.51523, 52.81969 ], [ 13.51606, 52.81929 ], [ 13.51611, 52.81793 ], [ 13.51502, 52.81777 ], [ 13.51418, 52.81771 ], [ 13.5122, 52.81773 ], [ 13.51195, 52.81803 ], [ 13.51183, 52.81977 ], [ 13.51327, 52.81987 ], [ 13.51346, 52.82171 ], [ 13.51382, 52.82199 ], [ 13.51374, 52.82255 ], [ 13.51377, 52.82284 ], [ 13.5137, 52.82315 ], [ 13.51297, 52.82334 ], [ 13.5111, 52.82289 ], [ 13.51163, 52.82389 ], [ 13.51258, 52.82411 ], [ 13.51366, 52.82415 ], [ 13.51538, 52.82374 ], [ 13.51591, 52.82372 ], [ 13.51601, 52.82081 ] ] ] } },
{ "type": "Feature", "properties": { "boden": "100 % mittel, mäßig frisch (M2)" }, "geometry": { "type": "Polygon", "coordinates": [ [ [ 13.50185, 52.79541 ], [ 13.50169, 52.79544 ], [ 13.50159, 52.79556 ], [ 13.50165, 52.79566 ], [ 13.50184, 52.79571 ], [ 13.50203, 52.79566 ], [ 13.5021, 52.79556 ], [ 13.50201, 52.79545 ], [ 13.50185, 52.79541 ] ] ] } },
{ "type": "Feature", "properties": { "boden": "100 % ziemlich arm, mäßig frisch (Z2)" }, "geometry": { "type": "Polygon", "coordinates": [ [ [ 13.51229, 52.79561 ], [ 13.51225, 52.79553 ], [ 13.51188, 52.79562 ], [ 13.5118, 52.79577 ], [ 13.51183, 52.79588 ], [ 13.51245, 52.79566 ], [ 13.51229, 52.79561 ] ] ] } },
{ "type": "Feature", "properties": { "boden": "100 % mittel, mäßig frisch (M2)" }, "geometry": { "type": "Polygon", "coordinates": [ [ [ 13.51188, 52.79562 ], [ 13.5109, 52.79589 ], [ 13.51054, 52.79616 ], [ 13.51076, 52.7962 ], [ 13.51143, 52.79587 ], [ 13.5118, 52.79577 ], [ 13.51188, 52.79562 ] ] ] } },
{ "type": "Feature", "properties": { "boden": "100 % mittel, mäßig frisch (M2)" }, "geometry": { "type": "Polygon", "coordinates": [ [ [ 13.5002, 52.79601 ], [ 13.49985, 52.79671 ], [ 13.49798, 52.79902 ], [ 13.49796, 52.79908 ], [ 13.49882, 52.80014 ], [ 13.49962, 52.7991 ], [ 13.49936, 52.799 ], [ 13.50135, 52.79633 ], [ 13.5002, 52.79601 ] ] ] } },
{ "type": "Feature", "properties": { "boden": "100 % ziemlich arm, mäßig frisch (Z2)" }, "geometry": { "type": "Polygon", "coordinates": [ [ [ 13.51102, 52.8012 ], [ 13.51187, 52.80091 ], [ 13.51146, 52.80074 ], [ 13.51135, 52.80058 ], [ 13.51087, 52.7989 ], [ 13.51072, 52.79887 ], [ 13.51116, 52.79836 ], [ 13.51242, 52.79789 ], [ 13.51014, 52.79789 ], [ 13.5099, 52.79786 ], [ 13.51068, 52.7977 ], [ 13.51102, 52.79712 ], [ 13.51102, 52.79687 ], [ 13.51057, 52.7966 ], [ 13.51054, 52.79632 ], [ 13.51076, 52.7962 ], [ 13.5104, 52.79614 ], [ 13.50997, 52.79615 ], [ 13.50904, 52.79625 ], [ 13.50829, 52.79642 ], [ 13.50762, 52.79669 ], [ 13.50643, 52.79743 ], [ 13.5075, 52.79767 ], [ 13.50612, 52.79942 ], [ 13.50618, 52.79966 ], [ 13.50697, 52.79965 ], [ 13.50838, 52.79992 ], [ 13.50962, 52.79995 ], [ 13.50985, 52.80008 ], [ 13.5101, 52.80037 ], [ 13.5102, 52.80069 ], [ 13.51021, 52.80096 ], [ 13.51007, 52.80118 ], [ 13.50985, 52.80135 ], [ 13.51102, 52.8012 ] ], [ [ 13.5084, 52.79926 ], [ 13.50834, 52.79936 ], [ 13.50815, 52.79941 ], [ 13.50796, 52.79936 ], [ 13.5079, 52.79926 ], [ 13.50799, 52.79914 ], [ 13.50816, 52.79911 ], [ 13.50835, 52.79916 ], [ 13.5084, 52.79926 ] ], [ [ 13.5105, 52.79893 ], [ 13.51041, 52.79905 ], [ 13.51024, 52.79908 ], [ 13.51005, 52.79902 ], [ 13.51, 52.79892 ], [ 13.51009, 52.79881 ], [ 13.51025, 52.79877 ], [ 13.51042, 52.79881 ], [ 13.5105, 52.79893 ] ] ] } },
{ "type": "Feature", "properties": { "boden": "100 % ziemlich arm, mäßig frisch (Z2)" }, "geometry": { "type": "Polygon", "coordinates": [ [ [ 13.51025, 52.79877 ], [ 13.51009, 52.79881 ], [ 13.51, 52.79892 ], [ 13.51005, 52.79902 ], [ 13.51024, 52.79908 ], [ 13.51041, 52.79905 ], [ 13.5105, 52.79893 ], [ 13.51042, 52.79881 ], [ 13.51025, 52.79877 ] ] ] } },
{ "type": "Feature", "properties": { "boden": "100 % ziemlich arm, mäßig frisch (Z2)" }, "geometry": { "type": "Polygon", "coordinates": [ [ [ 13.50816, 52.79911 ], [ 13.50799, 52.79914 ], [ 13.5079, 52.79926 ], [ 13.50796, 52.79936 ], [ 13.50815, 52.79941 ], [ 13.50834, 52.79936 ], [ 13.5084, 52.79926 ], [ 13.50835, 52.79916 ], [ 13.50816, 52.79911 ] ] ] } },
{ "type": "Feature", "properties": { "boden": "100 % mittel, mäßig frisch (M2)" }, "geometry": { "type": "Polygon", "coordinates": [ [ [ 13.51007, 52.80118 ], [ 13.51021, 52.80096 ], [ 13.5101, 52.80037 ], [ 13.50985, 52.80008 ], [ 13.50962, 52.79995 ], [ 13.50838, 52.79992 ], [ 13.50697, 52.79965 ], [ 13.50618, 52.79966 ], [ 13.5063, 52.80021 ], [ 13.50654, 52.80076 ], [ 13.50662, 52.80061 ], [ 13.50686, 52.80049 ], [ 13.5074, 52.80041 ], [ 13.50765, 52.80043 ], [ 13.50776, 52.80048 ], [ 13.50769, 52.80062 ], [ 13.50697, 52.80106 ], [ 13.50751, 52.80111 ], [ 13.50906, 52.80144 ], [ 13.50985, 52.80135 ], [ 13.51007, 52.80118 ] ] ] } },
{ "type": "Feature", "properties": { "boden": "100 % mittel, mäßig frisch (M2)" }, "geometry": { "type": "Polygon", "coordinates": [ [ [ 13.50752, 52.8007 ], [ 13.50774, 52.80057 ], [ 13.50773, 52.80045 ], [ 13.50715, 52.80043 ], [ 13.50672, 52.80055 ], [ 13.50654, 52.80076 ], [ 13.50655, 52.80079 ], [ 13.50763, 52.80059 ], [ 13.50752, 52.8007 ] ] ] } },
{ "type": "Feature", "properties": { "boden": "40 % mittel, trocken (vermutet) (M3) · 40 % mittel, mäßig frisch (M2g) · 20 % mittel, trocken (vermutet) (M3)" }, "geometry": { "type": "Polygon", "coordinates": [ [ [ 13.50835, 52.80153 ], [ 13.50754, 52.80147 ], [ 13.50743, 52.80157 ], [ 13.50745, 52.80161 ], [ 13.50779, 52.80163 ], [ 13.50823, 52.80184 ], [ 13.50843, 52.80185 ], [ 13.50855, 52.80176 ], [ 13.50835, 52.80153 ] ] ] } },
{ "type": "Feature", "properties": { "boden": "80 % arm, mäßig frisch (A2) · 20 % ziemlich arm, mäßig frisch (Z2)" }, "geometry": { "type": "Polygon", "coordinates": [ [ [ 13.46061, 52.7995 ], [ 13.46045, 52.79953 ], [ 13.46036, 52.79964 ], [ 13.46041, 52.79974 ], [ 13.4606, 52.7998 ], [ 13.4608, 52.79975 ], [ 13.46086, 52.79965 ], [ 13.4608, 52.79955 ], [ 13.46061, 52.7995 ] ] ] } },
{ "type": "Feature", "properties": { "boden": "80 % arm, mäßig frisch (A2) · 20 % ziemlich arm, mäßig frisch (Z2)" }, "geometry": { "type": "Polygon", "coordinates": [ [ [ 13.46357, 52.79986 ], [ 13.46484, 52.79992 ], [ 13.46495, 52.80025 ], [ 13.46507, 52.8004 ], [ 13.46529, 52.80044 ], [ 13.46545, 52.80042 ], [ 13.46628, 52.80009 ], [ 13.46678, 52.80002 ], [ 13.46743, 52.7998 ], [ 13.46856, 52.7992 ], [ 13.46933, 52.79899 ], [ 13.46958, 52.79831 ], [ 13.46973, 52.79814 ], [ 13.46893, 52.79825 ], [ 13.46699, 52.79827 ], [ 13.46502, 52.79837 ], [ 13.46497, 52.79833 ], [ 13.46494, 52.7982 ], [ 13.46734, 52.798 ], [ 13.46794, 52.79798 ], [ 13.46768, 52.79782 ], [ 13.46676, 52.79784 ], [ 13.46423, 52.79817 ], [ 13.46226, 52.7983 ], [ 13.46233, 52.79862 ], [ 13.4614, 52.79866 ], [ 13.46125, 52.79854 ], [ 13.46122, 52.79844 ], [ 13.45973, 52.79863 ], [ 13.45903, 52.79865 ], [ 13.45787, 52.79861 ], [ 13.45762, 52.79857 ], [ 13.45649, 52.79858 ], [ 13.4561, 52.7985 ], [ 13.45565, 52.79847 ], [ 13.4553, 52.79836 ], [ 13.45497, 52.79841 ], [ 13.45306, 52.79816 ], [ 13.45045, 52.79822 ], [ 13.44915, 52.79819 ], [ 13.44878, 52.79826 ], [ 13.44847, 52.79822 ], [ 13.44796, 52.79831 ], [ 13.44785, 52.7983 ], [ 13.44758, 52.79815 ], [ 13.447, 52.79826 ], [ 13.44699, 52.79851 ], [ 13.44387, 52.79854 ], [ 13.44047, 52.79863 ], [ 13.44041, 52.79845 ], [ 13.43953, 52.79851 ], [ 13.43887, 52.79862 ], [ 13.43879, 52.79857 ], [ 13.43697, 52.79864 ], [ 13.43286, 52.79901 ], [ 13.43245, 52.79909 ], [ 13.43198, 52.79911 ], [ 13.43127, 52.79904 ], [ 13.43082, 52.79914 ], [ 13.42907, 52.79909 ], [ 13.42894, 52.79881 ], [ 13.42958, 52.79854 ], [ 13.42837, 52.79847 ], [ 13.42833, 52.79873 ], [ 13.42805, 52.79876 ], [ 13.42802, 52.79906 ], [ 13.4282, 52.79907 ], [ 13.42821, 52.79912 ], [ 13.42683, 52.7991 ], [ 13.42632, 52.79926 ], [ 13.42554, 52.79938 ], [ 13.42477, 52.79961 ], [ 13.42434, 52.79989 ], [ 13.42384, 52.80078 ], [ 13.42401, 52.80083 ], [ 13.42413, 52.80113 ], [ 13.42473, 52.80122 ], [ 13.42515, 52.80118 ], [ 13.42535, 52.80127 ], [ 13.42564, 52.80123 ], [ 13.42595, 52.80096 ], [ 13.42704, 52.80084 ], [ 13.42727, 52.80093 ], [ 13.42791, 52.80092 ], [ 13.4285, 52.80084 ], [ 13.42859, 52.80109 ], [ 13.42936, 52.80109 ], [ 13.42925, 52.80059 ], [ 13.43073, 52.80081 ], [ 13.43084, 52.80088 ], [ 13.43434, 52.80041 ], [ 13.4359, 52.80002 ], [ 13.43719, 52.7998 ], [ 13.43732, 52.80029 ], [ 13.43892, 52.80023 ], [ 13.439, 52.80026 ], [ 13.44371, 52.79991 ], [ 13.4464, 52.79995 ], [ 13.44916, 52.80018 ], [ 13.44911, 52.80057 ], [ 13.44969, 52.80055 ], [ 13.45441, 52.8007 ], [ 13.45727, 52.80068 ], [ 13.45958, 52.80002 ], [ 13.46035, 52.79998 ], [ 13.46041, 52.79984 ], [ 13.46357, 52.79986 ] ], [ [ 13.45987, 52.79985 ], [ 13.4598, 52.79995 ], [ 13.45961, 52.8 ], [ 13.45942, 52.79994 ], [ 13.45936, 52.79984 ], [ 13.45946, 52.79973 ], [ 13.45962, 52.79969 ], [ 13.45978, 52.79973 ], [ 13.45987, 52.79985 ] ], [ [ 13.44017, 52.79966 ], [ 13.44002, 52.79963 ], [ 13.43997, 52.79951 ], [ 13.44007, 52.79941 ], [ 13.44019, 52.79938 ], [ 13.44091, 52.79937 ], [ 13.44142, 52.79946 ], [ 13.44133, 52.79953 ], [ 13.44102, 52.79962 ], [ 13.44054, 52.79957 ], [ 13.44017, 52.79966 ] ], [ [ 13.44997, 52.79999 ], [ 13.44983, 52.8001 ], [ 13.44942, 52.8001 ], [ 13.44921, 52.8 ], [ 13.44922, 52.79976 ], [ 13.44937, 52.79967 ], [ 13.44981, 52.79965 ], [ 13.44998, 52.79976 ], [ 13.44997, 52.79999 ] ], [ [ 13.4384, 52.79987 ], [ 13.43834, 52.79997 ], [ 13.43814, 52.80002 ], [ 13.43795, 52.79996 ], [ 13.4379, 52.79986 ], [ 13.43799, 52.79975 ], [ 13.43815, 52.79971 ], [ 13.43832, 52.79975 ], [ 13.4384, 52.79987 ] ], [ [ 13.45806, 52.80025 ], [ 13.45797, 52.80037 ], [ 13.45781, 52.8004 ], [ 13.45762, 52.80034 ], [ 13.45756, 52.80024 ], [ 13.45765, 52.80013 ], [ 13.45782, 52.8001 ], [ 13.45798, 52.80013 ], [ 13.45806, 52.80025 ] ], [ [ 13.45069, 52.80032 ], [ 13.45062, 52.80042 ], [ 13.45043, 52.80047 ], [ 13.45024, 52.80041 ], [ 13.45018, 52.80031 ], [ 13.45028, 52.8002 ], [ 13.45044, 52.80016 ], [ 13.45063, 52.80022 ], [ 13.45069, 52.80032 ] ], [ [ 13.44987, 52.80033 ], [ 13.44981, 52.80043 ], [ 13.44961, 52.80048 ], [ 13.44942, 52.80043 ], [ 13.44937, 52.80033 ], [ 13.44946, 52.80021 ], [ 13.44962, 52.80018 ], [ 13.44981, 52.80024 ], [ 13.44987, 52.80033 ] ], [ [ 13.45524, 52.80045 ], [ 13.45514, 52.80057 ], [ 13.45498, 52.8006 ], [ 13.45479, 52.80055 ], [ 13.45473, 52.80045 ], [ 13.45483, 52.80033 ], [ 13.45499, 52.8003 ], [ 13.45515, 52.80034 ], [ 13.45524, 52.80045 ] ], [ [ 13.452, 52.80034 ], [ 13.45194, 52.80043 ], [ 13.45174, 52.80049 ], [ 13.45155, 52.80043 ], [ 13.4515, 52.80033 ], [ 13.45159, 52.80021 ], [ 13.45175, 52.80018 ], [ 13.45192, 52.80022 ], [ 13.452, 52.80034 ] ], [ [ 13.45603, 52.80043 ], [ 13.45597, 52.80052 ], [ 13.45577, 52.80058 ], [ 13.45558, 52.80052 ], [ 13.45553, 52.80042 ], [ 13.45562, 52.8003 ], [ 13.45578, 52.80027 ], [ 13.45594, 52.80031 ], [ 13.45603, 52.80043 ] ], [ [ 13.45896, 52.8001 ], [ 13.4589, 52.80019 ], [ 13.4587, 52.80025 ], [ 13.45851, 52.80019 ], [ 13.45845, 52.80009 ], [ 13.45855, 52.79997 ], [ 13.45871, 52.79994 ], [ 13.45887, 52.79998 ], [ 13.45896, 52.8001 ] ], [ [ 13.46086, 52.79965 ], [ 13.4608, 52.79975 ], [ 13.4606, 52.7998 ], [ 13.46041, 52.79974 ], [ 13.46036, 52.79964 ], [ 13.46045, 52.79953 ], [ 13.46061, 52.7995 ], [ 13.4608, 52.79955 ], [ 13.46086, 52.79965 ] ], [ [ 13.43565, 52.79899 ], [ 13.43572, 52.79903 ], [ 13.43567, 52.79907 ], [ 13.43521, 52.79919 ], [ 13.43493, 52.79919 ], [ 13.43482, 52.79908 ], [ 13.43488, 52.79899 ], [ 13.43498, 52.79897 ], [ 13.43565, 52.79899 ] ], [ [ 13.4618, 52.79958 ], [ 13.46171, 52.79969 ], [ 13.46155, 52.79973 ], [ 13.46135, 52.79967 ], [ 13.4613, 52.79957 ], [ 13.46139, 52.79946 ], [ 13.46156, 52.79942 ], [ 13.46172, 52.79946 ], [ 13.4618, 52.79958 ] ], [ [ 13.44304, 52.7991 ], [ 13.44308, 52.79917 ], [ 13.44301, 52.7992 ], [ 13.44253, 52.79917 ], [ 13.44226, 52.79905 ], [ 13.44221, 52.79894 ], [ 13.44274, 52.79897 ], [ 13.44304, 52.7991 ] ], [ [ 13.44841, 52.79861 ], [ 13.44843, 52.79915 ], [ 13.44821, 52.79923 ], [ 13.44784, 52.7992 ], [ 13.44765, 52.7991 ], [ 13.44769, 52.79863 ], [ 13.44784, 52.79852 ], [ 13.44826, 52.79854 ], [ 13.44841, 52.79861 ] ], [ [ 13.46305, 52.79956 ], [ 13.46299, 52.79966 ], [ 13.4628, 52.79971 ], [ 13.46261, 52.79966 ], [ 13.46255, 52.79956 ], [ 13.46264, 52.79944 ], [ 13.46281, 52.79941 ], [ 13.463, 52.79946 ], [ 13.46305, 52.79956 ] ], [ [ 13.46012, 52.79911 ], [ 13.46016, 52.79922 ], [ 13.45983, 52.79924 ], [ 13.45962, 52.79919 ], [ 13.45949, 52.79911 ], [ 13.45963, 52.79907 ], [ 13.45993, 52.79906 ], [ 13.46012, 52.79911 ] ], [ [ 13.46638, 52.79904 ], [ 13.46629, 52.79901 ], [ 13.46633, 52.79888 ], [ 13.46657, 52.79873 ], [ 13.46683, 52.79871 ], [ 13.4671, 52.79892 ], [ 13.46704, 52.79897 ], [ 13.46638, 52.79904 ] ], [ [ 13.46826, 52.79876 ], [ 13.46828, 52.79886 ], [ 13.46819, 52.79893 ], [ 13.46746, 52.79897 ], [ 13.46731, 52.79891 ], [ 13.46715, 52.79866 ], [ 13.46789, 52.79864 ], [ 13.46826, 52.79876 ] ], [ [ 13.46409, 52.7989 ], [ 13.46435, 52.79876 ], [ 13.46466, 52.7987 ], [ 13.46489, 52.79872 ], [ 13.46503, 52.79883 ], [ 13.46498, 52.79889 ], [ 13.4648, 52.79895 ], [ 13.46429, 52.7989 ], [ 13.46414, 52.79894 ], [ 13.46409, 52.7989 ] ], [ [ 13.42922, 52.8007 ], [ 13.42916, 52.80079 ], [ 13.42896, 52.80085 ], [ 13.42877, 52.80079 ], [ 13.42871, 52.80069 ], [ 13.42881, 52.80057 ], [ 13.42897, 52.80054 ], [ 13.42913, 52.80058 ], [ 13.42922, 52.8007 ] ] ] } },
{ "type": "Feature", "properties": { "boden": "80 % arm, trocken (vermutet) (A3) · 20 % ziemlich arm, trocken (vermutet) (Z3)" }, "geometry": { "type": "Polygon", "coordinates": [ [ [ 13.44054, 52.79957 ], [ 13.44102, 52.79962 ], [ 13.44133, 52.79953 ], [ 13.44142, 52.79946 ], [ 13.44111, 52.79939 ], [ 13.44053, 52.79935 ], [ 13.44007, 52.79941 ], [ 13.43997, 52.79951 ], [ 13.44009, 52.79966 ], [ 13.44043, 52.79963 ], [ 13.44054, 52.79957 ] ] ] } },
{ "type": "Feature", "properties": { "boden": "80 % arm, mäßig frisch (A2) · 20 % ziemlich arm, mäßig frisch (Z2)" }, "geometry": { "type": "Polygon", "coordinates": [ [ [ 13.45962, 52.79969 ], [ 13.45946, 52.79973 ], [ 13.45936, 52.79984 ], [ 13.45942, 52.79994 ], [ 13.45961, 52.8 ], [ 13.4598, 52.79995 ], [ 13.45987, 52.79985 ], [ 13.45978, 52.79973 ], [ 13.45962, 52.79969 ] ] ] } },
{ "type": "Feature", "properties": { "boden": "100 % mittel, frisch (M1)" }, "geometry": { "type": "Polygon", "coordinates": [ [ [ 13.42434, 52.79989 ], [ 13.42477, 52.79961 ], [ 13.42506, 52.7995 ], [ 13.42554, 52.79938 ], [ 13.42632, 52.79926 ], [ 13.42683, 52.7991 ], [ 13.42518, 52.79842 ], [ 13.42491, 52.79826 ], [ 13.42471, 52.79831 ], [ 13.4234, 52.79884 ], [ 13.42251, 52.79899 ], [ 13.4223, 52.80043 ], [ 13.4235, 52.80063 ], [ 13.42452, 52.79892 ], [ 13.42485, 52.799 ], [ 13.42434, 52.79989 ] ] ] } },
{ "type": "Feature", "properties": { "boden": "80 % arm, mäßig frisch (A2) · 20 % ziemlich arm, mäßig frisch (Z2)" }, "geometry": { "type": "Polygon", "coordinates": [ [ [ 13.44981, 52.79965 ], [ 13.44937, 52.79967 ], [ 13.44922, 52.79976 ], [ 13.44921, 52.8 ], [ 13.44942, 52.8001 ], [ 13.44983, 52.8001 ], [ 13.44997, 52.79999 ], [ 13.44998, 52.79976 ], [ 13.44981, 52.79965 ] ] ] } },
{ "type": "Feature", "properties": { "boden": "80 % arm, mäßig frisch (A2) · 20 % ziemlich arm, mäßig frisch (Z2)" }, "geometry": { "type": "Polygon", "coordinates": [ [ [ 13.45871, 52.79994 ], [ 13.45855, 52.79997 ], [ 13.45845, 52.80009 ], [ 13.45851, 52.80019 ], [ 13.4587, 52.80025 ], [ 13.4589, 52.80019 ], [ 13.45896, 52.8001 ], [ 13.45887, 52.79998 ], [ 13.45871, 52.79994 ] ] ] } },
{ "type": "Feature", "properties": { "boden": "80 % arm, mäßig frisch (A2) · 20 % ziemlich arm, mäßig frisch (Z2)" }, "geometry": { "type": "Polygon", "coordinates": [ [ [ 13.43815, 52.79971 ], [ 13.43799, 52.79975 ], [ 13.4379, 52.79986 ], [ 13.43795, 52.79996 ], [ 13.43814, 52.80002 ], [ 13.43834, 52.79997 ], [ 13.4384, 52.79987 ], [ 13.43832, 52.79975 ], [ 13.43815, 52.79971 ] ] ] } },
{ "type": "Feature", "properties": { "boden": "80 % arm, mäßig frisch (A2) · 20 % ziemlich arm, mäßig frisch (Z2)" }, "geometry": { "type": "Polygon", "coordinates": [ [ [ 13.45782, 52.8001 ], [ 13.45765, 52.80013 ], [ 13.45756, 52.80024 ], [ 13.45762, 52.80034 ], [ 13.45781, 52.8004 ], [ 13.45797, 52.80037 ], [ 13.45806, 52.80025 ], [ 13.45798, 52.80013 ], [ 13.45782, 52.8001 ] ] ] } },
{ "type": "Feature", "properties": { "boden": "80 % arm, mäßig frisch (A2) · 20 % ziemlich arm, mäßig frisch (Z2)" }, "geometry": { "type": "Polygon", "coordinates": [ [ [ 13.44268, 52.80011 ], [ 13.44262, 52.80021 ], [ 13.44242, 52.80026 ], [ 13.44223, 52.8002 ], [ 13.44221, 52.80007 ], [ 13.44183, 52.80009 ], [ 13.44192, 52.8003 ], [ 13.44293, 52.80024 ], [ 13.44371, 52.79997 ], [ 13.44263, 52.80004 ], [ 13.44268, 52.80011 ] ] ] } },
{ "type": "Feature", "properties": { "boden": "80 % arm, mäßig frisch (A2) · 20 % ziemlich arm, mäßig frisch (Z2)" }, "geometry": { "type": "Polygon", "coordinates": [ [ [ 13.47034, 52.799 ], [ 13.46996, 52.79901 ], [ 13.46982, 52.79907 ], [ 13.46978, 52.79933 ], [ 13.46996, 52.79943 ], [ 13.47034, 52.79945 ], [ 13.47048, 52.79935 ], [ 13.47049, 52.79911 ], [ 13.47034, 52.799 ] ] ] } },
{ "type": "Feature", "properties": { "boden": "100 % mittel, mäßig frisch (M2)" }, "geometry": { "type": "Polygon", "coordinates": [ [ [ 13.49413, 52.80009 ], [ 13.49427, 52.80037 ], [ 13.49449, 52.80059 ], [ 13.49471, 52.80071 ], [ 13.49488, 52.80049 ], [ 13.49521, 52.80061 ], [ 13.49537, 52.80041 ], [ 13.49567, 52.8005 ], [ 13.49608, 52.79989 ], [ 13.49654, 52.80003 ], [ 13.49691, 52.79956 ], [ 13.49621, 52.79938 ], [ 13.49675, 52.79863 ], [ 13.49619, 52.79847 ], [ 13.4959, 52.79877 ], [ 13.49547, 52.79863 ], [ 13.49478, 52.79947 ], [ 13.49451, 52.79938 ], [ 13.49412, 52.79974 ], [ 13.49413, 52.80009 ] ] ] } },
{ "type": "Feature", "properties": { "boden": "100 % mittel, mäßig frisch (M2g)" }, "geometry": { "type": "Polygon", "coordinates": [ [ [ 13.46911, 52.79959 ], [ 13.46933, 52.79899 ], [ 13.46856, 52.7992 ], [ 13.46743, 52.7998 ], [ 13.46829, 52.79965 ], [ 13.46911, 52.79959 ] ] ] } },
{ "type": "Feature", "properties": { "boden": "80 % arm, mäßig frisch (A2) · 20 % ziemlich arm, mäßig frisch (Z2)" }, "geometry": { "type": "Polygon", "coordinates": [ [ [ 13.46281, 52.79941 ], [ 13.46264, 52.79944 ], [ 13.46255, 52.79956 ], [ 13.46261, 52.79966 ], [ 13.4628, 52.79971 ], [ 13.46299, 52.79966 ], [ 13.46305, 52.79956 ], [ 13.463, 52.79946 ], [ 13.46281, 52.79941 ] ] ] } },
{ "type": "Feature", "properties": { "boden": "80 % arm, mäßig frisch (A2) · 20 % ziemlich arm, mäßig frisch (Z2)" }, "geometry": { "type": "Polygon", "coordinates": [ [ [ 13.46156, 52.79942 ], [ 13.46139, 52.79946 ], [ 13.4613, 52.79957 ], [ 13.46135, 52.79967 ], [ 13.46155, 52.79973 ], [ 13.46171, 52.79969 ], [ 13.4618, 52.79958 ], [ 13.46172, 52.79946 ], [ 13.46156, 52.79942 ] ] ] } },
{ "type": "Feature", "properties": { "boden": "40 % ziemlich arm, mäßig frisch (Z2) · 30 % arm, mäßig frisch (A2) · 30 % arm, mäßig frisch (A2)" }, "geometry": { "type": "Polygon", "coordinates": [ [ [ 13.48653, 52.79978 ], [ 13.48636, 52.79981 ], [ 13.48627, 52.79993 ], [ 13.48632, 52.80003 ], [ 13.48652, 52.80009 ], [ 13.48671, 52.80003 ], [ 13.48677, 52.79994 ], [ 13.48669, 52.79982 ], [ 13.48653, 52.79978 ] ] ] } },
{ "type": "Feature", "properties": { "boden": "100 % mittel, mäßig frisch (M2g)" }, "geometry": { "type": "Polygon", "coordinates": [ [ [ 13.4632, 52.79986 ], [ 13.46317, 52.80005 ], [ 13.46336, 52.8001 ], [ 13.46355, 52.80005 ], [ 13.46361, 52.79995 ], [ 13.46357, 52.79986 ], [ 13.4632, 52.79986 ] ] ] } },
{ "type": "Feature", "properties": { "boden": "40 % ziemlich arm, mäßig frisch (Z2) · 30 % ziemlich arm, mäßig frisch (Z2) · 30 % arm, mäßig frisch (A2)" }, "geometry": { "type": "Polygon", "coordinates": [ [ [ 13.49449, 52.80059 ], [ 13.49427, 52.80037 ], [ 13.49413, 52.80009 ], [ 13.49412, 52.79974 ], [ 13.49388, 52.79965 ], [ 13.49375, 52.7994 ], [ 13.49384, 52.79918 ], [ 13.49336, 52.79905 ], [ 13.4946, 52.79752 ], [ 13.49451, 52.79735 ], [ 13.49183, 52.79715 ], [ 13.49168, 52.79732 ], [ 13.49045, 52.79724 ], [ 13.48723, 52.79715 ], [ 13.48719, 52.79707 ], [ 13.48627, 52.79706 ], [ 13.48625, 52.79723 ], [ 13.48694, 52.79727 ], [ 13.4871, 52.79732 ], [ 13.48712, 52.79738 ], [ 13.48702, 52.79743 ], [ 13.48609, 52.79763 ], [ 13.48575, 52.79765 ], [ 13.48498, 52.79754 ], [ 13.48454, 52.79754 ], [ 13.48414, 52.79749 ], [ 13.48384, 52.79776 ], [ 13.48364, 52.79776 ], [ 13.48347, 52.79766 ], [ 13.4835, 52.79759 ], [ 13.48387, 52.79747 ], [ 13.484, 52.79736 ], [ 13.48424, 52.79729 ], [ 13.48435, 52.79701 ], [ 13.48399, 52.79701 ], [ 13.48379, 52.79746 ], [ 13.48253, 52.79771 ], [ 13.48339, 52.79814 ], [ 13.48497, 52.79956 ], [ 13.4856, 52.79955 ], [ 13.48549, 52.79984 ], [ 13.48523, 52.80012 ], [ 13.48547, 52.80062 ], [ 13.48785, 52.80067 ], [ 13.48775, 52.80195 ], [ 13.48841, 52.80336 ], [ 13.48875, 52.80382 ], [ 13.48965, 52.8026 ], [ 13.49007, 52.80266 ], [ 13.48928, 52.80379 ], [ 13.49094, 52.80335 ], [ 13.49192, 52.80285 ], [ 13.4924, 52.80287 ], [ 13.49269, 52.80273 ], [ 13.49309, 52.80284 ], [ 13.49382, 52.80277 ], [ 13.49413, 52.80267 ], [ 13.49461, 52.802 ], [ 13.49389, 52.80176 ], [ 13.49471, 52.80071 ], [ 13.49449, 52.80059 ] ], [ [ 13.49265, 52.79883 ], [ 13.49312, 52.79896 ], [ 13.49193, 52.80047 ], [ 13.49166, 52.80039 ], [ 13.49152, 52.80022 ], [ 13.49265, 52.79883 ] ], [ [ 13.49357, 52.7987 ], [ 13.49348, 52.79882 ], [ 13.49332, 52.79885 ], [ 13.49312, 52.79879 ], [ 13.49307, 52.79869 ], [ 13.49316, 52.79858 ], [ 13.49333, 52.79854 ], [ 13.49349, 52.79858 ], [ 13.49357, 52.7987 ] ], [ [ 13.49254, 52.79848 ], [ 13.49248, 52.79858 ], [ 13.49228, 52.79863 ], [ 13.49209, 52.79857 ], [ 13.49204, 52.79847 ], [ 13.49213, 52.79836 ], [ 13.49229, 52.79832 ], [ 13.49246, 52.79836 ], [ 13.49254, 52.79848 ] ], [ [ 13.48677, 52.79994 ], [ 13.48671, 52.80003 ], [ 13.48652, 52.80009 ], [ 13.48632, 52.80003 ], [ 13.48627, 52.79993 ], [ 13.48636, 52.79981 ], [ 13.48653, 52.79978 ], [ 13.48669, 52.79982 ], [ 13.48677, 52.79994 ] ] ] } },
{ "type": "Feature", "properties": { "boden": "100 % mittel, mäßig frisch (M2g)" }, "geometry": { "type": "Polygon", "coordinates": [ [ [ 13.46829, 52.79965 ], [ 13.46743, 52.7998 ], [ 13.46678, 52.80002 ], [ 13.46628, 52.80009 ], [ 13.46545, 52.80042 ], [ 13.46529, 52.80044 ], [ 13.46507, 52.8004 ], [ 13.46495, 52.80025 ], [ 13.46484, 52.79992 ], [ 13.46357, 52.79986 ], [ 13.46361, 52.79995 ], [ 13.46355, 52.80005 ], [ 13.46336, 52.8001 ], [ 13.46314, 52.80001 ], [ 13.46246, 52.80175 ], [ 13.46473, 52.8019 ], [ 13.46521, 52.80065 ], [ 13.46733, 52.80078 ], [ 13.46749, 52.80021 ], [ 13.46885, 52.79975 ], [ 13.46911, 52.79959 ], [ 13.46829, 52.79965 ] ] ] } },
{ "type": "Feature", "properties": { "boden": "40 % ziemlich arm, mäßig frisch (Z2) · 30 % ziemlich arm, mäßig frisch (Z2) · 30 % arm, mäßig frisch (A2)" }, "geometry": { "type": "Polygon", "coordinates": [ [ [ 13.48328, 52.80043 ], [ 13.48455, 52.80152 ], [ 13.48495, 52.80133 ], [ 13.48538, 52.8017 ], [ 13.48496, 52.80189 ], [ 13.48692, 52.80363 ], [ 13.487, 52.80363 ], [ 13.4878, 52.80259 ], [ 13.48765, 52.80202 ], [ 13.48616, 52.80202 ], [ 13.48574, 52.8015 ], [ 13.48547, 52.80062 ], [ 13.48328, 52.80043 ] ] ] } },
{ "type": "Feature", "properties": { "boden": "100 % kräftig, nass (OK3)" }, "geometry": { "type": "Polygon", "coordinates": [ [ [ 13.50631, 52.80138 ], [ 13.50584, 52.80143 ], [ 13.50549, 52.80151 ], [ 13.50532, 52.80166 ], [ 13.50534, 52.80193 ], [ 13.50549, 52.80212 ], [ 13.50577, 52.8022 ], [ 13.50611, 52.80221 ], [ 13.50632, 52.80215 ], [ 13.50651, 52.80198 ], [ 13.50662, 52.80168 ], [ 13.50661, 52.80149 ], [ 13.5065, 52.80141 ], [ 13.50631, 52.80138 ] ] ] } },
{ "type": "Feature", "properties": { "boden": "100 % kräftig, nass (OK3)" }, "geometry": { "type": "Polygon", "coordinates": [ [ [ 13.51046, 52.80148 ], [ 13.51017, 52.80264 ], [ 13.51101, 52.80271 ], [ 13.51121, 52.80224 ], [ 13.51082, 52.80143 ], [ 13.51046, 52.80148 ] ] ] } },
{ "type": "Feature", "properties": { "boden": "100 % ziemlich arm, mäßig frisch (Z2g)" }, "geometry": { "type": "Polygon", "coordinates": [ [ [ 13.5121, 52.80262 ], [ 13.51282, 52.8011 ], [ 13.51187, 52.80091 ], [ 13.51112, 52.80114 ], [ 13.51062, 52.80146 ], [ 13.51082, 52.80143 ], [ 13.51121, 52.80224 ], [ 13.51101, 52.80271 ], [ 13.51132, 52.80279 ], [ 13.51138, 52.80288 ], [ 13.51132, 52.80298 ], [ 13.51112, 52.80303 ], [ 13.51056, 52.80296 ], [ 13.51037, 52.8029 ], [ 13.51032, 52.8028 ], [ 13.51046, 52.80268 ], [ 13.51017, 52.80264 ], [ 13.51002, 52.80302 ], [ 13.51074, 52.803 ], [ 13.51107, 52.80347 ], [ 13.51172, 52.80324 ], [ 13.51207, 52.80326 ], [ 13.5121, 52.80262 ] ] ] } },
{ "type": "Feature", "properties": { "boden": "100 % ziemlich arm, mäßig frisch (Z2g)" }, "geometry": { "type": "Polygon", "coordinates": [ [ [ 13.50639, 52.8012 ], [ 13.50557, 52.80114 ], [ 13.50292, 52.80179 ], [ 13.50173, 52.8022 ], [ 13.50235, 52.8023 ], [ 13.50324, 52.80264 ], [ 13.50389, 52.80307 ], [ 13.504, 52.80332 ], [ 13.50422, 52.80346 ], [ 13.50525, 52.80312 ], [ 13.50581, 52.80276 ], [ 13.50756, 52.80232 ], [ 13.50697, 52.80106 ], [ 13.50639, 52.8012 ] ], [ [ 13.50661, 52.80149 ], [ 13.50659, 52.8018 ], [ 13.50651, 52.80198 ], [ 13.50632, 52.80215 ], [ 13.50611, 52.80221 ], [ 13.50577, 52.8022 ], [ 13.50549, 52.80212 ], [ 13.50531, 52.80181 ], [ 13.50532, 52.80166 ], [ 13.50549, 52.80151 ], [ 13.50584, 52.80143 ], [ 13.50631, 52.80138 ], [ 13.5065, 52.80141 ], [ 13.50661, 52.80149 ] ] ] } },
{ "type": "Feature", "properties": { "boden": "40 % mittel, trocken (vermutet) (M3) · 40 % mittel, mäßig frisch (M2g) · 20 % mittel, trocken (vermutet) (M3)" }, "geometry": { "type": "Polygon", "coordinates": [ [ [ 13.50725, 52.80261 ], [ 13.50692, 52.80264 ], [ 13.5068, 52.8027 ], [ 13.50684, 52.8028 ], [ 13.50699, 52.80291 ], [ 13.50719, 52.8029 ], [ 13.50742, 52.80277 ], [ 13.50741, 52.80268 ], [ 13.50725, 52.80261 ] ] ] } },
{ "type": "Feature", "properties": { "boden": "100 % ziemlich arm, mäßig frisch (Z2g)" }, "geometry": { "type": "Polygon", "coordinates": [ [ [ 13.51101, 52.80271 ], [ 13.51041, 52.80269 ], [ 13.51032, 52.8028 ], [ 13.51037, 52.8029 ], [ 13.51112, 52.80303 ], [ 13.51132, 52.80298 ], [ 13.51138, 52.80288 ], [ 13.51132, 52.80279 ], [ 13.51101, 52.80271 ] ] ] } },
{ "type": "Feature", "properties": { "boden": "40 % mittel, trocken (vermutet) (M3) · 40 % mittel, mäßig frisch (M2g) · 20 % mittel, trocken (vermutet) (M3)" }, "geometry": { "type": "Polygon", "coordinates": [ [ [ 13.50559, 52.80341 ], [ 13.50596, 52.80339 ], [ 13.506, 52.80333 ], [ 13.50585, 52.8032 ], [ 13.50566, 52.80313 ], [ 13.50532, 52.80333 ], [ 13.50517, 52.80347 ], [ 13.50525, 52.80353 ], [ 13.50539, 52.80353 ], [ 13.50559, 52.80341 ] ] ] } },
{ "type": "Feature", "properties": { "boden": "40 % mittel, trocken (vermutet) (M3) · 40 % mittel, mäßig frisch (M2g) · 20 % mittel, trocken (vermutet) (M3)" }, "geometry": { "type": "Polygon", "coordinates": [ [ [ 13.50988, 52.8042 ], [ 13.51154, 52.80421 ], [ 13.51183, 52.80383 ], [ 13.51194, 52.80377 ], [ 13.5119, 52.80366 ], [ 13.51172, 52.8036 ], [ 13.51149, 52.80372 ], [ 13.51123, 52.80378 ], [ 13.50937, 52.80387 ], [ 13.50892, 52.804 ], [ 13.50873, 52.80413 ], [ 13.50884, 52.80423 ], [ 13.50924, 52.8043 ], [ 13.50988, 52.8042 ] ] ] } },
{ "type": "Feature", "properties": { "boden": "100 % kräftig, nass (OK3)" }, "geometry": { "type": "Polygon", "coordinates": [ [ [ 13.51107, 52.80347 ], [ 13.51074, 52.803 ], [ 13.50864, 52.80309 ], [ 13.50804, 52.80358 ], [ 13.50763, 52.80366 ], [ 13.5074, 52.80382 ], [ 13.50739, 52.804 ], [ 13.50714, 52.8042 ], [ 13.50695, 52.80419 ], [ 13.50671, 52.80473 ], [ 13.50706, 52.80487 ], [ 13.50818, 52.80441 ], [ 13.50825, 52.80407 ], [ 13.50898, 52.80377 ], [ 13.51107, 52.80347 ] ] ] } },
{ "type": "Feature", "properties": { "boden": "40 % mittel, trocken (vermutet) (M3) · 40 % mittel, mäßig frisch (M2g) · 20 % mittel, trocken (vermutet) (M3)" }, "geometry": { "type": "Polygon", "coordinates": [ [ [ 13.51293, 52.80448 ], [ 13.51265, 52.80432 ], [ 13.51258, 52.80435 ], [ 13.51255, 52.80452 ], [ 13.51264, 52.80463 ], [ 13.51284, 52.80461 ], [ 13.51292, 52.80455 ], [ 13.51293, 52.80448 ] ] ] } },
{ "type": "Feature", "properties": { "boden": "80 % arm, mäßig frisch (A2) · 20 % ziemlich arm, mäßig frisch (Z2)" }, "geometry": { "type": "Polygon", "coordinates": [ [ [ 13.50453, 52.80538 ], [ 13.50464, 52.80512 ], [ 13.50458, 52.80458 ], [ 13.50411, 52.80364 ], [ 13.50422, 52.80346 ], [ 13.504, 52.80332 ], [ 13.50391, 52.80346 ], [ 13.50224, 52.80399 ], [ 13.50191, 52.80516 ], [ 13.50153, 52.80532 ], [ 13.50055, 52.80551 ], [ 13.50058, 52.80556 ], [ 13.50146, 52.80551 ], [ 13.50193, 52.80554 ], [ 13.50219, 52.80567 ], [ 13.50243, 52.80594 ], [ 13.50177, 52.80566 ], [ 13.50186, 52.80594 ], [ 13.50165, 52.80599 ], [ 13.50089, 52.80601 ], [ 13.501, 52.80616 ], [ 13.50248, 52.80624 ], [ 13.50318, 52.80603 ], [ 13.50297, 52.8057 ], [ 13.50453, 52.80538 ] ], [ [ 13.50394, 52.80548 ], [ 13.50375, 52.80547 ], [ 13.50374, 52.80543 ], [ 13.5039, 52.80542 ], [ 13.50424, 52.80524 ], [ 13.50452, 52.80527 ], [ 13.50446, 52.80538 ], [ 13.50402, 52.80543 ], [ 13.50394, 52.80548 ] ] ] } },
{ "type": "Feature", "properties": { "boden": "40 % mittel, mäßig frisch (M2) · 40 % mittel, mäßig frisch (M2g) · 20 % mittel, mäßig frisch (M2)" }, "geometry": { "type": "Polygon", "coordinates": [ [ [ 13.51046, 52.80799 ], [ 13.51069, 52.80775 ], [ 13.51094, 52.80761 ], [ 13.51125, 52.80752 ], [ 13.51156, 52.8075 ], [ 13.51244, 52.80756 ], [ 13.5128, 52.80752 ], [ 13.51398, 52.80714 ], [ 13.51544, 52.80651 ], [ 13.5165, 52.8065 ], [ 13.51651, 52.80623 ], [ 13.51626, 52.80612 ], [ 13.51614, 52.80591 ], [ 13.51599, 52.80584 ], [ 13.51544, 52.80583 ], [ 13.5152, 52.80588 ], [ 13.51433, 52.80588 ], [ 13.5137, 52.80595 ], [ 13.51306, 52.80588 ], [ 13.51219, 52.80593 ], [ 13.51206, 52.8059 ], [ 13.51218, 52.80568 ], [ 13.51262, 52.8055 ], [ 13.51299, 52.80545 ], [ 13.51306, 52.8055 ], [ 13.5133, 52.80549 ], [ 13.51348, 52.80556 ], [ 13.51381, 52.8056 ], [ 13.51388, 52.80555 ], [ 13.51379, 52.80546 ], [ 13.51384, 52.80544 ], [ 13.51502, 52.80553 ], [ 13.51569, 52.80564 ], [ 13.51622, 52.80582 ], [ 13.51652, 52.80587 ], [ 13.51653, 52.80552 ], [ 13.51599, 52.80549 ], [ 13.51648, 52.80325 ], [ 13.51557, 52.80296 ], [ 13.51485, 52.80299 ], [ 13.51447, 52.80308 ], [ 13.51363, 52.80379 ], [ 13.51354, 52.80456 ], [ 13.51337, 52.80487 ], [ 13.51318, 52.80463 ], [ 13.51293, 52.80448 ], [ 13.51284, 52.80461 ], [ 13.5126, 52.80461 ], [ 13.51256, 52.80438 ], [ 13.51265, 52.80432 ], [ 13.51256, 52.80396 ], [ 13.5126, 52.80378 ], [ 13.51249, 52.80369 ], [ 13.51242, 52.80345 ], [ 13.51221, 52.80326 ], [ 13.51172, 52.80324 ], [ 13.51107, 52.80347 ], [ 13.50898, 52.80377 ], [ 13.50825, 52.80407 ], [ 13.50818, 52.80441 ], [ 13.50706, 52.80487 ], [ 13.50671, 52.80473 ], [ 13.50695, 52.80419 ], [ 13.50714, 52.8042 ], [ 13.50739, 52.804 ], [ 13.5074, 52.80382 ], [ 13.50763, 52.80366 ], [ 13.50804, 52.80358 ], [ 13.50864, 52.80309 ], [ 13.51002, 52.80302 ], [ 13.51046, 52.80148 ], [ 13.51062, 52.80146 ], [ 13.51102, 52.8012 ], [ 13.50906, 52.80144 ], [ 13.50751, 52.80111 ], [ 13.50697, 52.80106 ], [ 13.50756, 52.80232 ], [ 13.50581, 52.80276 ], [ 13.50525, 52.80312 ], [ 13.50422, 52.80346 ], [ 13.50411, 52.80364 ], [ 13.50458, 52.80458 ], [ 13.50464, 52.80512 ], [ 13.50453, 52.80538 ], [ 13.50443, 52.80599 ], [ 13.50393, 52.80696 ], [ 13.50373, 52.80761 ], [ 13.50376, 52.80788 ], [ 13.50393, 52.80826 ], [ 13.50448, 52.80859 ], [ 13.50528, 52.80853 ], [ 13.50648, 52.80812 ], [ 13.50597, 52.8081 ], [ 13.50536, 52.80825 ], [ 13.50466, 52.80828 ], [ 13.50451, 52.80823 ], [ 13.50449, 52.80815 ], [ 13.50465, 52.80801 ], [ 13.50538, 52.80787 ], [ 13.50588, 52.80784 ], [ 13.50683, 52.80763 ], [ 13.50726, 52.80763 ], [ 13.50734, 52.80769 ], [ 13.50736, 52.80783 ], [ 13.50766, 52.8077 ], [ 13.50808, 52.80771 ], [ 13.50817, 52.8078 ], [ 13.50814, 52.80801 ], [ 13.50786, 52.80823 ], [ 13.50724, 52.8089 ], [ 13.50698, 52.80902 ], [ 13.50848, 52.80914 ], [ 13.50871, 52.80907 ], [ 13.50982, 52.80844 ], [ 13.51033, 52.80829 ], [ 13.51046, 52.80799 ] ], [ [ 13.50627, 52.8058 ], [ 13.50642, 52.80592 ], [ 13.5064, 52.80599 ], [ 13.50619, 52.80611 ], [ 13.50557, 52.80626 ], [ 13.50534, 52.80637 ], [ 13.50528, 52.80657 ], [ 13.50546, 52.8067 ], [ 13.50546, 52.8068 ], [ 13.50528, 52.80704 ], [ 13.5049, 52.80712 ], [ 13.50483, 52.80705 ], [ 13.50485, 52.80677 ], [ 13.50476, 52.80666 ], [ 13.50474, 52.80647 ], [ 13.5048, 52.80637 ], [ 13.50498, 52.8063 ], [ 13.50504, 52.80622 ], [ 13.50472, 52.80598 ], [ 13.50478, 52.80585 ], [ 13.50512, 52.80571 ], [ 13.5057, 52.80568 ], [ 13.50593, 52.8057 ], [ 13.50627, 52.8058 ] ], [ [ 13.50719, 52.80566 ], [ 13.50706, 52.80557 ], [ 13.50722, 52.80544 ], [ 13.50699, 52.80528 ], [ 13.50694, 52.80518 ], [ 13.50727, 52.8051 ], [ 13.50743, 52.80502 ], [ 13.50772, 52.80498 ], [ 13.50826, 52.805 ], [ 13.50916, 52.80531 ], [ 13.50876, 52.80566 ], [ 13.50771, 52.80565 ], [ 13.50736, 52.80569 ], [ 13.50719, 52.80566 ] ], [ [ 13.51101, 52.80552 ], [ 13.51109, 52.80566 ], [ 13.51107, 52.80573 ], [ 13.51092, 52.80574 ], [ 13.51032, 52.80563 ], [ 13.51032, 52.80559 ], [ 13.51062, 52.80548 ], [ 13.51079, 52.80546 ], [ 13.51101, 52.80552 ] ], [ [ 13.50539, 52.80353 ], [ 13.50525, 52.80353 ], [ 13.50517, 52.80347 ], [ 13.50523, 52.80339 ], [ 13.50553, 52.80319 ], [ 13.50566, 52.80313 ], [ 13.50574, 52.80315 ], [ 13.50601, 52.80335 ], [ 13.50559, 52.80341 ], [ 13.50539, 52.80353 ] ], [ [ 13.50741, 52.80268 ], [ 13.50742, 52.80277 ], [ 13.50709, 52.80292 ], [ 13.50691, 52.80287 ], [ 13.5068, 52.80274 ], [ 13.50684, 52.80266 ], [ 13.50708, 52.80262 ], [ 13.50725, 52.80261 ], [ 13.50741, 52.80268 ] ], [ [ 13.50855, 52.80176 ], [ 13.5085, 52.80184 ], [ 13.50823, 52.80184 ], [ 13.50779, 52.80163 ], [ 13.50745, 52.80161 ], [ 13.50743, 52.80157 ], [ 13.50754, 52.80147 ], [ 13.50828, 52.80152 ], [ 13.50847, 52.80162 ], [ 13.50855, 52.80176 ] ], [ [ 13.50969, 52.80422 ], [ 13.50924, 52.8043 ], [ 13.50903, 52.80429 ], [ 13.50875, 52.80418 ], [ 13.50873, 52.80413 ], [ 13.50913, 52.80392 ], [ 13.50964, 52.80383 ], [ 13.51123, 52.80378 ], [ 13.51149, 52.80372 ], [ 13.51172, 52.8036 ], [ 13.51195, 52.80371 ], [ 13.51154, 52.80421 ], [ 13.50969, 52.80422 ] ] ] } },
{ "type": "Feature", "properties": { "boden": "40 % mittel, trocken (vermutet) (M3) · 40 % mittel, mäßig frisch (M2g) · 20 % mittel, trocken (vermutet) (M3)" }, "geometry": { "type": "Polygon", "coordinates": [ [ [ 13.50771, 52.80565 ], [ 13.50876, 52.80566 ], [ 13.50916, 52.80531 ], [ 13.50897, 52.80522 ], [ 13.50812, 52.80498 ], [ 13.50743, 52.80502 ], [ 13.50727, 52.8051 ], [ 13.507, 52.80514 ], [ 13.50694, 52.80521 ], [ 13.50722, 52.80544 ], [ 13.50707, 52.8056 ], [ 13.50736, 52.80569 ], [ 13.50771, 52.80565 ] ] ] } },
{ "type": "Feature", "properties": { "boden": "80 % arm, mäßig frisch (A2) · 20 % ziemlich arm, mäßig frisch (Z2)" }, "geometry": { "type": "Polygon", "coordinates": [ [ [ 13.50439, 52.8054 ], [ 13.50451, 52.80534 ], [ 13.50452, 52.80527 ], [ 13.50442, 52.80523 ], [ 13.50424, 52.80524 ], [ 13.5039, 52.80542 ], [ 13.50374, 52.80543 ], [ 13.50387, 52.80549 ], [ 13.50402, 52.80543 ], [ 13.50439, 52.8054 ] ] ] } },
{ "type": "Feature", "properties": { "boden": "40 % mittel, trocken (vermutet) (M3) · 40 % mittel, mäßig frisch (M2g) · 20 % mittel, trocken (vermutet) (M3)" }, "geometry": { "type": "Polygon", "coordinates": [ [ [ 13.51079, 52.80546 ], [ 13.51042, 52.80554 ], [ 13.51032, 52.80563 ], [ 13.51092, 52.80574 ], [ 13.51107, 52.80573 ], [ 13.51109, 52.80566 ], [ 13.51101, 52.80552 ], [ 13.51079, 52.80546 ] ] ] } },
{ "type": "Feature", "properties": { "boden": "80 % arm, trocken (vermutet) (A3) · 20 % ziemlich arm, trocken (vermutet) (Z3)" }, "geometry": { "type": "Polygon", "coordinates": [ [ [ 13.50089, 52.80601 ], [ 13.50179, 52.80597 ], [ 13.50186, 52.80594 ], [ 13.50177, 52.80566 ], [ 13.50243, 52.80594 ], [ 13.50219, 52.80567 ], [ 13.50193, 52.80554 ], [ 13.50146, 52.80551 ], [ 13.50058, 52.80556 ], [ 13.50089, 52.80601 ] ] ] } },
{ "type": "Feature", "properties": { "boden": "80 % arm, trocken (vermutet) (A3) · 20 % ziemlich arm, trocken (vermutet) (Z3)" }, "geometry": { "type": "Polygon", "coordinates": [ [ [ 13.49902, 52.80579 ], [ 13.49791, 52.80588 ], [ 13.49671, 52.80607 ], [ 13.49642, 52.80617 ], [ 13.49661, 52.80629 ], [ 13.49688, 52.80629 ], [ 13.49831, 52.8062 ], [ 13.49866, 52.80614 ], [ 13.49871, 52.80609 ], [ 13.49917, 52.80612 ], [ 13.49902, 52.80579 ] ] ] } },
{ "type": "Feature", "properties": { "boden": "80 % arm, mäßig frisch (A2) · 20 % ziemlich arm, mäßig frisch (Z2)" }, "geometry": { "type": "Polygon", "coordinates": [ [ [ 13.50212, 52.80635 ], [ 13.50248, 52.80624 ], [ 13.501, 52.80616 ], [ 13.50109, 52.80628 ], [ 13.50058, 52.80647 ], [ 13.50217, 52.8064 ], [ 13.50212, 52.80635 ] ] ] } },
{ "type": "Feature", "properties": { "boden": "40 % mittel, trocken (vermutet) (M3) · 40 % mittel, mäßig frisch (M2g) · 20 % mittel, trocken (vermutet) (M3)" }, "geometry": { "type": "Polygon", "coordinates": [ [ [ 13.5058, 52.80568 ], [ 13.50512, 52.80571 ], [ 13.50472, 52.80592 ], [ 13.50477, 52.80604 ], [ 13.50504, 52.80622 ], [ 13.50498, 52.8063 ], [ 13.5048, 52.80637 ], [ 13.50474, 52.80647 ], [ 13.50476, 52.80666 ], [ 13.50485, 52.80677 ], [ 13.50483, 52.80705 ], [ 13.5049, 52.80712 ], [ 13.50528, 52.80704 ], [ 13.50546, 52.8068 ], [ 13.50546, 52.8067 ], [ 13.50528, 52.80657 ], [ 13.50534, 52.80637 ], [ 13.50557, 52.80626 ], [ 13.50619, 52.80611 ], [ 13.5064, 52.80599 ], [ 13.50642, 52.80592 ], [ 13.50627, 52.8058 ], [ 13.5058, 52.80568 ] ] ] } },
{ "type": "Feature", "properties": { "boden": "80 % arm, mäßig frisch (A2) · 20 % ziemlich arm, mäßig frisch (Z2)" }, "geometry": { "type": "Polygon", "coordinates": [ [ [ 13.49932, 52.80644 ], [ 13.49929, 52.80637 ], [ 13.49907, 52.80642 ], [ 13.49852, 52.80635 ], [ 13.49777, 52.80642 ], [ 13.49746, 52.80637 ], [ 13.49733, 52.80643 ], [ 13.49756, 52.80655 ], [ 13.49784, 52.80657 ], [ 13.49843, 52.80655 ], [ 13.49932, 52.80644 ] ] ] } },
{ "type": "Feature", "properties": { "boden": "100 % mittel, mäßig frisch (M2)" }, "geometry": { "type": "Polygon", "coordinates": [ [ [ 13.51544, 52.80651 ], [ 13.51398, 52.80714 ], [ 13.5128, 52.80752 ], [ 13.51202, 52.80755 ], [ 13.51156, 52.8075 ], [ 13.51125, 52.80752 ], [ 13.51094, 52.80761 ], [ 13.51069, 52.80775 ], [ 13.51046, 52.80799 ], [ 13.51033, 52.80829 ], [ 13.51074, 52.80821 ], [ 13.51236, 52.8082 ], [ 13.51471, 52.80767 ], [ 13.51646, 52.80765 ], [ 13.5165, 52.8065 ], [ 13.51544, 52.80651 ] ] ] } },
{ "type": "Feature", "properties": { "boden": "100 % ziemlich arm, frisch (Z1)" }, "geometry": { "type": "Polygon", "coordinates": [ [ [ 13.51646, 52.80765 ], [ 13.51471, 52.80767 ], [ 13.51236, 52.8082 ], [ 13.51074, 52.80821 ], [ 13.51033, 52.80829 ], [ 13.50982, 52.80844 ], [ 13.50871, 52.80907 ], [ 13.50848, 52.80914 ], [ 13.50786, 52.80907 ], [ 13.50733, 52.80907 ], [ 13.50669, 52.80898 ], [ 13.5083, 52.81033 ], [ 13.50947, 52.80999 ], [ 13.50907, 52.80953 ], [ 13.51023, 52.80924 ], [ 13.51576, 52.80819 ], [ 13.51585, 52.80874 ], [ 13.51625, 52.80907 ], [ 13.51641, 52.80912 ], [ 13.51646, 52.80765 ] ] ] } },
{ "type": "Feature", "properties": { "boden": "100 % ziemlich arm, mäßig frisch (Z2g)" }, "geometry": { "type": "Polygon", "coordinates": [ [ [ 13.51594, 52.8108 ], [ 13.51634, 52.81105 ], [ 13.51635, 52.81075 ], [ 13.51594, 52.8108 ] ] ] } },
{ "type": "Feature", "properties": { "boden": "100 % ziemlich arm, mäßig frisch (Z2)" }, "geometry": { "type": "Polygon", "coordinates": [ [ [ 13.47134, 52.8044 ], [ 13.47227, 52.80434 ], [ 13.47236, 52.80386 ], [ 13.46931, 52.80359 ], [ 13.46909, 52.80427 ], [ 13.46873, 52.80432 ], [ 13.46854, 52.80493 ], [ 13.47134, 52.8044 ] ] ] } },
{ "type": "Feature", "properties": { "boden": "100 % mittel, mäßig frisch (M2)" }, "geometry": { "type": "Polygon", "coordinates": [ [ [ 13.46693, 52.80524 ], [ 13.46478, 52.80525 ], [ 13.46517, 52.804 ], [ 13.4637, 52.80477 ], [ 13.46341, 52.80483 ], [ 13.46187, 52.80491 ], [ 13.45815, 52.80476 ], [ 13.45772, 52.8058 ], [ 13.45879, 52.80586 ], [ 13.4607, 52.80579 ], [ 13.46144, 52.80585 ], [ 13.4626, 52.80525 ], [ 13.46483, 52.80538 ], [ 13.46463, 52.80584 ], [ 13.46356, 52.80579 ], [ 13.46354, 52.80606 ], [ 13.46468, 52.80612 ], [ 13.46579, 52.80587 ], [ 13.46832, 52.80521 ], [ 13.46839, 52.805 ], [ 13.46693, 52.80524 ] ] ] } },
{ "type": "Feature", "properties": { "boden": "100 % ziemlich arm, mäßig frisch (Z2)" }, "geometry": { "type": "Polygon", "coordinates": [ [ [ 13.47134, 52.8044 ], [ 13.46908, 52.80482 ], [ 13.46907, 52.80509 ], [ 13.46891, 52.80535 ], [ 13.46816, 52.80574 ], [ 13.46791, 52.80657 ], [ 13.46803, 52.80649 ], [ 13.46802, 52.80652 ], [ 13.46948, 52.8067 ], [ 13.46961, 52.8063 ], [ 13.47076, 52.8065 ], [ 13.4709, 52.80662 ], [ 13.4715, 52.80669 ], [ 13.4712, 52.80748 ], [ 13.47188, 52.80757 ], [ 13.47218, 52.80667 ], [ 13.47289, 52.80651 ], [ 13.47304, 52.80583 ], [ 13.47387, 52.80592 ], [ 13.47399, 52.8055 ], [ 13.4758, 52.80573 ], [ 13.47589, 52.80528 ], [ 13.47636, 52.80403 ], [ 13.47584, 52.80398 ], [ 13.47571, 52.80441 ], [ 13.47548, 52.80438 ], [ 13.4755, 52.8043 ], [ 13.47456, 52.80421 ], [ 13.47435, 52.80483 ], [ 13.47383, 52.80479 ], [ 13.47391, 52.80452 ], [ 13.47347, 52.80448 ], [ 13.47348, 52.80427 ], [ 13.47296, 52.80424 ], [ 13.47291, 52.80437 ], [ 13.47227, 52.80434 ], [ 13.47134, 52.8044 ] ] ] } },
{ "type": "Feature", "properties": { "boden": "80 % arm, mäßig frisch (A2) · 20 % ziemlich arm, mäßig frisch (Z2)" }, "geometry": { "type": "Polygon", "coordinates": [ [ [ 13.49913, 52.80648 ], [ 13.49843, 52.80655 ], [ 13.49784, 52.80657 ], [ 13.49756, 52.80655 ], [ 13.49733, 52.80643 ], [ 13.49746, 52.80637 ], [ 13.49777, 52.80642 ], [ 13.49852, 52.80635 ], [ 13.49907, 52.80642 ], [ 13.49929, 52.80637 ], [ 13.49917, 52.80612 ], [ 13.49871, 52.80609 ], [ 13.49866, 52.80614 ], [ 13.49831, 52.8062 ], [ 13.49661, 52.80629 ], [ 13.49642, 52.80617 ], [ 13.49671, 52.80607 ], [ 13.49507, 52.80648 ], [ 13.49517, 52.80662 ], [ 13.49633, 52.80651 ], [ 13.49793, 52.80658 ], [ 13.49889, 52.80653 ], [ 13.49913, 52.80648 ] ] ] } },
{ "type": "Feature", "properties": { "boden": "100 % ziemlich arm, mäßig frisch (Z2g)" }, "geometry": { "type": "Polygon", "coordinates": [ [ [ 13.48604, 52.80817 ], [ 13.48617, 52.80823 ], [ 13.48749, 52.80777 ], [ 13.48809, 52.80784 ], [ 13.48863, 52.80769 ], [ 13.4887, 52.80792 ], [ 13.48894, 52.80816 ], [ 13.49083, 52.80741 ], [ 13.48854, 52.80534 ], [ 13.48964, 52.8049 ], [ 13.49008, 52.80519 ], [ 13.49027, 52.80515 ], [ 13.49184, 52.80657 ], [ 13.4921, 52.80668 ], [ 13.49316, 52.80676 ], [ 13.49347, 52.8067 ], [ 13.49103, 52.80431 ], [ 13.48945, 52.8041 ], [ 13.4878, 52.80443 ], [ 13.48786, 52.80472 ], [ 13.48759, 52.80503 ], [ 13.48662, 52.80513 ], [ 13.48638, 52.80554 ], [ 13.48583, 52.80561 ], [ 13.48545, 52.80615 ], [ 13.48592, 52.80635 ], [ 13.48632, 52.80619 ], [ 13.4873, 52.80659 ], [ 13.48746, 52.80671 ], [ 13.48704, 52.80681 ], [ 13.48716, 52.8069 ], [ 13.48797, 52.80671 ], [ 13.48782, 52.80634 ], [ 13.48811, 52.80629 ], [ 13.48838, 52.80688 ], [ 13.48814, 52.80699 ], [ 13.48793, 52.80736 ], [ 13.48716, 52.80756 ], [ 13.48695, 52.80733 ], [ 13.48489, 52.80794 ], [ 13.48499, 52.80821 ], [ 13.4853, 52.80848 ], [ 13.48604, 52.80817 ] ] ] } },
{ "type": "Feature", "properties": { "boden": "50 % ziemlich arm, mäßig frisch (Z2g) · 50 % ziemlich arm, mäßig frisch (Z2g)" }, "geometry": { "type": "Polygon", "coordinates": [ [ [ 13.46816, 52.80574 ], [ 13.46891, 52.80535 ], [ 13.46907, 52.80509 ], [ 13.46908, 52.80482 ], [ 13.46854, 52.80493 ], [ 13.46852, 52.80498 ], [ 13.46839, 52.805 ], [ 13.46832, 52.80521 ], [ 13.46579, 52.80587 ], [ 13.46468, 52.80612 ], [ 13.46235, 52.80604 ], [ 13.46118, 52.80609 ], [ 13.4605, 52.80643 ], [ 13.45667, 52.80745 ], [ 13.45699, 52.80763 ], [ 13.45867, 52.80768 ], [ 13.45853, 52.80764 ], [ 13.45847, 52.80754 ], [ 13.45857, 52.80742 ], [ 13.46002, 52.80712 ], [ 13.46021, 52.80717 ], [ 13.46027, 52.80727 ], [ 13.46021, 52.80737 ], [ 13.45876, 52.80769 ], [ 13.4593, 52.80776 ], [ 13.46113, 52.80775 ], [ 13.46167, 52.8078 ], [ 13.46257, 52.80773 ], [ 13.46481, 52.8074 ], [ 13.46483, 52.80715 ], [ 13.46585, 52.8071 ], [ 13.46784, 52.8068 ], [ 13.46816, 52.80574 ] ] ] } },
{ "type": "Feature", "properties": { "boden": "100 % mittel, frisch (M1)" }, "geometry": { "type": "Polygon", "coordinates": [ [ [ 13.49404, 52.81024 ], [ 13.49348, 52.80975 ], [ 13.49166, 52.81002 ], [ 13.49225, 52.81012 ], [ 13.49193, 52.8102 ], [ 13.49136, 52.81009 ], [ 13.49071, 52.81054 ], [ 13.49404, 52.81024 ] ] ] } },
{ "type": "Feature", "properties": { "boden": "100 % mittel, mäßig frisch (M2g)" }, "geometry": { "type": "Polygon", "coordinates": [ [ [ 13.49641, 52.81252 ], [ 13.49575, 52.81253 ], [ 13.49519, 52.81266 ], [ 13.49369, 52.81312 ], [ 13.49397, 52.81328 ], [ 13.49418, 52.81347 ], [ 13.49455, 52.81333 ], [ 13.49629, 52.81285 ], [ 13.4966, 52.81268 ], [ 13.4966, 52.81257 ], [ 13.49641, 52.81252 ] ] ] } },
{ "type": "Feature", "properties": { "boden": "100 % mittel, mäßig frisch (M2g)" }, "geometry": { "type": "Polygon", "coordinates": [ [ [ 13.49649, 52.81529 ], [ 13.49648, 52.81507 ], [ 13.49629, 52.81486 ], [ 13.49589, 52.8148 ], [ 13.49567, 52.81481 ], [ 13.49452, 52.81524 ], [ 13.49294, 52.81606 ], [ 13.49339, 52.81621 ], [ 13.49353, 52.81641 ], [ 13.49448, 52.81592 ], [ 13.49511, 52.81573 ], [ 13.49631, 52.81549 ], [ 13.49649, 52.81529 ] ] ] } },
{ "type": "Feature", "properties": { "boden": "50 % kräftig, nass (NK2) · 50 % kräftig, nass (NK1)" }, "geometry": { "type": "Polygon", "coordinates": [ [ [ 13.49618, 52.81717 ], [ 13.49429, 52.81741 ], [ 13.49176, 52.81765 ], [ 13.49142, 52.81772 ], [ 13.49137, 52.81783 ], [ 13.49141, 52.81787 ], [ 13.49238, 52.81808 ], [ 13.49275, 52.81834 ], [ 13.49317, 52.81847 ], [ 13.49428, 52.81867 ], [ 13.49581, 52.81912 ], [ 13.49773, 52.81941 ], [ 13.49806, 52.8168 ], [ 13.49618, 52.81717 ] ] ] } },
{ "type": "Feature", "properties": { "boden": "80 % arm, mäßig frisch (A2) · 20 % ziemlich arm, mäßig frisch (Z2)" }, "geometry": { "type": "Polygon", "coordinates": [ [ [ 13.50217, 52.8064 ], [ 13.50058, 52.80647 ], [ 13.49994, 52.80671 ], [ 13.50093, 52.80746 ], [ 13.50209, 52.80718 ], [ 13.50257, 52.80683 ], [ 13.50217, 52.8064 ] ] ] } },
{ "type": "Feature", "properties": { "boden": "40 % mittel, trocken (vermutet) (M3) · 40 % mittel, mäßig frisch (M2g) · 20 % mittel, trocken (vermutet) (M3)" }, "geometry": { "type": "Polygon", "coordinates": [ [ [ 13.50681, 52.80806 ], [ 13.50736, 52.80783 ], [ 13.50732, 52.80765 ], [ 13.50683, 52.80763 ], [ 13.50588, 52.80784 ], [ 13.50538, 52.80787 ], [ 13.50522, 52.80792 ], [ 13.50481, 52.80796 ], [ 13.50449, 52.80815 ], [ 13.50451, 52.80823 ], [ 13.50466, 52.80828 ], [ 13.50503, 52.80828 ], [ 13.50536, 52.80825 ], [ 13.50597, 52.8081 ], [ 13.50648, 52.80812 ], [ 13.50681, 52.80806 ] ] ] } },
{ "type": "Feature", "properties": { "boden": "100 % kräftig, nass (OK4)" }, "geometry": { "type": "Polygon", "coordinates": [ [ [ 13.50681, 52.80806 ], [ 13.50639, 52.80814 ], [ 13.50528, 52.80853 ], [ 13.50669, 52.80898 ], [ 13.50698, 52.80902 ], [ 13.50724, 52.8089 ], [ 13.50786, 52.80823 ], [ 13.50814, 52.80801 ], [ 13.50817, 52.8078 ], [ 13.50808, 52.80771 ], [ 13.50766, 52.8077 ], [ 13.50681, 52.80806 ] ] ] } },
{ "type": "Feature", "properties": { "boden": "100 % ziemlich arm, frisch (Z1)" }, "geometry": { "type": "Polygon", "coordinates": [ [ [ 13.50243, 52.80975 ], [ 13.50195, 52.80936 ], [ 13.50124, 52.80961 ], [ 13.50065, 52.80964 ], [ 13.50043, 52.80971 ], [ 13.50017, 52.80965 ], [ 13.4988, 52.80967 ], [ 13.49755, 52.80975 ], [ 13.49852, 52.81062 ], [ 13.49951, 52.81029 ], [ 13.49997, 52.81069 ], [ 13.50243, 52.80975 ] ] ] } },
{ "type": "Feature", "properties": { "boden": "100 % ziemlich arm, frisch (Z1)" }, "geometry": { "type": "Polygon", "coordinates": [ [ [ 13.51137, 52.81065 ], [ 13.5113, 52.81067 ], [ 13.50958, 52.81109 ], [ 13.51026, 52.8113 ], [ 13.51154, 52.81152 ], [ 13.51187, 52.81136 ], [ 13.51137, 52.81065 ] ] ] } },
{ "type": "Feature", "properties": { "boden": "100 % mittel, frisch (M1)" }, "geometry": { "type": "Polygon", "coordinates": [ [ [ 13.49783, 52.81436 ], [ 13.49751, 52.81434 ], [ 13.49733, 52.8145 ], [ 13.49743, 52.81465 ], [ 13.49768, 52.8147 ], [ 13.49787, 52.81465 ], [ 13.49796, 52.81452 ], [ 13.49783, 52.81436 ] ] ] } },
{ "type": "Feature", "properties": { "boden": "100 % kräftig, nass (NK1)" }, "geometry": { "type": "Polygon", "coordinates": [ [ [ 13.51182, 52.81989 ], [ 13.51062, 52.82004 ], [ 13.51158, 52.8211 ], [ 13.51268, 52.82109 ], [ 13.51346, 52.82171 ], [ 13.51327, 52.81987 ], [ 13.51183, 52.81977 ], [ 13.51182, 52.81989 ] ] ] } },
{ "type": "Feature", "properties": { "boden": "100 % kräftig, nass (NK0)" }, "geometry": { "type": "Polygon", "coordinates": [ [ [ 13.49787, 52.82054 ], [ 13.49695, 52.82052 ], [ 13.49613, 52.82059 ], [ 13.49598, 52.82065 ], [ 13.49622, 52.82169 ], [ 13.49629, 52.82176 ], [ 13.49729, 52.82178 ], [ 13.49788, 52.82183 ], [ 13.49797, 52.8218 ], [ 13.49778, 52.82149 ], [ 13.49801, 52.82136 ], [ 13.49782, 52.82117 ], [ 13.49777, 52.82099 ], [ 13.49787, 52.82054 ] ] ] } },
{ "type": "Feature", "properties": { "boden": "100 % kräftig, nass (NK2)" }, "geometry": { "type": "Polygon", "coordinates": [ [ [ 13.50176, 52.82325 ], [ 13.50171, 52.82303 ], [ 13.50256, 52.82284 ], [ 13.50256, 52.82278 ], [ 13.5034, 52.8226 ], [ 13.50385, 52.82183 ], [ 13.50517, 52.82172 ], [ 13.50666, 52.82138 ], [ 13.50683, 52.82088 ], [ 13.50637, 52.82087 ], [ 13.50604, 52.82092 ], [ 13.5042, 52.82134 ], [ 13.50403, 52.82131 ], [ 13.50292, 52.82178 ], [ 13.50241, 52.82181 ], [ 13.50261, 52.8225 ], [ 13.50028, 52.8231 ], [ 13.50084, 52.82355 ], [ 13.50098, 52.82345 ], [ 13.50176, 52.82325 ] ] ] } },
{ "type": "Feature", "properties": { "boden": "100 % mittel, frisch (M1)" }, "geometry": { "type": "Polygon", "coordinates": [ [ [ 13.50062, 52.82336 ], [ 13.49951, 52.82247 ], [ 13.49908, 52.82201 ], [ 13.499, 52.82199 ], [ 13.49659, 52.8223 ], [ 13.49657, 52.82217 ], [ 13.49788, 52.82183 ], [ 13.49729, 52.82178 ], [ 13.49629, 52.82176 ], [ 13.49622, 52.82169 ], [ 13.49604, 52.82087 ], [ 13.49528, 52.82099 ], [ 13.49447, 52.82174 ], [ 13.49436, 52.82209 ], [ 13.49453, 52.82235 ], [ 13.49455, 52.82262 ], [ 13.49553, 52.82258 ], [ 13.49645, 52.82265 ], [ 13.49675, 52.8227 ], [ 13.49688, 52.82289 ], [ 13.49711, 52.82301 ], [ 13.49901, 52.82335 ], [ 13.50077, 52.82354 ], [ 13.50062, 52.82342 ], [ 13.50062, 52.82336 ] ] ] } },
{ "type": "Feature", "properties": { "boden": "100 % kräftig, nass (NK2)" }, "geometry": { "type": "Polygon", "coordinates": [ [ [ 13.51062, 52.82213 ], [ 13.51001, 52.82165 ], [ 13.50933, 52.82151 ], [ 13.50847, 52.82155 ], [ 13.50774, 52.82133 ], [ 13.50759, 52.82094 ], [ 13.50724, 52.82088 ], [ 13.50683, 52.82088 ], [ 13.50666, 52.82138 ], [ 13.50517, 52.82172 ], [ 13.50385, 52.82183 ], [ 13.5027, 52.82372 ], [ 13.50366, 52.82372 ], [ 13.50484, 52.82337 ], [ 13.50552, 52.82329 ], [ 13.50635, 52.82326 ], [ 13.50792, 52.82334 ], [ 13.50924, 52.8235 ], [ 13.51163, 52.82389 ], [ 13.51062, 52.82213 ] ] ] } },
{ "type": "Feature", "properties": { "boden": "50 % ziemlich arm, trocken (vermutet) (Z3) · 50 % ziemlich arm, trocken (vermutet) (Z3)" }, "geometry": { "type": "Polygon", "coordinates": [ [ [ 13.49741, 52.82312 ], [ 13.49729, 52.82322 ], [ 13.49743, 52.82342 ], [ 13.49814, 52.82351 ], [ 13.49838, 52.82345 ], [ 13.49814, 52.8233 ], [ 13.49762, 52.82314 ], [ 13.49741, 52.82312 ] ] ] } },
{ "type": "Feature", "properties": { "boden": "100 % ziemlich arm, nass (NZ3)" }, "geometry": { "type": "Polygon", "coordinates": [ [ [ 13.51248, 52.82524 ], [ 13.51343, 52.82553 ], [ 13.51406, 52.82555 ], [ 13.5145, 52.82537 ], [ 13.51503, 52.82543 ], [ 13.51572, 52.82559 ], [ 13.51585, 52.82556 ], [ 13.51588, 52.82449 ], [ 13.51536, 52.82442 ], [ 13.51521, 52.8243 ], [ 13.5153, 52.82422 ], [ 13.51589, 52.82417 ], [ 13.51591, 52.82372 ], [ 13.51538, 52.82374 ], [ 13.51366, 52.82415 ], [ 13.51258, 52.82411 ], [ 13.5113, 52.82382 ], [ 13.50924, 52.8235 ], [ 13.50792, 52.82334 ], [ 13.50635, 52.82326 ], [ 13.50552, 52.82329 ], [ 13.50484, 52.82337 ], [ 13.50366, 52.82372 ], [ 13.50486, 52.8238 ], [ 13.50558, 52.82394 ], [ 13.50631, 52.82424 ], [ 13.50719, 52.82468 ], [ 13.50757, 52.82475 ], [ 13.50792, 52.82465 ], [ 13.50831, 52.8246 ], [ 13.5087, 52.82474 ], [ 13.50879, 52.82486 ], [ 13.50878, 52.82499 ], [ 13.50867, 52.82511 ], [ 13.50698, 52.82519 ], [ 13.5054, 52.8254 ], [ 13.50383, 52.82573 ], [ 13.50444, 52.82573 ], [ 13.50496, 52.82583 ], [ 13.50559, 52.8262 ], [ 13.50554, 52.82626 ], [ 13.5067, 52.82621 ], [ 13.50707, 52.82632 ], [ 13.50721, 52.82645 ], [ 13.50723, 52.82705 ], [ 13.50837, 52.82689 ], [ 13.50927, 52.82666 ], [ 13.50957, 52.82652 ], [ 13.50972, 52.82624 ], [ 13.50966, 52.82608 ], [ 13.50934, 52.82592 ], [ 13.50886, 52.82575 ], [ 13.50867, 52.82559 ], [ 13.50878, 52.82544 ], [ 13.50938, 52.82504 ], [ 13.50972, 52.8249 ], [ 13.51002, 52.82482 ], [ 13.51045, 52.82483 ], [ 13.51185, 52.8253 ], [ 13.51198, 52.82542 ], [ 13.51248, 52.82524 ] ] ] } },
{ "type": "Feature", "properties": { "boden": "60 % ziemlich arm, trocken (vermutet) (Z3) · 40 % mittel, mäßig frisch (M2g)" }, "geometry": { "type": "Polygon", "coordinates": [ [ [ 13.4986, 52.8254 ], [ 13.49842, 52.82541 ], [ 13.49828, 52.82551 ], [ 13.49836, 52.82568 ], [ 13.49851, 52.82577 ], [ 13.49912, 52.82585 ], [ 13.49918, 52.82569 ], [ 13.49914, 52.82557 ], [ 13.49905, 52.82549 ], [ 13.4986, 52.8254 ] ] ] } },
{ "type": "Feature", "properties": { "boden": "60 % ziemlich arm, mäßig frisch (Z2) · 40 % mittel, mäßig frisch (M2g)" }, "geometry": { "type": "Polygon", "coordinates": [ [ [ 13.50567, 52.82742 ], [ 13.50723, 52.82705 ], [ 13.50721, 52.82645 ], [ 13.50707, 52.82632 ], [ 13.50688, 52.82625 ], [ 13.5067, 52.82621 ], [ 13.50519, 52.82628 ], [ 13.50349, 52.82629 ], [ 13.50252, 52.82645 ], [ 13.50202, 52.82649 ], [ 13.50183, 52.82641 ], [ 13.50174, 52.82625 ], [ 13.50205, 52.82603 ], [ 13.50284, 52.82586 ], [ 13.50383, 52.82573 ], [ 13.5054, 52.8254 ], [ 13.50698, 52.82519 ], [ 13.50867, 52.82511 ], [ 13.50878, 52.82499 ], [ 13.50879, 52.82486 ], [ 13.5087, 52.82474 ], [ 13.50843, 52.82463 ], [ 13.50813, 52.82462 ], [ 13.50757, 52.82475 ], [ 13.50719, 52.82468 ], [ 13.50631, 52.82424 ], [ 13.50558, 52.82394 ], [ 13.50486, 52.8238 ], [ 13.50339, 52.82371 ], [ 13.50269, 52.82375 ], [ 13.50098, 52.82345 ], [ 13.50084, 52.82355 ], [ 13.50126, 52.82374 ], [ 13.50229, 52.82434 ], [ 13.50081, 52.82435 ], [ 13.49988, 52.82431 ], [ 13.49877, 52.8241 ], [ 13.49688, 52.82353 ], [ 13.49591, 52.82334 ], [ 13.49486, 52.82321 ], [ 13.49509, 52.82343 ], [ 13.49519, 52.82369 ], [ 13.49516, 52.82388 ], [ 13.49478, 52.82426 ], [ 13.49501, 52.82477 ], [ 13.49523, 52.82491 ], [ 13.49628, 52.82529 ], [ 13.4974, 52.82555 ], [ 13.49736, 52.82567 ], [ 13.4971, 52.82575 ], [ 13.4971, 52.82585 ], [ 13.49724, 52.82597 ], [ 13.49776, 52.82615 ], [ 13.49907, 52.82647 ], [ 13.50133, 52.8269 ], [ 13.5022, 52.82702 ], [ 13.50256, 52.82694 ], [ 13.50318, 52.82665 ], [ 13.50381, 52.82658 ], [ 13.50403, 52.82666 ], [ 13.50415, 52.82689 ], [ 13.50401, 52.82712 ], [ 13.50364, 52.8274 ], [ 13.50242, 52.82774 ], [ 13.50178, 52.82783 ], [ 13.50205, 52.8284 ], [ 13.50321, 52.82812 ], [ 13.5038, 52.82785 ], [ 13.50508, 52.82746 ], [ 13.50555, 52.82737 ], [ 13.50567, 52.82742 ] ], [ [ 13.50028, 52.82595 ], [ 13.50038, 52.82599 ], [ 13.50043, 52.82612 ], [ 13.50023, 52.82623 ], [ 13.49971, 52.8262 ], [ 13.49941, 52.8261 ], [ 13.49935, 52.82603 ], [ 13.49951, 52.82592 ], [ 13.50028, 52.82595 ] ], [ [ 13.49905, 52.82549 ], [ 13.49918, 52.82569 ], [ 13.49912, 52.82585 ], [ 13.49851, 52.82577 ], [ 13.49836, 52.82568 ], [ 13.49826, 52.82553 ], [ 13.49842, 52.82541 ], [ 13.49887, 52.82543 ], [ 13.49905, 52.82549 ] ], [ [ 13.49703, 52.82489 ], [ 13.49686, 52.82494 ], [ 13.49651, 52.82496 ], [ 13.49613, 52.82483 ], [ 13.49566, 52.82482 ], [ 13.49558, 52.82472 ], [ 13.49573, 52.8246 ], [ 13.49603, 52.82456 ], [ 13.49629, 52.82467 ], [ 13.49692, 52.82475 ], [ 13.49704, 52.8248 ], [ 13.49703, 52.82489 ] ] ] } },
{ "type": "Feature", "properties": { "boden": "100 % kräftig, nass (NK1)" }, "geometry": { "type": "Polygon", "coordinates": [ [ [ 13.50559, 52.8262 ], [ 13.50496, 52.82583 ], [ 13.50444, 52.82573 ], [ 13.50413, 52.82572 ], [ 13.50335, 52.82577 ], [ 13.50205, 52.82603 ], [ 13.5019, 52.82611 ], [ 13.50173, 52.8263 ], [ 13.50183, 52.82641 ], [ 13.50202, 52.82649 ], [ 13.50252, 52.82645 ], [ 13.50349, 52.82629 ], [ 13.50519, 52.82628 ], [ 13.50554, 52.82626 ], [ 13.50559, 52.8262 ] ] ] } },
{ "type": "Feature", "properties": { "boden": "60 % ziemlich arm, trocken (vermutet) (Z3) · 40 % mittel, mäßig frisch (M2g)" }, "geometry": { "type": "Polygon", "coordinates": [ [ [ 13.49976, 52.82591 ], [ 13.49938, 52.82597 ], [ 13.49935, 52.82603 ], [ 13.49941, 52.8261 ], [ 13.49997, 52.82624 ], [ 13.50023, 52.82623 ], [ 13.50039, 52.82617 ], [ 13.50043, 52.82605 ], [ 13.50038, 52.82599 ], [ 13.50013, 52.82593 ], [ 13.49976, 52.82591 ] ] ] } },
{ "type": "Feature", "properties": { "boden": "100 % kräftig, nass (NK2)" }, "geometry": { "type": "Polygon", "coordinates": [ [ [ 13.51186, 52.82769 ], [ 13.51096, 52.82756 ], [ 13.5109, 52.82711 ], [ 13.51066, 52.82678 ], [ 13.51139, 52.82562 ], [ 13.51198, 52.82542 ], [ 13.51185, 52.8253 ], [ 13.51102, 52.82499 ], [ 13.51045, 52.82483 ], [ 13.51002, 52.82482 ], [ 13.50938, 52.82504 ], [ 13.50878, 52.82544 ], [ 13.50867, 52.82559 ], [ 13.50886, 52.82575 ], [ 13.50934, 52.82592 ], [ 13.50966, 52.82608 ], [ 13.50972, 52.82624 ], [ 13.50957, 52.82652 ], [ 13.50927, 52.82666 ], [ 13.50837, 52.82689 ], [ 13.50723, 52.82705 ], [ 13.50932, 52.82818 ], [ 13.50959, 52.82837 ], [ 13.50971, 52.82837 ], [ 13.51007, 52.82865 ], [ 13.51088, 52.82808 ], [ 13.51117, 52.82799 ], [ 13.5122, 52.82778 ], [ 13.51186, 52.82769 ] ] ] } },
{ "type": "Feature", "properties": { "boden": "100 % kräftig, nass (NK1)" }, "geometry": { "type": "Polygon", "coordinates": [ [ [ 13.50932, 52.82818 ], [ 13.50723, 52.82705 ], [ 13.50567, 52.82742 ], [ 13.50569, 52.82764 ], [ 13.50561, 52.82776 ], [ 13.50532, 52.82798 ], [ 13.50436, 52.82847 ], [ 13.50448, 52.82857 ], [ 13.50506, 52.8287 ], [ 13.5053, 52.82869 ], [ 13.50718, 52.82842 ], [ 13.50959, 52.82837 ], [ 13.50932, 52.82818 ] ] ] } },
{ "type": "Feature", "properties": { "boden": "40 % ziemlich arm, nass (NZ2) · 30 % ziemlich arm, frisch (Z1) · 30 % mittel, mäßig frisch (M2g)" }, "geometry": { "type": "Polygon", "coordinates": [ [ [ 13.50285, 52.82857 ], [ 13.50255, 52.82842 ], [ 13.50231, 52.82848 ], [ 13.50223, 52.82863 ], [ 13.50253, 52.82888 ], [ 13.50296, 52.82882 ], [ 13.50285, 52.82857 ] ] ] } },
{ "type": "Feature", "properties": { "boden": "50 % mittel, trocken (vermutet) (M3) · 50 % mittel, mäßig frisch (M2g)" }, "geometry": { "type": "Polygon", "coordinates": [ [ [ 13.50617, 52.82908 ], [ 13.50601, 52.82892 ], [ 13.5057, 52.82886 ], [ 13.5047, 52.82886 ], [ 13.50439, 52.82891 ], [ 13.50427, 52.829 ], [ 13.50433, 52.8291 ], [ 13.50444, 52.82914 ], [ 13.50557, 52.82919 ], [ 13.50606, 52.82929 ], [ 13.50618, 52.82923 ], [ 13.50617, 52.82908 ] ] ] } },
{ "type": "Feature", "properties": { "boden": "50 % mittel, trocken (vermutet) (M3) · 50 % mittel, mäßig frisch (M2g)" }, "geometry": { "type": "Polygon", "coordinates": [ [ [ 13.50706, 52.82954 ], [ 13.50697, 52.82957 ], [ 13.50707, 52.82969 ], [ 13.50725, 52.82977 ], [ 13.50776, 52.82986 ], [ 13.50774, 52.8298 ], [ 13.5075, 52.82966 ], [ 13.50725, 52.82956 ], [ 13.50706, 52.82954 ] ] ] } },
{ "type": "Feature", "properties": { "boden": "50 % mittel, mäßig frisch (M2) · 50 % mittel, mäßig frisch (M2g)" }, "geometry": { "type": "Polygon", "coordinates": [ [ [ 13.50764, 52.83163 ], [ 13.50777, 52.83137 ], [ 13.50856, 52.83102 ], [ 13.50937, 52.83077 ], [ 13.5098, 52.8303 ], [ 13.50997, 52.83022 ], [ 13.51041, 52.83012 ], [ 13.51131, 52.83001 ], [ 13.51292, 52.82988 ], [ 13.51364, 52.82951 ], [ 13.51374, 52.82931 ], [ 13.51321, 52.82897 ], [ 13.51326, 52.82886 ], [ 13.51345, 52.82883 ], [ 13.51371, 52.82886 ], [ 13.51493, 52.82935 ], [ 13.51572, 52.82925 ], [ 13.51575, 52.82835 ], [ 13.51469, 52.82832 ], [ 13.51336, 52.82841 ], [ 13.51118, 52.82886 ], [ 13.5104, 52.82891 ], [ 13.50971, 52.82837 ], [ 13.50718, 52.82842 ], [ 13.5053, 52.82869 ], [ 13.50296, 52.82882 ], [ 13.50189, 52.82899 ], [ 13.50217, 52.82955 ], [ 13.50235, 52.82958 ], [ 13.50266, 52.82956 ], [ 13.5036, 52.82934 ], [ 13.5042, 52.8293 ], [ 13.50455, 52.82932 ], [ 13.50482, 52.8294 ], [ 13.50506, 52.8295 ], [ 13.50518, 52.82964 ], [ 13.50519, 52.82981 ], [ 13.50486, 52.83009 ], [ 13.50403, 52.83037 ], [ 13.50293, 52.83083 ], [ 13.50382, 52.83274 ], [ 13.50474, 52.83165 ], [ 13.50517, 52.83129 ], [ 13.50533, 52.83125 ], [ 13.50568, 52.83129 ], [ 13.50645, 52.83163 ], [ 13.50691, 52.83198 ], [ 13.50764, 52.83163 ] ], [ [ 13.50742, 52.83146 ], [ 13.50699, 52.83147 ], [ 13.50684, 52.83134 ], [ 13.50694, 52.83117 ], [ 13.50723, 52.83112 ], [ 13.50749, 52.83126 ], [ 13.50742, 52.83146 ] ], [ [ 13.50469, 52.83089 ], [ 13.50441, 52.831 ], [ 13.50426, 52.83113 ], [ 13.50392, 52.83106 ], [ 13.50395, 52.83098 ], [ 13.50434, 52.8308 ], [ 13.50449, 52.8308 ], [ 13.50469, 52.83089 ] ], [ [ 13.50837, 52.83097 ], [ 13.50795, 52.8311 ], [ 13.50776, 52.83098 ], [ 13.50779, 52.83084 ], [ 13.50801, 52.83074 ], [ 13.50829, 52.83081 ], [ 13.50837, 52.83097 ] ], [ [ 13.50725, 52.82956 ], [ 13.50774, 52.8298 ], [ 13.50776, 52.82986 ], [ 13.50725, 52.82977 ], [ 13.50707, 52.82969 ], [ 13.50697, 52.82957 ], [ 13.50706, 52.82954 ], [ 13.50725, 52.82956 ] ], [ [ 13.50614, 52.82927 ], [ 13.50535, 52.82918 ], [ 13.50444, 52.82914 ], [ 13.50433, 52.8291 ], [ 13.50427, 52.829 ], [ 13.50439, 52.82891 ], [ 13.5047, 52.82886 ], [ 13.50516, 52.82884 ], [ 13.50588, 52.82888 ], [ 13.50608, 52.82896 ], [ 13.50617, 52.82908 ], [ 13.50614, 52.82927 ] ] ] } },
{ "type": "Feature", "properties": { "boden": "50 % mittel, mäßig frisch (M2) · 50 % mittel, mäßig frisch (M2g)" }, "geometry": { "type": "Polygon", "coordinates": [ [ [ 13.50801, 52.83074 ], [ 13.50779, 52.83084 ], [ 13.50776, 52.83098 ], [ 13.50795, 52.8311 ], [ 13.50837, 52.83097 ], [ 13.50829, 52.83081 ], [ 13.50801, 52.83074 ] ] ] } },
{ "type": "Feature", "properties": { "boden": "50 % mittel, trocken (vermutet) (M3) · 50 % mittel, mäßig frisch (M2g)" }, "geometry": { "type": "Polygon", "coordinates": [ [ [ 13.50449, 52.8308 ], [ 13.50434, 52.8308 ], [ 13.50395, 52.83098 ], [ 13.50392, 52.83106 ], [ 13.50426, 52.83113 ], [ 13.50441, 52.831 ], [ 13.50469, 52.83089 ], [ 13.50449, 52.8308 ] ] ] } },
{ "type": "Feature", "properties": { "boden": "50 % mittel, mäßig frisch (M2) · 50 % mittel, mäßig frisch (M2g)" }, "geometry": { "type": "Polygon", "coordinates": [ [ [ 13.50723, 52.83112 ], [ 13.50694, 52.83117 ], [ 13.50684, 52.83134 ], [ 13.50699, 52.83147 ], [ 13.50742, 52.83146 ], [ 13.50749, 52.83126 ], [ 13.50723, 52.83112 ] ] ] } },
{ "type": "Feature", "properties": { "boden": "100 % mittel, nass (NM2)" }, "geometry": { "type": "Polygon", "coordinates": [ [ [ 13.5056, 52.83153 ], [ 13.50536, 52.8316 ], [ 13.50534, 52.8318 ], [ 13.50569, 52.83189 ], [ 13.5059, 52.83176 ], [ 13.50583, 52.83158 ], [ 13.5056, 52.83153 ] ] ] } },
{ "type": "Feature", "properties": { "boden": "100 % ziemlich arm, mäßig frisch (Z2g)" }, "geometry": { "type": "Polygon", "coordinates": [ [ [ 13.50375, 52.83288 ], [ 13.50382, 52.83274 ], [ 13.50293, 52.83083 ], [ 13.5018, 52.83103 ], [ 13.50139, 52.83123 ], [ 13.50129, 52.83164 ], [ 13.50147, 52.83213 ], [ 13.50219, 52.83305 ], [ 13.50206, 52.83331 ], [ 13.50165, 52.83357 ], [ 13.50165, 52.83375 ], [ 13.50246, 52.83369 ], [ 13.50298, 52.83371 ], [ 13.50351, 52.83381 ], [ 13.50379, 52.83378 ], [ 13.50406, 52.83356 ], [ 13.50375, 52.83288 ] ] ] } },
{ "type": "Feature", "properties": { "boden": "70 % ziemlich arm, frisch (Z1) · 30 % ziemlich arm, nass (NZ3)" }, "geometry": { "type": "Polygon", "coordinates": [ [ [ 13.50064, 52.83224 ], [ 13.50044, 52.83227 ], [ 13.50048, 52.83235 ], [ 13.50064, 52.83244 ], [ 13.50095, 52.83249 ], [ 13.50094, 52.8323 ], [ 13.50064, 52.83224 ] ] ] } },
{ "type": "Feature", "properties": { "boden": "100 % mittel, nass (NM2)" }, "geometry": { "type": "Polygon", "coordinates": [ [ [ 13.50691, 52.83198 ], [ 13.50645, 52.83163 ], [ 13.50568, 52.83129 ], [ 13.50533, 52.83125 ], [ 13.50517, 52.83129 ], [ 13.50474, 52.83165 ], [ 13.50382, 52.83274 ], [ 13.50375, 52.83288 ], [ 13.50429, 52.83407 ], [ 13.50462, 52.83449 ], [ 13.50504, 52.83439 ], [ 13.50545, 52.83436 ], [ 13.50592, 52.83418 ], [ 13.5072, 52.83332 ], [ 13.50754, 52.83299 ], [ 13.50712, 52.83265 ], [ 13.50673, 52.83207 ], [ 13.50691, 52.83198 ] ], [ [ 13.5059, 52.83176 ], [ 13.50569, 52.83189 ], [ 13.50534, 52.8318 ], [ 13.50536, 52.8316 ], [ 13.5056, 52.83153 ], [ 13.50583, 52.83158 ], [ 13.5059, 52.83176 ] ] ] } },
{ "type": "Feature", "properties": { "boden": "100 % ziemlich arm, mäßig frisch (Z2)" }, "geometry": { "type": "Polygon", "coordinates": [ [ [ 13.5153, 52.82422 ], [ 13.51521, 52.8243 ], [ 13.51536, 52.82442 ], [ 13.51588, 52.82449 ], [ 13.51589, 52.82417 ], [ 13.5153, 52.82422 ] ] ] } },
{ "type": "Feature", "properties": { "boden": "100 % ziemlich arm, nass (NZ3)" }, "geometry": { "type": "MultiPolygon", "coordinates": [ [ [ [ 13.51576, 52.82802 ], [ 13.51424, 52.82822 ], [ 13.51343, 52.82814 ], [ 13.5122, 52.82778 ], [ 13.51117, 52.82799 ], [ 13.51088, 52.82808 ], [ 13.51007, 52.82865 ], [ 13.5104, 52.82891 ], [ 13.51118, 52.82886 ], [ 13.51336, 52.82841 ], [ 13.51469, 52.82832 ], [ 13.51575, 52.82835 ], [ 13.51576, 52.82802 ] ] ], [ [ [ 13.51493, 52.82935 ], [ 13.51371, 52.82886 ], [ 13.51345, 52.82883 ], [ 13.51326, 52.82886 ], [ 13.51321, 52.82897 ], [ 13.51374, 52.82931 ], [ 13.51364, 52.82951 ], [ 13.51292, 52.82988 ], [ 13.51131, 52.83001 ], [ 13.51041, 52.83012 ], [ 13.50997, 52.83022 ], [ 13.5098, 52.8303 ], [ 13.50937, 52.83077 ], [ 13.51022, 52.83049 ], [ 13.51107, 52.83031 ], [ 13.51215, 52.83052 ], [ 13.51307, 52.83038 ], [ 13.51532, 52.82981 ], [ 13.5157, 52.82976 ], [ 13.51572, 52.82925 ], [ 13.51493, 52.82935 ] ], [ [ 13.51441, 52.82982 ], [ 13.51418, 52.82992 ], [ 13.51389, 52.82984 ], [ 13.51387, 52.82964 ], [ 13.51412, 52.82954 ], [ 13.51439, 52.82962 ], [ 13.51441, 52.82982 ] ] ] ] } },
{ "type": "Feature", "properties": { "boden": "100 % ziemlich arm, nass (NZ3)" }, "geometry": { "type": "Polygon", "coordinates": [ [ [ 13.51412, 52.82954 ], [ 13.51387, 52.82964 ], [ 13.51389, 52.82984 ], [ 13.51418, 52.82992 ], [ 13.51441, 52.82982 ], [ 13.51439, 52.82962 ], [ 13.51412, 52.82954 ] ] ] } },
{ "type": "Feature", "properties": { "boden": "100 % mittel, nass (NM2)" }, "geometry": { "type": "Polygon", "coordinates": [ [ [ 13.51496, 52.83392 ], [ 13.51451, 52.83423 ], [ 13.51374, 52.83435 ], [ 13.5134, 52.83457 ], [ 13.51336, 52.83487 ], [ 13.51384, 52.83494 ], [ 13.51421, 52.83488 ], [ 13.51491, 52.83472 ], [ 13.51554, 52.83449 ], [ 13.51557, 52.83367 ], [ 13.51496, 52.83392 ] ] ] } },
{ "type": "Feature", "properties": { "boden": "100 % ziemlich arm, frisch (Z1)" }, "geometry": { "type": "Polygon", "coordinates": [ [ [ 13.51491, 52.83472 ], [ 13.51384, 52.83494 ], [ 13.51336, 52.83487 ], [ 13.51213, 52.83531 ], [ 13.51045, 52.83536 ], [ 13.5099, 52.83543 ], [ 13.50877, 52.83577 ], [ 13.50889, 52.8363 ], [ 13.50923, 52.83701 ], [ 13.50926, 52.83761 ], [ 13.50937, 52.83779 ], [ 13.50966, 52.83801 ], [ 13.50995, 52.83811 ], [ 13.51035, 52.83814 ], [ 13.51076, 52.83806 ], [ 13.51117, 52.83789 ], [ 13.51144, 52.83769 ], [ 13.51163, 52.83714 ], [ 13.51177, 52.83709 ], [ 13.51277, 52.83704 ], [ 13.51285, 52.83696 ], [ 13.51279, 52.83685 ], [ 13.51264, 52.83679 ], [ 13.51106, 52.83663 ], [ 13.51079, 52.83655 ], [ 13.51069, 52.83644 ], [ 13.51078, 52.83635 ], [ 13.51123, 52.83621 ], [ 13.51146, 52.83596 ], [ 13.51174, 52.83582 ], [ 13.51288, 52.83564 ], [ 13.51419, 52.83528 ], [ 13.515, 52.8351 ], [ 13.51552, 52.83503 ], [ 13.51554, 52.83449 ], [ 13.51491, 52.83472 ] ] ] } },
{ "type": "Feature", "properties": { "boden": "50 % ziemlich arm, mäßig frisch (Z2g) · 50 % ziemlich arm, frisch (Z1)" }, "geometry": { "type": "Polygon", "coordinates": [ [ [ 13.515, 52.8351 ], [ 13.51288, 52.83564 ], [ 13.51174, 52.83582 ], [ 13.51146, 52.83596 ], [ 13.51123, 52.83621 ], [ 13.51078, 52.83635 ], [ 13.51069, 52.83644 ], [ 13.51079, 52.83655 ], [ 13.51155, 52.8367 ], [ 13.51264, 52.83679 ], [ 13.51279, 52.83685 ], [ 13.51285, 52.83696 ], [ 13.51277, 52.83704 ], [ 13.51177, 52.83709 ], [ 13.51163, 52.83714 ], [ 13.51144, 52.83769 ], [ 13.51117, 52.83789 ], [ 13.51076, 52.83806 ], [ 13.51035, 52.83814 ], [ 13.50995, 52.83811 ], [ 13.50966, 52.83801 ], [ 13.50937, 52.83779 ], [ 13.50926, 52.83761 ], [ 13.50888, 52.83776 ], [ 13.5119, 52.83963 ], [ 13.51219, 52.83952 ], [ 13.51256, 52.83949 ], [ 13.51337, 52.83961 ], [ 13.51428, 52.83951 ], [ 13.51512, 52.83969 ], [ 13.51536, 52.83985 ], [ 13.51552, 52.83503 ], [ 13.515, 52.8351 ] ] ] } },
{ "type": "Feature", "properties": { "boden": "100 % ziemlich arm, frisch (Z1)" }, "geometry": { "type": "Polygon", "coordinates": [ [ [ 13.5153, 52.84174 ], [ 13.51536, 52.83985 ], [ 13.51512, 52.83969 ], [ 13.51428, 52.83951 ], [ 13.51337, 52.83961 ], [ 13.51256, 52.83949 ], [ 13.51219, 52.83952 ], [ 13.5119, 52.83963 ], [ 13.5153, 52.84174 ] ] ] } },
{ "type": "Feature", "properties": { "boden": "100 % kräftig, mäßig frisch (K2)" }, "geometry": { "type": "MultiPolygon", "coordinates": [ [ [ [ 13.50943, 52.84729 ], [ 13.51042, 52.84731 ], [ 13.51107, 52.84725 ], [ 13.51215, 52.84724 ], [ 13.51244, 52.84728 ], [ 13.51237, 52.84735 ], [ 13.51351, 52.84734 ], [ 13.51344, 52.84727 ], [ 13.51511, 52.84722 ], [ 13.51511, 52.84711 ], [ 13.50584, 52.84718 ], [ 13.50574, 52.84734 ], [ 13.50943, 52.84729 ] ] ], [ [ [ 13.5136, 52.84683 ], [ 13.51379, 52.84687 ], [ 13.51512, 52.84689 ], [ 13.51512, 52.84681 ], [ 13.5136, 52.84683 ] ] ] ] } },
{ "type": "Feature", "properties": { "boden": "100 % mittel, frisch (M1)" }, "geometry": { "type": "Polygon", "coordinates": [ [ [ 13.51463, 52.86133 ], [ 13.51383, 52.86169 ], [ 13.51412, 52.86216 ], [ 13.5146, 52.86219 ], [ 13.51463, 52.86133 ] ] ] } },
{ "type": "Feature", "properties": { "boden": "100 % mittel, nass (NM2)" }, "geometry": { "type": "Polygon", "coordinates": [ [ [ 13.50462, 52.83449 ], [ 13.50429, 52.83407 ], [ 13.50209, 52.83435 ], [ 13.50219, 52.83455 ], [ 13.50217, 52.83487 ], [ 13.50286, 52.83477 ], [ 13.50372, 52.83451 ], [ 13.5045, 52.83452 ], [ 13.50462, 52.83449 ] ] ] } },
{ "type": "Feature", "properties": { "boden": "100 % ziemlich arm, nass (NZ2)" }, "geometry": { "type": "Polygon", "coordinates": [ [ [ 13.50219, 52.83455 ], [ 13.50209, 52.83435 ], [ 13.50144, 52.83442 ], [ 13.50048, 52.83471 ], [ 13.50035, 52.83499 ], [ 13.49971, 52.83517 ], [ 13.50145, 52.83502 ], [ 13.50217, 52.83487 ], [ 13.50219, 52.83455 ] ] ] } },
{ "type": "Feature", "properties": { "boden": "100 % mittel, nass (NM2)" }, "geometry": { "type": "Polygon", "coordinates": [ [ [ 13.50536, 52.83586 ], [ 13.50489, 52.83529 ], [ 13.50462, 52.83449 ], [ 13.5045, 52.83452 ], [ 13.50372, 52.83451 ], [ 13.50286, 52.83477 ], [ 13.50145, 52.83502 ], [ 13.4995, 52.83519 ], [ 13.49985, 52.83638 ], [ 13.50068, 52.83641 ], [ 13.50135, 52.83653 ], [ 13.50509, 52.83585 ], [ 13.50536, 52.83586 ] ] ] } },
{ "type": "Feature", "properties": { "boden": "100 % arm, mäßig frisch (A2)" }, "geometry": { "type": "Polygon", "coordinates": [ [ [ 13.50819, 52.83578 ], [ 13.50811, 52.83587 ], [ 13.50817, 52.83597 ], [ 13.50836, 52.83603 ], [ 13.50855, 52.83598 ], [ 13.50862, 52.83588 ], [ 13.50854, 52.83577 ], [ 13.50819, 52.83578 ] ] ] } },
{ "type": "Feature", "properties": { "boden": "100 % arm, mäßig frisch (A2)" }, "geometry": { "type": "Polygon", "coordinates": [ [ [ 13.50725, 52.8358 ], [ 13.50718, 52.83589 ], [ 13.50727, 52.83601 ], [ 13.50743, 52.83605 ], [ 13.50762, 52.83599 ], [ 13.50769, 52.8359 ], [ 13.50761, 52.83579 ], [ 13.50725, 52.8358 ] ] ] } },
{ "type": "Feature", "properties": { "boden": "100 % arm, mäßig frisch (A2)" }, "geometry": { "type": "Polygon", "coordinates": [ [ [ 13.50636, 52.83583 ], [ 13.50622, 52.83596 ], [ 13.50627, 52.83606 ], [ 13.50646, 52.83612 ], [ 13.50666, 52.83607 ], [ 13.50672, 52.83597 ], [ 13.50666, 52.83587 ], [ 13.50636, 52.83583 ] ] ] } },
{ "type": "Feature", "properties": { "boden": "100 % arm, trocken (vermutet) (A3)" }, "geometry": { "type": "Polygon", "coordinates": [ [ [ 13.50798, 52.83656 ], [ 13.50786, 52.83664 ], [ 13.50791, 52.8368 ], [ 13.50804, 52.83687 ], [ 13.50819, 52.83689 ], [ 13.50834, 52.83684 ], [ 13.50834, 52.83671 ], [ 13.50819, 52.83661 ], [ 13.50798, 52.83656 ] ] ] } },
{ "type": "Feature", "properties": { "boden": "100 % arm, mäßig frisch (A2)" }, "geometry": { "type": "Polygon", "coordinates": [ [ [ 13.50923, 52.83701 ], [ 13.50889, 52.8363 ], [ 13.50877, 52.83577 ], [ 13.50854, 52.83577 ], [ 13.50862, 52.83588 ], [ 13.50855, 52.83598 ], [ 13.50836, 52.83603 ], [ 13.50817, 52.83597 ], [ 13.50811, 52.83587 ], [ 13.50819, 52.83578 ], [ 13.50761, 52.83579 ], [ 13.50769, 52.8359 ], [ 13.50762, 52.83599 ], [ 13.50743, 52.83605 ], [ 13.50727, 52.83601 ], [ 13.50718, 52.83589 ], [ 13.50725, 52.8358 ], [ 13.50653, 52.83583 ], [ 13.50666, 52.83587 ], [ 13.50672, 52.83597 ], [ 13.50666, 52.83607 ], [ 13.50646, 52.83612 ], [ 13.50627, 52.83606 ], [ 13.50622, 52.83596 ], [ 13.50636, 52.83583 ], [ 13.50582, 52.83585 ], [ 13.5067, 52.83642 ], [ 13.50678, 52.83638 ], [ 13.50689, 52.83647 ], [ 13.50682, 52.83649 ], [ 13.50888, 52.83776 ], [ 13.50926, 52.83761 ], [ 13.50923, 52.83701 ] ], [ [ 13.50819, 52.83661 ], [ 13.50834, 52.83671 ], [ 13.50837, 52.8368 ], [ 13.50819, 52.83689 ], [ 13.50804, 52.83687 ], [ 13.50791, 52.8368 ], [ 13.50786, 52.83664 ], [ 13.50798, 52.83656 ], [ 13.50819, 52.83661 ] ] ] } },
{ "type": "Feature", "properties": { "boden": "100 % ziemlich arm, frisch (Z1)" }, "geometry": { "type": "Polygon", "coordinates": [ [ [ 13.50158, 52.83669 ], [ 13.50142, 52.83672 ], [ 13.50133, 52.83684 ], [ 13.50138, 52.83694 ], [ 13.50157, 52.83699 ], [ 13.50174, 52.83696 ], [ 13.50183, 52.83684 ], [ 13.50174, 52.83673 ], [ 13.50158, 52.83669 ] ] ] } },
{ "type": "Feature", "properties": { "boden": "100 % ziemlich arm, frisch (Z1)" }, "geometry": { "type": "Polygon", "coordinates": [ [ [ 13.50536, 52.83586 ], [ 13.50509, 52.83585 ], [ 13.50135, 52.83653 ], [ 13.50068, 52.83641 ], [ 13.49985, 52.83638 ], [ 13.49995, 52.83669 ], [ 13.49888, 52.83842 ], [ 13.49943, 52.83829 ], [ 13.50012, 52.83801 ], [ 13.50137, 52.83736 ], [ 13.50257, 52.83692 ], [ 13.50359, 52.83642 ], [ 13.50419, 52.83626 ], [ 13.50538, 52.83611 ], [ 13.50559, 52.83612 ], [ 13.50536, 52.83586 ] ], [ [ 13.50183, 52.83684 ], [ 13.50174, 52.83696 ], [ 13.50157, 52.83699 ], [ 13.50138, 52.83694 ], [ 13.50133, 52.83684 ], [ 13.50142, 52.83672 ], [ 13.50158, 52.83669 ], [ 13.50174, 52.83673 ], [ 13.50183, 52.83684 ] ] ] } },
{ "type": "Feature", "properties": { "boden": "50 % ziemlich arm, mäßig frisch (Z2g) · 50 % ziemlich arm, frisch (Z1)" }, "geometry": { "type": "Polygon", "coordinates": [ [ [ 13.50735, 52.8372 ], [ 13.50712, 52.83714 ], [ 13.50695, 52.83718 ], [ 13.50662, 52.83732 ], [ 13.50659, 52.83739 ], [ 13.50676, 52.83743 ], [ 13.50737, 52.83745 ], [ 13.50744, 52.83731 ], [ 13.50735, 52.8372 ] ] ] } },
{ "type": "Feature", "properties": { "boden": "50 % ziemlich arm, mäßig frisch (Z2g) · 50 % ziemlich arm, frisch (Z1)" }, "geometry": { "type": "Polygon", "coordinates": [ [ [ 13.49989, 52.84123 ], [ 13.50005, 52.8409 ], [ 13.50264, 52.84007 ], [ 13.50336, 52.83977 ], [ 13.50563, 52.83859 ], [ 13.5071, 52.83809 ], [ 13.50835, 52.83782 ], [ 13.50739, 52.83723 ], [ 13.50741, 52.83742 ], [ 13.5073, 52.83747 ], [ 13.50659, 52.83739 ], [ 13.50662, 52.83732 ], [ 13.50695, 52.83718 ], [ 13.50712, 52.83714 ], [ 13.50733, 52.83719 ], [ 13.50559, 52.83612 ], [ 13.50538, 52.83611 ], [ 13.50419, 52.83626 ], [ 13.50359, 52.83642 ], [ 13.50257, 52.83692 ], [ 13.50137, 52.83736 ], [ 13.50012, 52.83801 ], [ 13.49943, 52.83829 ], [ 13.49888, 52.83842 ], [ 13.4967, 52.84194 ], [ 13.49696, 52.84197 ], [ 13.49775, 52.84153 ], [ 13.49839, 52.84142 ], [ 13.49932, 52.84132 ], [ 13.49995, 52.84142 ], [ 13.49989, 52.84123 ] ], [ [ 13.50344, 52.83933 ], [ 13.50225, 52.83978 ], [ 13.50182, 52.83979 ], [ 13.50138, 52.83973 ], [ 13.5011, 52.83963 ], [ 13.50103, 52.83953 ], [ 13.50103, 52.8394 ], [ 13.50113, 52.83929 ], [ 13.50134, 52.83919 ], [ 13.50144, 52.83873 ], [ 13.50163, 52.83866 ], [ 13.50258, 52.83878 ], [ 13.50307, 52.8386 ], [ 13.50342, 52.8384 ], [ 13.50401, 52.83819 ], [ 13.50401, 52.83841 ], [ 13.50424, 52.83877 ], [ 13.50448, 52.83889 ], [ 13.50492, 52.83892 ], [ 13.50344, 52.83933 ] ] ] } },
{ "type": "Feature", "properties": { "boden": "50 % mittel, nass (NM3) · 50 % mittel, nass (NM3)" }, "geometry": { "type": "Polygon", "coordinates": [ [ [ 13.50088, 52.8647 ], [ 13.50072, 52.86466 ], [ 13.50056, 52.86469 ], [ 13.50046, 52.86481 ], [ 13.50053, 52.86491 ], [ 13.50096, 52.86481 ], [ 13.50088, 52.8647 ] ] ] } },
{ "type": "Feature", "properties": { "boden": "50 % ziemlich arm, mäßig frisch (Z2g) · 50 % ziemlich arm, mäßig frisch (Z2g)" }, "geometry": { "type": "Polygon", "coordinates": [ [ [ 13.50686, 52.86564 ], [ 13.50645, 52.86487 ], [ 13.50664, 52.86477 ], [ 13.50665, 52.86468 ], [ 13.50459, 52.86451 ], [ 13.50549, 52.86613 ], [ 13.50568, 52.86624 ], [ 13.50596, 52.86633 ], [ 13.50628, 52.86636 ], [ 13.50675, 52.86629 ], [ 13.50701, 52.8661 ], [ 13.50686, 52.86564 ] ] ] } },
{ "type": "Feature", "properties": { "boden": "100 % mittel, mäßig frisch (M2g)" }, "geometry": { "type": "Polygon", "coordinates": [ [ [ 13.50428, 52.86615 ], [ 13.50439, 52.86578 ], [ 13.50433, 52.8654 ], [ 13.5039, 52.86524 ], [ 13.50316, 52.86508 ], [ 13.50279, 52.86503 ], [ 13.50184, 52.86504 ], [ 13.50099, 52.86518 ], [ 13.50026, 52.86547 ], [ 13.50004, 52.8656 ], [ 13.49952, 52.86621 ], [ 13.49989, 52.866 ], [ 13.50062, 52.86585 ], [ 13.50138, 52.86587 ], [ 13.50239, 52.86617 ], [ 13.50304, 52.8663 ], [ 13.50361, 52.86633 ], [ 13.50415, 52.86625 ], [ 13.50428, 52.86615 ] ] ] } },
{ "type": "Feature", "properties": { "boden": "100 % mittel, nass (NM3)" }, "geometry": { "type": "Polygon", "coordinates": [ [ [ 13.50701, 52.8661 ], [ 13.50675, 52.86629 ], [ 13.50628, 52.86636 ], [ 13.50596, 52.86633 ], [ 13.50549, 52.86613 ], [ 13.50459, 52.86451 ], [ 13.50438, 52.8645 ], [ 13.50423, 52.86488 ], [ 13.50439, 52.86578 ], [ 13.50428, 52.86615 ], [ 13.50415, 52.86625 ], [ 13.5045, 52.86651 ], [ 13.50591, 52.86688 ], [ 13.50663, 52.86695 ], [ 13.50736, 52.8668 ], [ 13.50701, 52.8661 ] ] ] } },
{ "type": "Feature", "properties": { "boden": "100 % mittel, frisch (M1)" }, "geometry": { "type": "Polygon", "coordinates": [ [ [ 13.49952, 52.86621 ], [ 13.50004, 52.8656 ], [ 13.50057, 52.86532 ], [ 13.50132, 52.8651 ], [ 13.50184, 52.86504 ], [ 13.50279, 52.86503 ], [ 13.50316, 52.86508 ], [ 13.5039, 52.86524 ], [ 13.50433, 52.8654 ], [ 13.50423, 52.86488 ], [ 13.50438, 52.8645 ], [ 13.50267, 52.86442 ], [ 13.50261, 52.8645 ], [ 13.50244, 52.86456 ], [ 13.50123, 52.86475 ], [ 13.5004, 52.86494 ], [ 13.49899, 52.8654 ], [ 13.49888, 52.86549 ], [ 13.4978, 52.86569 ], [ 13.49757, 52.86586 ], [ 13.49719, 52.86603 ], [ 13.49661, 52.86622 ], [ 13.49504, 52.86654 ], [ 13.49456, 52.86669 ], [ 13.4943, 52.8667 ], [ 13.49372, 52.86693 ], [ 13.49412, 52.867 ], [ 13.49476, 52.86701 ], [ 13.4971, 52.86689 ], [ 13.4983, 52.86667 ], [ 13.49901, 52.86645 ], [ 13.49952, 52.86621 ] ], [ [ 13.49812, 52.86621 ], [ 13.49805, 52.86631 ], [ 13.49786, 52.86636 ], [ 13.49767, 52.8663 ], [ 13.49761, 52.8662 ], [ 13.49771, 52.86609 ], [ 13.49787, 52.86605 ], [ 13.49803, 52.86609 ], [ 13.49812, 52.86621 ] ] ] } },
{ "type": "Feature", "properties": { "boden": "50 % mittel, nass (NM3) · 50 % mittel, nass (NM3)" }, "geometry": { "type": "Polygon", "coordinates": [ [ [ 13.4943, 52.8667 ], [ 13.49338, 52.86662 ], [ 13.49225, 52.86631 ], [ 13.49203, 52.86606 ], [ 13.49266, 52.8661 ], [ 13.4932, 52.86604 ], [ 13.49372, 52.86592 ], [ 13.49464, 52.86606 ], [ 13.49593, 52.86563 ], [ 13.49712, 52.86547 ], [ 13.49766, 52.8655 ], [ 13.49779, 52.86557 ], [ 13.4978, 52.86569 ], [ 13.49888, 52.86549 ], [ 13.49899, 52.8654 ], [ 13.50053, 52.86491 ], [ 13.50046, 52.86481 ], [ 13.50056, 52.86469 ], [ 13.50072, 52.86466 ], [ 13.50088, 52.8647 ], [ 13.50096, 52.86481 ], [ 13.50244, 52.86456 ], [ 13.50261, 52.8645 ], [ 13.50267, 52.86442 ], [ 13.50243, 52.86442 ], [ 13.50156, 52.86418 ], [ 13.50037, 52.86426 ], [ 13.50029, 52.86411 ], [ 13.49926, 52.86422 ], [ 13.49847, 52.86422 ], [ 13.49829, 52.86418 ], [ 13.49807, 52.86425 ], [ 13.49778, 52.86412 ], [ 13.49666, 52.86427 ], [ 13.49612, 52.86429 ], [ 13.49606, 52.86435 ], [ 13.49612, 52.86456 ], [ 13.4956, 52.86461 ], [ 13.49505, 52.86461 ], [ 13.4908, 52.86427 ], [ 13.49119, 52.86493 ], [ 13.49129, 52.8653 ], [ 13.4911, 52.86572 ], [ 13.49078, 52.86599 ], [ 13.4901, 52.86629 ], [ 13.48922, 52.86651 ], [ 13.48844, 52.86664 ], [ 13.48826, 52.86671 ], [ 13.4879, 52.86714 ], [ 13.48784, 52.86735 ], [ 13.48795, 52.86749 ], [ 13.48814, 52.86756 ], [ 13.48932, 52.86747 ], [ 13.48973, 52.86753 ], [ 13.48993, 52.86761 ], [ 13.49002, 52.86773 ], [ 13.49194, 52.8672 ], [ 13.49325, 52.86705 ], [ 13.49372, 52.86693 ], [ 13.4943, 52.8667 ] ] ] } },
{ "type": "Feature", "properties": { "boden": "100 % mittel, mäßig frisch (M2)" }, "geometry": { "type": "Polygon", "coordinates": [ [ [ 13.51151, 52.86624 ], [ 13.51124, 52.86556 ], [ 13.51054, 52.8657 ], [ 13.51063, 52.86589 ], [ 13.50977, 52.86608 ], [ 13.50959, 52.86603 ], [ 13.50824, 52.86631 ], [ 13.50754, 52.86585 ], [ 13.5071, 52.86564 ], [ 13.50686, 52.86564 ], [ 13.50736, 52.8668 ], [ 13.50763, 52.86706 ], [ 13.51007, 52.86665 ], [ 13.51151, 52.86624 ] ] ] } },
{ "type": "Feature", "properties": { "boden": "100 % mittel, frisch (M1)" }, "geometry": { "type": "Polygon", "coordinates": [ [ [ 13.49787, 52.86605 ], [ 13.49771, 52.86609 ], [ 13.49761, 52.8662 ], [ 13.49767, 52.8663 ], [ 13.49786, 52.86636 ], [ 13.49805, 52.86631 ], [ 13.49812, 52.86621 ], [ 13.49803, 52.86609 ], [ 13.49787, 52.86605 ] ] ] } },
{ "type": "Feature", "properties": { "boden": "80 % arm, mäßig frisch (A2) · 20 % ziemlich arm, mäßig frisch (Z2)" }, "geometry": { "type": "Polygon", "coordinates": [ [ [ 13.44221, 52.80007 ], [ 13.44223, 52.8002 ], [ 13.44242, 52.80026 ], [ 13.44262, 52.80021 ], [ 13.44268, 52.80011 ], [ 13.44263, 52.80004 ], [ 13.44221, 52.80007 ] ] ] } },
{ "type": "Feature", "properties": { "boden": "80 % arm, mäßig frisch (A2) · 20 % ziemlich arm, mäßig frisch (Z2)" }, "geometry": { "type": "Polygon", "coordinates": [ [ [ 13.45044, 52.80016 ], [ 13.45028, 52.8002 ], [ 13.45018, 52.80031 ], [ 13.45024, 52.80041 ], [ 13.45043, 52.80047 ], [ 13.45062, 52.80042 ], [ 13.45069, 52.80032 ], [ 13.45063, 52.80022 ], [ 13.45044, 52.80016 ] ] ] } },
{ "type": "Feature", "properties": { "boden": "80 % arm, mäßig frisch (A2) · 20 % ziemlich arm, mäßig frisch (Z2)" }, "geometry": { "type": "Polygon", "coordinates": [ [ [ 13.45175, 52.80018 ], [ 13.45159, 52.80021 ], [ 13.4515, 52.80033 ], [ 13.45155, 52.80043 ], [ 13.45174, 52.80049 ], [ 13.45194, 52.80043 ], [ 13.452, 52.80034 ], [ 13.45192, 52.80022 ], [ 13.45175, 52.80018 ] ] ] } },
{ "type": "Feature", "properties": { "boden": "80 % arm, mäßig frisch (A2) · 20 % ziemlich arm, mäßig frisch (Z2)" }, "geometry": { "type": "Polygon", "coordinates": [ [ [ 13.44962, 52.80018 ], [ 13.44946, 52.80021 ], [ 13.44937, 52.80033 ], [ 13.44942, 52.80043 ], [ 13.44961, 52.80048 ], [ 13.44981, 52.80043 ], [ 13.44987, 52.80033 ], [ 13.44981, 52.80024 ], [ 13.44962, 52.80018 ] ] ] } },
{ "type": "Feature", "properties": { "boden": "80 % arm, mäßig frisch (A2) · 20 % ziemlich arm, mäßig frisch (Z2)" }, "geometry": { "type": "Polygon", "coordinates": [ [ [ 13.45578, 52.80027 ], [ 13.45562, 52.8003 ], [ 13.45553, 52.80042 ], [ 13.45558, 52.80052 ], [ 13.45577, 52.80058 ], [ 13.45597, 52.80052 ], [ 13.45603, 52.80043 ], [ 13.45594, 52.80031 ], [ 13.45578, 52.80027 ] ] ] } },
{ "type": "Feature", "properties": { "boden": "80 % arm, mäßig frisch (A2) · 20 % ziemlich arm, mäßig frisch (Z2)" }, "geometry": { "type": "Polygon", "coordinates": [ [ [ 13.45499, 52.8003 ], [ 13.45483, 52.80033 ], [ 13.45473, 52.80045 ], [ 13.45479, 52.80055 ], [ 13.45498, 52.8006 ], [ 13.45514, 52.80057 ], [ 13.45524, 52.80045 ], [ 13.45515, 52.80034 ], [ 13.45499, 52.8003 ] ] ] } },
{ "type": "Feature", "properties": { "boden": "80 % arm, mäßig frisch (A2) · 20 % ziemlich arm, mäßig frisch (Z2)" }, "geometry": { "type": "Polygon", "coordinates": [ [ [ 13.42897, 52.80054 ], [ 13.42881, 52.80057 ], [ 13.42871, 52.80069 ], [ 13.42877, 52.80079 ], [ 13.42896, 52.80085 ], [ 13.42916, 52.80079 ], [ 13.42922, 52.8007 ], [ 13.42913, 52.80058 ], [ 13.42897, 52.80054 ] ] ] } },
{ "type": "Feature", "properties": { "boden": "100 % kräftig, mäßig frisch (K2)" }, "geometry": { "type": "Polygon", "coordinates": [ [ [ 13.4605, 52.80643 ], [ 13.46118, 52.80609 ], [ 13.46235, 52.80604 ], [ 13.46231, 52.80574 ], [ 13.46221, 52.80575 ], [ 13.46223, 52.80544 ], [ 13.46144, 52.80585 ], [ 13.4607, 52.80579 ], [ 13.45879, 52.80586 ], [ 13.45772, 52.8058 ], [ 13.45742, 52.80652 ], [ 13.45925, 52.80627 ], [ 13.46018, 52.80633 ], [ 13.46028, 52.80648 ], [ 13.4605, 52.80643 ] ] ] } },
{ "type": "Feature", "properties": { "boden": "50 % ziemlich arm, mäßig frisch (Z2g) · 50 % ziemlich arm, mäßig frisch (Z2g)" }, "geometry": { "type": "Polygon", "coordinates": [ [ [ 13.45876, 52.80769 ], [ 13.46021, 52.80737 ], [ 13.46027, 52.80727 ], [ 13.46021, 52.80717 ], [ 13.46002, 52.80712 ], [ 13.45857, 52.80742 ], [ 13.45847, 52.80754 ], [ 13.45853, 52.80764 ], [ 13.45876, 52.80769 ] ] ] } },
{ "type": "Feature", "properties": { "boden": "100 % ziemlich arm, nass (NZ3)" }, "geometry": { "type": "Polygon", "coordinates": [ [ [ 13.49548, 52.8376 ], [ 13.49522, 52.83768 ], [ 13.4952, 52.83789 ], [ 13.49553, 52.83797 ], [ 13.49575, 52.83786 ], [ 13.49573, 52.83769 ], [ 13.49548, 52.8376 ] ] ] } },
{ "type": "Feature", "properties": { "boden": "100 % ziemlich arm, nass (NZ3)" }, "geometry": { "type": "Polygon", "coordinates": [ [ [ 13.49995, 52.83669 ], [ 13.49985, 52.83638 ], [ 13.49862, 52.83631 ], [ 13.4983, 52.83633 ], [ 13.49609, 52.83668 ], [ 13.49433, 52.83684 ], [ 13.49423, 52.8368 ], [ 13.49221, 52.83769 ], [ 13.49139, 52.83792 ], [ 13.49154, 52.83831 ], [ 13.49277, 52.83805 ], [ 13.49373, 52.838 ], [ 13.49409, 52.83819 ], [ 13.49475, 52.83822 ], [ 13.49592, 52.83848 ], [ 13.49623, 52.83868 ], [ 13.49565, 52.83877 ], [ 13.49415, 52.83943 ], [ 13.4941, 52.83966 ], [ 13.49416, 52.83973 ], [ 13.49448, 52.8397 ], [ 13.49472, 52.83965 ], [ 13.49618, 52.83913 ], [ 13.49697, 52.83875 ], [ 13.49742, 52.83862 ], [ 13.49823, 52.83847 ], [ 13.49888, 52.83842 ], [ 13.49995, 52.83669 ] ], [ [ 13.49575, 52.83786 ], [ 13.49553, 52.83797 ], [ 13.4952, 52.83789 ], [ 13.49522, 52.83768 ], [ 13.49548, 52.8376 ], [ 13.49573, 52.83769 ], [ 13.49575, 52.83786 ] ] ] } },
{ "type": "Feature", "properties": { "boden": "50 % mittel, mäßig frisch (M2g) · 50 % ziemlich arm, frisch (Z1)" }, "geometry": { "type": "Polygon", "coordinates": [ [ [ 13.49888, 52.83842 ], [ 13.49823, 52.83847 ], [ 13.49742, 52.83862 ], [ 13.49697, 52.83875 ], [ 13.49618, 52.83913 ], [ 13.49472, 52.83965 ], [ 13.49448, 52.8397 ], [ 13.49416, 52.83973 ], [ 13.4941, 52.83966 ], [ 13.49415, 52.83944 ], [ 13.49383, 52.83953 ], [ 13.49346, 52.83957 ], [ 13.49314, 52.83955 ], [ 13.49263, 52.83944 ], [ 13.49262, 52.83932 ], [ 13.49268, 52.83929 ], [ 13.49383, 52.83913 ], [ 13.49395, 52.83905 ], [ 13.49394, 52.83894 ], [ 13.49376, 52.83892 ], [ 13.49299, 52.83893 ], [ 13.49187, 52.83905 ], [ 13.49114, 52.83936 ], [ 13.49177, 52.84009 ], [ 13.49204, 52.83988 ], [ 13.49232, 52.83986 ], [ 13.49269, 52.83969 ], [ 13.49296, 52.83972 ], [ 13.4931, 52.83987 ], [ 13.49294, 52.84003 ], [ 13.49268, 52.84004 ], [ 13.49231, 52.84021 ], [ 13.49195, 52.84029 ], [ 13.49231, 52.8406 ], [ 13.4927, 52.84077 ], [ 13.49318, 52.84084 ], [ 13.49525, 52.84142 ], [ 13.49637, 52.84202 ], [ 13.49643, 52.84211 ], [ 13.4967, 52.84194 ], [ 13.49888, 52.83842 ] ] ] } },
{ "type": "Feature", "properties": { "boden": "60 % kräftig, nass (NK2) · 40 % kräftig, nass (NK2)" }, "geometry": { "type": "Polygon", "coordinates": [ [ [ 13.4789, 52.86248 ], [ 13.47882, 52.86235 ], [ 13.47884, 52.86219 ], [ 13.47916, 52.86203 ], [ 13.47994, 52.86208 ], [ 13.48091, 52.86233 ], [ 13.48168, 52.86246 ], [ 13.48263, 52.86255 ], [ 13.48317, 52.86255 ], [ 13.48393, 52.86245 ], [ 13.48508, 52.86212 ], [ 13.48614, 52.8624 ], [ 13.48605, 52.86197 ], [ 13.4861, 52.86163 ], [ 13.48656, 52.86098 ], [ 13.48669, 52.8609 ], [ 13.48544, 52.8598 ], [ 13.48587, 52.85968 ], [ 13.48629, 52.85936 ], [ 13.48615, 52.85923 ], [ 13.4856, 52.85934 ], [ 13.48528, 52.85965 ], [ 13.48489, 52.85928 ], [ 13.48538, 52.85901 ], [ 13.48526, 52.85885 ], [ 13.48472, 52.85889 ], [ 13.4846, 52.85878 ], [ 13.48477, 52.85865 ], [ 13.48502, 52.85857 ], [ 13.48504, 52.85841 ], [ 13.48483, 52.85821 ], [ 13.48449, 52.85822 ], [ 13.48418, 52.85795 ], [ 13.48145, 52.85866 ], [ 13.47815, 52.85938 ], [ 13.47406, 52.86493 ], [ 13.4747, 52.86505 ], [ 13.4757, 52.86534 ], [ 13.47719, 52.86551 ], [ 13.47843, 52.86556 ], [ 13.47891, 52.86564 ], [ 13.47934, 52.86551 ], [ 13.47962, 52.86531 ], [ 13.47985, 52.86496 ], [ 13.48, 52.86362 ], [ 13.4798, 52.86294 ], [ 13.4789, 52.86248 ] ] ] } },
{ "type": "Feature", "properties": { "boden": "100 % ziemlich arm, nass (NZ2)" }, "geometry": { "type": "Polygon", "coordinates": [ [ [ 13.48614, 52.8624 ], [ 13.48508, 52.86212 ], [ 13.48393, 52.86245 ], [ 13.48317, 52.86255 ], [ 13.48263, 52.86255 ], [ 13.48168, 52.86246 ], [ 13.48091, 52.86233 ], [ 13.47994, 52.86208 ], [ 13.47916, 52.86203 ], [ 13.47884, 52.86219 ], [ 13.47882, 52.86235 ], [ 13.4789, 52.86248 ], [ 13.4798, 52.86294 ], [ 13.48159, 52.86283 ], [ 13.48333, 52.86336 ], [ 13.48402, 52.86372 ], [ 13.48452, 52.86392 ], [ 13.48469, 52.86393 ], [ 13.48481, 52.86385 ], [ 13.48479, 52.86266 ], [ 13.4854, 52.86263 ], [ 13.48587, 52.86278 ], [ 13.48603, 52.86289 ], [ 13.486, 52.86319 ], [ 13.48579, 52.86346 ], [ 13.48541, 52.86379 ], [ 13.48528, 52.86407 ], [ 13.48526, 52.86486 ], [ 13.48544, 52.86553 ], [ 13.48542, 52.86567 ], [ 13.48525, 52.86581 ], [ 13.48495, 52.86588 ], [ 13.48459, 52.86587 ], [ 13.4838, 52.86571 ], [ 13.48232, 52.86518 ], [ 13.48204, 52.86516 ], [ 13.48176, 52.86524 ], [ 13.48132, 52.86556 ], [ 13.48079, 52.86635 ], [ 13.48106, 52.86736 ], [ 13.48131, 52.86794 ], [ 13.48242, 52.86775 ], [ 13.48323, 52.86747 ], [ 13.48373, 52.86741 ], [ 13.48427, 52.86742 ], [ 13.48516, 52.86732 ], [ 13.48559, 52.86654 ], [ 13.48641, 52.86616 ], [ 13.48659, 52.866 ], [ 13.48664, 52.86515 ], [ 13.48706, 52.86425 ], [ 13.48712, 52.86383 ], [ 13.48705, 52.8634 ], [ 13.48719, 52.86313 ], [ 13.48652, 52.8628 ], [ 13.48614, 52.8624 ] ] ] } },
{ "type": "Feature", "properties": { "boden": "100 % kräftig, nass (NK2)" }, "geometry": { "type": "Polygon", "coordinates": [ [ [ 13.48881, 52.86546 ], [ 13.48865, 52.8655 ], [ 13.48855, 52.86561 ], [ 13.48861, 52.86571 ], [ 13.4888, 52.86577 ], [ 13.48899, 52.86572 ], [ 13.48906, 52.86562 ], [ 13.489, 52.86552 ], [ 13.48881, 52.86546 ] ] ] } },
{ "type": "Feature", "properties": { "boden": "60 % mittel, nass (NM2) · 40 % mittel, nass (NM3)" }, "geometry": { "type": "Polygon", "coordinates": [ [ [ 13.48106, 52.86736 ], [ 13.48079, 52.86635 ], [ 13.48132, 52.86556 ], [ 13.48176, 52.86524 ], [ 13.48204, 52.86516 ], [ 13.48232, 52.86518 ], [ 13.4838, 52.86571 ], [ 13.48459, 52.86587 ], [ 13.48495, 52.86588 ], [ 13.48525, 52.86581 ], [ 13.48542, 52.86567 ], [ 13.48526, 52.86486 ], [ 13.48528, 52.86407 ], [ 13.48541, 52.86379 ], [ 13.48579, 52.86346 ], [ 13.486, 52.86319 ], [ 13.48603, 52.86289 ], [ 13.48587, 52.86278 ], [ 13.4854, 52.86263 ], [ 13.48479, 52.86266 ], [ 13.48484, 52.86352 ], [ 13.48481, 52.86385 ], [ 13.48469, 52.86393 ], [ 13.48452, 52.86392 ], [ 13.48402, 52.86372 ], [ 13.48333, 52.86336 ], [ 13.48159, 52.86283 ], [ 13.4798, 52.86294 ], [ 13.48, 52.86362 ], [ 13.47985, 52.86496 ], [ 13.47962, 52.86531 ], [ 13.47934, 52.86551 ], [ 13.47891, 52.86564 ], [ 13.47843, 52.86556 ], [ 13.47719, 52.86551 ], [ 13.4757, 52.86534 ], [ 13.47536, 52.86584 ], [ 13.47582, 52.86633 ], [ 13.47538, 52.86688 ], [ 13.47539, 52.86699 ], [ 13.47556, 52.86716 ], [ 13.47577, 52.86723 ], [ 13.47714, 52.86749 ], [ 13.47725, 52.86761 ], [ 13.47732, 52.86811 ], [ 13.47809, 52.86879 ], [ 13.47835, 52.86868 ], [ 13.47917, 52.86846 ], [ 13.47923, 52.86838 ], [ 13.47944, 52.86832 ], [ 13.48013, 52.86826 ], [ 13.48055, 52.86814 ], [ 13.48069, 52.86804 ], [ 13.48131, 52.86794 ], [ 13.48106, 52.86736 ] ] ] } },
{ "type": "Feature", "properties": { "boden": "100 % kräftig, nass (NK2)" }, "geometry": { "type": "Polygon", "coordinates": [ [ [ 13.49779, 52.86557 ], [ 13.49766, 52.8655 ], [ 13.49712, 52.86547 ], [ 13.49593, 52.86563 ], [ 13.49464, 52.86606 ], [ 13.49372, 52.86592 ], [ 13.4932, 52.86604 ], [ 13.49266, 52.8661 ], [ 13.49203, 52.86606 ], [ 13.49225, 52.86631 ], [ 13.49338, 52.86662 ], [ 13.49367, 52.86667 ], [ 13.49456, 52.86669 ], [ 13.49504, 52.86654 ], [ 13.49661, 52.86622 ], [ 13.49719, 52.86603 ], [ 13.49772, 52.86578 ], [ 13.4978, 52.86569 ], [ 13.49779, 52.86557 ] ] ] } },
{ "type": "Feature", "properties": { "boden": "100 % kräftig, nass (NK2)" }, "geometry": { "type": "Polygon", "coordinates": [ [ [ 13.48861, 52.86621 ], [ 13.48845, 52.86625 ], [ 13.48836, 52.86636 ], [ 13.48841, 52.86646 ], [ 13.4886, 52.86652 ], [ 13.4888, 52.86647 ], [ 13.48886, 52.86637 ], [ 13.48881, 52.86627 ], [ 13.48861, 52.86621 ] ] ] } },
{ "type": "Feature", "properties": { "boden": "100 % kräftig, nass (NK2)" }, "geometry": { "type": "Polygon", "coordinates": [ [ [ 13.47993, 52.8743 ], [ 13.47988, 52.8741 ], [ 13.47993, 52.87376 ], [ 13.48049, 52.87262 ], [ 13.48054, 52.87208 ], [ 13.48065, 52.87179 ], [ 13.48096, 52.87138 ], [ 13.48111, 52.87106 ], [ 13.48126, 52.8703 ], [ 13.48135, 52.87003 ], [ 13.48151, 52.86986 ], [ 13.48257, 52.86949 ], [ 13.48375, 52.86949 ], [ 13.48394, 52.86953 ], [ 13.48436, 52.86954 ], [ 13.48482, 52.86965 ], [ 13.48499, 52.86992 ], [ 13.48505, 52.87061 ], [ 13.48517, 52.87079 ], [ 13.48545, 52.87097 ], [ 13.4857, 52.87096 ], [ 13.48606, 52.87085 ], [ 13.48715, 52.87074 ], [ 13.48777, 52.87061 ], [ 13.48858, 52.86994 ], [ 13.48949, 52.86977 ], [ 13.48978, 52.86976 ], [ 13.48998, 52.86987 ], [ 13.49011, 52.86976 ], [ 13.49049, 52.8696 ], [ 13.49056, 52.86945 ], [ 13.49049, 52.86929 ], [ 13.4893, 52.86941 ], [ 13.48859, 52.86943 ], [ 13.48626, 52.86961 ], [ 13.48582, 52.86954 ], [ 13.48541, 52.8694 ], [ 13.48515, 52.8692 ], [ 13.48508, 52.86899 ], [ 13.48521, 52.86881 ], [ 13.48547, 52.86868 ], [ 13.48567, 52.86863 ], [ 13.48727, 52.86865 ], [ 13.48822, 52.86842 ], [ 13.48939, 52.86803 ], [ 13.49002, 52.86773 ], [ 13.48993, 52.86761 ], [ 13.48973, 52.86753 ], [ 13.48932, 52.86747 ], [ 13.48814, 52.86756 ], [ 13.48795, 52.86749 ], [ 13.48784, 52.86735 ], [ 13.4879, 52.86714 ], [ 13.48814, 52.86681 ], [ 13.48844, 52.86664 ], [ 13.48922, 52.86651 ], [ 13.4901, 52.86629 ], [ 13.49078, 52.86599 ], [ 13.4911, 52.86572 ], [ 13.49129, 52.8653 ], [ 13.49119, 52.86493 ], [ 13.4908, 52.86427 ], [ 13.49043, 52.86424 ], [ 13.48669, 52.8609 ], [ 13.48656, 52.86098 ], [ 13.4861, 52.86163 ], [ 13.48605, 52.86197 ], [ 13.48614, 52.8624 ], [ 13.48652, 52.8628 ], [ 13.48719, 52.86313 ], [ 13.48705, 52.8634 ], [ 13.48712, 52.86383 ], [ 13.48706, 52.86425 ], [ 13.48664, 52.86515 ], [ 13.48659, 52.866 ], [ 13.48641, 52.86616 ], [ 13.48559, 52.86654 ], [ 13.48516, 52.86732 ], [ 13.48427, 52.86742 ], [ 13.48373, 52.86741 ], [ 13.48323, 52.86747 ], [ 13.48242, 52.86775 ], [ 13.48069, 52.86804 ], [ 13.48055, 52.86814 ], [ 13.48013, 52.86826 ], [ 13.47944, 52.86832 ], [ 13.47923, 52.86838 ], [ 13.47917, 52.86846 ], [ 13.47835, 52.86868 ], [ 13.47809, 52.86879 ], [ 13.47795, 52.86896 ], [ 13.47789, 52.86938 ], [ 13.47847, 52.87004 ], [ 13.47847, 52.87035 ], [ 13.47835, 52.87069 ], [ 13.47886, 52.87079 ], [ 13.47931, 52.87098 ], [ 13.47972, 52.87122 ], [ 13.47992, 52.87163 ], [ 13.4797, 52.87233 ], [ 13.47948, 52.87262 ], [ 13.47917, 52.87288 ], [ 13.47885, 52.87303 ], [ 13.47818, 52.87299 ], [ 13.47742, 52.87307 ], [ 13.47724, 52.87315 ], [ 13.47712, 52.87333 ], [ 13.47755, 52.87384 ], [ 13.47801, 52.87418 ], [ 13.47957, 52.87497 ], [ 13.48019, 52.87516 ], [ 13.4803, 52.87512 ], [ 13.48028, 52.87489 ], [ 13.47993, 52.8743 ] ], [ [ 13.48886, 52.86637 ], [ 13.4888, 52.86647 ], [ 13.4886, 52.86652 ], [ 13.48841, 52.86646 ], [ 13.48836, 52.86636 ], [ 13.48845, 52.86625 ], [ 13.48861, 52.86621 ], [ 13.48881, 52.86627 ], [ 13.48886, 52.86637 ] ], [ [ 13.48906, 52.86562 ], [ 13.48899, 52.86572 ], [ 13.4888, 52.86577 ], [ 13.48861, 52.86571 ], [ 13.48855, 52.86561 ], [ 13.48865, 52.8655 ], [ 13.48881, 52.86546 ], [ 13.489, 52.86552 ], [ 13.48906, 52.86562 ] ] ] } },
{ "type": "Feature", "properties": { "boden": "100 % kräftig, nass (NK2)" }, "geometry": { "type": "Polygon", "coordinates": [ [ [ 13.47211, 52.87037 ], [ 13.47218, 52.87024 ], [ 13.47449, 52.87014 ], [ 13.47683, 52.87062 ], [ 13.47807, 52.87063 ], [ 13.47835, 52.87069 ], [ 13.47847, 52.87035 ], [ 13.47847, 52.87004 ], [ 13.47789, 52.86938 ], [ 13.4779, 52.86913 ], [ 13.47809, 52.86879 ], [ 13.47732, 52.86811 ], [ 13.47725, 52.86761 ], [ 13.47714, 52.86749 ], [ 13.47577, 52.86723 ], [ 13.47556, 52.86716 ], [ 13.47539, 52.86699 ], [ 13.47538, 52.86688 ], [ 13.47582, 52.86633 ], [ 13.47536, 52.86584 ], [ 13.4757, 52.86534 ], [ 13.4747, 52.86505 ], [ 13.47406, 52.86493 ], [ 13.47005, 52.87038 ], [ 13.47053, 52.87116 ], [ 13.47125, 52.87098 ], [ 13.47155, 52.87084 ], [ 13.47214, 52.87047 ], [ 13.47211, 52.87037 ] ] ] } },
{ "type": "Feature", "properties": { "boden": "100 % mittel, trocken (vermutet) (M3)" }, "geometry": { "type": "Polygon", "coordinates": [ [ [ 13.48961, 52.86809 ], [ 13.48942, 52.86809 ], [ 13.48897, 52.8682 ], [ 13.48828, 52.86852 ], [ 13.48787, 52.86865 ], [ 13.4878, 52.86876 ], [ 13.4879, 52.86878 ], [ 13.4882, 52.86872 ], [ 13.4886, 52.86853 ], [ 13.48943, 52.86828 ], [ 13.48964, 52.86818 ], [ 13.48961, 52.86809 ] ] ] } },
{ "type": "Feature", "properties": { "boden": "100 % mittel, mäßig frisch (M2)" }, "geometry": { "type": "Polygon", "coordinates": [ [ [ 13.49232, 52.86885 ], [ 13.49216, 52.86888 ], [ 13.49206, 52.869 ], [ 13.49212, 52.8691 ], [ 13.49231, 52.86915 ], [ 13.49251, 52.8691 ], [ 13.49257, 52.869 ], [ 13.49251, 52.86891 ], [ 13.49232, 52.86885 ] ] ] } },
{ "type": "Feature", "properties": { "boden": "100 % mittel, mäßig frisch (M2)" }, "geometry": { "type": "Polygon", "coordinates": [ [ [ 13.49386, 52.86917 ], [ 13.49369, 52.86921 ], [ 13.4936, 52.86932 ], [ 13.49366, 52.86942 ], [ 13.49385, 52.86948 ], [ 13.49404, 52.86943 ], [ 13.49411, 52.86933 ], [ 13.49402, 52.86921 ], [ 13.49386, 52.86917 ] ] ] } },
{ "type": "Feature", "properties": { "boden": "100 % kräftig, mäßig frisch (K2)" }, "geometry": { "type": "Polygon", "coordinates": [ [ [ 13.47218, 52.87024 ], [ 13.47211, 52.87037 ], [ 13.47232, 52.87064 ], [ 13.4725, 52.87064 ], [ 13.47256, 52.8707 ], [ 13.47297, 52.87071 ], [ 13.47344, 52.87059 ], [ 13.47365, 52.87041 ], [ 13.47374, 52.87015 ], [ 13.47218, 52.87024 ] ] ] } },
{ "type": "Feature", "properties": { "boden": "100 % mittel, mäßig frisch (M2g)" }, "geometry": { "type": "Polygon", "coordinates": [ [ [ 13.47254, 52.87158 ], [ 13.47247, 52.87111 ], [ 13.4725, 52.87064 ], [ 13.47232, 52.87064 ], [ 13.47214, 52.87047 ], [ 13.47155, 52.87084 ], [ 13.47125, 52.87098 ], [ 13.47053, 52.87116 ], [ 13.47126, 52.87235 ], [ 13.47164, 52.87209 ], [ 13.4719, 52.872 ], [ 13.47235, 52.87196 ], [ 13.47279, 52.872 ], [ 13.47254, 52.87158 ] ] ] } },
{ "type": "Feature", "properties": { "boden": "100 % mittel, frisch (M1)" }, "geometry": { "type": "Polygon", "coordinates": [ [ [ 13.47807, 52.87063 ], [ 13.47683, 52.87062 ], [ 13.47449, 52.87014 ], [ 13.47374, 52.87015 ], [ 13.47365, 52.87041 ], [ 13.47344, 52.87059 ], [ 13.47297, 52.87071 ], [ 13.47256, 52.8707 ], [ 13.4725, 52.87064 ], [ 13.47247, 52.87111 ], [ 13.47254, 52.87158 ], [ 13.47279, 52.872 ], [ 13.47359, 52.87221 ], [ 13.47382, 52.87213 ], [ 13.47462, 52.87131 ], [ 13.47508, 52.87116 ], [ 13.47587, 52.87107 ], [ 13.47788, 52.87148 ], [ 13.47793, 52.87159 ], [ 13.47785, 52.87173 ], [ 13.47761, 52.87185 ], [ 13.47787, 52.87197 ], [ 13.47828, 52.87243 ], [ 13.47818, 52.87299 ], [ 13.47885, 52.87303 ], [ 13.47917, 52.87288 ], [ 13.47948, 52.87262 ], [ 13.4797, 52.87233 ], [ 13.47992, 52.87163 ], [ 13.47972, 52.87122 ], [ 13.47931, 52.87098 ], [ 13.47886, 52.87079 ], [ 13.47807, 52.87063 ] ] ] } },
{ "type": "Feature", "properties": { "boden": "100 % mittel, frisch (M1)" }, "geometry": { "type": "Polygon", "coordinates": [ [ [ 13.48493, 52.87224 ], [ 13.48589, 52.87135 ], [ 13.48807, 52.87104 ], [ 13.48949, 52.87049 ], [ 13.48982, 52.87027 ], [ 13.48999, 52.87008 ], [ 13.48998, 52.86987 ], [ 13.4899, 52.86979 ], [ 13.48978, 52.86976 ], [ 13.48949, 52.86977 ], [ 13.48858, 52.86994 ], [ 13.48777, 52.87061 ], [ 13.48715, 52.87074 ], [ 13.48606, 52.87085 ], [ 13.4857, 52.87096 ], [ 13.48545, 52.87097 ], [ 13.48517, 52.87079 ], [ 13.48505, 52.87061 ], [ 13.48499, 52.86992 ], [ 13.48482, 52.86965 ], [ 13.48436, 52.86954 ], [ 13.48394, 52.86953 ], [ 13.48375, 52.86949 ], [ 13.48257, 52.86949 ], [ 13.48151, 52.86986 ], [ 13.48135, 52.87003 ], [ 13.48126, 52.8703 ], [ 13.48111, 52.87106 ], [ 13.48096, 52.87138 ], [ 13.48065, 52.87179 ], [ 13.48054, 52.87208 ], [ 13.48049, 52.87262 ], [ 13.47993, 52.87376 ], [ 13.47988, 52.8741 ], [ 13.48007, 52.87458 ], [ 13.48101, 52.87503 ], [ 13.48103, 52.87484 ], [ 13.48052, 52.87404 ], [ 13.48053, 52.87375 ], [ 13.48066, 52.87348 ], [ 13.48158, 52.87277 ], [ 13.48199, 52.8723 ], [ 13.48196, 52.87123 ], [ 13.48203, 52.87092 ], [ 13.48264, 52.87033 ], [ 13.48326, 52.87024 ], [ 13.48376, 52.87035 ], [ 13.48407, 52.87057 ], [ 13.48409, 52.87087 ], [ 13.48383, 52.87148 ], [ 13.48389, 52.87174 ], [ 13.48411, 52.87199 ], [ 13.48493, 52.87224 ] ] ] } },
{ "type": "Feature", "properties": { "boden": "100 % mittel, mäßig frisch (M2)" }, "geometry": { "type": "Polygon", "coordinates": [ [ [ 13.48918, 52.87388 ], [ 13.49089, 52.87322 ], [ 13.49236, 52.87277 ], [ 13.4922, 52.87257 ], [ 13.49199, 52.87201 ], [ 13.49201, 52.87102 ], [ 13.49187, 52.87067 ], [ 13.49168, 52.87044 ], [ 13.48999, 52.87008 ], [ 13.48982, 52.87027 ], [ 13.48949, 52.87049 ], [ 13.48807, 52.87104 ], [ 13.48589, 52.87135 ], [ 13.48493, 52.87224 ], [ 13.48514, 52.87241 ], [ 13.48523, 52.87261 ], [ 13.4852, 52.87282 ], [ 13.48501, 52.87299 ], [ 13.48474, 52.87311 ], [ 13.48344, 52.87334 ], [ 13.48283, 52.87352 ], [ 13.48247, 52.87367 ], [ 13.48223, 52.87385 ], [ 13.48214, 52.87403 ], [ 13.48218, 52.87428 ], [ 13.48255, 52.87468 ], [ 13.48276, 52.87477 ], [ 13.48312, 52.87479 ], [ 13.48505, 52.87444 ], [ 13.48535, 52.87422 ], [ 13.48568, 52.87411 ], [ 13.48635, 52.87401 ], [ 13.48759, 52.87396 ], [ 13.48799, 52.87401 ], [ 13.48822, 52.87413 ], [ 13.48918, 52.87388 ] ], [ [ 13.48279, 52.87397 ], [ 13.48269, 52.87409 ], [ 13.48253, 52.87412 ], [ 13.48237, 52.87405 ], [ 13.48229, 52.87394 ], [ 13.48265, 52.87388 ], [ 13.48276, 52.8739 ], [ 13.48279, 52.87397 ] ], [ [ 13.48389, 52.87354 ], [ 13.48389, 52.87362 ], [ 13.48377, 52.87367 ], [ 13.48326, 52.87366 ], [ 13.48312, 52.87358 ], [ 13.48317, 52.8735 ], [ 13.48326, 52.87348 ], [ 13.48358, 52.87347 ], [ 13.48389, 52.87354 ] ] ] } },
{ "type": "Feature", "properties": { "boden": "100 % mittel, mäßig frisch (M2g)" }, "geometry": { "type": "Polygon", "coordinates": [ [ [ 13.48799, 52.87401 ], [ 13.48701, 52.87396 ], [ 13.48635, 52.87401 ], [ 13.48568, 52.87411 ], [ 13.48535, 52.87422 ], [ 13.48505, 52.87444 ], [ 13.48312, 52.87479 ], [ 13.48276, 52.87477 ], [ 13.48255, 52.87468 ], [ 13.48218, 52.87428 ], [ 13.48214, 52.87403 ], [ 13.48223, 52.87385 ], [ 13.48247, 52.87367 ], [ 13.48344, 52.87334 ], [ 13.48474, 52.87311 ], [ 13.48501, 52.87299 ], [ 13.4852, 52.87282 ], [ 13.48523, 52.87261 ], [ 13.48514, 52.87241 ], [ 13.48493, 52.87224 ], [ 13.48411, 52.87199 ], [ 13.48389, 52.87174 ], [ 13.48383, 52.87148 ], [ 13.48409, 52.87087 ], [ 13.48407, 52.87057 ], [ 13.48376, 52.87035 ], [ 13.48326, 52.87024 ], [ 13.48264, 52.87033 ], [ 13.48203, 52.87092 ], [ 13.48196, 52.87123 ], [ 13.48199, 52.8723 ], [ 13.48158, 52.87277 ], [ 13.48066, 52.87348 ], [ 13.48053, 52.87375 ], [ 13.48052, 52.87404 ], [ 13.48103, 52.87484 ], [ 13.48101, 52.87503 ], [ 13.48169, 52.87539 ], [ 13.48557, 52.87468 ], [ 13.48673, 52.87452 ], [ 13.48822, 52.87413 ], [ 13.48799, 52.87401 ] ] ] } },
{ "type": "Feature", "properties": { "boden": "100 % mittel, mäßig frisch (M2)" }, "geometry": { "type": "Polygon", "coordinates": [ [ [ 13.50721, 52.86716 ], [ 13.50763, 52.86706 ], [ 13.50736, 52.8668 ], [ 13.50663, 52.86695 ], [ 13.50591, 52.86688 ], [ 13.5045, 52.86651 ], [ 13.50415, 52.86625 ], [ 13.50361, 52.86633 ], [ 13.50304, 52.8663 ], [ 13.50239, 52.86617 ], [ 13.50138, 52.86587 ], [ 13.50062, 52.86585 ], [ 13.49989, 52.866 ], [ 13.49901, 52.86645 ], [ 13.4983, 52.86667 ], [ 13.4971, 52.86689 ], [ 13.49476, 52.86701 ], [ 13.49412, 52.867 ], [ 13.49372, 52.86693 ], [ 13.49325, 52.86705 ], [ 13.49194, 52.8672 ], [ 13.49002, 52.86773 ], [ 13.48939, 52.86803 ], [ 13.48822, 52.86842 ], [ 13.48727, 52.86865 ], [ 13.48567, 52.86863 ], [ 13.48547, 52.86868 ], [ 13.48521, 52.86881 ], [ 13.48508, 52.86899 ], [ 13.48515, 52.8692 ], [ 13.48541, 52.8694 ], [ 13.48582, 52.86954 ], [ 13.48626, 52.86961 ], [ 13.48859, 52.86943 ], [ 13.4893, 52.86941 ], [ 13.49049, 52.86929 ], [ 13.49056, 52.86945 ], [ 13.49049, 52.8696 ], [ 13.49011, 52.86976 ], [ 13.48998, 52.86987 ], [ 13.48999, 52.87008 ], [ 13.49132, 52.87036 ], [ 13.4915, 52.86994 ], [ 13.49204, 52.86947 ], [ 13.4924, 52.86961 ], [ 13.49319, 52.87042 ], [ 13.49357, 52.87062 ], [ 13.49548, 52.87096 ], [ 13.49887, 52.8713 ], [ 13.49971, 52.87121 ], [ 13.50017, 52.8711 ], [ 13.50091, 52.87058 ], [ 13.50141, 52.87014 ], [ 13.50164, 52.8698 ], [ 13.50166, 52.86921 ], [ 13.50146, 52.86876 ], [ 13.50064, 52.86809 ], [ 13.50035, 52.86768 ], [ 13.50041, 52.86752 ], [ 13.50061, 52.86735 ], [ 13.501, 52.86727 ], [ 13.50155, 52.86727 ], [ 13.50218, 52.86738 ], [ 13.50425, 52.86807 ], [ 13.50728, 52.86729 ], [ 13.50721, 52.86716 ] ], [ [ 13.48966, 52.86813 ], [ 13.48943, 52.86828 ], [ 13.4886, 52.86853 ], [ 13.4882, 52.86872 ], [ 13.4879, 52.86878 ], [ 13.4878, 52.86876 ], [ 13.48787, 52.86865 ], [ 13.48828, 52.86852 ], [ 13.48897, 52.8682 ], [ 13.48942, 52.86809 ], [ 13.48961, 52.86809 ], [ 13.48966, 52.86813 ] ], [ [ 13.49257, 52.869 ], [ 13.49251, 52.8691 ], [ 13.49231, 52.86915 ], [ 13.49212, 52.8691 ], [ 13.49206, 52.869 ], [ 13.49216, 52.86888 ], [ 13.49232, 52.86885 ], [ 13.49251, 52.86891 ], [ 13.49257, 52.869 ] ], [ [ 13.49411, 52.86933 ], [ 13.49404, 52.86943 ], [ 13.49385, 52.86948 ], [ 13.49366, 52.86942 ], [ 13.4936, 52.86932 ], [ 13.49369, 52.86921 ], [ 13.49386, 52.86917 ], [ 13.49402, 52.86921 ], [ 13.49411, 52.86933 ] ] ] } },
{ "type": "Feature", "properties": { "boden": "100 % kräftig, mäßig frisch (K2)" }, "geometry": { "type": "Polygon", "coordinates": [ [ [ 13.50425, 52.86807 ], [ 13.50218, 52.86738 ], [ 13.50155, 52.86727 ], [ 13.501, 52.86727 ], [ 13.50061, 52.86735 ], [ 13.50041, 52.86752 ], [ 13.50035, 52.86768 ], [ 13.50064, 52.86809 ], [ 13.50146, 52.86876 ], [ 13.50166, 52.86921 ], [ 13.50164, 52.8698 ], [ 13.50141, 52.87014 ], [ 13.50048, 52.87091 ], [ 13.50017, 52.8711 ], [ 13.49971, 52.87121 ], [ 13.49887, 52.8713 ], [ 13.49548, 52.87096 ], [ 13.49387, 52.87069 ], [ 13.49357, 52.87062 ], [ 13.49319, 52.87042 ], [ 13.49287, 52.87014 ], [ 13.49253, 52.8697 ], [ 13.4924, 52.86961 ], [ 13.49204, 52.86947 ], [ 13.4915, 52.86994 ], [ 13.49132, 52.87036 ], [ 13.49168, 52.87044 ], [ 13.49187, 52.87067 ], [ 13.49201, 52.87102 ], [ 13.49199, 52.87201 ], [ 13.4922, 52.87257 ], [ 13.49236, 52.87277 ], [ 13.49585, 52.87236 ], [ 13.50036, 52.87236 ], [ 13.50141, 52.87241 ], [ 13.50464, 52.87292 ], [ 13.50776, 52.8735 ], [ 13.50795, 52.87305 ], [ 13.50807, 52.87292 ], [ 13.50828, 52.87183 ], [ 13.5083, 52.87112 ], [ 13.5088, 52.87054 ], [ 13.51002, 52.86968 ], [ 13.50951, 52.86958 ], [ 13.50894, 52.86937 ], [ 13.50832, 52.869 ], [ 13.50816, 52.8685 ], [ 13.50778, 52.8681 ], [ 13.50728, 52.86729 ], [ 13.50425, 52.86807 ] ] ] } },
{ "type": "Feature", "properties": { "boden": "60 % ziemlich arm, mäßig frisch (Z2g) · 40 % ziemlich arm, frisch (Z1)" }, "geometry": { "type": "Polygon", "coordinates": [ [ [ 13.51403, 52.877 ], [ 13.51233, 52.87734 ], [ 13.51165, 52.87731 ], [ 13.51137, 52.87722 ], [ 13.51113, 52.87707 ], [ 13.51053, 52.87653 ], [ 13.51006, 52.87636 ], [ 13.50963, 52.8761 ], [ 13.50866, 52.87532 ], [ 13.50866, 52.8751 ], [ 13.50895, 52.87473 ], [ 13.50928, 52.87466 ], [ 13.50961, 52.87473 ], [ 13.51003, 52.875 ], [ 13.51097, 52.87618 ], [ 13.51119, 52.87637 ], [ 13.51162, 52.87656 ], [ 13.51185, 52.87658 ], [ 13.51222, 52.8765 ], [ 13.51237, 52.87639 ], [ 13.51341, 52.87487 ], [ 13.51417, 52.87456 ], [ 13.51419, 52.87416 ], [ 13.51337, 52.87381 ], [ 13.51278, 52.87389 ], [ 13.51214, 52.87405 ], [ 13.51117, 52.87423 ], [ 13.50981, 52.87412 ], [ 13.50793, 52.87446 ], [ 13.50773, 52.87438 ], [ 13.50756, 52.87421 ], [ 13.50692, 52.87433 ], [ 13.50419, 52.87671 ], [ 13.50452, 52.87713 ], [ 13.50483, 52.87734 ], [ 13.5051, 52.87749 ], [ 13.50609, 52.87787 ], [ 13.50787, 52.87807 ], [ 13.50829, 52.87804 ], [ 13.51065, 52.8784 ], [ 13.51225, 52.87874 ], [ 13.51159, 52.87847 ], [ 13.51128, 52.87828 ], [ 13.51159, 52.87799 ], [ 13.5122, 52.87784 ], [ 13.51263, 52.87762 ], [ 13.51287, 52.87736 ], [ 13.51289, 52.87756 ], [ 13.51268, 52.87776 ], [ 13.51267, 52.878 ], [ 13.51406, 52.87807 ], [ 13.51409, 52.87695 ], [ 13.51403, 52.877 ] ] ] } },
{ "type": "Feature", "properties": { "boden": "60 % mittel, frisch (M1) · 40 % ziemlich arm, frisch (Z1)" }, "geometry": { "type": "Polygon", "coordinates": [ [ [ 13.50609, 52.87787 ], [ 13.5051, 52.87749 ], [ 13.50483, 52.87734 ], [ 13.50452, 52.87713 ], [ 13.50419, 52.87671 ], [ 13.50332, 52.87751 ], [ 13.50322, 52.87747 ], [ 13.50329, 52.87759 ], [ 13.50127, 52.87943 ], [ 13.50128, 52.87954 ], [ 13.50341, 52.87954 ], [ 13.5055, 52.87972 ], [ 13.50572, 52.87981 ], [ 13.50602, 52.87945 ], [ 13.50629, 52.87878 ], [ 13.50683, 52.8787 ], [ 13.50745, 52.87875 ], [ 13.50793, 52.87813 ], [ 13.50787, 52.87807 ], [ 13.50609, 52.87787 ] ] ] } },
{ "type": "Feature", "properties": { "boden": "100 % arm, trocken (vermutet) (A3)" }, "geometry": { "type": "Polygon", "coordinates": [ [ [ 13.50402, 52.88027 ], [ 13.50381, 52.88021 ], [ 13.50264, 52.88012 ], [ 13.50202, 52.88025 ], [ 13.50402, 52.88027 ] ] ] } },
{ "type": "Feature", "properties": { "boden": "100 % arm, trocken (vermutet) (A3)" }, "geometry": { "type": "Polygon", "coordinates": [ [ [ 13.50602, 52.88017 ], [ 13.50568, 52.88017 ], [ 13.50514, 52.88029 ], [ 13.50638, 52.8803 ], [ 13.50627, 52.88023 ], [ 13.50602, 52.88017 ] ] ] } },
{ "type": "Feature", "properties": { "boden": "100 % arm, mäßig frisch (A2)" }, "geometry": { "type": "Polygon", "coordinates": [ [ [ 13.50726, 52.88009 ], [ 13.50673, 52.88004 ], [ 13.50669, 52.87999 ], [ 13.50572, 52.87981 ], [ 13.5055, 52.87972 ], [ 13.50432, 52.87962 ], [ 13.5026, 52.88 ], [ 13.50193, 52.88025 ], [ 13.50264, 52.88012 ], [ 13.50381, 52.88021 ], [ 13.50402, 52.88027 ], [ 13.50514, 52.88029 ], [ 13.50568, 52.88017 ], [ 13.50602, 52.88017 ], [ 13.50627, 52.88023 ], [ 13.50638, 52.8803 ], [ 13.50729, 52.88031 ], [ 13.50726, 52.88009 ] ] ] } },
{ "type": "Feature", "properties": { "boden": "100 % kräftig, mäßig frisch (K2)" }, "geometry": { "type": "Polygon", "coordinates": [ [ [ 13.47506, 52.87227 ], [ 13.4753, 52.87227 ], [ 13.47734, 52.87192 ], [ 13.47785, 52.87173 ], [ 13.47793, 52.87159 ], [ 13.47788, 52.87148 ], [ 13.47587, 52.87107 ], [ 13.47545, 52.8711 ], [ 13.47508, 52.87116 ], [ 13.47462, 52.87131 ], [ 13.47382, 52.87213 ], [ 13.47359, 52.87221 ], [ 13.47279, 52.872 ], [ 13.47235, 52.87196 ], [ 13.4719, 52.872 ], [ 13.47164, 52.87209 ], [ 13.47126, 52.87235 ], [ 13.4728, 52.87484 ], [ 13.47311, 52.87469 ], [ 13.47325, 52.87437 ], [ 13.47338, 52.87301 ], [ 13.47348, 52.87281 ], [ 13.4736, 52.87269 ], [ 13.47506, 52.87227 ] ] ] } },
{ "type": "Feature", "properties": { "boden": "100 % mittel, trocken (vermutet) (M3)" }, "geometry": { "type": "Polygon", "coordinates": [ [ [ 13.48358, 52.87347 ], [ 13.48317, 52.8735 ], [ 13.48312, 52.87358 ], [ 13.48319, 52.87364 ], [ 13.48345, 52.87368 ], [ 13.48377, 52.87367 ], [ 13.48389, 52.87362 ], [ 13.48383, 52.87351 ], [ 13.48358, 52.87347 ] ] ] } },
{ "type": "Feature", "properties": { "boden": "100 % mittel, trocken (vermutet) (M3)" }, "geometry": { "type": "Polygon", "coordinates": [ [ [ 13.48265, 52.87388 ], [ 13.48229, 52.87394 ], [ 13.48237, 52.87405 ], [ 13.48253, 52.87412 ], [ 13.48276, 52.87404 ], [ 13.48276, 52.8739 ], [ 13.48265, 52.87388 ] ] ] } },
{ "type": "Feature", "properties": { "boden": "100 % mittel, frisch (M1)" }, "geometry": { "type": "Polygon", "coordinates": [ [ [ 13.48169, 52.87539 ], [ 13.48007, 52.87458 ], [ 13.48028, 52.87489 ], [ 13.4803, 52.87512 ], [ 13.48019, 52.87516 ], [ 13.48001, 52.87513 ], [ 13.47865, 52.87454 ], [ 13.47801, 52.87418 ], [ 13.47755, 52.87384 ], [ 13.47712, 52.87333 ], [ 13.47724, 52.87315 ], [ 13.47742, 52.87307 ], [ 13.47818, 52.87299 ], [ 13.47828, 52.87243 ], [ 13.47787, 52.87197 ], [ 13.47761, 52.87185 ], [ 13.4753, 52.87227 ], [ 13.47506, 52.87227 ], [ 13.4739, 52.87263 ], [ 13.4759, 52.87451 ], [ 13.47575, 52.87488 ], [ 13.47551, 52.87501 ], [ 13.4757, 52.87509 ], [ 13.47622, 52.8751 ], [ 13.47653, 52.87536 ], [ 13.47649, 52.8755 ], [ 13.47609, 52.87568 ], [ 13.47584, 52.87563 ], [ 13.47531, 52.87539 ], [ 13.4753, 52.87573 ], [ 13.4755, 52.87633 ], [ 13.47584, 52.87624 ], [ 13.47593, 52.87639 ], [ 13.47982, 52.87562 ], [ 13.48116, 52.87549 ], [ 13.48169, 52.87539 ] ] ] } },
{ "type": "Feature", "properties": { "boden": "100 % mittel, mäßig frisch (M2g)" }, "geometry": { "type": "Polygon", "coordinates": [ [ [ 13.4755, 52.87633 ], [ 13.47527, 52.87553 ], [ 13.47537, 52.8752 ], [ 13.47551, 52.87501 ], [ 13.47575, 52.87488 ], [ 13.4759, 52.87451 ], [ 13.4739, 52.87263 ], [ 13.4736, 52.87269 ], [ 13.47348, 52.87281 ], [ 13.47338, 52.87301 ], [ 13.47325, 52.87437 ], [ 13.47311, 52.87469 ], [ 13.4728, 52.87484 ], [ 13.4739, 52.87663 ], [ 13.4755, 52.87633 ] ] ] } },
{ "type": "Feature", "properties": { "boden": "100 % mittel, nass (NM3)" }, "geometry": { "type": "Polygon", "coordinates": [ [ [ 13.47551, 52.87501 ], [ 13.47531, 52.87539 ], [ 13.47584, 52.87563 ], [ 13.47609, 52.87568 ], [ 13.47649, 52.8755 ], [ 13.47653, 52.87536 ], [ 13.47622, 52.8751 ], [ 13.4757, 52.87509 ], [ 13.47551, 52.87501 ] ] ] } },
{ "type": "Feature", "properties": { "boden": "40 % ziemlich arm, mäßig frisch (Z+2) · 30 % ziemlich arm, mäßig frisch (Z+2) · 30 % kräftig, mäßig frisch (K2)" }, "geometry": { "type": "Polygon", "coordinates": [ [ [ 13.49615, 52.87924 ], [ 13.4959, 52.87806 ], [ 13.49121, 52.879 ], [ 13.49185, 52.88012 ], [ 13.49729, 52.88019 ], [ 13.49659, 52.87973 ], [ 13.49615, 52.87924 ] ] ] } },
{ "type": "Feature", "properties": { "boden": "40 % ziemlich arm, mäßig frisch (Z2g) · 30 % ziemlich arm, mäßig frisch (Z2g) · 30 % ziemlich arm, frisch (Z1)" }, "geometry": { "type": "MultiPolygon", "coordinates": [ [ [ [ 13.5026, 52.88 ], [ 13.50432, 52.87962 ], [ 13.50341, 52.87954 ], [ 13.50128, 52.87954 ], [ 13.50095, 52.87961 ], [ 13.49638, 52.87931 ], [ 13.49623, 52.87934 ], [ 13.49659, 52.87973 ], [ 13.49729, 52.88019 ], [ 13.50193, 52.88025 ], [ 13.5026, 52.88 ] ] ], [ [ [ 13.4895, 52.87934 ], [ 13.48599, 52.88004 ], [ 13.48986, 52.88009 ], [ 13.4895, 52.87934 ] ] ] ] } },
{ "type": "Feature", "properties": { "boden": "100 % mittel, nass (NM2)" }, "geometry": { "type": "Polygon", "coordinates": [ [ [ 13.51314, 52.8638 ], [ 13.5128, 52.86411 ], [ 13.51302, 52.86441 ], [ 13.51364, 52.86432 ], [ 13.51387, 52.8642 ], [ 13.51392, 52.8641 ], [ 13.51378, 52.86403 ], [ 13.51333, 52.86396 ], [ 13.51323, 52.86393 ], [ 13.51314, 52.8638 ] ] ] } },
{ "type": "Feature", "properties": { "boden": "100 % mittel, frisch (M1w)" }, "geometry": { "type": "Polygon", "coordinates": [ [ [ 13.51422, 52.86494 ], [ 13.51408, 52.86479 ], [ 13.51401, 52.86461 ], [ 13.51404, 52.86445 ], [ 13.51417, 52.86432 ], [ 13.51453, 52.86425 ], [ 13.51455, 52.86371 ], [ 13.51332, 52.86372 ], [ 13.51314, 52.8638 ], [ 13.51323, 52.86393 ], [ 13.51378, 52.86403 ], [ 13.51392, 52.8641 ], [ 13.51387, 52.8642 ], [ 13.51364, 52.86432 ], [ 13.51302, 52.86441 ], [ 13.51289, 52.86425 ], [ 13.51283, 52.86439 ], [ 13.51096, 52.86476 ], [ 13.51151, 52.86624 ], [ 13.51448, 52.86566 ], [ 13.51449, 52.86537 ], [ 13.51397, 52.8655 ], [ 13.51333, 52.8655 ], [ 13.51276, 52.86541 ], [ 13.51181, 52.86542 ], [ 13.51158, 52.86477 ], [ 13.51162, 52.86475 ], [ 13.513, 52.86457 ], [ 13.51331, 52.86493 ], [ 13.51363, 52.86504 ], [ 13.5145, 52.86511 ], [ 13.5145, 52.86502 ], [ 13.51422, 52.86494 ] ] ] } },
{ "type": "Feature", "properties": { "boden": "100 % mittel, nass (OM4)" }, "geometry": { "type": "Polygon", "coordinates": [ [ [ 13.51363, 52.86504 ], [ 13.51331, 52.86493 ], [ 13.513, 52.86457 ], [ 13.51158, 52.86477 ], [ 13.51181, 52.86542 ], [ 13.51276, 52.86541 ], [ 13.51333, 52.8655 ], [ 13.51397, 52.8655 ], [ 13.51449, 52.86537 ], [ 13.5145, 52.86511 ], [ 13.51363, 52.86504 ] ] ] } },
{ "type": "Feature", "properties": { "boden": "100 % mittel, mäßig frisch (M2)" }, "geometry": { "type": "MultiPolygon", "coordinates": [ [ [ [ 13.51057, 52.87382 ], [ 13.51114, 52.87345 ], [ 13.51287, 52.87301 ], [ 13.51304, 52.87292 ], [ 13.51313, 52.87282 ], [ 13.51311, 52.87224 ], [ 13.51331, 52.87173 ], [ 13.51396, 52.87115 ], [ 13.51337, 52.87082 ], [ 13.51255, 52.87058 ], [ 13.51156, 52.86903 ], [ 13.51374, 52.8685 ], [ 13.51353, 52.868 ], [ 13.51441, 52.86778 ], [ 13.51442, 52.86732 ], [ 13.51406, 52.86739 ], [ 13.51369, 52.86692 ], [ 13.51338, 52.86724 ], [ 13.51224, 52.86782 ], [ 13.51202, 52.86787 ], [ 13.51161, 52.86787 ], [ 13.51119, 52.86772 ], [ 13.51097, 52.86737 ], [ 13.51097, 52.86725 ], [ 13.51151, 52.86624 ], [ 13.51007, 52.86665 ], [ 13.51055, 52.86798 ], [ 13.51029, 52.8681 ], [ 13.51048, 52.86943 ], [ 13.51046, 52.86977 ], [ 13.51035, 52.86987 ], [ 13.51025, 52.87264 ], [ 13.51032, 52.87272 ], [ 13.50892, 52.87304 ], [ 13.50885, 52.87315 ], [ 13.50909, 52.8739 ], [ 13.50756, 52.87421 ], [ 13.50773, 52.87438 ], [ 13.50793, 52.87446 ], [ 13.50981, 52.87412 ], [ 13.51039, 52.87417 ], [ 13.51057, 52.87382 ] ] ], [ [ [ 13.51412, 52.86216 ], [ 13.51457, 52.86287 ], [ 13.5146, 52.86219 ], [ 13.51412, 52.86216 ] ] ], [ [ [ 13.51453, 52.86425 ], [ 13.51417, 52.86432 ], [ 13.51404, 52.86445 ], [ 13.51401, 52.86461 ], [ 13.51408, 52.86479 ], [ 13.51422, 52.86494 ], [ 13.5145, 52.86502 ], [ 13.51453, 52.86425 ] ] ] ] } },
{ "type": "Feature", "properties": { "boden": "50 % ziemlich arm, mäßig frisch (Z2) · 50 % mittel, mäßig frisch (M2)" }, "geometry": { "type": "Polygon", "coordinates": [ [ [ 13.51365, 52.86686 ], [ 13.51444, 52.86668 ], [ 13.51448, 52.86566 ], [ 13.51151, 52.86624 ], [ 13.51101, 52.86713 ], [ 13.51097, 52.86737 ], [ 13.51108, 52.8676 ], [ 13.51119, 52.86772 ], [ 13.51161, 52.86787 ], [ 13.51202, 52.86787 ], [ 13.51224, 52.86782 ], [ 13.51338, 52.86724 ], [ 13.51363, 52.86702 ], [ 13.51369, 52.86692 ], [ 13.51365, 52.86686 ] ] ] } },
{ "type": "Feature", "properties": { "boden": "60 % ziemlich arm, mäßig frisch (Z2) · 40 % ziemlich arm, mäßig frisch (Z2)" }, "geometry": { "type": "Polygon", "coordinates": [ [ [ 13.51396, 52.87115 ], [ 13.51331, 52.87173 ], [ 13.51311, 52.87224 ], [ 13.51313, 52.87282 ], [ 13.51304, 52.87292 ], [ 13.51287, 52.87301 ], [ 13.51114, 52.87345 ], [ 13.51057, 52.87382 ], [ 13.51039, 52.87417 ], [ 13.51117, 52.87423 ], [ 13.51214, 52.87405 ], [ 13.51278, 52.87389 ], [ 13.51337, 52.87381 ], [ 13.51419, 52.87416 ], [ 13.51429, 52.87107 ], [ 13.51396, 52.87115 ] ] ] } },
{ "type": "Feature", "properties": { "boden": "60 % arm, mäßig frisch (A2) · 40 % arm, mäßig frisch (A2)" }, "geometry": { "type": "Polygon", "coordinates": [ [ [ 13.51417, 52.87456 ], [ 13.51341, 52.87487 ], [ 13.51237, 52.87639 ], [ 13.51222, 52.8765 ], [ 13.51202, 52.87656 ], [ 13.51162, 52.87656 ], [ 13.51119, 52.87637 ], [ 13.51097, 52.87618 ], [ 13.51003, 52.875 ], [ 13.50961, 52.87473 ], [ 13.50928, 52.87466 ], [ 13.50895, 52.87473 ], [ 13.50866, 52.8751 ], [ 13.50866, 52.87532 ], [ 13.50963, 52.8761 ], [ 13.51006, 52.87636 ], [ 13.51053, 52.87653 ], [ 13.51137, 52.87722 ], [ 13.51165, 52.87731 ], [ 13.51233, 52.87734 ], [ 13.51403, 52.877 ], [ 13.51409, 52.87695 ], [ 13.51417, 52.87456 ] ] ] } }
]
}
