{
"type": "FeatureCollection",
"name": "barnim_42_587_boden",
"crs": { "type": "name", "properties": { "name": "urn:ogc:def:crs:OGC:1.3:CRS84" } },
"xy_coordinate_resolution": 1e-05,
"features": [
{ "type": "Feature", "properties": { "boden": "100 % mittel, frisch (M+1w)" }, "geometry": { "type": "Polygon", "coordinates": [ [ [ 13.80982, 52.98221 ], [ 13.80956, 52.98274 ], [ 13.80916, 52.98307 ], [ 13.8085, 52.98344 ], [ 13.80836, 52.98361 ], [ 13.80835, 52.98391 ], [ 13.80854, 52.9842 ], [ 13.80891, 52.98344 ], [ 13.80911, 52.98337 ], [ 13.80961, 52.98343 ], [ 13.81056, 52.98128 ], [ 13.81088, 52.98076 ], [ 13.81109, 52.97998 ], [ 13.81066, 52.97996 ], [ 13.80982, 52.98221 ] ] ] } },
{ "type": "Feature", "properties": { "boden": "100 % reich, mäßig frisch (R2g)" }, "geometry": { "type": "Polygon", "coordinates": [ [ [ 13.8175, 52.98669 ], [ 13.81723, 52.98669 ], [ 13.81711, 52.9868 ], [ 13.81714, 52.98695 ], [ 13.81736, 52.98701 ], [ 13.81759, 52.98695 ], [ 13.81765, 52.98681 ], [ 13.8175, 52.98669 ] ] ] } },
{ "type": "Feature", "properties": { "boden": "100 % reich, mäßig frisch (R2g)" }, "geometry": { "type": "Polygon", "coordinates": [ [ [ 13.81667, 52.98693 ], [ 13.8164, 52.98693 ], [ 13.81628, 52.98704 ], [ 13.81631, 52.98719 ], [ 13.81653, 52.98725 ], [ 13.81676, 52.98719 ], [ 13.81682, 52.98705 ], [ 13.81667, 52.98693 ] ] ] } },
{ "type": "Feature", "properties": { "boden": "100 % mittel, mäßig frisch (M2)" }, "geometry": { "type": "Polygon", "coordinates": [ [ [ 13.82415, 53.00686 ], [ 13.8239, 53.00692 ], [ 13.82377, 53.00703 ], [ 13.82381, 53.00717 ], [ 13.82403, 53.00724 ], [ 13.82424, 53.00722 ], [ 13.82415, 53.00686 ] ] ] } },
{ "type": "Feature", "properties": { "boden": "100 % mittel, mäßig frisch (M2)" }, "geometry": { "type": "Polygon", "coordinates": [ [ [ 13.82361, 53.00819 ], [ 13.82334, 53.00819 ], [ 13.82321, 53.0083 ], [ 13.82325, 53.00845 ], [ 13.82347, 53.00851 ], [ 13.8237, 53.00845 ], [ 13.82376, 53.00832 ], [ 13.82361, 53.00819 ] ] ] } },
{ "type": "Feature", "properties": { "boden": "100 % mittel, mäßig frisch (M2)" }, "geometry": { "type": "Polygon", "coordinates": [ [ [ 13.82441, 53.00827 ], [ 13.82431, 53.0082 ], [ 13.82404, 53.0082 ], [ 13.82392, 53.00831 ], [ 13.82395, 53.00846 ], [ 13.82417, 53.00852 ], [ 13.8244, 53.00846 ], [ 13.82441, 53.00827 ] ] ] } },
{ "type": "Feature", "properties": { "boden": "100 % mittel, mäßig frisch (M2)" }, "geometry": { "type": "Polygon", "coordinates": [ [ [ 13.82482, 53.00952 ], [ 13.82468, 53.00944 ], [ 13.82441, 53.00944 ], [ 13.82429, 53.00955 ], [ 13.82432, 53.0097 ], [ 13.82454, 53.00976 ], [ 13.82477, 53.0097 ], [ 13.82482, 53.00952 ] ] ] } },
{ "type": "Feature", "properties": { "boden": "100 % mittel, mäßig frisch (M2)" }, "geometry": { "type": "Polygon", "coordinates": [ [ [ 13.82365, 53.00976 ], [ 13.82337, 53.00976 ], [ 13.82325, 53.00987 ], [ 13.82329, 53.01001 ], [ 13.8235, 53.01008 ], [ 13.82373, 53.01001 ], [ 13.82379, 53.00988 ], [ 13.82365, 53.00976 ] ] ] } },
{ "type": "Feature", "properties": { "boden": "100 % mittel, trocken (vermutet) (M3)" }, "geometry": { "type": "Polygon", "coordinates": [ [ [ 13.8243, 53.00998 ], [ 13.82402, 53.01004 ], [ 13.82413, 53.01032 ], [ 13.82425, 53.01037 ], [ 13.82452, 53.01027 ], [ 13.82466, 53.01011 ], [ 13.82457, 53.01004 ], [ 13.8243, 53.00998 ] ] ] } },
{ "type": "Feature", "properties": { "boden": "100 % reich, mäßig frisch (R2g)" }, "geometry": { "type": "Polygon", "coordinates": [ [ [ 13.81457, 52.98594 ], [ 13.81429, 52.98594 ], [ 13.81417, 52.98605 ], [ 13.81421, 52.9862 ], [ 13.81442, 52.98626 ], [ 13.81465, 52.98619 ], [ 13.81471, 52.98606 ], [ 13.81457, 52.98594 ] ] ] } },
{ "type": "Feature", "properties": { "boden": "100 % kräftig, mäßig frisch (K2)" }, "geometry": { "type": "Polygon", "coordinates": [ [ [ 13.81113, 52.98485 ], [ 13.81062, 52.98536 ], [ 13.81054, 52.98557 ], [ 13.81059, 52.98577 ], [ 13.81115, 52.98633 ], [ 13.81119, 52.98658 ], [ 13.81114, 52.98697 ], [ 13.81129, 52.98723 ], [ 13.81196, 52.98788 ], [ 13.81198, 52.98805 ], [ 13.8119, 52.98821 ], [ 13.8117, 52.98834 ], [ 13.81082, 52.98839 ], [ 13.8111, 52.98857 ], [ 13.81149, 52.98859 ], [ 13.81168, 52.98854 ], [ 13.81219, 52.98856 ], [ 13.81315, 52.9891 ], [ 13.8133, 52.98912 ], [ 13.81356, 52.98913 ], [ 13.81413, 52.98878 ], [ 13.81512, 52.98924 ], [ 13.81523, 52.9895 ], [ 13.8154, 52.98896 ], [ 13.81526, 52.98806 ], [ 13.8147, 52.98737 ], [ 13.81439, 52.98718 ], [ 13.81402, 52.98704 ], [ 13.81356, 52.98664 ], [ 13.8134, 52.9863 ], [ 13.81328, 52.98544 ], [ 13.81113, 52.98485 ] ], [ [ 13.81381, 52.98795 ], [ 13.81358, 52.98802 ], [ 13.81336, 52.98796 ], [ 13.81333, 52.98781 ], [ 13.81345, 52.9877 ], [ 13.81372, 52.9877 ], [ 13.81387, 52.98782 ], [ 13.81381, 52.98795 ] ], [ [ 13.8132, 52.98881 ], [ 13.81297, 52.98888 ], [ 13.81275, 52.98879 ], [ 13.81272, 52.98867 ], [ 13.81284, 52.98856 ], [ 13.81311, 52.98856 ], [ 13.81326, 52.98868 ], [ 13.8132, 52.98881 ] ], [ [ 13.81507, 52.98891 ], [ 13.81484, 52.98897 ], [ 13.81462, 52.98891 ], [ 13.81459, 52.98876 ], [ 13.81471, 52.98865 ], [ 13.81498, 52.98865 ], [ 13.81513, 52.98877 ], [ 13.81507, 52.98891 ] ] ] } },
{ "type": "Feature", "properties": { "boden": "100 % mittel, mäßig frisch (M2)" }, "geometry": { "type": "Polygon", "coordinates": [ [ [ 13.81372, 52.9877 ], [ 13.81345, 52.9877 ], [ 13.81333, 52.98781 ], [ 13.81336, 52.98796 ], [ 13.81358, 52.98802 ], [ 13.81381, 52.98795 ], [ 13.81387, 52.98782 ], [ 13.81372, 52.9877 ] ] ] } },
{ "type": "Feature", "properties": { "boden": "70 % kräftig, mäßig frisch (K2) · 30 % kräftig, mäßig frisch (K2)" }, "geometry": { "type": "Polygon", "coordinates": [ [ [ 13.80833, 52.99079 ], [ 13.80938, 52.99042 ], [ 13.80973, 52.99023 ], [ 13.80963, 52.99004 ], [ 13.80947, 52.98901 ], [ 13.80959, 52.98878 ], [ 13.80978, 52.9886 ], [ 13.80998, 52.98852 ], [ 13.81035, 52.98844 ], [ 13.8117, 52.98834 ], [ 13.8119, 52.98821 ], [ 13.81198, 52.98805 ], [ 13.81196, 52.98788 ], [ 13.81129, 52.98723 ], [ 13.81114, 52.98697 ], [ 13.81119, 52.98658 ], [ 13.81115, 52.98633 ], [ 13.81059, 52.98577 ], [ 13.81054, 52.98557 ], [ 13.81062, 52.98536 ], [ 13.81113, 52.98485 ], [ 13.80935, 52.98436 ], [ 13.80921, 52.98444 ], [ 13.8083, 52.98569 ], [ 13.80816, 52.99097 ], [ 13.80833, 52.99079 ] ] ] } },
{ "type": "Feature", "properties": { "boden": "100 % mittel, mäßig frisch (M2)" }, "geometry": { "type": "Polygon", "coordinates": [ [ [ 13.81311, 52.98856 ], [ 13.81284, 52.98856 ], [ 13.81272, 52.98867 ], [ 13.81275, 52.98879 ], [ 13.81297, 52.98888 ], [ 13.8132, 52.98881 ], [ 13.81326, 52.98868 ], [ 13.81311, 52.98856 ] ] ] } },
{ "type": "Feature", "properties": { "boden": "100 % kräftig, mäßig frisch (K2)" }, "geometry": { "type": "Polygon", "coordinates": [ [ [ 13.8107, 52.98873 ], [ 13.81044, 52.98876 ], [ 13.81031, 52.98887 ], [ 13.81035, 52.98902 ], [ 13.81057, 52.98908 ], [ 13.81087, 52.98903 ], [ 13.8107, 52.98873 ] ] ] } },
{ "type": "Feature", "properties": { "boden": "50 % mittel, nass (OM3) · 50 % mittel, nass (OM3)" }, "geometry": { "type": "Polygon", "coordinates": [ [ [ 13.81512, 52.98924 ], [ 13.81413, 52.98878 ], [ 13.81356, 52.98913 ], [ 13.8133, 52.98912 ], [ 13.81315, 52.9891 ], [ 13.81219, 52.98856 ], [ 13.81168, 52.98854 ], [ 13.81149, 52.98859 ], [ 13.8111, 52.98857 ], [ 13.81082, 52.98839 ], [ 13.81053, 52.98842 ], [ 13.81102, 52.98931 ], [ 13.81193, 52.98959 ], [ 13.81241, 52.98983 ], [ 13.81349, 52.99016 ], [ 13.81435, 52.99001 ], [ 13.81476, 52.98986 ], [ 13.81523, 52.9895 ], [ 13.81512, 52.98924 ] ] ] } },
{ "type": "Feature", "properties": { "boden": "100 % kräftig, mäßig frisch (K2)" }, "geometry": { "type": "Polygon", "coordinates": [ [ [ 13.81089, 52.99057 ], [ 13.81123, 52.99031 ], [ 13.81141, 52.99027 ], [ 13.8117, 52.99031 ], [ 13.81178, 52.99045 ], [ 13.81162, 52.99061 ], [ 13.81192, 52.9905 ], [ 13.81265, 52.99044 ], [ 13.81279, 52.99039 ], [ 13.81287, 52.99022 ], [ 13.81286, 52.98996 ], [ 13.81272, 52.98992 ], [ 13.81261, 52.99008 ], [ 13.81238, 52.99015 ], [ 13.81216, 52.99009 ], [ 13.81213, 52.98994 ], [ 13.81225, 52.98983 ], [ 13.81241, 52.98983 ], [ 13.81179, 52.98955 ], [ 13.81169, 52.98969 ], [ 13.81148, 52.98975 ], [ 13.81145, 52.98994 ], [ 13.81132, 52.99006 ], [ 13.81081, 52.99016 ], [ 13.8105, 52.99029 ], [ 13.81028, 52.99032 ], [ 13.80995, 52.99023 ], [ 13.80986, 52.99004 ], [ 13.81001, 52.98986 ], [ 13.8107, 52.98966 ], [ 13.81122, 52.9896 ], [ 13.81134, 52.98941 ], [ 13.81102, 52.98931 ], [ 13.81087, 52.98903 ], [ 13.81057, 52.98908 ], [ 13.81035, 52.98902 ], [ 13.81031, 52.98887 ], [ 13.81044, 52.98876 ], [ 13.8107, 52.98873 ], [ 13.81053, 52.98842 ], [ 13.80998, 52.98852 ], [ 13.80978, 52.9886 ], [ 13.80959, 52.98878 ], [ 13.80947, 52.98901 ], [ 13.80947, 52.98925 ], [ 13.80963, 52.99004 ], [ 13.80987, 52.99046 ], [ 13.81003, 52.99058 ], [ 13.81061, 52.99061 ], [ 13.81089, 52.99057 ] ] ] } },
{ "type": "Feature", "properties": { "boden": "100 % kräftig, mäßig frisch (K2)" }, "geometry": { "type": "Polygon", "coordinates": [ [ [ 13.81134, 52.98941 ], [ 13.81122, 52.9896 ], [ 13.81142, 52.98964 ], [ 13.81148, 52.98975 ], [ 13.81169, 52.98969 ], [ 13.81179, 52.98955 ], [ 13.81134, 52.98941 ] ] ] } },
{ "type": "Feature", "properties": { "boden": "100 % kräftig, trocken (vermutet) (K3)" }, "geometry": { "type": "Polygon", "coordinates": [ [ [ 13.81148, 52.98969 ], [ 13.81142, 52.98964 ], [ 13.81108, 52.9896 ], [ 13.81026, 52.98977 ], [ 13.81001, 52.98986 ], [ 13.80991, 52.98995 ], [ 13.80986, 52.99004 ], [ 13.80995, 52.99023 ], [ 13.81028, 52.99032 ], [ 13.8105, 52.99029 ], [ 13.81081, 52.99016 ], [ 13.81132, 52.99006 ], [ 13.81145, 52.98994 ], [ 13.81148, 52.98969 ] ] ] } },
{ "type": "Feature", "properties": { "boden": "100 % reich, mäßig frisch (R2g)" }, "geometry": { "type": "Polygon", "coordinates": [ [ [ 13.81655, 52.98769 ], [ 13.81627, 52.98769 ], [ 13.81615, 52.9878 ], [ 13.81619, 52.98795 ], [ 13.81641, 52.98801 ], [ 13.81663, 52.98795 ], [ 13.8167, 52.98781 ], [ 13.81655, 52.98769 ] ] ] } },
{ "type": "Feature", "properties": { "boden": "100 % reich, mäßig frisch (R2g)" }, "geometry": { "type": "Polygon", "coordinates": [ [ [ 13.8184, 52.98805 ], [ 13.81812, 52.98808 ], [ 13.81803, 52.98813 ], [ 13.81808, 52.98822 ], [ 13.8183, 52.9883 ], [ 13.81856, 52.98828 ], [ 13.81865, 52.98815 ], [ 13.8184, 52.98805 ] ] ] } },
{ "type": "Feature", "properties": { "boden": "100 % reich, mäßig frisch (R2g)" }, "geometry": { "type": "Polygon", "coordinates": [ [ [ 13.81691, 52.9881 ], [ 13.81664, 52.98809 ], [ 13.81652, 52.9882 ], [ 13.81655, 52.98835 ], [ 13.81677, 52.98842 ], [ 13.817, 52.98835 ], [ 13.81706, 52.98822 ], [ 13.81691, 52.9881 ] ] ] } },
{ "type": "Feature", "properties": { "boden": "100 % reich, mäßig frisch (R2g)" }, "geometry": { "type": "Polygon", "coordinates": [ [ [ 13.81922, 52.98838 ], [ 13.81894, 52.98838 ], [ 13.81882, 52.98849 ], [ 13.81886, 52.98863 ], [ 13.81908, 52.9887 ], [ 13.8193, 52.98863 ], [ 13.81937, 52.9885 ], [ 13.81922, 52.98838 ] ] ] } },
{ "type": "Feature", "properties": { "boden": "100 % mittel, mäßig frisch (M2)" }, "geometry": { "type": "Polygon", "coordinates": [ [ [ 13.81498, 52.98865 ], [ 13.81471, 52.98865 ], [ 13.81459, 52.98876 ], [ 13.81462, 52.98891 ], [ 13.81484, 52.98897 ], [ 13.81507, 52.98891 ], [ 13.81513, 52.98877 ], [ 13.81498, 52.98865 ] ] ] } },
{ "type": "Feature", "properties": { "boden": "100 % reich, mäßig frisch (R2g)" }, "geometry": { "type": "Polygon", "coordinates": [ [ [ 13.81895, 52.98886 ], [ 13.81868, 52.98886 ], [ 13.81856, 52.98897 ], [ 13.81859, 52.98911 ], [ 13.81881, 52.98918 ], [ 13.81904, 52.98911 ], [ 13.8191, 52.98898 ], [ 13.81895, 52.98886 ] ] ] } },
{ "type": "Feature", "properties": { "boden": "100 % reich, mäßig frisch (R2g)" }, "geometry": { "type": "Polygon", "coordinates": [ [ [ 13.81616, 52.98894 ], [ 13.81588, 52.98894 ], [ 13.81576, 52.98905 ], [ 13.8158, 52.9892 ], [ 13.81601, 52.98926 ], [ 13.81624, 52.98919 ], [ 13.8163, 52.98906 ], [ 13.81616, 52.98894 ] ] ] } },
{ "type": "Feature", "properties": { "boden": "100 % reich, mäßig frisch (R2g)" }, "geometry": { "type": "Polygon", "coordinates": [ [ [ 13.81449, 52.99072 ], [ 13.81495, 52.99076 ], [ 13.81547, 52.99047 ], [ 13.81584, 52.99035 ], [ 13.81647, 52.99037 ], [ 13.81615, 52.99014 ], [ 13.81698, 52.98947 ], [ 13.81731, 52.98891 ], [ 13.81727, 52.98881 ], [ 13.81713, 52.98879 ], [ 13.81699, 52.98882 ], [ 13.81663, 52.98923 ], [ 13.81615, 52.98944 ], [ 13.81604, 52.9896 ], [ 13.81605, 52.98999 ], [ 13.81519, 52.99013 ], [ 13.81484, 52.99037 ], [ 13.81406, 52.99068 ], [ 13.81404, 52.99072 ], [ 13.81415, 52.99084 ], [ 13.81429, 52.99087 ], [ 13.81449, 52.99072 ] ] ] } },
{ "type": "Feature", "properties": { "boden": "100 % reich, mäßig frisch (R2g)" }, "geometry": { "type": "Polygon", "coordinates": [ [ [ 13.81901, 52.99023 ], [ 13.81874, 52.99023 ], [ 13.81862, 52.99034 ], [ 13.81865, 52.99048 ], [ 13.81887, 52.99051 ], [ 13.8191, 52.99048 ], [ 13.81916, 52.99035 ], [ 13.81901, 52.99023 ] ] ] } },
{ "type": "Feature", "properties": { "boden": "100 % reich, mäßig frisch (R2g)" }, "geometry": { "type": "Polygon", "coordinates": [ [ [ 13.81913, 52.99059 ], [ 13.81885, 52.99059 ], [ 13.81873, 52.9907 ], [ 13.81877, 52.99084 ], [ 13.81898, 52.99091 ], [ 13.81921, 52.99084 ], [ 13.81927, 52.99071 ], [ 13.81913, 52.99059 ] ] ] } },
{ "type": "Feature", "properties": { "boden": "100 % kräftig, mäßig frisch (K2)" }, "geometry": { "type": "Polygon", "coordinates": [ [ [ 13.81241, 52.98983 ], [ 13.81225, 52.98983 ], [ 13.81213, 52.98994 ], [ 13.81216, 52.99009 ], [ 13.81238, 52.99015 ], [ 13.81261, 52.99008 ], [ 13.81272, 52.98992 ], [ 13.81241, 52.98983 ] ] ] } },
{ "type": "Feature", "properties": { "boden": "100 % kräftig, mäßig frisch (K2)" }, "geometry": { "type": "Polygon", "coordinates": [ [ [ 13.81162, 52.99061 ], [ 13.81179, 52.99039 ], [ 13.8117, 52.99031 ], [ 13.81151, 52.99028 ], [ 13.81123, 52.99031 ], [ 13.81089, 52.99057 ], [ 13.81123, 52.99057 ], [ 13.81133, 52.99066 ], [ 13.81162, 52.99061 ] ] ] } },
{ "type": "Feature", "properties": { "boden": "100 % mittel, trocken (vermutet) (M3)" }, "geometry": { "type": "Polygon", "coordinates": [ [ [ 13.80878, 52.99114 ], [ 13.80842, 52.99122 ], [ 13.80821, 52.99148 ], [ 13.80826, 52.99159 ], [ 13.80846, 52.99157 ], [ 13.8089, 52.9913 ], [ 13.8089, 52.99116 ], [ 13.80878, 52.99114 ] ] ] } },
{ "type": "Feature", "properties": { "boden": "100 % mittel, mäßig frisch (M2)" }, "geometry": { "type": "Polygon", "coordinates": [ [ [ 13.80813, 52.99192 ], [ 13.80953, 52.99128 ], [ 13.80958, 52.99121 ], [ 13.80951, 52.99114 ], [ 13.80963, 52.99111 ], [ 13.80971, 52.99094 ], [ 13.80983, 52.99085 ], [ 13.81009, 52.99077 ], [ 13.81036, 52.99081 ], [ 13.81054, 52.99077 ], [ 13.81089, 52.99057 ], [ 13.81061, 52.99061 ], [ 13.81003, 52.99058 ], [ 13.80987, 52.99046 ], [ 13.80973, 52.99023 ], [ 13.80938, 52.99042 ], [ 13.80833, 52.99079 ], [ 13.80816, 52.99097 ], [ 13.80813, 52.99192 ] ], [ [ 13.8089, 52.99116 ], [ 13.8089, 52.9913 ], [ 13.80865, 52.99147 ], [ 13.80846, 52.99157 ], [ 13.80826, 52.99159 ], [ 13.80821, 52.99148 ], [ 13.80849, 52.99118 ], [ 13.80878, 52.99114 ], [ 13.8089, 52.99116 ] ] ] } },
{ "type": "Feature", "properties": { "boden": "100 % mittel, mäßig frisch (M2)" }, "geometry": { "type": "Polygon", "coordinates": [ [ [ 13.81123, 52.99057 ], [ 13.81089, 52.99057 ], [ 13.81054, 52.99077 ], [ 13.81036, 52.99081 ], [ 13.81009, 52.99077 ], [ 13.80983, 52.99085 ], [ 13.80971, 52.99094 ], [ 13.80963, 52.99111 ], [ 13.80951, 52.99114 ], [ 13.80958, 52.99121 ], [ 13.80953, 52.99128 ], [ 13.80876, 52.99167 ], [ 13.80813, 52.99192 ], [ 13.80813, 52.99204 ], [ 13.80834, 52.99202 ], [ 13.80949, 52.99153 ], [ 13.80978, 52.9913 ], [ 13.81063, 52.99108 ], [ 13.81133, 52.99066 ], [ 13.81123, 52.99057 ] ] ] } },
{ "type": "Feature", "properties": { "boden": "100 % mittel, nass (OM3)" }, "geometry": { "type": "Polygon", "coordinates": [ [ [ 13.81133, 52.99066 ], [ 13.81063, 52.99108 ], [ 13.80978, 52.9913 ], [ 13.80949, 52.99153 ], [ 13.80834, 52.99202 ], [ 13.80813, 52.99204 ], [ 13.80811, 52.99273 ], [ 13.80864, 52.99251 ], [ 13.80882, 52.99232 ], [ 13.80968, 52.99184 ], [ 13.80997, 52.99177 ], [ 13.81058, 52.99183 ], [ 13.81076, 52.99171 ], [ 13.81073, 52.99127 ], [ 13.81083, 52.99114 ], [ 13.8112, 52.99096 ], [ 13.81151, 52.99064 ], [ 13.81133, 52.99066 ] ] ] } },
{ "type": "Feature", "properties": { "boden": "100 % reich, nass (NR2w)" }, "geometry": { "type": "Polygon", "coordinates": [ [ [ 13.8135, 52.99242 ], [ 13.81395, 52.99256 ], [ 13.81411, 52.99253 ], [ 13.81425, 52.99234 ], [ 13.81405, 52.99201 ], [ 13.81349, 52.99199 ], [ 13.81318, 52.99193 ], [ 13.81235, 52.99132 ], [ 13.81208, 52.99125 ], [ 13.81189, 52.99127 ], [ 13.81178, 52.99137 ], [ 13.81189, 52.99164 ], [ 13.81238, 52.9919 ], [ 13.81266, 52.99217 ], [ 13.81262, 52.99225 ], [ 13.81245, 52.99228 ], [ 13.81163, 52.99224 ], [ 13.81147, 52.9923 ], [ 13.81142, 52.99246 ], [ 13.81148, 52.99256 ], [ 13.81196, 52.99266 ], [ 13.81236, 52.99263 ], [ 13.81325, 52.99242 ], [ 13.8135, 52.99242 ] ], [ [ 13.81408, 52.99242 ], [ 13.81387, 52.99246 ], [ 13.81366, 52.99239 ], [ 13.8136, 52.99227 ], [ 13.81372, 52.99216 ], [ 13.81399, 52.99217 ], [ 13.8141, 52.9923 ], [ 13.81408, 52.99242 ] ] ] } },
{ "type": "Feature", "properties": { "boden": "100 % reich, mäßig frisch (R2g)" }, "geometry": { "type": "Polygon", "coordinates": [ [ [ 13.81033, 52.99208 ], [ 13.81005, 52.99208 ], [ 13.80993, 52.99219 ], [ 13.80997, 52.99234 ], [ 13.81018, 52.9924 ], [ 13.81041, 52.99233 ], [ 13.81047, 52.9922 ], [ 13.81033, 52.99208 ] ] ] } },
{ "type": "Feature", "properties": { "boden": "100 % reich, nass (NR2w)" }, "geometry": { "type": "Polygon", "coordinates": [ [ [ 13.81399, 52.99217 ], [ 13.81372, 52.99216 ], [ 13.8136, 52.99227 ], [ 13.81366, 52.99239 ], [ 13.81387, 52.99246 ], [ 13.81408, 52.99242 ], [ 13.8141, 52.9923 ], [ 13.81399, 52.99217 ] ] ] } },
{ "type": "Feature", "properties": { "boden": "100 % reich, mäßig frisch (R2g)" }, "geometry": { "type": "Polygon", "coordinates": [ [ [ 13.82247, 52.99913 ], [ 13.82227, 52.99746 ], [ 13.8221, 52.99684 ], [ 13.82202, 52.99611 ], [ 13.82146, 52.99373 ], [ 13.82103, 52.9925 ], [ 13.82055, 52.99252 ], [ 13.8203, 52.99264 ], [ 13.82054, 52.99271 ], [ 13.82049, 52.99299 ], [ 13.82039, 52.99308 ], [ 13.82012, 52.99316 ], [ 13.82011, 52.99351 ], [ 13.82029, 52.99378 ], [ 13.82056, 52.99392 ], [ 13.82058, 52.99407 ], [ 13.82028, 52.99415 ], [ 13.82072, 52.99418 ], [ 13.82011, 52.99427 ], [ 13.81964, 52.99441 ], [ 13.81948, 52.99436 ], [ 13.81931, 52.99413 ], [ 13.81934, 52.99408 ], [ 13.8195, 52.99405 ], [ 13.81918, 52.99393 ], [ 13.81909, 52.99383 ], [ 13.81908, 52.99358 ], [ 13.8195, 52.99329 ], [ 13.81932, 52.9932 ], [ 13.81871, 52.9931 ], [ 13.8185, 52.99311 ], [ 13.81835, 52.99315 ], [ 13.81828, 52.99324 ], [ 13.81828, 52.99335 ], [ 13.81841, 52.99355 ], [ 13.81833, 52.99363 ], [ 13.81787, 52.99365 ], [ 13.81763, 52.99375 ], [ 13.81731, 52.9938 ], [ 13.81738, 52.99398 ], [ 13.81791, 52.99421 ], [ 13.81794, 52.99437 ], [ 13.81806, 52.99453 ], [ 13.81847, 52.99453 ], [ 13.81875, 52.99428 ], [ 13.81889, 52.99429 ], [ 13.8189, 52.99447 ], [ 13.81907, 52.99462 ], [ 13.81887, 52.99484 ], [ 13.81856, 52.99496 ], [ 13.81852, 52.99547 ], [ 13.81782, 52.99546 ], [ 13.81775, 52.99526 ], [ 13.81702, 52.99517 ], [ 13.81679, 52.9951 ], [ 13.81607, 52.99505 ], [ 13.81553, 52.99493 ], [ 13.81543, 52.99483 ], [ 13.81529, 52.99427 ], [ 13.81519, 52.99415 ], [ 13.815, 52.99406 ], [ 13.81478, 52.99404 ], [ 13.81455, 52.99409 ], [ 13.81438, 52.99415 ], [ 13.81388, 52.99453 ], [ 13.81351, 52.99461 ], [ 13.81257, 52.99462 ], [ 13.81205, 52.99446 ], [ 13.81177, 52.99423 ], [ 13.81185, 52.9938 ], [ 13.81232, 52.99348 ], [ 13.81259, 52.99337 ], [ 13.81279, 52.99336 ], [ 13.81294, 52.99341 ], [ 13.81298, 52.99351 ], [ 13.81255, 52.99387 ], [ 13.81249, 52.99416 ], [ 13.81274, 52.9943 ], [ 13.81299, 52.99432 ], [ 13.81335, 52.99428 ], [ 13.8137, 52.99415 ], [ 13.81396, 52.99382 ], [ 13.81466, 52.99357 ], [ 13.81514, 52.99331 ], [ 13.81663, 52.99294 ], [ 13.8168, 52.99285 ], [ 13.81683, 52.99251 ], [ 13.8167, 52.99217 ], [ 13.81507, 52.99238 ], [ 13.81483, 52.99236 ], [ 13.81478, 52.9922 ], [ 13.81519, 52.99198 ], [ 13.81634, 52.99179 ], [ 13.81686, 52.99179 ], [ 13.81699, 52.99188 ], [ 13.81736, 52.99177 ], [ 13.81785, 52.99175 ], [ 13.81821, 52.99183 ], [ 13.81869, 52.9921 ], [ 13.81893, 52.99216 ], [ 13.81914, 52.99216 ], [ 13.81927, 52.99211 ], [ 13.81933, 52.99202 ], [ 13.81924, 52.99166 ], [ 13.81942, 52.99151 ], [ 13.81966, 52.99141 ], [ 13.82081, 52.99131 ], [ 13.82079, 52.99091 ], [ 13.82043, 52.98949 ], [ 13.82019, 52.98741 ], [ 13.81955, 52.98719 ], [ 13.81328, 52.98544 ], [ 13.8134, 52.9863 ], [ 13.81356, 52.98664 ], [ 13.81402, 52.98704 ], [ 13.81439, 52.98718 ], [ 13.8147, 52.98737 ], [ 13.81526, 52.98806 ], [ 13.8154, 52.98896 ], [ 13.81523, 52.9895 ], [ 13.81476, 52.98986 ], [ 13.81435, 52.99001 ], [ 13.81349, 52.99016 ], [ 13.81286, 52.98996 ], [ 13.81287, 52.99022 ], [ 13.81279, 52.99039 ], [ 13.81265, 52.99044 ], [ 13.81192, 52.9905 ], [ 13.81151, 52.99064 ], [ 13.8112, 52.99096 ], [ 13.81083, 52.99114 ], [ 13.81073, 52.99127 ], [ 13.81076, 52.99171 ], [ 13.81058, 52.99183 ], [ 13.80997, 52.99177 ], [ 13.80968, 52.99184 ], [ 13.80882, 52.99232 ], [ 13.80864, 52.99251 ], [ 13.80811, 52.99273 ], [ 13.80805, 52.99477 ], [ 13.8087, 52.99473 ], [ 13.80916, 52.99463 ], [ 13.80938, 52.99452 ], [ 13.80952, 52.99437 ], [ 13.80945, 52.99417 ], [ 13.809, 52.99381 ], [ 13.80851, 52.99356 ], [ 13.80844, 52.99346 ], [ 13.8085, 52.99338 ], [ 13.80867, 52.99336 ], [ 13.80924, 52.99355 ], [ 13.8095, 52.9939 ], [ 13.80987, 52.99407 ], [ 13.80992, 52.99444 ], [ 13.81077, 52.9948 ], [ 13.81115, 52.99481 ], [ 13.8112, 52.995 ], [ 13.8102, 52.99537 ], [ 13.81002, 52.99537 ], [ 13.80984, 52.99532 ], [ 13.80804, 52.99528 ], [ 13.80797, 52.99778 ], [ 13.80807, 52.99778 ], [ 13.80802, 52.99742 ], [ 13.80813, 52.99733 ], [ 13.80838, 52.99729 ], [ 13.80932, 52.99734 ], [ 13.80962, 52.99724 ], [ 13.80959, 52.9971 ], [ 13.80971, 52.99699 ], [ 13.80999, 52.99699 ], [ 13.81013, 52.99712 ], [ 13.81008, 52.99723 ], [ 13.81026, 52.99747 ], [ 13.811, 52.99804 ], [ 13.81151, 52.99856 ], [ 13.81224, 52.99881 ], [ 13.81237, 52.99895 ], [ 13.81243, 52.99928 ], [ 13.81259, 52.99936 ], [ 13.81305, 52.9993 ], [ 13.81358, 52.99937 ], [ 13.81376, 52.99954 ], [ 13.81401, 52.99927 ], [ 13.81401, 52.99911 ], [ 13.81324, 52.99882 ], [ 13.81293, 52.99839 ], [ 13.81289, 52.99821 ], [ 13.81237, 52.99767 ], [ 13.81218, 52.99756 ], [ 13.81186, 52.99747 ], [ 13.81126, 52.99736 ], [ 13.8108, 52.99702 ], [ 13.81057, 52.9967 ], [ 13.81008, 52.99645 ], [ 13.81011, 52.99633 ], [ 13.81034, 52.9962 ], [ 13.81046, 52.99619 ], [ 13.81086, 52.99647 ], [ 13.81104, 52.99655 ], [ 13.81118, 52.99655 ], [ 13.81145, 52.99629 ], [ 13.8117, 52.99587 ], [ 13.81192, 52.99567 ], [ 13.81223, 52.99552 ], [ 13.81267, 52.99542 ], [ 13.81319, 52.99536 ], [ 13.81441, 52.99534 ], [ 13.8152, 52.99538 ], [ 13.81578, 52.99552 ], [ 13.81598, 52.99546 ], [ 13.81637, 52.99545 ], [ 13.81749, 52.99562 ], [ 13.81768, 52.99575 ], [ 13.81781, 52.99594 ], [ 13.81782, 52.99611 ], [ 13.81773, 52.99619 ], [ 13.81712, 52.9962 ], [ 13.81677, 52.99632 ], [ 13.81647, 52.99651 ], [ 13.81636, 52.99672 ], [ 13.81637, 52.99684 ], [ 13.81647, 52.99692 ], [ 13.81722, 52.99704 ], [ 13.81745, 52.99712 ], [ 13.81767, 52.99728 ], [ 13.81852, 52.99756 ], [ 13.81855, 52.99765 ], [ 13.81848, 52.99776 ], [ 13.81832, 52.99784 ], [ 13.81751, 52.99811 ], [ 13.81745, 52.99862 ], [ 13.81733, 52.99872 ], [ 13.81707, 52.99877 ], [ 13.81655, 52.9992 ], [ 13.81622, 52.99911 ], [ 13.81629, 52.99899 ], [ 13.81627, 52.99877 ], [ 13.81613, 52.9987 ], [ 13.81549, 52.99896 ], [ 13.81549, 52.99906 ], [ 13.81562, 52.9992 ], [ 13.81558, 52.99929 ], [ 13.81546, 52.99932 ], [ 13.81482, 52.99919 ], [ 13.81486, 52.99958 ], [ 13.81521, 52.99956 ], [ 13.81536, 52.99968 ], [ 13.8153, 52.99981 ], [ 13.81507, 52.99988 ], [ 13.81488, 52.99986 ], [ 13.8149, 53.00004 ], [ 13.81522, 53.00041 ], [ 13.81576, 52.99966 ], [ 13.81613, 52.99948 ], [ 13.81649, 52.99938 ], [ 13.81693, 52.99933 ], [ 13.81733, 52.99933 ], [ 13.81783, 52.9994 ], [ 13.81841, 52.99961 ], [ 13.81933, 53.00003 ], [ 13.81967, 53.00009 ], [ 13.82041, 53.00005 ], [ 13.82076, 52.9999 ], [ 13.82184, 52.99928 ], [ 13.82217, 52.99916 ], [ 13.82247, 52.99913 ] ], [ [ 13.82164, 52.99865 ], [ 13.82141, 52.99872 ], [ 13.82119, 52.99865 ], [ 13.82116, 52.99851 ], [ 13.82128, 52.9984 ], [ 13.82155, 52.9984 ], [ 13.8217, 52.99852 ], [ 13.82164, 52.99865 ] ], [ [ 13.8196, 52.99824 ], [ 13.81969, 52.99838 ], [ 13.81963, 52.99857 ], [ 13.81945, 52.99867 ], [ 13.81918, 52.99865 ], [ 13.81903, 52.99849 ], [ 13.81905, 52.9983 ], [ 13.81938, 52.99822 ], [ 13.8196, 52.99824 ] ], [ [ 13.82101, 52.99596 ], [ 13.82094, 52.99602 ], [ 13.82048, 52.99616 ], [ 13.82012, 52.99635 ], [ 13.82002, 52.99635 ], [ 13.81968, 52.99607 ], [ 13.81939, 52.99594 ], [ 13.81933, 52.9958 ], [ 13.81944, 52.99576 ], [ 13.82003, 52.99581 ], [ 13.82011, 52.99577 ], [ 13.82009, 52.99566 ], [ 13.81987, 52.99536 ], [ 13.81987, 52.99524 ], [ 13.81997, 52.99514 ], [ 13.82014, 52.99514 ], [ 13.8203, 52.99523 ], [ 13.82067, 52.99566 ], [ 13.82101, 52.99596 ] ], [ [ 13.81947, 52.99523 ], [ 13.81941, 52.99545 ], [ 13.81923, 52.9955 ], [ 13.81908, 52.99539 ], [ 13.8191, 52.9953 ], [ 13.81934, 52.99517 ], [ 13.81947, 52.99523 ] ], [ [ 13.81878, 52.99584 ], [ 13.81883, 52.99597 ], [ 13.81879, 52.99605 ], [ 13.81864, 52.99612 ], [ 13.81854, 52.99609 ], [ 13.81852, 52.99574 ], [ 13.81863, 52.99574 ], [ 13.81878, 52.99584 ] ], [ [ 13.81073, 52.99384 ], [ 13.8105, 52.99391 ], [ 13.81028, 52.99384 ], [ 13.81025, 52.9937 ], [ 13.81037, 52.99359 ], [ 13.81064, 52.99359 ], [ 13.81079, 52.99371 ], [ 13.81073, 52.99384 ] ], [ [ 13.81035, 52.99349 ], [ 13.81012, 52.99356 ], [ 13.80991, 52.9935 ], [ 13.80987, 52.99335 ], [ 13.80999, 52.99324 ], [ 13.81027, 52.99324 ], [ 13.81041, 52.99336 ], [ 13.81035, 52.99349 ] ], [ [ 13.81026, 52.99605 ], [ 13.81019, 52.99621 ], [ 13.80996, 52.99628 ], [ 13.80983, 52.99624 ], [ 13.80979, 52.99597 ], [ 13.80991, 52.99593 ], [ 13.81006, 52.99595 ], [ 13.81026, 52.99605 ] ], [ [ 13.81236, 52.99263 ], [ 13.81196, 52.99266 ], [ 13.81164, 52.99262 ], [ 13.81148, 52.99256 ], [ 13.81142, 52.99246 ], [ 13.81147, 52.9923 ], [ 13.81163, 52.99224 ], [ 13.81245, 52.99228 ], [ 13.81262, 52.99225 ], [ 13.81266, 52.99217 ], [ 13.81238, 52.9919 ], [ 13.81189, 52.99164 ], [ 13.81178, 52.99137 ], [ 13.81189, 52.99127 ], [ 13.81208, 52.99125 ], [ 13.81235, 52.99132 ], [ 13.81318, 52.99193 ], [ 13.81349, 52.99199 ], [ 13.81405, 52.99201 ], [ 13.81425, 52.99234 ], [ 13.81411, 52.99253 ], [ 13.81395, 52.99256 ], [ 13.8135, 52.99242 ], [ 13.81325, 52.99242 ], [ 13.81236, 52.99263 ] ], [ [ 13.81041, 52.99233 ], [ 13.81018, 52.9924 ], [ 13.80997, 52.99234 ], [ 13.80993, 52.99219 ], [ 13.81005, 52.99208 ], [ 13.81033, 52.99208 ], [ 13.81047, 52.9922 ], [ 13.81041, 52.99233 ] ], [ [ 13.81449, 52.99072 ], [ 13.81429, 52.99087 ], [ 13.81415, 52.99084 ], [ 13.81404, 52.99072 ], [ 13.81406, 52.99068 ], [ 13.8147, 52.99044 ], [ 13.81519, 52.99013 ], [ 13.81605, 52.98999 ], [ 13.81604, 52.9896 ], [ 13.81615, 52.98944 ], [ 13.81663, 52.98923 ], [ 13.81699, 52.98882 ], [ 13.81713, 52.98879 ], [ 13.81727, 52.98881 ], [ 13.81731, 52.98891 ], [ 13.81698, 52.98947 ], [ 13.81615, 52.99014 ], [ 13.81647, 52.99037 ], [ 13.81608, 52.99034 ], [ 13.81572, 52.99038 ], [ 13.81495, 52.99076 ], [ 13.81449, 52.99072 ] ], [ [ 13.81921, 52.99084 ], [ 13.81898, 52.99091 ], [ 13.81877, 52.99084 ], [ 13.81873, 52.9907 ], [ 13.81885, 52.99059 ], [ 13.81913, 52.99059 ], [ 13.81927, 52.99071 ], [ 13.81921, 52.99084 ] ], [ [ 13.8191, 52.99048 ], [ 13.81887, 52.99051 ], [ 13.81865, 52.99048 ], [ 13.81862, 52.99034 ], [ 13.81874, 52.99023 ], [ 13.81901, 52.99023 ], [ 13.81916, 52.99035 ], [ 13.8191, 52.99048 ] ], [ [ 13.81904, 52.98911 ], [ 13.81881, 52.98918 ], [ 13.81859, 52.98911 ], [ 13.81856, 52.98897 ], [ 13.81868, 52.98886 ], [ 13.81895, 52.98886 ], [ 13.8191, 52.98898 ], [ 13.81904, 52.98911 ] ], [ [ 13.81624, 52.98919 ], [ 13.81601, 52.98926 ], [ 13.8158, 52.9892 ], [ 13.81576, 52.98905 ], [ 13.81588, 52.98894 ], [ 13.81616, 52.98894 ], [ 13.8163, 52.98906 ], [ 13.81624, 52.98919 ] ], [ [ 13.8193, 52.98863 ], [ 13.81908, 52.9887 ], [ 13.81886, 52.98863 ], [ 13.81882, 52.98849 ], [ 13.81894, 52.98838 ], [ 13.81922, 52.98838 ], [ 13.81937, 52.9885 ], [ 13.8193, 52.98863 ] ], [ [ 13.817, 52.98835 ], [ 13.81677, 52.98842 ], [ 13.81655, 52.98835 ], [ 13.81652, 52.9882 ], [ 13.81664, 52.98809 ], [ 13.81691, 52.9881 ], [ 13.81706, 52.98822 ], [ 13.817, 52.98835 ] ], [ [ 13.81865, 52.98815 ], [ 13.81864, 52.98822 ], [ 13.81844, 52.9883 ], [ 13.81818, 52.98827 ], [ 13.81803, 52.98813 ], [ 13.81812, 52.98808 ], [ 13.8184, 52.98805 ], [ 13.81865, 52.98815 ] ], [ [ 13.81663, 52.98795 ], [ 13.81641, 52.98801 ], [ 13.81619, 52.98795 ], [ 13.81615, 52.9878 ], [ 13.81627, 52.98769 ], [ 13.81655, 52.98769 ], [ 13.8167, 52.98781 ], [ 13.81663, 52.98795 ] ], [ [ 13.81676, 52.98719 ], [ 13.81653, 52.98725 ], [ 13.81631, 52.98719 ], [ 13.81628, 52.98704 ], [ 13.8164, 52.98693 ], [ 13.81667, 52.98693 ], [ 13.81682, 52.98705 ], [ 13.81676, 52.98719 ] ], [ [ 13.81759, 52.98695 ], [ 13.81736, 52.98701 ], [ 13.81714, 52.98695 ], [ 13.81711, 52.9868 ], [ 13.81723, 52.98669 ], [ 13.8175, 52.98669 ], [ 13.81765, 52.98681 ], [ 13.81759, 52.98695 ] ], [ [ 13.8149, 52.9868 ], [ 13.81446, 52.98662 ], [ 13.81443, 52.9865 ], [ 13.81456, 52.98642 ], [ 13.81481, 52.98638 ], [ 13.81548, 52.98642 ], [ 13.81555, 52.98656 ], [ 13.8153, 52.98671 ], [ 13.8149, 52.9868 ] ], [ [ 13.81465, 52.98619 ], [ 13.81442, 52.98626 ], [ 13.81421, 52.9862 ], [ 13.81417, 52.98605 ], [ 13.81429, 52.98594 ], [ 13.81457, 52.98594 ], [ 13.81471, 52.98606 ], [ 13.81465, 52.98619 ] ], [ [ 13.82093, 52.99449 ], [ 13.8207, 52.99455 ], [ 13.82049, 52.99449 ], [ 13.82045, 52.99434 ], [ 13.82057, 52.99423 ], [ 13.82085, 52.99423 ], [ 13.82099, 52.99435 ], [ 13.82093, 52.99449 ] ] ] } },
{ "type": "Feature", "properties": { "boden": "100 % reich, mäßig frisch (R2g)" }, "geometry": { "type": "Polygon", "coordinates": [ [ [ 13.81027, 52.99324 ], [ 13.80999, 52.99324 ], [ 13.80987, 52.99335 ], [ 13.80991, 52.9935 ], [ 13.81012, 52.99356 ], [ 13.81035, 52.99349 ], [ 13.81041, 52.99336 ], [ 13.81027, 52.99324 ] ] ] } },
{ "type": "Feature", "properties": { "boden": "100 % reich, frisch (R1w)" }, "geometry": { "type": "Polygon", "coordinates": [ [ [ 13.81432, 52.99369 ], [ 13.8144, 52.99385 ], [ 13.81462, 52.99391 ], [ 13.81485, 52.99384 ], [ 13.81491, 52.99371 ], [ 13.81476, 52.99359 ], [ 13.81466, 52.99357 ], [ 13.81432, 52.99369 ] ] ] } },
{ "type": "Feature", "properties": { "boden": "100 % reich, mäßig frisch (R2g)" }, "geometry": { "type": "Polygon", "coordinates": [ [ [ 13.81064, 52.99359 ], [ 13.81037, 52.99359 ], [ 13.81025, 52.9937 ], [ 13.81028, 52.99384 ], [ 13.8105, 52.99391 ], [ 13.81073, 52.99384 ], [ 13.81079, 52.99371 ], [ 13.81064, 52.99359 ] ] ] } },
{ "type": "Feature", "properties": { "boden": "100 % reich, frisch (R1w)" }, "geometry": { "type": "Polygon", "coordinates": [ [ [ 13.81372, 52.99431 ], [ 13.8137, 52.99415 ], [ 13.81335, 52.99428 ], [ 13.81299, 52.99432 ], [ 13.81259, 52.99425 ], [ 13.81249, 52.99416 ], [ 13.81255, 52.99387 ], [ 13.81298, 52.99351 ], [ 13.81294, 52.99341 ], [ 13.81279, 52.99336 ], [ 13.81259, 52.99337 ], [ 13.81232, 52.99348 ], [ 13.81185, 52.9938 ], [ 13.81177, 52.99423 ], [ 13.81205, 52.99446 ], [ 13.81224, 52.99454 ], [ 13.81257, 52.99462 ], [ 13.81375, 52.99458 ], [ 13.81408, 52.9944 ], [ 13.81372, 52.99431 ] ], [ [ 13.81239, 52.99399 ], [ 13.81233, 52.99412 ], [ 13.8121, 52.99418 ], [ 13.81188, 52.99412 ], [ 13.81188, 52.99399 ], [ 13.81197, 52.99386 ], [ 13.81224, 52.99386 ], [ 13.81239, 52.99399 ] ] ] } },
{ "type": "Feature", "properties": { "boden": "100 % reich, frisch (R1w)" }, "geometry": { "type": "Polygon", "coordinates": [ [ [ 13.81224, 52.99386 ], [ 13.81197, 52.99386 ], [ 13.81188, 52.99399 ], [ 13.81188, 52.99412 ], [ 13.8121, 52.99418 ], [ 13.81233, 52.99412 ], [ 13.81239, 52.99399 ], [ 13.81224, 52.99386 ] ] ] } },
{ "type": "Feature", "properties": { "boden": "100 % reich, frisch (R1w)" }, "geometry": { "type": "Polygon", "coordinates": [ [ [ 13.81408, 52.99405 ], [ 13.81379, 52.99401 ], [ 13.8137, 52.99415 ], [ 13.81372, 52.99431 ], [ 13.81408, 52.9944 ], [ 13.81427, 52.99423 ], [ 13.81408, 52.99405 ] ] ] } },
{ "type": "Feature", "properties": { "boden": "100 % reich, nass (NR1)" }, "geometry": { "type": "Polygon", "coordinates": [ [ [ 13.80804, 52.99528 ], [ 13.80984, 52.99532 ], [ 13.81002, 52.99537 ], [ 13.8102, 52.99537 ], [ 13.8112, 52.995 ], [ 13.81115, 52.99481 ], [ 13.81077, 52.9948 ], [ 13.80992, 52.99444 ], [ 13.80987, 52.99407 ], [ 13.8095, 52.9939 ], [ 13.80924, 52.99355 ], [ 13.80867, 52.99336 ], [ 13.8085, 52.99338 ], [ 13.80844, 52.99346 ], [ 13.80851, 52.99356 ], [ 13.809, 52.99381 ], [ 13.80945, 52.99417 ], [ 13.80952, 52.99437 ], [ 13.80938, 52.99452 ], [ 13.80916, 52.99463 ], [ 13.8087, 52.99473 ], [ 13.80805, 52.99477 ], [ 13.80804, 52.99528 ] ], [ [ 13.80966, 52.99518 ], [ 13.80943, 52.99525 ], [ 13.80921, 52.99519 ], [ 13.80918, 52.99504 ], [ 13.8093, 52.99493 ], [ 13.80957, 52.99493 ], [ 13.80972, 52.99505 ], [ 13.80966, 52.99518 ] ] ] } },
{ "type": "Feature", "properties": { "boden": "100 % reich, frisch (R1w)" }, "geometry": { "type": "Polygon", "coordinates": [ [ [ 13.81801, 52.99179 ], [ 13.81763, 52.99175 ], [ 13.81753, 52.9919 ], [ 13.81756, 52.99204 ], [ 13.81778, 52.99211 ], [ 13.81801, 52.99204 ], [ 13.81807, 52.99191 ], [ 13.81801, 52.99179 ] ] ] } },
{ "type": "Feature", "properties": { "boden": "100 % kräftig, nass (OK2)" }, "geometry": { "type": "Polygon", "coordinates": [ [ [ 13.81691, 52.99211 ], [ 13.817, 52.99205 ], [ 13.81701, 52.99194 ], [ 13.81686, 52.99179 ], [ 13.81634, 52.99179 ], [ 13.81519, 52.99198 ], [ 13.81478, 52.9922 ], [ 13.81483, 52.99236 ], [ 13.81507, 52.99238 ], [ 13.81691, 52.99211 ] ] ] } },
{ "type": "Feature", "properties": { "boden": "100 % reich, frisch (R1w)" }, "geometry": { "type": "Polygon", "coordinates": [ [ [ 13.82098, 52.9924 ], [ 13.82083, 52.99215 ], [ 13.82055, 52.99215 ], [ 13.82043, 52.99226 ], [ 13.82047, 52.99241 ], [ 13.82098, 52.9924 ] ] ] } },
{ "type": "Feature", "properties": { "boden": "100 % reich, frisch (R1w)" }, "geometry": { "type": "Polygon", "coordinates": [ [ [ 13.81942, 52.9926 ], [ 13.81927, 52.99248 ], [ 13.819, 52.99247 ], [ 13.81887, 52.99258 ], [ 13.81891, 52.99273 ], [ 13.81913, 52.9928 ], [ 13.81937, 52.9927 ], [ 13.81942, 52.9926 ] ] ] } },
{ "type": "Feature", "properties": { "boden": "100 % reich, frisch (R1w)" }, "geometry": { "type": "Polygon", "coordinates": [ [ [ 13.81913, 52.9928 ], [ 13.81917, 52.99294 ], [ 13.81938, 52.99301 ], [ 13.81961, 52.99294 ], [ 13.81967, 52.99281 ], [ 13.81953, 52.99269 ], [ 13.81937, 52.9927 ], [ 13.81913, 52.9928 ] ] ] } },
{ "type": "Feature", "properties": { "boden": "100 % reich, frisch (R1w)" }, "geometry": { "type": "Polygon", "coordinates": [ [ [ 13.81779, 52.9929 ], [ 13.81752, 52.9929 ], [ 13.8174, 52.99301 ], [ 13.81743, 52.99315 ], [ 13.81765, 52.99322 ], [ 13.81788, 52.99315 ], [ 13.81794, 52.99302 ], [ 13.81779, 52.9929 ] ] ] } },
{ "type": "Feature", "properties": { "boden": "100 % reich, frisch (R1w)" }, "geometry": { "type": "Polygon", "coordinates": [ [ [ 13.81787, 52.99365 ], [ 13.81833, 52.99363 ], [ 13.81841, 52.99355 ], [ 13.81828, 52.99335 ], [ 13.81835, 52.99315 ], [ 13.8185, 52.99311 ], [ 13.81871, 52.9931 ], [ 13.81932, 52.9932 ], [ 13.8195, 52.99329 ], [ 13.81983, 52.99306 ], [ 13.81973, 52.99293 ], [ 13.81982, 52.99272 ], [ 13.8203, 52.99264 ], [ 13.82055, 52.99252 ], [ 13.82103, 52.9925 ], [ 13.82098, 52.9924 ], [ 13.82047, 52.99241 ], [ 13.82043, 52.99226 ], [ 13.82055, 52.99215 ], [ 13.82083, 52.99215 ], [ 13.82093, 52.99228 ], [ 13.82081, 52.99131 ], [ 13.81966, 52.99141 ], [ 13.81942, 52.99151 ], [ 13.81924, 52.99166 ], [ 13.81933, 52.99202 ], [ 13.81927, 52.99211 ], [ 13.81914, 52.99216 ], [ 13.81893, 52.99216 ], [ 13.81869, 52.9921 ], [ 13.81821, 52.99183 ], [ 13.81801, 52.99179 ], [ 13.81807, 52.99191 ], [ 13.81801, 52.99204 ], [ 13.81778, 52.99211 ], [ 13.81756, 52.99204 ], [ 13.81753, 52.9919 ], [ 13.81763, 52.99175 ], [ 13.81736, 52.99177 ], [ 13.81699, 52.99188 ], [ 13.817, 52.99205 ], [ 13.8167, 52.99217 ], [ 13.81683, 52.99251 ], [ 13.8168, 52.99285 ], [ 13.81663, 52.99294 ], [ 13.81514, 52.99331 ], [ 13.81466, 52.99357 ], [ 13.81476, 52.99359 ], [ 13.81491, 52.99371 ], [ 13.81485, 52.99384 ], [ 13.81462, 52.99391 ], [ 13.8144, 52.99385 ], [ 13.81432, 52.99369 ], [ 13.81396, 52.99382 ], [ 13.81379, 52.99401 ], [ 13.81408, 52.99405 ], [ 13.81427, 52.99423 ], [ 13.81455, 52.99409 ], [ 13.81478, 52.99404 ], [ 13.815, 52.99406 ], [ 13.81519, 52.99415 ], [ 13.81529, 52.99427 ], [ 13.81543, 52.99483 ], [ 13.81553, 52.99493 ], [ 13.81607, 52.99505 ], [ 13.81679, 52.9951 ], [ 13.81702, 52.99517 ], [ 13.81698, 52.99501 ], [ 13.81725, 52.99464 ], [ 13.81718, 52.99454 ], [ 13.81695, 52.99452 ], [ 13.81645, 52.99431 ], [ 13.8161, 52.99428 ], [ 13.81603, 52.99417 ], [ 13.81636, 52.99399 ], [ 13.81631, 52.99378 ], [ 13.81567, 52.99373 ], [ 13.81555, 52.99366 ], [ 13.81557, 52.99358 ], [ 13.81659, 52.99339 ], [ 13.81728, 52.99339 ], [ 13.81771, 52.99333 ], [ 13.81794, 52.99343 ], [ 13.81787, 52.99365 ] ], [ [ 13.81648, 52.99489 ], [ 13.81625, 52.99495 ], [ 13.81603, 52.99489 ], [ 13.81599, 52.99474 ], [ 13.81612, 52.99463 ], [ 13.81639, 52.99463 ], [ 13.81654, 52.99476 ], [ 13.81648, 52.99489 ] ], [ [ 13.81788, 52.99315 ], [ 13.81765, 52.99322 ], [ 13.81743, 52.99315 ], [ 13.8174, 52.99301 ], [ 13.81752, 52.9929 ], [ 13.81779, 52.9929 ], [ 13.81794, 52.99302 ], [ 13.81788, 52.99315 ] ], [ [ 13.81891, 52.99273 ], [ 13.81887, 52.99258 ], [ 13.819, 52.99247 ], [ 13.81927, 52.99248 ], [ 13.81942, 52.9926 ], [ 13.81937, 52.9927 ], [ 13.81953, 52.99269 ], [ 13.81967, 52.99281 ], [ 13.81961, 52.99294 ], [ 13.81938, 52.99301 ], [ 13.81917, 52.99294 ], [ 13.81913, 52.9928 ], [ 13.81891, 52.99273 ] ] ] } },
{ "type": "Feature", "properties": { "boden": "100 % kräftig, nass (OK2)" }, "geometry": { "type": "Polygon", "coordinates": [ [ [ 13.81982, 52.99272 ], [ 13.81973, 52.99293 ], [ 13.81983, 52.99306 ], [ 13.81908, 52.99358 ], [ 13.81909, 52.99383 ], [ 13.81918, 52.99393 ], [ 13.8195, 52.99405 ], [ 13.81983, 52.99405 ], [ 13.82028, 52.99415 ], [ 13.82058, 52.99407 ], [ 13.82056, 52.99392 ], [ 13.82029, 52.99378 ], [ 13.82011, 52.99351 ], [ 13.82012, 52.99316 ], [ 13.82039, 52.99308 ], [ 13.82049, 52.99299 ], [ 13.82054, 52.99271 ], [ 13.8203, 52.99264 ], [ 13.81982, 52.99272 ] ] ] } },
{ "type": "Feature", "properties": { "boden": "100 % reich, mäßig frisch (R2g)" }, "geometry": { "type": "Polygon", "coordinates": [ [ [ 13.82015, 52.99414 ], [ 13.81983, 52.99405 ], [ 13.81958, 52.99404 ], [ 13.81934, 52.99408 ], [ 13.81931, 52.99413 ], [ 13.81948, 52.99436 ], [ 13.81964, 52.99441 ], [ 13.82011, 52.99427 ], [ 13.82073, 52.99417 ], [ 13.82015, 52.99414 ] ] ] } },
{ "type": "Feature", "properties": { "boden": "100 % reich, mäßig frisch (R2g)" }, "geometry": { "type": "Polygon", "coordinates": [ [ [ 13.82085, 52.99423 ], [ 13.82057, 52.99423 ], [ 13.82045, 52.99434 ], [ 13.82049, 52.99449 ], [ 13.8207, 52.99455 ], [ 13.82093, 52.99449 ], [ 13.82099, 52.99435 ], [ 13.82085, 52.99423 ] ] ] } },
{ "type": "Feature", "properties": { "boden": "100 % kräftig, nass (OK2)" }, "geometry": { "type": "Polygon", "coordinates": [ [ [ 13.81794, 52.99343 ], [ 13.81771, 52.99333 ], [ 13.81728, 52.99339 ], [ 13.81659, 52.99339 ], [ 13.81566, 52.99355 ], [ 13.81557, 52.99358 ], [ 13.81555, 52.99366 ], [ 13.81567, 52.99373 ], [ 13.81631, 52.99378 ], [ 13.81636, 52.99399 ], [ 13.81603, 52.99417 ], [ 13.8161, 52.99428 ], [ 13.81645, 52.99431 ], [ 13.81695, 52.99452 ], [ 13.81718, 52.99454 ], [ 13.81725, 52.99464 ], [ 13.81698, 52.99501 ], [ 13.81702, 52.99517 ], [ 13.81775, 52.99526 ], [ 13.81782, 52.99546 ], [ 13.81852, 52.99547 ], [ 13.81856, 52.99496 ], [ 13.81887, 52.99484 ], [ 13.81907, 52.99462 ], [ 13.8189, 52.99447 ], [ 13.81889, 52.99429 ], [ 13.81875, 52.99428 ], [ 13.81847, 52.99453 ], [ 13.81806, 52.99453 ], [ 13.81794, 52.99437 ], [ 13.81791, 52.99421 ], [ 13.81738, 52.99398 ], [ 13.81731, 52.9938 ], [ 13.81763, 52.99375 ], [ 13.81787, 52.99365 ], [ 13.81794, 52.99343 ] ] ] } },
{ "type": "Feature", "properties": { "boden": "100 % reich, frisch (R1w)" }, "geometry": { "type": "Polygon", "coordinates": [ [ [ 13.81639, 52.99463 ], [ 13.81612, 52.99463 ], [ 13.81599, 52.99474 ], [ 13.81603, 52.99489 ], [ 13.81625, 52.99495 ], [ 13.81648, 52.99489 ], [ 13.81654, 52.99476 ], [ 13.81639, 52.99463 ] ] ] } },
{ "type": "Feature", "properties": { "boden": "100 % reich, mäßig frisch (R2g)" }, "geometry": { "type": "Polygon", "coordinates": [ [ [ 13.81934, 52.99517 ], [ 13.8191, 52.9953 ], [ 13.81908, 52.99539 ], [ 13.81923, 52.9955 ], [ 13.81941, 52.99545 ], [ 13.81947, 52.99533 ], [ 13.81942, 52.99518 ], [ 13.81934, 52.99517 ] ] ] } },
{ "type": "Feature", "properties": { "boden": "100 % reich, frisch (R1)" }, "geometry": { "type": "Polygon", "coordinates": [ [ [ 13.81545, 52.99542 ], [ 13.81499, 52.99537 ], [ 13.81493, 52.99548 ], [ 13.81497, 52.99562 ], [ 13.81519, 52.99569 ], [ 13.81542, 52.99562 ], [ 13.81548, 52.99549 ], [ 13.81545, 52.99542 ] ] ] } },
{ "type": "Feature", "properties": { "boden": "100 % reich, nass (ÜR0)" }, "geometry": { "type": "Polygon", "coordinates": [ [ [ 13.82067, 52.99566 ], [ 13.8203, 52.99523 ], [ 13.82014, 52.99514 ], [ 13.81997, 52.99514 ], [ 13.81987, 52.99524 ], [ 13.81987, 52.99536 ], [ 13.82009, 52.99566 ], [ 13.82011, 52.99577 ], [ 13.82003, 52.99581 ], [ 13.81944, 52.99576 ], [ 13.81933, 52.9958 ], [ 13.81934, 52.99587 ], [ 13.81968, 52.99607 ], [ 13.81991, 52.99628 ], [ 13.82002, 52.99635 ], [ 13.82012, 52.99635 ], [ 13.82048, 52.99616 ], [ 13.82094, 52.99602 ], [ 13.82101, 52.99596 ], [ 13.82067, 52.99566 ] ] ] } },
{ "type": "Feature", "properties": { "boden": "100 % reich, mäßig frisch (R2g)" }, "geometry": { "type": "Polygon", "coordinates": [ [ [ 13.81855, 52.99572 ], [ 13.8185, 52.99601 ], [ 13.81854, 52.99609 ], [ 13.81864, 52.99612 ], [ 13.81879, 52.99605 ], [ 13.81882, 52.99589 ], [ 13.81855, 52.99572 ] ] ] } },
{ "type": "Feature", "properties": { "boden": "100 % reich, nass (NR1)" }, "geometry": { "type": "Polygon", "coordinates": [ [ [ 13.81576, 52.99566 ], [ 13.81595, 52.99648 ], [ 13.81647, 52.99651 ], [ 13.81677, 52.99632 ], [ 13.81712, 52.9962 ], [ 13.81773, 52.99619 ], [ 13.81782, 52.99611 ], [ 13.81781, 52.99594 ], [ 13.81768, 52.99575 ], [ 13.81749, 52.99562 ], [ 13.81637, 52.99545 ], [ 13.81598, 52.99546 ], [ 13.81578, 52.99552 ], [ 13.81576, 52.99566 ] ] ] } },
{ "type": "Feature", "properties": { "boden": "100 % reich, frisch (R1)" }, "geometry": { "type": "Polygon", "coordinates": [ [ [ 13.81686, 52.99705 ], [ 13.81674, 52.99716 ], [ 13.81677, 52.99731 ], [ 13.81699, 52.99737 ], [ 13.81722, 52.99731 ], [ 13.81728, 52.99717 ], [ 13.81686, 52.99705 ] ] ] } },
{ "type": "Feature", "properties": { "boden": "100 % reich, frisch (R1)" }, "geometry": { "type": "Polygon", "coordinates": [ [ [ 13.81852, 52.99756 ], [ 13.81805, 52.99741 ], [ 13.81787, 52.99755 ], [ 13.81791, 52.9977 ], [ 13.81812, 52.99776 ], [ 13.81835, 52.9977 ], [ 13.81852, 52.99756 ] ] ] } },
{ "type": "Feature", "properties": { "boden": "50 % kräftig, nass (OK3) · 50 % kräftig, nass (OK4)" }, "geometry": { "type": "Polygon", "coordinates": [ [ [ 13.81609, 52.99775 ], [ 13.81597, 52.99786 ], [ 13.81601, 52.99801 ], [ 13.81622, 52.99808 ], [ 13.81649, 52.99809 ], [ 13.81651, 52.9979 ], [ 13.81633, 52.99765 ], [ 13.81609, 52.99775 ] ] ] } },
{ "type": "Feature", "properties": { "boden": "100 % reich, nass (NR1)" }, "geometry": { "type": "Polygon", "coordinates": [ [ [ 13.80957, 52.99493 ], [ 13.8093, 52.99493 ], [ 13.80918, 52.99504 ], [ 13.80921, 52.99519 ], [ 13.80943, 52.99525 ], [ 13.80966, 52.99518 ], [ 13.80972, 52.99505 ], [ 13.80957, 52.99493 ] ] ] } },
{ "type": "Feature", "properties": { "boden": "100 % reich, frisch (R1)" }, "geometry": { "type": "Polygon", "coordinates": [ [ [ 13.80991, 52.99593 ], [ 13.80979, 52.99597 ], [ 13.80976, 52.99609 ], [ 13.80983, 52.99624 ], [ 13.80996, 52.99628 ], [ 13.81019, 52.99621 ], [ 13.81026, 52.99605 ], [ 13.80991, 52.99593 ] ] ] } },
{ "type": "Feature", "properties": { "boden": "100 % reich, frisch (R1)" }, "geometry": { "type": "Polygon", "coordinates": [ [ [ 13.81046, 52.99619 ], [ 13.81034, 52.9962 ], [ 13.81011, 52.99633 ], [ 13.81008, 52.99645 ], [ 13.81025, 52.99651 ], [ 13.8106, 52.99645 ], [ 13.81068, 52.99635 ], [ 13.81046, 52.99619 ] ] ] } },
{ "type": "Feature", "properties": { "boden": "100 % reich, mäßig frisch (R2g)" }, "geometry": { "type": "Polygon", "coordinates": [ [ [ 13.81421, 52.99698 ], [ 13.8148, 52.99718 ], [ 13.81541, 52.9971 ], [ 13.81567, 52.99696 ], [ 13.81575, 52.99684 ], [ 13.81572, 52.99671 ], [ 13.81558, 52.99655 ], [ 13.81533, 52.99642 ], [ 13.8149, 52.99629 ], [ 13.81447, 52.99581 ], [ 13.81431, 52.99571 ], [ 13.81411, 52.99567 ], [ 13.81386, 52.99568 ], [ 13.81293, 52.99589 ], [ 13.81279, 52.99603 ], [ 13.81283, 52.99616 ], [ 13.81318, 52.99637 ], [ 13.81323, 52.99648 ], [ 13.81321, 52.99659 ], [ 13.81284, 52.9969 ], [ 13.81283, 52.99713 ], [ 13.81305, 52.99745 ], [ 13.8132, 52.99754 ], [ 13.81346, 52.99754 ], [ 13.81372, 52.99747 ], [ 13.81409, 52.99703 ], [ 13.81421, 52.99698 ] ] ] } },
{ "type": "Feature", "properties": { "boden": "100 % reich, frisch (R1)" }, "geometry": { "type": "Polygon", "coordinates": [ [ [ 13.81835, 52.9977 ], [ 13.81812, 52.99776 ], [ 13.81791, 52.9977 ], [ 13.81787, 52.99755 ], [ 13.81805, 52.99741 ], [ 13.81767, 52.99728 ], [ 13.81745, 52.99712 ], [ 13.81722, 52.99704 ], [ 13.81647, 52.99692 ], [ 13.81637, 52.99684 ], [ 13.81636, 52.99672 ], [ 13.81647, 52.99651 ], [ 13.81595, 52.99648 ], [ 13.81576, 52.99566 ], [ 13.81578, 52.99552 ], [ 13.81545, 52.99542 ], [ 13.81542, 52.99562 ], [ 13.81519, 52.99569 ], [ 13.81497, 52.99562 ], [ 13.81493, 52.99548 ], [ 13.81499, 52.99537 ], [ 13.81319, 52.99536 ], [ 13.81267, 52.99542 ], [ 13.81223, 52.99552 ], [ 13.81192, 52.99567 ], [ 13.8117, 52.99587 ], [ 13.81145, 52.99629 ], [ 13.81118, 52.99655 ], [ 13.81104, 52.99655 ], [ 13.81068, 52.99635 ], [ 13.8106, 52.99645 ], [ 13.81025, 52.99651 ], [ 13.81057, 52.9967 ], [ 13.8108, 52.99702 ], [ 13.81126, 52.99736 ], [ 13.81186, 52.99747 ], [ 13.81218, 52.99756 ], [ 13.81237, 52.99767 ], [ 13.81289, 52.99821 ], [ 13.81299, 52.99794 ], [ 13.81314, 52.99791 ], [ 13.81332, 52.99793 ], [ 13.81358, 52.99803 ], [ 13.81397, 52.99828 ], [ 13.81443, 52.99814 ], [ 13.81473, 52.99812 ], [ 13.81522, 52.9979 ], [ 13.81535, 52.99765 ], [ 13.81574, 52.9975 ], [ 13.81574, 52.99737 ], [ 13.81628, 52.99729 ], [ 13.81639, 52.99753 ], [ 13.81633, 52.99765 ], [ 13.81651, 52.9979 ], [ 13.81649, 52.99809 ], [ 13.81672, 52.99857 ], [ 13.81701, 52.99867 ], [ 13.81707, 52.99877 ], [ 13.81719, 52.99877 ], [ 13.81745, 52.99862 ], [ 13.81751, 52.99811 ], [ 13.81848, 52.99776 ], [ 13.81855, 52.99765 ], [ 13.81852, 52.99756 ], [ 13.81835, 52.9977 ] ], [ [ 13.81729, 52.99857 ], [ 13.8171, 52.99863 ], [ 13.81686, 52.99856 ], [ 13.81681, 52.99843 ], [ 13.81693, 52.99832 ], [ 13.81721, 52.99832 ], [ 13.81735, 52.99844 ], [ 13.81729, 52.99857 ] ], [ [ 13.81728, 52.99717 ], [ 13.81722, 52.99731 ], [ 13.81699, 52.99737 ], [ 13.81677, 52.99731 ], [ 13.81674, 52.99716 ], [ 13.81686, 52.99705 ], [ 13.81728, 52.99717 ] ], [ [ 13.81409, 52.99703 ], [ 13.81372, 52.99747 ], [ 13.81346, 52.99754 ], [ 13.8132, 52.99754 ], [ 13.81305, 52.99745 ], [ 13.81283, 52.99713 ], [ 13.81284, 52.9969 ], [ 13.81321, 52.99659 ], [ 13.81323, 52.99648 ], [ 13.81318, 52.99637 ], [ 13.81283, 52.99616 ], [ 13.81279, 52.99603 ], [ 13.81293, 52.99589 ], [ 13.81386, 52.99568 ], [ 13.81411, 52.99567 ], [ 13.81431, 52.99571 ], [ 13.81447, 52.99581 ], [ 13.8149, 52.99629 ], [ 13.81533, 52.99642 ], [ 13.81558, 52.99655 ], [ 13.81572, 52.99671 ], [ 13.81575, 52.99684 ], [ 13.81567, 52.99696 ], [ 13.81541, 52.9971 ], [ 13.8148, 52.99718 ], [ 13.81421, 52.99698 ], [ 13.81409, 52.99703 ] ], [ [ 13.81387, 52.99785 ], [ 13.81364, 52.99792 ], [ 13.81342, 52.99785 ], [ 13.81339, 52.9977 ], [ 13.81351, 52.99759 ], [ 13.81378, 52.99759 ], [ 13.81393, 52.99772 ], [ 13.81387, 52.99785 ] ] ] } },
{ "type": "Feature", "properties": { "boden": "100 % reich, mäßig frisch (R2g)" }, "geometry": { "type": "Polygon", "coordinates": [ [ [ 13.81013, 52.99712 ], [ 13.80999, 52.99699 ], [ 13.80971, 52.99699 ], [ 13.80959, 52.9971 ], [ 13.80962, 52.99724 ], [ 13.80981, 52.99708 ], [ 13.80992, 52.99707 ], [ 13.81008, 52.99723 ], [ 13.81013, 52.99712 ] ] ] } },
{ "type": "Feature", "properties": { "boden": "100 % reich, frisch (R1)" }, "geometry": { "type": "Polygon", "coordinates": [ [ [ 13.81007, 52.99725 ], [ 13.80992, 52.99707 ], [ 13.80981, 52.99708 ], [ 13.80962, 52.99724 ], [ 13.80984, 52.99731 ], [ 13.81007, 52.99725 ] ] ] } },
{ "type": "Feature", "properties": { "boden": "100 % reich, frisch (R1)" }, "geometry": { "type": "Polygon", "coordinates": [ [ [ 13.80932, 52.99734 ], [ 13.80923, 52.99744 ], [ 13.80927, 52.99759 ], [ 13.80948, 52.99766 ], [ 13.80971, 52.99759 ], [ 13.80977, 52.99746 ], [ 13.80949, 52.9973 ], [ 13.80932, 52.99734 ] ] ] } },
{ "type": "Feature", "properties": { "boden": "100 % reich, frisch (R1)" }, "geometry": { "type": "Polygon", "coordinates": [ [ [ 13.80807, 52.99778 ], [ 13.80854, 52.99769 ], [ 13.8086, 52.99756 ], [ 13.80845, 52.99744 ], [ 13.80818, 52.99744 ], [ 13.80803, 52.99751 ], [ 13.80807, 52.99778 ] ] ] } },
{ "type": "Feature", "properties": { "boden": "100 % reich, frisch (R1)" }, "geometry": { "type": "Polygon", "coordinates": [ [ [ 13.81378, 52.99759 ], [ 13.81351, 52.99759 ], [ 13.81339, 52.9977 ], [ 13.81342, 52.99785 ], [ 13.81364, 52.99792 ], [ 13.81387, 52.99785 ], [ 13.81393, 52.99772 ], [ 13.81378, 52.99759 ] ] ] } },
{ "type": "Feature", "properties": { "boden": "100 % kräftig, nass (OK2)" }, "geometry": { "type": "Polygon", "coordinates": [ [ [ 13.80797, 52.99778 ], [ 13.80796, 52.99813 ], [ 13.80839, 52.99795 ], [ 13.8083, 52.99782 ], [ 13.80797, 52.99778 ] ] ] } },
{ "type": "Feature", "properties": { "boden": "100 % reich, frisch (R1)" }, "geometry": { "type": "Polygon", "coordinates": [ [ [ 13.80885, 52.99792 ], [ 13.80858, 52.99792 ], [ 13.80846, 52.99803 ], [ 13.80849, 52.99818 ], [ 13.80866, 52.99823 ], [ 13.80894, 52.99818 ], [ 13.809, 52.99805 ], [ 13.80885, 52.99792 ] ] ] } },
{ "type": "Feature", "properties": { "boden": "100 % reich, mäßig frisch (R2g)" }, "geometry": { "type": "Polygon", "coordinates": [ [ [ 13.80877, 52.99934 ], [ 13.80989, 52.9994 ], [ 13.80993, 52.99927 ], [ 13.81008, 52.99917 ], [ 13.81074, 52.99907 ], [ 13.81097, 52.99885 ], [ 13.81003, 52.99838 ], [ 13.80949, 52.99798 ], [ 13.80937, 52.99796 ], [ 13.80914, 52.99823 ], [ 13.80843, 52.99831 ], [ 13.80795, 52.99846 ], [ 13.80793, 52.99924 ], [ 13.80877, 52.99934 ] ] ] } },
{ "type": "Feature", "properties": { "boden": "100 % reich, frisch (R1)" }, "geometry": { "type": "MultiPolygon", "coordinates": [ [ [ [ 13.81409, 53.00135 ], [ 13.81488, 53.00079 ], [ 13.81495, 53.00064 ], [ 13.81468, 53.00071 ], [ 13.81437, 53.00071 ], [ 13.81405, 53.00061 ], [ 13.8139, 53.0005 ], [ 13.81378, 53.00034 ], [ 13.81378, 53.00014 ], [ 13.81369, 53.00004 ], [ 13.81346, 52.99997 ], [ 13.81336, 52.99985 ], [ 13.81376, 52.99954 ], [ 13.81358, 52.99937 ], [ 13.81305, 52.9993 ], [ 13.81259, 52.99936 ], [ 13.81243, 52.99928 ], [ 13.81237, 52.99895 ], [ 13.81224, 52.99881 ], [ 13.81151, 52.99856 ], [ 13.811, 52.99804 ], [ 13.81026, 52.99747 ], [ 13.81008, 52.99723 ], [ 13.80984, 52.99731 ], [ 13.80962, 52.99724 ], [ 13.80949, 52.9973 ], [ 13.80977, 52.99746 ], [ 13.80971, 52.99759 ], [ 13.80948, 52.99766 ], [ 13.80927, 52.99759 ], [ 13.80923, 52.99744 ], [ 13.80932, 52.99734 ], [ 13.80838, 52.99729 ], [ 13.80813, 52.99733 ], [ 13.80802, 52.99742 ], [ 13.80803, 52.99751 ], [ 13.80818, 52.99744 ], [ 13.80845, 52.99744 ], [ 13.8086, 52.99756 ], [ 13.80854, 52.99769 ], [ 13.80807, 52.99778 ], [ 13.8083, 52.99782 ], [ 13.80839, 52.99795 ], [ 13.80796, 52.99813 ], [ 13.80795, 52.99846 ], [ 13.80843, 52.99831 ], [ 13.80914, 52.99823 ], [ 13.80937, 52.99796 ], [ 13.80949, 52.99798 ], [ 13.81003, 52.99838 ], [ 13.81097, 52.99885 ], [ 13.81074, 52.99907 ], [ 13.81008, 52.99917 ], [ 13.80993, 52.99927 ], [ 13.80989, 52.9994 ], [ 13.80995, 52.9997 ], [ 13.81086, 52.99981 ], [ 13.81087, 52.99967 ], [ 13.81099, 52.99956 ], [ 13.81126, 52.99956 ], [ 13.81141, 52.99968 ], [ 13.81139, 52.99987 ], [ 13.812, 53.00006 ], [ 13.813, 53.00065 ], [ 13.81319, 53.00093 ], [ 13.81355, 53.00106 ], [ 13.8135, 53.00119 ], [ 13.8137, 53.00172 ], [ 13.8141, 53.00158 ], [ 13.81409, 53.00135 ] ], [ [ 13.80894, 52.99818 ], [ 13.80866, 52.99823 ], [ 13.80849, 52.99818 ], [ 13.80846, 52.99803 ], [ 13.80858, 52.99792 ], [ 13.80885, 52.99792 ], [ 13.809, 52.99805 ], [ 13.80894, 52.99818 ] ] ], [ [ [ 13.80805, 52.99613 ], [ 13.80802, 52.99609 ], [ 13.80802, 52.99617 ], [ 13.80805, 52.99613 ] ] ] ] } },
{ "type": "Feature", "properties": { "boden": "100 % reich, nass (NR2)" }, "geometry": { "type": "Polygon", "coordinates": [ [ [ 13.81401, 52.99927 ], [ 13.8139, 52.99938 ], [ 13.81414, 52.99943 ], [ 13.81437, 52.99937 ], [ 13.81443, 52.99923 ], [ 13.81428, 52.99911 ], [ 13.81401, 52.99911 ], [ 13.81401, 52.99927 ] ] ] } },
{ "type": "Feature", "properties": { "boden": "50 % kräftig, nass (OK3) · 50 % kräftig, nass (OK4)" }, "geometry": { "type": "Polygon", "coordinates": [ [ [ 13.81707, 52.99877 ], [ 13.81701, 52.99867 ], [ 13.81672, 52.99857 ], [ 13.81649, 52.99809 ], [ 13.81622, 52.99808 ], [ 13.81601, 52.99801 ], [ 13.81597, 52.99786 ], [ 13.81609, 52.99775 ], [ 13.81633, 52.99765 ], [ 13.81639, 52.99753 ], [ 13.81628, 52.99729 ], [ 13.81574, 52.99737 ], [ 13.81574, 52.9975 ], [ 13.81535, 52.99765 ], [ 13.81522, 52.9979 ], [ 13.81473, 52.99812 ], [ 13.81443, 52.99814 ], [ 13.81397, 52.99828 ], [ 13.81399, 52.99864 ], [ 13.81416, 52.99879 ], [ 13.81441, 52.99888 ], [ 13.81479, 52.99886 ], [ 13.81542, 52.99855 ], [ 13.81583, 52.99872 ], [ 13.81613, 52.9987 ], [ 13.81627, 52.99877 ], [ 13.81629, 52.99899 ], [ 13.81641, 52.99883 ], [ 13.81668, 52.99883 ], [ 13.81685, 52.99895 ], [ 13.81707, 52.99877 ] ] ] } },
{ "type": "Feature", "properties": { "boden": "100 % reich, mäßig frisch (R2g)" }, "geometry": { "type": "Polygon", "coordinates": [ [ [ 13.81954, 52.99822 ], [ 13.81911, 52.99826 ], [ 13.81902, 52.9984 ], [ 13.81907, 52.99856 ], [ 13.8193, 52.99868 ], [ 13.81955, 52.99863 ], [ 13.81968, 52.99848 ], [ 13.81966, 52.99829 ], [ 13.81954, 52.99822 ] ] ] } },
{ "type": "Feature", "properties": { "boden": "100 % reich, frisch (R1)" }, "geometry": { "type": "Polygon", "coordinates": [ [ [ 13.81721, 52.99832 ], [ 13.81693, 52.99832 ], [ 13.81681, 52.99843 ], [ 13.81686, 52.99856 ], [ 13.8171, 52.99863 ], [ 13.81729, 52.99857 ], [ 13.81735, 52.99844 ], [ 13.81721, 52.99832 ] ] ] } },
{ "type": "Feature", "properties": { "boden": "100 % reich, mäßig frisch (R2g)" }, "geometry": { "type": "Polygon", "coordinates": [ [ [ 13.82155, 52.9984 ], [ 13.82128, 52.9984 ], [ 13.82116, 52.99851 ], [ 13.82119, 52.99865 ], [ 13.82141, 52.99872 ], [ 13.82164, 52.99865 ], [ 13.8217, 52.99852 ], [ 13.82155, 52.9984 ] ] ] } },
{ "type": "Feature", "properties": { "boden": "50 % kräftig, nass (OK3) · 50 % kräftig, nass (OK4)" }, "geometry": { "type": "Polygon", "coordinates": [ [ [ 13.81668, 52.99883 ], [ 13.81641, 52.99883 ], [ 13.81622, 52.99911 ], [ 13.81655, 52.9992 ], [ 13.81685, 52.99895 ], [ 13.81668, 52.99883 ] ] ] } },
{ "type": "Feature", "properties": { "boden": "100 % reich, mäßig frisch (R2g)" }, "geometry": { "type": "Polygon", "coordinates": [ [ [ 13.81488, 52.99986 ], [ 13.81507, 52.99988 ], [ 13.8153, 52.99981 ], [ 13.81536, 52.99968 ], [ 13.81521, 52.99956 ], [ 13.81486, 52.99958 ], [ 13.81488, 52.99986 ] ] ] } },
{ "type": "Feature", "properties": { "boden": "100 % reich, nass (NR2)" }, "geometry": { "type": "Polygon", "coordinates": [ [ [ 13.81498, 53.00053 ], [ 13.81483, 53.0004 ], [ 13.81456, 53.0004 ], [ 13.81444, 53.00051 ], [ 13.81437, 53.00071 ], [ 13.81468, 53.00071 ], [ 13.81495, 53.00064 ], [ 13.81498, 53.00053 ] ] ] } },
{ "type": "Feature", "properties": { "boden": "50 % kräftig, mäßig frisch (K2) · 50 % kräftig, mäßig frisch (K2)" }, "geometry": { "type": "Polygon", "coordinates": [ [ [ 13.82148, 53.00064 ], [ 13.82152, 53.00079 ], [ 13.82174, 53.00085 ], [ 13.82197, 53.00079 ], [ 13.82203, 53.00065 ], [ 13.82188, 53.00053 ], [ 13.82161, 53.00053 ], [ 13.82148, 53.00064 ] ] ] } },
{ "type": "Feature", "properties": { "boden": "50 % kräftig, mäßig frisch (K2) · 50 % kräftig, mäßig frisch (K2)" }, "geometry": { "type": "Polygon", "coordinates": [ [ [ 13.82151, 53.00073 ], [ 13.82141, 53.00058 ], [ 13.82081, 53.00057 ], [ 13.82067, 53.00064 ], [ 13.82068, 53.00074 ], [ 13.82082, 53.00085 ], [ 13.82114, 53.00086 ], [ 13.82151, 53.00073 ] ] ] } },
{ "type": "Feature", "properties": { "boden": "50 % kräftig, mäßig frisch (K2) · 50 % kräftig, mäßig frisch (K2)" }, "geometry": { "type": "Polygon", "coordinates": [ [ [ 13.81567, 53.0011 ], [ 13.81539, 53.0011 ], [ 13.81527, 53.00121 ], [ 13.81531, 53.00136 ], [ 13.81552, 53.00142 ], [ 13.81575, 53.00135 ], [ 13.81581, 53.00122 ], [ 13.81567, 53.0011 ] ] ] } },
{ "type": "Feature", "properties": { "boden": "100 % kräftig, mäßig frisch (K2g)" }, "geometry": { "type": "Polygon", "coordinates": [ [ [ 13.85132, 53.01714 ], [ 13.85122, 53.01719 ], [ 13.85129, 53.01732 ], [ 13.85143, 53.01743 ], [ 13.85166, 53.01746 ], [ 13.8516, 53.01723 ], [ 13.85132, 53.01714 ] ] ] } },
{ "type": "Feature", "properties": { "boden": "100 % kräftig, mäßig frisch (K2g)" }, "geometry": { "type": "Polygon", "coordinates": [ [ [ 13.85232, 53.01747 ], [ 13.85225, 53.01723 ], [ 13.85139, 53.01696 ], [ 13.85028, 53.01727 ], [ 13.85047, 53.01769 ], [ 13.85071, 53.01786 ], [ 13.85157, 53.01799 ], [ 13.85202, 53.01793 ], [ 13.85232, 53.01747 ] ], [ [ 13.85152, 53.01718 ], [ 13.85165, 53.01729 ], [ 13.85169, 53.01742 ], [ 13.8516, 53.01747 ], [ 13.85143, 53.01743 ], [ 13.85122, 53.01719 ], [ 13.85132, 53.01714 ], [ 13.85152, 53.01718 ] ] ] } },
{ "type": "Feature", "properties": { "boden": "100 % mittel, mäßig frisch (M2)" }, "geometry": { "type": "Polygon", "coordinates": [ [ [ 13.84916, 53.0175 ], [ 13.84901, 53.01741 ], [ 13.84877, 53.01744 ], [ 13.84869, 53.01753 ], [ 13.84873, 53.01763 ], [ 13.84892, 53.01769 ], [ 13.84907, 53.01766 ], [ 13.84916, 53.0175 ] ] ] } },
{ "type": "Feature", "properties": { "boden": "100 % mittel, mäßig frisch (M2)" }, "geometry": { "type": "Polygon", "coordinates": [ [ [ 13.84878, 53.01816 ], [ 13.84885, 53.01803 ], [ 13.84869, 53.01793 ], [ 13.84847, 53.01796 ], [ 13.84838, 53.01805 ], [ 13.84842, 53.01815 ], [ 13.84858, 53.01821 ], [ 13.84878, 53.01816 ] ] ] } },
{ "type": "Feature", "properties": { "boden": "100 % mittel, mäßig frisch (M2)" }, "geometry": { "type": "Polygon", "coordinates": [ [ [ 13.84773, 53.0181 ], [ 13.84757, 53.01802 ], [ 13.84738, 53.01801 ], [ 13.84729, 53.01806 ], [ 13.84726, 53.018 ], [ 13.84706, 53.01793 ], [ 13.84686, 53.01795 ], [ 13.84677, 53.01804 ], [ 13.84688, 53.01821 ], [ 13.84717, 53.01822 ], [ 13.84728, 53.01816 ], [ 13.84734, 53.01827 ], [ 13.8477, 53.01828 ], [ 13.84773, 53.0181 ] ] ] } },
{ "type": "Feature", "properties": { "boden": "100 % mittel, mäßig frisch (M2g)" }, "geometry": { "type": "Polygon", "coordinates": [ [ [ 13.8464, 53.0201 ], [ 13.84632, 53.02006 ], [ 13.84628, 53.01996 ], [ 13.84636, 53.01987 ], [ 13.84659, 53.01984 ], [ 13.84674, 53.01994 ], [ 13.84681, 53.01987 ], [ 13.84706, 53.01983 ], [ 13.84716, 53.0199 ], [ 13.84723, 53.01982 ], [ 13.84748, 53.01981 ], [ 13.84761, 53.01989 ], [ 13.84766, 53.02005 ], [ 13.84827, 53.01953 ], [ 13.8481, 53.01955 ], [ 13.84791, 53.01948 ], [ 13.84787, 53.01938 ], [ 13.84795, 53.01928 ], [ 13.84775, 53.01922 ], [ 13.84771, 53.01911 ], [ 13.84785, 53.01896 ], [ 13.84777, 53.01891 ], [ 13.84756, 53.01898 ], [ 13.84745, 53.01896 ], [ 13.84731, 53.01885 ], [ 13.84731, 53.01877 ], [ 13.84711, 53.0188 ], [ 13.84692, 53.01874 ], [ 13.84688, 53.01864 ], [ 13.84705, 53.01834 ], [ 13.84734, 53.01827 ], [ 13.84728, 53.01816 ], [ 13.84717, 53.01822 ], [ 13.84688, 53.01821 ], [ 13.84677, 53.01804 ], [ 13.84686, 53.01795 ], [ 13.84706, 53.01793 ], [ 13.84726, 53.018 ], [ 13.84729, 53.01806 ], [ 13.84738, 53.01801 ], [ 13.84769, 53.01805 ], [ 13.8477, 53.01828 ], [ 13.84782, 53.01831 ], [ 13.84797, 53.01824 ], [ 13.84858, 53.01821 ], [ 13.84842, 53.01815 ], [ 13.84838, 53.01805 ], [ 13.84847, 53.01796 ], [ 13.84869, 53.01793 ], [ 13.8488, 53.01797 ], [ 13.84885, 53.01811 ], [ 13.84878, 53.01816 ], [ 13.84898, 53.01813 ], [ 13.84912, 53.01762 ], [ 13.84892, 53.01769 ], [ 13.84881, 53.01768 ], [ 13.84869, 53.01753 ], [ 13.84877, 53.01744 ], [ 13.84901, 53.01741 ], [ 13.84916, 53.0175 ], [ 13.84923, 53.01716 ], [ 13.84716, 53.01668 ], [ 13.84621, 53.0167 ], [ 13.84627, 53.01645 ], [ 13.84461, 53.01695 ], [ 13.84441, 53.01743 ], [ 13.84449, 53.01754 ], [ 13.84477, 53.01757 ], [ 13.8453, 53.01752 ], [ 13.84557, 53.01757 ], [ 13.84571, 53.01768 ], [ 13.8458, 53.01787 ], [ 13.84563, 53.01825 ], [ 13.84515, 53.01864 ], [ 13.84509, 53.01877 ], [ 13.84557, 53.01888 ], [ 13.84587, 53.01908 ], [ 13.84604, 53.01969 ], [ 13.84527, 53.0203 ], [ 13.84546, 53.02025 ], [ 13.84562, 53.02029 ], [ 13.84569, 53.02023 ], [ 13.84586, 53.02022 ], [ 13.84596, 53.02024 ], [ 13.84601, 53.02019 ], [ 13.84624, 53.02017 ], [ 13.84644, 53.02025 ], [ 13.8464, 53.0201 ] ], [ [ 13.84801, 53.01963 ], [ 13.84801, 53.0197 ], [ 13.84789, 53.01979 ], [ 13.84777, 53.01981 ], [ 13.84758, 53.01975 ], [ 13.84754, 53.01965 ], [ 13.84763, 53.01956 ], [ 13.84785, 53.01953 ], [ 13.84801, 53.01963 ] ] ] } },
{ "type": "Feature", "properties": { "boden": "100 % mittel, mäßig frisch (M2)" }, "geometry": { "type": "Polygon", "coordinates": [ [ [ 13.84847, 53.01823 ], [ 13.84797, 53.01824 ], [ 13.84782, 53.01831 ], [ 13.84796, 53.01853 ], [ 13.84806, 53.01859 ], [ 13.84835, 53.01853 ], [ 13.84847, 53.01823 ] ] ] } },
{ "type": "Feature", "properties": { "boden": "100 % mittel, mäßig frisch (M2)" }, "geometry": { "type": "Polygon", "coordinates": [ [ [ 13.85832, 53.04244 ], [ 13.85831, 53.04231 ], [ 13.85842, 53.04225 ], [ 13.85842, 53.04205 ], [ 13.85777, 53.04223 ], [ 13.85784, 53.04227 ], [ 13.85784, 53.0424 ], [ 13.85809, 53.04245 ], [ 13.85832, 53.04244 ] ] ] } },
{ "type": "Feature", "properties": { "boden": "100 % mittel, mäßig frisch (M2)" }, "geometry": { "type": "Polygon", "coordinates": [ [ [ 13.85878, 53.0423 ], [ 13.85842, 53.0423 ], [ 13.85842, 53.04225 ], [ 13.85831, 53.04231 ], [ 13.85829, 53.04241 ], [ 13.8584, 53.04244 ], [ 13.85879, 53.04233 ], [ 13.85878, 53.0423 ] ] ] } },
{ "type": "Feature", "properties": { "boden": "100 % kräftig, frisch (K1)" }, "geometry": { "type": "Polygon", "coordinates": [ [ [ 13.85888, 53.04218 ], [ 13.85932, 53.04215 ], [ 13.85978, 53.04224 ], [ 13.86057, 53.04266 ], [ 13.86101, 53.0428 ], [ 13.86064, 53.04204 ], [ 13.85875, 53.04199 ], [ 13.8585, 53.04204 ], [ 13.85888, 53.04218 ] ] ] } },
{ "type": "Feature", "properties": { "boden": "100 % mittel, mäßig frisch (M2)" }, "geometry": { "type": "Polygon", "coordinates": [ [ [ 13.84349, 53.01663 ], [ 13.84304, 53.01673 ], [ 13.84226, 53.01683 ], [ 13.84239, 53.01694 ], [ 13.84282, 53.01683 ], [ 13.84361, 53.01675 ], [ 13.84349, 53.01663 ] ] ] } },
{ "type": "Feature", "properties": { "boden": "100 % mittel, mäßig frisch (M2)" }, "geometry": { "type": "Polygon", "coordinates": [ [ [ 13.84239, 53.01694 ], [ 13.84226, 53.01683 ], [ 13.84202, 53.01689 ], [ 13.84202, 53.0171 ], [ 13.84215, 53.01713 ], [ 13.84231, 53.0171 ], [ 13.84239, 53.01694 ] ] ] } },
{ "type": "Feature", "properties": { "boden": "100 % mittel, mäßig frisch (M2)" }, "geometry": { "type": "Polygon", "coordinates": [ [ [ 13.84342, 53.01715 ], [ 13.84345, 53.01704 ], [ 13.8433, 53.01695 ], [ 13.84306, 53.01698 ], [ 13.84298, 53.01707 ], [ 13.8431, 53.01721 ], [ 13.84321, 53.01723 ], [ 13.84342, 53.01715 ] ] ] } },
{ "type": "Feature", "properties": { "boden": "100 % mittel, mäßig frisch (M2)" }, "geometry": { "type": "Polygon", "coordinates": [ [ [ 13.84421, 53.01703 ], [ 13.84383, 53.01695 ], [ 13.84342, 53.01715 ], [ 13.84328, 53.01741 ], [ 13.84358, 53.01726 ], [ 13.84421, 53.01703 ] ] ] } },
{ "type": "Feature", "properties": { "boden": "100 % mittel, mäßig frisch (M2)" }, "geometry": { "type": "Polygon", "coordinates": [ [ [ 13.84202, 53.0171 ], [ 13.84202, 53.01689 ], [ 13.84134, 53.01706 ], [ 13.8411, 53.01696 ], [ 13.83902, 53.01721 ], [ 13.83875, 53.01738 ], [ 13.83874, 53.01775 ], [ 13.83862, 53.01792 ], [ 13.83891, 53.01787 ], [ 13.83907, 53.01793 ], [ 13.83913, 53.01803 ], [ 13.83906, 53.01813 ], [ 13.83925, 53.01794 ], [ 13.83929, 53.01764 ], [ 13.83946, 53.01742 ], [ 13.8397, 53.01726 ], [ 13.83985, 53.01722 ], [ 13.84028, 53.01721 ], [ 13.84048, 53.01726 ], [ 13.84019, 53.01763 ], [ 13.84025, 53.01776 ], [ 13.84047, 53.0178 ], [ 13.84115, 53.01762 ], [ 13.84202, 53.0171 ] ] ] } },
{ "type": "Feature", "properties": { "boden": "100 % mittel, mäßig frisch (M2)" }, "geometry": { "type": "Polygon", "coordinates": [ [ [ 13.83979, 53.01746 ], [ 13.83962, 53.01748 ], [ 13.83951, 53.01755 ], [ 13.83948, 53.01765 ], [ 13.83958, 53.01774 ], [ 13.83974, 53.01778 ], [ 13.83993, 53.01772 ], [ 13.84, 53.01762 ], [ 13.83994, 53.01752 ], [ 13.83979, 53.01746 ] ] ] } },
{ "type": "Feature", "properties": { "boden": "100 % kräftig, nass (OK2)" }, "geometry": { "type": "Polygon", "coordinates": [ [ [ 13.83738, 53.01658 ], [ 13.83751, 53.01661 ], [ 13.83776, 53.01657 ], [ 13.83877, 53.01684 ], [ 13.83894, 53.01694 ], [ 13.83887, 53.01658 ], [ 13.83901, 53.0157 ], [ 13.83951, 53.01507 ], [ 13.83767, 53.0148 ], [ 13.83731, 53.01512 ], [ 13.83727, 53.01543 ], [ 13.83691, 53.01594 ], [ 13.83588, 53.01656 ], [ 13.83657, 53.01699 ], [ 13.83687, 53.0169 ], [ 13.83697, 53.01672 ], [ 13.83738, 53.01658 ] ] ] } },
{ "type": "Feature", "properties": { "boden": "100 % mittel, mäßig frisch (M2)" }, "geometry": { "type": "Polygon", "coordinates": [ [ [ 13.83886, 53.01818 ], [ 13.83871, 53.01815 ], [ 13.83858, 53.01798 ], [ 13.83823, 53.01809 ], [ 13.83768, 53.01817 ], [ 13.83747, 53.01816 ], [ 13.83755, 53.0183 ], [ 13.83748, 53.0184 ], [ 13.83727, 53.01845 ], [ 13.83725, 53.01847 ], [ 13.83743, 53.01843 ], [ 13.83773, 53.01844 ], [ 13.838, 53.01858 ], [ 13.83821, 53.01857 ], [ 13.83847, 53.0184 ], [ 13.83867, 53.01834 ], [ 13.83878, 53.01822 ], [ 13.83906, 53.01813 ], [ 13.83886, 53.01818 ] ] ] } },
{ "type": "Feature", "properties": { "boden": "100 % mittel, mäßig frisch (M2)" }, "geometry": { "type": "Polygon", "coordinates": [ [ [ 13.8372, 53.01855 ], [ 13.83727, 53.01845 ], [ 13.83748, 53.0184 ], [ 13.83755, 53.0183 ], [ 13.83747, 53.01816 ], [ 13.83719, 53.01813 ], [ 13.83705, 53.01823 ], [ 13.83704, 53.0183 ], [ 13.83689, 53.01831 ], [ 13.83677, 53.01838 ], [ 13.83675, 53.01848 ], [ 13.83685, 53.01857 ], [ 13.837, 53.01861 ], [ 13.8372, 53.01855 ] ] ] } },
{ "type": "Feature", "properties": { "boden": "100 % kräftig, mäßig frisch (K2)" }, "geometry": { "type": "Polygon", "coordinates": [ [ [ 13.88153, 52.97674 ], [ 13.88096, 52.97662 ], [ 13.87947, 52.97567 ], [ 13.87884, 52.97536 ], [ 13.87913, 52.97724 ], [ 13.88022, 52.97744 ], [ 13.88091, 52.97736 ], [ 13.8812, 52.97728 ], [ 13.88157, 52.97709 ], [ 13.88199, 52.97675 ], [ 13.88153, 52.97674 ] ] ] } },
{ "type": "Feature", "properties": { "boden": "100 % reich, mäßig frisch (R2)" }, "geometry": { "type": "Polygon", "coordinates": [ [ [ 13.88718, 52.97485 ], [ 13.8883, 52.97471 ], [ 13.89097, 52.97442 ], [ 13.88709, 52.97438 ], [ 13.88718, 52.97485 ] ] ] } },
{ "type": "Feature", "properties": { "boden": "100 % kräftig, frisch (K1)" }, "geometry": { "type": "Polygon", "coordinates": [ [ [ 13.86168, 53.04391 ], [ 13.86131, 53.04461 ], [ 13.8613, 53.04488 ], [ 13.86184, 53.04458 ], [ 13.86168, 53.04391 ] ] ] } },
{ "type": "Feature", "properties": { "boden": "100 % mittel, frisch (M1)" }, "geometry": { "type": "Polygon", "coordinates": [ [ [ 13.8648, 53.05099 ], [ 13.86462, 53.05058 ], [ 13.86426, 53.05054 ], [ 13.86424, 53.0505 ], [ 13.86427, 53.05034 ], [ 13.86446, 53.05023 ], [ 13.86436, 53.05002 ], [ 13.86424, 53.05005 ], [ 13.86414, 53.05019 ], [ 13.86401, 53.05017 ], [ 13.86394, 53.05009 ], [ 13.86363, 53.05003 ], [ 13.86341, 53.05005 ], [ 13.86318, 53.05015 ], [ 13.86295, 53.05018 ], [ 13.86217, 53.05009 ], [ 13.8621, 53.05001 ], [ 13.86338, 53.04958 ], [ 13.86377, 53.0495 ], [ 13.86412, 53.04949 ], [ 13.86384, 53.04889 ], [ 13.86559, 53.0483 ], [ 13.86447, 53.04837 ], [ 13.86322, 53.04897 ], [ 13.86277, 53.04802 ], [ 13.86198, 53.04797 ], [ 13.86149, 53.04805 ], [ 13.86133, 53.04828 ], [ 13.86187, 53.04924 ], [ 13.86114, 53.04946 ], [ 13.86046, 53.04975 ], [ 13.85952, 53.05005 ], [ 13.85921, 53.05011 ], [ 13.85868, 53.05013 ], [ 13.8587, 53.05061 ], [ 13.86045, 53.05105 ], [ 13.8623, 53.05109 ], [ 13.86375, 53.05123 ], [ 13.8648, 53.05099 ] ] ] } },
{ "type": "Feature", "properties": { "boden": "100 % mittel, frisch (M1)" }, "geometry": { "type": "Polygon", "coordinates": [ [ [ 13.86436, 53.05002 ], [ 13.8641, 53.04949 ], [ 13.86377, 53.0495 ], [ 13.86338, 53.04958 ], [ 13.86219, 53.04997 ], [ 13.86209, 53.05006 ], [ 13.86266, 53.05017 ], [ 13.86295, 53.05018 ], [ 13.86318, 53.05015 ], [ 13.86341, 53.05005 ], [ 13.86363, 53.05003 ], [ 13.86394, 53.05009 ], [ 13.86401, 53.05017 ], [ 13.86414, 53.05019 ], [ 13.86424, 53.05005 ], [ 13.86436, 53.05002 ] ] ] } },
{ "type": "Feature", "properties": { "boden": "100 % mittel, frisch (M1)" }, "geometry": { "type": "Polygon", "coordinates": [ [ [ 13.86446, 53.05023 ], [ 13.86427, 53.05034 ], [ 13.86426, 53.05054 ], [ 13.86462, 53.05058 ], [ 13.86446, 53.05023 ] ] ] } },
{ "type": "Feature", "properties": { "boden": "100 % mittel, mäßig frisch (M2)" }, "geometry": { "type": "Polygon", "coordinates": [ [ [ 13.86417, 53.05114 ], [ 13.86433, 53.05134 ], [ 13.8651, 53.05163 ], [ 13.8648, 53.05099 ], [ 13.86417, 53.05114 ] ] ] } },
{ "type": "Feature", "properties": { "boden": "100 % mittel, trocken (vermutet) (M3)" }, "geometry": { "type": "Polygon", "coordinates": [ [ [ 13.86087, 53.05117 ], [ 13.86067, 53.05122 ], [ 13.86053, 53.05132 ], [ 13.86061, 53.05145 ], [ 13.86086, 53.05163 ], [ 13.86097, 53.05165 ], [ 13.86119, 53.05155 ], [ 13.86203, 53.05144 ], [ 13.86182, 53.05131 ], [ 13.86087, 53.05117 ] ] ] } },
{ "type": "Feature", "properties": { "boden": "100 % reich, nass (NR2)" }, "geometry": { "type": "Polygon", "coordinates": [ [ [ 13.81522, 53.00041 ], [ 13.8149, 53.00004 ], [ 13.81482, 52.99919 ], [ 13.81546, 52.99932 ], [ 13.81558, 52.99929 ], [ 13.81562, 52.9992 ], [ 13.81549, 52.99906 ], [ 13.81549, 52.99896 ], [ 13.81613, 52.9987 ], [ 13.81583, 52.99872 ], [ 13.81542, 52.99855 ], [ 13.81479, 52.99886 ], [ 13.81441, 52.99888 ], [ 13.81416, 52.99879 ], [ 13.81399, 52.99864 ], [ 13.81397, 52.99828 ], [ 13.81358, 52.99803 ], [ 13.81332, 52.99793 ], [ 13.81299, 52.99794 ], [ 13.8129, 52.99805 ], [ 13.81293, 52.99839 ], [ 13.81324, 52.99882 ], [ 13.81401, 52.99911 ], [ 13.81428, 52.99911 ], [ 13.81443, 52.99923 ], [ 13.81437, 52.99937 ], [ 13.81414, 52.99943 ], [ 13.8139, 52.99938 ], [ 13.81336, 52.99985 ], [ 13.81346, 52.99997 ], [ 13.81369, 53.00004 ], [ 13.81378, 53.00014 ], [ 13.81378, 53.00034 ], [ 13.8139, 53.0005 ], [ 13.81405, 53.00061 ], [ 13.81437, 53.00071 ], [ 13.81444, 53.00051 ], [ 13.81456, 53.0004 ], [ 13.81483, 53.0004 ], [ 13.81498, 53.00053 ], [ 13.81495, 53.00064 ], [ 13.81522, 53.00041 ] ] ] } },
{ "type": "Feature", "properties": { "boden": "50 % ziemlich arm, mäßig frisch (Z2) · 50 % mittel, frisch (M1)" }, "geometry": { "type": "Polygon", "coordinates": [ [ [ 13.80995, 52.9997 ], [ 13.80989, 52.9994 ], [ 13.80877, 52.99934 ], [ 13.80793, 52.99924 ], [ 13.80792, 52.99969 ], [ 13.80932, 52.99963 ], [ 13.80995, 52.9997 ] ] ] } },
{ "type": "Feature", "properties": { "boden": "100 % reich, frisch (R1)" }, "geometry": { "type": "Polygon", "coordinates": [ [ [ 13.81139, 52.99987 ], [ 13.81141, 52.99968 ], [ 13.81126, 52.99956 ], [ 13.81099, 52.99956 ], [ 13.81087, 52.99967 ], [ 13.81086, 52.99981 ], [ 13.81139, 52.99987 ] ] ] } },
{ "type": "Feature", "properties": { "boden": "100 % ziemlich arm, trocken (vermutet) (Z3)" }, "geometry": { "type": "Polygon", "coordinates": [ [ [ 13.8113, 53.00004 ], [ 13.81068, 53.00002 ], [ 13.81039, 52.99993 ], [ 13.80971, 52.99982 ], [ 13.80926, 52.9998 ], [ 13.8087, 52.99985 ], [ 13.80792, 52.99971 ], [ 13.80791, 53.00006 ], [ 13.80841, 52.99996 ], [ 13.80872, 52.99995 ], [ 13.80932, 53.00011 ], [ 13.81074, 53.0003 ], [ 13.81188, 53.00068 ], [ 13.81208, 53.00072 ], [ 13.81222, 53.00071 ], [ 13.81229, 53.00067 ], [ 13.81227, 53.00053 ], [ 13.81174, 53.00015 ], [ 13.8113, 53.00004 ] ] ] } },
{ "type": "Feature", "properties": { "boden": "100 % ziemlich arm, mäßig frisch (Z2)" }, "geometry": { "type": "Polygon", "coordinates": [ [ [ 13.80798, 53.00022 ], [ 13.80792, 53.0004 ], [ 13.80808, 53.00044 ], [ 13.80889, 53.00035 ], [ 13.80927, 53.00037 ], [ 13.80969, 53.00042 ], [ 13.81032, 53.0006 ], [ 13.81033, 53.00057 ], [ 13.81025, 53.00045 ], [ 13.81005, 53.00035 ], [ 13.80956, 53.0003 ], [ 13.80908, 53.00018 ], [ 13.80815, 53.00015 ], [ 13.80798, 53.00022 ] ] ] } },
{ "type": "Feature", "properties": { "boden": "100 % ziemlich arm, mäßig frisch (Z+2g)" }, "geometry": { "type": "Polygon", "coordinates": [ [ [ 13.81027, 53.00058 ], [ 13.80969, 53.00042 ], [ 13.80927, 53.00037 ], [ 13.80889, 53.00035 ], [ 13.80853, 53.00038 ], [ 13.80824, 53.00045 ], [ 13.80801, 53.00065 ], [ 13.80799, 53.00089 ], [ 13.80821, 53.00126 ], [ 13.80844, 53.00145 ], [ 13.80887, 53.00154 ], [ 13.81021, 53.00174 ], [ 13.81055, 53.00172 ], [ 13.81098, 53.00153 ], [ 13.81102, 53.00113 ], [ 13.81097, 53.00101 ], [ 13.81069, 53.00077 ], [ 13.81027, 53.00058 ] ] ] } },
{ "type": "Feature", "properties": { "boden": "100 % mittel, mäßig frisch (M2)" }, "geometry": { "type": "MultiPolygon", "coordinates": [ [ [ [ 13.80844, 53.0021 ], [ 13.80962, 53.0018 ], [ 13.81021, 53.00174 ], [ 13.80844, 53.00145 ], [ 13.80821, 53.00126 ], [ 13.80799, 53.00089 ], [ 13.80801, 53.00065 ], [ 13.8081, 53.00054 ], [ 13.80836, 53.00043 ], [ 13.80798, 53.00043 ], [ 13.8079, 53.00037 ], [ 13.80785, 53.00213 ], [ 13.80799, 53.00206 ], [ 13.80844, 53.0021 ] ] ], [ [ [ 13.80791, 53.00032 ], [ 13.8079, 53.00032 ], [ 13.8079, 53.00035 ], [ 13.80791, 53.00032 ] ] ] ] } },
{ "type": "Feature", "properties": { "boden": "50 % kräftig, mäßig frisch (K2) · 50 % kräftig, mäßig frisch (K2)" }, "geometry": { "type": "Polygon", "coordinates": [ [ [ 13.81952, 53.00162 ], [ 13.81925, 53.00162 ], [ 13.81913, 53.00173 ], [ 13.81917, 53.00188 ], [ 13.81938, 53.00194 ], [ 13.81961, 53.00188 ], [ 13.81967, 53.00174 ], [ 13.81952, 53.00162 ] ] ] } },
{ "type": "Feature", "properties": { "boden": "100 % kräftig, nass (NK2)" }, "geometry": { "type": "Polygon", "coordinates": [ [ [ 13.82283, 53.00164 ], [ 13.82246, 53.00171 ], [ 13.82232, 53.0018 ], [ 13.82236, 53.00195 ], [ 13.82258, 53.00201 ], [ 13.82289, 53.00196 ], [ 13.82283, 53.00164 ] ] ] } },
{ "type": "Feature", "properties": { "boden": "100 % kräftig, nass (NK2)" }, "geometry": { "type": "Polygon", "coordinates": [ [ [ 13.82145, 53.0018 ], [ 13.82164, 53.00207 ], [ 13.82189, 53.00199 ], [ 13.82195, 53.00186 ], [ 13.8218, 53.00173 ], [ 13.82153, 53.00173 ], [ 13.82145, 53.0018 ] ] ] } },
{ "type": "Feature", "properties": { "boden": "50 % kräftig, mäßig frisch (K2) · 50 % kräftig, mäßig frisch (K2)" }, "geometry": { "type": "Polygon", "coordinates": [ [ [ 13.8211, 53.00194 ], [ 13.82083, 53.00194 ], [ 13.82071, 53.00205 ], [ 13.82074, 53.0022 ], [ 13.82096, 53.00226 ], [ 13.82119, 53.00219 ], [ 13.82125, 53.00206 ], [ 13.8211, 53.00194 ] ] ] } },
{ "type": "Feature", "properties": { "boden": "100 % reich, nass (NR2)" }, "geometry": { "type": "Polygon", "coordinates": [ [ [ 13.81472, 53.00187 ], [ 13.81445, 53.00187 ], [ 13.81433, 53.00198 ], [ 13.8144, 53.00222 ], [ 13.81491, 53.00198 ], [ 13.81472, 53.00187 ] ] ] } },
{ "type": "Feature", "properties": { "boden": "100 % kräftig, nass (NK2)" }, "geometry": { "type": "Polygon", "coordinates": [ [ [ 13.82159, 53.00289 ], [ 13.82171, 53.00278 ], [ 13.82199, 53.00278 ], [ 13.82213, 53.00292 ], [ 13.82219, 53.00289 ], [ 13.82257, 53.00247 ], [ 13.82293, 53.00225 ], [ 13.82289, 53.00196 ], [ 13.82258, 53.00201 ], [ 13.82236, 53.00195 ], [ 13.82232, 53.0018 ], [ 13.82246, 53.00171 ], [ 13.82283, 53.00164 ], [ 13.82258, 53.00152 ], [ 13.82239, 53.00163 ], [ 13.82191, 53.00168 ], [ 13.82157, 53.00151 ], [ 13.82122, 53.00144 ], [ 13.82119, 53.00158 ], [ 13.82145, 53.0018 ], [ 13.82153, 53.00173 ], [ 13.8218, 53.00173 ], [ 13.82195, 53.00186 ], [ 13.82189, 53.00199 ], [ 13.82164, 53.00207 ], [ 13.82161, 53.00226 ], [ 13.82174, 53.00223 ], [ 13.82189, 53.00235 ], [ 13.82183, 53.00248 ], [ 13.8216, 53.00255 ], [ 13.82138, 53.00249 ], [ 13.82132, 53.00238 ], [ 13.82083, 53.0026 ], [ 13.82056, 53.00265 ], [ 13.82077, 53.00279 ], [ 13.82071, 53.00292 ], [ 13.82048, 53.00299 ], [ 13.82026, 53.00293 ], [ 13.82018, 53.00269 ], [ 13.81976, 53.0028 ], [ 13.81969, 53.00296 ], [ 13.81986, 53.00316 ], [ 13.82044, 53.00307 ], [ 13.82164, 53.00306 ], [ 13.82159, 53.00289 ] ] ] } },
{ "type": "Feature", "properties": { "boden": "50 % kräftig, mäßig frisch (K2) · 50 % kräftig, mäßig frisch (K2)" }, "geometry": { "type": "Polygon", "coordinates": [ [ [ 13.81686, 53.00212 ], [ 13.81658, 53.00212 ], [ 13.81646, 53.00223 ], [ 13.8165, 53.00237 ], [ 13.81672, 53.00244 ], [ 13.81695, 53.00237 ], [ 13.81701, 53.00224 ], [ 13.81686, 53.00212 ] ] ] } },
{ "type": "Feature", "properties": { "boden": "100 % kräftig, nass (NK2)" }, "geometry": { "type": "Polygon", "coordinates": [ [ [ 13.82132, 53.00238 ], [ 13.82138, 53.00249 ], [ 13.8216, 53.00255 ], [ 13.82183, 53.00248 ], [ 13.82189, 53.00235 ], [ 13.82174, 53.00223 ], [ 13.82132, 53.00238 ] ] ] } },
{ "type": "Feature", "properties": { "boden": "100 % ziemlich arm, trocken (vermutet) (Z3)" }, "geometry": { "type": "Polygon", "coordinates": [ [ [ 13.82298, 53.00273 ], [ 13.82289, 53.00264 ], [ 13.82271, 53.00266 ], [ 13.82263, 53.00278 ], [ 13.82272, 53.00292 ], [ 13.82295, 53.00294 ], [ 13.82298, 53.00273 ] ] ] } },
{ "type": "Feature", "properties": { "boden": "100 % kräftig, nass (NK2)" }, "geometry": { "type": "Polygon", "coordinates": [ [ [ 13.82056, 53.00265 ], [ 13.82018, 53.00269 ], [ 13.82026, 53.00293 ], [ 13.82048, 53.00299 ], [ 13.82071, 53.00292 ], [ 13.82077, 53.00279 ], [ 13.82056, 53.00265 ] ] ] } },
{ "type": "Feature", "properties": { "boden": "100 % ziemlich arm, mäßig frisch (Z2)" }, "geometry": { "type": "Polygon", "coordinates": [ [ [ 13.81224, 53.00126 ], [ 13.81212, 53.00137 ], [ 13.81215, 53.00152 ], [ 13.81229, 53.00156 ], [ 13.81233, 53.00139 ], [ 13.81224, 53.00126 ] ] ] } },
{ "type": "Feature", "properties": { "boden": "100 % ziemlich arm, trocken (vermutet) (Z3)" }, "geometry": { "type": "Polygon", "coordinates": [ [ [ 13.81233, 53.00139 ], [ 13.81229, 53.00156 ], [ 13.81237, 53.00158 ], [ 13.8126, 53.00152 ], [ 13.81266, 53.00138 ], [ 13.81251, 53.00126 ], [ 13.81224, 53.00126 ], [ 13.81233, 53.00139 ] ] ] } },
{ "type": "Feature", "properties": { "boden": "100 % ziemlich arm, trocken (vermutet) (Z3)" }, "geometry": { "type": "Polygon", "coordinates": [ [ [ 13.81251, 53.00126 ], [ 13.81266, 53.00138 ], [ 13.8126, 53.00152 ], [ 13.81237, 53.00158 ], [ 13.81229, 53.00156 ], [ 13.81222, 53.0021 ], [ 13.81184, 53.00253 ], [ 13.81132, 53.00265 ], [ 13.80987, 53.00288 ], [ 13.80956, 53.00299 ], [ 13.80951, 53.00308 ], [ 13.8096, 53.00312 ], [ 13.80997, 53.00314 ], [ 13.81115, 53.00295 ], [ 13.81175, 53.00273 ], [ 13.81268, 53.00224 ], [ 13.81286, 53.00211 ], [ 13.81306, 53.00183 ], [ 13.81306, 53.00153 ], [ 13.81292, 53.00116 ], [ 13.81256, 53.0011 ], [ 13.81231, 53.00113 ], [ 13.81222, 53.00119 ], [ 13.81224, 53.00126 ], [ 13.81251, 53.00126 ] ] ] } },
{ "type": "Feature", "properties": { "boden": "100 % ziemlich arm, mäßig frisch (Z2)" }, "geometry": { "type": "Polygon", "coordinates": [ [ [ 13.81228, 53.00308 ], [ 13.8122, 53.00299 ], [ 13.81315, 53.00247 ], [ 13.81359, 53.00207 ], [ 13.8137, 53.00172 ], [ 13.8135, 53.00119 ], [ 13.81355, 53.00106 ], [ 13.81345, 53.00102 ], [ 13.81339, 53.00107 ], [ 13.81336, 53.0016 ], [ 13.8132, 53.00194 ], [ 13.81305, 53.00212 ], [ 13.81233, 53.00264 ], [ 13.81172, 53.00293 ], [ 13.81131, 53.00305 ], [ 13.80989, 53.00325 ], [ 13.80887, 53.00347 ], [ 13.80886, 53.00352 ], [ 13.80983, 53.00336 ], [ 13.81032, 53.00359 ], [ 13.81113, 53.00346 ], [ 13.81192, 53.00327 ], [ 13.81225, 53.00324 ], [ 13.81228, 53.00308 ] ] ] } },
{ "type": "Feature", "properties": { "boden": "50 % ziemlich arm, mäßig frisch (Z2) · 50 % ziemlich arm, mäßig frisch (Z2g)" }, "geometry": { "type": "Polygon", "coordinates": [ [ [ 13.80886, 53.00352 ], [ 13.80904, 53.00275 ], [ 13.80898, 53.0025 ], [ 13.80844, 53.0021 ], [ 13.80799, 53.00206 ], [ 13.80785, 53.00213 ], [ 13.80781, 53.00371 ], [ 13.80886, 53.00352 ] ] ] } },
{ "type": "Feature", "properties": { "boden": "100 % reich, nass (NR2)" }, "geometry": { "type": "Polygon", "coordinates": [ [ [ 13.81291, 53.00501 ], [ 13.81342, 53.00465 ], [ 13.81371, 53.00413 ], [ 13.81379, 53.00334 ], [ 13.81357, 53.00261 ], [ 13.81414, 53.00229 ], [ 13.8144, 53.00222 ], [ 13.81433, 53.00198 ], [ 13.81445, 53.00187 ], [ 13.81472, 53.00187 ], [ 13.81491, 53.00198 ], [ 13.815, 53.00191 ], [ 13.815, 53.00168 ], [ 13.8141, 53.00158 ], [ 13.8137, 53.00172 ], [ 13.81359, 53.00207 ], [ 13.81315, 53.00247 ], [ 13.81272, 53.0027 ], [ 13.81302, 53.00277 ], [ 13.81323, 53.00288 ], [ 13.81331, 53.00303 ], [ 13.8132, 53.00375 ], [ 13.81303, 53.004 ], [ 13.81268, 53.00424 ], [ 13.81218, 53.00439 ], [ 13.81183, 53.00439 ], [ 13.81149, 53.00433 ], [ 13.81117, 53.00417 ], [ 13.81163, 53.00471 ], [ 13.81167, 53.00491 ], [ 13.81184, 53.00503 ], [ 13.81226, 53.00512 ], [ 13.81291, 53.00501 ] ] ] } },
{ "type": "Feature", "properties": { "boden": "100 % ziemlich arm, mäßig frisch (Z2)" }, "geometry": { "type": "Polygon", "coordinates": [ [ [ 13.81192, 53.00327 ], [ 13.81113, 53.00346 ], [ 13.81032, 53.00359 ], [ 13.8104, 53.00365 ], [ 13.81196, 53.00362 ], [ 13.81222, 53.00343 ], [ 13.81225, 53.00324 ], [ 13.81192, 53.00327 ] ] ] } },
{ "type": "Feature", "properties": { "boden": "100 % kräftig, nass (OK2)" }, "geometry": { "type": "Polygon", "coordinates": [ [ [ 13.80954, 53.0036 ], [ 13.80927, 53.0036 ], [ 13.80914, 53.00371 ], [ 13.80918, 53.00386 ], [ 13.8094, 53.00392 ], [ 13.80963, 53.00386 ], [ 13.80969, 53.00373 ], [ 13.80954, 53.0036 ] ] ] } },
{ "type": "Feature", "properties": { "boden": "70 % kräftig, mäßig frisch (K2) · 30 % reich, mäßig frisch (R2)" }, "geometry": { "type": "Polygon", "coordinates": [ [ [ 13.81117, 53.00417 ], [ 13.81089, 53.00413 ], [ 13.8108, 53.00421 ], [ 13.81083, 53.00436 ], [ 13.81105, 53.00443 ], [ 13.81128, 53.00436 ], [ 13.81117, 53.00417 ] ] ] } },
{ "type": "Feature", "properties": { "boden": "100 % kräftig, nass (NK2)" }, "geometry": { "type": "Polygon", "coordinates": [ [ [ 13.82199, 53.00278 ], [ 13.82171, 53.00278 ], [ 13.82159, 53.00289 ], [ 13.82164, 53.00306 ], [ 13.82186, 53.00304 ], [ 13.82213, 53.00292 ], [ 13.82199, 53.00278 ] ] ] } },
{ "type": "Feature", "properties": { "boden": "100 % ziemlich arm, mäßig frisch (Z2)" }, "geometry": { "type": "Polygon", "coordinates": [ [ [ 13.82314, 53.00317 ], [ 13.82288, 53.00326 ], [ 13.82276, 53.00337 ], [ 13.8228, 53.00352 ], [ 13.82302, 53.00358 ], [ 13.82327, 53.00346 ], [ 13.82314, 53.00317 ] ] ] } },
{ "type": "Feature", "properties": { "boden": "100 % ziemlich arm, mäßig frisch (Z2)" }, "geometry": { "type": "Polygon", "coordinates": [ [ [ 13.8196, 53.00332 ], [ 13.81951, 53.00346 ], [ 13.8197, 53.00351 ], [ 13.81993, 53.00345 ], [ 13.81999, 53.00332 ], [ 13.81985, 53.00319 ], [ 13.8196, 53.00332 ] ] ] } },
{ "type": "Feature", "properties": { "boden": "100 % ziemlich arm, mäßig frisch (Z2)" }, "geometry": { "type": "Polygon", "coordinates": [ [ [ 13.82111, 53.00357 ], [ 13.82083, 53.00357 ], [ 13.82071, 53.00368 ], [ 13.82075, 53.00383 ], [ 13.82096, 53.00389 ], [ 13.82119, 53.00382 ], [ 13.82125, 53.00369 ], [ 13.82111, 53.00357 ] ] ] } },
{ "type": "Feature", "properties": { "boden": "100 % ziemlich arm, mäßig frisch (Z2)" }, "geometry": { "type": "Polygon", "coordinates": [ [ [ 13.8228, 53.00374 ], [ 13.82253, 53.00373 ], [ 13.82241, 53.00385 ], [ 13.82245, 53.00399 ], [ 13.82266, 53.00406 ], [ 13.82289, 53.00399 ], [ 13.82295, 53.00386 ], [ 13.8228, 53.00374 ] ] ] } },
{ "type": "Feature", "properties": { "boden": "50 % kräftig, mäßig frisch (K2) · 50 % kräftig, mäßig frisch (K2)" }, "geometry": { "type": "Polygon", "coordinates": [ [ [ 13.81918, 53.00374 ], [ 13.8189, 53.00374 ], [ 13.81878, 53.00385 ], [ 13.81882, 53.004 ], [ 13.81903, 53.00406 ], [ 13.81921, 53.00401 ], [ 13.81932, 53.00386 ], [ 13.81918, 53.00374 ] ] ] } },
{ "type": "Feature", "properties": { "boden": "100 % ziemlich arm, mäßig frisch (Z2)" }, "geometry": { "type": "Polygon", "coordinates": [ [ [ 13.82331, 53.00563 ], [ 13.82358, 53.0056 ], [ 13.8238, 53.00552 ], [ 13.82327, 53.00346 ], [ 13.82302, 53.00358 ], [ 13.8228, 53.00352 ], [ 13.82276, 53.00337 ], [ 13.82288, 53.00326 ], [ 13.82314, 53.00317 ], [ 13.82299, 53.00278 ], [ 13.82291, 53.00296 ], [ 13.82272, 53.00292 ], [ 13.82263, 53.00284 ], [ 13.82271, 53.00266 ], [ 13.82289, 53.00264 ], [ 13.82298, 53.00273 ], [ 13.82302, 53.00258 ], [ 13.82293, 53.00225 ], [ 13.82257, 53.00247 ], [ 13.82219, 53.00289 ], [ 13.82186, 53.00304 ], [ 13.82142, 53.00309 ], [ 13.82044, 53.00307 ], [ 13.81981, 53.00319 ], [ 13.81999, 53.00332 ], [ 13.81993, 53.00345 ], [ 13.8197, 53.00351 ], [ 13.81951, 53.00346 ], [ 13.81952, 53.0036 ], [ 13.81969, 53.00398 ], [ 13.82014, 53.00416 ], [ 13.8201, 53.00441 ], [ 13.81954, 53.0046 ], [ 13.82001, 53.00458 ], [ 13.82016, 53.0047 ], [ 13.8201, 53.00483 ], [ 13.81983, 53.00495 ], [ 13.82004, 53.00505 ], [ 13.82032, 53.00505 ], [ 13.82059, 53.00488 ], [ 13.82074, 53.00455 ], [ 13.82147, 53.00439 ], [ 13.82157, 53.00428 ], [ 13.82222, 53.00434 ], [ 13.82236, 53.00446 ], [ 13.82257, 53.00437 ], [ 13.82279, 53.00452 ], [ 13.82262, 53.00477 ], [ 13.82283, 53.00506 ], [ 13.82263, 53.00518 ], [ 13.82226, 53.00563 ], [ 13.8225, 53.0056 ], [ 13.82331, 53.00563 ] ], [ [ 13.82333, 53.00452 ], [ 13.8231, 53.00458 ], [ 13.82289, 53.00452 ], [ 13.82285, 53.00437 ], [ 13.82297, 53.00426 ], [ 13.82325, 53.00426 ], [ 13.82339, 53.00439 ], [ 13.82333, 53.00452 ] ], [ [ 13.82289, 53.00399 ], [ 13.82266, 53.00406 ], [ 13.82245, 53.00399 ], [ 13.82241, 53.00385 ], [ 13.82253, 53.00373 ], [ 13.8228, 53.00374 ], [ 13.82295, 53.00386 ], [ 13.82289, 53.00399 ] ], [ [ 13.82119, 53.00382 ], [ 13.82096, 53.00389 ], [ 13.82075, 53.00383 ], [ 13.82071, 53.00368 ], [ 13.82083, 53.00357 ], [ 13.82111, 53.00357 ], [ 13.82125, 53.00369 ], [ 13.82119, 53.00382 ] ] ] } },
{ "type": "Feature", "properties": { "boden": "100 % ziemlich arm, mäßig frisch (Z2)" }, "geometry": { "type": "Polygon", "coordinates": [ [ [ 13.82325, 53.00426 ], [ 13.82297, 53.00426 ], [ 13.82285, 53.00437 ], [ 13.82289, 53.00452 ], [ 13.8231, 53.00458 ], [ 13.82333, 53.00452 ], [ 13.82339, 53.00439 ], [ 13.82325, 53.00426 ] ] ] } },
{ "type": "Feature", "properties": { "boden": "50 % kräftig, mäßig frisch (K2) · 50 % kräftig, mäßig frisch (K2)" }, "geometry": { "type": "Polygon", "coordinates": [ [ [ 13.81613, 53.00977 ], [ 13.81607, 53.0096 ], [ 13.81687, 53.00817 ], [ 13.8168, 53.00799 ], [ 13.81681, 53.00764 ], [ 13.81661, 53.00772 ], [ 13.81639, 53.00766 ], [ 13.81636, 53.00751 ], [ 13.81648, 53.0074 ], [ 13.81675, 53.0074 ], [ 13.81681, 53.00746 ], [ 13.81681, 53.00722 ], [ 13.8166, 53.00691 ], [ 13.81672, 53.00671 ], [ 13.81785, 53.00637 ], [ 13.81911, 53.00612 ], [ 13.81931, 53.00592 ], [ 13.8192, 53.00566 ], [ 13.81896, 53.00555 ], [ 13.81813, 53.00549 ], [ 13.81809, 53.00529 ], [ 13.81821, 53.00489 ], [ 13.81856, 53.00468 ], [ 13.8188, 53.00466 ], [ 13.81896, 53.00454 ], [ 13.81944, 53.00388 ], [ 13.81969, 53.00398 ], [ 13.81951, 53.00346 ], [ 13.8196, 53.00332 ], [ 13.81986, 53.00316 ], [ 13.81969, 53.00296 ], [ 13.81976, 53.0028 ], [ 13.82001, 53.00272 ], [ 13.82083, 53.0026 ], [ 13.82161, 53.00226 ], [ 13.82166, 53.00211 ], [ 13.82158, 53.00193 ], [ 13.82119, 53.00158 ], [ 13.82122, 53.00144 ], [ 13.82157, 53.00151 ], [ 13.82191, 53.00168 ], [ 13.82239, 53.00163 ], [ 13.82258, 53.00152 ], [ 13.82198, 53.00147 ], [ 13.82206, 53.0013 ], [ 13.82259, 53.00129 ], [ 13.8227, 53.00099 ], [ 13.82247, 52.99913 ], [ 13.82217, 52.99916 ], [ 13.82184, 52.99928 ], [ 13.82076, 52.9999 ], [ 13.82041, 53.00005 ], [ 13.82007, 53.00009 ], [ 13.81967, 53.00009 ], [ 13.81933, 53.00003 ], [ 13.81841, 52.99961 ], [ 13.81783, 52.9994 ], [ 13.81733, 52.99933 ], [ 13.81649, 52.99938 ], [ 13.81613, 52.99948 ], [ 13.81576, 52.99966 ], [ 13.81535, 53.00029 ], [ 13.81495, 53.00064 ], [ 13.81488, 53.00079 ], [ 13.81409, 53.00135 ], [ 13.8141, 53.00158 ], [ 13.815, 53.00168 ], [ 13.815, 53.00191 ], [ 13.81482, 53.00204 ], [ 13.81414, 53.00229 ], [ 13.81357, 53.00261 ], [ 13.81379, 53.00334 ], [ 13.81371, 53.00413 ], [ 13.81342, 53.00465 ], [ 13.81291, 53.00501 ], [ 13.81297, 53.00513 ], [ 13.81398, 53.00546 ], [ 13.81406, 53.00556 ], [ 13.81382, 53.00614 ], [ 13.81382, 53.00633 ], [ 13.8141, 53.0068 ], [ 13.81407, 53.00696 ], [ 13.81371, 53.00739 ], [ 13.81385, 53.00779 ], [ 13.81419, 53.00786 ], [ 13.81394, 53.00808 ], [ 13.81335, 53.00846 ], [ 13.81373, 53.00866 ], [ 13.81419, 53.00901 ], [ 13.81448, 53.00912 ], [ 13.81491, 53.00918 ], [ 13.81544, 53.00937 ], [ 13.81582, 53.00979 ], [ 13.81613, 53.00977 ] ], [ [ 13.81508, 53.00865 ], [ 13.81513, 53.00878 ], [ 13.81506, 53.0089 ], [ 13.81487, 53.00896 ], [ 13.81472, 53.00893 ], [ 13.81467, 53.00869 ], [ 13.81495, 53.0086 ], [ 13.81508, 53.00865 ] ], [ [ 13.81592, 53.00767 ], [ 13.81597, 53.0078 ], [ 13.81587, 53.00806 ], [ 13.81565, 53.0082 ], [ 13.81548, 53.00823 ], [ 13.81531, 53.0082 ], [ 13.81521, 53.00798 ], [ 13.81533, 53.00774 ], [ 13.81562, 53.00763 ], [ 13.81592, 53.00767 ] ], [ [ 13.81783, 53.00572 ], [ 13.8176, 53.00578 ], [ 13.81738, 53.00572 ], [ 13.81735, 53.00557 ], [ 13.81747, 53.00546 ], [ 13.81774, 53.00546 ], [ 13.81789, 53.00558 ], [ 13.81783, 53.00572 ] ], [ [ 13.81539, 53.0043 ], [ 13.81557, 53.0045 ], [ 13.81555, 53.0046 ], [ 13.81524, 53.00474 ], [ 13.81487, 53.00474 ], [ 13.81469, 53.00459 ], [ 13.81472, 53.0044 ], [ 13.81491, 53.00431 ], [ 13.81519, 53.00427 ], [ 13.81539, 53.0043 ] ], [ [ 13.81836, 53.00468 ], [ 13.81812, 53.00477 ], [ 13.8179, 53.0047 ], [ 13.81787, 53.00456 ], [ 13.81799, 53.00444 ], [ 13.81826, 53.00445 ], [ 13.81841, 53.00457 ], [ 13.81836, 53.00468 ] ], [ [ 13.81921, 53.00401 ], [ 13.81903, 53.00406 ], [ 13.81882, 53.004 ], [ 13.81878, 53.00385 ], [ 13.8189, 53.00374 ], [ 13.81918, 53.00374 ], [ 13.81932, 53.00386 ], [ 13.81921, 53.00401 ] ], [ [ 13.81695, 53.00237 ], [ 13.81672, 53.00244 ], [ 13.8165, 53.00237 ], [ 13.81646, 53.00223 ], [ 13.81658, 53.00212 ], [ 13.81686, 53.00212 ], [ 13.81701, 53.00224 ], [ 13.81695, 53.00237 ] ], [ [ 13.82119, 53.00219 ], [ 13.82096, 53.00226 ], [ 13.82074, 53.0022 ], [ 13.82071, 53.00205 ], [ 13.82083, 53.00194 ], [ 13.8211, 53.00194 ], [ 13.82125, 53.00206 ], [ 13.82119, 53.00219 ] ], [ [ 13.81961, 53.00188 ], [ 13.81938, 53.00194 ], [ 13.81917, 53.00188 ], [ 13.81913, 53.00173 ], [ 13.81925, 53.00162 ], [ 13.81952, 53.00162 ], [ 13.81967, 53.00174 ], [ 13.81961, 53.00188 ] ], [ [ 13.81575, 53.00135 ], [ 13.81552, 53.00142 ], [ 13.81531, 53.00136 ], [ 13.81527, 53.00121 ], [ 13.81539, 53.0011 ], [ 13.81567, 53.0011 ], [ 13.81581, 53.00122 ], [ 13.81575, 53.00135 ] ], [ [ 13.82161, 53.00053 ], [ 13.82188, 53.00053 ], [ 13.82203, 53.00065 ], [ 13.82197, 53.00079 ], [ 13.82174, 53.00085 ], [ 13.82152, 53.00079 ], [ 13.82151, 53.00073 ], [ 13.82114, 53.00086 ], [ 13.82096, 53.00087 ], [ 13.82073, 53.00081 ], [ 13.82067, 53.00064 ], [ 13.82072, 53.0006 ], [ 13.82113, 53.00056 ], [ 13.8215, 53.00062 ], [ 13.82161, 53.00053 ] ] ] } },
{ "type": "Feature", "properties": { "boden": "50 % kräftig, trocken (vermutet) (K3) · 50 % kräftig, trocken (vermutet) (K3)" }, "geometry": { "type": "Polygon", "coordinates": [ [ [ 13.81519, 53.00427 ], [ 13.8148, 53.00435 ], [ 13.81468, 53.00446 ], [ 13.81476, 53.00468 ], [ 13.81501, 53.00476 ], [ 13.81543, 53.00468 ], [ 13.81557, 53.00455 ], [ 13.81552, 53.00439 ], [ 13.81539, 53.0043 ], [ 13.81519, 53.00427 ] ] ] } },
{ "type": "Feature", "properties": { "boden": "70 % kräftig, mäßig frisch (K2) · 30 % reich, mäßig frisch (R2)" }, "geometry": { "type": "Polygon", "coordinates": [ [ [ 13.81002, 53.00434 ], [ 13.81002, 53.00443 ], [ 13.81028, 53.00452 ], [ 13.81051, 53.00445 ], [ 13.81057, 53.00432 ], [ 13.81042, 53.0042 ], [ 13.81002, 53.00434 ] ] ] } },
{ "type": "Feature", "properties": { "boden": "100 % kräftig, nass (OK2)" }, "geometry": { "type": "Polygon", "coordinates": [ [ [ 13.80789, 53.00571 ], [ 13.80797, 53.00591 ], [ 13.80881, 53.0057 ], [ 13.80959, 53.00588 ], [ 13.81002, 53.00566 ], [ 13.81014, 53.0051 ], [ 13.80978, 53.00487 ], [ 13.80904, 53.00482 ], [ 13.8086, 53.00447 ], [ 13.80878, 53.00439 ], [ 13.81002, 53.00434 ], [ 13.81048, 53.00418 ], [ 13.81045, 53.00408 ], [ 13.81117, 53.00417 ], [ 13.81149, 53.00433 ], [ 13.81183, 53.00439 ], [ 13.81218, 53.00439 ], [ 13.81268, 53.00424 ], [ 13.81303, 53.004 ], [ 13.8132, 53.00375 ], [ 13.81331, 53.00303 ], [ 13.81323, 53.00288 ], [ 13.81302, 53.00277 ], [ 13.81272, 53.0027 ], [ 13.8122, 53.00299 ], [ 13.81228, 53.00308 ], [ 13.81222, 53.00343 ], [ 13.81196, 53.00362 ], [ 13.8104, 53.00365 ], [ 13.80983, 53.00336 ], [ 13.80781, 53.00371 ], [ 13.80776, 53.0056 ], [ 13.80789, 53.00571 ] ], [ [ 13.80963, 53.00386 ], [ 13.8094, 53.00392 ], [ 13.80918, 53.00386 ], [ 13.80914, 53.00371 ], [ 13.80927, 53.0036 ], [ 13.80954, 53.0036 ], [ 13.80969, 53.00373 ], [ 13.80963, 53.00386 ] ] ] } },
{ "type": "Feature", "properties": { "boden": "70 % kräftig, mäßig frisch (K2) · 30 % reich, mäßig frisch (R2)" }, "geometry": { "type": "Polygon", "coordinates": [ [ [ 13.809, 53.00438 ], [ 13.80899, 53.00457 ], [ 13.80921, 53.00464 ], [ 13.80944, 53.00457 ], [ 13.8095, 53.00444 ], [ 13.80941, 53.00437 ], [ 13.809, 53.00438 ] ] ] } },
{ "type": "Feature", "properties": { "boden": "70 % kräftig, mäßig frisch (K2) · 30 % reich, mäßig frisch (R2)" }, "geometry": { "type": "Polygon", "coordinates": [ [ [ 13.8111, 53.00488 ], [ 13.81082, 53.00488 ], [ 13.8107, 53.00499 ], [ 13.81074, 53.00513 ], [ 13.81096, 53.0052 ], [ 13.81118, 53.00513 ], [ 13.81125, 53.005 ], [ 13.8111, 53.00488 ] ] ] } },
{ "type": "Feature", "properties": { "boden": "100 % reich, nass (NR2w)" }, "geometry": { "type": "Polygon", "coordinates": [ [ [ 13.8136, 53.0055 ], [ 13.81333, 53.0055 ], [ 13.81321, 53.00561 ], [ 13.81325, 53.00576 ], [ 13.81346, 53.00582 ], [ 13.81369, 53.00576 ], [ 13.81375, 53.00563 ], [ 13.8136, 53.0055 ] ] ] } },
{ "type": "Feature", "properties": { "boden": "100 % reich, nass (NR2w)" }, "geometry": { "type": "Polygon", "coordinates": [ [ [ 13.81291, 53.00501 ], [ 13.81226, 53.00512 ], [ 13.812, 53.00509 ], [ 13.81167, 53.00491 ], [ 13.81115, 53.0053 ], [ 13.81123, 53.00548 ], [ 13.81151, 53.00561 ], [ 13.81184, 53.00566 ], [ 13.81237, 53.00556 ], [ 13.81253, 53.00568 ], [ 13.81252, 53.00581 ], [ 13.81275, 53.00587 ], [ 13.81293, 53.00597 ], [ 13.81301, 53.00608 ], [ 13.81298, 53.0062 ], [ 13.81277, 53.00644 ], [ 13.81281, 53.00696 ], [ 13.81311, 53.00727 ], [ 13.81327, 53.00705 ], [ 13.81371, 53.00739 ], [ 13.81407, 53.00696 ], [ 13.8141, 53.0068 ], [ 13.81382, 53.00633 ], [ 13.81382, 53.00614 ], [ 13.81406, 53.00556 ], [ 13.81398, 53.00546 ], [ 13.81297, 53.00513 ], [ 13.81291, 53.00501 ] ], [ [ 13.81369, 53.00576 ], [ 13.81346, 53.00582 ], [ 13.81325, 53.00576 ], [ 13.81321, 53.00561 ], [ 13.81333, 53.0055 ], [ 13.8136, 53.0055 ], [ 13.81375, 53.00563 ], [ 13.81369, 53.00576 ] ] ] } },
{ "type": "Feature", "properties": { "boden": "50 % kräftig, mäßig frisch (K2) · 50 % kräftig, mäßig frisch (K2)" }, "geometry": { "type": "Polygon", "coordinates": [ [ [ 13.81826, 53.00445 ], [ 13.81799, 53.00444 ], [ 13.81787, 53.00456 ], [ 13.8179, 53.0047 ], [ 13.81812, 53.00477 ], [ 13.81835, 53.0047 ], [ 13.81841, 53.00457 ], [ 13.81826, 53.00445 ] ] ] } },
{ "type": "Feature", "properties": { "boden": "100 % ziemlich arm, mäßig frisch (Z2)" }, "geometry": { "type": "Polygon", "coordinates": [ [ [ 13.81963, 53.00484 ], [ 13.81983, 53.00495 ], [ 13.8201, 53.00483 ], [ 13.82016, 53.0047 ], [ 13.82001, 53.00458 ], [ 13.81954, 53.0046 ], [ 13.81963, 53.00484 ] ] ] } },
{ "type": "Feature", "properties": { "boden": "50 % kräftig, mäßig frisch (K2) · 50 % kräftig, mäßig frisch (K2)" }, "geometry": { "type": "Polygon", "coordinates": [ [ [ 13.81774, 53.00546 ], [ 13.81747, 53.00546 ], [ 13.81735, 53.00557 ], [ 13.81738, 53.00572 ], [ 13.8176, 53.00578 ], [ 13.81783, 53.00572 ], [ 13.81789, 53.00558 ], [ 13.81774, 53.00546 ] ] ] } },
{ "type": "Feature", "properties": { "boden": "100 % mittel, mäßig frisch (M2)" }, "geometry": { "type": "Polygon", "coordinates": [ [ [ 13.82366, 53.00557 ], [ 13.8232, 53.00562 ], [ 13.82327, 53.0058 ], [ 13.82348, 53.00587 ], [ 13.82371, 53.0058 ], [ 13.82366, 53.00557 ] ] ] } },
{ "type": "Feature", "properties": { "boden": "100 % mittel, trocken (vermutet) (M3)" }, "geometry": { "type": "Polygon", "coordinates": [ [ [ 13.82072, 53.00591 ], [ 13.82069, 53.00576 ], [ 13.82081, 53.00565 ], [ 13.8211, 53.00566 ], [ 13.82099, 53.00556 ], [ 13.82072, 53.00557 ], [ 13.82054, 53.00569 ], [ 13.82033, 53.00598 ], [ 13.82038, 53.00601 ], [ 13.82072, 53.00591 ] ] ] } },
{ "type": "Feature", "properties": { "boden": "100 % mittel, trocken (vermutet) (M3)" }, "geometry": { "type": "Polygon", "coordinates": [ [ [ 13.82108, 53.00565 ], [ 13.82081, 53.00565 ], [ 13.82069, 53.00576 ], [ 13.82072, 53.00591 ], [ 13.82108, 53.00582 ], [ 13.82108, 53.00565 ] ] ] } },
{ "type": "Feature", "properties": { "boden": "100 % mittel, mäßig frisch (M2)" }, "geometry": { "type": "Polygon", "coordinates": [ [ [ 13.8211, 53.00566 ], [ 13.82108, 53.00582 ], [ 13.82076, 53.00592 ], [ 13.82094, 53.00597 ], [ 13.82117, 53.0059 ], [ 13.82123, 53.00577 ], [ 13.8211, 53.00566 ] ] ] } },
{ "type": "Feature", "properties": { "boden": "100 % mittel, trocken (vermutet) (M3)" }, "geometry": { "type": "Polygon", "coordinates": [ [ [ 13.82231, 53.00614 ], [ 13.82261, 53.00624 ], [ 13.82268, 53.00623 ], [ 13.82264, 53.00612 ], [ 13.82247, 53.006 ], [ 13.82214, 53.00602 ], [ 13.82197, 53.00612 ], [ 13.8221, 53.00626 ], [ 13.82231, 53.00614 ] ] ] } },
{ "type": "Feature", "properties": { "boden": "100 % mittel, mäßig frisch (M2)" }, "geometry": { "type": "Polygon", "coordinates": [ [ [ 13.82339, 53.00626 ], [ 13.82311, 53.00626 ], [ 13.82299, 53.00637 ], [ 13.82303, 53.00651 ], [ 13.82324, 53.00658 ], [ 13.82347, 53.00651 ], [ 13.82353, 53.00638 ], [ 13.82339, 53.00626 ] ] ] } },
{ "type": "Feature", "properties": { "boden": "100 % mittel, mäßig frisch (M2)" }, "geometry": { "type": "Polygon", "coordinates": [ [ [ 13.82262, 53.00666 ], [ 13.82235, 53.00665 ], [ 13.82223, 53.00676 ], [ 13.82248, 53.00698 ], [ 13.82271, 53.00691 ], [ 13.82277, 53.00678 ], [ 13.82262, 53.00666 ] ] ] } },
{ "type": "Feature", "properties": { "boden": "100 % kräftig, frisch (K1)" }, "geometry": { "type": "Polygon", "coordinates": [ [ [ 13.81078, 53.00649 ], [ 13.81044, 53.00661 ], [ 13.81023, 53.00655 ], [ 13.81033, 53.00633 ], [ 13.80971, 53.00638 ], [ 13.80952, 53.00634 ], [ 13.80944, 53.00624 ], [ 13.80944, 53.00609 ], [ 13.80959, 53.00588 ], [ 13.80915, 53.00578 ], [ 13.80906, 53.00601 ], [ 13.80854, 53.00636 ], [ 13.8084, 53.00655 ], [ 13.80877, 53.00656 ], [ 13.80893, 53.00646 ], [ 13.80915, 53.00644 ], [ 13.80942, 53.00652 ], [ 13.80971, 53.00674 ], [ 13.80989, 53.00699 ], [ 13.81003, 53.00686 ], [ 13.8103, 53.00686 ], [ 13.81042, 53.00699 ], [ 13.81078, 53.00649 ] ] ] } },
{ "type": "Feature", "properties": { "boden": "100 % kräftig, frisch (K1)" }, "geometry": { "type": "Polygon", "coordinates": [ [ [ 13.81081, 53.00637 ], [ 13.81074, 53.00629 ], [ 13.81058, 53.00627 ], [ 13.81033, 53.00633 ], [ 13.81023, 53.00655 ], [ 13.81044, 53.00661 ], [ 13.81078, 53.00649 ], [ 13.81081, 53.00637 ] ] ] } },
{ "type": "Feature", "properties": { "boden": "100 % kräftig, mäßig frisch (K2)" }, "geometry": { "type": "Polygon", "coordinates": [ [ [ 13.80787, 53.00707 ], [ 13.80815, 53.00702 ], [ 13.80854, 53.00636 ], [ 13.80906, 53.00601 ], [ 13.80915, 53.00578 ], [ 13.80881, 53.0057 ], [ 13.80797, 53.00591 ], [ 13.80789, 53.00571 ], [ 13.80776, 53.0056 ], [ 13.80772, 53.00705 ], [ 13.80787, 53.00707 ] ] ] } },
{ "type": "Feature", "properties": { "boden": "100 % kräftig, frisch (K1)" }, "geometry": { "type": "Polygon", "coordinates": [ [ [ 13.80877, 53.00656 ], [ 13.8084, 53.00655 ], [ 13.80825, 53.00688 ], [ 13.80874, 53.00684 ], [ 13.80877, 53.00656 ] ] ] } },
{ "type": "Feature", "properties": { "boden": "70 % kräftig, mäßig frisch (K2) · 30 % reich, mäßig frisch (R2)" }, "geometry": { "type": "Polygon", "coordinates": [ [ [ 13.81178, 53.00659 ], [ 13.81151, 53.00659 ], [ 13.81139, 53.0067 ], [ 13.81142, 53.00685 ], [ 13.81164, 53.00691 ], [ 13.81187, 53.00684 ], [ 13.81193, 53.00671 ], [ 13.81178, 53.00659 ] ] ] } },
{ "type": "Feature", "properties": { "boden": "100 % kräftig, frisch (K1)" }, "geometry": { "type": "Polygon", "coordinates": [ [ [ 13.80874, 53.00684 ], [ 13.80825, 53.00688 ], [ 13.80815, 53.00702 ], [ 13.80843, 53.00711 ], [ 13.80884, 53.00707 ], [ 13.80874, 53.00684 ] ] ] } },
{ "type": "Feature", "properties": { "boden": "100 % kräftig, frisch (K1)" }, "geometry": { "type": "Polygon", "coordinates": [ [ [ 13.8103, 53.00686 ], [ 13.81003, 53.00686 ], [ 13.80989, 53.00699 ], [ 13.81015, 53.00727 ], [ 13.81028, 53.00727 ], [ 13.81037, 53.00718 ], [ 13.81042, 53.00699 ], [ 13.8103, 53.00686 ] ] ] } },
{ "type": "Feature", "properties": { "boden": "100 % kräftig, frisch (K1)" }, "geometry": { "type": "Polygon", "coordinates": [ [ [ 13.80859, 53.00722 ], [ 13.80846, 53.00733 ], [ 13.80854, 53.00746 ], [ 13.80887, 53.0075 ], [ 13.80898, 53.00742 ], [ 13.8089, 53.0072 ], [ 13.80859, 53.00722 ] ] ] } },
{ "type": "Feature", "properties": { "boden": "100 % ziemlich arm, nass (OZ3)" }, "geometry": { "type": "Polygon", "coordinates": [ [ [ 13.82183, 53.00672 ], [ 13.82171, 53.00674 ], [ 13.82166, 53.00684 ], [ 13.82169, 53.00699 ], [ 13.82191, 53.00705 ], [ 13.82207, 53.00699 ], [ 13.82209, 53.00686 ], [ 13.82183, 53.00672 ] ] ] } },
{ "type": "Feature", "properties": { "boden": "100 % ziemlich arm, nass (OZ3)" }, "geometry": { "type": "Polygon", "coordinates": [ [ [ 13.82207, 53.00699 ], [ 13.82191, 53.00705 ], [ 13.82169, 53.00699 ], [ 13.82166, 53.00684 ], [ 13.82171, 53.00674 ], [ 13.82183, 53.00672 ], [ 13.8214, 53.00668 ], [ 13.82095, 53.00648 ], [ 13.82102, 53.00666 ], [ 13.82099, 53.00678 ], [ 13.8208, 53.00687 ], [ 13.82066, 53.00703 ], [ 13.82062, 53.00732 ], [ 13.82051, 53.00749 ], [ 13.82004, 53.00769 ], [ 13.82039, 53.00769 ], [ 13.82068, 53.00748 ], [ 13.82087, 53.00748 ], [ 13.82102, 53.0076 ], [ 13.82096, 53.00773 ], [ 13.8208, 53.00781 ], [ 13.82092, 53.00785 ], [ 13.82114, 53.00804 ], [ 13.8213, 53.00795 ], [ 13.82157, 53.00795 ], [ 13.82172, 53.00808 ], [ 13.82166, 53.00821 ], [ 13.82143, 53.00828 ], [ 13.8215, 53.00834 ], [ 13.82174, 53.00834 ], [ 13.82201, 53.00824 ], [ 13.8225, 53.00781 ], [ 13.82259, 53.00759 ], [ 13.82252, 53.00736 ], [ 13.82233, 53.00706 ], [ 13.82209, 53.00686 ], [ 13.82207, 53.00699 ] ] ] } },
{ "type": "Feature", "properties": { "boden": "50 % kräftig, mäßig frisch (K2) · 50 % kräftig, mäßig frisch (K2)" }, "geometry": { "type": "Polygon", "coordinates": [ [ [ 13.81681, 53.00764 ], [ 13.81675, 53.0074 ], [ 13.81648, 53.0074 ], [ 13.81636, 53.00751 ], [ 13.81639, 53.00766 ], [ 13.81661, 53.00772 ], [ 13.81681, 53.00764 ] ] ] } },
{ "type": "Feature", "properties": { "boden": "100 % ziemlich arm, nass (OZ3)" }, "geometry": { "type": "Polygon", "coordinates": [ [ [ 13.8208, 53.00781 ], [ 13.82096, 53.00773 ], [ 13.82102, 53.0076 ], [ 13.82087, 53.00748 ], [ 13.82068, 53.00748 ], [ 13.82039, 53.00769 ], [ 13.8208, 53.00781 ] ] ] } },
{ "type": "Feature", "properties": { "boden": "50 % kräftig, trocken (vermutet) (K3) · 50 % kräftig, trocken (vermutet) (K3)" }, "geometry": { "type": "Polygon", "coordinates": [ [ [ 13.81573, 53.00762 ], [ 13.81542, 53.00769 ], [ 13.81526, 53.00781 ], [ 13.81523, 53.00808 ], [ 13.81539, 53.00823 ], [ 13.81565, 53.0082 ], [ 13.81587, 53.00806 ], [ 13.81596, 53.00773 ], [ 13.81592, 53.00767 ], [ 13.81573, 53.00762 ] ] ] } },
{ "type": "Feature", "properties": { "boden": "100 % ziemlich arm, nass (OZ3)" }, "geometry": { "type": "Polygon", "coordinates": [ [ [ 13.82114, 53.00804 ], [ 13.82143, 53.00828 ], [ 13.82166, 53.00821 ], [ 13.82172, 53.00808 ], [ 13.82157, 53.00795 ], [ 13.8213, 53.00795 ], [ 13.82114, 53.00804 ] ] ] } },
{ "type": "Feature", "properties": { "boden": "100 % mittel, mäßig frisch (M2)" }, "geometry": { "type": "Polygon", "coordinates": [ [ [ 13.82131, 53.00865 ], [ 13.82143, 53.00844 ], [ 13.82128, 53.00832 ], [ 13.82101, 53.00832 ], [ 13.82088, 53.00843 ], [ 13.82089, 53.00852 ], [ 13.82131, 53.00865 ] ] ] } },
{ "type": "Feature", "properties": { "boden": "100 % mittel, mäßig frisch (M2)" }, "geometry": { "type": "Polygon", "coordinates": [ [ [ 13.82089, 53.00852 ], [ 13.82077, 53.00863 ], [ 13.82079, 53.0087 ], [ 13.82109, 53.00882 ], [ 13.82125, 53.00878 ], [ 13.82131, 53.00865 ], [ 13.82089, 53.00852 ] ] ] } },
{ "type": "Feature", "properties": { "boden": "50 % kräftig, trocken (vermutet) (K3) · 50 % kräftig, trocken (vermutet) (K3)" }, "geometry": { "type": "Polygon", "coordinates": [ [ [ 13.81495, 53.0086 ], [ 13.81467, 53.00869 ], [ 13.81468, 53.00889 ], [ 13.81479, 53.00895 ], [ 13.81499, 53.00893 ], [ 13.81511, 53.00885 ], [ 13.81508, 53.00865 ], [ 13.81495, 53.0086 ] ] ] } },
{ "type": "Feature", "properties": { "boden": "100 % mittel, mäßig frisch (M2)" }, "geometry": { "type": "Polygon", "coordinates": [ [ [ 13.82079, 53.0087 ], [ 13.82063, 53.0087 ], [ 13.82051, 53.00881 ], [ 13.82054, 53.00895 ], [ 13.82076, 53.00902 ], [ 13.82099, 53.00895 ], [ 13.82109, 53.00882 ], [ 13.82079, 53.0087 ] ] ] } },
{ "type": "Feature", "properties": { "boden": "70 % kräftig, mäßig frisch (K2) · 30 % reich, mäßig frisch (R2)" }, "geometry": { "type": "Polygon", "coordinates": [ [ [ 13.81299, 53.00729 ], [ 13.81271, 53.00729 ], [ 13.81259, 53.0074 ], [ 13.81263, 53.00755 ], [ 13.81284, 53.00762 ], [ 13.81307, 53.00755 ], [ 13.81313, 53.00742 ], [ 13.81299, 53.00729 ] ] ] } },
{ "type": "Feature", "properties": { "boden": "50 % kräftig, nass (OK2) · 50 % mittel, nass (OM3)" }, "geometry": { "type": "Polygon", "coordinates": [ [ [ 13.81212, 53.0088 ], [ 13.81335, 53.00846 ], [ 13.81394, 53.00808 ], [ 13.81419, 53.00786 ], [ 13.81385, 53.00779 ], [ 13.81371, 53.00739 ], [ 13.81327, 53.00705 ], [ 13.81311, 53.00727 ], [ 13.81339, 53.00748 ], [ 13.81333, 53.00764 ], [ 13.81361, 53.00766 ], [ 13.81351, 53.00785 ], [ 13.8129, 53.00786 ], [ 13.81207, 53.00753 ], [ 13.81157, 53.00756 ], [ 13.81178, 53.00782 ], [ 13.81164, 53.00832 ], [ 13.81212, 53.0088 ] ] ] } },
{ "type": "Feature", "properties": { "boden": "100 % kräftig, frisch (K1)" }, "geometry": { "type": "MultiPolygon", "coordinates": [ [ [ [ 13.80854, 53.00746 ], [ 13.80846, 53.00733 ], [ 13.80859, 53.00722 ], [ 13.8089, 53.0072 ], [ 13.80884, 53.00707 ], [ 13.80843, 53.00711 ], [ 13.80815, 53.00702 ], [ 13.80804, 53.00706 ], [ 13.80772, 53.00705 ], [ 13.8077, 53.0077 ], [ 13.80845, 53.00761 ], [ 13.80887, 53.0075 ], [ 13.80854, 53.00746 ] ] ], [ [ [ 13.80768, 53.00832 ], [ 13.80774, 53.00822 ], [ 13.80769, 53.00815 ], [ 13.80768, 53.00832 ] ] ] ] } },
{ "type": "Feature", "properties": { "boden": "100 % mittel, mäßig frisch (M2)" }, "geometry": { "type": "Polygon", "coordinates": [ [ [ 13.81231, 53.00875 ], [ 13.81237, 53.00887 ], [ 13.81258, 53.00893 ], [ 13.81281, 53.00886 ], [ 13.81287, 53.00873 ], [ 13.81279, 53.00862 ], [ 13.81231, 53.00875 ] ] ] } },
{ "type": "Feature", "properties": { "boden": "100 % kräftig, nass (OK2)" }, "geometry": { "type": "Polygon", "coordinates": [ [ [ 13.8103, 53.00929 ], [ 13.81016, 53.00902 ], [ 13.80997, 53.00892 ], [ 13.80968, 53.00887 ], [ 13.8091, 53.00891 ], [ 13.80843, 53.00881 ], [ 13.80819, 53.00889 ], [ 13.80819, 53.00901 ], [ 13.80831, 53.00913 ], [ 13.80929, 53.00938 ], [ 13.8094, 53.00948 ], [ 13.80964, 53.00948 ], [ 13.80981, 53.00954 ], [ 13.80979, 53.00945 ], [ 13.80991, 53.00934 ], [ 13.81018, 53.00934 ], [ 13.81025, 53.0094 ], [ 13.8103, 53.00929 ] ] ] } },
{ "type": "Feature", "properties": { "boden": "100 % mittel, trocken (vermutet) (M3)" }, "geometry": { "type": "Polygon", "coordinates": [ [ [ 13.82206, 53.00857 ], [ 13.82159, 53.00861 ], [ 13.82134, 53.00902 ], [ 13.82093, 53.0091 ], [ 13.82079, 53.00917 ], [ 13.82074, 53.00933 ], [ 13.82083, 53.00942 ], [ 13.8211, 53.00947 ], [ 13.82145, 53.00948 ], [ 13.82153, 53.00938 ], [ 13.8215, 53.00909 ], [ 13.82172, 53.00901 ], [ 13.82237, 53.00892 ], [ 13.82246, 53.0088 ], [ 13.8224, 53.00863 ], [ 13.82206, 53.00857 ] ] ] } },
{ "type": "Feature", "properties": { "boden": "100 % kräftig, nass (OK2)" }, "geometry": { "type": "Polygon", "coordinates": [ [ [ 13.8197, 53.013 ], [ 13.81998, 53.01276 ], [ 13.82014, 53.01274 ], [ 13.82019, 53.01262 ], [ 13.82009, 53.01258 ], [ 13.81965, 53.01262 ], [ 13.81956, 53.01258 ], [ 13.81942, 53.012 ], [ 13.81974, 53.01187 ], [ 13.81993, 53.01193 ], [ 13.8202, 53.01219 ], [ 13.82091, 53.01202 ], [ 13.82097, 53.01189 ], [ 13.8209, 53.01174 ], [ 13.82072, 53.01164 ], [ 13.82013, 53.01172 ], [ 13.81968, 53.01155 ], [ 13.81963, 53.01142 ], [ 13.8195, 53.01135 ], [ 13.8195, 53.0111 ], [ 13.81998, 53.01091 ], [ 13.81991, 53.01079 ], [ 13.81997, 53.01053 ], [ 13.82014, 53.01035 ], [ 13.82012, 53.01001 ], [ 13.81959, 53.00913 ], [ 13.81921, 53.00809 ], [ 13.81895, 53.00794 ], [ 13.81905, 53.00768 ], [ 13.82004, 53.00769 ], [ 13.82029, 53.00762 ], [ 13.82051, 53.00749 ], [ 13.82062, 53.00732 ], [ 13.82066, 53.00703 ], [ 13.8208, 53.00687 ], [ 13.82099, 53.00678 ], [ 13.82102, 53.00666 ], [ 13.82095, 53.00648 ], [ 13.82003, 53.00608 ], [ 13.81978, 53.0059 ], [ 13.82041, 53.00557 ], [ 13.82073, 53.0053 ], [ 13.82095, 53.00522 ], [ 13.82178, 53.00572 ], [ 13.82199, 53.00582 ], [ 13.82217, 53.00582 ], [ 13.82263, 53.00518 ], [ 13.82283, 53.00506 ], [ 13.82262, 53.00477 ], [ 13.82279, 53.00452 ], [ 13.82272, 53.00444 ], [ 13.82257, 53.00437 ], [ 13.82236, 53.00446 ], [ 13.82222, 53.00434 ], [ 13.82157, 53.00428 ], [ 13.82147, 53.00439 ], [ 13.82074, 53.00455 ], [ 13.82059, 53.00488 ], [ 13.82032, 53.00505 ], [ 13.82004, 53.00505 ], [ 13.81963, 53.00484 ], [ 13.81954, 53.0046 ], [ 13.8201, 53.00441 ], [ 13.82014, 53.00416 ], [ 13.81944, 53.00388 ], [ 13.81896, 53.00454 ], [ 13.8188, 53.00466 ], [ 13.81856, 53.00468 ], [ 13.81821, 53.00489 ], [ 13.81809, 53.00529 ], [ 13.81813, 53.00549 ], [ 13.81896, 53.00555 ], [ 13.8192, 53.00566 ], [ 13.81931, 53.00592 ], [ 13.81921, 53.00605 ], [ 13.81911, 53.00612 ], [ 13.81785, 53.00637 ], [ 13.81672, 53.00671 ], [ 13.8166, 53.00691 ], [ 13.81681, 53.00722 ], [ 13.8168, 53.00799 ], [ 13.81687, 53.00817 ], [ 13.81607, 53.0096 ], [ 13.81607, 53.00971 ], [ 13.81613, 53.00977 ], [ 13.81627, 53.00977 ], [ 13.81649, 53.00952 ], [ 13.81672, 53.00937 ], [ 13.81684, 53.00956 ], [ 13.81683, 53.00995 ], [ 13.81631, 53.01053 ], [ 13.81645, 53.01159 ], [ 13.81685, 53.01223 ], [ 13.81704, 53.01287 ], [ 13.81667, 53.01298 ], [ 13.81614, 53.01281 ], [ 13.81549, 53.0129 ], [ 13.81533, 53.01288 ], [ 13.81511, 53.01273 ], [ 13.81512, 53.01262 ], [ 13.81525, 53.01253 ], [ 13.81526, 53.01244 ], [ 13.81519, 53.01227 ], [ 13.81489, 53.01222 ], [ 13.81451, 53.01228 ], [ 13.81426, 53.01243 ], [ 13.81412, 53.01265 ], [ 13.81416, 53.01286 ], [ 13.81429, 53.01302 ], [ 13.81455, 53.01315 ], [ 13.81467, 53.01326 ], [ 13.81449, 53.01382 ], [ 13.81485, 53.01416 ], [ 13.81504, 53.01458 ], [ 13.81528, 53.0147 ], [ 13.8155, 53.01472 ], [ 13.81568, 53.01469 ], [ 13.81589, 53.01449 ], [ 13.8164, 53.01432 ], [ 13.81696, 53.01402 ], [ 13.81727, 53.01394 ], [ 13.81747, 53.01398 ], [ 13.81793, 53.01379 ], [ 13.81811, 53.01356 ], [ 13.8183, 53.01348 ], [ 13.81891, 53.01342 ], [ 13.8197, 53.013 ] ], [ [ 13.81661, 53.01376 ], [ 13.81638, 53.01383 ], [ 13.81617, 53.01376 ], [ 13.81613, 53.01361 ], [ 13.81625, 53.0135 ], [ 13.81653, 53.0135 ], [ 13.81667, 53.01363 ], [ 13.81661, 53.01376 ] ] ] } },
{ "type": "Feature", "properties": { "boden": "100 % mittel, mäßig frisch (M2)" }, "geometry": { "type": "Polygon", "coordinates": [ [ [ 13.82353, 53.0094 ], [ 13.82367, 53.00947 ], [ 13.82373, 53.00945 ], [ 13.82355, 53.00932 ], [ 13.82332, 53.00929 ], [ 13.82294, 53.00937 ], [ 13.82288, 53.00945 ], [ 13.82305, 53.00955 ], [ 13.82329, 53.0094 ], [ 13.82353, 53.0094 ] ] ] } },
{ "type": "Feature", "properties": { "boden": "100 % mittel, mäßig frisch (M2)" }, "geometry": { "type": "Polygon", "coordinates": [ [ [ 13.82271, 53.0123 ], [ 13.82297, 53.01204 ], [ 13.82309, 53.01171 ], [ 13.82346, 53.01152 ], [ 13.82382, 53.01164 ], [ 13.82369, 53.01149 ], [ 13.82368, 53.01136 ], [ 13.8238, 53.01118 ], [ 13.82394, 53.01113 ], [ 13.82425, 53.01119 ], [ 13.82471, 53.01141 ], [ 13.82497, 53.01145 ], [ 13.82528, 53.01144 ], [ 13.8252, 53.0111 ], [ 13.82521, 53.01083 ], [ 13.82484, 53.0096 ], [ 13.82477, 53.0097 ], [ 13.82454, 53.00976 ], [ 13.82432, 53.0097 ], [ 13.82429, 53.00955 ], [ 13.82441, 53.00944 ], [ 13.82468, 53.00944 ], [ 13.82482, 53.00952 ], [ 13.8248, 53.00943 ], [ 13.82471, 53.00942 ], [ 13.82476, 53.00937 ], [ 13.82455, 53.00837 ], [ 13.82441, 53.00836 ], [ 13.8244, 53.00846 ], [ 13.82417, 53.00852 ], [ 13.82395, 53.00846 ], [ 13.82392, 53.00831 ], [ 13.82404, 53.0082 ], [ 13.82431, 53.0082 ], [ 13.82441, 53.00827 ], [ 13.82453, 53.00823 ], [ 13.82424, 53.00722 ], [ 13.82403, 53.00724 ], [ 13.82381, 53.00717 ], [ 13.82377, 53.00703 ], [ 13.8239, 53.00692 ], [ 13.82415, 53.00686 ], [ 13.8238, 53.00552 ], [ 13.82366, 53.00557 ], [ 13.82371, 53.0058 ], [ 13.82348, 53.00587 ], [ 13.82327, 53.0058 ], [ 13.8232, 53.00562 ], [ 13.8225, 53.0056 ], [ 13.82226, 53.00563 ], [ 13.82227, 53.00574 ], [ 13.82217, 53.00582 ], [ 13.82199, 53.00582 ], [ 13.82095, 53.00522 ], [ 13.82073, 53.0053 ], [ 13.82041, 53.00557 ], [ 13.81978, 53.0059 ], [ 13.82003, 53.00608 ], [ 13.8214, 53.00668 ], [ 13.82183, 53.00672 ], [ 13.82209, 53.00686 ], [ 13.82233, 53.00706 ], [ 13.82252, 53.00736 ], [ 13.82259, 53.00759 ], [ 13.8225, 53.00781 ], [ 13.82201, 53.00824 ], [ 13.82174, 53.00834 ], [ 13.8215, 53.00834 ], [ 13.82092, 53.00785 ], [ 13.82039, 53.00769 ], [ 13.81905, 53.00768 ], [ 13.81895, 53.00794 ], [ 13.81921, 53.00809 ], [ 13.81959, 53.00913 ], [ 13.82012, 53.01001 ], [ 13.82014, 53.01035 ], [ 13.81997, 53.01053 ], [ 13.81991, 53.01079 ], [ 13.81998, 53.01091 ], [ 13.81971, 53.01102 ], [ 13.81989, 53.01105 ], [ 13.82003, 53.01117 ], [ 13.81997, 53.0113 ], [ 13.81974, 53.01137 ], [ 13.8195, 53.01135 ], [ 13.81963, 53.01142 ], [ 13.81968, 53.01155 ], [ 13.82013, 53.01172 ], [ 13.82072, 53.01164 ], [ 13.8209, 53.01174 ], [ 13.82097, 53.01189 ], [ 13.82091, 53.01202 ], [ 13.8202, 53.01219 ], [ 13.81993, 53.01193 ], [ 13.81974, 53.01187 ], [ 13.81942, 53.012 ], [ 13.81945, 53.01214 ], [ 13.81955, 53.01209 ], [ 13.81983, 53.0121 ], [ 13.81997, 53.01222 ], [ 13.81991, 53.01235 ], [ 13.81952, 53.01242 ], [ 13.81956, 53.01258 ], [ 13.81965, 53.01262 ], [ 13.82009, 53.01258 ], [ 13.82019, 53.01262 ], [ 13.82014, 53.01274 ], [ 13.81998, 53.01276 ], [ 13.8197, 53.013 ], [ 13.81891, 53.01342 ], [ 13.8196, 53.01363 ], [ 13.81988, 53.01364 ], [ 13.82012, 53.0136 ], [ 13.82079, 53.01317 ], [ 13.82122, 53.01301 ], [ 13.82205, 53.01282 ], [ 13.82264, 53.01256 ], [ 13.82271, 53.0123 ] ], [ [ 13.8217, 53.01121 ], [ 13.82166, 53.01143 ], [ 13.82158, 53.01146 ], [ 13.82143, 53.01143 ], [ 13.82132, 53.01121 ], [ 13.82156, 53.01117 ], [ 13.8217, 53.01121 ] ], [ [ 13.82297, 53.01092 ], [ 13.82274, 53.01099 ], [ 13.82252, 53.01092 ], [ 13.82249, 53.01077 ], [ 13.82261, 53.01066 ], [ 13.82288, 53.01067 ], [ 13.82303, 53.01079 ], [ 13.82297, 53.01092 ] ], [ [ 13.82159, 53.01056 ], [ 13.82153, 53.01068 ], [ 13.8213, 53.01075 ], [ 13.82108, 53.01069 ], [ 13.82105, 53.01054 ], [ 13.82117, 53.01043 ], [ 13.82144, 53.01043 ], [ 13.82159, 53.01056 ] ], [ [ 13.82457, 53.01004 ], [ 13.82466, 53.01011 ], [ 13.82452, 53.01027 ], [ 13.82439, 53.01034 ], [ 13.82419, 53.01036 ], [ 13.82405, 53.01019 ], [ 13.82402, 53.01004 ], [ 13.8243, 53.00998 ], [ 13.82457, 53.01004 ] ], [ [ 13.82373, 53.01001 ], [ 13.8235, 53.01008 ], [ 13.82329, 53.01001 ], [ 13.82325, 53.00987 ], [ 13.82337, 53.00976 ], [ 13.82365, 53.00976 ], [ 13.82379, 53.00988 ], [ 13.82373, 53.01001 ] ], [ [ 13.82329, 53.0094 ], [ 13.82305, 53.00955 ], [ 13.82288, 53.00945 ], [ 13.82294, 53.00937 ], [ 13.82332, 53.00929 ], [ 13.82355, 53.00932 ], [ 13.82373, 53.00943 ], [ 13.82367, 53.00947 ], [ 13.82353, 53.0094 ], [ 13.82329, 53.0094 ] ], [ [ 13.8224, 53.00863 ], [ 13.82246, 53.0088 ], [ 13.82237, 53.00892 ], [ 13.82172, 53.00901 ], [ 13.8215, 53.00909 ], [ 13.8215, 53.00946 ], [ 13.8211, 53.00947 ], [ 13.82083, 53.00942 ], [ 13.82074, 53.00933 ], [ 13.82079, 53.00917 ], [ 13.82093, 53.0091 ], [ 13.82134, 53.00902 ], [ 13.82159, 53.00861 ], [ 13.82206, 53.00857 ], [ 13.8224, 53.00863 ] ], [ [ 13.82125, 53.00878 ], [ 13.82109, 53.00882 ], [ 13.82099, 53.00895 ], [ 13.82076, 53.00902 ], [ 13.82054, 53.00895 ], [ 13.82051, 53.00881 ], [ 13.82063, 53.0087 ], [ 13.82079, 53.0087 ], [ 13.82088, 53.00843 ], [ 13.82101, 53.00832 ], [ 13.82128, 53.00832 ], [ 13.82143, 53.00844 ], [ 13.82125, 53.00878 ] ], [ [ 13.82376, 53.00832 ], [ 13.8237, 53.00845 ], [ 13.82347, 53.00851 ], [ 13.82325, 53.00845 ], [ 13.82321, 53.0083 ], [ 13.82334, 53.00819 ], [ 13.82361, 53.00819 ], [ 13.82376, 53.00832 ] ], [ [ 13.82271, 53.00691 ], [ 13.82248, 53.00698 ], [ 13.82233, 53.00689 ], [ 13.82223, 53.00676 ], [ 13.82235, 53.00665 ], [ 13.82262, 53.00666 ], [ 13.82277, 53.00678 ], [ 13.82271, 53.00691 ] ], [ [ 13.82353, 53.00638 ], [ 13.82347, 53.00651 ], [ 13.82324, 53.00658 ], [ 13.82303, 53.00651 ], [ 13.82299, 53.00637 ], [ 13.82311, 53.00626 ], [ 13.82339, 53.00626 ], [ 13.82353, 53.00638 ] ], [ [ 13.82231, 53.00614 ], [ 13.8221, 53.00626 ], [ 13.82201, 53.0062 ], [ 13.82199, 53.00608 ], [ 13.82238, 53.00599 ], [ 13.82254, 53.00603 ], [ 13.82268, 53.00623 ], [ 13.82231, 53.00614 ] ], [ [ 13.82123, 53.00577 ], [ 13.82117, 53.0059 ], [ 13.82094, 53.00597 ], [ 13.82076, 53.00592 ], [ 13.82038, 53.00601 ], [ 13.82033, 53.00598 ], [ 13.82054, 53.00569 ], [ 13.8208, 53.00554 ], [ 13.82107, 53.0056 ], [ 13.82123, 53.00577 ] ] ] } },
{ "type": "Feature", "properties": { "boden": "100 % mittel, mäßig frisch (M2)" }, "geometry": { "type": "Polygon", "coordinates": [ [ [ 13.81655, 53.00982 ], [ 13.81628, 53.00982 ], [ 13.81616, 53.00993 ], [ 13.81619, 53.01008 ], [ 13.81641, 53.01014 ], [ 13.81658, 53.0101 ], [ 13.8167, 53.00995 ], [ 13.81655, 53.00982 ] ] ] } },
{ "type": "Feature", "properties": { "boden": "100 % mittel, mäßig frisch (M2)" }, "geometry": { "type": "Polygon", "coordinates": [ [ [ 13.82144, 53.01043 ], [ 13.82117, 53.01043 ], [ 13.82105, 53.01054 ], [ 13.82108, 53.01069 ], [ 13.8213, 53.01075 ], [ 13.82153, 53.01068 ], [ 13.82159, 53.01055 ], [ 13.82144, 53.01043 ] ] ] } },
{ "type": "Feature", "properties": { "boden": "100 % mittel, mäßig frisch (M2)" }, "geometry": { "type": "Polygon", "coordinates": [ [ [ 13.8159, 53.0104 ], [ 13.81563, 53.0104 ], [ 13.81551, 53.01051 ], [ 13.81554, 53.01066 ], [ 13.81576, 53.01072 ], [ 13.81599, 53.01065 ], [ 13.81605, 53.01052 ], [ 13.8159, 53.0104 ] ] ] } },
{ "type": "Feature", "properties": { "boden": "100 % mittel, mäßig frisch (M2)" }, "geometry": { "type": "Polygon", "coordinates": [ [ [ 13.81637, 53.01103 ], [ 13.81614, 53.01106 ], [ 13.81592, 53.011 ], [ 13.81588, 53.01085 ], [ 13.81601, 53.01074 ], [ 13.81634, 53.01072 ], [ 13.81631, 53.01053 ], [ 13.81683, 53.00995 ], [ 13.81684, 53.00956 ], [ 13.81672, 53.00937 ], [ 13.81649, 53.00952 ], [ 13.81627, 53.00977 ], [ 13.81595, 53.00981 ], [ 13.8157, 53.00971 ], [ 13.81544, 53.00937 ], [ 13.81491, 53.00918 ], [ 13.81448, 53.00912 ], [ 13.81419, 53.00901 ], [ 13.81373, 53.00866 ], [ 13.81335, 53.00846 ], [ 13.81279, 53.00862 ], [ 13.81287, 53.00873 ], [ 13.81281, 53.00886 ], [ 13.81258, 53.00893 ], [ 13.81237, 53.00887 ], [ 13.81231, 53.00875 ], [ 13.81212, 53.0088 ], [ 13.81211, 53.00923 ], [ 13.81224, 53.00945 ], [ 13.81263, 53.0095 ], [ 13.81306, 53.00947 ], [ 13.81342, 53.00955 ], [ 13.81372, 53.00989 ], [ 13.81433, 53.01087 ], [ 13.81438, 53.01134 ], [ 13.81406, 53.01203 ], [ 13.81415, 53.01237 ], [ 13.81426, 53.01243 ], [ 13.81451, 53.01228 ], [ 13.81489, 53.01222 ], [ 13.81519, 53.01227 ], [ 13.81526, 53.01244 ], [ 13.81525, 53.01253 ], [ 13.81512, 53.01262 ], [ 13.81517, 53.01281 ], [ 13.81549, 53.0129 ], [ 13.81614, 53.01281 ], [ 13.81667, 53.01298 ], [ 13.81704, 53.01287 ], [ 13.81685, 53.01223 ], [ 13.81645, 53.01159 ], [ 13.81637, 53.01103 ] ], [ [ 13.81599, 53.01065 ], [ 13.81576, 53.01072 ], [ 13.81554, 53.01066 ], [ 13.81551, 53.01051 ], [ 13.81563, 53.0104 ], [ 13.8159, 53.0104 ], [ 13.81605, 53.01052 ], [ 13.81599, 53.01065 ] ], [ [ 13.81658, 53.0101 ], [ 13.81641, 53.01014 ], [ 13.81619, 53.01008 ], [ 13.81616, 53.00993 ], [ 13.81628, 53.00982 ], [ 13.81655, 53.00982 ], [ 13.8167, 53.00995 ], [ 13.81658, 53.0101 ] ] ] } },
{ "type": "Feature", "properties": { "boden": "100 % mittel, mäßig frisch (M2)" }, "geometry": { "type": "Polygon", "coordinates": [ [ [ 13.82288, 53.01067 ], [ 13.82261, 53.01066 ], [ 13.82249, 53.01077 ], [ 13.82252, 53.01092 ], [ 13.82274, 53.01099 ], [ 13.82297, 53.01092 ], [ 13.82303, 53.01079 ], [ 13.82288, 53.01067 ] ] ] } },
{ "type": "Feature", "properties": { "boden": "100 % mittel, mäßig frisch (M2)" }, "geometry": { "type": "Polygon", "coordinates": [ [ [ 13.81639, 53.01102 ], [ 13.81634, 53.01072 ], [ 13.81601, 53.01074 ], [ 13.81588, 53.01085 ], [ 13.81592, 53.011 ], [ 13.81614, 53.01106 ], [ 13.81639, 53.01102 ] ] ] } },
{ "type": "Feature", "properties": { "boden": "100 % kräftig, nass (OK2)" }, "geometry": { "type": "Polygon", "coordinates": [ [ [ 13.81018, 53.00934 ], [ 13.80991, 53.00934 ], [ 13.80979, 53.00945 ], [ 13.80981, 53.00954 ], [ 13.81002, 53.00959 ], [ 13.81015, 53.00956 ], [ 13.81025, 53.0094 ], [ 13.81018, 53.00934 ] ] ] } },
{ "type": "Feature", "properties": { "boden": "100 % ziemlich arm, nass (NZ3)" }, "geometry": { "type": "Polygon", "coordinates": [ [ [ 13.81015, 53.00956 ], [ 13.81002, 53.00959 ], [ 13.80981, 53.00954 ], [ 13.80982, 53.0096 ], [ 13.81004, 53.00966 ], [ 13.81027, 53.00959 ], [ 13.81033, 53.00946 ], [ 13.81025, 53.0094 ], [ 13.81015, 53.00956 ] ] ] } },
{ "type": "Feature", "properties": { "boden": "100 % ziemlich arm, nass (NZ3)" }, "geometry": { "type": "Polygon", "coordinates": [ [ [ 13.81123, 53.01084 ], [ 13.81153, 53.01041 ], [ 13.81157, 53.00973 ], [ 13.81151, 53.0095 ], [ 13.81127, 53.00938 ], [ 13.81079, 53.00925 ], [ 13.81046, 53.00925 ], [ 13.8103, 53.00929 ], [ 13.81025, 53.0094 ], [ 13.81033, 53.00946 ], [ 13.81027, 53.00959 ], [ 13.81004, 53.00966 ], [ 13.80964, 53.00948 ], [ 13.8094, 53.00948 ], [ 13.80932, 53.00969 ], [ 13.81014, 53.01104 ], [ 13.81039, 53.0111 ], [ 13.81067, 53.01105 ], [ 13.81123, 53.01084 ] ] ] } },
{ "type": "Feature", "properties": { "boden": "70 % kräftig, mäßig frisch (K2) · 30 % reich, mäßig frisch (R2)" }, "geometry": { "type": "Polygon", "coordinates": [ [ [ 13.81338, 53.01005 ], [ 13.81311, 53.01005 ], [ 13.81299, 53.01016 ], [ 13.81302, 53.01031 ], [ 13.81324, 53.01037 ], [ 13.81347, 53.01031 ], [ 13.81353, 53.01018 ], [ 13.81338, 53.01005 ] ] ] } },
{ "type": "Feature", "properties": { "boden": "70 % kräftig, mäßig frisch (K2) · 30 % reich, mäßig frisch (R2)" }, "geometry": { "type": "Polygon", "coordinates": [ [ [ 13.81404, 53.01688 ], [ 13.81411, 53.01662 ], [ 13.81425, 53.01649 ], [ 13.81449, 53.01648 ], [ 13.8148, 53.01659 ], [ 13.81502, 53.01661 ], [ 13.81518, 53.01654 ], [ 13.8154, 53.01626 ], [ 13.81552, 53.01604 ], [ 13.81555, 53.01576 ], [ 13.81542, 53.01543 ], [ 13.81551, 53.01533 ], [ 13.81544, 53.0151 ], [ 13.8155, 53.01472 ], [ 13.81528, 53.0147 ], [ 13.81504, 53.01458 ], [ 13.81485, 53.01416 ], [ 13.81449, 53.01382 ], [ 13.81467, 53.01326 ], [ 13.81455, 53.01315 ], [ 13.81429, 53.01302 ], [ 13.81416, 53.01286 ], [ 13.81412, 53.01265 ], [ 13.81426, 53.01243 ], [ 13.81415, 53.01237 ], [ 13.81408, 53.01226 ], [ 13.81406, 53.01203 ], [ 13.81438, 53.01134 ], [ 13.81433, 53.01087 ], [ 13.81372, 53.00989 ], [ 13.81342, 53.00955 ], [ 13.81306, 53.00947 ], [ 13.81237, 53.0095 ], [ 13.81214, 53.00934 ], [ 13.81212, 53.0088 ], [ 13.81164, 53.00832 ], [ 13.81178, 53.00782 ], [ 13.81157, 53.00756 ], [ 13.81207, 53.00753 ], [ 13.8129, 53.00786 ], [ 13.81351, 53.00785 ], [ 13.81361, 53.00766 ], [ 13.81333, 53.00764 ], [ 13.81339, 53.00748 ], [ 13.81281, 53.00696 ], [ 13.81277, 53.00644 ], [ 13.81298, 53.0062 ], [ 13.81301, 53.00608 ], [ 13.81293, 53.00597 ], [ 13.81275, 53.00587 ], [ 13.81252, 53.00581 ], [ 13.81253, 53.00568 ], [ 13.81237, 53.00556 ], [ 13.81184, 53.00566 ], [ 13.81151, 53.00561 ], [ 13.81123, 53.00548 ], [ 13.81115, 53.0053 ], [ 13.81167, 53.00491 ], [ 13.81163, 53.00471 ], [ 13.8113, 53.00432 ], [ 13.81105, 53.00443 ], [ 13.81083, 53.00436 ], [ 13.8108, 53.00421 ], [ 13.81089, 53.00413 ], [ 13.81045, 53.00408 ], [ 13.81048, 53.00418 ], [ 13.81042, 53.0042 ], [ 13.81057, 53.00432 ], [ 13.81051, 53.00445 ], [ 13.81028, 53.00452 ], [ 13.81002, 53.00443 ], [ 13.81002, 53.00434 ], [ 13.80941, 53.00437 ], [ 13.8095, 53.00444 ], [ 13.80944, 53.00457 ], [ 13.80921, 53.00464 ], [ 13.80899, 53.00457 ], [ 13.809, 53.00438 ], [ 13.80878, 53.00439 ], [ 13.8086, 53.00447 ], [ 13.80904, 53.00482 ], [ 13.80978, 53.00487 ], [ 13.81014, 53.0051 ], [ 13.81002, 53.00566 ], [ 13.80949, 53.00596 ], [ 13.80944, 53.00624 ], [ 13.80952, 53.00634 ], [ 13.80971, 53.00638 ], [ 13.80995, 53.00637 ], [ 13.81058, 53.00627 ], [ 13.81074, 53.00629 ], [ 13.81081, 53.00637 ], [ 13.81028, 53.00727 ], [ 13.81015, 53.00727 ], [ 13.81001, 53.00717 ], [ 13.80971, 53.00674 ], [ 13.80942, 53.00652 ], [ 13.80915, 53.00644 ], [ 13.80893, 53.00646 ], [ 13.80877, 53.00656 ], [ 13.80874, 53.00684 ], [ 13.80898, 53.00742 ], [ 13.80887, 53.0075 ], [ 13.80845, 53.00761 ], [ 13.8077, 53.0077 ], [ 13.80769, 53.00815 ], [ 13.80774, 53.00822 ], [ 13.80768, 53.00832 ], [ 13.80762, 53.01038 ], [ 13.80811, 53.01047 ], [ 13.8083, 53.01076 ], [ 13.80885, 53.01106 ], [ 13.80898, 53.01139 ], [ 13.80951, 53.01142 ], [ 13.80974, 53.0114 ], [ 13.8101, 53.01122 ], [ 13.81021, 53.01109 ], [ 13.81, 53.01086 ], [ 13.80932, 53.00969 ], [ 13.8094, 53.00948 ], [ 13.80929, 53.00938 ], [ 13.80831, 53.00913 ], [ 13.80819, 53.00901 ], [ 13.80819, 53.00889 ], [ 13.80843, 53.00881 ], [ 13.8091, 53.00891 ], [ 13.80968, 53.00887 ], [ 13.80997, 53.00892 ], [ 13.81016, 53.00902 ], [ 13.8103, 53.00929 ], [ 13.81046, 53.00925 ], [ 13.81079, 53.00925 ], [ 13.81127, 53.00938 ], [ 13.81151, 53.0095 ], [ 13.81157, 53.00973 ], [ 13.81153, 53.01041 ], [ 13.81123, 53.01084 ], [ 13.81095, 53.01095 ], [ 13.81104, 53.01133 ], [ 13.81096, 53.01159 ], [ 13.81077, 53.01174 ], [ 13.81029, 53.01194 ], [ 13.81013, 53.01206 ], [ 13.81011, 53.01235 ], [ 13.81049, 53.01275 ], [ 13.81053, 53.01293 ], [ 13.81047, 53.01304 ], [ 13.80986, 53.01334 ], [ 13.80896, 53.01355 ], [ 13.80846, 53.0139 ], [ 13.80818, 53.01396 ], [ 13.80802, 53.01406 ], [ 13.80793, 53.0142 ], [ 13.80751, 53.01442 ], [ 13.80746, 53.0162 ], [ 13.80874, 53.01633 ], [ 13.80852, 53.01601 ], [ 13.80854, 53.01588 ], [ 13.80876, 53.01569 ], [ 13.8092, 53.01557 ], [ 13.8095, 53.01519 ], [ 13.80973, 53.01504 ], [ 13.80993, 53.01501 ], [ 13.81006, 53.01513 ], [ 13.81058, 53.01439 ], [ 13.81102, 53.0139 ], [ 13.81168, 53.01369 ], [ 13.81224, 53.0136 ], [ 13.81254, 53.01365 ], [ 13.81298, 53.01394 ], [ 13.81307, 53.0141 ], [ 13.81309, 53.01503 ], [ 13.81294, 53.01556 ], [ 13.81222, 53.01632 ], [ 13.81212, 53.01652 ], [ 13.81216, 53.01672 ], [ 13.81238, 53.01692 ], [ 13.81334, 53.01719 ], [ 13.81383, 53.01721 ], [ 13.81408, 53.01715 ], [ 13.81404, 53.01688 ] ], [ [ 13.8136, 53.01661 ], [ 13.81356, 53.01647 ], [ 13.81369, 53.01636 ], [ 13.81396, 53.01636 ], [ 13.81411, 53.01648 ], [ 13.81402, 53.01661 ], [ 13.81382, 53.01668 ], [ 13.8136, 53.01661 ] ], [ [ 13.81436, 53.01416 ], [ 13.81413, 53.01422 ], [ 13.81391, 53.01416 ], [ 13.81387, 53.01401 ], [ 13.814, 53.0139 ], [ 13.81427, 53.0139 ], [ 13.81442, 53.01403 ], [ 13.81436, 53.01416 ] ], [ [ 13.80812, 53.01556 ], [ 13.80789, 53.01563 ], [ 13.80767, 53.01556 ], [ 13.80764, 53.01542 ], [ 13.80776, 53.01531 ], [ 13.80803, 53.01531 ], [ 13.80818, 53.01543 ], [ 13.80812, 53.01556 ] ], [ [ 13.81366, 53.01306 ], [ 13.81343, 53.01313 ], [ 13.81322, 53.01306 ], [ 13.81318, 53.01292 ], [ 13.8133, 53.01281 ], [ 13.81357, 53.01281 ], [ 13.81372, 53.01293 ], [ 13.81366, 53.01306 ] ], [ [ 13.81347, 53.01031 ], [ 13.81324, 53.01037 ], [ 13.81302, 53.01031 ], [ 13.81299, 53.01016 ], [ 13.81311, 53.01005 ], [ 13.81338, 53.01005 ], [ 13.81353, 53.01018 ], [ 13.81347, 53.01031 ] ], [ [ 13.81307, 53.00755 ], [ 13.81284, 53.00762 ], [ 13.81263, 53.00755 ], [ 13.81259, 53.0074 ], [ 13.81271, 53.00729 ], [ 13.81299, 53.00729 ], [ 13.81313, 53.00742 ], [ 13.81307, 53.00755 ] ], [ [ 13.81187, 53.00684 ], [ 13.81164, 53.00691 ], [ 13.81142, 53.00685 ], [ 13.81139, 53.0067 ], [ 13.81151, 53.00659 ], [ 13.81178, 53.00659 ], [ 13.81193, 53.00671 ], [ 13.81187, 53.00684 ] ], [ [ 13.81118, 53.00513 ], [ 13.81096, 53.0052 ], [ 13.81074, 53.00513 ], [ 13.8107, 53.00499 ], [ 13.81082, 53.00488 ], [ 13.8111, 53.00488 ], [ 13.81125, 53.005 ], [ 13.81118, 53.00513 ] ] ] } },
{ "type": "Feature", "properties": { "boden": "50 % reich, nass (NR2) · 50 % reich, nass (NR2)" }, "geometry": { "type": "Polygon", "coordinates": [ [ [ 13.808, 53.01055 ], [ 13.80773, 53.01055 ], [ 13.80762, 53.01065 ], [ 13.80764, 53.01081 ], [ 13.80786, 53.01087 ], [ 13.80809, 53.01081 ], [ 13.80815, 53.01068 ], [ 13.808, 53.01055 ] ] ] } },
{ "type": "Feature", "properties": { "boden": "100 % kräftig, nass (ÜK2)" }, "geometry": { "type": "Polygon", "coordinates": [ [ [ 13.82881, 53.01052 ], [ 13.8279, 53.0103 ], [ 13.82711, 53.0103 ], [ 13.82634, 53.01006 ], [ 13.82594, 53.00987 ], [ 13.82555, 53.00992 ], [ 13.82623, 53.01032 ], [ 13.82665, 53.0104 ], [ 13.82797, 53.01044 ], [ 13.82877, 53.01062 ], [ 13.82967, 53.01062 ], [ 13.83038, 53.01069 ], [ 13.83027, 53.0105 ], [ 13.82881, 53.01052 ] ] ] } },
{ "type": "Feature", "properties": { "boden": "100 % mittel, trocken (vermutet) (M3)" }, "geometry": { "type": "Polygon", "coordinates": [ [ [ 13.82647, 53.01098 ], [ 13.82714, 53.01095 ], [ 13.8279, 53.01126 ], [ 13.82851, 53.0113 ], [ 13.82877, 53.01109 ], [ 13.82894, 53.01103 ], [ 13.82921, 53.01103 ], [ 13.8295, 53.0111 ], [ 13.82985, 53.01104 ], [ 13.82979, 53.01098 ], [ 13.82956, 53.01093 ], [ 13.82883, 53.01084 ], [ 13.82847, 53.01099 ], [ 13.82784, 53.01093 ], [ 13.82739, 53.01079 ], [ 13.8268, 53.01046 ], [ 13.82638, 53.01041 ], [ 13.82619, 53.01045 ], [ 13.82603, 53.01055 ], [ 13.82593, 53.01071 ], [ 13.82647, 53.01098 ] ] ] } },
{ "type": "Feature", "properties": { "boden": "100 % mittel, mäßig frisch (M2)" }, "geometry": { "type": "Polygon", "coordinates": [ [ [ 13.8279, 53.01126 ], [ 13.82714, 53.01095 ], [ 13.82647, 53.01098 ], [ 13.82706, 53.01129 ], [ 13.82745, 53.01138 ], [ 13.82803, 53.01138 ], [ 13.82851, 53.0113 ], [ 13.8279, 53.01126 ] ] ] } },
{ "type": "Feature", "properties": { "boden": "100 % kräftig, nass (OK4)" }, "geometry": { "type": "Polygon", "coordinates": [ [ [ 13.82535, 53.01163 ], [ 13.82528, 53.01144 ], [ 13.82497, 53.01145 ], [ 13.82471, 53.01141 ], [ 13.8241, 53.01113 ], [ 13.82394, 53.01113 ], [ 13.8238, 53.01118 ], [ 13.82368, 53.01136 ], [ 13.82369, 53.01149 ], [ 13.82382, 53.01164 ], [ 13.82399, 53.01174 ], [ 13.82425, 53.01179 ], [ 13.82497, 53.01175 ], [ 13.82535, 53.01163 ] ] ] } },
{ "type": "Feature", "properties": { "boden": "100 % kräftig, frisch (K1)" }, "geometry": { "type": "Polygon", "coordinates": [ [ [ 13.82479, 53.01211 ], [ 13.8246, 53.0119 ], [ 13.82432, 53.0119 ], [ 13.8242, 53.01201 ], [ 13.82424, 53.01216 ], [ 13.82445, 53.01222 ], [ 13.82479, 53.01211 ] ] ] } },
{ "type": "Feature", "properties": { "boden": "100 % kräftig, frisch (K1)" }, "geometry": { "type": "Polygon", "coordinates": [ [ [ 13.82365, 53.01205 ], [ 13.8235, 53.01193 ], [ 13.82322, 53.01193 ], [ 13.8231, 53.01204 ], [ 13.82314, 53.01219 ], [ 13.8234, 53.01227 ], [ 13.82355, 53.01222 ], [ 13.82365, 53.01205 ] ] ] } },
{ "type": "Feature", "properties": { "boden": "100 % kräftig, frisch (K1)" }, "geometry": { "type": "Polygon", "coordinates": [ [ [ 13.82385, 53.01354 ], [ 13.82397, 53.01343 ], [ 13.82417, 53.01344 ], [ 13.82399, 53.01327 ], [ 13.82374, 53.01315 ], [ 13.82331, 53.01301 ], [ 13.82327, 53.01309 ], [ 13.82304, 53.01316 ], [ 13.82282, 53.01309 ], [ 13.82279, 53.01295 ], [ 13.82291, 53.01284 ], [ 13.82301, 53.01283 ], [ 13.82298, 53.01269 ], [ 13.82305, 53.01257 ], [ 13.82324, 53.01233 ], [ 13.8234, 53.01227 ], [ 13.82314, 53.01219 ], [ 13.8231, 53.01204 ], [ 13.82322, 53.01193 ], [ 13.8235, 53.01193 ], [ 13.82365, 53.01205 ], [ 13.82355, 53.01222 ], [ 13.82376, 53.01215 ], [ 13.82397, 53.01216 ], [ 13.82422, 53.01236 ], [ 13.82431, 53.01239 ], [ 13.82466, 53.01218 ], [ 13.82445, 53.01222 ], [ 13.82424, 53.01216 ], [ 13.8242, 53.01201 ], [ 13.82432, 53.0119 ], [ 13.8246, 53.0119 ], [ 13.82479, 53.01211 ], [ 13.8251, 53.01189 ], [ 13.82513, 53.01171 ], [ 13.82425, 53.01179 ], [ 13.82399, 53.01174 ], [ 13.82346, 53.01152 ], [ 13.82309, 53.01171 ], [ 13.82297, 53.01204 ], [ 13.82271, 53.0123 ], [ 13.82252, 53.01285 ], [ 13.82253, 53.01301 ], [ 13.82263, 53.01312 ], [ 13.82283, 53.0132 ], [ 13.82348, 53.01337 ], [ 13.82364, 53.01347 ], [ 13.82367, 53.01364 ], [ 13.82382, 53.01379 ], [ 13.82397, 53.01373 ], [ 13.82385, 53.01354 ] ] ] } },
{ "type": "Feature", "properties": { "boden": "100 % kräftig, trocken (vermutet) (K3)" }, "geometry": { "type": "Polygon", "coordinates": [ [ [ 13.82541, 53.01221 ], [ 13.82531, 53.01225 ], [ 13.82511, 53.01249 ], [ 13.82481, 53.01263 ], [ 13.82477, 53.01271 ], [ 13.82486, 53.01285 ], [ 13.82514, 53.01307 ], [ 13.82536, 53.0132 ], [ 13.82558, 53.01326 ], [ 13.82562, 53.01287 ], [ 13.82552, 53.0124 ], [ 13.82541, 53.01221 ] ] ] } },
{ "type": "Feature", "properties": { "boden": "100 % mittel, nass (OM2)" }, "geometry": { "type": "Polygon", "coordinates": [ [ [ 13.82709, 53.0127 ], [ 13.82673, 53.01275 ], [ 13.82669, 53.01297 ], [ 13.82678, 53.01312 ], [ 13.82709, 53.01311 ], [ 13.82726, 53.01305 ], [ 13.82733, 53.01291 ], [ 13.82727, 53.01278 ], [ 13.82709, 53.0127 ] ] ] } },
{ "type": "Feature", "properties": { "boden": "100 % mittel, mäßig frisch (M2)" }, "geometry": { "type": "Polygon", "coordinates": [ [ [ 13.82928, 53.01452 ], [ 13.82985, 53.0142 ], [ 13.82997, 53.01399 ], [ 13.82973, 53.01368 ], [ 13.82938, 53.01362 ], [ 13.82926, 53.01352 ], [ 13.82952, 53.01325 ], [ 13.82939, 53.01315 ], [ 13.829, 53.01306 ], [ 13.82887, 53.01295 ], [ 13.82887, 53.0128 ], [ 13.82904, 53.01252 ], [ 13.82923, 53.01241 ], [ 13.82952, 53.01235 ], [ 13.82981, 53.01238 ], [ 13.83, 53.01252 ], [ 13.83066, 53.0125 ], [ 13.83085, 53.0122 ], [ 13.83098, 53.01214 ], [ 13.83118, 53.0122 ], [ 13.83122, 53.01235 ], [ 13.8311, 53.01247 ], [ 13.83073, 53.01256 ], [ 13.83049, 53.01286 ], [ 13.82973, 53.0131 ], [ 13.82959, 53.01324 ], [ 13.82961, 53.01342 ], [ 13.83004, 53.01358 ], [ 13.83034, 53.0138 ], [ 13.83076, 53.01444 ], [ 13.83105, 53.01418 ], [ 13.83084, 53.01367 ], [ 13.83089, 53.01348 ], [ 13.83116, 53.01326 ], [ 13.83348, 53.01271 ], [ 13.8338, 53.01276 ], [ 13.83383, 53.01271 ], [ 13.83376, 53.01264 ], [ 13.83357, 53.01258 ], [ 13.83338, 53.01263 ], [ 13.83305, 53.01229 ], [ 13.83262, 53.01226 ], [ 13.83252, 53.01217 ], [ 13.83263, 53.01202 ], [ 13.83329, 53.01207 ], [ 13.83371, 53.01191 ], [ 13.83383, 53.01172 ], [ 13.83369, 53.01144 ], [ 13.83394, 53.01141 ], [ 13.83357, 53.01117 ], [ 13.83337, 53.0111 ], [ 13.83327, 53.01115 ], [ 13.83323, 53.01125 ], [ 13.83333, 53.01146 ], [ 13.83333, 53.01161 ], [ 13.83319, 53.01173 ], [ 13.83305, 53.01177 ], [ 13.83278, 53.01176 ], [ 13.83241, 53.0116 ], [ 13.83205, 53.01154 ], [ 13.83134, 53.01161 ], [ 13.83061, 53.01176 ], [ 13.82981, 53.01164 ], [ 13.82966, 53.0115 ], [ 13.82968, 53.01145 ], [ 13.8298, 53.01142 ], [ 13.82851, 53.0113 ], [ 13.82803, 53.01138 ], [ 13.82745, 53.01138 ], [ 13.82706, 53.01129 ], [ 13.82647, 53.01098 ], [ 13.82578, 53.01108 ], [ 13.8259, 53.01137 ], [ 13.82599, 53.01197 ], [ 13.82615, 53.01227 ], [ 13.82636, 53.01296 ], [ 13.82651, 53.01388 ], [ 13.82685, 53.01403 ], [ 13.82697, 53.01417 ], [ 13.82697, 53.01444 ], [ 13.82828, 53.01389 ], [ 13.82886, 53.01375 ], [ 13.82899, 53.01391 ], [ 13.82809, 53.0142 ], [ 13.82741, 53.01469 ], [ 13.82706, 53.01482 ], [ 13.82688, 53.01479 ], [ 13.82678, 53.01488 ], [ 13.8269, 53.01528 ], [ 13.82758, 53.01478 ], [ 13.82797, 53.01468 ], [ 13.82867, 53.01462 ], [ 13.82928, 53.01452 ] ], [ [ 13.82733, 53.01291 ], [ 13.82726, 53.01305 ], [ 13.82709, 53.01311 ], [ 13.82678, 53.01312 ], [ 13.82669, 53.01297 ], [ 13.82673, 53.01275 ], [ 13.82709, 53.0127 ], [ 13.82727, 53.01278 ], [ 13.82733, 53.01291 ] ], [ [ 13.83204, 53.01197 ], [ 13.83183, 53.012 ], [ 13.83171, 53.01193 ], [ 13.83175, 53.01182 ], [ 13.8322, 53.01161 ], [ 13.83222, 53.01184 ], [ 13.83204, 53.01197 ] ] ] } },
{ "type": "Feature", "properties": { "boden": "100 % kräftig, nass (NK3)" }, "geometry": { "type": "Polygon", "coordinates": [ [ [ 13.81095, 53.01095 ], [ 13.81039, 53.0111 ], [ 13.81021, 53.01109 ], [ 13.80994, 53.01133 ], [ 13.80974, 53.0114 ], [ 13.80951, 53.01142 ], [ 13.80898, 53.01139 ], [ 13.80902, 53.0115 ], [ 13.80873, 53.01283 ], [ 13.80827, 53.01366 ], [ 13.80752, 53.01413 ], [ 13.80751, 53.01442 ], [ 13.80793, 53.0142 ], [ 13.80802, 53.01406 ], [ 13.80818, 53.01396 ], [ 13.80846, 53.0139 ], [ 13.80896, 53.01355 ], [ 13.80986, 53.01334 ], [ 13.81047, 53.01304 ], [ 13.81053, 53.01293 ], [ 13.81049, 53.01275 ], [ 13.81011, 53.01235 ], [ 13.81008, 53.01221 ], [ 13.81013, 53.01206 ], [ 13.81029, 53.01194 ], [ 13.81077, 53.01174 ], [ 13.81096, 53.01159 ], [ 13.81104, 53.01133 ], [ 13.81095, 53.01095 ] ] ] } },
{ "type": "Feature", "properties": { "boden": "70 % kräftig, mäßig frisch (K2) · 30 % reich, mäßig frisch (R2)" }, "geometry": { "type": "Polygon", "coordinates": [ [ [ 13.81357, 53.01281 ], [ 13.8133, 53.01281 ], [ 13.81318, 53.01292 ], [ 13.81322, 53.01306 ], [ 13.81343, 53.01313 ], [ 13.81366, 53.01306 ], [ 13.81372, 53.01293 ], [ 13.81357, 53.01281 ] ] ] } },
{ "type": "Feature", "properties": { "boden": "70 % kräftig, mäßig frisch (K2) · 30 % reich, mäßig frisch (R2)" }, "geometry": { "type": "Polygon", "coordinates": [ [ [ 13.81427, 53.0139 ], [ 13.814, 53.0139 ], [ 13.81387, 53.01401 ], [ 13.81391, 53.01416 ], [ 13.81413, 53.01422 ], [ 13.81436, 53.01416 ], [ 13.81442, 53.01403 ], [ 13.81427, 53.0139 ] ] ] } },
{ "type": "Feature", "properties": { "boden": "100 % kräftig, trocken (vermutet) (K3)" }, "geometry": { "type": "Polygon", "coordinates": [ [ [ 13.81148, 53.01509 ], [ 13.81126, 53.01513 ], [ 13.81132, 53.01529 ], [ 13.81163, 53.0155 ], [ 13.81175, 53.01551 ], [ 13.81191, 53.01544 ], [ 13.81195, 53.01535 ], [ 13.8119, 53.01522 ], [ 13.81175, 53.01513 ], [ 13.81148, 53.01509 ] ] ] } },
{ "type": "Feature", "properties": { "boden": "70 % kräftig, trocken (vermutet) (K3) · 30 % reich, trocken (vermutet) (R3)" }, "geometry": { "type": "Polygon", "coordinates": [ [ [ 13.81004, 53.01507 ], [ 13.80993, 53.01501 ], [ 13.80973, 53.01504 ], [ 13.8095, 53.01519 ], [ 13.8092, 53.01557 ], [ 13.80988, 53.01532 ], [ 13.81001, 53.01523 ], [ 13.81004, 53.01507 ] ] ] } },
{ "type": "Feature", "properties": { "boden": "70 % kräftig, mäßig frisch (K2) · 30 % reich, mäßig frisch (R2)" }, "geometry": { "type": "Polygon", "coordinates": [ [ [ 13.80803, 53.01531 ], [ 13.80776, 53.01531 ], [ 13.80764, 53.01542 ], [ 13.80767, 53.01556 ], [ 13.80789, 53.01563 ], [ 13.80812, 53.01556 ], [ 13.80818, 53.01543 ], [ 13.80803, 53.01531 ] ] ] } },
{ "type": "Feature", "properties": { "boden": "100 % kräftig, trocken (vermutet) (K3)" }, "geometry": { "type": "Polygon", "coordinates": [ [ [ 13.81001, 53.01523 ], [ 13.80973, 53.01539 ], [ 13.8092, 53.01557 ], [ 13.80923, 53.01579 ], [ 13.80934, 53.01587 ], [ 13.8095, 53.01586 ], [ 13.80986, 53.01554 ], [ 13.81003, 53.0153 ], [ 13.81006, 53.01513 ], [ 13.81001, 53.01523 ] ] ] } },
{ "type": "Feature", "properties": { "boden": "100 % mittel, mäßig frisch (M2)" }, "geometry": { "type": "Polygon", "coordinates": [ [ [ 13.81042, 53.01562 ], [ 13.81015, 53.01562 ], [ 13.81003, 53.01573 ], [ 13.81006, 53.01588 ], [ 13.81028, 53.01594 ], [ 13.81051, 53.01587 ], [ 13.81057, 53.01574 ], [ 13.81042, 53.01562 ] ] ] } },
{ "type": "Feature", "properties": { "boden": "100 % mittel, mäßig frisch (M2)" }, "geometry": { "type": "Polygon", "coordinates": [ [ [ 13.81199, 53.01568 ], [ 13.81171, 53.01568 ], [ 13.81159, 53.01579 ], [ 13.81163, 53.01593 ], [ 13.81184, 53.016 ], [ 13.81207, 53.01593 ], [ 13.81213, 53.0158 ], [ 13.81199, 53.01568 ] ] ] } },
{ "type": "Feature", "properties": { "boden": "100 % mittel, mäßig frisch (M2)" }, "geometry": { "type": "Polygon", "coordinates": [ [ [ 13.8195, 53.0111 ], [ 13.8195, 53.01135 ], [ 13.81974, 53.01137 ], [ 13.81997, 53.0113 ], [ 13.82003, 53.01117 ], [ 13.81989, 53.01105 ], [ 13.81971, 53.01102 ], [ 13.8195, 53.0111 ] ] ] } },
{ "type": "Feature", "properties": { "boden": "100 % mittel, trocken (vermutet) (M3)" }, "geometry": { "type": "Polygon", "coordinates": [ [ [ 13.82156, 53.01117 ], [ 13.82137, 53.01118 ], [ 13.82131, 53.01125 ], [ 13.82143, 53.01143 ], [ 13.82158, 53.01146 ], [ 13.82171, 53.01136 ], [ 13.82172, 53.01125 ], [ 13.82156, 53.01117 ] ] ] } },
{ "type": "Feature", "properties": { "boden": "100 % mittel, mäßig frisch (M2)" }, "geometry": { "type": "Polygon", "coordinates": [ [ [ 13.81952, 53.01242 ], [ 13.81991, 53.01235 ], [ 13.81997, 53.01222 ], [ 13.81983, 53.0121 ], [ 13.81955, 53.01209 ], [ 13.81945, 53.01214 ], [ 13.81952, 53.01242 ] ] ] } },
{ "type": "Feature", "properties": { "boden": "100 % kräftig, frisch (K1)" }, "geometry": { "type": "Polygon", "coordinates": [ [ [ 13.82317, 53.01297 ], [ 13.82301, 53.01283 ], [ 13.82291, 53.01284 ], [ 13.82279, 53.01295 ], [ 13.82282, 53.01309 ], [ 13.82304, 53.01316 ], [ 13.82327, 53.01309 ], [ 13.82331, 53.01301 ], [ 13.82317, 53.01297 ] ] ] } },
{ "type": "Feature", "properties": { "boden": "100 % kräftig, nass (OK2)" }, "geometry": { "type": "Polygon", "coordinates": [ [ [ 13.81653, 53.0135 ], [ 13.81625, 53.0135 ], [ 13.81613, 53.01361 ], [ 13.81617, 53.01376 ], [ 13.81638, 53.01383 ], [ 13.81661, 53.01376 ], [ 13.81667, 53.01363 ], [ 13.81653, 53.0135 ] ] ] } },
{ "type": "Feature", "properties": { "boden": "100 % kräftig, nass (OK3)" }, "geometry": { "type": "Polygon", "coordinates": [ [ [ 13.82367, 53.01364 ], [ 13.82348, 53.01355 ], [ 13.82323, 53.01355 ], [ 13.82293, 53.01361 ], [ 13.82222, 53.01401 ], [ 13.82211, 53.0141 ], [ 13.82215, 53.01421 ], [ 13.82245, 53.01431 ], [ 13.82296, 53.01426 ], [ 13.82351, 53.01438 ], [ 13.82398, 53.01429 ], [ 13.82404, 53.01416 ], [ 13.82425, 53.01407 ], [ 13.8242, 53.014 ], [ 13.824, 53.01398 ], [ 13.82367, 53.01364 ] ] ] } },
{ "type": "Feature", "properties": { "boden": "100 % kräftig, trocken (vermutet) (K3)" }, "geometry": { "type": "Polygon", "coordinates": [ [ [ 13.81781, 53.01407 ], [ 13.81767, 53.01408 ], [ 13.81752, 53.01418 ], [ 13.81755, 53.01435 ], [ 13.8177, 53.01433 ], [ 13.81796, 53.01419 ], [ 13.81799, 53.01413 ], [ 13.81781, 53.01407 ] ] ] } },
{ "type": "Feature", "properties": { "boden": "100 % kräftig, mäßig frisch (K2)" }, "geometry": { "type": "Polygon", "coordinates": [ [ [ 13.81882, 53.0145 ], [ 13.81888, 53.01462 ], [ 13.81933, 53.01453 ], [ 13.81939, 53.01439 ], [ 13.81925, 53.01427 ], [ 13.81897, 53.01427 ], [ 13.81886, 53.01432 ], [ 13.81882, 53.0145 ] ] ] } },
{ "type": "Feature", "properties": { "boden": "100 % kräftig, trocken (vermutet) (K3)" }, "geometry": { "type": "Polygon", "coordinates": [ [ [ 13.81642, 53.01467 ], [ 13.81615, 53.01481 ], [ 13.81609, 53.01498 ], [ 13.81639, 53.01501 ], [ 13.81681, 53.01496 ], [ 13.81685, 53.0149 ], [ 13.8168, 53.01483 ], [ 13.81653, 53.01468 ], [ 13.81642, 53.01467 ] ] ] } },
{ "type": "Feature", "properties": { "boden": "100 % kräftig, mäßig frisch (K2)" }, "geometry": { "type": "Polygon", "coordinates": [ [ [ 13.81882, 53.0145 ], [ 13.81886, 53.01432 ], [ 13.81912, 53.01404 ], [ 13.81988, 53.01364 ], [ 13.8196, 53.01363 ], [ 13.81891, 53.01342 ], [ 13.8183, 53.01348 ], [ 13.81811, 53.01356 ], [ 13.81793, 53.01379 ], [ 13.81747, 53.01398 ], [ 13.81727, 53.01394 ], [ 13.81696, 53.01402 ], [ 13.8164, 53.01432 ], [ 13.81589, 53.01449 ], [ 13.81568, 53.01469 ], [ 13.8155, 53.01472 ], [ 13.81544, 53.0151 ], [ 13.81551, 53.01533 ], [ 13.81571, 53.01529 ], [ 13.81668, 53.01563 ], [ 13.81707, 53.01583 ], [ 13.81731, 53.01606 ], [ 13.81786, 53.01632 ], [ 13.81819, 53.01641 ], [ 13.81855, 53.01645 ], [ 13.81894, 53.01642 ], [ 13.81928, 53.01634 ], [ 13.8196, 53.0162 ], [ 13.81979, 53.01596 ], [ 13.82007, 53.01543 ], [ 13.8203, 53.01532 ], [ 13.82052, 53.01513 ], [ 13.8206, 53.01496 ], [ 13.82057, 53.01481 ], [ 13.82042, 53.01469 ], [ 13.82019, 53.01461 ], [ 13.81978, 53.01459 ], [ 13.81909, 53.01467 ], [ 13.81888, 53.01462 ], [ 13.81882, 53.0145 ] ], [ [ 13.81666, 53.01474 ], [ 13.81685, 53.0149 ], [ 13.81681, 53.01496 ], [ 13.81639, 53.01501 ], [ 13.81609, 53.01498 ], [ 13.8161, 53.01486 ], [ 13.8163, 53.01471 ], [ 13.81642, 53.01467 ], [ 13.81666, 53.01474 ] ], [ [ 13.81809, 53.01578 ], [ 13.81786, 53.01585 ], [ 13.81765, 53.01578 ], [ 13.81761, 53.01563 ], [ 13.81773, 53.01552 ], [ 13.81801, 53.01552 ], [ 13.81815, 53.01565 ], [ 13.81809, 53.01578 ] ], [ [ 13.81799, 53.01413 ], [ 13.8177, 53.01433 ], [ 13.81755, 53.01435 ], [ 13.81751, 53.01433 ], [ 13.81752, 53.01418 ], [ 13.81767, 53.01408 ], [ 13.81788, 53.01408 ], [ 13.81799, 53.01413 ] ] ] } },
{ "type": "Feature", "properties": { "boden": "100 % kräftig, mäßig frisch (K2)" }, "geometry": { "type": "Polygon", "coordinates": [ [ [ 13.82522, 53.01327 ], [ 13.82494, 53.01327 ], [ 13.82482, 53.01338 ], [ 13.82486, 53.01353 ], [ 13.82507, 53.01359 ], [ 13.8253, 53.01352 ], [ 13.82536, 53.01339 ], [ 13.82522, 53.01327 ] ] ] } },
{ "type": "Feature", "properties": { "boden": "100 % kräftig, frisch (K1)" }, "geometry": { "type": "Polygon", "coordinates": [ [ [ 13.82397, 53.01343 ], [ 13.82385, 53.01354 ], [ 13.82397, 53.01373 ], [ 13.82416, 53.01374 ], [ 13.82449, 53.01358 ], [ 13.82417, 53.01344 ], [ 13.82397, 53.01343 ] ] ] } },
{ "type": "Feature", "properties": { "boden": "100 % mittel, nass (NM1)" }, "geometry": { "type": "Polygon", "coordinates": [ [ [ 13.82697, 53.01417 ], [ 13.82685, 53.01403 ], [ 13.82651, 53.01388 ], [ 13.82665, 53.0145 ], [ 13.82678, 53.01452 ], [ 13.82697, 53.01444 ], [ 13.82697, 53.01417 ] ] ] } },
{ "type": "Feature", "properties": { "boden": "50 % kräftig, nass (OK1) · 50 % kräftig, nass (NK1)" }, "geometry": { "type": "Polygon", "coordinates": [ [ [ 13.82815, 53.01529 ], [ 13.82939, 53.01481 ], [ 13.82928, 53.01452 ], [ 13.82867, 53.01462 ], [ 13.82811, 53.01491 ], [ 13.8277, 53.01519 ], [ 13.82774, 53.01528 ], [ 13.82791, 53.01531 ], [ 13.82815, 53.01529 ] ] ] } },
{ "type": "Feature", "properties": { "boden": "100 % mittel, trocken (vermutet) (M3)" }, "geometry": { "type": "Polygon", "coordinates": [ [ [ 13.8239, 53.01491 ], [ 13.82389, 53.01498 ], [ 13.82339, 53.01504 ], [ 13.82283, 53.01529 ], [ 13.82315, 53.01551 ], [ 13.82328, 53.01537 ], [ 13.82376, 53.01517 ], [ 13.82433, 53.01512 ], [ 13.82458, 53.01516 ], [ 13.82488, 53.01495 ], [ 13.82607, 53.01471 ], [ 13.82573, 53.01468 ], [ 13.8239, 53.01491 ] ] ] } },
{ "type": "Feature", "properties": { "boden": "50 % reich, nass (NR2) · 50 % reich, nass (NR1)" }, "geometry": { "type": "Polygon", "coordinates": [ [ [ 13.82791, 53.01531 ], [ 13.82774, 53.01528 ], [ 13.8277, 53.01519 ], [ 13.82811, 53.01491 ], [ 13.82867, 53.01462 ], [ 13.82797, 53.01468 ], [ 13.82758, 53.01478 ], [ 13.8269, 53.01528 ], [ 13.827, 53.01564 ], [ 13.82736, 53.01596 ], [ 13.82807, 53.01582 ], [ 13.82804, 53.01543 ], [ 13.82815, 53.01529 ], [ 13.82791, 53.01531 ] ] ] } },
{ "type": "Feature", "properties": { "boden": "100 % mittel, mäßig frisch (M2)" }, "geometry": { "type": "Polygon", "coordinates": [ [ [ 13.82578, 53.01514 ], [ 13.82551, 53.01514 ], [ 13.82538, 53.01525 ], [ 13.82542, 53.0154 ], [ 13.82564, 53.01546 ], [ 13.82587, 53.01539 ], [ 13.82593, 53.01526 ], [ 13.82578, 53.01514 ] ] ] } },
{ "type": "Feature", "properties": { "boden": "50 % mittel, nass (NM2) · 50 % mittel, frisch (M1)" }, "geometry": { "type": "Polygon", "coordinates": [ [ [ 13.82907, 53.01566 ], [ 13.82889, 53.01566 ], [ 13.82778, 53.01624 ], [ 13.82765, 53.01649 ], [ 13.82773, 53.01658 ], [ 13.82793, 53.01659 ], [ 13.82861, 53.01606 ], [ 13.82903, 53.01589 ], [ 13.8291, 53.01577 ], [ 13.82907, 53.01566 ] ] ] } },
{ "type": "Feature", "properties": { "boden": "100 % mittel, trocken (vermutet) (M3)" }, "geometry": { "type": "Polygon", "coordinates": [ [ [ 13.82397, 53.01611 ], [ 13.8233, 53.01609 ], [ 13.82308, 53.01594 ], [ 13.82288, 53.01586 ], [ 13.82277, 53.0159 ], [ 13.82291, 53.0162 ], [ 13.82344, 53.01643 ], [ 13.82381, 53.01643 ], [ 13.82393, 53.01635 ], [ 13.82419, 53.01627 ], [ 13.82417, 53.01616 ], [ 13.82397, 53.01611 ] ] ] } },
{ "type": "Feature", "properties": { "boden": "100 % mittel, mäßig frisch (M2)" }, "geometry": { "type": "Polygon", "coordinates": [ [ [ 13.8263, 53.01614 ], [ 13.82602, 53.01614 ], [ 13.8259, 53.01625 ], [ 13.82594, 53.0164 ], [ 13.82615, 53.01646 ], [ 13.82638, 53.01639 ], [ 13.82644, 53.01626 ], [ 13.8263, 53.01614 ] ] ] } },
{ "type": "Feature", "properties": { "boden": "100 % mittel, trocken (vermutet) (M3)" }, "geometry": { "type": "Polygon", "coordinates": [ [ [ 13.82283, 53.01529 ], [ 13.82271, 53.01532 ], [ 13.8227, 53.01552 ], [ 13.8228, 53.01557 ], [ 13.82309, 53.01554 ], [ 13.82315, 53.01551 ], [ 13.82283, 53.01529 ] ] ] } },
{ "type": "Feature", "properties": { "boden": "100 % kräftig, mäßig frisch (K2)" }, "geometry": { "type": "Polygon", "coordinates": [ [ [ 13.81801, 53.01552 ], [ 13.81773, 53.01552 ], [ 13.81761, 53.01563 ], [ 13.81765, 53.01578 ], [ 13.81786, 53.01585 ], [ 13.81809, 53.01578 ], [ 13.81815, 53.01565 ], [ 13.81801, 53.01552 ] ] ] } },
{ "type": "Feature", "properties": { "boden": "100 % kräftig, nass (OK2)" }, "geometry": { "type": "Polygon", "coordinates": [ [ [ 13.81707, 53.01583 ], [ 13.81668, 53.01563 ], [ 13.81571, 53.01529 ], [ 13.81551, 53.01533 ], [ 13.81542, 53.01543 ], [ 13.81544, 53.01557 ], [ 13.81572, 53.01596 ], [ 13.816, 53.01609 ], [ 13.81644, 53.0161 ], [ 13.81715, 53.0163 ], [ 13.81727, 53.01628 ], [ 13.81731, 53.01606 ], [ 13.81707, 53.01583 ] ] ] } },
{ "type": "Feature", "properties": { "boden": "100 % mittel, mäßig frisch (M2)" }, "geometry": { "type": "Polygon", "coordinates": [ [ [ 13.82315, 53.01552 ], [ 13.82289, 53.01557 ], [ 13.82274, 53.01555 ], [ 13.82268, 53.01547 ], [ 13.82272, 53.01531 ], [ 13.82249, 53.01542 ], [ 13.82291, 53.01649 ], [ 13.82149, 53.01712 ], [ 13.82259, 53.01718 ], [ 13.82291, 53.01706 ], [ 13.82377, 53.01693 ], [ 13.8242, 53.01675 ], [ 13.82441, 53.0166 ], [ 13.82444, 53.01643 ], [ 13.82426, 53.01601 ], [ 13.82404, 53.01586 ], [ 13.82376, 53.01574 ], [ 13.82347, 53.01569 ], [ 13.82315, 53.01552 ] ], [ [ 13.82417, 53.01616 ], [ 13.82419, 53.01627 ], [ 13.82393, 53.01635 ], [ 13.82381, 53.01643 ], [ 13.82344, 53.01643 ], [ 13.82291, 53.0162 ], [ 13.82277, 53.0159 ], [ 13.82288, 53.01586 ], [ 13.82308, 53.01594 ], [ 13.8233, 53.01609 ], [ 13.82397, 53.01611 ], [ 13.82417, 53.01616 ] ] ] } },
{ "type": "Feature", "properties": { "boden": "100 % reich, mäßig frisch (R2)" }, "geometry": { "type": "Polygon", "coordinates": [ [ [ 13.82041, 53.01634 ], [ 13.82129, 53.01692 ], [ 13.82149, 53.01712 ], [ 13.82291, 53.01649 ], [ 13.82249, 53.01542 ], [ 13.82041, 53.01634 ] ] ] } },
{ "type": "Feature", "properties": { "boden": "100 % kräftig, nass (OK3)" }, "geometry": { "type": "Polygon", "coordinates": [ [ [ 13.8148, 53.01659 ], [ 13.81449, 53.01648 ], [ 13.81425, 53.01649 ], [ 13.81411, 53.01662 ], [ 13.81404, 53.01688 ], [ 13.81408, 53.01715 ], [ 13.8142, 53.01732 ], [ 13.81435, 53.01745 ], [ 13.81458, 53.01751 ], [ 13.81495, 53.01732 ], [ 13.81508, 53.01721 ], [ 13.81511, 53.01708 ], [ 13.81535, 53.01693 ], [ 13.8154, 53.01684 ], [ 13.81541, 53.01676 ], [ 13.81519, 53.01666 ], [ 13.8148, 53.01659 ] ] ] } },
{ "type": "Feature", "properties": { "boden": "100 % kräftig, mäßig frisch (K2)" }, "geometry": { "type": "Polygon", "coordinates": [ [ [ 13.81902, 53.02256 ], [ 13.81898, 53.02252 ], [ 13.81909, 53.02241 ], [ 13.81981, 53.0224 ], [ 13.82009, 53.0223 ], [ 13.82025, 53.02218 ], [ 13.82035, 53.02149 ], [ 13.82057, 53.0212 ], [ 13.82081, 53.02111 ], [ 13.82141, 53.02108 ], [ 13.82213, 53.02092 ], [ 13.82184, 53.02076 ], [ 13.82214, 53.0204 ], [ 13.82302, 53.01983 ], [ 13.82301, 53.01899 ], [ 13.82314, 53.01859 ], [ 13.82362, 53.0188 ], [ 13.82396, 53.0189 ], [ 13.82446, 53.01895 ], [ 13.82462, 53.01905 ], [ 13.82454, 53.01931 ], [ 13.8238, 53.01986 ], [ 13.82384, 53.02025 ], [ 13.8241, 53.02018 ], [ 13.82443, 53.02002 ], [ 13.82517, 53.01957 ], [ 13.82519, 53.01923 ], [ 13.82529, 53.01902 ], [ 13.82564, 53.01867 ], [ 13.82567, 53.01838 ], [ 13.82552, 53.01824 ], [ 13.82509, 53.01804 ], [ 13.82424, 53.01769 ], [ 13.8238, 53.01758 ], [ 13.82326, 53.01751 ], [ 13.82219, 53.01777 ], [ 13.82198, 53.01776 ], [ 13.82206, 53.01786 ], [ 13.82196, 53.01796 ], [ 13.82173, 53.01797 ], [ 13.82105, 53.01776 ], [ 13.82074, 53.01779 ], [ 13.82034, 53.01811 ], [ 13.81974, 53.01833 ], [ 13.81953, 53.01835 ], [ 13.81885, 53.01884 ], [ 13.81866, 53.01892 ], [ 13.81863, 53.01907 ], [ 13.81873, 53.01921 ], [ 13.81846, 53.0193 ], [ 13.81817, 53.01928 ], [ 13.81804, 53.01925 ], [ 13.81799, 53.01918 ], [ 13.81798, 53.01908 ], [ 13.81806, 53.01899 ], [ 13.81825, 53.01892 ], [ 13.8183, 53.01875 ], [ 13.81791, 53.01822 ], [ 13.81823, 53.01812 ], [ 13.81867, 53.0181 ], [ 13.8189, 53.01795 ], [ 13.81915, 53.01799 ], [ 13.81972, 53.01794 ], [ 13.82008, 53.01783 ], [ 13.82081, 53.01736 ], [ 13.8211, 53.01729 ], [ 13.8214, 53.01733 ], [ 13.82149, 53.01712 ], [ 13.82129, 53.01692 ], [ 13.82041, 53.01634 ], [ 13.82339, 53.01504 ], [ 13.82389, 53.01498 ], [ 13.82368, 53.0149 ], [ 13.82608, 53.01456 ], [ 13.82618, 53.01447 ], [ 13.82593, 53.01362 ], [ 13.82573, 53.01329 ], [ 13.82553, 53.01216 ], [ 13.82535, 53.01163 ], [ 13.82513, 53.01171 ], [ 13.8251, 53.01189 ], [ 13.82495, 53.01203 ], [ 13.82431, 53.01239 ], [ 13.82422, 53.01236 ], [ 13.82397, 53.01216 ], [ 13.82376, 53.01215 ], [ 13.82324, 53.01233 ], [ 13.82298, 53.01269 ], [ 13.82305, 53.0129 ], [ 13.82317, 53.01297 ], [ 13.82374, 53.01315 ], [ 13.82399, 53.01327 ], [ 13.82417, 53.01344 ], [ 13.82449, 53.01358 ], [ 13.82416, 53.01374 ], [ 13.82397, 53.01373 ], [ 13.82382, 53.01379 ], [ 13.824, 53.01398 ], [ 13.8242, 53.014 ], [ 13.82425, 53.01407 ], [ 13.82404, 53.01416 ], [ 13.82398, 53.01429 ], [ 13.82351, 53.01438 ], [ 13.82296, 53.01426 ], [ 13.82245, 53.01431 ], [ 13.82215, 53.01421 ], [ 13.82211, 53.0141 ], [ 13.82222, 53.01401 ], [ 13.82293, 53.01361 ], [ 13.82323, 53.01355 ], [ 13.82348, 53.01355 ], [ 13.82367, 53.01364 ], [ 13.82364, 53.01347 ], [ 13.82348, 53.01337 ], [ 13.82263, 53.01312 ], [ 13.82253, 53.01301 ], [ 13.82252, 53.01285 ], [ 13.82264, 53.01256 ], [ 13.82205, 53.01282 ], [ 13.82122, 53.01301 ], [ 13.82079, 53.01317 ], [ 13.82012, 53.0136 ], [ 13.81988, 53.01364 ], [ 13.81912, 53.01404 ], [ 13.81886, 53.01432 ], [ 13.81897, 53.01427 ], [ 13.81925, 53.01427 ], [ 13.81939, 53.01439 ], [ 13.81933, 53.01453 ], [ 13.81888, 53.01462 ], [ 13.81909, 53.01467 ], [ 13.81978, 53.01459 ], [ 13.82019, 53.01461 ], [ 13.82042, 53.01469 ], [ 13.82057, 53.01481 ], [ 13.8206, 53.01496 ], [ 13.82052, 53.01513 ], [ 13.8203, 53.01532 ], [ 13.82007, 53.01543 ], [ 13.81979, 53.01596 ], [ 13.8196, 53.0162 ], [ 13.81928, 53.01634 ], [ 13.81894, 53.01642 ], [ 13.81855, 53.01645 ], [ 13.81819, 53.01641 ], [ 13.81786, 53.01632 ], [ 13.81731, 53.01606 ], [ 13.81732, 53.01622 ], [ 13.81727, 53.01628 ], [ 13.81715, 53.0163 ], [ 13.81644, 53.0161 ], [ 13.816, 53.01609 ], [ 13.81572, 53.01596 ], [ 13.81555, 53.01576 ], [ 13.81552, 53.01604 ], [ 13.8154, 53.01626 ], [ 13.81518, 53.01654 ], [ 13.81502, 53.01661 ], [ 13.81541, 53.01676 ], [ 13.81535, 53.01693 ], [ 13.81511, 53.01708 ], [ 13.81508, 53.01721 ], [ 13.81495, 53.01732 ], [ 13.81425, 53.01767 ], [ 13.81382, 53.01797 ], [ 13.81381, 53.01841 ], [ 13.81371, 53.01864 ], [ 13.81345, 53.01887 ], [ 13.81338, 53.0193 ], [ 13.81325, 53.01944 ], [ 13.81283, 53.01966 ], [ 13.81257, 53.01986 ], [ 13.81261, 53.02017 ], [ 13.81285, 53.02062 ], [ 13.81372, 53.02055 ], [ 13.8139, 53.02082 ], [ 13.81358, 53.02128 ], [ 13.81347, 53.02127 ], [ 13.81321, 53.02172 ], [ 13.81359, 53.02176 ], [ 13.81475, 53.02161 ], [ 13.81539, 53.02157 ], [ 13.81595, 53.02158 ], [ 13.8152, 53.02146 ], [ 13.8144, 53.02144 ], [ 13.81495, 53.02133 ], [ 13.81547, 53.02128 ], [ 13.81596, 53.02132 ], [ 13.81657, 53.02142 ], [ 13.81711, 53.02157 ], [ 13.81783, 53.02189 ], [ 13.81812, 53.02192 ], [ 13.81836, 53.02213 ], [ 13.8184, 53.02229 ], [ 13.8183, 53.02234 ], [ 13.81808, 53.02235 ], [ 13.81789, 53.02225 ], [ 13.81792, 53.02228 ], [ 13.81851, 53.02258 ], [ 13.81866, 53.02262 ], [ 13.81902, 53.02256 ] ], [ [ 13.81911, 53.0214 ], [ 13.81921, 53.02148 ], [ 13.81919, 53.02158 ], [ 13.81905, 53.02169 ], [ 13.81868, 53.02169 ], [ 13.81853, 53.02165 ], [ 13.8184, 53.02155 ], [ 13.81845, 53.02142 ], [ 13.81858, 53.02138 ], [ 13.81911, 53.0214 ] ], [ [ 13.81615, 53.01778 ], [ 13.81593, 53.01772 ], [ 13.81589, 53.01757 ], [ 13.81607, 53.01746 ], [ 13.81575, 53.01709 ], [ 13.81573, 53.01683 ], [ 13.81631, 53.0166 ], [ 13.81634, 53.01663 ], [ 13.81673, 53.01644 ], [ 13.81717, 53.0169 ], [ 13.81768, 53.01734 ], [ 13.81786, 53.0174 ], [ 13.81791, 53.01747 ], [ 13.81673, 53.01802 ], [ 13.81723, 53.01883 ], [ 13.81742, 53.01959 ], [ 13.81742, 53.02022 ], [ 13.81782, 53.02018 ], [ 13.81782, 53.0203 ], [ 13.81814, 53.02025 ], [ 13.81836, 53.02074 ], [ 13.81853, 53.02134 ], [ 13.81786, 53.02147 ], [ 13.81767, 53.02139 ], [ 13.81746, 53.02142 ], [ 13.81743, 53.02135 ], [ 13.81695, 53.0214 ], [ 13.81669, 53.02015 ], [ 13.81546, 53.02015 ], [ 13.81538, 53.01937 ], [ 13.81513, 53.01939 ], [ 13.81509, 53.01832 ], [ 13.81666, 53.0182 ], [ 13.8164, 53.01814 ], [ 13.81649, 53.01793 ], [ 13.81631, 53.01774 ], [ 13.81615, 53.01778 ] ], [ [ 13.81548, 53.01796 ], [ 13.81525, 53.01803 ], [ 13.81504, 53.01796 ], [ 13.815, 53.01782 ], [ 13.81512, 53.01771 ], [ 13.8154, 53.01771 ], [ 13.81554, 53.01783 ], [ 13.81548, 53.01796 ] ], [ [ 13.81412, 53.01937 ], [ 13.81389, 53.01944 ], [ 13.81368, 53.01937 ], [ 13.81364, 53.01922 ], [ 13.81376, 53.01911 ], [ 13.81404, 53.01911 ], [ 13.81418, 53.01924 ], [ 13.81412, 53.01937 ] ], [ [ 13.81474, 53.02088 ], [ 13.81451, 53.02095 ], [ 13.8143, 53.02088 ], [ 13.81426, 53.02073 ], [ 13.81438, 53.02062 ], [ 13.81466, 53.02063 ], [ 13.8148, 53.02075 ], [ 13.81474, 53.02088 ] ], [ [ 13.81961, 53.02103 ], [ 13.81938, 53.02109 ], [ 13.81916, 53.02103 ], [ 13.81913, 53.02088 ], [ 13.81925, 53.02077 ], [ 13.81952, 53.02077 ], [ 13.81967, 53.0209 ], [ 13.81961, 53.02103 ] ], [ [ 13.82117, 53.02049 ], [ 13.82094, 53.02056 ], [ 13.82072, 53.02049 ], [ 13.82069, 53.02034 ], [ 13.82081, 53.02023 ], [ 13.82108, 53.02024 ], [ 13.82123, 53.02036 ], [ 13.82117, 53.02049 ] ], [ [ 13.82209, 53.01985 ], [ 13.82186, 53.01992 ], [ 13.82164, 53.01985 ], [ 13.82161, 53.0197 ], [ 13.82173, 53.01959 ], [ 13.822, 53.0196 ], [ 13.82215, 53.01972 ], [ 13.82209, 53.01985 ] ], [ [ 13.8253, 53.01352 ], [ 13.82507, 53.01359 ], [ 13.82486, 53.01353 ], [ 13.82482, 53.01338 ], [ 13.82494, 53.01327 ], [ 13.82522, 53.01327 ], [ 13.82536, 53.01339 ], [ 13.8253, 53.01352 ] ], [ [ 13.82552, 53.0124 ], [ 13.82564, 53.01307 ], [ 13.82558, 53.01326 ], [ 13.82536, 53.0132 ], [ 13.82514, 53.01307 ], [ 13.82486, 53.01285 ], [ 13.82477, 53.01271 ], [ 13.82481, 53.01263 ], [ 13.82511, 53.01249 ], [ 13.82531, 53.01225 ], [ 13.82541, 53.01221 ], [ 13.82552, 53.0124 ] ], [ [ 13.8209, 53.01825 ], [ 13.82102, 53.01814 ], [ 13.82129, 53.01814 ], [ 13.82144, 53.01827 ], [ 13.82138, 53.0184 ], [ 13.82127, 53.01845 ], [ 13.82132, 53.01849 ], [ 13.82126, 53.01862 ], [ 13.82103, 53.01869 ], [ 13.82081, 53.01862 ], [ 13.82077, 53.01848 ], [ 13.8209, 53.01837 ], [ 13.8209, 53.01825 ] ], [ [ 13.82515, 53.01868 ], [ 13.82492, 53.01874 ], [ 13.8247, 53.01868 ], [ 13.82466, 53.01853 ], [ 13.82478, 53.01842 ], [ 13.82506, 53.01842 ], [ 13.82521, 53.01854 ], [ 13.82515, 53.01868 ] ], [ [ 13.82321, 53.01829 ], [ 13.82298, 53.01835 ], [ 13.82276, 53.01829 ], [ 13.82273, 53.01814 ], [ 13.82285, 53.01803 ], [ 13.82312, 53.01803 ], [ 13.82327, 53.01815 ], [ 13.82321, 53.01829 ] ] ] } },
{ "type": "Feature", "properties": { "boden": "100 % kräftig, mäßig frisch (K2)" }, "geometry": { "type": "Polygon", "coordinates": [ [ [ 13.81607, 53.01746 ], [ 13.81589, 53.01757 ], [ 13.81593, 53.01772 ], [ 13.81615, 53.01778 ], [ 13.81631, 53.01774 ], [ 13.81607, 53.01746 ] ] ] } },
{ "type": "Feature", "properties": { "boden": "100 % kräftig, mäßig frisch (K2)" }, "geometry": { "type": "Polygon", "coordinates": [ [ [ 13.8154, 53.01771 ], [ 13.81512, 53.01771 ], [ 13.815, 53.01782 ], [ 13.81504, 53.01796 ], [ 13.81525, 53.01803 ], [ 13.81548, 53.01796 ], [ 13.81554, 53.01783 ], [ 13.8154, 53.01771 ] ] ] } },
{ "type": "Feature", "properties": { "boden": "100 % kräftig, mäßig frisch (K2)" }, "geometry": { "type": "Polygon", "coordinates": [ [ [ 13.82312, 53.01803 ], [ 13.82285, 53.01803 ], [ 13.82273, 53.01814 ], [ 13.82276, 53.01829 ], [ 13.82298, 53.01835 ], [ 13.82321, 53.01829 ], [ 13.82327, 53.01815 ], [ 13.82312, 53.01803 ] ] ] } },
{ "type": "Feature", "properties": { "boden": "100 % mittel, mäßig frisch (M2)" }, "geometry": { "type": "Polygon", "coordinates": [ [ [ 13.82578, 53.01664 ], [ 13.82551, 53.01664 ], [ 13.82538, 53.01675 ], [ 13.82542, 53.0169 ], [ 13.82564, 53.01696 ], [ 13.82587, 53.0169 ], [ 13.82593, 53.01677 ], [ 13.82578, 53.01664 ] ] ] } },
{ "type": "Feature", "properties": { "boden": "100 % mittel, mäßig frisch (M2)" }, "geometry": { "type": "Polygon", "coordinates": [ [ [ 13.82675, 53.01727 ], [ 13.82647, 53.01727 ], [ 13.82635, 53.01738 ], [ 13.82639, 53.01753 ], [ 13.8266, 53.01759 ], [ 13.82683, 53.01753 ], [ 13.82675, 53.01727 ] ] ] } },
{ "type": "Feature", "properties": { "boden": "100 % mittel, mäßig frisch (M2)" }, "geometry": { "type": "Polygon", "coordinates": [ [ [ 13.82573, 53.01468 ], [ 13.82607, 53.01471 ], [ 13.82488, 53.01495 ], [ 13.82458, 53.01516 ], [ 13.82433, 53.01512 ], [ 13.82376, 53.01517 ], [ 13.82322, 53.0154 ], [ 13.82315, 53.01551 ], [ 13.82347, 53.01569 ], [ 13.82376, 53.01574 ], [ 13.82426, 53.01601 ], [ 13.82444, 53.01643 ], [ 13.82441, 53.0166 ], [ 13.8242, 53.01675 ], [ 13.82377, 53.01693 ], [ 13.82291, 53.01706 ], [ 13.82259, 53.01718 ], [ 13.82149, 53.01712 ], [ 13.8214, 53.01733 ], [ 13.82147, 53.01757 ], [ 13.82169, 53.01772 ], [ 13.82219, 53.01777 ], [ 13.82326, 53.01751 ], [ 13.8238, 53.01758 ], [ 13.82424, 53.01769 ], [ 13.82509, 53.01804 ], [ 13.82552, 53.01824 ], [ 13.82567, 53.01838 ], [ 13.82569, 53.01851 ], [ 13.82564, 53.01867 ], [ 13.82529, 53.01902 ], [ 13.82519, 53.01923 ], [ 13.82517, 53.01957 ], [ 13.82548, 53.01946 ], [ 13.82597, 53.01946 ], [ 13.8261, 53.01949 ], [ 13.82652, 53.01967 ], [ 13.82724, 53.02015 ], [ 13.82758, 53.02025 ], [ 13.82742, 53.01963 ], [ 13.8275, 53.01954 ], [ 13.82715, 53.01847 ], [ 13.82663, 53.0162 ], [ 13.82616, 53.01593 ], [ 13.82639, 53.01564 ], [ 13.82627, 53.01496 ], [ 13.82619, 53.01488 ], [ 13.8261, 53.01463 ], [ 13.82573, 53.01468 ] ], [ [ 13.82587, 53.01539 ], [ 13.82564, 53.01546 ], [ 13.82542, 53.0154 ], [ 13.82538, 53.01525 ], [ 13.82551, 53.01514 ], [ 13.82578, 53.01514 ], [ 13.82593, 53.01526 ], [ 13.82587, 53.01539 ] ], [ [ 13.82638, 53.01639 ], [ 13.82615, 53.01646 ], [ 13.82594, 53.0164 ], [ 13.8259, 53.01625 ], [ 13.82602, 53.01614 ], [ 13.8263, 53.01614 ], [ 13.82644, 53.01626 ], [ 13.82638, 53.01639 ] ], [ [ 13.82587, 53.0169 ], [ 13.82564, 53.01696 ], [ 13.82542, 53.0169 ], [ 13.82538, 53.01675 ], [ 13.82551, 53.01664 ], [ 13.82578, 53.01664 ], [ 13.82593, 53.01677 ], [ 13.82587, 53.0169 ] ], [ [ 13.8266, 53.01759 ], [ 13.82639, 53.01753 ], [ 13.82635, 53.01738 ], [ 13.82647, 53.01727 ], [ 13.82675, 53.01727 ], [ 13.82683, 53.01753 ], [ 13.8266, 53.01759 ] ], [ [ 13.82719, 53.01977 ], [ 13.82696, 53.01984 ], [ 13.82675, 53.01977 ], [ 13.82671, 53.01962 ], [ 13.82683, 53.01951 ], [ 13.82711, 53.01952 ], [ 13.82725, 53.01964 ], [ 13.82719, 53.01977 ] ] ] } },
{ "type": "Feature", "properties": { "boden": "100 % kräftig, mäßig frisch (K2)" }, "geometry": { "type": "Polygon", "coordinates": [ [ [ 13.82506, 53.01842 ], [ 13.82478, 53.01842 ], [ 13.82466, 53.01853 ], [ 13.8247, 53.01868 ], [ 13.82492, 53.01874 ], [ 13.82515, 53.01868 ], [ 13.82521, 53.01854 ], [ 13.82506, 53.01842 ] ] ] } },
{ "type": "Feature", "properties": { "boden": "50 % kräftig, nass (OK1) · 50 % mittel, nass (NM1)" }, "geometry": { "type": "Polygon", "coordinates": [ [ [ 13.83037, 53.01906 ], [ 13.83013, 53.019 ], [ 13.82988, 53.01908 ], [ 13.8296, 53.01906 ], [ 13.82941, 53.0191 ], [ 13.82934, 53.01923 ], [ 13.82966, 53.01956 ], [ 13.82975, 53.0198 ], [ 13.82999, 53.02001 ], [ 13.83025, 53.02008 ], [ 13.8305, 53.02002 ], [ 13.83056, 53.01986 ], [ 13.83044, 53.01946 ], [ 13.83047, 53.01921 ], [ 13.83037, 53.01906 ] ] ] } },
{ "type": "Feature", "properties": { "boden": "100 % mittel, mäßig frisch (M2)" }, "geometry": { "type": "Polygon", "coordinates": [ [ [ 13.82711, 53.01952 ], [ 13.82683, 53.01951 ], [ 13.82671, 53.01962 ], [ 13.82675, 53.01977 ], [ 13.82696, 53.01984 ], [ 13.82719, 53.01977 ], [ 13.82725, 53.01964 ], [ 13.82711, 53.01952 ] ] ] } },
{ "type": "Feature", "properties": { "boden": "100 % mittel, mäßig frisch (M2)" }, "geometry": { "type": "Polygon", "coordinates": [ [ [ 13.82384, 53.02025 ], [ 13.8238, 53.01986 ], [ 13.82454, 53.01931 ], [ 13.82462, 53.01905 ], [ 13.82446, 53.01895 ], [ 13.82396, 53.0189 ], [ 13.82362, 53.0188 ], [ 13.82314, 53.01859 ], [ 13.82301, 53.01899 ], [ 13.82302, 53.01983 ], [ 13.82214, 53.0204 ], [ 13.82184, 53.02076 ], [ 13.82213, 53.02092 ], [ 13.82251, 53.02079 ], [ 13.82283, 53.02061 ], [ 13.82313, 53.02035 ], [ 13.82384, 53.02025 ] ] ] } },
{ "type": "Feature", "properties": { "boden": "100 % mittel, mäßig frisch (M2)" }, "geometry": { "type": "Polygon", "coordinates": [ [ [ 13.82739, 53.0202 ], [ 13.82694, 53.01998 ], [ 13.82652, 53.01967 ], [ 13.8261, 53.01949 ], [ 13.82597, 53.01946 ], [ 13.82548, 53.01946 ], [ 13.82517, 53.01957 ], [ 13.82515, 53.01977 ], [ 13.82524, 53.01993 ], [ 13.82564, 53.01984 ], [ 13.82615, 53.0199 ], [ 13.8264, 53.01995 ], [ 13.82668, 53.02015 ], [ 13.82687, 53.02022 ], [ 13.82727, 53.02034 ], [ 13.82761, 53.02038 ], [ 13.82758, 53.02025 ], [ 13.82739, 53.0202 ] ] ] } },
{ "type": "Feature", "properties": { "boden": "100 % kräftig, mäßig frisch (K2)" }, "geometry": { "type": "Polygon", "coordinates": [ [ [ 13.82515, 53.01977 ], [ 13.82517, 53.01957 ], [ 13.82443, 53.02002 ], [ 13.8241, 53.02018 ], [ 13.82384, 53.02025 ], [ 13.82399, 53.02061 ], [ 13.82391, 53.02092 ], [ 13.82425, 53.02086 ], [ 13.82447, 53.02057 ], [ 13.82445, 53.0203 ], [ 13.82524, 53.01993 ], [ 13.82515, 53.01977 ] ] ] } },
{ "type": "Feature", "properties": { "boden": "100 % kräftig, nass (ÜK2)" }, "geometry": { "type": "Polygon", "coordinates": [ [ [ 13.83085, 53.02031 ], [ 13.83054, 53.0203 ], [ 13.83026, 53.0205 ], [ 13.82997, 53.0204 ], [ 13.8296, 53.02051 ], [ 13.82934, 53.02045 ], [ 13.82923, 53.02049 ], [ 13.82928, 53.0206 ], [ 13.82907, 53.02051 ], [ 13.82862, 53.02049 ], [ 13.82842, 53.02038 ], [ 13.82859, 53.02076 ], [ 13.82941, 53.02087 ], [ 13.83, 53.02085 ], [ 13.83067, 53.02067 ], [ 13.83112, 53.02044 ], [ 13.83125, 53.02015 ], [ 13.83112, 53.02009 ], [ 13.83085, 53.02031 ] ] ] } },
{ "type": "Feature", "properties": { "boden": "100 % kräftig, mäßig frisch (K2)" }, "geometry": { "type": "Polygon", "coordinates": [ [ [ 13.82127, 53.01845 ], [ 13.82138, 53.0184 ], [ 13.82144, 53.01827 ], [ 13.82129, 53.01814 ], [ 13.82102, 53.01814 ], [ 13.8209, 53.01825 ], [ 13.8209, 53.01837 ], [ 13.82127, 53.01845 ] ] ] } },
{ "type": "Feature", "properties": { "boden": "100 % kräftig, nass (NK2)" }, "geometry": { "type": "Polygon", "coordinates": [ [ [ 13.82169, 53.01772 ], [ 13.82147, 53.01757 ], [ 13.8214, 53.01733 ], [ 13.8211, 53.01729 ], [ 13.82081, 53.01736 ], [ 13.82008, 53.01783 ], [ 13.81972, 53.01794 ], [ 13.81915, 53.01799 ], [ 13.8189, 53.01795 ], [ 13.81867, 53.0181 ], [ 13.81823, 53.01812 ], [ 13.81791, 53.01822 ], [ 13.8183, 53.01875 ], [ 13.81825, 53.01892 ], [ 13.81806, 53.01899 ], [ 13.81798, 53.01908 ], [ 13.81804, 53.01925 ], [ 13.81846, 53.0193 ], [ 13.81873, 53.01921 ], [ 13.81863, 53.01907 ], [ 13.81866, 53.01892 ], [ 13.81885, 53.01884 ], [ 13.81953, 53.01835 ], [ 13.81974, 53.01833 ], [ 13.82034, 53.01811 ], [ 13.82074, 53.01779 ], [ 13.82105, 53.01776 ], [ 13.82173, 53.01797 ], [ 13.82196, 53.01796 ], [ 13.82206, 53.01786 ], [ 13.82198, 53.01776 ], [ 13.82169, 53.01772 ] ] ] } },
{ "type": "Feature", "properties": { "boden": "100 % kräftig, mäßig frisch (K2)" }, "geometry": { "type": "Polygon", "coordinates": [ [ [ 13.8209, 53.01837 ], [ 13.82077, 53.01848 ], [ 13.82081, 53.01862 ], [ 13.82103, 53.01869 ], [ 13.82126, 53.01862 ], [ 13.82132, 53.01849 ], [ 13.82127, 53.01845 ], [ 13.8209, 53.01837 ] ] ] } },
{ "type": "Feature", "properties": { "boden": "100 % kräftig, mäßig frisch (K2)" }, "geometry": { "type": "Polygon", "coordinates": [ [ [ 13.822, 53.0196 ], [ 13.82173, 53.01959 ], [ 13.82161, 53.0197 ], [ 13.82164, 53.01985 ], [ 13.82186, 53.01992 ], [ 13.82209, 53.01985 ], [ 13.82215, 53.01972 ], [ 13.822, 53.0196 ] ] ] } },
{ "type": "Feature", "properties": { "boden": "100 % kräftig, mäßig frisch (K2)" }, "geometry": { "type": "Polygon", "coordinates": [ [ [ 13.82108, 53.02024 ], [ 13.82081, 53.02023 ], [ 13.82069, 53.02034 ], [ 13.82072, 53.02049 ], [ 13.82094, 53.02056 ], [ 13.82117, 53.02049 ], [ 13.82123, 53.02036 ], [ 13.82108, 53.02024 ] ] ] } },
{ "type": "Feature", "properties": { "boden": "100 % mittel, mäßig frisch (M2)" }, "geometry": { "type": "Polygon", "coordinates": [ [ [ 13.82398, 53.02074 ], [ 13.82384, 53.02025 ], [ 13.82313, 53.02035 ], [ 13.82283, 53.02061 ], [ 13.82251, 53.02079 ], [ 13.82213, 53.02092 ], [ 13.8223, 53.0211 ], [ 13.82266, 53.02104 ], [ 13.82282, 53.0211 ], [ 13.82297, 53.02106 ], [ 13.82302, 53.02089 ], [ 13.82329, 53.02072 ], [ 13.82344, 53.02074 ], [ 13.82379, 53.02092 ], [ 13.82391, 53.02092 ], [ 13.82398, 53.02074 ] ] ] } },
{ "type": "Feature", "properties": { "boden": "100 % kräftig, mäßig frisch (K2)" }, "geometry": { "type": "Polygon", "coordinates": [ [ [ 13.81466, 53.02063 ], [ 13.81438, 53.02062 ], [ 13.81426, 53.02073 ], [ 13.8143, 53.02088 ], [ 13.81451, 53.02095 ], [ 13.81474, 53.02088 ], [ 13.8148, 53.02075 ], [ 13.81466, 53.02063 ] ] ] } },
{ "type": "Feature", "properties": { "boden": "100 % kräftig, mäßig frisch (K2)" }, "geometry": { "type": "Polygon", "coordinates": [ [ [ 13.81952, 53.02077 ], [ 13.81925, 53.02077 ], [ 13.81913, 53.02088 ], [ 13.81916, 53.02103 ], [ 13.81938, 53.02109 ], [ 13.81961, 53.02103 ], [ 13.81967, 53.0209 ], [ 13.81952, 53.02077 ] ] ] } },
{ "type": "Feature", "properties": { "boden": "100 % kräftig, trocken (vermutet) (K3)" }, "geometry": { "type": "Polygon", "coordinates": [ [ [ 13.81878, 53.02136 ], [ 13.81845, 53.02142 ], [ 13.8184, 53.02155 ], [ 13.81853, 53.02165 ], [ 13.81868, 53.02169 ], [ 13.81905, 53.02169 ], [ 13.81919, 53.02158 ], [ 13.81918, 53.02143 ], [ 13.81878, 53.02136 ] ] ] } },
{ "type": "Feature", "properties": { "boden": "100 % kräftig, mäßig frisch (K2)" }, "geometry": { "type": "Polygon", "coordinates": [ [ [ 13.8223, 53.0211 ], [ 13.82213, 53.02092 ], [ 13.82141, 53.02108 ], [ 13.82081, 53.02111 ], [ 13.82057, 53.0212 ], [ 13.82035, 53.02149 ], [ 13.82025, 53.02218 ], [ 13.82009, 53.0223 ], [ 13.81981, 53.0224 ], [ 13.81909, 53.02241 ], [ 13.81898, 53.02252 ], [ 13.81902, 53.02256 ], [ 13.81932, 53.02255 ], [ 13.81967, 53.02263 ], [ 13.81986, 53.02261 ], [ 13.81999, 53.02244 ], [ 13.82048, 53.02225 ], [ 13.8207, 53.02186 ], [ 13.82116, 53.02144 ], [ 13.82113, 53.0214 ], [ 13.82128, 53.02127 ], [ 13.82164, 53.0211 ], [ 13.82197, 53.02116 ], [ 13.8223, 53.0211 ] ] ] } },
{ "type": "Feature", "properties": { "boden": "100 % mittel, mäßig frisch (M2)" }, "geometry": { "type": "Polygon", "coordinates": [ [ [ 13.83113, 53.02115 ], [ 13.83399, 53.02007 ], [ 13.83408, 53.01996 ], [ 13.83404, 53.01984 ], [ 13.83362, 53.01976 ], [ 13.83324, 53.01979 ], [ 13.83267, 53.01995 ], [ 13.83243, 53.02008 ], [ 13.83169, 53.02025 ], [ 13.83085, 53.02079 ], [ 13.83029, 53.02095 ], [ 13.82969, 53.02104 ], [ 13.82946, 53.02123 ], [ 13.82946, 53.0214 ], [ 13.83, 53.02159 ], [ 13.82999, 53.02129 ], [ 13.83113, 53.02115 ] ] ] } },
{ "type": "Feature", "properties": { "boden": "100 % mittel, trocken (vermutet) (M3)" }, "geometry": { "type": "Polygon", "coordinates": [ [ [ 13.83113, 53.02115 ], [ 13.82999, 53.02129 ], [ 13.83, 53.02159 ], [ 13.8302, 53.02165 ], [ 13.83044, 53.02167 ], [ 13.8308, 53.02159 ], [ 13.83163, 53.02123 ], [ 13.83215, 53.02076 ], [ 13.83113, 53.02115 ] ] ] } },
{ "type": "Feature", "properties": { "boden": "100 % kräftig, nass (NK2)" }, "geometry": { "type": "Polygon", "coordinates": [ [ [ 13.82654, 53.02433 ], [ 13.82605, 53.02454 ], [ 13.82581, 53.02481 ], [ 13.82606, 53.02488 ], [ 13.8265, 53.02487 ], [ 13.82696, 53.02474 ], [ 13.82704, 53.0246 ], [ 13.82704, 53.0244 ], [ 13.8268, 53.02379 ], [ 13.82651, 53.02362 ], [ 13.82623, 53.02362 ], [ 13.82654, 53.02433 ] ] ] } },
{ "type": "Feature", "properties": { "boden": "80 % mittel, mäßig frisch (M2) · 20 % ziemlich arm, mäßig frisch (Z2)" }, "geometry": { "type": "Polygon", "coordinates": [ [ [ 13.82813, 53.02499 ], [ 13.82795, 53.02502 ], [ 13.82784, 53.02518 ], [ 13.82789, 53.02525 ], [ 13.82809, 53.0253 ], [ 13.82833, 53.02521 ], [ 13.82835, 53.02511 ], [ 13.82813, 53.02499 ] ] ] } },
{ "type": "Feature", "properties": { "boden": "100 % kräftig, mäßig frisch (K2)" }, "geometry": { "type": "Polygon", "coordinates": [ [ [ 13.82886, 53.02466 ], [ 13.82845, 53.02301 ], [ 13.82682, 53.02339 ], [ 13.82683, 53.02325 ], [ 13.82635, 53.02342 ], [ 13.82623, 53.02362 ], [ 13.82651, 53.02362 ], [ 13.8268, 53.02379 ], [ 13.82704, 53.0244 ], [ 13.82696, 53.02474 ], [ 13.8265, 53.02487 ], [ 13.82606, 53.02488 ], [ 13.82569, 53.02523 ], [ 13.82536, 53.02531 ], [ 13.82599, 53.02583 ], [ 13.82642, 53.02658 ], [ 13.82651, 53.027 ], [ 13.82646, 53.02739 ], [ 13.82638, 53.02754 ], [ 13.82612, 53.02777 ], [ 13.82564, 53.02795 ], [ 13.826, 53.02804 ], [ 13.82645, 53.02822 ], [ 13.82725, 53.02876 ], [ 13.8276, 53.02886 ], [ 13.82814, 53.02886 ], [ 13.82881, 53.02874 ], [ 13.82919, 53.02848 ], [ 13.82916, 53.02802 ], [ 13.8288, 53.02761 ], [ 13.82864, 53.0276 ], [ 13.82713, 53.02653 ], [ 13.82684, 53.02593 ], [ 13.82689, 53.02559 ], [ 13.82709, 53.02531 ], [ 13.82745, 53.02509 ], [ 13.82886, 53.02466 ] ] ] } },
{ "type": "Feature", "properties": { "boden": "80 % mittel, mäßig frisch (M2) · 20 % ziemlich arm, mäßig frisch (Z2)" }, "geometry": { "type": "Polygon", "coordinates": [ [ [ 13.82746, 53.02578 ], [ 13.82727, 53.02581 ], [ 13.82716, 53.02597 ], [ 13.82721, 53.02604 ], [ 13.82741, 53.02609 ], [ 13.82765, 53.026 ], [ 13.82767, 53.0259 ], [ 13.82746, 53.02578 ] ] ] } },
{ "type": "Feature", "properties": { "boden": "100 % kräftig, mäßig frisch (K2)" }, "geometry": { "type": "Polygon", "coordinates": [ [ [ 13.82546, 53.02597 ], [ 13.82527, 53.026 ], [ 13.82516, 53.02616 ], [ 13.82522, 53.02623 ], [ 13.82541, 53.02629 ], [ 13.82565, 53.0262 ], [ 13.82567, 53.02609 ], [ 13.82546, 53.02597 ] ] ] } },
{ "type": "Feature", "properties": { "boden": "100 % mittel, mäßig frisch (M2)" }, "geometry": { "type": "Polygon", "coordinates": [ [ [ 13.82362, 53.02611 ], [ 13.82331, 53.0261 ], [ 13.8232, 53.02626 ], [ 13.82325, 53.02633 ], [ 13.82345, 53.02639 ], [ 13.82369, 53.0263 ], [ 13.82371, 53.02619 ], [ 13.82362, 53.02611 ] ] ] } },
{ "type": "Feature", "properties": { "boden": "100 % kräftig, mäßig frisch (K2)" }, "geometry": { "type": "Polygon", "coordinates": [ [ [ 13.82564, 53.02795 ], [ 13.82612, 53.02777 ], [ 13.82646, 53.02739 ], [ 13.82651, 53.027 ], [ 13.82642, 53.02658 ], [ 13.82618, 53.02611 ], [ 13.82599, 53.02583 ], [ 13.82536, 53.02531 ], [ 13.82513, 53.02535 ], [ 13.82429, 53.02523 ], [ 13.82405, 53.02581 ], [ 13.82406, 53.02602 ], [ 13.82421, 53.02611 ], [ 13.82402, 53.02654 ], [ 13.82353, 53.02694 ], [ 13.82375, 53.02712 ], [ 13.82403, 53.02756 ], [ 13.82431, 53.02774 ], [ 13.82482, 53.02791 ], [ 13.82532, 53.02797 ], [ 13.82564, 53.02795 ] ], [ [ 13.82567, 53.02609 ], [ 13.82565, 53.0262 ], [ 13.82541, 53.02629 ], [ 13.82522, 53.02623 ], [ 13.82516, 53.02616 ], [ 13.82527, 53.026 ], [ 13.82546, 53.02597 ], [ 13.82567, 53.02609 ] ] ] } },
{ "type": "Feature", "properties": { "boden": "50 % ziemlich arm, mäßig frisch (Z2) · 50 % ziemlich arm, mäßig frisch (Z2g)" }, "geometry": { "type": "Polygon", "coordinates": [ [ [ 13.82512, 53.02876 ], [ 13.82493, 53.02878 ], [ 13.82482, 53.02894 ], [ 13.82487, 53.02901 ], [ 13.82507, 53.02907 ], [ 13.82531, 53.02898 ], [ 13.82533, 53.02888 ], [ 13.82512, 53.02876 ] ] ] } },
{ "type": "Feature", "properties": { "boden": "100 % kräftig, mäßig frisch (K2g)" }, "geometry": { "type": "Polygon", "coordinates": [ [ [ 13.81251, 53.02025 ], [ 13.81224, 53.02025 ], [ 13.81211, 53.02036 ], [ 13.81215, 53.02051 ], [ 13.81237, 53.02057 ], [ 13.8126, 53.0205 ], [ 13.81251, 53.02025 ] ] ] } },
{ "type": "Feature", "properties": { "boden": "100 % kräftig, mäßig frisch (K2g)" }, "geometry": { "type": "Polygon", "coordinates": [ [ [ 13.81336, 53.02073 ], [ 13.81308, 53.02073 ], [ 13.81296, 53.02084 ], [ 13.813, 53.02099 ], [ 13.81321, 53.02105 ], [ 13.81344, 53.02098 ], [ 13.8135, 53.02085 ], [ 13.81336, 53.02073 ] ] ] } },
{ "type": "Feature", "properties": { "boden": "100 % kräftig, mäßig frisch (K2g)" }, "geometry": { "type": "Polygon", "coordinates": [ [ [ 13.809, 53.02085 ], [ 13.80872, 53.02085 ], [ 13.8086, 53.02096 ], [ 13.80864, 53.02111 ], [ 13.80885, 53.02117 ], [ 13.80908, 53.0211 ], [ 13.80914, 53.02097 ], [ 13.809, 53.02085 ] ] ] } },
{ "type": "Feature", "properties": { "boden": "100 % kräftig, mäßig frisch (K2g)" }, "geometry": { "type": "Polygon", "coordinates": [ [ [ 13.80875, 53.02146 ], [ 13.80817, 53.02147 ], [ 13.80811, 53.02156 ], [ 13.80836, 53.02177 ], [ 13.80866, 53.02181 ], [ 13.80882, 53.02174 ], [ 13.80883, 53.02156 ], [ 13.80875, 53.02146 ] ] ] } },
{ "type": "Feature", "properties": { "boden": "100 % kräftig, mäßig frisch (K2)" }, "geometry": { "type": "Polygon", "coordinates": [ [ [ 13.80845, 53.03509 ], [ 13.80827, 53.03511 ], [ 13.80816, 53.03527 ], [ 13.80821, 53.03534 ], [ 13.80841, 53.0354 ], [ 13.80865, 53.03531 ], [ 13.80867, 53.03521 ], [ 13.80845, 53.03509 ] ] ] } },
{ "type": "Feature", "properties": { "boden": "100 % mittel, trocken (vermutet) (M3)" }, "geometry": { "type": "Polygon", "coordinates": [ [ [ 13.84492, 53.01768 ], [ 13.84465, 53.01783 ], [ 13.84469, 53.0179 ], [ 13.84483, 53.01793 ], [ 13.84498, 53.01791 ], [ 13.84515, 53.01782 ], [ 13.84515, 53.01775 ], [ 13.84492, 53.01768 ] ] ] } },
{ "type": "Feature", "properties": { "boden": "100 % mittel, mäßig frisch (M2)" }, "geometry": { "type": "Polygon", "coordinates": [ [ [ 13.83913, 53.01803 ], [ 13.83907, 53.01793 ], [ 13.83891, 53.01787 ], [ 13.83862, 53.01792 ], [ 13.83858, 53.01798 ], [ 13.83871, 53.01815 ], [ 13.83886, 53.01818 ], [ 13.83906, 53.01813 ], [ 13.83913, 53.01803 ] ] ] } },
{ "type": "Feature", "properties": { "boden": "100 % mittel, trocken (vermutet) (M3)" }, "geometry": { "type": "Polygon", "coordinates": [ [ [ 13.84287, 53.01763 ], [ 13.84202, 53.01794 ], [ 13.8412, 53.01815 ], [ 13.83984, 53.01839 ], [ 13.83877, 53.01894 ], [ 13.83898, 53.01893 ], [ 13.83929, 53.01898 ], [ 13.83976, 53.01894 ], [ 13.84014, 53.01876 ], [ 13.8404, 53.01851 ], [ 13.84074, 53.01833 ], [ 13.84238, 53.01796 ], [ 13.84274, 53.01796 ], [ 13.84302, 53.01779 ], [ 13.84328, 53.01741 ], [ 13.84287, 53.01763 ] ] ] } },
{ "type": "Feature", "properties": { "boden": "100 % mittel, mäßig frisch (M2)" }, "geometry": { "type": "Polygon", "coordinates": [ [ [ 13.83685, 53.01935 ], [ 13.83785, 53.01923 ], [ 13.83805, 53.01909 ], [ 13.83836, 53.019 ], [ 13.83877, 53.01894 ], [ 13.83984, 53.01839 ], [ 13.8412, 53.01815 ], [ 13.84202, 53.01794 ], [ 13.84287, 53.01763 ], [ 13.84328, 53.01741 ], [ 13.84337, 53.0172 ], [ 13.84321, 53.01723 ], [ 13.84302, 53.01717 ], [ 13.84298, 53.01707 ], [ 13.84306, 53.01698 ], [ 13.8433, 53.01695 ], [ 13.84345, 53.01704 ], [ 13.84342, 53.01715 ], [ 13.84383, 53.01695 ], [ 13.84361, 53.01675 ], [ 13.84282, 53.01683 ], [ 13.84239, 53.01694 ], [ 13.84231, 53.0171 ], [ 13.84215, 53.01713 ], [ 13.84203, 53.0171 ], [ 13.84115, 53.01762 ], [ 13.84047, 53.0178 ], [ 13.84025, 53.01776 ], [ 13.84019, 53.01763 ], [ 13.84047, 53.0173 ], [ 13.84045, 53.01723 ], [ 13.84001, 53.01721 ], [ 13.8397, 53.01726 ], [ 13.83946, 53.01742 ], [ 13.83929, 53.01764 ], [ 13.83925, 53.01794 ], [ 13.83915, 53.01808 ], [ 13.83898, 53.01818 ], [ 13.83878, 53.01822 ], [ 13.83867, 53.01834 ], [ 13.83847, 53.0184 ], [ 13.83821, 53.01857 ], [ 13.838, 53.01858 ], [ 13.83773, 53.01844 ], [ 13.83728, 53.01846 ], [ 13.8372, 53.01855 ], [ 13.837, 53.01862 ], [ 13.83668, 53.01894 ], [ 13.83634, 53.01909 ], [ 13.83576, 53.01918 ], [ 13.83533, 53.01915 ], [ 13.83514, 53.01908 ], [ 13.83497, 53.01909 ], [ 13.83469, 53.01919 ], [ 13.83455, 53.01946 ], [ 13.83462, 53.01952 ], [ 13.83541, 53.01972 ], [ 13.83685, 53.01935 ] ], [ [ 13.84, 53.01762 ], [ 13.83993, 53.01772 ], [ 13.83974, 53.01778 ], [ 13.83958, 53.01774 ], [ 13.83948, 53.01765 ], [ 13.83951, 53.01755 ], [ 13.83962, 53.01748 ], [ 13.83979, 53.01746 ], [ 13.83994, 53.01752 ], [ 13.84, 53.01762 ] ] ] } },
{ "type": "Feature", "properties": { "boden": "100 % mittel, mäßig frisch (M2)" }, "geometry": { "type": "Polygon", "coordinates": [ [ [ 13.84538, 53.0205 ], [ 13.84527, 53.02028 ], [ 13.84545, 53.02014 ], [ 13.84529, 53.02008 ], [ 13.84515, 53.02009 ], [ 13.84494, 53.02027 ], [ 13.84497, 53.02038 ], [ 13.8451, 53.02048 ], [ 13.84538, 53.0205 ] ] ] } },
{ "type": "Feature", "properties": { "boden": "100 % mittel, mäßig frisch (M2)" }, "geometry": { "type": "Polygon", "coordinates": [ [ [ 13.84558, 53.02055 ], [ 13.84577, 53.02041 ], [ 13.84648, 53.02044 ], [ 13.84644, 53.02025 ], [ 13.84624, 53.02017 ], [ 13.84601, 53.02019 ], [ 13.84596, 53.02024 ], [ 13.84586, 53.02022 ], [ 13.84569, 53.02023 ], [ 13.84562, 53.02029 ], [ 13.84546, 53.02025 ], [ 13.84527, 53.0203 ], [ 13.84531, 53.02046 ], [ 13.84547, 53.02055 ], [ 13.84558, 53.02055 ] ] ] } },
{ "type": "Feature", "properties": { "boden": "100 % mittel, mäßig frisch (M2)" }, "geometry": { "type": "Polygon", "coordinates": [ [ [ 13.84478, 53.02133 ], [ 13.84486, 53.02117 ], [ 13.84471, 53.02108 ], [ 13.84447, 53.02111 ], [ 13.84439, 53.0212 ], [ 13.84442, 53.02131 ], [ 13.84419, 53.02133 ], [ 13.8441, 53.02143 ], [ 13.84414, 53.02153 ], [ 13.84434, 53.02159 ], [ 13.84449, 53.02156 ], [ 13.84458, 53.02144 ], [ 13.84454, 53.02136 ], [ 13.84478, 53.02133 ] ] ] } },
{ "type": "Feature", "properties": { "boden": "100 % mittel, mäßig frisch (M2)" }, "geometry": { "type": "Polygon", "coordinates": [ [ [ 13.84273, 53.02121 ], [ 13.84249, 53.02124 ], [ 13.8424, 53.02133 ], [ 13.84253, 53.02147 ], [ 13.84264, 53.02149 ], [ 13.84284, 53.02141 ], [ 13.84288, 53.0213 ], [ 13.84273, 53.02121 ] ] ] } },
{ "type": "Feature", "properties": { "boden": "100 % kräftig, mäßig frisch (K2)" }, "geometry": { "type": "Polygon", "coordinates": [ [ [ 13.8421, 53.02233 ], [ 13.84356, 53.02209 ], [ 13.84273, 53.02194 ], [ 13.84235, 53.02181 ], [ 13.84207, 53.02162 ], [ 13.84136, 53.02084 ], [ 13.84121, 53.02056 ], [ 13.84121, 53.02097 ], [ 13.84059, 53.02158 ], [ 13.84075, 53.02188 ], [ 13.84098, 53.02212 ], [ 13.84146, 53.02233 ], [ 13.8421, 53.02233 ] ] ] } },
{ "type": "Feature", "properties": { "boden": "100 % kräftig, nass (NK2)" }, "geometry": { "type": "Polygon", "coordinates": [ [ [ 13.83977, 53.02175 ], [ 13.83976, 53.02205 ], [ 13.83993, 53.02192 ], [ 13.84016, 53.02188 ], [ 13.84047, 53.02195 ], [ 13.84078, 53.02222 ], [ 13.841, 53.02231 ], [ 13.84146, 53.02233 ], [ 13.84098, 53.02212 ], [ 13.84075, 53.02188 ], [ 13.84059, 53.02158 ], [ 13.83977, 53.02175 ] ] ] } },
{ "type": "Feature", "properties": { "boden": "100 % kräftig, nass (OK3)" }, "geometry": { "type": "Polygon", "coordinates": [ [ [ 13.84835, 53.01853 ], [ 13.84806, 53.01859 ], [ 13.84796, 53.01853 ], [ 13.84782, 53.01831 ], [ 13.8477, 53.01828 ], [ 13.8474, 53.01826 ], [ 13.84705, 53.01834 ], [ 13.84695, 53.01849 ], [ 13.84699, 53.01853 ], [ 13.84732, 53.01853 ], [ 13.84745, 53.01867 ], [ 13.84764, 53.01865 ], [ 13.84784, 53.01881 ], [ 13.84777, 53.01891 ], [ 13.84814, 53.01909 ], [ 13.84835, 53.01853 ] ] ] } },
{ "type": "Feature", "properties": { "boden": "100 % kräftig, nass (OK3)" }, "geometry": { "type": "Polygon", "coordinates": [ [ [ 13.84699, 53.01853 ], [ 13.84743, 53.01868 ], [ 13.84777, 53.01891 ], [ 13.84784, 53.01881 ], [ 13.84764, 53.01865 ], [ 13.84745, 53.01867 ], [ 13.84732, 53.01853 ], [ 13.84713, 53.0185 ], [ 13.84699, 53.01853 ] ] ] } },
{ "type": "Feature", "properties": { "boden": "100 % mittel, mäßig frisch (M2)" }, "geometry": { "type": "Polygon", "coordinates": [ [ [ 13.84743, 53.01868 ], [ 13.84699, 53.01853 ], [ 13.84688, 53.01864 ], [ 13.847, 53.01879 ], [ 13.84724, 53.0188 ], [ 13.84731, 53.01877 ], [ 13.84731, 53.01885 ], [ 13.84745, 53.01896 ], [ 13.84772, 53.01895 ], [ 13.84777, 53.01891 ], [ 13.84743, 53.01868 ] ] ] } },
{ "type": "Feature", "properties": { "boden": "100 % mittel, mäßig frisch (M2)" }, "geometry": { "type": "Polygon", "coordinates": [ [ [ 13.84827, 53.01953 ], [ 13.84848, 53.01922 ], [ 13.84785, 53.01896 ], [ 13.84771, 53.01911 ], [ 13.84775, 53.01922 ], [ 13.84795, 53.01928 ], [ 13.84787, 53.01938 ], [ 13.84791, 53.01948 ], [ 13.8481, 53.01955 ], [ 13.84827, 53.01953 ] ] ] } },
{ "type": "Feature", "properties": { "boden": "100 % mittel, mäßig frisch (M2)" }, "geometry": { "type": "Polygon", "coordinates": [ [ [ 13.84785, 53.01953 ], [ 13.84763, 53.01956 ], [ 13.84754, 53.01965 ], [ 13.84766, 53.01979 ], [ 13.84789, 53.01979 ], [ 13.84801, 53.0197 ], [ 13.84796, 53.01957 ], [ 13.84785, 53.01953 ] ] ] } },
{ "type": "Feature", "properties": { "boden": "100 % mittel, mäßig frisch (M2)" }, "geometry": { "type": "Polygon", "coordinates": [ [ [ 13.84761, 53.01989 ], [ 13.84748, 53.01981 ], [ 13.84723, 53.01982 ], [ 13.84716, 53.0199 ], [ 13.84706, 53.01983 ], [ 13.84681, 53.01987 ], [ 13.84674, 53.01994 ], [ 13.84659, 53.01984 ], [ 13.84636, 53.01987 ], [ 13.84628, 53.01996 ], [ 13.84632, 53.02006 ], [ 13.8464, 53.0201 ], [ 13.84754, 53.02014 ], [ 13.84766, 53.02005 ], [ 13.84761, 53.01989 ] ] ] } },
{ "type": "Feature", "properties": { "boden": "100 % kräftig, nass (OK3)" }, "geometry": { "type": "Polygon", "coordinates": [ [ [ 13.8464, 53.0201 ], [ 13.84648, 53.02044 ], [ 13.84698, 53.02046 ], [ 13.84725, 53.02022 ], [ 13.84754, 53.02014 ], [ 13.8464, 53.0201 ] ] ] } },
{ "type": "Feature", "properties": { "boden": "100 % kräftig, nass (NK2)" }, "geometry": { "type": "Polygon", "coordinates": [ [ [ 13.84977, 53.02056 ], [ 13.84956, 53.02062 ], [ 13.84937, 53.02059 ], [ 13.84934, 53.02045 ], [ 13.84914, 53.02039 ], [ 13.8491, 53.02029 ], [ 13.84918, 53.0202 ], [ 13.84938, 53.02016 ], [ 13.84957, 53.02026 ], [ 13.84954, 53.02035 ], [ 13.84979, 53.02037 ], [ 13.84983, 53.01968 ], [ 13.84915, 53.01945 ], [ 13.84793, 53.02035 ], [ 13.84822, 53.02063 ], [ 13.84908, 53.0212 ], [ 13.84967, 53.02122 ], [ 13.84977, 53.02056 ] ] ] } },
{ "type": "Feature", "properties": { "boden": "100 % kräftig, nass (NK2)" }, "geometry": { "type": "Polygon", "coordinates": [ [ [ 13.84979, 53.02037 ], [ 13.84954, 53.02035 ], [ 13.84957, 53.02026 ], [ 13.84938, 53.02016 ], [ 13.84918, 53.0202 ], [ 13.8491, 53.02029 ], [ 13.84914, 53.02039 ], [ 13.84934, 53.02045 ], [ 13.84937, 53.02059 ], [ 13.84956, 53.02062 ], [ 13.84977, 53.02056 ], [ 13.84979, 53.02037 ] ] ] } },
{ "type": "Feature", "properties": { "boden": "100 % mittel, mäßig frisch (M2g)" }, "geometry": { "type": "Polygon", "coordinates": [ [ [ 13.84659, 53.02044 ], [ 13.84652, 53.02054 ], [ 13.84656, 53.02064 ], [ 13.84675, 53.0207 ], [ 13.84691, 53.02067 ], [ 13.84698, 53.0206 ], [ 13.84698, 53.02046 ], [ 13.84659, 53.02044 ] ] ] } },
{ "type": "Feature", "properties": { "boden": "100 % mittel, mäßig frisch (M2)" }, "geometry": { "type": "Polygon", "coordinates": [ [ [ 13.83477, 53.01872 ], [ 13.83475, 53.01882 ], [ 13.83484, 53.01892 ], [ 13.835, 53.01895 ], [ 13.8352, 53.0189 ], [ 13.83526, 53.01879 ], [ 13.83521, 53.01869 ], [ 13.83505, 53.01864 ], [ 13.83488, 53.01865 ], [ 13.83477, 53.01872 ] ] ] } },
{ "type": "Feature", "properties": { "boden": "100 % mittel, mäßig frisch (M2)" }, "geometry": { "type": "Polygon", "coordinates": [ [ [ 13.83402, 53.01868 ], [ 13.8339, 53.01875 ], [ 13.83388, 53.01885 ], [ 13.83398, 53.01895 ], [ 13.83413, 53.01898 ], [ 13.83433, 53.01893 ], [ 13.8344, 53.01882 ], [ 13.83434, 53.01872 ], [ 13.83419, 53.01867 ], [ 13.83402, 53.01868 ] ] ] } },
{ "type": "Feature", "properties": { "boden": "100 % mittel, mäßig frisch (M2)" }, "geometry": { "type": "Polygon", "coordinates": [ [ [ 13.83475, 53.01882 ], [ 13.83478, 53.01872 ], [ 13.83454, 53.01851 ], [ 13.83433, 53.01846 ], [ 13.83414, 53.0185 ], [ 13.83408, 53.01868 ], [ 13.83434, 53.01872 ], [ 13.8344, 53.01882 ], [ 13.83433, 53.01893 ], [ 13.83413, 53.01898 ], [ 13.83401, 53.01895 ], [ 13.83377, 53.01914 ], [ 13.83375, 53.01927 ], [ 13.83381, 53.01932 ], [ 13.83414, 53.01938 ], [ 13.83429, 53.01933 ], [ 13.8348, 53.01899 ], [ 13.83484, 53.01892 ], [ 13.83475, 53.01882 ] ] ] } },
{ "type": "Feature", "properties": { "boden": "100 % mittel, mäßig frisch (M2)" }, "geometry": { "type": "Polygon", "coordinates": [ [ [ 13.83877, 53.01894 ], [ 13.83805, 53.01909 ], [ 13.83785, 53.01923 ], [ 13.83753, 53.01929 ], [ 13.83827, 53.01922 ], [ 13.83877, 53.01894 ] ] ] } },
{ "type": "Feature", "properties": { "boden": "100 % mittel, trocken (vermutet) (M3)" }, "geometry": { "type": "Polygon", "coordinates": [ [ [ 13.83685, 53.01935 ], [ 13.83541, 53.01972 ], [ 13.83586, 53.0198 ], [ 13.83693, 53.01953 ], [ 13.83753, 53.01929 ], [ 13.83685, 53.01935 ] ] ] } },
{ "type": "Feature", "properties": { "boden": "100 % mittel, mäßig frisch (M2)" }, "geometry": { "type": "Polygon", "coordinates": [ [ [ 13.83, 53.0216 ], [ 13.82946, 53.0214 ], [ 13.82943, 53.02134 ], [ 13.82946, 53.02123 ], [ 13.82969, 53.02104 ], [ 13.83029, 53.02095 ], [ 13.83085, 53.02079 ], [ 13.83169, 53.02025 ], [ 13.83243, 53.02008 ], [ 13.83304, 53.01984 ], [ 13.83343, 53.01976 ], [ 13.83395, 53.0198 ], [ 13.83408, 53.01989 ], [ 13.83399, 53.02007 ], [ 13.83541, 53.01972 ], [ 13.83462, 53.01952 ], [ 13.83455, 53.01941 ], [ 13.83469, 53.01919 ], [ 13.83497, 53.01909 ], [ 13.83514, 53.01908 ], [ 13.83533, 53.01915 ], [ 13.83606, 53.01916 ], [ 13.83659, 53.01899 ], [ 13.83703, 53.0186 ], [ 13.83685, 53.01857 ], [ 13.83675, 53.01848 ], [ 13.83677, 53.01838 ], [ 13.83689, 53.01831 ], [ 13.83704, 53.0183 ], [ 13.83705, 53.01823 ], [ 13.83719, 53.01813 ], [ 13.8363, 53.01798 ], [ 13.8364, 53.01808 ], [ 13.83635, 53.01823 ], [ 13.83653, 53.01851 ], [ 13.83634, 53.01865 ], [ 13.83603, 53.01875 ], [ 13.83567, 53.01872 ], [ 13.83537, 53.01864 ], [ 13.83488, 53.01835 ], [ 13.83436, 53.01834 ], [ 13.83391, 53.01816 ], [ 13.83361, 53.01819 ], [ 13.83352, 53.01829 ], [ 13.83378, 53.01876 ], [ 13.83364, 53.01896 ], [ 13.83325, 53.01904 ], [ 13.83303, 53.01903 ], [ 13.83321, 53.01921 ], [ 13.83314, 53.01932 ], [ 13.83295, 53.01937 ], [ 13.83279, 53.01934 ], [ 13.83269, 53.01924 ], [ 13.83274, 53.01912 ], [ 13.83257, 53.01909 ], [ 13.83267, 53.01955 ], [ 13.83234, 53.01975 ], [ 13.83185, 53.01983 ], [ 13.83141, 53.02007 ], [ 13.83112, 53.02009 ], [ 13.83125, 53.02015 ], [ 13.83112, 53.02044 ], [ 13.83067, 53.02067 ], [ 13.83, 53.02085 ], [ 13.82941, 53.02087 ], [ 13.82859, 53.02076 ], [ 13.82874, 53.0213 ], [ 13.82948, 53.02141 ], [ 13.83, 53.0216 ] ], [ [ 13.83398, 53.01895 ], [ 13.83388, 53.01885 ], [ 13.8339, 53.01875 ], [ 13.83408, 53.01868 ], [ 13.83409, 53.01854 ], [ 13.83422, 53.01847 ], [ 13.83454, 53.01851 ], [ 13.83478, 53.01872 ], [ 13.83488, 53.01865 ], [ 13.83505, 53.01864 ], [ 13.83521, 53.01869 ], [ 13.83526, 53.01879 ], [ 13.8352, 53.0189 ], [ 13.835, 53.01895 ], [ 13.83484, 53.01892 ], [ 13.83429, 53.01933 ], [ 13.83414, 53.01938 ], [ 13.83399, 53.01938 ], [ 13.83375, 53.01927 ], [ 13.83377, 53.01914 ], [ 13.83398, 53.01895 ] ] ] } },
{ "type": "Feature", "properties": { "boden": "100 % mittel, mäßig frisch (M2)" }, "geometry": { "type": "Polygon", "coordinates": [ [ [ 13.84136, 53.02084 ], [ 13.84207, 53.02162 ], [ 13.84235, 53.02181 ], [ 13.84273, 53.02194 ], [ 13.84428, 53.0222 ], [ 13.84479, 53.0222 ], [ 13.84518, 53.02215 ], [ 13.84537, 53.02202 ], [ 13.84551, 53.02169 ], [ 13.84542, 53.02141 ], [ 13.84549, 53.02119 ], [ 13.84624, 53.02096 ], [ 13.84635, 53.02081 ], [ 13.84623, 53.02063 ], [ 13.84597, 53.02055 ], [ 13.84547, 53.02055 ], [ 13.84538, 53.0205 ], [ 13.84519, 53.0205 ], [ 13.84497, 53.02038 ], [ 13.84494, 53.02027 ], [ 13.84503, 53.02016 ], [ 13.84529, 53.02008 ], [ 13.84545, 53.02014 ], [ 13.84604, 53.01969 ], [ 13.84587, 53.01908 ], [ 13.84557, 53.01888 ], [ 13.84509, 53.01877 ], [ 13.84515, 53.01864 ], [ 13.84563, 53.01825 ], [ 13.84575, 53.01806 ], [ 13.8458, 53.01787 ], [ 13.84571, 53.01768 ], [ 13.84557, 53.01757 ], [ 13.8453, 53.01752 ], [ 13.84477, 53.01757 ], [ 13.84449, 53.01754 ], [ 13.84441, 53.01743 ], [ 13.84461, 53.01695 ], [ 13.84358, 53.01726 ], [ 13.84328, 53.01741 ], [ 13.84312, 53.01758 ], [ 13.84313, 53.01767 ], [ 13.84283, 53.01792 ], [ 13.84238, 53.01796 ], [ 13.84074, 53.01833 ], [ 13.8404, 53.01851 ], [ 13.84014, 53.01876 ], [ 13.83976, 53.01894 ], [ 13.83929, 53.01898 ], [ 13.83898, 53.01893 ], [ 13.83877, 53.01894 ], [ 13.83827, 53.01922 ], [ 13.83753, 53.01929 ], [ 13.83693, 53.01953 ], [ 13.83586, 53.0198 ], [ 13.83541, 53.01972 ], [ 13.83394, 53.02008 ], [ 13.83215, 53.02076 ], [ 13.83163, 53.02123 ], [ 13.8308, 53.02159 ], [ 13.83044, 53.02167 ], [ 13.83, 53.0216 ], [ 13.8308, 53.02193 ], [ 13.8315, 53.02229 ], [ 13.83321, 53.02286 ], [ 13.83365, 53.02293 ], [ 13.83371, 53.02239 ], [ 13.83333, 53.02158 ], [ 13.83393, 53.02124 ], [ 13.83429, 53.02097 ], [ 13.83461, 53.02088 ], [ 13.83542, 53.02078 ], [ 13.83606, 53.02077 ], [ 13.83673, 53.02081 ], [ 13.83731, 53.02094 ], [ 13.83902, 53.02085 ], [ 13.83959, 53.02072 ], [ 13.84121, 53.02056 ], [ 13.84136, 53.02084 ] ], [ [ 13.84515, 53.01775 ], [ 13.84515, 53.01782 ], [ 13.84498, 53.01791 ], [ 13.84483, 53.01793 ], [ 13.84465, 53.01787 ], [ 13.84484, 53.01769 ], [ 13.84499, 53.01768 ], [ 13.84515, 53.01775 ] ], [ [ 13.84454, 53.02136 ], [ 13.84458, 53.02144 ], [ 13.84449, 53.02156 ], [ 13.84434, 53.02159 ], [ 13.84414, 53.02153 ], [ 13.8441, 53.02143 ], [ 13.84419, 53.02133 ], [ 13.84442, 53.02131 ], [ 13.84439, 53.0212 ], [ 13.84447, 53.02111 ], [ 13.84471, 53.02108 ], [ 13.84486, 53.02117 ], [ 13.84483, 53.02128 ], [ 13.84478, 53.02133 ], [ 13.84454, 53.02136 ] ], [ [ 13.84284, 53.02141 ], [ 13.84264, 53.02149 ], [ 13.84253, 53.02147 ], [ 13.8424, 53.02133 ], [ 13.84249, 53.02124 ], [ 13.84273, 53.02121 ], [ 13.84288, 53.0213 ], [ 13.84284, 53.02141 ] ] ] } },
{ "type": "Feature", "properties": { "boden": "100 % mittel, frisch (M1)" }, "geometry": { "type": "Polygon", "coordinates": [ [ [ 13.83632, 53.02167 ], [ 13.83617, 53.02162 ], [ 13.83593, 53.02166 ], [ 13.83586, 53.02155 ], [ 13.8357, 53.02149 ], [ 13.83554, 53.02151 ], [ 13.83542, 53.02158 ], [ 13.8354, 53.02168 ], [ 13.8355, 53.02177 ], [ 13.83565, 53.02181 ], [ 13.83585, 53.02175 ], [ 13.83596, 53.0219 ], [ 13.83612, 53.02193 ], [ 13.83632, 53.02188 ], [ 13.83638, 53.02177 ], [ 13.83632, 53.02167 ] ] ] } },
{ "type": "Feature", "properties": { "boden": "100 % mittel, frisch (M1)" }, "geometry": { "type": "Polygon", "coordinates": [ [ [ 13.83804, 53.02176 ], [ 13.8378, 53.02167 ], [ 13.83767, 53.02169 ], [ 13.83756, 53.02176 ], [ 13.83754, 53.02186 ], [ 13.83763, 53.02192 ], [ 13.83805, 53.0219 ], [ 13.83804, 53.02176 ] ] ] } },
{ "type": "Feature", "properties": { "boden": "100 % mittel, frisch (M1)" }, "geometry": { "type": "Polygon", "coordinates": [ [ [ 13.835, 53.02167 ], [ 13.83483, 53.02169 ], [ 13.83472, 53.02176 ], [ 13.8347, 53.02186 ], [ 13.83479, 53.02195 ], [ 13.83495, 53.02199 ], [ 13.83515, 53.02193 ], [ 13.83521, 53.02183 ], [ 13.83515, 53.02173 ], [ 13.835, 53.02167 ] ] ] } },
{ "type": "Feature", "properties": { "boden": "100 % mittel, mäßig frisch (M2g)" }, "geometry": { "type": "Polygon", "coordinates": [ [ [ 13.84775, 53.02074 ], [ 13.84765, 53.0206 ], [ 13.84723, 53.02051 ], [ 13.84713, 53.02061 ], [ 13.84726, 53.02075 ], [ 13.84743, 53.02076 ], [ 13.84739, 53.02085 ], [ 13.84751, 53.02099 ], [ 13.84772, 53.02099 ], [ 13.84775, 53.02074 ] ] ] } },
{ "type": "Feature", "properties": { "boden": "100 % kräftig, nass (OK2)" }, "geometry": { "type": "Polygon", "coordinates": [ [ [ 13.84739, 53.02177 ], [ 13.84736, 53.02166 ], [ 13.84745, 53.02157 ], [ 13.84778, 53.02158 ], [ 13.84782, 53.02174 ], [ 13.8497, 53.02164 ], [ 13.84967, 53.02122 ], [ 13.84908, 53.0212 ], [ 13.84822, 53.02063 ], [ 13.84793, 53.02035 ], [ 13.8484, 53.01997 ], [ 13.84796, 53.01982 ], [ 13.84754, 53.02014 ], [ 13.84725, 53.02022 ], [ 13.84698, 53.02046 ], [ 13.84765, 53.0206 ], [ 13.84775, 53.02074 ], [ 13.8477, 53.02113 ], [ 13.84739, 53.02147 ], [ 13.84693, 53.02182 ], [ 13.84739, 53.02177 ] ] ] } },
{ "type": "Feature", "properties": { "boden": "100 % mittel, mäßig frisch (M2g)" }, "geometry": { "type": "Polygon", "coordinates": [ [ [ 13.84748, 53.02138 ], [ 13.84739, 53.02123 ], [ 13.84728, 53.0212 ], [ 13.84706, 53.02121 ], [ 13.84697, 53.02131 ], [ 13.84701, 53.02141 ], [ 13.84721, 53.02147 ], [ 13.84739, 53.02147 ], [ 13.84748, 53.02138 ] ] ] } },
{ "type": "Feature", "properties": { "boden": "100 % mittel, mäßig frisch (M2g)" }, "geometry": { "type": "Polygon", "coordinates": [ [ [ 13.85149, 53.0228 ], [ 13.85185, 53.02264 ], [ 13.85164, 53.02258 ], [ 13.8516, 53.02248 ], [ 13.85168, 53.02239 ], [ 13.85183, 53.02234 ], [ 13.85169, 53.02226 ], [ 13.85169, 53.02217 ], [ 13.85186, 53.02209 ], [ 13.85203, 53.02213 ], [ 13.8516, 53.02183 ], [ 13.85162, 53.02195 ], [ 13.85155, 53.02202 ], [ 13.85139, 53.02206 ], [ 13.8512, 53.02199 ], [ 13.85116, 53.02189 ], [ 13.85123, 53.02179 ], [ 13.85137, 53.02175 ], [ 13.85099, 53.02172 ], [ 13.85102, 53.02188 ], [ 13.85094, 53.02195 ], [ 13.85078, 53.02198 ], [ 13.85063, 53.02194 ], [ 13.85016, 53.02217 ], [ 13.84996, 53.02203 ], [ 13.85003, 53.02187 ], [ 13.85022, 53.02167 ], [ 13.84994, 53.02166 ], [ 13.84996, 53.02179 ], [ 13.84988, 53.02186 ], [ 13.84973, 53.02189 ], [ 13.84954, 53.02183 ], [ 13.84949, 53.02173 ], [ 13.84956, 53.02165 ], [ 13.84937, 53.02166 ], [ 13.84939, 53.02179 ], [ 13.84931, 53.02186 ], [ 13.84916, 53.0219 ], [ 13.84896, 53.02183 ], [ 13.84879, 53.02189 ], [ 13.84862, 53.02184 ], [ 13.84854, 53.02194 ], [ 13.84839, 53.02197 ], [ 13.84828, 53.02195 ], [ 13.84818, 53.02187 ], [ 13.8481, 53.02194 ], [ 13.84784, 53.02195 ], [ 13.84776, 53.02191 ], [ 13.84773, 53.02179 ], [ 13.84759, 53.02182 ], [ 13.84739, 53.02177 ], [ 13.84701, 53.02187 ], [ 13.8469, 53.02185 ], [ 13.84678, 53.0217 ], [ 13.84686, 53.02161 ], [ 13.84711, 53.02159 ], [ 13.8472, 53.02162 ], [ 13.84739, 53.02147 ], [ 13.8471, 53.02145 ], [ 13.84701, 53.02141 ], [ 13.84697, 53.02131 ], [ 13.84706, 53.02121 ], [ 13.84728, 53.0212 ], [ 13.84739, 53.02123 ], [ 13.84748, 53.02138 ], [ 13.8477, 53.02113 ], [ 13.84772, 53.02099 ], [ 13.84762, 53.02101 ], [ 13.84743, 53.02095 ], [ 13.84743, 53.02076 ], [ 13.84717, 53.02071 ], [ 13.84713, 53.02061 ], [ 13.84723, 53.02051 ], [ 13.84698, 53.02046 ], [ 13.84698, 53.0206 ], [ 13.84691, 53.02067 ], [ 13.84675, 53.0207 ], [ 13.84656, 53.02064 ], [ 13.84652, 53.02054 ], [ 13.84659, 53.02044 ], [ 13.84577, 53.02041 ], [ 13.84567, 53.02046 ], [ 13.84558, 53.02055 ], [ 13.84597, 53.02055 ], [ 13.84623, 53.02063 ], [ 13.84635, 53.02081 ], [ 13.84624, 53.02096 ], [ 13.84549, 53.02119 ], [ 13.84542, 53.02141 ], [ 13.84551, 53.02169 ], [ 13.84545, 53.02193 ], [ 13.84518, 53.02215 ], [ 13.84479, 53.0222 ], [ 13.84428, 53.0222 ], [ 13.84577, 53.02251 ], [ 13.84645, 53.02222 ], [ 13.84642, 53.02212 ], [ 13.84652, 53.02204 ], [ 13.8467, 53.022 ], [ 13.84689, 53.02208 ], [ 13.84769, 53.02198 ], [ 13.84841, 53.02209 ], [ 13.84951, 53.02213 ], [ 13.84998, 53.02224 ], [ 13.85068, 53.02222 ], [ 13.85094, 53.02227 ], [ 13.85119, 53.02281 ], [ 13.85149, 53.0228 ] ] ] } },
{ "type": "Feature", "properties": { "boden": "100 % kräftig, nass (OK2)" }, "geometry": { "type": "Polygon", "coordinates": [ [ [ 13.84783, 53.02164 ], [ 13.84769, 53.02156 ], [ 13.84745, 53.02157 ], [ 13.84736, 53.02166 ], [ 13.84739, 53.02177 ], [ 13.84782, 53.02174 ], [ 13.84783, 53.02164 ] ] ] } },
{ "type": "Feature", "properties": { "boden": "100 % mittel, mäßig frisch (M2g)" }, "geometry": { "type": "Polygon", "coordinates": [ [ [ 13.84693, 53.02182 ], [ 13.8472, 53.02162 ], [ 13.84711, 53.02159 ], [ 13.84686, 53.02161 ], [ 13.84678, 53.0217 ], [ 13.84682, 53.0218 ], [ 13.84701, 53.02187 ], [ 13.84724, 53.02179 ], [ 13.84693, 53.02182 ] ] ] } },
{ "type": "Feature", "properties": { "boden": "100 % mittel, mäßig frisch (M2g)" }, "geometry": { "type": "Polygon", "coordinates": [ [ [ 13.84994, 53.02166 ], [ 13.84956, 53.02165 ], [ 13.84949, 53.02173 ], [ 13.84954, 53.02183 ], [ 13.84973, 53.02189 ], [ 13.84988, 53.02186 ], [ 13.84996, 53.02171 ], [ 13.84994, 53.02166 ] ] ] } },
{ "type": "Feature", "properties": { "boden": "100 % mittel, mäßig frisch (M2g)" }, "geometry": { "type": "Polygon", "coordinates": [ [ [ 13.84937, 53.02166 ], [ 13.84739, 53.02177 ], [ 13.84759, 53.02182 ], [ 13.84773, 53.02179 ], [ 13.84776, 53.02191 ], [ 13.84795, 53.02197 ], [ 13.8481, 53.02194 ], [ 13.84818, 53.02187 ], [ 13.84828, 53.02195 ], [ 13.84839, 53.02197 ], [ 13.84854, 53.02194 ], [ 13.84862, 53.02184 ], [ 13.84879, 53.02189 ], [ 13.84896, 53.02183 ], [ 13.84916, 53.0219 ], [ 13.84931, 53.02186 ], [ 13.84939, 53.02179 ], [ 13.84937, 53.02166 ] ] ] } },
{ "type": "Feature", "properties": { "boden": "100 % mittel, mäßig frisch (M2g)" }, "geometry": { "type": "Polygon", "coordinates": [ [ [ 13.8508, 53.02171 ], [ 13.85063, 53.02194 ], [ 13.85078, 53.02198 ], [ 13.85094, 53.02195 ], [ 13.85102, 53.02188 ], [ 13.85099, 53.02172 ], [ 13.8508, 53.02171 ] ] ] } },
{ "type": "Feature", "properties": { "boden": "100 % mittel, mäßig frisch (M2g)" }, "geometry": { "type": "Polygon", "coordinates": [ [ [ 13.85137, 53.02175 ], [ 13.85123, 53.02179 ], [ 13.85116, 53.02189 ], [ 13.8512, 53.02199 ], [ 13.85139, 53.02206 ], [ 13.85155, 53.02202 ], [ 13.85162, 53.02187 ], [ 13.85137, 53.02175 ] ] ] } },
{ "type": "Feature", "properties": { "boden": "100 % mittel, mäßig frisch (M2g)" }, "geometry": { "type": "Polygon", "coordinates": [ [ [ 13.8432, 53.02368 ], [ 13.84324, 53.02343 ], [ 13.84306, 53.02344 ], [ 13.84287, 53.02332 ], [ 13.84308, 53.0227 ], [ 13.8436, 53.0223 ], [ 13.84428, 53.0222 ], [ 13.84356, 53.02209 ], [ 13.84244, 53.02228 ], [ 13.84263, 53.02235 ], [ 13.84299, 53.02227 ], [ 13.84314, 53.02235 ], [ 13.84306, 53.02252 ], [ 13.8429, 53.02255 ], [ 13.84261, 53.02244 ], [ 13.84251, 53.02253 ], [ 13.84225, 53.02254 ], [ 13.84211, 53.0225 ], [ 13.8421, 53.02233 ], [ 13.84193, 53.02241 ], [ 13.84203, 53.02252 ], [ 13.84196, 53.02263 ], [ 13.84176, 53.02268 ], [ 13.84161, 53.02265 ], [ 13.84155, 53.02259 ], [ 13.84088, 53.02246 ], [ 13.8404, 53.02206 ], [ 13.83976, 53.02205 ], [ 13.83916, 53.02216 ], [ 13.83852, 53.02247 ], [ 13.83749, 53.02281 ], [ 13.83718, 53.0228 ], [ 13.83657, 53.02263 ], [ 13.83548, 53.02263 ], [ 13.83514, 53.02255 ], [ 13.8347, 53.02236 ], [ 13.83449, 53.02216 ], [ 13.83443, 53.02184 ], [ 13.83458, 53.02162 ], [ 13.83511, 53.02117 ], [ 13.83543, 53.0211 ], [ 13.8365, 53.02106 ], [ 13.83739, 53.02151 ], [ 13.83834, 53.02188 ], [ 13.83876, 53.02193 ], [ 13.83913, 53.02192 ], [ 13.84059, 53.02158 ], [ 13.84121, 53.02097 ], [ 13.84121, 53.02056 ], [ 13.83959, 53.02072 ], [ 13.83902, 53.02085 ], [ 13.83731, 53.02094 ], [ 13.83673, 53.02081 ], [ 13.83606, 53.02077 ], [ 13.83542, 53.02078 ], [ 13.83461, 53.02088 ], [ 13.83429, 53.02097 ], [ 13.83393, 53.02124 ], [ 13.83333, 53.02158 ], [ 13.83371, 53.02239 ], [ 13.83365, 53.02293 ], [ 13.8355, 53.0232 ], [ 13.83942, 53.0236 ], [ 13.84085, 53.02368 ], [ 13.84083, 53.02349 ], [ 13.84095, 53.02342 ], [ 13.84111, 53.0234 ], [ 13.84127, 53.02346 ], [ 13.84133, 53.02356 ], [ 13.84126, 53.02366 ], [ 13.84115, 53.02369 ], [ 13.84274, 53.02372 ], [ 13.8432, 53.02368 ] ], [ [ 13.84289, 53.02358 ], [ 13.84268, 53.02366 ], [ 13.84257, 53.02364 ], [ 13.84245, 53.02349 ], [ 13.84253, 53.0234 ], [ 13.84277, 53.02337 ], [ 13.84292, 53.02346 ], [ 13.84289, 53.02358 ] ], [ [ 13.84252, 53.02323 ], [ 13.84244, 53.02339 ], [ 13.84215, 53.02341 ], [ 13.84214, 53.02316 ], [ 13.84237, 53.02314 ], [ 13.84252, 53.02323 ] ], [ [ 13.84117, 53.0231 ], [ 13.84111, 53.02321 ], [ 13.84091, 53.02326 ], [ 13.84075, 53.02323 ], [ 13.84066, 53.02313 ], [ 13.84068, 53.02303 ], [ 13.84079, 53.02296 ], [ 13.84096, 53.02295 ], [ 13.84112, 53.023 ], [ 13.84117, 53.0231 ] ], [ [ 13.84066, 53.02346 ], [ 13.84059, 53.02357 ], [ 13.84045, 53.0236 ], [ 13.84024, 53.02359 ], [ 13.84014, 53.02349 ], [ 13.84016, 53.02339 ], [ 13.84028, 53.02332 ], [ 13.84044, 53.02331 ], [ 13.8406, 53.02336 ], [ 13.84066, 53.02346 ] ], [ [ 13.84204, 53.02351 ], [ 13.84197, 53.02361 ], [ 13.84185, 53.02364 ], [ 13.84162, 53.02363 ], [ 13.84152, 53.02354 ], [ 13.84154, 53.02344 ], [ 13.84166, 53.02337 ], [ 13.84182, 53.02335 ], [ 13.84198, 53.02341 ], [ 13.84204, 53.02351 ] ] ] } },
{ "type": "Feature", "properties": { "boden": "100 % mittel, frisch (M1)" }, "geometry": { "type": "Polygon", "coordinates": [ [ [ 13.83977, 53.02175 ], [ 13.83913, 53.02192 ], [ 13.83876, 53.02193 ], [ 13.83834, 53.02188 ], [ 13.83804, 53.02176 ], [ 13.83805, 53.0219 ], [ 13.83826, 53.02198 ], [ 13.83822, 53.02208 ], [ 13.83839, 53.02208 ], [ 13.83854, 53.02213 ], [ 13.8386, 53.02223 ], [ 13.83853, 53.02234 ], [ 13.83833, 53.02239 ], [ 13.83818, 53.02236 ], [ 13.83806, 53.02227 ], [ 13.83818, 53.02258 ], [ 13.83852, 53.02247 ], [ 13.83916, 53.02216 ], [ 13.83976, 53.02205 ], [ 13.83977, 53.02175 ] ] ] } },
{ "type": "Feature", "properties": { "boden": "100 % kräftig, nass (OK3)" }, "geometry": { "type": "Polygon", "coordinates": [ [ [ 13.8421, 53.02233 ], [ 13.841, 53.02231 ], [ 13.84078, 53.02222 ], [ 13.84047, 53.02195 ], [ 13.84016, 53.02188 ], [ 13.83993, 53.02192 ], [ 13.83976, 53.02205 ], [ 13.8404, 53.02206 ], [ 13.84088, 53.02246 ], [ 13.84155, 53.02259 ], [ 13.84153, 53.02245 ], [ 13.84165, 53.02238 ], [ 13.84193, 53.02241 ], [ 13.8421, 53.02233 ] ] ] } },
{ "type": "Feature", "properties": { "boden": "100 % mittel, mäßig frisch (M2g)" }, "geometry": { "type": "Polygon", "coordinates": [ [ [ 13.8421, 53.02233 ], [ 13.84211, 53.0225 ], [ 13.84236, 53.02256 ], [ 13.84251, 53.02253 ], [ 13.84261, 53.02244 ], [ 13.84279, 53.02253 ], [ 13.84306, 53.02252 ], [ 13.84314, 53.02235 ], [ 13.84299, 53.02227 ], [ 13.84263, 53.02235 ], [ 13.84244, 53.02228 ], [ 13.8421, 53.02233 ] ] ] } },
{ "type": "Feature", "properties": { "boden": "100 % kräftig, nass (OK3)" }, "geometry": { "type": "Polygon", "coordinates": [ [ [ 13.84193, 53.02241 ], [ 13.84165, 53.02238 ], [ 13.84153, 53.02245 ], [ 13.84155, 53.02259 ], [ 13.84193, 53.02241 ] ] ] } },
{ "type": "Feature", "properties": { "boden": "100 % mittel, mäßig frisch (M2g)" }, "geometry": { "type": "Polygon", "coordinates": [ [ [ 13.84155, 53.02259 ], [ 13.84161, 53.02265 ], [ 13.84176, 53.02268 ], [ 13.84196, 53.02263 ], [ 13.84203, 53.02252 ], [ 13.84197, 53.02242 ], [ 13.84155, 53.02259 ] ] ] } },
{ "type": "Feature", "properties": { "boden": "100 % kräftig, nass (OK2)" }, "geometry": { "type": "Polygon", "coordinates": [ [ [ 13.84565, 53.02248 ], [ 13.84539, 53.02252 ], [ 13.8453, 53.02261 ], [ 13.84535, 53.02272 ], [ 13.84577, 53.02251 ], [ 13.84565, 53.02248 ] ] ] } },
{ "type": "Feature", "properties": { "boden": "100 % kräftig, nass (OK2)" }, "geometry": { "type": "Polygon", "coordinates": [ [ [ 13.84465, 53.02283 ], [ 13.84474, 53.02273 ], [ 13.84497, 53.02271 ], [ 13.84512, 53.02279 ], [ 13.84511, 53.02284 ], [ 13.84535, 53.02272 ], [ 13.8453, 53.02261 ], [ 13.84539, 53.02252 ], [ 13.84565, 53.02248 ], [ 13.84428, 53.0222 ], [ 13.8436, 53.0223 ], [ 13.84308, 53.0227 ], [ 13.84302, 53.02288 ], [ 13.84343, 53.02298 ], [ 13.84353, 53.02285 ], [ 13.84374, 53.02275 ], [ 13.84404, 53.02275 ], [ 13.84465, 53.02283 ] ] ] } },
{ "type": "Feature", "properties": { "boden": "50 % mittel, mäßig frisch (M2) · 50 % mittel, mäßig frisch (M2g)" }, "geometry": { "type": "Polygon", "coordinates": [ [ [ 13.84535, 53.02272 ], [ 13.84554, 53.02278 ], [ 13.84569, 53.02274 ], [ 13.84582, 53.02262 ], [ 13.84577, 53.02251 ], [ 13.84535, 53.02272 ] ] ] } },
{ "type": "Feature", "properties": { "boden": "100 % kräftig, nass (OK2)" }, "geometry": { "type": "Polygon", "coordinates": [ [ [ 13.84512, 53.02279 ], [ 13.84497, 53.02271 ], [ 13.84474, 53.02273 ], [ 13.84465, 53.02283 ], [ 13.84503, 53.02288 ], [ 13.84512, 53.02279 ] ] ] } },
{ "type": "Feature", "properties": { "boden": "100 % kräftig, nass (OK2)" }, "geometry": { "type": "Polygon", "coordinates": [ [ [ 13.85056, 53.02201 ], [ 13.8508, 53.02171 ], [ 13.85022, 53.02167 ], [ 13.85003, 53.02187 ], [ 13.84996, 53.02203 ], [ 13.85016, 53.02217 ], [ 13.85056, 53.02201 ] ] ] } },
{ "type": "Feature", "properties": { "boden": "100 % mittel, mäßig frisch (M2g)" }, "geometry": { "type": "Polygon", "coordinates": [ [ [ 13.84688, 53.02206 ], [ 13.8467, 53.022 ], [ 13.84652, 53.02204 ], [ 13.84642, 53.02212 ], [ 13.84645, 53.02222 ], [ 13.84688, 53.02206 ] ] ] } },
{ "type": "Feature", "properties": { "boden": "50 % mittel, mäßig frisch (M2) · 50 % mittel, mäßig frisch (M2g)" }, "geometry": { "type": "Polygon", "coordinates": [ [ [ 13.84689, 53.02208 ], [ 13.84645, 53.02222 ], [ 13.84646, 53.02225 ], [ 13.84669, 53.02232 ], [ 13.84688, 53.02225 ], [ 13.84694, 53.02214 ], [ 13.84689, 53.02208 ] ] ] } },
{ "type": "Feature", "properties": { "boden": "100 % mittel, mäßig frisch (M2g)" }, "geometry": { "type": "Polygon", "coordinates": [ [ [ 13.85214, 53.02233 ], [ 13.85213, 53.02221 ], [ 13.85203, 53.02213 ], [ 13.85186, 53.02209 ], [ 13.85169, 53.02217 ], [ 13.85169, 53.02226 ], [ 13.85183, 53.02234 ], [ 13.85168, 53.02239 ], [ 13.8516, 53.02248 ], [ 13.85164, 53.02258 ], [ 13.85185, 53.02264 ], [ 13.85214, 53.02233 ] ] ] } },
{ "type": "Feature", "properties": { "boden": "50 % mittel, mäßig frisch (M2) · 50 % mittel, mäßig frisch (M2g)" }, "geometry": { "type": "Polygon", "coordinates": [ [ [ 13.84592, 53.02244 ], [ 13.84593, 53.02252 ], [ 13.84613, 53.02258 ], [ 13.84628, 53.02255 ], [ 13.84636, 53.02238 ], [ 13.84623, 53.02231 ], [ 13.84592, 53.02244 ] ] ] } },
{ "type": "Feature", "properties": { "boden": "50 % mittel, trocken (vermutet) (M3) · 50 % mittel, trocken (vermutet) (M3g)" }, "geometry": { "type": "Polygon", "coordinates": [ [ [ 13.85106, 53.02249 ], [ 13.85077, 53.02239 ], [ 13.85061, 53.02239 ], [ 13.85043, 53.0225 ], [ 13.84996, 53.02255 ], [ 13.84972, 53.02272 ], [ 13.84924, 53.02286 ], [ 13.84945, 53.02289 ], [ 13.84978, 53.02279 ], [ 13.85024, 53.02279 ], [ 13.85002, 53.02275 ], [ 13.85003, 53.02263 ], [ 13.85048, 53.02259 ], [ 13.85066, 53.02248 ], [ 13.85107, 53.02264 ], [ 13.85106, 53.02249 ] ] ] } },
{ "type": "Feature", "properties": { "boden": "50 % mittel, trocken (vermutet) (M3) · 50 % mittel, trocken (vermutet) (M3g)" }, "geometry": { "type": "Polygon", "coordinates": [ [ [ 13.84751, 53.02258 ], [ 13.84643, 53.02266 ], [ 13.84582, 53.02279 ], [ 13.84599, 53.02286 ], [ 13.84651, 53.02286 ], [ 13.84693, 53.0228 ], [ 13.84745, 53.02265 ], [ 13.84751, 53.02258 ] ] ] } },
{ "type": "Feature", "properties": { "boden": "50 % mittel, mäßig frisch (M2) · 50 % mittel, mäßig frisch (M2g)" }, "geometry": { "type": "Polygon", "coordinates": [ [ [ 13.85229, 53.02271 ], [ 13.85207, 53.02274 ], [ 13.85199, 53.02283 ], [ 13.85203, 53.02294 ], [ 13.85222, 53.023 ], [ 13.85238, 53.02296 ], [ 13.85246, 53.02289 ], [ 13.85244, 53.02278 ], [ 13.85229, 53.02271 ] ] ] } },
{ "type": "Feature", "properties": { "boden": "50 % mittel, mäßig frisch (M2) · 50 % mittel, mäßig frisch (M2g)" }, "geometry": { "type": "Polygon", "coordinates": [ [ [ 13.8528, 53.0229 ], [ 13.8527, 53.023 ], [ 13.85274, 53.0231 ], [ 13.85293, 53.02316 ], [ 13.85308, 53.02313 ], [ 13.85316, 53.02306 ], [ 13.85313, 53.02294 ], [ 13.8528, 53.0229 ] ] ] } },
{ "type": "Feature", "properties": { "boden": "50 % mittel, mäßig frisch (M2) · 50 % mittel, mäßig frisch (M2g)" }, "geometry": { "type": "Polygon", "coordinates": [ [ [ 13.85376, 53.02299 ], [ 13.85342, 53.02298 ], [ 13.85334, 53.02307 ], [ 13.85338, 53.02317 ], [ 13.85344, 53.0232 ], [ 13.85376, 53.02317 ], [ 13.85381, 53.02305 ], [ 13.85376, 53.02299 ] ] ] } },
{ "type": "Feature", "properties": { "boden": "50 % mittel, trocken (vermutet) (M3) · 50 % mittel, trocken (vermutet) (M3g)" }, "geometry": { "type": "Polygon", "coordinates": [ [ [ 13.85153, 53.02279 ], [ 13.85119, 53.02281 ], [ 13.85112, 53.02273 ], [ 13.85085, 53.023 ], [ 13.85159, 53.02339 ], [ 13.85194, 53.02341 ], [ 13.85201, 53.02338 ], [ 13.85195, 53.0232 ], [ 13.85166, 53.02297 ], [ 13.85153, 53.02279 ] ] ] } },
{ "type": "Feature", "properties": { "boden": "50 % mittel, mäßig frisch (M2) · 50 % mittel, mäßig frisch (M2g)" }, "geometry": { "type": "Polygon", "coordinates": [ [ [ 13.85454, 53.02314 ], [ 13.85447, 53.02327 ], [ 13.85482, 53.02343 ], [ 13.85482, 53.02357 ], [ 13.85419, 53.0234 ], [ 13.85349, 53.02328 ], [ 13.85334, 53.02307 ], [ 13.85342, 53.02298 ], [ 13.85313, 53.02294 ], [ 13.85316, 53.02306 ], [ 13.85308, 53.02313 ], [ 13.85282, 53.02314 ], [ 13.8527, 53.023 ], [ 13.8528, 53.0229 ], [ 13.85244, 53.02278 ], [ 13.85246, 53.02289 ], [ 13.85238, 53.02296 ], [ 13.85211, 53.02298 ], [ 13.85199, 53.02283 ], [ 13.85207, 53.02274 ], [ 13.85229, 53.02271 ], [ 13.85197, 53.02256 ], [ 13.85171, 53.02274 ], [ 13.85153, 53.02279 ], [ 13.85166, 53.02297 ], [ 13.85195, 53.0232 ], [ 13.85201, 53.02338 ], [ 13.85165, 53.02341 ], [ 13.85089, 53.02304 ], [ 13.85087, 53.02294 ], [ 13.85107, 53.02282 ], [ 13.85111, 53.02268 ], [ 13.85099, 53.02258 ], [ 13.85072, 53.02248 ], [ 13.8506, 53.02249 ], [ 13.85048, 53.02259 ], [ 13.85003, 53.02263 ], [ 13.85002, 53.02275 ], [ 13.85024, 53.02279 ], [ 13.84978, 53.02279 ], [ 13.84945, 53.02289 ], [ 13.84924, 53.02286 ], [ 13.84972, 53.02272 ], [ 13.84996, 53.02255 ], [ 13.85043, 53.0225 ], [ 13.85061, 53.02239 ], [ 13.85077, 53.02239 ], [ 13.85106, 53.02249 ], [ 13.85094, 53.02227 ], [ 13.85068, 53.02222 ], [ 13.84998, 53.02224 ], [ 13.84951, 53.02213 ], [ 13.84841, 53.02209 ], [ 13.84769, 53.02198 ], [ 13.84689, 53.02208 ], [ 13.84694, 53.02214 ], [ 13.84688, 53.02225 ], [ 13.84669, 53.02232 ], [ 13.84645, 53.02222 ], [ 13.84623, 53.02231 ], [ 13.84636, 53.02238 ], [ 13.84628, 53.02255 ], [ 13.84601, 53.02256 ], [ 13.8459, 53.02245 ], [ 13.84577, 53.02251 ], [ 13.84582, 53.02262 ], [ 13.84569, 53.02274 ], [ 13.84554, 53.02278 ], [ 13.84535, 53.02272 ], [ 13.84511, 53.02284 ], [ 13.84504, 53.02296 ], [ 13.84477, 53.02297 ], [ 13.84465, 53.02283 ], [ 13.84435, 53.02279 ], [ 13.84429, 53.02299 ], [ 13.84402, 53.02301 ], [ 13.84389, 53.02293 ], [ 13.84368, 53.02304 ], [ 13.84365, 53.02313 ], [ 13.84352, 53.02321 ], [ 13.84358, 53.0233 ], [ 13.8435, 53.02346 ], [ 13.84323, 53.02347 ], [ 13.8432, 53.02368 ], [ 13.84351, 53.02369 ], [ 13.84456, 53.02389 ], [ 13.8457, 53.02394 ], [ 13.84899, 53.02425 ], [ 13.8534, 53.02409 ], [ 13.85372, 53.02412 ], [ 13.8532, 53.02425 ], [ 13.85325, 53.0243 ], [ 13.85351, 53.02427 ], [ 13.85481, 53.02395 ], [ 13.85499, 53.02369 ], [ 13.85486, 53.02334 ], [ 13.85454, 53.02314 ] ], [ [ 13.85242, 53.0234 ], [ 13.85252, 53.02364 ], [ 13.85237, 53.02382 ], [ 13.852, 53.02386 ], [ 13.85147, 53.02379 ], [ 13.85148, 53.02371 ], [ 13.85206, 53.02355 ], [ 13.85222, 53.02338 ], [ 13.85242, 53.0234 ] ], [ [ 13.84751, 53.02258 ], [ 13.84716, 53.02274 ], [ 13.84651, 53.02286 ], [ 13.84599, 53.02286 ], [ 13.84582, 53.02279 ], [ 13.84612, 53.02271 ], [ 13.84718, 53.02258 ], [ 13.84751, 53.02258 ] ] ] } },
{ "type": "Feature", "properties": { "boden": "50 % mittel, trocken (vermutet) (M3) · 50 % mittel, trocken (vermutet) (M3g)" }, "geometry": { "type": "Polygon", "coordinates": [ [ [ 13.85445, 53.02326 ], [ 13.8541, 53.0232 ], [ 13.8542, 53.02301 ], [ 13.85393, 53.02291 ], [ 13.85376, 53.02299 ], [ 13.85381, 53.02305 ], [ 13.85376, 53.02317 ], [ 13.85341, 53.02322 ], [ 13.85361, 53.02331 ], [ 13.85419, 53.0234 ], [ 13.85482, 53.02357 ], [ 13.85482, 53.02343 ], [ 13.85445, 53.02326 ] ] ] } },
{ "type": "Feature", "properties": { "boden": "50 % mittel, trocken (vermutet) (M3) · 50 % mittel, trocken (vermutet) (M3g)" }, "geometry": { "type": "Polygon", "coordinates": [ [ [ 13.85229, 53.02337 ], [ 13.85217, 53.0234 ], [ 13.85198, 53.02359 ], [ 13.85148, 53.02371 ], [ 13.85147, 53.02379 ], [ 13.852, 53.02386 ], [ 13.85245, 53.02378 ], [ 13.8525, 53.02354 ], [ 13.85242, 53.0234 ], [ 13.85229, 53.02337 ] ] ] } },
{ "type": "Feature", "properties": { "boden": "100 % mittel, mäßig frisch (M2g)" }, "geometry": { "type": "Polygon", "coordinates": [ [ [ 13.84899, 53.02425 ], [ 13.84929, 53.02436 ], [ 13.84967, 53.02478 ], [ 13.85128, 53.02417 ], [ 13.84899, 53.02425 ] ] ] } },
{ "type": "Feature", "properties": { "boden": "100 % kräftig, frisch (K1)" }, "geometry": { "type": "Polygon", "coordinates": [ [ [ 13.85141, 53.0247 ], [ 13.85282, 53.02434 ], [ 13.85128, 53.02455 ], [ 13.85092, 53.02466 ], [ 13.8507, 53.02481 ], [ 13.85069, 53.02495 ], [ 13.85086, 53.02501 ], [ 13.85117, 53.02502 ], [ 13.85156, 53.02496 ], [ 13.85141, 53.0247 ] ] ] } },
{ "type": "Feature", "properties": { "boden": "100 % kräftig, nass (OK2)" }, "geometry": { "type": "Polygon", "coordinates": [ [ [ 13.85117, 53.02502 ], [ 13.85086, 53.02501 ], [ 13.85069, 53.02495 ], [ 13.8507, 53.02481 ], [ 13.85092, 53.02466 ], [ 13.85128, 53.02455 ], [ 13.85325, 53.0243 ], [ 13.85311, 53.02414 ], [ 13.85128, 53.02417 ], [ 13.84967, 53.02478 ], [ 13.84993, 53.02517 ], [ 13.85022, 53.02533 ], [ 13.85049, 53.02533 ], [ 13.85164, 53.02511 ], [ 13.85156, 53.02496 ], [ 13.85117, 53.02502 ] ] ] } },
{ "type": "Feature", "properties": { "boden": "100 % kräftig, mäßig frisch (K2)" }, "geometry": { "type": "Polygon", "coordinates": [ [ [ 13.8463, 53.04112 ], [ 13.84626, 53.04096 ], [ 13.8458, 53.04107 ], [ 13.8458, 53.0411 ], [ 13.84593, 53.04121 ], [ 13.8463, 53.04112 ] ] ] } },
{ "type": "Feature", "properties": { "boden": "100 % kräftig, mäßig frisch (K2)" }, "geometry": { "type": "Polygon", "coordinates": [ [ [ 13.84713, 53.04134 ], [ 13.84688, 53.04119 ], [ 13.84692, 53.04114 ], [ 13.84686, 53.04104 ], [ 13.84644, 53.04091 ], [ 13.84626, 53.04096 ], [ 13.8463, 53.04112 ], [ 13.84652, 53.04112 ], [ 13.84647, 53.04129 ], [ 13.84679, 53.04136 ], [ 13.84708, 53.0415 ], [ 13.84713, 53.04134 ] ] ] } },
{ "type": "Feature", "properties": { "boden": "100 % kräftig, mäßig frisch (K2)" }, "geometry": { "type": "Polygon", "coordinates": [ [ [ 13.84518, 53.04121 ], [ 13.84526, 53.04137 ], [ 13.84542, 53.0414 ], [ 13.84561, 53.04135 ], [ 13.84568, 53.04124 ], [ 13.84556, 53.04112 ], [ 13.84518, 53.04121 ] ] ] } },
{ "type": "Feature", "properties": { "boden": "50 % mittel, mäßig frisch (M2) · 50 % mittel, mäßig frisch (M2g)" }, "geometry": { "type": "Polygon", "coordinates": [ [ [ 13.84503, 53.02288 ], [ 13.84465, 53.02283 ], [ 13.84469, 53.02293 ], [ 13.84488, 53.02299 ], [ 13.84504, 53.02296 ], [ 13.84511, 53.02284 ], [ 13.84503, 53.02288 ] ] ] } },
{ "type": "Feature", "properties": { "boden": "50 % mittel, mäßig frisch (M2) · 50 % mittel, mäßig frisch (M2g)" }, "geometry": { "type": "Polygon", "coordinates": [ [ [ 13.84435, 53.02279 ], [ 13.84374, 53.02275 ], [ 13.84353, 53.02285 ], [ 13.84323, 53.02347 ], [ 13.8435, 53.02346 ], [ 13.84358, 53.0233 ], [ 13.84352, 53.02321 ], [ 13.84365, 53.02313 ], [ 13.84368, 53.02304 ], [ 13.84389, 53.02293 ], [ 13.84413, 53.02302 ], [ 13.84434, 53.02295 ], [ 13.84435, 53.02279 ] ] ] } },
{ "type": "Feature", "properties": { "boden": "100 % mittel, mäßig frisch (M2g)" }, "geometry": { "type": "Polygon", "coordinates": [ [ [ 13.84096, 53.02295 ], [ 13.84079, 53.02296 ], [ 13.84068, 53.02303 ], [ 13.84066, 53.02313 ], [ 13.84075, 53.02323 ], [ 13.84091, 53.02326 ], [ 13.84111, 53.02321 ], [ 13.84117, 53.0231 ], [ 13.84112, 53.023 ], [ 13.84096, 53.02295 ] ] ] } },
{ "type": "Feature", "properties": { "boden": "100 % mittel, mäßig frisch (M2g)" }, "geometry": { "type": "Polygon", "coordinates": [ [ [ 13.84237, 53.02314 ], [ 13.84214, 53.02316 ], [ 13.84215, 53.02341 ], [ 13.84244, 53.02339 ], [ 13.84249, 53.02334 ], [ 13.84252, 53.02323 ], [ 13.84237, 53.02314 ] ] ] } },
{ "type": "Feature", "properties": { "boden": "100 % mittel, mäßig frisch (M2g)" }, "geometry": { "type": "Polygon", "coordinates": [ [ [ 13.84044, 53.02331 ], [ 13.84028, 53.02332 ], [ 13.84016, 53.02339 ], [ 13.84014, 53.02349 ], [ 13.84024, 53.02359 ], [ 13.84045, 53.0236 ], [ 13.84059, 53.02357 ], [ 13.84066, 53.02346 ], [ 13.8406, 53.02336 ], [ 13.84044, 53.02331 ] ] ] } },
{ "type": "Feature", "properties": { "boden": "100 % mittel, mäßig frisch (M2g)" }, "geometry": { "type": "Polygon", "coordinates": [ [ [ 13.84182, 53.02335 ], [ 13.84166, 53.02337 ], [ 13.84154, 53.02344 ], [ 13.84152, 53.02354 ], [ 13.84162, 53.02363 ], [ 13.84197, 53.02361 ], [ 13.84204, 53.02351 ], [ 13.84198, 53.02341 ], [ 13.84182, 53.02335 ] ] ] } },
{ "type": "Feature", "properties": { "boden": "100 % mittel, mäßig frisch (M2g)" }, "geometry": { "type": "Polygon", "coordinates": [ [ [ 13.84277, 53.02337 ], [ 13.84253, 53.0234 ], [ 13.84245, 53.02349 ], [ 13.84257, 53.02364 ], [ 13.84268, 53.02366 ], [ 13.84289, 53.02358 ], [ 13.84292, 53.02346 ], [ 13.84277, 53.02337 ] ] ] } },
{ "type": "Feature", "properties": { "boden": "100 % mittel, mäßig frisch (M2g)" }, "geometry": { "type": "Polygon", "coordinates": [ [ [ 13.84085, 53.02368 ], [ 13.84126, 53.02366 ], [ 13.84133, 53.02356 ], [ 13.84127, 53.02346 ], [ 13.84111, 53.0234 ], [ 13.84095, 53.02342 ], [ 13.84083, 53.02349 ], [ 13.84085, 53.02368 ] ] ] } },
{ "type": "Feature", "properties": { "boden": "100 % kräftig, mäßig frisch (K2)" }, "geometry": { "type": "Polygon", "coordinates": [ [ [ 13.84488, 53.04145 ], [ 13.84472, 53.04139 ], [ 13.84455, 53.04141 ], [ 13.84444, 53.04148 ], [ 13.84442, 53.04158 ], [ 13.84451, 53.04167 ], [ 13.84466, 53.04172 ], [ 13.84496, 53.04158 ], [ 13.84488, 53.04145 ] ] ] } },
{ "type": "Feature", "properties": { "boden": "100 % kräftig, mäßig frisch (K2)" }, "geometry": { "type": "Polygon", "coordinates": [ [ [ 13.84439, 53.04184 ], [ 13.84433, 53.04166 ], [ 13.84417, 53.0416 ], [ 13.84401, 53.04162 ], [ 13.84389, 53.04169 ], [ 13.84387, 53.04179 ], [ 13.84397, 53.04188 ], [ 13.84419, 53.04193 ], [ 13.84439, 53.04184 ] ] ] } },
{ "type": "Feature", "properties": { "boden": "100 % mittel, frisch (M1)" }, "geometry": { "type": "Polygon", "coordinates": [ [ [ 13.83751, 53.02275 ], [ 13.83742, 53.02265 ], [ 13.83744, 53.02255 ], [ 13.83761, 53.02248 ], [ 13.83746, 53.02226 ], [ 13.8373, 53.0223 ], [ 13.83715, 53.02227 ], [ 13.83705, 53.02218 ], [ 13.83707, 53.02208 ], [ 13.83719, 53.02201 ], [ 13.83747, 53.02201 ], [ 13.83763, 53.02192 ], [ 13.83754, 53.02186 ], [ 13.83756, 53.02176 ], [ 13.8378, 53.02167 ], [ 13.8365, 53.02106 ], [ 13.83543, 53.0211 ], [ 13.83511, 53.02117 ], [ 13.83458, 53.02162 ], [ 13.83443, 53.02184 ], [ 13.83449, 53.02216 ], [ 13.8347, 53.02236 ], [ 13.83514, 53.02255 ], [ 13.83548, 53.02263 ], [ 13.83657, 53.02263 ], [ 13.83718, 53.0228 ], [ 13.83749, 53.02281 ], [ 13.83763, 53.02277 ], [ 13.83751, 53.02275 ] ], [ [ 13.83656, 53.0225 ], [ 13.83641, 53.02247 ], [ 13.83631, 53.02237 ], [ 13.83616, 53.02241 ], [ 13.83601, 53.02238 ], [ 13.83591, 53.02229 ], [ 13.83593, 53.02219 ], [ 13.83605, 53.02212 ], [ 13.83622, 53.0221 ], [ 13.83637, 53.02216 ], [ 13.83641, 53.02223 ], [ 13.83662, 53.02219 ], [ 13.83677, 53.02225 ], [ 13.83683, 53.02235 ], [ 13.83676, 53.02245 ], [ 13.83656, 53.0225 ] ], [ [ 13.83585, 53.02214 ], [ 13.83579, 53.02225 ], [ 13.83559, 53.0223 ], [ 13.83543, 53.02227 ], [ 13.83534, 53.02217 ], [ 13.83536, 53.02207 ], [ 13.83547, 53.022 ], [ 13.83564, 53.02199 ], [ 13.83579, 53.02204 ], [ 13.83585, 53.02214 ] ], [ [ 13.83521, 53.02183 ], [ 13.83515, 53.02193 ], [ 13.83495, 53.02199 ], [ 13.83479, 53.02195 ], [ 13.8347, 53.02186 ], [ 13.83472, 53.02176 ], [ 13.83483, 53.02169 ], [ 13.835, 53.02167 ], [ 13.83515, 53.02173 ], [ 13.83521, 53.02183 ] ], [ [ 13.83632, 53.02188 ], [ 13.83612, 53.02193 ], [ 13.83596, 53.0219 ], [ 13.83585, 53.02175 ], [ 13.83565, 53.02181 ], [ 13.8355, 53.02177 ], [ 13.8354, 53.02168 ], [ 13.83542, 53.02158 ], [ 13.83554, 53.02151 ], [ 13.8357, 53.02149 ], [ 13.83586, 53.02155 ], [ 13.83593, 53.02166 ], [ 13.83617, 53.02162 ], [ 13.83632, 53.02167 ], [ 13.83638, 53.02177 ], [ 13.83632, 53.02188 ] ] ] } },
{ "type": "Feature", "properties": { "boden": "100 % mittel, frisch (M1)" }, "geometry": { "type": "Polygon", "coordinates": [ [ [ 13.83746, 53.02226 ], [ 13.83747, 53.02201 ], [ 13.83719, 53.02201 ], [ 13.83707, 53.02208 ], [ 13.83705, 53.02218 ], [ 13.83715, 53.02227 ], [ 13.8373, 53.0223 ], [ 13.83746, 53.02226 ] ] ] } },
{ "type": "Feature", "properties": { "boden": "100 % mittel, frisch (M1)" }, "geometry": { "type": "Polygon", "coordinates": [ [ [ 13.83564, 53.02199 ], [ 13.83547, 53.022 ], [ 13.83536, 53.02207 ], [ 13.83534, 53.02217 ], [ 13.83543, 53.02227 ], [ 13.83559, 53.0223 ], [ 13.83579, 53.02225 ], [ 13.83585, 53.02214 ], [ 13.83579, 53.02204 ], [ 13.83564, 53.02199 ] ] ] } },
{ "type": "Feature", "properties": { "boden": "100 % mittel, frisch (M1)" }, "geometry": { "type": "Polygon", "coordinates": [ [ [ 13.83806, 53.02218 ], [ 13.83806, 53.02227 ], [ 13.83818, 53.02236 ], [ 13.83833, 53.02239 ], [ 13.83853, 53.02234 ], [ 13.8386, 53.02223 ], [ 13.83854, 53.02213 ], [ 13.83839, 53.02208 ], [ 13.83822, 53.02208 ], [ 13.83806, 53.02218 ] ] ] } },
{ "type": "Feature", "properties": { "boden": "100 % kräftig, nass (OK2)" }, "geometry": { "type": "Polygon", "coordinates": [ [ [ 13.83805, 53.02233 ], [ 13.83806, 53.02218 ], [ 13.83822, 53.02208 ], [ 13.83826, 53.02198 ], [ 13.83815, 53.02191 ], [ 13.83788, 53.02188 ], [ 13.83763, 53.02192 ], [ 13.83747, 53.02201 ], [ 13.83744, 53.02221 ], [ 13.83761, 53.02248 ], [ 13.83787, 53.02252 ], [ 13.8379, 53.02268 ], [ 13.83818, 53.02258 ], [ 13.83805, 53.02233 ] ] ] } },
{ "type": "Feature", "properties": { "boden": "100 % mittel, frisch (M1)" }, "geometry": { "type": "Polygon", "coordinates": [ [ [ 13.83683, 53.02235 ], [ 13.83677, 53.02225 ], [ 13.83662, 53.02219 ], [ 13.83641, 53.02223 ], [ 13.83637, 53.02216 ], [ 13.83622, 53.0221 ], [ 13.83605, 53.02212 ], [ 13.83593, 53.02219 ], [ 13.83591, 53.02229 ], [ 13.83601, 53.02238 ], [ 13.83616, 53.02241 ], [ 13.83631, 53.02237 ], [ 13.83641, 53.02247 ], [ 13.83656, 53.0225 ], [ 13.83676, 53.02245 ], [ 13.83683, 53.02235 ] ] ] } },
{ "type": "Feature", "properties": { "boden": "100 % mittel, frisch (M1)" }, "geometry": { "type": "Polygon", "coordinates": [ [ [ 13.8379, 53.02268 ], [ 13.83787, 53.02252 ], [ 13.83761, 53.02248 ], [ 13.83744, 53.02255 ], [ 13.83742, 53.02265 ], [ 13.83751, 53.02275 ], [ 13.83763, 53.02277 ], [ 13.8379, 53.02268 ] ] ] } },
{ "type": "Feature", "properties": { "boden": "100 % kräftig, mäßig frisch (K2)" }, "geometry": { "type": "Polygon", "coordinates": [ [ [ 13.83761, 53.04319 ], [ 13.83722, 53.04332 ], [ 13.83685, 53.0438 ], [ 13.83747, 53.0438 ], [ 13.83776, 53.04366 ], [ 13.83781, 53.04329 ], [ 13.83777, 53.04323 ], [ 13.83761, 53.04319 ] ] ] } },
{ "type": "Feature", "properties": { "boden": "100 % kräftig, mäßig frisch (K2)" }, "geometry": { "type": "Polygon", "coordinates": [ [ [ 13.83651, 53.04398 ], [ 13.83577, 53.04394 ], [ 13.83537, 53.04418 ], [ 13.83502, 53.04454 ], [ 13.83505, 53.04479 ], [ 13.83522, 53.04496 ], [ 13.83529, 53.04497 ], [ 13.83551, 53.04487 ], [ 13.83645, 53.04437 ], [ 13.83653, 53.04415 ], [ 13.83651, 53.04398 ] ] ] } },
{ "type": "Feature", "properties": { "boden": "100 % kräftig, mäßig frisch (K2)" }, "geometry": { "type": "Polygon", "coordinates": [ [ [ 13.83337, 53.04458 ], [ 13.83309, 53.04461 ], [ 13.83303, 53.04469 ], [ 13.83337, 53.04475 ], [ 13.83416, 53.04473 ], [ 13.8341, 53.04467 ], [ 13.83337, 53.04458 ] ] ] } },
{ "type": "Feature", "properties": { "boden": "100 % kräftig, mäßig frisch (K2)" }, "geometry": { "type": "Polygon", "coordinates": [ [ [ 13.85192, 53.04227 ], [ 13.85182, 53.04218 ], [ 13.85222, 53.04189 ], [ 13.85271, 53.04109 ], [ 13.85229, 53.04075 ], [ 13.85122, 53.04049 ], [ 13.85041, 53.04052 ], [ 13.8491, 53.04151 ], [ 13.8471, 53.04076 ], [ 13.84644, 53.04091 ], [ 13.84686, 53.04104 ], [ 13.84692, 53.04114 ], [ 13.84688, 53.04119 ], [ 13.84699, 53.04129 ], [ 13.84713, 53.04134 ], [ 13.84738, 53.04127 ], [ 13.84753, 53.04133 ], [ 13.84759, 53.04143 ], [ 13.84752, 53.04153 ], [ 13.84725, 53.04158 ], [ 13.84756, 53.04172 ], [ 13.84766, 53.04166 ], [ 13.84782, 53.04164 ], [ 13.84816, 53.04183 ], [ 13.84826, 53.04176 ], [ 13.84843, 53.04175 ], [ 13.84858, 53.0418 ], [ 13.84864, 53.0419 ], [ 13.84857, 53.04201 ], [ 13.84832, 53.04204 ], [ 13.84826, 53.04213 ], [ 13.84853, 53.04231 ], [ 13.84881, 53.04221 ], [ 13.84882, 53.04211 ], [ 13.84894, 53.04204 ], [ 13.84911, 53.04202 ], [ 13.84926, 53.04208 ], [ 13.84932, 53.04218 ], [ 13.84927, 53.04226 ], [ 13.84941, 53.04228 ], [ 13.84964, 53.04223 ], [ 13.84974, 53.04227 ], [ 13.85047, 53.04207 ], [ 13.85087, 53.0419 ], [ 13.85166, 53.04221 ], [ 13.8517, 53.04236 ], [ 13.85192, 53.04227 ] ] ] } },
{ "type": "Feature", "properties": { "boden": "100 % kräftig, mäßig frisch (K2)" }, "geometry": { "type": "Polygon", "coordinates": [ [ [ 13.84713, 53.04134 ], [ 13.84748, 53.04154 ], [ 13.84752, 53.04153 ], [ 13.84759, 53.04143 ], [ 13.84753, 53.04133 ], [ 13.84738, 53.04127 ], [ 13.84721, 53.04129 ], [ 13.84713, 53.04134 ] ] ] } },
{ "type": "Feature", "properties": { "boden": "100 % kräftig, mäßig frisch (K2)" }, "geometry": { "type": "Polygon", "coordinates": [ [ [ 13.84748, 53.04154 ], [ 13.84719, 53.04136 ], [ 13.8471, 53.04136 ], [ 13.84708, 53.0415 ], [ 13.84725, 53.04158 ], [ 13.84748, 53.04154 ] ] ] } },
{ "type": "Feature", "properties": { "boden": "100 % kräftig, mäßig frisch (K2)" }, "geometry": { "type": "Polygon", "coordinates": [ [ [ 13.84798, 53.0417 ], [ 13.84782, 53.04164 ], [ 13.84766, 53.04166 ], [ 13.84756, 53.04172 ], [ 13.84796, 53.0419 ], [ 13.84804, 53.0418 ], [ 13.84798, 53.0417 ] ] ] } },
{ "type": "Feature", "properties": { "boden": "100 % kräftig, mäßig frisch (K2)" }, "geometry": { "type": "Polygon", "coordinates": [ [ [ 13.84801, 53.04175 ], [ 13.84796, 53.0419 ], [ 13.84826, 53.04213 ], [ 13.84832, 53.04204 ], [ 13.84857, 53.04201 ], [ 13.84864, 53.0419 ], [ 13.84858, 53.0418 ], [ 13.84843, 53.04175 ], [ 13.84826, 53.04176 ], [ 13.84816, 53.04183 ], [ 13.84801, 53.04175 ] ] ] } },
{ "type": "Feature", "properties": { "boden": "100 % kräftig, mäßig frisch (K2)" }, "geometry": { "type": "Polygon", "coordinates": [ [ [ 13.84932, 53.04218 ], [ 13.84926, 53.04208 ], [ 13.84911, 53.04202 ], [ 13.84894, 53.04204 ], [ 13.84882, 53.04211 ], [ 13.8488, 53.04221 ], [ 13.8489, 53.0423 ], [ 13.84905, 53.04234 ], [ 13.84925, 53.04228 ], [ 13.84932, 53.04218 ] ] ] } },
{ "type": "Feature", "properties": { "boden": "100 % kräftig, mäßig frisch (K2)" }, "geometry": { "type": "Polygon", "coordinates": [ [ [ 13.8517, 53.04236 ], [ 13.85166, 53.04221 ], [ 13.85087, 53.0419 ], [ 13.85047, 53.04207 ], [ 13.84974, 53.04227 ], [ 13.84985, 53.04238 ], [ 13.84979, 53.04248 ], [ 13.85015, 53.04259 ], [ 13.85019, 53.04255 ], [ 13.85149, 53.04232 ], [ 13.8516, 53.04241 ], [ 13.8517, 53.04236 ] ] ] } },
{ "type": "Feature", "properties": { "boden": "100 % kräftig, mäßig frisch (K2)" }, "geometry": { "type": "Polygon", "coordinates": [ [ [ 13.84934, 53.04245 ], [ 13.84941, 53.04228 ], [ 13.84927, 53.04226 ], [ 13.84905, 53.04234 ], [ 13.8489, 53.0423 ], [ 13.84881, 53.04221 ], [ 13.84853, 53.04231 ], [ 13.84884, 53.04247 ], [ 13.84934, 53.04245 ] ] ] } },
{ "type": "Feature", "properties": { "boden": "100 % kräftig, mäßig frisch (K2)" }, "geometry": { "type": "Polygon", "coordinates": [ [ [ 13.84964, 53.04223 ], [ 13.84947, 53.04224 ], [ 13.84936, 53.04231 ], [ 13.84934, 53.04245 ], [ 13.84979, 53.04248 ], [ 13.84985, 53.04238 ], [ 13.84979, 53.04228 ], [ 13.84964, 53.04223 ] ] ] } },
{ "type": "Feature", "properties": { "boden": "100 % kräftig, mäßig frisch (K2)" }, "geometry": { "type": "Polygon", "coordinates": [ [ [ 13.85192, 53.04227 ], [ 13.85174, 53.04235 ], [ 13.85184, 53.0425 ], [ 13.852, 53.04253 ], [ 13.8522, 53.04248 ], [ 13.85225, 53.04232 ], [ 13.85192, 53.04227 ] ] ] } },
{ "type": "Feature", "properties": { "boden": "50 % ziemlich arm, mäßig frisch (Z2) · 50 % ziemlich arm, mäßig frisch (Z2g)" }, "geometry": { "type": "Polygon", "coordinates": [ [ [ 13.82562, 53.0288 ], [ 13.82543, 53.02888 ], [ 13.82541, 53.02898 ], [ 13.82547, 53.02904 ], [ 13.82566, 53.0291 ], [ 13.8259, 53.02901 ], [ 13.82592, 53.02891 ], [ 13.82584, 53.02883 ], [ 13.82562, 53.0288 ] ] ] } },
{ "type": "Feature", "properties": { "boden": "80 % mittel, mäßig frisch (M2) · 20 % ziemlich arm, mäßig frisch (Z2)" }, "geometry": { "type": "Polygon", "coordinates": [ [ [ 13.82745, 53.02509 ], [ 13.82709, 53.02531 ], [ 13.82689, 53.02559 ], [ 13.82684, 53.02593 ], [ 13.82699, 53.02633 ], [ 13.82713, 53.02653 ], [ 13.82789, 53.02708 ], [ 13.82864, 53.0276 ], [ 13.8288, 53.02761 ], [ 13.82916, 53.02802 ], [ 13.8292, 53.02836 ], [ 13.82919, 53.02848 ], [ 13.82881, 53.02874 ], [ 13.82814, 53.02886 ], [ 13.8276, 53.02886 ], [ 13.82763, 53.02897 ], [ 13.82814, 53.02927 ], [ 13.82869, 53.02946 ], [ 13.82896, 53.02965 ], [ 13.82978, 53.0304 ], [ 13.83006, 53.03082 ], [ 13.83013, 53.03106 ], [ 13.83005, 53.03123 ], [ 13.82987, 53.03136 ], [ 13.82973, 53.03141 ], [ 13.8292, 53.03144 ], [ 13.82896, 53.0314 ], [ 13.82803, 53.031 ], [ 13.82681, 53.03097 ], [ 13.8259, 53.03072 ], [ 13.82565, 53.03086 ], [ 13.8257, 53.03147 ], [ 13.82611, 53.03144 ], [ 13.82676, 53.03148 ], [ 13.82689, 53.03162 ], [ 13.82701, 53.03196 ], [ 13.82754, 53.03221 ], [ 13.82884, 53.03226 ], [ 13.8291, 53.03232 ], [ 13.82927, 53.03243 ], [ 13.82933, 53.03254 ], [ 13.82981, 53.0326 ], [ 13.83027, 53.03275 ], [ 13.83045, 53.03288 ], [ 13.83044, 53.03397 ], [ 13.83128, 53.03376 ], [ 13.83067, 53.03158 ], [ 13.8306, 53.03148 ], [ 13.83037, 53.03151 ], [ 13.83021, 53.0307 ], [ 13.83003, 53.03061 ], [ 13.83017, 53.03056 ], [ 13.83003, 53.03023 ], [ 13.83026, 53.03008 ], [ 13.82981, 53.02815 ], [ 13.82886, 53.02466 ], [ 13.82745, 53.02509 ] ], [ [ 13.82835, 53.02511 ], [ 13.82833, 53.02521 ], [ 13.82809, 53.0253 ], [ 13.82789, 53.02525 ], [ 13.82784, 53.02518 ], [ 13.82795, 53.02502 ], [ 13.82813, 53.02499 ], [ 13.82835, 53.02511 ] ], [ [ 13.82767, 53.0259 ], [ 13.82765, 53.026 ], [ 13.82741, 53.02609 ], [ 13.82721, 53.02604 ], [ 13.82716, 53.02597 ], [ 13.82727, 53.02581 ], [ 13.82746, 53.02578 ], [ 13.82767, 53.0259 ] ], [ [ 13.83108, 53.03357 ], [ 13.83106, 53.03368 ], [ 13.83082, 53.03377 ], [ 13.83062, 53.03371 ], [ 13.83057, 53.03364 ], [ 13.83068, 53.03348 ], [ 13.83087, 53.03345 ], [ 13.83108, 53.03357 ] ] ] } },
{ "type": "Feature", "properties": { "boden": "50 % ziemlich arm, mäßig frisch (Z2) · 50 % ziemlich arm, mäßig frisch (Z2g)" }, "geometry": { "type": "Polygon", "coordinates": [ [ [ 13.8257, 53.03147 ], [ 13.82565, 53.03086 ], [ 13.8259, 53.03072 ], [ 13.82681, 53.03097 ], [ 13.82803, 53.031 ], [ 13.82896, 53.0314 ], [ 13.8292, 53.03144 ], [ 13.82973, 53.03141 ], [ 13.83005, 53.03123 ], [ 13.83013, 53.03106 ], [ 13.83006, 53.03082 ], [ 13.82978, 53.0304 ], [ 13.82896, 53.02965 ], [ 13.82869, 53.02946 ], [ 13.82814, 53.02927 ], [ 13.82779, 53.02908 ], [ 13.82763, 53.02897 ], [ 13.8276, 53.02886 ], [ 13.82725, 53.02876 ], [ 13.82645, 53.02822 ], [ 13.826, 53.02804 ], [ 13.82564, 53.02795 ], [ 13.82532, 53.02797 ], [ 13.82482, 53.02791 ], [ 13.82431, 53.02774 ], [ 13.82403, 53.02756 ], [ 13.82409, 53.02802 ], [ 13.82404, 53.02861 ], [ 13.82361, 53.02988 ], [ 13.82356, 53.03033 ], [ 13.82372, 53.03061 ], [ 13.82388, 53.03049 ], [ 13.82416, 53.0305 ], [ 13.82441, 53.03038 ], [ 13.82485, 53.03044 ], [ 13.82503, 53.03068 ], [ 13.825, 53.03094 ], [ 13.82479, 53.03098 ], [ 13.82462, 53.03123 ], [ 13.8245, 53.03121 ], [ 13.82442, 53.03114 ], [ 13.82437, 53.03096 ], [ 13.82424, 53.0309 ], [ 13.82392, 53.03089 ], [ 13.82381, 53.03119 ], [ 13.82399, 53.03117 ], [ 13.82412, 53.0312 ], [ 13.82421, 53.03129 ], [ 13.82419, 53.03139 ], [ 13.82395, 53.03148 ], [ 13.82375, 53.03142 ], [ 13.8237, 53.03133 ], [ 13.8233, 53.03154 ], [ 13.82352, 53.03166 ], [ 13.82408, 53.03158 ], [ 13.8257, 53.03147 ] ], [ [ 13.82857, 53.03058 ], [ 13.82855, 53.03068 ], [ 13.82831, 53.03077 ], [ 13.82811, 53.03071 ], [ 13.82806, 53.03064 ], [ 13.82817, 53.03048 ], [ 13.82836, 53.03046 ], [ 13.82857, 53.03058 ] ], [ [ 13.82961, 53.03064 ], [ 13.82962, 53.03077 ], [ 13.82952, 53.03083 ], [ 13.82926, 53.03084 ], [ 13.82913, 53.03073 ], [ 13.82924, 53.03057 ], [ 13.82942, 53.03055 ], [ 13.82961, 53.03064 ] ], [ [ 13.82592, 53.02891 ], [ 13.8259, 53.02901 ], [ 13.82566, 53.0291 ], [ 13.82547, 53.02904 ], [ 13.82541, 53.02898 ], [ 13.82543, 53.02888 ], [ 13.82562, 53.0288 ], [ 13.82584, 53.02883 ], [ 13.82592, 53.02891 ] ], [ [ 13.82533, 53.02888 ], [ 13.82531, 53.02898 ], [ 13.82507, 53.02907 ], [ 13.82487, 53.02901 ], [ 13.82482, 53.02894 ], [ 13.82493, 53.02878 ], [ 13.82512, 53.02876 ], [ 13.82533, 53.02888 ] ], [ [ 13.82534, 53.0287 ], [ 13.8253, 53.02841 ], [ 13.82588, 53.02836 ], [ 13.8265, 53.02845 ], [ 13.82664, 53.02861 ], [ 13.82644, 53.02884 ], [ 13.82534, 53.0287 ] ] ] } },
{ "type": "Feature", "properties": { "boden": "50 % ziemlich arm, mäßig frisch (Z2) · 50 % ziemlich arm, mäßig frisch (Z2g)" }, "geometry": { "type": "Polygon", "coordinates": [ [ [ 13.82836, 53.03046 ], [ 13.82817, 53.03048 ], [ 13.82806, 53.03064 ], [ 13.82811, 53.03071 ], [ 13.82831, 53.03077 ], [ 13.82855, 53.03068 ], [ 13.82857, 53.03058 ], [ 13.82836, 53.03046 ] ] ] } },
{ "type": "Feature", "properties": { "boden": "50 % ziemlich arm, mäßig frisch (Z2) · 50 % ziemlich arm, mäßig frisch (Z2g)" }, "geometry": { "type": "Polygon", "coordinates": [ [ [ 13.82942, 53.03055 ], [ 13.82924, 53.03057 ], [ 13.82913, 53.03073 ], [ 13.82918, 53.0308 ], [ 13.82938, 53.03086 ], [ 13.82962, 53.03077 ], [ 13.82964, 53.03066 ], [ 13.82942, 53.03055 ] ] ] } },
{ "type": "Feature", "properties": { "boden": "50 % ziemlich arm, mäßig frisch (Z2) · 50 % ziemlich arm, mäßig frisch (Z2g)" }, "geometry": { "type": "Polygon", "coordinates": [ [ [ 13.8237, 53.03133 ], [ 13.82375, 53.03142 ], [ 13.82395, 53.03148 ], [ 13.82419, 53.03139 ], [ 13.82421, 53.03129 ], [ 13.82399, 53.03117 ], [ 13.82381, 53.03119 ], [ 13.8237, 53.03133 ] ] ] } },
{ "type": "Feature", "properties": { "boden": "100 % mittel, frisch (M1)" }, "geometry": { "type": "Polygon", "coordinates": [ [ [ 13.82754, 53.03221 ], [ 13.82701, 53.03196 ], [ 13.82689, 53.03162 ], [ 13.82676, 53.03148 ], [ 13.82611, 53.03144 ], [ 13.82408, 53.03158 ], [ 13.82423, 53.03186 ], [ 13.82439, 53.03202 ], [ 13.82531, 53.03195 ], [ 13.82576, 53.03196 ], [ 13.82629, 53.03209 ], [ 13.82648, 53.0322 ], [ 13.82656, 53.03235 ], [ 13.82627, 53.03315 ], [ 13.82633, 53.03328 ], [ 13.82651, 53.03336 ], [ 13.82694, 53.03332 ], [ 13.8271, 53.03324 ], [ 13.82754, 53.03221 ] ] ] } },
{ "type": "Feature", "properties": { "boden": "100 % mittel, mäßig frisch (M2)" }, "geometry": { "type": "Polygon", "coordinates": [ [ [ 13.82523, 53.03235 ], [ 13.82504, 53.03238 ], [ 13.82493, 53.03254 ], [ 13.82499, 53.03261 ], [ 13.82519, 53.03266 ], [ 13.82543, 53.03257 ], [ 13.82544, 53.03247 ], [ 13.82523, 53.03235 ] ] ] } },
{ "type": "Feature", "properties": { "boden": "100 % kräftig, nass (NK2)" }, "geometry": { "type": "Polygon", "coordinates": [ [ [ 13.82927, 53.03243 ], [ 13.8291, 53.03232 ], [ 13.82884, 53.03226 ], [ 13.82754, 53.03221 ], [ 13.82725, 53.03287 ], [ 13.8278, 53.03291 ], [ 13.82796, 53.03297 ], [ 13.82808, 53.03311 ], [ 13.82839, 53.03319 ], [ 13.82863, 53.0332 ], [ 13.82912, 53.03289 ], [ 13.82933, 53.03254 ], [ 13.82927, 53.03243 ] ] ] } },
{ "type": "Feature", "properties": { "boden": "100 % mittel, mäßig frisch (M2)" }, "geometry": { "type": "Polygon", "coordinates": [ [ [ 13.8298, 53.03322 ], [ 13.82962, 53.03324 ], [ 13.82951, 53.0334 ], [ 13.82956, 53.03347 ], [ 13.82976, 53.03353 ], [ 13.83, 53.03344 ], [ 13.83002, 53.03333 ], [ 13.8298, 53.03322 ] ] ] } },
{ "type": "Feature", "properties": { "boden": "100 % kräftig, mäßig frisch (K2)" }, "geometry": { "type": "Polygon", "coordinates": [ [ [ 13.8152, 53.02146 ], [ 13.81667, 53.02167 ], [ 13.81736, 53.02188 ], [ 13.8176, 53.02199 ], [ 13.81789, 53.02225 ], [ 13.81808, 53.02235 ], [ 13.8183, 53.02234 ], [ 13.8184, 53.02229 ], [ 13.81836, 53.02213 ], [ 13.81812, 53.02192 ], [ 13.81783, 53.02189 ], [ 13.81711, 53.02157 ], [ 13.81657, 53.02142 ], [ 13.81547, 53.02128 ], [ 13.81495, 53.02133 ], [ 13.8144, 53.02144 ], [ 13.8152, 53.02146 ] ] ] } },
{ "type": "Feature", "properties": { "boden": "100 % mittel, mäßig frisch (M2)" }, "geometry": { "type": "Polygon", "coordinates": [ [ [ 13.82038, 53.03029 ], [ 13.82128, 53.02939 ], [ 13.82192, 53.02861 ], [ 13.82193, 53.02773 ], [ 13.82181, 53.02736 ], [ 13.82191, 53.02718 ], [ 13.82264, 53.02685 ], [ 13.82314, 53.02684 ], [ 13.82353, 53.02694 ], [ 13.82402, 53.02654 ], [ 13.82421, 53.02611 ], [ 13.82406, 53.02602 ], [ 13.82232, 53.02606 ], [ 13.821, 53.02671 ], [ 13.82091, 53.02659 ], [ 13.82085, 53.0266 ], [ 13.82122, 53.02724 ], [ 13.82117, 53.02813 ], [ 13.82132, 53.02813 ], [ 13.82126, 53.02852 ], [ 13.82088, 53.02912 ], [ 13.82047, 53.02961 ], [ 13.81971, 53.03029 ], [ 13.82038, 53.03029 ] ], [ [ 13.82371, 53.02619 ], [ 13.82369, 53.0263 ], [ 13.82345, 53.02639 ], [ 13.82325, 53.02633 ], [ 13.8232, 53.02626 ], [ 13.82331, 53.0261 ], [ 13.82362, 53.02611 ], [ 13.82371, 53.02619 ] ] ] } },
{ "type": "Feature", "properties": { "boden": "100 % mittel, frisch (M1)" }, "geometry": { "type": "Polygon", "coordinates": [ [ [ 13.82171, 53.02887 ], [ 13.82193, 53.02886 ], [ 13.82206, 53.02889 ], [ 13.82214, 53.02898 ], [ 13.82207, 53.02917 ], [ 13.82225, 53.02911 ], [ 13.82236, 53.02883 ], [ 13.82229, 53.02868 ], [ 13.82214, 53.02861 ], [ 13.82192, 53.02861 ], [ 13.82171, 53.02887 ] ] ] } },
{ "type": "Feature", "properties": { "boden": "100 % mittel, frisch (M1)" }, "geometry": { "type": "Polygon", "coordinates": [ [ [ 13.82207, 53.02917 ], [ 13.82214, 53.02898 ], [ 13.82206, 53.02889 ], [ 13.82193, 53.02886 ], [ 13.82171, 53.02887 ], [ 13.82162, 53.02897 ], [ 13.82169, 53.02911 ], [ 13.82191, 53.02921 ], [ 13.82207, 53.02917 ] ] ] } },
{ "type": "Feature", "properties": { "boden": "100 % ziemlich arm, mäßig frisch (Z2)" }, "geometry": { "type": "Polygon", "coordinates": [ [ [ 13.8237, 53.03133 ], [ 13.82392, 53.03089 ], [ 13.82363, 53.03052 ], [ 13.82356, 53.03033 ], [ 13.82361, 53.02988 ], [ 13.82404, 53.02861 ], [ 13.82409, 53.02802 ], [ 13.82403, 53.02756 ], [ 13.82375, 53.02712 ], [ 13.82353, 53.02694 ], [ 13.82314, 53.02684 ], [ 13.82264, 53.02685 ], [ 13.82191, 53.02718 ], [ 13.82181, 53.02736 ], [ 13.82193, 53.02773 ], [ 13.82192, 53.02861 ], [ 13.82214, 53.02861 ], [ 13.82229, 53.02868 ], [ 13.82236, 53.02883 ], [ 13.82225, 53.02911 ], [ 13.82163, 53.02929 ], [ 13.82153, 53.02942 ], [ 13.82152, 53.02955 ], [ 13.82167, 53.02981 ], [ 13.82165, 53.03038 ], [ 13.82139, 53.03054 ], [ 13.82103, 53.03063 ], [ 13.82066, 53.03064 ], [ 13.82049, 53.03057 ], [ 13.82038, 53.03029 ], [ 13.81971, 53.03029 ], [ 13.81954, 53.03039 ], [ 13.81954, 53.03069 ], [ 13.82001, 53.03104 ], [ 13.82023, 53.03129 ], [ 13.82034, 53.03134 ], [ 13.82071, 53.03132 ], [ 13.82088, 53.03136 ], [ 13.82103, 53.03172 ], [ 13.82118, 53.03175 ], [ 13.8217, 53.03165 ], [ 13.82235, 53.03162 ], [ 13.82276, 53.03165 ], [ 13.8233, 53.03154 ], [ 13.8237, 53.03133 ] ] ] } },
{ "type": "Feature", "properties": { "boden": "100 % mittel, frisch (M1)" }, "geometry": { "type": "Polygon", "coordinates": [ [ [ 13.82169, 53.02911 ], [ 13.82162, 53.02897 ], [ 13.82128, 53.02939 ], [ 13.82038, 53.03029 ], [ 13.82049, 53.03057 ], [ 13.82066, 53.03064 ], [ 13.82103, 53.03063 ], [ 13.82139, 53.03054 ], [ 13.82165, 53.03038 ], [ 13.82167, 53.02981 ], [ 13.82152, 53.02955 ], [ 13.82153, 53.02942 ], [ 13.82163, 53.02929 ], [ 13.82191, 53.02921 ], [ 13.82169, 53.02911 ] ] ] } },
{ "type": "Feature", "properties": { "boden": "50 % arm, nass (OA3) · 50 % arm, nass (OA4)" }, "geometry": { "type": "Polygon", "coordinates": [ [ [ 13.81429, 53.03998 ], [ 13.81292, 53.03964 ], [ 13.81209, 53.03962 ], [ 13.81237, 53.03997 ], [ 13.81252, 53.04028 ], [ 13.81254, 53.04054 ], [ 13.81244, 53.04086 ], [ 13.8125, 53.04119 ], [ 13.81272, 53.04141 ], [ 13.81514, 53.04211 ], [ 13.81542, 53.04191 ], [ 13.8156, 53.04126 ], [ 13.81429, 53.03998 ] ] ] } },
{ "type": "Feature", "properties": { "boden": "50 % kräftig, trocken (vermutet) (K3) · 50 % mittel, trocken (vermutet) (M3)" }, "geometry": { "type": "Polygon", "coordinates": [ [ [ 13.81673, 53.04088 ], [ 13.81643, 53.04091 ], [ 13.81614, 53.0411 ], [ 13.81626, 53.04132 ], [ 13.81639, 53.04142 ], [ 13.81666, 53.04149 ], [ 13.81711, 53.04142 ], [ 13.8173, 53.04121 ], [ 13.81728, 53.0411 ], [ 13.81715, 53.041 ], [ 13.81673, 53.04088 ] ] ] } },
{ "type": "Feature", "properties": { "boden": "50 % kräftig, mäßig frisch (K2) · 50 % mittel, mäßig frisch (M2)" }, "geometry": { "type": "Polygon", "coordinates": [ [ [ 13.81957, 53.04149 ], [ 13.81938, 53.04151 ], [ 13.81927, 53.04168 ], [ 13.81932, 53.04174 ], [ 13.81952, 53.0418 ], [ 13.81976, 53.04171 ], [ 13.81978, 53.04161 ], [ 13.81957, 53.04149 ] ] ] } },
{ "type": "Feature", "properties": { "boden": "50 % kräftig, trocken (vermutet) (K3) · 50 % mittel, trocken (vermutet) (M3)" }, "geometry": { "type": "Polygon", "coordinates": [ [ [ 13.82189, 53.04172 ], [ 13.82156, 53.04172 ], [ 13.82138, 53.04177 ], [ 13.82136, 53.04196 ], [ 13.82143, 53.04204 ], [ 13.82168, 53.04206 ], [ 13.82197, 53.04198 ], [ 13.822, 53.04186 ], [ 13.8219, 53.0418 ], [ 13.82189, 53.04172 ] ] ] } },
{ "type": "Feature", "properties": { "boden": "80 % mittel, mäßig frisch (M2) · 20 % ziemlich arm, mäßig frisch (Z2)" }, "geometry": { "type": "Polygon", "coordinates": [ [ [ 13.83087, 53.03345 ], [ 13.83068, 53.03348 ], [ 13.83057, 53.03364 ], [ 13.83062, 53.03371 ], [ 13.83082, 53.03377 ], [ 13.83106, 53.03368 ], [ 13.83108, 53.03357 ], [ 13.83087, 53.03345 ] ] ] } },
{ "type": "Feature", "properties": { "boden": "100 % mittel, nass (NM2)" }, "geometry": { "type": "Polygon", "coordinates": [ [ [ 13.82839, 53.03319 ], [ 13.82808, 53.03311 ], [ 13.82794, 53.0332 ], [ 13.82723, 53.03339 ], [ 13.82684, 53.03362 ], [ 13.82704, 53.03376 ], [ 13.82752, 53.0339 ], [ 13.82746, 53.03402 ], [ 13.82756, 53.03408 ], [ 13.82784, 53.03412 ], [ 13.82806, 53.03409 ], [ 13.82824, 53.03404 ], [ 13.82887, 53.03358 ], [ 13.82886, 53.03343 ], [ 13.82863, 53.0332 ], [ 13.82839, 53.03319 ] ] ] } },
{ "type": "Feature", "properties": { "boden": "100 % mittel, mäßig frisch (M2)" }, "geometry": { "type": "Polygon", "coordinates": [ [ [ 13.82549, 53.03523 ], [ 13.83044, 53.03397 ], [ 13.83045, 53.03288 ], [ 13.83008, 53.03267 ], [ 13.82933, 53.03254 ], [ 13.82912, 53.03289 ], [ 13.82863, 53.0332 ], [ 13.82886, 53.03343 ], [ 13.82887, 53.03358 ], [ 13.82824, 53.03404 ], [ 13.82784, 53.03412 ], [ 13.82756, 53.03408 ], [ 13.82746, 53.03402 ], [ 13.82752, 53.0339 ], [ 13.82704, 53.03376 ], [ 13.82684, 53.03362 ], [ 13.82723, 53.03339 ], [ 13.82794, 53.0332 ], [ 13.82808, 53.03311 ], [ 13.82796, 53.03297 ], [ 13.8278, 53.03291 ], [ 13.82725, 53.03287 ], [ 13.8271, 53.03324 ], [ 13.82694, 53.03332 ], [ 13.82651, 53.03336 ], [ 13.82633, 53.03328 ], [ 13.82631, 53.03297 ], [ 13.82656, 53.03235 ], [ 13.82648, 53.0322 ], [ 13.82629, 53.03209 ], [ 13.82576, 53.03196 ], [ 13.82484, 53.03198 ], [ 13.82439, 53.03202 ], [ 13.82358, 53.03226 ], [ 13.82365, 53.03277 ], [ 13.82408, 53.03291 ], [ 13.82409, 53.03312 ], [ 13.8238, 53.03315 ], [ 13.82383, 53.03339 ], [ 13.82396, 53.03352 ], [ 13.824, 53.0337 ], [ 13.82452, 53.03418 ], [ 13.82493, 53.03439 ], [ 13.82516, 53.0344 ], [ 13.82545, 53.03455 ], [ 13.82552, 53.03473 ], [ 13.82541, 53.035 ], [ 13.82549, 53.03523 ] ], [ [ 13.82544, 53.03247 ], [ 13.82543, 53.03257 ], [ 13.82519, 53.03266 ], [ 13.82499, 53.03261 ], [ 13.82493, 53.03254 ], [ 13.82504, 53.03238 ], [ 13.82523, 53.03235 ], [ 13.82544, 53.03247 ] ], [ [ 13.83002, 53.03333 ], [ 13.83, 53.03344 ], [ 13.82976, 53.03353 ], [ 13.82956, 53.03347 ], [ 13.82951, 53.0334 ], [ 13.82962, 53.03324 ], [ 13.8298, 53.03322 ], [ 13.83002, 53.03333 ] ] ] } },
{ "type": "Feature", "properties": { "boden": "100 % mittel, mäßig frisch (M2)" }, "geometry": { "type": "Polygon", "coordinates": [ [ [ 13.82549, 53.03744 ], [ 13.82488, 53.03755 ], [ 13.82479, 53.03737 ], [ 13.82405, 53.0371 ], [ 13.82417, 53.03683 ], [ 13.82408, 53.03659 ], [ 13.82495, 53.03649 ], [ 13.82523, 53.03666 ], [ 13.82569, 53.03661 ], [ 13.82614, 53.03542 ], [ 13.82614, 53.03506 ], [ 13.82549, 53.03523 ], [ 13.82567, 53.0354 ], [ 13.82561, 53.03571 ], [ 13.82544, 53.03579 ], [ 13.82499, 53.03578 ], [ 13.82457, 53.03567 ], [ 13.82439, 53.03552 ], [ 13.82204, 53.03614 ], [ 13.82268, 53.03646 ], [ 13.82283, 53.03657 ], [ 13.82299, 53.03687 ], [ 13.82386, 53.03749 ], [ 13.82458, 53.03771 ], [ 13.82523, 53.03777 ], [ 13.82546, 53.03772 ], [ 13.82549, 53.03744 ] ], [ [ 13.82391, 53.03685 ], [ 13.82389, 53.03696 ], [ 13.82365, 53.03705 ], [ 13.82345, 53.03699 ], [ 13.8234, 53.03692 ], [ 13.82351, 53.03676 ], [ 13.82369, 53.03673 ], [ 13.82391, 53.03685 ] ] ] } },
{ "type": "Feature", "properties": { "boden": "100 % mittel, mäßig frisch (M2)" }, "geometry": { "type": "Polygon", "coordinates": [ [ [ 13.82369, 53.03673 ], [ 13.82351, 53.03676 ], [ 13.8234, 53.03692 ], [ 13.82345, 53.03699 ], [ 13.82365, 53.03705 ], [ 13.82389, 53.03696 ], [ 13.82391, 53.03685 ], [ 13.82369, 53.03673 ] ] ] } },
{ "type": "Feature", "properties": { "boden": "100 % kräftig, mäßig frisch (K2)" }, "geometry": { "type": "Polygon", "coordinates": [ [ [ 13.82523, 53.03777 ], [ 13.82458, 53.03771 ], [ 13.82386, 53.03749 ], [ 13.82299, 53.03687 ], [ 13.82283, 53.03657 ], [ 13.82268, 53.03646 ], [ 13.82204, 53.03614 ], [ 13.82177, 53.03621 ], [ 13.8231, 53.03958 ], [ 13.82533, 53.03896 ], [ 13.82546, 53.03772 ], [ 13.82523, 53.03777 ] ], [ [ 13.82324, 53.03792 ], [ 13.82322, 53.03802 ], [ 13.82298, 53.03811 ], [ 13.82278, 53.03805 ], [ 13.82273, 53.03798 ], [ 13.82284, 53.03782 ], [ 13.82302, 53.0378 ], [ 13.82324, 53.03792 ] ] ] } },
{ "type": "Feature", "properties": { "boden": "100 % kräftig, mäßig frisch (K2)" }, "geometry": { "type": "Polygon", "coordinates": [ [ [ 13.82302, 53.0378 ], [ 13.82284, 53.03782 ], [ 13.82273, 53.03798 ], [ 13.82278, 53.03805 ], [ 13.82298, 53.03811 ], [ 13.82322, 53.03802 ], [ 13.82324, 53.03792 ], [ 13.82302, 53.0378 ] ] ] } },
{ "type": "Feature", "properties": { "boden": "100 % kräftig, mäßig frisch (K2)" }, "geometry": { "type": "Polygon", "coordinates": [ [ [ 13.83036, 53.04292 ], [ 13.83002, 53.04293 ], [ 13.82979, 53.04301 ], [ 13.8298, 53.04327 ], [ 13.82989, 53.0434 ], [ 13.83046, 53.0433 ], [ 13.83077, 53.04315 ], [ 13.83066, 53.04299 ], [ 13.83036, 53.04292 ] ] ] } },
{ "type": "Feature", "properties": { "boden": "100 % kräftig, mäßig frisch (K2)" }, "geometry": { "type": "Polygon", "coordinates": [ [ [ 13.83013, 53.04369 ], [ 13.82993, 53.04375 ], [ 13.82992, 53.04385 ], [ 13.83012, 53.04407 ], [ 13.83068, 53.04438 ], [ 13.83093, 53.04446 ], [ 13.83114, 53.04443 ], [ 13.83111, 53.04428 ], [ 13.83058, 53.04383 ], [ 13.83013, 53.04369 ] ] ] } },
{ "type": "Feature", "properties": { "boden": "100 % kräftig, mäßig frisch (K2)" }, "geometry": { "type": "Polygon", "coordinates": [ [ [ 13.82856, 53.04395 ], [ 13.82821, 53.04396 ], [ 13.82814, 53.04404 ], [ 13.82819, 53.04423 ], [ 13.8283, 53.04431 ], [ 13.82841, 53.04431 ], [ 13.82857, 53.04415 ], [ 13.82856, 53.04395 ] ] ] } },
{ "type": "Feature", "properties": { "boden": "100 % kräftig, mäßig frisch (K2)" }, "geometry": { "type": "Polygon", "coordinates": [ [ [ 13.80749, 53.03341 ], [ 13.80698, 53.03372 ], [ 13.80693, 53.03543 ], [ 13.80784, 53.03612 ], [ 13.80854, 53.037 ], [ 13.80884, 53.03723 ], [ 13.80923, 53.03741 ], [ 13.80886, 53.03682 ], [ 13.80824, 53.03638 ], [ 13.80816, 53.03611 ], [ 13.8101, 53.03559 ], [ 13.80749, 53.03341 ] ], [ [ 13.80867, 53.03521 ], [ 13.80865, 53.03531 ], [ 13.80841, 53.0354 ], [ 13.80821, 53.03534 ], [ 13.80816, 53.03527 ], [ 13.80827, 53.03511 ], [ 13.80845, 53.03509 ], [ 13.80867, 53.03521 ] ] ] } },
{ "type": "Feature", "properties": { "boden": "100 % kräftig, nass (OK2)" }, "geometry": { "type": "Polygon", "coordinates": [ [ [ 13.80884, 53.03723 ], [ 13.80826, 53.0367 ], [ 13.80784, 53.03612 ], [ 13.80693, 53.03543 ], [ 13.80693, 53.03567 ], [ 13.80704, 53.03572 ], [ 13.80818, 53.03698 ], [ 13.8084, 53.03718 ], [ 13.80888, 53.03747 ], [ 13.80919, 53.03758 ], [ 13.80923, 53.03741 ], [ 13.80884, 53.03723 ] ] ] } },
{ "type": "Feature", "properties": { "boden": "100 % ziemlich arm, nass (OZ3)" }, "geometry": { "type": "Polygon", "coordinates": [ [ [ 13.80829, 53.03925 ], [ 13.8081, 53.03928 ], [ 13.80799, 53.03944 ], [ 13.80804, 53.03951 ], [ 13.80824, 53.03957 ], [ 13.80848, 53.03948 ], [ 13.8085, 53.03937 ], [ 13.80829, 53.03925 ] ] ] } },
{ "type": "Feature", "properties": { "boden": "100 % ziemlich arm, nass (OZ3)" }, "geometry": { "type": "Polygon", "coordinates": [ [ [ 13.81404, 53.04307 ], [ 13.81355, 53.04274 ], [ 13.81311, 53.04213 ], [ 13.81355, 53.04172 ], [ 13.81374, 53.04169 ], [ 13.81272, 53.04141 ], [ 13.8125, 53.04119 ], [ 13.81244, 53.04086 ], [ 13.81254, 53.04054 ], [ 13.81252, 53.04028 ], [ 13.81237, 53.03997 ], [ 13.81209, 53.03962 ], [ 13.8104, 53.03966 ], [ 13.80946, 53.0398 ], [ 13.80879, 53.03953 ], [ 13.80919, 53.03758 ], [ 13.80888, 53.03747 ], [ 13.8084, 53.03718 ], [ 13.80704, 53.03572 ], [ 13.80693, 53.03567 ], [ 13.80688, 53.03726 ], [ 13.807, 53.03714 ], [ 13.8074, 53.03702 ], [ 13.80763, 53.03702 ], [ 13.80801, 53.03709 ], [ 13.80839, 53.0375 ], [ 13.80823, 53.03788 ], [ 13.80796, 53.03825 ], [ 13.80803, 53.03835 ], [ 13.80788, 53.03842 ], [ 13.80745, 53.03823 ], [ 13.80686, 53.03819 ], [ 13.8068, 53.04028 ], [ 13.80788, 53.04077 ], [ 13.80824, 53.04088 ], [ 13.80938, 53.04101 ], [ 13.81047, 53.04154 ], [ 13.81108, 53.04191 ], [ 13.81148, 53.04209 ], [ 13.81296, 53.0433 ], [ 13.8135, 53.0435 ], [ 13.81395, 53.04352 ], [ 13.8142, 53.04348 ], [ 13.81404, 53.04307 ] ], [ [ 13.80924, 53.03987 ], [ 13.80922, 53.03997 ], [ 13.80898, 53.04006 ], [ 13.80879, 53.04 ], [ 13.80873, 53.03993 ], [ 13.80884, 53.03977 ], [ 13.80903, 53.03975 ], [ 13.80924, 53.03987 ] ], [ [ 13.8085, 53.03937 ], [ 13.80848, 53.03948 ], [ 13.80824, 53.03957 ], [ 13.80804, 53.03951 ], [ 13.80799, 53.03944 ], [ 13.8081, 53.03928 ], [ 13.80829, 53.03925 ], [ 13.8085, 53.03937 ] ] ] } },
{ "type": "Feature", "properties": { "boden": "100 % ziemlich arm, nass (OZ3)" }, "geometry": { "type": "Polygon", "coordinates": [ [ [ 13.80903, 53.03975 ], [ 13.80884, 53.03977 ], [ 13.80873, 53.03993 ], [ 13.80879, 53.04 ], [ 13.80898, 53.04006 ], [ 13.80922, 53.03997 ], [ 13.80924, 53.03987 ], [ 13.80903, 53.03975 ] ] ] } },
{ "type": "Feature", "properties": { "boden": "100 % kräftig, nass (OK2)" }, "geometry": { "type": "Polygon", "coordinates": [ [ [ 13.81424, 53.04356 ], [ 13.8142, 53.04348 ], [ 13.81395, 53.04352 ], [ 13.8135, 53.0435 ], [ 13.81296, 53.0433 ], [ 13.81148, 53.04209 ], [ 13.80938, 53.04101 ], [ 13.80824, 53.04088 ], [ 13.80788, 53.04077 ], [ 13.8068, 53.04028 ], [ 13.80679, 53.04058 ], [ 13.80727, 53.0408 ], [ 13.80833, 53.04115 ], [ 13.80916, 53.04125 ], [ 13.8095, 53.04138 ], [ 13.80988, 53.04163 ], [ 13.81077, 53.04205 ], [ 13.81086, 53.0422 ], [ 13.81173, 53.04251 ], [ 13.81193, 53.04266 ], [ 13.81221, 53.04304 ], [ 13.81316, 53.04357 ], [ 13.81344, 53.04363 ], [ 13.81383, 53.0439 ], [ 13.81441, 53.04397 ], [ 13.8146, 53.04375 ], [ 13.81424, 53.04356 ] ] ] } },
{ "type": "Feature", "properties": { "boden": "50 % kräftig, mäßig frisch (K2) · 50 % mittel, mäßig frisch (M2)" }, "geometry": { "type": "Polygon", "coordinates": [ [ [ 13.81542, 53.04191 ], [ 13.81514, 53.04211 ], [ 13.81542, 53.04255 ], [ 13.81536, 53.04306 ], [ 13.81507, 53.04359 ], [ 13.81876, 53.04384 ], [ 13.81963, 53.04396 ], [ 13.82431, 53.04277 ], [ 13.82425, 53.04256 ], [ 13.82329, 53.04189 ], [ 13.82287, 53.04169 ], [ 13.82212, 53.04143 ], [ 13.82112, 53.04123 ], [ 13.82044, 53.04124 ], [ 13.82011, 53.04131 ], [ 13.81941, 53.04129 ], [ 13.81828, 53.0411 ], [ 13.81755, 53.04077 ], [ 13.81593, 53.0408 ], [ 13.8156, 53.04126 ], [ 13.81542, 53.04191 ] ], [ [ 13.81715, 53.041 ], [ 13.81728, 53.0411 ], [ 13.8173, 53.04121 ], [ 13.81711, 53.04142 ], [ 13.8169, 53.04148 ], [ 13.81647, 53.04145 ], [ 13.81615, 53.04117 ], [ 13.81619, 53.04103 ], [ 13.81658, 53.04089 ], [ 13.81688, 53.0409 ], [ 13.81715, 53.041 ] ], [ [ 13.81978, 53.04161 ], [ 13.81976, 53.04171 ], [ 13.81952, 53.0418 ], [ 13.81932, 53.04174 ], [ 13.81927, 53.04168 ], [ 13.81938, 53.04151 ], [ 13.81957, 53.04149 ], [ 13.81978, 53.04161 ] ], [ [ 13.8219, 53.0418 ], [ 13.822, 53.04186 ], [ 13.82197, 53.04198 ], [ 13.82168, 53.04206 ], [ 13.82143, 53.04204 ], [ 13.82136, 53.04196 ], [ 13.82138, 53.04177 ], [ 13.82156, 53.04172 ], [ 13.82189, 53.04172 ], [ 13.8219, 53.0418 ] ], [ [ 13.8205, 53.04309 ], [ 13.82048, 53.04319 ], [ 13.82024, 53.04328 ], [ 13.82004, 53.04322 ], [ 13.81999, 53.04315 ], [ 13.8201, 53.04299 ], [ 13.82028, 53.04297 ], [ 13.8205, 53.04309 ] ], [ [ 13.81729, 53.04304 ], [ 13.81733, 53.04323 ], [ 13.81704, 53.0433 ], [ 13.81692, 53.04326 ], [ 13.81686, 53.04315 ], [ 13.81693, 53.043 ], [ 13.81712, 53.04295 ], [ 13.81729, 53.04304 ] ] ] } },
{ "type": "Feature", "properties": { "boden": "100 % mittel, mäßig frisch (M2)" }, "geometry": { "type": "Polygon", "coordinates": [ [ [ 13.81507, 53.04359 ], [ 13.81536, 53.04306 ], [ 13.81542, 53.04255 ], [ 13.81514, 53.04211 ], [ 13.81374, 53.04169 ], [ 13.81355, 53.04172 ], [ 13.81311, 53.04213 ], [ 13.81355, 53.04274 ], [ 13.81404, 53.04307 ], [ 13.81424, 53.04356 ], [ 13.8146, 53.04375 ], [ 13.81495, 53.04367 ], [ 13.81507, 53.04359 ] ] ] } },
{ "type": "Feature", "properties": { "boden": "50 % kräftig, mäßig frisch (K2) · 50 % mittel, mäßig frisch (M2)" }, "geometry": { "type": "Polygon", "coordinates": [ [ [ 13.82028, 53.04297 ], [ 13.8201, 53.04299 ], [ 13.81999, 53.04315 ], [ 13.82004, 53.04322 ], [ 13.82024, 53.04328 ], [ 13.82048, 53.04319 ], [ 13.8205, 53.04309 ], [ 13.82028, 53.04297 ] ] ] } },
{ "type": "Feature", "properties": { "boden": "50 % kräftig, trocken (vermutet) (K3) · 50 % mittel, trocken (vermutet) (M3)" }, "geometry": { "type": "Polygon", "coordinates": [ [ [ 13.81712, 53.04295 ], [ 13.81701, 53.04296 ], [ 13.81686, 53.04307 ], [ 13.81692, 53.04326 ], [ 13.81704, 53.0433 ], [ 13.81724, 53.04328 ], [ 13.81734, 53.0432 ], [ 13.81729, 53.04304 ], [ 13.81712, 53.04295 ] ] ] } },
{ "type": "Feature", "properties": { "boden": "50 % mittel, mäßig frisch (M2) · 50 % mittel, mäßig frisch (M2)" }, "geometry": { "type": "Polygon", "coordinates": [ [ [ 13.82245, 53.04487 ], [ 13.82226, 53.0449 ], [ 13.82215, 53.04506 ], [ 13.8222, 53.04513 ], [ 13.8224, 53.04518 ], [ 13.82264, 53.04509 ], [ 13.82266, 53.04499 ], [ 13.82245, 53.04487 ] ] ] } },
{ "type": "Feature", "properties": { "boden": "50 % mittel, mäßig frisch (M2) · 50 % mittel, mäßig frisch (M2)" }, "geometry": { "type": "Polygon", "coordinates": [ [ [ 13.82203, 53.04516 ], [ 13.82184, 53.04518 ], [ 13.82173, 53.04534 ], [ 13.82179, 53.04541 ], [ 13.82198, 53.04547 ], [ 13.82222, 53.04538 ], [ 13.82224, 53.04528 ], [ 13.82203, 53.04516 ] ] ] } },
{ "type": "Feature", "properties": { "boden": "50 % mittel, mäßig frisch (M2) · 50 % mittel, trocken (vermutet) (M3)" }, "geometry": { "type": "Polygon", "coordinates": [ [ [ 13.81819, 53.04578 ], [ 13.81819, 53.04564 ], [ 13.81781, 53.04519 ], [ 13.81762, 53.04516 ], [ 13.81739, 53.04524 ], [ 13.81732, 53.04535 ], [ 13.81733, 53.04551 ], [ 13.81721, 53.04566 ], [ 13.81721, 53.04578 ], [ 13.81734, 53.04594 ], [ 13.81769, 53.04599 ], [ 13.81779, 53.04589 ], [ 13.81798, 53.04587 ], [ 13.8181, 53.0459 ], [ 13.81819, 53.04578 ] ] ] } },
{ "type": "Feature", "properties": { "boden": "50 % mittel, mäßig frisch (M2) · 50 % mittel, mäßig frisch (M2)" }, "geometry": { "type": "Polygon", "coordinates": [ [ [ 13.82012, 53.04572 ], [ 13.81994, 53.04574 ], [ 13.81983, 53.04591 ], [ 13.81988, 53.04597 ], [ 13.82008, 53.04603 ], [ 13.82032, 53.04594 ], [ 13.82034, 53.04584 ], [ 13.82012, 53.04572 ] ] ] } },
{ "type": "Feature", "properties": { "boden": "50 % mittel, mäßig frisch (M2) · 50 % mittel, mäßig frisch (M2)" }, "geometry": { "type": "Polygon", "coordinates": [ [ [ 13.81798, 53.04587 ], [ 13.81779, 53.04589 ], [ 13.81768, 53.04606 ], [ 13.81773, 53.04612 ], [ 13.81793, 53.04618 ], [ 13.81817, 53.04609 ], [ 13.81819, 53.04599 ], [ 13.81798, 53.04587 ] ] ] } },
{ "type": "Feature", "properties": { "boden": "50 % mittel, mäßig frisch (M2) · 50 % mittel, mäßig frisch (M2)" }, "geometry": { "type": "Polygon", "coordinates": [ [ [ 13.81788, 53.04625 ], [ 13.81769, 53.04628 ], [ 13.81758, 53.04644 ], [ 13.81763, 53.0465 ], [ 13.81783, 53.04656 ], [ 13.81807, 53.04647 ], [ 13.81809, 53.04637 ], [ 13.81788, 53.04625 ] ] ] } },
{ "type": "Feature", "properties": { "boden": "80 % kräftig, mäßig frisch (K2) · 20 % mittel, mäßig frisch (M2)" }, "geometry": { "type": "Polygon", "coordinates": [ [ [ 13.80794, 53.04153 ], [ 13.80775, 53.04156 ], [ 13.80764, 53.04172 ], [ 13.8077, 53.04179 ], [ 13.8079, 53.04184 ], [ 13.80814, 53.04176 ], [ 13.80815, 53.04165 ], [ 13.80794, 53.04153 ] ] ] } },
{ "type": "Feature", "properties": { "boden": "80 % kräftig, trocken (vermutet) (K3) · 20 % mittel, trocken (vermutet) (M3)" }, "geometry": { "type": "Polygon", "coordinates": [ [ [ 13.80945, 53.04222 ], [ 13.80915, 53.04235 ], [ 13.80911, 53.04253 ], [ 13.80935, 53.04271 ], [ 13.80954, 53.04276 ], [ 13.80988, 53.04275 ], [ 13.81, 53.04263 ], [ 13.81001, 53.04252 ], [ 13.80988, 53.04245 ], [ 13.80976, 53.04228 ], [ 13.80945, 53.04222 ] ] ] } },
{ "type": "Feature", "properties": { "boden": "80 % kräftig, mäßig frisch (K2) · 20 % mittel, mäßig frisch (M2)" }, "geometry": { "type": "Polygon", "coordinates": [ [ [ 13.80964, 53.04363 ], [ 13.80948, 53.04356 ], [ 13.8093, 53.04359 ], [ 13.8092, 53.04365 ], [ 13.80922, 53.0438 ], [ 13.80937, 53.04368 ], [ 13.80964, 53.04363 ] ] ] } },
{ "type": "Feature", "properties": { "boden": "80 % kräftig, mäßig frisch (K2) · 20 % mittel, mäßig frisch (M2)" }, "geometry": { "type": "Polygon", "coordinates": [ [ [ 13.80734, 53.04368 ], [ 13.80715, 53.0437 ], [ 13.80704, 53.04386 ], [ 13.80709, 53.04393 ], [ 13.80729, 53.04399 ], [ 13.80753, 53.0439 ], [ 13.80755, 53.0438 ], [ 13.80734, 53.04368 ] ] ] } },
{ "type": "Feature", "properties": { "boden": "80 % kräftig, trocken (vermutet) (K3) · 20 % mittel, trocken (vermutet) (M3)" }, "geometry": { "type": "Polygon", "coordinates": [ [ [ 13.81229, 53.04379 ], [ 13.81138, 53.0438 ], [ 13.81113, 53.04387 ], [ 13.81101, 53.04411 ], [ 13.81107, 53.04424 ], [ 13.81122, 53.04432 ], [ 13.81147, 53.04435 ], [ 13.81212, 53.0443 ], [ 13.81236, 53.04423 ], [ 13.81249, 53.04413 ], [ 13.81247, 53.04389 ], [ 13.81229, 53.04379 ] ] ] } },
{ "type": "Feature", "properties": { "boden": "80 % kräftig, mäßig frisch (K2) · 20 % mittel, mäßig frisch (M2)" }, "geometry": { "type": "Polygon", "coordinates": [ [ [ 13.80745, 53.04739 ], [ 13.80878, 53.04688 ], [ 13.80943, 53.04654 ], [ 13.80997, 53.04632 ], [ 13.81092, 53.04599 ], [ 13.81134, 53.04594 ], [ 13.81118, 53.04557 ], [ 13.81116, 53.04532 ], [ 13.8113, 53.04506 ], [ 13.81131, 53.0448 ], [ 13.8115, 53.04463 ], [ 13.81201, 53.04449 ], [ 13.81257, 53.04443 ], [ 13.81301, 53.04446 ], [ 13.81331, 53.04459 ], [ 13.814, 53.04427 ], [ 13.81441, 53.04397 ], [ 13.81383, 53.0439 ], [ 13.81344, 53.04363 ], [ 13.81316, 53.04357 ], [ 13.81221, 53.04304 ], [ 13.81193, 53.04266 ], [ 13.81173, 53.04251 ], [ 13.81086, 53.0422 ], [ 13.81077, 53.04205 ], [ 13.80988, 53.04163 ], [ 13.8095, 53.04138 ], [ 13.80916, 53.04125 ], [ 13.80833, 53.04115 ], [ 13.80727, 53.0408 ], [ 13.80679, 53.04058 ], [ 13.80665, 53.04562 ], [ 13.80686, 53.04574 ], [ 13.80684, 53.04584 ], [ 13.80664, 53.04592 ], [ 13.80663, 53.04649 ], [ 13.80682, 53.04652 ], [ 13.8069, 53.0466 ], [ 13.80688, 53.04671 ], [ 13.80678, 53.04677 ], [ 13.80662, 53.0468 ], [ 13.80661, 53.04723 ], [ 13.80678, 53.04705 ], [ 13.80697, 53.04703 ], [ 13.80718, 53.04715 ], [ 13.80716, 53.04725 ], [ 13.80707, 53.04732 ], [ 13.80692, 53.04734 ], [ 13.8067, 53.0473 ], [ 13.8066, 53.04738 ], [ 13.8066, 53.04765 ], [ 13.80745, 53.04739 ] ], [ [ 13.80866, 53.04607 ], [ 13.80828, 53.04613 ], [ 13.80811, 53.04597 ], [ 13.80788, 53.04601 ], [ 13.80767, 53.0458 ], [ 13.8077, 53.04531 ], [ 13.80791, 53.04519 ], [ 13.80834, 53.04522 ], [ 13.80843, 53.04528 ], [ 13.80843, 53.04547 ], [ 13.80826, 53.04565 ], [ 13.80826, 53.04577 ], [ 13.80833, 53.04587 ], [ 13.80845, 53.04591 ], [ 13.80868, 53.04588 ], [ 13.80873, 53.04596 ], [ 13.80866, 53.04607 ] ], [ [ 13.80719, 53.0452 ], [ 13.80717, 53.0453 ], [ 13.80693, 53.04539 ], [ 13.80673, 53.04533 ], [ 13.80668, 53.04527 ], [ 13.80679, 53.04511 ], [ 13.80697, 53.04508 ], [ 13.80719, 53.0452 ] ], [ [ 13.81068, 53.04446 ], [ 13.8108, 53.04464 ], [ 13.81081, 53.04479 ], [ 13.81077, 53.0449 ], [ 13.81063, 53.04494 ], [ 13.81028, 53.0448 ], [ 13.81008, 53.04467 ], [ 13.81, 53.04455 ], [ 13.81038, 53.04442 ], [ 13.81068, 53.04446 ] ], [ [ 13.80835, 53.04463 ], [ 13.80833, 53.04473 ], [ 13.80809, 53.04482 ], [ 13.8079, 53.04476 ], [ 13.80784, 53.04469 ], [ 13.80795, 53.04453 ], [ 13.80814, 53.04451 ], [ 13.80835, 53.04463 ] ], [ [ 13.81243, 53.04385 ], [ 13.81252, 53.04401 ], [ 13.81249, 53.04413 ], [ 13.81236, 53.04423 ], [ 13.81212, 53.0443 ], [ 13.81147, 53.04435 ], [ 13.81122, 53.04432 ], [ 13.81107, 53.04424 ], [ 13.81103, 53.04399 ], [ 13.81123, 53.04383 ], [ 13.81201, 53.04377 ], [ 13.81229, 53.04379 ], [ 13.81243, 53.04385 ] ], [ [ 13.80919, 53.04375 ], [ 13.8093, 53.04359 ], [ 13.80948, 53.04356 ], [ 13.80964, 53.04363 ], [ 13.81001, 53.04353 ], [ 13.81017, 53.04363 ], [ 13.81027, 53.04358 ], [ 13.81045, 53.04362 ], [ 13.81042, 53.0438 ], [ 13.80989, 53.04376 ], [ 13.80949, 53.04386 ], [ 13.80948, 53.04395 ], [ 13.80929, 53.044 ], [ 13.80917, 53.04398 ], [ 13.80919, 53.04375 ] ], [ [ 13.80755, 53.0438 ], [ 13.80753, 53.0439 ], [ 13.80729, 53.04399 ], [ 13.80709, 53.04393 ], [ 13.80704, 53.04386 ], [ 13.80715, 53.0437 ], [ 13.80734, 53.04368 ], [ 13.80755, 53.0438 ] ], [ [ 13.80976, 53.04228 ], [ 13.80988, 53.04245 ], [ 13.81001, 53.04252 ], [ 13.81, 53.04263 ], [ 13.80988, 53.04275 ], [ 13.80954, 53.04276 ], [ 13.8092, 53.04262 ], [ 13.80909, 53.04244 ], [ 13.80928, 53.04227 ], [ 13.80945, 53.04222 ], [ 13.80976, 53.04228 ] ], [ [ 13.80815, 53.04165 ], [ 13.80814, 53.04176 ], [ 13.8079, 53.04184 ], [ 13.8077, 53.04179 ], [ 13.80764, 53.04172 ], [ 13.80775, 53.04156 ], [ 13.80794, 53.04153 ], [ 13.80815, 53.04165 ] ] ] } },
{ "type": "Feature", "properties": { "boden": "80 % kräftig, trocken (vermutet) (K3) · 20 % mittel, trocken (vermutet) (M3)" }, "geometry": { "type": "Polygon", "coordinates": [ [ [ 13.8105, 53.04441 ], [ 13.81012, 53.04448 ], [ 13.81, 53.04458 ], [ 13.81028, 53.0448 ], [ 13.81063, 53.04494 ], [ 13.81077, 53.0449 ], [ 13.8108, 53.04464 ], [ 13.81068, 53.04446 ], [ 13.8105, 53.04441 ] ] ] } },
{ "type": "Feature", "properties": { "boden": "80 % kräftig, mäßig frisch (K2) · 20 % mittel, mäßig frisch (M2)" }, "geometry": { "type": "Polygon", "coordinates": [ [ [ 13.80814, 53.04451 ], [ 13.80795, 53.04453 ], [ 13.80784, 53.04469 ], [ 13.8079, 53.04476 ], [ 13.80809, 53.04482 ], [ 13.80833, 53.04473 ], [ 13.80835, 53.04463 ], [ 13.80814, 53.04451 ] ] ] } },
{ "type": "Feature", "properties": { "boden": "80 % kräftig, mäßig frisch (K2) · 20 % mittel, mäßig frisch (M2)" }, "geometry": { "type": "Polygon", "coordinates": [ [ [ 13.81188, 53.0454 ], [ 13.81216, 53.04495 ], [ 13.81315, 53.04466 ], [ 13.81329, 53.04456 ], [ 13.81301, 53.04446 ], [ 13.81257, 53.04443 ], [ 13.81201, 53.04449 ], [ 13.81141, 53.04469 ], [ 13.81131, 53.0448 ], [ 13.8113, 53.04506 ], [ 13.81116, 53.04532 ], [ 13.81118, 53.04557 ], [ 13.81134, 53.04594 ], [ 13.81172, 53.0459 ], [ 13.81188, 53.0454 ] ] ] } },
{ "type": "Feature", "properties": { "boden": "80 % kräftig, mäßig frisch (K2) · 20 % mittel, mäßig frisch (M2)" }, "geometry": { "type": "Polygon", "coordinates": [ [ [ 13.80697, 53.04508 ], [ 13.80679, 53.04511 ], [ 13.80668, 53.04527 ], [ 13.80673, 53.04533 ], [ 13.80693, 53.04539 ], [ 13.80717, 53.0453 ], [ 13.80719, 53.0452 ], [ 13.80697, 53.04508 ] ] ] } },
{ "type": "Feature", "properties": { "boden": "100 % kräftig, nass (NK1)" }, "geometry": { "type": "Polygon", "coordinates": [ [ [ 13.80873, 53.04596 ], [ 13.80868, 53.04588 ], [ 13.80845, 53.04591 ], [ 13.80833, 53.04587 ], [ 13.80826, 53.04577 ], [ 13.80826, 53.04565 ], [ 13.80843, 53.04547 ], [ 13.80843, 53.04528 ], [ 13.80834, 53.04522 ], [ 13.80791, 53.04519 ], [ 13.8077, 53.04531 ], [ 13.80767, 53.04557 ], [ 13.80767, 53.0458 ], [ 13.80788, 53.04601 ], [ 13.80811, 53.04597 ], [ 13.80828, 53.04613 ], [ 13.80866, 53.04607 ], [ 13.80873, 53.04596 ] ] ] } },
{ "type": "Feature", "properties": { "boden": "80 % kräftig, mäßig frisch (K2) · 20 % mittel, mäßig frisch (M2)" }, "geometry": { "type": "Polygon", "coordinates": [ [ [ 13.80665, 53.04562 ], [ 13.80664, 53.04592 ], [ 13.80684, 53.04584 ], [ 13.80686, 53.04574 ], [ 13.80665, 53.04562 ] ] ] } },
{ "type": "Feature", "properties": { "boden": "100 % kräftig, mäßig frisch (K2)" }, "geometry": { "type": "Polygon", "coordinates": [ [ [ 13.8266, 53.04436 ], [ 13.82605, 53.04463 ], [ 13.82601, 53.04483 ], [ 13.82611, 53.04493 ], [ 13.82629, 53.04497 ], [ 13.82701, 53.04492 ], [ 13.82757, 53.04517 ], [ 13.82769, 53.04513 ], [ 13.82786, 53.04494 ], [ 13.82785, 53.04479 ], [ 13.8276, 53.04454 ], [ 13.82714, 53.04434 ], [ 13.8266, 53.04436 ] ] ] } },
{ "type": "Feature", "properties": { "boden": "100 % kräftig, mäßig frisch (K2)" }, "geometry": { "type": "Polygon", "coordinates": [ [ [ 13.82916, 53.04466 ], [ 13.82877, 53.04471 ], [ 13.82834, 53.04486 ], [ 13.82848, 53.04506 ], [ 13.82875, 53.04511 ], [ 13.82926, 53.04511 ], [ 13.82959, 53.04505 ], [ 13.82965, 53.04499 ], [ 13.82952, 53.04478 ], [ 13.82916, 53.04466 ] ] ] } },
{ "type": "Feature", "properties": { "boden": "100 % kräftig, mäßig frisch (K2)" }, "geometry": { "type": "Polygon", "coordinates": [ [ [ 13.8253, 53.0458 ], [ 13.82555, 53.04579 ], [ 13.82566, 53.04571 ], [ 13.8258, 53.04582 ], [ 13.82606, 53.04581 ], [ 13.82615, 53.04575 ], [ 13.82617, 53.04564 ], [ 13.82596, 53.04552 ], [ 13.82574, 53.04554 ], [ 13.82566, 53.04559 ], [ 13.82545, 53.0455 ], [ 13.82526, 53.04553 ], [ 13.82521, 53.04556 ], [ 13.8253, 53.0458 ] ] ] } },
{ "type": "Feature", "properties": { "boden": "50 % mittel, mäßig frisch (M2) · 50 % mittel, mäßig frisch (M2)" }, "geometry": { "type": "Polygon", "coordinates": [ [ [ 13.82417, 53.04572 ], [ 13.82398, 53.04575 ], [ 13.82387, 53.04591 ], [ 13.82393, 53.04598 ], [ 13.82413, 53.04604 ], [ 13.82437, 53.04595 ], [ 13.82438, 53.04584 ], [ 13.82417, 53.04572 ] ] ] } },
{ "type": "Feature", "properties": { "boden": "50 % mittel, mäßig frisch (M2) · 50 % mittel, mäßig frisch (M2)" }, "geometry": { "type": "Polygon", "coordinates": [ [ [ 13.82352, 53.04575 ], [ 13.82333, 53.04578 ], [ 13.82322, 53.04594 ], [ 13.82327, 53.04601 ], [ 13.82347, 53.04607 ], [ 13.82371, 53.04598 ], [ 13.82373, 53.04587 ], [ 13.82352, 53.04575 ] ] ] } },
{ "type": "Feature", "properties": { "boden": "100 % kräftig, mäßig frisch (K2)" }, "geometry": { "type": "Polygon", "coordinates": [ [ [ 13.82635, 53.0458 ], [ 13.82616, 53.04583 ], [ 13.82605, 53.04599 ], [ 13.82611, 53.04606 ], [ 13.8263, 53.04612 ], [ 13.82654, 53.04603 ], [ 13.82656, 53.04592 ], [ 13.82635, 53.0458 ] ] ] } },
{ "type": "Feature", "properties": { "boden": "100 % kräftig, mäßig frisch (K2)" }, "geometry": { "type": "Polygon", "coordinates": [ [ [ 13.82579, 53.04627 ], [ 13.82602, 53.04618 ], [ 13.82604, 53.04608 ], [ 13.82583, 53.04596 ], [ 13.82564, 53.04598 ], [ 13.82556, 53.04604 ], [ 13.82579, 53.04627 ] ] ] } },
{ "type": "Feature", "properties": { "boden": "50 % mittel, mäßig frisch (M2) · 50 % mittel, mäßig frisch (M2)" }, "geometry": { "type": "Polygon", "coordinates": [ [ [ 13.82487, 53.04595 ], [ 13.82469, 53.04597 ], [ 13.82458, 53.04613 ], [ 13.82475, 53.04625 ], [ 13.82466, 53.0464 ], [ 13.82471, 53.04646 ], [ 13.82491, 53.04652 ], [ 13.82515, 53.04643 ], [ 13.82517, 53.04633 ], [ 13.82499, 53.04622 ], [ 13.82509, 53.04607 ], [ 13.82487, 53.04595 ] ] ] } },
{ "type": "Feature", "properties": { "boden": "100 % kräftig, mäßig frisch (K2)" }, "geometry": { "type": "Polygon", "coordinates": [ [ [ 13.82698, 53.04432 ], [ 13.82745, 53.04445 ], [ 13.8278, 53.04471 ], [ 13.82786, 53.04494 ], [ 13.82769, 53.04513 ], [ 13.82757, 53.04517 ], [ 13.82701, 53.04492 ], [ 13.82629, 53.04497 ], [ 13.82611, 53.04493 ], [ 13.82601, 53.04483 ], [ 13.82602, 53.04468 ], [ 13.82618, 53.04455 ], [ 13.82659, 53.04437 ], [ 13.82594, 53.0446 ], [ 13.82509, 53.04451 ], [ 13.82518, 53.04488 ], [ 13.8251, 53.04517 ], [ 13.82521, 53.04556 ], [ 13.82545, 53.0455 ], [ 13.82566, 53.04559 ], [ 13.82574, 53.04554 ], [ 13.82596, 53.04552 ], [ 13.82617, 53.04564 ], [ 13.82615, 53.04575 ], [ 13.82606, 53.04581 ], [ 13.8258, 53.04582 ], [ 13.82566, 53.04571 ], [ 13.82555, 53.04579 ], [ 13.8253, 53.0458 ], [ 13.82556, 53.04604 ], [ 13.82564, 53.04598 ], [ 13.82583, 53.04596 ], [ 13.82596, 53.04599 ], [ 13.82604, 53.04608 ], [ 13.82602, 53.04618 ], [ 13.82579, 53.04627 ], [ 13.82598, 53.04646 ], [ 13.82718, 53.04718 ], [ 13.82784, 53.04738 ], [ 13.82821, 53.04763 ], [ 13.8291, 53.04776 ], [ 13.83028, 53.04803 ], [ 13.82966, 53.0486 ], [ 13.82968, 53.0487 ], [ 13.83008, 53.04855 ], [ 13.83205, 53.04808 ], [ 13.83321, 53.04791 ], [ 13.83337, 53.04796 ], [ 13.83349, 53.04809 ], [ 13.83347, 53.04825 ], [ 13.83267, 53.04899 ], [ 13.83239, 53.0495 ], [ 13.83244, 53.04965 ], [ 13.83274, 53.04973 ], [ 13.83462, 53.04977 ], [ 13.83558, 53.04997 ], [ 13.83576, 53.05005 ], [ 13.83574, 53.05012 ], [ 13.83588, 53.05019 ], [ 13.83576, 53.04988 ], [ 13.83561, 53.04969 ], [ 13.83507, 53.0478 ], [ 13.83493, 53.04771 ], [ 13.83499, 53.04749 ], [ 13.83468, 53.04663 ], [ 13.83445, 53.04656 ], [ 13.83422, 53.0464 ], [ 13.83448, 53.04621 ], [ 13.83451, 53.046 ], [ 13.83418, 53.04458 ], [ 13.83384, 53.044 ], [ 13.83214, 53.04433 ], [ 13.83194, 53.0442 ], [ 13.83135, 53.04322 ], [ 13.83109, 53.04292 ], [ 13.83086, 53.04281 ], [ 13.82955, 53.04262 ], [ 13.82903, 53.04347 ], [ 13.82857, 53.04379 ], [ 13.8279, 53.04402 ], [ 13.82661, 53.04436 ], [ 13.82698, 53.04432 ] ], [ [ 13.83058, 53.04383 ], [ 13.83111, 53.04428 ], [ 13.83114, 53.04443 ], [ 13.83105, 53.04446 ], [ 13.83068, 53.04438 ], [ 13.83012, 53.04407 ], [ 13.82995, 53.04392 ], [ 13.82993, 53.04375 ], [ 13.83013, 53.04369 ], [ 13.83058, 53.04383 ] ], [ [ 13.82858, 53.04404 ], [ 13.82852, 53.04423 ], [ 13.82841, 53.04431 ], [ 13.8283, 53.04431 ], [ 13.82815, 53.04415 ], [ 13.82821, 53.04396 ], [ 13.8285, 53.04393 ], [ 13.82858, 53.04404 ] ], [ [ 13.83066, 53.04299 ], [ 13.83075, 53.04307 ], [ 13.83072, 53.0432 ], [ 13.83046, 53.0433 ], [ 13.82989, 53.0434 ], [ 13.82976, 53.04309 ], [ 13.82988, 53.04296 ], [ 13.83036, 53.04292 ], [ 13.83066, 53.04299 ] ], [ [ 13.8341, 53.04467 ], [ 13.83416, 53.04473 ], [ 13.83392, 53.04476 ], [ 13.83315, 53.04472 ], [ 13.83301, 53.04466 ], [ 13.83337, 53.04458 ], [ 13.8341, 53.04467 ] ], [ [ 13.82952, 53.04478 ], [ 13.82965, 53.04499 ], [ 13.82946, 53.04508 ], [ 13.82859, 53.04509 ], [ 13.82848, 53.04506 ], [ 13.82835, 53.04493 ], [ 13.82834, 53.04486 ], [ 13.82847, 53.04479 ], [ 13.82905, 53.04466 ], [ 13.82941, 53.04471 ], [ 13.82952, 53.04478 ] ], [ [ 13.82656, 53.04592 ], [ 13.82654, 53.04603 ], [ 13.8263, 53.04612 ], [ 13.82611, 53.04606 ], [ 13.82605, 53.04599 ], [ 13.82616, 53.04583 ], [ 13.82635, 53.0458 ], [ 13.82656, 53.04592 ] ], [ [ 13.83463, 53.04732 ], [ 13.83474, 53.04745 ], [ 13.83472, 53.04756 ], [ 13.83448, 53.04764 ], [ 13.83428, 53.04759 ], [ 13.83423, 53.04752 ], [ 13.83424, 53.04742 ], [ 13.83441, 53.04732 ], [ 13.8343, 53.04718 ], [ 13.83408, 53.04723 ], [ 13.83385, 53.04719 ], [ 13.83361, 53.04728 ], [ 13.83341, 53.04722 ], [ 13.83338, 53.04705 ], [ 13.8335, 53.04694 ], [ 13.83336, 53.04683 ], [ 13.83347, 53.04667 ], [ 13.83366, 53.04664 ], [ 13.83379, 53.04668 ], [ 13.83387, 53.04676 ], [ 13.83382, 53.04693 ], [ 13.83412, 53.04692 ], [ 13.83434, 53.04704 ], [ 13.83459, 53.047 ], [ 13.83472, 53.04703 ], [ 13.83479, 53.04722 ], [ 13.83463, 53.04732 ] ], [ [ 13.83298, 53.04725 ], [ 13.83296, 53.04735 ], [ 13.83279, 53.04745 ], [ 13.83292, 53.04758 ], [ 13.83291, 53.04768 ], [ 13.83281, 53.04775 ], [ 13.83255, 53.04776 ], [ 13.83241, 53.04765 ], [ 13.83243, 53.04755 ], [ 13.8326, 53.04744 ], [ 13.83247, 53.04731 ], [ 13.83249, 53.04722 ], [ 13.83258, 53.04715 ], [ 13.83277, 53.04713 ], [ 13.83298, 53.04725 ] ], [ [ 13.83233, 53.04727 ], [ 13.83231, 53.04737 ], [ 13.83207, 53.04746 ], [ 13.83187, 53.0474 ], [ 13.83182, 53.04734 ], [ 13.83193, 53.04718 ], [ 13.83212, 53.04715 ], [ 13.83233, 53.04727 ] ], [ [ 13.83416, 53.04754 ], [ 13.83414, 53.04765 ], [ 13.8339, 53.04774 ], [ 13.8337, 53.04768 ], [ 13.83365, 53.04761 ], [ 13.83376, 53.04745 ], [ 13.83395, 53.04742 ], [ 13.83416, 53.04754 ] ], [ [ 13.83351, 53.04742 ], [ 13.83349, 53.04752 ], [ 13.83325, 53.04761 ], [ 13.83305, 53.04755 ], [ 13.833, 53.04749 ], [ 13.83311, 53.04732 ], [ 13.83329, 53.0473 ], [ 13.83351, 53.04742 ] ] ] } },
{ "type": "Feature", "properties": { "boden": "50 % mittel, mäßig frisch (M2) · 50 % mittel, mäßig frisch (M2)" }, "geometry": { "type": "Polygon", "coordinates": [ [ [ 13.82437, 53.0463 ], [ 13.82418, 53.04633 ], [ 13.82407, 53.04649 ], [ 13.82413, 53.04656 ], [ 13.82432, 53.04662 ], [ 13.82456, 53.04653 ], [ 13.82458, 53.04642 ], [ 13.82437, 53.0463 ] ] ] } },
{ "type": "Feature", "properties": { "boden": "50 % mittel, mäßig frisch (M2) · 50 % mittel, mäßig frisch (M2)" }, "geometry": { "type": "Polygon", "coordinates": [ [ [ 13.82322, 53.04646 ], [ 13.82292, 53.04641 ], [ 13.82279, 53.04625 ], [ 13.82266, 53.04621 ], [ 13.82247, 53.04624 ], [ 13.82238, 53.0463 ], [ 13.82242, 53.04647 ], [ 13.82261, 53.04653 ], [ 13.82281, 53.04651 ], [ 13.8228, 53.04661 ], [ 13.82293, 53.04672 ], [ 13.82319, 53.04671 ], [ 13.82329, 53.04665 ], [ 13.82331, 53.04654 ], [ 13.82322, 53.04646 ] ] ] } },
{ "type": "Feature", "properties": { "boden": "50 % mittel, mäßig frisch (M2) · 50 % mittel, mäßig frisch (M2)" }, "geometry": { "type": "Polygon", "coordinates": [ [ [ 13.82968, 53.0487 ], [ 13.82966, 53.0486 ], [ 13.83028, 53.04803 ], [ 13.8291, 53.04776 ], [ 13.82821, 53.04763 ], [ 13.82784, 53.04738 ], [ 13.82718, 53.04718 ], [ 13.82598, 53.04646 ], [ 13.8253, 53.0458 ], [ 13.8251, 53.04517 ], [ 13.82518, 53.04488 ], [ 13.82509, 53.04451 ], [ 13.8224, 53.04426 ], [ 13.81897, 53.04386 ], [ 13.81965, 53.04717 ], [ 13.82003, 53.04728 ], [ 13.8203, 53.0473 ], [ 13.82057, 53.0472 ], [ 13.82069, 53.04728 ], [ 13.82022, 53.04748 ], [ 13.81974, 53.04747 ], [ 13.81987, 53.04843 ], [ 13.81979, 53.04949 ], [ 13.81995, 53.04946 ], [ 13.81995, 53.04935 ], [ 13.82009, 53.0492 ], [ 13.82065, 53.04874 ], [ 13.82083, 53.04891 ], [ 13.82129, 53.04905 ], [ 13.82127, 53.04926 ], [ 13.82109, 53.04926 ], [ 13.82103, 53.04939 ], [ 13.8212, 53.04993 ], [ 13.82241, 53.04982 ], [ 13.82291, 53.04983 ], [ 13.82381, 53.04999 ], [ 13.8238, 53.04985 ], [ 13.82386, 53.0498 ], [ 13.82372, 53.04963 ], [ 13.82352, 53.0497 ], [ 13.82332, 53.04964 ], [ 13.82327, 53.04957 ], [ 13.82337, 53.04941 ], [ 13.82353, 53.04939 ], [ 13.82344, 53.0492 ], [ 13.82325, 53.04926 ], [ 13.82314, 53.04924 ], [ 13.823, 53.04913 ], [ 13.82302, 53.04903 ], [ 13.82316, 53.04891 ], [ 13.823, 53.04881 ], [ 13.82296, 53.04865 ], [ 13.82273, 53.04868 ], [ 13.82274, 53.04882 ], [ 13.82264, 53.04888 ], [ 13.82238, 53.04889 ], [ 13.82225, 53.04878 ], [ 13.82227, 53.04868 ], [ 13.82239, 53.04861 ], [ 13.82219, 53.04849 ], [ 13.82209, 53.04858 ], [ 13.82195, 53.0486 ], [ 13.82175, 53.04855 ], [ 13.82171, 53.04838 ], [ 13.82189, 53.0483 ], [ 13.82167, 53.04821 ], [ 13.82156, 53.04836 ], [ 13.8213, 53.04836 ], [ 13.82117, 53.04825 ], [ 13.82119, 53.04816 ], [ 13.82135, 53.04808 ], [ 13.82117, 53.04796 ], [ 13.82106, 53.04809 ], [ 13.82092, 53.04811 ], [ 13.82072, 53.04806 ], [ 13.82067, 53.04799 ], [ 13.82078, 53.04783 ], [ 13.82096, 53.0478 ], [ 13.8211, 53.04784 ], [ 13.82134, 53.04772 ], [ 13.82113, 53.04768 ], [ 13.8211, 53.04751 ], [ 13.82119, 53.04745 ], [ 13.82137, 53.04742 ], [ 13.82156, 53.04725 ], [ 13.82175, 53.04722 ], [ 13.82196, 53.04734 ], [ 13.82194, 53.04745 ], [ 13.82185, 53.04751 ], [ 13.82159, 53.04754 ], [ 13.82152, 53.04772 ], [ 13.82177, 53.04773 ], [ 13.82177, 53.04761 ], [ 13.82187, 53.04755 ], [ 13.82205, 53.04752 ], [ 13.82227, 53.04764 ], [ 13.82225, 53.04775 ], [ 13.82202, 53.04783 ], [ 13.82226, 53.04793 ], [ 13.82236, 53.0478 ], [ 13.82255, 53.04777 ], [ 13.82268, 53.04781 ], [ 13.82276, 53.04789 ], [ 13.82274, 53.048 ], [ 13.82256, 53.04808 ], [ 13.8228, 53.04823 ], [ 13.82291, 53.04807 ], [ 13.82309, 53.04804 ], [ 13.82322, 53.04808 ], [ 13.82331, 53.04816 ], [ 13.82329, 53.04826 ], [ 13.82319, 53.04833 ], [ 13.82298, 53.04834 ], [ 13.82311, 53.04849 ], [ 13.82307, 53.04861 ], [ 13.82325, 53.04855 ], [ 13.82338, 53.04859 ], [ 13.82353, 53.04874 ], [ 13.82372, 53.04871 ], [ 13.82385, 53.04875 ], [ 13.82393, 53.04883 ], [ 13.82391, 53.04894 ], [ 13.82375, 53.04905 ], [ 13.82388, 53.04924 ], [ 13.82401, 53.04908 ], [ 13.8242, 53.04906 ], [ 13.82441, 53.04918 ], [ 13.82439, 53.04928 ], [ 13.8243, 53.04935 ], [ 13.82415, 53.04937 ], [ 13.82394, 53.04933 ], [ 13.82402, 53.04945 ], [ 13.82435, 53.04953 ], [ 13.82439, 53.04938 ], [ 13.82449, 53.04931 ], [ 13.82467, 53.04929 ], [ 13.82489, 53.0494 ], [ 13.82487, 53.04951 ], [ 13.82477, 53.04957 ], [ 13.82444, 53.0496 ], [ 13.82461, 53.04975 ], [ 13.82458, 53.04996 ], [ 13.82447, 53.04999 ], [ 13.82428, 53.04994 ], [ 13.82416, 53.05005 ], [ 13.8249, 53.05016 ], [ 13.82527, 53.05009 ], [ 13.8274, 53.04905 ], [ 13.82835, 53.04884 ], [ 13.82968, 53.0487 ] ], [ [ 13.82277, 53.04723 ], [ 13.82251, 53.04724 ], [ 13.82233, 53.04706 ], [ 13.82199, 53.04708 ], [ 13.82185, 53.04697 ], [ 13.82187, 53.04687 ], [ 13.82196, 53.04681 ], [ 13.82215, 53.04678 ], [ 13.82228, 53.04682 ], [ 13.82241, 53.04696 ], [ 13.82267, 53.04694 ], [ 13.8228, 53.04698 ], [ 13.82288, 53.04706 ], [ 13.82286, 53.04716 ], [ 13.82277, 53.04723 ] ], [ [ 13.82329, 53.04665 ], [ 13.82319, 53.04671 ], [ 13.82293, 53.04672 ], [ 13.8228, 53.04661 ], [ 13.82281, 53.04651 ], [ 13.82261, 53.04653 ], [ 13.82242, 53.04647 ], [ 13.82238, 53.0463 ], [ 13.82247, 53.04624 ], [ 13.82266, 53.04621 ], [ 13.82279, 53.04625 ], [ 13.82292, 53.04641 ], [ 13.82322, 53.04646 ], [ 13.82331, 53.04654 ], [ 13.82329, 53.04665 ] ], [ [ 13.82509, 53.04607 ], [ 13.82499, 53.04622 ], [ 13.82517, 53.04633 ], [ 13.82515, 53.04643 ], [ 13.82505, 53.0465 ], [ 13.8248, 53.0465 ], [ 13.82466, 53.0464 ], [ 13.82475, 53.04625 ], [ 13.82458, 53.04613 ], [ 13.82459, 53.04604 ], [ 13.82469, 53.04597 ], [ 13.82487, 53.04595 ], [ 13.82509, 53.04607 ] ], [ [ 13.82438, 53.04584 ], [ 13.82437, 53.04595 ], [ 13.82413, 53.04604 ], [ 13.82393, 53.04598 ], [ 13.82387, 53.04591 ], [ 13.82398, 53.04575 ], [ 13.82417, 53.04572 ], [ 13.82438, 53.04584 ] ], [ [ 13.82034, 53.04584 ], [ 13.82032, 53.04594 ], [ 13.82008, 53.04603 ], [ 13.81988, 53.04597 ], [ 13.81983, 53.04591 ], [ 13.81994, 53.04574 ], [ 13.82012, 53.04572 ], [ 13.82034, 53.04584 ] ], [ [ 13.82373, 53.04587 ], [ 13.82371, 53.04598 ], [ 13.82347, 53.04607 ], [ 13.82327, 53.04601 ], [ 13.82322, 53.04594 ], [ 13.82333, 53.04578 ], [ 13.82352, 53.04575 ], [ 13.82373, 53.04587 ] ], [ [ 13.82458, 53.04642 ], [ 13.82456, 53.04653 ], [ 13.82432, 53.04662 ], [ 13.82413, 53.04656 ], [ 13.82407, 53.04649 ], [ 13.82418, 53.04633 ], [ 13.82437, 53.0463 ], [ 13.82458, 53.04642 ] ], [ [ 13.82224, 53.04528 ], [ 13.82222, 53.04538 ], [ 13.82198, 53.04547 ], [ 13.82179, 53.04541 ], [ 13.82173, 53.04534 ], [ 13.82184, 53.04518 ], [ 13.82203, 53.04516 ], [ 13.82224, 53.04528 ] ], [ [ 13.82266, 53.04499 ], [ 13.82264, 53.04509 ], [ 13.8224, 53.04518 ], [ 13.8222, 53.04513 ], [ 13.82215, 53.04506 ], [ 13.82226, 53.0449 ], [ 13.82245, 53.04487 ], [ 13.82266, 53.04499 ] ] ] } },
{ "type": "Feature", "properties": { "boden": "50 % mittel, mäßig frisch (M2) · 50 % mittel, mäßig frisch (M2)" }, "geometry": { "type": "Polygon", "coordinates": [ [ [ 13.82288, 53.04706 ], [ 13.82267, 53.04694 ], [ 13.82241, 53.04696 ], [ 13.82228, 53.04682 ], [ 13.82215, 53.04678 ], [ 13.82196, 53.04681 ], [ 13.82187, 53.04687 ], [ 13.8219, 53.04704 ], [ 13.8221, 53.0471 ], [ 13.82233, 53.04706 ], [ 13.82251, 53.04724 ], [ 13.82277, 53.04723 ], [ 13.82286, 53.04716 ], [ 13.82288, 53.04706 ] ] ] } },
{ "type": "Feature", "properties": { "boden": "50 % mittel, mäßig frisch (M2) · 50 % mittel, mäßig frisch (M2)" }, "geometry": { "type": "Polygon", "coordinates": [ [ [ 13.82226, 53.04793 ], [ 13.82256, 53.04808 ], [ 13.82274, 53.048 ], [ 13.82276, 53.04789 ], [ 13.82255, 53.04777 ], [ 13.82236, 53.0478 ], [ 13.82227, 53.04786 ], [ 13.82226, 53.04793 ] ] ] } },
{ "type": "Feature", "properties": { "boden": "50 % mittel, mäßig frisch (M2) · 50 % mittel, mäßig frisch (M2)" }, "geometry": { "type": "Polygon", "coordinates": [ [ [ 13.82298, 53.04834 ], [ 13.82319, 53.04833 ], [ 13.82329, 53.04826 ], [ 13.82331, 53.04816 ], [ 13.82309, 53.04804 ], [ 13.82291, 53.04807 ], [ 13.82282, 53.04813 ], [ 13.8228, 53.04823 ], [ 13.82298, 53.04834 ] ] ] } },
{ "type": "Feature", "properties": { "boden": "50 % mittel, mäßig frisch (M2) · 50 % mittel, mäßig frisch (M2)" }, "geometry": { "type": "Polygon", "coordinates": [ [ [ 13.82255, 53.04868 ], [ 13.82239, 53.04861 ], [ 13.82227, 53.04868 ], [ 13.82225, 53.04878 ], [ 13.82238, 53.04889 ], [ 13.82264, 53.04888 ], [ 13.82274, 53.04882 ], [ 13.82273, 53.04868 ], [ 13.82255, 53.04868 ] ] ] } },
{ "type": "Feature", "properties": { "boden": "50 % mittel, mäßig frisch (M2) · 50 % mittel, mäßig frisch (M2)" }, "geometry": { "type": "Polygon", "coordinates": [ [ [ 13.82334, 53.04901 ], [ 13.82375, 53.04905 ], [ 13.82391, 53.04894 ], [ 13.82393, 53.04883 ], [ 13.82372, 53.04871 ], [ 13.82353, 53.04874 ], [ 13.82338, 53.04859 ], [ 13.82325, 53.04855 ], [ 13.82296, 53.04865 ], [ 13.823, 53.04881 ], [ 13.82316, 53.04891 ], [ 13.82302, 53.04903 ], [ 13.823, 53.04913 ], [ 13.82314, 53.04924 ], [ 13.82325, 53.04926 ], [ 13.82344, 53.0492 ], [ 13.82334, 53.04901 ] ] ] } },
{ "type": "Feature", "properties": { "boden": "50 % mittel, mäßig frisch (M2) · 50 % mittel, mäßig frisch (M2)" }, "geometry": { "type": "Polygon", "coordinates": [ [ [ 13.82394, 53.04933 ], [ 13.82415, 53.04937 ], [ 13.8243, 53.04935 ], [ 13.82439, 53.04928 ], [ 13.82441, 53.04918 ], [ 13.82433, 53.04909 ], [ 13.8242, 53.04906 ], [ 13.82401, 53.04908 ], [ 13.82388, 53.04924 ], [ 13.82394, 53.04933 ] ] ] } },
{ "type": "Feature", "properties": { "boden": "50 % mittel, mäßig frisch (M2) · 50 % mittel, mäßig frisch (M2)" }, "geometry": { "type": "Polygon", "coordinates": [ [ [ 13.82444, 53.0496 ], [ 13.82477, 53.04957 ], [ 13.82487, 53.04951 ], [ 13.82489, 53.0494 ], [ 13.8248, 53.04932 ], [ 13.82467, 53.04929 ], [ 13.82449, 53.04931 ], [ 13.82439, 53.04938 ], [ 13.82435, 53.04953 ], [ 13.82444, 53.0496 ] ] ] } },
{ "type": "Feature", "properties": { "boden": "100 % arm, nass (OA3)" }, "geometry": { "type": "Polygon", "coordinates": [ [ [ 13.82435, 53.04953 ], [ 13.82402, 53.04945 ], [ 13.82375, 53.04905 ], [ 13.82334, 53.04901 ], [ 13.82353, 53.04939 ], [ 13.82386, 53.0498 ], [ 13.82407, 53.04976 ], [ 13.82421, 53.04979 ], [ 13.82428, 53.04994 ], [ 13.82447, 53.04999 ], [ 13.82458, 53.04996 ], [ 13.82461, 53.04975 ], [ 13.82435, 53.04953 ] ] ] } },
{ "type": "Feature", "properties": { "boden": "50 % mittel, nass (OM3) · 50 % mittel, nass (OM2)" }, "geometry": { "type": "Polygon", "coordinates": [ [ [ 13.81631, 53.04483 ], [ 13.81611, 53.04456 ], [ 13.81584, 53.04448 ], [ 13.81556, 53.04448 ], [ 13.81533, 53.04465 ], [ 13.81539, 53.04483 ], [ 13.81582, 53.04509 ], [ 13.81568, 53.04521 ], [ 13.81549, 53.04519 ], [ 13.81546, 53.04533 ], [ 13.81556, 53.04538 ], [ 13.81557, 53.04546 ], [ 13.81533, 53.04555 ], [ 13.8149, 53.04538 ], [ 13.81427, 53.04526 ], [ 13.81374, 53.04498 ], [ 13.8136, 53.04484 ], [ 13.81315, 53.04466 ], [ 13.81216, 53.04495 ], [ 13.81188, 53.0454 ], [ 13.81172, 53.0459 ], [ 13.81239, 53.04585 ], [ 13.81255, 53.04557 ], [ 13.81294, 53.04545 ], [ 13.81389, 53.04553 ], [ 13.81502, 53.04595 ], [ 13.81525, 53.04623 ], [ 13.81517, 53.04652 ], [ 13.81484, 53.04662 ], [ 13.81446, 53.04662 ], [ 13.81731, 53.04851 ], [ 13.81753, 53.04828 ], [ 13.81764, 53.04797 ], [ 13.81745, 53.04769 ], [ 13.81697, 53.04735 ], [ 13.81735, 53.04695 ], [ 13.8176, 53.04682 ], [ 13.81761, 53.04666 ], [ 13.81753, 53.04649 ], [ 13.81677, 53.04613 ], [ 13.81676, 53.0453 ], [ 13.8163, 53.045 ], [ 13.81631, 53.04483 ] ] ] } },
{ "type": "Feature", "properties": { "boden": "50 % mittel, mäßig frisch (M2) · 50 % mittel, mäßig frisch (M2)" }, "geometry": { "type": "Polygon", "coordinates": [ [ [ 13.81846, 53.04684 ], [ 13.81827, 53.04686 ], [ 13.81816, 53.04702 ], [ 13.81822, 53.04709 ], [ 13.81841, 53.04715 ], [ 13.81865, 53.04706 ], [ 13.81867, 53.04696 ], [ 13.81846, 53.04684 ] ] ] } },
{ "type": "Feature", "properties": { "boden": "50 % mittel, mäßig frisch (M2) · 50 % mittel, trocken (vermutet) (M3)" }, "geometry": { "type": "Polygon", "coordinates": [ [ [ 13.81758, 53.04703 ], [ 13.81742, 53.04705 ], [ 13.81737, 53.04723 ], [ 13.8176, 53.04745 ], [ 13.81791, 53.04752 ], [ 13.8181, 53.04744 ], [ 13.81808, 53.04721 ], [ 13.81795, 53.0471 ], [ 13.81758, 53.04703 ] ] ] } },
{ "type": "Feature", "properties": { "boden": "100 % arm, nass (OA3)" }, "geometry": { "type": "Polygon", "coordinates": [ [ [ 13.81954, 53.04714 ], [ 13.81957, 53.04731 ], [ 13.81974, 53.04747 ], [ 13.82022, 53.04748 ], [ 13.82069, 53.04728 ], [ 13.82057, 53.0472 ], [ 13.8203, 53.0473 ], [ 13.82003, 53.04728 ], [ 13.81954, 53.04714 ] ] ] } },
{ "type": "Feature", "properties": { "boden": "50 % mittel, mäßig frisch (M2) · 50 % mittel, mäßig frisch (M2)" }, "geometry": { "type": "Polygon", "coordinates": [ [ [ 13.82137, 53.04742 ], [ 13.82159, 53.04754 ], [ 13.82185, 53.04751 ], [ 13.82194, 53.04745 ], [ 13.82196, 53.04734 ], [ 13.82188, 53.04726 ], [ 13.82175, 53.04722 ], [ 13.82156, 53.04725 ], [ 13.82137, 53.04742 ] ] ] } },
{ "type": "Feature", "properties": { "boden": "50 % mittel, mäßig frisch (M2) · 50 % mittel, mäßig frisch (M2)" }, "geometry": { "type": "Polygon", "coordinates": [ [ [ 13.8163, 53.045 ], [ 13.81676, 53.0453 ], [ 13.81677, 53.04613 ], [ 13.81753, 53.04649 ], [ 13.81761, 53.04666 ], [ 13.8176, 53.04682 ], [ 13.81735, 53.04695 ], [ 13.81697, 53.04735 ], [ 13.81745, 53.04769 ], [ 13.81764, 53.04797 ], [ 13.81753, 53.04828 ], [ 13.81731, 53.04851 ], [ 13.81788, 53.04889 ], [ 13.819, 53.05002 ], [ 13.81924, 53.05046 ], [ 13.81936, 53.05009 ], [ 13.81835, 53.04428 ], [ 13.81631, 53.04483 ], [ 13.8163, 53.045 ] ], [ [ 13.81811, 53.04591 ], [ 13.81819, 53.04599 ], [ 13.81817, 53.04609 ], [ 13.81793, 53.04618 ], [ 13.81773, 53.04612 ], [ 13.81769, 53.04599 ], [ 13.81734, 53.04594 ], [ 13.81726, 53.04587 ], [ 13.81724, 53.04557 ], [ 13.81733, 53.04551 ], [ 13.81734, 53.04529 ], [ 13.81749, 53.0452 ], [ 13.81773, 53.04516 ], [ 13.81787, 53.04524 ], [ 13.81819, 53.04564 ], [ 13.81811, 53.04591 ] ], [ [ 13.81809, 53.04637 ], [ 13.81807, 53.04647 ], [ 13.81783, 53.04656 ], [ 13.81763, 53.0465 ], [ 13.81758, 53.04644 ], [ 13.81769, 53.04628 ], [ 13.81788, 53.04625 ], [ 13.81809, 53.04637 ] ], [ [ 13.81867, 53.04696 ], [ 13.81865, 53.04706 ], [ 13.81841, 53.04715 ], [ 13.81822, 53.04709 ], [ 13.81816, 53.04702 ], [ 13.81827, 53.04686 ], [ 13.81846, 53.04684 ], [ 13.81867, 53.04696 ] ], [ [ 13.81795, 53.0471 ], [ 13.81808, 53.04721 ], [ 13.8181, 53.04744 ], [ 13.81791, 53.04752 ], [ 13.81778, 53.04751 ], [ 13.81745, 53.04736 ], [ 13.81735, 53.04712 ], [ 13.81742, 53.04705 ], [ 13.81758, 53.04703 ], [ 13.81795, 53.0471 ] ] ] } },
{ "type": "Feature", "properties": { "boden": "50 % mittel, mäßig frisch (M2) · 50 % mittel, mäßig frisch (M2)" }, "geometry": { "type": "Polygon", "coordinates": [ [ [ 13.82152, 53.04772 ], [ 13.82159, 53.04754 ], [ 13.8215, 53.04746 ], [ 13.82137, 53.04742 ], [ 13.82119, 53.04745 ], [ 13.8211, 53.04751 ], [ 13.82108, 53.04761 ], [ 13.82121, 53.04772 ], [ 13.82152, 53.04772 ] ] ] } },
{ "type": "Feature", "properties": { "boden": "50 % mittel, mäßig frisch (M2) · 50 % mittel, mäßig frisch (M2)" }, "geometry": { "type": "Polygon", "coordinates": [ [ [ 13.82202, 53.04783 ], [ 13.82225, 53.04775 ], [ 13.82227, 53.04764 ], [ 13.82205, 53.04752 ], [ 13.82187, 53.04755 ], [ 13.82177, 53.04761 ], [ 13.82177, 53.04773 ], [ 13.82202, 53.04783 ] ] ] } },
{ "type": "Feature", "properties": { "boden": "50 % mittel, mäßig frisch (M2) · 50 % mittel, mäßig frisch (M2)" }, "geometry": { "type": "Polygon", "coordinates": [ [ [ 13.82105, 53.04787 ], [ 13.8211, 53.04784 ], [ 13.82096, 53.0478 ], [ 13.82078, 53.04783 ], [ 13.82069, 53.04789 ], [ 13.82072, 53.04806 ], [ 13.82092, 53.04811 ], [ 13.82106, 53.04809 ], [ 13.82117, 53.04796 ], [ 13.82105, 53.04787 ] ] ] } },
{ "type": "Feature", "properties": { "boden": "100 % arm, nass (OA3)" }, "geometry": { "type": "Polygon", "coordinates": [ [ [ 13.82307, 53.04861 ], [ 13.82311, 53.04849 ], [ 13.82298, 53.04834 ], [ 13.82246, 53.04802 ], [ 13.82173, 53.04771 ], [ 13.82134, 53.04772 ], [ 13.82105, 53.04787 ], [ 13.8213, 53.04806 ], [ 13.82189, 53.0483 ], [ 13.82231, 53.04858 ], [ 13.82255, 53.04868 ], [ 13.82284, 53.04868 ], [ 13.82307, 53.04861 ] ] ] } },
{ "type": "Feature", "properties": { "boden": "100 % mittel, frisch (M1)" }, "geometry": { "type": "MultiPolygon", "coordinates": [ [ [ [ 13.80832, 52.98503 ], [ 13.80871, 52.98516 ], [ 13.80921, 52.98444 ], [ 13.80935, 52.98436 ], [ 13.80854, 52.9842 ], [ 13.80835, 52.98391 ], [ 13.80832, 52.98503 ] ] ], [ [ [ 13.8085, 52.98344 ], [ 13.80916, 52.98307 ], [ 13.80956, 52.98274 ], [ 13.80982, 52.98221 ], [ 13.81066, 52.97996 ], [ 13.80974, 52.97991 ], [ 13.80933, 52.98001 ], [ 13.80922, 52.98061 ], [ 13.80949, 52.98064 ], [ 13.80914, 52.98141 ], [ 13.80898, 52.98214 ], [ 13.8087, 52.9822 ], [ 13.80849, 52.98276 ], [ 13.80839, 52.98275 ], [ 13.80836, 52.98361 ], [ 13.8085, 52.98344 ] ] ] ] } },
{ "type": "Feature", "properties": { "boden": "100 % mittel, frisch (M+1w)" }, "geometry": { "type": "Polygon", "coordinates": [ [ [ 13.8083, 52.98569 ], [ 13.80871, 52.98516 ], [ 13.80832, 52.98503 ], [ 13.8083, 52.98569 ] ] ] } },
{ "type": "Feature", "properties": { "boden": "100 % ziemlich arm, mäßig frisch (Z2)" }, "geometry": { "type": "Polygon", "coordinates": [ [ [ 13.80791, 53.00032 ], [ 13.80806, 53.00018 ], [ 13.80839, 53.00015 ], [ 13.80908, 53.00018 ], [ 13.80956, 53.0003 ], [ 13.81005, 53.00035 ], [ 13.81025, 53.00045 ], [ 13.81032, 53.0006 ], [ 13.81069, 53.00077 ], [ 13.81097, 53.00101 ], [ 13.81102, 53.00113 ], [ 13.81098, 53.00153 ], [ 13.81079, 53.00164 ], [ 13.81055, 53.00172 ], [ 13.80962, 53.0018 ], [ 13.80844, 53.0021 ], [ 13.80898, 53.0025 ], [ 13.80904, 53.00275 ], [ 13.80887, 53.00347 ], [ 13.80989, 53.00325 ], [ 13.81131, 53.00305 ], [ 13.81172, 53.00293 ], [ 13.81233, 53.00264 ], [ 13.81305, 53.00212 ], [ 13.81336, 53.0016 ], [ 13.81339, 53.00107 ], [ 13.81345, 53.00102 ], [ 13.81319, 53.00093 ], [ 13.813, 53.00065 ], [ 13.812, 53.00006 ], [ 13.81163, 52.99992 ], [ 13.80932, 52.99963 ], [ 13.80792, 52.99969 ], [ 13.8087, 52.99985 ], [ 13.80926, 52.9998 ], [ 13.80971, 52.99982 ], [ 13.81039, 52.99993 ], [ 13.81068, 53.00002 ], [ 13.8113, 53.00004 ], [ 13.81159, 53.0001 ], [ 13.81204, 53.00032 ], [ 13.81227, 53.00053 ], [ 13.81229, 53.00067 ], [ 13.81222, 53.00071 ], [ 13.81188, 53.00068 ], [ 13.81074, 53.0003 ], [ 13.80932, 53.00011 ], [ 13.80872, 52.99995 ], [ 13.80841, 52.99996 ], [ 13.80791, 53.00006 ], [ 13.80791, 53.00032 ] ], [ [ 13.81215, 53.00152 ], [ 13.81212, 53.00137 ], [ 13.81224, 53.00126 ], [ 13.81225, 53.00115 ], [ 13.81256, 53.0011 ], [ 13.81292, 53.00116 ], [ 13.81306, 53.00153 ], [ 13.81306, 53.00183 ], [ 13.81286, 53.00211 ], [ 13.81238, 53.00243 ], [ 13.81175, 53.00273 ], [ 13.81115, 53.00295 ], [ 13.80997, 53.00314 ], [ 13.8096, 53.00312 ], [ 13.80951, 53.00308 ], [ 13.80956, 53.00299 ], [ 13.80987, 53.00288 ], [ 13.81132, 53.00265 ], [ 13.81184, 53.00253 ], [ 13.81208, 53.00232 ], [ 13.81225, 53.00199 ], [ 13.81229, 53.00156 ], [ 13.81215, 53.00152 ] ] ] } },
{ "type": "Feature", "properties": { "boden": "50 % reich, nass (NR2) · 50 % reich, nass (NR2)" }, "geometry": { "type": "Polygon", "coordinates": [ [ [ 13.80752, 53.01413 ], [ 13.80768, 53.014 ], [ 13.80827, 53.01366 ], [ 13.80873, 53.01283 ], [ 13.80902, 53.0115 ], [ 13.80885, 53.01106 ], [ 13.8083, 53.01076 ], [ 13.80811, 53.01047 ], [ 13.80762, 53.01038 ], [ 13.80762, 53.01065 ], [ 13.80773, 53.01055 ], [ 13.808, 53.01055 ], [ 13.80815, 53.01068 ], [ 13.80809, 53.01081 ], [ 13.80786, 53.01087 ], [ 13.80764, 53.01081 ], [ 13.80762, 53.0107 ], [ 13.80761, 53.01096 ], [ 13.80771, 53.01106 ], [ 13.8078, 53.01131 ], [ 13.8078, 53.01155 ], [ 13.80758, 53.01183 ], [ 13.80752, 53.01413 ] ] ] } },
{ "type": "Feature", "properties": { "boden": "50 % kräftig, nass (OK2) · 50 % kräftig, nass (OK3)" }, "geometry": { "type": "Polygon", "coordinates": [ [ [ 13.80758, 53.01183 ], [ 13.8078, 53.01155 ], [ 13.8078, 53.01131 ], [ 13.80771, 53.01106 ], [ 13.80761, 53.01096 ], [ 13.80758, 53.01183 ] ] ] } },
{ "type": "Feature", "properties": { "boden": "100 % kräftig, mäßig frisch (K2)" }, "geometry": { "type": "MultiPolygon", "coordinates": [ [ [ [ 13.80874, 53.01633 ], [ 13.80746, 53.0162 ], [ 13.80745, 53.01686 ], [ 13.80879, 53.01699 ], [ 13.80879, 53.01716 ], [ 13.80887, 53.01722 ], [ 13.80874, 53.01737 ], [ 13.80893, 53.01728 ], [ 13.80915, 53.01728 ], [ 13.8093, 53.0174 ], [ 13.80924, 53.01754 ], [ 13.80901, 53.0176 ], [ 13.80875, 53.01751 ], [ 13.80894, 53.01765 ], [ 13.80891, 53.0178 ], [ 13.80907, 53.01798 ], [ 13.80904, 53.01809 ], [ 13.8092, 53.01808 ], [ 13.80935, 53.0182 ], [ 13.80929, 53.01833 ], [ 13.80906, 53.0184 ], [ 13.80884, 53.01834 ], [ 13.80882, 53.01826 ], [ 13.80855, 53.01848 ], [ 13.80956, 53.01888 ], [ 13.80964, 53.01859 ], [ 13.80958, 53.01785 ], [ 13.80944, 53.01762 ], [ 13.80921, 53.01664 ], [ 13.80905, 53.01645 ], [ 13.80874, 53.01633 ] ] ], [ [ [ 13.80754, 53.01454 ], [ 13.80751, 53.01453 ], [ 13.80751, 53.01456 ], [ 13.80754, 53.01454 ] ] ] ] } },
{ "type": "Feature", "properties": { "boden": "100 % kräftig, mäßig frisch (K2)" }, "geometry": { "type": "Polygon", "coordinates": [ [ [ 13.81143, 53.01759 ], [ 13.81165, 53.01757 ], [ 13.81282, 53.01775 ], [ 13.81313, 53.01772 ], [ 13.81336, 53.0176 ], [ 13.81351, 53.01741 ], [ 13.81334, 53.01719 ], [ 13.81238, 53.01692 ], [ 13.81216, 53.01672 ], [ 13.81212, 53.01652 ], [ 13.81222, 53.01632 ], [ 13.81294, 53.01556 ], [ 13.81309, 53.01503 ], [ 13.81307, 53.0141 ], [ 13.81298, 53.01394 ], [ 13.81254, 53.01365 ], [ 13.81224, 53.0136 ], [ 13.81168, 53.01369 ], [ 13.81102, 53.0139 ], [ 13.81058, 53.01439 ], [ 13.81015, 53.01499 ], [ 13.80986, 53.01554 ], [ 13.8095, 53.01586 ], [ 13.80941, 53.01588 ], [ 13.80928, 53.01584 ], [ 13.8092, 53.01557 ], [ 13.80876, 53.01569 ], [ 13.80854, 53.01588 ], [ 13.80852, 53.01601 ], [ 13.80874, 53.01633 ], [ 13.80905, 53.01645 ], [ 13.80921, 53.01664 ], [ 13.80944, 53.01762 ], [ 13.80958, 53.01785 ], [ 13.80964, 53.01859 ], [ 13.80956, 53.01888 ], [ 13.80995, 53.019 ], [ 13.81036, 53.01892 ], [ 13.81079, 53.01894 ], [ 13.81048, 53.01884 ], [ 13.81068, 53.01877 ], [ 13.81094, 53.01875 ], [ 13.81133, 53.01897 ], [ 13.8115, 53.01914 ], [ 13.81166, 53.01903 ], [ 13.81165, 53.01886 ], [ 13.81196, 53.01855 ], [ 13.81198, 53.01843 ], [ 13.81189, 53.01826 ], [ 13.8113, 53.01781 ], [ 13.8113, 53.01768 ], [ 13.81143, 53.01759 ] ], [ [ 13.81207, 53.01593 ], [ 13.81184, 53.016 ], [ 13.81163, 53.01593 ], [ 13.81159, 53.01579 ], [ 13.81171, 53.01568 ], [ 13.81199, 53.01568 ], [ 13.81213, 53.0158 ], [ 13.81207, 53.01593 ] ], [ [ 13.81051, 53.01587 ], [ 13.81028, 53.01594 ], [ 13.81006, 53.01588 ], [ 13.81003, 53.01573 ], [ 13.81015, 53.01562 ], [ 13.81042, 53.01562 ], [ 13.81057, 53.01574 ], [ 13.81051, 53.01587 ] ], [ [ 13.81184, 53.01517 ], [ 13.81195, 53.01535 ], [ 13.81191, 53.01544 ], [ 13.81168, 53.01552 ], [ 13.81132, 53.01529 ], [ 13.81126, 53.01513 ], [ 13.81148, 53.01509 ], [ 13.81184, 53.01517 ] ] ] } },
{ "type": "Feature", "properties": { "boden": "70 % kräftig, mäßig frisch (K2) · 30 % reich, mäßig frisch (R2)" }, "geometry": { "type": "Polygon", "coordinates": [ [ [ 13.81356, 53.01647 ], [ 13.8136, 53.01661 ], [ 13.81367, 53.01664 ], [ 13.81395, 53.0165 ], [ 13.81375, 53.01639 ], [ 13.81366, 53.01638 ], [ 13.81356, 53.01647 ] ] ] } },
{ "type": "Feature", "properties": { "boden": "70 % kräftig, mäßig frisch (K2) · 30 % reich, mäßig frisch (R2)" }, "geometry": { "type": "Polygon", "coordinates": [ [ [ 13.81375, 53.01639 ], [ 13.81395, 53.0165 ], [ 13.81367, 53.01664 ], [ 13.81382, 53.01668 ], [ 13.81402, 53.01661 ], [ 13.81411, 53.01648 ], [ 13.81396, 53.01636 ], [ 13.81366, 53.01638 ], [ 13.81375, 53.01639 ] ] ] } },
{ "type": "Feature", "properties": { "boden": "50 % kräftig, nass (OK2) · 50 % kräftig, nass (OK3)" }, "geometry": { "type": "Polygon", "coordinates": [ [ [ 13.80855, 53.01848 ], [ 13.80904, 53.01809 ], [ 13.80907, 53.01798 ], [ 13.80891, 53.0178 ], [ 13.80894, 53.01765 ], [ 13.80875, 53.01751 ], [ 13.80874, 53.01737 ], [ 13.80887, 53.01722 ], [ 13.80879, 53.01716 ], [ 13.80879, 53.01699 ], [ 13.80745, 53.01686 ], [ 13.8074, 53.0186 ], [ 13.8077, 53.01878 ], [ 13.808, 53.01883 ], [ 13.80887, 53.01862 ], [ 13.80855, 53.01848 ] ] ] } },
{ "type": "Feature", "properties": { "boden": "100 % mittel, mäßig frisch (M2g)" }, "geometry": { "type": "Polygon", "coordinates": [ [ [ 13.81428, 53.01739 ], [ 13.81415, 53.01725 ], [ 13.81387, 53.01727 ], [ 13.8137, 53.01736 ], [ 13.81374, 53.01751 ], [ 13.81396, 53.01757 ], [ 13.81419, 53.01751 ], [ 13.81428, 53.01739 ] ] ] } },
{ "type": "Feature", "properties": { "boden": "100 % kräftig, mäßig frisch (K2)" }, "geometry": { "type": "Polygon", "coordinates": [ [ [ 13.80875, 53.01751 ], [ 13.80901, 53.0176 ], [ 13.80924, 53.01754 ], [ 13.8093, 53.0174 ], [ 13.80915, 53.01728 ], [ 13.80893, 53.01728 ], [ 13.80874, 53.01737 ], [ 13.80875, 53.01751 ] ] ] } },
{ "type": "Feature", "properties": { "boden": "100 % mittel, mäßig frisch (M2g)" }, "geometry": { "type": "Polygon", "coordinates": [ [ [ 13.81165, 53.01757 ], [ 13.81143, 53.01759 ], [ 13.81135, 53.01764 ], [ 13.81138, 53.01774 ], [ 13.81161, 53.01781 ], [ 13.81184, 53.01775 ], [ 13.81187, 53.01761 ], [ 13.81165, 53.01757 ] ] ] } },
{ "type": "Feature", "properties": { "boden": "100 % kräftig, mäßig frisch (K2)" }, "geometry": { "type": "Polygon", "coordinates": [ [ [ 13.80882, 53.01826 ], [ 13.80884, 53.01834 ], [ 13.80906, 53.0184 ], [ 13.80929, 53.01833 ], [ 13.80935, 53.0182 ], [ 13.8092, 53.01808 ], [ 13.80904, 53.01809 ], [ 13.80882, 53.01826 ] ] ] } },
{ "type": "Feature", "properties": { "boden": "100 % mittel, mäßig frisch (M2g)" }, "geometry": { "type": "Polygon", "coordinates": [ [ [ 13.81283, 53.01966 ], [ 13.81325, 53.01944 ], [ 13.81338, 53.0193 ], [ 13.81345, 53.01887 ], [ 13.81371, 53.01864 ], [ 13.81381, 53.01841 ], [ 13.81382, 53.01797 ], [ 13.81425, 53.01767 ], [ 13.81458, 53.01751 ], [ 13.81428, 53.01739 ], [ 13.81419, 53.01751 ], [ 13.81396, 53.01757 ], [ 13.81374, 53.01751 ], [ 13.8137, 53.01736 ], [ 13.81387, 53.01727 ], [ 13.81415, 53.01725 ], [ 13.81408, 53.01715 ], [ 13.81383, 53.01721 ], [ 13.81334, 53.01719 ], [ 13.81351, 53.01741 ], [ 13.81336, 53.0176 ], [ 13.81313, 53.01772 ], [ 13.81282, 53.01775 ], [ 13.81185, 53.0176 ], [ 13.81184, 53.01775 ], [ 13.81161, 53.01781 ], [ 13.81138, 53.01774 ], [ 13.81135, 53.01764 ], [ 13.8113, 53.01768 ], [ 13.8113, 53.01781 ], [ 13.81189, 53.01826 ], [ 13.81198, 53.01843 ], [ 13.81196, 53.01855 ], [ 13.81165, 53.01886 ], [ 13.81166, 53.01903 ], [ 13.81139, 53.01922 ], [ 13.81163, 53.01948 ], [ 13.8117, 53.01981 ], [ 13.81207, 53.01996 ], [ 13.81238, 53.01999 ], [ 13.81283, 53.01966 ] ], [ [ 13.81275, 53.01905 ], [ 13.81252, 53.01912 ], [ 13.8123, 53.01906 ], [ 13.81227, 53.01891 ], [ 13.81239, 53.0188 ], [ 13.81266, 53.0188 ], [ 13.81281, 53.01892 ], [ 13.81275, 53.01905 ] ] ] } },
{ "type": "Feature", "properties": { "boden": "100 % mittel, mäßig frisch (M2g)" }, "geometry": { "type": "Polygon", "coordinates": [ [ [ 13.81266, 53.0188 ], [ 13.81239, 53.0188 ], [ 13.81227, 53.01891 ], [ 13.8123, 53.01906 ], [ 13.81252, 53.01912 ], [ 13.81275, 53.01905 ], [ 13.81281, 53.01892 ], [ 13.81266, 53.0188 ] ] ] } },
{ "type": "Feature", "properties": { "boden": "100 % kräftig, mäßig frisch (K2)" }, "geometry": { "type": "Polygon", "coordinates": [ [ [ 13.81133, 53.01897 ], [ 13.81094, 53.01875 ], [ 13.81068, 53.01877 ], [ 13.81048, 53.01884 ], [ 13.81079, 53.01894 ], [ 13.81096, 53.01895 ], [ 13.81139, 53.01922 ], [ 13.8115, 53.01914 ], [ 13.81133, 53.01897 ] ] ] } },
{ "type": "Feature", "properties": { "boden": "100 % kräftig, mäßig frisch (K2g)" }, "geometry": { "type": "Polygon", "coordinates": [ [ [ 13.80937, 53.01894 ], [ 13.80909, 53.01894 ], [ 13.80897, 53.01905 ], [ 13.80901, 53.0192 ], [ 13.80922, 53.01926 ], [ 13.80945, 53.01919 ], [ 13.80951, 53.01906 ], [ 13.80937, 53.01894 ] ] ] } },
{ "type": "Feature", "properties": { "boden": "100 % kräftig, mäßig frisch (K2g)" }, "geometry": { "type": "Polygon", "coordinates": [ [ [ 13.81096, 53.01895 ], [ 13.81078, 53.0191 ], [ 13.81082, 53.01924 ], [ 13.81103, 53.01931 ], [ 13.81133, 53.01919 ], [ 13.81096, 53.01895 ] ] ] } },
{ "type": "Feature", "properties": { "boden": "100 % kräftig, mäßig frisch (K2)" }, "geometry": { "type": "Polygon", "coordinates": [ [ [ 13.81404, 53.01911 ], [ 13.81376, 53.01911 ], [ 13.81364, 53.01922 ], [ 13.81368, 53.01937 ], [ 13.81389, 53.01944 ], [ 13.81412, 53.01937 ], [ 13.81418, 53.01924 ], [ 13.81404, 53.01911 ] ] ] } },
{ "type": "Feature", "properties": { "boden": "70 % kräftig, mäßig frisch (K2g) · 30 % reich, mäßig frisch (R2g)" }, "geometry": { "type": "Polygon", "coordinates": [ [ [ 13.80915, 53.01945 ], [ 13.80845, 53.01926 ], [ 13.80738, 53.01917 ], [ 13.80737, 53.01966 ], [ 13.80821, 53.01979 ], [ 13.80913, 53.01981 ], [ 13.80936, 53.01978 ], [ 13.80942, 53.01971 ], [ 13.80933, 53.01961 ], [ 13.80915, 53.01945 ] ] ] } },
{ "type": "Feature", "properties": { "boden": "100 % kräftig, mäßig frisch (K2g)" }, "geometry": { "type": "Polygon", "coordinates": [ [ [ 13.81103, 53.01939 ], [ 13.81075, 53.01939 ], [ 13.81063, 53.0195 ], [ 13.81067, 53.01965 ], [ 13.81088, 53.01971 ], [ 13.81111, 53.01964 ], [ 13.81117, 53.01951 ], [ 13.81103, 53.01939 ] ] ] } },
{ "type": "Feature", "properties": { "boden": "100 % kräftig, mäßig frisch (K2g)" }, "geometry": { "type": "Polygon", "coordinates": [ [ [ 13.81347, 53.02127 ], [ 13.81358, 53.02128 ], [ 13.8139, 53.02082 ], [ 13.81372, 53.02055 ], [ 13.81285, 53.02062 ], [ 13.81261, 53.02017 ], [ 13.81257, 53.01986 ], [ 13.81238, 53.01999 ], [ 13.81207, 53.01996 ], [ 13.8117, 53.01981 ], [ 13.81163, 53.01948 ], [ 13.81139, 53.01922 ], [ 13.81133, 53.01919 ], [ 13.81103, 53.01931 ], [ 13.81082, 53.01924 ], [ 13.81078, 53.0191 ], [ 13.81096, 53.01895 ], [ 13.81036, 53.01892 ], [ 13.80995, 53.019 ], [ 13.80887, 53.01862 ], [ 13.808, 53.01883 ], [ 13.8077, 53.01878 ], [ 13.8074, 53.0186 ], [ 13.80738, 53.01917 ], [ 13.80845, 53.01926 ], [ 13.8089, 53.01936 ], [ 13.81061, 53.01989 ], [ 13.81099, 53.02015 ], [ 13.81108, 53.02029 ], [ 13.81108, 53.02043 ], [ 13.8109, 53.02063 ], [ 13.81051, 53.0208 ], [ 13.81019, 53.02085 ], [ 13.80972, 53.02084 ], [ 13.80853, 53.02069 ], [ 13.80805, 53.0207 ], [ 13.80773, 53.02079 ], [ 13.80757, 53.02095 ], [ 13.80752, 53.02111 ], [ 13.80759, 53.0213 ], [ 13.80782, 53.02165 ], [ 13.8083, 53.02191 ], [ 13.80859, 53.02216 ], [ 13.80894, 53.02225 ], [ 13.80948, 53.0219 ], [ 13.80971, 53.02166 ], [ 13.80997, 53.02156 ], [ 13.81045, 53.02159 ], [ 13.81082, 53.02166 ], [ 13.81144, 53.02154 ], [ 13.81247, 53.02149 ], [ 13.81277, 53.02151 ], [ 13.81321, 53.02172 ], [ 13.81347, 53.02127 ] ], [ [ 13.80882, 53.02152 ], [ 13.80882, 53.02174 ], [ 13.80866, 53.02181 ], [ 13.80836, 53.02177 ], [ 13.80811, 53.02156 ], [ 13.80817, 53.02147 ], [ 13.80828, 53.02145 ], [ 13.80858, 53.02144 ], [ 13.80875, 53.02146 ], [ 13.80882, 53.02152 ] ], [ [ 13.80908, 53.0211 ], [ 13.80885, 53.02117 ], [ 13.80864, 53.02111 ], [ 13.8086, 53.02096 ], [ 13.80872, 53.02085 ], [ 13.809, 53.02085 ], [ 13.80914, 53.02097 ], [ 13.80908, 53.0211 ] ], [ [ 13.81344, 53.02098 ], [ 13.81321, 53.02105 ], [ 13.813, 53.02099 ], [ 13.81296, 53.02084 ], [ 13.81308, 53.02073 ], [ 13.81336, 53.02073 ], [ 13.8135, 53.02085 ], [ 13.81344, 53.02098 ] ], [ [ 13.8126, 53.0205 ], [ 13.81237, 53.02057 ], [ 13.81215, 53.02051 ], [ 13.81211, 53.02036 ], [ 13.81224, 53.02025 ], [ 13.81251, 53.02025 ], [ 13.8126, 53.0205 ] ], [ [ 13.81111, 53.01964 ], [ 13.81088, 53.01971 ], [ 13.81067, 53.01965 ], [ 13.81063, 53.0195 ], [ 13.81075, 53.01939 ], [ 13.81103, 53.01939 ], [ 13.81117, 53.01951 ], [ 13.81111, 53.01964 ] ], [ [ 13.80945, 53.01919 ], [ 13.80922, 53.01926 ], [ 13.80901, 53.0192 ], [ 13.80897, 53.01905 ], [ 13.80909, 53.01894 ], [ 13.80937, 53.01894 ], [ 13.80951, 53.01906 ], [ 13.80945, 53.01919 ] ] ] } },
{ "type": "Feature", "properties": { "boden": "70 % kräftig, mäßig frisch (K2g) · 30 % reich, mäßig frisch (R2g)" }, "geometry": { "type": "MultiPolygon", "coordinates": [ [ [ [ 13.80698, 53.03372 ], [ 13.80757, 53.03338 ], [ 13.80706, 53.03277 ], [ 13.80701, 53.03278 ], [ 13.80698, 53.03372 ] ] ], [ [ [ 13.80732, 53.02149 ], [ 13.80782, 53.02165 ], [ 13.80752, 53.02111 ], [ 13.80757, 53.02095 ], [ 13.80773, 53.02079 ], [ 13.80805, 53.0207 ], [ 13.80853, 53.02069 ], [ 13.80972, 53.02084 ], [ 13.81019, 53.02085 ], [ 13.81051, 53.0208 ], [ 13.8109, 53.02063 ], [ 13.81108, 53.02043 ], [ 13.81108, 53.02029 ], [ 13.81099, 53.02015 ], [ 13.81061, 53.01989 ], [ 13.80908, 53.01942 ], [ 13.80942, 53.01971 ], [ 13.80936, 53.01978 ], [ 13.80913, 53.01981 ], [ 13.80821, 53.01979 ], [ 13.80737, 53.01966 ], [ 13.80732, 53.02149 ] ] ] ] } },
{ "type": "Feature", "properties": { "boden": "80 % kräftig, mäßig frisch (K2) · 20 % mittel, mäßig frisch (M2)" }, "geometry": { "type": "Polygon", "coordinates": [ [ [ 13.80664, 53.0468 ], [ 13.80688, 53.04671 ], [ 13.8069, 53.0466 ], [ 13.80669, 53.04649 ], [ 13.80663, 53.04649 ], [ 13.80664, 53.0468 ] ] ] } },
{ "type": "Feature", "properties": { "boden": "100 % kräftig, nass (OK3)" }, "geometry": { "type": "Polygon", "coordinates": [ [ [ 13.8067, 53.0473 ], [ 13.80661, 53.04723 ], [ 13.8066, 53.04738 ], [ 13.8067, 53.0473 ] ] ] } },
{ "type": "Feature", "properties": { "boden": "80 % kräftig, mäßig frisch (K2) · 20 % mittel, mäßig frisch (M2)" }, "geometry": { "type": "Polygon", "coordinates": [ [ [ 13.8067, 53.0473 ], [ 13.80692, 53.04734 ], [ 13.80707, 53.04732 ], [ 13.80716, 53.04725 ], [ 13.80718, 53.04715 ], [ 13.8071, 53.04706 ], [ 13.80697, 53.04703 ], [ 13.80678, 53.04705 ], [ 13.80661, 53.04723 ], [ 13.8067, 53.0473 ] ] ] } },
{ "type": "Feature", "properties": { "boden": "100 % kräftig, mäßig frisch (K2)" }, "geometry": { "type": "Polygon", "coordinates": [ [ [ 13.84236, 53.04245 ], [ 13.84226, 53.04235 ], [ 13.84228, 53.04225 ], [ 13.8424, 53.04218 ], [ 13.84257, 53.04217 ], [ 13.8427, 53.04223 ], [ 13.84278, 53.04232 ], [ 13.84274, 53.04242 ], [ 13.8432, 53.04238 ], [ 13.84353, 53.0422 ], [ 13.84361, 53.04208 ], [ 13.84345, 53.04205 ], [ 13.84335, 53.04196 ], [ 13.84337, 53.04186 ], [ 13.84349, 53.04179 ], [ 13.84365, 53.04177 ], [ 13.84381, 53.04183 ], [ 13.84387, 53.04193 ], [ 13.8438, 53.042 ], [ 13.84407, 53.04198 ], [ 13.84419, 53.04193 ], [ 13.84397, 53.04188 ], [ 13.84387, 53.04179 ], [ 13.84389, 53.04169 ], [ 13.84401, 53.04162 ], [ 13.84417, 53.0416 ], [ 13.84433, 53.04166 ], [ 13.84439, 53.04184 ], [ 13.84466, 53.04172 ], [ 13.84451, 53.04167 ], [ 13.84442, 53.04158 ], [ 13.84444, 53.04148 ], [ 13.84455, 53.04141 ], [ 13.84472, 53.04139 ], [ 13.84488, 53.04145 ], [ 13.84496, 53.04158 ], [ 13.84522, 53.04146 ], [ 13.84581, 53.04144 ], [ 13.84588, 53.04134 ], [ 13.84583, 53.04124 ], [ 13.84593, 53.04121 ], [ 13.8458, 53.04107 ], [ 13.84556, 53.04112 ], [ 13.84568, 53.04124 ], [ 13.84561, 53.04135 ], [ 13.84542, 53.0414 ], [ 13.84526, 53.04137 ], [ 13.84518, 53.04121 ], [ 13.84214, 53.04193 ], [ 13.84207, 53.0425 ], [ 13.84246, 53.04255 ], [ 13.84259, 53.04251 ], [ 13.84236, 53.04245 ] ], [ [ 13.8433, 53.04217 ], [ 13.84324, 53.04227 ], [ 13.84304, 53.04233 ], [ 13.84288, 53.04229 ], [ 13.84279, 53.0422 ], [ 13.84281, 53.0421 ], [ 13.84292, 53.04203 ], [ 13.84309, 53.04201 ], [ 13.84324, 53.04207 ], [ 13.8433, 53.04217 ] ] ] } },
{ "type": "Feature", "properties": { "boden": "100 % kräftig, mäßig frisch (K2)" }, "geometry": { "type": "Polygon", "coordinates": [ [ [ 13.84387, 53.04193 ], [ 13.84381, 53.04183 ], [ 13.84365, 53.04177 ], [ 13.84349, 53.04179 ], [ 13.84337, 53.04186 ], [ 13.84335, 53.04196 ], [ 13.84345, 53.04205 ], [ 13.84361, 53.04208 ], [ 13.84387, 53.04193 ] ] ] } },
{ "type": "Feature", "properties": { "boden": "100 % kräftig, mäßig frisch (K2)" }, "geometry": { "type": "Polygon", "coordinates": [ [ [ 13.84309, 53.04201 ], [ 13.84292, 53.04203 ], [ 13.84281, 53.0421 ], [ 13.84279, 53.0422 ], [ 13.84288, 53.04229 ], [ 13.84304, 53.04233 ], [ 13.84324, 53.04227 ], [ 13.8433, 53.04217 ], [ 13.84324, 53.04207 ], [ 13.84309, 53.04201 ] ] ] } },
{ "type": "Feature", "properties": { "boden": "100 % kräftig, mäßig frisch (K2)" }, "geometry": { "type": "Polygon", "coordinates": [ [ [ 13.84214, 53.04193 ], [ 13.84116, 53.04216 ], [ 13.84134, 53.04232 ], [ 13.84123, 53.04247 ], [ 13.84156, 53.04251 ], [ 13.84154, 53.04233 ], [ 13.84166, 53.04226 ], [ 13.84182, 53.04224 ], [ 13.84198, 53.0423 ], [ 13.84208, 53.0424 ], [ 13.84214, 53.04193 ] ] ] } },
{ "type": "Feature", "properties": { "boden": "100 % kräftig, mäßig frisch (K2)" }, "geometry": { "type": "Polygon", "coordinates": [ [ [ 13.84278, 53.04232 ], [ 13.84257, 53.04217 ], [ 13.8424, 53.04218 ], [ 13.84228, 53.04225 ], [ 13.84226, 53.04235 ], [ 13.84236, 53.04245 ], [ 13.84259, 53.04251 ], [ 13.84278, 53.04232 ] ] ] } },
{ "type": "Feature", "properties": { "boden": "100 % kräftig, mäßig frisch (K2)" }, "geometry": { "type": "Polygon", "coordinates": [ [ [ 13.84115, 53.04245 ], [ 13.84123, 53.04247 ], [ 13.84134, 53.04232 ], [ 13.84116, 53.04216 ], [ 13.84043, 53.04233 ], [ 13.84042, 53.04243 ], [ 13.84051, 53.04254 ], [ 13.84067, 53.04258 ], [ 13.84087, 53.04252 ], [ 13.84092, 53.04245 ], [ 13.84111, 53.04249 ], [ 13.84115, 53.04245 ] ] ] } },
{ "type": "Feature", "properties": { "boden": "100 % kräftig, mäßig frisch (K2)" }, "geometry": { "type": "Polygon", "coordinates": [ [ [ 13.84208, 53.0424 ], [ 13.84198, 53.0423 ], [ 13.84182, 53.04224 ], [ 13.84166, 53.04226 ], [ 13.84154, 53.04233 ], [ 13.84152, 53.04243 ], [ 13.84156, 53.04251 ], [ 13.84206, 53.04255 ], [ 13.84208, 53.0424 ] ] ] } },
{ "type": "Feature", "properties": { "boden": "100 % kräftig, nass (OK2)" }, "geometry": { "type": "Polygon", "coordinates": [ [ [ 13.84206, 53.04255 ], [ 13.84115, 53.04245 ], [ 13.84107, 53.04253 ], [ 13.84117, 53.04266 ], [ 13.84206, 53.04283 ], [ 13.84219, 53.04273 ], [ 13.8422, 53.0426 ], [ 13.84206, 53.04255 ] ] ] } },
{ "type": "Feature", "properties": { "boden": "100 % kräftig, mäßig frisch (K2)" }, "geometry": { "type": "Polygon", "coordinates": [ [ [ 13.84247, 53.04279 ], [ 13.84246, 53.04258 ], [ 13.84259, 53.04251 ], [ 13.84246, 53.04255 ], [ 13.84207, 53.0425 ], [ 13.84206, 53.04255 ], [ 13.8422, 53.0426 ], [ 13.84219, 53.04273 ], [ 13.84206, 53.04283 ], [ 13.84209, 53.04292 ], [ 13.84235, 53.04286 ], [ 13.84247, 53.04279 ] ] ] } },
{ "type": "Feature", "properties": { "boden": "100 % kräftig, mäßig frisch (K2)" }, "geometry": { "type": "Polygon", "coordinates": [ [ [ 13.84214, 53.04306 ], [ 13.84206, 53.04283 ], [ 13.84117, 53.04266 ], [ 13.8409, 53.04266 ], [ 13.84079, 53.04274 ], [ 13.84077, 53.04284 ], [ 13.84086, 53.04293 ], [ 13.84102, 53.04296 ], [ 13.84121, 53.04291 ], [ 13.84127, 53.04297 ], [ 13.84143, 53.04301 ], [ 13.84163, 53.04296 ], [ 13.84178, 53.04307 ], [ 13.84193, 53.04311 ], [ 13.84214, 53.04306 ] ] ] } },
{ "type": "Feature", "properties": { "boden": "100 % mittel, mäßig frisch (M2)" }, "geometry": { "type": "Polygon", "coordinates": [ [ [ 13.85538, 53.04334 ], [ 13.85541, 53.04305 ], [ 13.85525, 53.0431 ], [ 13.85505, 53.04302 ], [ 13.85492, 53.04336 ], [ 13.85512, 53.04328 ], [ 13.85538, 53.04334 ] ] ] } },
{ "type": "Feature", "properties": { "boden": "100 % mittel, mäßig frisch (M2)" }, "geometry": { "type": "Polygon", "coordinates": [ [ [ 13.85911, 53.04401 ], [ 13.85929, 53.04407 ], [ 13.85988, 53.04403 ], [ 13.86011, 53.04366 ], [ 13.85989, 53.0437 ], [ 13.85973, 53.04367 ], [ 13.85964, 53.04357 ], [ 13.85966, 53.04347 ], [ 13.85977, 53.0434 ], [ 13.85994, 53.04339 ], [ 13.8601, 53.04344 ], [ 13.86016, 53.04353 ], [ 13.86026, 53.04332 ], [ 13.86029, 53.04279 ], [ 13.85968, 53.04248 ], [ 13.85911, 53.04232 ], [ 13.85885, 53.04232 ], [ 13.85879, 53.04233 ], [ 13.85874, 53.04249 ], [ 13.85854, 53.04254 ], [ 13.85839, 53.04251 ], [ 13.85832, 53.04244 ], [ 13.85784, 53.0424 ], [ 13.85784, 53.04227 ], [ 13.85777, 53.04223 ], [ 13.85739, 53.0423 ], [ 13.85563, 53.04235 ], [ 13.85573, 53.04242 ], [ 13.85573, 53.04254 ], [ 13.85544, 53.04283 ], [ 13.85552, 53.04294 ], [ 13.85541, 53.04305 ], [ 13.85538, 53.04334 ], [ 13.85582, 53.04345 ], [ 13.85675, 53.04382 ], [ 13.85692, 53.04358 ], [ 13.85676, 53.04359 ], [ 13.85667, 53.04355 ], [ 13.8568, 53.04326 ], [ 13.85697, 53.04317 ], [ 13.85723, 53.04315 ], [ 13.85781, 53.04338 ], [ 13.85796, 53.04353 ], [ 13.85781, 53.04362 ], [ 13.85781, 53.04385 ], [ 13.85749, 53.0441 ], [ 13.85786, 53.04427 ], [ 13.85815, 53.04427 ], [ 13.85853, 53.04412 ], [ 13.85911, 53.04401 ] ], [ [ 13.86007, 53.04298 ], [ 13.86, 53.04308 ], [ 13.8598, 53.04314 ], [ 13.85965, 53.0431 ], [ 13.85955, 53.04301 ], [ 13.85957, 53.04291 ], [ 13.85969, 53.04284 ], [ 13.85985, 53.04282 ], [ 13.86001, 53.04288 ], [ 13.86007, 53.04298 ] ], [ [ 13.85903, 53.04267 ], [ 13.85905, 53.04257 ], [ 13.85917, 53.0425 ], [ 13.85933, 53.04249 ], [ 13.85949, 53.04254 ], [ 13.85955, 53.04264 ], [ 13.85948, 53.04275 ], [ 13.85931, 53.04279 ], [ 13.85908, 53.043 ], [ 13.8589, 53.04306 ], [ 13.8582, 53.04305 ], [ 13.85792, 53.04296 ], [ 13.85786, 53.04289 ], [ 13.85789, 53.04282 ], [ 13.85813, 53.04271 ], [ 13.85892, 53.04279 ], [ 13.8591, 53.04274 ], [ 13.85903, 53.04267 ] ] ] } },
{ "type": "Feature", "properties": { "boden": "100 % mittel, mäßig frisch (M2)" }, "geometry": { "type": "Polygon", "coordinates": [ [ [ 13.85703, 53.04342 ], [ 13.85729, 53.04354 ], [ 13.85765, 53.04353 ], [ 13.85781, 53.04362 ], [ 13.85796, 53.04353 ], [ 13.85781, 53.04338 ], [ 13.85723, 53.04315 ], [ 13.85697, 53.04317 ], [ 13.8568, 53.04326 ], [ 13.85667, 53.04355 ], [ 13.85676, 53.04359 ], [ 13.85692, 53.04358 ], [ 13.85703, 53.04342 ] ] ] } },
{ "type": "Feature", "properties": { "boden": "100 % mittel, mäßig frisch (M2)" }, "geometry": { "type": "Polygon", "coordinates": [ [ [ 13.86016, 53.04353 ], [ 13.8601, 53.04344 ], [ 13.85994, 53.04339 ], [ 13.85977, 53.0434 ], [ 13.85966, 53.04347 ], [ 13.85964, 53.04357 ], [ 13.85973, 53.04367 ], [ 13.85989, 53.0437 ], [ 13.86011, 53.04366 ], [ 13.86016, 53.04353 ] ] ] } },
{ "type": "Feature", "properties": { "boden": "100 % kräftig, nass (NK2)" }, "geometry": { "type": "Polygon", "coordinates": [ [ [ 13.85486, 53.04368 ], [ 13.85492, 53.04336 ], [ 13.85471, 53.04332 ], [ 13.85449, 53.04334 ], [ 13.85434, 53.04345 ], [ 13.85426, 53.04363 ], [ 13.85436, 53.04375 ], [ 13.85468, 53.0438 ], [ 13.85486, 53.04368 ] ] ] } },
{ "type": "Feature", "properties": { "boden": "100 % arm, nass (OA3)" }, "geometry": { "type": "Polygon", "coordinates": [ [ [ 13.85695, 53.04431 ], [ 13.85749, 53.0441 ], [ 13.85781, 53.04385 ], [ 13.8578, 53.0436 ], [ 13.85765, 53.04353 ], [ 13.85729, 53.04354 ], [ 13.85703, 53.04342 ], [ 13.85675, 53.04382 ], [ 13.85675, 53.04426 ], [ 13.85695, 53.04431 ] ] ] } },
{ "type": "Feature", "properties": { "boden": "100 % kräftig, mäßig frisch (K2)" }, "geometry": { "type": "Polygon", "coordinates": [ [ [ 13.85436, 53.04375 ], [ 13.8541, 53.04384 ], [ 13.8541, 53.04397 ], [ 13.8539, 53.04404 ], [ 13.85388, 53.04415 ], [ 13.85406, 53.04426 ], [ 13.85425, 53.04426 ], [ 13.85433, 53.04422 ], [ 13.85436, 53.04406 ], [ 13.85452, 53.04402 ], [ 13.85459, 53.04391 ], [ 13.85452, 53.0438 ], [ 13.85436, 53.04375 ] ] ] } },
{ "type": "Feature", "properties": { "boden": "100 % kräftig, mäßig frisch (K2)" }, "geometry": { "type": "Polygon", "coordinates": [ [ [ 13.85452, 53.0438 ], [ 13.85459, 53.04391 ], [ 13.85452, 53.04402 ], [ 13.85436, 53.04406 ], [ 13.8544, 53.04411 ], [ 13.85425, 53.04426 ], [ 13.85468, 53.04437 ], [ 13.85473, 53.04424 ], [ 13.85466, 53.04406 ], [ 13.85468, 53.0438 ], [ 13.85452, 53.0438 ] ] ] } },
{ "type": "Feature", "properties": { "boden": "100 % kräftig, mäßig frisch (K2)" }, "geometry": { "type": "Polygon", "coordinates": [ [ [ 13.85675, 53.04426 ], [ 13.85675, 53.04382 ], [ 13.85646, 53.04371 ], [ 13.8563, 53.04379 ], [ 13.85628, 53.04389 ], [ 13.85638, 53.04399 ], [ 13.85651, 53.04402 ], [ 13.85629, 53.0441 ], [ 13.85627, 53.0442 ], [ 13.85636, 53.04429 ], [ 13.85647, 53.04431 ], [ 13.85641, 53.04443 ], [ 13.85651, 53.04453 ], [ 13.85666, 53.04456 ], [ 13.85686, 53.04451 ], [ 13.85695, 53.04431 ], [ 13.85675, 53.04426 ] ] ] } },
{ "type": "Feature", "properties": { "boden": "100 % kräftig, mäßig frisch (K2)" }, "geometry": { "type": "Polygon", "coordinates": [ [ [ 13.85958, 53.04403 ], [ 13.85929, 53.04407 ], [ 13.85911, 53.04401 ], [ 13.85895, 53.04404 ], [ 13.85884, 53.04422 ], [ 13.85893, 53.04432 ], [ 13.85908, 53.04435 ], [ 13.85918, 53.04411 ], [ 13.85966, 53.04405 ], [ 13.85958, 53.04403 ] ] ] } },
{ "type": "Feature", "properties": { "boden": "100 % mittel, mäßig frisch (M2)" }, "geometry": { "type": "Polygon", "coordinates": [ [ [ 13.84558, 53.0424 ], [ 13.84515, 53.04251 ], [ 13.84522, 53.04264 ], [ 13.84521, 53.04297 ], [ 13.84553, 53.04305 ], [ 13.84591, 53.04303 ], [ 13.84617, 53.04298 ], [ 13.84632, 53.04284 ], [ 13.84626, 53.04262 ], [ 13.84558, 53.0424 ] ] ] } },
{ "type": "Feature", "properties": { "boden": "100 % kräftig, mäßig frisch (K2)" }, "geometry": { "type": "Polygon", "coordinates": [ [ [ 13.85197, 53.04272 ], [ 13.85166, 53.04247 ], [ 13.8514, 53.0426 ], [ 13.85139, 53.04277 ], [ 13.85165, 53.04301 ], [ 13.85201, 53.04315 ], [ 13.8521, 53.04308 ], [ 13.85189, 53.043 ], [ 13.85179, 53.04291 ], [ 13.85181, 53.04281 ], [ 13.85197, 53.04272 ] ] ] } },
{ "type": "Feature", "properties": { "boden": "100 % kräftig, mäßig frisch (K2)" }, "geometry": { "type": "Polygon", "coordinates": [ [ [ 13.8523, 53.04297 ], [ 13.85197, 53.04272 ], [ 13.85181, 53.04281 ], [ 13.85179, 53.04291 ], [ 13.85189, 53.043 ], [ 13.8521, 53.04308 ], [ 13.85201, 53.04315 ], [ 13.85214, 53.04331 ], [ 13.85247, 53.04328 ], [ 13.8523, 53.04297 ] ] ] } },
{ "type": "Feature", "properties": { "boden": "100 % kräftig, trocken (vermutet) (K3)" }, "geometry": { "type": "Polygon", "coordinates": [ [ [ 13.85388, 53.04285 ], [ 13.85363, 53.04288 ], [ 13.85352, 53.04311 ], [ 13.8536, 53.04336 ], [ 13.85388, 53.04344 ], [ 13.85415, 53.04327 ], [ 13.85423, 53.04314 ], [ 13.85418, 53.04295 ], [ 13.85388, 53.04285 ] ] ] } },
{ "type": "Feature", "properties": { "boden": "100 % kräftig, mäßig frisch (K2)" }, "geometry": { "type": "Polygon", "coordinates": [ [ [ 13.85388, 53.04415 ], [ 13.8539, 53.04404 ], [ 13.8541, 53.04397 ], [ 13.8541, 53.04384 ], [ 13.85436, 53.04375 ], [ 13.85426, 53.04363 ], [ 13.85434, 53.04345 ], [ 13.85449, 53.04334 ], [ 13.85434, 53.04322 ], [ 13.85436, 53.04312 ], [ 13.85448, 53.04305 ], [ 13.85462, 53.04304 ], [ 13.85471, 53.04272 ], [ 13.85495, 53.04242 ], [ 13.8539, 53.04249 ], [ 13.85328, 53.04246 ], [ 13.85225, 53.04232 ], [ 13.8522, 53.04248 ], [ 13.852, 53.04253 ], [ 13.85184, 53.0425 ], [ 13.85174, 53.04235 ], [ 13.8516, 53.04241 ], [ 13.8523, 53.04297 ], [ 13.85263, 53.04346 ], [ 13.85353, 53.04393 ], [ 13.85396, 53.0443 ], [ 13.85406, 53.04426 ], [ 13.85388, 53.04415 ] ], [ [ 13.85411, 53.04291 ], [ 13.85422, 53.04301 ], [ 13.85423, 53.04314 ], [ 13.85415, 53.04327 ], [ 13.854, 53.04339 ], [ 13.85388, 53.04344 ], [ 13.85377, 53.04343 ], [ 13.8536, 53.04336 ], [ 13.85353, 53.04325 ], [ 13.85359, 53.04293 ], [ 13.85369, 53.04285 ], [ 13.85388, 53.04285 ], [ 13.85411, 53.04291 ] ] ] } },
{ "type": "Feature", "properties": { "boden": "100 % kräftig, mäßig frisch (K2)" }, "geometry": { "type": "Polygon", "coordinates": [ [ [ 13.85233, 53.0435 ], [ 13.85251, 53.04378 ], [ 13.85264, 53.04375 ], [ 13.85271, 53.04364 ], [ 13.85265, 53.04354 ], [ 13.8525, 53.04349 ], [ 13.85233, 53.0435 ] ] ] } },
{ "type": "Feature", "properties": { "boden": "100 % kräftig, mäßig frisch (K2)" }, "geometry": { "type": "Polygon", "coordinates": [ [ [ 13.85258, 53.04395 ], [ 13.85264, 53.04426 ], [ 13.8527, 53.04428 ], [ 13.85292, 53.04419 ], [ 13.85299, 53.04408 ], [ 13.85293, 53.04398 ], [ 13.85278, 53.04393 ], [ 13.85258, 53.04395 ] ] ] } },
{ "type": "Feature", "properties": { "boden": "100 % kräftig, mäßig frisch (K2)" }, "geometry": { "type": "Polygon", "coordinates": [ [ [ 13.85353, 53.04481 ], [ 13.85355, 53.04471 ], [ 13.85367, 53.04463 ], [ 13.85383, 53.04462 ], [ 13.85399, 53.04467 ], [ 13.85405, 53.04478 ], [ 13.85394, 53.04493 ], [ 13.85419, 53.04495 ], [ 13.85423, 53.04484 ], [ 13.85438, 53.04474 ], [ 13.85412, 53.04458 ], [ 13.85396, 53.0443 ], [ 13.85353, 53.04393 ], [ 13.85263, 53.04346 ], [ 13.85247, 53.04328 ], [ 13.85214, 53.04331 ], [ 13.8523, 53.04352 ], [ 13.8525, 53.04349 ], [ 13.85265, 53.04354 ], [ 13.85271, 53.04364 ], [ 13.85264, 53.04375 ], [ 13.85251, 53.04378 ], [ 13.85258, 53.04395 ], [ 13.85278, 53.04393 ], [ 13.85293, 53.04398 ], [ 13.85299, 53.04408 ], [ 13.85292, 53.04419 ], [ 13.8527, 53.04428 ], [ 13.85337, 53.04495 ], [ 13.85367, 53.04494 ], [ 13.85353, 53.04481 ] ], [ [ 13.85353, 53.0445 ], [ 13.85347, 53.0446 ], [ 13.85327, 53.04466 ], [ 13.85316, 53.04463 ], [ 13.85302, 53.0445 ], [ 13.85315, 53.04436 ], [ 13.85332, 53.04434 ], [ 13.85348, 53.0444 ], [ 13.85353, 53.0445 ] ] ] } },
{ "type": "Feature", "properties": { "boden": "100 % kräftig, mäßig frisch (K2)" }, "geometry": { "type": "Polygon", "coordinates": [ [ [ 13.85332, 53.04434 ], [ 13.85315, 53.04436 ], [ 13.85302, 53.0445 ], [ 13.85316, 53.04463 ], [ 13.85327, 53.04466 ], [ 13.85347, 53.0446 ], [ 13.85353, 53.0445 ], [ 13.85348, 53.0444 ], [ 13.85332, 53.04434 ] ] ] } },
{ "type": "Feature", "properties": { "boden": "100 % kräftig, mäßig frisch (K2)" }, "geometry": { "type": "Polygon", "coordinates": [ [ [ 13.85405, 53.04478 ], [ 13.85399, 53.04467 ], [ 13.85383, 53.04462 ], [ 13.85367, 53.04463 ], [ 13.85355, 53.04471 ], [ 13.85353, 53.04481 ], [ 13.85367, 53.04494 ], [ 13.85394, 53.04493 ], [ 13.85405, 53.04478 ] ] ] } },
{ "type": "Feature", "properties": { "boden": "100 % kräftig, mäßig frisch (K2)" }, "geometry": { "type": "Polygon", "coordinates": [ [ [ 13.84282, 53.04291 ], [ 13.84252, 53.04287 ], [ 13.84247, 53.04279 ], [ 13.84235, 53.04286 ], [ 13.84233, 53.04296 ], [ 13.84243, 53.04305 ], [ 13.84258, 53.04309 ], [ 13.84278, 53.04304 ], [ 13.84282, 53.04291 ] ] ] } },
{ "type": "Feature", "properties": { "boden": "100 % kräftig, mäßig frisch (K2)" }, "geometry": { "type": "Polygon", "coordinates": [ [ [ 13.84076, 53.0431 ], [ 13.84046, 53.04298 ], [ 13.84022, 53.04297 ], [ 13.83951, 53.04303 ], [ 13.83936, 53.04308 ], [ 13.83938, 53.04314 ], [ 13.83949, 53.04317 ], [ 13.83986, 53.0431 ], [ 13.84004, 53.04312 ], [ 13.84029, 53.04346 ], [ 13.8405, 53.04348 ], [ 13.84093, 53.04345 ], [ 13.84103, 53.04339 ], [ 13.84076, 53.0431 ] ] ] } },
{ "type": "Feature", "properties": { "boden": "100 % kräftig, mäßig frisch (K2)" }, "geometry": { "type": "Polygon", "coordinates": [ [ [ 13.84285, 53.04293 ], [ 13.84278, 53.04304 ], [ 13.84258, 53.04309 ], [ 13.84243, 53.04305 ], [ 13.84233, 53.04296 ], [ 13.84235, 53.04286 ], [ 13.84209, 53.04292 ], [ 13.84218, 53.04317 ], [ 13.84246, 53.04316 ], [ 13.84292, 53.0433 ], [ 13.84321, 53.04372 ], [ 13.84341, 53.04384 ], [ 13.84424, 53.04343 ], [ 13.84413, 53.04329 ], [ 13.84334, 53.04294 ], [ 13.84285, 53.04293 ] ] ] } },
{ "type": "Feature", "properties": { "boden": "100 % kräftig, trocken (vermutet) (K3)" }, "geometry": { "type": "Polygon", "coordinates": [ [ [ 13.8433, 53.04379 ], [ 13.84292, 53.0433 ], [ 13.84246, 53.04316 ], [ 13.84218, 53.04317 ], [ 13.84241, 53.04357 ], [ 13.84273, 53.04379 ], [ 13.84315, 53.04397 ], [ 13.84341, 53.04384 ], [ 13.8433, 53.04379 ] ] ] } },
{ "type": "Feature", "properties": { "boden": "100 % kräftig, mäßig frisch (K2)" }, "geometry": { "type": "Polygon", "coordinates": [ [ [ 13.84222, 53.04417 ], [ 13.84301, 53.04391 ], [ 13.84273, 53.04379 ], [ 13.84241, 53.04357 ], [ 13.84218, 53.04317 ], [ 13.84182, 53.04331 ], [ 13.84173, 53.04339 ], [ 13.84175, 53.04348 ], [ 13.84199, 53.04374 ], [ 13.84199, 53.04405 ], [ 13.84222, 53.04417 ] ] ] } },
{ "type": "Feature", "properties": { "boden": "100 % kräftig, mäßig frisch (K2)" }, "geometry": { "type": "Polygon", "coordinates": [ [ [ 13.83889, 53.04401 ], [ 13.8384, 53.04403 ], [ 13.83816, 53.04417 ], [ 13.83815, 53.04431 ], [ 13.83827, 53.04438 ], [ 13.83869, 53.04449 ], [ 13.83893, 53.0445 ], [ 13.83931, 53.04449 ], [ 13.83956, 53.04442 ], [ 13.8396, 53.04421 ], [ 13.83954, 53.04413 ], [ 13.83889, 53.04401 ] ] ] } },
{ "type": "Feature", "properties": { "boden": "100 % reich, mäßig frisch (R2)" }, "geometry": { "type": "Polygon", "coordinates": [ [ [ 13.84419, 53.04476 ], [ 13.84403, 53.04472 ], [ 13.84315, 53.04397 ], [ 13.84301, 53.04391 ], [ 13.84225, 53.04416 ], [ 13.84168, 53.04466 ], [ 13.84208, 53.04547 ], [ 13.84231, 53.04547 ], [ 13.84419, 53.04476 ] ], [ [ 13.84247, 53.04501 ], [ 13.84232, 53.04498 ], [ 13.84225, 53.04491 ], [ 13.84204, 53.04489 ], [ 13.84194, 53.0448 ], [ 13.84197, 53.0447 ], [ 13.84208, 53.04463 ], [ 13.84221, 53.04461 ], [ 13.84221, 53.0445 ], [ 13.84233, 53.04443 ], [ 13.8425, 53.04441 ], [ 13.84265, 53.04447 ], [ 13.84271, 53.04457 ], [ 13.84287, 53.04462 ], [ 13.84293, 53.04472 ], [ 13.84267, 53.04496 ], [ 13.84247, 53.04501 ] ] ] } },
{ "type": "Feature", "properties": { "boden": "100 % reich, mäßig frisch (R2)" }, "geometry": { "type": "Polygon", "coordinates": [ [ [ 13.84273, 53.04486 ], [ 13.84286, 53.04483 ], [ 13.84293, 53.04472 ], [ 13.84287, 53.04462 ], [ 13.84271, 53.04457 ], [ 13.84265, 53.04447 ], [ 13.8425, 53.04441 ], [ 13.84233, 53.04443 ], [ 13.84221, 53.0445 ], [ 13.84221, 53.04461 ], [ 13.84208, 53.04463 ], [ 13.84197, 53.0447 ], [ 13.84194, 53.0448 ], [ 13.84204, 53.04489 ], [ 13.84225, 53.04491 ], [ 13.84232, 53.04498 ], [ 13.84247, 53.04501 ], [ 13.84267, 53.04496 ], [ 13.84273, 53.04486 ] ] ] } },
{ "type": "Feature", "properties": { "boden": "100 % kräftig, mäßig frisch (K2)" }, "geometry": { "type": "Polygon", "coordinates": [ [ [ 13.83763, 53.0447 ], [ 13.8375, 53.04473 ], [ 13.83747, 53.04481 ], [ 13.83754, 53.04491 ], [ 13.83793, 53.04498 ], [ 13.83818, 53.04495 ], [ 13.8381, 53.04484 ], [ 13.83781, 53.04472 ], [ 13.83763, 53.0447 ] ] ] } },
{ "type": "Feature", "properties": { "boden": "100 % kräftig, mäßig frisch (K2)" }, "geometry": { "type": "Polygon", "coordinates": [ [ [ 13.84082, 53.04468 ], [ 13.8406, 53.04469 ], [ 13.8403, 53.04479 ], [ 13.84028, 53.04488 ], [ 13.84048, 53.04502 ], [ 13.84076, 53.04509 ], [ 13.84104, 53.04508 ], [ 13.84146, 53.04498 ], [ 13.84139, 53.04487 ], [ 13.84123, 53.04478 ], [ 13.84082, 53.04468 ] ] ] } },
{ "type": "Feature", "properties": { "boden": "100 % kräftig, mäßig frisch (K2)" }, "geometry": { "type": "Polygon", "coordinates": [ [ [ 13.84521, 53.05135 ], [ 13.84823, 53.05132 ], [ 13.8489, 53.05102 ], [ 13.85028, 53.05076 ], [ 13.85144, 53.05081 ], [ 13.85277, 53.05068 ], [ 13.85452, 53.04991 ], [ 13.855, 53.04975 ], [ 13.85583, 53.04971 ], [ 13.85598, 53.04966 ], [ 13.85599, 53.04955 ], [ 13.8562, 53.04948 ], [ 13.85569, 53.04924 ], [ 13.8556, 53.04936 ], [ 13.85541, 53.04941 ], [ 13.85525, 53.04938 ], [ 13.85515, 53.04929 ], [ 13.85526, 53.04911 ], [ 13.85495, 53.04902 ], [ 13.85487, 53.04913 ], [ 13.85467, 53.04919 ], [ 13.85452, 53.04915 ], [ 13.85442, 53.04906 ], [ 13.85444, 53.04896 ], [ 13.85462, 53.04888 ], [ 13.8543, 53.04871 ], [ 13.85421, 53.0487 ], [ 13.85426, 53.04881 ], [ 13.85419, 53.04891 ], [ 13.854, 53.04896 ], [ 13.85384, 53.04893 ], [ 13.85374, 53.04884 ], [ 13.85377, 53.04874 ], [ 13.85393, 53.04867 ], [ 13.85355, 53.0487 ], [ 13.85309, 53.04855 ], [ 13.85303, 53.04871 ], [ 13.85284, 53.04876 ], [ 13.85268, 53.04872 ], [ 13.85258, 53.04863 ], [ 13.85261, 53.04853 ], [ 13.85272, 53.04846 ], [ 13.85287, 53.04846 ], [ 13.85264, 53.04831 ], [ 13.85257, 53.04841 ], [ 13.85238, 53.04846 ], [ 13.85222, 53.04843 ], [ 13.85212, 53.04834 ], [ 13.85215, 53.04824 ], [ 13.85226, 53.04817 ], [ 13.85239, 53.04816 ], [ 13.85221, 53.04805 ], [ 13.85203, 53.0481 ], [ 13.85188, 53.04807 ], [ 13.85178, 53.04797 ], [ 13.8518, 53.04787 ], [ 13.85202, 53.04779 ], [ 13.85192, 53.04764 ], [ 13.8518, 53.04772 ], [ 13.85161, 53.04777 ], [ 13.85145, 53.04774 ], [ 13.85135, 53.04765 ], [ 13.85138, 53.04755 ], [ 13.85149, 53.04747 ], [ 13.85186, 53.0475 ], [ 13.85179, 53.04729 ], [ 13.85165, 53.04733 ], [ 13.85134, 53.04722 ], [ 13.85129, 53.04729 ], [ 13.85109, 53.04735 ], [ 13.85093, 53.04731 ], [ 13.85085, 53.04718 ], [ 13.85069, 53.04723 ], [ 13.85075, 53.04733 ], [ 13.8507, 53.0474 ], [ 13.85087, 53.04735 ], [ 13.85112, 53.04736 ], [ 13.85122, 53.04739 ], [ 13.85129, 53.04754 ], [ 13.85118, 53.04786 ], [ 13.85104, 53.04805 ], [ 13.85077, 53.04817 ], [ 13.85, 53.04832 ], [ 13.84963, 53.04853 ], [ 13.8483, 53.0489 ], [ 13.8478, 53.04915 ], [ 13.84674, 53.04908 ], [ 13.84584, 53.04924 ], [ 13.84531, 53.04913 ], [ 13.84522, 53.04905 ], [ 13.84525, 53.04895 ], [ 13.84564, 53.04869 ], [ 13.84577, 53.0485 ], [ 13.84577, 53.04838 ], [ 13.84613, 53.04816 ], [ 13.84658, 53.04805 ], [ 13.8471, 53.04801 ], [ 13.84712, 53.0479 ], [ 13.84723, 53.04783 ], [ 13.8474, 53.04781 ], [ 13.84755, 53.04787 ], [ 13.8476, 53.04794 ], [ 13.84786, 53.0479 ], [ 13.84787, 53.04778 ], [ 13.84795, 53.0477 ], [ 13.84653, 53.04785 ], [ 13.8463, 53.04792 ], [ 13.84548, 53.04804 ], [ 13.84512, 53.04785 ], [ 13.84501, 53.04765 ], [ 13.84546, 53.0471 ], [ 13.8447, 53.04696 ], [ 13.84465, 53.04686 ], [ 13.84306, 53.04714 ], [ 13.84273, 53.04633 ], [ 13.84374, 53.04613 ], [ 13.84371, 53.04596 ], [ 13.84378, 53.04594 ], [ 13.84368, 53.04571 ], [ 13.84249, 53.04592 ], [ 13.84231, 53.04547 ], [ 13.84208, 53.04547 ], [ 13.84168, 53.04466 ], [ 13.84225, 53.04416 ], [ 13.84199, 53.04405 ], [ 13.84199, 53.04374 ], [ 13.84175, 53.04348 ], [ 13.84173, 53.04339 ], [ 13.84191, 53.04326 ], [ 13.84218, 53.04317 ], [ 13.84214, 53.04306 ], [ 13.84193, 53.04311 ], [ 13.84178, 53.04307 ], [ 13.84163, 53.04296 ], [ 13.84143, 53.04301 ], [ 13.84127, 53.04297 ], [ 13.84121, 53.04291 ], [ 13.84102, 53.04296 ], [ 13.84086, 53.04293 ], [ 13.84077, 53.04284 ], [ 13.84079, 53.04274 ], [ 13.8409, 53.04266 ], [ 13.84117, 53.04266 ], [ 13.84107, 53.04253 ], [ 13.84111, 53.04249 ], [ 13.84092, 53.04245 ], [ 13.84087, 53.04252 ], [ 13.84067, 53.04258 ], [ 13.84051, 53.04254 ], [ 13.84042, 53.04243 ], [ 13.84043, 53.04233 ], [ 13.84028, 53.04237 ], [ 13.84045, 53.04261 ], [ 13.83954, 53.04283 ], [ 13.83825, 53.04275 ], [ 13.83792, 53.04277 ], [ 13.83751, 53.04304 ], [ 13.83621, 53.04349 ], [ 13.83453, 53.04374 ], [ 13.83446, 53.04444 ], [ 13.83503, 53.04624 ], [ 13.8353, 53.04625 ], [ 13.83545, 53.04643 ], [ 13.83521, 53.0466 ], [ 13.83537, 53.04747 ], [ 13.83571, 53.04742 ], [ 13.83687, 53.04706 ], [ 13.83707, 53.04704 ], [ 13.83713, 53.04712 ], [ 13.83734, 53.04708 ], [ 13.83749, 53.04714 ], [ 13.83755, 53.04724 ], [ 13.83748, 53.04734 ], [ 13.83728, 53.04739 ], [ 13.83713, 53.04736 ], [ 13.83704, 53.04725 ], [ 13.83679, 53.04735 ], [ 13.83694, 53.0474 ], [ 13.837, 53.0475 ], [ 13.83693, 53.04761 ], [ 13.83673, 53.04766 ], [ 13.83658, 53.04762 ], [ 13.83648, 53.04753 ], [ 13.8365, 53.04743 ], [ 13.83554, 53.04772 ], [ 13.83551, 53.04786 ], [ 13.83599, 53.04908 ], [ 13.83646, 53.04895 ], [ 13.83676, 53.04895 ], [ 13.83732, 53.04913 ], [ 13.83785, 53.04922 ], [ 13.83839, 53.04915 ], [ 13.83978, 53.04886 ], [ 13.84039, 53.04866 ], [ 13.84059, 53.04864 ], [ 13.84143, 53.04921 ], [ 13.84147, 53.0491 ], [ 13.84158, 53.04902 ], [ 13.84175, 53.04901 ], [ 13.8419, 53.04906 ], [ 13.84196, 53.04917 ], [ 13.8419, 53.04927 ], [ 13.84158, 53.04932 ], [ 13.84196, 53.0496 ], [ 13.84233, 53.04958 ], [ 13.84307, 53.04937 ], [ 13.84396, 53.0495 ], [ 13.84425, 53.05041 ], [ 13.84434, 53.05097 ], [ 13.84455, 53.05093 ], [ 13.84472, 53.05096 ], [ 13.84497, 53.05107 ], [ 13.84521, 53.05135 ] ], [ [ 13.84448, 53.04992 ], [ 13.84501, 53.05005 ], [ 13.84503, 53.0503 ], [ 13.84486, 53.05049 ], [ 13.84466, 53.05057 ], [ 13.84455, 53.05052 ], [ 13.84445, 53.05034 ], [ 13.84434, 53.04997 ], [ 13.84448, 53.04992 ] ], [ [ 13.85319, 53.04991 ], [ 13.8531, 53.05001 ], [ 13.8527, 53.05017 ], [ 13.85253, 53.05036 ], [ 13.8524, 53.05041 ], [ 13.85223, 53.05041 ], [ 13.85188, 53.0503 ], [ 13.85157, 53.05011 ], [ 13.85116, 53.04981 ], [ 13.85111, 53.04972 ], [ 13.85124, 53.04969 ], [ 13.85166, 53.04974 ], [ 13.85214, 53.04964 ], [ 13.85284, 53.04965 ], [ 13.8531, 53.04969 ], [ 13.85319, 53.04991 ] ], [ [ 13.84256, 53.04907 ], [ 13.8425, 53.04917 ], [ 13.8423, 53.04923 ], [ 13.84214, 53.04919 ], [ 13.84205, 53.0491 ], [ 13.84207, 53.049 ], [ 13.84218, 53.04893 ], [ 13.84235, 53.04891 ], [ 13.8425, 53.04897 ], [ 13.84256, 53.04907 ] ], [ [ 13.84562, 53.04829 ], [ 13.84555, 53.04839 ], [ 13.84535, 53.04844 ], [ 13.8452, 53.04841 ], [ 13.8451, 53.04832 ], [ 13.84512, 53.04822 ], [ 13.84524, 53.04815 ], [ 13.8454, 53.04813 ], [ 13.84556, 53.04819 ], [ 13.84562, 53.04829 ] ], [ [ 13.84509, 53.04803 ], [ 13.84503, 53.04813 ], [ 13.84483, 53.04818 ], [ 13.84467, 53.04815 ], [ 13.84458, 53.04806 ], [ 13.8446, 53.04796 ], [ 13.84427, 53.04791 ], [ 13.84417, 53.04782 ], [ 13.84419, 53.04772 ], [ 13.8443, 53.04765 ], [ 13.84423, 53.04758 ], [ 13.84425, 53.04748 ], [ 13.84436, 53.04741 ], [ 13.84453, 53.0474 ], [ 13.84469, 53.04745 ], [ 13.84474, 53.04755 ], [ 13.84464, 53.04771 ], [ 13.84472, 53.04789 ], [ 13.84488, 53.04787 ], [ 13.84504, 53.04793 ], [ 13.84509, 53.04803 ] ], [ [ 13.83889, 53.04721 ], [ 13.83882, 53.04731 ], [ 13.83863, 53.04737 ], [ 13.83847, 53.04733 ], [ 13.83838, 53.04724 ], [ 13.8384, 53.04714 ], [ 13.83851, 53.04707 ], [ 13.83868, 53.04705 ], [ 13.83883, 53.04711 ], [ 13.83889, 53.04721 ] ], [ [ 13.83826, 53.04701 ], [ 13.83819, 53.04711 ], [ 13.83799, 53.04717 ], [ 13.83784, 53.04713 ], [ 13.83774, 53.04704 ], [ 13.83776, 53.04694 ], [ 13.83788, 53.04687 ], [ 13.83806, 53.04686 ], [ 13.8382, 53.04691 ], [ 13.83826, 53.04701 ] ], [ [ 13.83996, 53.04711 ], [ 13.83989, 53.04722 ], [ 13.83969, 53.04727 ], [ 13.83954, 53.04724 ], [ 13.83944, 53.04714 ], [ 13.83947, 53.04704 ], [ 13.83958, 53.04697 ], [ 13.83975, 53.04696 ], [ 13.8399, 53.04701 ], [ 13.83996, 53.04711 ] ], [ [ 13.84118, 53.04695 ], [ 13.84098, 53.047 ], [ 13.84083, 53.04697 ], [ 13.84073, 53.04688 ], [ 13.84075, 53.04679 ], [ 13.84043, 53.04677 ], [ 13.84033, 53.04668 ], [ 13.84035, 53.04658 ], [ 13.84047, 53.04651 ], [ 13.84063, 53.04649 ], [ 13.84079, 53.04655 ], [ 13.84084, 53.04672 ], [ 13.84103, 53.04669 ], [ 13.84119, 53.04675 ], [ 13.84125, 53.04685 ], [ 13.84118, 53.04695 ] ], [ [ 13.84112, 53.04648 ], [ 13.84103, 53.04638 ], [ 13.84105, 53.04628 ], [ 13.84116, 53.04621 ], [ 13.84133, 53.0462 ], [ 13.84149, 53.04625 ], [ 13.84154, 53.04642 ], [ 13.8424, 53.04607 ], [ 13.84253, 53.0464 ], [ 13.84225, 53.04659 ], [ 13.84183, 53.04672 ], [ 13.84152, 53.04666 ], [ 13.8414, 53.04648 ], [ 13.84112, 53.04648 ] ], [ [ 13.83962, 53.04612 ], [ 13.83955, 53.04623 ], [ 13.83935, 53.04628 ], [ 13.8392, 53.04625 ], [ 13.8391, 53.04616 ], [ 13.83912, 53.04605 ], [ 13.83924, 53.04598 ], [ 13.83941, 53.04597 ], [ 13.83956, 53.04602 ], [ 13.83962, 53.04612 ] ], [ [ 13.83886, 53.04626 ], [ 13.8388, 53.04637 ], [ 13.8386, 53.04642 ], [ 13.83844, 53.04639 ], [ 13.83835, 53.04629 ], [ 13.83837, 53.04619 ], [ 13.83848, 53.04612 ], [ 13.83865, 53.04611 ], [ 13.8388, 53.04616 ], [ 13.83886, 53.04626 ] ], [ [ 13.83694, 53.04642 ], [ 13.83688, 53.04653 ], [ 13.83668, 53.04658 ], [ 13.83652, 53.04655 ], [ 13.83643, 53.04645 ], [ 13.83645, 53.04635 ], [ 13.83656, 53.04628 ], [ 13.83673, 53.04627 ], [ 13.83688, 53.04632 ], [ 13.83694, 53.04642 ] ], [ [ 13.84344, 53.04797 ], [ 13.84324, 53.04802 ], [ 13.84308, 53.04799 ], [ 13.84299, 53.0479 ], [ 13.84301, 53.0478 ], [ 13.84312, 53.04773 ], [ 13.84342, 53.04773 ], [ 13.84361, 53.04755 ], [ 13.84378, 53.04754 ], [ 13.84393, 53.04759 ], [ 13.84399, 53.04769 ], [ 13.84392, 53.0478 ], [ 13.84372, 53.04785 ], [ 13.84357, 53.04782 ], [ 13.84344, 53.04797 ] ], [ [ 13.83915, 53.04564 ], [ 13.83921, 53.04573 ], [ 13.83913, 53.04585 ], [ 13.839, 53.04593 ], [ 13.83881, 53.0459 ], [ 13.83871, 53.04579 ], [ 13.83877, 53.04566 ], [ 13.83898, 53.04558 ], [ 13.83915, 53.04564 ] ], [ [ 13.84123, 53.04478 ], [ 13.84139, 53.04487 ], [ 13.84146, 53.04498 ], [ 13.84104, 53.04508 ], [ 13.84076, 53.04509 ], [ 13.84048, 53.04502 ], [ 13.84027, 53.04483 ], [ 13.84037, 53.04475 ], [ 13.8406, 53.04469 ], [ 13.84082, 53.04468 ], [ 13.84123, 53.04478 ] ], [ [ 13.83653, 53.04415 ], [ 13.83641, 53.0444 ], [ 13.83529, 53.04497 ], [ 13.83522, 53.04496 ], [ 13.83505, 53.04479 ], [ 13.83502, 53.04454 ], [ 13.83537, 53.04418 ], [ 13.83566, 53.04399 ], [ 13.83586, 53.04393 ], [ 13.8361, 53.04398 ], [ 13.83651, 53.04398 ], [ 13.83653, 53.04415 ] ], [ [ 13.8381, 53.04484 ], [ 13.83818, 53.04495 ], [ 13.83793, 53.04498 ], [ 13.83763, 53.04494 ], [ 13.83747, 53.04481 ], [ 13.8375, 53.04473 ], [ 13.83763, 53.0447 ], [ 13.83781, 53.04472 ], [ 13.8381, 53.04484 ] ], [ [ 13.83889, 53.04401 ], [ 13.83954, 53.04413 ], [ 13.8396, 53.04421 ], [ 13.83961, 53.04436 ], [ 13.83946, 53.04446 ], [ 13.83869, 53.04449 ], [ 13.83815, 53.04431 ], [ 13.83816, 53.04417 ], [ 13.8384, 53.04403 ], [ 13.83889, 53.04401 ] ], [ [ 13.83777, 53.04323 ], [ 13.83782, 53.04358 ], [ 13.83765, 53.04374 ], [ 13.83735, 53.04381 ], [ 13.83685, 53.0438 ], [ 13.83722, 53.04332 ], [ 13.83761, 53.04319 ], [ 13.83777, 53.04323 ] ], [ [ 13.84103, 53.04339 ], [ 13.8408, 53.04347 ], [ 13.84033, 53.04347 ], [ 13.84004, 53.04312 ], [ 13.83986, 53.0431 ], [ 13.83949, 53.04317 ], [ 13.83938, 53.04314 ], [ 13.83936, 53.04308 ], [ 13.83987, 53.04298 ], [ 13.84046, 53.04298 ], [ 13.84076, 53.0431 ], [ 13.84103, 53.04339 ] ], [ [ 13.85358, 53.04894 ], [ 13.85351, 53.04904 ], [ 13.85332, 53.04909 ], [ 13.85316, 53.04906 ], [ 13.85306, 53.04897 ], [ 13.85309, 53.04887 ], [ 13.8532, 53.0488 ], [ 13.85337, 53.04878 ], [ 13.85352, 53.04884 ], [ 13.85358, 53.04894 ] ], [ [ 13.85235, 53.04886 ], [ 13.85228, 53.04896 ], [ 13.85208, 53.04902 ], [ 13.85193, 53.04898 ], [ 13.85183, 53.04889 ], [ 13.85185, 53.04879 ], [ 13.85197, 53.04872 ], [ 13.85214, 53.0487 ], [ 13.85229, 53.04876 ], [ 13.85235, 53.04886 ] ], [ [ 13.85166, 53.04883 ], [ 13.8516, 53.04893 ], [ 13.8514, 53.04898 ], [ 13.85124, 53.04895 ], [ 13.85115, 53.04886 ], [ 13.85117, 53.04876 ], [ 13.85128, 53.04869 ], [ 13.85145, 53.04867 ], [ 13.85161, 53.04873 ], [ 13.85166, 53.04883 ] ], [ [ 13.85194, 53.0483 ], [ 13.85188, 53.0484 ], [ 13.85168, 53.04845 ], [ 13.85152, 53.04842 ], [ 13.85143, 53.04833 ], [ 13.85145, 53.04823 ], [ 13.85156, 53.04816 ], [ 13.85173, 53.04814 ], [ 13.85188, 53.0482 ], [ 13.85194, 53.0483 ] ] ] } },
{ "type": "Feature", "properties": { "boden": "100 % kräftig, mäßig frisch (K2)" }, "geometry": { "type": "Polygon", "coordinates": [ [ [ 13.85173, 53.04712 ], [ 13.85143, 53.04704 ], [ 13.85085, 53.04718 ], [ 13.85084, 53.04722 ], [ 13.85093, 53.04731 ], [ 13.85109, 53.04735 ], [ 13.85129, 53.04729 ], [ 13.85134, 53.04722 ], [ 13.85165, 53.04733 ], [ 13.85179, 53.04729 ], [ 13.85173, 53.04712 ] ] ] } },
{ "type": "Feature", "properties": { "boden": "100 % kräftig, mäßig frisch (K2)" }, "geometry": { "type": "Polygon", "coordinates": [ [ [ 13.85048, 53.04749 ], [ 13.85075, 53.04733 ], [ 13.85069, 53.04723 ], [ 13.85023, 53.04736 ], [ 13.85033, 53.04746 ], [ 13.85048, 53.04749 ] ] ] } },
{ "type": "Feature", "properties": { "boden": "100 % kräftig, mäßig frisch (K2)" }, "geometry": { "type": "Polygon", "coordinates": [ [ [ 13.84968, 53.04775 ], [ 13.84985, 53.04762 ], [ 13.85028, 53.04761 ], [ 13.85058, 53.04746 ], [ 13.85048, 53.04749 ], [ 13.85033, 53.04746 ], [ 13.85023, 53.04736 ], [ 13.84958, 53.04746 ], [ 13.84972, 53.04759 ], [ 13.84964, 53.0477 ], [ 13.84946, 53.04775 ], [ 13.84968, 53.04775 ] ] ] } },
{ "type": "Feature", "properties": { "boden": "100 % kräftig, mäßig frisch (K2)" }, "geometry": { "type": "Polygon", "coordinates": [ [ [ 13.85186, 53.0475 ], [ 13.85149, 53.04747 ], [ 13.85138, 53.04755 ], [ 13.85135, 53.04765 ], [ 13.85145, 53.04774 ], [ 13.85161, 53.04777 ], [ 13.8518, 53.04772 ], [ 13.85192, 53.04764 ], [ 13.85186, 53.0475 ] ] ] } },
{ "type": "Feature", "properties": { "boden": "100 % kräftig, mäßig frisch (K2)" }, "geometry": { "type": "Polygon", "coordinates": [ [ [ 13.84945, 53.04747 ], [ 13.84923, 53.04753 ], [ 13.84921, 53.04762 ], [ 13.8493, 53.04771 ], [ 13.84946, 53.04775 ], [ 13.84964, 53.0477 ], [ 13.84972, 53.04759 ], [ 13.84966, 53.04749 ], [ 13.84945, 53.04747 ] ] ] } },
{ "type": "Feature", "properties": { "boden": "100 % kräftig, mäßig frisch (K2)" }, "geometry": { "type": "Polygon", "coordinates": [ [ [ 13.84813, 53.04767 ], [ 13.84837, 53.0479 ], [ 13.84857, 53.04784 ], [ 13.8486, 53.0478 ], [ 13.84881, 53.04788 ], [ 13.84901, 53.04783 ], [ 13.84908, 53.04773 ], [ 13.84902, 53.04763 ], [ 13.84892, 53.04759 ], [ 13.84813, 53.04767 ] ] ] } },
{ "type": "Feature", "properties": { "boden": "100 % kräftig, mäßig frisch (K2)" }, "geometry": { "type": "Polygon", "coordinates": [ [ [ 13.85002, 53.0476 ], [ 13.84985, 53.04762 ], [ 13.84971, 53.04779 ], [ 13.84981, 53.04788 ], [ 13.84996, 53.04792 ], [ 13.85016, 53.04786 ], [ 13.85023, 53.04776 ], [ 13.85017, 53.04766 ], [ 13.85002, 53.0476 ] ] ] } },
{ "type": "Feature", "properties": { "boden": "100 % kräftig, mäßig frisch (K2)" }, "geometry": { "type": "Polygon", "coordinates": [ [ [ 13.8493, 53.04771 ], [ 13.84921, 53.04762 ], [ 13.84923, 53.04753 ], [ 13.84892, 53.04759 ], [ 13.84902, 53.04763 ], [ 13.84908, 53.04773 ], [ 13.84901, 53.04783 ], [ 13.84881, 53.04788 ], [ 13.8486, 53.0478 ], [ 13.84857, 53.04784 ], [ 13.84837, 53.0479 ], [ 13.84829, 53.04785 ], [ 13.8483, 53.04793 ], [ 13.84884, 53.0481 ], [ 13.84908, 53.04811 ], [ 13.84925, 53.04804 ], [ 13.84917, 53.04786 ], [ 13.84946, 53.04775 ], [ 13.8493, 53.04771 ] ] ] } },
{ "type": "Feature", "properties": { "boden": "100 % kräftig, mäßig frisch (K2)" }, "geometry": { "type": "Polygon", "coordinates": [ [ [ 13.84829, 53.04785 ], [ 13.84813, 53.04767 ], [ 13.84795, 53.0477 ], [ 13.84785, 53.04788 ], [ 13.84795, 53.04798 ], [ 13.8481, 53.04801 ], [ 13.8483, 53.04796 ], [ 13.84829, 53.04785 ] ] ] } },
{ "type": "Feature", "properties": { "boden": "100 % kräftig, mäßig frisch (K2)" }, "geometry": { "type": "Polygon", "coordinates": [ [ [ 13.83898, 53.04558 ], [ 13.83877, 53.04566 ], [ 13.83871, 53.04579 ], [ 13.83881, 53.0459 ], [ 13.83893, 53.04593 ], [ 13.83913, 53.04585 ], [ 13.83921, 53.04573 ], [ 13.83915, 53.04564 ], [ 13.83898, 53.04558 ] ] ] } },
{ "type": "Feature", "properties": { "boden": "100 % kräftig, mäßig frisch (K2)" }, "geometry": { "type": "Polygon", "coordinates": [ [ [ 13.83941, 53.04597 ], [ 13.83924, 53.04598 ], [ 13.83912, 53.04605 ], [ 13.8391, 53.04616 ], [ 13.8392, 53.04625 ], [ 13.83935, 53.04628 ], [ 13.83955, 53.04623 ], [ 13.83962, 53.04612 ], [ 13.83956, 53.04602 ], [ 13.83941, 53.04597 ] ] ] } },
{ "type": "Feature", "properties": { "boden": "100 % kräftig, mäßig frisch (K2)" }, "geometry": { "type": "Polygon", "coordinates": [ [ [ 13.83865, 53.04611 ], [ 13.83848, 53.04612 ], [ 13.83837, 53.04619 ], [ 13.83835, 53.04629 ], [ 13.83844, 53.04639 ], [ 13.8386, 53.04642 ], [ 13.8388, 53.04637 ], [ 13.83886, 53.04626 ], [ 13.8388, 53.04616 ], [ 13.83865, 53.04611 ] ] ] } },
{ "type": "Feature", "properties": { "boden": "100 % kräftig, mäßig frisch (K2)" }, "geometry": { "type": "Polygon", "coordinates": [ [ [ 13.84154, 53.04642 ], [ 13.84149, 53.04625 ], [ 13.84133, 53.0462 ], [ 13.84116, 53.04621 ], [ 13.84105, 53.04628 ], [ 13.84103, 53.04638 ], [ 13.84112, 53.04648 ], [ 13.8414, 53.04648 ], [ 13.84154, 53.04642 ] ] ] } },
{ "type": "Feature", "properties": { "boden": "100 % kräftig, mäßig frisch (K2)" }, "geometry": { "type": "Polygon", "coordinates": [ [ [ 13.84119, 53.04675 ], [ 13.84103, 53.04669 ], [ 13.84084, 53.04672 ], [ 13.84079, 53.04655 ], [ 13.84063, 53.04649 ], [ 13.84047, 53.04651 ], [ 13.84035, 53.04658 ], [ 13.84033, 53.04668 ], [ 13.84043, 53.04677 ], [ 13.84075, 53.04679 ], [ 13.84073, 53.04688 ], [ 13.84083, 53.04697 ], [ 13.84098, 53.047 ], [ 13.84118, 53.04695 ], [ 13.84125, 53.04685 ], [ 13.84119, 53.04675 ] ] ] } },
{ "type": "Feature", "properties": { "boden": "100 % kräftig, mäßig frisch (K2)" }, "geometry": { "type": "Polygon", "coordinates": [ [ [ 13.83806, 53.04686 ], [ 13.83788, 53.04687 ], [ 13.83776, 53.04694 ], [ 13.83774, 53.04704 ], [ 13.83784, 53.04713 ], [ 13.83799, 53.04717 ], [ 13.83819, 53.04711 ], [ 13.83826, 53.04701 ], [ 13.8382, 53.04691 ], [ 13.83806, 53.04686 ] ] ] } },
{ "type": "Feature", "properties": { "boden": "100 % kräftig, mäßig frisch (K2)" }, "geometry": { "type": "Polygon", "coordinates": [ [ [ 13.83975, 53.04696 ], [ 13.83958, 53.04697 ], [ 13.83947, 53.04704 ], [ 13.83944, 53.04714 ], [ 13.83954, 53.04724 ], [ 13.83969, 53.04727 ], [ 13.83989, 53.04722 ], [ 13.83996, 53.04711 ], [ 13.8399, 53.04701 ], [ 13.83975, 53.04696 ] ] ] } },
{ "type": "Feature", "properties": { "boden": "100 % kräftig, mäßig frisch (K2)" }, "geometry": { "type": "Polygon", "coordinates": [ [ [ 13.83868, 53.04705 ], [ 13.83851, 53.04707 ], [ 13.8384, 53.04714 ], [ 13.83838, 53.04724 ], [ 13.83847, 53.04733 ], [ 13.83863, 53.04737 ], [ 13.83882, 53.04731 ], [ 13.83889, 53.04721 ], [ 13.83883, 53.04711 ], [ 13.83868, 53.04705 ] ] ] } },
{ "type": "Feature", "properties": { "boden": "100 % kräftig, mäßig frisch (K2)" }, "geometry": { "type": "Polygon", "coordinates": [ [ [ 13.84488, 53.04787 ], [ 13.84472, 53.04789 ], [ 13.84464, 53.04771 ], [ 13.84474, 53.04755 ], [ 13.84469, 53.04745 ], [ 13.84453, 53.0474 ], [ 13.84436, 53.04741 ], [ 13.84425, 53.04748 ], [ 13.84423, 53.04758 ], [ 13.8443, 53.04765 ], [ 13.84419, 53.04772 ], [ 13.84417, 53.04782 ], [ 13.84427, 53.04791 ], [ 13.8446, 53.04796 ], [ 13.84458, 53.04806 ], [ 13.84467, 53.04815 ], [ 13.84483, 53.04818 ], [ 13.84503, 53.04813 ], [ 13.84509, 53.04803 ], [ 13.84504, 53.04793 ], [ 13.84488, 53.04787 ] ] ] } },
{ "type": "Feature", "properties": { "boden": "100 % kräftig, mäßig frisch (K2)" }, "geometry": { "type": "Polygon", "coordinates": [ [ [ 13.84357, 53.04782 ], [ 13.84372, 53.04785 ], [ 13.84392, 53.0478 ], [ 13.84399, 53.04769 ], [ 13.84393, 53.04759 ], [ 13.84378, 53.04754 ], [ 13.84361, 53.04755 ], [ 13.84342, 53.04773 ], [ 13.84312, 53.04773 ], [ 13.84301, 53.0478 ], [ 13.84299, 53.0479 ], [ 13.84308, 53.04799 ], [ 13.84324, 53.04802 ], [ 13.84344, 53.04797 ], [ 13.84357, 53.04782 ] ] ] } },
{ "type": "Feature", "properties": { "boden": "100 % kräftig, mäßig frisch (K2)" }, "geometry": { "type": "Polygon", "coordinates": [ [ [ 13.85221, 53.04805 ], [ 13.85202, 53.04779 ], [ 13.85192, 53.0478 ], [ 13.8518, 53.04787 ], [ 13.85178, 53.04797 ], [ 13.85188, 53.04807 ], [ 13.85203, 53.0481 ], [ 13.85221, 53.04805 ] ] ] } },
{ "type": "Feature", "properties": { "boden": "100 % kräftig, mäßig frisch (K2)" }, "geometry": { "type": "Polygon", "coordinates": [ [ [ 13.84755, 53.04787 ], [ 13.8474, 53.04781 ], [ 13.84723, 53.04783 ], [ 13.84712, 53.0479 ], [ 13.84709, 53.048 ], [ 13.8476, 53.04794 ], [ 13.84755, 53.04787 ] ] ] } },
{ "type": "Feature", "properties": { "boden": "100 % kräftig, mäßig frisch (K2)" }, "geometry": { "type": "Polygon", "coordinates": [ [ [ 13.84761, 53.04797 ], [ 13.8471, 53.04801 ], [ 13.84719, 53.04809 ], [ 13.84735, 53.04813 ], [ 13.84754, 53.04807 ], [ 13.84761, 53.04797 ] ] ] } },
{ "type": "Feature", "properties": { "boden": "100 % kräftig, mäßig frisch (K2)" }, "geometry": { "type": "Polygon", "coordinates": [ [ [ 13.8483, 53.04806 ], [ 13.84814, 53.04808 ], [ 13.84802, 53.04815 ], [ 13.848, 53.04825 ], [ 13.8481, 53.04834 ], [ 13.84825, 53.04837 ], [ 13.84845, 53.04832 ], [ 13.84852, 53.04822 ], [ 13.84846, 53.04812 ], [ 13.8483, 53.04806 ] ] ] } },
{ "type": "Feature", "properties": { "boden": "100 % kräftig, mäßig frisch (K2)" }, "geometry": { "type": "Polygon", "coordinates": [ [ [ 13.85173, 53.04814 ], [ 13.85156, 53.04816 ], [ 13.85145, 53.04823 ], [ 13.85143, 53.04833 ], [ 13.85152, 53.04842 ], [ 13.85168, 53.04845 ], [ 13.85188, 53.0484 ], [ 13.85194, 53.0483 ], [ 13.85188, 53.0482 ], [ 13.85173, 53.04814 ] ] ] } },
{ "type": "Feature", "properties": { "boden": "100 % kräftig, mäßig frisch (K2)" }, "geometry": { "type": "Polygon", "coordinates": [ [ [ 13.85239, 53.04816 ], [ 13.85226, 53.04817 ], [ 13.85215, 53.04824 ], [ 13.85212, 53.04834 ], [ 13.85222, 53.04843 ], [ 13.85238, 53.04846 ], [ 13.85257, 53.04841 ], [ 13.85264, 53.04831 ], [ 13.85239, 53.04816 ] ] ] } },
{ "type": "Feature", "properties": { "boden": "100 % kräftig, mäßig frisch (K2)" }, "geometry": { "type": "Polygon", "coordinates": [ [ [ 13.85062, 53.04744 ], [ 13.85028, 53.04761 ], [ 13.8501, 53.04763 ], [ 13.85023, 53.04776 ], [ 13.85016, 53.04786 ], [ 13.84996, 53.04792 ], [ 13.84981, 53.04788 ], [ 13.84971, 53.04779 ], [ 13.84974, 53.04772 ], [ 13.84954, 53.04773 ], [ 13.84923, 53.04782 ], [ 13.84918, 53.04791 ], [ 13.84925, 53.04804 ], [ 13.84908, 53.04811 ], [ 13.84884, 53.0481 ], [ 13.84834, 53.04793 ], [ 13.8481, 53.04801 ], [ 13.84795, 53.04798 ], [ 13.84786, 53.0479 ], [ 13.8476, 53.04794 ], [ 13.84754, 53.04807 ], [ 13.84735, 53.04813 ], [ 13.84719, 53.04809 ], [ 13.8471, 53.04801 ], [ 13.84626, 53.04811 ], [ 13.84592, 53.0483 ], [ 13.84605, 53.04829 ], [ 13.84621, 53.04835 ], [ 13.84627, 53.04845 ], [ 13.8462, 53.04855 ], [ 13.846, 53.0486 ], [ 13.84585, 53.04857 ], [ 13.84577, 53.0485 ], [ 13.84564, 53.04869 ], [ 13.84525, 53.04895 ], [ 13.84522, 53.04905 ], [ 13.84537, 53.04915 ], [ 13.84564, 53.04917 ], [ 13.84584, 53.04924 ], [ 13.84674, 53.04908 ], [ 13.8478, 53.04915 ], [ 13.8483, 53.0489 ], [ 13.84963, 53.04853 ], [ 13.85, 53.04832 ], [ 13.85092, 53.04812 ], [ 13.85118, 53.04786 ], [ 13.85127, 53.04746 ], [ 13.85122, 53.04739 ], [ 13.851, 53.04735 ], [ 13.85062, 53.04744 ] ], [ [ 13.84852, 53.04822 ], [ 13.84845, 53.04832 ], [ 13.84825, 53.04837 ], [ 13.8481, 53.04834 ], [ 13.848, 53.04825 ], [ 13.84802, 53.04815 ], [ 13.84814, 53.04808 ], [ 13.8483, 53.04806 ], [ 13.84846, 53.04812 ], [ 13.84852, 53.04822 ] ], [ [ 13.84695, 53.04829 ], [ 13.8469, 53.04847 ], [ 13.84705, 53.04852 ], [ 13.84711, 53.04862 ], [ 13.84704, 53.04873 ], [ 13.84685, 53.04878 ], [ 13.84669, 53.04874 ], [ 13.84659, 53.04865 ], [ 13.84662, 53.04855 ], [ 13.84673, 53.04848 ], [ 13.84653, 53.04842 ], [ 13.84644, 53.04832 ], [ 13.84646, 53.04822 ], [ 13.84657, 53.04815 ], [ 13.84674, 53.04814 ], [ 13.84689, 53.04819 ], [ 13.84695, 53.04829 ] ], [ [ 13.84649, 53.04879 ], [ 13.84643, 53.0489 ], [ 13.84623, 53.04895 ], [ 13.84607, 53.04892 ], [ 13.84598, 53.04882 ], [ 13.846, 53.04872 ], [ 13.84611, 53.04865 ], [ 13.84628, 53.04864 ], [ 13.84643, 53.04869 ], [ 13.84649, 53.04879 ] ], [ [ 13.84763, 53.04833 ], [ 13.84756, 53.04843 ], [ 13.84736, 53.04848 ], [ 13.84721, 53.04845 ], [ 13.84711, 53.04836 ], [ 13.84713, 53.04826 ], [ 13.84725, 53.04819 ], [ 13.84742, 53.04817 ], [ 13.84757, 53.04823 ], [ 13.84763, 53.04833 ] ] ] } },
{ "type": "Feature", "properties": { "boden": "100 % kräftig, mäßig frisch (K2)" }, "geometry": { "type": "Polygon", "coordinates": [ [ [ 13.8454, 53.04813 ], [ 13.84524, 53.04815 ], [ 13.84512, 53.04822 ], [ 13.8451, 53.04832 ], [ 13.8452, 53.04841 ], [ 13.84535, 53.04844 ], [ 13.84555, 53.04839 ], [ 13.84562, 53.04829 ], [ 13.84556, 53.04819 ], [ 13.8454, 53.04813 ] ] ] } },
{ "type": "Feature", "properties": { "boden": "100 % kräftig, mäßig frisch (K2)" }, "geometry": { "type": "Polygon", "coordinates": [ [ [ 13.84742, 53.04817 ], [ 13.84725, 53.04819 ], [ 13.84713, 53.04826 ], [ 13.84711, 53.04836 ], [ 13.84721, 53.04845 ], [ 13.84736, 53.04848 ], [ 13.84756, 53.04843 ], [ 13.84763, 53.04833 ], [ 13.84757, 53.04823 ], [ 13.84742, 53.04817 ] ] ] } },
{ "type": "Feature", "properties": { "boden": "100 % kräftig, mäßig frisch (K2)" }, "geometry": { "type": "Polygon", "coordinates": [ [ [ 13.84589, 53.04831 ], [ 13.84577, 53.04838 ], [ 13.84575, 53.04848 ], [ 13.84585, 53.04857 ], [ 13.846, 53.0486 ], [ 13.8462, 53.04855 ], [ 13.84627, 53.04845 ], [ 13.84621, 53.04835 ], [ 13.84605, 53.04829 ], [ 13.84589, 53.04831 ] ] ] } },
{ "type": "Feature", "properties": { "boden": "100 % kräftig, mäßig frisch (K2)" }, "geometry": { "type": "Polygon", "coordinates": [ [ [ 13.84674, 53.04814 ], [ 13.84657, 53.04815 ], [ 13.84646, 53.04822 ], [ 13.84644, 53.04832 ], [ 13.84653, 53.04842 ], [ 13.84673, 53.04848 ], [ 13.84662, 53.04855 ], [ 13.84659, 53.04865 ], [ 13.84669, 53.04874 ], [ 13.84685, 53.04878 ], [ 13.84704, 53.04873 ], [ 13.84711, 53.04862 ], [ 13.84705, 53.04852 ], [ 13.8469, 53.04847 ], [ 13.84695, 53.04829 ], [ 13.84689, 53.04819 ], [ 13.84674, 53.04814 ] ] ] } },
{ "type": "Feature", "properties": { "boden": "100 % kräftig, mäßig frisch (K2)" }, "geometry": { "type": "Polygon", "coordinates": [ [ [ 13.85287, 53.04846 ], [ 13.85272, 53.04846 ], [ 13.85261, 53.04853 ], [ 13.85258, 53.04863 ], [ 13.85268, 53.04872 ], [ 13.85284, 53.04876 ], [ 13.85303, 53.04871 ], [ 13.8531, 53.0486 ], [ 13.85309, 53.04855 ], [ 13.85287, 53.04846 ] ] ] } },
{ "type": "Feature", "properties": { "boden": "100 % kräftig, mäßig frisch (K2)" }, "geometry": { "type": "Polygon", "coordinates": [ [ [ 13.85145, 53.04867 ], [ 13.85128, 53.04869 ], [ 13.85117, 53.04876 ], [ 13.85115, 53.04886 ], [ 13.85124, 53.04895 ], [ 13.8514, 53.04898 ], [ 13.8516, 53.04893 ], [ 13.85166, 53.04883 ], [ 13.85161, 53.04873 ], [ 13.85145, 53.04867 ] ] ] } },
{ "type": "Feature", "properties": { "boden": "100 % kräftig, mäßig frisch (K2)" }, "geometry": { "type": "Polygon", "coordinates": [ [ [ 13.84628, 53.04864 ], [ 13.84611, 53.04865 ], [ 13.846, 53.04872 ], [ 13.84598, 53.04882 ], [ 13.84607, 53.04892 ], [ 13.84623, 53.04895 ], [ 13.84643, 53.0489 ], [ 13.84649, 53.04879 ], [ 13.84643, 53.04869 ], [ 13.84628, 53.04864 ] ] ] } },
{ "type": "Feature", "properties": { "boden": "100 % kräftig, mäßig frisch (K2)" }, "geometry": { "type": "Polygon", "coordinates": [ [ [ 13.85214, 53.0487 ], [ 13.85197, 53.04872 ], [ 13.85185, 53.04879 ], [ 13.85183, 53.04889 ], [ 13.85193, 53.04898 ], [ 13.85208, 53.04902 ], [ 13.85228, 53.04896 ], [ 13.85235, 53.04886 ], [ 13.85229, 53.04876 ], [ 13.85214, 53.0487 ] ] ] } },
{ "type": "Feature", "properties": { "boden": "100 % kräftig, mäßig frisch (K2)" }, "geometry": { "type": "Polygon", "coordinates": [ [ [ 13.85337, 53.04878 ], [ 13.8532, 53.0488 ], [ 13.85309, 53.04887 ], [ 13.85306, 53.04897 ], [ 13.85316, 53.04906 ], [ 13.85332, 53.04909 ], [ 13.85351, 53.04904 ], [ 13.85358, 53.04894 ], [ 13.85352, 53.04884 ], [ 13.85337, 53.04878 ] ] ] } },
{ "type": "Feature", "properties": { "boden": "100 % kräftig, mäßig frisch (K2)" }, "geometry": { "type": "Polygon", "coordinates": [ [ [ 13.8531, 53.04969 ], [ 13.85284, 53.04965 ], [ 13.85214, 53.04964 ], [ 13.85177, 53.04973 ], [ 13.85124, 53.04969 ], [ 13.85111, 53.04975 ], [ 13.85188, 53.0503 ], [ 13.85223, 53.05041 ], [ 13.8524, 53.05041 ], [ 13.85253, 53.05036 ], [ 13.85278, 53.05013 ], [ 13.85316, 53.04996 ], [ 13.85318, 53.04981 ], [ 13.8531, 53.04969 ] ] ] } },
{ "type": "Feature", "properties": { "boden": "100 % kräftig, mäßig frisch (K2)" }, "geometry": { "type": "Polygon", "coordinates": [ [ [ 13.85358, 53.05065 ], [ 13.85334, 53.05064 ], [ 13.85323, 53.05071 ], [ 13.85321, 53.05081 ], [ 13.85328, 53.05088 ], [ 13.85358, 53.05065 ] ] ] } },
{ "type": "Feature", "properties": { "boden": "100 % kräftig, trocken (vermutet) (K3)" }, "geometry": { "type": "Polygon", "coordinates": [ [ [ 13.85366, 53.05088 ], [ 13.85372, 53.05078 ], [ 13.85358, 53.05065 ], [ 13.85328, 53.05088 ], [ 13.85346, 53.05094 ], [ 13.85366, 53.05088 ] ] ] } },
{ "type": "Feature", "properties": { "boden": "100 % kräftig, mäßig frisch (K2)" }, "geometry": { "type": "Polygon", "coordinates": [ [ [ 13.85276, 53.05081 ], [ 13.8527, 53.0507 ], [ 13.85226, 53.05076 ], [ 13.85225, 53.05084 ], [ 13.85234, 53.05094 ], [ 13.8525, 53.05097 ], [ 13.8527, 53.05092 ], [ 13.85276, 53.05081 ] ] ] } },
{ "type": "Feature", "properties": { "boden": "100 % kräftig, mäßig frisch (K2)" }, "geometry": { "type": "Polygon", "coordinates": [ [ [ 13.8569, 53.04981 ], [ 13.85679, 53.04997 ], [ 13.85689, 53.05006 ], [ 13.85704, 53.05009 ], [ 13.85724, 53.05004 ], [ 13.85733, 53.04994 ], [ 13.8569, 53.04981 ] ] ] } },
{ "type": "Feature", "properties": { "boden": "100 % kräftig, mäßig frisch (K2)" }, "geometry": { "type": "Polygon", "coordinates": [ [ [ 13.85766, 53.05003 ], [ 13.8576, 53.05014 ], [ 13.8577, 53.05023 ], [ 13.85785, 53.05027 ], [ 13.85805, 53.05022 ], [ 13.85812, 53.05011 ], [ 13.85766, 53.05003 ] ] ] } },
{ "type": "Feature", "properties": { "boden": "100 % kräftig, mäßig frisch (K2)" }, "geometry": { "type": "Polygon", "coordinates": [ [ [ 13.85323, 53.05071 ], [ 13.85346, 53.05063 ], [ 13.85383, 53.05031 ], [ 13.85413, 53.05022 ], [ 13.85451, 53.04999 ], [ 13.85475, 53.04994 ], [ 13.85539, 53.04995 ], [ 13.85547, 53.04983 ], [ 13.85535, 53.04977 ], [ 13.85498, 53.04976 ], [ 13.85452, 53.04991 ], [ 13.85384, 53.05019 ], [ 13.85317, 53.05054 ], [ 13.8527, 53.0507 ], [ 13.85276, 53.05081 ], [ 13.85272, 53.05088 ], [ 13.8531, 53.05081 ], [ 13.85323, 53.05071 ] ] ] } },
{ "type": "Feature", "properties": { "boden": "100 % kräftig, trocken (vermutet) (K3)" }, "geometry": { "type": "Polygon", "coordinates": [ [ [ 13.85669, 53.05038 ], [ 13.85651, 53.05029 ], [ 13.85635, 53.0503 ], [ 13.85623, 53.05037 ], [ 13.85621, 53.05047 ], [ 13.85626, 53.05052 ], [ 13.85669, 53.05038 ] ] ] } },
{ "type": "Feature", "properties": { "boden": "100 % kräftig, mäßig frisch (K2)" }, "geometry": { "type": "Polygon", "coordinates": [ [ [ 13.85669, 53.05038 ], [ 13.85629, 53.05049 ], [ 13.85631, 53.05057 ], [ 13.85646, 53.0506 ], [ 13.85666, 53.05055 ], [ 13.85673, 53.05044 ], [ 13.85669, 53.05038 ] ] ] } },
{ "type": "Feature", "properties": { "boden": "100 % kräftig, trocken (vermutet) (K3)" }, "geometry": { "type": "Polygon", "coordinates": [ [ [ 13.85626, 53.05052 ], [ 13.85623, 53.05037 ], [ 13.85635, 53.0503 ], [ 13.85651, 53.05029 ], [ 13.85669, 53.05038 ], [ 13.85689, 53.05035 ], [ 13.85698, 53.0503 ], [ 13.8567, 53.05012 ], [ 13.85646, 53.05003 ], [ 13.8561, 53.05017 ], [ 13.8546, 53.05019 ], [ 13.85411, 53.05033 ], [ 13.85426, 53.05031 ], [ 13.85441, 53.05037 ], [ 13.85447, 53.05047 ], [ 13.8544, 53.05057 ], [ 13.85421, 53.05063 ], [ 13.85405, 53.05059 ], [ 13.85395, 53.0505 ], [ 13.85398, 53.0504 ], [ 13.85358, 53.05065 ], [ 13.85372, 53.05078 ], [ 13.85365, 53.05089 ], [ 13.85383, 53.05093 ], [ 13.85436, 53.05085 ], [ 13.85587, 53.05088 ], [ 13.85607, 53.05081 ], [ 13.85626, 53.05052 ] ], [ [ 13.8561, 53.05065 ], [ 13.85604, 53.05076 ], [ 13.85584, 53.05081 ], [ 13.85568, 53.05078 ], [ 13.85559, 53.05068 ], [ 13.85561, 53.05058 ], [ 13.85572, 53.05051 ], [ 13.85589, 53.0505 ], [ 13.85604, 53.05055 ], [ 13.8561, 53.05065 ] ], [ [ 13.85519, 53.05048 ], [ 13.85512, 53.05058 ], [ 13.85492, 53.05063 ], [ 13.85477, 53.0506 ], [ 13.85467, 53.05051 ], [ 13.85469, 53.05041 ], [ 13.85481, 53.05034 ], [ 13.85497, 53.05032 ], [ 13.85513, 53.05038 ], [ 13.85519, 53.05048 ] ] ] } },
{ "type": "Feature", "properties": { "boden": "100 % kräftig, trocken (vermutet) (K3)" }, "geometry": { "type": "Polygon", "coordinates": [ [ [ 13.85409, 53.05033 ], [ 13.85398, 53.0504 ], [ 13.85395, 53.0505 ], [ 13.85405, 53.05059 ], [ 13.85421, 53.05063 ], [ 13.8544, 53.05057 ], [ 13.85447, 53.05047 ], [ 13.85441, 53.05037 ], [ 13.85426, 53.05031 ], [ 13.85409, 53.05033 ] ] ] } },
{ "type": "Feature", "properties": { "boden": "100 % kräftig, trocken (vermutet) (K3)" }, "geometry": { "type": "Polygon", "coordinates": [ [ [ 13.85497, 53.05032 ], [ 13.85481, 53.05034 ], [ 13.85469, 53.05041 ], [ 13.85467, 53.05051 ], [ 13.85477, 53.0506 ], [ 13.85492, 53.05063 ], [ 13.85512, 53.05058 ], [ 13.85519, 53.05048 ], [ 13.85513, 53.05038 ], [ 13.85497, 53.05032 ] ] ] } },
{ "type": "Feature", "properties": { "boden": "100 % kräftig, trocken (vermutet) (K3)" }, "geometry": { "type": "Polygon", "coordinates": [ [ [ 13.85589, 53.0505 ], [ 13.85572, 53.05051 ], [ 13.85561, 53.05058 ], [ 13.85559, 53.05068 ], [ 13.85568, 53.05078 ], [ 13.85584, 53.05081 ], [ 13.85604, 53.05076 ], [ 13.8561, 53.05065 ], [ 13.85604, 53.05055 ], [ 13.85589, 53.0505 ] ] ] } },
{ "type": "Feature", "properties": { "boden": "100 % kräftig, trocken (vermutet) (K3)" }, "geometry": { "type": "Polygon", "coordinates": [ [ [ 13.85677, 53.0507 ], [ 13.85688, 53.05086 ], [ 13.85708, 53.05095 ], [ 13.85715, 53.05084 ], [ 13.85709, 53.05074 ], [ 13.85694, 53.05069 ], [ 13.85677, 53.0507 ] ] ] } },
{ "type": "Feature", "properties": { "boden": "100 % kräftig, mäßig frisch (K2)" }, "geometry": { "type": "Polygon", "coordinates": [ [ [ 13.84235, 53.04891 ], [ 13.84218, 53.04893 ], [ 13.84207, 53.049 ], [ 13.84205, 53.0491 ], [ 13.84214, 53.04919 ], [ 13.8423, 53.04923 ], [ 13.8425, 53.04917 ], [ 13.84256, 53.04907 ], [ 13.8425, 53.04897 ], [ 13.84235, 53.04891 ] ] ] } },
{ "type": "Feature", "properties": { "boden": "100 % kräftig, mäßig frisch (K2)" }, "geometry": { "type": "Polygon", "coordinates": [ [ [ 13.84158, 53.04932 ], [ 13.8419, 53.04927 ], [ 13.84196, 53.04917 ], [ 13.8419, 53.04906 ], [ 13.84175, 53.04901 ], [ 13.84158, 53.04902 ], [ 13.84147, 53.0491 ], [ 13.84143, 53.04921 ], [ 13.84158, 53.04932 ] ] ] } },
{ "type": "Feature", "properties": { "boden": "100 % kräftig, mäßig frisch (K2)" }, "geometry": { "type": "Polygon", "coordinates": [ [ [ 13.84448, 53.04992 ], [ 13.84434, 53.04997 ], [ 13.84439, 53.05021 ], [ 13.84455, 53.05052 ], [ 13.84466, 53.05057 ], [ 13.84486, 53.05049 ], [ 13.84503, 53.0503 ], [ 13.84505, 53.05014 ], [ 13.84501, 53.05005 ], [ 13.8449, 53.05 ], [ 13.84448, 53.04992 ] ] ] } },
{ "type": "Feature", "properties": { "boden": "100 % kräftig, mäßig frisch (K2)" }, "geometry": { "type": "Polygon", "coordinates": [ [ [ 13.84294, 53.04998 ], [ 13.84264, 53.05009 ], [ 13.84242, 53.05028 ], [ 13.84216, 53.0507 ], [ 13.84234, 53.05092 ], [ 13.84274, 53.05101 ], [ 13.84313, 53.05098 ], [ 13.84338, 53.0509 ], [ 13.84361, 53.05075 ], [ 13.8437, 53.05057 ], [ 13.84369, 53.05044 ], [ 13.84352, 53.05024 ], [ 13.84325, 53.05006 ], [ 13.84294, 53.04998 ] ] ] } },
{ "type": "Feature", "properties": { "boden": "100 % kräftig, mäßig frisch (K2)" }, "geometry": { "type": "Polygon", "coordinates": [ [ [ 13.84329, 53.05215 ], [ 13.84376, 53.05205 ], [ 13.84486, 53.05203 ], [ 13.84456, 53.05167 ], [ 13.84457, 53.05161 ], [ 13.84419, 53.05162 ], [ 13.84379, 53.05157 ], [ 13.84351, 53.05145 ], [ 13.84345, 53.05137 ], [ 13.84357, 53.05119 ], [ 13.84374, 53.0511 ], [ 13.84401, 53.05098 ], [ 13.84434, 53.05097 ], [ 13.84425, 53.05041 ], [ 13.84396, 53.0495 ], [ 13.84307, 53.04937 ], [ 13.84233, 53.04958 ], [ 13.84196, 53.0496 ], [ 13.84059, 53.04864 ], [ 13.84039, 53.04866 ], [ 13.83978, 53.04886 ], [ 13.83839, 53.04915 ], [ 13.83785, 53.04922 ], [ 13.83732, 53.04913 ], [ 13.83676, 53.04895 ], [ 13.83646, 53.04895 ], [ 13.83599, 53.04908 ], [ 13.83625, 53.0498 ], [ 13.83634, 53.05036 ], [ 13.8366, 53.05104 ], [ 13.83678, 53.05132 ], [ 13.83695, 53.05114 ], [ 13.83784, 53.05118 ], [ 13.83828, 53.05134 ], [ 13.83856, 53.05128 ], [ 13.83871, 53.05132 ], [ 13.83874, 53.05138 ], [ 13.83996, 53.05119 ], [ 13.84097, 53.05122 ], [ 13.84108, 53.05147 ], [ 13.84127, 53.05144 ], [ 13.84142, 53.0515 ], [ 13.84148, 53.0516 ], [ 13.84142, 53.0517 ], [ 13.84127, 53.05174 ], [ 13.84154, 53.05218 ], [ 13.84178, 53.05223 ], [ 13.84184, 53.05233 ], [ 13.84177, 53.05243 ], [ 13.84157, 53.05248 ], [ 13.84142, 53.05245 ], [ 13.84135, 53.05238 ], [ 13.84137, 53.0523 ], [ 13.84083, 53.05237 ], [ 13.84057, 53.05246 ], [ 13.84074, 53.05253 ], [ 13.84079, 53.05261 ], [ 13.84099, 53.05257 ], [ 13.84115, 53.05263 ], [ 13.8412, 53.05273 ], [ 13.84173, 53.05272 ], [ 13.84226, 53.05262 ], [ 13.84297, 53.05223 ], [ 13.84304, 53.0522 ], [ 13.84311, 53.05224 ], [ 13.84329, 53.05215 ] ], [ [ 13.84325, 53.05006 ], [ 13.84352, 53.05024 ], [ 13.84369, 53.05044 ], [ 13.8437, 53.05057 ], [ 13.84361, 53.05075 ], [ 13.84338, 53.0509 ], [ 13.84313, 53.05098 ], [ 13.84274, 53.05101 ], [ 13.84241, 53.05095 ], [ 13.84224, 53.05085 ], [ 13.84216, 53.0507 ], [ 13.84242, 53.05028 ], [ 13.84264, 53.05009 ], [ 13.84284, 53.05 ], [ 13.84304, 53.04999 ], [ 13.84325, 53.05006 ] ] ] } },
{ "type": "Feature", "properties": { "boden": "100 % kräftig, mäßig frisch (K2)" }, "geometry": { "type": "Polygon", "coordinates": [ [ [ 13.84521, 53.05135 ], [ 13.84497, 53.05107 ], [ 13.84472, 53.05096 ], [ 13.84455, 53.05093 ], [ 13.84434, 53.05097 ], [ 13.84428, 53.05134 ], [ 13.84521, 53.05135 ] ] ] } },
{ "type": "Feature", "properties": { "boden": "100 % kräftig, trocken (vermutet) (K3)" }, "geometry": { "type": "Polygon", "coordinates": [ [ [ 13.84428, 53.05134 ], [ 13.84434, 53.05097 ], [ 13.84411, 53.05096 ], [ 13.84357, 53.05119 ], [ 13.84345, 53.05137 ], [ 13.84351, 53.05145 ], [ 13.84379, 53.05157 ], [ 13.84419, 53.05162 ], [ 13.84451, 53.05162 ], [ 13.84428, 53.05134 ] ] ] } },
{ "type": "Feature", "properties": { "boden": "100 % kräftig, mäßig frisch (K2)" }, "geometry": { "type": "Polygon", "coordinates": [ [ [ 13.84108, 53.05147 ], [ 13.84097, 53.05122 ], [ 13.84023, 53.05118 ], [ 13.83931, 53.05129 ], [ 13.83947, 53.05137 ], [ 13.83944, 53.05155 ], [ 13.84022, 53.05157 ], [ 13.84012, 53.05149 ], [ 13.84021, 53.05133 ], [ 13.84044, 53.05131 ], [ 13.84058, 53.05136 ], [ 13.84063, 53.05146 ], [ 13.84057, 53.05157 ], [ 13.84098, 53.05159 ], [ 13.84108, 53.05147 ] ] ] } },
{ "type": "Feature", "properties": { "boden": "100 % kräftig, mäßig frisch (K2)" }, "geometry": { "type": "Polygon", "coordinates": [ [ [ 13.83876, 53.05144 ], [ 13.83871, 53.05132 ], [ 13.83856, 53.05128 ], [ 13.83827, 53.05137 ], [ 13.83825, 53.05147 ], [ 13.83831, 53.05154 ], [ 13.83871, 53.05153 ], [ 13.83876, 53.05144 ] ] ] } },
{ "type": "Feature", "properties": { "boden": "100 % kräftig, mäßig frisch (K2)" }, "geometry": { "type": "Polygon", "coordinates": [ [ [ 13.83931, 53.05129 ], [ 13.83874, 53.05138 ], [ 13.83871, 53.05153 ], [ 13.83944, 53.05155 ], [ 13.83947, 53.05137 ], [ 13.83931, 53.05129 ] ] ] } },
{ "type": "Feature", "properties": { "boden": "100 % mittel, mäßig frisch (M2)" }, "geometry": { "type": "Polygon", "coordinates": [ [ [ 13.85879, 53.04233 ], [ 13.85832, 53.04244 ], [ 13.85839, 53.04251 ], [ 13.85854, 53.04254 ], [ 13.85874, 53.04249 ], [ 13.85881, 53.04238 ], [ 13.85879, 53.04233 ] ] ] } },
{ "type": "Feature", "properties": { "boden": "100 % kräftig, mäßig frisch (K2)" }, "geometry": { "type": "Polygon", "coordinates": [ [ [ 13.85564, 53.04236 ], [ 13.85495, 53.04242 ], [ 13.85467, 53.04281 ], [ 13.85478, 53.04274 ], [ 13.85502, 53.04271 ], [ 13.85495, 53.04264 ], [ 13.85497, 53.04254 ], [ 13.85508, 53.04247 ], [ 13.85525, 53.04245 ], [ 13.8554, 53.04251 ], [ 13.85564, 53.04236 ] ] ] } },
{ "type": "Feature", "properties": { "boden": "100 % mittel, mäßig frisch (M2)" }, "geometry": { "type": "Polygon", "coordinates": [ [ [ 13.8554, 53.04251 ], [ 13.85546, 53.04261 ], [ 13.8553, 53.04278 ], [ 13.85544, 53.04283 ], [ 13.85568, 53.04262 ], [ 13.85573, 53.04242 ], [ 13.85564, 53.04236 ], [ 13.8554, 53.04251 ] ] ] } },
{ "type": "Feature", "properties": { "boden": "100 % mittel, mäßig frisch (M2)" }, "geometry": { "type": "Polygon", "coordinates": [ [ [ 13.85948, 53.04275 ], [ 13.85955, 53.04264 ], [ 13.85949, 53.04254 ], [ 13.85933, 53.04249 ], [ 13.85917, 53.0425 ], [ 13.85905, 53.04257 ], [ 13.85903, 53.04267 ], [ 13.85913, 53.04277 ], [ 13.85928, 53.0428 ], [ 13.85948, 53.04275 ] ] ] } },
{ "type": "Feature", "properties": { "boden": "100 % kräftig, mäßig frisch (K2)" }, "geometry": { "type": "Polygon", "coordinates": [ [ [ 13.8553, 53.04257 ], [ 13.8554, 53.04251 ], [ 13.85525, 53.04245 ], [ 13.85508, 53.04247 ], [ 13.85497, 53.04254 ], [ 13.85495, 53.04264 ], [ 13.85502, 53.04271 ], [ 13.85478, 53.04274 ], [ 13.85466, 53.04282 ], [ 13.85464, 53.04292 ], [ 13.85474, 53.04301 ], [ 13.85489, 53.04304 ], [ 13.85505, 53.04302 ], [ 13.8553, 53.04257 ] ] ] } },
{ "type": "Feature", "properties": { "boden": "100 % mittel, mäßig frisch (M2)" }, "geometry": { "type": "Polygon", "coordinates": [ [ [ 13.85545, 53.04304 ], [ 13.85552, 53.04294 ], [ 13.85546, 53.04284 ], [ 13.8553, 53.04278 ], [ 13.85546, 53.04261 ], [ 13.8554, 53.04251 ], [ 13.8553, 53.04257 ], [ 13.85505, 53.04302 ], [ 13.85525, 53.0431 ], [ 13.85545, 53.04304 ] ] ] } },
{ "type": "Feature", "properties": { "boden": "100 % mittel, trocken (vermutet) (M3)" }, "geometry": { "type": "Polygon", "coordinates": [ [ [ 13.85928, 53.0428 ], [ 13.8591, 53.04274 ], [ 13.85892, 53.04279 ], [ 13.85813, 53.04271 ], [ 13.85789, 53.04282 ], [ 13.85786, 53.04289 ], [ 13.85808, 53.04303 ], [ 13.85864, 53.04308 ], [ 13.85908, 53.043 ], [ 13.85928, 53.0428 ] ] ] } },
{ "type": "Feature", "properties": { "boden": "100 % mittel, nass (NM2)" }, "geometry": { "type": "Polygon", "coordinates": [ [ [ 13.86057, 53.04266 ], [ 13.85978, 53.04224 ], [ 13.85932, 53.04215 ], [ 13.85888, 53.04218 ], [ 13.8585, 53.04204 ], [ 13.85842, 53.04205 ], [ 13.85842, 53.0423 ], [ 13.85911, 53.04232 ], [ 13.85968, 53.04248 ], [ 13.86029, 53.04279 ], [ 13.86026, 53.04332 ], [ 13.86006, 53.04378 ], [ 13.86151, 53.04373 ], [ 13.86145, 53.0432 ], [ 13.86121, 53.04306 ], [ 13.86101, 53.0428 ], [ 13.86057, 53.04266 ] ] ] } },
{ "type": "Feature", "properties": { "boden": "100 % mittel, mäßig frisch (M2)" }, "geometry": { "type": "Polygon", "coordinates": [ [ [ 13.85985, 53.04282 ], [ 13.85969, 53.04284 ], [ 13.85957, 53.04291 ], [ 13.85955, 53.04301 ], [ 13.85965, 53.0431 ], [ 13.8598, 53.04314 ], [ 13.86, 53.04308 ], [ 13.86007, 53.04298 ], [ 13.86001, 53.04288 ], [ 13.85985, 53.04282 ] ] ] } },
{ "type": "Feature", "properties": { "boden": "100 % kräftig, mäßig frisch (K2)" }, "geometry": { "type": "Polygon", "coordinates": [ [ [ 13.85489, 53.04304 ], [ 13.85474, 53.04301 ], [ 13.85464, 53.04292 ], [ 13.85462, 53.04304 ], [ 13.85448, 53.04305 ], [ 13.85436, 53.04312 ], [ 13.85434, 53.04322 ], [ 13.85444, 53.04332 ], [ 13.85492, 53.04336 ], [ 13.85505, 53.04302 ], [ 13.85489, 53.04304 ] ] ] } },
{ "type": "Feature", "properties": { "boden": "100 % kräftig, frisch (K1)" }, "geometry": { "type": "Polygon", "coordinates": [ [ [ 13.85918, 53.04411 ], [ 13.85908, 53.04435 ], [ 13.85929, 53.0443 ], [ 13.85932, 53.04425 ], [ 13.85953, 53.04434 ], [ 13.85973, 53.04429 ], [ 13.8598, 53.04418 ], [ 13.85966, 53.04405 ], [ 13.85918, 53.04411 ] ] ] } },
{ "type": "Feature", "properties": { "boden": "100 % kräftig, mäßig frisch (K2)" }, "geometry": { "type": "Polygon", "coordinates": [ [ [ 13.85749, 53.0441 ], [ 13.85714, 53.04423 ], [ 13.85714, 53.04432 ], [ 13.85723, 53.04441 ], [ 13.85739, 53.04444 ], [ 13.85759, 53.04439 ], [ 13.85765, 53.04429 ], [ 13.85764, 53.04417 ], [ 13.85749, 53.0441 ] ] ] } },
{ "type": "Feature", "properties": { "boden": "100 % kräftig, mäßig frisch (K2)" }, "geometry": { "type": "Polygon", "coordinates": [ [ [ 13.85776, 53.04495 ], [ 13.85766, 53.04486 ], [ 13.85768, 53.04476 ], [ 13.8578, 53.04469 ], [ 13.85796, 53.04467 ], [ 13.85812, 53.04473 ], [ 13.85822, 53.04487 ], [ 13.85848, 53.0447 ], [ 13.85827, 53.04463 ], [ 13.85817, 53.04454 ], [ 13.85819, 53.04444 ], [ 13.85831, 53.04437 ], [ 13.85847, 53.04435 ], [ 13.85863, 53.04441 ], [ 13.85869, 53.04451 ], [ 13.85864, 53.04466 ], [ 13.85896, 53.04467 ], [ 13.85895, 53.04448 ], [ 13.85908, 53.04435 ], [ 13.85893, 53.04432 ], [ 13.85884, 53.04422 ], [ 13.85895, 53.04404 ], [ 13.85853, 53.04412 ], [ 13.85815, 53.04427 ], [ 13.85786, 53.04427 ], [ 13.85764, 53.04417 ], [ 13.85759, 53.04439 ], [ 13.85739, 53.04444 ], [ 13.85723, 53.04441 ], [ 13.85714, 53.04432 ], [ 13.85714, 53.04423 ], [ 13.85695, 53.04431 ], [ 13.85686, 53.04451 ], [ 13.85666, 53.04456 ], [ 13.85651, 53.04453 ], [ 13.85641, 53.04443 ], [ 13.85647, 53.04431 ], [ 13.85636, 53.04429 ], [ 13.85627, 53.0442 ], [ 13.85629, 53.0441 ], [ 13.85651, 53.04402 ], [ 13.85638, 53.04399 ], [ 13.85628, 53.04389 ], [ 13.8563, 53.04379 ], [ 13.85646, 53.04371 ], [ 13.85552, 53.04337 ], [ 13.85512, 53.04328 ], [ 13.85492, 53.04336 ], [ 13.85486, 53.04368 ], [ 13.85468, 53.0438 ], [ 13.85466, 53.04406 ], [ 13.85473, 53.04424 ], [ 13.85468, 53.04437 ], [ 13.85481, 53.04468 ], [ 13.85468, 53.0448 ], [ 13.85469, 53.04496 ], [ 13.85512, 53.04502 ], [ 13.85514, 53.0449 ], [ 13.85526, 53.04483 ], [ 13.85542, 53.04481 ], [ 13.85558, 53.04487 ], [ 13.85564, 53.04497 ], [ 13.85552, 53.04508 ], [ 13.85586, 53.04514 ], [ 13.85591, 53.04498 ], [ 13.85602, 53.04491 ], [ 13.85619, 53.0449 ], [ 13.85634, 53.04495 ], [ 13.8564, 53.04505 ], [ 13.85634, 53.04516 ], [ 13.85615, 53.04522 ], [ 13.85646, 53.04532 ], [ 13.85649, 53.04515 ], [ 13.8566, 53.04508 ], [ 13.85677, 53.04506 ], [ 13.85692, 53.04512 ], [ 13.85698, 53.04522 ], [ 13.85692, 53.04532 ], [ 13.85672, 53.04542 ], [ 13.85718, 53.0454 ], [ 13.85763, 53.04525 ], [ 13.85801, 53.04501 ], [ 13.85776, 53.04495 ] ], [ [ 13.85759, 53.04511 ], [ 13.85752, 53.04522 ], [ 13.85732, 53.04527 ], [ 13.85717, 53.04524 ], [ 13.85707, 53.04514 ], [ 13.85709, 53.04504 ], [ 13.85721, 53.04497 ], [ 13.85737, 53.04496 ], [ 13.85753, 53.04501 ], [ 13.85759, 53.04511 ] ], [ [ 13.8563, 53.04437 ], [ 13.85638, 53.04448 ], [ 13.85631, 53.04458 ], [ 13.85606, 53.04462 ], [ 13.85584, 53.04451 ], [ 13.8558, 53.04441 ], [ 13.85587, 53.04436 ], [ 13.85611, 53.04433 ], [ 13.8563, 53.04437 ] ] ] } },
{ "type": "Feature", "properties": { "boden": "100 % kräftig, frisch (K1)" }, "geometry": { "type": "Polygon", "coordinates": [ [ [ 13.86005, 53.04467 ], [ 13.86017, 53.04428 ], [ 13.85988, 53.04403 ], [ 13.85966, 53.04405 ], [ 13.8598, 53.04418 ], [ 13.85973, 53.04429 ], [ 13.85953, 53.04434 ], [ 13.85932, 53.04425 ], [ 13.85929, 53.0443 ], [ 13.85908, 53.04435 ], [ 13.85895, 53.04448 ], [ 13.85896, 53.04467 ], [ 13.85924, 53.04495 ], [ 13.86032, 53.04493 ], [ 13.86005, 53.04467 ] ] ] } },
{ "type": "Feature", "properties": { "boden": "100 % kräftig, mäßig frisch (K2)" }, "geometry": { "type": "Polygon", "coordinates": [ [ [ 13.85611, 53.04433 ], [ 13.85587, 53.04436 ], [ 13.8558, 53.04441 ], [ 13.85584, 53.04451 ], [ 13.85606, 53.04462 ], [ 13.85631, 53.04458 ], [ 13.85638, 53.04448 ], [ 13.8563, 53.04437 ], [ 13.85611, 53.04433 ] ] ] } },
{ "type": "Feature", "properties": { "boden": "100 % kräftig, mäßig frisch (K2)" }, "geometry": { "type": "Polygon", "coordinates": [ [ [ 13.85869, 53.04451 ], [ 13.85863, 53.04441 ], [ 13.85847, 53.04435 ], [ 13.85831, 53.04437 ], [ 13.85819, 53.04444 ], [ 13.85817, 53.04454 ], [ 13.85827, 53.04463 ], [ 13.85848, 53.0447 ], [ 13.85864, 53.04466 ], [ 13.85869, 53.04451 ] ] ] } },
{ "type": "Feature", "properties": { "boden": "100 % kräftig, nass (NK2)" }, "geometry": { "type": "Polygon", "coordinates": [ [ [ 13.85472, 53.04479 ], [ 13.85481, 53.04468 ], [ 13.85468, 53.04437 ], [ 13.85425, 53.04426 ], [ 13.85406, 53.04426 ], [ 13.85396, 53.0443 ], [ 13.85412, 53.04458 ], [ 13.85451, 53.04482 ], [ 13.85472, 53.04479 ] ] ] } },
{ "type": "Feature", "properties": { "boden": "100 % kräftig, mäßig frisch (K2)" }, "geometry": { "type": "Polygon", "coordinates": [ [ [ 13.85812, 53.04473 ], [ 13.85796, 53.04467 ], [ 13.8578, 53.04469 ], [ 13.85768, 53.04476 ], [ 13.85766, 53.04486 ], [ 13.85776, 53.04495 ], [ 13.85801, 53.04501 ], [ 13.85822, 53.04487 ], [ 13.85812, 53.04473 ] ] ] } },
{ "type": "Feature", "properties": { "boden": "100 % kräftig, mäßig frisch (K2)" }, "geometry": { "type": "Polygon", "coordinates": [ [ [ 13.85469, 53.04496 ], [ 13.85468, 53.0448 ], [ 13.85451, 53.04482 ], [ 13.85438, 53.04474 ], [ 13.85423, 53.04484 ], [ 13.85419, 53.04495 ], [ 13.85455, 53.04497 ], [ 13.85463, 53.04491 ], [ 13.85469, 53.04496 ] ] ] } },
{ "type": "Feature", "properties": { "boden": "100 % kräftig, mäßig frisch (K2)" }, "geometry": { "type": "Polygon", "coordinates": [ [ [ 13.85552, 53.04508 ], [ 13.85564, 53.04497 ], [ 13.85558, 53.04487 ], [ 13.85542, 53.04481 ], [ 13.85526, 53.04483 ], [ 13.85514, 53.0449 ], [ 13.85512, 53.04502 ], [ 13.85552, 53.04508 ] ] ] } },
{ "type": "Feature", "properties": { "boden": "100 % kräftig, mäßig frisch (K2)" }, "geometry": { "type": "Polygon", "coordinates": [ [ [ 13.85615, 53.04522 ], [ 13.85634, 53.04516 ], [ 13.8564, 53.04505 ], [ 13.85634, 53.04495 ], [ 13.85619, 53.0449 ], [ 13.85602, 53.04491 ], [ 13.85591, 53.04498 ], [ 13.85586, 53.04514 ], [ 13.85615, 53.04522 ] ] ] } },
{ "type": "Feature", "properties": { "boden": "100 % kräftig, mäßig frisch (K2)" }, "geometry": { "type": "Polygon", "coordinates": [ [ [ 13.85737, 53.04496 ], [ 13.85721, 53.04497 ], [ 13.85709, 53.04504 ], [ 13.85707, 53.04514 ], [ 13.85717, 53.04524 ], [ 13.85732, 53.04527 ], [ 13.85752, 53.04522 ], [ 13.85759, 53.04511 ], [ 13.85753, 53.04501 ], [ 13.85737, 53.04496 ] ] ] } },
{ "type": "Feature", "properties": { "boden": "100 % kräftig, mäßig frisch (K2)" }, "geometry": { "type": "Polygon", "coordinates": [ [ [ 13.85646, 53.04532 ], [ 13.85672, 53.04542 ], [ 13.85692, 53.04532 ], [ 13.85698, 53.04522 ], [ 13.85692, 53.04512 ], [ 13.85677, 53.04506 ], [ 13.8566, 53.04508 ], [ 13.85649, 53.04515 ], [ 13.85646, 53.04532 ] ] ] } },
{ "type": "Feature", "properties": { "boden": "100 % kräftig, nass (NK2)" }, "geometry": { "type": "Polygon", "coordinates": [ [ [ 13.86032, 53.04493 ], [ 13.85924, 53.04495 ], [ 13.86031, 53.04601 ], [ 13.86063, 53.04617 ], [ 13.86087, 53.04616 ], [ 13.86109, 53.04605 ], [ 13.86052, 53.04531 ], [ 13.8604, 53.045 ], [ 13.86032, 53.04493 ] ] ] } },
{ "type": "Feature", "properties": { "boden": "50 % kräftig, nass (OK1) · 50 % kräftig, nass (OK2)" }, "geometry": { "type": "Polygon", "coordinates": [ [ [ 13.85672, 53.04542 ], [ 13.85586, 53.04514 ], [ 13.85467, 53.04496 ], [ 13.85463, 53.04491 ], [ 13.85455, 53.04497 ], [ 13.85337, 53.04495 ], [ 13.85372, 53.04558 ], [ 13.85323, 53.04564 ], [ 13.85305, 53.04641 ], [ 13.85308, 53.04674 ], [ 13.85341, 53.04726 ], [ 13.85342, 53.04761 ], [ 13.85387, 53.04806 ], [ 13.85426, 53.04804 ], [ 13.8545, 53.04788 ], [ 13.85478, 53.04758 ], [ 13.85418, 53.04683 ], [ 13.85421, 53.04621 ], [ 13.85456, 53.04589 ], [ 13.85517, 53.04562 ], [ 13.85587, 53.04546 ], [ 13.85672, 53.04542 ] ] ] } },
{ "type": "Feature", "properties": { "boden": "100 % kräftig, mäßig frisch (K2)" }, "geometry": { "type": "Polygon", "coordinates": [ [ [ 13.85393, 53.04867 ], [ 13.85377, 53.04874 ], [ 13.85374, 53.04884 ], [ 13.85384, 53.04893 ], [ 13.854, 53.04896 ], [ 13.85419, 53.04891 ], [ 13.85426, 53.04881 ], [ 13.85421, 53.0487 ], [ 13.85393, 53.04867 ] ] ] } },
{ "type": "Feature", "properties": { "boden": "100 % kräftig, mäßig frisch (K2)" }, "geometry": { "type": "Polygon", "coordinates": [ [ [ 13.85495, 53.04902 ], [ 13.85462, 53.04888 ], [ 13.85444, 53.04896 ], [ 13.85442, 53.04906 ], [ 13.85452, 53.04915 ], [ 13.85467, 53.04919 ], [ 13.85487, 53.04913 ], [ 13.85495, 53.04902 ] ] ] } },
{ "type": "Feature", "properties": { "boden": "100 % kräftig, mäßig frisch (K2)" }, "geometry": { "type": "Polygon", "coordinates": [ [ [ 13.85569, 53.04924 ], [ 13.85526, 53.04911 ], [ 13.85515, 53.04929 ], [ 13.85525, 53.04938 ], [ 13.85541, 53.04941 ], [ 13.8556, 53.04936 ], [ 13.85569, 53.04924 ] ] ] } },
{ "type": "Feature", "properties": { "boden": "100 % kräftig, mäßig frisch (K2)" }, "geometry": { "type": "Polygon", "coordinates": [ [ [ 13.8562, 53.04948 ], [ 13.85599, 53.04955 ], [ 13.85598, 53.04966 ], [ 13.85643, 53.04958 ], [ 13.8562, 53.04948 ] ] ] } },
{ "type": "Feature", "properties": { "boden": "100 % kräftig, mäßig frisch (K2)" }, "geometry": { "type": "Polygon", "coordinates": [ [ [ 13.85643, 53.04958 ], [ 13.85612, 53.04963 ], [ 13.85598, 53.04966 ], [ 13.85607, 53.04975 ], [ 13.85622, 53.04978 ], [ 13.85642, 53.04973 ], [ 13.85649, 53.04961 ], [ 13.85643, 53.04958 ] ] ] } },
{ "type": "Feature", "properties": { "boden": "100 % kräftig, mäßig frisch (K2)" }, "geometry": { "type": "Polygon", "coordinates": [ [ [ 13.85705, 53.05096 ], [ 13.85675, 53.05075 ], [ 13.85675, 53.05071 ], [ 13.85665, 53.05077 ], [ 13.85663, 53.05087 ], [ 13.85673, 53.05097 ], [ 13.85688, 53.051 ], [ 13.85705, 53.05096 ] ] ] } },
{ "type": "Feature", "properties": { "boden": "100 % kräftig, trocken (vermutet) (K3)" }, "geometry": { "type": "Polygon", "coordinates": [ [ [ 13.85908, 53.05071 ], [ 13.85869, 53.05058 ], [ 13.85831, 53.05057 ], [ 13.85818, 53.05072 ], [ 13.85766, 53.0507 ], [ 13.8575, 53.05078 ], [ 13.85709, 53.05073 ], [ 13.85694, 53.05064 ], [ 13.8568, 53.05067 ], [ 13.85675, 53.05071 ], [ 13.85694, 53.05069 ], [ 13.85709, 53.05074 ], [ 13.85715, 53.05084 ], [ 13.85705, 53.05096 ], [ 13.85772, 53.05128 ], [ 13.85798, 53.05133 ], [ 13.85813, 53.05129 ], [ 13.85829, 53.05105 ], [ 13.8585, 53.05093 ], [ 13.8584, 53.05086 ], [ 13.85839, 53.05076 ], [ 13.85876, 53.0507 ], [ 13.85908, 53.05071 ] ] ] } },
{ "type": "Feature", "properties": { "boden": "100 % kräftig, trocken (vermutet) (K3)" }, "geometry": { "type": "Polygon", "coordinates": [ [ [ 13.85905, 53.05122 ], [ 13.85974, 53.05121 ], [ 13.85977, 53.05114 ], [ 13.85972, 53.05108 ], [ 13.85939, 53.05097 ], [ 13.85877, 53.05096 ], [ 13.85905, 53.05122 ] ] ] } },
{ "type": "Feature", "properties": { "boden": "100 % kräftig, mäßig frisch (K2)" }, "geometry": { "type": "Polygon", "coordinates": [ [ [ 13.85687, 53.05114 ], [ 13.8567, 53.05115 ], [ 13.85658, 53.05122 ], [ 13.85656, 53.05132 ], [ 13.8567, 53.05146 ], [ 13.85652, 53.05157 ], [ 13.85649, 53.05167 ], [ 13.85659, 53.05176 ], [ 13.85675, 53.0518 ], [ 13.85694, 53.05174 ], [ 13.85701, 53.05164 ], [ 13.85688, 53.05148 ], [ 13.85705, 53.05138 ], [ 13.85708, 53.05129 ], [ 13.85702, 53.05119 ], [ 13.85687, 53.05114 ] ] ] } },
{ "type": "Feature", "properties": { "boden": "100 % kräftig, mäßig frisch (K2)" }, "geometry": { "type": "Polygon", "coordinates": [ [ [ 13.85845, 53.05152 ], [ 13.85839, 53.05142 ], [ 13.85824, 53.05136 ], [ 13.85807, 53.05138 ], [ 13.85796, 53.05145 ], [ 13.85793, 53.05155 ], [ 13.85807, 53.05167 ], [ 13.85838, 53.05165 ], [ 13.85845, 53.05152 ] ] ] } },
{ "type": "Feature", "properties": { "boden": "100 % kräftig, mäßig frisch (K2)" }, "geometry": { "type": "Polygon", "coordinates": [ [ [ 13.85585, 53.05165 ], [ 13.85568, 53.05167 ], [ 13.85557, 53.05174 ], [ 13.85554, 53.05184 ], [ 13.85564, 53.05193 ], [ 13.8558, 53.05196 ], [ 13.85599, 53.05191 ], [ 13.85606, 53.05181 ], [ 13.856, 53.05171 ], [ 13.85585, 53.05165 ] ] ] } },
{ "type": "Feature", "properties": { "boden": "100 % kräftig, mäßig frisch (K2)" }, "geometry": { "type": "Polygon", "coordinates": [ [ [ 13.85469, 53.0521 ], [ 13.85504, 53.05207 ], [ 13.85511, 53.05196 ], [ 13.85507, 53.05189 ], [ 13.85521, 53.05186 ], [ 13.85528, 53.05175 ], [ 13.85522, 53.05165 ], [ 13.85506, 53.0516 ], [ 13.8549, 53.05161 ], [ 13.85478, 53.05168 ], [ 13.85479, 53.05182 ], [ 13.85462, 53.05189 ], [ 13.85459, 53.05199 ], [ 13.85469, 53.0521 ] ] ] } },
{ "type": "Feature", "properties": { "boden": "100 % mittel, mäßig frisch (M2)" }, "geometry": { "type": "Polygon", "coordinates": [ [ [ 13.85958, 53.05164 ], [ 13.85906, 53.05166 ], [ 13.85893, 53.0518 ], [ 13.85891, 53.05202 ], [ 13.85958, 53.05217 ], [ 13.86001, 53.05202 ], [ 13.86012, 53.05188 ], [ 13.85997, 53.05173 ], [ 13.85958, 53.05164 ] ] ] } },
{ "type": "Feature", "properties": { "boden": "100 % kräftig, mäßig frisch (K2)" }, "geometry": { "type": "Polygon", "coordinates": [ [ [ 13.85429, 53.05209 ], [ 13.85438, 53.05196 ], [ 13.85432, 53.05186 ], [ 13.85416, 53.0518 ], [ 13.854, 53.05181 ], [ 13.85388, 53.05189 ], [ 13.85391, 53.05207 ], [ 13.85429, 53.05209 ] ] ] } },
{ "type": "Feature", "properties": { "boden": "100 % mittel, mäßig frisch (M2)" }, "geometry": { "type": "Polygon", "coordinates": [ [ [ 13.85747, 53.05184 ], [ 13.85705, 53.05194 ], [ 13.85683, 53.05206 ], [ 13.85683, 53.05214 ], [ 13.85758, 53.05223 ], [ 13.85787, 53.05222 ], [ 13.85789, 53.05213 ], [ 13.85775, 53.05197 ], [ 13.85747, 53.05184 ] ] ] } },
{ "type": "Feature", "properties": { "boden": "100 % mittel, trocken (vermutet) (M3)" }, "geometry": { "type": "Polygon", "coordinates": [ [ [ 13.86376, 53.05208 ], [ 13.86362, 53.05209 ], [ 13.86334, 53.05227 ], [ 13.8633, 53.05235 ], [ 13.86343, 53.05245 ], [ 13.86394, 53.05248 ], [ 13.86411, 53.05243 ], [ 13.86409, 53.05223 ], [ 13.86401, 53.05214 ], [ 13.86376, 53.05208 ] ] ] } },
{ "type": "Feature", "properties": { "boden": "100 % mittel, trocken (vermutet) (M3)" }, "geometry": { "type": "Polygon", "coordinates": [ [ [ 13.86076, 53.05257 ], [ 13.85989, 53.05256 ], [ 13.85982, 53.05262 ], [ 13.85991, 53.05273 ], [ 13.86027, 53.05289 ], [ 13.86058, 53.05334 ], [ 13.86071, 53.05342 ], [ 13.86099, 53.05339 ], [ 13.86109, 53.05333 ], [ 13.86131, 53.05297 ], [ 13.86131, 53.05284 ], [ 13.86117, 53.05266 ], [ 13.86076, 53.05257 ] ] ] } },
{ "type": "Feature", "properties": { "boden": "100 % mittel, trocken (vermutet) (M3)" }, "geometry": { "type": "Polygon", "coordinates": [ [ [ 13.86319, 53.05289 ], [ 13.86269, 53.05286 ], [ 13.86252, 53.05291 ], [ 13.86269, 53.0532 ], [ 13.86307, 53.05313 ], [ 13.86333, 53.05303 ], [ 13.86319, 53.05289 ] ] ] } },
{ "type": "Feature", "properties": { "boden": "100 % kräftig, trocken (vermutet) (K3)" }, "geometry": { "type": "Polygon", "coordinates": [ [ [ 13.86478, 53.05324 ], [ 13.8644, 53.05329 ], [ 13.8643, 53.05338 ], [ 13.86457, 53.05344 ], [ 13.86492, 53.05338 ], [ 13.86499, 53.05333 ], [ 13.86494, 53.05326 ], [ 13.86478, 53.05324 ] ] ] } },
{ "type": "Feature", "properties": { "boden": "100 % kräftig, mäßig frisch (K2)" }, "geometry": { "type": "Polygon", "coordinates": [ [ [ 13.86393, 53.05358 ], [ 13.86377, 53.05352 ], [ 13.86361, 53.05354 ], [ 13.86349, 53.05361 ], [ 13.86348, 53.05369 ], [ 13.86381, 53.05363 ], [ 13.86397, 53.05364 ], [ 13.86393, 53.05358 ] ] ] } },
{ "type": "Feature", "properties": { "boden": "100 % kräftig, mäßig frisch (K2)" }, "geometry": { "type": "Polygon", "coordinates": [ [ [ 13.86381, 53.05363 ], [ 13.86348, 53.05369 ], [ 13.86357, 53.0538 ], [ 13.86372, 53.05384 ], [ 13.86392, 53.05378 ], [ 13.86397, 53.05364 ], [ 13.86381, 53.05363 ] ] ] } },
{ "type": "Feature", "properties": { "boden": "100 % kräftig, mäßig frisch (K2)" }, "geometry": { "type": "Polygon", "coordinates": [ [ [ 13.86397, 53.05364 ], [ 13.86392, 53.05378 ], [ 13.86372, 53.05384 ], [ 13.86357, 53.0538 ], [ 13.86348, 53.05369 ], [ 13.86339, 53.05385 ], [ 13.86354, 53.05391 ], [ 13.86399, 53.0539 ], [ 13.86415, 53.05376 ], [ 13.86397, 53.05364 ] ] ] } },
{ "type": "Feature", "properties": { "boden": "100 % kräftig, mäßig frisch (K2)" }, "geometry": { "type": "Polygon", "coordinates": [ [ [ 13.86557, 53.05395 ], [ 13.86541, 53.0539 ], [ 13.86525, 53.05391 ], [ 13.86513, 53.05399 ], [ 13.86511, 53.05409 ], [ 13.86521, 53.05418 ], [ 13.86536, 53.05421 ], [ 13.86556, 53.05416 ], [ 13.86563, 53.05406 ], [ 13.86557, 53.05395 ] ] ] } },
{ "type": "Feature", "properties": { "boden": "100 % kräftig, mäßig frisch (K2)" }, "geometry": { "type": "Polygon", "coordinates": [ [ [ 13.8642, 53.05396 ], [ 13.86404, 53.05397 ], [ 13.86392, 53.05404 ], [ 13.8639, 53.05414 ], [ 13.864, 53.05424 ], [ 13.86415, 53.05427 ], [ 13.86435, 53.05422 ], [ 13.86442, 53.05411 ], [ 13.86436, 53.05401 ], [ 13.8642, 53.05396 ] ] ] } },
{ "type": "Feature", "properties": { "boden": "100 % kräftig, trocken (vermutet) (K3)" }, "geometry": { "type": "Polygon", "coordinates": [ [ [ 13.86632, 53.05437 ], [ 13.86615, 53.054 ], [ 13.86596, 53.05396 ], [ 13.86559, 53.054 ], [ 13.86563, 53.05406 ], [ 13.86556, 53.05416 ], [ 13.86522, 53.05425 ], [ 13.86516, 53.0543 ], [ 13.86526, 53.0544 ], [ 13.86576, 53.05451 ], [ 13.86625, 53.05447 ], [ 13.86632, 53.05437 ] ] ] } },
{ "type": "Feature", "properties": { "boden": "100 % kräftig, mäßig frisch (K2)" }, "geometry": { "type": "Polygon", "coordinates": [ [ [ 13.86223, 53.05384 ], [ 13.86192, 53.05391 ], [ 13.86135, 53.05417 ], [ 13.86127, 53.0543 ], [ 13.86149, 53.05449 ], [ 13.86188, 53.05455 ], [ 13.86236, 53.05456 ], [ 13.86255, 53.05446 ], [ 13.86296, 53.05437 ], [ 13.86305, 53.05429 ], [ 13.86302, 53.05408 ], [ 13.86289, 53.05398 ], [ 13.86246, 53.05385 ], [ 13.86223, 53.05384 ] ] ] } },
{ "type": "Feature", "properties": { "boden": "100 % kräftig, mäßig frisch (K2)" }, "geometry": { "type": "Polygon", "coordinates": [ [ [ 13.86329, 53.05444 ], [ 13.86309, 53.05445 ], [ 13.86303, 53.05464 ], [ 13.86308, 53.05472 ], [ 13.86324, 53.05475 ], [ 13.86343, 53.0547 ], [ 13.8635, 53.05459 ], [ 13.86344, 53.05449 ], [ 13.86329, 53.05444 ] ] ] } },
{ "type": "Feature", "properties": { "boden": "100 % kräftig, mäßig frisch (K2)" }, "geometry": { "type": "Polygon", "coordinates": [ [ [ 13.86563, 53.05447 ], [ 13.86546, 53.05449 ], [ 13.86535, 53.05456 ], [ 13.86533, 53.05466 ], [ 13.86542, 53.05475 ], [ 13.86558, 53.05478 ], [ 13.86578, 53.05473 ], [ 13.86584, 53.05463 ], [ 13.86579, 53.05453 ], [ 13.86563, 53.05447 ] ] ] } },
{ "type": "Feature", "properties": { "boden": "100 % kräftig, mäßig frisch (K2)" }, "geometry": { "type": "Polygon", "coordinates": [ [ [ 13.86453, 53.05452 ], [ 13.86436, 53.05453 ], [ 13.86424, 53.0546 ], [ 13.86422, 53.0547 ], [ 13.86432, 53.0548 ], [ 13.86447, 53.05483 ], [ 13.86467, 53.05478 ], [ 13.86474, 53.05467 ], [ 13.86468, 53.05457 ], [ 13.86453, 53.05452 ] ] ] } },
{ "type": "Feature", "properties": { "boden": "100 % mittel, trocken (vermutet) (M3)" }, "geometry": { "type": "Polygon", "coordinates": [ [ [ 13.85899, 53.05239 ], [ 13.85859, 53.0525 ], [ 13.85851, 53.0526 ], [ 13.85872, 53.05265 ], [ 13.85902, 53.05266 ], [ 13.85927, 53.05259 ], [ 13.85931, 53.05248 ], [ 13.85899, 53.05239 ] ] ] } },
{ "type": "Feature", "properties": { "boden": "100 % mittel, mäßig frisch (M2)" }, "geometry": { "type": "Polygon", "coordinates": [ [ [ 13.85581, 53.05303 ], [ 13.85558, 53.0529 ], [ 13.85497, 53.05283 ], [ 13.8548, 53.05274 ], [ 13.85435, 53.05264 ], [ 13.85409, 53.05275 ], [ 13.85306, 53.05295 ], [ 13.8529, 53.05303 ], [ 13.85281, 53.05321 ], [ 13.85286, 53.05328 ], [ 13.85305, 53.05334 ], [ 13.85362, 53.05309 ], [ 13.85394, 53.05303 ], [ 13.85416, 53.05304 ], [ 13.8543, 53.05311 ], [ 13.85448, 53.05338 ], [ 13.85443, 53.05363 ], [ 13.85454, 53.05365 ], [ 13.85503, 53.05357 ], [ 13.8554, 53.05332 ], [ 13.85614, 53.05315 ], [ 13.85616, 53.05306 ], [ 13.85581, 53.05303 ] ] ] } },
{ "type": "Feature", "properties": { "boden": "100 % mittel, trocken (vermutet) (M3)" }, "geometry": { "type": "Polygon", "coordinates": [ [ [ 13.85749, 53.05386 ], [ 13.85707, 53.0538 ], [ 13.85664, 53.05389 ], [ 13.85652, 53.05402 ], [ 13.85656, 53.05419 ], [ 13.85669, 53.05418 ], [ 13.85749, 53.05386 ] ] ] } },
{ "type": "Feature", "properties": { "boden": "100 % kräftig, trocken (vermutet) (K3)" }, "geometry": { "type": "Polygon", "coordinates": [ [ [ 13.85749, 53.05386 ], [ 13.85669, 53.05418 ], [ 13.85657, 53.0542 ], [ 13.85665, 53.05421 ], [ 13.85705, 53.05407 ], [ 13.85783, 53.05392 ], [ 13.85749, 53.05386 ] ] ] } },
{ "type": "Feature", "properties": { "boden": "100 % kräftig, trocken (vermutet) (K3)" }, "geometry": { "type": "Polygon", "coordinates": [ [ [ 13.85845, 53.05414 ], [ 13.85812, 53.05417 ], [ 13.858, 53.05423 ], [ 13.85838, 53.05441 ], [ 13.8586, 53.0544 ], [ 13.8589, 53.0543 ], [ 13.85881, 53.05418 ], [ 13.85845, 53.05414 ] ] ] } },
{ "type": "Feature", "properties": { "boden": "100 % kräftig, trocken (vermutet) (K3)" }, "geometry": { "type": "Polygon", "coordinates": [ [ [ 13.86029, 53.05454 ], [ 13.86, 53.05463 ], [ 13.86002, 53.0547 ], [ 13.86046, 53.05476 ], [ 13.86063, 53.05471 ], [ 13.86059, 53.05457 ], [ 13.86029, 53.05454 ] ] ] } },
{ "type": "Feature", "properties": { "boden": "100 % kräftig, mäßig frisch (K2)" }, "geometry": { "type": "Polygon", "coordinates": [ [ [ 13.85425, 53.05637 ], [ 13.85409, 53.05626 ], [ 13.85411, 53.05616 ], [ 13.85423, 53.05609 ], [ 13.8544, 53.05608 ], [ 13.85455, 53.05613 ], [ 13.85459, 53.05619 ], [ 13.85476, 53.05609 ], [ 13.85459, 53.05598 ], [ 13.85461, 53.05588 ], [ 13.85473, 53.05581 ], [ 13.85489, 53.0558 ], [ 13.85505, 53.05585 ], [ 13.85511, 53.05593 ], [ 13.85507, 53.05601 ], [ 13.85544, 53.05605 ], [ 13.8554, 53.05582 ], [ 13.85552, 53.05575 ], [ 13.85569, 53.05574 ], [ 13.85584, 53.05579 ], [ 13.8559, 53.05589 ], [ 13.85571, 53.05609 ], [ 13.85606, 53.05631 ], [ 13.85609, 53.05617 ], [ 13.85651, 53.05593 ], [ 13.857, 53.05604 ], [ 13.85756, 53.05609 ], [ 13.85763, 53.05606 ], [ 13.85754, 53.05601 ], [ 13.85724, 53.05595 ], [ 13.8574, 53.05569 ], [ 13.85765, 53.05568 ], [ 13.85801, 53.0555 ], [ 13.85819, 53.05548 ], [ 13.85863, 53.0556 ], [ 13.85857, 53.05599 ], [ 13.85914, 53.05565 ], [ 13.86071, 53.05557 ], [ 13.86094, 53.05548 ], [ 13.86098, 53.05532 ], [ 13.86081, 53.05521 ], [ 13.86048, 53.05511 ], [ 13.85921, 53.05508 ], [ 13.85891, 53.05496 ], [ 13.85869, 53.05474 ], [ 13.85819, 53.05468 ], [ 13.85794, 53.05477 ], [ 13.85743, 53.05515 ], [ 13.85707, 53.05527 ], [ 13.85646, 53.0558 ], [ 13.85611, 53.05578 ], [ 13.85532, 53.05562 ], [ 13.85491, 53.05562 ], [ 13.85423, 53.05577 ], [ 13.85386, 53.056 ], [ 13.8537, 53.0562 ], [ 13.85368, 53.05639 ], [ 13.85379, 53.05654 ], [ 13.85391, 53.05646 ], [ 13.85409, 53.05644 ], [ 13.85425, 53.05637 ] ] ] } },
{ "type": "Feature", "properties": { "boden": "100 % kräftig, mäßig frisch (K2)" }, "geometry": { "type": "Polygon", "coordinates": [ [ [ 13.85571, 53.05609 ], [ 13.8559, 53.05589 ], [ 13.85584, 53.05579 ], [ 13.85569, 53.05574 ], [ 13.85552, 53.05575 ], [ 13.8554, 53.05582 ], [ 13.85544, 53.05605 ], [ 13.85571, 53.05609 ] ] ] } },
{ "type": "Feature", "properties": { "boden": "100 % mittel, nass (OM3)" }, "geometry": { "type": "Polygon", "coordinates": [ [ [ 13.85855, 53.05617 ], [ 13.85863, 53.0556 ], [ 13.85819, 53.05548 ], [ 13.85801, 53.0555 ], [ 13.85765, 53.05568 ], [ 13.8574, 53.05569 ], [ 13.85724, 53.05595 ], [ 13.85754, 53.05601 ], [ 13.85821, 53.05641 ], [ 13.85855, 53.05617 ] ] ] } },
{ "type": "Feature", "properties": { "boden": "100 % kräftig, mäßig frisch (K2)" }, "geometry": { "type": "Polygon", "coordinates": [ [ [ 13.85511, 53.05593 ], [ 13.85505, 53.05585 ], [ 13.85489, 53.0558 ], [ 13.85473, 53.05581 ], [ 13.85461, 53.05588 ], [ 13.85459, 53.05598 ], [ 13.85476, 53.05609 ], [ 13.85493, 53.056 ], [ 13.85507, 53.05601 ], [ 13.85511, 53.05593 ] ] ] } },
{ "type": "Feature", "properties": { "boden": "100 % kräftig, mäßig frisch (K2)" }, "geometry": { "type": "Polygon", "coordinates": [ [ [ 13.83673, 53.04627 ], [ 13.83656, 53.04628 ], [ 13.83645, 53.04635 ], [ 13.83643, 53.04645 ], [ 13.83652, 53.04655 ], [ 13.83668, 53.04658 ], [ 13.83688, 53.04653 ], [ 13.83694, 53.04642 ], [ 13.83688, 53.04632 ], [ 13.83673, 53.04627 ] ] ] } },
{ "type": "Feature", "properties": { "boden": "100 % kräftig, mäßig frisch (K2)" }, "geometry": { "type": "Polygon", "coordinates": [ [ [ 13.83479, 53.04722 ], [ 13.83472, 53.04703 ], [ 13.83459, 53.047 ], [ 13.83434, 53.04704 ], [ 13.83412, 53.04692 ], [ 13.83382, 53.04693 ], [ 13.83387, 53.04676 ], [ 13.83366, 53.04664 ], [ 13.83347, 53.04667 ], [ 13.83338, 53.04673 ], [ 13.83336, 53.04683 ], [ 13.8335, 53.04694 ], [ 13.83338, 53.04705 ], [ 13.83341, 53.04722 ], [ 13.83361, 53.04728 ], [ 13.83385, 53.04719 ], [ 13.83408, 53.04723 ], [ 13.8343, 53.04718 ], [ 13.83441, 53.04732 ], [ 13.83424, 53.04742 ], [ 13.83423, 53.04752 ], [ 13.83436, 53.04763 ], [ 13.83462, 53.04762 ], [ 13.83472, 53.04756 ], [ 13.83474, 53.04745 ], [ 13.83463, 53.04732 ], [ 13.83479, 53.04722 ] ] ] } },
{ "type": "Feature", "properties": { "boden": "100 % kräftig, mäßig frisch (K2)" }, "geometry": { "type": "Polygon", "coordinates": [ [ [ 13.83719, 53.0472 ], [ 13.83704, 53.04725 ], [ 13.83713, 53.04736 ], [ 13.83728, 53.04739 ], [ 13.83748, 53.04734 ], [ 13.83755, 53.04724 ], [ 13.83749, 53.04714 ], [ 13.83734, 53.04708 ], [ 13.83713, 53.04712 ], [ 13.83719, 53.0472 ] ] ] } },
{ "type": "Feature", "properties": { "boden": "100 % kräftig, mäßig frisch (K2)" }, "geometry": { "type": "Polygon", "coordinates": [ [ [ 13.83212, 53.04715 ], [ 13.83193, 53.04718 ], [ 13.83182, 53.04734 ], [ 13.83187, 53.0474 ], [ 13.83207, 53.04746 ], [ 13.83231, 53.04737 ], [ 13.83233, 53.04727 ], [ 13.83212, 53.04715 ] ] ] } },
{ "type": "Feature", "properties": { "boden": "100 % kräftig, mäßig frisch (K2)" }, "geometry": { "type": "Polygon", "coordinates": [ [ [ 13.83277, 53.04713 ], [ 13.83258, 53.04715 ], [ 13.83249, 53.04722 ], [ 13.83247, 53.04731 ], [ 13.8326, 53.04744 ], [ 13.83243, 53.04755 ], [ 13.83241, 53.04765 ], [ 13.83247, 53.04772 ], [ 13.83267, 53.04777 ], [ 13.83291, 53.04768 ], [ 13.83292, 53.04758 ], [ 13.83279, 53.04745 ], [ 13.83296, 53.04735 ], [ 13.83298, 53.04725 ], [ 13.83277, 53.04713 ] ] ] } },
{ "type": "Feature", "properties": { "boden": "100 % kräftig, mäßig frisch (K2)" }, "geometry": { "type": "Polygon", "coordinates": [ [ [ 13.83329, 53.0473 ], [ 13.83311, 53.04732 ], [ 13.833, 53.04749 ], [ 13.83305, 53.04755 ], [ 13.83325, 53.04761 ], [ 13.83349, 53.04752 ], [ 13.83351, 53.04742 ], [ 13.83329, 53.0473 ] ] ] } },
{ "type": "Feature", "properties": { "boden": "100 % kräftig, mäßig frisch (K2)" }, "geometry": { "type": "Polygon", "coordinates": [ [ [ 13.8365, 53.04743 ], [ 13.83648, 53.04753 ], [ 13.83658, 53.04762 ], [ 13.83673, 53.04766 ], [ 13.83693, 53.04761 ], [ 13.837, 53.0475 ], [ 13.83694, 53.0474 ], [ 13.83679, 53.04735 ], [ 13.8365, 53.04743 ] ] ] } },
{ "type": "Feature", "properties": { "boden": "100 % kräftig, mäßig frisch (K2)" }, "geometry": { "type": "Polygon", "coordinates": [ [ [ 13.83395, 53.04742 ], [ 13.83376, 53.04745 ], [ 13.83365, 53.04761 ], [ 13.8337, 53.04768 ], [ 13.8339, 53.04774 ], [ 13.83414, 53.04765 ], [ 13.83416, 53.04754 ], [ 13.83395, 53.04742 ] ] ] } },
{ "type": "Feature", "properties": { "boden": "100 % mittel, mäßig frisch (M2)" }, "geometry": { "type": "Polygon", "coordinates": [ [ [ 13.83424, 53.04986 ], [ 13.83523, 53.04998 ], [ 13.83574, 53.05012 ], [ 13.83576, 53.05005 ], [ 13.83558, 53.04997 ], [ 13.83462, 53.04977 ], [ 13.83434, 53.04977 ], [ 13.83424, 53.04986 ] ] ] } },
{ "type": "Feature", "properties": { "boden": "100 % mittel, mäßig frisch (M2)" }, "geometry": { "type": "Polygon", "coordinates": [ [ [ 13.83626, 53.05149 ], [ 13.83608, 53.05134 ], [ 13.83595, 53.05118 ], [ 13.83554, 53.05117 ], [ 13.83486, 53.05102 ], [ 13.83458, 53.05088 ], [ 13.83439, 53.05064 ], [ 13.83344, 53.05049 ], [ 13.83301, 53.05029 ], [ 13.83295, 53.05014 ], [ 13.83313, 53.05002 ], [ 13.83348, 53.04992 ], [ 13.83424, 53.04988 ], [ 13.83434, 53.04977 ], [ 13.83274, 53.04973 ], [ 13.83244, 53.04965 ], [ 13.83239, 53.0495 ], [ 13.83267, 53.04899 ], [ 13.83347, 53.04825 ], [ 13.83349, 53.04809 ], [ 13.83337, 53.04796 ], [ 13.83321, 53.04791 ], [ 13.83205, 53.04808 ], [ 13.83008, 53.04855 ], [ 13.82968, 53.0487 ], [ 13.82928, 53.04949 ], [ 13.8301, 53.05008 ], [ 13.8305, 53.05045 ], [ 13.8306, 53.0507 ], [ 13.831, 53.0507 ], [ 13.8315, 53.0506 ], [ 13.83165, 53.05064 ], [ 13.83164, 53.05074 ], [ 13.83146, 53.05083 ], [ 13.83056, 53.05107 ], [ 13.83597, 53.052 ], [ 13.83602, 53.05164 ], [ 13.83597, 53.05149 ], [ 13.83626, 53.05149 ] ], [ [ 13.83365, 53.05075 ], [ 13.83363, 53.05085 ], [ 13.83339, 53.05094 ], [ 13.83319, 53.05089 ], [ 13.83314, 53.05082 ], [ 13.83325, 53.05066 ], [ 13.83344, 53.05063 ], [ 13.83365, 53.05075 ] ] ] } },
{ "type": "Feature", "properties": { "boden": "50 % mittel, mäßig frisch (M2) · 50 % mittel, mäßig frisch (M2)" }, "geometry": { "type": "Polygon", "coordinates": [ [ [ 13.82353, 53.04939 ], [ 13.82337, 53.04941 ], [ 13.82327, 53.04957 ], [ 13.82332, 53.04964 ], [ 13.82352, 53.0497 ], [ 13.82372, 53.04963 ], [ 13.82353, 53.04939 ] ] ] } },
{ "type": "Feature", "properties": { "boden": "100 % arm, nass (OA3)" }, "geometry": { "type": "Polygon", "coordinates": [ [ [ 13.8239, 53.04985 ], [ 13.82428, 53.04994 ], [ 13.82421, 53.04979 ], [ 13.82407, 53.04976 ], [ 13.82389, 53.04978 ], [ 13.8239, 53.04985 ] ] ] } },
{ "type": "Feature", "properties": { "boden": "50 % mittel, mäßig frisch (M2) · 50 % mittel, mäßig frisch (M2)" }, "geometry": { "type": "Polygon", "coordinates": [ [ [ 13.8239, 53.04985 ], [ 13.82386, 53.0498 ], [ 13.8238, 53.04985 ], [ 13.82381, 53.04999 ], [ 13.82416, 53.05005 ], [ 13.82427, 53.04998 ], [ 13.82428, 53.04994 ], [ 13.8239, 53.04985 ] ] ] } },
{ "type": "Feature", "properties": { "boden": "100 % kräftig, mäßig frisch (K2)" }, "geometry": { "type": "Polygon", "coordinates": [ [ [ 13.82529, 53.05127 ], [ 13.82576, 53.05111 ], [ 13.82674, 53.05101 ], [ 13.82628, 53.05094 ], [ 13.82606, 53.05081 ], [ 13.82639, 53.05062 ], [ 13.82683, 53.05072 ], [ 13.82688, 53.05077 ], [ 13.82733, 53.05084 ], [ 13.82839, 53.05121 ], [ 13.82864, 53.05135 ], [ 13.82932, 53.05131 ], [ 13.82983, 53.05121 ], [ 13.83035, 53.05104 ], [ 13.83061, 53.05072 ], [ 13.8305, 53.05045 ], [ 13.8301, 53.05008 ], [ 13.82928, 53.04949 ], [ 13.82968, 53.0487 ], [ 13.82835, 53.04884 ], [ 13.82754, 53.04901 ], [ 13.82677, 53.04933 ], [ 13.826, 53.04976 ], [ 13.82527, 53.05009 ], [ 13.8249, 53.05016 ], [ 13.82291, 53.04983 ], [ 13.82241, 53.04982 ], [ 13.82174, 53.04989 ], [ 13.82191, 53.05037 ], [ 13.82185, 53.05073 ], [ 13.82229, 53.0508 ], [ 13.82262, 53.05092 ], [ 13.82279, 53.05104 ], [ 13.8228, 53.0512 ], [ 13.82322, 53.05122 ], [ 13.82381, 53.05137 ], [ 13.82382, 53.05132 ], [ 13.82398, 53.05124 ], [ 13.82421, 53.05132 ], [ 13.8247, 53.05139 ], [ 13.82529, 53.05127 ] ], [ [ 13.82389, 53.05038 ], [ 13.82393, 53.0505 ], [ 13.82376, 53.05057 ], [ 13.82343, 53.05053 ], [ 13.82334, 53.05036 ], [ 13.82348, 53.0503 ], [ 13.82373, 53.05031 ], [ 13.82389, 53.05038 ] ] ] } },
{ "type": "Feature", "properties": { "boden": "100 % kräftig, mäßig frisch (K2)" }, "geometry": { "type": "Polygon", "coordinates": [ [ [ 13.82348, 53.0503 ], [ 13.82334, 53.05036 ], [ 13.82343, 53.05053 ], [ 13.82376, 53.05057 ], [ 13.8239, 53.05053 ], [ 13.82389, 53.05038 ], [ 13.82373, 53.05031 ], [ 13.82348, 53.0503 ] ] ] } },
{ "type": "Feature", "properties": { "boden": "100 % arm, nass (OA3)" }, "geometry": { "type": "Polygon", "coordinates": [ [ [ 13.82683, 53.05072 ], [ 13.82639, 53.05062 ], [ 13.82606, 53.05081 ], [ 13.82628, 53.05094 ], [ 13.82674, 53.05101 ], [ 13.82688, 53.05077 ], [ 13.82683, 53.05072 ] ] ] } },
{ "type": "Feature", "properties": { "boden": "100 % kräftig, mäßig frisch (K2)" }, "geometry": { "type": "Polygon", "coordinates": [ [ [ 13.82688, 53.05077 ], [ 13.82674, 53.05101 ], [ 13.82618, 53.05105 ], [ 13.82667, 53.05106 ], [ 13.82709, 53.05098 ], [ 13.82727, 53.05083 ], [ 13.82688, 53.05077 ] ] ] } },
{ "type": "Feature", "properties": { "boden": "100 % kräftig, mäßig frisch (K2)" }, "geometry": { "type": "Polygon", "coordinates": [ [ [ 13.82398, 53.05124 ], [ 13.82382, 53.05132 ], [ 13.82381, 53.05137 ], [ 13.82422, 53.05151 ], [ 13.82421, 53.05132 ], [ 13.82398, 53.05124 ] ] ] } },
{ "type": "Feature", "properties": { "boden": "100 % kräftig, mäßig frisch (K2)" }, "geometry": { "type": "Polygon", "coordinates": [ [ [ 13.8247, 53.05139 ], [ 13.82573, 53.05158 ], [ 13.82595, 53.05186 ], [ 13.82595, 53.05168 ], [ 13.82585, 53.05157 ], [ 13.82526, 53.05127 ], [ 13.8247, 53.05139 ] ] ] } },
{ "type": "Feature", "properties": { "boden": "100 % kräftig, mäßig frisch (K2)" }, "geometry": { "type": "Polygon", "coordinates": [ [ [ 13.82474, 53.05164 ], [ 13.82433, 53.05163 ], [ 13.82422, 53.05151 ], [ 13.82381, 53.05137 ], [ 13.82386, 53.05148 ], [ 13.82406, 53.05154 ], [ 13.82403, 53.05167 ], [ 13.82408, 53.05174 ], [ 13.82428, 53.0518 ], [ 13.82442, 53.05177 ], [ 13.82454, 53.05188 ], [ 13.82473, 53.05194 ], [ 13.82497, 53.05185 ], [ 13.82499, 53.05174 ], [ 13.82495, 53.05169 ], [ 13.82474, 53.05164 ] ] ] } },
{ "type": "Feature", "properties": { "boden": "50 % mittel, mäßig frisch (M2) · 50 % mittel, mäßig frisch (M2)" }, "geometry": { "type": "Polygon", "coordinates": [ [ [ 13.82135, 53.04808 ], [ 13.82119, 53.04816 ], [ 13.82117, 53.04825 ], [ 13.8213, 53.04836 ], [ 13.82156, 53.04836 ], [ 13.82167, 53.04821 ], [ 13.82135, 53.04808 ] ] ] } },
{ "type": "Feature", "properties": { "boden": "50 % mittel, mäßig frisch (M2) · 50 % mittel, mäßig frisch (M2)" }, "geometry": { "type": "Polygon", "coordinates": [ [ [ 13.82219, 53.04851 ], [ 13.82189, 53.0483 ], [ 13.82171, 53.04838 ], [ 13.8217, 53.04848 ], [ 13.82183, 53.04859 ], [ 13.82209, 53.04858 ], [ 13.82219, 53.04851 ] ] ] } },
{ "type": "Feature", "properties": { "boden": "100 % arm, nass (OA3)" }, "geometry": { "type": "Polygon", "coordinates": [ [ [ 13.82041, 53.05039 ], [ 13.82, 53.05041 ], [ 13.81974, 53.05052 ], [ 13.81964, 53.05064 ], [ 13.81965, 53.05076 ], [ 13.82022, 53.05099 ], [ 13.82037, 53.05088 ], [ 13.82037, 53.0507 ], [ 13.82089, 53.05047 ], [ 13.82041, 53.05039 ] ] ] } },
{ "type": "Feature", "properties": { "boden": "100 % arm, nass (OA3)" }, "geometry": { "type": "Polygon", "coordinates": [ [ [ 13.82279, 53.05104 ], [ 13.82262, 53.05092 ], [ 13.82229, 53.0508 ], [ 13.82185, 53.05073 ], [ 13.82161, 53.05091 ], [ 13.82125, 53.05064 ], [ 13.82089, 53.05047 ], [ 13.82141, 53.0512 ], [ 13.82151, 53.05122 ], [ 13.82211, 53.05094 ], [ 13.82257, 53.05102 ], [ 13.8228, 53.0512 ], [ 13.82279, 53.05104 ] ] ] } },
{ "type": "Feature", "properties": { "boden": "100 % kräftig, mäßig frisch (K2)" }, "geometry": { "type": "Polygon", "coordinates": [ [ [ 13.81972, 53.05152 ], [ 13.81949, 53.05167 ], [ 13.81943, 53.05196 ], [ 13.81955, 53.05217 ], [ 13.81986, 53.05229 ], [ 13.81977, 53.05216 ], [ 13.8198, 53.0518 ], [ 13.81988, 53.05171 ], [ 13.81983, 53.0515 ], [ 13.81972, 53.05152 ] ] ] } },
{ "type": "Feature", "properties": { "boden": "100 % kräftig, mäßig frisch (K2)" }, "geometry": { "type": "Polygon", "coordinates": [ [ [ 13.82284, 53.05243 ], [ 13.82175, 53.05249 ], [ 13.82081, 53.05249 ], [ 13.82104, 53.05269 ], [ 13.82135, 53.05274 ], [ 13.82212, 53.05262 ], [ 13.82304, 53.0526 ], [ 13.82331, 53.05255 ], [ 13.82284, 53.05243 ] ] ] } },
{ "type": "Feature", "properties": { "boden": "100 % kräftig, mäßig frisch (K2)" }, "geometry": { "type": "Polygon", "coordinates": [ [ [ 13.82077, 53.05412 ], [ 13.82058, 53.05414 ], [ 13.82047, 53.05431 ], [ 13.82052, 53.05437 ], [ 13.82072, 53.05443 ], [ 13.82096, 53.05434 ], [ 13.82098, 53.05424 ], [ 13.82077, 53.05412 ] ] ] } },
{ "type": "Feature", "properties": { "boden": "100 % kräftig, mäßig frisch (K2)" }, "geometry": { "type": "Polygon", "coordinates": [ [ [ 13.81879, 53.05419 ], [ 13.8186, 53.05422 ], [ 13.81849, 53.05438 ], [ 13.81855, 53.05445 ], [ 13.81874, 53.05451 ], [ 13.81898, 53.05442 ], [ 13.819, 53.05431 ], [ 13.81879, 53.05419 ] ] ] } },
{ "type": "Feature", "properties": { "boden": "100 % kräftig, mäßig frisch (K2)" }, "geometry": { "type": "Polygon", "coordinates": [ [ [ 13.81988, 53.05423 ], [ 13.81969, 53.05426 ], [ 13.81958, 53.05442 ], [ 13.81963, 53.05449 ], [ 13.81983, 53.05454 ], [ 13.82007, 53.05446 ], [ 13.82009, 53.05435 ], [ 13.81988, 53.05423 ] ] ] } },
{ "type": "Feature", "properties": { "boden": "100 % kräftig, mäßig frisch (K2)" }, "geometry": { "type": "Polygon", "coordinates": [ [ [ 13.82201, 53.05426 ], [ 13.8218, 53.0544 ], [ 13.82178, 53.05449 ], [ 13.82183, 53.05456 ], [ 13.82203, 53.05462 ], [ 13.82227, 53.05453 ], [ 13.82229, 53.05443 ], [ 13.82227, 53.0543 ], [ 13.82201, 53.05426 ] ] ] } },
{ "type": "Feature", "properties": { "boden": "100 % arm, nass (OA3)" }, "geometry": { "type": "Polygon", "coordinates": [ [ [ 13.82593, 53.05204 ], [ 13.82594, 53.05179 ], [ 13.82573, 53.05158 ], [ 13.82442, 53.05133 ], [ 13.82421, 53.05132 ], [ 13.82422, 53.05152 ], [ 13.82433, 53.05163 ], [ 13.82474, 53.05164 ], [ 13.82495, 53.05169 ], [ 13.82577, 53.05202 ], [ 13.82593, 53.05204 ] ] ] } },
{ "type": "Feature", "properties": { "boden": "100 % kräftig, mäßig frisch (K2)" }, "geometry": { "type": "Polygon", "coordinates": [ [ [ 13.82519, 53.05178 ], [ 13.82506, 53.05185 ], [ 13.8251, 53.05201 ], [ 13.8253, 53.05207 ], [ 13.82544, 53.05205 ], [ 13.82554, 53.05196 ], [ 13.82519, 53.05178 ] ] ] } },
{ "type": "Feature", "properties": { "boden": "100 % kräftig, mäßig frisch (K2)" }, "geometry": { "type": "Polygon", "coordinates": [ [ [ 13.82905, 53.05246 ], [ 13.82921, 53.05226 ], [ 13.83074, 53.05179 ], [ 13.83105, 53.05185 ], [ 13.83145, 53.05171 ], [ 13.83141, 53.05159 ], [ 13.83098, 53.05164 ], [ 13.83007, 53.05163 ], [ 13.82957, 53.05179 ], [ 13.82846, 53.052 ], [ 13.82842, 53.05213 ], [ 13.82876, 53.0524 ], [ 13.82907, 53.05249 ], [ 13.82953, 53.0525 ], [ 13.82905, 53.05246 ] ] ] } },
{ "type": "Feature", "properties": { "boden": "100 % kräftig, mäßig frisch (K2)" }, "geometry": { "type": "Polygon", "coordinates": [ [ [ 13.82593, 53.05204 ], [ 13.82577, 53.05202 ], [ 13.82576, 53.05206 ], [ 13.82582, 53.05213 ], [ 13.82601, 53.05218 ], [ 13.82625, 53.05209 ], [ 13.82627, 53.05199 ], [ 13.82606, 53.05187 ], [ 13.82594, 53.05189 ], [ 13.82593, 53.05204 ] ] ] } },
{ "type": "Feature", "properties": { "boden": "100 % arm, nass (OA3)" }, "geometry": { "type": "Polygon", "coordinates": [ [ [ 13.83127, 53.05213 ], [ 13.83167, 53.05207 ], [ 13.83203, 53.05181 ], [ 13.83165, 53.05169 ], [ 13.83145, 53.05171 ], [ 13.83105, 53.05185 ], [ 13.83074, 53.05179 ], [ 13.82921, 53.05226 ], [ 13.82905, 53.05246 ], [ 13.82974, 53.05252 ], [ 13.8306, 53.05237 ], [ 13.83105, 53.05224 ], [ 13.83127, 53.05213 ] ] ] } },
{ "type": "Feature", "properties": { "boden": "100 % kräftig, trocken (vermutet) (K3)" }, "geometry": { "type": "Polygon", "coordinates": [ [ [ 13.82697, 53.05255 ], [ 13.82647, 53.0526 ], [ 13.82642, 53.05272 ], [ 13.8265, 53.05283 ], [ 13.82721, 53.05292 ], [ 13.8276, 53.05287 ], [ 13.82755, 53.05273 ], [ 13.82742, 53.05262 ], [ 13.82697, 53.05255 ] ] ] } },
{ "type": "Feature", "properties": { "boden": "100 % kräftig, mäßig frisch (K2)" }, "geometry": { "type": "Polygon", "coordinates": [ [ [ 13.82367, 53.05246 ], [ 13.82385, 53.0527 ], [ 13.82469, 53.05304 ], [ 13.82504, 53.05308 ], [ 13.82525, 53.05302 ], [ 13.8252, 53.05289 ], [ 13.82475, 53.05269 ], [ 13.82456, 53.05265 ], [ 13.8242, 53.05266 ], [ 13.82379, 53.05247 ], [ 13.82367, 53.05246 ] ] ] } },
{ "type": "Feature", "properties": { "boden": "100 % kräftig, trocken (vermutet) (K3)" }, "geometry": { "type": "Polygon", "coordinates": [ [ [ 13.82255, 53.05268 ], [ 13.82211, 53.05275 ], [ 13.82204, 53.05284 ], [ 13.8221, 53.05294 ], [ 13.8224, 53.05298 ], [ 13.82278, 53.05292 ], [ 13.82287, 53.05286 ], [ 13.82282, 53.05275 ], [ 13.82255, 53.05268 ] ] ] } },
{ "type": "Feature", "properties": { "boden": "100 % kräftig, mäßig frisch (K2)" }, "geometry": { "type": "Polygon", "coordinates": [ [ [ 13.82872, 53.05342 ], [ 13.82859, 53.05324 ], [ 13.82872, 53.05302 ], [ 13.82915, 53.05285 ], [ 13.83006, 53.05278 ], [ 13.83032, 53.05272 ], [ 13.83055, 53.05259 ], [ 13.83101, 53.05246 ], [ 13.83105, 53.05224 ], [ 13.8306, 53.05237 ], [ 13.82974, 53.05252 ], [ 13.82926, 53.05251 ], [ 13.82891, 53.05245 ], [ 13.82853, 53.05226 ], [ 13.82842, 53.05213 ], [ 13.82846, 53.052 ], [ 13.82957, 53.05179 ], [ 13.83007, 53.05163 ], [ 13.83098, 53.05164 ], [ 13.83141, 53.05159 ], [ 13.83129, 53.0512 ], [ 13.83035, 53.05104 ], [ 13.82983, 53.05121 ], [ 13.82932, 53.05131 ], [ 13.82864, 53.05135 ], [ 13.82839, 53.05121 ], [ 13.82727, 53.05083 ], [ 13.82698, 53.05102 ], [ 13.82576, 53.05111 ], [ 13.82526, 53.05127 ], [ 13.82585, 53.05157 ], [ 13.82599, 53.05182 ], [ 13.82594, 53.05189 ], [ 13.82619, 53.05191 ], [ 13.82627, 53.05199 ], [ 13.82625, 53.05209 ], [ 13.82601, 53.05218 ], [ 13.82582, 53.05213 ], [ 13.82577, 53.05202 ], [ 13.82554, 53.05196 ], [ 13.82544, 53.05205 ], [ 13.82518, 53.05205 ], [ 13.82505, 53.05194 ], [ 13.82506, 53.05185 ], [ 13.82519, 53.05178 ], [ 13.82495, 53.05169 ], [ 13.82497, 53.05185 ], [ 13.82488, 53.05191 ], [ 13.82462, 53.05192 ], [ 13.82442, 53.05177 ], [ 13.82428, 53.0518 ], [ 13.82408, 53.05174 ], [ 13.82403, 53.05167 ], [ 13.82406, 53.05154 ], [ 13.82386, 53.05148 ], [ 13.82381, 53.05137 ], [ 13.82322, 53.05122 ], [ 13.8228, 53.0512 ], [ 13.82276, 53.05159 ], [ 13.82311, 53.05207 ], [ 13.82367, 53.05246 ], [ 13.82402, 53.0526 ], [ 13.8242, 53.05266 ], [ 13.82456, 53.05265 ], [ 13.82475, 53.05269 ], [ 13.82505, 53.05281 ], [ 13.82526, 53.05296 ], [ 13.82518, 53.05306 ], [ 13.82504, 53.05308 ], [ 13.82469, 53.05304 ], [ 13.82423, 53.05282 ], [ 13.82331, 53.05255 ], [ 13.82304, 53.0526 ], [ 13.82212, 53.05262 ], [ 13.82135, 53.05274 ], [ 13.82104, 53.05269 ], [ 13.82081, 53.05249 ], [ 13.82046, 53.05249 ], [ 13.81963, 53.05223 ], [ 13.8195, 53.0521 ], [ 13.81942, 53.05181 ], [ 13.81954, 53.05161 ], [ 13.81983, 53.0515 ], [ 13.81965, 53.05076 ], [ 13.8193, 53.05066 ], [ 13.81941, 53.05237 ], [ 13.81936, 53.05303 ], [ 13.81923, 53.05338 ], [ 13.81897, 53.05375 ], [ 13.82037, 53.054 ], [ 13.82034, 53.0539 ], [ 13.82046, 53.05375 ], [ 13.82105, 53.05331 ], [ 13.8214, 53.05333 ], [ 13.82173, 53.05344 ], [ 13.82195, 53.05347 ], [ 13.82334, 53.05313 ], [ 13.8239, 53.05314 ], [ 13.82423, 53.0532 ], [ 13.82483, 53.05346 ], [ 13.82519, 53.05355 ], [ 13.82527, 53.05359 ], [ 13.82524, 53.05363 ], [ 13.82493, 53.05373 ], [ 13.8249, 53.05387 ], [ 13.82459, 53.05394 ], [ 13.82429, 53.05394 ], [ 13.82375, 53.05381 ], [ 13.82282, 53.05393 ], [ 13.8226, 53.05387 ], [ 13.82227, 53.05367 ], [ 13.82195, 53.05361 ], [ 13.82179, 53.05366 ], [ 13.82167, 53.05382 ], [ 13.82153, 53.05387 ], [ 13.8213, 53.05384 ], [ 13.82103, 53.05374 ], [ 13.82095, 53.05403 ], [ 13.82063, 53.05404 ], [ 13.82651, 53.05503 ], [ 13.82685, 53.05492 ], [ 13.82725, 53.05358 ], [ 13.82734, 53.05351 ], [ 13.82872, 53.05342 ] ], [ [ 13.82688, 53.05315 ], [ 13.82712, 53.05323 ], [ 13.82715, 53.05331 ], [ 13.82699, 53.05336 ], [ 13.82654, 53.05336 ], [ 13.82621, 53.05325 ], [ 13.82606, 53.05308 ], [ 13.82623, 53.05306 ], [ 13.82688, 53.05315 ] ], [ [ 13.82278, 53.05272 ], [ 13.82287, 53.05282 ], [ 13.82278, 53.05292 ], [ 13.8224, 53.05298 ], [ 13.82218, 53.05296 ], [ 13.82206, 53.05289 ], [ 13.82206, 53.05279 ], [ 13.8222, 53.05272 ], [ 13.82255, 53.05268 ], [ 13.82278, 53.05272 ] ], [ [ 13.82731, 53.05258 ], [ 13.82755, 53.05273 ], [ 13.8276, 53.05287 ], [ 13.82753, 53.0529 ], [ 13.82674, 53.05289 ], [ 13.8265, 53.05283 ], [ 13.82642, 53.05272 ], [ 13.82642, 53.05264 ], [ 13.82658, 53.05258 ], [ 13.82697, 53.05255 ], [ 13.82731, 53.05258 ] ] ] } },
{ "type": "Feature", "properties": { "boden": "100 % kräftig, trocken (vermutet) (K3)" }, "geometry": { "type": "Polygon", "coordinates": [ [ [ 13.82872, 53.05342 ], [ 13.83087, 53.05326 ], [ 13.83101, 53.05246 ], [ 13.83055, 53.05259 ], [ 13.83022, 53.05275 ], [ 13.829, 53.05289 ], [ 13.82862, 53.05311 ], [ 13.82859, 53.05324 ], [ 13.82872, 53.05342 ] ] ] } },
{ "type": "Feature", "properties": { "boden": "100 % kräftig, mäßig frisch (K2)" }, "geometry": { "type": "Polygon", "coordinates": [ [ [ 13.82623, 53.05306 ], [ 13.82606, 53.05308 ], [ 13.82611, 53.05317 ], [ 13.82642, 53.05333 ], [ 13.82672, 53.05337 ], [ 13.82715, 53.05331 ], [ 13.82703, 53.05319 ], [ 13.82623, 53.05306 ] ] ] } },
{ "type": "Feature", "properties": { "boden": "100 % mittel, trocken (vermutet) (M3)" }, "geometry": { "type": "Polygon", "coordinates": [ [ [ 13.83001, 53.05333 ], [ 13.82872, 53.05342 ], [ 13.82891, 53.05354 ], [ 13.82915, 53.05359 ], [ 13.82942, 53.05357 ], [ 13.83001, 53.05333 ] ] ] } },
{ "type": "Feature", "properties": { "boden": "100 % kräftig, trocken (vermutet) (K3)" }, "geometry": { "type": "Polygon", "coordinates": [ [ [ 13.82063, 53.05404 ], [ 13.82095, 53.05403 ], [ 13.82103, 53.05374 ], [ 13.8213, 53.05384 ], [ 13.82153, 53.05387 ], [ 13.82167, 53.05382 ], [ 13.82179, 53.05366 ], [ 13.82195, 53.05361 ], [ 13.82227, 53.05367 ], [ 13.8226, 53.05387 ], [ 13.82282, 53.05393 ], [ 13.82375, 53.05381 ], [ 13.82429, 53.05394 ], [ 13.82459, 53.05394 ], [ 13.8249, 53.05387 ], [ 13.82493, 53.05373 ], [ 13.82527, 53.05359 ], [ 13.82483, 53.05346 ], [ 13.82423, 53.0532 ], [ 13.82371, 53.05313 ], [ 13.82313, 53.05317 ], [ 13.82195, 53.05347 ], [ 13.82173, 53.05344 ], [ 13.8214, 53.05333 ], [ 13.82105, 53.05331 ], [ 13.82034, 53.0539 ], [ 13.82037, 53.054 ], [ 13.82063, 53.05404 ] ] ] } },
{ "type": "Feature", "properties": { "boden": "100 % kräftig, mäßig frisch (K2)" }, "geometry": { "type": "Polygon", "coordinates": [ [ [ 13.83032, 53.0541 ], [ 13.83032, 53.05448 ], [ 13.83069, 53.05454 ], [ 13.83055, 53.05438 ], [ 13.83064, 53.05434 ], [ 13.83059, 53.0542 ], [ 13.83082, 53.05412 ], [ 13.831, 53.05427 ], [ 13.83096, 53.05449 ], [ 13.83071, 53.05455 ], [ 13.831, 53.05449 ], [ 13.83106, 53.05412 ], [ 13.83099, 53.05397 ], [ 13.8308, 53.05381 ], [ 13.8305, 53.05382 ], [ 13.83032, 53.0541 ] ] ] } },
{ "type": "Feature", "properties": { "boden": "100 % kräftig, mäßig frisch (K2)" }, "geometry": { "type": "Polygon", "coordinates": [ [ [ 13.82358, 53.05461 ], [ 13.8234, 53.05464 ], [ 13.82329, 53.0548 ], [ 13.82334, 53.05487 ], [ 13.82354, 53.05493 ], [ 13.82378, 53.05484 ], [ 13.8238, 53.05473 ], [ 13.82358, 53.05461 ] ] ] } },
{ "type": "Feature", "properties": { "boden": "100 % kräftig, mäßig frisch (K2)" }, "geometry": { "type": "Polygon", "coordinates": [ [ [ 13.82264, 53.05466 ], [ 13.82246, 53.05468 ], [ 13.82235, 53.05484 ], [ 13.8224, 53.05491 ], [ 13.8226, 53.05497 ], [ 13.82284, 53.05488 ], [ 13.82286, 53.05478 ], [ 13.82264, 53.05466 ] ] ] } },
{ "type": "Feature", "properties": { "boden": "100 % mittel, mäßig frisch (M2)" }, "geometry": { "type": "Polygon", "coordinates": [ [ [ 13.83159, 53.0551 ], [ 13.83098, 53.05504 ], [ 13.83062, 53.05496 ], [ 13.83043, 53.05475 ], [ 13.83032, 53.05446 ], [ 13.83032, 53.0541 ], [ 13.83087, 53.05326 ], [ 13.83001, 53.05333 ], [ 13.82942, 53.05357 ], [ 13.82915, 53.05359 ], [ 13.82891, 53.05354 ], [ 13.82872, 53.05342 ], [ 13.82734, 53.05351 ], [ 13.82725, 53.05358 ], [ 13.82685, 53.05492 ], [ 13.82651, 53.05503 ], [ 13.82582, 53.05649 ], [ 13.82621, 53.0562 ], [ 13.82646, 53.05612 ], [ 13.82747, 53.05637 ], [ 13.8278, 53.05633 ], [ 13.82817, 53.05619 ], [ 13.82896, 53.05607 ], [ 13.82908, 53.05585 ], [ 13.82924, 53.05578 ], [ 13.82948, 53.0558 ], [ 13.82992, 53.05612 ], [ 13.83089, 53.05646 ], [ 13.83159, 53.0551 ] ] ] } },
{ "type": "Feature", "properties": { "boden": "100 % kräftig, mäßig frisch (K2)" }, "geometry": { "type": "Polygon", "coordinates": [ [ [ 13.82476, 53.05473 ], [ 13.82451, 53.05487 ], [ 13.82449, 53.05497 ], [ 13.82455, 53.05504 ], [ 13.82475, 53.0551 ], [ 13.82498, 53.05501 ], [ 13.825, 53.05477 ], [ 13.82476, 53.05473 ] ] ] } },
{ "type": "Feature", "properties": { "boden": "100 % kräftig, mäßig frisch (K2)" }, "geometry": { "type": "Polygon", "coordinates": [ [ [ 13.82571, 53.0549 ], [ 13.82543, 53.05501 ], [ 13.82541, 53.05511 ], [ 13.82547, 53.05518 ], [ 13.82566, 53.05524 ], [ 13.8259, 53.05515 ], [ 13.82594, 53.05493 ], [ 13.82571, 53.0549 ] ] ] } },
{ "type": "Feature", "properties": { "boden": "100 % kräftig, mäßig frisch (K2)" }, "geometry": { "type": "Polygon", "coordinates": [ [ [ 13.82348, 53.05506 ], [ 13.82329, 53.05509 ], [ 13.82318, 53.05525 ], [ 13.82323, 53.05532 ], [ 13.82343, 53.05538 ], [ 13.82367, 53.05529 ], [ 13.82369, 53.05518 ], [ 13.82348, 53.05506 ] ] ] } },
{ "type": "Feature", "properties": { "boden": "100 % kräftig, mäßig frisch (K2)" }, "geometry": { "type": "Polygon", "coordinates": [ [ [ 13.82143, 53.05442 ], [ 13.82124, 53.05445 ], [ 13.82113, 53.05461 ], [ 13.82119, 53.05467 ], [ 13.82138, 53.05473 ], [ 13.82162, 53.05464 ], [ 13.82164, 53.05454 ], [ 13.82143, 53.05442 ] ] ] } },
{ "type": "Feature", "properties": { "boden": "100 % kräftig, mäßig frisch (K2)" }, "geometry": { "type": "Polygon", "coordinates": [ [ [ 13.82089, 53.0551 ], [ 13.82049, 53.05512 ], [ 13.82038, 53.05515 ], [ 13.82039, 53.0552 ], [ 13.82074, 53.05537 ], [ 13.82136, 53.05543 ], [ 13.82154, 53.05541 ], [ 13.8216, 53.05536 ], [ 13.82149, 53.05524 ], [ 13.82089, 53.0551 ] ] ] } },
{ "type": "Feature", "properties": { "boden": "100 % kräftig, mäßig frisch (K2)" }, "geometry": { "type": "Polygon", "coordinates": [ [ [ 13.82493, 53.0578 ], [ 13.8255, 53.05718 ], [ 13.82625, 53.05557 ], [ 13.82599, 53.05563 ], [ 13.82588, 53.05561 ], [ 13.82574, 53.0555 ], [ 13.82576, 53.05541 ], [ 13.82585, 53.05534 ], [ 13.82604, 53.05532 ], [ 13.82632, 53.05544 ], [ 13.82651, 53.05503 ], [ 13.82594, 53.05493 ], [ 13.8259, 53.05515 ], [ 13.82581, 53.05521 ], [ 13.82555, 53.05522 ], [ 13.82541, 53.05511 ], [ 13.82543, 53.05501 ], [ 13.82571, 53.0549 ], [ 13.825, 53.05477 ], [ 13.82498, 53.05501 ], [ 13.82489, 53.05507 ], [ 13.82463, 53.05508 ], [ 13.82449, 53.05497 ], [ 13.82451, 53.05487 ], [ 13.82476, 53.05473 ], [ 13.82227, 53.0543 ], [ 13.82227, 53.05453 ], [ 13.82217, 53.05459 ], [ 13.82192, 53.0546 ], [ 13.82178, 53.05449 ], [ 13.8218, 53.0544 ], [ 13.82201, 53.05426 ], [ 13.81897, 53.05375 ], [ 13.81851, 53.05418 ], [ 13.81621, 53.05677 ], [ 13.8156, 53.05728 ], [ 13.8162, 53.0577 ], [ 13.81632, 53.05769 ], [ 13.81735, 53.05792 ], [ 13.81867, 53.05807 ], [ 13.81959, 53.05811 ], [ 13.82186, 53.05777 ], [ 13.82413, 53.05783 ], [ 13.82459, 53.05777 ], [ 13.82493, 53.0578 ] ], [ [ 13.8194, 53.05539 ], [ 13.81933, 53.05566 ], [ 13.81913, 53.05584 ], [ 13.81858, 53.0561 ], [ 13.81839, 53.05628 ], [ 13.81772, 53.05655 ], [ 13.81769, 53.05684 ], [ 13.81762, 53.0569 ], [ 13.81734, 53.05693 ], [ 13.81709, 53.05688 ], [ 13.81676, 53.0567 ], [ 13.8167, 53.05663 ], [ 13.81671, 53.05648 ], [ 13.81696, 53.05615 ], [ 13.81714, 53.05604 ], [ 13.8177, 53.05584 ], [ 13.81866, 53.05565 ], [ 13.81921, 53.05533 ], [ 13.81936, 53.05535 ], [ 13.8194, 53.05539 ] ], [ [ 13.82438, 53.05546 ], [ 13.82436, 53.05557 ], [ 13.82412, 53.05566 ], [ 13.82392, 53.0556 ], [ 13.82387, 53.05553 ], [ 13.82398, 53.05537 ], [ 13.82416, 53.05534 ], [ 13.82438, 53.05546 ] ], [ [ 13.82369, 53.05518 ], [ 13.82367, 53.05529 ], [ 13.82343, 53.05538 ], [ 13.82323, 53.05532 ], [ 13.82318, 53.05525 ], [ 13.82329, 53.05509 ], [ 13.82348, 53.05506 ], [ 13.82369, 53.05518 ] ], [ [ 13.8213, 53.05517 ], [ 13.82158, 53.0553 ], [ 13.82154, 53.05541 ], [ 13.82074, 53.05537 ], [ 13.82051, 53.05529 ], [ 13.82038, 53.05515 ], [ 13.82089, 53.0551 ], [ 13.8213, 53.05517 ] ], [ [ 13.82488, 53.05535 ], [ 13.82509, 53.05547 ], [ 13.82507, 53.05557 ], [ 13.82498, 53.05564 ], [ 13.82483, 53.05566 ], [ 13.82464, 53.0556 ], [ 13.8246, 53.05544 ], [ 13.82469, 53.05537 ], [ 13.82488, 53.05535 ] ], [ [ 13.82286, 53.05478 ], [ 13.82284, 53.05488 ], [ 13.8226, 53.05497 ], [ 13.8224, 53.05491 ], [ 13.82235, 53.05484 ], [ 13.82246, 53.05468 ], [ 13.82264, 53.05466 ], [ 13.82286, 53.05478 ] ], [ [ 13.82164, 53.05454 ], [ 13.82162, 53.05464 ], [ 13.82138, 53.05473 ], [ 13.82119, 53.05467 ], [ 13.82113, 53.05461 ], [ 13.82124, 53.05445 ], [ 13.82143, 53.05442 ], [ 13.82164, 53.05454 ] ], [ [ 13.82098, 53.05424 ], [ 13.82096, 53.05434 ], [ 13.82072, 53.05443 ], [ 13.82052, 53.05437 ], [ 13.82047, 53.05431 ], [ 13.82058, 53.05414 ], [ 13.82077, 53.05412 ], [ 13.82098, 53.05424 ] ], [ [ 13.819, 53.05431 ], [ 13.81898, 53.05442 ], [ 13.81874, 53.05451 ], [ 13.81855, 53.05445 ], [ 13.81849, 53.05438 ], [ 13.8186, 53.05422 ], [ 13.81879, 53.05419 ], [ 13.819, 53.05431 ] ], [ [ 13.82009, 53.05435 ], [ 13.82007, 53.05446 ], [ 13.81983, 53.05454 ], [ 13.81963, 53.05449 ], [ 13.81958, 53.05442 ], [ 13.81969, 53.05426 ], [ 13.81988, 53.05423 ], [ 13.82009, 53.05435 ] ], [ [ 13.8238, 53.05473 ], [ 13.82378, 53.05484 ], [ 13.82354, 53.05493 ], [ 13.82334, 53.05487 ], [ 13.82329, 53.0548 ], [ 13.8234, 53.05464 ], [ 13.82358, 53.05461 ], [ 13.8238, 53.05473 ] ] ] } },
{ "type": "Feature", "properties": { "boden": "100 % kräftig, mäßig frisch (K2)" }, "geometry": { "type": "Polygon", "coordinates": [ [ [ 13.81929, 53.05532 ], [ 13.81914, 53.05536 ], [ 13.81897, 53.0555 ], [ 13.81866, 53.05565 ], [ 13.8177, 53.05584 ], [ 13.81714, 53.05604 ], [ 13.81696, 53.05615 ], [ 13.81671, 53.05648 ], [ 13.8167, 53.05663 ], [ 13.81676, 53.0567 ], [ 13.81709, 53.05688 ], [ 13.81734, 53.05693 ], [ 13.81762, 53.0569 ], [ 13.81769, 53.05684 ], [ 13.81769, 53.05663 ], [ 13.81781, 53.05649 ], [ 13.81839, 53.05628 ], [ 13.81858, 53.0561 ], [ 13.81924, 53.05576 ], [ 13.81941, 53.05546 ], [ 13.8194, 53.05539 ], [ 13.81929, 53.05532 ] ] ] } },
{ "type": "Feature", "properties": { "boden": "100 % kräftig, mäßig frisch (K2)" }, "geometry": { "type": "Polygon", "coordinates": [ [ [ 13.82632, 53.05544 ], [ 13.82604, 53.05532 ], [ 13.82585, 53.05534 ], [ 13.82574, 53.0555 ], [ 13.8258, 53.05557 ], [ 13.82599, 53.05563 ], [ 13.82625, 53.05557 ], [ 13.82632, 53.05544 ] ] ] } },
{ "type": "Feature", "properties": { "boden": "100 % kräftig, mäßig frisch (K2)" }, "geometry": { "type": "Polygon", "coordinates": [ [ [ 13.82488, 53.05535 ], [ 13.82469, 53.05537 ], [ 13.82458, 53.05553 ], [ 13.82464, 53.0556 ], [ 13.82483, 53.05566 ], [ 13.82507, 53.05557 ], [ 13.82509, 53.05547 ], [ 13.82488, 53.05535 ] ] ] } },
{ "type": "Feature", "properties": { "boden": "100 % kräftig, mäßig frisch (K2)" }, "geometry": { "type": "Polygon", "coordinates": [ [ [ 13.82416, 53.05534 ], [ 13.82398, 53.05537 ], [ 13.82387, 53.05553 ], [ 13.82392, 53.0556 ], [ 13.82412, 53.05566 ], [ 13.82436, 53.05557 ], [ 13.82438, 53.05546 ], [ 13.82416, 53.05534 ] ] ] } },
{ "type": "Feature", "properties": { "boden": "100 % mittel, mäßig frisch (M2)" }, "geometry": { "type": "Polygon", "coordinates": [ [ [ 13.82992, 53.05612 ], [ 13.82948, 53.0558 ], [ 13.82924, 53.05578 ], [ 13.82908, 53.05585 ], [ 13.82896, 53.05607 ], [ 13.82817, 53.05619 ], [ 13.8278, 53.05633 ], [ 13.82747, 53.05637 ], [ 13.82646, 53.05612 ], [ 13.82621, 53.0562 ], [ 13.82582, 53.05649 ], [ 13.82562, 53.05692 ], [ 13.82569, 53.05704 ], [ 13.82588, 53.05719 ], [ 13.82657, 53.05731 ], [ 13.82756, 53.05767 ], [ 13.82911, 53.05737 ], [ 13.83029, 53.05785 ], [ 13.8327, 53.05855 ], [ 13.83341, 53.05862 ], [ 13.83366, 53.05858 ], [ 13.83376, 53.05846 ], [ 13.83377, 53.05828 ], [ 13.83355, 53.05815 ], [ 13.83391, 53.05771 ], [ 13.83386, 53.05757 ], [ 13.83293, 53.05752 ], [ 13.83236, 53.05721 ], [ 13.83203, 53.05696 ], [ 13.83124, 53.05657 ], [ 13.82992, 53.05612 ] ] ] } },
{ "type": "Feature", "properties": { "boden": "100 % kräftig, mäßig frisch (K2)" }, "geometry": { "type": "Polygon", "coordinates": [ [ [ 13.85225, 53.05084 ], [ 13.85226, 53.05076 ], [ 13.85142, 53.0508 ], [ 13.85167, 53.0509 ], [ 13.8519, 53.05092 ], [ 13.85232, 53.05091 ], [ 13.85225, 53.05084 ] ] ] } },
{ "type": "Feature", "properties": { "boden": "100 % kräftig, mäßig frisch (K2)" }, "geometry": { "type": "Polygon", "coordinates": [ [ [ 13.84883, 53.05219 ], [ 13.84885, 53.05209 ], [ 13.84897, 53.05202 ], [ 13.84914, 53.052 ], [ 13.84929, 53.05206 ], [ 13.84935, 53.05216 ], [ 13.84929, 53.05228 ], [ 13.84965, 53.05228 ], [ 13.84968, 53.05216 ], [ 13.8498, 53.05209 ], [ 13.84996, 53.05207 ], [ 13.85012, 53.05213 ], [ 13.85018, 53.05223 ], [ 13.85011, 53.05232 ], [ 13.85353, 53.05205 ], [ 13.85391, 53.05207 ], [ 13.85388, 53.05189 ], [ 13.854, 53.05181 ], [ 13.85416, 53.0518 ], [ 13.85432, 53.05186 ], [ 13.85438, 53.05196 ], [ 13.85429, 53.05209 ], [ 13.85469, 53.0521 ], [ 13.85459, 53.05199 ], [ 13.85462, 53.05189 ], [ 13.85479, 53.05182 ], [ 13.85478, 53.05168 ], [ 13.8549, 53.05161 ], [ 13.85506, 53.0516 ], [ 13.85522, 53.05165 ], [ 13.85528, 53.05175 ], [ 13.85521, 53.05186 ], [ 13.85507, 53.05189 ], [ 13.85511, 53.05196 ], [ 13.85504, 53.05207 ], [ 13.85493, 53.0521 ], [ 13.85528, 53.05211 ], [ 13.85747, 53.05172 ], [ 13.85807, 53.05167 ], [ 13.85793, 53.05155 ], [ 13.85796, 53.05145 ], [ 13.85807, 53.05138 ], [ 13.85824, 53.05136 ], [ 13.85839, 53.05142 ], [ 13.85845, 53.05152 ], [ 13.85838, 53.05165 ], [ 13.85912, 53.05157 ], [ 13.86005, 53.05132 ], [ 13.86045, 53.05105 ], [ 13.85908, 53.05071 ], [ 13.85844, 53.05073 ], [ 13.85837, 53.05079 ], [ 13.8585, 53.05093 ], [ 13.85829, 53.05105 ], [ 13.85813, 53.05129 ], [ 13.85798, 53.05133 ], [ 13.85772, 53.05128 ], [ 13.85705, 53.05096 ], [ 13.85688, 53.051 ], [ 13.85673, 53.05097 ], [ 13.85663, 53.05087 ], [ 13.85665, 53.05077 ], [ 13.8568, 53.05067 ], [ 13.85694, 53.05064 ], [ 13.85709, 53.05073 ], [ 13.85734, 53.05079 ], [ 13.8575, 53.05078 ], [ 13.85766, 53.0507 ], [ 13.85818, 53.05072 ], [ 13.85831, 53.05057 ], [ 13.85869, 53.05058 ], [ 13.85868, 53.05013 ], [ 13.85835, 53.05016 ], [ 13.85812, 53.05011 ], [ 13.85805, 53.05022 ], [ 13.85785, 53.05027 ], [ 13.8577, 53.05023 ], [ 13.8576, 53.05014 ], [ 13.85766, 53.05003 ], [ 13.85733, 53.04994 ], [ 13.85724, 53.05004 ], [ 13.85704, 53.05009 ], [ 13.85689, 53.05006 ], [ 13.85679, 53.04997 ], [ 13.8569, 53.04981 ], [ 13.85649, 53.04961 ], [ 13.85642, 53.04973 ], [ 13.85622, 53.04978 ], [ 13.85607, 53.04975 ], [ 13.85598, 53.04966 ], [ 13.85498, 53.04976 ], [ 13.85541, 53.04979 ], [ 13.85547, 53.04983 ], [ 13.85545, 53.04993 ], [ 13.85459, 53.04996 ], [ 13.85413, 53.05022 ], [ 13.85378, 53.05034 ], [ 13.85346, 53.05063 ], [ 13.85358, 53.05065 ], [ 13.85409, 53.05033 ], [ 13.85441, 53.05022 ], [ 13.85487, 53.05017 ], [ 13.8561, 53.05017 ], [ 13.85646, 53.05003 ], [ 13.8569, 53.05022 ], [ 13.85698, 53.05032 ], [ 13.85669, 53.05038 ], [ 13.85673, 53.05044 ], [ 13.85666, 53.05055 ], [ 13.85646, 53.0506 ], [ 13.85626, 53.05052 ], [ 13.85607, 53.05081 ], [ 13.85587, 53.05088 ], [ 13.85436, 53.05085 ], [ 13.85383, 53.05093 ], [ 13.85365, 53.05089 ], [ 13.85338, 53.05092 ], [ 13.85299, 53.05126 ], [ 13.85298, 53.05137 ], [ 13.85291, 53.05142 ], [ 13.85203, 53.05145 ], [ 13.85137, 53.05134 ], [ 13.85066, 53.0513 ], [ 13.85032, 53.05147 ], [ 13.84985, 53.05149 ], [ 13.8497, 53.05162 ], [ 13.84918, 53.05166 ], [ 13.84886, 53.05178 ], [ 13.84854, 53.05178 ], [ 13.8483, 53.0519 ], [ 13.84815, 53.0519 ], [ 13.8485, 53.05143 ], [ 13.84909, 53.05133 ], [ 13.84972, 53.05132 ], [ 13.85051, 53.05096 ], [ 13.85097, 53.05096 ], [ 13.85217, 53.05114 ], [ 13.85328, 53.05088 ], [ 13.85322, 53.05076 ], [ 13.8525, 53.05097 ], [ 13.85232, 53.05091 ], [ 13.85167, 53.0509 ], [ 13.85142, 53.0508 ], [ 13.85028, 53.05076 ], [ 13.8489, 53.05102 ], [ 13.84823, 53.05132 ], [ 13.84796, 53.05132 ], [ 13.84801, 53.05145 ], [ 13.84795, 53.05155 ], [ 13.84775, 53.0516 ], [ 13.84759, 53.05157 ], [ 13.8475, 53.05148 ], [ 13.84757, 53.05133 ], [ 13.84736, 53.05133 ], [ 13.84741, 53.05143 ], [ 13.84734, 53.05153 ], [ 13.84724, 53.05156 ], [ 13.84738, 53.05168 ], [ 13.84731, 53.05179 ], [ 13.84711, 53.05184 ], [ 13.84696, 53.05181 ], [ 13.84686, 53.05172 ], [ 13.84688, 53.05161 ], [ 13.84699, 53.05155 ], [ 13.84689, 53.05146 ], [ 13.84692, 53.05134 ], [ 13.84578, 53.05135 ], [ 13.84582, 53.05143 ], [ 13.84578, 53.0515 ], [ 13.84591, 53.05149 ], [ 13.84607, 53.05155 ], [ 13.84613, 53.05165 ], [ 13.84606, 53.05175 ], [ 13.84586, 53.0518 ], [ 13.84571, 53.05177 ], [ 13.84561, 53.05168 ], [ 13.84563, 53.05158 ], [ 13.84548, 53.05157 ], [ 13.84543, 53.05171 ], [ 13.84523, 53.05176 ], [ 13.84505, 53.0517 ], [ 13.84482, 53.05179 ], [ 13.84464, 53.05177 ], [ 13.84486, 53.05203 ], [ 13.8454, 53.05191 ], [ 13.84584, 53.05188 ], [ 13.84662, 53.05195 ], [ 13.84693, 53.05211 ], [ 13.84752, 53.05228 ], [ 13.84809, 53.05237 ], [ 13.84891, 53.0523 ], [ 13.84883, 53.05219 ] ], [ [ 13.84819, 53.05208 ], [ 13.84812, 53.05219 ], [ 13.84792, 53.05224 ], [ 13.84777, 53.05221 ], [ 13.84767, 53.05211 ], [ 13.84769, 53.05201 ], [ 13.84781, 53.05194 ], [ 13.84797, 53.05193 ], [ 13.84813, 53.05198 ], [ 13.84819, 53.05208 ] ], [ [ 13.85094, 53.05201 ], [ 13.85087, 53.05211 ], [ 13.85067, 53.05217 ], [ 13.85052, 53.05213 ], [ 13.85042, 53.05204 ], [ 13.85044, 53.05194 ], [ 13.85056, 53.05187 ], [ 13.85072, 53.05185 ], [ 13.85088, 53.05191 ], [ 13.85094, 53.05201 ] ], [ [ 13.85231, 53.05196 ], [ 13.85224, 53.05206 ], [ 13.85211, 53.0521 ], [ 13.85189, 53.05208 ], [ 13.85179, 53.05199 ], [ 13.85182, 53.05189 ], [ 13.85193, 53.05182 ], [ 13.8521, 53.0518 ], [ 13.85225, 53.05186 ], [ 13.85231, 53.05196 ] ], [ [ 13.8535, 53.05183 ], [ 13.85343, 53.05193 ], [ 13.85323, 53.05198 ], [ 13.85308, 53.05195 ], [ 13.85298, 53.05186 ], [ 13.853, 53.05176 ], [ 13.85312, 53.05169 ], [ 13.85329, 53.05167 ], [ 13.85344, 53.05173 ], [ 13.8535, 53.05183 ] ], [ [ 13.85702, 53.05119 ], [ 13.85705, 53.05138 ], [ 13.85688, 53.05148 ], [ 13.85701, 53.05164 ], [ 13.85694, 53.05174 ], [ 13.85675, 53.0518 ], [ 13.85659, 53.05176 ], [ 13.85649, 53.05167 ], [ 13.85652, 53.05157 ], [ 13.8567, 53.05146 ], [ 13.85656, 53.05132 ], [ 13.85658, 53.05122 ], [ 13.8567, 53.05115 ], [ 13.85687, 53.05114 ], [ 13.85702, 53.05119 ] ], [ [ 13.85606, 53.05181 ], [ 13.85599, 53.05191 ], [ 13.8558, 53.05196 ], [ 13.85564, 53.05193 ], [ 13.85554, 53.05184 ], [ 13.85557, 53.05174 ], [ 13.85568, 53.05167 ], [ 13.85585, 53.05165 ], [ 13.856, 53.05171 ], [ 13.85606, 53.05181 ] ], [ [ 13.85905, 53.05122 ], [ 13.85877, 53.05096 ], [ 13.85939, 53.05097 ], [ 13.85972, 53.05108 ], [ 13.85977, 53.05114 ], [ 13.8597, 53.05122 ], [ 13.85905, 53.05122 ] ] ] } },
{ "type": "Feature", "properties": { "boden": "100 % kräftig, trocken (vermutet) (K3)" }, "geometry": { "type": "Polygon", "coordinates": [ [ [ 13.8533, 53.0509 ], [ 13.85217, 53.05114 ], [ 13.85097, 53.05096 ], [ 13.85051, 53.05096 ], [ 13.84972, 53.05132 ], [ 13.84909, 53.05133 ], [ 13.8485, 53.05143 ], [ 13.84813, 53.05188 ], [ 13.84825, 53.05191 ], [ 13.84854, 53.05178 ], [ 13.84886, 53.05178 ], [ 13.84918, 53.05166 ], [ 13.8497, 53.05162 ], [ 13.84985, 53.05149 ], [ 13.85032, 53.05147 ], [ 13.85066, 53.0513 ], [ 13.85137, 53.05134 ], [ 13.85203, 53.05145 ], [ 13.85291, 53.05142 ], [ 13.85298, 53.05137 ], [ 13.85299, 53.05126 ], [ 13.85338, 53.05092 ], [ 13.8533, 53.0509 ] ] ] } },
{ "type": "Feature", "properties": { "boden": "100 % kräftig, mäßig frisch (K2)" }, "geometry": { "type": "Polygon", "coordinates": [ [ [ 13.84757, 53.05133 ], [ 13.8475, 53.05148 ], [ 13.84759, 53.05157 ], [ 13.84775, 53.0516 ], [ 13.84795, 53.05155 ], [ 13.84801, 53.05145 ], [ 13.84796, 53.05132 ], [ 13.84757, 53.05133 ] ] ] } },
{ "type": "Feature", "properties": { "boden": "100 % kräftig, mäßig frisch (K2)" }, "geometry": { "type": "Polygon", "coordinates": [ [ [ 13.84692, 53.05134 ], [ 13.84689, 53.05146 ], [ 13.84699, 53.05155 ], [ 13.84688, 53.05161 ], [ 13.84686, 53.05172 ], [ 13.84696, 53.05181 ], [ 13.84711, 53.05184 ], [ 13.84731, 53.05179 ], [ 13.84738, 53.05168 ], [ 13.84724, 53.05156 ], [ 13.84734, 53.05153 ], [ 13.84741, 53.05143 ], [ 13.84736, 53.05133 ], [ 13.84692, 53.05134 ] ] ] } },
{ "type": "Feature", "properties": { "boden": "100 % kräftig, mäßig frisch (K2)" }, "geometry": { "type": "Polygon", "coordinates": [ [ [ 13.84578, 53.05135 ], [ 13.84521, 53.05135 ], [ 13.8452, 53.05142 ], [ 13.84501, 53.05153 ], [ 13.84487, 53.05148 ], [ 13.8447, 53.0515 ], [ 13.84459, 53.05157 ], [ 13.84456, 53.05167 ], [ 13.84464, 53.05177 ], [ 13.84482, 53.05179 ], [ 13.84505, 53.0517 ], [ 13.84523, 53.05176 ], [ 13.84543, 53.05171 ], [ 13.84548, 53.05157 ], [ 13.84563, 53.05158 ], [ 13.84561, 53.05168 ], [ 13.84571, 53.05177 ], [ 13.84586, 53.0518 ], [ 13.84606, 53.05175 ], [ 13.84613, 53.05165 ], [ 13.84607, 53.05155 ], [ 13.84591, 53.05149 ], [ 13.84578, 53.0515 ], [ 13.84582, 53.05143 ], [ 13.84578, 53.05135 ] ] ] } },
{ "type": "Feature", "properties": { "boden": "100 % kräftig, mäßig frisch (K2)" }, "geometry": { "type": "Polygon", "coordinates": [ [ [ 13.85329, 53.05167 ], [ 13.85312, 53.05169 ], [ 13.853, 53.05176 ], [ 13.85298, 53.05186 ], [ 13.85308, 53.05195 ], [ 13.85323, 53.05198 ], [ 13.85343, 53.05193 ], [ 13.8535, 53.05183 ], [ 13.85344, 53.05173 ], [ 13.85329, 53.05167 ] ] ] } },
{ "type": "Feature", "properties": { "boden": "100 % kräftig, mäßig frisch (K2)" }, "geometry": { "type": "Polygon", "coordinates": [ [ [ 13.8521, 53.0518 ], [ 13.85193, 53.05182 ], [ 13.85182, 53.05189 ], [ 13.85179, 53.05199 ], [ 13.85189, 53.05208 ], [ 13.85211, 53.0521 ], [ 13.85224, 53.05206 ], [ 13.85231, 53.05196 ], [ 13.85225, 53.05186 ], [ 13.8521, 53.0518 ] ] ] } },
{ "type": "Feature", "properties": { "boden": "100 % kräftig, mäßig frisch (K2)" }, "geometry": { "type": "Polygon", "coordinates": [ [ [ 13.85072, 53.05185 ], [ 13.85056, 53.05187 ], [ 13.85044, 53.05194 ], [ 13.85042, 53.05204 ], [ 13.85052, 53.05213 ], [ 13.85067, 53.05217 ], [ 13.85087, 53.05211 ], [ 13.85094, 53.05201 ], [ 13.85088, 53.05191 ], [ 13.85072, 53.05185 ] ] ] } },
{ "type": "Feature", "properties": { "boden": "100 % kräftig, mäßig frisch (K2)" }, "geometry": { "type": "Polygon", "coordinates": [ [ [ 13.84797, 53.05193 ], [ 13.84781, 53.05194 ], [ 13.84769, 53.05201 ], [ 13.84767, 53.05211 ], [ 13.84777, 53.05221 ], [ 13.84792, 53.05224 ], [ 13.84812, 53.05219 ], [ 13.84819, 53.05208 ], [ 13.84813, 53.05198 ], [ 13.84797, 53.05193 ] ] ] } },
{ "type": "Feature", "properties": { "boden": "100 % mittel, mäßig frisch (M2)" }, "geometry": { "type": "Polygon", "coordinates": [ [ [ 13.8357, 53.0501 ], [ 13.83523, 53.04998 ], [ 13.83424, 53.04988 ], [ 13.83422, 53.04996 ], [ 13.83397, 53.04997 ], [ 13.83386, 53.05013 ], [ 13.834, 53.05024 ], [ 13.83428, 53.05027 ], [ 13.83432, 53.05014 ], [ 13.83449, 53.05006 ], [ 13.83473, 53.05003 ], [ 13.83505, 53.05006 ], [ 13.83557, 53.05022 ], [ 13.83574, 53.05014 ], [ 13.8357, 53.0501 ] ] ] } },
{ "type": "Feature", "properties": { "boden": "100 % mittel, mäßig frisch (M2)" }, "geometry": { "type": "Polygon", "coordinates": [ [ [ 13.834, 53.05024 ], [ 13.83386, 53.05013 ], [ 13.83388, 53.05004 ], [ 13.83397, 53.04997 ], [ 13.83422, 53.04996 ], [ 13.83424, 53.04988 ], [ 13.83334, 53.04995 ], [ 13.83313, 53.05002 ], [ 13.83295, 53.05014 ], [ 13.83301, 53.05029 ], [ 13.83318, 53.0504 ], [ 13.83344, 53.05049 ], [ 13.83439, 53.05064 ], [ 13.83428, 53.05027 ], [ 13.834, 53.05024 ] ] ] } },
{ "type": "Feature", "properties": { "boden": "100 % arm, nass (OA3)" }, "geometry": { "type": "Polygon", "coordinates": [ [ [ 13.83597, 53.05074 ], [ 13.83588, 53.05019 ], [ 13.83574, 53.05012 ], [ 13.83557, 53.05022 ], [ 13.83533, 53.05012 ], [ 13.83473, 53.05003 ], [ 13.83449, 53.05006 ], [ 13.83432, 53.05014 ], [ 13.83428, 53.05027 ], [ 13.83479, 53.05055 ], [ 13.83501, 53.05073 ], [ 13.83597, 53.05074 ] ] ] } },
{ "type": "Feature", "properties": { "boden": "100 % mittel, mäßig frisch (M2)" }, "geometry": { "type": "Polygon", "coordinates": [ [ [ 13.83344, 53.05063 ], [ 13.83325, 53.05066 ], [ 13.83314, 53.05082 ], [ 13.83319, 53.05089 ], [ 13.83339, 53.05094 ], [ 13.83363, 53.05085 ], [ 13.83365, 53.05075 ], [ 13.83344, 53.05063 ] ] ] } },
{ "type": "Feature", "properties": { "boden": "100 % mittel, mäßig frisch (M2g)" }, "geometry": { "type": "Polygon", "coordinates": [ [ [ 13.83597, 53.05074 ], [ 13.83501, 53.05073 ], [ 13.83479, 53.05055 ], [ 13.83428, 53.05027 ], [ 13.83439, 53.05064 ], [ 13.83508, 53.05086 ], [ 13.83537, 53.05113 ], [ 13.83595, 53.05118 ], [ 13.83608, 53.05134 ], [ 13.83624, 53.05143 ], [ 13.83597, 53.05074 ] ] ] } },
{ "type": "Feature", "properties": { "boden": "100 % mittel, mäßig frisch (M2)" }, "geometry": { "type": "Polygon", "coordinates": [ [ [ 13.83061, 53.05072 ], [ 13.83035, 53.05104 ], [ 13.83056, 53.05107 ], [ 13.83146, 53.05083 ], [ 13.83164, 53.05074 ], [ 13.83165, 53.05064 ], [ 13.8315, 53.0506 ], [ 13.831, 53.0507 ], [ 13.83061, 53.05072 ] ] ] } },
{ "type": "Feature", "properties": { "boden": "100 % mittel, mäßig frisch (M2g)" }, "geometry": { "type": "Polygon", "coordinates": [ [ [ 13.83458, 53.05088 ], [ 13.83486, 53.05102 ], [ 13.83537, 53.05113 ], [ 13.83508, 53.05086 ], [ 13.83439, 53.05064 ], [ 13.83458, 53.05088 ] ] ] } },
{ "type": "Feature", "properties": { "boden": "100 % kräftig, mäßig frisch (K2)" }, "geometry": { "type": "Polygon", "coordinates": [ [ [ 13.83678, 53.05132 ], [ 13.83687, 53.05156 ], [ 13.83698, 53.05158 ], [ 13.83718, 53.05153 ], [ 13.83725, 53.05142 ], [ 13.83719, 53.05132 ], [ 13.8369, 53.05127 ], [ 13.83678, 53.05132 ] ] ] } },
{ "type": "Feature", "properties": { "boden": "100 % kräftig, mäßig frisch (K2)" }, "geometry": { "type": "Polygon", "coordinates": [ [ [ 13.8324, 53.0517 ], [ 13.83227, 53.05151 ], [ 13.8321, 53.05148 ], [ 13.83173, 53.0515 ], [ 13.83141, 53.05159 ], [ 13.83145, 53.05171 ], [ 13.83165, 53.05169 ], [ 13.83196, 53.05179 ], [ 13.83212, 53.05169 ], [ 13.8324, 53.0517 ] ] ] } },
{ "type": "Feature", "properties": { "boden": "100 % kräftig, mäßig frisch (K2)" }, "geometry": { "type": "Polygon", "coordinates": [ [ [ 13.83229, 53.05186 ], [ 13.8324, 53.05174 ], [ 13.83231, 53.05167 ], [ 13.83212, 53.05169 ], [ 13.83196, 53.05179 ], [ 13.83203, 53.05181 ], [ 13.83185, 53.05194 ], [ 13.83197, 53.052 ], [ 13.83229, 53.05186 ] ] ] } },
{ "type": "Feature", "properties": { "boden": "100 % kräftig, mäßig frisch (K2)" }, "geometry": { "type": "Polygon", "coordinates": [ [ [ 13.8324, 53.0517 ], [ 13.83211, 53.05194 ], [ 13.83215, 53.05196 ], [ 13.8324, 53.05196 ], [ 13.8325, 53.05189 ], [ 13.83252, 53.05179 ], [ 13.8324, 53.0517 ] ] ] } },
{ "type": "Feature", "properties": { "boden": "100 % kräftig, trocken (vermutet) (K3)" }, "geometry": { "type": "Polygon", "coordinates": [ [ [ 13.83582, 53.05197 ], [ 13.83407, 53.05168 ], [ 13.83405, 53.05171 ], [ 13.83432, 53.05199 ], [ 13.83471, 53.05215 ], [ 13.83573, 53.05221 ], [ 13.83609, 53.05215 ], [ 13.83582, 53.05197 ] ] ] } },
{ "type": "Feature", "properties": { "boden": "100 % kräftig, mäßig frisch (K2)" }, "geometry": { "type": "Polygon", "coordinates": [ [ [ 13.8374, 53.05223 ], [ 13.83708, 53.05209 ], [ 13.83687, 53.05156 ], [ 13.83696, 53.05213 ], [ 13.83712, 53.05238 ], [ 13.83724, 53.05228 ], [ 13.8374, 53.05223 ] ] ] } },
{ "type": "Feature", "properties": { "boden": "100 % kräftig, mäßig frisch (K2)" }, "geometry": { "type": "Polygon", "coordinates": [ [ [ 13.83202, 53.05204 ], [ 13.83185, 53.05194 ], [ 13.83167, 53.05207 ], [ 13.83151, 53.05208 ], [ 13.83156, 53.05218 ], [ 13.83176, 53.05224 ], [ 13.8319, 53.05221 ], [ 13.832, 53.05215 ], [ 13.83202, 53.05204 ] ] ] } },
{ "type": "Feature", "properties": { "boden": "100 % kräftig, mäßig frisch (K2)" }, "geometry": { "type": "Polygon", "coordinates": [ [ [ 13.8336, 53.05231 ], [ 13.83384, 53.05223 ], [ 13.83386, 53.05212 ], [ 13.83377, 53.05204 ], [ 13.83364, 53.052 ], [ 13.83346, 53.05203 ], [ 13.83337, 53.05209 ], [ 13.8334, 53.05226 ], [ 13.8336, 53.05231 ] ] ] } },
{ "type": "Feature", "properties": { "boden": "100 % kräftig, mäßig frisch (K2)" }, "geometry": { "type": "Polygon", "coordinates": [ [ [ 13.83296, 53.05185 ], [ 13.83278, 53.05188 ], [ 13.83268, 53.05194 ], [ 13.83268, 53.05215 ], [ 13.83249, 53.05218 ], [ 13.8324, 53.05225 ], [ 13.83238, 53.05234 ], [ 13.83252, 53.05245 ], [ 13.83278, 53.05244 ], [ 13.83287, 53.05238 ], [ 13.83286, 53.05219 ], [ 13.83316, 53.05208 ], [ 13.83318, 53.05197 ], [ 13.83296, 53.05185 ] ] ] } },
{ "type": "Feature", "properties": { "boden": "100 % kräftig, mäßig frisch (K2)" }, "geometry": { "type": "Polygon", "coordinates": [ [ [ 13.83398, 53.05226 ], [ 13.83426, 53.05232 ], [ 13.83445, 53.05234 ], [ 13.83447, 53.05227 ], [ 13.83438, 53.05219 ], [ 13.83425, 53.05215 ], [ 13.83406, 53.05217 ], [ 13.83398, 53.05226 ] ] ] } },
{ "type": "Feature", "properties": { "boden": "100 % kräftig, mäßig frisch (K2)" }, "geometry": { "type": "Polygon", "coordinates": [ [ [ 13.83473, 53.05238 ], [ 13.83519, 53.05248 ], [ 13.83521, 53.05247 ], [ 13.83523, 53.05236 ], [ 13.83501, 53.05224 ], [ 13.83483, 53.05227 ], [ 13.83474, 53.05234 ], [ 13.83473, 53.05238 ] ] ] } },
{ "type": "Feature", "properties": { "boden": "100 % kräftig, mäßig frisch (K2)" }, "geometry": { "type": "Polygon", "coordinates": [ [ [ 13.83445, 53.05237 ], [ 13.83398, 53.05226 ], [ 13.83397, 53.05225 ], [ 13.83396, 53.05234 ], [ 13.83409, 53.05244 ], [ 13.83435, 53.05244 ], [ 13.83445, 53.05237 ] ] ] } },
{ "type": "Feature", "properties": { "boden": "100 % kräftig, mäßig frisch (K2)" }, "geometry": { "type": "Polygon", "coordinates": [ [ [ 13.83755, 53.05252 ], [ 13.83762, 53.05242 ], [ 13.83752, 53.05229 ], [ 13.8374, 53.05223 ], [ 13.83724, 53.05228 ], [ 13.83712, 53.05238 ], [ 13.83717, 53.05253 ], [ 13.83736, 53.05257 ], [ 13.83755, 53.05252 ] ] ] } },
{ "type": "Feature", "properties": { "boden": "100 % kräftig, trocken (vermutet) (K3)" }, "geometry": { "type": "Polygon", "coordinates": [ [ [ 13.84451, 53.05162 ], [ 13.8447, 53.0515 ], [ 13.84487, 53.05148 ], [ 13.84501, 53.05153 ], [ 13.8452, 53.05142 ], [ 13.84521, 53.05135 ], [ 13.84428, 53.05134 ], [ 13.84451, 53.05162 ] ] ] } },
{ "type": "Feature", "properties": { "boden": "100 % kräftig, mäßig frisch (K2)" }, "geometry": { "type": "Polygon", "coordinates": [ [ [ 13.84063, 53.05146 ], [ 13.84058, 53.05136 ], [ 13.84044, 53.05131 ], [ 13.84021, 53.05133 ], [ 13.84012, 53.05149 ], [ 13.84022, 53.05157 ], [ 13.84057, 53.05157 ], [ 13.84063, 53.05146 ] ] ] } },
{ "type": "Feature", "properties": { "boden": "100 % kräftig, mäßig frisch (K2)" }, "geometry": { "type": "Polygon", "coordinates": [ [ [ 13.83796, 53.05143 ], [ 13.83794, 53.05132 ], [ 13.83771, 53.05127 ], [ 13.8375, 53.05132 ], [ 13.83744, 53.05146 ], [ 13.83761, 53.05158 ], [ 13.83788, 53.05156 ], [ 13.83796, 53.05143 ] ] ] } },
{ "type": "Feature", "properties": { "boden": "100 % kräftig, mäßig frisch (K2)" }, "geometry": { "type": "Polygon", "coordinates": [ [ [ 13.8411, 53.05145 ], [ 13.84098, 53.05159 ], [ 13.84119, 53.0516 ], [ 13.84127, 53.05174 ], [ 13.84142, 53.0517 ], [ 13.84148, 53.0516 ], [ 13.84142, 53.0515 ], [ 13.84127, 53.05144 ], [ 13.8411, 53.05145 ] ] ] } },
{ "type": "Feature", "properties": { "boden": "100 % kräftig, mäßig frisch (K2)" }, "geometry": { "type": "Polygon", "coordinates": [ [ [ 13.83761, 53.05158 ], [ 13.83744, 53.05146 ], [ 13.8375, 53.05132 ], [ 13.83771, 53.05127 ], [ 13.83794, 53.05132 ], [ 13.83796, 53.05143 ], [ 13.83788, 53.05156 ], [ 13.83831, 53.05154 ], [ 13.83825, 53.05147 ], [ 13.83831, 53.05135 ], [ 13.83784, 53.05118 ], [ 13.83695, 53.05114 ], [ 13.83687, 53.05118 ], [ 13.83684, 53.0513 ], [ 13.83709, 53.05127 ], [ 13.83719, 53.05132 ], [ 13.83725, 53.05142 ], [ 13.83718, 53.05153 ], [ 13.83698, 53.05158 ], [ 13.83689, 53.05156 ], [ 13.83708, 53.05209 ], [ 13.83726, 53.05216 ], [ 13.83703, 53.05189 ], [ 13.83716, 53.05174 ], [ 13.83744, 53.0516 ], [ 13.83761, 53.05158 ] ] ] } },
{ "type": "Feature", "properties": { "boden": "100 % arm, nass (OA2)" }, "geometry": { "type": "Polygon", "coordinates": [ [ [ 13.84046, 53.0525 ], [ 13.84083, 53.05237 ], [ 13.84137, 53.0523 ], [ 13.84157, 53.05223 ], [ 13.84119, 53.0516 ], [ 13.83902, 53.05153 ], [ 13.83788, 53.05156 ], [ 13.83744, 53.0516 ], [ 13.83716, 53.05174 ], [ 13.83703, 53.05189 ], [ 13.83718, 53.05213 ], [ 13.83752, 53.05229 ], [ 13.83846, 53.05251 ], [ 13.83894, 53.0525 ], [ 13.83933, 53.05254 ], [ 13.84005, 53.05248 ], [ 13.84046, 53.0525 ] ], [ [ 13.83979, 53.05179 ], [ 13.8401, 53.05181 ], [ 13.84032, 53.05188 ], [ 13.84039, 53.05203 ], [ 13.8402, 53.05216 ], [ 13.83973, 53.05222 ], [ 13.83915, 53.0522 ], [ 13.83896, 53.05214 ], [ 13.839, 53.05193 ], [ 13.83927, 53.05186 ], [ 13.83952, 53.05185 ], [ 13.83979, 53.05179 ] ] ] } },
{ "type": "Feature", "properties": { "boden": "100 % kräftig, mäßig frisch (K2)" }, "geometry": { "type": "Polygon", "coordinates": [ [ [ 13.84157, 53.05223 ], [ 13.84137, 53.0523 ], [ 13.84135, 53.05238 ], [ 13.84142, 53.05245 ], [ 13.84157, 53.05248 ], [ 13.84177, 53.05243 ], [ 13.84184, 53.05233 ], [ 13.84178, 53.05223 ], [ 13.84162, 53.05217 ], [ 13.84154, 53.05218 ], [ 13.84157, 53.05223 ] ] ] } },
{ "type": "Feature", "properties": { "boden": "100 % kräftig, mäßig frisch (K2)" }, "geometry": { "type": "Polygon", "coordinates": [ [ [ 13.83822, 53.05247 ], [ 13.83752, 53.05229 ], [ 13.83762, 53.05242 ], [ 13.8375, 53.05253 ], [ 13.83807, 53.05273 ], [ 13.83806, 53.05261 ], [ 13.83822, 53.05247 ] ] ] } },
{ "type": "Feature", "properties": { "boden": "100 % kräftig, mäßig frisch (K2)" }, "geometry": { "type": "Polygon", "coordinates": [ [ [ 13.84115, 53.05263 ], [ 13.84099, 53.05257 ], [ 13.84079, 53.05261 ], [ 13.84074, 53.05253 ], [ 13.84057, 53.05246 ], [ 13.84034, 53.05249 ], [ 13.84029, 53.05266 ], [ 13.84038, 53.05276 ], [ 13.84054, 53.05279 ], [ 13.84069, 53.05275 ], [ 13.84076, 53.05283 ], [ 13.84099, 53.05275 ], [ 13.8412, 53.05273 ], [ 13.84115, 53.05263 ] ] ] } },
{ "type": "Feature", "properties": { "boden": "100 % kräftig, trocken (vermutet) (K3)" }, "geometry": { "type": "Polygon", "coordinates": [ [ [ 13.84258, 53.05265 ], [ 13.84311, 53.05221 ], [ 13.84297, 53.05223 ], [ 13.84226, 53.05262 ], [ 13.84173, 53.05272 ], [ 13.84099, 53.05275 ], [ 13.84053, 53.0529 ], [ 13.84037, 53.05307 ], [ 13.84055, 53.05313 ], [ 13.84094, 53.05314 ], [ 13.84167, 53.05303 ], [ 13.84201, 53.05293 ], [ 13.84217, 53.05278 ], [ 13.84258, 53.05265 ] ] ] } },
{ "type": "Feature", "properties": { "boden": "100 % kräftig, mäßig frisch (K2)" }, "geometry": { "type": "Polygon", "coordinates": [ [ [ 13.84935, 53.05216 ], [ 13.84929, 53.05206 ], [ 13.84914, 53.052 ], [ 13.84897, 53.05202 ], [ 13.84885, 53.05209 ], [ 13.84883, 53.05219 ], [ 13.84891, 53.0523 ], [ 13.84929, 53.05228 ], [ 13.84935, 53.05216 ] ] ] } },
{ "type": "Feature", "properties": { "boden": "100 % kräftig, mäßig frisch (K2)" }, "geometry": { "type": "Polygon", "coordinates": [ [ [ 13.85011, 53.05232 ], [ 13.85018, 53.05223 ], [ 13.85012, 53.05213 ], [ 13.84996, 53.05207 ], [ 13.8498, 53.05209 ], [ 13.84968, 53.05216 ], [ 13.84965, 53.05228 ], [ 13.85011, 53.05232 ] ] ] } },
{ "type": "Feature", "properties": { "boden": "100 % mittel, mäßig frisch (M2)" }, "geometry": { "type": "Polygon", "coordinates": [ [ [ 13.85656, 53.05419 ], [ 13.85656, 53.05395 ], [ 13.85677, 53.05385 ], [ 13.85707, 53.0538 ], [ 13.85749, 53.05386 ], [ 13.85771, 53.05377 ], [ 13.85872, 53.05368 ], [ 13.8616, 53.0535 ], [ 13.86207, 53.05362 ], [ 13.86302, 53.05369 ], [ 13.86557, 53.05265 ], [ 13.8651, 53.05163 ], [ 13.86433, 53.05134 ], [ 13.86417, 53.05114 ], [ 13.86375, 53.05123 ], [ 13.8623, 53.05109 ], [ 13.86045, 53.05105 ], [ 13.86005, 53.05132 ], [ 13.85912, 53.05157 ], [ 13.85747, 53.05172 ], [ 13.85528, 53.05211 ], [ 13.85353, 53.05205 ], [ 13.85145, 53.05219 ], [ 13.8508, 53.0523 ], [ 13.85011, 53.05232 ], [ 13.8495, 53.05226 ], [ 13.84809, 53.05237 ], [ 13.84752, 53.05228 ], [ 13.84693, 53.05211 ], [ 13.84662, 53.05195 ], [ 13.84584, 53.05188 ], [ 13.8454, 53.05191 ], [ 13.84486, 53.05203 ], [ 13.84376, 53.05205 ], [ 13.84329, 53.05215 ], [ 13.84286, 53.05238 ], [ 13.84194, 53.05326 ], [ 13.84117, 53.05375 ], [ 13.84289, 53.05363 ], [ 13.84377, 53.05312 ], [ 13.84327, 53.05328 ], [ 13.84287, 53.05356 ], [ 13.84264, 53.05355 ], [ 13.84255, 53.05335 ], [ 13.84294, 53.05315 ], [ 13.84314, 53.05279 ], [ 13.84376, 53.05264 ], [ 13.84403, 53.05266 ], [ 13.84431, 53.0528 ], [ 13.84412, 53.05299 ], [ 13.84386, 53.05309 ], [ 13.84583, 53.05295 ], [ 13.84624, 53.05307 ], [ 13.84607, 53.05296 ], [ 13.84502, 53.05284 ], [ 13.84484, 53.05272 ], [ 13.84482, 53.05251 ], [ 13.845, 53.05238 ], [ 13.84557, 53.05233 ], [ 13.84603, 53.05245 ], [ 13.84653, 53.05281 ], [ 13.8469, 53.0529 ], [ 13.84717, 53.05309 ], [ 13.84752, 53.05319 ], [ 13.84816, 53.05322 ], [ 13.84838, 53.05311 ], [ 13.8489, 53.05307 ], [ 13.84929, 53.05294 ], [ 13.84963, 53.05294 ], [ 13.85018, 53.05298 ], [ 13.85063, 53.0531 ], [ 13.8514, 53.05318 ], [ 13.85204, 53.05335 ], [ 13.85234, 53.05337 ], [ 13.85243, 53.05341 ], [ 13.85237, 53.05353 ], [ 13.85202, 53.05373 ], [ 13.85213, 53.05376 ], [ 13.85218, 53.05394 ], [ 13.85235, 53.05393 ], [ 13.85233, 53.05376 ], [ 13.85245, 53.05369 ], [ 13.85261, 53.05368 ], [ 13.85277, 53.05373 ], [ 13.85283, 53.05383 ], [ 13.85276, 53.05394 ], [ 13.8525, 53.05399 ], [ 13.85256, 53.05408 ], [ 13.85251, 53.05416 ], [ 13.85275, 53.0542 ], [ 13.85281, 53.05431 ], [ 13.85413, 53.05425 ], [ 13.85435, 53.05428 ], [ 13.85405, 53.05438 ], [ 13.8552, 53.05439 ], [ 13.85656, 53.05419 ] ], [ [ 13.85616, 53.05306 ], [ 13.85614, 53.05315 ], [ 13.8554, 53.05332 ], [ 13.85503, 53.05357 ], [ 13.85454, 53.05365 ], [ 13.85443, 53.05363 ], [ 13.85448, 53.05338 ], [ 13.8543, 53.05311 ], [ 13.85416, 53.05304 ], [ 13.85394, 53.05303 ], [ 13.85362, 53.05309 ], [ 13.85305, 53.05334 ], [ 13.85286, 53.05328 ], [ 13.85281, 53.05321 ], [ 13.8529, 53.05303 ], [ 13.85306, 53.05295 ], [ 13.85409, 53.05275 ], [ 13.85435, 53.05264 ], [ 13.8548, 53.05274 ], [ 13.85497, 53.05283 ], [ 13.85558, 53.0529 ], [ 13.8559, 53.05306 ], [ 13.85616, 53.05306 ] ], [ [ 13.86117, 53.05266 ], [ 13.86131, 53.05284 ], [ 13.86117, 53.05324 ], [ 13.86099, 53.05339 ], [ 13.86071, 53.05342 ], [ 13.86058, 53.05334 ], [ 13.86027, 53.05289 ], [ 13.85991, 53.05273 ], [ 13.85982, 53.05262 ], [ 13.85989, 53.05256 ], [ 13.86076, 53.05257 ], [ 13.86117, 53.05266 ] ], [ [ 13.85931, 53.05248 ], [ 13.85927, 53.05259 ], [ 13.85902, 53.05266 ], [ 13.85872, 53.05265 ], [ 13.85849, 53.05257 ], [ 13.85859, 53.0525 ], [ 13.85899, 53.05239 ], [ 13.85931, 53.05248 ] ], [ [ 13.86401, 53.05214 ], [ 13.86414, 53.05237 ], [ 13.86405, 53.05247 ], [ 13.86357, 53.05247 ], [ 13.86335, 53.05241 ], [ 13.86334, 53.05227 ], [ 13.86362, 53.05209 ], [ 13.86376, 53.05208 ], [ 13.86401, 53.05214 ] ], [ [ 13.85997, 53.05173 ], [ 13.86012, 53.05188 ], [ 13.8601, 53.05195 ], [ 13.85974, 53.05214 ], [ 13.85942, 53.05216 ], [ 13.85891, 53.05202 ], [ 13.85893, 53.0518 ], [ 13.85906, 53.05166 ], [ 13.85958, 53.05164 ], [ 13.85997, 53.05173 ] ], [ [ 13.85775, 53.05197 ], [ 13.8579, 53.05218 ], [ 13.8578, 53.05223 ], [ 13.85713, 53.0522 ], [ 13.85681, 53.0521 ], [ 13.85705, 53.05194 ], [ 13.85728, 53.05186 ], [ 13.85756, 53.05186 ], [ 13.85775, 53.05197 ] ], [ [ 13.86329, 53.05296 ], [ 13.86328, 53.05306 ], [ 13.86269, 53.0532 ], [ 13.86252, 53.05295 ], [ 13.86258, 53.05288 ], [ 13.863, 53.05285 ], [ 13.86319, 53.05289 ], [ 13.86329, 53.05296 ] ], [ [ 13.86087, 53.05117 ], [ 13.86182, 53.05131 ], [ 13.86203, 53.05144 ], [ 13.86119, 53.05155 ], [ 13.86097, 53.05165 ], [ 13.86086, 53.05163 ], [ 13.86061, 53.05145 ], [ 13.86053, 53.05132 ], [ 13.86067, 53.05122 ], [ 13.86087, 53.05117 ] ] ] } },
{ "type": "Feature", "properties": { "boden": "100 % mittel, mäßig frisch (M2)" }, "geometry": { "type": "Polygon", "coordinates": [ [ [ 13.85048, 53.05367 ], [ 13.85202, 53.05373 ], [ 13.85216, 53.05368 ], [ 13.85237, 53.05353 ], [ 13.85243, 53.05341 ], [ 13.8514, 53.05318 ], [ 13.85063, 53.0531 ], [ 13.85018, 53.05298 ], [ 13.84963, 53.05294 ], [ 13.84929, 53.05294 ], [ 13.8489, 53.05307 ], [ 13.84838, 53.05311 ], [ 13.84816, 53.05322 ], [ 13.84752, 53.05319 ], [ 13.84717, 53.05309 ], [ 13.8469, 53.0529 ], [ 13.84653, 53.05281 ], [ 13.84625, 53.05258 ], [ 13.84588, 53.0524 ], [ 13.84557, 53.05233 ], [ 13.84525, 53.05233 ], [ 13.845, 53.05238 ], [ 13.84482, 53.05251 ], [ 13.84484, 53.05272 ], [ 13.84502, 53.05284 ], [ 13.84607, 53.05296 ], [ 13.84624, 53.05307 ], [ 13.84858, 53.05375 ], [ 13.84945, 53.05363 ], [ 13.85014, 53.0538 ], [ 13.85048, 53.05367 ] ] ] } },
{ "type": "Feature", "properties": { "boden": "100 % ziemlich arm, mäßig frisch (Z2)" }, "geometry": { "type": "Polygon", "coordinates": [ [ [ 13.84624, 53.05307 ], [ 13.84621, 53.05329 ], [ 13.8463, 53.05336 ], [ 13.84787, 53.05368 ], [ 13.84817, 53.05364 ], [ 13.84624, 53.05307 ] ] ] } },
{ "type": "Feature", "properties": { "boden": "100 % ziemlich arm, mäßig frisch (Z2)" }, "geometry": { "type": "Polygon", "coordinates": [ [ [ 13.84579, 53.05331 ], [ 13.84562, 53.05332 ], [ 13.8455, 53.05339 ], [ 13.84548, 53.05349 ], [ 13.84558, 53.05359 ], [ 13.84573, 53.05362 ], [ 13.84593, 53.05357 ], [ 13.846, 53.05346 ], [ 13.84594, 53.05336 ], [ 13.84579, 53.05331 ] ] ] } },
{ "type": "Feature", "properties": { "boden": "100 % ziemlich arm, mäßig frisch (Z2)" }, "geometry": { "type": "Polygon", "coordinates": [ [ [ 13.84945, 53.05363 ], [ 13.84903, 53.0537 ], [ 13.8499, 53.05385 ], [ 13.84999, 53.0539 ], [ 13.85002, 53.05382 ], [ 13.85014, 53.0538 ], [ 13.84945, 53.05363 ] ] ] } },
{ "type": "Feature", "properties": { "boden": "100 % ziemlich arm, trocken (vermutet) (Z3)" }, "geometry": { "type": "Polygon", "coordinates": [ [ [ 13.84635, 53.05395 ], [ 13.84678, 53.05397 ], [ 13.84687, 53.05393 ], [ 13.8468, 53.05383 ], [ 13.84664, 53.05374 ], [ 13.84624, 53.05361 ], [ 13.84601, 53.05359 ], [ 13.8457, 53.0537 ], [ 13.84561, 53.05381 ], [ 13.84564, 53.05392 ], [ 13.84576, 53.05401 ], [ 13.84635, 53.05395 ] ] ] } },
{ "type": "Feature", "properties": { "boden": "100 % ziemlich arm, mäßig frisch (Z2)" }, "geometry": { "type": "Polygon", "coordinates": [ [ [ 13.84531, 53.05374 ], [ 13.84515, 53.05375 ], [ 13.84503, 53.05382 ], [ 13.84501, 53.05392 ], [ 13.84511, 53.05402 ], [ 13.84526, 53.05405 ], [ 13.84546, 53.054 ], [ 13.84553, 53.05389 ], [ 13.84547, 53.05379 ], [ 13.84531, 53.05374 ] ] ] } },
{ "type": "Feature", "properties": { "boden": "100 % mittel, mäßig frisch (M2)" }, "geometry": { "type": "Polygon", "coordinates": [ [ [ 13.85281, 53.0543 ], [ 13.85275, 53.0542 ], [ 13.85251, 53.05416 ], [ 13.85256, 53.05408 ], [ 13.8525, 53.05399 ], [ 13.85276, 53.05394 ], [ 13.85283, 53.05383 ], [ 13.85277, 53.05373 ], [ 13.85261, 53.05368 ], [ 13.85245, 53.05369 ], [ 13.85233, 53.05376 ], [ 13.85235, 53.05393 ], [ 13.85218, 53.05394 ], [ 13.85213, 53.05376 ], [ 13.85197, 53.05371 ], [ 13.85181, 53.05372 ], [ 13.85169, 53.05379 ], [ 13.85167, 53.0539 ], [ 13.85177, 53.05399 ], [ 13.85207, 53.05401 ], [ 13.85204, 53.05412 ], [ 13.85209, 53.05417 ], [ 13.85195, 53.05424 ], [ 13.85197, 53.05438 ], [ 13.8521, 53.05427 ], [ 13.85225, 53.05422 ], [ 13.85251, 53.05423 ], [ 13.85281, 53.0543 ] ] ] } },
{ "type": "Feature", "properties": { "boden": "100 % kräftig, mäßig frisch (K2)" }, "geometry": { "type": "Polygon", "coordinates": [ [ [ 13.83519, 53.05248 ], [ 13.83473, 53.05238 ], [ 13.83472, 53.05243 ], [ 13.83485, 53.05254 ], [ 13.83511, 53.05253 ], [ 13.83519, 53.05248 ] ] ] } },
{ "type": "Feature", "properties": { "boden": "100 % kräftig, mäßig frisch (K2)" }, "geometry": { "type": "Polygon", "coordinates": [ [ [ 13.83547, 53.0525 ], [ 13.83596, 53.05259 ], [ 13.83597, 53.05253 ], [ 13.83575, 53.05241 ], [ 13.83557, 53.05244 ], [ 13.83547, 53.0525 ] ] ] } },
{ "type": "Feature", "properties": { "boden": "100 % kräftig, mäßig frisch (K2)" }, "geometry": { "type": "Polygon", "coordinates": [ [ [ 13.8334, 53.05241 ], [ 13.83322, 53.05243 ], [ 13.83311, 53.05259 ], [ 13.83316, 53.05266 ], [ 13.83336, 53.05272 ], [ 13.8336, 53.05263 ], [ 13.83362, 53.05252 ], [ 13.8334, 53.05241 ] ] ] } },
{ "type": "Feature", "properties": { "boden": "100 % kräftig, mäßig frisch (K2)" }, "geometry": { "type": "Polygon", "coordinates": [ [ [ 13.83596, 53.05259 ], [ 13.83547, 53.05252 ], [ 13.83546, 53.0526 ], [ 13.83551, 53.05267 ], [ 13.83571, 53.05272 ], [ 13.83595, 53.05264 ], [ 13.83596, 53.05259 ] ] ] } },
{ "type": "Feature", "properties": { "boden": "100 % kräftig, mäßig frisch (K2)" }, "geometry": { "type": "Polygon", "coordinates": [ [ [ 13.83596, 53.05259 ], [ 13.83585, 53.0527 ], [ 13.83559, 53.05271 ], [ 13.83546, 53.0526 ], [ 13.83547, 53.05252 ], [ 13.83519, 53.05248 ], [ 13.83511, 53.05253 ], [ 13.83485, 53.05254 ], [ 13.83472, 53.05243 ], [ 13.83473, 53.05238 ], [ 13.83445, 53.05234 ], [ 13.83435, 53.05244 ], [ 13.83409, 53.05244 ], [ 13.83396, 53.05234 ], [ 13.83397, 53.05225 ], [ 13.83384, 53.05221 ], [ 13.83366, 53.05231 ], [ 13.83391, 53.05266 ], [ 13.83408, 53.05264 ], [ 13.8343, 53.05272 ], [ 13.83429, 53.05266 ], [ 13.83466, 53.05263 ], [ 13.83493, 53.05273 ], [ 13.83525, 53.05269 ], [ 13.83561, 53.05279 ], [ 13.83597, 53.0528 ], [ 13.83621, 53.05291 ], [ 13.83624, 53.05317 ], [ 13.83604, 53.05327 ], [ 13.83609, 53.05328 ], [ 13.83631, 53.05317 ], [ 13.83634, 53.05279 ], [ 13.83611, 53.05262 ], [ 13.83596, 53.05259 ] ] ] } },
{ "type": "Feature", "properties": { "boden": "100 % kräftig, mäßig frisch (K2)" }, "geometry": { "type": "Polygon", "coordinates": [ [ [ 13.8343, 53.05272 ], [ 13.83408, 53.05264 ], [ 13.83391, 53.05266 ], [ 13.8342, 53.05292 ], [ 13.83432, 53.05288 ], [ 13.8343, 53.05272 ] ] ] } },
{ "type": "Feature", "properties": { "boden": "100 % kräftig, trocken (vermutet) (K3)" }, "geometry": { "type": "Polygon", "coordinates": [ [ [ 13.8309, 53.05309 ], [ 13.83121, 53.05295 ], [ 13.83141, 53.0527 ], [ 13.83133, 53.05255 ], [ 13.83114, 53.05244 ], [ 13.83101, 53.05246 ], [ 13.8309, 53.05309 ] ] ] } },
{ "type": "Feature", "properties": { "boden": "100 % kräftig, mäßig frisch (K2)" }, "geometry": { "type": "Polygon", "coordinates": [ [ [ 13.8342, 53.05292 ], [ 13.83391, 53.05266 ], [ 13.8339, 53.05267 ], [ 13.83381, 53.05273 ], [ 13.83384, 53.0529 ], [ 13.83404, 53.05295 ], [ 13.8342, 53.05292 ] ] ] } },
{ "type": "Feature", "properties": { "boden": "100 % arm, nass (OA3)" }, "geometry": { "type": "Polygon", "coordinates": [ [ [ 13.83624, 53.05317 ], [ 13.83621, 53.05291 ], [ 13.83597, 53.0528 ], [ 13.83561, 53.05279 ], [ 13.83525, 53.05269 ], [ 13.83493, 53.05273 ], [ 13.83466, 53.05263 ], [ 13.83429, 53.05266 ], [ 13.83432, 53.05293 ], [ 13.83462, 53.05312 ], [ 13.83516, 53.05307 ], [ 13.83551, 53.05311 ], [ 13.83603, 53.05328 ], [ 13.83624, 53.05317 ] ] ] } },
{ "type": "Feature", "properties": { "boden": "100 % kräftig, mäßig frisch (K2)" }, "geometry": { "type": "Polygon", "coordinates": [ [ [ 13.8342, 53.05292 ], [ 13.83457, 53.05316 ], [ 13.83472, 53.05317 ], [ 13.83516, 53.0531 ], [ 13.83601, 53.05327 ], [ 13.83551, 53.05311 ], [ 13.83516, 53.05307 ], [ 13.83462, 53.05312 ], [ 13.83432, 53.05293 ], [ 13.83432, 53.05288 ], [ 13.8342, 53.05292 ] ] ] } },
{ "type": "Feature", "properties": { "boden": "100 % kräftig, mäßig frisch (K2)" }, "geometry": { "type": "Polygon", "coordinates": [ [ [ 13.8393, 53.0527 ], [ 13.83933, 53.05254 ], [ 13.83894, 53.0525 ], [ 13.83881, 53.05269 ], [ 13.83892, 53.05278 ], [ 13.8393, 53.0527 ] ] ] } },
{ "type": "Feature", "properties": { "boden": "100 % kräftig, mäßig frisch (K2)" }, "geometry": { "type": "Polygon", "coordinates": [ [ [ 13.83822, 53.05247 ], [ 13.83806, 53.05261 ], [ 13.83804, 53.05271 ], [ 13.83841, 53.05281 ], [ 13.83849, 53.05278 ], [ 13.83856, 53.05268 ], [ 13.83846, 53.05251 ], [ 13.83822, 53.05247 ] ] ] } },
{ "type": "Feature", "properties": { "boden": "100 % kräftig, mäßig frisch (K2)" }, "geometry": { "type": "Polygon", "coordinates": [ [ [ 13.83891, 53.05278 ], [ 13.83881, 53.05269 ], [ 13.83894, 53.0525 ], [ 13.83846, 53.05251 ], [ 13.83856, 53.05268 ], [ 13.83849, 53.05278 ], [ 13.83841, 53.05281 ], [ 13.83847, 53.05285 ], [ 13.83872, 53.05285 ], [ 13.83891, 53.05278 ] ] ] } },
{ "type": "Feature", "properties": { "boden": "100 % kräftig, mäßig frisch (K2)" }, "geometry": { "type": "Polygon", "coordinates": [ [ [ 13.83957, 53.05273 ], [ 13.83978, 53.05289 ], [ 13.83975, 53.05298 ], [ 13.83994, 53.05293 ], [ 13.84001, 53.05283 ], [ 13.83995, 53.05273 ], [ 13.8398, 53.05267 ], [ 13.83957, 53.05273 ] ] ] } },
{ "type": "Feature", "properties": { "boden": "100 % kräftig, trocken (vermutet) (K3)" }, "geometry": { "type": "Polygon", "coordinates": [ [ [ 13.83975, 53.05298 ], [ 13.83978, 53.05289 ], [ 13.8397, 53.05279 ], [ 13.83954, 53.05272 ], [ 13.83914, 53.05271 ], [ 13.83872, 53.05285 ], [ 13.83851, 53.05286 ], [ 13.83839, 53.05279 ], [ 13.83792, 53.05271 ], [ 13.8375, 53.05253 ], [ 13.83732, 53.05256 ], [ 13.83766, 53.05321 ], [ 13.83796, 53.0534 ], [ 13.83844, 53.05337 ], [ 13.83887, 53.05315 ], [ 13.83948, 53.05308 ], [ 13.83975, 53.05298 ] ] ] } },
{ "type": "Feature", "properties": { "boden": "100 % mittel, mäßig frisch (M2)" }, "geometry": { "type": "Polygon", "coordinates": [ [ [ 13.84386, 53.05309 ], [ 13.84429, 53.05287 ], [ 13.84431, 53.0528 ], [ 13.84423, 53.05273 ], [ 13.84403, 53.05266 ], [ 13.84376, 53.05264 ], [ 13.84321, 53.05275 ], [ 13.84307, 53.05287 ], [ 13.84294, 53.05315 ], [ 13.84255, 53.05335 ], [ 13.84258, 53.0535 ], [ 13.84272, 53.05357 ], [ 13.84287, 53.05356 ], [ 13.84327, 53.05328 ], [ 13.84386, 53.05309 ] ], [ [ 13.84337, 53.05273 ], [ 13.84359, 53.05274 ], [ 13.8437, 53.05281 ], [ 13.84371, 53.05293 ], [ 13.84351, 53.05304 ], [ 13.84326, 53.05297 ], [ 13.84325, 53.05285 ], [ 13.84337, 53.05273 ] ] ] } },
{ "type": "Feature", "properties": { "boden": "100 % kräftig, trocken (vermutet) (K3)" }, "geometry": { "type": "Polygon", "coordinates": [ [ [ 13.84032, 53.05331 ], [ 13.84017, 53.05332 ], [ 13.84013, 53.0534 ], [ 13.83978, 53.0536 ], [ 13.83977, 53.05366 ], [ 13.84001, 53.05367 ], [ 13.84037, 53.05356 ], [ 13.84055, 53.05339 ], [ 13.84032, 53.05331 ] ] ] } },
{ "type": "Feature", "properties": { "boden": "100 % ziemlich arm, mäßig frisch (Z2)" }, "geometry": { "type": "Polygon", "coordinates": [ [ [ 13.84393, 53.05407 ], [ 13.84413, 53.05414 ], [ 13.84433, 53.05409 ], [ 13.84437, 53.05403 ], [ 13.84465, 53.05404 ], [ 13.84485, 53.05399 ], [ 13.84491, 53.05389 ], [ 13.84486, 53.05379 ], [ 13.8447, 53.05373 ], [ 13.84453, 53.05375 ], [ 13.84441, 53.05387 ], [ 13.84426, 53.05382 ], [ 13.84406, 53.05384 ], [ 13.84409, 53.05378 ], [ 13.84404, 53.05368 ], [ 13.84388, 53.05363 ], [ 13.84371, 53.05364 ], [ 13.8436, 53.05371 ], [ 13.84358, 53.05381 ], [ 13.84367, 53.05391 ], [ 13.84344, 53.054 ], [ 13.84342, 53.05411 ], [ 13.84351, 53.0542 ], [ 13.84367, 53.05423 ], [ 13.84387, 53.05418 ], [ 13.84393, 53.05407 ] ] ] } },
{ "type": "Feature", "properties": { "boden": "100 % kräftig, mäßig frisch (K2)" }, "geometry": { "type": "Polygon", "coordinates": [ [ [ 13.8426, 53.05402 ], [ 13.84243, 53.05404 ], [ 13.84232, 53.05411 ], [ 13.8423, 53.05421 ], [ 13.84239, 53.0543 ], [ 13.84255, 53.05434 ], [ 13.84275, 53.05428 ], [ 13.84281, 53.05418 ], [ 13.84275, 53.05408 ], [ 13.8426, 53.05402 ] ] ] } },
{ "type": "Feature", "properties": { "boden": "100 % kräftig, mäßig frisch (K2)" }, "geometry": { "type": "Polygon", "coordinates": [ [ [ 13.84194, 53.05417 ], [ 13.84177, 53.05419 ], [ 13.84165, 53.05426 ], [ 13.84163, 53.05436 ], [ 13.84173, 53.05445 ], [ 13.84188, 53.05448 ], [ 13.84208, 53.05443 ], [ 13.84215, 53.05433 ], [ 13.84209, 53.05423 ], [ 13.84194, 53.05417 ] ] ] } },
{ "type": "Feature", "properties": { "boden": "100 % mittel, mäßig frisch (M2)" }, "geometry": { "type": "Polygon", "coordinates": [ [ [ 13.85316, 53.05442 ], [ 13.85254, 53.05452 ], [ 13.85209, 53.0545 ], [ 13.85198, 53.05446 ], [ 13.85193, 53.05434 ], [ 13.85195, 53.05424 ], [ 13.85209, 53.05417 ], [ 13.85204, 53.05412 ], [ 13.85207, 53.05401 ], [ 13.85177, 53.05399 ], [ 13.85167, 53.0539 ], [ 13.85178, 53.05374 ], [ 13.85104, 53.05367 ], [ 13.85048, 53.05367 ], [ 13.85014, 53.0538 ], [ 13.85146, 53.05432 ], [ 13.8516, 53.05441 ], [ 13.85157, 53.05446 ], [ 13.85175, 53.05448 ], [ 13.85196, 53.05459 ], [ 13.85269, 53.0546 ], [ 13.85345, 53.05443 ], [ 13.85377, 53.0544 ], [ 13.85316, 53.05442 ] ] ] } },
{ "type": "Feature", "properties": { "boden": "100 % mittel, trocken (vermutet) (M3)" }, "geometry": { "type": "Polygon", "coordinates": [ [ [ 13.85279, 53.05431 ], [ 13.85251, 53.05423 ], [ 13.85225, 53.05422 ], [ 13.8521, 53.05427 ], [ 13.85197, 53.05438 ], [ 13.85218, 53.05447 ], [ 13.85238, 53.05442 ], [ 13.85255, 53.05446 ], [ 13.85274, 53.05441 ], [ 13.85279, 53.05431 ] ] ] } },
{ "type": "Feature", "properties": { "boden": "100 % ziemlich arm, trocken (vermutet) (Z3)" }, "geometry": { "type": "Polygon", "coordinates": [ [ [ 13.84916, 53.05397 ], [ 13.84785, 53.05397 ], [ 13.84757, 53.05392 ], [ 13.8473, 53.05398 ], [ 13.84773, 53.05407 ], [ 13.84868, 53.05444 ], [ 13.84927, 53.05454 ], [ 13.84936, 53.05468 ], [ 13.84948, 53.05472 ], [ 13.84993, 53.05476 ], [ 13.85009, 53.05473 ], [ 13.85018, 53.05465 ], [ 13.85022, 53.05448 ], [ 13.85014, 53.05431 ], [ 13.84961, 53.05406 ], [ 13.84916, 53.05397 ] ] ] } },
{ "type": "Feature", "properties": { "boden": "100 % mittel, trocken (vermutet) (M3)" }, "geometry": { "type": "Polygon", "coordinates": [ [ [ 13.85405, 53.05438 ], [ 13.85435, 53.05428 ], [ 13.85382, 53.05424 ], [ 13.85324, 53.05431 ], [ 13.85281, 53.05431 ], [ 13.85274, 53.05441 ], [ 13.85255, 53.05446 ], [ 13.85238, 53.05442 ], [ 13.85218, 53.05447 ], [ 13.85196, 53.0544 ], [ 13.85198, 53.05446 ], [ 13.85228, 53.05452 ], [ 13.85292, 53.05448 ], [ 13.85316, 53.05442 ], [ 13.85405, 53.05438 ] ] ] } },
{ "type": "Feature", "properties": { "boden": "100 % ziemlich arm, mäßig frisch (Z2)" }, "geometry": { "type": "Polygon", "coordinates": [ [ [ 13.85148, 53.05582 ], [ 13.85153, 53.05519 ], [ 13.85139, 53.05512 ], [ 13.85109, 53.05478 ], [ 13.85067, 53.05477 ], [ 13.85049, 53.0547 ], [ 13.85063, 53.05459 ], [ 13.85135, 53.05454 ], [ 13.8516, 53.05441 ], [ 13.85014, 53.0538 ], [ 13.85002, 53.05382 ], [ 13.84999, 53.0539 ], [ 13.8499, 53.05385 ], [ 13.84903, 53.0537 ], [ 13.84858, 53.05375 ], [ 13.84817, 53.05364 ], [ 13.84787, 53.05368 ], [ 13.84723, 53.05357 ], [ 13.84625, 53.05333 ], [ 13.84624, 53.05307 ], [ 13.84583, 53.05295 ], [ 13.84386, 53.05309 ], [ 13.84289, 53.05363 ], [ 13.84291, 53.05442 ], [ 13.84427, 53.0542 ], [ 13.84518, 53.05418 ], [ 13.84595, 53.05425 ], [ 13.84627, 53.05489 ], [ 13.84634, 53.05534 ], [ 13.84657, 53.0556 ], [ 13.84781, 53.0556 ], [ 13.84774, 53.05548 ], [ 13.84719, 53.0551 ], [ 13.84705, 53.05493 ], [ 13.84649, 53.05481 ], [ 13.84625, 53.05464 ], [ 13.84614, 53.05447 ], [ 13.84613, 53.05432 ], [ 13.84633, 53.05415 ], [ 13.84659, 53.05408 ], [ 13.84701, 53.05411 ], [ 13.84734, 53.05419 ], [ 13.84767, 53.05435 ], [ 13.84858, 53.05504 ], [ 13.84875, 53.05502 ], [ 13.8489, 53.05508 ], [ 13.84895, 53.05516 ], [ 13.84934, 53.05515 ], [ 13.84942, 53.05511 ], [ 13.8499, 53.05508 ], [ 13.85013, 53.05501 ], [ 13.85068, 53.05539 ], [ 13.85092, 53.05544 ], [ 13.85098, 53.05554 ], [ 13.85088, 53.05565 ], [ 13.85095, 53.0557 ], [ 13.85121, 53.05567 ], [ 13.85148, 53.05582 ] ], [ [ 13.84961, 53.05406 ], [ 13.84992, 53.05418 ], [ 13.85019, 53.05437 ], [ 13.85018, 53.05465 ], [ 13.85009, 53.05473 ], [ 13.84993, 53.05476 ], [ 13.84948, 53.05472 ], [ 13.84936, 53.05468 ], [ 13.84927, 53.05454 ], [ 13.84868, 53.05444 ], [ 13.84773, 53.05407 ], [ 13.8473, 53.05398 ], [ 13.84757, 53.05392 ], [ 13.84785, 53.05397 ], [ 13.84916, 53.05397 ], [ 13.84961, 53.05406 ] ], [ [ 13.84582, 53.05402 ], [ 13.84564, 53.05392 ], [ 13.84561, 53.05381 ], [ 13.8457, 53.0537 ], [ 13.84601, 53.05359 ], [ 13.84624, 53.05361 ], [ 13.84664, 53.05374 ], [ 13.8468, 53.05383 ], [ 13.84687, 53.05393 ], [ 13.84678, 53.05397 ], [ 13.84606, 53.05396 ], [ 13.84582, 53.05402 ] ], [ [ 13.846, 53.05346 ], [ 13.84593, 53.05357 ], [ 13.84573, 53.05362 ], [ 13.84558, 53.05359 ], [ 13.84548, 53.05349 ], [ 13.8455, 53.05339 ], [ 13.84562, 53.05332 ], [ 13.84579, 53.05331 ], [ 13.84594, 53.05336 ], [ 13.846, 53.05346 ] ], [ [ 13.84367, 53.05423 ], [ 13.84351, 53.0542 ], [ 13.84342, 53.05411 ], [ 13.84344, 53.054 ], [ 13.84367, 53.05391 ], [ 13.84358, 53.05381 ], [ 13.8436, 53.05371 ], [ 13.84371, 53.05364 ], [ 13.84388, 53.05363 ], [ 13.84404, 53.05368 ], [ 13.84409, 53.05378 ], [ 13.84406, 53.05384 ], [ 13.84426, 53.05382 ], [ 13.84441, 53.05387 ], [ 13.84453, 53.05375 ], [ 13.8447, 53.05373 ], [ 13.84486, 53.05379 ], [ 13.84491, 53.05389 ], [ 13.84485, 53.05399 ], [ 13.84465, 53.05404 ], [ 13.84437, 53.05403 ], [ 13.84433, 53.05409 ], [ 13.84413, 53.05414 ], [ 13.84393, 53.05407 ], [ 13.84387, 53.05418 ], [ 13.84367, 53.05423 ] ], [ [ 13.84553, 53.05389 ], [ 13.84546, 53.054 ], [ 13.84526, 53.05405 ], [ 13.84511, 53.05402 ], [ 13.84501, 53.05392 ], [ 13.84503, 53.05382 ], [ 13.84515, 53.05375 ], [ 13.84531, 53.05374 ], [ 13.84547, 53.05379 ], [ 13.84553, 53.05389 ] ] ] } },
{ "type": "Feature", "properties": { "boden": "100 % ziemlich arm, mäßig frisch (Z2)" }, "geometry": { "type": "Polygon", "coordinates": [ [ [ 13.8515, 53.05445 ], [ 13.85135, 53.05454 ], [ 13.85063, 53.05459 ], [ 13.85049, 53.0547 ], [ 13.85067, 53.05477 ], [ 13.85109, 53.05478 ], [ 13.85139, 53.05512 ], [ 13.85153, 53.05519 ], [ 13.8514, 53.05472 ], [ 13.85157, 53.05446 ], [ 13.8515, 53.05445 ] ] ] } },
{ "type": "Feature", "properties": { "boden": "100 % kräftig, mäßig frisch (K2)" }, "geometry": { "type": "Polygon", "coordinates": [ [ [ 13.85188, 53.05454 ], [ 13.85157, 53.05446 ], [ 13.8514, 53.05472 ], [ 13.85155, 53.0552 ], [ 13.85179, 53.05517 ], [ 13.85191, 53.05508 ], [ 13.85193, 53.05487 ], [ 13.85178, 53.0547 ], [ 13.85195, 53.05462 ], [ 13.85188, 53.05454 ] ] ] } },
{ "type": "Feature", "properties": { "boden": "100 % ziemlich arm, mäßig frisch (Z2)" }, "geometry": { "type": "Polygon", "coordinates": [ [ [ 13.8478, 53.0555 ], [ 13.84782, 53.0554 ], [ 13.84793, 53.05533 ], [ 13.8481, 53.05532 ], [ 13.84827, 53.05539 ], [ 13.84832, 53.05548 ], [ 13.84894, 53.05548 ], [ 13.84891, 53.05531 ], [ 13.84854, 53.0553 ], [ 13.84844, 53.05521 ], [ 13.84847, 53.05511 ], [ 13.84858, 53.05504 ], [ 13.84767, 53.05435 ], [ 13.84718, 53.05414 ], [ 13.84684, 53.05409 ], [ 13.84645, 53.0541 ], [ 13.84613, 53.05432 ], [ 13.84614, 53.05447 ], [ 13.84625, 53.05464 ], [ 13.84649, 53.05481 ], [ 13.84705, 53.05493 ], [ 13.84719, 53.0551 ], [ 13.84774, 53.05548 ], [ 13.84781, 53.0556 ], [ 13.84792, 53.0556 ], [ 13.8478, 53.0555 ] ] ] } },
{ "type": "Feature", "properties": { "boden": "100 % ziemlich arm, mäßig frisch (Z2)" }, "geometry": { "type": "Polygon", "coordinates": [ [ [ 13.84953, 53.05531 ], [ 13.84956, 53.05521 ], [ 13.84967, 53.05514 ], [ 13.84984, 53.05512 ], [ 13.85011, 53.05524 ], [ 13.85035, 53.05517 ], [ 13.85013, 53.05501 ], [ 13.8499, 53.05508 ], [ 13.84942, 53.05511 ], [ 13.84934, 53.05515 ], [ 13.84895, 53.05516 ], [ 13.84936, 53.05524 ], [ 13.84942, 53.05534 ], [ 13.84932, 53.05548 ], [ 13.8497, 53.05546 ], [ 13.84953, 53.05531 ] ] ] } },
{ "type": "Feature", "properties": { "boden": "100 % ziemlich arm, mäßig frisch (Z2)" }, "geometry": { "type": "Polygon", "coordinates": [ [ [ 13.84942, 53.05534 ], [ 13.84936, 53.05524 ], [ 13.8492, 53.05519 ], [ 13.84896, 53.05518 ], [ 13.8489, 53.05508 ], [ 13.84875, 53.05502 ], [ 13.84858, 53.05504 ], [ 13.84847, 53.05511 ], [ 13.84844, 53.05521 ], [ 13.84854, 53.0553 ], [ 13.84891, 53.05531 ], [ 13.84894, 53.05548 ], [ 13.84932, 53.05548 ], [ 13.84942, 53.05534 ] ] ] } },
{ "type": "Feature", "properties": { "boden": "100 % kräftig, mäßig frisch (K2)" }, "geometry": { "type": "Polygon", "coordinates": [ [ [ 13.83337, 53.05332 ], [ 13.83319, 53.05335 ], [ 13.83308, 53.05351 ], [ 13.83313, 53.05358 ], [ 13.83333, 53.05363 ], [ 13.83357, 53.05355 ], [ 13.83359, 53.05344 ], [ 13.83337, 53.05332 ] ] ] } },
{ "type": "Feature", "properties": { "boden": "100 % kräftig, trocken (vermutet) (K3)" }, "geometry": { "type": "Polygon", "coordinates": [ [ [ 13.83528, 53.05347 ], [ 13.83517, 53.0535 ], [ 13.83512, 53.05364 ], [ 13.83521, 53.05375 ], [ 13.83553, 53.0537 ], [ 13.83561, 53.05363 ], [ 13.83551, 53.0535 ], [ 13.83528, 53.05347 ] ] ] } },
{ "type": "Feature", "properties": { "boden": "100 % kräftig, mäßig frisch (K2)" }, "geometry": { "type": "Polygon", "coordinates": [ [ [ 13.83264, 53.05356 ], [ 13.83246, 53.05359 ], [ 13.83235, 53.05375 ], [ 13.8324, 53.05382 ], [ 13.8326, 53.05388 ], [ 13.83284, 53.05379 ], [ 13.83286, 53.05368 ], [ 13.83264, 53.05356 ] ] ] } },
{ "type": "Feature", "properties": { "boden": "100 % kräftig, mäßig frisch (K2)" }, "geometry": { "type": "Polygon", "coordinates": [ [ [ 13.83275, 53.05395 ], [ 13.83256, 53.05398 ], [ 13.83245, 53.05414 ], [ 13.83251, 53.05421 ], [ 13.8327, 53.05427 ], [ 13.83294, 53.05418 ], [ 13.83296, 53.05407 ], [ 13.83275, 53.05395 ] ] ] } },
{ "type": "Feature", "properties": { "boden": "100 % kräftig, mäßig frisch (K2)" }, "geometry": { "type": "Polygon", "coordinates": [ [ [ 13.8338, 53.05417 ], [ 13.8339, 53.05411 ], [ 13.83392, 53.054 ], [ 13.83384, 53.05392 ], [ 13.83371, 53.05389 ], [ 13.83352, 53.05391 ], [ 13.83343, 53.05398 ], [ 13.83338, 53.05413 ], [ 13.8331, 53.05416 ], [ 13.83299, 53.05433 ], [ 13.83313, 53.05443 ], [ 13.83338, 53.05443 ], [ 13.83348, 53.05436 ], [ 13.83351, 53.05421 ], [ 13.8338, 53.05417 ] ] ] } },
{ "type": "Feature", "properties": { "boden": "100 % kräftig, mäßig frisch (K2)" }, "geometry": { "type": "Polygon", "coordinates": [ [ [ 13.8339, 53.05411 ], [ 13.83371, 53.05418 ], [ 13.8337, 53.05429 ], [ 13.83382, 53.05439 ], [ 13.83397, 53.05443 ], [ 13.83428, 53.05443 ], [ 13.83451, 53.05436 ], [ 13.8348, 53.05417 ], [ 13.8346, 53.05403 ], [ 13.83444, 53.054 ], [ 13.83403, 53.05402 ], [ 13.83391, 53.05406 ], [ 13.8339, 53.05411 ] ] ] } },
{ "type": "Feature", "properties": { "boden": "100 % kräftig, trocken (vermutet) (K3)" }, "geometry": { "type": "Polygon", "coordinates": [ [ [ 13.8328, 53.05451 ], [ 13.83204, 53.05416 ], [ 13.8318, 53.05414 ], [ 13.83178, 53.05443 ], [ 13.83189, 53.05457 ], [ 13.83232, 53.05461 ], [ 13.83291, 53.05479 ], [ 13.83299, 53.05471 ], [ 13.8328, 53.05451 ] ] ] } },
{ "type": "Feature", "properties": { "boden": "100 % kräftig, mäßig frisch (K2)" }, "geometry": { "type": "Polygon", "coordinates": [ [ [ 13.83556, 53.05578 ], [ 13.83538, 53.0558 ], [ 13.83527, 53.05596 ], [ 13.83532, 53.05603 ], [ 13.83552, 53.05609 ], [ 13.83576, 53.056 ], [ 13.83578, 53.0559 ], [ 13.83556, 53.05578 ] ] ] } },
{ "type": "Feature", "properties": { "boden": "100 % kräftig, mäßig frisch (K2)" }, "geometry": { "type": "Polygon", "coordinates": [ [ [ 13.83455, 53.05612 ], [ 13.83481, 53.05611 ], [ 13.83491, 53.05605 ], [ 13.83493, 53.05594 ], [ 13.83484, 53.05586 ], [ 13.83471, 53.05582 ], [ 13.83453, 53.05585 ], [ 13.83437, 53.05606 ], [ 13.83418, 53.05609 ], [ 13.83409, 53.05615 ], [ 13.83412, 53.05632 ], [ 13.83432, 53.05637 ], [ 13.83446, 53.05635 ], [ 13.83456, 53.05629 ], [ 13.83455, 53.05612 ] ] ] } },
{ "type": "Feature", "properties": { "boden": "100 % kräftig, mäßig frisch (K2)" }, "geometry": { "type": "Polygon", "coordinates": [ [ [ 13.83715, 53.05653 ], [ 13.83706, 53.05615 ], [ 13.83687, 53.05627 ], [ 13.83665, 53.05615 ], [ 13.83669, 53.0559 ], [ 13.83693, 53.05581 ], [ 13.83695, 53.05571 ], [ 13.83673, 53.05559 ], [ 13.83655, 53.05561 ], [ 13.83644, 53.05577 ], [ 13.8365, 53.05585 ], [ 13.83632, 53.05588 ], [ 13.83623, 53.05594 ], [ 13.83626, 53.05611 ], [ 13.83646, 53.05616 ], [ 13.83637, 53.05624 ], [ 13.83641, 53.05641 ], [ 13.83621, 53.05651 ], [ 13.83619, 53.05661 ], [ 13.83625, 53.05668 ], [ 13.83645, 53.05674 ], [ 13.83668, 53.05665 ], [ 13.8367, 53.05654 ], [ 13.83691, 53.05668 ], [ 13.83703, 53.0567 ], [ 13.83727, 53.05661 ], [ 13.83715, 53.05653 ] ] ] } },
{ "type": "Feature", "properties": { "boden": "100 % kräftig, trocken (vermutet) (K3)" }, "geometry": { "type": "Polygon", "coordinates": [ [ [ 13.83932, 53.05415 ], [ 13.8392, 53.0542 ], [ 13.83923, 53.05429 ], [ 13.83934, 53.0544 ], [ 13.83966, 53.05454 ], [ 13.83958, 53.05432 ], [ 13.83946, 53.0542 ], [ 13.83932, 53.05415 ] ] ] } },
{ "type": "Feature", "properties": { "boden": "100 % kräftig, mäßig frisch (K2)" }, "geometry": { "type": "Polygon", "coordinates": [ [ [ 13.84247, 53.05442 ], [ 13.8423, 53.05443 ], [ 13.84219, 53.0545 ], [ 13.84217, 53.0546 ], [ 13.84226, 53.0547 ], [ 13.84242, 53.05473 ], [ 13.84262, 53.05468 ], [ 13.84268, 53.05457 ], [ 13.84263, 53.05447 ], [ 13.84247, 53.05442 ] ] ] } },
{ "type": "Feature", "properties": { "boden": "100 % kräftig, mäßig frisch (K2)" }, "geometry": { "type": "Polygon", "coordinates": [ [ [ 13.83786, 53.05447 ], [ 13.838, 53.05489 ], [ 13.83812, 53.05495 ], [ 13.83842, 53.0548 ], [ 13.83876, 53.05489 ], [ 13.83912, 53.05484 ], [ 13.83914, 53.05461 ], [ 13.83901, 53.05452 ], [ 13.83845, 53.05451 ], [ 13.83798, 53.05443 ], [ 13.83786, 53.05447 ] ] ] } },
{ "type": "Feature", "properties": { "boden": "100 % kräftig, mäßig frisch (K2)" }, "geometry": { "type": "Polygon", "coordinates": [ [ [ 13.84125, 53.05465 ], [ 13.84109, 53.05466 ], [ 13.84097, 53.05473 ], [ 13.84095, 53.05483 ], [ 13.84105, 53.05493 ], [ 13.8412, 53.05496 ], [ 13.8414, 53.05491 ], [ 13.84147, 53.0548 ], [ 13.84141, 53.0547 ], [ 13.84125, 53.05465 ] ] ] } },
{ "type": "Feature", "properties": { "boden": "100 % kräftig, mäßig frisch (K2)" }, "geometry": { "type": "Polygon", "coordinates": [ [ [ 13.84256, 53.05477 ], [ 13.84239, 53.05479 ], [ 13.84228, 53.05486 ], [ 13.84225, 53.05496 ], [ 13.84235, 53.05505 ], [ 13.84251, 53.05508 ], [ 13.8427, 53.05503 ], [ 13.84277, 53.05493 ], [ 13.84271, 53.05483 ], [ 13.84256, 53.05477 ] ] ] } },
{ "type": "Feature", "properties": { "boden": "100 % mittel, trocken (vermutet) (M3)" }, "geometry": { "type": "Polygon", "coordinates": [ [ [ 13.84293, 53.05512 ], [ 13.84351, 53.05515 ], [ 13.84364, 53.05511 ], [ 13.84368, 53.05499 ], [ 13.84292, 53.05473 ], [ 13.84293, 53.05512 ] ] ] } },
{ "type": "Feature", "properties": { "boden": "100 % mittel, mäßig frisch (M2)" }, "geometry": { "type": "Polygon", "coordinates": [ [ [ 13.84634, 53.05534 ], [ 13.84627, 53.05489 ], [ 13.84595, 53.05425 ], [ 13.84518, 53.05418 ], [ 13.84427, 53.0542 ], [ 13.84291, 53.05442 ], [ 13.84292, 53.05473 ], [ 13.84364, 53.05496 ], [ 13.8437, 53.05506 ], [ 13.84351, 53.05515 ], [ 13.84293, 53.05512 ], [ 13.84294, 53.05557 ], [ 13.84349, 53.05558 ], [ 13.84393, 53.05591 ], [ 13.84439, 53.05615 ], [ 13.84507, 53.05623 ], [ 13.84574, 53.05625 ], [ 13.84689, 53.05611 ], [ 13.84707, 53.05597 ], [ 13.84706, 53.05586 ], [ 13.84657, 53.0556 ], [ 13.84634, 53.05534 ] ], [ [ 13.84576, 53.05527 ], [ 13.84574, 53.05546 ], [ 13.84585, 53.05568 ], [ 13.8458, 53.05586 ], [ 13.84571, 53.05593 ], [ 13.84527, 53.05582 ], [ 13.8449, 53.05558 ], [ 13.84417, 53.0553 ], [ 13.84422, 53.05522 ], [ 13.84435, 53.05514 ], [ 13.84438, 53.05492 ], [ 13.84506, 53.05482 ], [ 13.84544, 53.05468 ], [ 13.84574, 53.05465 ], [ 13.84591, 53.05476 ], [ 13.84605, 53.05512 ], [ 13.84597, 53.05523 ], [ 13.84576, 53.05527 ] ] ] } },
{ "type": "Feature", "properties": { "boden": "100 % kräftig, mäßig frisch (K2)" }, "geometry": { "type": "Polygon", "coordinates": [ [ [ 13.84204, 53.05509 ], [ 13.84188, 53.05511 ], [ 13.84176, 53.05518 ], [ 13.84174, 53.05528 ], [ 13.84184, 53.05537 ], [ 13.84199, 53.0554 ], [ 13.84219, 53.05535 ], [ 13.84226, 53.05525 ], [ 13.8422, 53.05515 ], [ 13.84204, 53.05509 ] ] ] } },
{ "type": "Feature", "properties": { "boden": "100 % kräftig, mäßig frisch (K2)" }, "geometry": { "type": "Polygon", "coordinates": [ [ [ 13.84294, 53.05535 ], [ 13.84272, 53.05529 ], [ 13.84255, 53.05531 ], [ 13.84244, 53.05538 ], [ 13.84242, 53.05546 ], [ 13.84264, 53.05542 ], [ 13.84289, 53.05554 ], [ 13.84294, 53.05552 ], [ 13.84294, 53.05535 ] ] ] } },
{ "type": "Feature", "properties": { "boden": "100 % kräftig, trocken (vermutet) (K3)" }, "geometry": { "type": "Polygon", "coordinates": [ [ [ 13.84289, 53.05554 ], [ 13.84264, 53.05542 ], [ 13.84241, 53.05548 ], [ 13.84251, 53.05557 ], [ 13.84267, 53.0556 ], [ 13.84289, 53.05554 ] ] ] } },
{ "type": "Feature", "properties": { "boden": "100 % mittel, trocken (vermutet) (M3)" }, "geometry": { "type": "Polygon", "coordinates": [ [ [ 13.84588, 53.05522 ], [ 13.84597, 53.05523 ], [ 13.84605, 53.05512 ], [ 13.84591, 53.05476 ], [ 13.84574, 53.05465 ], [ 13.84553, 53.05466 ], [ 13.84506, 53.05482 ], [ 13.84438, 53.05492 ], [ 13.84435, 53.05514 ], [ 13.84422, 53.05522 ], [ 13.84417, 53.0553 ], [ 13.8449, 53.05558 ], [ 13.84527, 53.05582 ], [ 13.84571, 53.05593 ], [ 13.8458, 53.05586 ], [ 13.84585, 53.05568 ], [ 13.84574, 53.05533 ], [ 13.84588, 53.05522 ] ] ] } },
{ "type": "Feature", "properties": { "boden": "100 % ziemlich arm, mäßig frisch (Z2)" }, "geometry": { "type": "Polygon", "coordinates": [ [ [ 13.85088, 53.05565 ], [ 13.85064, 53.05534 ], [ 13.85036, 53.05517 ], [ 13.85011, 53.05524 ], [ 13.84984, 53.05512 ], [ 13.84967, 53.05514 ], [ 13.84956, 53.05521 ], [ 13.84953, 53.05531 ], [ 13.8497, 53.05546 ], [ 13.85029, 53.05543 ], [ 13.85061, 53.05567 ], [ 13.85072, 53.05569 ], [ 13.85088, 53.05565 ] ] ] } },
{ "type": "Feature", "properties": { "boden": "100 % kräftig, mäßig frisch (K2)" }, "geometry": { "type": "Polygon", "coordinates": [ [ [ 13.84832, 53.05548 ], [ 13.84827, 53.05539 ], [ 13.8481, 53.05532 ], [ 13.84793, 53.05533 ], [ 13.84782, 53.0554 ], [ 13.8478, 53.0555 ], [ 13.84792, 53.0556 ], [ 13.84815, 53.05561 ], [ 13.84832, 53.05548 ] ] ] } },
{ "type": "Feature", "properties": { "boden": "100 % ziemlich arm, mäßig frisch (Z2)" }, "geometry": { "type": "Polygon", "coordinates": [ [ [ 13.85068, 53.05539 ], [ 13.85078, 53.05556 ], [ 13.85091, 53.05564 ], [ 13.85098, 53.05554 ], [ 13.85092, 53.05544 ], [ 13.85068, 53.05539 ] ] ] } },
{ "type": "Feature", "properties": { "boden": "100 % kräftig, mäßig frisch (K2)" }, "geometry": { "type": "Polygon", "coordinates": [ [ [ 13.85243, 53.05599 ], [ 13.85253, 53.05592 ], [ 13.85279, 53.05592 ], [ 13.85284, 53.05573 ], [ 13.85279, 53.05568 ], [ 13.85259, 53.05565 ], [ 13.85225, 53.05544 ], [ 13.85199, 53.0554 ], [ 13.85185, 53.05545 ], [ 13.85175, 53.05555 ], [ 13.85173, 53.05575 ], [ 13.8519, 53.0558 ], [ 13.85196, 53.0559 ], [ 13.85189, 53.05601 ], [ 13.85175, 53.05604 ], [ 13.85187, 53.05619 ], [ 13.85201, 53.05604 ], [ 13.85243, 53.05599 ] ] ] } },
{ "type": "Feature", "properties": { "boden": "100 % ziemlich arm, mäßig frisch (Z2)" }, "geometry": { "type": "Polygon", "coordinates": [ [ [ 13.85148, 53.05582 ], [ 13.85121, 53.05567 ], [ 13.85098, 53.05572 ], [ 13.8512, 53.05585 ], [ 13.85152, 53.05595 ], [ 13.85152, 53.0558 ], [ 13.85148, 53.05582 ] ] ] } },
{ "type": "Feature", "properties": { "boden": "100 % kräftig, mäßig frisch (K2)" }, "geometry": { "type": "Polygon", "coordinates": [ [ [ 13.85158, 53.05576 ], [ 13.85152, 53.05595 ], [ 13.85161, 53.05597 ], [ 13.85171, 53.05595 ], [ 13.85173, 53.05575 ], [ 13.85158, 53.05576 ] ] ] } },
{ "type": "Feature", "properties": { "boden": "100 % ziemlich arm, mäßig frisch (Z2)" }, "geometry": { "type": "Polygon", "coordinates": [ [ [ 13.85152, 53.05595 ], [ 13.85098, 53.05572 ], [ 13.85093, 53.05576 ], [ 13.85086, 53.05586 ], [ 13.85152, 53.05602 ], [ 13.85152, 53.05595 ] ] ] } },
{ "type": "Feature", "properties": { "boden": "100 % kräftig, mäßig frisch (K2)" }, "geometry": { "type": "Polygon", "coordinates": [ [ [ 13.85175, 53.05575 ], [ 13.85171, 53.05595 ], [ 13.85152, 53.05595 ], [ 13.85152, 53.05602 ], [ 13.85175, 53.05604 ], [ 13.85189, 53.05601 ], [ 13.85196, 53.0559 ], [ 13.8519, 53.0558 ], [ 13.85175, 53.05575 ] ] ] } },
{ "type": "Feature", "properties": { "boden": "100 % kräftig, mäßig frisch (K2)" }, "geometry": { "type": "Polygon", "coordinates": [ [ [ 13.84786, 53.05608 ], [ 13.84845, 53.05594 ], [ 13.84818, 53.05583 ], [ 13.84815, 53.05561 ], [ 13.84781, 53.0556 ], [ 13.84757, 53.05598 ], [ 13.84723, 53.05612 ], [ 13.84712, 53.05624 ], [ 13.84685, 53.05638 ], [ 13.84685, 53.05647 ], [ 13.8477, 53.05643 ], [ 13.84786, 53.05608 ] ] ] } },
{ "type": "Feature", "properties": { "boden": "100 % kräftig, trocken (vermutet) (K3)" }, "geometry": { "type": "Polygon", "coordinates": [ [ [ 13.84267, 53.0556 ], [ 13.84251, 53.05557 ], [ 13.84242, 53.05546 ], [ 13.84217, 53.05561 ], [ 13.8421, 53.0557 ], [ 13.84218, 53.05577 ], [ 13.84243, 53.05578 ], [ 13.84294, 53.0557 ], [ 13.84297, 53.05565 ], [ 13.84289, 53.05554 ], [ 13.84267, 53.0556 ] ] ] } },
{ "type": "Feature", "properties": { "boden": "100 % kräftig, trocken (vermutet) (K3)" }, "geometry": { "type": "Polygon", "coordinates": [ [ [ 13.83794, 53.05668 ], [ 13.83786, 53.05641 ], [ 13.83769, 53.05623 ], [ 13.83737, 53.0561 ], [ 13.83705, 53.05608 ], [ 13.83706, 53.05615 ], [ 13.83721, 53.05613 ], [ 13.83742, 53.05625 ], [ 13.83741, 53.05635 ], [ 13.83721, 53.05643 ], [ 13.83734, 53.05665 ], [ 13.83752, 53.05674 ], [ 13.8378, 53.05677 ], [ 13.83794, 53.05668 ] ] ] } },
{ "type": "Feature", "properties": { "boden": "100 % kräftig, trocken (vermutet) (K3)" }, "geometry": { "type": "Polygon", "coordinates": [ [ [ 13.8424, 53.05643 ], [ 13.84215, 53.05651 ], [ 13.84207, 53.05673 ], [ 13.8422, 53.05681 ], [ 13.84262, 53.05685 ], [ 13.84277, 53.05672 ], [ 13.84281, 53.05652 ], [ 13.8424, 53.05643 ] ] ] } },
{ "type": "Feature", "properties": { "boden": "100 % kräftig, mäßig frisch (K2)" }, "geometry": { "type": "Polygon", "coordinates": [ [ [ 13.84122, 53.05664 ], [ 13.84088, 53.0567 ], [ 13.8409, 53.05682 ], [ 13.84136, 53.05694 ], [ 13.84157, 53.05692 ], [ 13.84143, 53.05669 ], [ 13.84122, 53.05664 ] ] ] } },
{ "type": "Feature", "properties": { "boden": "100 % kräftig, mäßig frisch (K2)" }, "geometry": { "type": "Polygon", "coordinates": [ [ [ 13.8527, 53.05591 ], [ 13.85253, 53.05592 ], [ 13.85214, 53.05608 ], [ 13.85202, 53.05632 ], [ 13.85212, 53.05634 ], [ 13.85232, 53.05629 ], [ 13.85239, 53.05618 ], [ 13.85265, 53.05622 ], [ 13.85284, 53.05617 ], [ 13.85291, 53.05606 ], [ 13.85285, 53.05596 ], [ 13.8527, 53.05591 ] ] ] } },
{ "type": "Feature", "properties": { "boden": "100 % kräftig, mäßig frisch (K2)" }, "geometry": { "type": "Polygon", "coordinates": [ [ [ 13.84872, 53.0561 ], [ 13.84845, 53.05594 ], [ 13.84831, 53.05595 ], [ 13.84819, 53.05602 ], [ 13.84817, 53.05612 ], [ 13.84827, 53.05621 ], [ 13.84842, 53.05625 ], [ 13.84862, 53.05619 ], [ 13.84872, 53.0561 ] ] ] } },
{ "type": "Feature", "properties": { "boden": "100 % kräftig, mäßig frisch (K2)" }, "geometry": { "type": "Polygon", "coordinates": [ [ [ 13.85222, 53.05604 ], [ 13.85201, 53.05604 ], [ 13.85189, 53.05611 ], [ 13.85187, 53.05619 ], [ 13.85198, 53.05631 ], [ 13.85222, 53.05604 ] ] ] } },
{ "type": "Feature", "properties": { "boden": "100 % arm, nass (OA3)" }, "geometry": { "type": "Polygon", "coordinates": [ [ [ 13.85005, 53.05691 ], [ 13.85017, 53.05689 ], [ 13.8501, 53.05678 ], [ 13.85061, 53.05653 ], [ 13.85125, 53.05641 ], [ 13.8519, 53.05639 ], [ 13.85198, 53.05631 ], [ 13.85175, 53.05604 ], [ 13.85132, 53.05599 ], [ 13.85086, 53.05586 ], [ 13.85098, 53.05572 ], [ 13.85088, 53.05565 ], [ 13.85072, 53.05569 ], [ 13.85061, 53.05567 ], [ 13.85029, 53.05543 ], [ 13.84832, 53.05548 ], [ 13.84815, 53.05561 ], [ 13.84818, 53.05583 ], [ 13.84851, 53.05596 ], [ 13.84881, 53.05617 ], [ 13.84902, 53.05646 ], [ 13.84897, 53.05654 ], [ 13.84884, 53.05658 ], [ 13.84888, 53.05689 ], [ 13.84901, 53.05678 ], [ 13.84924, 53.05677 ], [ 13.84943, 53.05703 ], [ 13.84987, 53.05723 ], [ 13.84997, 53.05717 ], [ 13.85005, 53.05691 ] ], [ [ 13.85026, 53.05558 ], [ 13.85034, 53.05564 ], [ 13.85022, 53.05579 ], [ 13.8502, 53.05613 ], [ 13.85, 53.05628 ], [ 13.84972, 53.05633 ], [ 13.8495, 53.05625 ], [ 13.84918, 53.05604 ], [ 13.84909, 53.05584 ], [ 13.84934, 53.05575 ], [ 13.85026, 53.05558 ] ] ] } },
{ "type": "Feature", "properties": { "boden": "100 % kräftig, mäßig frisch (K2)" }, "geometry": { "type": "Polygon", "coordinates": [ [ [ 13.84897, 53.05654 ], [ 13.84902, 53.05646 ], [ 13.84892, 53.05632 ], [ 13.84866, 53.0563 ], [ 13.84854, 53.05637 ], [ 13.84852, 53.05647 ], [ 13.84862, 53.05656 ], [ 13.84877, 53.0566 ], [ 13.84897, 53.05654 ] ] ] } },
{ "type": "Feature", "properties": { "boden": "100 % kräftig, mäßig frisch (K2)" }, "geometry": { "type": "Polygon", "coordinates": [ [ [ 13.85119, 53.05663 ], [ 13.85158, 53.0567 ], [ 13.85161, 53.05664 ], [ 13.85156, 53.05654 ], [ 13.8514, 53.05649 ], [ 13.85123, 53.0565 ], [ 13.85112, 53.05657 ], [ 13.8511, 53.05666 ], [ 13.85119, 53.05663 ] ] ] } },
{ "type": "Feature", "properties": { "boden": "100 % kräftig, mäßig frisch (K2)" }, "geometry": { "type": "Polygon", "coordinates": [ [ [ 13.85077, 53.0565 ], [ 13.85045, 53.05661 ], [ 13.85044, 53.05668 ], [ 13.85054, 53.05677 ], [ 13.85069, 53.0568 ], [ 13.85089, 53.05675 ], [ 13.85096, 53.05665 ], [ 13.8509, 53.05655 ], [ 13.85077, 53.0565 ] ] ] } },
{ "type": "Feature", "properties": { "boden": "100 % kräftig, trocken (vermutet) (K3)" }, "geometry": { "type": "Polygon", "coordinates": [ [ [ 13.84582, 53.05649 ], [ 13.84568, 53.05653 ], [ 13.84553, 53.05665 ], [ 13.84557, 53.05678 ], [ 13.84581, 53.05685 ], [ 13.84595, 53.05672 ], [ 13.84597, 53.05656 ], [ 13.84582, 53.05649 ] ] ] } },
{ "type": "Feature", "properties": { "boden": "100 % kräftig, mäßig frisch (K2)" }, "geometry": { "type": "Polygon", "coordinates": [ [ [ 13.84924, 53.05677 ], [ 13.84901, 53.05678 ], [ 13.84889, 53.05685 ], [ 13.84887, 53.05695 ], [ 13.84897, 53.05704 ], [ 13.84912, 53.05707 ], [ 13.84932, 53.05702 ], [ 13.84937, 53.05695 ], [ 13.84924, 53.05677 ] ] ] } },
{ "type": "Feature", "properties": { "boden": "100 % kräftig, mäßig frisch (K2)" }, "geometry": { "type": "Polygon", "coordinates": [ [ [ 13.85017, 53.05689 ], [ 13.85027, 53.05718 ], [ 13.85043, 53.05714 ], [ 13.8505, 53.05703 ], [ 13.85044, 53.05693 ], [ 13.85029, 53.05688 ], [ 13.85017, 53.05689 ] ] ] } },
{ "type": "Feature", "properties": { "boden": "100 % kräftig, mäßig frisch (K2)" }, "geometry": { "type": "Polygon", "coordinates": [ [ [ 13.83521, 53.05606 ], [ 13.83502, 53.05609 ], [ 13.83491, 53.05625 ], [ 13.83496, 53.05632 ], [ 13.83516, 53.05637 ], [ 13.8354, 53.05629 ], [ 13.83542, 53.05618 ], [ 13.83521, 53.05606 ] ] ] } },
{ "type": "Feature", "properties": { "boden": "100 % kräftig, trocken (vermutet) (K3)" }, "geometry": { "type": "Polygon", "coordinates": [ [ [ 13.83706, 53.05615 ], [ 13.83709, 53.05646 ], [ 13.83727, 53.05661 ], [ 13.83728, 53.0565 ], [ 13.83721, 53.05643 ], [ 13.83741, 53.05635 ], [ 13.83742, 53.05625 ], [ 13.83721, 53.05613 ], [ 13.83706, 53.05615 ] ] ] } },
{ "type": "Feature", "properties": { "boden": "100 % kräftig, mäßig frisch (K2)" }, "geometry": { "type": "Polygon", "coordinates": [ [ [ 13.83568, 53.05629 ], [ 13.83549, 53.05632 ], [ 13.83538, 53.05648 ], [ 13.83543, 53.05654 ], [ 13.83563, 53.0566 ], [ 13.83587, 53.05651 ], [ 13.83589, 53.05641 ], [ 13.83568, 53.05629 ] ] ] } },
{ "type": "Feature", "properties": { "boden": "100 % kräftig, mäßig frisch (K2)" }, "geometry": { "type": "Polygon", "coordinates": [ [ [ 13.83388, 53.0568 ], [ 13.83393, 53.05687 ], [ 13.83413, 53.05692 ], [ 13.83437, 53.05683 ], [ 13.83439, 53.05673 ], [ 13.8343, 53.05665 ], [ 13.8341, 53.05661 ], [ 13.83412, 53.0565 ], [ 13.8339, 53.05638 ], [ 13.83372, 53.05641 ], [ 13.83361, 53.05657 ], [ 13.8335, 53.05661 ], [ 13.83334, 53.05659 ], [ 13.83313, 53.05647 ], [ 13.83294, 53.05649 ], [ 13.83285, 53.05656 ], [ 13.83289, 53.05672 ], [ 13.83321, 53.05679 ], [ 13.83334, 53.0569 ], [ 13.8336, 53.0569 ], [ 13.83388, 53.0568 ] ] ] } },
{ "type": "Feature", "properties": { "boden": "100 % kräftig, mäßig frisch (K2)" }, "geometry": { "type": "Polygon", "coordinates": [ [ [ 13.85794, 53.05625 ], [ 13.85763, 53.05606 ], [ 13.85747, 53.05613 ], [ 13.85745, 53.05623 ], [ 13.85754, 53.05633 ], [ 13.8577, 53.05636 ], [ 13.8579, 53.05631 ], [ 13.85794, 53.05625 ] ] ] } },
{ "type": "Feature", "properties": { "boden": "100 % kräftig, mäßig frisch (K2)" }, "geometry": { "type": "Polygon", "coordinates": [ [ [ 13.85455, 53.05613 ], [ 13.8544, 53.05608 ], [ 13.85423, 53.05609 ], [ 13.85411, 53.05616 ], [ 13.85409, 53.05626 ], [ 13.85419, 53.05636 ], [ 13.85425, 53.05637 ], [ 13.85459, 53.05619 ], [ 13.85455, 53.05613 ] ] ] } },
{ "type": "Feature", "properties": { "boden": "100 % kräftig, mäßig frisch (K2)" }, "geometry": { "type": "Polygon", "coordinates": [ [ [ 13.8562, 53.0561 ], [ 13.85609, 53.05617 ], [ 13.85606, 53.05631 ], [ 13.85627, 53.05641 ], [ 13.85652, 53.05634 ], [ 13.85658, 53.05624 ], [ 13.85652, 53.05614 ], [ 13.85637, 53.05608 ], [ 13.8562, 53.0561 ] ] ] } },
{ "type": "Feature", "properties": { "boden": "100 % kräftig, mäßig frisch (K2)" }, "geometry": { "type": "Polygon", "coordinates": [ [ [ 13.85656, 53.05665 ], [ 13.85677, 53.05666 ], [ 13.85697, 53.05661 ], [ 13.85704, 53.05651 ], [ 13.85698, 53.05641 ], [ 13.85682, 53.05635 ], [ 13.85666, 53.05636 ], [ 13.85645, 53.05649 ], [ 13.85656, 53.05665 ] ] ] } },
{ "type": "Feature", "properties": { "boden": "100 % kräftig, mäßig frisch (K2)" }, "geometry": { "type": "Polygon", "coordinates": [ [ [ 13.85391, 53.05646 ], [ 13.85381, 53.05656 ], [ 13.85423, 53.05669 ], [ 13.85427, 53.05667 ], [ 13.85411, 53.05661 ], [ 13.85409, 53.05644 ], [ 13.85391, 53.05646 ] ] ] } },
{ "type": "Feature", "properties": { "boden": "100 % kräftig, mäßig frisch (K2)" }, "geometry": { "type": "Polygon", "coordinates": [ [ [ 13.8595, 53.05709 ], [ 13.85917, 53.05702 ], [ 13.85917, 53.05694 ], [ 13.85881, 53.05694 ], [ 13.85873, 53.05675 ], [ 13.85865, 53.05672 ], [ 13.8588, 53.05661 ], [ 13.85905, 53.05671 ], [ 13.85925, 53.05665 ], [ 13.85932, 53.05655 ], [ 13.85926, 53.05645 ], [ 13.85911, 53.05639 ], [ 13.85883, 53.05644 ], [ 13.85879, 53.05636 ], [ 13.85899, 53.0563 ], [ 13.85906, 53.0562 ], [ 13.859, 53.0561 ], [ 13.85885, 53.05604 ], [ 13.85868, 53.05606 ], [ 13.85856, 53.0561 ], [ 13.8585, 53.0562 ], [ 13.85863, 53.05631 ], [ 13.85837, 53.05643 ], [ 13.85836, 53.05661 ], [ 13.85849, 53.05667 ], [ 13.8583, 53.05678 ], [ 13.85828, 53.05688 ], [ 13.85837, 53.05697 ], [ 13.8587, 53.05701 ], [ 13.85867, 53.05711 ], [ 13.85877, 53.05721 ], [ 13.85893, 53.05724 ], [ 13.85912, 53.05719 ], [ 13.85919, 53.05708 ], [ 13.8595, 53.05709 ] ] ] } },
{ "type": "Feature", "properties": { "boden": "100 % kräftig, mäßig frisch (K2)" }, "geometry": { "type": "Polygon", "coordinates": [ [ [ 13.85423, 53.05669 ], [ 13.85379, 53.05654 ], [ 13.85377, 53.05663 ], [ 13.85387, 53.05672 ], [ 13.85402, 53.05676 ], [ 13.85423, 53.05669 ] ] ] } },
{ "type": "Feature", "properties": { "boden": "100 % mittel, nass (OM3)" }, "geometry": { "type": "Polygon", "coordinates": [ [ [ 13.85703, 53.05735 ], [ 13.85719, 53.05718 ], [ 13.85718, 53.05698 ], [ 13.85656, 53.05665 ], [ 13.85645, 53.05649 ], [ 13.85571, 53.05609 ], [ 13.85493, 53.056 ], [ 13.85409, 53.05644 ], [ 13.85411, 53.05661 ], [ 13.85427, 53.05667 ], [ 13.85423, 53.05669 ], [ 13.85445, 53.05673 ], [ 13.85461, 53.05668 ], [ 13.85492, 53.05683 ], [ 13.85514, 53.05688 ], [ 13.85538, 53.05719 ], [ 13.85585, 53.0574 ], [ 13.8563, 53.05749 ], [ 13.85664, 53.05747 ], [ 13.85703, 53.05735 ] ] ] } },
{ "type": "Feature", "properties": { "boden": "100 % kräftig, mäßig frisch (K2)" }, "geometry": { "type": "Polygon", "coordinates": [ [ [ 13.85718, 53.05698 ], [ 13.85741, 53.05687 ], [ 13.85747, 53.05677 ], [ 13.85742, 53.05667 ], [ 13.85726, 53.05661 ], [ 13.85709, 53.05663 ], [ 13.85698, 53.0567 ], [ 13.85698, 53.05686 ], [ 13.85718, 53.05698 ] ] ] } },
{ "type": "Feature", "properties": { "boden": "100 % kräftig, mäßig frisch (K2)" }, "geometry": { "type": "Polygon", "coordinates": [ [ [ 13.85461, 53.05668 ], [ 13.85443, 53.05675 ], [ 13.85441, 53.05685 ], [ 13.85451, 53.05694 ], [ 13.85466, 53.05697 ], [ 13.85486, 53.05692 ], [ 13.85492, 53.05683 ], [ 13.85461, 53.05668 ] ] ] } },
{ "type": "Feature", "properties": { "boden": "100 % kräftig, mäßig frisch (K2)" }, "geometry": { "type": "Polygon", "coordinates": [ [ [ 13.85543, 53.05721 ], [ 13.85522, 53.05728 ], [ 13.85506, 53.05725 ], [ 13.85496, 53.05715 ], [ 13.85499, 53.05705 ], [ 13.85521, 53.05697 ], [ 13.85514, 53.05688 ], [ 13.85492, 53.05683 ], [ 13.85501, 53.05688 ], [ 13.85473, 53.05723 ], [ 13.85474, 53.05735 ], [ 13.85485, 53.05739 ], [ 13.85506, 53.05737 ], [ 13.85551, 53.05725 ], [ 13.85543, 53.05721 ] ] ] } },
{ "type": "Feature", "properties": { "boden": "100 % kräftig, mäßig frisch (K2)" }, "geometry": { "type": "Polygon", "coordinates": [ [ [ 13.85542, 53.05723 ], [ 13.85521, 53.05697 ], [ 13.85499, 53.05705 ], [ 13.85496, 53.05715 ], [ 13.85506, 53.05725 ], [ 13.85522, 53.05728 ], [ 13.85542, 53.05723 ] ] ] } },
{ "type": "Feature", "properties": { "boden": "100 % kräftig, trocken (vermutet) (K3)" }, "geometry": { "type": "Polygon", "coordinates": [ [ [ 13.85349, 53.05686 ], [ 13.8534, 53.05699 ], [ 13.85327, 53.05706 ], [ 13.85336, 53.05728 ], [ 13.85353, 53.05741 ], [ 13.85378, 53.05751 ], [ 13.85413, 53.05757 ], [ 13.85432, 53.05755 ], [ 13.85422, 53.05729 ], [ 13.85421, 53.05703 ], [ 13.85349, 53.05686 ] ] ] } },
{ "type": "Feature", "properties": { "boden": "100 % kräftig, mäßig frisch (K2)" }, "geometry": { "type": "Polygon", "coordinates": [ [ [ 13.85597, 53.05743 ], [ 13.85558, 53.05728 ], [ 13.85545, 53.05735 ], [ 13.85543, 53.05745 ], [ 13.85553, 53.05754 ], [ 13.85564, 53.05757 ], [ 13.85588, 53.05752 ], [ 13.85597, 53.05743 ] ] ] } },
{ "type": "Feature", "properties": { "boden": "100 % kräftig, mäßig frisch (K2)" }, "geometry": { "type": "Polygon", "coordinates": [ [ [ 13.85027, 53.05718 ], [ 13.85017, 53.05689 ], [ 13.85005, 53.05691 ], [ 13.85, 53.05708 ], [ 13.85008, 53.05716 ], [ 13.85027, 53.05718 ] ] ] } },
{ "type": "Feature", "properties": { "boden": "100 % kräftig, mäßig frisch (K2)" }, "geometry": { "type": "Polygon", "coordinates": [ [ [ 13.84956, 53.05709 ], [ 13.84942, 53.05716 ], [ 13.8494, 53.05726 ], [ 13.84949, 53.05736 ], [ 13.84965, 53.05739 ], [ 13.84985, 53.05734 ], [ 13.84987, 53.05723 ], [ 13.84956, 53.05709 ] ] ] } },
{ "type": "Feature", "properties": { "boden": "100 % kräftig, trocken (vermutet) (K3)" }, "geometry": { "type": "Polygon", "coordinates": [ [ [ 13.85192, 53.0568 ], [ 13.85119, 53.05663 ], [ 13.85104, 53.05668 ], [ 13.85079, 53.05692 ], [ 13.85077, 53.05701 ], [ 13.85089, 53.05712 ], [ 13.85142, 53.05745 ], [ 13.8514, 53.05758 ], [ 13.85123, 53.05766 ], [ 13.85073, 53.05749 ], [ 13.84966, 53.05752 ], [ 13.84913, 53.05745 ], [ 13.84889, 53.05737 ], [ 13.84845, 53.05714 ], [ 13.84834, 53.05689 ], [ 13.84834, 53.05662 ], [ 13.84826, 53.05658 ], [ 13.84803, 53.05659 ], [ 13.84775, 53.05688 ], [ 13.8475, 53.05737 ], [ 13.84751, 53.05771 ], [ 13.8476, 53.05778 ], [ 13.84779, 53.05779 ], [ 13.84823, 53.05777 ], [ 13.84916, 53.05803 ], [ 13.84978, 53.05809 ], [ 13.85063, 53.05803 ], [ 13.85112, 53.05786 ], [ 13.85149, 53.05782 ], [ 13.85173, 53.05772 ], [ 13.85181, 53.05734 ], [ 13.85215, 53.05707 ], [ 13.85209, 53.05689 ], [ 13.85192, 53.0568 ] ] ] } },
{ "type": "Feature", "properties": { "boden": "100 % kräftig, mäßig frisch (K2)" }, "geometry": { "type": "Polygon", "coordinates": [ [ [ 13.84611, 53.0581 ], [ 13.84663, 53.0581 ], [ 13.84673, 53.05806 ], [ 13.84676, 53.0578 ], [ 13.84662, 53.05772 ], [ 13.84614, 53.05768 ], [ 13.84568, 53.05776 ], [ 13.84551, 53.05789 ], [ 13.8454, 53.05813 ], [ 13.84544, 53.05821 ], [ 13.84558, 53.05824 ], [ 13.84611, 53.0581 ] ] ] } }
]
}
