{
"type": "FeatureCollection",
"name": "barnim_40_587_boden",
"crs": { "type": "name", "properties": { "name": "urn:ogc:def:crs:OGC:1.3:CRS84" } },
"xy_coordinate_resolution": 1e-05,
"features": [
{ "type": "Feature", "properties": { "boden": "100 % ziemlich arm, mäßig frisch (Z2)" }, "geometry": { "type": "MultiPolygon", "coordinates": [ [ [ [ 13.65201, 52.97542 ], [ 13.65247, 52.97569 ], [ 13.65213, 52.97495 ], [ 13.65179, 52.97475 ], [ 13.65109, 52.97475 ], [ 13.65089, 52.9747 ], [ 13.65086, 52.97462 ], [ 13.65111, 52.97444 ], [ 13.65204, 52.97411 ], [ 13.65228, 52.97386 ], [ 13.65244, 52.97331 ], [ 13.65207, 52.9729 ], [ 13.6521, 52.97276 ], [ 13.65245, 52.97242 ], [ 13.6525, 52.97227 ], [ 13.6525, 52.97214 ], [ 13.65236, 52.97195 ], [ 13.64798, 52.97192 ], [ 13.64791, 52.97199 ], [ 13.64732, 52.97214 ], [ 13.64483, 52.9725 ], [ 13.64015, 52.97333 ], [ 13.63903, 52.97343 ], [ 13.63852, 52.97333 ], [ 13.6383, 52.97318 ], [ 13.63779, 52.97239 ], [ 13.63706, 52.97178 ], [ 13.63179, 52.97172 ], [ 13.63183, 52.97227 ], [ 13.63168, 52.97283 ], [ 13.63126, 52.97321 ], [ 13.63084, 52.97343 ], [ 13.63007, 52.9737 ], [ 13.62954, 52.97398 ], [ 13.62878, 52.97461 ], [ 13.6282, 52.97528 ], [ 13.62782, 52.97559 ], [ 13.6275, 52.97577 ], [ 13.62401, 52.97701 ], [ 13.62306, 52.97724 ], [ 13.62085, 52.97753 ], [ 13.6206, 52.97761 ], [ 13.62048, 52.97771 ], [ 13.62043, 52.97794 ], [ 13.6209, 52.97831 ], [ 13.62145, 52.97852 ], [ 13.62244, 52.97863 ], [ 13.62391, 52.97896 ], [ 13.62609, 52.97874 ], [ 13.62755, 52.97884 ], [ 13.62873, 52.97914 ], [ 13.6292, 52.9793 ], [ 13.63343, 52.97899 ], [ 13.63518, 52.97881 ], [ 13.63569, 52.9787 ], [ 13.63604, 52.97857 ], [ 13.63645, 52.97828 ], [ 13.6368, 52.97812 ], [ 13.63747, 52.97804 ], [ 13.63812, 52.97789 ], [ 13.63845, 52.97788 ], [ 13.63887, 52.97798 ], [ 13.63932, 52.97825 ], [ 13.63939, 52.97836 ], [ 13.63989, 52.97854 ], [ 13.64163, 52.9789 ], [ 13.64643, 52.9792 ], [ 13.64697, 52.97918 ], [ 13.64809, 52.97895 ], [ 13.65062, 52.97832 ], [ 13.65075, 52.97823 ], [ 13.65068, 52.97777 ], [ 13.65076, 52.9777 ], [ 13.65188, 52.97746 ], [ 13.65229, 52.97729 ], [ 13.65242, 52.97714 ], [ 13.65201, 52.97542 ] ] ], [ [ [ 13.60345, 52.97139 ], [ 13.60399, 52.97173 ], [ 13.60456, 52.9714 ], [ 13.60345, 52.97139 ] ] ] ] } },
{ "type": "Feature", "properties": { "boden": "100 % ziemlich arm, trocken (vermutet) (Z3)" }, "geometry": { "type": "Polygon", "coordinates": [ [ [ 13.62609, 52.97407 ], [ 13.62585, 52.9741 ], [ 13.62587, 52.97421 ], [ 13.62601, 52.97426 ], [ 13.62642, 52.9743 ], [ 13.62616, 52.97442 ], [ 13.62619, 52.97462 ], [ 13.62652, 52.97461 ], [ 13.62699, 52.97443 ], [ 13.62701, 52.97421 ], [ 13.62694, 52.97417 ], [ 13.62609, 52.97407 ] ] ] } },
{ "type": "Feature", "properties": { "boden": "100 % ziemlich arm, trocken (vermutet) (Z3)" }, "geometry": { "type": "Polygon", "coordinates": [ [ [ 13.62356, 52.97904 ], [ 13.62322, 52.97904 ], [ 13.62297, 52.9791 ], [ 13.62315, 52.97926 ], [ 13.62341, 52.97936 ], [ 13.62356, 52.97937 ], [ 13.62386, 52.97929 ], [ 13.6239, 52.97921 ], [ 13.62379, 52.9791 ], [ 13.62356, 52.97904 ] ] ] } },
{ "type": "Feature", "properties": { "boden": "100 % ziemlich arm, mäßig frisch (Z2)" }, "geometry": { "type": "Polygon", "coordinates": [ [ [ 13.62372, 52.97954 ], [ 13.6234, 52.97959 ], [ 13.62335, 52.97965 ], [ 13.62354, 52.97974 ], [ 13.62381, 52.97979 ], [ 13.62412, 52.97976 ], [ 13.6242, 52.97966 ], [ 13.62372, 52.97954 ] ] ] } },
{ "type": "Feature", "properties": { "boden": "100 % ziemlich arm, mäßig frisch (Z2)" }, "geometry": { "type": "Polygon", "coordinates": [ [ [ 13.62583, 52.97986 ], [ 13.62455, 52.97982 ], [ 13.62456, 52.97987 ], [ 13.62548, 52.98006 ], [ 13.62588, 52.98006 ], [ 13.62604, 52.97995 ], [ 13.62598, 52.97988 ], [ 13.62583, 52.97986 ] ] ] } },
{ "type": "Feature", "properties": { "boden": "100 % ziemlich arm, trocken (vermutet) (Z3)" }, "geometry": { "type": "Polygon", "coordinates": [ [ [ 13.62428, 52.97919 ], [ 13.62442, 52.97928 ], [ 13.62568, 52.97936 ], [ 13.62683, 52.97951 ], [ 13.62739, 52.97969 ], [ 13.62755, 52.9798 ], [ 13.62768, 52.98014 ], [ 13.62753, 52.98038 ], [ 13.62721, 52.98059 ], [ 13.62753, 52.98072 ], [ 13.62764, 52.98072 ], [ 13.62788, 52.9806 ], [ 13.62829, 52.98031 ], [ 13.62857, 52.98003 ], [ 13.62861, 52.97991 ], [ 13.62854, 52.97972 ], [ 13.62807, 52.97948 ], [ 13.62646, 52.9793 ], [ 13.62428, 52.97919 ] ] ] } },
{ "type": "Feature", "properties": { "boden": "100 % ziemlich arm, mäßig frisch (Z2)" }, "geometry": { "type": "Polygon", "coordinates": [ [ [ 13.62879, 52.98056 ], [ 13.62885, 52.98043 ], [ 13.62871, 52.98038 ], [ 13.62834, 52.98046 ], [ 13.62811, 52.98064 ], [ 13.62797, 52.98089 ], [ 13.62785, 52.98098 ], [ 13.62803, 52.98099 ], [ 13.62879, 52.98056 ] ] ] } },
{ "type": "Feature", "properties": { "boden": "100 % ziemlich arm, trocken (vermutet) (Z3)" }, "geometry": { "type": "Polygon", "coordinates": [ [ [ 13.62429, 52.98025 ], [ 13.62411, 52.98029 ], [ 13.62415, 52.98048 ], [ 13.62466, 52.9808 ], [ 13.62486, 52.98103 ], [ 13.62507, 52.98105 ], [ 13.62529, 52.98097 ], [ 13.62538, 52.98084 ], [ 13.62537, 52.98062 ], [ 13.62518, 52.98043 ], [ 13.62479, 52.98031 ], [ 13.62429, 52.98025 ] ] ] } },
{ "type": "Feature", "properties": { "boden": "100 % ziemlich arm, trocken (vermutet) (Z3)" }, "geometry": { "type": "Polygon", "coordinates": [ [ [ 13.62394, 52.98133 ], [ 13.62348, 52.98138 ], [ 13.62322, 52.98156 ], [ 13.62356, 52.9816 ], [ 13.62384, 52.98155 ], [ 13.62404, 52.98143 ], [ 13.62405, 52.98136 ], [ 13.62394, 52.98133 ] ] ] } },
{ "type": "Feature", "properties": { "boden": "100 % ziemlich arm, mäßig frisch (Z2)" }, "geometry": { "type": "Polygon", "coordinates": [ [ [ 13.62549, 52.98136 ], [ 13.62466, 52.98146 ], [ 13.62417, 52.98163 ], [ 13.62404, 52.98176 ], [ 13.62408, 52.9818 ], [ 13.62423, 52.9818 ], [ 13.62538, 52.98152 ], [ 13.62558, 52.98142 ], [ 13.62549, 52.98136 ] ] ] } },
{ "type": "Feature", "properties": { "boden": "100 % ziemlich arm, trocken (vermutet) (Z3)" }, "geometry": { "type": "Polygon", "coordinates": [ [ [ 13.61261, 52.97946 ], [ 13.61227, 52.97956 ], [ 13.61239, 52.97977 ], [ 13.61267, 52.97975 ], [ 13.61291, 52.97958 ], [ 13.61283, 52.97947 ], [ 13.61261, 52.97946 ] ] ] } },
{ "type": "Feature", "properties": { "boden": "100 % ziemlich arm, mäßig frisch (Z2)" }, "geometry": { "type": "Polygon", "coordinates": [ [ [ 13.60765, 52.98225 ], [ 13.61037, 52.98215 ], [ 13.61174, 52.98193 ], [ 13.61203, 52.98198 ], [ 13.61238, 52.98182 ], [ 13.61259, 52.98181 ], [ 13.61443, 52.98102 ], [ 13.61507, 52.98068 ], [ 13.61517, 52.98058 ], [ 13.61523, 52.9802 ], [ 13.61516, 52.98004 ], [ 13.61502, 52.97993 ], [ 13.61461, 52.97983 ], [ 13.61362, 52.97992 ], [ 13.61251, 52.98026 ], [ 13.61161, 52.98044 ], [ 13.60895, 52.98068 ], [ 13.60807, 52.9809 ], [ 13.60745, 52.98112 ], [ 13.60709, 52.98135 ], [ 13.60684, 52.98159 ], [ 13.60686, 52.98173 ], [ 13.60696, 52.98189 ], [ 13.60737, 52.98222 ], [ 13.60765, 52.98225 ] ] ] } },
{ "type": "Feature", "properties": { "boden": "100 % mittel, mäßig frisch (M2)" }, "geometry": { "type": "MultiPolygon", "coordinates": [ [ [ [ 13.64172, 53.00109 ], [ 13.64169, 53.0008 ], [ 13.64178, 53.00063 ], [ 13.6423, 53.00038 ], [ 13.64331, 53.00034 ], [ 13.64569, 53.00006 ], [ 13.64577, 52.99999 ], [ 13.64556, 52.99995 ], [ 13.64529, 52.99983 ], [ 13.64473, 52.99773 ], [ 13.64773, 52.99747 ], [ 13.65038, 52.99717 ], [ 13.65094, 52.99699 ], [ 13.65143, 52.99677 ], [ 13.65184, 52.99646 ], [ 13.6521, 52.99595 ], [ 13.65228, 52.99525 ], [ 13.65242, 52.99497 ], [ 13.65274, 52.99479 ], [ 13.65326, 52.99476 ], [ 13.65344, 52.99481 ], [ 13.65375, 52.99505 ], [ 13.65372, 52.99618 ], [ 13.65389, 52.99635 ], [ 13.65453, 52.99658 ], [ 13.65542, 52.99676 ], [ 13.65648, 52.99662 ], [ 13.6567, 52.99649 ], [ 13.65685, 52.99627 ], [ 13.65673, 52.99613 ], [ 13.65654, 52.99602 ], [ 13.65597, 52.99588 ], [ 13.65576, 52.99578 ], [ 13.6556, 52.99565 ], [ 13.65558, 52.99555 ], [ 13.65585, 52.99526 ], [ 13.65641, 52.99496 ], [ 13.65708, 52.99469 ], [ 13.65735, 52.99448 ], [ 13.65742, 52.99432 ], [ 13.65741, 52.99405 ], [ 13.65702, 52.99306 ], [ 13.6566, 52.99254 ], [ 13.65497, 52.99249 ], [ 13.65386, 52.99264 ], [ 13.65075, 52.99292 ], [ 13.65042, 52.99299 ], [ 13.64962, 52.99299 ], [ 13.64921, 52.99307 ], [ 13.64812, 52.99352 ], [ 13.64678, 52.99455 ], [ 13.64636, 52.99477 ], [ 13.64398, 52.99552 ], [ 13.64322, 52.99568 ], [ 13.64239, 52.99577 ], [ 13.64163, 52.99583 ], [ 13.63891, 52.99569 ], [ 13.63755, 52.99556 ], [ 13.63567, 52.99461 ], [ 13.63469, 52.99449 ], [ 13.63381, 52.99466 ], [ 13.63148, 52.99536 ], [ 13.63116, 52.99534 ], [ 13.63003, 52.99508 ], [ 13.6294, 52.99486 ], [ 13.62747, 52.99482 ], [ 13.62614, 52.99509 ], [ 13.62558, 52.99516 ], [ 13.62507, 52.99517 ], [ 13.62481, 52.99512 ], [ 13.62463, 52.99501 ], [ 13.62442, 52.99429 ], [ 13.62462, 52.99157 ], [ 13.62453, 52.9909 ], [ 13.62412, 52.98949 ], [ 13.62388, 52.98925 ], [ 13.62364, 52.98911 ], [ 13.62312, 52.98901 ], [ 13.62084, 52.98903 ], [ 13.62043, 52.98898 ], [ 13.61991, 52.98883 ], [ 13.61942, 52.9886 ], [ 13.61883, 52.98797 ], [ 13.61884, 52.98734 ], [ 13.61905, 52.98693 ], [ 13.61989, 52.98571 ], [ 13.6204, 52.98483 ], [ 13.62046, 52.9846 ], [ 13.6207, 52.98435 ], [ 13.62087, 52.98428 ], [ 13.62427, 52.98392 ], [ 13.62452, 52.9838 ], [ 13.62472, 52.98341 ], [ 13.62505, 52.98313 ], [ 13.62526, 52.98304 ], [ 13.62607, 52.98292 ], [ 13.62644, 52.98296 ], [ 13.62702, 52.98311 ], [ 13.62746, 52.98334 ], [ 13.62777, 52.98358 ], [ 13.62865, 52.98398 ], [ 13.629, 52.98402 ], [ 13.62928, 52.984 ], [ 13.63089, 52.98356 ], [ 13.63124, 52.9834 ], [ 13.63167, 52.98307 ], [ 13.63182, 52.98281 ], [ 13.63178, 52.98266 ], [ 13.63143, 52.98258 ], [ 13.62896, 52.98238 ], [ 13.62767, 52.98214 ], [ 13.6262, 52.98177 ], [ 13.62565, 52.98175 ], [ 13.6252, 52.98179 ], [ 13.62462, 52.98198 ], [ 13.62165, 52.98243 ], [ 13.6206, 52.98238 ], [ 13.61868, 52.98245 ], [ 13.61798, 52.9826 ], [ 13.61149, 52.98277 ], [ 13.61123, 52.98291 ], [ 13.61095, 52.98317 ], [ 13.61031, 52.98445 ], [ 13.6099, 52.98476 ], [ 13.60938, 52.98481 ], [ 13.60823, 52.9845 ], [ 13.60742, 52.98421 ], [ 13.60696, 52.98392 ], [ 13.60665, 52.98347 ], [ 13.60604, 52.98281 ], [ 13.60567, 52.98264 ], [ 13.60422, 52.98248 ], [ 13.60336, 52.98253 ], [ 13.60215, 52.98247 ], [ 13.60121, 52.9824 ], [ 13.60027, 52.98226 ], [ 13.59924, 52.98206 ], [ 13.59605, 52.9812 ], [ 13.59583, 52.98107 ], [ 13.59576, 52.98091 ], [ 13.59575, 52.98052 ], [ 13.59587, 52.98034 ], [ 13.59618, 52.9802 ], [ 13.5966, 52.98023 ], [ 13.59695, 52.98014 ], [ 13.59837, 52.98007 ], [ 13.60008, 52.97988 ], [ 13.60405, 52.97932 ], [ 13.60581, 52.97912 ], [ 13.60714, 52.97911 ], [ 13.60914, 52.97929 ], [ 13.6105, 52.97927 ], [ 13.61101, 52.97918 ], [ 13.61263, 52.97876 ], [ 13.61351, 52.97835 ], [ 13.61382, 52.97807 ], [ 13.61383, 52.97772 ], [ 13.61373, 52.97752 ], [ 13.61346, 52.97738 ], [ 13.61319, 52.97732 ], [ 13.61201, 52.97729 ], [ 13.61157, 52.97733 ], [ 13.60929, 52.9777 ], [ 13.60897, 52.97769 ], [ 13.60825, 52.9775 ], [ 13.60752, 52.97712 ], [ 13.60543, 52.97741 ], [ 13.60488, 52.97702 ], [ 13.60419, 52.97597 ], [ 13.60364, 52.97553 ], [ 13.60323, 52.97541 ], [ 13.60256, 52.97537 ], [ 13.60116, 52.97555 ], [ 13.60101, 52.97552 ], [ 13.60079, 52.97542 ], [ 13.60055, 52.97522 ], [ 13.60014, 52.97479 ], [ 13.59966, 52.97453 ], [ 13.59921, 52.97457 ], [ 13.59792, 52.97484 ], [ 13.59766, 52.97486 ], [ 13.59736, 52.97474 ], [ 13.59821, 52.9742 ], [ 13.59889, 52.97396 ], [ 13.59945, 52.97387 ], [ 13.59994, 52.97384 ], [ 13.6011, 52.97392 ], [ 13.60293, 52.97423 ], [ 13.6037, 52.97416 ], [ 13.60401, 52.97406 ], [ 13.60424, 52.97384 ], [ 13.60448, 52.9733 ], [ 13.60452, 52.9726 ], [ 13.60431, 52.97203 ], [ 13.60399, 52.97173 ], [ 13.60345, 52.97139 ], [ 13.57036, 52.97099 ], [ 13.57038, 52.97203 ], [ 13.57047, 52.97228 ], [ 13.57073, 52.97264 ], [ 13.57132, 52.97318 ], [ 13.57171, 52.97334 ], [ 13.57221, 52.97341 ], [ 13.57591, 52.97354 ], [ 13.5762, 52.97361 ], [ 13.57633, 52.9737 ], [ 13.57627, 52.97387 ], [ 13.57611, 52.97402 ], [ 13.57486, 52.97438 ], [ 13.57435, 52.9746 ], [ 13.57304, 52.97499 ], [ 13.57263, 52.97505 ], [ 13.57247, 52.97513 ], [ 13.57323, 52.9754 ], [ 13.57338, 52.97584 ], [ 13.57504, 52.97633 ], [ 13.57567, 52.97661 ], [ 13.57629, 52.97701 ], [ 13.57733, 52.97726 ], [ 13.58182, 52.97781 ], [ 13.58223, 52.97795 ], [ 13.58303, 52.97845 ], [ 13.5833, 52.97855 ], [ 13.58383, 52.97859 ], [ 13.58448, 52.97859 ], [ 13.58559, 52.97843 ], [ 13.58609, 52.97846 ], [ 13.58685, 52.97862 ], [ 13.58719, 52.97917 ], [ 13.58718, 52.97949 ], [ 13.58687, 52.98015 ], [ 13.58612, 52.98127 ], [ 13.58634, 52.98127 ], [ 13.58652, 52.98132 ], [ 13.58661, 52.98144 ], [ 13.58643, 52.9816 ], [ 13.58684, 52.98183 ], [ 13.58679, 52.9817 ], [ 13.58686, 52.98159 ], [ 13.58709, 52.98153 ], [ 13.58728, 52.98158 ], [ 13.58736, 52.98171 ], [ 13.58731, 52.98185 ], [ 13.58775, 52.98187 ], [ 13.58805, 52.98193 ], [ 13.58799, 52.98209 ], [ 13.58815, 52.98208 ], [ 13.58833, 52.98213 ], [ 13.58842, 52.98225 ], [ 13.58833, 52.98237 ], [ 13.58813, 52.98242 ], [ 13.58788, 52.98235 ], [ 13.58783, 52.98247 ], [ 13.58833, 52.98282 ], [ 13.58904, 52.98306 ], [ 13.58809, 52.98417 ], [ 13.58901, 52.9846 ], [ 13.58917, 52.98473 ], [ 13.5901, 52.98497 ], [ 13.59027, 52.98493 ], [ 13.59046, 52.98498 ], [ 13.59054, 52.9851 ], [ 13.59043, 52.98523 ], [ 13.59049, 52.9853 ], [ 13.59084, 52.98534 ], [ 13.59095, 52.98546 ], [ 13.5918, 52.98565 ], [ 13.59294, 52.98582 ], [ 13.59701, 52.9869 ], [ 13.59834, 52.98699 ], [ 13.59909, 52.987 ], [ 13.60022, 52.98714 ], [ 13.60173, 52.98719 ], [ 13.60214, 52.98714 ], [ 13.60346, 52.98729 ], [ 13.60368, 52.98743 ], [ 13.60427, 52.98755 ], [ 13.60442, 52.98763 ], [ 13.60337, 52.98749 ], [ 13.60497, 52.98806 ], [ 13.60546, 52.988 ], [ 13.60673, 52.98809 ], [ 13.60766, 52.98825 ], [ 13.60798, 52.98836 ], [ 13.60817, 52.98859 ], [ 13.60816, 52.98897 ], [ 13.60798, 52.98934 ], [ 13.60784, 52.98948 ], [ 13.60774, 52.98948 ], [ 13.60711, 52.99121 ], [ 13.60691, 52.99135 ], [ 13.60777, 52.99089 ], [ 13.60822, 52.99075 ], [ 13.60822, 52.99058 ], [ 13.60841, 52.99044 ], [ 13.60873, 52.9904 ], [ 13.6089, 52.99042 ], [ 13.60913, 52.99057 ], [ 13.6087, 52.99068 ], [ 13.60944, 52.99068 ], [ 13.61017, 52.99078 ], [ 13.61156, 52.99121 ], [ 13.61192, 52.99126 ], [ 13.61327, 52.99119 ], [ 13.61432, 52.9913 ], [ 13.61545, 52.9916 ], [ 13.61672, 52.99215 ], [ 13.61733, 52.99259 ], [ 13.61766, 52.993 ], [ 13.61793, 52.99416 ], [ 13.61834, 52.99481 ], [ 13.61885, 52.99621 ], [ 13.61953, 52.99628 ], [ 13.61982, 52.99652 ], [ 13.61897, 52.9965 ], [ 13.619, 52.99659 ], [ 13.61973, 52.99723 ], [ 13.6201, 52.9974 ], [ 13.62055, 52.99741 ], [ 13.62109, 52.99711 ], [ 13.62144, 52.99706 ], [ 13.62097, 52.99699 ], [ 13.62094, 52.9969 ], [ 13.62105, 52.99683 ], [ 13.62143, 52.99675 ], [ 13.62192, 52.99676 ], [ 13.62282, 52.99694 ], [ 13.62378, 52.99736 ], [ 13.62389, 52.99752 ], [ 13.62354, 52.99747 ], [ 13.62295, 52.99729 ], [ 13.62393, 52.99793 ], [ 13.62403, 52.99823 ], [ 13.62459, 52.99836 ], [ 13.6261, 52.99797 ], [ 13.62615, 52.99789 ], [ 13.62629, 52.99785 ], [ 13.62686, 52.99785 ], [ 13.62717, 52.9979 ], [ 13.62754, 52.99801 ], [ 13.62764, 52.9981 ], [ 13.62725, 52.99812 ], [ 13.62743, 52.99827 ], [ 13.63045, 52.9995 ], [ 13.63135, 53.00005 ], [ 13.63226, 53.0005 ], [ 13.63506, 53.00081 ], [ 13.63658, 53.00112 ], [ 13.63768, 53.00147 ], [ 13.64172, 53.00109 ] ], [ [ 13.63855, 52.99919 ], [ 13.63855, 52.99936 ], [ 13.63846, 52.99949 ], [ 13.63831, 52.99953 ], [ 13.6381, 52.99943 ], [ 13.63804, 52.99908 ], [ 13.63814, 52.99889 ], [ 13.6383, 52.9989 ], [ 13.63855, 52.99919 ] ], [ [ 13.62246, 52.99521 ], [ 13.62062, 52.99509 ], [ 13.62083, 52.99503 ], [ 13.62132, 52.99501 ], [ 13.62238, 52.99515 ], [ 13.62265, 52.99512 ], [ 13.62274, 52.99517 ], [ 13.62246, 52.99521 ] ], [ [ 13.62107, 52.99477 ], [ 13.62098, 52.99488 ], [ 13.62078, 52.99493 ], [ 13.62059, 52.99488 ], [ 13.6205, 52.99476 ], [ 13.62058, 52.99464 ], [ 13.62079, 52.99459 ], [ 13.62097, 52.99463 ], [ 13.62107, 52.99477 ] ], [ [ 13.6223, 52.99473 ], [ 13.62222, 52.99484 ], [ 13.62201, 52.99489 ], [ 13.62182, 52.99484 ], [ 13.62173, 52.99472 ], [ 13.62181, 52.9946 ], [ 13.62192, 52.99457 ], [ 13.62115, 52.99456 ], [ 13.61993, 52.99462 ], [ 13.61983, 52.99459 ], [ 13.61969, 52.99439 ], [ 13.62001, 52.99425 ], [ 13.62041, 52.99413 ], [ 13.6208, 52.99409 ], [ 13.6213, 52.99412 ], [ 13.62185, 52.99423 ], [ 13.62237, 52.99417 ], [ 13.62276, 52.99418 ], [ 13.62314, 52.99427 ], [ 13.62342, 52.99442 ], [ 13.62313, 52.99456 ], [ 13.62215, 52.99458 ], [ 13.6223, 52.99473 ] ], [ [ 13.62374, 52.99467 ], [ 13.62366, 52.99478 ], [ 13.62346, 52.99483 ], [ 13.62326, 52.99478 ], [ 13.62318, 52.99466 ], [ 13.62326, 52.99454 ], [ 13.62346, 52.99449 ], [ 13.62365, 52.99453 ], [ 13.62374, 52.99467 ] ], [ [ 13.62321, 52.99384 ], [ 13.62312, 52.9939 ], [ 13.62259, 52.99388 ], [ 13.62305, 52.99366 ], [ 13.62318, 52.99364 ], [ 13.62326, 52.99367 ], [ 13.62321, 52.99384 ] ], [ [ 13.62187, 52.9938 ], [ 13.62102, 52.99377 ], [ 13.62081, 52.9937 ], [ 13.62079, 52.99366 ], [ 13.62091, 52.99359 ], [ 13.62123, 52.99354 ], [ 13.62164, 52.9936 ], [ 13.62187, 52.9938 ] ], [ [ 13.62066, 52.9936 ], [ 13.62045, 52.99365 ], [ 13.62026, 52.9936 ], [ 13.62017, 52.99347 ], [ 13.62025, 52.99336 ], [ 13.62046, 52.9933 ], [ 13.62064, 52.99335 ], [ 13.62074, 52.99349 ], [ 13.62066, 52.9936 ] ], [ [ 13.62254, 52.99342 ], [ 13.62246, 52.99353 ], [ 13.62226, 52.99358 ], [ 13.62206, 52.99353 ], [ 13.62198, 52.99341 ], [ 13.62206, 52.99329 ], [ 13.62226, 52.99324 ], [ 13.62245, 52.99328 ], [ 13.62254, 52.99342 ] ], [ [ 13.62326, 52.99283 ], [ 13.62352, 52.99297 ], [ 13.62358, 52.9931 ], [ 13.62351, 52.99318 ], [ 13.6212, 52.99319 ], [ 13.62057, 52.99315 ], [ 13.62036, 52.99307 ], [ 13.62033, 52.99301 ], [ 13.62062, 52.99282 ], [ 13.62085, 52.99278 ], [ 13.62166, 52.99275 ], [ 13.62326, 52.99283 ] ], [ [ 13.61729, 52.99145 ], [ 13.61723, 52.99153 ], [ 13.61702, 52.99158 ], [ 13.61683, 52.99153 ], [ 13.61675, 52.99141 ], [ 13.61682, 52.99129 ], [ 13.61703, 52.99124 ], [ 13.61722, 52.99128 ], [ 13.61729, 52.99145 ] ], [ [ 13.61423, 52.99101 ], [ 13.61422, 52.9909 ], [ 13.61439, 52.99083 ], [ 13.61511, 52.9908 ], [ 13.61539, 52.99086 ], [ 13.61538, 52.99104 ], [ 13.61508, 52.99112 ], [ 13.61513, 52.99118 ], [ 13.61504, 52.99129 ], [ 13.61484, 52.99134 ], [ 13.61465, 52.99129 ], [ 13.61458, 52.99115 ], [ 13.6144, 52.99113 ], [ 13.61423, 52.99101 ] ], [ [ 13.61062, 52.98917 ], [ 13.61079, 52.98907 ], [ 13.61117, 52.989 ], [ 13.6123, 52.98902 ], [ 13.61263, 52.98915 ], [ 13.61268, 52.98925 ], [ 13.61249, 52.98934 ], [ 13.6118, 52.98927 ], [ 13.61246, 52.98948 ], [ 13.61274, 52.98975 ], [ 13.61259, 52.98985 ], [ 13.61247, 52.98985 ], [ 13.61221, 52.99003 ], [ 13.61214, 52.99037 ], [ 13.61216, 52.99043 ], [ 13.61242, 52.99048 ], [ 13.61256, 52.99069 ], [ 13.61244, 52.99076 ], [ 13.61192, 52.99051 ], [ 13.61133, 52.99056 ], [ 13.61068, 52.99051 ], [ 13.61006, 52.99001 ], [ 13.60964, 52.98985 ], [ 13.60964, 52.98975 ], [ 13.61011, 52.98964 ], [ 13.61064, 52.98933 ], [ 13.61057, 52.98931 ], [ 13.61062, 52.98917 ] ], [ [ 13.61352, 52.99013 ], [ 13.61332, 52.99018 ], [ 13.61313, 52.99013 ], [ 13.61304, 52.99001 ], [ 13.61312, 52.98989 ], [ 13.61333, 52.98984 ], [ 13.61351, 52.98988 ], [ 13.61361, 52.99002 ], [ 13.61352, 52.99013 ] ] ], [ [ [ 13.62285, 52.99726 ], [ 13.62256, 52.99718 ], [ 13.62206, 52.99711 ], [ 13.62295, 52.99729 ], [ 13.62285, 52.99726 ] ] ] ] } },
{ "type": "Feature", "properties": { "boden": "100 % ziemlich arm, trocken (vermutet) (Z3)" }, "geometry": { "type": "Polygon", "coordinates": [ [ [ 13.61175, 52.98207 ], [ 13.61109, 52.98219 ], [ 13.61019, 52.98222 ], [ 13.60951, 52.98242 ], [ 13.60974, 52.98248 ], [ 13.61011, 52.9825 ], [ 13.61095, 52.98248 ], [ 13.61136, 52.98236 ], [ 13.61175, 52.98214 ], [ 13.61175, 52.98207 ] ] ] } },
{ "type": "Feature", "properties": { "boden": "100 % mittel, mäßig frisch (M2)" }, "geometry": { "type": "Polygon", "coordinates": [ [ [ 13.61094, 52.98918 ], [ 13.61249, 52.98934 ], [ 13.61262, 52.9893 ], [ 13.61268, 52.98922 ], [ 13.61252, 52.98909 ], [ 13.6123, 52.98902 ], [ 13.61146, 52.98899 ], [ 13.61079, 52.98907 ], [ 13.61055, 52.98925 ], [ 13.61064, 52.98933 ], [ 13.61094, 52.98918 ] ] ] } },
{ "type": "Feature", "properties": { "boden": "100 % ziemlich arm, nass (OZ3)" }, "geometry": { "type": "Polygon", "coordinates": [ [ [ 13.61176, 52.98925 ], [ 13.61094, 52.98918 ], [ 13.61011, 52.98964 ], [ 13.60964, 52.98975 ], [ 13.60964, 52.98985 ], [ 13.61006, 52.99001 ], [ 13.61068, 52.99051 ], [ 13.61133, 52.99056 ], [ 13.61192, 52.99051 ], [ 13.61244, 52.99076 ], [ 13.61256, 52.99069 ], [ 13.61242, 52.99048 ], [ 13.61216, 52.99043 ], [ 13.61214, 52.99037 ], [ 13.61221, 52.99003 ], [ 13.61247, 52.98985 ], [ 13.61259, 52.98985 ], [ 13.61274, 52.98975 ], [ 13.61246, 52.98948 ], [ 13.61176, 52.98925 ] ] ] } },
{ "type": "Feature", "properties": { "boden": "100 % mittel, mäßig frisch (M2)" }, "geometry": { "type": "Polygon", "coordinates": [ [ [ 13.61333, 52.98984 ], [ 13.61312, 52.98989 ], [ 13.61304, 52.99001 ], [ 13.61313, 52.99013 ], [ 13.61332, 52.99018 ], [ 13.61352, 52.99013 ], [ 13.61361, 52.99002 ], [ 13.61351, 52.98988 ], [ 13.61333, 52.98984 ] ] ] } },
{ "type": "Feature", "properties": { "boden": "100 % mittel, mäßig frisch (M2)" }, "geometry": { "type": "Polygon", "coordinates": [ [ [ 13.61508, 52.99112 ], [ 13.61538, 52.99104 ], [ 13.61539, 52.99086 ], [ 13.61522, 52.9908 ], [ 13.61455, 52.99081 ], [ 13.61422, 52.9909 ], [ 13.61423, 52.99101 ], [ 13.6144, 52.99113 ], [ 13.61458, 52.99115 ], [ 13.61464, 52.99105 ], [ 13.61485, 52.991 ], [ 13.61503, 52.99104 ], [ 13.61508, 52.99112 ] ] ] } },
{ "type": "Feature", "properties": { "boden": "100 % ziemlich arm, nass (OZ3)" }, "geometry": { "type": "Polygon", "coordinates": [ [ [ 13.63671, 52.98478 ], [ 13.63632, 52.98488 ], [ 13.63578, 52.98483 ], [ 13.63514, 52.9847 ], [ 13.6344, 52.98477 ], [ 13.63379, 52.98492 ], [ 13.633, 52.98501 ], [ 13.63257, 52.98531 ], [ 13.63193, 52.98542 ], [ 13.63183, 52.98559 ], [ 13.63182, 52.98576 ], [ 13.63162, 52.98602 ], [ 13.6315, 52.9863 ], [ 13.63123, 52.98657 ], [ 13.63124, 52.9868 ], [ 13.6316, 52.98732 ], [ 13.63206, 52.98752 ], [ 13.63206, 52.98721 ], [ 13.63223, 52.9867 ], [ 13.63251, 52.98623 ], [ 13.63287, 52.98587 ], [ 13.63334, 52.98561 ], [ 13.63398, 52.98529 ], [ 13.63507, 52.98522 ], [ 13.63625, 52.98519 ], [ 13.63681, 52.98523 ], [ 13.63694, 52.98515 ], [ 13.63697, 52.98503 ], [ 13.63695, 52.98495 ], [ 13.63671, 52.98478 ] ] ] } },
{ "type": "Feature", "properties": { "boden": "100 % ziemlich arm, trocken (vermutet) (Z3)" }, "geometry": { "type": "Polygon", "coordinates": [ [ [ 13.63558, 52.98564 ], [ 13.63641, 52.98563 ], [ 13.63698, 52.98557 ], [ 13.63714, 52.98552 ], [ 13.63553, 52.98534 ], [ 13.63437, 52.98539 ], [ 13.6339, 52.9855 ], [ 13.63335, 52.9858 ], [ 13.63306, 52.9863 ], [ 13.6327, 52.98663 ], [ 13.63259, 52.98697 ], [ 13.63263, 52.98715 ], [ 13.63272, 52.98717 ], [ 13.63295, 52.98703 ], [ 13.63317, 52.98677 ], [ 13.63325, 52.98646 ], [ 13.63336, 52.98631 ], [ 13.63379, 52.98601 ], [ 13.63452, 52.98579 ], [ 13.63558, 52.98564 ] ] ] } },
{ "type": "Feature", "properties": { "boden": "100 % ziemlich arm, mäßig frisch (Z2)" }, "geometry": { "type": "Polygon", "coordinates": [ [ [ 13.6504, 52.99293 ], [ 13.6498, 52.99285 ], [ 13.64892, 52.99281 ], [ 13.64878, 52.99273 ], [ 13.65038, 52.9927 ], [ 13.65128, 52.992 ], [ 13.65131, 52.99152 ], [ 13.65172, 52.9915 ], [ 13.65125, 52.99134 ], [ 13.65068, 52.99124 ], [ 13.6504, 52.99113 ], [ 13.65025, 52.99101 ], [ 13.65131, 52.99116 ], [ 13.65162, 52.99132 ], [ 13.65259, 52.99138 ], [ 13.65346, 52.99138 ], [ 13.65377, 52.99148 ], [ 13.65453, 52.9915 ], [ 13.65547, 52.99139 ], [ 13.65611, 52.99125 ], [ 13.6558, 52.99103 ], [ 13.6552, 52.99097 ], [ 13.65492, 52.99089 ], [ 13.65364, 52.99114 ], [ 13.6529, 52.99116 ], [ 13.65234, 52.99114 ], [ 13.652, 52.99106 ], [ 13.65146, 52.99081 ], [ 13.65116, 52.99081 ], [ 13.65103, 52.99073 ], [ 13.651, 52.99046 ], [ 13.65078, 52.99042 ], [ 13.6507, 52.9903 ], [ 13.65078, 52.99018 ], [ 13.65099, 52.99013 ], [ 13.65093, 52.99003 ], [ 13.65101, 52.98991 ], [ 13.65122, 52.98986 ], [ 13.6514, 52.9899 ], [ 13.65161, 52.9904 ], [ 13.652, 52.98989 ], [ 13.65163, 52.9899 ], [ 13.6514, 52.98982 ], [ 13.65139, 52.98955 ], [ 13.65165, 52.9893 ], [ 13.65204, 52.98919 ], [ 13.65282, 52.98928 ], [ 13.65334, 52.98941 ], [ 13.65398, 52.98972 ], [ 13.65449, 52.98986 ], [ 13.65475, 52.99007 ], [ 13.65525, 52.99014 ], [ 13.65543, 52.99009 ], [ 13.65514, 52.99 ], [ 13.65507, 52.98993 ], [ 13.65571, 52.98984 ], [ 13.65609, 52.98962 ], [ 13.65599, 52.98959 ], [ 13.65584, 52.98972 ], [ 13.65564, 52.98977 ], [ 13.65545, 52.98972 ], [ 13.65536, 52.9896 ], [ 13.65544, 52.98948 ], [ 13.65565, 52.98943 ], [ 13.6559, 52.98947 ], [ 13.65598, 52.98935 ], [ 13.65619, 52.9893 ], [ 13.65639, 52.98937 ], [ 13.65672, 52.98901 ], [ 13.6569, 52.9889 ], [ 13.65721, 52.98884 ], [ 13.6576, 52.9889 ], [ 13.65773, 52.98898 ], [ 13.65787, 52.9893 ], [ 13.65794, 52.98928 ], [ 13.6578, 52.989 ], [ 13.65803, 52.98879 ], [ 13.65839, 52.9889 ], [ 13.65882, 52.98887 ], [ 13.65924, 52.98867 ], [ 13.65925, 52.98843 ], [ 13.65895, 52.98853 ], [ 13.65882, 52.98878 ], [ 13.6586, 52.98883 ], [ 13.65839, 52.98879 ], [ 13.65831, 52.98868 ], [ 13.65839, 52.98857 ], [ 13.6586, 52.9885 ], [ 13.65816, 52.98834 ], [ 13.65668, 52.98846 ], [ 13.65548, 52.98893 ], [ 13.656, 52.98906 ], [ 13.65609, 52.98913 ], [ 13.6561, 52.98929 ], [ 13.65573, 52.98934 ], [ 13.65527, 52.98922 ], [ 13.6547, 52.98915 ], [ 13.65338, 52.98913 ], [ 13.65271, 52.98918 ], [ 13.65169, 52.98906 ], [ 13.65075, 52.98905 ], [ 13.64795, 52.98914 ], [ 13.64737, 52.98882 ], [ 13.64658, 52.98866 ], [ 13.64626, 52.98865 ], [ 13.64565, 52.98892 ], [ 13.64532, 52.98925 ], [ 13.64443, 52.98957 ], [ 13.64444, 52.98965 ], [ 13.64431, 52.98978 ], [ 13.64331, 52.99005 ], [ 13.64288, 52.99042 ], [ 13.64214, 52.99069 ], [ 13.64218, 52.99076 ], [ 13.6421, 52.99087 ], [ 13.64189, 52.99092 ], [ 13.6417, 52.99087 ], [ 13.64163, 52.99076 ], [ 13.64126, 52.99075 ], [ 13.64113, 52.99071 ], [ 13.64106, 52.99066 ], [ 13.64108, 52.99053 ], [ 13.64131, 52.99038 ], [ 13.642, 52.9903 ], [ 13.64262, 52.99011 ], [ 13.6422, 52.99018 ], [ 13.64048, 52.99013 ], [ 13.63992, 52.98998 ], [ 13.63902, 52.98937 ], [ 13.63873, 52.9889 ], [ 13.63861, 52.98848 ], [ 13.63869, 52.98791 ], [ 13.63893, 52.98748 ], [ 13.63947, 52.98685 ], [ 13.64048, 52.9859 ], [ 13.64179, 52.98499 ], [ 13.64183, 52.98492 ], [ 13.64113, 52.98535 ], [ 13.6409, 52.98548 ], [ 13.6408, 52.98549 ], [ 13.64072, 52.98539 ], [ 13.64073, 52.98532 ], [ 13.64118, 52.9849 ], [ 13.64147, 52.98474 ], [ 13.6418, 52.98443 ], [ 13.64286, 52.9839 ], [ 13.64434, 52.98378 ], [ 13.64519, 52.98397 ], [ 13.64569, 52.98397 ], [ 13.64655, 52.98379 ], [ 13.64748, 52.98338 ], [ 13.64843, 52.98321 ], [ 13.64886, 52.98329 ], [ 13.64929, 52.98329 ], [ 13.65029, 52.9834 ], [ 13.65082, 52.98352 ], [ 13.65164, 52.98354 ], [ 13.65215, 52.98359 ], [ 13.65299, 52.98379 ], [ 13.65395, 52.98388 ], [ 13.65488, 52.9842 ], [ 13.65514, 52.98425 ], [ 13.65563, 52.98423 ], [ 13.65585, 52.98416 ], [ 13.65625, 52.98398 ], [ 13.65686, 52.98356 ], [ 13.6573, 52.98344 ], [ 13.65774, 52.983 ], [ 13.65767, 52.98289 ], [ 13.65774, 52.98277 ], [ 13.65795, 52.98272 ], [ 13.65812, 52.98276 ], [ 13.65819, 52.98263 ], [ 13.6584, 52.98258 ], [ 13.65858, 52.98262 ], [ 13.65868, 52.98276 ], [ 13.65865, 52.9828 ], [ 13.65909, 52.98261 ], [ 13.65919, 52.98249 ], [ 13.65901, 52.98254 ], [ 13.65882, 52.98249 ], [ 13.65874, 52.98236 ], [ 13.65881, 52.98225 ], [ 13.65907, 52.98221 ], [ 13.65916, 52.982 ], [ 13.65937, 52.98195 ], [ 13.65945, 52.98197 ], [ 13.65946, 52.98178 ], [ 13.65935, 52.98175 ], [ 13.65946, 52.98163 ], [ 13.6595, 52.98039 ], [ 13.65882, 52.98123 ], [ 13.65835, 52.9815 ], [ 13.65639, 52.9821 ], [ 13.6543, 52.98251 ], [ 13.65344, 52.98255 ], [ 13.65242, 52.98231 ], [ 13.65185, 52.98205 ], [ 13.65157, 52.98185 ], [ 13.65123, 52.9813 ], [ 13.65098, 52.98106 ], [ 13.65084, 52.981 ], [ 13.64764, 52.98124 ], [ 13.64696, 52.98135 ], [ 13.63962, 52.98198 ], [ 13.6392, 52.98212 ], [ 13.63837, 52.98273 ], [ 13.63785, 52.98302 ], [ 13.63767, 52.98303 ], [ 13.63768, 52.98309 ], [ 13.63731, 52.98317 ], [ 13.63709, 52.98319 ], [ 13.63662, 52.98313 ], [ 13.63499, 52.98263 ], [ 13.63435, 52.98259 ], [ 13.63416, 52.98254 ], [ 13.63362, 52.98254 ], [ 13.6324, 52.98267 ], [ 13.63184, 52.98276 ], [ 13.63167, 52.98307 ], [ 13.63151, 52.98322 ], [ 13.63089, 52.98356 ], [ 13.62928, 52.984 ], [ 13.629, 52.98402 ], [ 13.62865, 52.98398 ], [ 13.62777, 52.98358 ], [ 13.62728, 52.98323 ], [ 13.62681, 52.98304 ], [ 13.62607, 52.98292 ], [ 13.62567, 52.98296 ], [ 13.62526, 52.98304 ], [ 13.62486, 52.98325 ], [ 13.62452, 52.9838 ], [ 13.62427, 52.98392 ], [ 13.62387, 52.98399 ], [ 13.62121, 52.98422 ], [ 13.6207, 52.98435 ], [ 13.62046, 52.9846 ], [ 13.6204, 52.98483 ], [ 13.61989, 52.98571 ], [ 13.61905, 52.98693 ], [ 13.61884, 52.98734 ], [ 13.61883, 52.98797 ], [ 13.61942, 52.9886 ], [ 13.61991, 52.98883 ], [ 13.62043, 52.98898 ], [ 13.62119, 52.98905 ], [ 13.62312, 52.98901 ], [ 13.62364, 52.98911 ], [ 13.62388, 52.98925 ], [ 13.62412, 52.98949 ], [ 13.62453, 52.9909 ], [ 13.62462, 52.99157 ], [ 13.62442, 52.99429 ], [ 13.62463, 52.99501 ], [ 13.62481, 52.99512 ], [ 13.62507, 52.99517 ], [ 13.62558, 52.99516 ], [ 13.62614, 52.99509 ], [ 13.62747, 52.99482 ], [ 13.6294, 52.99486 ], [ 13.63003, 52.99508 ], [ 13.63116, 52.99534 ], [ 13.63148, 52.99536 ], [ 13.63381, 52.99466 ], [ 13.63469, 52.99449 ], [ 13.63567, 52.99461 ], [ 13.63755, 52.99556 ], [ 13.63891, 52.99569 ], [ 13.64163, 52.99583 ], [ 13.64239, 52.99577 ], [ 13.64322, 52.99568 ], [ 13.64398, 52.99552 ], [ 13.64636, 52.99477 ], [ 13.64678, 52.99455 ], [ 13.64812, 52.99352 ], [ 13.64921, 52.99307 ], [ 13.64962, 52.99299 ], [ 13.65042, 52.99299 ], [ 13.6504, 52.99293 ] ], [ [ 13.64549, 52.99237 ], [ 13.64535, 52.9926 ], [ 13.64503, 52.99274 ], [ 13.64491, 52.99313 ], [ 13.64471, 52.99313 ], [ 13.64424, 52.99285 ], [ 13.64396, 52.99281 ], [ 13.64388, 52.99276 ], [ 13.64395, 52.99264 ], [ 13.64476, 52.99223 ], [ 13.6453, 52.99209 ], [ 13.64565, 52.99212 ], [ 13.64628, 52.99228 ], [ 13.6468, 52.99229 ], [ 13.64717, 52.99234 ], [ 13.64736, 52.99244 ], [ 13.64714, 52.99254 ], [ 13.6463, 52.99255 ], [ 13.64587, 52.99246 ], [ 13.64563, 52.99231 ], [ 13.64549, 52.99237 ] ], [ [ 13.64184, 52.99288 ], [ 13.64192, 52.9927 ], [ 13.64218, 52.99244 ], [ 13.64241, 52.99226 ], [ 13.64249, 52.99222 ], [ 13.64259, 52.99226 ], [ 13.64278, 52.99213 ], [ 13.64326, 52.99162 ], [ 13.64485, 52.99089 ], [ 13.64633, 52.99038 ], [ 13.64668, 52.99005 ], [ 13.64712, 52.98981 ], [ 13.64738, 52.98973 ], [ 13.64784, 52.98969 ], [ 13.64815, 52.98971 ], [ 13.64846, 52.98987 ], [ 13.6487, 52.99009 ], [ 13.64881, 52.99042 ], [ 13.64617, 52.99143 ], [ 13.64568, 52.99169 ], [ 13.64504, 52.99185 ], [ 13.64259, 52.99297 ], [ 13.64151, 52.9933 ], [ 13.6416, 52.99294 ], [ 13.64189, 52.99291 ], [ 13.64184, 52.99288 ] ], [ [ 13.63935, 52.99308 ], [ 13.63901, 52.99308 ], [ 13.63873, 52.99303 ], [ 13.63856, 52.99291 ], [ 13.63858, 52.99286 ], [ 13.63894, 52.9928 ], [ 13.63954, 52.99279 ], [ 13.63986, 52.99284 ], [ 13.63995, 52.99292 ], [ 13.63997, 52.99297 ], [ 13.63977, 52.99297 ], [ 13.63935, 52.99308 ] ], [ [ 13.63231, 52.99295 ], [ 13.63231, 52.99307 ], [ 13.63218, 52.99317 ], [ 13.63193, 52.99317 ], [ 13.63185, 52.99311 ], [ 13.63185, 52.99299 ], [ 13.63195, 52.99292 ], [ 13.63214, 52.99289 ], [ 13.63231, 52.99295 ] ], [ [ 13.64313, 52.99371 ], [ 13.64255, 52.99363 ], [ 13.64224, 52.99363 ], [ 13.64198, 52.99353 ], [ 13.64179, 52.99338 ], [ 13.64183, 52.99333 ], [ 13.64221, 52.99325 ], [ 13.64294, 52.99322 ], [ 13.64301, 52.99337 ], [ 13.64332, 52.99345 ], [ 13.6435, 52.99356 ], [ 13.6435, 52.99363 ], [ 13.64341, 52.99368 ], [ 13.64313, 52.99371 ] ], [ [ 13.64971, 52.99069 ], [ 13.6499, 52.99084 ], [ 13.64763, 52.99149 ], [ 13.64721, 52.9915 ], [ 13.64699, 52.99137 ], [ 13.64699, 52.99131 ], [ 13.64714, 52.9912 ], [ 13.64819, 52.99094 ], [ 13.64887, 52.9906 ], [ 13.64916, 52.99056 ], [ 13.64944, 52.99059 ], [ 13.64971, 52.99069 ] ], [ [ 13.63475, 52.99124 ], [ 13.63498, 52.99138 ], [ 13.63494, 52.99143 ], [ 13.63473, 52.99144 ], [ 13.6342, 52.99136 ], [ 13.63417, 52.99128 ], [ 13.63426, 52.99123 ], [ 13.63456, 52.99121 ], [ 13.63475, 52.99124 ] ], [ [ 13.64068, 52.99196 ], [ 13.64017, 52.99226 ], [ 13.63982, 52.99233 ], [ 13.6396, 52.99256 ], [ 13.63915, 52.99264 ], [ 13.63906, 52.99245 ], [ 13.63844, 52.99238 ], [ 13.63864, 52.992 ], [ 13.63899, 52.99185 ], [ 13.63885, 52.99178 ], [ 13.63905, 52.99163 ], [ 13.63932, 52.99152 ], [ 13.63963, 52.99147 ], [ 13.64008, 52.99151 ], [ 13.64047, 52.99168 ], [ 13.6405, 52.99189 ], [ 13.64068, 52.99196 ] ], [ [ 13.63282, 52.99197 ], [ 13.6331, 52.99215 ], [ 13.63299, 52.99223 ], [ 13.63225, 52.99247 ], [ 13.6317, 52.99255 ], [ 13.63154, 52.99253 ], [ 13.63161, 52.99239 ], [ 13.63174, 52.99231 ], [ 13.63228, 52.99217 ], [ 13.63252, 52.99189 ], [ 13.63282, 52.99197 ] ], [ [ 13.64349, 52.99429 ], [ 13.64302, 52.99425 ], [ 13.64295, 52.99417 ], [ 13.64298, 52.99407 ], [ 13.64312, 52.99405 ], [ 13.64344, 52.99413 ], [ 13.64356, 52.99413 ], [ 13.64388, 52.99401 ], [ 13.64409, 52.99386 ], [ 13.64437, 52.99395 ], [ 13.6447, 52.99387 ], [ 13.64513, 52.99388 ], [ 13.64532, 52.99392 ], [ 13.64499, 52.99405 ], [ 13.64407, 52.99409 ], [ 13.64349, 52.99429 ] ], [ [ 13.64644, 52.99399 ], [ 13.64656, 52.99414 ], [ 13.64646, 52.99422 ], [ 13.64619, 52.99423 ], [ 13.64598, 52.9942 ], [ 13.64593, 52.99414 ], [ 13.64596, 52.99405 ], [ 13.64611, 52.99394 ], [ 13.64644, 52.99399 ] ], [ [ 13.63333, 52.9942 ], [ 13.63278, 52.99436 ], [ 13.6324, 52.99435 ], [ 13.63287, 52.99418 ], [ 13.63316, 52.99416 ], [ 13.63333, 52.9942 ] ], [ [ 13.63013, 52.99019 ], [ 13.62949, 52.99049 ], [ 13.62933, 52.99052 ], [ 13.62942, 52.99036 ], [ 13.62978, 52.9902 ], [ 13.62983, 52.99012 ], [ 13.63004, 52.9901 ], [ 13.63014, 52.99013 ], [ 13.63013, 52.99019 ] ], [ [ 13.6306, 52.99004 ], [ 13.63056, 52.99001 ], [ 13.63079, 52.98986 ], [ 13.6311, 52.98972 ], [ 13.63223, 52.98954 ], [ 13.63237, 52.98961 ], [ 13.6325, 52.98992 ], [ 13.6324, 52.99002 ], [ 13.63134, 52.98996 ], [ 13.6306, 52.99004 ] ], [ [ 13.63913, 52.98988 ], [ 13.63929, 52.99 ], [ 13.63917, 52.99008 ], [ 13.63845, 52.99007 ], [ 13.63826, 52.99001 ], [ 13.63852, 52.98987 ], [ 13.6389, 52.98985 ], [ 13.63913, 52.98988 ] ], [ [ 13.63017, 52.98979 ], [ 13.63008, 52.9899 ], [ 13.62988, 52.98995 ], [ 13.62909, 52.98966 ], [ 13.62901, 52.98953 ], [ 13.6292, 52.98947 ], [ 13.63001, 52.98941 ], [ 13.6305, 52.98932 ], [ 13.63088, 52.98939 ], [ 13.6308, 52.98947 ], [ 13.63017, 52.98979 ] ], [ [ 13.63205, 52.98903 ], [ 13.63201, 52.9892 ], [ 13.63186, 52.98934 ], [ 13.63135, 52.9894 ], [ 13.63109, 52.98937 ], [ 13.63104, 52.98932 ], [ 13.63103, 52.98924 ], [ 13.63122, 52.98906 ], [ 13.63198, 52.9885 ], [ 13.63227, 52.9881 ], [ 13.63255, 52.98802 ], [ 13.63272, 52.98811 ], [ 13.63274, 52.98843 ], [ 13.63205, 52.98903 ] ], [ [ 13.63019, 52.98751 ], [ 13.63009, 52.98757 ], [ 13.62934, 52.98759 ], [ 13.62893, 52.98766 ], [ 13.62855, 52.98762 ], [ 13.62875, 52.98754 ], [ 13.62945, 52.98744 ], [ 13.62986, 52.98744 ], [ 13.63019, 52.98751 ] ], [ [ 13.6316, 52.98732 ], [ 13.63117, 52.98675 ], [ 13.63112, 52.98653 ], [ 13.63147, 52.986 ], [ 13.63149, 52.98565 ], [ 13.63193, 52.98542 ], [ 13.63228, 52.98533 ], [ 13.63247, 52.9851 ], [ 13.63257, 52.98485 ], [ 13.6327, 52.98476 ], [ 13.63318, 52.98467 ], [ 13.63401, 52.98471 ], [ 13.63445, 52.9846 ], [ 13.63462, 52.98451 ], [ 13.63479, 52.98449 ], [ 13.63542, 52.98474 ], [ 13.63616, 52.98477 ], [ 13.63645, 52.98474 ], [ 13.63678, 52.98453 ], [ 13.63716, 52.98455 ], [ 13.63714, 52.98463 ], [ 13.63702, 52.98469 ], [ 13.63694, 52.98515 ], [ 13.63681, 52.98523 ], [ 13.63625, 52.98519 ], [ 13.63507, 52.98522 ], [ 13.63398, 52.98529 ], [ 13.63287, 52.98587 ], [ 13.63251, 52.98623 ], [ 13.63223, 52.9867 ], [ 13.63206, 52.98721 ], [ 13.63206, 52.98752 ], [ 13.6316, 52.98732 ] ], [ [ 13.63516, 52.98568 ], [ 13.63398, 52.98593 ], [ 13.63366, 52.98609 ], [ 13.63336, 52.98631 ], [ 13.63325, 52.98646 ], [ 13.63317, 52.98677 ], [ 13.63295, 52.98703 ], [ 13.63272, 52.98717 ], [ 13.63263, 52.98715 ], [ 13.63259, 52.98697 ], [ 13.6327, 52.98663 ], [ 13.63306, 52.9863 ], [ 13.63335, 52.9858 ], [ 13.6339, 52.9855 ], [ 13.63437, 52.98539 ], [ 13.63553, 52.98534 ], [ 13.63714, 52.98552 ], [ 13.63698, 52.98557 ], [ 13.63641, 52.98563 ], [ 13.63516, 52.98568 ] ], [ [ 13.63839, 52.98561 ], [ 13.63881, 52.98578 ], [ 13.63884, 52.98586 ], [ 13.63847, 52.98585 ], [ 13.63777, 52.98565 ], [ 13.63766, 52.98557 ], [ 13.6377, 52.98552 ], [ 13.63786, 52.98549 ], [ 13.63839, 52.98561 ] ], [ [ 13.63757, 52.98496 ], [ 13.63821, 52.98476 ], [ 13.63856, 52.98473 ], [ 13.63893, 52.98476 ], [ 13.63944, 52.98487 ], [ 13.63956, 52.98499 ], [ 13.63956, 52.98515 ], [ 13.63993, 52.98563 ], [ 13.63983, 52.98568 ], [ 13.63882, 52.98543 ], [ 13.63754, 52.98527 ], [ 13.63738, 52.98508 ], [ 13.63757, 52.98496 ] ], [ [ 13.63091, 52.98714 ], [ 13.63109, 52.98735 ], [ 13.63104, 52.98742 ], [ 13.63062, 52.98737 ], [ 13.63032, 52.98725 ], [ 13.63033, 52.98713 ], [ 13.63042, 52.98709 ], [ 13.63076, 52.98707 ], [ 13.63091, 52.98714 ] ] ] } },
{ "type": "Feature", "properties": { "boden": "70 % ziemlich arm, mäßig frisch (Z2) · 30 % mittel, mäßig frisch (M2)" }, "geometry": { "type": "Polygon", "coordinates": [ [ [ 13.63884, 52.98912 ], [ 13.639, 52.98935 ], [ 13.63939, 52.9893 ], [ 13.63931, 52.98915 ], [ 13.63914, 52.9891 ], [ 13.63884, 52.98912 ] ] ] } },
{ "type": "Feature", "properties": { "boden": "70 % ziemlich arm, mäßig frisch (Z2) · 30 % mittel, mäßig frisch (M2)" }, "geometry": { "type": "Polygon", "coordinates": [ [ [ 13.64442, 52.98956 ], [ 13.64419, 52.98952 ], [ 13.6439, 52.98955 ], [ 13.64262, 52.99011 ], [ 13.64285, 52.99007 ], [ 13.64442, 52.98956 ] ] ] } },
{ "type": "Feature", "properties": { "boden": "100 % ziemlich arm, trocken (vermutet) (Z3)" }, "geometry": { "type": "Polygon", "coordinates": [ [ [ 13.63876, 52.98984 ], [ 13.63843, 52.98989 ], [ 13.6383, 52.98995 ], [ 13.63828, 52.99003 ], [ 13.63894, 52.9901 ], [ 13.63928, 52.99003 ], [ 13.63913, 52.98988 ], [ 13.63876, 52.98984 ] ] ] } },
{ "type": "Feature", "properties": { "boden": "100 % ziemlich arm, mäßig frisch (Z2)" }, "geometry": { "type": "Polygon", "coordinates": [ [ [ 13.64162, 52.99075 ], [ 13.6417, 52.99063 ], [ 13.6419, 52.99058 ], [ 13.64209, 52.99062 ], [ 13.64214, 52.99069 ], [ 13.64261, 52.99055 ], [ 13.64288, 52.99042 ], [ 13.64331, 52.99005 ], [ 13.64431, 52.98978 ], [ 13.64444, 52.98965 ], [ 13.64443, 52.98957 ], [ 13.64224, 52.99024 ], [ 13.64131, 52.99038 ], [ 13.64108, 52.99053 ], [ 13.64106, 52.99066 ], [ 13.64126, 52.99075 ], [ 13.64162, 52.99075 ] ] ] } },
{ "type": "Feature", "properties": { "boden": "100 % ziemlich arm, mäßig frisch (Z2)" }, "geometry": { "type": "Polygon", "coordinates": [ [ [ 13.64209, 52.99062 ], [ 13.6419, 52.99058 ], [ 13.6417, 52.99063 ], [ 13.64163, 52.99076 ], [ 13.64214, 52.99069 ], [ 13.64209, 52.99062 ] ] ] } },
{ "type": "Feature", "properties": { "boden": "100 % ziemlich arm, mäßig frisch (Z2)" }, "geometry": { "type": "Polygon", "coordinates": [ [ [ 13.64214, 52.99069 ], [ 13.64163, 52.99076 ], [ 13.6417, 52.99087 ], [ 13.64189, 52.99092 ], [ 13.6421, 52.99087 ], [ 13.64218, 52.99076 ], [ 13.64214, 52.99069 ] ] ] } },
{ "type": "Feature", "properties": { "boden": "100 % ziemlich arm, trocken (vermutet) (Z3)" }, "geometry": { "type": "Polygon", "coordinates": [ [ [ 13.63456, 52.99121 ], [ 13.63426, 52.99123 ], [ 13.63417, 52.99128 ], [ 13.6342, 52.99136 ], [ 13.63473, 52.99144 ], [ 13.63498, 52.99141 ], [ 13.63492, 52.99131 ], [ 13.63456, 52.99121 ] ] ] } },
{ "type": "Feature", "properties": { "boden": "100 % ziemlich arm, mäßig frisch (Z2)" }, "geometry": { "type": "Polygon", "coordinates": [ [ [ 13.6319, 52.98547 ], [ 13.63149, 52.98565 ], [ 13.63147, 52.986 ], [ 13.63112, 52.98653 ], [ 13.63117, 52.98675 ], [ 13.63151, 52.98719 ], [ 13.63124, 52.9868 ], [ 13.63123, 52.98657 ], [ 13.6315, 52.9863 ], [ 13.63162, 52.98602 ], [ 13.63182, 52.98576 ], [ 13.6319, 52.98547 ] ] ] } },
{ "type": "Feature", "properties": { "boden": "100 % ziemlich arm, trocken (vermutet) (Z3)" }, "geometry": { "type": "Polygon", "coordinates": [ [ [ 13.63062, 52.98705 ], [ 13.63033, 52.98713 ], [ 13.63032, 52.98725 ], [ 13.63062, 52.98737 ], [ 13.63104, 52.98742 ], [ 13.63109, 52.98735 ], [ 13.63091, 52.98714 ], [ 13.63062, 52.98705 ] ] ] } },
{ "type": "Feature", "properties": { "boden": "100 % ziemlich arm, mäßig frisch (Z2)" }, "geometry": { "type": "Polygon", "coordinates": [ [ [ 13.62986, 52.98744 ], [ 13.62945, 52.98744 ], [ 13.62895, 52.98751 ], [ 13.62855, 52.98762 ], [ 13.62893, 52.98766 ], [ 13.63021, 52.98754 ], [ 13.62986, 52.98744 ] ] ] } },
{ "type": "Feature", "properties": { "boden": "100 % ziemlich arm, mäßig frisch (Z2)" }, "geometry": { "type": "MultiPolygon", "coordinates": [ [ [ [ 13.63225, 52.98851 ], [ 13.63236, 52.98827 ], [ 13.63261, 52.98815 ], [ 13.63258, 52.98847 ], [ 13.63234, 52.98879 ], [ 13.63269, 52.98851 ], [ 13.63277, 52.98821 ], [ 13.63264, 52.98805 ], [ 13.63244, 52.98803 ], [ 13.63227, 52.9881 ], [ 13.63198, 52.9885 ], [ 13.63103, 52.98924 ], [ 13.63109, 52.98937 ], [ 13.63118, 52.98939 ], [ 13.63128, 52.98939 ], [ 13.63225, 52.98851 ] ] ], [ [ [ 13.63156, 52.98939 ], [ 13.63172, 52.98935 ], [ 13.63128, 52.98939 ], [ 13.63156, 52.98939 ] ] ] ] } },
{ "type": "Feature", "properties": { "boden": "100 % ziemlich arm, nass (OZ3)" }, "geometry": { "type": "Polygon", "coordinates": [ [ [ 13.63186, 52.98934 ], [ 13.63201, 52.9892 ], [ 13.63205, 52.98903 ], [ 13.63239, 52.98874 ], [ 13.63258, 52.98847 ], [ 13.63261, 52.98815 ], [ 13.63236, 52.98827 ], [ 13.63225, 52.98851 ], [ 13.63128, 52.98939 ], [ 13.63186, 52.98934 ] ] ] } },
{ "type": "Feature", "properties": { "boden": "100 % ziemlich arm, mäßig frisch (Z2)" }, "geometry": { "type": "Polygon", "coordinates": [ [ [ 13.63015, 52.98976 ], [ 13.6308, 52.98947 ], [ 13.63088, 52.98939 ], [ 13.6308, 52.98935 ], [ 13.63038, 52.98933 ], [ 13.63001, 52.98941 ], [ 13.6292, 52.98947 ], [ 13.62901, 52.98953 ], [ 13.62909, 52.98966 ], [ 13.62956, 52.98984 ], [ 13.62969, 52.98973 ], [ 13.63004, 52.98963 ], [ 13.63015, 52.98976 ] ] ] } },
{ "type": "Feature", "properties": { "boden": "100 % ziemlich arm, mäßig frisch (Z2)" }, "geometry": { "type": "Polygon", "coordinates": [ [ [ 13.63007, 52.98965 ], [ 13.62969, 52.98973 ], [ 13.62956, 52.98984 ], [ 13.62978, 52.98985 ], [ 13.63015, 52.98976 ], [ 13.63007, 52.98965 ] ] ] } },
{ "type": "Feature", "properties": { "boden": "100 % ziemlich arm, trocken (vermutet) (Z3)" }, "geometry": { "type": "Polygon", "coordinates": [ [ [ 13.63134, 52.98996 ], [ 13.6324, 52.99002 ], [ 13.6325, 52.98992 ], [ 13.63237, 52.98961 ], [ 13.63223, 52.98954 ], [ 13.6311, 52.98972 ], [ 13.63079, 52.98986 ], [ 13.63057, 52.99003 ], [ 13.63134, 52.98996 ] ] ] } },
{ "type": "Feature", "properties": { "boden": "100 % ziemlich arm, mäßig frisch (Z2)" }, "geometry": { "type": "Polygon", "coordinates": [ [ [ 13.63017, 52.98979 ], [ 13.62978, 52.98985 ], [ 13.62955, 52.98985 ], [ 13.62988, 52.98995 ], [ 13.63008, 52.9899 ], [ 13.63017, 52.98979 ] ] ] } },
{ "type": "Feature", "properties": { "boden": "100 % ziemlich arm, trocken (vermutet) (Z3)" }, "geometry": { "type": "Polygon", "coordinates": [ [ [ 13.63014, 52.99013 ], [ 13.62983, 52.99012 ], [ 13.62978, 52.9902 ], [ 13.62955, 52.99028 ], [ 13.62933, 52.99046 ], [ 13.62933, 52.99052 ], [ 13.62949, 52.99049 ], [ 13.63006, 52.99024 ], [ 13.63014, 52.99013 ] ] ] } },
{ "type": "Feature", "properties": { "boden": "100 % ziemlich arm, mäßig frisch (Z2)" }, "geometry": { "type": "Polygon", "coordinates": [ [ [ 13.65452, 52.972 ], [ 13.65391, 52.9724 ], [ 13.65383, 52.97247 ], [ 13.65388, 52.97252 ], [ 13.6541, 52.97252 ], [ 13.6546, 52.97237 ], [ 13.6547, 52.97222 ], [ 13.65468, 52.97213 ], [ 13.65462, 52.97202 ], [ 13.65452, 52.972 ] ] ] } },
{ "type": "Feature", "properties": { "boden": "100 % ziemlich arm, trocken (vermutet) (Z3)" }, "geometry": { "type": "Polygon", "coordinates": [ [ [ 13.65344, 52.97232 ], [ 13.65323, 52.97235 ], [ 13.65302, 52.97248 ], [ 13.65296, 52.97263 ], [ 13.65305, 52.97272 ], [ 13.65332, 52.97267 ], [ 13.65344, 52.97259 ], [ 13.65357, 52.97239 ], [ 13.65344, 52.97232 ] ] ] } },
{ "type": "Feature", "properties": { "boden": "100 % ziemlich arm, trocken (vermutet) (Z3)" }, "geometry": { "type": "Polygon", "coordinates": [ [ [ 13.65493, 52.97287 ], [ 13.65472, 52.97288 ], [ 13.65462, 52.97298 ], [ 13.65475, 52.97327 ], [ 13.65495, 52.97338 ], [ 13.6552, 52.97331 ], [ 13.65529, 52.9731 ], [ 13.65524, 52.97299 ], [ 13.65493, 52.97287 ] ] ] } },
{ "type": "Feature", "properties": { "boden": "100 % ziemlich arm, trocken (vermutet) (Z3)" }, "geometry": { "type": "Polygon", "coordinates": [ [ [ 13.6567, 52.97623 ], [ 13.65639, 52.97626 ], [ 13.65622, 52.97634 ], [ 13.65642, 52.97643 ], [ 13.65714, 52.97655 ], [ 13.65775, 52.97684 ], [ 13.65817, 52.9769 ], [ 13.65854, 52.97705 ], [ 13.6589, 52.97762 ], [ 13.65885, 52.9779 ], [ 13.65893, 52.97803 ], [ 13.65946, 52.97801 ], [ 13.65957, 52.97796 ], [ 13.65959, 52.97751 ], [ 13.65946, 52.97739 ], [ 13.65939, 52.97712 ], [ 13.65927, 52.97698 ], [ 13.65736, 52.97632 ], [ 13.6567, 52.97623 ] ] ] } },
{ "type": "Feature", "properties": { "boden": "100 % ziemlich arm, trocken (vermutet) (Z3)" }, "geometry": { "type": "Polygon", "coordinates": [ [ [ 13.65628, 52.97728 ], [ 13.65588, 52.97731 ], [ 13.65564, 52.97742 ], [ 13.6559, 52.97748 ], [ 13.65616, 52.97745 ], [ 13.65639, 52.97732 ], [ 13.65628, 52.97728 ] ] ] } },
{ "type": "Feature", "properties": { "boden": "100 % ziemlich arm, mäßig frisch (Z2)" }, "geometry": { "type": "MultiPolygon", "coordinates": [ [ [ [ 13.63706, 52.97178 ], [ 13.63779, 52.97239 ], [ 13.6383, 52.97318 ], [ 13.63852, 52.97333 ], [ 13.63886, 52.97342 ], [ 13.63936, 52.97342 ], [ 13.64092, 52.9732 ], [ 13.64483, 52.9725 ], [ 13.64732, 52.97214 ], [ 13.64813, 52.9719 ], [ 13.63706, 52.97178 ] ] ], [ [ [ 13.65237, 52.97196 ], [ 13.6525, 52.97214 ], [ 13.6525, 52.97227 ], [ 13.65245, 52.97242 ], [ 13.6521, 52.97276 ], [ 13.65207, 52.9729 ], [ 13.65244, 52.97331 ], [ 13.65228, 52.97386 ], [ 13.65204, 52.97411 ], [ 13.65126, 52.97437 ], [ 13.65091, 52.97455 ], [ 13.65089, 52.9747 ], [ 13.65109, 52.97475 ], [ 13.65179, 52.97475 ], [ 13.65213, 52.97495 ], [ 13.65247, 52.97569 ], [ 13.6529, 52.97589 ], [ 13.65331, 52.97599 ], [ 13.65381, 52.97603 ], [ 13.65366, 52.97611 ], [ 13.65351, 52.97631 ], [ 13.65301, 52.97639 ], [ 13.65277, 52.9765 ], [ 13.65267, 52.97662 ], [ 13.65264, 52.97688 ], [ 13.65229, 52.97729 ], [ 13.65188, 52.97746 ], [ 13.65076, 52.9777 ], [ 13.65068, 52.97777 ], [ 13.65075, 52.97823 ], [ 13.65062, 52.97832 ], [ 13.64809, 52.97895 ], [ 13.64697, 52.97918 ], [ 13.64643, 52.9792 ], [ 13.64163, 52.9789 ], [ 13.63989, 52.97854 ], [ 13.63939, 52.97836 ], [ 13.63932, 52.97825 ], [ 13.63887, 52.97798 ], [ 13.63845, 52.97788 ], [ 13.63812, 52.97789 ], [ 13.63747, 52.97804 ], [ 13.6368, 52.97812 ], [ 13.63645, 52.97828 ], [ 13.63604, 52.97857 ], [ 13.63569, 52.9787 ], [ 13.63518, 52.97881 ], [ 13.63343, 52.97899 ], [ 13.6292, 52.9793 ], [ 13.62873, 52.97914 ], [ 13.62755, 52.97884 ], [ 13.62609, 52.97874 ], [ 13.62391, 52.97896 ], [ 13.62244, 52.97863 ], [ 13.62145, 52.97852 ], [ 13.6209, 52.97831 ], [ 13.62053, 52.97805 ], [ 13.62042, 52.97784 ], [ 13.6206, 52.97761 ], [ 13.62085, 52.97753 ], [ 13.62306, 52.97724 ], [ 13.62401, 52.97701 ], [ 13.6275, 52.97577 ], [ 13.62782, 52.97559 ], [ 13.6282, 52.97528 ], [ 13.62878, 52.97461 ], [ 13.62954, 52.97398 ], [ 13.63007, 52.9737 ], [ 13.63084, 52.97343 ], [ 13.63126, 52.97321 ], [ 13.63168, 52.97283 ], [ 13.63183, 52.97227 ], [ 13.63179, 52.97172 ], [ 13.60456, 52.9714 ], [ 13.60399, 52.97173 ], [ 13.60431, 52.97203 ], [ 13.60452, 52.9726 ], [ 13.60448, 52.9733 ], [ 13.60424, 52.97384 ], [ 13.60401, 52.97406 ], [ 13.6037, 52.97416 ], [ 13.60293, 52.97423 ], [ 13.6011, 52.97392 ], [ 13.59994, 52.97384 ], [ 13.59945, 52.97387 ], [ 13.59889, 52.97396 ], [ 13.59821, 52.9742 ], [ 13.59736, 52.97474 ], [ 13.59766, 52.97486 ], [ 13.59792, 52.97484 ], [ 13.59921, 52.97457 ], [ 13.59966, 52.97453 ], [ 13.60014, 52.97479 ], [ 13.60055, 52.97522 ], [ 13.60079, 52.97542 ], [ 13.60101, 52.97552 ], [ 13.60116, 52.97555 ], [ 13.60256, 52.97537 ], [ 13.60323, 52.97541 ], [ 13.60364, 52.97553 ], [ 13.60419, 52.97597 ], [ 13.60488, 52.97702 ], [ 13.60543, 52.97741 ], [ 13.60752, 52.97712 ], [ 13.60825, 52.9775 ], [ 13.60897, 52.97769 ], [ 13.60929, 52.9777 ], [ 13.61157, 52.97733 ], [ 13.61201, 52.97729 ], [ 13.61319, 52.97732 ], [ 13.61346, 52.97738 ], [ 13.61373, 52.97752 ], [ 13.61383, 52.97772 ], [ 13.61382, 52.97807 ], [ 13.61351, 52.97835 ], [ 13.61263, 52.97876 ], [ 13.61101, 52.97918 ], [ 13.6105, 52.97927 ], [ 13.60914, 52.97929 ], [ 13.60714, 52.97911 ], [ 13.60581, 52.97912 ], [ 13.60405, 52.97932 ], [ 13.60008, 52.97988 ], [ 13.59837, 52.98007 ], [ 13.59695, 52.98014 ], [ 13.5966, 52.98023 ], [ 13.59618, 52.9802 ], [ 13.59587, 52.98034 ], [ 13.59575, 52.98052 ], [ 13.59576, 52.98091 ], [ 13.59583, 52.98107 ], [ 13.59605, 52.9812 ], [ 13.59924, 52.98206 ], [ 13.60027, 52.98226 ], [ 13.60121, 52.9824 ], [ 13.60215, 52.98247 ], [ 13.60336, 52.98253 ], [ 13.60422, 52.98248 ], [ 13.60567, 52.98264 ], [ 13.60604, 52.98281 ], [ 13.60665, 52.98347 ], [ 13.60696, 52.98392 ], [ 13.60742, 52.98421 ], [ 13.60823, 52.9845 ], [ 13.60938, 52.98481 ], [ 13.6099, 52.98476 ], [ 13.61031, 52.98445 ], [ 13.61095, 52.98317 ], [ 13.61123, 52.98291 ], [ 13.61149, 52.98277 ], [ 13.61798, 52.9826 ], [ 13.61868, 52.98245 ], [ 13.6206, 52.98238 ], [ 13.62165, 52.98243 ], [ 13.62462, 52.98198 ], [ 13.6252, 52.98179 ], [ 13.62565, 52.98175 ], [ 13.6262, 52.98177 ], [ 13.62679, 52.98192 ], [ 13.62746, 52.98131 ], [ 13.62803, 52.98099 ], [ 13.62785, 52.98098 ], [ 13.62797, 52.98089 ], [ 13.62811, 52.98064 ], [ 13.62825, 52.98051 ], [ 13.62853, 52.98039 ], [ 13.62883, 52.98041 ], [ 13.62879, 52.98056 ], [ 13.62936, 52.98046 ], [ 13.63224, 52.98054 ], [ 13.63363, 52.98042 ], [ 13.63486, 52.98042 ], [ 13.63752, 52.98066 ], [ 13.641, 52.98061 ], [ 13.64158, 52.98063 ], [ 13.64235, 52.98072 ], [ 13.64671, 52.98031 ], [ 13.64807, 52.98031 ], [ 13.65292, 52.98018 ], [ 13.65421, 52.98046 ], [ 13.65476, 52.98046 ], [ 13.65706, 52.98022 ], [ 13.65716, 52.9802 ], [ 13.65686, 52.98018 ], [ 13.65673, 52.98013 ], [ 13.65667, 52.98005 ], [ 13.65679, 52.97995 ], [ 13.65727, 52.9799 ], [ 13.6583, 52.97995 ], [ 13.65861, 52.98004 ], [ 13.6585, 52.98011 ], [ 13.65901, 52.98011 ], [ 13.6595, 52.98022 ], [ 13.65952, 52.97966 ], [ 13.65944, 52.97961 ], [ 13.65871, 52.97953 ], [ 13.65765, 52.97958 ], [ 13.65719, 52.9795 ], [ 13.65706, 52.9794 ], [ 13.65714, 52.97936 ], [ 13.6586, 52.97919 ], [ 13.65911, 52.97922 ], [ 13.65911, 52.97938 ], [ 13.65953, 52.97945 ], [ 13.65956, 52.9785 ], [ 13.65935, 52.97857 ], [ 13.65868, 52.97865 ], [ 13.65848, 52.97864 ], [ 13.65831, 52.97857 ], [ 13.65875, 52.97835 ], [ 13.65957, 52.97816 ], [ 13.65957, 52.97796 ], [ 13.65946, 52.97801 ], [ 13.65904, 52.97805 ], [ 13.65886, 52.97798 ], [ 13.6589, 52.97762 ], [ 13.6586, 52.97712 ], [ 13.65839, 52.97696 ], [ 13.65775, 52.97684 ], [ 13.65714, 52.97655 ], [ 13.65642, 52.97643 ], [ 13.65622, 52.97634 ], [ 13.65639, 52.97626 ], [ 13.6567, 52.97623 ], [ 13.65736, 52.97632 ], [ 13.65787, 52.97648 ], [ 13.65886, 52.97687 ], [ 13.65927, 52.97698 ], [ 13.65939, 52.97712 ], [ 13.65946, 52.97739 ], [ 13.65959, 52.97751 ], [ 13.65976, 52.97203 ], [ 13.65237, 52.97196 ] ], [ [ 13.65462, 52.97202 ], [ 13.6547, 52.97222 ], [ 13.6546, 52.97237 ], [ 13.6541, 52.97252 ], [ 13.65383, 52.9725 ], [ 13.65442, 52.97204 ], [ 13.65452, 52.972 ], [ 13.65462, 52.97202 ] ], [ [ 13.65356, 52.97235 ], [ 13.65344, 52.97259 ], [ 13.65332, 52.97267 ], [ 13.65305, 52.97272 ], [ 13.65296, 52.97263 ], [ 13.65298, 52.97253 ], [ 13.65315, 52.97238 ], [ 13.65344, 52.97232 ], [ 13.65356, 52.97235 ] ], [ [ 13.65524, 52.97299 ], [ 13.65529, 52.9731 ], [ 13.6552, 52.97331 ], [ 13.65508, 52.97337 ], [ 13.65488, 52.97337 ], [ 13.65475, 52.97327 ], [ 13.65464, 52.97307 ], [ 13.65465, 52.97292 ], [ 13.65493, 52.97287 ], [ 13.65524, 52.97299 ] ], [ [ 13.65603, 52.97637 ], [ 13.65454, 52.97652 ], [ 13.65446, 52.97638 ], [ 13.65453, 52.97622 ], [ 13.65494, 52.97621 ], [ 13.6558, 52.97599 ], [ 13.65593, 52.97601 ], [ 13.65603, 52.97637 ] ], [ [ 13.65639, 52.97732 ], [ 13.65616, 52.97745 ], [ 13.6559, 52.97748 ], [ 13.65564, 52.97742 ], [ 13.656, 52.97729 ], [ 13.65628, 52.97728 ], [ 13.65639, 52.97732 ] ], [ [ 13.65431, 52.97746 ], [ 13.65461, 52.97761 ], [ 13.65465, 52.97777 ], [ 13.65437, 52.9781 ], [ 13.65416, 52.97813 ], [ 13.65391, 52.97809 ], [ 13.65376, 52.97793 ], [ 13.65392, 52.97753 ], [ 13.65387, 52.97737 ], [ 13.65431, 52.97746 ] ], [ [ 13.65204, 52.97805 ], [ 13.65147, 52.978 ], [ 13.65097, 52.97801 ], [ 13.65083, 52.97794 ], [ 13.65121, 52.97778 ], [ 13.65157, 52.97772 ], [ 13.65215, 52.9777 ], [ 13.65226, 52.97776 ], [ 13.65215, 52.978 ], [ 13.65204, 52.97805 ] ], [ [ 13.65663, 52.9784 ], [ 13.65698, 52.97862 ], [ 13.6566, 52.97889 ], [ 13.6559, 52.97915 ], [ 13.65521, 52.9792 ], [ 13.65494, 52.97914 ], [ 13.65501, 52.97904 ], [ 13.65573, 52.97884 ], [ 13.65604, 52.97869 ], [ 13.65605, 52.97859 ], [ 13.6558, 52.97833 ], [ 13.65602, 52.9783 ], [ 13.65663, 52.9784 ] ], [ [ 13.65468, 52.97834 ], [ 13.65464, 52.97843 ], [ 13.65447, 52.9785 ], [ 13.65415, 52.97854 ], [ 13.654, 52.9785 ], [ 13.654, 52.97846 ], [ 13.65438, 52.9783 ], [ 13.65461, 52.9783 ], [ 13.65468, 52.97834 ] ], [ [ 13.65048, 52.9794 ], [ 13.64976, 52.97935 ], [ 13.64842, 52.97937 ], [ 13.64833, 52.97933 ], [ 13.64905, 52.97912 ], [ 13.64979, 52.97901 ], [ 13.65059, 52.9787 ], [ 13.65112, 52.97888 ], [ 13.65149, 52.97895 ], [ 13.65194, 52.97889 ], [ 13.65251, 52.97872 ], [ 13.65287, 52.97878 ], [ 13.6531, 52.9789 ], [ 13.65304, 52.97893 ], [ 13.65287, 52.97889 ], [ 13.65271, 52.97897 ], [ 13.65228, 52.97903 ], [ 13.65057, 52.97911 ], [ 13.65048, 52.9794 ] ], [ [ 13.65541, 52.97946 ], [ 13.65542, 52.97954 ], [ 13.65518, 52.97961 ], [ 13.65443, 52.97967 ], [ 13.65366, 52.97967 ], [ 13.65344, 52.97959 ], [ 13.65357, 52.97954 ], [ 13.65491, 52.97943 ], [ 13.65541, 52.97946 ] ], [ [ 13.62646, 52.9793 ], [ 13.62807, 52.97948 ], [ 13.62854, 52.97972 ], [ 13.62861, 52.97991 ], [ 13.62846, 52.98016 ], [ 13.62788, 52.9806 ], [ 13.62764, 52.98072 ], [ 13.62732, 52.98066 ], [ 13.62721, 52.98059 ], [ 13.62753, 52.98038 ], [ 13.62768, 52.98014 ], [ 13.62755, 52.9798 ], [ 13.62739, 52.97969 ], [ 13.62683, 52.97951 ], [ 13.62568, 52.97936 ], [ 13.62442, 52.97928 ], [ 13.62428, 52.97919 ], [ 13.62646, 52.9793 ] ], [ [ 13.62379, 52.9791 ], [ 13.6239, 52.97925 ], [ 13.62356, 52.97937 ], [ 13.62341, 52.97936 ], [ 13.62315, 52.97926 ], [ 13.62297, 52.9791 ], [ 13.62322, 52.97904 ], [ 13.62356, 52.97904 ], [ 13.62379, 52.9791 ] ], [ [ 13.62372, 52.97954 ], [ 13.6242, 52.97968 ], [ 13.62412, 52.97976 ], [ 13.62394, 52.9798 ], [ 13.62354, 52.97974 ], [ 13.62335, 52.97965 ], [ 13.6234, 52.97959 ], [ 13.62372, 52.97954 ] ], [ [ 13.61289, 52.9795 ], [ 13.61291, 52.97958 ], [ 13.61267, 52.97975 ], [ 13.61253, 52.97979 ], [ 13.61234, 52.97973 ], [ 13.61226, 52.97961 ], [ 13.61233, 52.97951 ], [ 13.61261, 52.97946 ], [ 13.61289, 52.9795 ] ], [ [ 13.62455, 52.97982 ], [ 13.62598, 52.97988 ], [ 13.62604, 52.97995 ], [ 13.62588, 52.98006 ], [ 13.62572, 52.98007 ], [ 13.62517, 52.98002 ], [ 13.62464, 52.97991 ], [ 13.62455, 52.97982 ] ], [ [ 13.60859, 52.98223 ], [ 13.60873, 52.98234 ], [ 13.60844, 52.98245 ], [ 13.6078, 52.98242 ], [ 13.60822, 52.98225 ], [ 13.60737, 52.98222 ], [ 13.60696, 52.98189 ], [ 13.60686, 52.98173 ], [ 13.60684, 52.98159 ], [ 13.60709, 52.98135 ], [ 13.60745, 52.98112 ], [ 13.60807, 52.9809 ], [ 13.60895, 52.98068 ], [ 13.61161, 52.98044 ], [ 13.61251, 52.98026 ], [ 13.61362, 52.97992 ], [ 13.61461, 52.97983 ], [ 13.61502, 52.97993 ], [ 13.61516, 52.98004 ], [ 13.61523, 52.9802 ], [ 13.61517, 52.98058 ], [ 13.61507, 52.98068 ], [ 13.61443, 52.98102 ], [ 13.61259, 52.98181 ], [ 13.61238, 52.98182 ], [ 13.61203, 52.98198 ], [ 13.61174, 52.98193 ], [ 13.61037, 52.98215 ], [ 13.60859, 52.98223 ] ], [ [ 13.62558, 52.98142 ], [ 13.62538, 52.98152 ], [ 13.62423, 52.9818 ], [ 13.62408, 52.9818 ], [ 13.62404, 52.98176 ], [ 13.62417, 52.98163 ], [ 13.62466, 52.98146 ], [ 13.62549, 52.98136 ], [ 13.62558, 52.98142 ] ], [ [ 13.62405, 52.98136 ], [ 13.62399, 52.98148 ], [ 13.62384, 52.98155 ], [ 13.62356, 52.9816 ], [ 13.62322, 52.98156 ], [ 13.62357, 52.98136 ], [ 13.62394, 52.98133 ], [ 13.62405, 52.98136 ] ], [ [ 13.62479, 52.98031 ], [ 13.62518, 52.98043 ], [ 13.62537, 52.98062 ], [ 13.62535, 52.98092 ], [ 13.62507, 52.98105 ], [ 13.62486, 52.98103 ], [ 13.62466, 52.9808 ], [ 13.6243, 52.98061 ], [ 13.6241, 52.9804 ], [ 13.62411, 52.98029 ], [ 13.62418, 52.98026 ], [ 13.62479, 52.98031 ] ], [ [ 13.60456, 52.9822 ], [ 13.60503, 52.9823 ], [ 13.60494, 52.98237 ], [ 13.6047, 52.98239 ], [ 13.60422, 52.98235 ], [ 13.60436, 52.98225 ], [ 13.60456, 52.9822 ] ], [ [ 13.61175, 52.98214 ], [ 13.61136, 52.98236 ], [ 13.61095, 52.98248 ], [ 13.61011, 52.9825 ], [ 13.60974, 52.98248 ], [ 13.60951, 52.98242 ], [ 13.61019, 52.98222 ], [ 13.61109, 52.98219 ], [ 13.61158, 52.98208 ], [ 13.61175, 52.98207 ], [ 13.61175, 52.98214 ] ], [ [ 13.63797, 52.98034 ], [ 13.63801, 52.9804 ], [ 13.63787, 52.98043 ], [ 13.63729, 52.98041 ], [ 13.63718, 52.98038 ], [ 13.63754, 52.98029 ], [ 13.63779, 52.98028 ], [ 13.63797, 52.98034 ] ], [ [ 13.64044, 52.98018 ], [ 13.64119, 52.98023 ], [ 13.64149, 52.98027 ], [ 13.6412, 52.98036 ], [ 13.6407, 52.98038 ], [ 13.63994, 52.98027 ], [ 13.63962, 52.9801 ], [ 13.63976, 52.98007 ], [ 13.64044, 52.98018 ] ], [ [ 13.64694, 52.97973 ], [ 13.6468, 52.9799 ], [ 13.64664, 52.97994 ], [ 13.64567, 52.97998 ], [ 13.64549, 52.97993 ], [ 13.64554, 52.97983 ], [ 13.64571, 52.97974 ], [ 13.64564, 52.9796 ], [ 13.64581, 52.97962 ], [ 13.64609, 52.97954 ], [ 13.64661, 52.97952 ], [ 13.64683, 52.97956 ], [ 13.64694, 52.97973 ] ], [ [ 13.6581, 52.97873 ], [ 13.65819, 52.97878 ], [ 13.65819, 52.97885 ], [ 13.65808, 52.97894 ], [ 13.65783, 52.97901 ], [ 13.65722, 52.97908 ], [ 13.65678, 52.97904 ], [ 13.65675, 52.97898 ], [ 13.65687, 52.97888 ], [ 13.6572, 52.97874 ], [ 13.65766, 52.97869 ], [ 13.6581, 52.97873 ] ], [ [ 13.60811, 52.98303 ], [ 13.60886, 52.98312 ], [ 13.609, 52.98317 ], [ 13.60865, 52.98323 ], [ 13.60771, 52.98319 ], [ 13.60754, 52.98314 ], [ 13.60786, 52.98298 ], [ 13.60798, 52.98297 ], [ 13.60811, 52.98303 ] ], [ [ 13.62609, 52.97407 ], [ 13.62701, 52.97421 ], [ 13.62703, 52.97437 ], [ 13.62692, 52.97448 ], [ 13.62652, 52.97461 ], [ 13.62624, 52.97464 ], [ 13.62615, 52.97459 ], [ 13.62616, 52.97442 ], [ 13.62642, 52.9743 ], [ 13.62601, 52.97426 ], [ 13.62587, 52.97421 ], [ 13.62583, 52.97413 ], [ 13.62609, 52.97407 ] ] ] ] } },
{ "type": "Feature", "properties": { "boden": "100 % ziemlich arm, trocken (vermutet) (Z3)" }, "geometry": { "type": "Polygon", "coordinates": [ [ [ 13.64683, 52.97956 ], [ 13.64661, 52.97952 ], [ 13.64609, 52.97954 ], [ 13.64581, 52.97962 ], [ 13.64564, 52.9796 ], [ 13.64571, 52.97974 ], [ 13.64554, 52.97983 ], [ 13.64549, 52.97993 ], [ 13.64567, 52.97998 ], [ 13.64627, 52.97997 ], [ 13.6468, 52.9799 ], [ 13.64694, 52.97973 ], [ 13.64683, 52.97956 ] ] ] } },
{ "type": "Feature", "properties": { "boden": "100 % ziemlich arm, trocken (vermutet) (Z3)" }, "geometry": { "type": "Polygon", "coordinates": [ [ [ 13.64044, 52.98018 ], [ 13.63966, 52.98008 ], [ 13.63965, 52.98014 ], [ 13.63994, 52.98027 ], [ 13.6407, 52.98038 ], [ 13.6412, 52.98036 ], [ 13.64149, 52.98027 ], [ 13.64044, 52.98018 ] ] ] } },
{ "type": "Feature", "properties": { "boden": "100 % ziemlich arm, trocken (vermutet) (Z3)" }, "geometry": { "type": "Polygon", "coordinates": [ [ [ 13.63779, 52.98028 ], [ 13.63737, 52.98031 ], [ 13.63718, 52.98038 ], [ 13.63755, 52.98043 ], [ 13.63801, 52.9804 ], [ 13.63797, 52.98034 ], [ 13.63779, 52.98028 ] ] ] } },
{ "type": "Feature", "properties": { "boden": "100 % ziemlich arm, mäßig frisch (Z2)" }, "geometry": { "type": "Polygon", "coordinates": [ [ [ 13.6595, 52.98022 ], [ 13.65901, 52.98011 ], [ 13.6585, 52.98011 ], [ 13.65839, 52.98019 ], [ 13.65814, 52.98022 ], [ 13.6577, 52.9802 ], [ 13.65754, 52.98015 ], [ 13.65727, 52.98021 ], [ 13.65476, 52.98046 ], [ 13.65421, 52.98046 ], [ 13.65292, 52.98018 ], [ 13.64807, 52.98031 ], [ 13.64671, 52.98031 ], [ 13.64235, 52.98072 ], [ 13.64158, 52.98063 ], [ 13.641, 52.98061 ], [ 13.63752, 52.98066 ], [ 13.63486, 52.98042 ], [ 13.63363, 52.98042 ], [ 13.63224, 52.98054 ], [ 13.62936, 52.98046 ], [ 13.62882, 52.98054 ], [ 13.62746, 52.98131 ], [ 13.62679, 52.98192 ], [ 13.62832, 52.98228 ], [ 13.62896, 52.98238 ], [ 13.63164, 52.9826 ], [ 13.63178, 52.98266 ], [ 13.63184, 52.98276 ], [ 13.63362, 52.98254 ], [ 13.63416, 52.98254 ], [ 13.63435, 52.98259 ], [ 13.63499, 52.98263 ], [ 13.63662, 52.98313 ], [ 13.63709, 52.98319 ], [ 13.63753, 52.98314 ], [ 13.63768, 52.98309 ], [ 13.63767, 52.98303 ], [ 13.63785, 52.98302 ], [ 13.63837, 52.98273 ], [ 13.6392, 52.98212 ], [ 13.63962, 52.98198 ], [ 13.64696, 52.98135 ], [ 13.64764, 52.98124 ], [ 13.65084, 52.981 ], [ 13.65098, 52.98106 ], [ 13.65123, 52.9813 ], [ 13.65157, 52.98185 ], [ 13.65185, 52.98205 ], [ 13.65242, 52.98231 ], [ 13.65282, 52.98242 ], [ 13.65344, 52.98255 ], [ 13.65382, 52.98255 ], [ 13.6543, 52.98251 ], [ 13.65639, 52.9821 ], [ 13.65835, 52.9815 ], [ 13.65882, 52.98123 ], [ 13.6595, 52.98039 ], [ 13.6595, 52.98022 ] ] ] } },
{ "type": "Feature", "properties": { "boden": "100 % ziemlich arm, mäßig frisch (Z2)" }, "geometry": { "type": "Polygon", "coordinates": [ [ [ 13.63695, 52.98494 ], [ 13.63702, 52.98469 ], [ 13.63718, 52.98457 ], [ 13.63702, 52.98452 ], [ 13.63669, 52.98455 ], [ 13.63639, 52.98476 ], [ 13.63575, 52.98477 ], [ 13.63542, 52.98474 ], [ 13.63489, 52.98451 ], [ 13.63462, 52.98451 ], [ 13.63445, 52.9846 ], [ 13.63401, 52.98471 ], [ 13.63318, 52.98467 ], [ 13.63279, 52.98473 ], [ 13.63257, 52.98485 ], [ 13.63247, 52.9851 ], [ 13.63234, 52.98529 ], [ 13.63219, 52.98538 ], [ 13.63257, 52.98531 ], [ 13.633, 52.98501 ], [ 13.63379, 52.98492 ], [ 13.6344, 52.98477 ], [ 13.63514, 52.9847 ], [ 13.63578, 52.98483 ], [ 13.63632, 52.98488 ], [ 13.63671, 52.98478 ], [ 13.63695, 52.98494 ] ] ] } },
{ "type": "Feature", "properties": { "boden": "100 % ziemlich arm, mäßig frisch (Z2)" }, "geometry": { "type": "Polygon", "coordinates": [ [ [ 13.63779, 52.98494 ], [ 13.63873, 52.98493 ], [ 13.63941, 52.98505 ], [ 13.63981, 52.98565 ], [ 13.63993, 52.98563 ], [ 13.63956, 52.98515 ], [ 13.63956, 52.98499 ], [ 13.63944, 52.98487 ], [ 13.63893, 52.98476 ], [ 13.63838, 52.98474 ], [ 13.63806, 52.9848 ], [ 13.63779, 52.98494 ] ] ] } },
{ "type": "Feature", "properties": { "boden": "100 % ziemlich arm, nass (OZ3)" }, "geometry": { "type": "Polygon", "coordinates": [ [ [ 13.63983, 52.98568 ], [ 13.63941, 52.98505 ], [ 13.63873, 52.98493 ], [ 13.63812, 52.98491 ], [ 13.63757, 52.98496 ], [ 13.63738, 52.98508 ], [ 13.63754, 52.98527 ], [ 13.63882, 52.98543 ], [ 13.63983, 52.98568 ] ] ] } },
{ "type": "Feature", "properties": { "boden": "100 % ziemlich arm, trocken (vermutet) (Z3)" }, "geometry": { "type": "Polygon", "coordinates": [ [ [ 13.63786, 52.98549 ], [ 13.6377, 52.98552 ], [ 13.63766, 52.98557 ], [ 13.63777, 52.98565 ], [ 13.63847, 52.98585 ], [ 13.63871, 52.98587 ], [ 13.63887, 52.98583 ], [ 13.63839, 52.98561 ], [ 13.63786, 52.98549 ] ] ] } },
{ "type": "Feature", "properties": { "boden": "100 % ziemlich arm, trocken (vermutet) (Z3)" }, "geometry": { "type": "Polygon", "coordinates": [ [ [ 13.65387, 52.97737 ], [ 13.65392, 52.97753 ], [ 13.65378, 52.97779 ], [ 13.65378, 52.978 ], [ 13.65391, 52.97809 ], [ 13.65428, 52.97813 ], [ 13.65442, 52.97806 ], [ 13.65465, 52.97777 ], [ 13.65465, 52.97767 ], [ 13.65455, 52.97756 ], [ 13.65431, 52.97746 ], [ 13.65387, 52.97737 ] ] ] } },
{ "type": "Feature", "properties": { "boden": "100 % ziemlich arm, trocken (vermutet) (Z3)" }, "geometry": { "type": "Polygon", "coordinates": [ [ [ 13.65215, 52.978 ], [ 13.65226, 52.97776 ], [ 13.65215, 52.9777 ], [ 13.65157, 52.97772 ], [ 13.65121, 52.97778 ], [ 13.65083, 52.97794 ], [ 13.65097, 52.97801 ], [ 13.65147, 52.978 ], [ 13.65204, 52.97805 ], [ 13.65215, 52.978 ] ] ] } },
{ "type": "Feature", "properties": { "boden": "100 % ziemlich arm, mäßig frisch (Z2)" }, "geometry": { "type": "Polygon", "coordinates": [ [ [ 13.65957, 52.97816 ], [ 13.65875, 52.97835 ], [ 13.65833, 52.97855 ], [ 13.65831, 52.97859 ], [ 13.65868, 52.97865 ], [ 13.65935, 52.97857 ], [ 13.65956, 52.9785 ], [ 13.65957, 52.97816 ] ] ] } },
{ "type": "Feature", "properties": { "boden": "100 % ziemlich arm, mäßig frisch (Z2)" }, "geometry": { "type": "Polygon", "coordinates": [ [ [ 13.65438, 52.9783 ], [ 13.654, 52.97846 ], [ 13.654, 52.9785 ], [ 13.65415, 52.97854 ], [ 13.65447, 52.9785 ], [ 13.65464, 52.97843 ], [ 13.65468, 52.97834 ], [ 13.65461, 52.9783 ], [ 13.65438, 52.9783 ] ] ] } },
{ "type": "Feature", "properties": { "boden": "100 % ziemlich arm, trocken (vermutet) (Z3)" }, "geometry": { "type": "Polygon", "coordinates": [ [ [ 13.65602, 52.9783 ], [ 13.6558, 52.97833 ], [ 13.65605, 52.97859 ], [ 13.65604, 52.97869 ], [ 13.65573, 52.97884 ], [ 13.65501, 52.97904 ], [ 13.65492, 52.97911 ], [ 13.65499, 52.97917 ], [ 13.65552, 52.9792 ], [ 13.6559, 52.97915 ], [ 13.6566, 52.97889 ], [ 13.65695, 52.97868 ], [ 13.65698, 52.97862 ], [ 13.65676, 52.97845 ], [ 13.65602, 52.9783 ] ] ] } },
{ "type": "Feature", "properties": { "boden": "100 % ziemlich arm, mäßig frisch (Z2)" }, "geometry": { "type": "Polygon", "coordinates": [ [ [ 13.6581, 52.97873 ], [ 13.6574, 52.9787 ], [ 13.65702, 52.9788 ], [ 13.65675, 52.97898 ], [ 13.65678, 52.97904 ], [ 13.65722, 52.97908 ], [ 13.6575, 52.97906 ], [ 13.65808, 52.97894 ], [ 13.65819, 52.97885 ], [ 13.65819, 52.97878 ], [ 13.6581, 52.97873 ] ] ] } },
{ "type": "Feature", "properties": { "boden": "100 % ziemlich arm, trocken (vermutet) (Z3)" }, "geometry": { "type": "Polygon", "coordinates": [ [ [ 13.65052, 52.97936 ], [ 13.65057, 52.97911 ], [ 13.65072, 52.97908 ], [ 13.65228, 52.97903 ], [ 13.65271, 52.97897 ], [ 13.65287, 52.97889 ], [ 13.65304, 52.97893 ], [ 13.6531, 52.9789 ], [ 13.65287, 52.97878 ], [ 13.65251, 52.97872 ], [ 13.65194, 52.97889 ], [ 13.65149, 52.97895 ], [ 13.65112, 52.97888 ], [ 13.65059, 52.9787 ], [ 13.64979, 52.97901 ], [ 13.64905, 52.97912 ], [ 13.64878, 52.97922 ], [ 13.64841, 52.9793 ], [ 13.64833, 52.97936 ], [ 13.64976, 52.97935 ], [ 13.65038, 52.97942 ], [ 13.65052, 52.97936 ] ] ] } },
{ "type": "Feature", "properties": { "boden": "100 % ziemlich arm, trocken (vermutet) (Z3)" }, "geometry": { "type": "Polygon", "coordinates": [ [ [ 13.65953, 52.97945 ], [ 13.65909, 52.97935 ], [ 13.65911, 52.97922 ], [ 13.6586, 52.97919 ], [ 13.65714, 52.97936 ], [ 13.65706, 52.9794 ], [ 13.65719, 52.9795 ], [ 13.65765, 52.97958 ], [ 13.65871, 52.97953 ], [ 13.65929, 52.97957 ], [ 13.65952, 52.97966 ], [ 13.65953, 52.97945 ] ] ] } },
{ "type": "Feature", "properties": { "boden": "100 % ziemlich arm, mäßig frisch (Z2)" }, "geometry": { "type": "Polygon", "coordinates": [ [ [ 13.65522, 52.97943 ], [ 13.65357, 52.97954 ], [ 13.65344, 52.97959 ], [ 13.65366, 52.97967 ], [ 13.65399, 52.97968 ], [ 13.65518, 52.97961 ], [ 13.65542, 52.97954 ], [ 13.65544, 52.9795 ], [ 13.65522, 52.97943 ] ] ] } },
{ "type": "Feature", "properties": { "boden": "100 % ziemlich arm, mäßig frisch (Z2)" }, "geometry": { "type": "Polygon", "coordinates": [ [ [ 13.6585, 52.98011 ], [ 13.65861, 52.98004 ], [ 13.6583, 52.97995 ], [ 13.65727, 52.9799 ], [ 13.65679, 52.97995 ], [ 13.65667, 52.98005 ], [ 13.65673, 52.98013 ], [ 13.65686, 52.98018 ], [ 13.65716, 52.9802 ], [ 13.65748, 52.98007 ], [ 13.6583, 52.98011 ], [ 13.6585, 52.98011 ] ] ] } },
{ "type": "Feature", "properties": { "boden": "100 % ziemlich arm, mäßig frisch (Z2)" }, "geometry": { "type": "Polygon", "coordinates": [ [ [ 13.6585, 52.98011 ], [ 13.65748, 52.98007 ], [ 13.65716, 52.9802 ], [ 13.65754, 52.98015 ], [ 13.6577, 52.9802 ], [ 13.65814, 52.98022 ], [ 13.65839, 52.98019 ], [ 13.6585, 52.98011 ] ] ] } },
{ "type": "Feature", "properties": { "boden": "100 % ziemlich arm, mäßig frisch (Z2)" }, "geometry": { "type": "Polygon", "coordinates": [ [ [ 13.65946, 52.98163 ], [ 13.65935, 52.98175 ], [ 13.65946, 52.98178 ], [ 13.65946, 52.98163 ] ] ] } },
{ "type": "Feature", "properties": { "boden": "100 % ziemlich arm, mäßig frisch (Z2)" }, "geometry": { "type": "Polygon", "coordinates": [ [ [ 13.65901, 52.98254 ], [ 13.65944, 52.98232 ], [ 13.65945, 52.98197 ], [ 13.65937, 52.98195 ], [ 13.65916, 52.982 ], [ 13.65908, 52.98212 ], [ 13.65915, 52.98216 ], [ 13.6591, 52.98226 ], [ 13.6589, 52.9824 ], [ 13.65878, 52.98243 ], [ 13.65882, 52.98249 ], [ 13.65901, 52.98254 ] ] ] } },
{ "type": "Feature", "properties": { "boden": "100 % ziemlich arm, mäßig frisch (Z2)" }, "geometry": { "type": "Polygon", "coordinates": [ [ [ 13.65907, 52.98221 ], [ 13.65881, 52.98225 ], [ 13.65874, 52.98236 ], [ 13.65878, 52.98243 ], [ 13.65902, 52.98235 ], [ 13.65914, 52.98213 ], [ 13.65908, 52.98212 ], [ 13.65907, 52.98221 ] ] ] } },
{ "type": "Feature", "properties": { "boden": "100 % ziemlich arm, mäßig frisch (Z2)" }, "geometry": { "type": "Polygon", "coordinates": [ [ [ 13.65857, 52.98284 ], [ 13.65868, 52.98276 ], [ 13.65858, 52.98262 ], [ 13.6584, 52.98258 ], [ 13.65819, 52.98263 ], [ 13.65812, 52.98276 ], [ 13.65795, 52.98272 ], [ 13.65774, 52.98277 ], [ 13.65767, 52.98289 ], [ 13.65774, 52.983 ], [ 13.65824, 52.98272 ], [ 13.65838, 52.98272 ], [ 13.65857, 52.98284 ] ] ] } },
{ "type": "Feature", "properties": { "boden": "100 % ziemlich arm, mäßig frisch (Z2)" }, "geometry": { "type": "Polygon", "coordinates": [ [ [ 13.65857, 52.98284 ], [ 13.65838, 52.98272 ], [ 13.65824, 52.98272 ], [ 13.65775, 52.98301 ], [ 13.65805, 52.98307 ], [ 13.65857, 52.98284 ] ] ] } },
{ "type": "Feature", "properties": { "boden": "100 % mittel, nass (OM3)" }, "geometry": { "type": "Polygon", "coordinates": [ [ [ 13.65847, 52.98347 ], [ 13.65811, 52.98328 ], [ 13.65776, 52.9832 ], [ 13.65618, 52.98426 ], [ 13.6552, 52.98444 ], [ 13.65416, 52.98418 ], [ 13.65312, 52.9841 ], [ 13.6525, 52.98396 ], [ 13.65235, 52.98402 ], [ 13.65224, 52.98429 ], [ 13.65263, 52.98453 ], [ 13.65479, 52.98497 ], [ 13.65527, 52.98494 ], [ 13.65612, 52.98469 ], [ 13.65659, 52.98449 ], [ 13.658, 52.98357 ], [ 13.65847, 52.98347 ] ] ] } },
{ "type": "Feature", "properties": { "boden": "100 % ziemlich arm, trocken (vermutet) (Z3)" }, "geometry": { "type": "Polygon", "coordinates": [ [ [ 13.65831, 52.98368 ], [ 13.65817, 52.9837 ], [ 13.65779, 52.9839 ], [ 13.65732, 52.98436 ], [ 13.65695, 52.9846 ], [ 13.657, 52.98465 ], [ 13.65741, 52.98461 ], [ 13.6577, 52.98448 ], [ 13.65787, 52.98426 ], [ 13.65841, 52.98382 ], [ 13.65843, 52.98377 ], [ 13.65831, 52.98368 ] ] ] } },
{ "type": "Feature", "properties": { "boden": "100 % mittel, nass (OM3)" }, "geometry": { "type": "Polygon", "coordinates": [ [ [ 13.65224, 52.98429 ], [ 13.65235, 52.98402 ], [ 13.6525, 52.98396 ], [ 13.65134, 52.98363 ], [ 13.64978, 52.98351 ], [ 13.64966, 52.98356 ], [ 13.64949, 52.98352 ], [ 13.6494, 52.98345 ], [ 13.64895, 52.98344 ], [ 13.64875, 52.98335 ], [ 13.64762, 52.98347 ], [ 13.64573, 52.98415 ], [ 13.64538, 52.98418 ], [ 13.64406, 52.98402 ], [ 13.64266, 52.9842 ], [ 13.64235, 52.98447 ], [ 13.6418, 52.98467 ], [ 13.64187, 52.98484 ], [ 13.64247, 52.98477 ], [ 13.64343, 52.98435 ], [ 13.6437, 52.98426 ], [ 13.64397, 52.98424 ], [ 13.6445, 52.98429 ], [ 13.64526, 52.98454 ], [ 13.64587, 52.98448 ], [ 13.64793, 52.98397 ], [ 13.64874, 52.98402 ], [ 13.64957, 52.98416 ], [ 13.65022, 52.98434 ], [ 13.65099, 52.9844 ], [ 13.65136, 52.98432 ], [ 13.65166, 52.98435 ], [ 13.65192, 52.98429 ], [ 13.65224, 52.98429 ] ] ] } },
{ "type": "Feature", "properties": { "boden": "100 % ziemlich arm, mäßig frisch (Z2)" }, "geometry": { "type": "Polygon", "coordinates": [ [ [ 13.64187, 52.98484 ], [ 13.6418, 52.98467 ], [ 13.64235, 52.98447 ], [ 13.64266, 52.9842 ], [ 13.64406, 52.98402 ], [ 13.64538, 52.98418 ], [ 13.64573, 52.98415 ], [ 13.64762, 52.98347 ], [ 13.64875, 52.98335 ], [ 13.64895, 52.98344 ], [ 13.6494, 52.98345 ], [ 13.64949, 52.98352 ], [ 13.64966, 52.98356 ], [ 13.64978, 52.98351 ], [ 13.65134, 52.98363 ], [ 13.65312, 52.9841 ], [ 13.65416, 52.98418 ], [ 13.6552, 52.98444 ], [ 13.65618, 52.98426 ], [ 13.65776, 52.9832 ], [ 13.65805, 52.98307 ], [ 13.65774, 52.983 ], [ 13.6573, 52.98344 ], [ 13.65686, 52.98356 ], [ 13.65606, 52.98408 ], [ 13.65563, 52.98423 ], [ 13.6554, 52.98426 ], [ 13.65488, 52.9842 ], [ 13.65395, 52.98388 ], [ 13.65299, 52.98379 ], [ 13.65215, 52.98359 ], [ 13.65164, 52.98354 ], [ 13.65082, 52.98352 ], [ 13.65029, 52.9834 ], [ 13.64929, 52.98329 ], [ 13.64886, 52.98329 ], [ 13.64843, 52.98321 ], [ 13.64748, 52.98338 ], [ 13.64655, 52.98379 ], [ 13.64569, 52.98397 ], [ 13.64519, 52.98397 ], [ 13.64434, 52.98378 ], [ 13.64301, 52.98388 ], [ 13.64266, 52.98398 ], [ 13.6418, 52.98443 ], [ 13.64073, 52.98532 ], [ 13.64076, 52.98547 ], [ 13.6409, 52.98548 ], [ 13.64113, 52.98535 ], [ 13.64183, 52.98492 ], [ 13.64187, 52.98484 ] ] ] } },
{ "type": "Feature", "properties": { "boden": "100 % ziemlich arm, mäßig frisch (Z2)" }, "geometry": { "type": "Polygon", "coordinates": [ [ [ 13.65879, 52.98524 ], [ 13.65843, 52.98472 ], [ 13.65899, 52.98425 ], [ 13.65933, 52.98368 ], [ 13.65891, 52.98351 ], [ 13.65847, 52.98347 ], [ 13.658, 52.98357 ], [ 13.65659, 52.98449 ], [ 13.65612, 52.98469 ], [ 13.65527, 52.98494 ], [ 13.65479, 52.98497 ], [ 13.65544, 52.98521 ], [ 13.65571, 52.98511 ], [ 13.65596, 52.98494 ], [ 13.65616, 52.98489 ], [ 13.65655, 52.98498 ], [ 13.657, 52.98519 ], [ 13.65698, 52.98523 ], [ 13.65669, 52.98535 ], [ 13.65609, 52.9854 ], [ 13.6566, 52.98554 ], [ 13.65857, 52.98551 ], [ 13.65879, 52.98524 ] ], [ [ 13.65843, 52.98377 ], [ 13.65762, 52.98453 ], [ 13.65721, 52.98465 ], [ 13.65695, 52.98462 ], [ 13.65732, 52.98436 ], [ 13.65779, 52.9839 ], [ 13.65817, 52.9837 ], [ 13.65831, 52.98368 ], [ 13.65843, 52.98377 ] ] ] } },
{ "type": "Feature", "properties": { "boden": "70 % ziemlich arm, trocken (vermutet) (Z3) · 30 % mittel, trocken (vermutet) (M3)" }, "geometry": { "type": "Polygon", "coordinates": [ [ [ 13.65549, 52.98523 ], [ 13.65507, 52.98529 ], [ 13.6544, 52.98521 ], [ 13.65354, 52.98502 ], [ 13.65297, 52.98476 ], [ 13.65217, 52.98461 ], [ 13.65055, 52.98455 ], [ 13.64974, 52.9844 ], [ 13.64927, 52.98437 ], [ 13.64892, 52.98426 ], [ 13.64796, 52.98419 ], [ 13.64751, 52.98427 ], [ 13.64657, 52.9846 ], [ 13.64593, 52.98465 ], [ 13.64533, 52.98478 ], [ 13.64491, 52.98477 ], [ 13.64433, 52.98457 ], [ 13.64386, 52.98457 ], [ 13.64318, 52.98482 ], [ 13.64254, 52.98497 ], [ 13.64218, 52.98517 ], [ 13.64227, 52.98525 ], [ 13.6435, 52.98501 ], [ 13.6444, 52.98491 ], [ 13.64624, 52.98489 ], [ 13.64774, 52.98461 ], [ 13.64834, 52.98458 ], [ 13.64927, 52.98465 ], [ 13.65071, 52.98489 ], [ 13.65192, 52.98494 ], [ 13.65207, 52.98521 ], [ 13.65237, 52.98541 ], [ 13.65319, 52.98507 ], [ 13.65469, 52.98546 ], [ 13.65549, 52.98548 ], [ 13.65609, 52.9854 ], [ 13.65549, 52.98523 ] ] ] } },
{ "type": "Feature", "properties": { "boden": "100 % mittel, nass (OM3)" }, "geometry": { "type": "Polygon", "coordinates": [ [ [ 13.65914, 52.98487 ], [ 13.65894, 52.98492 ], [ 13.65886, 52.98504 ], [ 13.65894, 52.98516 ], [ 13.65914, 52.98521 ], [ 13.65934, 52.98516 ], [ 13.65936, 52.98496 ], [ 13.65914, 52.98487 ] ] ] } },
{ "type": "Feature", "properties": { "boden": "100 % ziemlich arm, trocken (vermutet) (Z3)" }, "geometry": { "type": "Polygon", "coordinates": [ [ [ 13.65544, 52.98521 ], [ 13.65609, 52.9854 ], [ 13.65669, 52.98535 ], [ 13.65688, 52.98529 ], [ 13.657, 52.98519 ], [ 13.65655, 52.98498 ], [ 13.65616, 52.98489 ], [ 13.65596, 52.98494 ], [ 13.65571, 52.98511 ], [ 13.65544, 52.98521 ] ] ] } },
{ "type": "Feature", "properties": { "boden": "70 % ziemlich arm, mäßig frisch (Z2) · 30 % mittel, mäßig frisch (M2)" }, "geometry": { "type": "Polygon", "coordinates": [ [ [ 13.6583, 52.98577 ], [ 13.65809, 52.98582 ], [ 13.65801, 52.98594 ], [ 13.6581, 52.98606 ], [ 13.65829, 52.98611 ], [ 13.6585, 52.98606 ], [ 13.65853, 52.98593 ], [ 13.65849, 52.98581 ], [ 13.6583, 52.98577 ] ] ] } },
{ "type": "Feature", "properties": { "boden": "100 % mittel, nass (OM3)" }, "geometry": { "type": "Polygon", "coordinates": [ [ [ 13.65834, 52.98822 ], [ 13.65896, 52.98759 ], [ 13.6593, 52.9867 ], [ 13.65933, 52.98598 ], [ 13.65928, 52.98588 ], [ 13.65935, 52.98515 ], [ 13.65914, 52.98521 ], [ 13.65894, 52.98516 ], [ 13.65886, 52.98504 ], [ 13.65894, 52.98492 ], [ 13.65914, 52.98487 ], [ 13.65936, 52.98496 ], [ 13.65938, 52.98439 ], [ 13.65923, 52.98427 ], [ 13.65915, 52.98398 ], [ 13.65899, 52.98425 ], [ 13.65843, 52.98472 ], [ 13.65879, 52.98524 ], [ 13.65857, 52.98551 ], [ 13.65867, 52.98557 ], [ 13.6587, 52.98569 ], [ 13.65862, 52.98618 ], [ 13.65779, 52.98783 ], [ 13.65765, 52.98838 ], [ 13.65816, 52.98834 ], [ 13.65834, 52.98822 ] ], [ [ 13.65901, 52.98725 ], [ 13.65891, 52.98741 ], [ 13.65875, 52.98745 ], [ 13.65855, 52.9874 ], [ 13.65847, 52.98728 ], [ 13.65855, 52.98716 ], [ 13.65875, 52.98711 ], [ 13.65894, 52.98715 ], [ 13.65901, 52.98725 ] ] ] } },
{ "type": "Feature", "properties": { "boden": "70 % ziemlich arm, mäßig frisch (Z2) · 30 % mittel, mäßig frisch (M2)" }, "geometry": { "type": "Polygon", "coordinates": [ [ [ 13.65767, 52.98675 ], [ 13.65768, 52.98658 ], [ 13.65748, 52.98647 ], [ 13.65731, 52.98646 ], [ 13.6571, 52.98661 ], [ 13.65709, 52.98672 ], [ 13.65724, 52.98685 ], [ 13.65732, 52.98678 ], [ 13.65752, 52.98672 ], [ 13.65767, 52.98675 ] ] ] } },
{ "type": "Feature", "properties": { "boden": "70 % ziemlich arm, mäßig frisch (Z2) · 30 % mittel, mäßig frisch (M2)" }, "geometry": { "type": "Polygon", "coordinates": [ [ [ 13.652, 52.98631 ], [ 13.65125, 52.98674 ], [ 13.6513, 52.98695 ], [ 13.65147, 52.98703 ], [ 13.65161, 52.98704 ], [ 13.65172, 52.98698 ], [ 13.65184, 52.98683 ], [ 13.652, 52.98631 ] ] ] } },
{ "type": "Feature", "properties": { "boden": "70 % ziemlich arm, mäßig frisch (Z2) · 30 % mittel, mäßig frisch (M2)" }, "geometry": { "type": "Polygon", "coordinates": [ [ [ 13.65752, 52.98672 ], [ 13.65732, 52.98678 ], [ 13.65724, 52.98689 ], [ 13.65732, 52.98702 ], [ 13.65752, 52.98707 ], [ 13.65772, 52.98702 ], [ 13.6578, 52.98691 ], [ 13.65771, 52.98677 ], [ 13.65752, 52.98672 ] ] ] } },
{ "type": "Feature", "properties": { "boden": "70 % ziemlich arm, mäßig frisch (Z2) · 30 % mittel, mäßig frisch (M2)" }, "geometry": { "type": "Polygon", "coordinates": [ [ [ 13.64262, 52.99011 ], [ 13.6439, 52.98955 ], [ 13.64419, 52.98952 ], [ 13.64443, 52.98957 ], [ 13.64502, 52.98939 ], [ 13.64532, 52.98925 ], [ 13.64565, 52.98892 ], [ 13.64626, 52.98865 ], [ 13.64658, 52.98866 ], [ 13.64737, 52.98882 ], [ 13.64795, 52.98914 ], [ 13.65075, 52.98905 ], [ 13.65169, 52.98906 ], [ 13.65271, 52.98918 ], [ 13.65338, 52.98913 ], [ 13.65304, 52.9891 ], [ 13.65411, 52.9888 ], [ 13.6545, 52.98875 ], [ 13.65478, 52.98875 ], [ 13.65548, 52.98893 ], [ 13.65668, 52.98846 ], [ 13.65765, 52.98838 ], [ 13.65779, 52.98783 ], [ 13.65862, 52.98618 ], [ 13.65867, 52.98557 ], [ 13.65857, 52.98551 ], [ 13.65838, 52.9855 ], [ 13.6566, 52.98554 ], [ 13.65609, 52.9854 ], [ 13.65549, 52.98548 ], [ 13.65469, 52.98546 ], [ 13.65319, 52.98507 ], [ 13.65237, 52.98541 ], [ 13.65207, 52.98521 ], [ 13.65192, 52.98494 ], [ 13.65071, 52.98489 ], [ 13.64927, 52.98465 ], [ 13.64834, 52.98458 ], [ 13.64774, 52.98461 ], [ 13.64624, 52.98489 ], [ 13.64484, 52.9849 ], [ 13.64396, 52.98495 ], [ 13.64223, 52.98525 ], [ 13.64218, 52.98517 ], [ 13.64233, 52.98505 ], [ 13.64318, 52.98482 ], [ 13.64386, 52.98457 ], [ 13.64433, 52.98457 ], [ 13.64491, 52.98477 ], [ 13.64533, 52.98478 ], [ 13.64593, 52.98465 ], [ 13.64657, 52.9846 ], [ 13.64751, 52.98427 ], [ 13.64796, 52.98419 ], [ 13.64892, 52.98426 ], [ 13.64927, 52.98437 ], [ 13.64974, 52.9844 ], [ 13.65055, 52.98455 ], [ 13.65217, 52.98461 ], [ 13.65297, 52.98476 ], [ 13.65354, 52.98502 ], [ 13.6544, 52.98521 ], [ 13.65507, 52.98529 ], [ 13.65544, 52.98521 ], [ 13.65437, 52.98486 ], [ 13.65263, 52.98453 ], [ 13.65224, 52.98429 ], [ 13.65192, 52.98429 ], [ 13.65166, 52.98435 ], [ 13.65136, 52.98432 ], [ 13.65099, 52.9844 ], [ 13.65022, 52.98434 ], [ 13.64957, 52.98416 ], [ 13.64874, 52.98402 ], [ 13.64793, 52.98397 ], [ 13.64587, 52.98448 ], [ 13.64526, 52.98454 ], [ 13.6445, 52.98429 ], [ 13.6437, 52.98426 ], [ 13.64247, 52.98477 ], [ 13.64187, 52.98484 ], [ 13.64179, 52.98499 ], [ 13.64048, 52.9859 ], [ 13.63947, 52.98685 ], [ 13.63893, 52.98748 ], [ 13.63869, 52.98791 ], [ 13.63861, 52.98848 ], [ 13.63884, 52.98912 ], [ 13.63914, 52.9891 ], [ 13.63931, 52.98915 ], [ 13.63939, 52.9893 ], [ 13.639, 52.98935 ], [ 13.63992, 52.98998 ], [ 13.64048, 52.99013 ], [ 13.64114, 52.99017 ], [ 13.6422, 52.99018 ], [ 13.64262, 52.99011 ] ], [ [ 13.65295, 52.98872 ], [ 13.65257, 52.98865 ], [ 13.65245, 52.98851 ], [ 13.65244, 52.98836 ], [ 13.65265, 52.98822 ], [ 13.6537, 52.98802 ], [ 13.65396, 52.98801 ], [ 13.65448, 52.98809 ], [ 13.65449, 52.98813 ], [ 13.65432, 52.98823 ], [ 13.65381, 52.98839 ], [ 13.65342, 52.98859 ], [ 13.65346, 52.98865 ], [ 13.65337, 52.98876 ], [ 13.65317, 52.98881 ], [ 13.65295, 52.98872 ] ], [ [ 13.6519, 52.9867 ], [ 13.65172, 52.98698 ], [ 13.65161, 52.98704 ], [ 13.65147, 52.98703 ], [ 13.6513, 52.98695 ], [ 13.65125, 52.98674 ], [ 13.65132, 52.98667 ], [ 13.652, 52.98631 ], [ 13.6519, 52.9867 ] ], [ [ 13.65732, 52.98702 ], [ 13.65709, 52.98672 ], [ 13.6571, 52.98661 ], [ 13.65731, 52.98646 ], [ 13.65748, 52.98647 ], [ 13.65768, 52.98658 ], [ 13.65766, 52.98676 ], [ 13.6578, 52.98691 ], [ 13.65772, 52.98702 ], [ 13.65752, 52.98707 ], [ 13.65732, 52.98702 ] ], [ [ 13.65849, 52.98581 ], [ 13.6585, 52.98606 ], [ 13.65829, 52.98611 ], [ 13.6581, 52.98606 ], [ 13.65801, 52.98594 ], [ 13.65809, 52.98582 ], [ 13.6583, 52.98577 ], [ 13.65849, 52.98581 ] ] ] } },
{ "type": "Feature", "properties": { "boden": "100 % mittel, nass (OM3)" }, "geometry": { "type": "Polygon", "coordinates": [ [ [ 13.65875, 52.98711 ], [ 13.65855, 52.98716 ], [ 13.65847, 52.98728 ], [ 13.65855, 52.9874 ], [ 13.65875, 52.98745 ], [ 13.65891, 52.98741 ], [ 13.65901, 52.98725 ], [ 13.65894, 52.98715 ], [ 13.65875, 52.98711 ] ] ] } },
{ "type": "Feature", "properties": { "boden": "70 % ziemlich arm, mäßig frisch (Z2) · 30 % mittel, mäßig frisch (M2)" }, "geometry": { "type": "Polygon", "coordinates": [ [ [ 13.65342, 52.98859 ], [ 13.65432, 52.98823 ], [ 13.65449, 52.98813 ], [ 13.65448, 52.98809 ], [ 13.65396, 52.98801 ], [ 13.65343, 52.98804 ], [ 13.65265, 52.98822 ], [ 13.65244, 52.98836 ], [ 13.65247, 52.98857 ], [ 13.65279, 52.98872 ], [ 13.65295, 52.98872 ], [ 13.65289, 52.98863 ], [ 13.65297, 52.98852 ], [ 13.65318, 52.98846 ], [ 13.65336, 52.98851 ], [ 13.65342, 52.98859 ] ] ] } },
{ "type": "Feature", "properties": { "boden": "70 % ziemlich arm, mäßig frisch (Z2) · 30 % mittel, mäßig frisch (M2)" }, "geometry": { "type": "Polygon", "coordinates": [ [ [ 13.65336, 52.98851 ], [ 13.65318, 52.98846 ], [ 13.65297, 52.98852 ], [ 13.65289, 52.98863 ], [ 13.65295, 52.98872 ], [ 13.65329, 52.98866 ], [ 13.65342, 52.98859 ], [ 13.65336, 52.98851 ] ] ] } },
{ "type": "Feature", "properties": { "boden": "100 % ziemlich arm, mäßig frisch (Z2)" }, "geometry": { "type": "Polygon", "coordinates": [ [ [ 13.6586, 52.9885 ], [ 13.65839, 52.98857 ], [ 13.65831, 52.98868 ], [ 13.65839, 52.98879 ], [ 13.6586, 52.98883 ], [ 13.65882, 52.98878 ], [ 13.65895, 52.98853 ], [ 13.6586, 52.9885 ] ] ] } },
{ "type": "Feature", "properties": { "boden": "70 % ziemlich arm, mäßig frisch (Z2) · 30 % mittel, mäßig frisch (M2)" }, "geometry": { "type": "Polygon", "coordinates": [ [ [ 13.65342, 52.98859 ], [ 13.65305, 52.98873 ], [ 13.65295, 52.98872 ], [ 13.65317, 52.98881 ], [ 13.65337, 52.98876 ], [ 13.65346, 52.98865 ], [ 13.65342, 52.98859 ] ] ] } },
{ "type": "Feature", "properties": { "boden": "70 % ziemlich arm, trocken (vermutet) (Z3) · 30 % mittel, trocken (vermutet) (M3)" }, "geometry": { "type": "Polygon", "coordinates": [ [ [ 13.65419, 52.98901 ], [ 13.65539, 52.98897 ], [ 13.65548, 52.98893 ], [ 13.65478, 52.98875 ], [ 13.6545, 52.98875 ], [ 13.65411, 52.9888 ], [ 13.65304, 52.9891 ], [ 13.65338, 52.98913 ], [ 13.65419, 52.98901 ] ] ] } },
{ "type": "Feature", "properties": { "boden": "100 % ziemlich arm, trocken (vermutet) (Z3)" }, "geometry": { "type": "Polygon", "coordinates": [ [ [ 13.65539, 52.98897 ], [ 13.65419, 52.98901 ], [ 13.65338, 52.98913 ], [ 13.65503, 52.98917 ], [ 13.65573, 52.98934 ], [ 13.6561, 52.98929 ], [ 13.65609, 52.98913 ], [ 13.656, 52.98906 ], [ 13.65548, 52.98893 ], [ 13.65539, 52.98897 ] ] ] } },
{ "type": "Feature", "properties": { "boden": "100 % ziemlich arm, mäßig frisch (Z2)" }, "geometry": { "type": "Polygon", "coordinates": [ [ [ 13.65658, 52.98919 ], [ 13.65667, 52.98931 ], [ 13.65686, 52.98936 ], [ 13.65707, 52.98931 ], [ 13.65715, 52.9892 ], [ 13.65705, 52.98906 ], [ 13.65687, 52.98902 ], [ 13.65666, 52.98907 ], [ 13.65658, 52.98919 ] ] ] } },
{ "type": "Feature", "properties": { "boden": "100 % ziemlich arm, mäßig frisch (Z2)" }, "geometry": { "type": "Polygon", "coordinates": [ [ [ 13.65809, 52.98957 ], [ 13.65818, 52.98956 ], [ 13.65826, 52.98945 ], [ 13.65817, 52.98931 ], [ 13.658, 52.98927 ], [ 13.65794, 52.98928 ], [ 13.65809, 52.98957 ] ] ] } },
{ "type": "Feature", "properties": { "boden": "100 % ziemlich arm, trocken (vermutet) (Z3)" }, "geometry": { "type": "Polygon", "coordinates": [ [ [ 13.65887, 52.98895 ], [ 13.6584, 52.98906 ], [ 13.65835, 52.98918 ], [ 13.6587, 52.98942 ], [ 13.65922, 52.98947 ], [ 13.65923, 52.98896 ], [ 13.65887, 52.98895 ] ] ] } },
{ "type": "Feature", "properties": { "boden": "100 % ziemlich arm, mäßig frisch (Z2)" }, "geometry": { "type": "Polygon", "coordinates": [ [ [ 13.65647, 52.98949 ], [ 13.65638, 52.98959 ], [ 13.65618, 52.98964 ], [ 13.65609, 52.98962 ], [ 13.65571, 52.98984 ], [ 13.65514, 52.9899 ], [ 13.65507, 52.98995 ], [ 13.65543, 52.99009 ], [ 13.65609, 52.98994 ], [ 13.65706, 52.9895 ], [ 13.65787, 52.9893 ], [ 13.65773, 52.98898 ], [ 13.65742, 52.98885 ], [ 13.6571, 52.98885 ], [ 13.6569, 52.9889 ], [ 13.65672, 52.98901 ], [ 13.65666, 52.98907 ], [ 13.65639, 52.98937 ], [ 13.65647, 52.98949 ] ], [ [ 13.65687, 52.98902 ], [ 13.65705, 52.98906 ], [ 13.65715, 52.9892 ], [ 13.65707, 52.98931 ], [ 13.65686, 52.98936 ], [ 13.65667, 52.98931 ], [ 13.65658, 52.98919 ], [ 13.65666, 52.98907 ], [ 13.65687, 52.98902 ] ] ] } },
{ "type": "Feature", "properties": { "boden": "100 % ziemlich arm, mäßig frisch (Z2)" }, "geometry": { "type": "Polygon", "coordinates": [ [ [ 13.65639, 52.98937 ], [ 13.65609, 52.98962 ], [ 13.65618, 52.98964 ], [ 13.65638, 52.98959 ], [ 13.65647, 52.98949 ], [ 13.65639, 52.98937 ] ] ] } },
{ "type": "Feature", "properties": { "boden": "100 % ziemlich arm, mäßig frisch (Z2)" }, "geometry": { "type": "Polygon", "coordinates": [ [ [ 13.65632, 52.98945 ], [ 13.65637, 52.98934 ], [ 13.65619, 52.9893 ], [ 13.65598, 52.98935 ], [ 13.6559, 52.98947 ], [ 13.65565, 52.98943 ], [ 13.65544, 52.98948 ], [ 13.65536, 52.9896 ], [ 13.65545, 52.98972 ], [ 13.65564, 52.98977 ], [ 13.65584, 52.98972 ], [ 13.65599, 52.98959 ], [ 13.65609, 52.98962 ], [ 13.65632, 52.98945 ] ] ] } },
{ "type": "Feature", "properties": { "boden": "100 % ziemlich arm, mäßig frisch (Z2)" }, "geometry": { "type": "Polygon", "coordinates": [ [ [ 13.65217, 52.98963 ], [ 13.65244, 52.98955 ], [ 13.65312, 52.98948 ], [ 13.65398, 52.98972 ], [ 13.65334, 52.98941 ], [ 13.65257, 52.98923 ], [ 13.65204, 52.98919 ], [ 13.65177, 52.98924 ], [ 13.65145, 52.98946 ], [ 13.65136, 52.98975 ], [ 13.65149, 52.98987 ], [ 13.652, 52.98989 ], [ 13.65217, 52.98963 ] ], [ [ 13.65207, 52.9896 ], [ 13.65197, 52.98973 ], [ 13.65181, 52.98977 ], [ 13.65162, 52.98972 ], [ 13.65154, 52.98959 ], [ 13.65161, 52.98948 ], [ 13.65182, 52.98942 ], [ 13.65201, 52.98947 ], [ 13.65207, 52.9896 ] ] ] } },
{ "type": "Feature", "properties": { "boden": "100 % ziemlich arm, mäßig frisch (Z2)" }, "geometry": { "type": "Polygon", "coordinates": [ [ [ 13.65182, 52.98942 ], [ 13.65161, 52.98948 ], [ 13.65154, 52.98959 ], [ 13.65162, 52.98972 ], [ 13.65181, 52.98977 ], [ 13.65197, 52.98973 ], [ 13.65207, 52.9896 ], [ 13.65201, 52.98947 ], [ 13.65182, 52.98942 ] ] ] } },
{ "type": "Feature", "properties": { "boden": "100 % mittel, mäßig frisch (M2)" }, "geometry": { "type": "Polygon", "coordinates": [ [ [ 13.65836, 52.99007 ], [ 13.65809, 52.98957 ], [ 13.65794, 52.98928 ], [ 13.65783, 52.98931 ], [ 13.65812, 52.98997 ], [ 13.65802, 52.99007 ], [ 13.65814, 52.9901 ], [ 13.65836, 52.99007 ] ] ] } },
{ "type": "Feature", "properties": { "boden": "100 % ziemlich arm, mäßig frisch (Z2)" }, "geometry": { "type": "Polygon", "coordinates": [ [ [ 13.6487, 52.99009 ], [ 13.64835, 52.98979 ], [ 13.64815, 52.98971 ], [ 13.64784, 52.98969 ], [ 13.64738, 52.98973 ], [ 13.64712, 52.98981 ], [ 13.64668, 52.99005 ], [ 13.64633, 52.99038 ], [ 13.64754, 52.98988 ], [ 13.64808, 52.98984 ], [ 13.64842, 52.9899 ], [ 13.6487, 52.99009 ] ] ] } },
{ "type": "Feature", "properties": { "boden": "100 % ziemlich arm, mäßig frisch (Z2)" }, "geometry": { "type": "Polygon", "coordinates": [ [ [ 13.65098, 52.99047 ], [ 13.65124, 52.99006 ], [ 13.65131, 52.99003 ], [ 13.65147, 52.99008 ], [ 13.6515, 52.99004 ], [ 13.6514, 52.9899 ], [ 13.65122, 52.98986 ], [ 13.65101, 52.98991 ], [ 13.65093, 52.99003 ], [ 13.65099, 52.99013 ], [ 13.65078, 52.99018 ], [ 13.6507, 52.9903 ], [ 13.65078, 52.99042 ], [ 13.65098, 52.99047 ] ] ] } },
{ "type": "Feature", "properties": { "boden": "100 % ziemlich arm, mäßig frisch (Z2)" }, "geometry": { "type": "Polygon", "coordinates": [ [ [ 13.65147, 52.99007 ], [ 13.65131, 52.99003 ], [ 13.65117, 52.99011 ], [ 13.651, 52.99046 ], [ 13.65118, 52.99042 ], [ 13.65127, 52.99031 ], [ 13.65121, 52.9902 ], [ 13.65142, 52.99015 ], [ 13.65147, 52.99007 ] ] ] } },
{ "type": "Feature", "properties": { "boden": "100 % mittel, mäßig frisch (M2)" }, "geometry": { "type": "Polygon", "coordinates": [ [ [ 13.65765, 52.99023 ], [ 13.65734, 52.99032 ], [ 13.65732, 52.99046 ], [ 13.65741, 52.99058 ], [ 13.6576, 52.99063 ], [ 13.6578, 52.99058 ], [ 13.65789, 52.99048 ], [ 13.65765, 52.99023 ] ] ] } },
{ "type": "Feature", "properties": { "boden": "100 % ziemlich arm, frisch (Z1)" }, "geometry": { "type": "Polygon", "coordinates": [ [ [ 13.57113, 52.97601 ], [ 13.57143, 52.97606 ], [ 13.57171, 52.97597 ], [ 13.57179, 52.97589 ], [ 13.57176, 52.97577 ], [ 13.5716, 52.9757 ], [ 13.57137, 52.97574 ], [ 13.57125, 52.97568 ], [ 13.57106, 52.97569 ], [ 13.57093, 52.97578 ], [ 13.57093, 52.97588 ], [ 13.57113, 52.97601 ] ] ] } },
{ "type": "Feature", "properties": { "boden": "100 % ziemlich arm, trocken (vermutet) (Z3)" }, "geometry": { "type": "Polygon", "coordinates": [ [ [ 13.56689, 52.97586 ], [ 13.56656, 52.97583 ], [ 13.56642, 52.97588 ], [ 13.56637, 52.97597 ], [ 13.56707, 52.97622 ], [ 13.56712, 52.97615 ], [ 13.56705, 52.97598 ], [ 13.56689, 52.97586 ] ] ] } },
{ "type": "Feature", "properties": { "boden": "100 % ziemlich arm, trocken (vermutet) (Z3)" }, "geometry": { "type": "Polygon", "coordinates": [ [ [ 13.56052, 52.97713 ], [ 13.56105, 52.97709 ], [ 13.56164, 52.97689 ], [ 13.56232, 52.97682 ], [ 13.5625, 52.9767 ], [ 13.56254, 52.97657 ], [ 13.56234, 52.9765 ], [ 13.56161, 52.97648 ], [ 13.56063, 52.97656 ], [ 13.56023, 52.97646 ], [ 13.55984, 52.97644 ], [ 13.55983, 52.9765 ], [ 13.56028, 52.97668 ], [ 13.56038, 52.97681 ], [ 13.56012, 52.97686 ], [ 13.55983, 52.9768 ], [ 13.55939, 52.97683 ], [ 13.55937, 52.97697 ], [ 13.55951, 52.97714 ], [ 13.55998, 52.97727 ], [ 13.56052, 52.97713 ] ] ] } },
{ "type": "Feature", "properties": { "boden": "100 % ziemlich arm, mäßig frisch (Z2)" }, "geometry": { "type": "Polygon", "coordinates": [ [ [ 13.56546, 52.97682 ], [ 13.56501, 52.97685 ], [ 13.56454, 52.977 ], [ 13.5644, 52.97712 ], [ 13.56471, 52.97711 ], [ 13.56552, 52.97692 ], [ 13.56559, 52.97685 ], [ 13.56546, 52.97682 ] ] ] } },
{ "type": "Feature", "properties": { "boden": "100 % ziemlich arm, trocken (vermutet) (Z3)" }, "geometry": { "type": "Polygon", "coordinates": [ [ [ 13.60456, 52.9822 ], [ 13.60436, 52.98225 ], [ 13.60422, 52.98235 ], [ 13.6047, 52.98239 ], [ 13.60502, 52.98234 ], [ 13.60495, 52.98225 ], [ 13.60456, 52.9822 ] ] ] } },
{ "type": "Feature", "properties": { "boden": "100 % ziemlich arm, trocken (vermutet) (Z3)" }, "geometry": { "type": "Polygon", "coordinates": [ [ [ 13.60822, 52.98225 ], [ 13.6078, 52.98242 ], [ 13.60844, 52.98245 ], [ 13.60873, 52.98234 ], [ 13.60859, 52.98223 ], [ 13.60822, 52.98225 ] ] ] } },
{ "type": "Feature", "properties": { "boden": "100 % ziemlich arm, mäßig frisch (Z2)" }, "geometry": { "type": "Polygon", "coordinates": [ [ [ 13.60798, 52.98297 ], [ 13.60786, 52.98298 ], [ 13.60754, 52.98314 ], [ 13.60756, 52.98317 ], [ 13.60865, 52.98323 ], [ 13.609, 52.98317 ], [ 13.60886, 52.98312 ], [ 13.60818, 52.98305 ], [ 13.60798, 52.98297 ] ] ] } },
{ "type": "Feature", "properties": { "boden": "100 % mittel, mäßig frisch (M2)" }, "geometry": { "type": "Polygon", "coordinates": [ [ [ 13.60258, 52.98721 ], [ 13.60337, 52.98749 ], [ 13.60442, 52.98763 ], [ 13.60427, 52.98755 ], [ 13.60368, 52.98743 ], [ 13.60346, 52.98729 ], [ 13.60214, 52.98714 ], [ 13.60173, 52.98719 ], [ 13.60258, 52.98721 ] ] ] } },
{ "type": "Feature", "properties": { "boden": "100 % ziemlich arm, nass (OZ3)" }, "geometry": { "type": "Polygon", "coordinates": [ [ [ 13.60538, 52.98837 ], [ 13.60535, 52.98848 ], [ 13.60542, 52.9886 ], [ 13.60563, 52.98866 ], [ 13.60584, 52.98861 ], [ 13.60593, 52.98849 ], [ 13.60586, 52.98836 ], [ 13.60538, 52.98837 ] ] ] } },
{ "type": "Feature", "properties": { "boden": "100 % ziemlich arm, nass (OZ3)" }, "geometry": { "type": "Polygon", "coordinates": [ [ [ 13.60629, 52.98841 ], [ 13.60613, 52.98855 ], [ 13.60621, 52.98867 ], [ 13.60641, 52.98873 ], [ 13.60662, 52.98868 ], [ 13.60671, 52.98856 ], [ 13.60666, 52.98848 ], [ 13.60629, 52.98841 ] ] ] } },
{ "type": "Feature", "properties": { "boden": "100 % mittel, mäßig frisch (M2)" }, "geometry": { "type": "Polygon", "coordinates": [ [ [ 13.5901, 52.98497 ], [ 13.59045, 52.98522 ], [ 13.59054, 52.9851 ], [ 13.59046, 52.98498 ], [ 13.59027, 52.98493 ], [ 13.5901, 52.98497 ] ] ] } },
{ "type": "Feature", "properties": { "boden": "100 % ziemlich arm, frisch (Z1)" }, "geometry": { "type": "Polygon", "coordinates": [ [ [ 13.58432, 52.97867 ], [ 13.58435, 52.97859 ], [ 13.5833, 52.97855 ], [ 13.58303, 52.97845 ], [ 13.58223, 52.97795 ], [ 13.58182, 52.97781 ], [ 13.57733, 52.97726 ], [ 13.57629, 52.97701 ], [ 13.57567, 52.97661 ], [ 13.57504, 52.97633 ], [ 13.57338, 52.97584 ], [ 13.57169, 52.97556 ], [ 13.57099, 52.97557 ], [ 13.5693, 52.9753 ], [ 13.56955, 52.97568 ], [ 13.56992, 52.97603 ], [ 13.57005, 52.97597 ], [ 13.57113, 52.97601 ], [ 13.57093, 52.97588 ], [ 13.57093, 52.97578 ], [ 13.57106, 52.97569 ], [ 13.57125, 52.97568 ], [ 13.57137, 52.97574 ], [ 13.5716, 52.9757 ], [ 13.57176, 52.97577 ], [ 13.57179, 52.97589 ], [ 13.57171, 52.97597 ], [ 13.57143, 52.97606 ], [ 13.57182, 52.9762 ], [ 13.57388, 52.97656 ], [ 13.57425, 52.97676 ], [ 13.5761, 52.97751 ], [ 13.57991, 52.97778 ], [ 13.58021, 52.97833 ], [ 13.581, 52.97835 ], [ 13.58152, 52.97863 ], [ 13.58313, 52.97914 ], [ 13.58442, 52.97884 ], [ 13.58432, 52.97867 ] ] ] } },
{ "type": "Feature", "properties": { "boden": "100 % ziemlich arm, frisch (Z1)" }, "geometry": { "type": "Polygon", "coordinates": [ [ [ 13.58489, 52.97868 ], [ 13.58482, 52.97854 ], [ 13.58435, 52.97859 ], [ 13.58432, 52.97867 ], [ 13.58442, 52.97884 ], [ 13.58484, 52.97881 ], [ 13.58489, 52.97868 ] ] ] } },
{ "type": "Feature", "properties": { "boden": "100 % kräftig, nass (OK3)" }, "geometry": { "type": "Polygon", "coordinates": [ [ [ 13.58215, 52.98007 ], [ 13.581, 52.97835 ], [ 13.58021, 52.97833 ], [ 13.5803, 52.9785 ], [ 13.58055, 52.97858 ], [ 13.58134, 52.97994 ], [ 13.58148, 52.98003 ], [ 13.58197, 52.9801 ], [ 13.58215, 52.98007 ] ] ] } },
{ "type": "Feature", "properties": { "boden": "100 % kräftig, nass (OK3)" }, "geometry": { "type": "Polygon", "coordinates": [ [ [ 13.58214, 52.98008 ], [ 13.58197, 52.9801 ], [ 13.58148, 52.98003 ], [ 13.58134, 52.97994 ], [ 13.58055, 52.97858 ], [ 13.5803, 52.9785 ], [ 13.5812, 52.98006 ], [ 13.58174, 52.98021 ], [ 13.58221, 52.98017 ], [ 13.58214, 52.98008 ] ] ] } },
{ "type": "Feature", "properties": { "boden": "100 % ziemlich arm, frisch (Z1)" }, "geometry": { "type": "Polygon", "coordinates": [ [ [ 13.58554, 52.97959 ], [ 13.58514, 52.97957 ], [ 13.58495, 52.9796 ], [ 13.5849, 52.97973 ], [ 13.58497, 52.97985 ], [ 13.58518, 52.97991 ], [ 13.58539, 52.97986 ], [ 13.58555, 52.97973 ], [ 13.58554, 52.97959 ] ] ] } },
{ "type": "Feature", "properties": { "boden": "100 % ziemlich arm, frisch (Z1)" }, "geometry": { "type": "Polygon", "coordinates": [ [ [ 13.58422, 52.97974 ], [ 13.58417, 52.97988 ], [ 13.58424, 52.98 ], [ 13.58445, 52.98006 ], [ 13.58466, 52.98001 ], [ 13.58474, 52.97989 ], [ 13.58466, 52.97977 ], [ 13.5845, 52.97968 ], [ 13.58422, 52.97974 ] ] ] } },
{ "type": "Feature", "properties": { "boden": "100 % ziemlich arm, frisch (Z1)" }, "geometry": { "type": "Polygon", "coordinates": [ [ [ 13.58352, 52.97988 ], [ 13.58348, 52.97998 ], [ 13.58355, 52.9801 ], [ 13.58376, 52.98016 ], [ 13.58397, 52.98011 ], [ 13.58406, 52.97999 ], [ 13.58386, 52.97981 ], [ 13.58352, 52.97988 ] ] ] } },
{ "type": "Feature", "properties": { "boden": "100 % ziemlich arm, frisch (Z1)" }, "geometry": { "type": "Polygon", "coordinates": [ [ [ 13.58428, 52.98211 ], [ 13.58421, 52.98198 ], [ 13.58428, 52.98188 ], [ 13.58451, 52.98182 ], [ 13.58484, 52.98187 ], [ 13.58508, 52.98181 ], [ 13.58523, 52.98159 ], [ 13.58598, 52.98151 ], [ 13.58687, 52.98015 ], [ 13.58718, 52.97949 ], [ 13.58719, 52.97917 ], [ 13.58685, 52.97862 ], [ 13.58609, 52.97846 ], [ 13.58559, 52.97843 ], [ 13.58482, 52.97854 ], [ 13.58489, 52.97868 ], [ 13.58484, 52.97881 ], [ 13.58566, 52.97879 ], [ 13.58606, 52.979 ], [ 13.58629, 52.97925 ], [ 13.58633, 52.97991 ], [ 13.58618, 52.9809 ], [ 13.58594, 52.98094 ], [ 13.58551, 52.98087 ], [ 13.58559, 52.98017 ], [ 13.58555, 52.97973 ], [ 13.58539, 52.97986 ], [ 13.58518, 52.97991 ], [ 13.58497, 52.97985 ], [ 13.5849, 52.97973 ], [ 13.58495, 52.9796 ], [ 13.5845, 52.97968 ], [ 13.58466, 52.97977 ], [ 13.58474, 52.97989 ], [ 13.58466, 52.98001 ], [ 13.58445, 52.98006 ], [ 13.58424, 52.98 ], [ 13.58417, 52.97988 ], [ 13.58422, 52.97974 ], [ 13.58386, 52.97981 ], [ 13.58406, 52.97999 ], [ 13.58397, 52.98011 ], [ 13.58376, 52.98016 ], [ 13.58355, 52.9801 ], [ 13.58348, 52.97998 ], [ 13.58352, 52.97988 ], [ 13.58287, 52.98004 ], [ 13.5823, 52.98033 ], [ 13.58214, 52.98029 ], [ 13.57968, 52.9803 ], [ 13.57886, 52.98013 ], [ 13.5789, 52.98038 ], [ 13.57909, 52.98061 ], [ 13.57929, 52.98072 ], [ 13.57986, 52.98082 ], [ 13.58047, 52.98086 ], [ 13.58228, 52.98071 ], [ 13.58258, 52.98073 ], [ 13.58322, 52.98088 ], [ 13.58345, 52.98114 ], [ 13.58355, 52.98153 ], [ 13.58331, 52.98181 ], [ 13.58358, 52.98221 ], [ 13.5841, 52.98225 ], [ 13.58448, 52.98217 ], [ 13.58428, 52.98211 ] ], [ [ 13.58409, 52.98056 ], [ 13.584, 52.98068 ], [ 13.58379, 52.98073 ], [ 13.58359, 52.98068 ], [ 13.58351, 52.98055 ], [ 13.58359, 52.98045 ], [ 13.58382, 52.98039 ], [ 13.584, 52.98044 ], [ 13.58409, 52.98056 ] ] ] } },
{ "type": "Feature", "properties": { "boden": "100 % ziemlich arm, frisch (Z1)" }, "geometry": { "type": "Polygon", "coordinates": [ [ [ 13.58382, 52.98039 ], [ 13.58359, 52.98045 ], [ 13.58351, 52.98055 ], [ 13.58359, 52.98068 ], [ 13.58379, 52.98073 ], [ 13.584, 52.98068 ], [ 13.58409, 52.98056 ], [ 13.584, 52.98044 ], [ 13.58382, 52.98039 ] ] ] } },
{ "type": "Feature", "properties": { "boden": "100 % ziemlich arm, mäßig frisch (Z2)" }, "geometry": { "type": "Polygon", "coordinates": [ [ [ 13.5694, 52.97685 ], [ 13.56907, 52.97686 ], [ 13.56896, 52.977 ], [ 13.56907, 52.97711 ], [ 13.56961, 52.97727 ], [ 13.56992, 52.97722 ], [ 13.56997, 52.97714 ], [ 13.56993, 52.97702 ], [ 13.5694, 52.97685 ] ] ] } },
{ "type": "Feature", "properties": { "boden": "100 % ziemlich arm, mäßig frisch (Z2)" }, "geometry": { "type": "Polygon", "coordinates": [ [ [ 13.56899, 52.97656 ], [ 13.56861, 52.97669 ], [ 13.56756, 52.97693 ], [ 13.56694, 52.97719 ], [ 13.56642, 52.9773 ], [ 13.56612, 52.97747 ], [ 13.5662, 52.97752 ], [ 13.56636, 52.97752 ], [ 13.56685, 52.97734 ], [ 13.56773, 52.9771 ], [ 13.56868, 52.97678 ], [ 13.56897, 52.97664 ], [ 13.56899, 52.97656 ] ] ] } },
{ "type": "Feature", "properties": { "boden": "100 % ziemlich arm, mäßig frisch (Z2)" }, "geometry": { "type": "Polygon", "coordinates": [ [ [ 13.56193, 52.97723 ], [ 13.5604, 52.97741 ], [ 13.55976, 52.97755 ], [ 13.55964, 52.97761 ], [ 13.55965, 52.97765 ], [ 13.56018, 52.97775 ], [ 13.56102, 52.97768 ], [ 13.56167, 52.97755 ], [ 13.56206, 52.97742 ], [ 13.56219, 52.97731 ], [ 13.56208, 52.97724 ], [ 13.56193, 52.97723 ] ] ] } },
{ "type": "Feature", "properties": { "boden": "100 % ziemlich arm, nass (OZ3)" }, "geometry": { "type": "Polygon", "coordinates": [ [ [ 13.57405, 52.9801 ], [ 13.57413, 52.9795 ], [ 13.57462, 52.97934 ], [ 13.57447, 52.97893 ], [ 13.57433, 52.97881 ], [ 13.57433, 52.97872 ], [ 13.57443, 52.97861 ], [ 13.57505, 52.9783 ], [ 13.57515, 52.97758 ], [ 13.5754, 52.97765 ], [ 13.57604, 52.97772 ], [ 13.5761, 52.97751 ], [ 13.57425, 52.97676 ], [ 13.57388, 52.97656 ], [ 13.5736, 52.97649 ], [ 13.57182, 52.9762 ], [ 13.57132, 52.97602 ], [ 13.57005, 52.97597 ], [ 13.56992, 52.97603 ], [ 13.56955, 52.97568 ], [ 13.5693, 52.9753 ], [ 13.56848, 52.97517 ], [ 13.56798, 52.97533 ], [ 13.56772, 52.97548 ], [ 13.56758, 52.97583 ], [ 13.56792, 52.97621 ], [ 13.56843, 52.97589 ], [ 13.56874, 52.97582 ], [ 13.56908, 52.97587 ], [ 13.56938, 52.97597 ], [ 13.56948, 52.97607 ], [ 13.56945, 52.97633 ], [ 13.56996, 52.97694 ], [ 13.57056, 52.97715 ], [ 13.57064, 52.97725 ], [ 13.57083, 52.97767 ], [ 13.57081, 52.97825 ], [ 13.57146, 52.97925 ], [ 13.57303, 52.97986 ], [ 13.57374, 52.98026 ], [ 13.57405, 52.9801 ] ] ] } },
{ "type": "Feature", "properties": { "boden": "100 % ziemlich arm, mäßig frisch (Z2)" }, "geometry": { "type": "Polygon", "coordinates": [ [ [ 13.56598, 52.97764 ], [ 13.56569, 52.97769 ], [ 13.56486, 52.97815 ], [ 13.5645, 52.97827 ], [ 13.56496, 52.97829 ], [ 13.56564, 52.97789 ], [ 13.56598, 52.97764 ] ] ] } },
{ "type": "Feature", "properties": { "boden": "100 % ziemlich arm, mäßig frisch (Z2)" }, "geometry": { "type": "Polygon", "coordinates": [ [ [ 13.57066, 52.97834 ], [ 13.57047, 52.97835 ], [ 13.57034, 52.97844 ], [ 13.57034, 52.97855 ], [ 13.57043, 52.97863 ], [ 13.57059, 52.97866 ], [ 13.57077, 52.97862 ], [ 13.57085, 52.97853 ], [ 13.57078, 52.9784 ], [ 13.57066, 52.97834 ] ] ] } },
{ "type": "Feature", "properties": { "boden": "100 % ziemlich arm, mäßig frisch (Z2)" }, "geometry": { "type": "Polygon", "coordinates": [ [ [ 13.57112, 52.97873 ], [ 13.57079, 52.97871 ], [ 13.57066, 52.9788 ], [ 13.57065, 52.9789 ], [ 13.57075, 52.97898 ], [ 13.5709, 52.97902 ], [ 13.57109, 52.97897 ], [ 13.57122, 52.97888 ], [ 13.57112, 52.97873 ] ] ] } },
{ "type": "Feature", "properties": { "boden": "100 % ziemlich arm, trocken (vermutet) (Z3)" }, "geometry": { "type": "Polygon", "coordinates": [ [ [ 13.56816, 52.97917 ], [ 13.56788, 52.97893 ], [ 13.56743, 52.97881 ], [ 13.56722, 52.97881 ], [ 13.56704, 52.97895 ], [ 13.56711, 52.97915 ], [ 13.56806, 52.97923 ], [ 13.56822, 52.9793 ], [ 13.56833, 52.97944 ], [ 13.56847, 52.97946 ], [ 13.56854, 52.97941 ], [ 13.56853, 52.97929 ], [ 13.56816, 52.97917 ] ] ] } },
{ "type": "Feature", "properties": { "boden": "100 % ziemlich arm, trocken (vermutet) (Z3)" }, "geometry": { "type": "Polygon", "coordinates": [ [ [ 13.56793, 52.97961 ], [ 13.56736, 52.97954 ], [ 13.56719, 52.9796 ], [ 13.5672, 52.97976 ], [ 13.56729, 52.97979 ], [ 13.56793, 52.97961 ] ] ] } },
{ "type": "Feature", "properties": { "boden": "100 % ziemlich arm, mäßig frisch (Z2)" }, "geometry": { "type": "Polygon", "coordinates": [ [ [ 13.56819, 52.97978 ], [ 13.56722, 52.98002 ], [ 13.56688, 52.98006 ], [ 13.56757, 52.98008 ], [ 13.56842, 52.9799 ], [ 13.56836, 52.97982 ], [ 13.56819, 52.97978 ] ] ] } },
{ "type": "Feature", "properties": { "boden": "100 % ziemlich arm, frisch (Z1)" }, "geometry": { "type": "Polygon", "coordinates": [ [ [ 13.57893, 52.97962 ], [ 13.57737, 52.97939 ], [ 13.57708, 52.97949 ], [ 13.57613, 52.97961 ], [ 13.57551, 52.97955 ], [ 13.57488, 52.97962 ], [ 13.5746, 52.98008 ], [ 13.57405, 52.9801 ], [ 13.57374, 52.98026 ], [ 13.57303, 52.97986 ], [ 13.57146, 52.97925 ], [ 13.57176, 52.97973 ], [ 13.5725, 52.98036 ], [ 13.57313, 52.98068 ], [ 13.5735, 52.98076 ], [ 13.57402, 52.98075 ], [ 13.57555, 52.9806 ], [ 13.57623, 52.9804 ], [ 13.57721, 52.97993 ], [ 13.57804, 52.97973 ], [ 13.57891, 52.97971 ], [ 13.57893, 52.97962 ] ] ] } },
{ "type": "Feature", "properties": { "boden": "100 % ziemlich arm, trocken (vermutet) (Z3)" }, "geometry": { "type": "Polygon", "coordinates": [ [ [ 13.56575, 52.97986 ], [ 13.56553, 52.97989 ], [ 13.56536, 52.98002 ], [ 13.56549, 52.98012 ], [ 13.56591, 52.98027 ], [ 13.56605, 52.98018 ], [ 13.56603, 52.98009 ], [ 13.56594, 52.97996 ], [ 13.56575, 52.97986 ] ] ] } },
{ "type": "Feature", "properties": { "boden": "100 % ziemlich arm, trocken (vermutet) (Z3)" }, "geometry": { "type": "Polygon", "coordinates": [ [ [ 13.56375, 52.97975 ], [ 13.56364, 52.97979 ], [ 13.56354, 52.97995 ], [ 13.56331, 52.98012 ], [ 13.56329, 52.98023 ], [ 13.56387, 52.98037 ], [ 13.56415, 52.98037 ], [ 13.56426, 52.98019 ], [ 13.56444, 52.98011 ], [ 13.56401, 52.97981 ], [ 13.56375, 52.97975 ] ] ] } },
{ "type": "Feature", "properties": { "boden": "100 % mittel, mäßig frisch (M2)" }, "geometry": { "type": "Polygon", "coordinates": [ [ [ 13.56342, 52.98322 ], [ 13.56358, 52.98311 ], [ 13.56321, 52.98304 ], [ 13.56265, 52.98308 ], [ 13.56228, 52.9832 ], [ 13.5624, 52.98329 ], [ 13.56342, 52.98322 ] ] ] } },
{ "type": "Feature", "properties": { "boden": "100 % mittel, mäßig frisch (M2)" }, "geometry": { "type": "Polygon", "coordinates": [ [ [ 13.5755, 52.98342 ], [ 13.57592, 52.98356 ], [ 13.57569, 52.98344 ], [ 13.57566, 52.98337 ], [ 13.5755, 52.98331 ], [ 13.57499, 52.98331 ], [ 13.57484, 52.98335 ], [ 13.57484, 52.98341 ], [ 13.5755, 52.98342 ] ] ] } },
{ "type": "Feature", "properties": { "boden": "100 % mittel, mäßig frisch (M2)" }, "geometry": { "type": "Polygon", "coordinates": [ [ [ 13.57364, 52.98335 ], [ 13.57345, 52.98336 ], [ 13.57332, 52.98345 ], [ 13.57331, 52.98355 ], [ 13.57341, 52.98363 ], [ 13.57356, 52.98366 ], [ 13.57375, 52.98362 ], [ 13.57383, 52.98353 ], [ 13.5738, 52.98342 ], [ 13.57364, 52.98335 ] ] ] } },
{ "type": "Feature", "properties": { "boden": "100 % mittel, mäßig frisch (M2)" }, "geometry": { "type": "Polygon", "coordinates": [ [ [ 13.57341, 52.98419 ], [ 13.5736, 52.98424 ], [ 13.57378, 52.9842 ], [ 13.57386, 52.98411 ], [ 13.57383, 52.984 ], [ 13.57367, 52.98392 ], [ 13.57348, 52.98394 ], [ 13.57337, 52.98401 ], [ 13.57326, 52.98396 ], [ 13.57306, 52.98398 ], [ 13.57293, 52.98407 ], [ 13.57293, 52.98417 ], [ 13.57302, 52.98425 ], [ 13.57318, 52.98428 ], [ 13.57341, 52.98419 ] ] ] } },
{ "type": "Feature", "properties": { "boden": "100 % ziemlich arm, frisch (Z1)" }, "geometry": { "type": "Polygon", "coordinates": [ [ [ 13.56622, 52.98372 ], [ 13.56691, 52.98454 ], [ 13.5662, 52.98473 ], [ 13.56669, 52.9849 ], [ 13.56685, 52.98487 ], [ 13.56719, 52.98467 ], [ 13.56726, 52.9844 ], [ 13.56701, 52.98407 ], [ 13.56626, 52.98342 ], [ 13.56607, 52.9833 ], [ 13.56578, 52.98326 ], [ 13.56557, 52.98331 ], [ 13.56544, 52.98342 ], [ 13.56622, 52.98372 ] ] ] } },
{ "type": "Feature", "properties": { "boden": "100 % mittel, nass (OM3)" }, "geometry": { "type": "Polygon", "coordinates": [ [ [ 13.5595, 52.98494 ], [ 13.55925, 52.98467 ], [ 13.5592, 52.98449 ], [ 13.55946, 52.98426 ], [ 13.56, 52.98405 ], [ 13.56069, 52.98392 ], [ 13.56134, 52.98389 ], [ 13.56232, 52.98374 ], [ 13.56433, 52.9837 ], [ 13.56462, 52.9837 ], [ 13.56493, 52.98377 ], [ 13.56531, 52.98396 ], [ 13.56545, 52.98415 ], [ 13.56548, 52.98457 ], [ 13.56542, 52.98472 ], [ 13.56515, 52.98492 ], [ 13.56601, 52.98513 ], [ 13.56612, 52.9848 ], [ 13.5662, 52.98473 ], [ 13.56691, 52.98454 ], [ 13.56622, 52.98372 ], [ 13.56544, 52.98342 ], [ 13.56457, 52.98359 ], [ 13.56333, 52.98326 ], [ 13.56087, 52.98333 ], [ 13.5605, 52.98365 ], [ 13.56014, 52.98378 ], [ 13.55897, 52.98373 ], [ 13.55813, 52.98427 ], [ 13.55843, 52.98484 ], [ 13.55874, 52.98494 ], [ 13.55907, 52.98515 ], [ 13.55918, 52.9852 ], [ 13.5594, 52.9852 ], [ 13.55987, 52.98514 ], [ 13.5595, 52.98494 ] ] ] } },
{ "type": "Feature", "properties": { "boden": "100 % mittel, mäßig frisch (M2)" }, "geometry": { "type": "Polygon", "coordinates": [ [ [ 13.56963, 52.98432 ], [ 13.56943, 52.98433 ], [ 13.5693, 52.98442 ], [ 13.5693, 52.98453 ], [ 13.5694, 52.98461 ], [ 13.56955, 52.98464 ], [ 13.56974, 52.98459 ], [ 13.56982, 52.98451 ], [ 13.56979, 52.9844 ], [ 13.56963, 52.98432 ] ] ] } },
{ "type": "Feature", "properties": { "boden": "100 % mittel, mäßig frisch (M2)" }, "geometry": { "type": "Polygon", "coordinates": [ [ [ 13.58598, 52.98151 ], [ 13.58622, 52.98149 ], [ 13.58643, 52.9816 ], [ 13.58661, 52.98144 ], [ 13.58652, 52.98132 ], [ 13.58634, 52.98127 ], [ 13.58612, 52.98127 ], [ 13.58598, 52.98151 ] ] ] } },
{ "type": "Feature", "properties": { "boden": "100 % mittel, mäßig frisch (M2)" }, "geometry": { "type": "Polygon", "coordinates": [ [ [ 13.58731, 52.98185 ], [ 13.58736, 52.98171 ], [ 13.58728, 52.98158 ], [ 13.58709, 52.98153 ], [ 13.58686, 52.98159 ], [ 13.58679, 52.9817 ], [ 13.58684, 52.98183 ], [ 13.58731, 52.98185 ] ] ] } },
{ "type": "Feature", "properties": { "boden": "100 % mittel, mäßig frisch (M2)" }, "geometry": { "type": "Polygon", "coordinates": [ [ [ 13.58485, 52.98213 ], [ 13.58505, 52.98216 ], [ 13.58525, 52.98211 ], [ 13.58534, 52.98198 ], [ 13.58525, 52.98186 ], [ 13.58508, 52.98181 ], [ 13.58485, 52.98213 ] ] ] } },
{ "type": "Feature", "properties": { "boden": "100 % ziemlich arm, frisch (Z1)" }, "geometry": { "type": "Polygon", "coordinates": [ [ [ 13.58508, 52.98181 ], [ 13.58469, 52.98187 ], [ 13.58451, 52.98182 ], [ 13.58428, 52.98188 ], [ 13.58421, 52.98198 ], [ 13.58428, 52.98211 ], [ 13.58448, 52.98217 ], [ 13.58485, 52.98213 ], [ 13.58508, 52.98181 ] ] ] } },
{ "type": "Feature", "properties": { "boden": "100 % mittel, mäßig frisch (M2)" }, "geometry": { "type": "Polygon", "coordinates": [ [ [ 13.58788, 52.98235 ], [ 13.58813, 52.98242 ], [ 13.58833, 52.98237 ], [ 13.58842, 52.98225 ], [ 13.58833, 52.98213 ], [ 13.58815, 52.98208 ], [ 13.58799, 52.98209 ], [ 13.58788, 52.98235 ] ] ] } },
{ "type": "Feature", "properties": { "boden": "100 % mittel, mäßig frisch (M2)" }, "geometry": { "type": "Polygon", "coordinates": [ [ [ 13.58518, 52.98229 ], [ 13.585, 52.98235 ], [ 13.58493, 52.98246 ], [ 13.585, 52.98258 ], [ 13.58521, 52.98264 ], [ 13.58541, 52.98259 ], [ 13.58554, 52.98247 ], [ 13.58518, 52.98229 ] ] ] } },
{ "type": "Feature", "properties": { "boden": "100 % mittel, mäßig frisch (M2)" }, "geometry": { "type": "Polygon", "coordinates": [ [ [ 13.59084, 52.98534 ], [ 13.59049, 52.9853 ], [ 13.59043, 52.98523 ], [ 13.59025, 52.98527 ], [ 13.59004, 52.98521 ], [ 13.58997, 52.98509 ], [ 13.5901, 52.98497 ], [ 13.58878, 52.98464 ], [ 13.58802, 52.98426 ], [ 13.58904, 52.98306 ], [ 13.58833, 52.98282 ], [ 13.58783, 52.98247 ], [ 13.58805, 52.98193 ], [ 13.58775, 52.98187 ], [ 13.58684, 52.98183 ], [ 13.58622, 52.98149 ], [ 13.58523, 52.98159 ], [ 13.58508, 52.98181 ], [ 13.58525, 52.98186 ], [ 13.58534, 52.98198 ], [ 13.58525, 52.98211 ], [ 13.58505, 52.98216 ], [ 13.58485, 52.98213 ], [ 13.58593, 52.98266 ], [ 13.5856, 52.98269 ], [ 13.58663, 52.98311 ], [ 13.58742, 52.98359 ], [ 13.58772, 52.98393 ], [ 13.58762, 52.98425 ], [ 13.58788, 52.98458 ], [ 13.5887, 52.98491 ], [ 13.58896, 52.98491 ], [ 13.58925, 52.98502 ], [ 13.58941, 52.98517 ], [ 13.58923, 52.98545 ], [ 13.59095, 52.98546 ], [ 13.59084, 52.98534 ] ] ] } },
{ "type": "Feature", "properties": { "boden": "100 % ziemlich arm, frisch (Z1)" }, "geometry": { "type": "Polygon", "coordinates": [ [ [ 13.58129, 52.98277 ], [ 13.57987, 52.98289 ], [ 13.57971, 52.98297 ], [ 13.5792, 52.98297 ], [ 13.57895, 52.98303 ], [ 13.57868, 52.98339 ], [ 13.57882, 52.98368 ], [ 13.57869, 52.98383 ], [ 13.57853, 52.98384 ], [ 13.57669, 52.98357 ], [ 13.57613, 52.98363 ], [ 13.57847, 52.98399 ], [ 13.57911, 52.98398 ], [ 13.57927, 52.98342 ], [ 13.57943, 52.98331 ], [ 13.5798, 52.98311 ], [ 13.58102, 52.98311 ], [ 13.58129, 52.98277 ] ] ] } },
{ "type": "Feature", "properties": { "boden": "100 % mittel, mäßig frisch (M2g)" }, "geometry": { "type": "Polygon", "coordinates": [ [ [ 13.58102, 52.98311 ], [ 13.58147, 52.9834 ], [ 13.5832, 52.98341 ], [ 13.58342, 52.9841 ], [ 13.58366, 52.98406 ], [ 13.58385, 52.98392 ], [ 13.58384, 52.98377 ], [ 13.58361, 52.98346 ], [ 13.58362, 52.9832 ], [ 13.58271, 52.98314 ], [ 13.58239, 52.983 ], [ 13.58217, 52.98302 ], [ 13.58129, 52.98277 ], [ 13.58102, 52.98311 ] ] ] } },
{ "type": "Feature", "properties": { "boden": "100 % mittel, mäßig frisch (M2)" }, "geometry": { "type": "Polygon", "coordinates": [ [ [ 13.58802, 52.98426 ], [ 13.58878, 52.98464 ], [ 13.58917, 52.98473 ], [ 13.58901, 52.9846 ], [ 13.58809, 52.98417 ], [ 13.58802, 52.98426 ] ] ] } },
{ "type": "Feature", "properties": { "boden": "100 % ziemlich arm, mäßig frisch (Z2)" }, "geometry": { "type": "Polygon", "coordinates": [ [ [ 13.55889, 52.97085 ], [ 13.55897, 52.97088 ], [ 13.55906, 52.97086 ], [ 13.55889, 52.97085 ] ] ] } },
{ "type": "Feature", "properties": { "boden": "100 % ziemlich arm, mäßig frisch (Z2)" }, "geometry": { "type": "Polygon", "coordinates": [ [ [ 13.52945, 52.98978 ], [ 13.53057, 52.98963 ], [ 13.53136, 52.98924 ], [ 13.53215, 52.98899 ], [ 13.53309, 52.98876 ], [ 13.53509, 52.9884 ], [ 13.53609, 52.98813 ], [ 13.5382, 52.98811 ], [ 13.53962, 52.98805 ], [ 13.54064, 52.98794 ], [ 13.54211, 52.98761 ], [ 13.54207, 52.98743 ], [ 13.54282, 52.98699 ], [ 13.54272, 52.98673 ], [ 13.54278, 52.98642 ], [ 13.54267, 52.98629 ], [ 13.54217, 52.98619 ], [ 13.5424, 52.9862 ], [ 13.54248, 52.98613 ], [ 13.54291, 52.98608 ], [ 13.54317, 52.98612 ], [ 13.54337, 52.98625 ], [ 13.5435, 52.98626 ], [ 13.54417, 52.98602 ], [ 13.54513, 52.98526 ], [ 13.54615, 52.985 ], [ 13.54614, 52.98475 ], [ 13.54601, 52.98457 ], [ 13.54412, 52.98374 ], [ 13.54424, 52.98357 ], [ 13.54415, 52.98347 ], [ 13.54418, 52.98332 ], [ 13.54437, 52.98315 ], [ 13.54452, 52.98309 ], [ 13.54495, 52.98308 ], [ 13.54556, 52.98317 ], [ 13.54524, 52.98323 ], [ 13.54604, 52.98322 ], [ 13.54629, 52.98313 ], [ 13.5462, 52.9831 ], [ 13.54627, 52.98305 ], [ 13.5466, 52.98301 ], [ 13.54683, 52.98293 ], [ 13.54722, 52.98259 ], [ 13.54712, 52.98292 ], [ 13.54717, 52.98305 ], [ 13.54847, 52.9827 ], [ 13.55008, 52.98265 ], [ 13.55154, 52.98224 ], [ 13.55282, 52.98214 ], [ 13.55434, 52.98194 ], [ 13.55432, 52.98186 ], [ 13.55439, 52.98182 ], [ 13.55468, 52.98175 ], [ 13.55509, 52.98172 ], [ 13.55589, 52.98175 ], [ 13.55699, 52.98155 ], [ 13.56487, 52.98099 ], [ 13.56592, 52.98073 ], [ 13.56637, 52.98045 ], [ 13.56677, 52.9803 ], [ 13.56724, 52.98018 ], [ 13.56872, 52.97994 ], [ 13.57063, 52.97933 ], [ 13.57146, 52.97925 ], [ 13.57122, 52.97888 ], [ 13.57109, 52.97897 ], [ 13.5709, 52.97902 ], [ 13.57075, 52.97898 ], [ 13.57065, 52.9789 ], [ 13.57066, 52.9788 ], [ 13.57079, 52.97871 ], [ 13.57112, 52.97873 ], [ 13.57081, 52.97825 ], [ 13.57083, 52.97767 ], [ 13.57056, 52.97715 ], [ 13.56996, 52.97694 ], [ 13.56945, 52.97633 ], [ 13.56948, 52.97607 ], [ 13.56938, 52.97597 ], [ 13.56908, 52.97587 ], [ 13.56874, 52.97582 ], [ 13.56843, 52.97589 ], [ 13.56792, 52.97621 ], [ 13.56758, 52.97583 ], [ 13.56772, 52.97548 ], [ 13.56798, 52.97533 ], [ 13.56848, 52.97517 ], [ 13.57099, 52.97557 ], [ 13.57169, 52.97556 ], [ 13.57338, 52.97584 ], [ 13.57323, 52.9754 ], [ 13.57247, 52.97513 ], [ 13.57263, 52.97505 ], [ 13.57304, 52.97499 ], [ 13.57435, 52.9746 ], [ 13.57486, 52.97438 ], [ 13.57611, 52.97402 ], [ 13.57627, 52.97387 ], [ 13.57633, 52.9737 ], [ 13.5762, 52.97361 ], [ 13.57591, 52.97354 ], [ 13.57221, 52.97341 ], [ 13.57171, 52.97334 ], [ 13.57132, 52.97318 ], [ 13.57073, 52.97264 ], [ 13.57047, 52.97228 ], [ 13.57038, 52.97203 ], [ 13.57036, 52.97099 ], [ 13.55906, 52.97086 ], [ 13.55897, 52.97089 ], [ 13.55889, 52.97085 ], [ 13.55786, 52.97087 ], [ 13.5577, 52.97084 ], [ 13.55225, 52.97077 ], [ 13.55312, 52.97133 ], [ 13.55377, 52.97155 ], [ 13.55457, 52.97174 ], [ 13.55567, 52.97192 ], [ 13.55739, 52.97252 ], [ 13.55761, 52.97273 ], [ 13.55797, 52.97343 ], [ 13.55801, 52.97404 ], [ 13.55788, 52.97455 ], [ 13.55758, 52.97508 ], [ 13.55745, 52.97548 ], [ 13.55756, 52.97576 ], [ 13.55781, 52.97612 ], [ 13.55835, 52.97664 ], [ 13.55826, 52.97731 ], [ 13.558, 52.97763 ], [ 13.55753, 52.97798 ], [ 13.55798, 52.97775 ], [ 13.55823, 52.97773 ], [ 13.55752, 52.97815 ], [ 13.55741, 52.97816 ], [ 13.55736, 52.97806 ], [ 13.55675, 52.97835 ], [ 13.55398, 52.97932 ], [ 13.5528, 52.97965 ], [ 13.55225, 52.97974 ], [ 13.55087, 52.97984 ], [ 13.55062, 52.9798 ], [ 13.54992, 52.97953 ], [ 13.54973, 52.97926 ], [ 13.55059, 52.97817 ], [ 13.55086, 52.97772 ], [ 13.55087, 52.97754 ], [ 13.55077, 52.97741 ], [ 13.55035, 52.97723 ], [ 13.54987, 52.97716 ], [ 13.54947, 52.97715 ], [ 13.54838, 52.97732 ], [ 13.54721, 52.97785 ], [ 13.54684, 52.97819 ], [ 13.54657, 52.97853 ], [ 13.54622, 52.97924 ], [ 13.54577, 52.98112 ], [ 13.54571, 52.98113 ], [ 13.54564, 52.98136 ], [ 13.54537, 52.98148 ], [ 13.54497, 52.98204 ], [ 13.54457, 52.9823 ], [ 13.54393, 52.98256 ], [ 13.54309, 52.98272 ], [ 13.54231, 52.98278 ], [ 13.53933, 52.98278 ], [ 13.54012, 52.98349 ], [ 13.54002, 52.98388 ], [ 13.53957, 52.98391 ], [ 13.53887, 52.98383 ], [ 13.53864, 52.98364 ], [ 13.53772, 52.98344 ], [ 13.53668, 52.9831 ], [ 13.53611, 52.98296 ], [ 13.53506, 52.98301 ], [ 13.53448, 52.9829 ], [ 13.53439, 52.98263 ], [ 13.53509, 52.98217 ], [ 13.53521, 52.98203 ], [ 13.53516, 52.98193 ], [ 13.53429, 52.98177 ], [ 13.53407, 52.98165 ], [ 13.53355, 52.98017 ], [ 13.53319, 52.98008 ], [ 13.53294, 52.97994 ], [ 13.53247, 52.9799 ], [ 13.53161, 52.98022 ], [ 13.53072, 52.98021 ], [ 13.52989, 52.98053 ], [ 13.52947, 52.98094 ], [ 13.52891, 52.98108 ], [ 13.52841, 52.98115 ], [ 13.52728, 52.98101 ], [ 13.52653, 52.98073 ], [ 13.52612, 52.98051 ], [ 13.5259, 52.98028 ], [ 13.52575, 52.98006 ], [ 13.52641, 52.97901 ], [ 13.52603, 52.9789 ], [ 13.52725, 52.97694 ], [ 13.52678, 52.97532 ], [ 13.52699, 52.97502 ], [ 13.52723, 52.97489 ], [ 13.5291, 52.97424 ], [ 13.52969, 52.97391 ], [ 13.5299, 52.97358 ], [ 13.52995, 52.97276 ], [ 13.52946, 52.9718 ], [ 13.52856, 52.97246 ], [ 13.52788, 52.97258 ], [ 13.52752, 52.97301 ], [ 13.52518, 52.97464 ], [ 13.52378, 52.97508 ], [ 13.52318, 52.97505 ], [ 13.52039, 52.97538 ], [ 13.51986, 52.9753 ], [ 13.51928, 52.97511 ], [ 13.5186, 52.97461 ], [ 13.51745, 52.97543 ], [ 13.51727, 52.97578 ], [ 13.51732, 52.97606 ], [ 13.51748, 52.97633 ], [ 13.51793, 52.97675 ], [ 13.51795, 52.97692 ], [ 13.51766, 52.97735 ], [ 13.5176, 52.97759 ], [ 13.51773, 52.97777 ], [ 13.51797, 52.97789 ], [ 13.51951, 52.97798 ], [ 13.52138, 52.97778 ], [ 13.52201, 52.97775 ], [ 13.52231, 52.97786 ], [ 13.52347, 52.97871 ], [ 13.52381, 52.97914 ], [ 13.52411, 52.98018 ], [ 13.5239, 52.98073 ], [ 13.52355, 52.98131 ], [ 13.52318, 52.98167 ], [ 13.52268, 52.98204 ], [ 13.52074, 52.983 ], [ 13.51805, 52.98373 ], [ 13.51622, 52.98412 ], [ 13.51758, 52.98851 ], [ 13.51957, 52.98839 ], [ 13.52069, 52.98784 ], [ 13.52075, 52.98764 ], [ 13.52148, 52.98646 ], [ 13.52169, 52.98653 ], [ 13.52098, 52.98769 ], [ 13.52114, 52.98762 ], [ 13.52129, 52.9876 ], [ 13.5221, 52.98759 ], [ 13.52263, 52.98737 ], [ 13.52352, 52.9874 ], [ 13.52424, 52.98762 ], [ 13.52474, 52.98793 ], [ 13.52498, 52.98816 ], [ 13.52506, 52.98763 ], [ 13.52489, 52.98738 ], [ 13.52461, 52.98727 ], [ 13.52361, 52.98708 ], [ 13.52302, 52.98688 ], [ 13.52275, 52.98673 ], [ 13.52264, 52.98653 ], [ 13.5227, 52.98636 ], [ 13.52365, 52.98492 ], [ 13.52442, 52.98416 ], [ 13.52487, 52.98395 ], [ 13.52517, 52.98388 ], [ 13.52576, 52.98388 ], [ 13.52718, 52.98412 ], [ 13.52891, 52.98413 ], [ 13.52881, 52.98405 ], [ 13.52896, 52.98397 ], [ 13.52963, 52.98391 ], [ 13.53086, 52.98406 ], [ 13.53076, 52.98414 ], [ 13.52948, 52.98411 ], [ 13.52931, 52.98414 ], [ 13.53091, 52.98421 ], [ 13.53472, 52.98393 ], [ 13.53488, 52.98409 ], [ 13.53507, 52.98473 ], [ 13.5353, 52.98493 ], [ 13.53616, 52.98515 ], [ 13.53665, 52.98535 ], [ 13.53703, 52.98556 ], [ 13.53731, 52.98589 ], [ 13.53733, 52.98631 ], [ 13.5371, 52.98697 ], [ 13.53667, 52.9873 ], [ 13.5326, 52.98768 ], [ 13.53223, 52.9876 ], [ 13.53154, 52.9873 ], [ 13.5311, 52.9872 ], [ 13.5277, 52.98689 ], [ 13.5274, 52.98692 ], [ 13.52684, 52.98699 ], [ 13.5264, 52.98723 ], [ 13.52622, 52.98744 ], [ 13.52614, 52.98804 ], [ 13.52539, 52.98824 ], [ 13.52542, 52.98852 ], [ 13.5262, 52.98844 ], [ 13.52657, 52.98869 ], [ 13.52557, 52.98921 ], [ 13.52627, 52.98982 ], [ 13.52867, 52.99029 ], [ 13.52945, 52.98978 ] ], [ [ 13.52691, 52.98905 ], [ 13.5267, 52.98915 ], [ 13.52647, 52.98918 ], [ 13.52617, 52.98915 ], [ 13.52611, 52.98909 ], [ 13.52644, 52.98903 ], [ 13.52691, 52.98905 ] ], [ [ 13.53241, 52.98831 ], [ 13.53241, 52.98845 ], [ 13.53229, 52.98851 ], [ 13.53198, 52.98847 ], [ 13.53179, 52.98838 ], [ 13.53185, 52.98831 ], [ 13.53207, 52.98826 ], [ 13.53227, 52.98826 ], [ 13.53241, 52.98831 ] ], [ [ 13.5313, 52.9881 ], [ 13.53141, 52.98818 ], [ 13.53132, 52.98823 ], [ 13.53045, 52.98821 ], [ 13.53019, 52.98814 ], [ 13.53066, 52.98804 ], [ 13.5313, 52.9881 ] ], [ [ 13.53577, 52.98767 ], [ 13.53582, 52.98779 ], [ 13.53574, 52.98787 ], [ 13.53502, 52.98804 ], [ 13.5346, 52.98806 ], [ 13.53439, 52.98804 ], [ 13.53429, 52.98798 ], [ 13.53433, 52.98782 ], [ 13.53462, 52.98774 ], [ 13.53501, 52.98769 ], [ 13.53533, 52.98759 ], [ 13.53548, 52.98758 ], [ 13.53577, 52.98767 ] ], [ [ 13.54148, 52.98711 ], [ 13.54142, 52.98726 ], [ 13.54112, 52.98743 ], [ 13.54078, 52.98753 ], [ 13.54033, 52.98756 ], [ 13.54016, 52.98761 ], [ 13.54031, 52.98732 ], [ 13.54078, 52.9872 ], [ 13.54115, 52.98703 ], [ 13.54131, 52.98703 ], [ 13.54148, 52.98711 ] ], [ [ 13.54335, 52.98547 ], [ 13.54352, 52.98563 ], [ 13.54337, 52.98575 ], [ 13.54294, 52.98588 ], [ 13.54271, 52.98579 ], [ 13.54266, 52.98564 ], [ 13.54276, 52.98548 ], [ 13.543, 52.98543 ], [ 13.54335, 52.98547 ] ], [ [ 13.54604, 52.98475 ], [ 13.54607, 52.98487 ], [ 13.54599, 52.98495 ], [ 13.5458, 52.985 ], [ 13.54565, 52.98496 ], [ 13.54555, 52.98488 ], [ 13.54556, 52.98478 ], [ 13.54569, 52.98469 ], [ 13.54588, 52.98468 ], [ 13.54604, 52.98475 ] ], [ [ 13.54545, 52.98458 ], [ 13.54547, 52.98465 ], [ 13.54539, 52.98474 ], [ 13.5452, 52.98478 ], [ 13.54505, 52.98475 ], [ 13.54495, 52.98467 ], [ 13.54495, 52.98457 ], [ 13.54508, 52.98448 ], [ 13.54528, 52.98447 ], [ 13.54545, 52.98458 ] ], [ [ 13.53899, 52.98483 ], [ 13.53895, 52.98488 ], [ 13.53849, 52.9849 ], [ 13.53828, 52.98487 ], [ 13.53823, 52.98481 ], [ 13.5387, 52.98476 ], [ 13.53899, 52.98483 ] ], [ [ 13.52826, 52.98388 ], [ 13.52817, 52.984 ], [ 13.52773, 52.98411 ], [ 13.52728, 52.98409 ], [ 13.52711, 52.98403 ], [ 13.52707, 52.98396 ], [ 13.52782, 52.98386 ], [ 13.52826, 52.98388 ] ], [ [ 13.52032, 52.98378 ], [ 13.52025, 52.98387 ], [ 13.52006, 52.98391 ], [ 13.5199, 52.98388 ], [ 13.51981, 52.9838 ], [ 13.51981, 52.9837 ], [ 13.51994, 52.98361 ], [ 13.52013, 52.98359 ], [ 13.52029, 52.98367 ], [ 13.52032, 52.98378 ] ], [ [ 13.52752, 52.9837 ], [ 13.52728, 52.9837 ], [ 13.52668, 52.98359 ], [ 13.52615, 52.98354 ], [ 13.526, 52.98344 ], [ 13.52611, 52.98337 ], [ 13.5264, 52.98332 ], [ 13.52763, 52.98333 ], [ 13.52834, 52.98329 ], [ 13.52936, 52.98307 ], [ 13.52945, 52.98309 ], [ 13.52954, 52.98321 ], [ 13.5297, 52.98325 ], [ 13.52929, 52.98367 ], [ 13.52831, 52.98358 ], [ 13.52796, 52.9836 ], [ 13.52752, 52.9837 ] ], [ [ 13.53286, 52.98366 ], [ 13.53355, 52.98374 ], [ 13.5335, 52.9838 ], [ 13.53283, 52.98388 ], [ 13.53263, 52.98386 ], [ 13.53233, 52.98369 ], [ 13.53239, 52.98366 ], [ 13.53286, 52.98366 ] ], [ [ 13.53383, 52.9833 ], [ 13.5334, 52.9834 ], [ 13.53308, 52.98342 ], [ 13.53298, 52.98336 ], [ 13.53333, 52.98326 ], [ 13.53373, 52.98325 ], [ 13.53383, 52.9833 ] ], [ [ 13.53671, 52.98326 ], [ 13.5368, 52.98335 ], [ 13.53653, 52.9834 ], [ 13.53639, 52.98339 ], [ 13.53621, 52.98328 ], [ 13.53623, 52.98323 ], [ 13.53638, 52.9832 ], [ 13.53671, 52.98326 ] ], [ [ 13.5208, 52.9848 ], [ 13.52037, 52.98469 ], [ 13.52016, 52.98455 ], [ 13.52006, 52.98441 ], [ 13.52021, 52.9842 ], [ 13.52058, 52.98415 ], [ 13.52069, 52.98417 ], [ 13.5208, 52.9848 ] ], [ [ 13.52076, 52.98556 ], [ 13.52115, 52.98588 ], [ 13.52116, 52.98611 ], [ 13.52098, 52.98617 ], [ 13.5207, 52.98616 ], [ 13.52052, 52.98602 ], [ 13.52041, 52.98574 ], [ 13.5206, 52.98555 ], [ 13.52076, 52.98556 ] ], [ [ 13.52395, 52.98734 ], [ 13.52442, 52.98742 ], [ 13.52456, 52.98749 ], [ 13.52455, 52.98754 ], [ 13.52424, 52.98758 ], [ 13.52348, 52.98729 ], [ 13.52369, 52.98724 ], [ 13.52395, 52.98734 ] ], [ [ 13.52487, 52.98149 ], [ 13.52412, 52.98268 ], [ 13.52384, 52.98261 ], [ 13.52455, 52.98152 ], [ 13.52487, 52.98149 ] ], [ [ 13.5338, 52.98231 ], [ 13.53394, 52.9825 ], [ 13.53382, 52.98257 ], [ 13.53309, 52.98241 ], [ 13.53317, 52.98231 ], [ 13.53331, 52.98227 ], [ 13.5338, 52.98231 ] ], [ [ 13.53009, 52.98179 ], [ 13.53023, 52.98188 ], [ 13.52995, 52.98192 ], [ 13.52911, 52.98174 ], [ 13.5294, 52.98168 ], [ 13.52968, 52.9817 ], [ 13.53009, 52.98179 ] ], [ [ 13.5265, 52.98161 ], [ 13.52675, 52.98174 ], [ 13.52677, 52.9818 ], [ 13.5267, 52.98185 ], [ 13.52627, 52.9818 ], [ 13.52571, 52.98158 ], [ 13.52603, 52.98154 ], [ 13.5265, 52.98161 ] ], [ [ 13.53224, 52.9811 ], [ 13.5316, 52.98095 ], [ 13.53136, 52.98085 ], [ 13.53114, 52.98066 ], [ 13.53118, 52.98057 ], [ 13.53167, 52.98054 ], [ 13.53191, 52.98061 ], [ 13.53225, 52.98081 ], [ 13.53234, 52.98098 ], [ 13.53258, 52.98093 ], [ 13.53274, 52.98101 ], [ 13.53277, 52.98112 ], [ 13.53269, 52.9812 ], [ 13.5325, 52.98125 ], [ 13.53235, 52.98122 ], [ 13.53224, 52.9811 ] ], [ [ 13.52264, 52.97537 ], [ 13.52189, 52.97562 ], [ 13.52157, 52.97564 ], [ 13.5214, 52.97559 ], [ 13.52181, 52.97545 ], [ 13.52235, 52.97536 ], [ 13.52264, 52.97537 ] ], [ [ 13.52679, 52.9741 ], [ 13.52634, 52.97446 ], [ 13.52617, 52.97451 ], [ 13.52593, 52.97474 ], [ 13.52547, 52.97493 ], [ 13.5253, 52.97493 ], [ 13.52582, 52.97458 ], [ 13.5262, 52.97424 ], [ 13.52682, 52.97397 ], [ 13.52679, 52.9741 ] ], [ [ 13.54284, 52.98305 ], [ 13.54274, 52.98316 ], [ 13.54239, 52.9832 ], [ 13.54191, 52.98316 ], [ 13.54169, 52.98305 ], [ 13.54186, 52.983 ], [ 13.54237, 52.98299 ], [ 13.54284, 52.98305 ] ], [ [ 13.54393, 52.98276 ], [ 13.54406, 52.98297 ], [ 13.54392, 52.98304 ], [ 13.54342, 52.98294 ], [ 13.54327, 52.98286 ], [ 13.54342, 52.98272 ], [ 13.54359, 52.98271 ], [ 13.54393, 52.98276 ] ], [ [ 13.54668, 52.98257 ], [ 13.54666, 52.98263 ], [ 13.54646, 52.98271 ], [ 13.54588, 52.98282 ], [ 13.54563, 52.9828 ], [ 13.54561, 52.98273 ], [ 13.54568, 52.98269 ], [ 13.54608, 52.98262 ], [ 13.54644, 52.9825 ], [ 13.54657, 52.98249 ], [ 13.54668, 52.98257 ] ], [ [ 13.54891, 52.98253 ], [ 13.54841, 52.98255 ], [ 13.54823, 52.98249 ], [ 13.54825, 52.98245 ], [ 13.54855, 52.98244 ], [ 13.54907, 52.98231 ], [ 13.54967, 52.98225 ], [ 13.55003, 52.98208 ], [ 13.55026, 52.98182 ], [ 13.5508, 52.98187 ], [ 13.55101, 52.98201 ], [ 13.55095, 52.9821 ], [ 13.55084, 52.98214 ], [ 13.54984, 52.98231 ], [ 13.54891, 52.98253 ] ], [ [ 13.54978, 52.98148 ], [ 13.54919, 52.98178 ], [ 13.54874, 52.98187 ], [ 13.5484, 52.98204 ], [ 13.54824, 52.98202 ], [ 13.54887, 52.98176 ], [ 13.54995, 52.98141 ], [ 13.54991, 52.98146 ], [ 13.54978, 52.98148 ] ], [ [ 13.55609, 52.98134 ], [ 13.55593, 52.98142 ], [ 13.55562, 52.98144 ], [ 13.55523, 52.98133 ], [ 13.55515, 52.98119 ], [ 13.55527, 52.98111 ], [ 13.55556, 52.98104 ], [ 13.55619, 52.98096 ], [ 13.55663, 52.98103 ], [ 13.55787, 52.98105 ], [ 13.55798, 52.98108 ], [ 13.55807, 52.9812 ], [ 13.55804, 52.98124 ], [ 13.55774, 52.9813 ], [ 13.55671, 52.9813 ], [ 13.55609, 52.98134 ] ], [ [ 13.55891, 52.98116 ], [ 13.5585, 52.98119 ], [ 13.55824, 52.98114 ], [ 13.55818, 52.98108 ], [ 13.55823, 52.98102 ], [ 13.55849, 52.98096 ], [ 13.55888, 52.98097 ], [ 13.55968, 52.98083 ], [ 13.55991, 52.98084 ], [ 13.55943, 52.98105 ], [ 13.55891, 52.98116 ] ], [ [ 13.5525, 52.98039 ], [ 13.5527, 52.98028 ], [ 13.55335, 52.98008 ], [ 13.55369, 52.9799 ], [ 13.55467, 52.97954 ], [ 13.55536, 52.97934 ], [ 13.55606, 52.97918 ], [ 13.55631, 52.97919 ], [ 13.55699, 52.97901 ], [ 13.5575, 52.97897 ], [ 13.55802, 52.9788 ], [ 13.55824, 52.9788 ], [ 13.55931, 52.97861 ], [ 13.55873, 52.97879 ], [ 13.55825, 52.97885 ], [ 13.5579, 52.97899 ], [ 13.55745, 52.97902 ], [ 13.55726, 52.97912 ], [ 13.55674, 52.97922 ], [ 13.55636, 52.97923 ], [ 13.55594, 52.97938 ], [ 13.55504, 52.97957 ], [ 13.55367, 52.98011 ], [ 13.55282, 52.98037 ], [ 13.55299, 52.98035 ], [ 13.55428, 52.9799 ], [ 13.55466, 52.9799 ], [ 13.5555, 52.98044 ], [ 13.55562, 52.98047 ], [ 13.55575, 52.98044 ], [ 13.55578, 52.98033 ], [ 13.55556, 52.97966 ], [ 13.55575, 52.97944 ], [ 13.55783, 52.97904 ], [ 13.55889, 52.97917 ], [ 13.56, 52.97948 ], [ 13.56103, 52.97967 ], [ 13.56133, 52.97977 ], [ 13.56152, 52.97993 ], [ 13.56143, 52.98026 ], [ 13.56118, 52.98041 ], [ 13.56056, 52.98053 ], [ 13.55867, 52.98068 ], [ 13.55773, 52.98069 ], [ 13.55563, 52.98098 ], [ 13.55313, 52.98108 ], [ 13.55229, 52.981 ], [ 13.55163, 52.98085 ], [ 13.55159, 52.98075 ], [ 13.55168, 52.9806 ], [ 13.5525, 52.98039 ] ], [ [ 13.56401, 52.97981 ], [ 13.56444, 52.98011 ], [ 13.56426, 52.98019 ], [ 13.56415, 52.98037 ], [ 13.56387, 52.98037 ], [ 13.56329, 52.98023 ], [ 13.56331, 52.98012 ], [ 13.56354, 52.97995 ], [ 13.56364, 52.97979 ], [ 13.56375, 52.97975 ], [ 13.56401, 52.97981 ] ], [ [ 13.56594, 52.97996 ], [ 13.56605, 52.98018 ], [ 13.56591, 52.98027 ], [ 13.56549, 52.98012 ], [ 13.56536, 52.98002 ], [ 13.56553, 52.97989 ], [ 13.56567, 52.97986 ], [ 13.56581, 52.97988 ], [ 13.56594, 52.97996 ] ], [ [ 13.56844, 52.97986 ], [ 13.56837, 52.97992 ], [ 13.56757, 52.98008 ], [ 13.56688, 52.98006 ], [ 13.56722, 52.98002 ], [ 13.56819, 52.97978 ], [ 13.56844, 52.97986 ] ], [ [ 13.56736, 52.97954 ], [ 13.56793, 52.97961 ], [ 13.56787, 52.97965 ], [ 13.56729, 52.97979 ], [ 13.56716, 52.9797 ], [ 13.56719, 52.9796 ], [ 13.56736, 52.97954 ] ], [ [ 13.56853, 52.97929 ], [ 13.56854, 52.97941 ], [ 13.56837, 52.97946 ], [ 13.56822, 52.9793 ], [ 13.56806, 52.97923 ], [ 13.56711, 52.97915 ], [ 13.56704, 52.97895 ], [ 13.56722, 52.97881 ], [ 13.56765, 52.97886 ], [ 13.56796, 52.97898 ], [ 13.56816, 52.97917 ], [ 13.56853, 52.97929 ] ], [ [ 13.57085, 52.97853 ], [ 13.57077, 52.97862 ], [ 13.57059, 52.97866 ], [ 13.57043, 52.97863 ], [ 13.57034, 52.97855 ], [ 13.57034, 52.97844 ], [ 13.57047, 52.97835 ], [ 13.57066, 52.97834 ], [ 13.57078, 52.9784 ], [ 13.57085, 52.97853 ] ], [ [ 13.56598, 52.97764 ], [ 13.56496, 52.97829 ], [ 13.5645, 52.97827 ], [ 13.56486, 52.97815 ], [ 13.56569, 52.97769 ], [ 13.56585, 52.97763 ], [ 13.56598, 52.97764 ] ], [ [ 13.56217, 52.97727 ], [ 13.56216, 52.97736 ], [ 13.5619, 52.97749 ], [ 13.56102, 52.97768 ], [ 13.56018, 52.97775 ], [ 13.55965, 52.97765 ], [ 13.55964, 52.97761 ], [ 13.55976, 52.97755 ], [ 13.5604, 52.97741 ], [ 13.56136, 52.97727 ], [ 13.56193, 52.97723 ], [ 13.56217, 52.97727 ] ], [ [ 13.55998, 52.97727 ], [ 13.55979, 52.9772 ], [ 13.55958, 52.97719 ], [ 13.55935, 52.97689 ], [ 13.55948, 52.9768 ], [ 13.55983, 52.9768 ], [ 13.56012, 52.97686 ], [ 13.56038, 52.97681 ], [ 13.56028, 52.97668 ], [ 13.55983, 52.9765 ], [ 13.55984, 52.97644 ], [ 13.56023, 52.97646 ], [ 13.56063, 52.97656 ], [ 13.56161, 52.97648 ], [ 13.56234, 52.9765 ], [ 13.56254, 52.97657 ], [ 13.5625, 52.9767 ], [ 13.56232, 52.97682 ], [ 13.56179, 52.97686 ], [ 13.56105, 52.97709 ], [ 13.56052, 52.97713 ], [ 13.55998, 52.97727 ] ], [ [ 13.56897, 52.97664 ], [ 13.56868, 52.97678 ], [ 13.56773, 52.9771 ], [ 13.56685, 52.97734 ], [ 13.56636, 52.97752 ], [ 13.5662, 52.97752 ], [ 13.56612, 52.97747 ], [ 13.56642, 52.9773 ], [ 13.56694, 52.97719 ], [ 13.56756, 52.97693 ], [ 13.56861, 52.97669 ], [ 13.56899, 52.97656 ], [ 13.56897, 52.97664 ] ], [ [ 13.56559, 52.97685 ], [ 13.56552, 52.97692 ], [ 13.56519, 52.97701 ], [ 13.56455, 52.97713 ], [ 13.5644, 52.97712 ], [ 13.56454, 52.977 ], [ 13.56501, 52.97685 ], [ 13.56534, 52.97682 ], [ 13.56559, 52.97685 ] ], [ [ 13.56993, 52.97702 ], [ 13.56997, 52.97714 ], [ 13.56992, 52.97722 ], [ 13.56961, 52.97727 ], [ 13.56907, 52.97711 ], [ 13.56896, 52.977 ], [ 13.56907, 52.97686 ], [ 13.5694, 52.97685 ], [ 13.56993, 52.97702 ] ], [ [ 13.55925, 52.97796 ], [ 13.5588, 52.97814 ], [ 13.55811, 52.9783 ], [ 13.55788, 52.97827 ], [ 13.55808, 52.97812 ], [ 13.55851, 52.97795 ], [ 13.55916, 52.97785 ], [ 13.55926, 52.97788 ], [ 13.55925, 52.97796 ] ], [ [ 13.567, 52.97593 ], [ 13.56712, 52.97615 ], [ 13.56707, 52.97622 ], [ 13.56637, 52.97597 ], [ 13.56642, 52.97588 ], [ 13.56656, 52.97583 ], [ 13.56677, 52.97583 ], [ 13.567, 52.97593 ] ] ] } },
{ "type": "Feature", "properties": { "boden": "100 % ziemlich arm, frisch (Z1)" }, "geometry": { "type": "Polygon", "coordinates": [ [ [ 13.5207, 52.97078 ], [ 13.52109, 52.97146 ], [ 13.52183, 52.97144 ], [ 13.5227, 52.97124 ], [ 13.52267, 52.97068 ], [ 13.52208, 52.9704 ], [ 13.52136, 52.97039 ], [ 13.5212, 52.97044 ], [ 13.52101, 52.97039 ], [ 13.52057, 52.97038 ], [ 13.5207, 52.97078 ] ], [ [ 13.52134, 52.97094 ], [ 13.52125, 52.97082 ], [ 13.52132, 52.9707 ], [ 13.52154, 52.97064 ], [ 13.52178, 52.97073 ], [ 13.52214, 52.97059 ], [ 13.52233, 52.97064 ], [ 13.52244, 52.97076 ], [ 13.52236, 52.97089 ], [ 13.52214, 52.97095 ], [ 13.52193, 52.9709 ], [ 13.52154, 52.971 ], [ 13.52134, 52.97094 ] ] ] } },
{ "type": "Feature", "properties": { "boden": "100 % ziemlich arm, frisch (Z1)" }, "geometry": { "type": "Polygon", "coordinates": [ [ [ 13.5212, 52.97044 ], [ 13.52136, 52.97039 ], [ 13.52101, 52.97039 ], [ 13.5212, 52.97044 ] ] ] } },
{ "type": "Feature", "properties": { "boden": "100 % mittel, mäßig frisch (M2)" }, "geometry": { "type": "Polygon", "coordinates": [ [ [ 13.51546, 52.97033 ], [ 13.51523, 52.9704 ], [ 13.51517, 52.97052 ], [ 13.51525, 52.97064 ], [ 13.51545, 52.97069 ], [ 13.51568, 52.97063 ], [ 13.51576, 52.9705 ], [ 13.51565, 52.97038 ], [ 13.51546, 52.97033 ] ] ] } },
{ "type": "Feature", "properties": { "boden": "100 % ziemlich arm, nass (OZ3)" }, "geometry": { "type": "Polygon", "coordinates": [ [ [ 13.52109, 52.97146 ], [ 13.52057, 52.97038 ], [ 13.51668, 52.97033 ], [ 13.51699, 52.97076 ], [ 13.51747, 52.97114 ], [ 13.51861, 52.97173 ], [ 13.51859, 52.97226 ], [ 13.51948, 52.97192 ], [ 13.52095, 52.97146 ], [ 13.52109, 52.97146 ] ] ] } },
{ "type": "Feature", "properties": { "boden": "100 % ziemlich arm, frisch (Z1)" }, "geometry": { "type": "Polygon", "coordinates": [ [ [ 13.52193, 52.9709 ], [ 13.52214, 52.97095 ], [ 13.52236, 52.97089 ], [ 13.52244, 52.97076 ], [ 13.52233, 52.97064 ], [ 13.52214, 52.97059 ], [ 13.52178, 52.97073 ], [ 13.52154, 52.97064 ], [ 13.52132, 52.9707 ], [ 13.52125, 52.97082 ], [ 13.52134, 52.97094 ], [ 13.52154, 52.971 ], [ 13.52193, 52.9709 ] ] ] } },
{ "type": "Feature", "properties": { "boden": "100 % mittel, frisch (M1)" }, "geometry": { "type": "Polygon", "coordinates": [ [ [ 13.52852, 52.97073 ], [ 13.52859, 52.97082 ], [ 13.52879, 52.97087 ], [ 13.52901, 52.97081 ], [ 13.52909, 52.97069 ], [ 13.52899, 52.97056 ], [ 13.5288, 52.97052 ], [ 13.52863, 52.97056 ], [ 13.52852, 52.97073 ] ] ] } },
{ "type": "Feature", "properties": { "boden": "100 % mittel, frisch (M1)" }, "geometry": { "type": "Polygon", "coordinates": [ [ [ 13.52826, 52.97112 ], [ 13.52849, 52.97121 ], [ 13.52872, 52.97115 ], [ 13.5288, 52.97103 ], [ 13.52874, 52.97096 ], [ 13.52842, 52.97088 ], [ 13.52826, 52.97112 ] ] ] } },
{ "type": "Feature", "properties": { "boden": "100 % mittel, frisch (M1)" }, "geometry": { "type": "Polygon", "coordinates": [ [ [ 13.52788, 52.97258 ], [ 13.52856, 52.97246 ], [ 13.52946, 52.9718 ], [ 13.52977, 52.9705 ], [ 13.52868, 52.97048 ], [ 13.52863, 52.97056 ], [ 13.5288, 52.97052 ], [ 13.52899, 52.97056 ], [ 13.52909, 52.97069 ], [ 13.52901, 52.97081 ], [ 13.52879, 52.97087 ], [ 13.52859, 52.97082 ], [ 13.52852, 52.97073 ], [ 13.52842, 52.97088 ], [ 13.52874, 52.97096 ], [ 13.5288, 52.97103 ], [ 13.52872, 52.97115 ], [ 13.52849, 52.97121 ], [ 13.52826, 52.97112 ], [ 13.52788, 52.97154 ], [ 13.52722, 52.9719 ], [ 13.52595, 52.97193 ], [ 13.52574, 52.97209 ], [ 13.52561, 52.97268 ], [ 13.52513, 52.97328 ], [ 13.52533, 52.97319 ], [ 13.52752, 52.97301 ], [ 13.52788, 52.97258 ] ] ] } },
{ "type": "Feature", "properties": { "boden": "100 % mittel, trocken (vermutet) (M3)" }, "geometry": { "type": "Polygon", "coordinates": [ [ [ 13.53004, 52.97132 ], [ 13.5296, 52.97191 ], [ 13.5296, 52.97202 ], [ 13.52972, 52.972 ], [ 13.53006, 52.9717 ], [ 13.53012, 52.97148 ], [ 13.53004, 52.97132 ] ] ] } },
{ "type": "Feature", "properties": { "boden": "100 % mittel, mäßig frisch (M2)" }, "geometry": { "type": "Polygon", "coordinates": [ [ [ 13.53598, 52.98275 ], [ 13.53645, 52.98268 ], [ 13.53659, 52.98281 ], [ 13.537, 52.98293 ], [ 13.53748, 52.98266 ], [ 13.5383, 52.98237 ], [ 13.53933, 52.98278 ], [ 13.54231, 52.98278 ], [ 13.54309, 52.98272 ], [ 13.54393, 52.98256 ], [ 13.54457, 52.9823 ], [ 13.54497, 52.98204 ], [ 13.54537, 52.98148 ], [ 13.54564, 52.98136 ], [ 13.54571, 52.98113 ], [ 13.54577, 52.98112 ], [ 13.54622, 52.97924 ], [ 13.54657, 52.97853 ], [ 13.54684, 52.97819 ], [ 13.54721, 52.97785 ], [ 13.54838, 52.97732 ], [ 13.54947, 52.97715 ], [ 13.54987, 52.97716 ], [ 13.55035, 52.97723 ], [ 13.55077, 52.97741 ], [ 13.55087, 52.97754 ], [ 13.55086, 52.97772 ], [ 13.55059, 52.97817 ], [ 13.54973, 52.97926 ], [ 13.54992, 52.97953 ], [ 13.55062, 52.9798 ], [ 13.55087, 52.97984 ], [ 13.55225, 52.97974 ], [ 13.5528, 52.97965 ], [ 13.55499, 52.97898 ], [ 13.55675, 52.97835 ], [ 13.55753, 52.97798 ], [ 13.558, 52.97763 ], [ 13.55826, 52.97731 ], [ 13.55835, 52.97664 ], [ 13.55781, 52.97612 ], [ 13.55756, 52.97576 ], [ 13.55745, 52.97548 ], [ 13.55758, 52.97508 ], [ 13.55788, 52.97455 ], [ 13.55801, 52.97404 ], [ 13.55801, 52.97371 ], [ 13.55797, 52.97343 ], [ 13.55779, 52.97303 ], [ 13.55761, 52.97273 ], [ 13.55739, 52.97252 ], [ 13.55567, 52.97192 ], [ 13.55457, 52.97174 ], [ 13.55377, 52.97155 ], [ 13.55312, 52.97133 ], [ 13.55225, 52.97077 ], [ 13.52977, 52.9705 ], [ 13.52946, 52.9718 ], [ 13.52995, 52.97276 ], [ 13.5299, 52.97358 ], [ 13.52969, 52.97391 ], [ 13.5291, 52.97424 ], [ 13.52723, 52.97489 ], [ 13.52699, 52.97502 ], [ 13.52678, 52.97532 ], [ 13.52743, 52.97751 ], [ 13.52681, 52.97842 ], [ 13.52706, 52.97844 ], [ 13.52717, 52.97854 ], [ 13.52718, 52.97865 ], [ 13.52709, 52.97873 ], [ 13.52788, 52.979 ], [ 13.52832, 52.97908 ], [ 13.52833, 52.97896 ], [ 13.52849, 52.97896 ], [ 13.52882, 52.97909 ], [ 13.52923, 52.97951 ], [ 13.52915, 52.97966 ], [ 13.52848, 52.97949 ], [ 13.52789, 52.97926 ], [ 13.52712, 52.97915 ], [ 13.52657, 52.97883 ], [ 13.52632, 52.9791 ], [ 13.52575, 52.98006 ], [ 13.52612, 52.98051 ], [ 13.52653, 52.98073 ], [ 13.52728, 52.98101 ], [ 13.52841, 52.98115 ], [ 13.52891, 52.98108 ], [ 13.52947, 52.98094 ], [ 13.52989, 52.98053 ], [ 13.53072, 52.98021 ], [ 13.53161, 52.98022 ], [ 13.53247, 52.9799 ], [ 13.53294, 52.97994 ], [ 13.53319, 52.98008 ], [ 13.53355, 52.98017 ], [ 13.53407, 52.98165 ], [ 13.53429, 52.98177 ], [ 13.53516, 52.98193 ], [ 13.53521, 52.98203 ], [ 13.53509, 52.98217 ], [ 13.53439, 52.98263 ], [ 13.53448, 52.9829 ], [ 13.53506, 52.98301 ], [ 13.53611, 52.98296 ], [ 13.53598, 52.98275 ] ], [ [ 13.54139, 52.98256 ], [ 13.54131, 52.98265 ], [ 13.54112, 52.98269 ], [ 13.54097, 52.98266 ], [ 13.54087, 52.98258 ], [ 13.54087, 52.98248 ], [ 13.54101, 52.98239 ], [ 13.5412, 52.98238 ], [ 13.54136, 52.98245 ], [ 13.54139, 52.98256 ] ], [ [ 13.5414, 52.982 ], [ 13.54155, 52.98218 ], [ 13.54141, 52.98229 ], [ 13.54113, 52.98235 ], [ 13.54097, 52.98233 ], [ 13.54088, 52.98228 ], [ 13.54087, 52.98219 ], [ 13.54098, 52.9821 ], [ 13.54124, 52.982 ], [ 13.5414, 52.982 ] ], [ [ 13.54014, 52.98207 ], [ 13.53999, 52.98207 ], [ 13.5401, 52.98219 ], [ 13.54002, 52.98228 ], [ 13.53983, 52.98232 ], [ 13.53968, 52.98229 ], [ 13.53958, 52.98221 ], [ 13.53959, 52.98211 ], [ 13.53972, 52.98202 ], [ 13.53984, 52.98201 ], [ 13.5398, 52.98193 ], [ 13.53988, 52.98188 ], [ 13.54027, 52.98179 ], [ 13.54066, 52.9816 ], [ 13.54091, 52.98165 ], [ 13.54089, 52.98175 ], [ 13.54075, 52.98178 ], [ 13.54054, 52.98191 ], [ 13.54062, 52.98205 ], [ 13.54054, 52.98214 ], [ 13.54035, 52.98218 ], [ 13.54023, 52.98216 ], [ 13.54014, 52.98207 ] ], [ [ 13.53668, 52.98036 ], [ 13.5366, 52.98045 ], [ 13.53641, 52.98049 ], [ 13.53626, 52.98046 ], [ 13.53616, 52.98038 ], [ 13.53617, 52.98028 ], [ 13.5363, 52.98019 ], [ 13.53649, 52.98018 ], [ 13.53665, 52.98025 ], [ 13.53668, 52.98036 ] ], [ [ 13.54079, 52.97427 ], [ 13.54132, 52.97434 ], [ 13.5413, 52.97438 ], [ 13.54094, 52.97441 ], [ 13.54071, 52.97448 ], [ 13.54058, 52.97445 ], [ 13.54053, 52.97439 ], [ 13.54062, 52.97431 ], [ 13.54079, 52.97427 ] ], [ [ 13.53012, 52.97148 ], [ 13.52996, 52.97181 ], [ 13.52972, 52.972 ], [ 13.5296, 52.97202 ], [ 13.5296, 52.97191 ], [ 13.53004, 52.97132 ], [ 13.53012, 52.97148 ] ] ] } },
{ "type": "Feature", "properties": { "boden": "100 % mittel, mäßig frisch (M2)" }, "geometry": { "type": "Polygon", "coordinates": [ [ [ 13.54079, 52.97427 ], [ 13.54057, 52.97433 ], [ 13.54058, 52.97445 ], [ 13.54071, 52.97448 ], [ 13.54094, 52.97441 ], [ 13.5413, 52.97438 ], [ 13.54132, 52.97434 ], [ 13.54113, 52.97429 ], [ 13.54079, 52.97427 ] ] ] } },
{ "type": "Feature", "properties": { "boden": "100 % ziemlich arm, mäßig frisch (Z2)" }, "geometry": { "type": "Polygon", "coordinates": [ [ [ 13.55786, 52.97087 ], [ 13.55798, 52.97084 ], [ 13.5577, 52.97084 ], [ 13.55786, 52.97087 ] ] ] } },
{ "type": "Feature", "properties": { "boden": "100 % ziemlich arm, trocken (vermutet) (Z3)" }, "geometry": { "type": "Polygon", "coordinates": [ [ [ 13.55736, 52.97806 ], [ 13.55741, 52.97816 ], [ 13.55752, 52.97815 ], [ 13.55823, 52.97773 ], [ 13.55798, 52.97775 ], [ 13.55736, 52.97806 ] ] ] } },
{ "type": "Feature", "properties": { "boden": "100 % ziemlich arm, mäßig frisch (Z2)" }, "geometry": { "type": "Polygon", "coordinates": [ [ [ 13.55926, 52.97788 ], [ 13.55896, 52.97786 ], [ 13.55835, 52.978 ], [ 13.55808, 52.97812 ], [ 13.55788, 52.97827 ], [ 13.55811, 52.9783 ], [ 13.5588, 52.97814 ], [ 13.55925, 52.97796 ], [ 13.55926, 52.97788 ] ] ] } },
{ "type": "Feature", "properties": { "boden": "100 % ziemlich arm, mäßig frisch (Z2)" }, "geometry": { "type": "Polygon", "coordinates": [ [ [ 13.55283, 52.98036 ], [ 13.55367, 52.98011 ], [ 13.55504, 52.97957 ], [ 13.55594, 52.97938 ], [ 13.55636, 52.97923 ], [ 13.55674, 52.97922 ], [ 13.55726, 52.97912 ], [ 13.55745, 52.97902 ], [ 13.5579, 52.97899 ], [ 13.55825, 52.97885 ], [ 13.55873, 52.97879 ], [ 13.55931, 52.97861 ], [ 13.55824, 52.9788 ], [ 13.55802, 52.9788 ], [ 13.5575, 52.97897 ], [ 13.55699, 52.97901 ], [ 13.55631, 52.97919 ], [ 13.55606, 52.97918 ], [ 13.55536, 52.97934 ], [ 13.55467, 52.97954 ], [ 13.55369, 52.9799 ], [ 13.55335, 52.98008 ], [ 13.5527, 52.98028 ], [ 13.55248, 52.98041 ], [ 13.55283, 52.98036 ] ] ] } },
{ "type": "Feature", "properties": { "boden": "100 % mittel, mäßig frisch (M2)" }, "geometry": { "type": "Polygon", "coordinates": [ [ [ 13.55299, 52.98035 ], [ 13.55222, 52.98044 ], [ 13.55168, 52.9806 ], [ 13.55159, 52.98075 ], [ 13.55163, 52.98085 ], [ 13.55229, 52.981 ], [ 13.55313, 52.98108 ], [ 13.55563, 52.98098 ], [ 13.55773, 52.98069 ], [ 13.55867, 52.98068 ], [ 13.56056, 52.98053 ], [ 13.56118, 52.98041 ], [ 13.56143, 52.98026 ], [ 13.56152, 52.97993 ], [ 13.56133, 52.97977 ], [ 13.56103, 52.97967 ], [ 13.56, 52.97948 ], [ 13.55889, 52.97917 ], [ 13.55783, 52.97904 ], [ 13.55575, 52.97944 ], [ 13.55556, 52.97966 ], [ 13.55578, 52.98033 ], [ 13.55575, 52.98044 ], [ 13.55562, 52.98047 ], [ 13.5555, 52.98044 ], [ 13.55466, 52.9799 ], [ 13.55428, 52.9799 ], [ 13.55299, 52.98035 ] ] ] } },
{ "type": "Feature", "properties": { "boden": "100 % ziemlich arm, trocken (vermutet) (Z3)" }, "geometry": { "type": "Polygon", "coordinates": [ [ [ 13.55977, 52.98093 ], [ 13.55989, 52.98083 ], [ 13.55888, 52.98097 ], [ 13.55849, 52.98096 ], [ 13.55823, 52.98102 ], [ 13.55818, 52.98108 ], [ 13.55839, 52.98118 ], [ 13.55862, 52.98119 ], [ 13.55943, 52.98105 ], [ 13.55977, 52.98093 ] ] ] } },
{ "type": "Feature", "properties": { "boden": "100 % ziemlich arm, trocken (vermutet) (Z3)" }, "geometry": { "type": "Polygon", "coordinates": [ [ [ 13.55623, 52.98131 ], [ 13.55774, 52.9813 ], [ 13.55804, 52.98124 ], [ 13.55807, 52.9812 ], [ 13.55798, 52.98108 ], [ 13.55787, 52.98105 ], [ 13.55663, 52.98103 ], [ 13.55619, 52.98096 ], [ 13.55556, 52.98104 ], [ 13.55527, 52.98111 ], [ 13.55515, 52.98119 ], [ 13.55523, 52.98133 ], [ 13.55562, 52.98144 ], [ 13.55593, 52.98142 ], [ 13.55623, 52.98131 ] ] ] } },
{ "type": "Feature", "properties": { "boden": "100 % ziemlich arm, mäßig frisch (Z2)" }, "geometry": { "type": "Polygon", "coordinates": [ [ [ 13.54995, 52.98141 ], [ 13.54887, 52.98176 ], [ 13.54824, 52.98202 ], [ 13.5484, 52.98204 ], [ 13.54874, 52.98187 ], [ 13.54919, 52.98178 ], [ 13.54995, 52.98141 ] ] ] } },
{ "type": "Feature", "properties": { "boden": "100 % ziemlich arm, mäßig frisch (Z2)" }, "geometry": { "type": "Polygon", "coordinates": [ [ [ 13.55558, 52.98171 ], [ 13.55468, 52.98175 ], [ 13.55439, 52.98182 ], [ 13.55431, 52.9819 ], [ 13.55434, 52.98194 ], [ 13.55507, 52.98188 ], [ 13.55589, 52.98175 ], [ 13.55558, 52.98171 ] ] ] } },
{ "type": "Feature", "properties": { "boden": "100 % mittel, mäßig frisch (M2)" }, "geometry": { "type": "Polygon", "coordinates": [ [ [ 13.55549, 52.98194 ], [ 13.5562, 52.98206 ], [ 13.55633, 52.98201 ], [ 13.55626, 52.98188 ], [ 13.5561, 52.98179 ], [ 13.55589, 52.98175 ], [ 13.55507, 52.98188 ], [ 13.55434, 52.98194 ], [ 13.55463, 52.9821 ], [ 13.55487, 52.98213 ], [ 13.55549, 52.98194 ] ] ] } },
{ "type": "Feature", "properties": { "boden": "100 % ziemlich arm, frisch (Z1)" }, "geometry": { "type": "Polygon", "coordinates": [ [ [ 13.52752, 52.97301 ], [ 13.52533, 52.97319 ], [ 13.52513, 52.97328 ], [ 13.5238, 52.97433 ], [ 13.52271, 52.97425 ], [ 13.52197, 52.97467 ], [ 13.51962, 52.97508 ], [ 13.5191, 52.97481 ], [ 13.51886, 52.97447 ], [ 13.51894, 52.97404 ], [ 13.51859, 52.97226 ], [ 13.51861, 52.97173 ], [ 13.51747, 52.97114 ], [ 13.51699, 52.97076 ], [ 13.51668, 52.97033 ], [ 13.51615, 52.97033 ], [ 13.51621, 52.97074 ], [ 13.51631, 52.97097 ], [ 13.51654, 52.97122 ], [ 13.51777, 52.97167 ], [ 13.5179, 52.97182 ], [ 13.51797, 52.9739 ], [ 13.51836, 52.97429 ], [ 13.51845, 52.9745 ], [ 13.519, 52.97493 ], [ 13.51928, 52.97511 ], [ 13.51986, 52.9753 ], [ 13.52039, 52.97538 ], [ 13.52318, 52.97505 ], [ 13.52378, 52.97508 ], [ 13.52518, 52.97464 ], [ 13.52752, 52.97301 ] ] ] } },
{ "type": "Feature", "properties": { "boden": "100 % mittel, mäßig frisch (M2)" }, "geometry": { "type": "Polygon", "coordinates": [ [ [ 13.51082, 52.97253 ], [ 13.51091, 52.9724 ], [ 13.51082, 52.9723 ], [ 13.51082, 52.97253 ] ] ] } },
{ "type": "Feature", "properties": { "boden": "100 % mittel, mäßig frisch (M2)" }, "geometry": { "type": "Polygon", "coordinates": [ [ [ 13.51123, 52.9726 ], [ 13.511, 52.97267 ], [ 13.51093, 52.97278 ], [ 13.51102, 52.97291 ], [ 13.51122, 52.97296 ], [ 13.51144, 52.9729 ], [ 13.51152, 52.97277 ], [ 13.51142, 52.97264 ], [ 13.51123, 52.9726 ] ] ] } },
{ "type": "Feature", "properties": { "boden": "100 % ziemlich arm, trocken (vermutet) (Z3)" }, "geometry": { "type": "Polygon", "coordinates": [ [ [ 13.52682, 52.97397 ], [ 13.5262, 52.97424 ], [ 13.52582, 52.97458 ], [ 13.5253, 52.97493 ], [ 13.52547, 52.97493 ], [ 13.52593, 52.97474 ], [ 13.52617, 52.97451 ], [ 13.52634, 52.97446 ], [ 13.52664, 52.97426 ], [ 13.52679, 52.9741 ], [ 13.52682, 52.97397 ] ] ] } },
{ "type": "Feature", "properties": { "boden": "100 % ziemlich arm, trocken (vermutet) (Z3)" }, "geometry": { "type": "Polygon", "coordinates": [ [ [ 13.52257, 52.97535 ], [ 13.52181, 52.97545 ], [ 13.5214, 52.97559 ], [ 13.52157, 52.97564 ], [ 13.52189, 52.97562 ], [ 13.52256, 52.97542 ], [ 13.52264, 52.97537 ], [ 13.52257, 52.97535 ] ] ] } },
{ "type": "Feature", "properties": { "boden": "100 % mittel, mäßig frisch (M2)" }, "geometry": { "type": "Polygon", "coordinates": [ [ [ 13.51845, 52.9745 ], [ 13.51836, 52.97429 ], [ 13.51797, 52.9739 ], [ 13.5179, 52.97182 ], [ 13.51777, 52.97167 ], [ 13.51654, 52.97122 ], [ 13.51631, 52.97097 ], [ 13.51621, 52.97074 ], [ 13.51615, 52.97033 ], [ 13.51089, 52.97026 ], [ 13.51082, 52.9723 ], [ 13.51091, 52.9724 ], [ 13.51082, 52.97253 ], [ 13.51076, 52.97404 ], [ 13.51343, 52.97505 ], [ 13.51622, 52.98412 ], [ 13.51805, 52.98373 ], [ 13.52074, 52.983 ], [ 13.52268, 52.98204 ], [ 13.52318, 52.98167 ], [ 13.52355, 52.98131 ], [ 13.5239, 52.98073 ], [ 13.52411, 52.98018 ], [ 13.52381, 52.97914 ], [ 13.52347, 52.97871 ], [ 13.52231, 52.97786 ], [ 13.52201, 52.97775 ], [ 13.52138, 52.97778 ], [ 13.51951, 52.97798 ], [ 13.51797, 52.97789 ], [ 13.51773, 52.97777 ], [ 13.5176, 52.97759 ], [ 13.51766, 52.97735 ], [ 13.51795, 52.97692 ], [ 13.51793, 52.97675 ], [ 13.51748, 52.97633 ], [ 13.51732, 52.97606 ], [ 13.51727, 52.97578 ], [ 13.51745, 52.97543 ], [ 13.5186, 52.97461 ], [ 13.51845, 52.9745 ] ], [ [ 13.52106, 52.98218 ], [ 13.52103, 52.98234 ], [ 13.52061, 52.98249 ], [ 13.52008, 52.98242 ], [ 13.51992, 52.98224 ], [ 13.52001, 52.982 ], [ 13.5203, 52.98183 ], [ 13.52072, 52.9818 ], [ 13.52094, 52.98189 ], [ 13.52106, 52.98218 ] ], [ [ 13.51152, 52.97277 ], [ 13.51144, 52.9729 ], [ 13.51122, 52.97296 ], [ 13.51102, 52.97291 ], [ 13.51093, 52.97278 ], [ 13.511, 52.97267 ], [ 13.51123, 52.9726 ], [ 13.51142, 52.97264 ], [ 13.51152, 52.97277 ] ], [ [ 13.51576, 52.9705 ], [ 13.51568, 52.97063 ], [ 13.51545, 52.97069 ], [ 13.51525, 52.97064 ], [ 13.51517, 52.97052 ], [ 13.51523, 52.9704 ], [ 13.51546, 52.97033 ], [ 13.51565, 52.97038 ], [ 13.51576, 52.9705 ] ] ] } },
{ "type": "Feature", "properties": { "boden": "100 % ziemlich arm, nass (OZ4)" }, "geometry": { "type": "Polygon", "coordinates": [ [ [ 13.52072, 52.9818 ], [ 13.5203, 52.98183 ], [ 13.52001, 52.982 ], [ 13.51992, 52.98224 ], [ 13.52008, 52.98242 ], [ 13.52061, 52.98249 ], [ 13.52103, 52.98234 ], [ 13.52106, 52.98218 ], [ 13.52094, 52.98189 ], [ 13.52072, 52.9818 ] ] ] } },
{ "type": "Feature", "properties": { "boden": "100 % ziemlich arm, mäßig frisch (Z2)" }, "geometry": { "type": "Polygon", "coordinates": [ [ [ 13.52013, 52.98359 ], [ 13.51994, 52.98361 ], [ 13.51981, 52.9837 ], [ 13.51981, 52.9838 ], [ 13.5199, 52.98388 ], [ 13.52006, 52.98391 ], [ 13.52025, 52.98387 ], [ 13.52032, 52.98378 ], [ 13.52029, 52.98367 ], [ 13.52013, 52.98359 ] ] ] } },
{ "type": "Feature", "properties": { "boden": "100 % mittel, mäßig frisch (M2)" }, "geometry": { "type": "Polygon", "coordinates": [ [ [ 13.52669, 52.97863 ], [ 13.52709, 52.97873 ], [ 13.52719, 52.9786 ], [ 13.52706, 52.97844 ], [ 13.52684, 52.97841 ], [ 13.52669, 52.97863 ] ] ] } },
{ "type": "Feature", "properties": { "boden": "100 % ziemlich arm, nass (OZ3)" }, "geometry": { "type": "Polygon", "coordinates": [ [ [ 13.52877, 52.97917 ], [ 13.52788, 52.979 ], [ 13.52731, 52.97879 ], [ 13.52669, 52.97863 ], [ 13.52657, 52.97883 ], [ 13.52712, 52.97915 ], [ 13.52789, 52.97926 ], [ 13.52848, 52.97949 ], [ 13.52915, 52.97966 ], [ 13.52923, 52.97951 ], [ 13.52877, 52.97917 ] ] ] } },
{ "type": "Feature", "properties": { "boden": "100 % mittel, mäßig frisch (M2)" }, "geometry": { "type": "Polygon", "coordinates": [ [ [ 13.52877, 52.97917 ], [ 13.52905, 52.97938 ], [ 13.52882, 52.97909 ], [ 13.52849, 52.97896 ], [ 13.52833, 52.97896 ], [ 13.52832, 52.97908 ], [ 13.52877, 52.97917 ] ] ] } },
{ "type": "Feature", "properties": { "boden": "100 % mittel, mäßig frisch (M2)" }, "geometry": { "type": "Polygon", "coordinates": [ [ [ 13.53649, 52.98018 ], [ 13.5363, 52.98019 ], [ 13.53617, 52.98028 ], [ 13.53616, 52.98038 ], [ 13.53626, 52.98046 ], [ 13.53641, 52.98049 ], [ 13.5366, 52.98045 ], [ 13.53668, 52.98036 ], [ 13.53665, 52.98025 ], [ 13.53649, 52.98018 ] ] ] } },
{ "type": "Feature", "properties": { "boden": "100 % ziemlich arm, mäßig frisch (Z2)" }, "geometry": { "type": "Polygon", "coordinates": [ [ [ 13.53165, 52.98058 ], [ 13.53146, 52.98059 ], [ 13.53133, 52.98068 ], [ 13.53132, 52.98078 ], [ 13.53142, 52.98086 ], [ 13.53157, 52.9809 ], [ 13.53176, 52.98085 ], [ 13.53184, 52.98077 ], [ 13.53181, 52.98065 ], [ 13.53165, 52.98058 ] ] ] } },
{ "type": "Feature", "properties": { "boden": "100 % ziemlich arm, mäßig frisch (Z2)" }, "geometry": { "type": "Polygon", "coordinates": [ [ [ 13.53224, 52.9811 ], [ 13.53234, 52.98098 ], [ 13.53225, 52.98081 ], [ 13.53191, 52.98061 ], [ 13.53167, 52.98054 ], [ 13.53128, 52.98055 ], [ 13.53114, 52.98061 ], [ 13.53127, 52.98079 ], [ 13.53136, 52.98085 ], [ 13.5316, 52.98095 ], [ 13.53224, 52.9811 ] ], [ [ 13.53184, 52.98077 ], [ 13.53176, 52.98085 ], [ 13.53157, 52.9809 ], [ 13.53142, 52.98086 ], [ 13.53132, 52.98078 ], [ 13.53133, 52.98068 ], [ 13.53146, 52.98059 ], [ 13.53165, 52.98058 ], [ 13.53181, 52.98065 ], [ 13.53184, 52.98077 ] ] ] } },
{ "type": "Feature", "properties": { "boden": "100 % ziemlich arm, mäßig frisch (Z2)" }, "geometry": { "type": "Polygon", "coordinates": [ [ [ 13.53226, 52.98103 ], [ 13.53225, 52.98114 ], [ 13.53235, 52.98122 ], [ 13.5325, 52.98125 ], [ 13.53269, 52.9812 ], [ 13.53277, 52.98112 ], [ 13.53274, 52.98101 ], [ 13.53258, 52.98093 ], [ 13.53239, 52.98094 ], [ 13.53226, 52.98103 ] ] ] } },
{ "type": "Feature", "properties": { "boden": "100 % mittel, mäßig frisch (M2)" }, "geometry": { "type": "Polygon", "coordinates": [ [ [ 13.54013, 52.98206 ], [ 13.54011, 52.98197 ], [ 13.54024, 52.98188 ], [ 13.54043, 52.98186 ], [ 13.54054, 52.98191 ], [ 13.54075, 52.98178 ], [ 13.54089, 52.98175 ], [ 13.54091, 52.98165 ], [ 13.54066, 52.9816 ], [ 13.54027, 52.98179 ], [ 13.5398, 52.98193 ], [ 13.53984, 52.98201 ], [ 13.54006, 52.98208 ], [ 13.54013, 52.98206 ] ] ] } },
{ "type": "Feature", "properties": { "boden": "100 % ziemlich arm, trocken (vermutet) (Z3)" }, "geometry": { "type": "Polygon", "coordinates": [ [ [ 13.52603, 52.98154 ], [ 13.52571, 52.98158 ], [ 13.52627, 52.9818 ], [ 13.52654, 52.98185 ], [ 13.52677, 52.9818 ], [ 13.52666, 52.98167 ], [ 13.5265, 52.98161 ], [ 13.52603, 52.98154 ] ] ] } },
{ "type": "Feature", "properties": { "boden": "100 % ziemlich arm, trocken (vermutet) (Z3)" }, "geometry": { "type": "Polygon", "coordinates": [ [ [ 13.5294, 52.98168 ], [ 13.52911, 52.98174 ], [ 13.52995, 52.98192 ], [ 13.53023, 52.98188 ], [ 13.53009, 52.98179 ], [ 13.52968, 52.9817 ], [ 13.5294, 52.98168 ] ] ] } },
{ "type": "Feature", "properties": { "boden": "100 % ziemlich arm, trocken (vermutet) (Z3)" }, "geometry": { "type": "Polygon", "coordinates": [ [ [ 13.54873, 52.98255 ], [ 13.55084, 52.98214 ], [ 13.55095, 52.9821 ], [ 13.55101, 52.98201 ], [ 13.5508, 52.98187 ], [ 13.55026, 52.98182 ], [ 13.55003, 52.98208 ], [ 13.54967, 52.98225 ], [ 13.54907, 52.98231 ], [ 13.54855, 52.98244 ], [ 13.54825, 52.98245 ], [ 13.54823, 52.98249 ], [ 13.54831, 52.98254 ], [ 13.54873, 52.98255 ] ] ] } },
{ "type": "Feature", "properties": { "boden": "100 % mittel, mäßig frisch (M2)" }, "geometry": { "type": "Polygon", "coordinates": [ [ [ 13.55773, 52.98261 ], [ 13.55806, 52.98257 ], [ 13.55814, 52.98249 ], [ 13.55824, 52.98257 ], [ 13.55839, 52.98261 ], [ 13.55858, 52.98256 ], [ 13.55866, 52.98248 ], [ 13.55863, 52.98236 ], [ 13.55847, 52.98229 ], [ 13.55828, 52.9823 ], [ 13.55817, 52.98237 ], [ 13.55795, 52.98229 ], [ 13.55776, 52.98231 ], [ 13.5576, 52.9824 ], [ 13.55773, 52.98261 ] ] ] } },
{ "type": "Feature", "properties": { "boden": "100 % mittel, mäßig frisch (M2)" }, "geometry": { "type": "Polygon", "coordinates": [ [ [ 13.55939, 52.98239 ], [ 13.5592, 52.9824 ], [ 13.55907, 52.98249 ], [ 13.55906, 52.98259 ], [ 13.55916, 52.98267 ], [ 13.55931, 52.98271 ], [ 13.5595, 52.98266 ], [ 13.55958, 52.98258 ], [ 13.55955, 52.98246 ], [ 13.55939, 52.98239 ] ] ] } },
{ "type": "Feature", "properties": { "boden": "100 % mittel, mäßig frisch (M2)" }, "geometry": { "type": "Polygon", "coordinates": [ [ [ 13.56041, 52.98253 ], [ 13.56022, 52.98254 ], [ 13.56009, 52.98263 ], [ 13.56009, 52.98273 ], [ 13.56018, 52.98281 ], [ 13.56034, 52.98284 ], [ 13.56053, 52.9828 ], [ 13.5606, 52.98271 ], [ 13.56057, 52.9826 ], [ 13.56041, 52.98253 ] ] ] } },
{ "type": "Feature", "properties": { "boden": "100 % ziemlich arm, trocken (vermutet) (Z3)" }, "geometry": { "type": "Polygon", "coordinates": [ [ [ 13.54657, 52.98249 ], [ 13.54568, 52.98269 ], [ 13.54561, 52.98273 ], [ 13.54563, 52.9828 ], [ 13.54588, 52.98282 ], [ 13.54646, 52.98271 ], [ 13.54666, 52.98263 ], [ 13.54666, 52.98254 ], [ 13.54657, 52.98249 ] ] ] } },
{ "type": "Feature", "properties": { "boden": "100 % mittel, nass (OM3)" }, "geometry": { "type": "Polygon", "coordinates": [ [ [ 13.55685, 52.98356 ], [ 13.55635, 52.98338 ], [ 13.55565, 52.98325 ], [ 13.55548, 52.98312 ], [ 13.55527, 52.98274 ], [ 13.55543, 52.9824 ], [ 13.55579, 52.98234 ], [ 13.55664, 52.9825 ], [ 13.55773, 52.98261 ], [ 13.55753, 52.98229 ], [ 13.55549, 52.98194 ], [ 13.55488, 52.98216 ], [ 13.55534, 52.98238 ], [ 13.55503, 52.98273 ], [ 13.55435, 52.98278 ], [ 13.5544, 52.98304 ], [ 13.55477, 52.98322 ], [ 13.55529, 52.98337 ], [ 13.5569, 52.98374 ], [ 13.55685, 52.98356 ] ] ] } },
{ "type": "Feature", "properties": { "boden": "100 % ziemlich arm, mäßig frisch (Z2)" }, "geometry": { "type": "Polygon", "coordinates": [ [ [ 13.54629, 52.98313 ], [ 13.54717, 52.98305 ], [ 13.54712, 52.98292 ], [ 13.54724, 52.9826 ], [ 13.5471, 52.98265 ], [ 13.54683, 52.98293 ], [ 13.5466, 52.98301 ], [ 13.54627, 52.98305 ], [ 13.5462, 52.9831 ], [ 13.54629, 52.98313 ] ] ] } },
{ "type": "Feature", "properties": { "boden": "100 % ziemlich arm, nass (OZ3)" }, "geometry": { "type": "Polygon", "coordinates": [ [ [ 13.54708, 52.98307 ], [ 13.54629, 52.98313 ], [ 13.54586, 52.98324 ], [ 13.54451, 52.98319 ], [ 13.54435, 52.98341 ], [ 13.54466, 52.98351 ], [ 13.54568, 52.98353 ], [ 13.54612, 52.98337 ], [ 13.54663, 52.98344 ], [ 13.54708, 52.98307 ] ] ] } },
{ "type": "Feature", "properties": { "boden": "100 % ziemlich arm, mäßig frisch (Z2)" }, "geometry": { "type": "Polygon", "coordinates": [ [ [ 13.54451, 52.98319 ], [ 13.54524, 52.98323 ], [ 13.54556, 52.98317 ], [ 13.54495, 52.98308 ], [ 13.54452, 52.98309 ], [ 13.54437, 52.98315 ], [ 13.54418, 52.98332 ], [ 13.54415, 52.98347 ], [ 13.54424, 52.98357 ], [ 13.54451, 52.98319 ] ] ] } },
{ "type": "Feature", "properties": { "boden": "100 % mittel, mäßig frisch (M2)" }, "geometry": { "type": "Polygon", "coordinates": [ [ [ 13.55688, 52.98367 ], [ 13.557, 52.98385 ], [ 13.55715, 52.98389 ], [ 13.55734, 52.98384 ], [ 13.55742, 52.98376 ], [ 13.55739, 52.98364 ], [ 13.55723, 52.98357 ], [ 13.55704, 52.98358 ], [ 13.55688, 52.98367 ] ] ] } },
{ "type": "Feature", "properties": { "boden": "100 % mittel, mäßig frisch (M2)" }, "geometry": { "type": "Polygon", "coordinates": [ [ [ 13.54043, 52.98186 ], [ 13.54024, 52.98188 ], [ 13.54011, 52.98197 ], [ 13.54014, 52.98207 ], [ 13.54054, 52.98191 ], [ 13.54043, 52.98186 ] ] ] } },
{ "type": "Feature", "properties": { "boden": "100 % mittel, mäßig frisch (M2)" }, "geometry": { "type": "Polygon", "coordinates": [ [ [ 13.54054, 52.98191 ], [ 13.54014, 52.98207 ], [ 13.54023, 52.98216 ], [ 13.54035, 52.98218 ], [ 13.54054, 52.98214 ], [ 13.54062, 52.98205 ], [ 13.54059, 52.98194 ], [ 13.54054, 52.98191 ] ] ] } },
{ "type": "Feature", "properties": { "boden": "100 % mittel, mäßig frisch (M2)" }, "geometry": { "type": "Polygon", "coordinates": [ [ [ 13.5413, 52.98199 ], [ 13.54098, 52.9821 ], [ 13.54087, 52.98219 ], [ 13.54088, 52.98228 ], [ 13.54097, 52.98233 ], [ 13.54129, 52.98233 ], [ 13.5415, 52.98224 ], [ 13.54155, 52.98212 ], [ 13.5414, 52.982 ], [ 13.5413, 52.98199 ] ] ] } },
{ "type": "Feature", "properties": { "boden": "100 % mittel, mäßig frisch (M2)" }, "geometry": { "type": "Polygon", "coordinates": [ [ [ 13.53991, 52.98201 ], [ 13.53972, 52.98202 ], [ 13.53959, 52.98211 ], [ 13.53958, 52.98221 ], [ 13.53968, 52.98229 ], [ 13.53983, 52.98232 ], [ 13.54002, 52.98228 ], [ 13.5401, 52.98219 ], [ 13.53991, 52.98201 ] ] ] } },
{ "type": "Feature", "properties": { "boden": "100 % ziemlich arm, trocken (vermutet) (Z3)" }, "geometry": { "type": "Polygon", "coordinates": [ [ [ 13.53331, 52.98227 ], [ 13.53308, 52.98237 ], [ 13.53318, 52.98246 ], [ 13.53369, 52.98256 ], [ 13.53391, 52.98255 ], [ 13.53393, 52.98242 ], [ 13.5338, 52.98231 ], [ 13.53331, 52.98227 ] ] ] } },
{ "type": "Feature", "properties": { "boden": "100 % mittel, mäßig frisch (M2)" }, "geometry": { "type": "Polygon", "coordinates": [ [ [ 13.5412, 52.98238 ], [ 13.54101, 52.98239 ], [ 13.54087, 52.98248 ], [ 13.54087, 52.98258 ], [ 13.54097, 52.98266 ], [ 13.54112, 52.98269 ], [ 13.54131, 52.98265 ], [ 13.54139, 52.98256 ], [ 13.54136, 52.98245 ], [ 13.5412, 52.98238 ] ] ] } },
{ "type": "Feature", "properties": { "boden": "100 % ziemlich arm, trocken (vermutet) (Z3)" }, "geometry": { "type": "Polygon", "coordinates": [ [ [ 13.54359, 52.98271 ], [ 13.54332, 52.98277 ], [ 13.54327, 52.98286 ], [ 13.54378, 52.98303 ], [ 13.54402, 52.98302 ], [ 13.544, 52.98281 ], [ 13.54383, 52.98272 ], [ 13.54359, 52.98271 ] ] ] } },
{ "type": "Feature", "properties": { "boden": "100 % ziemlich arm, mäßig frisch (Z2)" }, "geometry": { "type": "Polygon", "coordinates": [ [ [ 13.54275, 52.98302 ], [ 13.54186, 52.983 ], [ 13.54169, 52.98305 ], [ 13.54191, 52.98316 ], [ 13.54239, 52.9832 ], [ 13.54274, 52.98316 ], [ 13.54286, 52.98308 ], [ 13.54275, 52.98302 ] ] ] } },
{ "type": "Feature", "properties": { "boden": "100 % ziemlich arm, nass (OZ3)" }, "geometry": { "type": "Polygon", "coordinates": [ [ [ 13.5383, 52.98237 ], [ 13.53748, 52.98266 ], [ 13.537, 52.98293 ], [ 13.53659, 52.98281 ], [ 13.53645, 52.98268 ], [ 13.53598, 52.98275 ], [ 13.53611, 52.98296 ], [ 13.53624, 52.98302 ], [ 13.53668, 52.9831 ], [ 13.53772, 52.98344 ], [ 13.53864, 52.98364 ], [ 13.53887, 52.98383 ], [ 13.53957, 52.98391 ], [ 13.54002, 52.98388 ], [ 13.54012, 52.98349 ], [ 13.53933, 52.98278 ], [ 13.5383, 52.98237 ] ] ] } },
{ "type": "Feature", "properties": { "boden": "100 % ziemlich arm, trocken (vermutet) (Z3)" }, "geometry": { "type": "Polygon", "coordinates": [ [ [ 13.53638, 52.9832 ], [ 13.53623, 52.98323 ], [ 13.53621, 52.98328 ], [ 13.53639, 52.98339 ], [ 13.53671, 52.98339 ], [ 13.5368, 52.98335 ], [ 13.53671, 52.98326 ], [ 13.53638, 52.9832 ] ] ] } },
{ "type": "Feature", "properties": { "boden": "100 % mittel, mäßig frisch (M2)" }, "geometry": { "type": "Polygon", "coordinates": [ [ [ 13.55808, 52.98379 ], [ 13.55789, 52.9838 ], [ 13.55776, 52.98389 ], [ 13.55775, 52.984 ], [ 13.55785, 52.98408 ], [ 13.558, 52.98411 ], [ 13.55819, 52.98407 ], [ 13.55827, 52.98398 ], [ 13.55824, 52.98387 ], [ 13.55808, 52.98379 ] ] ] } },
{ "type": "Feature", "properties": { "boden": "100 % ziemlich arm, nass (OZ3)" }, "geometry": { "type": "Polygon", "coordinates": [ [ [ 13.54774, 52.98367 ], [ 13.54754, 52.98368 ], [ 13.54741, 52.98377 ], [ 13.54741, 52.98387 ], [ 13.5475, 52.98395 ], [ 13.54766, 52.98399 ], [ 13.54785, 52.98394 ], [ 13.54793, 52.98386 ], [ 13.5479, 52.98374 ], [ 13.54774, 52.98367 ] ] ] } },
{ "type": "Feature", "properties": { "boden": "100 % ziemlich arm, mäßig frisch (Z2)" }, "geometry": { "type": "Polygon", "coordinates": [ [ [ 13.54528, 52.98447 ], [ 13.54508, 52.98448 ], [ 13.54495, 52.98457 ], [ 13.54495, 52.98467 ], [ 13.54505, 52.98475 ], [ 13.5452, 52.98478 ], [ 13.54539, 52.98474 ], [ 13.54547, 52.98465 ], [ 13.54544, 52.98454 ], [ 13.54528, 52.98447 ] ] ] } },
{ "type": "Feature", "properties": { "boden": "100 % ziemlich arm, mäßig frisch (Z2)" }, "geometry": { "type": "Polygon", "coordinates": [ [ [ 13.54588, 52.98468 ], [ 13.54569, 52.98469 ], [ 13.54556, 52.98478 ], [ 13.54555, 52.98488 ], [ 13.54565, 52.98496 ], [ 13.5458, 52.985 ], [ 13.54599, 52.98495 ], [ 13.54607, 52.98487 ], [ 13.54604, 52.98475 ], [ 13.54588, 52.98468 ] ] ] } },
{ "type": "Feature", "properties": { "boden": "100 % mittel, mäßig frisch (M2)" }, "geometry": { "type": "Polygon", "coordinates": [ [ [ 13.56029, 52.98544 ], [ 13.5601, 52.98545 ], [ 13.55997, 52.98554 ], [ 13.55996, 52.98564 ], [ 13.56006, 52.98572 ], [ 13.56021, 52.98576 ], [ 13.5604, 52.98571 ], [ 13.56048, 52.98563 ], [ 13.56045, 52.98551 ], [ 13.56029, 52.98544 ] ] ] } },
{ "type": "Feature", "properties": { "boden": "100 % ziemlich arm, nass (OZ3)" }, "geometry": { "type": "Polygon", "coordinates": [ [ [ 13.54663, 52.98344 ], [ 13.54677, 52.98346 ], [ 13.54687, 52.98354 ], [ 13.54705, 52.98389 ], [ 13.54647, 52.98414 ], [ 13.54595, 52.98418 ], [ 13.54537, 52.984 ], [ 13.54568, 52.98353 ], [ 13.54466, 52.98351 ], [ 13.54435, 52.98341 ], [ 13.54412, 52.98374 ], [ 13.54601, 52.98457 ], [ 13.54614, 52.98475 ], [ 13.54615, 52.985 ], [ 13.54513, 52.98526 ], [ 13.54417, 52.98602 ], [ 13.5435, 52.98626 ], [ 13.54217, 52.98619 ], [ 13.54267, 52.98629 ], [ 13.54278, 52.98642 ], [ 13.54272, 52.98673 ], [ 13.54282, 52.98699 ], [ 13.54207, 52.98743 ], [ 13.54232, 52.98768 ], [ 13.54332, 52.98782 ], [ 13.54433, 52.98742 ], [ 13.54508, 52.98741 ], [ 13.54552, 52.98726 ], [ 13.54556, 52.98692 ], [ 13.54526, 52.98648 ], [ 13.54483, 52.98621 ], [ 13.54495, 52.98587 ], [ 13.54566, 52.98552 ], [ 13.54704, 52.98506 ], [ 13.54744, 52.98439 ], [ 13.54818, 52.98426 ], [ 13.54845, 52.98425 ], [ 13.54914, 52.98394 ], [ 13.54938, 52.98371 ], [ 13.54933, 52.98362 ], [ 13.54899, 52.98355 ], [ 13.54818, 52.98351 ], [ 13.54776, 52.98356 ], [ 13.54743, 52.98351 ], [ 13.54708, 52.98307 ], [ 13.54663, 52.98344 ] ], [ [ 13.54793, 52.98386 ], [ 13.54785, 52.98394 ], [ 13.54766, 52.98399 ], [ 13.5475, 52.98395 ], [ 13.54741, 52.98387 ], [ 13.54741, 52.98377 ], [ 13.54754, 52.98368 ], [ 13.54774, 52.98367 ], [ 13.5479, 52.98374 ], [ 13.54793, 52.98386 ] ] ] } },
{ "type": "Feature", "properties": { "boden": "100 % ziemlich arm, nass (OZ3)" }, "geometry": { "type": "Polygon", "coordinates": [ [ [ 13.55189, 52.98619 ], [ 13.55063, 52.98624 ], [ 13.5507, 52.98638 ], [ 13.55109, 52.98665 ], [ 13.55128, 52.98671 ], [ 13.55194, 52.98679 ], [ 13.55265, 52.98679 ], [ 13.55335, 52.98657 ], [ 13.55341, 52.98651 ], [ 13.55324, 52.98622 ], [ 13.55189, 52.98619 ] ] ] } },
{ "type": "Feature", "properties": { "boden": "100 % mittel, mäßig frisch (M2)" }, "geometry": { "type": "Polygon", "coordinates": [ [ [ 13.55408, 52.98663 ], [ 13.55388, 52.98664 ], [ 13.55375, 52.98673 ], [ 13.55375, 52.98683 ], [ 13.55384, 52.98691 ], [ 13.554, 52.98694 ], [ 13.55419, 52.9869 ], [ 13.55427, 52.98681 ], [ 13.55423, 52.9867 ], [ 13.55408, 52.98663 ] ] ] } },
{ "type": "Feature", "properties": { "boden": "100 % mittel, mäßig frisch (M2)" }, "geometry": { "type": "Polygon", "coordinates": [ [ [ 13.55462, 52.98684 ], [ 13.55443, 52.98685 ], [ 13.5543, 52.98694 ], [ 13.5543, 52.98704 ], [ 13.55439, 52.98712 ], [ 13.55455, 52.98716 ], [ 13.55474, 52.98711 ], [ 13.55481, 52.98703 ], [ 13.55478, 52.98691 ], [ 13.55462, 52.98684 ] ] ] } },
{ "type": "Feature", "properties": { "boden": "100 % mittel, mäßig frisch (M2)" }, "geometry": { "type": "Polygon", "coordinates": [ [ [ 13.55512, 52.98706 ], [ 13.55493, 52.98707 ], [ 13.5548, 52.98716 ], [ 13.55479, 52.98726 ], [ 13.55489, 52.98734 ], [ 13.55504, 52.98738 ], [ 13.55523, 52.98733 ], [ 13.55531, 52.98725 ], [ 13.55528, 52.98713 ], [ 13.55512, 52.98706 ] ] ] } },
{ "type": "Feature", "properties": { "boden": "100 % ziemlich arm, nass (OZ2)" }, "geometry": { "type": "Polygon", "coordinates": [ [ [ 13.56218, 52.98567 ], [ 13.56342, 52.9851 ], [ 13.56444, 52.98496 ], [ 13.56515, 52.98492 ], [ 13.56542, 52.98472 ], [ 13.56548, 52.98457 ], [ 13.56545, 52.98415 ], [ 13.56531, 52.98396 ], [ 13.56493, 52.98377 ], [ 13.56462, 52.9837 ], [ 13.56397, 52.98373 ], [ 13.56355, 52.98369 ], [ 13.56232, 52.98374 ], [ 13.56134, 52.98389 ], [ 13.56069, 52.98392 ], [ 13.56, 52.98405 ], [ 13.55946, 52.98426 ], [ 13.5592, 52.98449 ], [ 13.55925, 52.98467 ], [ 13.5595, 52.98494 ], [ 13.55987, 52.98514 ], [ 13.56019, 52.9851 ], [ 13.56083, 52.98515 ], [ 13.56122, 52.9854 ], [ 13.56218, 52.98567 ] ], [ [ 13.5644, 52.98399 ], [ 13.56444, 52.98446 ], [ 13.56421, 52.9846 ], [ 13.56322, 52.98478 ], [ 13.56262, 52.98459 ], [ 13.56247, 52.98414 ], [ 13.5644, 52.98399 ] ] ] } },
{ "type": "Feature", "properties": { "boden": "100 % mittel, mäßig frisch (M2)" }, "geometry": { "type": "Polygon", "coordinates": [ [ [ 13.56444, 52.98496 ], [ 13.56436, 52.98502 ], [ 13.56436, 52.98512 ], [ 13.56445, 52.9852 ], [ 13.56461, 52.98524 ], [ 13.56479, 52.98519 ], [ 13.56487, 52.98511 ], [ 13.56484, 52.98499 ], [ 13.56474, 52.98495 ], [ 13.56444, 52.98496 ] ] ] } },
{ "type": "Feature", "properties": { "boden": "100 % mittel, mäßig frisch (M2)" }, "geometry": { "type": "Polygon", "coordinates": [ [ [ 13.57447, 52.98513 ], [ 13.57428, 52.98514 ], [ 13.57415, 52.98523 ], [ 13.57414, 52.98533 ], [ 13.57424, 52.98541 ], [ 13.57439, 52.98545 ], [ 13.57458, 52.9854 ], [ 13.57466, 52.98532 ], [ 13.57463, 52.9852 ], [ 13.57447, 52.98513 ] ] ] } },
{ "type": "Feature", "properties": { "boden": "100 % mittel, trocken (vermutet) (M3)" }, "geometry": { "type": "Polygon", "coordinates": [ [ [ 13.56547, 52.98524 ], [ 13.56485, 52.98519 ], [ 13.56433, 52.98532 ], [ 13.56356, 52.98534 ], [ 13.56347, 52.98537 ], [ 13.56337, 52.98551 ], [ 13.56383, 52.98552 ], [ 13.56449, 52.9854 ], [ 13.56561, 52.98531 ], [ 13.56547, 52.98524 ] ] ] } },
{ "type": "Feature", "properties": { "boden": "100 % mittel, mäßig frisch (M2)" }, "geometry": { "type": "Polygon", "coordinates": [ [ [ 13.56288, 52.98535 ], [ 13.56298, 52.98548 ], [ 13.56313, 52.98552 ], [ 13.56332, 52.98547 ], [ 13.5634, 52.98539 ], [ 13.56337, 52.98527 ], [ 13.56321, 52.9852 ], [ 13.56288, 52.98535 ] ] ] } },
{ "type": "Feature", "properties": { "boden": "100 % mittel, mäßig frisch (M2)" }, "geometry": { "type": "Polygon", "coordinates": [ [ [ 13.56864, 52.98542 ], [ 13.56845, 52.98543 ], [ 13.56832, 52.98552 ], [ 13.56831, 52.98563 ], [ 13.56841, 52.98571 ], [ 13.56856, 52.98574 ], [ 13.56875, 52.9857 ], [ 13.56883, 52.98561 ], [ 13.5688, 52.9855 ], [ 13.56864, 52.98542 ] ] ] } },
{ "type": "Feature", "properties": { "boden": "100 % mittel, mäßig frisch (M2)" }, "geometry": { "type": "Polygon", "coordinates": [ [ [ 13.5623, 52.98561 ], [ 13.5623, 52.98569 ], [ 13.56249, 52.98582 ], [ 13.56236, 52.98591 ], [ 13.56236, 52.98602 ], [ 13.56245, 52.9861 ], [ 13.56261, 52.98613 ], [ 13.5628, 52.98608 ], [ 13.56288, 52.986 ], [ 13.56274, 52.98576 ], [ 13.56282, 52.98567 ], [ 13.56278, 52.98556 ], [ 13.56258, 52.98549 ], [ 13.5623, 52.98561 ] ] ] } },
{ "type": "Feature", "properties": { "boden": "100 % mittel, mäßig frisch (M2)" }, "geometry": { "type": "Polygon", "coordinates": [ [ [ 13.59322, 52.99308 ], [ 13.59375, 52.9928 ], [ 13.59534, 52.9924 ], [ 13.59646, 52.99177 ], [ 13.59804, 52.99133 ], [ 13.59984, 52.99111 ], [ 13.60115, 52.99116 ], [ 13.60123, 52.99086 ], [ 13.60054, 52.99072 ], [ 13.59881, 52.99058 ], [ 13.5965, 52.99075 ], [ 13.59444, 52.99065 ], [ 13.5901, 52.98999 ], [ 13.58983, 52.98978 ], [ 13.58957, 52.98939 ], [ 13.58923, 52.98909 ], [ 13.58934, 52.98885 ], [ 13.58892, 52.98856 ], [ 13.58853, 52.98793 ], [ 13.58847, 52.98751 ], [ 13.58774, 52.98696 ], [ 13.58759, 52.98674 ], [ 13.58767, 52.98628 ], [ 13.58819, 52.98595 ], [ 13.58857, 52.98585 ], [ 13.58923, 52.98545 ], [ 13.58941, 52.98517 ], [ 13.58925, 52.98502 ], [ 13.58896, 52.98491 ], [ 13.5887, 52.98491 ], [ 13.58788, 52.98458 ], [ 13.58762, 52.98425 ], [ 13.58772, 52.98393 ], [ 13.58742, 52.98359 ], [ 13.58663, 52.98311 ], [ 13.5856, 52.98269 ], [ 13.58593, 52.98266 ], [ 13.58586, 52.98262 ], [ 13.58554, 52.98247 ], [ 13.58541, 52.98259 ], [ 13.58521, 52.98264 ], [ 13.585, 52.98258 ], [ 13.58493, 52.98246 ], [ 13.585, 52.98235 ], [ 13.58518, 52.98229 ], [ 13.58485, 52.98213 ], [ 13.5841, 52.98225 ], [ 13.58358, 52.98221 ], [ 13.58331, 52.98181 ], [ 13.58355, 52.98153 ], [ 13.58345, 52.98114 ], [ 13.58322, 52.98088 ], [ 13.58247, 52.98072 ], [ 13.5814, 52.98076 ], [ 13.58047, 52.98086 ], [ 13.57986, 52.98082 ], [ 13.57929, 52.98072 ], [ 13.57909, 52.98061 ], [ 13.5789, 52.98038 ], [ 13.57886, 52.98013 ], [ 13.57891, 52.97971 ], [ 13.57849, 52.9797 ], [ 13.57804, 52.97973 ], [ 13.57721, 52.97993 ], [ 13.57623, 52.9804 ], [ 13.57555, 52.9806 ], [ 13.57402, 52.98075 ], [ 13.5735, 52.98076 ], [ 13.57313, 52.98068 ], [ 13.5725, 52.98036 ], [ 13.57176, 52.97973 ], [ 13.57146, 52.97925 ], [ 13.57063, 52.97933 ], [ 13.56872, 52.97994 ], [ 13.56724, 52.98018 ], [ 13.56677, 52.9803 ], [ 13.56637, 52.98045 ], [ 13.56592, 52.98073 ], [ 13.56487, 52.98099 ], [ 13.55699, 52.98155 ], [ 13.55589, 52.98175 ], [ 13.5561, 52.98179 ], [ 13.55631, 52.98193 ], [ 13.55633, 52.98201 ], [ 13.5562, 52.98206 ], [ 13.55753, 52.98229 ], [ 13.5576, 52.9824 ], [ 13.55776, 52.98231 ], [ 13.55795, 52.98229 ], [ 13.55817, 52.98237 ], [ 13.55828, 52.9823 ], [ 13.55847, 52.98229 ], [ 13.55863, 52.98236 ], [ 13.55866, 52.98248 ], [ 13.55858, 52.98256 ], [ 13.55839, 52.98261 ], [ 13.55824, 52.98257 ], [ 13.55814, 52.98249 ], [ 13.55806, 52.98257 ], [ 13.55787, 52.98261 ], [ 13.55744, 52.98261 ], [ 13.55579, 52.98234 ], [ 13.55543, 52.9824 ], [ 13.55527, 52.98274 ], [ 13.55548, 52.98312 ], [ 13.55565, 52.98325 ], [ 13.55635, 52.98338 ], [ 13.55685, 52.98356 ], [ 13.55688, 52.98367 ], [ 13.55704, 52.98358 ], [ 13.55723, 52.98357 ], [ 13.55739, 52.98364 ], [ 13.55742, 52.98376 ], [ 13.55734, 52.98384 ], [ 13.55715, 52.98389 ], [ 13.557, 52.98385 ], [ 13.5569, 52.98374 ], [ 13.55529, 52.98337 ], [ 13.55477, 52.98322 ], [ 13.5544, 52.98304 ], [ 13.55435, 52.98278 ], [ 13.55503, 52.98273 ], [ 13.55534, 52.98238 ], [ 13.55501, 52.98225 ], [ 13.55488, 52.98216 ], [ 13.55497, 52.98212 ], [ 13.55463, 52.9821 ], [ 13.55434, 52.98194 ], [ 13.55282, 52.98214 ], [ 13.55154, 52.98224 ], [ 13.55008, 52.98265 ], [ 13.54847, 52.9827 ], [ 13.54708, 52.98307 ], [ 13.54743, 52.98351 ], [ 13.54776, 52.98356 ], [ 13.54818, 52.98351 ], [ 13.54899, 52.98355 ], [ 13.54933, 52.98362 ], [ 13.54938, 52.98371 ], [ 13.54914, 52.98394 ], [ 13.54845, 52.98425 ], [ 13.54818, 52.98426 ], [ 13.54744, 52.98439 ], [ 13.54704, 52.98506 ], [ 13.54566, 52.98552 ], [ 13.54495, 52.98587 ], [ 13.54483, 52.98621 ], [ 13.54526, 52.98648 ], [ 13.54556, 52.98692 ], [ 13.54552, 52.98726 ], [ 13.54508, 52.98741 ], [ 13.54433, 52.98742 ], [ 13.54332, 52.98782 ], [ 13.54232, 52.98768 ], [ 13.54207, 52.98743 ], [ 13.54211, 52.98761 ], [ 13.54064, 52.98794 ], [ 13.54021, 52.988 ], [ 13.5382, 52.98811 ], [ 13.53609, 52.98813 ], [ 13.53509, 52.9884 ], [ 13.53309, 52.98876 ], [ 13.53215, 52.98899 ], [ 13.53136, 52.98924 ], [ 13.53057, 52.98963 ], [ 13.532, 52.98943 ], [ 13.5405, 52.98885 ], [ 13.54114, 52.99111 ], [ 13.5409, 52.99153 ], [ 13.54134, 52.99204 ], [ 13.54136, 52.99246 ], [ 13.54177, 52.99243 ], [ 13.54286, 52.99204 ], [ 13.54215, 52.99199 ], [ 13.54231, 52.99183 ], [ 13.54278, 52.99182 ], [ 13.5431, 52.99194 ], [ 13.54325, 52.9919 ], [ 13.54289, 52.99152 ], [ 13.54248, 52.99027 ], [ 13.54407, 52.99024 ], [ 13.54487, 52.99011 ], [ 13.54569, 52.98992 ], [ 13.54678, 52.98976 ], [ 13.54769, 52.98976 ], [ 13.54822, 52.9896 ], [ 13.54763, 52.989 ], [ 13.5469, 52.98878 ], [ 13.54681, 52.98861 ], [ 13.54629, 52.98841 ], [ 13.5454, 52.98854 ], [ 13.54465, 52.98848 ], [ 13.54459, 52.98834 ], [ 13.54464, 52.98803 ], [ 13.54505, 52.98788 ], [ 13.5453, 52.9879 ], [ 13.5459, 52.98813 ], [ 13.54701, 52.98834 ], [ 13.54762, 52.98828 ], [ 13.54778, 52.98833 ], [ 13.54785, 52.98874 ], [ 13.54798, 52.98893 ], [ 13.54831, 52.98898 ], [ 13.54878, 52.98945 ], [ 13.55006, 52.98918 ], [ 13.5519, 52.98897 ], [ 13.55301, 52.98872 ], [ 13.55425, 52.98865 ], [ 13.55758, 52.98889 ], [ 13.55942, 52.98889 ], [ 13.56148, 52.98922 ], [ 13.56463, 52.98941 ], [ 13.56655, 52.98979 ], [ 13.5678, 52.99015 ], [ 13.56929, 52.99078 ], [ 13.57022, 52.99101 ], [ 13.57136, 52.99107 ], [ 13.57254, 52.99136 ], [ 13.57384, 52.99153 ], [ 13.57325, 52.99318 ], [ 13.57376, 52.99334 ], [ 13.57385, 52.99332 ], [ 13.5751, 52.99193 ], [ 13.57608, 52.99167 ], [ 13.57742, 52.99033 ], [ 13.57719, 52.98954 ], [ 13.57737, 52.9894 ], [ 13.58785, 52.98853 ], [ 13.5888, 52.98949 ], [ 13.59159, 52.99361 ], [ 13.59296, 52.99355 ], [ 13.5928, 52.99317 ], [ 13.59322, 52.99308 ] ], [ [ 13.59487, 52.99145 ], [ 13.59509, 52.99179 ], [ 13.59532, 52.99179 ], [ 13.59541, 52.99196 ], [ 13.59516, 52.99204 ], [ 13.59529, 52.9923 ], [ 13.59361, 52.99261 ], [ 13.59321, 52.99173 ], [ 13.59487, 52.99145 ] ], [ [ 13.5935, 52.99138 ], [ 13.5933, 52.99133 ], [ 13.59326, 52.99127 ], [ 13.59309, 52.99131 ], [ 13.59288, 52.99125 ], [ 13.59281, 52.99113 ], [ 13.59252, 52.99116 ], [ 13.5922, 52.99103 ], [ 13.592, 52.99108 ], [ 13.59179, 52.99102 ], [ 13.59172, 52.9909 ], [ 13.59179, 52.99079 ], [ 13.59202, 52.99073 ], [ 13.59221, 52.99078 ], [ 13.59231, 52.99087 ], [ 13.59254, 52.99082 ], [ 13.59273, 52.99087 ], [ 13.59288, 52.99102 ], [ 13.59311, 52.99096 ], [ 13.5933, 52.99102 ], [ 13.59334, 52.99109 ], [ 13.59353, 52.99104 ], [ 13.59371, 52.99109 ], [ 13.5938, 52.99121 ], [ 13.59371, 52.99134 ], [ 13.5935, 52.99138 ] ], [ [ 13.5992, 52.99094 ], [ 13.59705, 52.99102 ], [ 13.59581, 52.99101 ], [ 13.59484, 52.99096 ], [ 13.59441, 52.99088 ], [ 13.59475, 52.99084 ], [ 13.5971, 52.99088 ], [ 13.59863, 52.99073 ], [ 13.59931, 52.99082 ], [ 13.59939, 52.99091 ], [ 13.5992, 52.99094 ] ], [ [ 13.59111, 52.99085 ], [ 13.59075, 52.99072 ], [ 13.59055, 52.99077 ], [ 13.59034, 52.99071 ], [ 13.59027, 52.99058 ], [ 13.59034, 52.99048 ], [ 13.59057, 52.99042 ], [ 13.5909, 52.99056 ], [ 13.59113, 52.9905 ], [ 13.59131, 52.99055 ], [ 13.5914, 52.99068 ], [ 13.59131, 52.9908 ], [ 13.59111, 52.99085 ] ], [ [ 13.56632, 52.988 ], [ 13.56568, 52.98763 ], [ 13.56577, 52.98751 ], [ 13.56601, 52.98747 ], [ 13.56649, 52.98749 ], [ 13.56659, 52.98755 ], [ 13.56656, 52.98759 ], [ 13.5668, 52.98755 ], [ 13.56841, 52.98801 ], [ 13.56873, 52.98807 ], [ 13.56938, 52.98869 ], [ 13.57019, 52.98891 ], [ 13.57277, 52.98911 ], [ 13.5734, 52.98972 ], [ 13.57346, 52.99 ], [ 13.57164, 52.99061 ], [ 13.57057, 52.99067 ], [ 13.57035, 52.99011 ], [ 13.56877, 52.98948 ], [ 13.56744, 52.98857 ], [ 13.56668, 52.9884 ], [ 13.56632, 52.988 ] ], [ [ 13.55233, 52.98788 ], [ 13.55225, 52.98797 ], [ 13.55206, 52.98801 ], [ 13.55191, 52.98798 ], [ 13.55181, 52.9879 ], [ 13.55181, 52.98779 ], [ 13.55195, 52.9877 ], [ 13.55214, 52.98769 ], [ 13.5523, 52.98777 ], [ 13.55233, 52.98788 ] ], [ [ 13.54907, 52.98864 ], [ 13.54899, 52.98872 ], [ 13.5488, 52.98877 ], [ 13.54865, 52.98873 ], [ 13.54855, 52.98865 ], [ 13.54856, 52.98855 ], [ 13.54869, 52.98846 ], [ 13.54888, 52.98845 ], [ 13.54904, 52.98852 ], [ 13.54907, 52.98864 ] ], [ [ 13.5756, 52.99055 ], [ 13.57552, 52.99064 ], [ 13.57533, 52.99068 ], [ 13.57517, 52.99065 ], [ 13.57508, 52.99057 ], [ 13.57508, 52.99047 ], [ 13.57521, 52.99038 ], [ 13.57541, 52.99037 ], [ 13.57556, 52.99044 ], [ 13.5756, 52.99055 ] ], [ [ 13.58505, 52.98767 ], [ 13.58497, 52.98776 ], [ 13.58478, 52.9878 ], [ 13.58463, 52.98777 ], [ 13.58453, 52.98769 ], [ 13.58453, 52.98759 ], [ 13.58466, 52.9875 ], [ 13.58486, 52.98748 ], [ 13.58502, 52.98756 ], [ 13.58505, 52.98767 ] ], [ [ 13.58601, 52.98692 ], [ 13.58604, 52.98702 ], [ 13.58582, 52.98738 ], [ 13.58565, 52.98747 ], [ 13.5853, 52.98749 ], [ 13.58518, 52.98741 ], [ 13.58523, 52.98707 ], [ 13.58548, 52.98685 ], [ 13.58587, 52.98684 ], [ 13.58601, 52.98692 ] ], [ [ 13.57868, 52.98689 ], [ 13.5786, 52.98698 ], [ 13.57841, 52.98702 ], [ 13.57825, 52.98699 ], [ 13.57816, 52.98691 ], [ 13.57816, 52.98681 ], [ 13.57829, 52.98672 ], [ 13.57848, 52.98671 ], [ 13.57864, 52.98678 ], [ 13.57868, 52.98689 ] ], [ [ 13.55341, 52.98651 ], [ 13.55335, 52.98657 ], [ 13.55265, 52.98679 ], [ 13.55194, 52.98679 ], [ 13.55128, 52.98671 ], [ 13.55109, 52.98665 ], [ 13.5507, 52.98638 ], [ 13.55063, 52.98624 ], [ 13.55189, 52.98619 ], [ 13.55324, 52.98622 ], [ 13.55341, 52.98651 ] ], [ [ 13.55427, 52.98681 ], [ 13.55419, 52.9869 ], [ 13.554, 52.98694 ], [ 13.55384, 52.98691 ], [ 13.55375, 52.98683 ], [ 13.55375, 52.98673 ], [ 13.55388, 52.98664 ], [ 13.55408, 52.98663 ], [ 13.55423, 52.9867 ], [ 13.55427, 52.98681 ] ], [ [ 13.55481, 52.98703 ], [ 13.55474, 52.98711 ], [ 13.55455, 52.98716 ], [ 13.55439, 52.98712 ], [ 13.5543, 52.98704 ], [ 13.5543, 52.98694 ], [ 13.55443, 52.98685 ], [ 13.55462, 52.98684 ], [ 13.55478, 52.98691 ], [ 13.55481, 52.98703 ] ], [ [ 13.55531, 52.98725 ], [ 13.55523, 52.98733 ], [ 13.55504, 52.98738 ], [ 13.55489, 52.98734 ], [ 13.55479, 52.98726 ], [ 13.5548, 52.98716 ], [ 13.55493, 52.98707 ], [ 13.55512, 52.98706 ], [ 13.55528, 52.98713 ], [ 13.55531, 52.98725 ] ], [ [ 13.55595, 52.98747 ], [ 13.55587, 52.98756 ], [ 13.55568, 52.9876 ], [ 13.55552, 52.98757 ], [ 13.55543, 52.98749 ], [ 13.55543, 52.98738 ], [ 13.55556, 52.98729 ], [ 13.55576, 52.98728 ], [ 13.55591, 52.98736 ], [ 13.55595, 52.98747 ] ], [ [ 13.57825, 52.98716 ], [ 13.57817, 52.98724 ], [ 13.57798, 52.98729 ], [ 13.57783, 52.98725 ], [ 13.57773, 52.98717 ], [ 13.57774, 52.98707 ], [ 13.57787, 52.98698 ], [ 13.57806, 52.98697 ], [ 13.57822, 52.98704 ], [ 13.57825, 52.98716 ] ], [ [ 13.57806, 52.9863 ], [ 13.57844, 52.98642 ], [ 13.57848, 52.98654 ], [ 13.5784, 52.98662 ], [ 13.57821, 52.98667 ], [ 13.57805, 52.98664 ], [ 13.57796, 52.98655 ], [ 13.57796, 52.98645 ], [ 13.57764, 52.9864 ], [ 13.57754, 52.98632 ], [ 13.57755, 52.98621 ], [ 13.57768, 52.98612 ], [ 13.57787, 52.98611 ], [ 13.57803, 52.98619 ], [ 13.57806, 52.9863 ] ], [ [ 13.57678, 52.98604 ], [ 13.57675, 52.98628 ], [ 13.57691, 52.98635 ], [ 13.57694, 52.98647 ], [ 13.57687, 52.98655 ], [ 13.57668, 52.9866 ], [ 13.57652, 52.98656 ], [ 13.57643, 52.98648 ], [ 13.57643, 52.98638 ], [ 13.57653, 52.98631 ], [ 13.57629, 52.98617 ], [ 13.5763, 52.98607 ], [ 13.57643, 52.98598 ], [ 13.57662, 52.98597 ], [ 13.57678, 52.98604 ] ], [ [ 13.56218, 52.98567 ], [ 13.56122, 52.9854 ], [ 13.56083, 52.98515 ], [ 13.56019, 52.9851 ], [ 13.55918, 52.9852 ], [ 13.55874, 52.98494 ], [ 13.55843, 52.98484 ], [ 13.55813, 52.98427 ], [ 13.55897, 52.98373 ], [ 13.56014, 52.98378 ], [ 13.5605, 52.98365 ], [ 13.56087, 52.98333 ], [ 13.5624, 52.98329 ], [ 13.56229, 52.98324 ], [ 13.56234, 52.98317 ], [ 13.56284, 52.98305 ], [ 13.56352, 52.98308 ], [ 13.56358, 52.98311 ], [ 13.56353, 52.98318 ], [ 13.56317, 52.98326 ], [ 13.56333, 52.98326 ], [ 13.56457, 52.98359 ], [ 13.56544, 52.98342 ], [ 13.56557, 52.98331 ], [ 13.56578, 52.98326 ], [ 13.56607, 52.9833 ], [ 13.56626, 52.98342 ], [ 13.56701, 52.98407 ], [ 13.56726, 52.9844 ], [ 13.56719, 52.98467 ], [ 13.56704, 52.98478 ], [ 13.56669, 52.9849 ], [ 13.5662, 52.98473 ], [ 13.56612, 52.9848 ], [ 13.56601, 52.98513 ], [ 13.56515, 52.98492 ], [ 13.56474, 52.98495 ], [ 13.56484, 52.98499 ], [ 13.56487, 52.98511 ], [ 13.56479, 52.98519 ], [ 13.56461, 52.98524 ], [ 13.56445, 52.9852 ], [ 13.56436, 52.98512 ], [ 13.56436, 52.98502 ], [ 13.56444, 52.98496 ], [ 13.56342, 52.9851 ], [ 13.56321, 52.9852 ], [ 13.56337, 52.98527 ], [ 13.5634, 52.98539 ], [ 13.56332, 52.98547 ], [ 13.56313, 52.98552 ], [ 13.56298, 52.98548 ], [ 13.56288, 52.98535 ], [ 13.56258, 52.98549 ], [ 13.56278, 52.98556 ], [ 13.56282, 52.98567 ], [ 13.56274, 52.98576 ], [ 13.56288, 52.986 ], [ 13.5628, 52.98608 ], [ 13.56261, 52.98613 ], [ 13.56245, 52.9861 ], [ 13.56236, 52.98602 ], [ 13.56236, 52.98591 ], [ 13.56249, 52.98582 ], [ 13.5623, 52.98569 ], [ 13.5623, 52.98561 ], [ 13.56218, 52.98567 ] ], [ [ 13.56048, 52.98563 ], [ 13.5604, 52.98571 ], [ 13.56021, 52.98576 ], [ 13.56006, 52.98572 ], [ 13.55996, 52.98564 ], [ 13.55997, 52.98554 ], [ 13.5601, 52.98545 ], [ 13.56029, 52.98544 ], [ 13.56045, 52.98551 ], [ 13.56048, 52.98563 ] ], [ [ 13.57836, 52.98598 ], [ 13.57839, 52.9861 ], [ 13.57827, 52.98611 ], [ 13.57797, 52.98604 ], [ 13.57783, 52.98596 ], [ 13.57785, 52.98581 ], [ 13.57812, 52.98579 ], [ 13.57836, 52.98598 ] ], [ [ 13.56883, 52.98561 ], [ 13.56875, 52.9857 ], [ 13.56856, 52.98574 ], [ 13.56841, 52.98571 ], [ 13.56831, 52.98563 ], [ 13.56832, 52.98552 ], [ 13.56845, 52.98543 ], [ 13.56864, 52.98542 ], [ 13.5688, 52.9855 ], [ 13.56883, 52.98561 ] ], [ [ 13.56561, 52.98529 ], [ 13.5654, 52.98534 ], [ 13.56449, 52.9854 ], [ 13.56383, 52.98552 ], [ 13.56337, 52.98551 ], [ 13.56347, 52.98537 ], [ 13.56356, 52.98534 ], [ 13.56433, 52.98532 ], [ 13.56485, 52.98519 ], [ 13.56515, 52.98519 ], [ 13.56561, 52.98529 ] ], [ [ 13.57466, 52.98532 ], [ 13.57458, 52.9854 ], [ 13.57439, 52.98545 ], [ 13.57424, 52.98541 ], [ 13.57414, 52.98533 ], [ 13.57415, 52.98523 ], [ 13.57428, 52.98514 ], [ 13.57447, 52.98513 ], [ 13.57463, 52.9852 ], [ 13.57466, 52.98532 ] ], [ [ 13.58469, 52.98582 ], [ 13.58461, 52.9859 ], [ 13.58443, 52.98595 ], [ 13.58427, 52.98592 ], [ 13.58418, 52.98583 ], [ 13.58418, 52.98573 ], [ 13.58431, 52.98564 ], [ 13.5845, 52.98563 ], [ 13.58466, 52.9857 ], [ 13.58469, 52.98582 ] ], [ [ 13.58605, 52.98608 ], [ 13.58597, 52.98616 ], [ 13.58579, 52.9862 ], [ 13.58563, 52.98617 ], [ 13.58554, 52.98609 ], [ 13.58554, 52.98599 ], [ 13.58567, 52.9859 ], [ 13.58586, 52.98589 ], [ 13.58602, 52.98596 ], [ 13.58605, 52.98608 ] ], [ [ 13.57484, 52.98335 ], [ 13.57499, 52.98331 ], [ 13.5755, 52.98331 ], [ 13.57566, 52.98337 ], [ 13.57574, 52.98348 ], [ 13.57613, 52.98363 ], [ 13.57669, 52.98357 ], [ 13.57853, 52.98384 ], [ 13.57869, 52.98383 ], [ 13.57878, 52.98376 ], [ 13.57882, 52.98368 ], [ 13.57868, 52.98339 ], [ 13.57895, 52.98303 ], [ 13.5792, 52.98297 ], [ 13.57971, 52.98297 ], [ 13.57987, 52.98289 ], [ 13.58129, 52.98277 ], [ 13.58217, 52.98302 ], [ 13.58239, 52.983 ], [ 13.58271, 52.98314 ], [ 13.58362, 52.9832 ], [ 13.58361, 52.98346 ], [ 13.58384, 52.98377 ], [ 13.58385, 52.98392 ], [ 13.58366, 52.98406 ], [ 13.58342, 52.9841 ], [ 13.58083, 52.98389 ], [ 13.58095, 52.98429 ], [ 13.58095, 52.98461 ], [ 13.58071, 52.98472 ], [ 13.57992, 52.98477 ], [ 13.57888, 52.98446 ], [ 13.57815, 52.98452 ], [ 13.57681, 52.98421 ], [ 13.57553, 52.98422 ], [ 13.57437, 52.9841 ], [ 13.5741, 52.98382 ], [ 13.57396, 52.9835 ], [ 13.57484, 52.98341 ], [ 13.57484, 52.98335 ] ], [ [ 13.57383, 52.98353 ], [ 13.57375, 52.98362 ], [ 13.57356, 52.98366 ], [ 13.57341, 52.98363 ], [ 13.57331, 52.98355 ], [ 13.57332, 52.98345 ], [ 13.57345, 52.98336 ], [ 13.57364, 52.98335 ], [ 13.5738, 52.98342 ], [ 13.57383, 52.98353 ] ], [ [ 13.57341, 52.98419 ], [ 13.57318, 52.98428 ], [ 13.57302, 52.98425 ], [ 13.57293, 52.98417 ], [ 13.57293, 52.98407 ], [ 13.57306, 52.98398 ], [ 13.57326, 52.98396 ], [ 13.57337, 52.98401 ], [ 13.57348, 52.98394 ], [ 13.57367, 52.98392 ], [ 13.57383, 52.984 ], [ 13.57386, 52.98411 ], [ 13.57378, 52.9842 ], [ 13.5736, 52.98424 ], [ 13.57341, 52.98419 ] ], [ [ 13.56982, 52.98451 ], [ 13.56974, 52.98459 ], [ 13.56955, 52.98464 ], [ 13.5694, 52.98461 ], [ 13.5693, 52.98453 ], [ 13.5693, 52.98442 ], [ 13.56943, 52.98433 ], [ 13.56963, 52.98432 ], [ 13.56979, 52.9844 ], [ 13.56982, 52.98451 ] ], [ [ 13.58444, 52.98469 ], [ 13.58429, 52.98466 ], [ 13.58421, 52.98459 ], [ 13.58394, 52.98468 ], [ 13.58378, 52.98464 ], [ 13.58369, 52.98456 ], [ 13.58369, 52.98446 ], [ 13.58382, 52.98437 ], [ 13.58401, 52.98436 ], [ 13.58422, 52.98447 ], [ 13.58433, 52.98439 ], [ 13.58452, 52.98438 ], [ 13.58468, 52.98445 ], [ 13.58471, 52.98456 ], [ 13.58463, 52.98465 ], [ 13.58444, 52.98469 ] ], [ [ 13.55958, 52.98258 ], [ 13.5595, 52.98266 ], [ 13.55931, 52.98271 ], [ 13.55916, 52.98267 ], [ 13.55906, 52.98259 ], [ 13.55907, 52.98249 ], [ 13.5592, 52.9824 ], [ 13.55939, 52.98239 ], [ 13.55955, 52.98246 ], [ 13.55958, 52.98258 ] ], [ [ 13.5606, 52.98271 ], [ 13.56053, 52.9828 ], [ 13.56034, 52.98284 ], [ 13.56018, 52.98281 ], [ 13.56009, 52.98273 ], [ 13.56009, 52.98263 ], [ 13.56022, 52.98254 ], [ 13.56041, 52.98253 ], [ 13.56057, 52.9826 ], [ 13.5606, 52.98271 ] ], [ [ 13.55827, 52.98398 ], [ 13.55819, 52.98407 ], [ 13.558, 52.98411 ], [ 13.55785, 52.98408 ], [ 13.55775, 52.984 ], [ 13.55776, 52.98389 ], [ 13.55789, 52.9838 ], [ 13.55808, 52.98379 ], [ 13.55824, 52.98387 ], [ 13.55827, 52.98398 ] ], [ [ 13.57492, 52.99093 ], [ 13.57484, 52.99102 ], [ 13.57465, 52.99106 ], [ 13.5745, 52.99103 ], [ 13.5744, 52.99095 ], [ 13.57441, 52.99085 ], [ 13.57454, 52.99076 ], [ 13.57473, 52.99074 ], [ 13.57489, 52.99082 ], [ 13.57492, 52.99093 ] ] ] } },
{ "type": "Feature", "properties": { "boden": "100 % mittel, mäßig frisch (M2)" }, "geometry": { "type": "Polygon", "coordinates": [ [ [ 13.56658, 52.98758 ], [ 13.56649, 52.98749 ], [ 13.56601, 52.98747 ], [ 13.56577, 52.98751 ], [ 13.56568, 52.98763 ], [ 13.56574, 52.98769 ], [ 13.56593, 52.98774 ], [ 13.56586, 52.9877 ], [ 13.56658, 52.98758 ] ] ] } },
{ "type": "Feature", "properties": { "boden": "100 % ziemlich arm, nass (OZ3)" }, "geometry": { "type": "Polygon", "coordinates": [ [ [ 13.56586, 52.9877 ], [ 13.56632, 52.988 ], [ 13.56668, 52.9884 ], [ 13.56744, 52.98857 ], [ 13.56877, 52.98948 ], [ 13.57035, 52.99011 ], [ 13.57057, 52.99067 ], [ 13.57164, 52.99061 ], [ 13.57346, 52.99 ], [ 13.5734, 52.98972 ], [ 13.57277, 52.98911 ], [ 13.57019, 52.98891 ], [ 13.56938, 52.98869 ], [ 13.56873, 52.98807 ], [ 13.56841, 52.98801 ], [ 13.5668, 52.98755 ], [ 13.56586, 52.9877 ] ] ] } },
{ "type": "Feature", "properties": { "boden": "100 % ziemlich arm, trocken (vermutet) (Z3)" }, "geometry": { "type": "Polygon", "coordinates": [ [ [ 13.53373, 52.98325 ], [ 13.53312, 52.98329 ], [ 13.53298, 52.98336 ], [ 13.53299, 52.9834 ], [ 13.5334, 52.9834 ], [ 13.53368, 52.98336 ], [ 13.53385, 52.98328 ], [ 13.53373, 52.98325 ] ] ] } },
{ "type": "Feature", "properties": { "boden": "100 % ziemlich arm, trocken (vermutet) (Z3)" }, "geometry": { "type": "Polygon", "coordinates": [ [ [ 13.52831, 52.98358 ], [ 13.52929, 52.98367 ], [ 13.5297, 52.98325 ], [ 13.52954, 52.98321 ], [ 13.52945, 52.98309 ], [ 13.52936, 52.98307 ], [ 13.52834, 52.98329 ], [ 13.52763, 52.98333 ], [ 13.5264, 52.98332 ], [ 13.52611, 52.98337 ], [ 13.526, 52.98344 ], [ 13.52615, 52.98354 ], [ 13.52668, 52.98359 ], [ 13.52728, 52.9837 ], [ 13.52831, 52.98358 ] ] ] } },
{ "type": "Feature", "properties": { "boden": "100 % ziemlich arm, mäßig frisch (Z2)" }, "geometry": { "type": "Polygon", "coordinates": [ [ [ 13.53348, 52.98371 ], [ 13.53239, 52.98366 ], [ 13.53233, 52.98369 ], [ 13.5327, 52.98388 ], [ 13.53339, 52.98383 ], [ 13.53355, 52.98377 ], [ 13.53348, 52.98371 ] ] ] } },
{ "type": "Feature", "properties": { "boden": "100 % ziemlich arm, mäßig frisch (Z2)" }, "geometry": { "type": "Polygon", "coordinates": [ [ [ 13.52804, 52.98385 ], [ 13.5273, 52.98391 ], [ 13.52707, 52.98396 ], [ 13.52711, 52.98403 ], [ 13.52728, 52.98409 ], [ 13.52773, 52.98411 ], [ 13.52797, 52.98407 ], [ 13.52823, 52.98396 ], [ 13.52826, 52.98388 ], [ 13.52804, 52.98385 ] ] ] } },
{ "type": "Feature", "properties": { "boden": "100 % ziemlich arm, mäßig frisch (Z2)" }, "geometry": { "type": "Polygon", "coordinates": [ [ [ 13.52891, 52.98413 ], [ 13.52948, 52.98411 ], [ 13.53076, 52.98414 ], [ 13.53086, 52.98406 ], [ 13.52963, 52.98391 ], [ 13.52914, 52.98393 ], [ 13.52881, 52.98405 ], [ 13.52891, 52.98413 ] ] ] } },
{ "type": "Feature", "properties": { "boden": "100 % ziemlich arm, trocken (vermutet) (Z3)" }, "geometry": { "type": "Polygon", "coordinates": [ [ [ 13.5387, 52.98476 ], [ 13.53828, 52.98479 ], [ 13.53823, 52.98484 ], [ 13.53849, 52.9849 ], [ 13.539, 52.98486 ], [ 13.53892, 52.9848 ], [ 13.5387, 52.98476 ] ] ] } },
{ "type": "Feature", "properties": { "boden": "100 % ziemlich arm, trocken (vermutet) (Z3)" }, "geometry": { "type": "Polygon", "coordinates": [ [ [ 13.543, 52.98543 ], [ 13.54276, 52.98548 ], [ 13.54266, 52.98564 ], [ 13.54271, 52.98579 ], [ 13.54294, 52.98588 ], [ 13.54337, 52.98575 ], [ 13.54352, 52.98563 ], [ 13.54335, 52.98547 ], [ 13.543, 52.98543 ] ] ] } },
{ "type": "Feature", "properties": { "boden": "100 % ziemlich arm, mäßig frisch (Z2)" }, "geometry": { "type": "Polygon", "coordinates": [ [ [ 13.54337, 52.98625 ], [ 13.54317, 52.98612 ], [ 13.54291, 52.98608 ], [ 13.54248, 52.98613 ], [ 13.5424, 52.9862 ], [ 13.54337, 52.98625 ] ] ] } },
{ "type": "Feature", "properties": { "boden": "100 % ziemlich arm, mäßig frisch (Z2)" }, "geometry": { "type": "Polygon", "coordinates": [ [ [ 13.52539, 52.98824 ], [ 13.52614, 52.98804 ], [ 13.52622, 52.98744 ], [ 13.5264, 52.98723 ], [ 13.52684, 52.98699 ], [ 13.5274, 52.98692 ], [ 13.5277, 52.98689 ], [ 13.5311, 52.9872 ], [ 13.53154, 52.9873 ], [ 13.53223, 52.9876 ], [ 13.5326, 52.98768 ], [ 13.53667, 52.9873 ], [ 13.5371, 52.98697 ], [ 13.53733, 52.98631 ], [ 13.53731, 52.98589 ], [ 13.53703, 52.98556 ], [ 13.53665, 52.98535 ], [ 13.53616, 52.98515 ], [ 13.5353, 52.98493 ], [ 13.53507, 52.98473 ], [ 13.53488, 52.98409 ], [ 13.53472, 52.98393 ], [ 13.53091, 52.98421 ], [ 13.5303, 52.9842 ], [ 13.52937, 52.98414 ], [ 13.52718, 52.98412 ], [ 13.52576, 52.98388 ], [ 13.52517, 52.98388 ], [ 13.5246, 52.98405 ], [ 13.52391, 52.98463 ], [ 13.52365, 52.98492 ], [ 13.5227, 52.98636 ], [ 13.52264, 52.98653 ], [ 13.52275, 52.98673 ], [ 13.52302, 52.98688 ], [ 13.52361, 52.98708 ], [ 13.52461, 52.98727 ], [ 13.52494, 52.98741 ], [ 13.52506, 52.98763 ], [ 13.52498, 52.98816 ], [ 13.5253, 52.98847 ], [ 13.52492, 52.98865 ], [ 13.52508, 52.98879 ], [ 13.52535, 52.98862 ], [ 13.52541, 52.98863 ], [ 13.52539, 52.98824 ] ] ] } },
{ "type": "Feature", "properties": { "boden": "100 % ziemlich arm, trocken (vermutet) (Z3)" }, "geometry": { "type": "Polygon", "coordinates": [ [ [ 13.5412, 52.98702 ], [ 13.54078, 52.9872 ], [ 13.54031, 52.98732 ], [ 13.54016, 52.98761 ], [ 13.54033, 52.98756 ], [ 13.54078, 52.98753 ], [ 13.54112, 52.98743 ], [ 13.54142, 52.98726 ], [ 13.54149, 52.98715 ], [ 13.54131, 52.98703 ], [ 13.5412, 52.98702 ] ] ] } },
{ "type": "Feature", "properties": { "boden": "100 % ziemlich arm, nass (OZ3)" }, "geometry": { "type": "Polygon", "coordinates": [ [ [ 13.52058, 52.98415 ], [ 13.52021, 52.9842 ], [ 13.52006, 52.98441 ], [ 13.52037, 52.98469 ], [ 13.5208, 52.9848 ], [ 13.52069, 52.98417 ], [ 13.52058, 52.98415 ] ] ] } },
{ "type": "Feature", "properties": { "boden": "100 % ziemlich arm, nass (OZ3)" }, "geometry": { "type": "Polygon", "coordinates": [ [ [ 13.5206, 52.98555 ], [ 13.52045, 52.98566 ], [ 13.52041, 52.98583 ], [ 13.52052, 52.98602 ], [ 13.5207, 52.98616 ], [ 13.52098, 52.98617 ], [ 13.52116, 52.98611 ], [ 13.52115, 52.98588 ], [ 13.52076, 52.98556 ], [ 13.5206, 52.98555 ] ] ] } },
{ "type": "Feature", "properties": { "boden": "100 % ziemlich arm, trocken (vermutet) (Z3)" }, "geometry": { "type": "Polygon", "coordinates": [ [ [ 13.52369, 52.98724 ], [ 13.52348, 52.98729 ], [ 13.52424, 52.98758 ], [ 13.52455, 52.98754 ], [ 13.52456, 52.98749 ], [ 13.52442, 52.98742 ], [ 13.52395, 52.98734 ], [ 13.52369, 52.98724 ] ] ] } },
{ "type": "Feature", "properties": { "boden": "100 % ziemlich arm, mäßig frisch (Z2g)" }, "geometry": { "type": "Polygon", "coordinates": [ [ [ 13.52212, 52.98758 ], [ 13.52214, 52.98802 ], [ 13.52261, 52.98793 ], [ 13.52263, 52.98737 ], [ 13.52212, 52.98758 ] ] ] } },
{ "type": "Feature", "properties": { "boden": "100 % mittel, mäßig frisch (M2)" }, "geometry": { "type": "Polygon", "coordinates": [ [ [ 13.55576, 52.98728 ], [ 13.55556, 52.98729 ], [ 13.55543, 52.98738 ], [ 13.55543, 52.98749 ], [ 13.55552, 52.98757 ], [ 13.55568, 52.9876 ], [ 13.55587, 52.98756 ], [ 13.55595, 52.98747 ], [ 13.55591, 52.98736 ], [ 13.55576, 52.98728 ] ] ] } },
{ "type": "Feature", "properties": { "boden": "100 % mittel, mäßig frisch (M2)" }, "geometry": { "type": "Polygon", "coordinates": [ [ [ 13.55214, 52.98769 ], [ 13.55195, 52.9877 ], [ 13.55181, 52.98779 ], [ 13.55181, 52.9879 ], [ 13.55191, 52.98798 ], [ 13.55206, 52.98801 ], [ 13.55225, 52.98797 ], [ 13.55233, 52.98788 ], [ 13.5523, 52.98777 ], [ 13.55214, 52.98769 ] ] ] } },
{ "type": "Feature", "properties": { "boden": "100 % mittel, mäßig frisch (M2)" }, "geometry": { "type": "Polygon", "coordinates": [ [ [ 13.54888, 52.98845 ], [ 13.54869, 52.98846 ], [ 13.54856, 52.98855 ], [ 13.54855, 52.98865 ], [ 13.54865, 52.98873 ], [ 13.5488, 52.98877 ], [ 13.54899, 52.98872 ], [ 13.54907, 52.98864 ], [ 13.54904, 52.98852 ], [ 13.54888, 52.98845 ] ] ] } },
{ "type": "Feature", "properties": { "boden": "100 % mittel, frisch (M1)" }, "geometry": { "type": "Polygon", "coordinates": [ [ [ 13.54831, 52.98898 ], [ 13.54798, 52.98893 ], [ 13.54785, 52.98874 ], [ 13.54778, 52.98833 ], [ 13.54762, 52.98828 ], [ 13.54701, 52.98834 ], [ 13.5459, 52.98813 ], [ 13.5453, 52.9879 ], [ 13.54505, 52.98788 ], [ 13.54464, 52.98803 ], [ 13.54459, 52.98834 ], [ 13.54465, 52.98848 ], [ 13.5454, 52.98854 ], [ 13.54629, 52.98841 ], [ 13.54681, 52.98861 ], [ 13.5469, 52.98878 ], [ 13.54763, 52.989 ], [ 13.54822, 52.9896 ], [ 13.54878, 52.98945 ], [ 13.54831, 52.98898 ] ] ] } },
{ "type": "Feature", "properties": { "boden": "100 % ziemlich arm, trocken (vermutet) (Z3)" }, "geometry": { "type": "Polygon", "coordinates": [ [ [ 13.53548, 52.98758 ], [ 13.5344, 52.98778 ], [ 13.5343, 52.98786 ], [ 13.53429, 52.98798 ], [ 13.53439, 52.98804 ], [ 13.53475, 52.98807 ], [ 13.53568, 52.98789 ], [ 13.53582, 52.98779 ], [ 13.53582, 52.98771 ], [ 13.53548, 52.98758 ] ] ] } },
{ "type": "Feature", "properties": { "boden": "100 % ziemlich arm, trocken (vermutet) (Z3)" }, "geometry": { "type": "Polygon", "coordinates": [ [ [ 13.5313, 52.9881 ], [ 13.53066, 52.98804 ], [ 13.53019, 52.98814 ], [ 13.53045, 52.98821 ], [ 13.53084, 52.98824 ], [ 13.53139, 52.98821 ], [ 13.5313, 52.9881 ] ] ] } },
{ "type": "Feature", "properties": { "boden": "100 % ziemlich arm, trocken (vermutet) (Z3)" }, "geometry": { "type": "Polygon", "coordinates": [ [ [ 13.53227, 52.98826 ], [ 13.53185, 52.98831 ], [ 13.53179, 52.98838 ], [ 13.53198, 52.98847 ], [ 13.53234, 52.9885 ], [ 13.53243, 52.98835 ], [ 13.53227, 52.98826 ] ] ] } },
{ "type": "Feature", "properties": { "boden": "100 % ziemlich arm, trocken (vermutet) (Z3)" }, "geometry": { "type": "Polygon", "coordinates": [ [ [ 13.52691, 52.98905 ], [ 13.52627, 52.98904 ], [ 13.52611, 52.98909 ], [ 13.52617, 52.98915 ], [ 13.52647, 52.98918 ], [ 13.5269, 52.98908 ], [ 13.52691, 52.98905 ] ] ] } },
{ "type": "Feature", "properties": { "boden": "100 % mittel, mäßig frisch (M2)" }, "geometry": { "type": "Polygon", "coordinates": [ [ [ 13.58471, 52.98456 ], [ 13.58468, 52.98445 ], [ 13.58452, 52.98438 ], [ 13.58433, 52.98439 ], [ 13.58422, 52.98447 ], [ 13.58401, 52.98436 ], [ 13.58382, 52.98437 ], [ 13.58369, 52.98446 ], [ 13.58369, 52.98456 ], [ 13.58378, 52.98464 ], [ 13.58394, 52.98468 ], [ 13.58421, 52.98459 ], [ 13.58429, 52.98466 ], [ 13.58444, 52.98469 ], [ 13.58463, 52.98465 ], [ 13.58471, 52.98456 ] ] ] } },
{ "type": "Feature", "properties": { "boden": "100 % mittel, mäßig frisch (M2)" }, "geometry": { "type": "Polygon", "coordinates": [ [ [ 13.5845, 52.98563 ], [ 13.58431, 52.98564 ], [ 13.58418, 52.98573 ], [ 13.58418, 52.98583 ], [ 13.58427, 52.98592 ], [ 13.58443, 52.98595 ], [ 13.58461, 52.9859 ], [ 13.58469, 52.98582 ], [ 13.58466, 52.9857 ], [ 13.5845, 52.98563 ] ] ] } },
{ "type": "Feature", "properties": { "boden": "100 % mittel, mäßig frisch (M2)" }, "geometry": { "type": "Polygon", "coordinates": [ [ [ 13.57804, 52.98577 ], [ 13.57785, 52.98581 ], [ 13.57783, 52.98596 ], [ 13.57818, 52.98609 ], [ 13.57839, 52.9861 ], [ 13.57836, 52.98598 ], [ 13.57804, 52.98577 ] ] ] } },
{ "type": "Feature", "properties": { "boden": "100 % mittel, mäßig frisch (M2)" }, "geometry": { "type": "Polygon", "coordinates": [ [ [ 13.58586, 52.98589 ], [ 13.58567, 52.9859 ], [ 13.58554, 52.98599 ], [ 13.58554, 52.98609 ], [ 13.58563, 52.98617 ], [ 13.58579, 52.9862 ], [ 13.58597, 52.98616 ], [ 13.58605, 52.98608 ], [ 13.58602, 52.98596 ], [ 13.58586, 52.98589 ] ] ] } },
{ "type": "Feature", "properties": { "boden": "100 % mittel, mäßig frisch (M2)" }, "geometry": { "type": "Polygon", "coordinates": [ [ [ 13.57662, 52.98597 ], [ 13.57643, 52.98598 ], [ 13.5763, 52.98607 ], [ 13.57629, 52.98617 ], [ 13.57653, 52.98631 ], [ 13.57643, 52.98638 ], [ 13.57643, 52.98648 ], [ 13.57652, 52.98656 ], [ 13.57668, 52.9866 ], [ 13.57687, 52.98655 ], [ 13.57694, 52.98647 ], [ 13.57691, 52.98635 ], [ 13.57675, 52.98628 ], [ 13.57678, 52.98604 ], [ 13.57662, 52.98597 ] ] ] } },
{ "type": "Feature", "properties": { "boden": "100 % mittel, mäßig frisch (M2)" }, "geometry": { "type": "Polygon", "coordinates": [ [ [ 13.57787, 52.98611 ], [ 13.57768, 52.98612 ], [ 13.57755, 52.98621 ], [ 13.57754, 52.98632 ], [ 13.57764, 52.9864 ], [ 13.57796, 52.98645 ], [ 13.57796, 52.98655 ], [ 13.57805, 52.98664 ], [ 13.57821, 52.98667 ], [ 13.5784, 52.98662 ], [ 13.57848, 52.98654 ], [ 13.57844, 52.98642 ], [ 13.57806, 52.9863 ], [ 13.57803, 52.98619 ], [ 13.57787, 52.98611 ] ] ] } },
{ "type": "Feature", "properties": { "boden": "100 % mittel, mäßig frisch (M2)" }, "geometry": { "type": "Polygon", "coordinates": [ [ [ 13.57848, 52.98671 ], [ 13.57829, 52.98672 ], [ 13.57816, 52.98681 ], [ 13.57816, 52.98691 ], [ 13.57825, 52.98699 ], [ 13.57841, 52.98702 ], [ 13.5786, 52.98698 ], [ 13.57868, 52.98689 ], [ 13.57864, 52.98678 ], [ 13.57848, 52.98671 ] ] ] } },
{ "type": "Feature", "properties": { "boden": "100 % ziemlich arm, nass (OZ3)" }, "geometry": { "type": "Polygon", "coordinates": [ [ [ 13.58587, 52.98684 ], [ 13.58548, 52.98685 ], [ 13.58523, 52.98707 ], [ 13.58518, 52.98741 ], [ 13.5853, 52.98749 ], [ 13.58565, 52.98747 ], [ 13.58582, 52.98738 ], [ 13.58592, 52.98725 ], [ 13.58604, 52.98702 ], [ 13.58601, 52.98692 ], [ 13.58587, 52.98684 ] ] ] } },
{ "type": "Feature", "properties": { "boden": "100 % mittel, mäßig frisch (M2)" }, "geometry": { "type": "Polygon", "coordinates": [ [ [ 13.57806, 52.98697 ], [ 13.57787, 52.98698 ], [ 13.57774, 52.98707 ], [ 13.57773, 52.98717 ], [ 13.57783, 52.98725 ], [ 13.57798, 52.98729 ], [ 13.57817, 52.98724 ], [ 13.57825, 52.98716 ], [ 13.57822, 52.98704 ], [ 13.57806, 52.98697 ] ] ] } },
{ "type": "Feature", "properties": { "boden": "100 % ziemlich arm, nass (OZ2)" }, "geometry": { "type": "Polygon", "coordinates": [ [ [ 13.58937, 52.98751 ], [ 13.58817, 52.98711 ], [ 13.58816, 52.98731 ], [ 13.58847, 52.98751 ], [ 13.58937, 52.98751 ] ] ] } },
{ "type": "Feature", "properties": { "boden": "100 % mittel, mäßig frisch (M2)" }, "geometry": { "type": "Polygon", "coordinates": [ [ [ 13.59043, 52.98523 ], [ 13.5901, 52.98497 ], [ 13.59004, 52.98498 ], [ 13.58997, 52.98509 ], [ 13.59004, 52.98521 ], [ 13.59025, 52.98527 ], [ 13.59043, 52.98523 ] ] ] } },
{ "type": "Feature", "properties": { "boden": "100 % ziemlich arm, nass (OZ3)" }, "geometry": { "type": "Polygon", "coordinates": [ [ [ 13.59729, 52.98824 ], [ 13.59708, 52.98826 ], [ 13.596, 52.98747 ], [ 13.59555, 52.98727 ], [ 13.59535, 52.98699 ], [ 13.59396, 52.98681 ], [ 13.59284, 52.98628 ], [ 13.59237, 52.98615 ], [ 13.59023, 52.9858 ], [ 13.58922, 52.98585 ], [ 13.58883, 52.98582 ], [ 13.58819, 52.98595 ], [ 13.58767, 52.98628 ], [ 13.58759, 52.98674 ], [ 13.58774, 52.98696 ], [ 13.58816, 52.98731 ], [ 13.58817, 52.98711 ], [ 13.58777, 52.9868 ], [ 13.58777, 52.98673 ], [ 13.58791, 52.98651 ], [ 13.58831, 52.98623 ], [ 13.58937, 52.98608 ], [ 13.59017, 52.98603 ], [ 13.5922, 52.98628 ], [ 13.59281, 52.98643 ], [ 13.59325, 52.98663 ], [ 13.59342, 52.98683 ], [ 13.59403, 52.98709 ], [ 13.59577, 52.98817 ], [ 13.59698, 52.98837 ], [ 13.59758, 52.98832 ], [ 13.59729, 52.98824 ] ] ] } },
{ "type": "Feature", "properties": { "boden": "100 % ziemlich arm, frisch (Z1)" }, "geometry": { "type": "Polygon", "coordinates": [ [ [ 13.60258, 52.98721 ], [ 13.60022, 52.98714 ], [ 13.59909, 52.987 ], [ 13.59834, 52.98699 ], [ 13.59701, 52.9869 ], [ 13.59294, 52.98582 ], [ 13.5918, 52.98565 ], [ 13.59095, 52.98546 ], [ 13.58923, 52.98545 ], [ 13.58857, 52.98585 ], [ 13.59023, 52.9858 ], [ 13.59142, 52.98598 ], [ 13.59237, 52.98615 ], [ 13.59284, 52.98628 ], [ 13.59396, 52.98681 ], [ 13.59535, 52.98699 ], [ 13.59555, 52.98727 ], [ 13.596, 52.98747 ], [ 13.59708, 52.98826 ], [ 13.59729, 52.98824 ], [ 13.59758, 52.98832 ], [ 13.59902, 52.98825 ], [ 13.59924, 52.98815 ], [ 13.5991, 52.988 ], [ 13.59866, 52.98778 ], [ 13.5986, 52.98774 ], [ 13.59865, 52.98766 ], [ 13.60023, 52.98749 ], [ 13.60063, 52.98767 ], [ 13.60141, 52.98775 ], [ 13.60205, 52.98787 ], [ 13.60392, 52.98834 ], [ 13.60511, 52.98838 ], [ 13.60595, 52.98835 ], [ 13.60682, 52.98851 ], [ 13.60757, 52.98901 ], [ 13.60774, 52.98948 ], [ 13.60784, 52.98948 ], [ 13.60798, 52.98934 ], [ 13.60816, 52.98897 ], [ 13.60817, 52.98859 ], [ 13.60798, 52.98836 ], [ 13.60766, 52.98825 ], [ 13.60673, 52.98809 ], [ 13.60546, 52.988 ], [ 13.60497, 52.98806 ], [ 13.60258, 52.98721 ] ] ] } },
{ "type": "Feature", "properties": { "boden": "100 % mittel, nass (OM3)" }, "geometry": { "type": "Polygon", "coordinates": [ [ [ 13.5904, 52.98795 ], [ 13.59022, 52.98781 ], [ 13.59004, 52.98776 ], [ 13.58981, 52.98782 ], [ 13.58973, 52.98792 ], [ 13.58981, 52.98805 ], [ 13.59001, 52.98811 ], [ 13.59024, 52.98807 ], [ 13.5904, 52.98795 ] ] ] } },
{ "type": "Feature", "properties": { "boden": "100 % ziemlich arm, frisch (Z1)" }, "geometry": { "type": "Polygon", "coordinates": [ [ [ 13.59311, 52.98847 ], [ 13.59379, 52.98757 ], [ 13.59377, 52.98745 ], [ 13.59361, 52.98734 ], [ 13.5934, 52.9874 ], [ 13.59272, 52.98783 ], [ 13.59234, 52.98801 ], [ 13.59219, 52.98811 ], [ 13.59208, 52.98828 ], [ 13.5921, 52.98848 ], [ 13.5922, 52.98858 ], [ 13.59253, 52.98875 ], [ 13.59271, 52.98873 ], [ 13.59311, 52.98847 ] ] ] } },
{ "type": "Feature", "properties": { "boden": "100 % ziemlich arm, nass (OZ2)" }, "geometry": { "type": "Polygon", "coordinates": [ [ [ 13.60054, 52.9886 ], [ 13.59962, 52.98822 ], [ 13.59924, 52.98815 ], [ 13.59902, 52.98825 ], [ 13.59698, 52.98837 ], [ 13.59601, 52.98823 ], [ 13.59577, 52.98817 ], [ 13.59532, 52.98793 ], [ 13.59403, 52.98709 ], [ 13.59342, 52.98683 ], [ 13.59347, 52.98688 ], [ 13.59343, 52.98712 ], [ 13.5933, 52.98732 ], [ 13.59255, 52.98767 ], [ 13.59224, 52.98777 ], [ 13.59178, 52.9878 ], [ 13.59031, 52.98737 ], [ 13.58994, 52.98736 ], [ 13.58937, 52.98751 ], [ 13.5906, 52.98774 ], [ 13.59011, 52.98816 ], [ 13.59017, 52.98846 ], [ 13.59042, 52.98865 ], [ 13.59074, 52.98872 ], [ 13.59131, 52.98869 ], [ 13.5921, 52.98848 ], [ 13.59208, 52.98828 ], [ 13.59219, 52.98811 ], [ 13.5934, 52.9874 ], [ 13.59361, 52.98734 ], [ 13.59377, 52.98745 ], [ 13.59379, 52.98757 ], [ 13.59414, 52.98778 ], [ 13.59596, 52.98858 ], [ 13.59763, 52.98961 ], [ 13.59742, 52.98918 ], [ 13.59743, 52.98885 ], [ 13.59759, 52.98871 ], [ 13.59808, 52.98857 ], [ 13.59816, 52.98837 ], [ 13.59916, 52.98847 ], [ 13.59974, 52.98865 ], [ 13.60028, 52.98915 ], [ 13.60043, 52.98952 ], [ 13.60068, 52.98986 ], [ 13.60138, 52.98999 ], [ 13.60066, 52.98929 ], [ 13.60055, 52.98897 ], [ 13.60049, 52.98863 ], [ 13.60054, 52.9886 ] ] ] } },
{ "type": "Feature", "properties": { "boden": "100 % mittel, nass (OM3)" }, "geometry": { "type": "Polygon", "coordinates": [ [ [ 13.59271, 52.98873 ], [ 13.59253, 52.98875 ], [ 13.59233, 52.98868 ], [ 13.5921, 52.98848 ], [ 13.59131, 52.98869 ], [ 13.59074, 52.98872 ], [ 13.59042, 52.98865 ], [ 13.59017, 52.98846 ], [ 13.59011, 52.98816 ], [ 13.59024, 52.98807 ], [ 13.59001, 52.98811 ], [ 13.58981, 52.98805 ], [ 13.58973, 52.98792 ], [ 13.58981, 52.98782 ], [ 13.59004, 52.98776 ], [ 13.59022, 52.98781 ], [ 13.5904, 52.98795 ], [ 13.5906, 52.98774 ], [ 13.58937, 52.98751 ], [ 13.58847, 52.98751 ], [ 13.58849, 52.98764 ], [ 13.58882, 52.98756 ], [ 13.58912, 52.98764 ], [ 13.58935, 52.98758 ], [ 13.58954, 52.98763 ], [ 13.58962, 52.98775 ], [ 13.58954, 52.98787 ], [ 13.58933, 52.98792 ], [ 13.58902, 52.98784 ], [ 13.5888, 52.98791 ], [ 13.58852, 52.98782 ], [ 13.58892, 52.98856 ], [ 13.58934, 52.98885 ], [ 13.58949, 52.98879 ], [ 13.5897, 52.98894 ], [ 13.5898, 52.98876 ], [ 13.59003, 52.9887 ], [ 13.59022, 52.98875 ], [ 13.5903, 52.98887 ], [ 13.59025, 52.98894 ], [ 13.59049, 52.98895 ], [ 13.59056, 52.98885 ], [ 13.59079, 52.98879 ], [ 13.59098, 52.98884 ], [ 13.59106, 52.98896 ], [ 13.59097, 52.98908 ], [ 13.59069, 52.98912 ], [ 13.5906, 52.98924 ], [ 13.59049, 52.98927 ], [ 13.59101, 52.98925 ], [ 13.59127, 52.9893 ], [ 13.59123, 52.98891 ], [ 13.59415, 52.98942 ], [ 13.59387, 52.98914 ], [ 13.59336, 52.98883 ], [ 13.59289, 52.98864 ], [ 13.59271, 52.98873 ] ] ] } },
{ "type": "Feature", "properties": { "boden": "100 % mittel, nass (OM3)" }, "geometry": { "type": "Polygon", "coordinates": [ [ [ 13.5906, 52.98924 ], [ 13.59069, 52.98912 ], [ 13.59097, 52.98908 ], [ 13.59106, 52.98896 ], [ 13.59098, 52.98884 ], [ 13.59079, 52.98879 ], [ 13.59056, 52.98885 ], [ 13.59049, 52.98895 ], [ 13.59025, 52.98894 ], [ 13.5903, 52.98887 ], [ 13.59022, 52.98875 ], [ 13.59003, 52.9887 ], [ 13.5898, 52.98876 ], [ 13.5897, 52.98894 ], [ 13.59012, 52.98928 ], [ 13.5906, 52.98924 ] ] ] } },
{ "type": "Feature", "properties": { "boden": "100 % ziemlich arm, nass (OZ3)" }, "geometry": { "type": "Polygon", "coordinates": [ [ [ 13.60068, 52.98986 ], [ 13.6003, 52.99003 ], [ 13.59992, 52.99008 ], [ 13.59851, 52.98996 ], [ 13.59763, 52.98961 ], [ 13.59596, 52.98858 ], [ 13.59414, 52.98778 ], [ 13.59379, 52.98757 ], [ 13.59311, 52.98847 ], [ 13.59289, 52.98864 ], [ 13.59336, 52.98883 ], [ 13.59387, 52.98914 ], [ 13.59415, 52.98942 ], [ 13.59861, 52.99019 ], [ 13.60028, 52.99067 ], [ 13.60123, 52.99086 ], [ 13.60122, 52.9909 ], [ 13.60163, 52.99095 ], [ 13.60272, 52.99082 ], [ 13.60447, 52.99046 ], [ 13.60437, 52.99017 ], [ 13.60414, 52.99012 ], [ 13.60268, 52.99018 ], [ 13.602, 52.99016 ], [ 13.60068, 52.98986 ] ] ] } },
{ "type": "Feature", "properties": { "boden": "100 % ziemlich arm, frisch (Z1)" }, "geometry": { "type": "Polygon", "coordinates": [ [ [ 13.59128, 52.98941 ], [ 13.59111, 52.98936 ], [ 13.59099, 52.98939 ], [ 13.59078, 52.98931 ], [ 13.59055, 52.98936 ], [ 13.59047, 52.98947 ], [ 13.59054, 52.98959 ], [ 13.59075, 52.98965 ], [ 13.59087, 52.98963 ], [ 13.59109, 52.98971 ], [ 13.59131, 52.98965 ], [ 13.59128, 52.98941 ] ] ] } },
{ "type": "Feature", "properties": { "boden": "100 % mittel, mäßig frisch (M2)" }, "geometry": { "type": "Polygon", "coordinates": [ [ [ 13.58486, 52.98748 ], [ 13.58466, 52.9875 ], [ 13.58453, 52.98759 ], [ 13.58453, 52.98769 ], [ 13.58463, 52.98777 ], [ 13.58478, 52.9878 ], [ 13.58497, 52.98776 ], [ 13.58505, 52.98767 ], [ 13.58502, 52.98756 ], [ 13.58486, 52.98748 ] ] ] } },
{ "type": "Feature", "properties": { "boden": "100 % mittel, nass (OM3)" }, "geometry": { "type": "Polygon", "coordinates": [ [ [ 13.58852, 52.98782 ], [ 13.5888, 52.98791 ], [ 13.58902, 52.98784 ], [ 13.58933, 52.98792 ], [ 13.58954, 52.98787 ], [ 13.58962, 52.98775 ], [ 13.58954, 52.98763 ], [ 13.58935, 52.98758 ], [ 13.58912, 52.98764 ], [ 13.58882, 52.98756 ], [ 13.58849, 52.98764 ], [ 13.58852, 52.98782 ] ] ] } },
{ "type": "Feature", "properties": { "boden": "100 % mittel, mäßig frisch (M2)" }, "geometry": { "type": "Polygon", "coordinates": [ [ [ 13.58709, 52.99373 ], [ 13.58708, 52.994 ], [ 13.58731, 52.99413 ], [ 13.58763, 52.99386 ], [ 13.58709, 52.99373 ] ] ] } },
{ "type": "Feature", "properties": { "boden": "100 % mittel, mäßig frisch (M2)" }, "geometry": { "type": "Polygon", "coordinates": [ [ [ 13.58932, 52.99448 ], [ 13.59079, 52.99443 ], [ 13.59024, 52.99435 ], [ 13.58973, 52.99436 ], [ 13.58908, 52.99427 ], [ 13.58838, 52.99404 ], [ 13.58763, 52.99386 ], [ 13.58731, 52.99413 ], [ 13.58708, 52.994 ], [ 13.58709, 52.99373 ], [ 13.58585, 52.99351 ], [ 13.58656, 52.99398 ], [ 13.58711, 52.99416 ], [ 13.58807, 52.99433 ], [ 13.58811, 52.99427 ], [ 13.58836, 52.99429 ], [ 13.58932, 52.99448 ] ] ] } },
{ "type": "Feature", "properties": { "boden": "100 % ziemlich arm, nass (OZ3)" }, "geometry": { "type": "Polygon", "coordinates": [ [ [ 13.60646, 52.98955 ], [ 13.60639, 52.98943 ], [ 13.60646, 52.98932 ], [ 13.60669, 52.98927 ], [ 13.60688, 52.98932 ], [ 13.60696, 52.98944 ], [ 13.60689, 52.98964 ], [ 13.60727, 52.9896 ], [ 13.60712, 52.98942 ], [ 13.60719, 52.98931 ], [ 13.60729, 52.98928 ], [ 13.60712, 52.98924 ], [ 13.60705, 52.98911 ], [ 13.6071, 52.98898 ], [ 13.60698, 52.989 ], [ 13.60678, 52.98894 ], [ 13.6067, 52.98882 ], [ 13.60678, 52.98871 ], [ 13.60706, 52.98867 ], [ 13.60682, 52.98851 ], [ 13.60666, 52.98848 ], [ 13.60671, 52.98856 ], [ 13.60662, 52.98868 ], [ 13.60641, 52.98873 ], [ 13.60621, 52.98867 ], [ 13.60613, 52.98855 ], [ 13.60629, 52.98841 ], [ 13.60586, 52.98836 ], [ 13.60593, 52.98849 ], [ 13.60584, 52.98861 ], [ 13.60563, 52.98866 ], [ 13.60542, 52.9886 ], [ 13.60535, 52.98848 ], [ 13.60538, 52.98837 ], [ 13.60392, 52.98834 ], [ 13.60205, 52.98787 ], [ 13.60141, 52.98775 ], [ 13.60063, 52.98767 ], [ 13.60023, 52.98749 ], [ 13.59865, 52.98766 ], [ 13.5986, 52.98774 ], [ 13.59866, 52.98778 ], [ 13.5991, 52.988 ], [ 13.59924, 52.98815 ], [ 13.59962, 52.98822 ], [ 13.60054, 52.9886 ], [ 13.60082, 52.98862 ], [ 13.6013, 52.98874 ], [ 13.60263, 52.98879 ], [ 13.60337, 52.989 ], [ 13.60346, 52.98893 ], [ 13.60421, 52.98913 ], [ 13.60464, 52.98934 ], [ 13.6047, 52.98917 ], [ 13.60493, 52.98911 ], [ 13.60512, 52.98916 ], [ 13.6052, 52.98928 ], [ 13.60496, 52.9895 ], [ 13.60549, 52.9896 ], [ 13.60543, 52.98942 ], [ 13.6055, 52.98931 ], [ 13.60573, 52.98926 ], [ 13.60592, 52.98931 ], [ 13.606, 52.98943 ], [ 13.60583, 52.98963 ], [ 13.60639, 52.98968 ], [ 13.60667, 52.98966 ], [ 13.60646, 52.98955 ] ], [ [ 13.60427, 52.98901 ], [ 13.60406, 52.98895 ], [ 13.60403, 52.9889 ], [ 13.60389, 52.98894 ], [ 13.60368, 52.98888 ], [ 13.60361, 52.98875 ], [ 13.60368, 52.98865 ], [ 13.60391, 52.98859 ], [ 13.6041, 52.98864 ], [ 13.60414, 52.9887 ], [ 13.60429, 52.98866 ], [ 13.60448, 52.98871 ], [ 13.60456, 52.98884 ], [ 13.60448, 52.98896 ], [ 13.60427, 52.98901 ] ] ] } },
{ "type": "Feature", "properties": { "boden": "100 % ziemlich arm, nass (OZ3)" }, "geometry": { "type": "Polygon", "coordinates": [ [ [ 13.60456, 52.98884 ], [ 13.60448, 52.98871 ], [ 13.60429, 52.98866 ], [ 13.60414, 52.9887 ], [ 13.6041, 52.98864 ], [ 13.60391, 52.98859 ], [ 13.60368, 52.98865 ], [ 13.60361, 52.98875 ], [ 13.60368, 52.98888 ], [ 13.60389, 52.98894 ], [ 13.60403, 52.9889 ], [ 13.60406, 52.98895 ], [ 13.60427, 52.98901 ], [ 13.60448, 52.98896 ], [ 13.60456, 52.98884 ] ] ] } },
{ "type": "Feature", "properties": { "boden": "100 % ziemlich arm, nass (OZ3)" }, "geometry": { "type": "Polygon", "coordinates": [ [ [ 13.60757, 52.98901 ], [ 13.60706, 52.98867 ], [ 13.60678, 52.98871 ], [ 13.6067, 52.98882 ], [ 13.60678, 52.98894 ], [ 13.60698, 52.989 ], [ 13.6071, 52.98898 ], [ 13.60705, 52.98911 ], [ 13.60712, 52.98924 ], [ 13.60729, 52.98928 ], [ 13.60719, 52.98931 ], [ 13.60712, 52.98942 ], [ 13.60727, 52.9896 ], [ 13.60754, 52.98958 ], [ 13.60774, 52.98948 ], [ 13.60757, 52.98901 ] ] ] } },
{ "type": "Feature", "properties": { "boden": "100 % ziemlich arm, nass (OZ3)" }, "geometry": { "type": "Polygon", "coordinates": [ [ [ 13.60496, 52.9895 ], [ 13.6052, 52.98928 ], [ 13.60512, 52.98916 ], [ 13.60493, 52.98911 ], [ 13.6047, 52.98917 ], [ 13.60463, 52.98927 ], [ 13.60464, 52.98934 ], [ 13.60496, 52.9895 ] ] ] } },
{ "type": "Feature", "properties": { "boden": "100 % ziemlich arm, nass (OZ3)" }, "geometry": { "type": "Polygon", "coordinates": [ [ [ 13.60583, 52.98963 ], [ 13.606, 52.98943 ], [ 13.60592, 52.98931 ], [ 13.60573, 52.98926 ], [ 13.6055, 52.98931 ], [ 13.60543, 52.98942 ], [ 13.60549, 52.9896 ], [ 13.60583, 52.98963 ] ] ] } },
{ "type": "Feature", "properties": { "boden": "100 % ziemlich arm, nass (OZ3)" }, "geometry": { "type": "Polygon", "coordinates": [ [ [ 13.60696, 52.98944 ], [ 13.60688, 52.98932 ], [ 13.60669, 52.98927 ], [ 13.60646, 52.98932 ], [ 13.60639, 52.98943 ], [ 13.60646, 52.98955 ], [ 13.60667, 52.98966 ], [ 13.60689, 52.98964 ], [ 13.60696, 52.98944 ] ] ] } },
{ "type": "Feature", "properties": { "boden": "100 % mittel, trocken (vermutet) (M3)" }, "geometry": { "type": "Polygon", "coordinates": [ [ [ 13.60822, 52.99075 ], [ 13.60908, 52.99061 ], [ 13.6091, 52.99052 ], [ 13.6089, 52.99042 ], [ 13.60855, 52.9904 ], [ 13.60822, 52.99058 ], [ 13.60822, 52.99075 ] ] ] } },
{ "type": "Feature", "properties": { "boden": "100 % ziemlich arm, nass (OZ4)" }, "geometry": { "type": "Polygon", "coordinates": [ [ [ 13.60186, 52.99371 ], [ 13.6004, 52.99368 ], [ 13.59925, 52.99376 ], [ 13.59889, 52.9938 ], [ 13.59874, 52.99401 ], [ 13.59882, 52.99413 ], [ 13.59927, 52.99434 ], [ 13.5997, 52.99441 ], [ 13.60149, 52.99449 ], [ 13.60223, 52.99422 ], [ 13.60238, 52.99405 ], [ 13.60224, 52.99381 ], [ 13.60186, 52.99371 ] ] ] } },
{ "type": "Feature", "properties": { "boden": "100 % ziemlich arm, frisch (Z1)" }, "geometry": { "type": "Polygon", "coordinates": [ [ [ 13.60318, 52.99457 ], [ 13.60309, 52.99413 ], [ 13.60291, 52.99391 ], [ 13.60265, 52.99371 ], [ 13.60225, 52.99359 ], [ 13.60115, 52.99341 ], [ 13.59993, 52.99336 ], [ 13.59821, 52.99342 ], [ 13.59824, 52.99349 ], [ 13.5981, 52.99373 ], [ 13.59821, 52.99398 ], [ 13.59855, 52.99433 ], [ 13.59892, 52.99452 ], [ 13.60013, 52.99473 ], [ 13.60094, 52.99478 ], [ 13.60162, 52.99478 ], [ 13.60178, 52.9947 ], [ 13.60207, 52.99466 ], [ 13.60263, 52.99497 ], [ 13.60278, 52.99496 ], [ 13.60303, 52.99484 ], [ 13.60318, 52.99457 ] ], [ [ 13.60224, 52.99381 ], [ 13.60238, 52.99405 ], [ 13.60223, 52.99422 ], [ 13.60149, 52.99449 ], [ 13.5997, 52.99441 ], [ 13.59927, 52.99434 ], [ 13.59882, 52.99413 ], [ 13.59874, 52.99401 ], [ 13.59889, 52.9938 ], [ 13.6004, 52.99368 ], [ 13.60186, 52.99371 ], [ 13.60224, 52.99381 ] ] ] } },
{ "type": "Feature", "properties": { "boden": "100 % mittel, mäßig frisch (M2)" }, "geometry": { "type": "Polygon", "coordinates": [ [ [ 13.60509, 52.99643 ], [ 13.60472, 52.9965 ], [ 13.60421, 52.99652 ], [ 13.60411, 52.99656 ], [ 13.60407, 52.99676 ], [ 13.60446, 52.99675 ], [ 13.60472, 52.9968 ], [ 13.60491, 52.99676 ], [ 13.60507, 52.9968 ], [ 13.60528, 52.99676 ], [ 13.60564, 52.9966 ], [ 13.60567, 52.99651 ], [ 13.60556, 52.99642 ], [ 13.60509, 52.99643 ] ] ] } },
{ "type": "Feature", "properties": { "boden": "100 % ziemlich arm, frisch (Z1)" }, "geometry": { "type": "Polygon", "coordinates": [ [ [ 13.60054, 52.99072 ], [ 13.59861, 52.99019 ], [ 13.59868, 52.99033 ], [ 13.59516, 52.99052 ], [ 13.59317, 52.99025 ], [ 13.59133, 52.98996 ], [ 13.59131, 52.98965 ], [ 13.59109, 52.98971 ], [ 13.59087, 52.98963 ], [ 13.59075, 52.98965 ], [ 13.59054, 52.98959 ], [ 13.59047, 52.98947 ], [ 13.59055, 52.98936 ], [ 13.59078, 52.98931 ], [ 13.59099, 52.98939 ], [ 13.59111, 52.98936 ], [ 13.59128, 52.98941 ], [ 13.59127, 52.9893 ], [ 13.59101, 52.98925 ], [ 13.59012, 52.98928 ], [ 13.58949, 52.98879 ], [ 13.58934, 52.98885 ], [ 13.58923, 52.98909 ], [ 13.58957, 52.98939 ], [ 13.58983, 52.98978 ], [ 13.5901, 52.98999 ], [ 13.59444, 52.99065 ], [ 13.5965, 52.99075 ], [ 13.59881, 52.99058 ], [ 13.60054, 52.99072 ] ] ] } },
{ "type": "Feature", "properties": { "boden": "100 % mittel, mäßig frisch (M2)" }, "geometry": { "type": "Polygon", "coordinates": [ [ [ 13.5914, 52.99068 ], [ 13.59131, 52.99055 ], [ 13.59113, 52.9905 ], [ 13.5909, 52.99056 ], [ 13.59057, 52.99042 ], [ 13.59034, 52.99048 ], [ 13.59027, 52.99058 ], [ 13.59034, 52.99071 ], [ 13.59055, 52.99077 ], [ 13.59075, 52.99072 ], [ 13.59111, 52.99085 ], [ 13.59131, 52.9908 ], [ 13.5914, 52.99068 ] ] ] } },
{ "type": "Feature", "properties": { "boden": "100 % mittel, trocken (vermutet) (M3)" }, "geometry": { "type": "Polygon", "coordinates": [ [ [ 13.59939, 52.99091 ], [ 13.59931, 52.99082 ], [ 13.59911, 52.99077 ], [ 13.59863, 52.99073 ], [ 13.5971, 52.99088 ], [ 13.59475, 52.99084 ], [ 13.59441, 52.99088 ], [ 13.59526, 52.99099 ], [ 13.59705, 52.99102 ], [ 13.5992, 52.99094 ], [ 13.59939, 52.99091 ] ] ] } },
{ "type": "Feature", "properties": { "boden": "100 % mittel, mäßig frisch (M2)" }, "geometry": { "type": "Polygon", "coordinates": [ [ [ 13.5938, 52.99121 ], [ 13.59371, 52.99109 ], [ 13.59353, 52.99104 ], [ 13.59334, 52.99109 ], [ 13.5933, 52.99102 ], [ 13.59311, 52.99096 ], [ 13.59288, 52.99102 ], [ 13.59273, 52.99087 ], [ 13.59254, 52.99082 ], [ 13.59231, 52.99087 ], [ 13.59221, 52.99078 ], [ 13.59202, 52.99073 ], [ 13.59179, 52.99079 ], [ 13.59172, 52.9909 ], [ 13.59179, 52.99102 ], [ 13.592, 52.99108 ], [ 13.5922, 52.99103 ], [ 13.59252, 52.99116 ], [ 13.59281, 52.99113 ], [ 13.59288, 52.99125 ], [ 13.59309, 52.99131 ], [ 13.59326, 52.99127 ], [ 13.5933, 52.99133 ], [ 13.5935, 52.99138 ], [ 13.59371, 52.99134 ], [ 13.5938, 52.99121 ] ] ] } },
{ "type": "Feature", "properties": { "boden": "100 % mittel, mäßig frisch (M2)" }, "geometry": { "type": "Polygon", "coordinates": [ [ [ 13.59458, 52.99412 ], [ 13.59539, 52.99484 ], [ 13.59608, 52.9953 ], [ 13.59639, 52.9952 ], [ 13.59719, 52.99465 ], [ 13.59788, 52.99408 ], [ 13.59787, 52.99398 ], [ 13.59606, 52.99364 ], [ 13.59458, 52.99412 ] ] ] } },
{ "type": "Feature", "properties": { "boden": "100 % mittel, mäßig frisch (M2)" }, "geometry": { "type": "Polygon", "coordinates": [ [ [ 13.59233, 52.99486 ], [ 13.59217, 52.99478 ], [ 13.59203, 52.99483 ], [ 13.59122, 52.99452 ], [ 13.59079, 52.99443 ], [ 13.59011, 52.99448 ], [ 13.59132, 52.99468 ], [ 13.59171, 52.99479 ], [ 13.59196, 52.99497 ], [ 13.59233, 52.99486 ] ] ] } },
{ "type": "Feature", "properties": { "boden": "100 % mittel, mäßig frisch (M2)" }, "geometry": { "type": "Polygon", "coordinates": [ [ [ 13.5989, 52.99527 ], [ 13.59822, 52.99528 ], [ 13.59813, 52.99534 ], [ 13.59813, 52.9955 ], [ 13.59833, 52.99559 ], [ 13.59872, 52.99562 ], [ 13.59891, 52.99553 ], [ 13.5989, 52.99527 ] ] ] } },
{ "type": "Feature", "properties": { "boden": "100 % mittel, mäßig frisch (M2g)" }, "geometry": { "type": "Polygon", "coordinates": [ [ [ 13.59217, 52.99489 ], [ 13.59196, 52.99497 ], [ 13.59235, 52.99586 ], [ 13.59277, 52.99577 ], [ 13.59217, 52.99489 ] ] ] } },
{ "type": "Feature", "properties": { "boden": "100 % mittel, mäßig frisch (M2)" }, "geometry": { "type": "Polygon", "coordinates": [ [ [ 13.59409, 52.99553 ], [ 13.59426, 52.9956 ], [ 13.59454, 52.99572 ], [ 13.59459, 52.99564 ], [ 13.59451, 52.99552 ], [ 13.59432, 52.99547 ], [ 13.59409, 52.99553 ] ] ] } },
{ "type": "Feature", "properties": { "boden": "100 % mittel, mäßig frisch (M2)" }, "geometry": { "type": "Polygon", "coordinates": [ [ [ 13.59404, 52.99536 ], [ 13.59399, 52.99549 ], [ 13.59405, 52.99555 ], [ 13.59432, 52.99547 ], [ 13.59451, 52.99552 ], [ 13.59459, 52.99564 ], [ 13.59454, 52.99572 ], [ 13.59481, 52.99583 ], [ 13.59516, 52.99593 ], [ 13.59567, 52.99597 ], [ 13.59559, 52.99581 ], [ 13.59505, 52.99558 ], [ 13.59424, 52.99528 ], [ 13.59404, 52.99536 ] ] ] } },
{ "type": "Feature", "properties": { "boden": "100 % mittel, mäßig frisch (M2)" }, "geometry": { "type": "Polygon", "coordinates": [ [ [ 13.57541, 52.99037 ], [ 13.57521, 52.99038 ], [ 13.57508, 52.99047 ], [ 13.57508, 52.99057 ], [ 13.57517, 52.99065 ], [ 13.57533, 52.99068 ], [ 13.57552, 52.99064 ], [ 13.5756, 52.99055 ], [ 13.57556, 52.99044 ], [ 13.57541, 52.99037 ] ] ] } },
{ "type": "Feature", "properties": { "boden": "100 % mittel, mäßig frisch (M2)" }, "geometry": { "type": "Polygon", "coordinates": [ [ [ 13.57473, 52.99074 ], [ 13.57454, 52.99076 ], [ 13.57441, 52.99085 ], [ 13.5744, 52.99095 ], [ 13.5745, 52.99103 ], [ 13.57465, 52.99106 ], [ 13.57484, 52.99102 ], [ 13.57492, 52.99093 ], [ 13.57489, 52.99082 ], [ 13.57473, 52.99074 ] ] ] } },
{ "type": "Feature", "properties": { "boden": "100 % mittel, mäßig frisch (M2g)" }, "geometry": { "type": "Polygon", "coordinates": [ [ [ 13.57726, 52.99512 ], [ 13.5769, 52.99423 ], [ 13.57385, 52.99332 ], [ 13.57376, 52.99334 ], [ 13.57325, 52.99318 ], [ 13.5727, 52.99464 ], [ 13.5724, 52.99574 ], [ 13.57329, 52.99586 ], [ 13.57397, 52.99589 ], [ 13.57457, 52.99585 ], [ 13.57497, 52.99574 ], [ 13.57536, 52.99576 ], [ 13.57577, 52.99592 ], [ 13.57636, 52.99604 ], [ 13.57712, 52.99604 ], [ 13.57724, 52.99593 ], [ 13.57742, 52.99589 ], [ 13.57753, 52.99599 ], [ 13.57774, 52.99597 ], [ 13.57726, 52.99512 ] ] ] } },
{ "type": "Feature", "properties": { "boden": "100 % kräftig, nass (NK2)" }, "geometry": { "type": "Polygon", "coordinates": [ [ [ 13.5758, 52.99635 ], [ 13.5779, 52.99626 ], [ 13.57805, 52.9963 ], [ 13.57798, 52.99607 ], [ 13.57751, 52.99557 ], [ 13.57774, 52.99597 ], [ 13.57753, 52.99599 ], [ 13.57742, 52.99589 ], [ 13.57724, 52.99593 ], [ 13.57712, 52.99604 ], [ 13.57636, 52.99604 ], [ 13.57577, 52.99592 ], [ 13.57536, 52.99576 ], [ 13.57497, 52.99574 ], [ 13.57457, 52.99585 ], [ 13.57397, 52.99589 ], [ 13.57329, 52.99586 ], [ 13.5724, 52.99574 ], [ 13.57239, 52.99577 ], [ 13.57274, 52.99594 ], [ 13.5729, 52.99614 ], [ 13.57321, 52.99632 ], [ 13.57343, 52.99638 ], [ 13.57399, 52.99636 ], [ 13.57486, 52.99612 ], [ 13.57523, 52.99613 ], [ 13.5758, 52.99635 ] ] ] } },
{ "type": "Feature", "properties": { "boden": "100 % mittel, mäßig frisch (M2)" }, "geometry": { "type": "Polygon", "coordinates": [ [ [ 13.59454, 52.99572 ], [ 13.59405, 52.99555 ], [ 13.59423, 52.99583 ], [ 13.5945, 52.99577 ], [ 13.59454, 52.99572 ] ] ] } },
{ "type": "Feature", "properties": { "boden": "100 % mittel, nass (OM3)" }, "geometry": { "type": "Polygon", "coordinates": [ [ [ 13.589, 52.99568 ], [ 13.58909, 52.99588 ], [ 13.58906, 52.99599 ], [ 13.58887, 52.99608 ], [ 13.58868, 52.99609 ], [ 13.58866, 52.99622 ], [ 13.58817, 52.99636 ], [ 13.58857, 52.99646 ], [ 13.58932, 52.99635 ], [ 13.59013, 52.99653 ], [ 13.59065, 52.99658 ], [ 13.59114, 52.99653 ], [ 13.5917, 52.99652 ], [ 13.59167, 52.99572 ], [ 13.59152, 52.99573 ], [ 13.59125, 52.99543 ], [ 13.59087, 52.99522 ], [ 13.59092, 52.99512 ], [ 13.5905, 52.99501 ], [ 13.59019, 52.995 ], [ 13.58995, 52.99509 ], [ 13.58942, 52.99568 ], [ 13.589, 52.99568 ] ] ] } },
{ "type": "Feature", "properties": { "boden": "100 % mittel, mäßig frisch (M2g)" }, "geometry": { "type": "Polygon", "coordinates": [ [ [ 13.59277, 52.99577 ], [ 13.59235, 52.99586 ], [ 13.59237, 52.99611 ], [ 13.5927, 52.99613 ], [ 13.59296, 52.99608 ], [ 13.59277, 52.99577 ] ] ] } },
{ "type": "Feature", "properties": { "boden": "100 % mittel, mäßig frisch (M2)" }, "geometry": { "type": "Polygon", "coordinates": [ [ [ 13.5976, 52.99624 ], [ 13.59699, 52.99606 ], [ 13.59669, 52.99603 ], [ 13.59659, 52.99604 ], [ 13.5965, 52.99614 ], [ 13.59658, 52.9963 ], [ 13.59689, 52.99639 ], [ 13.59744, 52.9964 ], [ 13.59766, 52.99634 ], [ 13.59807, 52.99646 ], [ 13.59834, 52.99645 ], [ 13.59824, 52.99636 ], [ 13.5976, 52.99624 ] ] ] } },
{ "type": "Feature", "properties": { "boden": "100 % mittel, mäßig frisch (M2)" }, "geometry": { "type": "Polygon", "coordinates": [ [ [ 13.61503, 52.99104 ], [ 13.61485, 52.991 ], [ 13.61464, 52.99105 ], [ 13.61458, 52.99115 ], [ 13.61508, 52.99112 ], [ 13.61503, 52.99104 ] ] ] } },
{ "type": "Feature", "properties": { "boden": "100 % mittel, mäßig frisch (M2)" }, "geometry": { "type": "Polygon", "coordinates": [ [ [ 13.61508, 52.99112 ], [ 13.61458, 52.99115 ], [ 13.61456, 52.99117 ], [ 13.61465, 52.99129 ], [ 13.61484, 52.99134 ], [ 13.61504, 52.99129 ], [ 13.61513, 52.99118 ], [ 13.61508, 52.99112 ] ] ] } },
{ "type": "Feature", "properties": { "boden": "100 % mittel, mäßig frisch (M2)" }, "geometry": { "type": "Polygon", "coordinates": [ [ [ 13.61703, 52.99124 ], [ 13.61682, 52.99129 ], [ 13.61675, 52.99141 ], [ 13.61683, 52.99153 ], [ 13.61702, 52.99158 ], [ 13.61723, 52.99153 ], [ 13.61729, 52.99145 ], [ 13.61722, 52.99128 ], [ 13.61703, 52.99124 ] ] ] } },
{ "type": "Feature", "properties": { "boden": "100 % mittel, mäßig frisch (M2)" }, "geometry": { "type": "Polygon", "coordinates": [ [ [ 13.61542, 52.99288 ], [ 13.61505, 52.99296 ], [ 13.61495, 52.99303 ], [ 13.61495, 52.99311 ], [ 13.61518, 52.99318 ], [ 13.61549, 52.9932 ], [ 13.61583, 52.99316 ], [ 13.61588, 52.99309 ], [ 13.6158, 52.99299 ], [ 13.6156, 52.99289 ], [ 13.61542, 52.99288 ] ] ] } },
{ "type": "Feature", "properties": { "boden": "100 % mittel, mäßig frisch (M2)" }, "geometry": { "type": "Polygon", "coordinates": [ [ [ 13.6134, 52.99342 ], [ 13.61361, 52.99337 ], [ 13.61378, 52.99341 ], [ 13.61381, 52.99336 ], [ 13.61373, 52.9932 ], [ 13.61349, 52.99316 ], [ 13.61323, 52.99319 ], [ 13.61294, 52.99331 ], [ 13.61293, 52.99339 ], [ 13.61305, 52.99347 ], [ 13.61336, 52.99348 ], [ 13.6134, 52.99342 ] ] ] } },
{ "type": "Feature", "properties": { "boden": "100 % mittel, mäßig frisch (M2)" }, "geometry": { "type": "Polygon", "coordinates": [ [ [ 13.62046, 52.9933 ], [ 13.62025, 52.99336 ], [ 13.62017, 52.99347 ], [ 13.62026, 52.9936 ], [ 13.62045, 52.99365 ], [ 13.62066, 52.9936 ], [ 13.62074, 52.99349 ], [ 13.62064, 52.99335 ], [ 13.62046, 52.9933 ] ] ] } },
{ "type": "Feature", "properties": { "boden": "100 % mittel, mäßig frisch (M2)" }, "geometry": { "type": "Polygon", "coordinates": [ [ [ 13.61484, 52.99329 ], [ 13.61463, 52.99334 ], [ 13.61455, 52.99346 ], [ 13.61464, 52.99358 ], [ 13.61483, 52.99363 ], [ 13.61504, 52.99358 ], [ 13.61512, 52.99347 ], [ 13.61503, 52.99333 ], [ 13.61484, 52.99329 ] ] ] } },
{ "type": "Feature", "properties": { "boden": "100 % mittel, mäßig frisch (M2)" }, "geometry": { "type": "Polygon", "coordinates": [ [ [ 13.61361, 52.99337 ], [ 13.6134, 52.99342 ], [ 13.61332, 52.99354 ], [ 13.61341, 52.99366 ], [ 13.6136, 52.99371 ], [ 13.6138, 52.99366 ], [ 13.61389, 52.99355 ], [ 13.61379, 52.99341 ], [ 13.61361, 52.99337 ] ] ] } },
{ "type": "Feature", "properties": { "boden": "100 % mittel, mäßig frisch (M2)" }, "geometry": { "type": "Polygon", "coordinates": [ [ [ 13.61578, 52.99364 ], [ 13.61557, 52.99369 ], [ 13.61549, 52.99381 ], [ 13.61558, 52.99393 ], [ 13.61577, 52.99398 ], [ 13.61598, 52.99393 ], [ 13.61606, 52.99382 ], [ 13.61597, 52.99368 ], [ 13.61578, 52.99364 ] ] ] } },
{ "type": "Feature", "properties": { "boden": "100 % mittel, mäßig frisch (M2)" }, "geometry": { "type": "Polygon", "coordinates": [ [ [ 13.61116, 52.99481 ], [ 13.61104, 52.99484 ], [ 13.61087, 52.99498 ], [ 13.61096, 52.9951 ], [ 13.61115, 52.99515 ], [ 13.61136, 52.9951 ], [ 13.61144, 52.99499 ], [ 13.61135, 52.99485 ], [ 13.61116, 52.99481 ] ] ] } },
{ "type": "Feature", "properties": { "boden": "100 % ziemlich arm, trocken (vermutet) (Z3)" }, "geometry": { "type": "Polygon", "coordinates": [ [ [ 13.63252, 52.99189 ], [ 13.63228, 52.99217 ], [ 13.63174, 52.99231 ], [ 13.63161, 52.99239 ], [ 13.63154, 52.99253 ], [ 13.6317, 52.99255 ], [ 13.63225, 52.99247 ], [ 13.6331, 52.99217 ], [ 13.63282, 52.99197 ], [ 13.63252, 52.99189 ] ] ] } },
{ "type": "Feature", "properties": { "boden": "100 % ziemlich arm, mäßig frisch (Z2)" }, "geometry": { "type": "Polygon", "coordinates": [ [ [ 13.63214, 52.99289 ], [ 13.63201, 52.9929 ], [ 13.63185, 52.99299 ], [ 13.63185, 52.99311 ], [ 13.63193, 52.99317 ], [ 13.63218, 52.99317 ], [ 13.63231, 52.99307 ], [ 13.63231, 52.99295 ], [ 13.63214, 52.99289 ] ] ] } },
{ "type": "Feature", "properties": { "boden": "100 % mittel, mäßig frisch (M2)" }, "geometry": { "type": "Polygon", "coordinates": [ [ [ 13.62166, 52.99275 ], [ 13.62062, 52.99282 ], [ 13.62042, 52.99293 ], [ 13.62033, 52.99301 ], [ 13.62036, 52.99307 ], [ 13.62057, 52.99315 ], [ 13.62242, 52.99321 ], [ 13.62351, 52.99318 ], [ 13.62358, 52.9931 ], [ 13.62352, 52.99297 ], [ 13.62326, 52.99283 ], [ 13.62166, 52.99275 ] ] ] } },
{ "type": "Feature", "properties": { "boden": "100 % mittel, mäßig frisch (M2)" }, "geometry": { "type": "Polygon", "coordinates": [ [ [ 13.62226, 52.99324 ], [ 13.62206, 52.99329 ], [ 13.62198, 52.99341 ], [ 13.62206, 52.99353 ], [ 13.62226, 52.99358 ], [ 13.62246, 52.99353 ], [ 13.62254, 52.99342 ], [ 13.62245, 52.99328 ], [ 13.62226, 52.99324 ] ] ] } },
{ "type": "Feature", "properties": { "boden": "100 % mittel, trocken (vermutet) (M3)" }, "geometry": { "type": "Polygon", "coordinates": [ [ [ 13.62139, 52.99354 ], [ 13.62091, 52.99359 ], [ 13.62082, 52.99362 ], [ 13.62081, 52.9937 ], [ 13.62102, 52.99377 ], [ 13.62187, 52.9938 ], [ 13.62164, 52.9936 ], [ 13.62139, 52.99354 ] ] ] } },
{ "type": "Feature", "properties": { "boden": "100 % mittel, trocken (vermutet) (M3)" }, "geometry": { "type": "Polygon", "coordinates": [ [ [ 13.62318, 52.99364 ], [ 13.62305, 52.99366 ], [ 13.62259, 52.99388 ], [ 13.62312, 52.9939 ], [ 13.62324, 52.99379 ], [ 13.62326, 52.99367 ], [ 13.62318, 52.99364 ] ] ] } },
{ "type": "Feature", "properties": { "boden": "100 % ziemlich arm, trocken (vermutet) (Z3)" }, "geometry": { "type": "Polygon", "coordinates": [ [ [ 13.63316, 52.99416 ], [ 13.63271, 52.99422 ], [ 13.6324, 52.99435 ], [ 13.63278, 52.99436 ], [ 13.63333, 52.9942 ], [ 13.63316, 52.99416 ] ] ] } },
{ "type": "Feature", "properties": { "boden": "100 % mittel, mäßig frisch (M2)" }, "geometry": { "type": "Polygon", "coordinates": [ [ [ 13.62202, 52.99455 ], [ 13.62291, 52.99458 ], [ 13.62313, 52.99456 ], [ 13.62342, 52.99442 ], [ 13.62314, 52.99427 ], [ 13.62276, 52.99418 ], [ 13.62237, 52.99417 ], [ 13.62185, 52.99423 ], [ 13.6213, 52.99412 ], [ 13.6208, 52.99409 ], [ 13.62041, 52.99413 ], [ 13.62001, 52.99425 ], [ 13.61969, 52.99439 ], [ 13.61983, 52.99459 ], [ 13.61993, 52.99462 ], [ 13.62202, 52.99455 ] ] ] } },
{ "type": "Feature", "properties": { "boden": "100 % mittel, mäßig frisch (M2)" }, "geometry": { "type": "Polygon", "coordinates": [ [ [ 13.62346, 52.99449 ], [ 13.62326, 52.99454 ], [ 13.62318, 52.99466 ], [ 13.62326, 52.99478 ], [ 13.62346, 52.99483 ], [ 13.62366, 52.99478 ], [ 13.62374, 52.99467 ], [ 13.62365, 52.99453 ], [ 13.62346, 52.99449 ] ] ] } },
{ "type": "Feature", "properties": { "boden": "100 % mittel, mäßig frisch (M2)" }, "geometry": { "type": "Polygon", "coordinates": [ [ [ 13.62202, 52.99455 ], [ 13.62181, 52.9946 ], [ 13.62173, 52.99472 ], [ 13.62182, 52.99484 ], [ 13.62201, 52.99489 ], [ 13.62222, 52.99484 ], [ 13.6223, 52.99473 ], [ 13.6222, 52.99459 ], [ 13.62202, 52.99455 ] ] ] } },
{ "type": "Feature", "properties": { "boden": "100 % mittel, mäßig frisch (M2)" }, "geometry": { "type": "Polygon", "coordinates": [ [ [ 13.61062, 52.99553 ], [ 13.61042, 52.99558 ], [ 13.61034, 52.9957 ], [ 13.61042, 52.99583 ], [ 13.61062, 52.99587 ], [ 13.61082, 52.99583 ], [ 13.6109, 52.99572 ], [ 13.61081, 52.99558 ], [ 13.61062, 52.99553 ] ] ] } },
{ "type": "Feature", "properties": { "boden": "100 % mittel, mäßig frisch (M2)" }, "geometry": { "type": "Polygon", "coordinates": [ [ [ 13.61774, 52.99613 ], [ 13.61659, 52.99597 ], [ 13.61613, 52.99605 ], [ 13.61602, 52.99615 ], [ 13.61662, 52.99607 ], [ 13.6172, 52.99632 ], [ 13.61753, 52.99632 ], [ 13.61836, 52.99645 ], [ 13.61897, 52.9965 ], [ 13.61885, 52.99621 ], [ 13.61774, 52.99613 ] ] ] } },
{ "type": "Feature", "properties": { "boden": "100 % mittel, mäßig frisch (M2)" }, "geometry": { "type": "Polygon", "coordinates": [ [ [ 13.61897, 52.9965 ], [ 13.61952, 52.99653 ], [ 13.61982, 52.99652 ], [ 13.61953, 52.99628 ], [ 13.61885, 52.99621 ], [ 13.61897, 52.9965 ] ] ] } },
{ "type": "Feature", "properties": { "boden": "100 % mittel, mäßig frisch (M2)" }, "geometry": { "type": "Polygon", "coordinates": [ [ [ 13.61897, 52.9965 ], [ 13.61753, 52.99632 ], [ 13.6172, 52.99632 ], [ 13.6175, 52.99645 ], [ 13.619, 52.99659 ], [ 13.61897, 52.9965 ] ] ] } },
{ "type": "Feature", "properties": { "boden": "100 % mittel, mäßig frisch (M2)" }, "geometry": { "type": "Polygon", "coordinates": [ [ [ 13.61047, 52.9962 ], [ 13.61026, 52.99625 ], [ 13.61018, 52.99637 ], [ 13.61027, 52.99649 ], [ 13.61046, 52.99654 ], [ 13.61067, 52.99649 ], [ 13.61075, 52.99638 ], [ 13.61065, 52.99624 ], [ 13.61047, 52.9962 ] ] ] } },
{ "type": "Feature", "properties": { "boden": "100 % mittel, mäßig frisch (M2)" }, "geometry": { "type": "Polygon", "coordinates": [ [ [ 13.6215, 53.00293 ], [ 13.63768, 53.00147 ], [ 13.63658, 53.00112 ], [ 13.63506, 53.00081 ], [ 13.63359, 53.00062 ], [ 13.63259, 53.00054 ], [ 13.63265, 53.00085 ], [ 13.6321, 53.00104 ], [ 13.63142, 53.00085 ], [ 13.62969, 53.00055 ], [ 13.62807, 53.00036 ], [ 13.62686, 53.00035 ], [ 13.6268, 53.0004 ], [ 13.62549, 53.00068 ], [ 13.62517, 53.00068 ], [ 13.62473, 53.00063 ], [ 13.62453, 53.00038 ], [ 13.62403, 53.00018 ], [ 13.62326, 53.00014 ], [ 13.62265, 53.00017 ], [ 13.6211, 53.00035 ], [ 13.62053, 53.00022 ], [ 13.61982, 52.99993 ], [ 13.61961, 52.99975 ], [ 13.61944, 52.9994 ], [ 13.61929, 52.99927 ], [ 13.6178, 52.99934 ], [ 13.61753, 52.99929 ], [ 13.61713, 52.9989 ], [ 13.61673, 52.99824 ], [ 13.61591, 52.99786 ], [ 13.61516, 52.99741 ], [ 13.6148, 52.99737 ], [ 13.61404, 52.99769 ], [ 13.61314, 52.99755 ], [ 13.61284, 52.99703 ], [ 13.61287, 52.99672 ], [ 13.6133, 52.99618 ], [ 13.6137, 52.9961 ], [ 13.614, 52.99591 ], [ 13.61453, 52.99588 ], [ 13.61504, 52.99593 ], [ 13.61556, 52.99622 ], [ 13.61602, 52.99615 ], [ 13.61613, 52.99605 ], [ 13.61659, 52.99597 ], [ 13.61774, 52.99613 ], [ 13.61885, 52.99621 ], [ 13.61834, 52.99481 ], [ 13.61793, 52.99416 ], [ 13.61766, 52.993 ], [ 13.61733, 52.99259 ], [ 13.61672, 52.99215 ], [ 13.61545, 52.9916 ], [ 13.61432, 52.9913 ], [ 13.61378, 52.99123 ], [ 13.61327, 52.99119 ], [ 13.61192, 52.99126 ], [ 13.61156, 52.99121 ], [ 13.61017, 52.99078 ], [ 13.60944, 52.99068 ], [ 13.60863, 52.99069 ], [ 13.60815, 52.99076 ], [ 13.60777, 52.99089 ], [ 13.60691, 52.99135 ], [ 13.60458, 52.99145 ], [ 13.60383, 52.99137 ], [ 13.6028, 52.99164 ], [ 13.60103, 52.99124 ], [ 13.60095, 52.99114 ], [ 13.59984, 52.99111 ], [ 13.59804, 52.99133 ], [ 13.59646, 52.99177 ], [ 13.59534, 52.9924 ], [ 13.59375, 52.9928 ], [ 13.59322, 52.99308 ], [ 13.59287, 52.99318 ], [ 13.59355, 52.99414 ], [ 13.59384, 52.99404 ], [ 13.5942, 52.99401 ], [ 13.59441, 52.99403 ], [ 13.59458, 52.99412 ], [ 13.59606, 52.99364 ], [ 13.59787, 52.99398 ], [ 13.59788, 52.99408 ], [ 13.59719, 52.99465 ], [ 13.59639, 52.9952 ], [ 13.59608, 52.9953 ], [ 13.59539, 52.99484 ], [ 13.59424, 52.99528 ], [ 13.59547, 52.99574 ], [ 13.59564, 52.99587 ], [ 13.59567, 52.99597 ], [ 13.59516, 52.99593 ], [ 13.59454, 52.99572 ], [ 13.5945, 52.99577 ], [ 13.59423, 52.99583 ], [ 13.59429, 52.99594 ], [ 13.59329, 52.99619 ], [ 13.59538, 52.99941 ], [ 13.5959, 52.99929 ], [ 13.59733, 52.99773 ], [ 13.5979, 52.9973 ], [ 13.59913, 52.99711 ], [ 13.5997, 52.9972 ], [ 13.59985, 52.99728 ], [ 13.60009, 52.99731 ], [ 13.60077, 52.99755 ], [ 13.60187, 52.99774 ], [ 13.60338, 52.99829 ], [ 13.60431, 52.99841 ], [ 13.60503, 52.99839 ], [ 13.60565, 52.99822 ], [ 13.60606, 52.99829 ], [ 13.60655, 52.99831 ], [ 13.60712, 52.99845 ], [ 13.60794, 52.9989 ], [ 13.60857, 52.99951 ], [ 13.60859, 52.99968 ], [ 13.60841, 52.99964 ], [ 13.60898, 53.00101 ], [ 13.60903, 53.00142 ], [ 13.60932, 53.00145 ], [ 13.60917, 53.00139 ], [ 13.60909, 53.00127 ], [ 13.60917, 53.00115 ], [ 13.60937, 53.0011 ], [ 13.60956, 53.00114 ], [ 13.60977, 53.00108 ], [ 13.60996, 53.00112 ], [ 13.61005, 53.00126 ], [ 13.61003, 53.00137 ], [ 13.6103, 53.00129 ], [ 13.61069, 53.0009 ], [ 13.61133, 53.00041 ], [ 13.61178, 53.0001 ], [ 13.61215, 52.99994 ], [ 13.61207, 52.99994 ], [ 13.61213, 52.99985 ], [ 13.61272, 52.99952 ], [ 13.61326, 52.9994 ], [ 13.61408, 52.99942 ], [ 13.61469, 52.99952 ], [ 13.6163, 52.99996 ], [ 13.61652, 53.00006 ], [ 13.61808, 53.00042 ], [ 13.6188, 53.00068 ], [ 13.61955, 53.00111 ], [ 13.61964, 53.00123 ], [ 13.61953, 53.00125 ], [ 13.61925, 53.00119 ], [ 13.61846, 53.00092 ], [ 13.61887, 53.0012 ], [ 13.61919, 53.00123 ], [ 13.61966, 53.00135 ], [ 13.62016, 53.00171 ], [ 13.62024, 53.00159 ], [ 13.62044, 53.00154 ], [ 13.62063, 53.00159 ], [ 13.62072, 53.00173 ], [ 13.62064, 53.00184 ], [ 13.62043, 53.00188 ], [ 13.6203, 53.00185 ], [ 13.62088, 53.00253 ], [ 13.6215, 53.00293 ] ], [ [ 13.62358, 53.002 ], [ 13.62378, 53.00214 ], [ 13.62365, 53.00227 ], [ 13.6234, 53.0022 ], [ 13.62324, 53.00203 ], [ 13.62338, 53.00196 ], [ 13.62358, 53.002 ] ], [ [ 13.62127, 53.00199 ], [ 13.62118, 53.0021 ], [ 13.62098, 53.00215 ], [ 13.62079, 53.0021 ], [ 13.6207, 53.00198 ], [ 13.62078, 53.00186 ], [ 13.62099, 53.00181 ], [ 13.62117, 53.00185 ], [ 13.62127, 53.00199 ] ], [ [ 13.62796, 53.00064 ], [ 13.6281, 53.00072 ], [ 13.62786, 53.00084 ], [ 13.6272, 53.00091 ], [ 13.62609, 53.00114 ], [ 13.62571, 53.00118 ], [ 13.6255, 53.00115 ], [ 13.62526, 53.00104 ], [ 13.62536, 53.00096 ], [ 13.62629, 53.00079 ], [ 13.62731, 53.00054 ], [ 13.62796, 53.00064 ] ], [ [ 13.62421, 53.00095 ], [ 13.62385, 53.00083 ], [ 13.62378, 53.00089 ], [ 13.62357, 53.00095 ], [ 13.62338, 53.0009 ], [ 13.62329, 53.00077 ], [ 13.62337, 53.00066 ], [ 13.62358, 53.0006 ], [ 13.62396, 53.00072 ], [ 13.62401, 53.00066 ], [ 13.62422, 53.00061 ], [ 13.6244, 53.00065 ], [ 13.6245, 53.00079 ], [ 13.62441, 53.0009 ], [ 13.62421, 53.00095 ] ], [ [ 13.62336, 53.00046 ], [ 13.62333, 53.00059 ], [ 13.62277, 53.00087 ], [ 13.62241, 53.00092 ], [ 13.62186, 53.00083 ], [ 13.6222, 53.00067 ], [ 13.62287, 53.00046 ], [ 13.62321, 53.00042 ], [ 13.62336, 53.00046 ] ], [ [ 13.61726, 52.9994 ], [ 13.61804, 52.99958 ], [ 13.61863, 52.99968 ], [ 13.61892, 52.99978 ], [ 13.61911, 52.99992 ], [ 13.6192, 53.00021 ], [ 13.61942, 53.00034 ], [ 13.61945, 53.00046 ], [ 13.61928, 53.00051 ], [ 13.61903, 53.00045 ], [ 13.61838, 53.00015 ], [ 13.61744, 52.99957 ], [ 13.61726, 52.9994 ] ], [ [ 13.61541, 52.99779 ], [ 13.61588, 52.99804 ], [ 13.61618, 52.99833 ], [ 13.61474, 52.99788 ], [ 13.6148, 52.99779 ], [ 13.61502, 52.99773 ], [ 13.61541, 52.99779 ] ], [ [ 13.61053, 52.99701 ], [ 13.61045, 52.99712 ], [ 13.61024, 52.99717 ], [ 13.61005, 52.99712 ], [ 13.60997, 52.99699 ], [ 13.61005, 52.99688 ], [ 13.61025, 52.99682 ], [ 13.61044, 52.99687 ], [ 13.61053, 52.99701 ] ], [ [ 13.604, 52.9965 ], [ 13.60591, 52.99638 ], [ 13.60592, 52.99687 ], [ 13.60376, 52.99685 ], [ 13.604, 52.9965 ] ], [ [ 13.61075, 52.99638 ], [ 13.61067, 52.99649 ], [ 13.61046, 52.99654 ], [ 13.61027, 52.99649 ], [ 13.61018, 52.99637 ], [ 13.61026, 52.99625 ], [ 13.61047, 52.9962 ], [ 13.61065, 52.99624 ], [ 13.61075, 52.99638 ] ], [ [ 13.5983, 52.99639 ], [ 13.59834, 52.99645 ], [ 13.59825, 52.99647 ], [ 13.59807, 52.99646 ], [ 13.59766, 52.99634 ], [ 13.59744, 52.9964 ], [ 13.59689, 52.99639 ], [ 13.59658, 52.9963 ], [ 13.59651, 52.99623 ], [ 13.59652, 52.99608 ], [ 13.59669, 52.99603 ], [ 13.59699, 52.99606 ], [ 13.5983, 52.99639 ] ], [ [ 13.6109, 52.99572 ], [ 13.61082, 52.99583 ], [ 13.61062, 52.99587 ], [ 13.61042, 52.99583 ], [ 13.61034, 52.9957 ], [ 13.61042, 52.99558 ], [ 13.61062, 52.99553 ], [ 13.61081, 52.99558 ], [ 13.6109, 52.99572 ] ], [ [ 13.59872, 52.99562 ], [ 13.59833, 52.99559 ], [ 13.59813, 52.9955 ], [ 13.59813, 52.99534 ], [ 13.59822, 52.99528 ], [ 13.5989, 52.99527 ], [ 13.59891, 52.99553 ], [ 13.59872, 52.99562 ] ], [ [ 13.61144, 52.99499 ], [ 13.61136, 52.9951 ], [ 13.61115, 52.99515 ], [ 13.61096, 52.9951 ], [ 13.61087, 52.99498 ], [ 13.61104, 52.99484 ], [ 13.61116, 52.99481 ], [ 13.61135, 52.99485 ], [ 13.61144, 52.99499 ] ], [ [ 13.60303, 52.99484 ], [ 13.60278, 52.99496 ], [ 13.60263, 52.99497 ], [ 13.60207, 52.99466 ], [ 13.60178, 52.9947 ], [ 13.60162, 52.99478 ], [ 13.60094, 52.99478 ], [ 13.60013, 52.99473 ], [ 13.59892, 52.99452 ], [ 13.59855, 52.99433 ], [ 13.59821, 52.99398 ], [ 13.5981, 52.99373 ], [ 13.59824, 52.99349 ], [ 13.59821, 52.99342 ], [ 13.59993, 52.99336 ], [ 13.60115, 52.99341 ], [ 13.60225, 52.99359 ], [ 13.60265, 52.99371 ], [ 13.60291, 52.99391 ], [ 13.60309, 52.99413 ], [ 13.60318, 52.99457 ], [ 13.60303, 52.99484 ] ], [ [ 13.61606, 52.99382 ], [ 13.61598, 52.99393 ], [ 13.61577, 52.99398 ], [ 13.61558, 52.99393 ], [ 13.61549, 52.99381 ], [ 13.61557, 52.99369 ], [ 13.61578, 52.99364 ], [ 13.61597, 52.99368 ], [ 13.61606, 52.99382 ] ], [ [ 13.61512, 52.99347 ], [ 13.61504, 52.99358 ], [ 13.61483, 52.99363 ], [ 13.61464, 52.99358 ], [ 13.61455, 52.99346 ], [ 13.61463, 52.99334 ], [ 13.61484, 52.99329 ], [ 13.61503, 52.99333 ], [ 13.61512, 52.99347 ] ], [ [ 13.61377, 52.99324 ], [ 13.61389, 52.99355 ], [ 13.6138, 52.99366 ], [ 13.6136, 52.99371 ], [ 13.61341, 52.99366 ], [ 13.61332, 52.99354 ], [ 13.61336, 52.99348 ], [ 13.61297, 52.99343 ], [ 13.61294, 52.99331 ], [ 13.61323, 52.99319 ], [ 13.61362, 52.99317 ], [ 13.61377, 52.99324 ] ], [ [ 13.61567, 52.99292 ], [ 13.61588, 52.99309 ], [ 13.61583, 52.99316 ], [ 13.61549, 52.9932 ], [ 13.61518, 52.99318 ], [ 13.61495, 52.99311 ], [ 13.61495, 52.99303 ], [ 13.61521, 52.99291 ], [ 13.61542, 52.99288 ], [ 13.61567, 52.99292 ] ] ] } },
{ "type": "Feature", "properties": { "boden": "100 % mittel, mäßig frisch (M2)" }, "geometry": { "type": "Polygon", "coordinates": [ [ [ 13.61025, 52.99682 ], [ 13.61005, 52.99688 ], [ 13.60997, 52.99699 ], [ 13.61005, 52.99712 ], [ 13.61024, 52.99717 ], [ 13.61045, 52.99712 ], [ 13.61053, 52.99701 ], [ 13.61044, 52.99687 ], [ 13.61025, 52.99682 ] ] ] } },
{ "type": "Feature", "properties": { "boden": "100 % mittel, trocken (vermutet) (M3)" }, "geometry": { "type": "Polygon", "coordinates": [ [ [ 13.61502, 52.99773 ], [ 13.6148, 52.99779 ], [ 13.61474, 52.99788 ], [ 13.61618, 52.99833 ], [ 13.61614, 52.99825 ], [ 13.61572, 52.99793 ], [ 13.61541, 52.99779 ], [ 13.61502, 52.99773 ] ] ] } },
{ "type": "Feature", "properties": { "boden": "100 % ziemlich arm, nass (OZ3)" }, "geometry": { "type": "Polygon", "coordinates": [ [ [ 13.6268, 53.0004 ], [ 13.62719, 52.99996 ], [ 13.62774, 52.99966 ], [ 13.62781, 52.99931 ], [ 13.62762, 52.99885 ], [ 13.62765, 52.99868 ], [ 13.62743, 52.99827 ], [ 13.62717, 52.99806 ], [ 13.62635, 52.99793 ], [ 13.62585, 52.998 ], [ 13.62459, 52.99836 ], [ 13.62403, 52.99823 ], [ 13.62393, 52.99793 ], [ 13.62295, 52.99729 ], [ 13.62169, 52.99703 ], [ 13.62109, 52.99711 ], [ 13.62055, 52.99741 ], [ 13.6201, 52.9974 ], [ 13.61973, 52.99723 ], [ 13.619, 52.99659 ], [ 13.6175, 52.99645 ], [ 13.61662, 52.99607 ], [ 13.61556, 52.99622 ], [ 13.61504, 52.99593 ], [ 13.61453, 52.99588 ], [ 13.614, 52.99591 ], [ 13.6137, 52.9961 ], [ 13.6133, 52.99618 ], [ 13.61287, 52.99672 ], [ 13.61284, 52.99703 ], [ 13.61314, 52.99755 ], [ 13.61404, 52.99769 ], [ 13.6148, 52.99737 ], [ 13.61516, 52.99741 ], [ 13.61591, 52.99786 ], [ 13.61673, 52.99824 ], [ 13.61713, 52.9989 ], [ 13.61753, 52.99929 ], [ 13.6178, 52.99934 ], [ 13.61929, 52.99927 ], [ 13.61944, 52.9994 ], [ 13.61961, 52.99975 ], [ 13.61982, 52.99993 ], [ 13.62053, 53.00022 ], [ 13.6211, 53.00035 ], [ 13.62265, 53.00017 ], [ 13.62326, 53.00014 ], [ 13.62403, 53.00018 ], [ 13.62453, 53.00038 ], [ 13.62473, 53.00063 ], [ 13.62517, 53.00068 ], [ 13.62549, 53.00068 ], [ 13.6268, 53.0004 ] ] ] } },
{ "type": "Feature", "properties": { "boden": "100 % mittel, trocken (vermutet) (M3)" }, "geometry": { "type": "Polygon", "coordinates": [ [ [ 13.61726, 52.9994 ], [ 13.6177, 52.99974 ], [ 13.61886, 53.0004 ], [ 13.61928, 53.00051 ], [ 13.61945, 53.00046 ], [ 13.61942, 53.00034 ], [ 13.6192, 53.00021 ], [ 13.61911, 52.99992 ], [ 13.61892, 52.99978 ], [ 13.61848, 52.99964 ], [ 13.61804, 52.99958 ], [ 13.61726, 52.9994 ] ] ] } },
{ "type": "Feature", "properties": { "boden": "100 % mittel, mäßig frisch (M2)" }, "geometry": { "type": "Polygon", "coordinates": [ [ [ 13.60546, 52.99641 ], [ 13.60567, 52.99651 ], [ 13.60564, 52.9966 ], [ 13.60528, 52.99676 ], [ 13.60507, 52.9968 ], [ 13.60491, 52.99676 ], [ 13.60472, 52.9968 ], [ 13.60446, 52.99675 ], [ 13.60412, 52.99678 ], [ 13.60405, 52.99667 ], [ 13.60411, 52.99656 ], [ 13.60421, 52.99652 ], [ 13.60472, 52.9965 ], [ 13.60509, 52.99643 ], [ 13.604, 52.9965 ], [ 13.60376, 52.99685 ], [ 13.60592, 52.99687 ], [ 13.60591, 52.99638 ], [ 13.60546, 52.99641 ] ] ] } },
{ "type": "Feature", "properties": { "boden": "100 % mittel, mäßig frisch (M2)" }, "geometry": { "type": "Polygon", "coordinates": [ [ [ 13.60003, 52.99742 ], [ 13.6005, 52.99764 ], [ 13.60101, 52.99777 ], [ 13.60181, 52.99782 ], [ 13.60338, 52.99829 ], [ 13.60187, 52.99774 ], [ 13.60077, 52.99755 ], [ 13.60009, 52.99731 ], [ 13.59985, 52.99728 ], [ 13.60003, 52.99742 ] ] ] } },
{ "type": "Feature", "properties": { "boden": "100 % mittel, nass (NM1)" }, "geometry": { "type": "Polygon", "coordinates": [ [ [ 13.60794, 52.9989 ], [ 13.60712, 52.99845 ], [ 13.60655, 52.99831 ], [ 13.60606, 52.99829 ], [ 13.60565, 52.99822 ], [ 13.60503, 52.99839 ], [ 13.60565, 52.99837 ], [ 13.60623, 52.99845 ], [ 13.6077, 52.99903 ], [ 13.60813, 52.99927 ], [ 13.60812, 52.99912 ], [ 13.60794, 52.9989 ] ] ] } },
{ "type": "Feature", "properties": { "boden": "100 % mittel, mäßig frisch (M2)" }, "geometry": { "type": "Polygon", "coordinates": [ [ [ 13.60812, 52.99912 ], [ 13.60813, 52.99927 ], [ 13.60841, 52.99964 ], [ 13.60859, 52.99968 ], [ 13.60853, 52.99946 ], [ 13.608, 52.99898 ], [ 13.60812, 52.99912 ] ] ] } },
{ "type": "Feature", "properties": { "boden": "100 % mittel, mäßig frisch (M2)" }, "geometry": { "type": "Polygon", "coordinates": [ [ [ 13.62079, 52.99459 ], [ 13.62058, 52.99464 ], [ 13.6205, 52.99476 ], [ 13.62059, 52.99488 ], [ 13.62078, 52.99493 ], [ 13.62098, 52.99488 ], [ 13.62107, 52.99477 ], [ 13.62097, 52.99463 ], [ 13.62079, 52.99459 ] ] ] } },
{ "type": "Feature", "properties": { "boden": "100 % mittel, trocken (vermutet) (M3)" }, "geometry": { "type": "Polygon", "coordinates": [ [ [ 13.62274, 52.99515 ], [ 13.62265, 52.99512 ], [ 13.62223, 52.99514 ], [ 13.62132, 52.99501 ], [ 13.62083, 52.99503 ], [ 13.62062, 52.99509 ], [ 13.62246, 52.99521 ], [ 13.62266, 52.9952 ], [ 13.62274, 52.99515 ] ] ] } },
{ "type": "Feature", "properties": { "boden": "100 % mittel, mäßig frisch (M2)" }, "geometry": { "type": "Polygon", "coordinates": [ [ [ 13.62169, 52.99703 ], [ 13.62256, 52.99718 ], [ 13.62354, 52.99747 ], [ 13.62391, 52.9975 ], [ 13.62378, 52.99736 ], [ 13.62348, 52.99726 ], [ 13.62315, 52.99707 ], [ 13.62227, 52.99681 ], [ 13.62143, 52.99675 ], [ 13.62105, 52.99683 ], [ 13.62094, 52.9969 ], [ 13.62097, 52.99699 ], [ 13.62109, 52.99703 ], [ 13.62144, 52.99706 ], [ 13.62169, 52.99703 ] ] ] } },
{ "type": "Feature", "properties": { "boden": "100 % mittel, mäßig frisch (M2)" }, "geometry": { "type": "Polygon", "coordinates": [ [ [ 13.62635, 52.99793 ], [ 13.62679, 52.99797 ], [ 13.62717, 52.99806 ], [ 13.62725, 52.99812 ], [ 13.62764, 52.9981 ], [ 13.62744, 52.99797 ], [ 13.62686, 52.99785 ], [ 13.62629, 52.99785 ], [ 13.62615, 52.99789 ], [ 13.6261, 52.99797 ], [ 13.62635, 52.99793 ] ] ] } },
{ "type": "Feature", "properties": { "boden": "100 % ziemlich arm, frisch (Z1)" }, "geometry": { "type": "Polygon", "coordinates": [ [ [ 13.63226, 53.0005 ], [ 13.63135, 53.00005 ], [ 13.63045, 52.9995 ], [ 13.62743, 52.99827 ], [ 13.62765, 52.99868 ], [ 13.62762, 52.99885 ], [ 13.62781, 52.99931 ], [ 13.62774, 52.99966 ], [ 13.62719, 52.99996 ], [ 13.62686, 53.00035 ], [ 13.62807, 53.00036 ], [ 13.62969, 53.00055 ], [ 13.63142, 53.00085 ], [ 13.6321, 53.00104 ], [ 13.63265, 53.00085 ], [ 13.63259, 53.00054 ], [ 13.63226, 53.0005 ] ] ] } },
{ "type": "Feature", "properties": { "boden": "100 % mittel, trocken (vermutet) (M3)" }, "geometry": { "type": "Polygon", "coordinates": [ [ [ 13.62321, 53.00042 ], [ 13.62287, 53.00046 ], [ 13.6222, 53.00067 ], [ 13.62186, 53.00083 ], [ 13.62241, 53.00092 ], [ 13.62277, 53.00087 ], [ 13.62333, 53.00059 ], [ 13.62336, 53.00046 ], [ 13.62321, 53.00042 ] ] ] } },
{ "type": "Feature", "properties": { "boden": "100 % mittel, mäßig frisch (M2)" }, "geometry": { "type": "Polygon", "coordinates": [ [ [ 13.6245, 53.00079 ], [ 13.6244, 53.00065 ], [ 13.62422, 53.00061 ], [ 13.62401, 53.00066 ], [ 13.62396, 53.00072 ], [ 13.62358, 53.0006 ], [ 13.62337, 53.00066 ], [ 13.62329, 53.00077 ], [ 13.62338, 53.0009 ], [ 13.62357, 53.00095 ], [ 13.62378, 53.00089 ], [ 13.62385, 53.00083 ], [ 13.62421, 53.00095 ], [ 13.62441, 53.0009 ], [ 13.6245, 53.00079 ] ] ] } },
{ "type": "Feature", "properties": { "boden": "100 % mittel, trocken (vermutet) (M3)" }, "geometry": { "type": "Polygon", "coordinates": [ [ [ 13.62731, 53.00054 ], [ 13.62629, 53.00079 ], [ 13.62536, 53.00096 ], [ 13.62526, 53.00104 ], [ 13.6255, 53.00115 ], [ 13.62587, 53.00117 ], [ 13.6272, 53.00091 ], [ 13.62786, 53.00084 ], [ 13.6281, 53.00072 ], [ 13.62796, 53.00064 ], [ 13.62731, 53.00054 ] ] ] } },
{ "type": "Feature", "properties": { "boden": "100 % mittel, mäßig frisch (M2)" }, "geometry": { "type": "Polygon", "coordinates": [ [ [ 13.6203, 53.00185 ], [ 13.62043, 53.00188 ], [ 13.62064, 53.00184 ], [ 13.62072, 53.00173 ], [ 13.62063, 53.00159 ], [ 13.62044, 53.00154 ], [ 13.62024, 53.00159 ], [ 13.62016, 53.00171 ], [ 13.6203, 53.00185 ] ] ] } },
{ "type": "Feature", "properties": { "boden": "100 % mittel, mäßig frisch (M2)" }, "geometry": { "type": "Polygon", "coordinates": [ [ [ 13.62099, 53.00181 ], [ 13.62078, 53.00186 ], [ 13.6207, 53.00198 ], [ 13.62079, 53.0021 ], [ 13.62098, 53.00215 ], [ 13.62118, 53.0021 ], [ 13.62127, 53.00199 ], [ 13.62117, 53.00185 ], [ 13.62099, 53.00181 ] ] ] } },
{ "type": "Feature", "properties": { "boden": "100 % mittel, mäßig frisch (M2)" }, "geometry": { "type": "Polygon", "coordinates": [ [ [ 13.61315, 52.99952 ], [ 13.61363, 52.99947 ], [ 13.6153, 52.99984 ], [ 13.61553, 52.99995 ], [ 13.61625, 53.00009 ], [ 13.61724, 53.00057 ], [ 13.61768, 53.00061 ], [ 13.61925, 53.00119 ], [ 13.61953, 53.00125 ], [ 13.61964, 53.00123 ], [ 13.61955, 53.00111 ], [ 13.6188, 53.00068 ], [ 13.61808, 53.00042 ], [ 13.61652, 53.00006 ], [ 13.61611, 52.99991 ], [ 13.61443, 52.99946 ], [ 13.61368, 52.9994 ], [ 13.61296, 52.99944 ], [ 13.61242, 52.99967 ], [ 13.61207, 52.99994 ], [ 13.61215, 52.99994 ], [ 13.61315, 52.99952 ] ] ] } },
{ "type": "Feature", "properties": { "boden": "100 % mittel, mäßig frisch (M2)" }, "geometry": { "type": "Polygon", "coordinates": [ [ [ 13.61769, 53.00081 ], [ 13.61844, 53.00091 ], [ 13.61768, 53.00061 ], [ 13.61724, 53.00057 ], [ 13.61769, 53.00081 ] ] ] } },
{ "type": "Feature", "properties": { "boden": "100 % mittel, mäßig frisch (M2)" }, "geometry": { "type": "Polygon", "coordinates": [ [ [ 13.61005, 53.00126 ], [ 13.60996, 53.00112 ], [ 13.60977, 53.00108 ], [ 13.60956, 53.00114 ], [ 13.60937, 53.0011 ], [ 13.60917, 53.00115 ], [ 13.60909, 53.00127 ], [ 13.60917, 53.00139 ], [ 13.60955, 53.00147 ], [ 13.61003, 53.00137 ], [ 13.61005, 53.00126 ] ] ] } },
{ "type": "Feature", "properties": { "boden": "100 % reich, nass (NR2)" }, "geometry": { "type": "Polygon", "coordinates": [ [ [ 13.62088, 53.00253 ], [ 13.6203, 53.00185 ], [ 13.61966, 53.00135 ], [ 13.61919, 53.00123 ], [ 13.61887, 53.0012 ], [ 13.61907, 53.00163 ], [ 13.61896, 53.00192 ], [ 13.62051, 53.00282 ], [ 13.62125, 53.00287 ], [ 13.62128, 53.00295 ], [ 13.6215, 53.00293 ], [ 13.62088, 53.00253 ] ] ] } },
{ "type": "Feature", "properties": { "boden": "100 % mittel, mäßig frisch (M2)" }, "geometry": { "type": "Polygon", "coordinates": [ [ [ 13.62338, 53.00196 ], [ 13.62324, 53.00203 ], [ 13.62331, 53.00213 ], [ 13.62357, 53.00226 ], [ 13.62373, 53.00224 ], [ 13.62379, 53.00218 ], [ 13.6237, 53.00206 ], [ 13.62338, 53.00196 ] ] ] } },
{ "type": "Feature", "properties": { "boden": "100 % mittel, mäßig frisch (M2)" }, "geometry": { "type": "Polygon", "coordinates": [ [ [ 13.63254, 53.00209 ], [ 13.63196, 53.00211 ], [ 13.63189, 53.00213 ], [ 13.63192, 53.00222 ], [ 13.63232, 53.00237 ], [ 13.63267, 53.00238 ], [ 13.63287, 53.00227 ], [ 13.63293, 53.00214 ], [ 13.63254, 53.00209 ] ] ] } },
{ "type": "Feature", "properties": { "boden": "100 % mittel, mäßig frisch (M2)" }, "geometry": { "type": "Polygon", "coordinates": [ [ [ 13.62631, 53.0025 ], [ 13.62576, 53.00254 ], [ 13.62635, 53.0029 ], [ 13.62665, 53.00295 ], [ 13.62698, 53.00291 ], [ 13.62699, 53.00281 ], [ 13.62679, 53.00265 ], [ 13.62631, 53.0025 ] ] ] } },
{ "type": "Feature", "properties": { "boden": "100 % mittel, mäßig frisch (M2)" }, "geometry": { "type": "Polygon", "coordinates": [ [ [ 13.62739, 53.00281 ], [ 13.62718, 53.00285 ], [ 13.62708, 53.00294 ], [ 13.62713, 53.00307 ], [ 13.62732, 53.00314 ], [ 13.62751, 53.0031 ], [ 13.62763, 53.00299 ], [ 13.62756, 53.00286 ], [ 13.62739, 53.00281 ] ] ] } },
{ "type": "Feature", "properties": { "boden": "100 % ziemlich arm, mäßig frisch (Z2)" }, "geometry": { "type": "Polygon", "coordinates": [ [ [ 13.65137, 52.99068 ], [ 13.65161, 52.9904 ], [ 13.65147, 52.99008 ], [ 13.65142, 52.99015 ], [ 13.65121, 52.9902 ], [ 13.65127, 52.99031 ], [ 13.65118, 52.99042 ], [ 13.651, 52.99046 ], [ 13.65109, 52.99078 ], [ 13.65146, 52.99081 ], [ 13.65137, 52.99068 ] ] ] } },
{ "type": "Feature", "properties": { "boden": "100 % mittel, mäßig frisch (M2)" }, "geometry": { "type": "Polygon", "coordinates": [ [ [ 13.65665, 52.99049 ], [ 13.65658, 52.99059 ], [ 13.65667, 52.99072 ], [ 13.65686, 52.99076 ], [ 13.65707, 52.99072 ], [ 13.65715, 52.99061 ], [ 13.65705, 52.99047 ], [ 13.65691, 52.99043 ], [ 13.65665, 52.99049 ] ] ] } },
{ "type": "Feature", "properties": { "boden": "100 % mittel, mäßig frisch (M2)" }, "geometry": { "type": "Polygon", "coordinates": [ [ [ 13.6592, 52.99011 ], [ 13.65802, 52.99007 ], [ 13.65768, 52.99022 ], [ 13.65789, 52.99048 ], [ 13.6578, 52.99058 ], [ 13.6576, 52.99063 ], [ 13.65741, 52.99058 ], [ 13.65732, 52.99046 ], [ 13.65734, 52.99032 ], [ 13.65691, 52.99043 ], [ 13.65705, 52.99047 ], [ 13.65715, 52.99061 ], [ 13.65707, 52.99072 ], [ 13.65686, 52.99076 ], [ 13.65667, 52.99072 ], [ 13.65658, 52.99059 ], [ 13.65665, 52.99049 ], [ 13.65626, 52.99057 ], [ 13.65634, 52.99059 ], [ 13.65643, 52.99073 ], [ 13.65635, 52.99084 ], [ 13.65615, 52.99089 ], [ 13.65595, 52.99084 ], [ 13.65587, 52.99072 ], [ 13.65592, 52.99064 ], [ 13.65492, 52.99089 ], [ 13.6552, 52.99097 ], [ 13.6558, 52.99103 ], [ 13.65611, 52.99125 ], [ 13.65711, 52.99117 ], [ 13.65774, 52.99119 ], [ 13.65886, 52.99105 ], [ 13.65917, 52.99107 ], [ 13.6592, 52.99011 ] ] ] } },
{ "type": "Feature", "properties": { "boden": "100 % mittel, mäßig frisch (M2)" }, "geometry": { "type": "Polygon", "coordinates": [ [ [ 13.65592, 52.99064 ], [ 13.65587, 52.99072 ], [ 13.65595, 52.99084 ], [ 13.65615, 52.99089 ], [ 13.65635, 52.99084 ], [ 13.65643, 52.99073 ], [ 13.65634, 52.99059 ], [ 13.65626, 52.99057 ], [ 13.65592, 52.99064 ] ] ] } },
{ "type": "Feature", "properties": { "boden": "100 % ziemlich arm, mäßig frisch (Z2)" }, "geometry": { "type": "MultiPolygon", "coordinates": [ [ [ [ 13.65922, 52.98947 ], [ 13.6587, 52.98942 ], [ 13.65855, 52.98935 ], [ 13.65834, 52.98911 ], [ 13.65862, 52.98898 ], [ 13.65923, 52.98896 ], [ 13.65924, 52.98867 ], [ 13.65882, 52.98887 ], [ 13.65839, 52.9889 ], [ 13.65803, 52.98879 ], [ 13.6578, 52.989 ], [ 13.65794, 52.98928 ], [ 13.65817, 52.98931 ], [ 13.65826, 52.98945 ], [ 13.65818, 52.98956 ], [ 13.65809, 52.98957 ], [ 13.65836, 52.99007 ], [ 13.6592, 52.99011 ], [ 13.65922, 52.98947 ] ] ], [ [ [ 13.65904, 52.99175 ], [ 13.65873, 52.99162 ], [ 13.6584, 52.99167 ], [ 13.65778, 52.99166 ], [ 13.65739, 52.99174 ], [ 13.65699, 52.99174 ], [ 13.65671, 52.99188 ], [ 13.65612, 52.99196 ], [ 13.65584, 52.99195 ], [ 13.65539, 52.99208 ], [ 13.65511, 52.99207 ], [ 13.65423, 52.99217 ], [ 13.65307, 52.99218 ], [ 13.65262, 52.99233 ], [ 13.65232, 52.99238 ], [ 13.65211, 52.99236 ], [ 13.65209, 52.99232 ], [ 13.65255, 52.99211 ], [ 13.65304, 52.99202 ], [ 13.65312, 52.99188 ], [ 13.65308, 52.99179 ], [ 13.65203, 52.99161 ], [ 13.65172, 52.9915 ], [ 13.65131, 52.99152 ], [ 13.65128, 52.992 ], [ 13.65038, 52.9927 ], [ 13.65228, 52.99259 ], [ 13.65292, 52.99251 ], [ 13.6534, 52.99254 ], [ 13.65332, 52.9926 ], [ 13.65296, 52.99272 ], [ 13.65386, 52.99264 ], [ 13.65418, 52.99257 ], [ 13.6541, 52.99255 ], [ 13.65418, 52.99238 ], [ 13.6545, 52.99229 ], [ 13.65539, 52.99229 ], [ 13.65564, 52.99232 ], [ 13.65569, 52.99237 ], [ 13.65547, 52.99248 ], [ 13.65497, 52.99249 ], [ 13.6566, 52.99254 ], [ 13.65701, 52.99239 ], [ 13.65742, 52.9923 ], [ 13.65783, 52.99227 ], [ 13.65913, 52.99232 ], [ 13.65913, 52.99228 ], [ 13.65876, 52.9923 ], [ 13.65858, 52.99222 ], [ 13.65914, 52.99196 ], [ 13.65915, 52.99175 ], [ 13.65904, 52.99175 ] ] ] ] } },
{ "type": "Feature", "properties": { "boden": "100 % ziemlich arm, trocken (vermutet) (Z3)" }, "geometry": { "type": "Polygon", "coordinates": [ [ [ 13.64916, 52.99056 ], [ 13.64874, 52.99065 ], [ 13.64819, 52.99094 ], [ 13.64714, 52.9912 ], [ 13.64699, 52.99131 ], [ 13.64704, 52.99143 ], [ 13.64721, 52.9915 ], [ 13.64763, 52.99149 ], [ 13.6499, 52.99084 ], [ 13.64971, 52.99069 ], [ 13.64944, 52.99059 ], [ 13.64916, 52.99056 ] ] ] } },
{ "type": "Feature", "properties": { "boden": "100 % ziemlich arm, trocken (vermutet) (Z3)" }, "geometry": { "type": "Polygon", "coordinates": [ [ [ 13.65375, 52.99147 ], [ 13.65346, 52.99138 ], [ 13.65259, 52.99138 ], [ 13.65162, 52.99132 ], [ 13.65131, 52.99116 ], [ 13.65024, 52.99102 ], [ 13.65068, 52.99124 ], [ 13.65125, 52.99134 ], [ 13.65172, 52.9915 ], [ 13.65375, 52.99147 ] ] ] } },
{ "type": "Feature", "properties": { "boden": "100 % ziemlich arm, mäßig frisch (Z2)" }, "geometry": { "type": "Polygon", "coordinates": [ [ [ 13.65886, 52.99105 ], [ 13.65774, 52.99119 ], [ 13.65711, 52.99117 ], [ 13.65611, 52.99125 ], [ 13.65547, 52.99139 ], [ 13.65453, 52.9915 ], [ 13.65377, 52.99148 ], [ 13.65421, 52.99166 ], [ 13.65475, 52.99169 ], [ 13.65565, 52.99158 ], [ 13.6566, 52.99156 ], [ 13.65741, 52.99137 ], [ 13.65824, 52.9913 ], [ 13.65861, 52.99122 ], [ 13.65916, 52.9912 ], [ 13.65917, 52.99107 ], [ 13.65886, 52.99105 ] ] ] } },
{ "type": "Feature", "properties": { "boden": "100 % ziemlich arm, trocken (vermutet) (Z3)" }, "geometry": { "type": "Polygon", "coordinates": [ [ [ 13.65916, 52.9912 ], [ 13.65741, 52.99137 ], [ 13.6566, 52.99156 ], [ 13.65565, 52.99158 ], [ 13.65508, 52.99168 ], [ 13.65421, 52.99166 ], [ 13.65377, 52.99148 ], [ 13.65292, 52.99146 ], [ 13.65172, 52.9915 ], [ 13.65203, 52.99161 ], [ 13.65308, 52.99179 ], [ 13.65312, 52.99184 ], [ 13.65304, 52.99202 ], [ 13.65255, 52.99211 ], [ 13.65209, 52.99232 ], [ 13.65211, 52.99236 ], [ 13.65232, 52.99238 ], [ 13.65262, 52.99233 ], [ 13.65307, 52.99218 ], [ 13.65423, 52.99217 ], [ 13.65511, 52.99207 ], [ 13.65539, 52.99208 ], [ 13.65584, 52.99195 ], [ 13.65612, 52.99196 ], [ 13.65671, 52.99188 ], [ 13.65699, 52.99174 ], [ 13.65739, 52.99174 ], [ 13.65778, 52.99166 ], [ 13.6584, 52.99167 ], [ 13.65873, 52.99162 ], [ 13.65895, 52.99172 ], [ 13.65915, 52.99175 ], [ 13.65916, 52.9912 ] ] ] } },
{ "type": "Feature", "properties": { "boden": "100 % ziemlich arm, mäßig frisch (Z2)" }, "geometry": { "type": "Polygon", "coordinates": [ [ [ 13.65913, 52.99196 ], [ 13.65864, 52.99217 ], [ 13.65859, 52.99226 ], [ 13.65876, 52.9923 ], [ 13.65913, 52.99228 ], [ 13.65913, 52.99196 ] ] ] } },
{ "type": "Feature", "properties": { "boden": "100 % ziemlich arm, nass (OZ3)" }, "geometry": { "type": "Polygon", "coordinates": [ [ [ 13.64842, 52.9899 ], [ 13.64808, 52.98984 ], [ 13.64754, 52.98988 ], [ 13.64615, 52.99045 ], [ 13.64485, 52.99089 ], [ 13.64326, 52.99162 ], [ 13.64278, 52.99213 ], [ 13.64229, 52.99247 ], [ 13.642, 52.9929 ], [ 13.6416, 52.99294 ], [ 13.64151, 52.9933 ], [ 13.64259, 52.99297 ], [ 13.64504, 52.99185 ], [ 13.64568, 52.99169 ], [ 13.64617, 52.99143 ], [ 13.64881, 52.99042 ], [ 13.6487, 52.99009 ], [ 13.64842, 52.9899 ] ] ] } },
{ "type": "Feature", "properties": { "boden": "100 % ziemlich arm, mäßig frisch (Z2)" }, "geometry": { "type": "Polygon", "coordinates": [ [ [ 13.63931, 52.99171 ], [ 13.64028, 52.99181 ], [ 13.6405, 52.99189 ], [ 13.64054, 52.99184 ], [ 13.64051, 52.99173 ], [ 13.64032, 52.99159 ], [ 13.63979, 52.99147 ], [ 13.63932, 52.99152 ], [ 13.63895, 52.99169 ], [ 13.63885, 52.99182 ], [ 13.63899, 52.99185 ], [ 13.63931, 52.99171 ] ] ] } },
{ "type": "Feature", "properties": { "boden": "100 % ziemlich arm, nass (OZ3)" }, "geometry": { "type": "Polygon", "coordinates": [ [ [ 13.64028, 52.99181 ], [ 13.63931, 52.99171 ], [ 13.63864, 52.992 ], [ 13.63844, 52.99238 ], [ 13.63906, 52.99245 ], [ 13.63915, 52.99264 ], [ 13.6396, 52.99256 ], [ 13.63982, 52.99233 ], [ 13.64017, 52.99226 ], [ 13.64068, 52.99196 ], [ 13.64028, 52.99181 ] ] ] } },
{ "type": "Feature", "properties": { "boden": "100 % ziemlich arm, mäßig frisch (Z2)" }, "geometry": { "type": "Polygon", "coordinates": [ [ [ 13.64255, 52.99223 ], [ 13.64241, 52.99226 ], [ 13.64192, 52.9927 ], [ 13.64182, 52.99285 ], [ 13.64189, 52.99291 ], [ 13.642, 52.9929 ], [ 13.64229, 52.99247 ], [ 13.64259, 52.99226 ], [ 13.64255, 52.99223 ] ] ] } },
{ "type": "Feature", "properties": { "boden": "100 % ziemlich arm, trocken (vermutet) (Z3)" }, "geometry": { "type": "Polygon", "coordinates": [ [ [ 13.64563, 52.99231 ], [ 13.64587, 52.99246 ], [ 13.6463, 52.99255 ], [ 13.64714, 52.99254 ], [ 13.64736, 52.99244 ], [ 13.64717, 52.99234 ], [ 13.6468, 52.99229 ], [ 13.64628, 52.99228 ], [ 13.64565, 52.99212 ], [ 13.6453, 52.99209 ], [ 13.64476, 52.99223 ], [ 13.64449, 52.99236 ], [ 13.64395, 52.99264 ], [ 13.64391, 52.99279 ], [ 13.64424, 52.99285 ], [ 13.64471, 52.99313 ], [ 13.64491, 52.99313 ], [ 13.64503, 52.99274 ], [ 13.64535, 52.9926 ], [ 13.64549, 52.99237 ], [ 13.64563, 52.99231 ] ] ] } },
{ "type": "Feature", "properties": { "boden": "100 % ziemlich arm, trocken (vermutet) (Z3)" }, "geometry": { "type": "Polygon", "coordinates": [ [ [ 13.63977, 52.99297 ], [ 13.63997, 52.99297 ], [ 13.63986, 52.99284 ], [ 13.63954, 52.99279 ], [ 13.63871, 52.99282 ], [ 13.63856, 52.99291 ], [ 13.63873, 52.99303 ], [ 13.63901, 52.99308 ], [ 13.63935, 52.99308 ], [ 13.63977, 52.99297 ] ] ] } },
{ "type": "Feature", "properties": { "boden": "100 % ziemlich arm, trocken (vermutet) (Z3)" }, "geometry": { "type": "Polygon", "coordinates": [ [ [ 13.6435, 52.99363 ], [ 13.64341, 52.99348 ], [ 13.64301, 52.99337 ], [ 13.64294, 52.99322 ], [ 13.64221, 52.99325 ], [ 13.64183, 52.99333 ], [ 13.64179, 52.99338 ], [ 13.64198, 52.99353 ], [ 13.64224, 52.99363 ], [ 13.64255, 52.99363 ], [ 13.64313, 52.99371 ], [ 13.64341, 52.99368 ], [ 13.6435, 52.99363 ] ] ] } },
{ "type": "Feature", "properties": { "boden": "100 % ziemlich arm, trocken (vermutet) (Z3)" }, "geometry": { "type": "Polygon", "coordinates": [ [ [ 13.64622, 52.99393 ], [ 13.64602, 52.99398 ], [ 13.64593, 52.99414 ], [ 13.64598, 52.9942 ], [ 13.64619, 52.99423 ], [ 13.64646, 52.99422 ], [ 13.64656, 52.99417 ], [ 13.64652, 52.99405 ], [ 13.64622, 52.99393 ] ] ] } },
{ "type": "Feature", "properties": { "boden": "100 % ziemlich arm, mäßig frisch (Z2)" }, "geometry": { "type": "Polygon", "coordinates": [ [ [ 13.64349, 52.99429 ], [ 13.64423, 52.99407 ], [ 13.64499, 52.99405 ], [ 13.64532, 52.99392 ], [ 13.64513, 52.99388 ], [ 13.6447, 52.99387 ], [ 13.64437, 52.99395 ], [ 13.64409, 52.99386 ], [ 13.64388, 52.99401 ], [ 13.64356, 52.99413 ], [ 13.64303, 52.99405 ], [ 13.64295, 52.99417 ], [ 13.64302, 52.99425 ], [ 13.64349, 52.99429 ] ] ] } },
{ "type": "Feature", "properties": { "boden": "100 % mittel, nass (OM3)" }, "geometry": { "type": "Polygon", "coordinates": [ [ [ 13.64708, 52.99998 ], [ 13.64735, 52.99976 ], [ 13.6472, 52.99937 ], [ 13.64755, 52.99898 ], [ 13.64774, 52.99891 ], [ 13.64786, 52.99861 ], [ 13.64786, 52.99832 ], [ 13.64717, 52.99831 ], [ 13.64593, 52.99858 ], [ 13.64498, 52.99864 ], [ 13.64529, 52.99983 ], [ 13.64556, 52.99995 ], [ 13.64577, 52.99999 ], [ 13.64708, 52.99998 ] ] ] } },
{ "type": "Feature", "properties": { "boden": "100 % ziemlich arm, mäßig frisch (Z2)" }, "geometry": { "type": "Polygon", "coordinates": [ [ [ 13.65499, 52.99248 ], [ 13.65547, 52.99248 ], [ 13.65569, 52.99237 ], [ 13.65564, 52.99232 ], [ 13.65539, 52.99229 ], [ 13.6545, 52.99229 ], [ 13.65418, 52.99238 ], [ 13.6541, 52.99255 ], [ 13.65448, 52.99258 ], [ 13.65499, 52.99248 ] ] ] } },
{ "type": "Feature", "properties": { "boden": "100 % ziemlich arm, mäßig frisch (Z2)" }, "geometry": { "type": "Polygon", "coordinates": [ [ [ 13.65312, 52.99268 ], [ 13.65332, 52.9926 ], [ 13.65336, 52.99251 ], [ 13.65292, 52.99251 ], [ 13.65228, 52.99259 ], [ 13.65038, 52.9927 ], [ 13.65035, 52.99284 ], [ 13.65042, 52.99299 ], [ 13.65075, 52.99292 ], [ 13.65312, 52.99268 ] ] ] } },
{ "type": "Feature", "properties": { "boden": "100 % ziemlich arm, mäßig frisch (Z2)" }, "geometry": { "type": "Polygon", "coordinates": [ [ [ 13.65038, 52.9927 ], [ 13.64927, 52.99273 ], [ 13.64878, 52.99273 ], [ 13.64892, 52.99281 ], [ 13.6498, 52.99285 ], [ 13.6504, 52.99293 ], [ 13.65038, 52.9927 ] ] ] } },
{ "type": "Feature", "properties": { "boden": "100 % mittel, mäßig frisch (M2)" }, "geometry": { "type": "Polygon", "coordinates": [ [ [ 13.65783, 52.99227 ], [ 13.65742, 52.9923 ], [ 13.65701, 52.99239 ], [ 13.6566, 52.99254 ], [ 13.65702, 52.99306 ], [ 13.65736, 52.99389 ], [ 13.65742, 52.99432 ], [ 13.65735, 52.99448 ], [ 13.65796, 52.99438 ], [ 13.65907, 52.99429 ], [ 13.65913, 52.99232 ], [ 13.65783, 52.99227 ] ] ] } },
{ "type": "Feature", "properties": { "boden": "100 % ziemlich arm, trocken (vermutet) (Z3)" }, "geometry": { "type": "Polygon", "coordinates": [ [ [ 13.65906, 52.99462 ], [ 13.65867, 52.99462 ], [ 13.65839, 52.99469 ], [ 13.65827, 52.99481 ], [ 13.65833, 52.99493 ], [ 13.65856, 52.99498 ], [ 13.65905, 52.99487 ], [ 13.65906, 52.99462 ] ] ] } },
{ "type": "Feature", "properties": { "boden": "100 % mittel, trocken (vermutet) (M3)" }, "geometry": { "type": "Polygon", "coordinates": [ [ [ 13.65784, 52.99629 ], [ 13.65776, 52.99634 ], [ 13.65774, 52.99655 ], [ 13.65782, 52.99665 ], [ 13.65801, 52.99665 ], [ 13.65833, 52.9963 ], [ 13.65784, 52.99629 ] ] ] } },
{ "type": "Feature", "properties": { "boden": "100 % ziemlich arm, mäßig frisch (Z2)" }, "geometry": { "type": "Polygon", "coordinates": [ [ [ 13.65395, 53.00079 ], [ 13.65393, 53.00051 ], [ 13.6537, 53.00039 ], [ 13.65225, 53.0005 ], [ 13.64974, 53.00041 ], [ 13.64932, 53.00025 ], [ 13.6491, 52.99999 ], [ 13.64914, 52.99994 ], [ 13.64929, 52.99992 ], [ 13.64961, 53.00005 ], [ 13.65015, 53.00015 ], [ 13.65157, 53.00021 ], [ 13.65234, 53.00032 ], [ 13.65413, 53.00018 ], [ 13.65466, 53.00062 ], [ 13.65474, 53.0008 ], [ 13.65581, 53.00084 ], [ 13.65854, 53.00083 ], [ 13.65777, 52.99792 ], [ 13.65762, 52.99799 ], [ 13.65738, 52.99797 ], [ 13.65708, 52.9978 ], [ 13.65702, 52.99769 ], [ 13.65711, 52.99749 ], [ 13.65729, 52.99734 ], [ 13.65759, 52.99721 ], [ 13.65733, 52.99633 ], [ 13.65738, 52.99628 ], [ 13.65833, 52.9963 ], [ 13.659, 52.99639 ], [ 13.65905, 52.99487 ], [ 13.65856, 52.99498 ], [ 13.65833, 52.99493 ], [ 13.65827, 52.99485 ], [ 13.65829, 52.99477 ], [ 13.65847, 52.99466 ], [ 13.65867, 52.99462 ], [ 13.65906, 52.99462 ], [ 13.65907, 52.99429 ], [ 13.65796, 52.99438 ], [ 13.65735, 52.99448 ], [ 13.65708, 52.99469 ], [ 13.65641, 52.99496 ], [ 13.65585, 52.99526 ], [ 13.65558, 52.99555 ], [ 13.6556, 52.99565 ], [ 13.65597, 52.99588 ], [ 13.65654, 52.99602 ], [ 13.65673, 52.99613 ], [ 13.65685, 52.99627 ], [ 13.6567, 52.99649 ], [ 13.65648, 52.99662 ], [ 13.65542, 52.99676 ], [ 13.65453, 52.99658 ], [ 13.65389, 52.99635 ], [ 13.65372, 52.99618 ], [ 13.65375, 52.99505 ], [ 13.65344, 52.99481 ], [ 13.65326, 52.99476 ], [ 13.65303, 52.99476 ], [ 13.65274, 52.99479 ], [ 13.65242, 52.99497 ], [ 13.65228, 52.99525 ], [ 13.6521, 52.99595 ], [ 13.65184, 52.99646 ], [ 13.65143, 52.99677 ], [ 13.65094, 52.99699 ], [ 13.65038, 52.99717 ], [ 13.64773, 52.99747 ], [ 13.64473, 52.99773 ], [ 13.64498, 52.99864 ], [ 13.64593, 52.99858 ], [ 13.64717, 52.99831 ], [ 13.64786, 52.99832 ], [ 13.64786, 52.99861 ], [ 13.64774, 52.99891 ], [ 13.64755, 52.99898 ], [ 13.6472, 52.99937 ], [ 13.64735, 52.99976 ], [ 13.64708, 52.99998 ], [ 13.64605, 52.99997 ], [ 13.64606, 53.00007 ], [ 13.64615, 53.00015 ], [ 13.64776, 53.00049 ], [ 13.64813, 53.00061 ], [ 13.64839, 53.00076 ], [ 13.6506, 53.00079 ], [ 13.65395, 53.00079 ] ], [ [ 13.64917, 52.99935 ], [ 13.64947, 52.99956 ], [ 13.64959, 52.99975 ], [ 13.64932, 52.99964 ], [ 13.64903, 52.9994 ], [ 13.649, 52.99931 ], [ 13.64917, 52.99935 ] ], [ [ 13.65778, 52.99906 ], [ 13.65696, 52.99936 ], [ 13.65642, 52.9994 ], [ 13.65622, 52.99929 ], [ 13.65626, 52.99901 ], [ 13.65649, 52.99884 ], [ 13.65676, 52.99873 ], [ 13.65742, 52.99857 ], [ 13.65759, 52.9986 ], [ 13.65783, 52.9988 ], [ 13.65778, 52.99906 ] ] ] } },
{ "type": "Feature", "properties": { "boden": "100 % mittel, mäßig frisch (M2)" }, "geometry": { "type": "Polygon", "coordinates": [ [ [ 13.65767, 52.99749 ], [ 13.65781, 52.99743 ], [ 13.65839, 52.99747 ], [ 13.65851, 52.99764 ], [ 13.65819, 52.99776 ], [ 13.65864, 52.99771 ], [ 13.65897, 52.99762 ], [ 13.65898, 52.9972 ], [ 13.65844, 52.99709 ], [ 13.65789, 52.99712 ], [ 13.65759, 52.99721 ], [ 13.65767, 52.99749 ] ] ] } },
{ "type": "Feature", "properties": { "boden": "100 % mittel, mäßig frisch (M2)" }, "geometry": { "type": "MultiPolygon", "coordinates": [ [ [ [ 13.65833, 52.9963 ], [ 13.65801, 52.99665 ], [ 13.65788, 52.99667 ], [ 13.65773, 52.99647 ], [ 13.65784, 52.99629 ], [ 13.65738, 52.99628 ], [ 13.65733, 52.99633 ], [ 13.65759, 52.99721 ], [ 13.65817, 52.99708 ], [ 13.65898, 52.9972 ], [ 13.659, 52.99639 ], [ 13.65833, 52.9963 ] ] ], [ [ [ 13.65864, 52.99771 ], [ 13.65819, 52.99776 ], [ 13.65777, 52.99789 ], [ 13.65844, 53.00043 ], [ 13.65888, 53.00044 ], [ 13.6589, 52.99974 ], [ 13.65884, 52.99963 ], [ 13.65891, 52.99934 ], [ 13.6588, 52.99906 ], [ 13.65892, 52.999 ], [ 13.65894, 52.99857 ], [ 13.65882, 52.99843 ], [ 13.65882, 52.99831 ], [ 13.65895, 52.99826 ], [ 13.65897, 52.99762 ], [ 13.65864, 52.99771 ] ] ], [ [ [ 13.65887, 53.00063 ], [ 13.6585, 53.00065 ], [ 13.65854, 53.00083 ], [ 13.65887, 53.00083 ], [ 13.65887, 53.00063 ] ] ] ] } },
{ "type": "Feature", "properties": { "boden": "100 % ziemlich arm, mäßig frisch (Z2)" }, "geometry": { "type": "Polygon", "coordinates": [ [ [ 13.65759, 52.99721 ], [ 13.65729, 52.99734 ], [ 13.65711, 52.99749 ], [ 13.65702, 52.99769 ], [ 13.65708, 52.9978 ], [ 13.65725, 52.99791 ], [ 13.6575, 52.998 ], [ 13.6573, 52.99779 ], [ 13.65741, 52.9976 ], [ 13.65767, 52.99749 ], [ 13.65759, 52.99721 ] ] ] } },
{ "type": "Feature", "properties": { "boden": "Keine Bodengruppe kartiert" }, "geometry": { "type": "Polygon", "coordinates": [ [ [ 13.65777, 52.99789 ], [ 13.65851, 52.99764 ], [ 13.65839, 52.99747 ], [ 13.65781, 52.99743 ], [ 13.65741, 52.9976 ], [ 13.6573, 52.99779 ], [ 13.6575, 52.998 ], [ 13.65773, 52.99794 ], [ 13.65777, 52.99789 ] ] ] } },
{ "type": "Feature", "properties": { "boden": "100 % mittel, trocken (vermutet) (M3)" }, "geometry": { "type": "Polygon", "coordinates": [ [ [ 13.65893, 52.99826 ], [ 13.65882, 52.99831 ], [ 13.65882, 52.99843 ], [ 13.65894, 52.99857 ], [ 13.65893, 52.99826 ] ] ] } },
{ "type": "Feature", "properties": { "boden": "100 % ziemlich arm, mäßig frisch (Z2)" }, "geometry": { "type": "Polygon", "coordinates": [ [ [ 13.65641, 52.99927 ], [ 13.65649, 52.99913 ], [ 13.65669, 52.99892 ], [ 13.65704, 52.99879 ], [ 13.65745, 52.99872 ], [ 13.65776, 52.99887 ], [ 13.65777, 52.99899 ], [ 13.65783, 52.9988 ], [ 13.65759, 52.9986 ], [ 13.65742, 52.99857 ], [ 13.65721, 52.9986 ], [ 13.65676, 52.99873 ], [ 13.65632, 52.99895 ], [ 13.6562, 52.99915 ], [ 13.65622, 52.99929 ], [ 13.65633, 52.99938 ], [ 13.65642, 52.9994 ], [ 13.65647, 52.9994 ], [ 13.65641, 52.99927 ] ] ] } },
{ "type": "Feature", "properties": { "boden": "100 % mittel, nass (OM3)" }, "geometry": { "type": "Polygon", "coordinates": [ [ [ 13.65696, 52.99936 ], [ 13.65778, 52.99906 ], [ 13.65776, 52.99887 ], [ 13.65745, 52.99872 ], [ 13.65704, 52.99879 ], [ 13.65669, 52.99892 ], [ 13.65649, 52.99913 ], [ 13.65641, 52.99927 ], [ 13.65647, 52.9994 ], [ 13.65696, 52.99936 ] ] ] } },
{ "type": "Feature", "properties": { "boden": "100 % mittel, trocken (vermutet) (M3)" }, "geometry": { "type": "Polygon", "coordinates": [ [ [ 13.65892, 52.999 ], [ 13.6588, 52.99906 ], [ 13.6589, 52.99925 ], [ 13.65884, 52.99963 ], [ 13.6589, 52.99974 ], [ 13.65892, 52.999 ] ] ] } },
{ "type": "Feature", "properties": { "boden": "100 % ziemlich arm, trocken (vermutet) (Z3)" }, "geometry": { "type": "Polygon", "coordinates": [ [ [ 13.649, 52.99931 ], [ 13.64903, 52.9994 ], [ 13.64932, 52.99964 ], [ 13.64959, 52.99975 ], [ 13.64947, 52.99956 ], [ 13.64927, 52.9994 ], [ 13.649, 52.99931 ] ] ] } },
{ "type": "Feature", "properties": { "boden": "100 % mittel, mäßig frisch (M2)" }, "geometry": { "type": "Polygon", "coordinates": [ [ [ 13.6585, 53.00065 ], [ 13.65887, 53.00063 ], [ 13.65888, 53.00044 ], [ 13.65844, 53.00043 ], [ 13.6585, 53.00065 ] ] ] } },
{ "type": "Feature", "properties": { "boden": "100 % ziemlich arm, mäßig frisch (Z2)" }, "geometry": { "type": "Polygon", "coordinates": [ [ [ 13.65405, 53.00068 ], [ 13.65413, 53.00056 ], [ 13.65434, 53.00051 ], [ 13.65452, 53.00055 ], [ 13.65462, 53.00069 ], [ 13.65454, 53.00079 ], [ 13.65474, 53.0008 ], [ 13.65466, 53.00062 ], [ 13.65413, 53.00018 ], [ 13.65234, 53.00032 ], [ 13.65157, 53.00021 ], [ 13.65015, 53.00015 ], [ 13.64961, 53.00005 ], [ 13.64929, 52.99992 ], [ 13.64914, 52.99994 ], [ 13.6491, 52.99999 ], [ 13.64932, 53.00025 ], [ 13.64974, 53.00041 ], [ 13.65225, 53.0005 ], [ 13.6537, 53.00039 ], [ 13.65393, 53.00051 ], [ 13.65395, 53.00079 ], [ 13.65413, 53.00079 ], [ 13.65405, 53.00068 ] ] ] } },
{ "type": "Feature", "properties": { "boden": "100 % ziemlich arm, mäßig frisch (Z2)" }, "geometry": { "type": "Polygon", "coordinates": [ [ [ 13.65462, 53.00069 ], [ 13.65452, 53.00055 ], [ 13.65434, 53.00051 ], [ 13.65413, 53.00056 ], [ 13.65405, 53.00068 ], [ 13.65413, 53.00079 ], [ 13.65454, 53.00079 ], [ 13.65462, 53.00069 ] ] ] } },
{ "type": "Feature", "properties": { "boden": "100 % mittel, mäßig frisch (M2)" }, "geometry": { "type": "Polygon", "coordinates": [ [ [ 13.63824, 52.99887 ], [ 13.63814, 52.99889 ], [ 13.63807, 52.99896 ], [ 13.63805, 52.99925 ], [ 13.63815, 52.99948 ], [ 13.63831, 52.99953 ], [ 13.63846, 52.99949 ], [ 13.63855, 52.99936 ], [ 13.63855, 52.99919 ], [ 13.63843, 52.99901 ], [ 13.63824, 52.99887 ] ] ] } },
{ "type": "Feature", "properties": { "boden": "100 % mittel, trocken (vermutet) (M3)" }, "geometry": { "type": "Polygon", "coordinates": [ [ [ 13.64582, 53.00035 ], [ 13.64575, 53.00039 ], [ 13.64589, 53.00047 ], [ 13.64626, 53.00053 ], [ 13.6471, 53.00057 ], [ 13.64728, 53.00054 ], [ 13.64715, 53.00048 ], [ 13.64661, 53.00047 ], [ 13.64582, 53.00035 ] ] ] } },
{ "type": "Feature", "properties": { "boden": "100 % mittel, mäßig frisch (M2)" }, "geometry": { "type": "Polygon", "coordinates": [ [ [ 13.64549, 53.00073 ], [ 13.64839, 53.00076 ], [ 13.64813, 53.00061 ], [ 13.64776, 53.00049 ], [ 13.64615, 53.00015 ], [ 13.64606, 53.00007 ], [ 13.64605, 52.99997 ], [ 13.64577, 52.99999 ], [ 13.64569, 53.00006 ], [ 13.6455, 53.00009 ], [ 13.64331, 53.00034 ], [ 13.6423, 53.00038 ], [ 13.64178, 53.00063 ], [ 13.64169, 53.0008 ], [ 13.64169, 53.001 ], [ 13.64172, 53.00109 ], [ 13.64549, 53.00073 ] ], [ [ 13.64661, 53.00047 ], [ 13.64715, 53.00048 ], [ 13.64728, 53.00054 ], [ 13.6471, 53.00057 ], [ 13.64626, 53.00053 ], [ 13.64589, 53.00047 ], [ 13.64575, 53.00039 ], [ 13.64582, 53.00035 ], [ 13.64605, 53.00036 ], [ 13.64661, 53.00047 ] ] ] } },
{ "type": "Feature", "properties": { "boden": "100 % mittel, mäßig frisch (M2)" }, "geometry": { "type": "Polygon", "coordinates": [ [ [ 13.6422, 53.00104 ], [ 13.63815, 53.00143 ], [ 13.63801, 53.00144 ], [ 13.63848, 53.00178 ], [ 13.63923, 53.00219 ], [ 13.64004, 53.00243 ], [ 13.64092, 53.00247 ], [ 13.64167, 53.00227 ], [ 13.64217, 53.00191 ], [ 13.64228, 53.00138 ], [ 13.6422, 53.00104 ] ] ] } },
{ "type": "Feature", "properties": { "boden": "100 % mittel, mäßig frisch (M2)" }, "geometry": { "type": "Polygon", "coordinates": [ [ [ 13.65474, 53.0008 ], [ 13.65413, 53.00079 ], [ 13.65395, 53.00079 ], [ 13.65405, 53.00094 ], [ 13.65424, 53.00098 ], [ 13.65455, 53.00092 ], [ 13.65474, 53.0008 ] ] ] } }
]
}
