{
"type": "FeatureCollection",
"name": "barnim_41_584_boden",
"crs": { "type": "name", "properties": { "name": "urn:ogc:def:crs:OGC:1.3:CRS84" } },
"xy_coordinate_resolution": 1e-05,
"features": [
{ "type": "Feature", "properties": { "boden": "100 % mittel, mäßig frisch (M2)" }, "geometry": { "type": "Polygon", "coordinates": [ [ [ 13.67515, 52.70279 ], [ 13.67567, 52.70289 ], [ 13.67619, 52.70251 ], [ 13.67343, 52.70248 ], [ 13.67309, 52.70275 ], [ 13.67376, 52.70303 ], [ 13.67425, 52.70348 ], [ 13.67515, 52.70279 ] ] ] } },
{ "type": "Feature", "properties": { "boden": "100 % mittel, mäßig frisch (M2)" }, "geometry": { "type": "Polygon", "coordinates": [ [ [ 13.67743, 52.70491 ], [ 13.67719, 52.70458 ], [ 13.67774, 52.70435 ], [ 13.67711, 52.70373 ], [ 13.67745, 52.70352 ], [ 13.6769, 52.70323 ], [ 13.67537, 52.70413 ], [ 13.67583, 52.70437 ], [ 13.67608, 52.70462 ], [ 13.67542, 52.70526 ], [ 13.67554, 52.70541 ], [ 13.67524, 52.70574 ], [ 13.6749, 52.70589 ], [ 13.67404, 52.70604 ], [ 13.67369, 52.70622 ], [ 13.67348, 52.70645 ], [ 13.67341, 52.70677 ], [ 13.67343, 52.70722 ], [ 13.67325, 52.70741 ], [ 13.67435, 52.70742 ], [ 13.67677, 52.70495 ], [ 13.67704, 52.70508 ], [ 13.67743, 52.70491 ] ] ] } },
{ "type": "Feature", "properties": { "boden": "100 % kräftig, mäßig frisch (K2)" }, "geometry": { "type": "Polygon", "coordinates": [ [ [ 13.67343, 52.70722 ], [ 13.67341, 52.70677 ], [ 13.67348, 52.70645 ], [ 13.67369, 52.70622 ], [ 13.67404, 52.70604 ], [ 13.6749, 52.70589 ], [ 13.67524, 52.70574 ], [ 13.67554, 52.70541 ], [ 13.67542, 52.70526 ], [ 13.67445, 52.70556 ], [ 13.67361, 52.70562 ], [ 13.67173, 52.70731 ], [ 13.67075, 52.70734 ], [ 13.6704, 52.7074 ], [ 13.67013, 52.70751 ], [ 13.67165, 52.70743 ], [ 13.67325, 52.70741 ], [ 13.67343, 52.70722 ] ] ] } },
{ "type": "Feature", "properties": { "boden": "100 % mittel, mäßig frisch (M+2)" }, "geometry": { "type": "Polygon", "coordinates": [ [ [ 13.6679, 52.70686 ], [ 13.66788, 52.70754 ], [ 13.66847, 52.70748 ], [ 13.66881, 52.70749 ], [ 13.66991, 52.7077 ], [ 13.6679, 52.70686 ] ] ] } },
{ "type": "Feature", "properties": { "boden": "100 % arm, trocken (vermutet) (A3)" }, "geometry": { "type": "Polygon", "coordinates": [ [ [ 13.66812, 52.70831 ], [ 13.66785, 52.70833 ], [ 13.66785, 52.70846 ], [ 13.66801, 52.7086 ], [ 13.66849, 52.70883 ], [ 13.66827, 52.70837 ], [ 13.66812, 52.70831 ] ] ] } },
{ "type": "Feature", "properties": { "boden": "50 % ziemlich arm, mäßig frisch (Z2) · 50 % ziemlich arm, mäßig frisch (Z2)" }, "geometry": { "type": "Polygon", "coordinates": [ [ [ 13.66853, 52.71993 ], [ 13.66835, 52.71997 ], [ 13.66827, 52.72008 ], [ 13.66834, 52.72019 ], [ 13.66852, 52.72023 ], [ 13.6687, 52.72019 ], [ 13.66878, 52.72008 ], [ 13.66871, 52.71997 ], [ 13.66853, 52.71993 ] ] ] } },
{ "type": "Feature", "properties": { "boden": "50 % ziemlich arm, mäßig frisch (Z2) · 50 % ziemlich arm, mäßig frisch (Z2)" }, "geometry": { "type": "Polygon", "coordinates": [ [ [ 13.67027, 52.7221 ], [ 13.66984, 52.72186 ], [ 13.67019, 52.72141 ], [ 13.67041, 52.72144 ], [ 13.67159, 52.71998 ], [ 13.67013, 52.72 ], [ 13.66861, 52.71959 ], [ 13.66751, 52.71951 ], [ 13.66734, 52.72526 ], [ 13.66802, 52.72584 ], [ 13.66905, 52.72536 ], [ 13.67033, 52.72612 ], [ 13.67077, 52.72623 ], [ 13.67097, 52.72609 ], [ 13.6688, 52.72441 ], [ 13.67072, 52.72212 ], [ 13.67027, 52.7221 ] ], [ [ 13.66871, 52.71997 ], [ 13.66878, 52.72008 ], [ 13.6687, 52.72019 ], [ 13.66852, 52.72023 ], [ 13.66834, 52.72019 ], [ 13.66827, 52.72008 ], [ 13.66835, 52.71997 ], [ 13.66853, 52.71993 ], [ 13.66871, 52.71997 ] ] ] } },
{ "type": "Feature", "properties": { "boden": "40 % mittel, mäßig frisch (M2) · 30 % kräftig, mäßig frisch (K2) · 30 % mittel, mäßig frisch (M+2)" }, "geometry": { "type": "Polygon", "coordinates": [ [ [ 13.68546, 52.7082 ], [ 13.68427, 52.70736 ], [ 13.68356, 52.70703 ], [ 13.68142, 52.70541 ], [ 13.67997, 52.70596 ], [ 13.67884, 52.70556 ], [ 13.67843, 52.70574 ], [ 13.67677, 52.70495 ], [ 13.67435, 52.70742 ], [ 13.67514, 52.70764 ], [ 13.67674, 52.70765 ], [ 13.67698, 52.70774 ], [ 13.67715, 52.70786 ], [ 13.67719, 52.70797 ], [ 13.6776, 52.70812 ], [ 13.67829, 52.70852 ], [ 13.67908, 52.7088 ], [ 13.67949, 52.709 ], [ 13.67973, 52.70918 ], [ 13.67998, 52.70951 ], [ 13.68001, 52.70978 ], [ 13.67987, 52.71152 ], [ 13.68083, 52.71153 ], [ 13.68119, 52.71149 ], [ 13.6817, 52.71127 ], [ 13.6819, 52.71093 ], [ 13.68228, 52.71078 ], [ 13.68328, 52.71067 ], [ 13.68389, 52.71054 ], [ 13.68433, 52.71039 ], [ 13.68456, 52.71025 ], [ 13.68499, 52.70984 ], [ 13.68526, 52.70967 ], [ 13.68559, 52.70959 ], [ 13.6863, 52.70954 ], [ 13.68546, 52.70886 ], [ 13.68568, 52.70869 ], [ 13.68582, 52.7082 ], [ 13.68546, 52.7082 ] ] ] } },
{ "type": "Feature", "properties": { "boden": "100 % arm, mäßig frisch (A2)" }, "geometry": { "type": "Polygon", "coordinates": [ [ [ 13.67715, 52.70786 ], [ 13.67698, 52.70774 ], [ 13.67674, 52.70765 ], [ 13.67514, 52.70764 ], [ 13.67435, 52.70742 ], [ 13.67165, 52.70743 ], [ 13.67013, 52.70751 ], [ 13.66991, 52.7077 ], [ 13.66881, 52.70749 ], [ 13.66804, 52.70751 ], [ 13.66788, 52.70754 ], [ 13.66785, 52.70833 ], [ 13.66812, 52.70831 ], [ 13.66827, 52.70837 ], [ 13.66838, 52.70853 ], [ 13.66838, 52.70869 ], [ 13.66849, 52.7088 ], [ 13.66842, 52.70882 ], [ 13.66801, 52.7086 ], [ 13.66785, 52.70846 ], [ 13.66781, 52.70968 ], [ 13.66815, 52.70977 ], [ 13.66956, 52.70811 ], [ 13.66993, 52.70794 ], [ 13.67074, 52.70802 ], [ 13.67103, 52.70799 ], [ 13.67151, 52.70786 ], [ 13.67181, 52.70791 ], [ 13.67261, 52.70831 ], [ 13.67293, 52.70839 ], [ 13.67335, 52.70842 ], [ 13.67518, 52.70807 ], [ 13.67656, 52.70833 ], [ 13.67676, 52.70833 ], [ 13.67712, 52.70823 ], [ 13.67718, 52.70813 ], [ 13.67715, 52.70786 ] ] ] } },
{ "type": "Feature", "properties": { "boden": "100 % arm, mäßig frisch (A2)" }, "geometry": { "type": "Polygon", "coordinates": [ [ [ 13.68837, 52.71203 ], [ 13.68924, 52.712 ], [ 13.68979, 52.71193 ], [ 13.69021, 52.7118 ], [ 13.69046, 52.71165 ], [ 13.69059, 52.71104 ], [ 13.69025, 52.70961 ], [ 13.69007, 52.7094 ], [ 13.68956, 52.70913 ], [ 13.68751, 52.70854 ], [ 13.68628, 52.70794 ], [ 13.68582, 52.7082 ], [ 13.68568, 52.70869 ], [ 13.68546, 52.70886 ], [ 13.6863, 52.70954 ], [ 13.68559, 52.70959 ], [ 13.68526, 52.70967 ], [ 13.68499, 52.70984 ], [ 13.68456, 52.71025 ], [ 13.68433, 52.71039 ], [ 13.68389, 52.71054 ], [ 13.68328, 52.71067 ], [ 13.68228, 52.71078 ], [ 13.6819, 52.71093 ], [ 13.6817, 52.71127 ], [ 13.68119, 52.71149 ], [ 13.6803, 52.71154 ], [ 13.67872, 52.71147 ], [ 13.67823, 52.71137 ], [ 13.67732, 52.711 ], [ 13.67672, 52.71088 ], [ 13.67614, 52.71085 ], [ 13.67566, 52.71088 ], [ 13.67517, 52.71099 ], [ 13.67482, 52.7112 ], [ 13.67465, 52.71142 ], [ 13.6746, 52.71162 ], [ 13.67467, 52.71178 ], [ 13.67482, 52.71189 ], [ 13.67555, 52.712 ], [ 13.67695, 52.71187 ], [ 13.67788, 52.71187 ], [ 13.67825, 52.71194 ], [ 13.6791, 52.71236 ], [ 13.67944, 52.71242 ], [ 13.68033, 52.71242 ], [ 13.68068, 52.71248 ], [ 13.68158, 52.71274 ], [ 13.6819, 52.71278 ], [ 13.68224, 52.71275 ], [ 13.68264, 52.71264 ], [ 13.68396, 52.71203 ], [ 13.68459, 52.71186 ], [ 13.68538, 52.71172 ], [ 13.68625, 52.71165 ], [ 13.68761, 52.71162 ], [ 13.68795, 52.71198 ], [ 13.68837, 52.71203 ] ] ] } },
{ "type": "Feature", "properties": { "boden": "40 % mittel, mäßig frisch (M+2) · 30 % ziemlich arm, mäßig frisch (Z2) · 30 % mittel, mäßig frisch (M+2)" }, "geometry": { "type": "Polygon", "coordinates": [ [ [ 13.68902, 52.71291 ], [ 13.68812, 52.71216 ], [ 13.68761, 52.71162 ], [ 13.68625, 52.71165 ], [ 13.68538, 52.71172 ], [ 13.68459, 52.71186 ], [ 13.68371, 52.71212 ], [ 13.68264, 52.71264 ], [ 13.68224, 52.71275 ], [ 13.6819, 52.71278 ], [ 13.68158, 52.71274 ], [ 13.68068, 52.71248 ], [ 13.68033, 52.71242 ], [ 13.67944, 52.71242 ], [ 13.6791, 52.71236 ], [ 13.67825, 52.71194 ], [ 13.67788, 52.71187 ], [ 13.67695, 52.71187 ], [ 13.67555, 52.712 ], [ 13.67482, 52.71189 ], [ 13.67467, 52.71178 ], [ 13.6746, 52.71162 ], [ 13.67465, 52.71142 ], [ 13.67482, 52.7112 ], [ 13.67517, 52.71099 ], [ 13.67566, 52.71088 ], [ 13.67672, 52.71088 ], [ 13.67732, 52.711 ], [ 13.67823, 52.71137 ], [ 13.67872, 52.71147 ], [ 13.67987, 52.71152 ], [ 13.68001, 52.70978 ], [ 13.67998, 52.70951 ], [ 13.67988, 52.70933 ], [ 13.67949, 52.709 ], [ 13.67908, 52.7088 ], [ 13.67829, 52.70852 ], [ 13.6776, 52.70812 ], [ 13.67719, 52.70797 ], [ 13.67712, 52.70823 ], [ 13.67676, 52.70833 ], [ 13.67656, 52.70833 ], [ 13.67518, 52.70807 ], [ 13.67335, 52.70842 ], [ 13.67293, 52.70839 ], [ 13.67261, 52.70831 ], [ 13.67181, 52.70791 ], [ 13.67151, 52.70786 ], [ 13.67103, 52.70799 ], [ 13.67074, 52.70802 ], [ 13.66993, 52.70794 ], [ 13.66956, 52.70811 ], [ 13.66815, 52.70977 ], [ 13.66781, 52.70968 ], [ 13.6677, 52.7135 ], [ 13.6683, 52.71374 ], [ 13.66955, 52.71359 ], [ 13.67071, 52.71321 ], [ 13.67151, 52.71306 ], [ 13.67313, 52.71287 ], [ 13.67387, 52.7127 ], [ 13.6754, 52.71259 ], [ 13.67714, 52.71258 ], [ 13.67837, 52.71264 ], [ 13.67956, 52.71282 ], [ 13.67991, 52.71291 ], [ 13.6827, 52.71395 ], [ 13.68347, 52.71402 ], [ 13.68367, 52.71378 ], [ 13.68356, 52.71367 ], [ 13.68364, 52.71356 ], [ 13.68382, 52.71352 ], [ 13.68399, 52.71356 ], [ 13.68406, 52.71368 ], [ 13.68421, 52.71368 ], [ 13.68428, 52.71389 ], [ 13.68472, 52.71374 ], [ 13.68504, 52.71354 ], [ 13.68551, 52.71306 ], [ 13.6858, 52.71286 ], [ 13.68609, 52.71272 ], [ 13.68671, 52.71266 ], [ 13.68743, 52.7128 ], [ 13.68669, 52.71389 ], [ 13.68637, 52.71446 ], [ 13.68688, 52.71454 ], [ 13.6872, 52.71451 ], [ 13.68745, 52.71443 ], [ 13.68783, 52.71387 ], [ 13.68849, 52.71319 ], [ 13.68899, 52.71301 ], [ 13.68902, 52.71291 ] ], [ [ 13.68339, 52.71348 ], [ 13.68332, 52.71358 ], [ 13.68314, 52.71362 ], [ 13.68296, 52.71358 ], [ 13.68289, 52.71347 ], [ 13.68297, 52.71336 ], [ 13.68315, 52.71332 ], [ 13.68332, 52.71337 ], [ 13.68339, 52.71348 ] ] ] } },
{ "type": "Feature", "properties": { "boden": "40 % ziemlich arm, mäßig frisch (Z+2) · 30 % arm, mäßig frisch (A2) · 30 % mittel, mäßig frisch (M+2)" }, "geometry": { "type": "Polygon", "coordinates": [ [ [ 13.68315, 52.71332 ], [ 13.68297, 52.71336 ], [ 13.68289, 52.71347 ], [ 13.68296, 52.71358 ], [ 13.68314, 52.71362 ], [ 13.68332, 52.71358 ], [ 13.68339, 52.71348 ], [ 13.68332, 52.71337 ], [ 13.68315, 52.71332 ] ] ] } },
{ "type": "Feature", "properties": { "boden": "40 % ziemlich arm, mäßig frisch (Z+2) · 30 % arm, mäßig frisch (A2) · 30 % mittel, mäßig frisch (M+2)" }, "geometry": { "type": "Polygon", "coordinates": [ [ [ 13.68399, 52.71356 ], [ 13.68382, 52.71352 ], [ 13.68364, 52.71356 ], [ 13.68356, 52.71367 ], [ 13.68363, 52.71377 ], [ 13.68377, 52.71367 ], [ 13.68406, 52.71368 ], [ 13.68399, 52.71356 ] ] ] } },
{ "type": "Feature", "properties": { "boden": "100 % kräftig, mäßig frisch (K2)" }, "geometry": { "type": "Polygon", "coordinates": [ [ [ 13.68435, 52.71387 ], [ 13.68395, 52.71399 ], [ 13.68401, 52.71408 ], [ 13.68419, 52.71413 ], [ 13.68436, 52.71409 ], [ 13.68444, 52.71398 ], [ 13.68435, 52.71387 ] ] ] } },
{ "type": "Feature", "properties": { "boden": "100 % kräftig, mäßig frisch (K2)" }, "geometry": { "type": "Polygon", "coordinates": [ [ [ 13.6845, 52.72097 ], [ 13.68484, 52.72068 ], [ 13.68499, 52.72032 ], [ 13.68513, 52.72021 ], [ 13.68543, 52.72018 ], [ 13.68583, 52.72006 ], [ 13.68613, 52.71992 ], [ 13.68646, 52.71964 ], [ 13.68683, 52.71944 ], [ 13.6873, 52.71931 ], [ 13.68839, 52.71913 ], [ 13.68846, 52.71917 ], [ 13.68956, 52.7189 ], [ 13.69012, 52.71869 ], [ 13.69061, 52.71865 ], [ 13.69091, 52.71869 ], [ 13.69121, 52.71853 ], [ 13.69141, 52.7182 ], [ 13.69163, 52.71804 ], [ 13.69114, 52.71724 ], [ 13.69107, 52.71696 ], [ 13.69082, 52.71659 ], [ 13.69045, 52.71627 ], [ 13.68941, 52.71564 ], [ 13.68889, 52.71541 ], [ 13.68788, 52.71522 ], [ 13.68777, 52.71511 ], [ 13.68777, 52.71502 ], [ 13.68792, 52.71493 ], [ 13.68823, 52.71487 ], [ 13.68919, 52.71487 ], [ 13.68898, 52.71476 ], [ 13.68888, 52.7146 ], [ 13.68889, 52.7143 ], [ 13.68923, 52.71388 ], [ 13.6899, 52.71377 ], [ 13.68902, 52.71291 ], [ 13.68899, 52.71301 ], [ 13.68849, 52.71319 ], [ 13.68803, 52.71362 ], [ 13.68745, 52.71443 ], [ 13.6872, 52.71451 ], [ 13.68688, 52.71454 ], [ 13.68637, 52.71446 ], [ 13.68669, 52.71389 ], [ 13.68743, 52.7128 ], [ 13.68671, 52.71266 ], [ 13.68609, 52.71272 ], [ 13.6858, 52.71286 ], [ 13.68551, 52.71306 ], [ 13.68504, 52.71354 ], [ 13.68472, 52.71374 ], [ 13.68435, 52.71387 ], [ 13.68444, 52.71398 ], [ 13.68436, 52.71409 ], [ 13.68419, 52.71413 ], [ 13.68401, 52.71408 ], [ 13.68395, 52.71399 ], [ 13.68368, 52.71407 ], [ 13.6827, 52.71395 ], [ 13.67991, 52.71291 ], [ 13.67956, 52.71282 ], [ 13.67837, 52.71264 ], [ 13.67714, 52.71258 ], [ 13.6754, 52.71259 ], [ 13.67387, 52.7127 ], [ 13.67313, 52.71287 ], [ 13.67151, 52.71306 ], [ 13.67071, 52.71321 ], [ 13.66955, 52.71359 ], [ 13.6683, 52.71374 ], [ 13.67358, 52.71602 ], [ 13.6758, 52.71743 ], [ 13.67785, 52.71861 ], [ 13.67842, 52.71834 ], [ 13.67929, 52.71865 ], [ 13.67998, 52.7191 ], [ 13.68012, 52.71902 ], [ 13.68058, 52.71927 ], [ 13.68098, 52.71938 ], [ 13.68196, 52.71945 ], [ 13.68274, 52.71956 ], [ 13.68346, 52.71988 ], [ 13.68364, 52.72004 ], [ 13.68375, 52.72037 ], [ 13.68368, 52.72053 ], [ 13.68326, 52.72071 ], [ 13.68288, 52.72077 ], [ 13.68256, 52.72077 ], [ 13.68067, 52.7205 ], [ 13.68049, 52.72052 ], [ 13.68036, 52.7206 ], [ 13.68042, 52.72093 ], [ 13.68054, 52.72106 ], [ 13.68072, 52.72121 ], [ 13.68138, 52.72152 ], [ 13.68188, 52.7216 ], [ 13.68301, 52.72149 ], [ 13.6845, 52.7215 ], [ 13.6845, 52.72097 ] ], [ [ 13.68777, 52.71902 ], [ 13.6877, 52.71913 ], [ 13.68752, 52.71917 ], [ 13.68734, 52.71913 ], [ 13.68727, 52.71902 ], [ 13.68735, 52.71891 ], [ 13.68753, 52.71887 ], [ 13.6877, 52.71892 ], [ 13.68777, 52.71902 ] ], [ [ 13.67954, 52.71775 ], [ 13.67947, 52.71786 ], [ 13.67929, 52.7179 ], [ 13.67911, 52.71786 ], [ 13.67904, 52.71775 ], [ 13.67912, 52.71764 ], [ 13.6793, 52.7176 ], [ 13.67947, 52.71765 ], [ 13.67954, 52.71775 ] ], [ [ 13.67398, 52.71324 ], [ 13.67553, 52.7134 ], [ 13.67547, 52.71363 ], [ 13.67613, 52.71387 ], [ 13.6746, 52.71553 ], [ 13.67245, 52.71479 ], [ 13.67398, 52.71324 ] ] ] } },
{ "type": "Feature", "properties": { "boden": "100 % kräftig, mäßig frisch (K2)" }, "geometry": { "type": "Polygon", "coordinates": [ [ [ 13.6793, 52.7176 ], [ 13.67912, 52.71764 ], [ 13.67904, 52.71775 ], [ 13.67911, 52.71786 ], [ 13.67929, 52.7179 ], [ 13.67947, 52.71786 ], [ 13.67954, 52.71775 ], [ 13.67947, 52.71765 ], [ 13.6793, 52.7176 ] ] ] } },
{ "type": "Feature", "properties": { "boden": "100 % ziemlich arm, mäßig frisch (Z+2)" }, "geometry": { "type": "Polygon", "coordinates": [ [ [ 13.6846, 52.72244 ], [ 13.68658, 52.72076 ], [ 13.68583, 52.72006 ], [ 13.68543, 52.72018 ], [ 13.68513, 52.72021 ], [ 13.68499, 52.72032 ], [ 13.68484, 52.72068 ], [ 13.6845, 52.72097 ], [ 13.68454, 52.72241 ], [ 13.6846, 52.72244 ] ] ] } },
{ "type": "Feature", "properties": { "boden": "100 % mittel, mäßig frisch (M+2)" }, "geometry": { "type": "Polygon", "coordinates": [ [ [ 13.72837, 52.73272 ], [ 13.72819, 52.73276 ], [ 13.72811, 52.73287 ], [ 13.72818, 52.73298 ], [ 13.72836, 52.73302 ], [ 13.72854, 52.73298 ], [ 13.72861, 52.73287 ], [ 13.72854, 52.73276 ], [ 13.72837, 52.73272 ] ] ] } },
{ "type": "Feature", "properties": { "boden": "100 % mittel, mäßig frisch (M2)" }, "geometry": { "type": "Polygon", "coordinates": [ [ [ 13.72567, 52.73289 ], [ 13.72542, 52.73273 ], [ 13.72525, 52.73278 ], [ 13.72517, 52.73288 ], [ 13.72524, 52.73299 ], [ 13.72542, 52.73304 ], [ 13.72559, 52.733 ], [ 13.72567, 52.73289 ] ] ] } },
{ "type": "Feature", "properties": { "boden": "100 % mittel, mäßig frisch (M+2)" }, "geometry": { "type": "Polygon", "coordinates": [ [ [ 13.72667, 52.73295 ], [ 13.72671, 52.7331 ], [ 13.72689, 52.73315 ], [ 13.72707, 52.7331 ], [ 13.72715, 52.733 ], [ 13.72708, 52.73289 ], [ 13.72698, 52.73286 ], [ 13.72667, 52.73295 ] ] ] } },
{ "type": "Feature", "properties": { "boden": "100 % mittel, mäßig frisch (M+2)" }, "geometry": { "type": "Polygon", "coordinates": [ [ [ 13.73012, 52.73256 ], [ 13.72917, 52.73246 ], [ 13.72874, 52.73251 ], [ 13.72733, 52.73276 ], [ 13.72698, 52.73286 ], [ 13.72708, 52.73289 ], [ 13.72715, 52.733 ], [ 13.72707, 52.7331 ], [ 13.72689, 52.73315 ], [ 13.72671, 52.7331 ], [ 13.72667, 52.73295 ], [ 13.7263, 52.73306 ], [ 13.72669, 52.73322 ], [ 13.72671, 52.73346 ], [ 13.72685, 52.73359 ], [ 13.72704, 52.73354 ], [ 13.72732, 52.73357 ], [ 13.7275, 52.73352 ], [ 13.7277, 52.73361 ], [ 13.72814, 52.73356 ], [ 13.72835, 52.73348 ], [ 13.72868, 52.73351 ], [ 13.72904, 52.73345 ], [ 13.72922, 52.7335 ], [ 13.72931, 52.73364 ], [ 13.72999, 52.73294 ], [ 13.73012, 52.73256 ] ], [ [ 13.72861, 52.73287 ], [ 13.72854, 52.73298 ], [ 13.72836, 52.73302 ], [ 13.72818, 52.73298 ], [ 13.72811, 52.73287 ], [ 13.72819, 52.73276 ], [ 13.72837, 52.73272 ], [ 13.72854, 52.73276 ], [ 13.72861, 52.73287 ] ] ] } },
{ "type": "Feature", "properties": { "boden": "100 % kräftig, mäßig frisch (K2)" }, "geometry": { "type": "Polygon", "coordinates": [ [ [ 13.69942, 52.70389 ], [ 13.69569, 52.70541 ], [ 13.69601, 52.70564 ], [ 13.69998, 52.70405 ], [ 13.69942, 52.70389 ] ] ] } },
{ "type": "Feature", "properties": { "boden": "60 % ziemlich arm, frisch (Z1) · 40 % ziemlich arm, mäßig frisch (Z2g)" }, "geometry": { "type": "Polygon", "coordinates": [ [ [ 13.69749, 52.71821 ], [ 13.69626, 52.71884 ], [ 13.69705, 52.71935 ], [ 13.69775, 52.71911 ], [ 13.69845, 52.71873 ], [ 13.69749, 52.71821 ] ] ] } },
{ "type": "Feature", "properties": { "boden": "60 % ziemlich arm, frisch (Z1) · 40 % ziemlich arm, mäßig frisch (Z2g)" }, "geometry": { "type": "Polygon", "coordinates": [ [ [ 13.69445, 52.71642 ], [ 13.69464, 52.7166 ], [ 13.69675, 52.71764 ], [ 13.69749, 52.71821 ], [ 13.69862, 52.7188 ], [ 13.69907, 52.71912 ], [ 13.69968, 52.71946 ], [ 13.70047, 52.72002 ], [ 13.70149, 52.72033 ], [ 13.70243, 52.72084 ], [ 13.70281, 52.72113 ], [ 13.704, 52.72176 ], [ 13.70524, 52.72234 ], [ 13.70793, 52.72326 ], [ 13.7076, 52.72303 ], [ 13.70791, 52.72282 ], [ 13.7078, 52.72261 ], [ 13.70759, 52.7224 ], [ 13.70692, 52.72197 ], [ 13.70639, 52.72179 ], [ 13.70631, 52.72184 ], [ 13.70555, 52.72138 ], [ 13.7026, 52.71914 ], [ 13.70234, 52.71923 ], [ 13.70075, 52.71885 ], [ 13.70038, 52.71898 ], [ 13.70012, 52.719 ], [ 13.69926, 52.71855 ], [ 13.69926, 52.71834 ], [ 13.69751, 52.71726 ], [ 13.69721, 52.71727 ], [ 13.69623, 52.7171 ], [ 13.69573, 52.71689 ], [ 13.69468, 52.71634 ], [ 13.69445, 52.71642 ] ] ] } },
{ "type": "Feature", "properties": { "boden": "70 % arm, mäßig frisch (A2g) · 30 % arm, mäßig frisch (A2)" }, "geometry": { "type": "Polygon", "coordinates": [ [ [ 13.70149, 52.72033 ], [ 13.70047, 52.72002 ], [ 13.69968, 52.71946 ], [ 13.69845, 52.71873 ], [ 13.69775, 52.71911 ], [ 13.69705, 52.71935 ], [ 13.69612, 52.71997 ], [ 13.69565, 52.72019 ], [ 13.69587, 52.72033 ], [ 13.69613, 52.72037 ], [ 13.69674, 52.72037 ], [ 13.69758, 52.72029 ], [ 13.69868, 52.72035 ], [ 13.69918, 52.72048 ], [ 13.69961, 52.72067 ], [ 13.70139, 52.72162 ], [ 13.70149, 52.72033 ] ] ] } },
{ "type": "Feature", "properties": { "boden": "100 % kräftig, mäßig frisch (K2)" }, "geometry": { "type": "Polygon", "coordinates": [ [ [ 13.69561, 52.72187 ], [ 13.69681, 52.72231 ], [ 13.69715, 52.72219 ], [ 13.69742, 52.72233 ], [ 13.69829, 52.72177 ], [ 13.69787, 52.72088 ], [ 13.69757, 52.72072 ], [ 13.69744, 52.7207 ], [ 13.69701, 52.72083 ], [ 13.69624, 52.72127 ], [ 13.69561, 52.72187 ] ] ] } },
{ "type": "Feature", "properties": { "boden": "100 % ziemlich arm, mäßig frisch (Z+2)" }, "geometry": { "type": "Polygon", "coordinates": [ [ [ 13.69044, 52.70612 ], [ 13.69096, 52.70646 ], [ 13.69108, 52.70678 ], [ 13.69401, 52.70559 ], [ 13.69378, 52.70538 ], [ 13.69437, 52.70513 ], [ 13.69413, 52.70489 ], [ 13.69772, 52.70343 ], [ 13.69696, 52.70315 ], [ 13.69534, 52.70272 ], [ 13.69402, 52.70271 ], [ 13.69107, 52.70387 ], [ 13.69181, 52.70451 ], [ 13.69329, 52.70394 ], [ 13.69395, 52.70442 ], [ 13.69287, 52.70487 ], [ 13.69309, 52.70506 ], [ 13.69044, 52.70612 ] ] ] } },
{ "type": "Feature", "properties": { "boden": "100 % mittel, mäßig frisch (M2)" }, "geometry": { "type": "Polygon", "coordinates": [ [ [ 13.69096, 52.70646 ], [ 13.69044, 52.70612 ], [ 13.68703, 52.70752 ], [ 13.68628, 52.70794 ], [ 13.68751, 52.70854 ], [ 13.68956, 52.70913 ], [ 13.68876, 52.70823 ], [ 13.68857, 52.70831 ], [ 13.68836, 52.70819 ], [ 13.688, 52.70833 ], [ 13.68777, 52.70813 ], [ 13.69108, 52.70678 ], [ 13.69096, 52.70646 ] ] ] } },
{ "type": "Feature", "properties": { "boden": "100 % ziemlich arm, mäßig frisch (Z+2)" }, "geometry": { "type": "Polygon", "coordinates": [ [ [ 13.69258, 52.71122 ], [ 13.69475, 52.71018 ], [ 13.69451, 52.70988 ], [ 13.69482, 52.70978 ], [ 13.69494, 52.70946 ], [ 13.69489, 52.7093 ], [ 13.69351, 52.7084 ], [ 13.69201, 52.70905 ], [ 13.6914, 52.70845 ], [ 13.68956, 52.70913 ], [ 13.69007, 52.7094 ], [ 13.69025, 52.70961 ], [ 13.69059, 52.71104 ], [ 13.69046, 52.71165 ], [ 13.69195, 52.71157 ], [ 13.69289, 52.71146 ], [ 13.69258, 52.71122 ] ] ] } },
{ "type": "Feature", "properties": { "boden": "100 % mittel, mäßig frisch (M+2)" }, "geometry": { "type": "Polygon", "coordinates": [ [ [ 13.69195, 52.71157 ], [ 13.69046, 52.71165 ], [ 13.69021, 52.7118 ], [ 13.68979, 52.71193 ], [ 13.68924, 52.712 ], [ 13.68837, 52.71203 ], [ 13.68795, 52.71198 ], [ 13.68902, 52.71291 ], [ 13.68977, 52.71262 ], [ 13.69191, 52.71252 ], [ 13.69368, 52.71151 ], [ 13.69351, 52.71139 ], [ 13.69304, 52.71157 ], [ 13.69289, 52.71146 ], [ 13.69195, 52.71157 ] ] ] } },
{ "type": "Feature", "properties": { "boden": "100 % mittel, mäßig frisch (M+2g)" }, "geometry": { "type": "Polygon", "coordinates": [ [ [ 13.68983, 52.71395 ], [ 13.68965, 52.71399 ], [ 13.68957, 52.7141 ], [ 13.68964, 52.71421 ], [ 13.68982, 52.71426 ], [ 13.69, 52.71421 ], [ 13.69007, 52.71411 ], [ 13.69, 52.714 ], [ 13.68983, 52.71395 ] ] ] } },
{ "type": "Feature", "properties": { "boden": "100 % mittel, mäßig frisch (M+2g)" }, "geometry": { "type": "Polygon", "coordinates": [ [ [ 13.69031, 52.71416 ], [ 13.69013, 52.7142 ], [ 13.69005, 52.71431 ], [ 13.69012, 52.71441 ], [ 13.6903, 52.71446 ], [ 13.69048, 52.71442 ], [ 13.69055, 52.71431 ], [ 13.69048, 52.7142 ], [ 13.69031, 52.71416 ] ] ] } },
{ "type": "Feature", "properties": { "boden": "100 % mittel, mäßig frisch (M+2g)" }, "geometry": { "type": "Polygon", "coordinates": [ [ [ 13.68916, 52.71427 ], [ 13.68898, 52.71432 ], [ 13.68891, 52.71442 ], [ 13.68898, 52.71453 ], [ 13.68915, 52.71458 ], [ 13.68933, 52.71453 ], [ 13.68941, 52.71443 ], [ 13.68934, 52.71432 ], [ 13.68916, 52.71427 ] ] ] } },
{ "type": "Feature", "properties": { "boden": "70 % mittel, nass (OM1) · 30 % mittel, nass (OM2)" }, "geometry": { "type": "Polygon", "coordinates": [ [ [ 13.69285, 52.71494 ], [ 13.69254, 52.71472 ], [ 13.69158, 52.71446 ], [ 13.69154, 52.7143 ], [ 13.69204, 52.71401 ], [ 13.6921, 52.71388 ], [ 13.69203, 52.71377 ], [ 13.69177, 52.7137 ], [ 13.69147, 52.71368 ], [ 13.6912, 52.71379 ], [ 13.69091, 52.71417 ], [ 13.69058, 52.71425 ], [ 13.6908, 52.71439 ], [ 13.69068, 52.71478 ], [ 13.69114, 52.71508 ], [ 13.69125, 52.71523 ], [ 13.69125, 52.71537 ], [ 13.69185, 52.71528 ], [ 13.69285, 52.71494 ] ] ] } },
{ "type": "Feature", "properties": { "boden": "100 % mittel, mäßig frisch (M+2g)" }, "geometry": { "type": "Polygon", "coordinates": [ [ [ 13.69125, 52.71523 ], [ 13.69114, 52.71508 ], [ 13.69068, 52.71478 ], [ 13.6908, 52.71439 ], [ 13.6899, 52.71377 ], [ 13.68923, 52.71388 ], [ 13.68889, 52.7143 ], [ 13.68888, 52.7146 ], [ 13.68898, 52.71476 ], [ 13.68974, 52.71505 ], [ 13.69019, 52.7154 ], [ 13.6904, 52.71546 ], [ 13.69094, 52.71552 ], [ 13.69113, 52.71547 ], [ 13.69125, 52.71537 ], [ 13.69125, 52.71523 ] ], [ [ 13.68941, 52.71443 ], [ 13.68933, 52.71453 ], [ 13.68915, 52.71458 ], [ 13.68898, 52.71453 ], [ 13.68891, 52.71442 ], [ 13.68898, 52.71432 ], [ 13.68916, 52.71427 ], [ 13.68934, 52.71432 ], [ 13.68941, 52.71443 ] ], [ [ 13.69055, 52.71431 ], [ 13.69048, 52.71442 ], [ 13.6903, 52.71446 ], [ 13.69012, 52.71441 ], [ 13.69005, 52.71431 ], [ 13.69013, 52.7142 ], [ 13.69031, 52.71416 ], [ 13.69048, 52.7142 ], [ 13.69055, 52.71431 ] ], [ [ 13.69007, 52.71411 ], [ 13.69, 52.71421 ], [ 13.68982, 52.71426 ], [ 13.68964, 52.71421 ], [ 13.68957, 52.7141 ], [ 13.68965, 52.71399 ], [ 13.68983, 52.71395 ], [ 13.69, 52.714 ], [ 13.69007, 52.71411 ] ] ] } },
{ "type": "Feature", "properties": { "boden": "50 % arm, mäßig frisch (A2g) · 50 % arm, mäßig frisch (A+2g)" }, "geometry": { "type": "Polygon", "coordinates": [ [ [ 13.68898, 52.71491 ], [ 13.6889, 52.71502 ], [ 13.68897, 52.71513 ], [ 13.68915, 52.71517 ], [ 13.68933, 52.71513 ], [ 13.68941, 52.71502 ], [ 13.68934, 52.71491 ], [ 13.68916, 52.71487 ], [ 13.68898, 52.71491 ] ] ] } },
{ "type": "Feature", "properties": { "boden": "50 % arm, mäßig frisch (A2g) · 50 % arm, mäßig frisch (A+2g)" }, "geometry": { "type": "Polygon", "coordinates": [ [ [ 13.69207, 52.71526 ], [ 13.69189, 52.71531 ], [ 13.69181, 52.71541 ], [ 13.69188, 52.71552 ], [ 13.69206, 52.71557 ], [ 13.69224, 52.71553 ], [ 13.69232, 52.71542 ], [ 13.69225, 52.71531 ], [ 13.69207, 52.71526 ] ] ] } },
{ "type": "Feature", "properties": { "boden": "100 % mittel, nass (OM1)" }, "geometry": { "type": "Polygon", "coordinates": [ [ [ 13.69457, 52.71619 ], [ 13.69412, 52.71596 ], [ 13.6936, 52.7156 ], [ 13.69327, 52.71524 ], [ 13.69286, 52.71494 ], [ 13.69214, 52.7152 ], [ 13.69293, 52.71569 ], [ 13.69325, 52.71609 ], [ 13.69365, 52.7163 ], [ 13.6941, 52.71641 ], [ 13.69445, 52.71642 ], [ 13.69468, 52.71634 ], [ 13.69457, 52.71619 ] ] ] } },
{ "type": "Feature", "properties": { "boden": "50 % arm, mäßig frisch (A2g) · 50 % arm, mäßig frisch (A+2g)" }, "geometry": { "type": "Polygon", "coordinates": [ [ [ 13.69141, 52.71556 ], [ 13.69124, 52.7156 ], [ 13.69116, 52.71571 ], [ 13.69123, 52.71582 ], [ 13.69141, 52.71586 ], [ 13.69158, 52.71582 ], [ 13.69166, 52.71571 ], [ 13.69159, 52.7156 ], [ 13.69141, 52.71556 ] ] ] } },
{ "type": "Feature", "properties": { "boden": "50 % arm, mäßig frisch (A2g) · 50 % arm, mäßig frisch (A+2g)" }, "geometry": { "type": "Polygon", "coordinates": [ [ [ 13.69325, 52.71609 ], [ 13.69313, 52.71605 ], [ 13.69295, 52.71609 ], [ 13.69287, 52.7162 ], [ 13.69294, 52.71631 ], [ 13.69312, 52.71636 ], [ 13.6933, 52.71631 ], [ 13.69337, 52.71621 ], [ 13.69325, 52.71609 ] ] ] } },
{ "type": "Feature", "properties": { "boden": "50 % arm, mäßig frisch (A2g) · 50 % arm, mäßig frisch (A+2g)" }, "geometry": { "type": "Polygon", "coordinates": [ [ [ 13.69445, 52.71642 ], [ 13.69415, 52.71644 ], [ 13.69407, 52.71655 ], [ 13.69414, 52.71665 ], [ 13.69432, 52.7167 ], [ 13.6945, 52.71666 ], [ 13.69458, 52.71655 ], [ 13.69445, 52.71642 ] ] ] } },
{ "type": "Feature", "properties": { "boden": "50 % arm, mäßig frisch (A2g) · 50 % ziemlich arm, mäßig frisch (Z+2g)" }, "geometry": { "type": "Polygon", "coordinates": [ [ [ 13.68823, 52.71487 ], [ 13.68792, 52.71493 ], [ 13.68777, 52.71502 ], [ 13.68777, 52.71511 ], [ 13.68788, 52.71522 ], [ 13.68889, 52.71541 ], [ 13.68941, 52.71564 ], [ 13.69045, 52.71627 ], [ 13.69082, 52.71659 ], [ 13.69163, 52.71804 ], [ 13.69206, 52.71796 ], [ 13.69272, 52.71826 ], [ 13.69358, 52.71818 ], [ 13.69397, 52.71803 ], [ 13.69426, 52.71798 ], [ 13.69519, 52.71799 ], [ 13.69555, 52.71804 ], [ 13.69718, 52.71799 ], [ 13.69675, 52.71764 ], [ 13.69584, 52.71719 ], [ 13.69577, 52.7173 ], [ 13.69559, 52.71734 ], [ 13.69542, 52.7173 ], [ 13.69534, 52.71719 ], [ 13.69542, 52.71708 ], [ 13.69555, 52.71705 ], [ 13.69464, 52.7166 ], [ 13.69455, 52.71651 ], [ 13.6945, 52.71666 ], [ 13.69432, 52.7167 ], [ 13.69414, 52.71665 ], [ 13.69407, 52.71655 ], [ 13.69415, 52.71644 ], [ 13.69426, 52.71641 ], [ 13.69365, 52.7163 ], [ 13.69333, 52.71614 ], [ 13.69337, 52.71621 ], [ 13.6933, 52.71631 ], [ 13.69312, 52.71636 ], [ 13.69294, 52.71631 ], [ 13.69287, 52.7162 ], [ 13.69295, 52.71609 ], [ 13.69313, 52.71605 ], [ 13.69325, 52.71609 ], [ 13.69293, 52.71569 ], [ 13.69214, 52.7152 ], [ 13.69185, 52.71528 ], [ 13.69125, 52.71537 ], [ 13.69113, 52.71547 ], [ 13.69094, 52.71552 ], [ 13.6907, 52.7155 ], [ 13.69019, 52.7154 ], [ 13.68974, 52.71505 ], [ 13.68947, 52.71493 ], [ 13.68919, 52.71487 ], [ 13.68823, 52.71487 ] ], [ [ 13.68934, 52.71491 ], [ 13.68941, 52.71502 ], [ 13.68933, 52.71513 ], [ 13.68915, 52.71517 ], [ 13.68897, 52.71513 ], [ 13.6889, 52.71502 ], [ 13.68898, 52.71491 ], [ 13.68916, 52.71487 ], [ 13.68934, 52.71491 ] ], [ [ 13.69225, 52.71531 ], [ 13.69232, 52.71542 ], [ 13.69224, 52.71553 ], [ 13.69206, 52.71557 ], [ 13.69188, 52.71552 ], [ 13.69181, 52.71541 ], [ 13.69189, 52.71531 ], [ 13.69207, 52.71526 ], [ 13.69225, 52.71531 ] ], [ [ 13.69159, 52.7156 ], [ 13.69166, 52.71571 ], [ 13.69158, 52.71582 ], [ 13.69141, 52.71586 ], [ 13.69123, 52.71582 ], [ 13.69116, 52.71571 ], [ 13.69124, 52.7156 ], [ 13.69141, 52.71556 ], [ 13.69159, 52.7156 ] ] ] } },
{ "type": "Feature", "properties": { "boden": "50 % arm, mäßig frisch (A2g) · 50 % arm, mäßig frisch (A+2g)" }, "geometry": { "type": "Polygon", "coordinates": [ [ [ 13.69555, 52.71705 ], [ 13.69542, 52.71708 ], [ 13.69534, 52.71719 ], [ 13.69542, 52.7173 ], [ 13.69559, 52.71734 ], [ 13.69577, 52.7173 ], [ 13.69584, 52.71719 ], [ 13.69555, 52.71705 ] ] ] } },
{ "type": "Feature", "properties": { "boden": "50 % arm, frisch (A1) · 30 % arm, mäßig frisch (A2g) · 20 % mittel, frisch (M1)" }, "geometry": { "type": "Polygon", "coordinates": [ [ [ 13.69194, 52.7181 ], [ 13.69176, 52.71815 ], [ 13.69168, 52.71825 ], [ 13.69175, 52.71836 ], [ 13.69193, 52.71841 ], [ 13.69211, 52.71837 ], [ 13.69218, 52.71826 ], [ 13.69211, 52.71815 ], [ 13.69194, 52.7181 ] ] ] } },
{ "type": "Feature", "properties": { "boden": "60 % mittel, mäßig frisch (M+2) · 40 % mittel, mäßig frisch (M+2)" }, "geometry": { "type": "Polygon", "coordinates": [ [ [ 13.72364, 52.71273 ], [ 13.72339, 52.71258 ], [ 13.72367, 52.71383 ], [ 13.72032, 52.71265 ], [ 13.71783, 52.71392 ], [ 13.71908, 52.71443 ], [ 13.71941, 52.7147 ], [ 13.71961, 52.71531 ], [ 13.7224, 52.71669 ], [ 13.72278, 52.7168 ], [ 13.72366, 52.71679 ], [ 13.72416, 52.71665 ], [ 13.72425, 52.71634 ], [ 13.72697, 52.71408 ], [ 13.72364, 52.71273 ] ] ] } },
{ "type": "Feature", "properties": { "boden": "100 % mittel, mäßig frisch (M2)" }, "geometry": { "type": "Polygon", "coordinates": [ [ [ 13.71356, 52.7155 ], [ 13.71322, 52.71521 ], [ 13.71292, 52.71534 ], [ 13.71265, 52.71539 ], [ 13.71251, 52.71556 ], [ 13.71211, 52.71574 ], [ 13.71208, 52.71591 ], [ 13.71176, 52.71579 ], [ 13.71145, 52.71619 ], [ 13.71146, 52.71648 ], [ 13.71185, 52.71697 ], [ 13.71353, 52.71628 ], [ 13.71356, 52.7155 ] ] ] } },
{ "type": "Feature", "properties": { "boden": "50 % arm, mäßig frisch (A2) · 50 % ziemlich arm, mäßig frisch (Z2)" }, "geometry": { "type": "Polygon", "coordinates": [ [ [ 13.71353, 52.71633 ], [ 13.71141, 52.71721 ], [ 13.71314, 52.71869 ], [ 13.71348, 52.71688 ], [ 13.71353, 52.71633 ] ] ] } },
{ "type": "Feature", "properties": { "boden": "50 % kräftig, mäßig frisch (K2) · 50 % mittel, mäßig frisch (M2)" }, "geometry": { "type": "Polygon", "coordinates": [ [ [ 13.71223, 52.72472 ], [ 13.71322, 52.72493 ], [ 13.71341, 52.72501 ], [ 13.71345, 52.72471 ], [ 13.71334, 52.72445 ], [ 13.71298, 52.72407 ], [ 13.71237, 52.72434 ], [ 13.71223, 52.72472 ] ] ] } },
{ "type": "Feature", "properties": { "boden": "100 % mittel, mäßig frisch (M+2g)" }, "geometry": { "type": "Polygon", "coordinates": [ [ [ 13.71165, 52.72608 ], [ 13.71237, 52.72434 ], [ 13.71242, 52.72381 ], [ 13.71229, 52.72307 ], [ 13.70976, 52.72411 ], [ 13.70975, 52.72418 ], [ 13.71, 52.72447 ], [ 13.7108, 52.72503 ], [ 13.71102, 52.72541 ], [ 13.71165, 52.72608 ] ] ] } },
{ "type": "Feature", "properties": { "boden": "50 % mittel, mäßig frisch (M2g) · 50 % kräftig, mäßig frisch (K2)" }, "geometry": { "type": "Polygon", "coordinates": [ [ [ 13.71263, 52.7252 ], [ 13.71245, 52.72524 ], [ 13.71237, 52.72535 ], [ 13.71245, 52.72546 ], [ 13.71262, 52.7255 ], [ 13.7128, 52.72546 ], [ 13.71288, 52.72535 ], [ 13.71281, 52.72524 ], [ 13.71263, 52.7252 ] ] ] } },
{ "type": "Feature", "properties": { "boden": "50 % mittel, mäßig frisch (M2g) · 50 % kräftig, mäßig frisch (K2)" }, "geometry": { "type": "Polygon", "coordinates": [ [ [ 13.7118, 52.72571 ], [ 13.71199, 52.72584 ], [ 13.71208, 52.72581 ], [ 13.71216, 52.72571 ], [ 13.71209, 52.7256 ], [ 13.71191, 52.72555 ], [ 13.7118, 52.72571 ] ] ] } },
{ "type": "Feature", "properties": { "boden": "50 % mittel, mäßig frisch (M2g) · 50 % kräftig, mäßig frisch (K2)" }, "geometry": { "type": "Polygon", "coordinates": [ [ [ 13.71219, 52.72603 ], [ 13.71242, 52.72628 ], [ 13.71251, 52.72626 ], [ 13.71258, 52.72615 ], [ 13.71251, 52.72604 ], [ 13.71234, 52.726 ], [ 13.71219, 52.72603 ] ] ] } },
{ "type": "Feature", "properties": { "boden": "50 % mittel, mäßig frisch (M2g) · 50 % kräftig, mäßig frisch (K2)" }, "geometry": { "type": "Polygon", "coordinates": [ [ [ 13.71322, 52.72493 ], [ 13.71223, 52.72472 ], [ 13.71186, 52.72556 ], [ 13.71209, 52.7256 ], [ 13.71216, 52.72571 ], [ 13.71208, 52.72581 ], [ 13.71199, 52.72584 ], [ 13.71219, 52.72603 ], [ 13.71234, 52.726 ], [ 13.71251, 52.72604 ], [ 13.71258, 52.72615 ], [ 13.71251, 52.72626 ], [ 13.71242, 52.72628 ], [ 13.71245, 52.72653 ], [ 13.71251, 52.72657 ], [ 13.71256, 52.7265 ], [ 13.71273, 52.72646 ], [ 13.71291, 52.72651 ], [ 13.71298, 52.72662 ], [ 13.7129, 52.72672 ], [ 13.71275, 52.72676 ], [ 13.7131, 52.72703 ], [ 13.71331, 52.72709 ], [ 13.71336, 52.72694 ], [ 13.71354, 52.7269 ], [ 13.71372, 52.72694 ], [ 13.71379, 52.72705 ], [ 13.71371, 52.72716 ], [ 13.71363, 52.72718 ], [ 13.71388, 52.72725 ], [ 13.71461, 52.72771 ], [ 13.71487, 52.72802 ], [ 13.71522, 52.72809 ], [ 13.716, 52.72811 ], [ 13.71657, 52.72778 ], [ 13.71611, 52.72745 ], [ 13.71552, 52.72651 ], [ 13.71501, 52.72594 ], [ 13.71462, 52.72565 ], [ 13.71383, 52.72518 ], [ 13.71322, 52.72493 ] ], [ [ 13.71288, 52.72535 ], [ 13.7128, 52.72546 ], [ 13.71262, 52.7255 ], [ 13.71245, 52.72546 ], [ 13.71237, 52.72535 ], [ 13.71245, 52.72524 ], [ 13.71263, 52.7252 ], [ 13.71281, 52.72524 ], [ 13.71288, 52.72535 ] ] ] } },
{ "type": "Feature", "properties": { "boden": "50 % mittel, mäßig frisch (M2g) · 50 % kräftig, mäßig frisch (K2)" }, "geometry": { "type": "Polygon", "coordinates": [ [ [ 13.71275, 52.72676 ], [ 13.7129, 52.72672 ], [ 13.71298, 52.72662 ], [ 13.71291, 52.72651 ], [ 13.71273, 52.72646 ], [ 13.71256, 52.7265 ], [ 13.71251, 52.72657 ], [ 13.71275, 52.72676 ] ] ] } },
{ "type": "Feature", "properties": { "boden": "50 % mittel, mäßig frisch (M2g) · 50 % kräftig, mäßig frisch (K2)" }, "geometry": { "type": "Polygon", "coordinates": [ [ [ 13.71363, 52.72718 ], [ 13.71371, 52.72716 ], [ 13.71379, 52.72705 ], [ 13.71372, 52.72694 ], [ 13.71354, 52.7269 ], [ 13.71336, 52.72694 ], [ 13.71331, 52.72709 ], [ 13.71363, 52.72718 ] ] ] } },
{ "type": "Feature", "properties": { "boden": "60 % kräftig, trocken (vermutet) (K3) · 40 % kräftig, mäßig frisch (K2g)" }, "geometry": { "type": "Polygon", "coordinates": [ [ [ 13.71777, 52.73261 ], [ 13.71758, 52.73278 ], [ 13.7179, 52.73284 ], [ 13.71829, 52.73276 ], [ 13.71852, 52.73265 ], [ 13.71862, 52.73251 ], [ 13.71854, 52.73244 ], [ 13.71833, 52.73241 ], [ 13.71777, 52.73261 ] ] ] } },
{ "type": "Feature", "properties": { "boden": "100 % mittel, mäßig frisch (M2)" }, "geometry": { "type": "Polygon", "coordinates": [ [ [ 13.72228, 52.73645 ], [ 13.72221, 52.73634 ], [ 13.72229, 52.73623 ], [ 13.72247, 52.73619 ], [ 13.72264, 52.73624 ], [ 13.72271, 52.73634 ], [ 13.72265, 52.73643 ], [ 13.72305, 52.73634 ], [ 13.72291, 52.7362 ], [ 13.7231, 52.73611 ], [ 13.72297, 52.73599 ], [ 13.72305, 52.73588 ], [ 13.72322, 52.73584 ], [ 13.7234, 52.73588 ], [ 13.72344, 52.73595 ], [ 13.72368, 52.73583 ], [ 13.72359, 52.73581 ], [ 13.72352, 52.7357 ], [ 13.7236, 52.73559 ], [ 13.72378, 52.73555 ], [ 13.72395, 52.7356 ], [ 13.72401, 52.73568 ], [ 13.72427, 52.73555 ], [ 13.72418, 52.73552 ], [ 13.72411, 52.73542 ], [ 13.7243, 52.73516 ], [ 13.72442, 52.73513 ], [ 13.7242, 52.73477 ], [ 13.72411, 52.73479 ], [ 13.72394, 52.73474 ], [ 13.72387, 52.73464 ], [ 13.72394, 52.73453 ], [ 13.72404, 52.73451 ], [ 13.72398, 52.73441 ], [ 13.72403, 52.73417 ], [ 13.72383, 52.73425 ], [ 13.72365, 52.7342 ], [ 13.72358, 52.7341 ], [ 13.7238, 52.73389 ], [ 13.72391, 52.73364 ], [ 13.72409, 52.7336 ], [ 13.72426, 52.73364 ], [ 13.72431, 52.73372 ], [ 13.72607, 52.73301 ], [ 13.72562, 52.73281 ], [ 13.72567, 52.73289 ], [ 13.72559, 52.733 ], [ 13.72542, 52.73304 ], [ 13.72524, 52.73299 ], [ 13.72517, 52.73288 ], [ 13.72525, 52.73278 ], [ 13.72542, 52.73273 ], [ 13.7255, 52.73276 ], [ 13.72524, 52.73263 ], [ 13.72412, 52.73236 ], [ 13.72255, 52.73171 ], [ 13.72101, 52.73074 ], [ 13.71805, 52.72876 ], [ 13.718, 52.72899 ], [ 13.71858, 52.72992 ], [ 13.719, 52.73031 ], [ 13.72031, 52.73096 ], [ 13.72148, 52.73224 ], [ 13.722, 52.73332 ], [ 13.72105, 52.73437 ], [ 13.72156, 52.7348 ], [ 13.72154, 52.73517 ], [ 13.72129, 52.7357 ], [ 13.72063, 52.73603 ], [ 13.72049, 52.73637 ], [ 13.72056, 52.73655 ], [ 13.72083, 52.73645 ], [ 13.72136, 52.73671 ], [ 13.72241, 52.73648 ], [ 13.72228, 52.73645 ] ], [ [ 13.72252, 52.73589 ], [ 13.72244, 52.736 ], [ 13.72226, 52.73604 ], [ 13.72208, 52.736 ], [ 13.72201, 52.73589 ], [ 13.72209, 52.73578 ], [ 13.72227, 52.73574 ], [ 13.72245, 52.73579 ], [ 13.72252, 52.73589 ] ], [ [ 13.72242, 52.73486 ], [ 13.72246, 52.73528 ], [ 13.7224, 52.73548 ], [ 13.72228, 52.73558 ], [ 13.72208, 52.73561 ], [ 13.72185, 52.73547 ], [ 13.72205, 52.7349 ], [ 13.72228, 52.7348 ], [ 13.72242, 52.73486 ] ], [ [ 13.72176, 52.73422 ], [ 13.72168, 52.73433 ], [ 13.72151, 52.73437 ], [ 13.72133, 52.73432 ], [ 13.72126, 52.73422 ], [ 13.72134, 52.73411 ], [ 13.72151, 52.73407 ], [ 13.72169, 52.73411 ], [ 13.72176, 52.73422 ] ], [ [ 13.72351, 52.73375 ], [ 13.72326, 52.73398 ], [ 13.7232, 52.73417 ], [ 13.72302, 52.73422 ], [ 13.72285, 52.73417 ], [ 13.72278, 52.73406 ], [ 13.723, 52.73382 ], [ 13.72308, 52.73364 ], [ 13.72326, 52.73359 ], [ 13.72343, 52.73364 ], [ 13.72351, 52.73375 ] ], [ [ 13.72214, 52.7339 ], [ 13.72207, 52.73401 ], [ 13.72189, 52.73405 ], [ 13.72171, 52.73401 ], [ 13.72164, 52.7339 ], [ 13.72172, 52.73379 ], [ 13.7219, 52.73375 ], [ 13.72207, 52.7338 ], [ 13.72214, 52.7339 ] ], [ [ 13.72516, 52.73326 ], [ 13.72508, 52.73337 ], [ 13.72437, 52.73349 ], [ 13.7242, 52.73344 ], [ 13.72412, 52.73333 ], [ 13.7242, 52.73323 ], [ 13.72491, 52.7331 ], [ 13.72509, 52.73315 ], [ 13.72516, 52.73326 ] ] ] } },
{ "type": "Feature", "properties": { "boden": "100 % kräftig, nass (OK2)" }, "geometry": { "type": "Polygon", "coordinates": [ [ [ 13.71671, 52.73378 ], [ 13.71672, 52.73315 ], [ 13.71687, 52.73249 ], [ 13.71663, 52.73275 ], [ 13.7163, 52.73382 ], [ 13.71634, 52.73376 ], [ 13.71652, 52.73372 ], [ 13.71671, 52.73378 ] ] ] } },
{ "type": "Feature", "properties": { "boden": "100 % mittel, mäßig frisch (M2)" }, "geometry": { "type": "Polygon", "coordinates": [ [ [ 13.7219, 52.73375 ], [ 13.72172, 52.73379 ], [ 13.72164, 52.7339 ], [ 13.72171, 52.73401 ], [ 13.72189, 52.73405 ], [ 13.72207, 52.73401 ], [ 13.72214, 52.7339 ], [ 13.72207, 52.7338 ], [ 13.7219, 52.73375 ] ] ] } },
{ "type": "Feature", "properties": { "boden": "100 % kräftig, nass (OK2)" }, "geometry": { "type": "Polygon", "coordinates": [ [ [ 13.71669, 52.73392 ], [ 13.7167, 52.73376 ], [ 13.71652, 52.73372 ], [ 13.71634, 52.73376 ], [ 13.71618, 52.73421 ], [ 13.71634, 52.73425 ], [ 13.71651, 52.73421 ], [ 13.71669, 52.73392 ] ] ] } },
{ "type": "Feature", "properties": { "boden": "60 % kräftig, mäßig frisch (K2) · 40 % kräftig, mäßig frisch (K2g)" }, "geometry": { "type": "Polygon", "coordinates": [ [ [ 13.72124, 52.73501 ], [ 13.72067, 52.73503 ], [ 13.7208, 52.73543 ], [ 13.72072, 52.73553 ], [ 13.72054, 52.73558 ], [ 13.72019, 52.73544 ], [ 13.71977, 52.73537 ], [ 13.7197, 52.73526 ], [ 13.71978, 52.73515 ], [ 13.7198, 52.73489 ], [ 13.71988, 52.73478 ], [ 13.72009, 52.73475 ], [ 13.7197, 52.73451 ], [ 13.71883, 52.73336 ], [ 13.71924, 52.73319 ], [ 13.71938, 52.73236 ], [ 13.71872, 52.73228 ], [ 13.71833, 52.73241 ], [ 13.71854, 52.73244 ], [ 13.71862, 52.73255 ], [ 13.71829, 52.73276 ], [ 13.7179, 52.73284 ], [ 13.71761, 52.73281 ], [ 13.71758, 52.73275 ], [ 13.71777, 52.73261 ], [ 13.71739, 52.73274 ], [ 13.71704, 52.73329 ], [ 13.71746, 52.73364 ], [ 13.71855, 52.73487 ], [ 13.7195, 52.73539 ], [ 13.72006, 52.73544 ], [ 13.72003, 52.7355 ], [ 13.72116, 52.73578 ], [ 13.72129, 52.7357 ], [ 13.72143, 52.73545 ], [ 13.72154, 52.73517 ], [ 13.72156, 52.7348 ], [ 13.72124, 52.73501 ] ] ] } },
{ "type": "Feature", "properties": { "boden": "100 % mittel, mäßig frisch (M2)" }, "geometry": { "type": "Polygon", "coordinates": [ [ [ 13.72151, 52.73407 ], [ 13.72134, 52.73411 ], [ 13.72126, 52.73422 ], [ 13.72133, 52.73432 ], [ 13.72151, 52.73437 ], [ 13.72168, 52.73433 ], [ 13.72176, 52.73422 ], [ 13.72169, 52.73411 ], [ 13.72151, 52.73407 ] ] ] } },
{ "type": "Feature", "properties": { "boden": "100 % kräftig, nass (OK2)" }, "geometry": { "type": "Polygon", "coordinates": [ [ [ 13.71671, 52.73396 ], [ 13.71651, 52.73421 ], [ 13.71634, 52.73425 ], [ 13.71618, 52.73421 ], [ 13.71571, 52.73584 ], [ 13.71617, 52.73563 ], [ 13.71736, 52.73549 ], [ 13.71696, 52.73434 ], [ 13.71671, 52.73396 ] ] ] } },
{ "type": "Feature", "properties": { "boden": "60 % kräftig, mäßig frisch (K2) · 40 % kräftig, mäßig frisch (K2g)" }, "geometry": { "type": "Polygon", "coordinates": [ [ [ 13.72067, 52.73503 ], [ 13.72044, 52.73496 ], [ 13.72038, 52.73509 ], [ 13.72018, 52.73514 ], [ 13.72029, 52.73487 ], [ 13.72005, 52.73474 ], [ 13.71988, 52.73478 ], [ 13.7197, 52.73526 ], [ 13.71977, 52.73537 ], [ 13.72019, 52.73544 ], [ 13.72054, 52.73558 ], [ 13.72072, 52.73553 ], [ 13.7208, 52.73543 ], [ 13.72069, 52.73519 ], [ 13.72074, 52.73513 ], [ 13.72067, 52.73503 ] ] ] } },
{ "type": "Feature", "properties": { "boden": "100 % mittel, frisch (M1)" }, "geometry": { "type": "Polygon", "coordinates": [ [ [ 13.73222, 52.7332 ], [ 13.73055, 52.73264 ], [ 13.73012, 52.73256 ], [ 13.72999, 52.73294 ], [ 13.72931, 52.73364 ], [ 13.72989, 52.73381 ], [ 13.73042, 52.73383 ], [ 13.73072, 52.73372 ], [ 13.73104, 52.73373 ], [ 13.73302, 52.73399 ], [ 13.73319, 52.73392 ], [ 13.73285, 52.7335 ], [ 13.73222, 52.7332 ] ] ] } },
{ "type": "Feature", "properties": { "boden": "100 % mittel, mäßig frisch (M2)" }, "geometry": { "type": "Polygon", "coordinates": [ [ [ 13.72491, 52.7331 ], [ 13.7242, 52.73323 ], [ 13.72412, 52.73333 ], [ 13.7242, 52.73344 ], [ 13.72437, 52.73349 ], [ 13.72508, 52.73337 ], [ 13.72516, 52.73326 ], [ 13.72509, 52.73315 ], [ 13.72491, 52.7331 ] ] ] } },
{ "type": "Feature", "properties": { "boden": "100 % mittel, mäßig frisch (M+2)" }, "geometry": { "type": "Polygon", "coordinates": [ [ [ 13.72846, 52.73355 ], [ 13.72927, 52.73363 ], [ 13.72929, 52.73361 ], [ 13.72922, 52.7335 ], [ 13.72904, 52.73345 ], [ 13.72868, 52.73351 ], [ 13.72835, 52.73348 ], [ 13.72814, 52.73356 ], [ 13.72846, 52.73355 ] ] ] } },
{ "type": "Feature", "properties": { "boden": "100 % mittel, mäßig frisch (M+2)" }, "geometry": { "type": "Polygon", "coordinates": [ [ [ 13.7277, 52.73361 ], [ 13.7275, 52.73352 ], [ 13.72732, 52.73357 ], [ 13.72704, 52.73354 ], [ 13.72685, 52.73359 ], [ 13.72694, 52.73368 ], [ 13.7277, 52.73361 ] ] ] } },
{ "type": "Feature", "properties": { "boden": "50 % mittel, mäßig frisch (M2g) · 50 % mittel, mäßig frisch (M+2g)" }, "geometry": { "type": "Polygon", "coordinates": [ [ [ 13.72927, 52.73363 ], [ 13.72846, 52.73355 ], [ 13.72814, 52.73356 ], [ 13.72809, 52.73363 ], [ 13.72816, 52.73374 ], [ 13.72834, 52.73378 ], [ 13.7287, 52.73372 ], [ 13.72903, 52.73376 ], [ 13.72921, 52.73372 ], [ 13.72927, 52.73363 ] ] ] } },
{ "type": "Feature", "properties": { "boden": "50 % mittel, mäßig frisch (M2g) · 50 % mittel, mäßig frisch (M+2g)" }, "geometry": { "type": "Polygon", "coordinates": [ [ [ 13.72694, 52.73368 ], [ 13.72681, 52.73374 ], [ 13.72685, 52.7338 ], [ 13.72703, 52.73385 ], [ 13.72721, 52.73381 ], [ 13.72749, 52.73383 ], [ 13.72767, 52.73379 ], [ 13.72774, 52.73368 ], [ 13.7277, 52.73361 ], [ 13.72694, 52.73368 ] ] ] } },
{ "type": "Feature", "properties": { "boden": "100 % mittel, mäßig frisch (M2)" }, "geometry": { "type": "Polygon", "coordinates": [ [ [ 13.72326, 52.73359 ], [ 13.72308, 52.73364 ], [ 13.723, 52.73382 ], [ 13.72278, 52.73406 ], [ 13.72285, 52.73417 ], [ 13.72302, 52.73422 ], [ 13.7232, 52.73417 ], [ 13.72326, 52.73398 ], [ 13.72351, 52.73375 ], [ 13.72343, 52.73364 ], [ 13.72326, 52.73359 ] ] ] } },
{ "type": "Feature", "properties": { "boden": "100 % mittel, mäßig frisch (M2)" }, "geometry": { "type": "Polygon", "coordinates": [ [ [ 13.72407, 52.73401 ], [ 13.72431, 52.73372 ], [ 13.72426, 52.73364 ], [ 13.72409, 52.7336 ], [ 13.72391, 52.73364 ], [ 13.7238, 52.73389 ], [ 13.72366, 52.73399 ], [ 13.72358, 52.7341 ], [ 13.72365, 52.7342 ], [ 13.72383, 52.73425 ], [ 13.72401, 52.73421 ], [ 13.72407, 52.73401 ] ] ] } },
{ "type": "Feature", "properties": { "boden": "50 % mittel, mäßig frisch (M2g) · 50 % mittel, mäßig frisch (M+2g)" }, "geometry": { "type": "Polygon", "coordinates": [ [ [ 13.72781, 52.73388 ], [ 13.72763, 52.73392 ], [ 13.72756, 52.73403 ], [ 13.72763, 52.73414 ], [ 13.7278, 52.73418 ], [ 13.72798, 52.73414 ], [ 13.72806, 52.73403 ], [ 13.72799, 52.73392 ], [ 13.72781, 52.73388 ] ] ] } },
{ "type": "Feature", "properties": { "boden": "50 % mittel, mäßig frisch (M2g) · 50 % mittel, mäßig frisch (M+2g)" }, "geometry": { "type": "Polygon", "coordinates": [ [ [ 13.72896, 52.73492 ], [ 13.72899, 52.73452 ], [ 13.72911, 52.73447 ], [ 13.73002, 52.73443 ], [ 13.7302, 52.73429 ], [ 13.73042, 52.73383 ], [ 13.72979, 52.73379 ], [ 13.72927, 52.73363 ], [ 13.72921, 52.73372 ], [ 13.72903, 52.73376 ], [ 13.7287, 52.73372 ], [ 13.72834, 52.73378 ], [ 13.72816, 52.73374 ], [ 13.72809, 52.73363 ], [ 13.72814, 52.73356 ], [ 13.7277, 52.73361 ], [ 13.72774, 52.73368 ], [ 13.72767, 52.73379 ], [ 13.72749, 52.73383 ], [ 13.72721, 52.73381 ], [ 13.72703, 52.73385 ], [ 13.72685, 52.7338 ], [ 13.72681, 52.73374 ], [ 13.72621, 52.73398 ], [ 13.72607, 52.73424 ], [ 13.72757, 52.73483 ], [ 13.72732, 52.73543 ], [ 13.72903, 52.73509 ], [ 13.72896, 52.73492 ] ], [ [ 13.72825, 52.73482 ], [ 13.72818, 52.73492 ], [ 13.728, 52.73496 ], [ 13.72782, 52.73492 ], [ 13.72775, 52.73481 ], [ 13.72783, 52.7347 ], [ 13.72801, 52.73466 ], [ 13.72818, 52.73471 ], [ 13.72825, 52.73482 ] ], [ [ 13.72806, 52.73403 ], [ 13.72798, 52.73414 ], [ 13.7278, 52.73418 ], [ 13.72763, 52.73414 ], [ 13.72756, 52.73403 ], [ 13.72763, 52.73392 ], [ 13.72781, 52.73388 ], [ 13.72799, 52.73392 ], [ 13.72806, 52.73403 ] ] ] } },
{ "type": "Feature", "properties": { "boden": "100 % mittel, mäßig frisch (M2)" }, "geometry": { "type": "Polygon", "coordinates": [ [ [ 13.72404, 52.73451 ], [ 13.72394, 52.73453 ], [ 13.72387, 52.73464 ], [ 13.72394, 52.73474 ], [ 13.72411, 52.73479 ], [ 13.7242, 52.73477 ], [ 13.72404, 52.73451 ] ] ] } },
{ "type": "Feature", "properties": { "boden": "50 % mittel, mäßig frisch (M2g) · 50 % mittel, mäßig frisch (M+2g)" }, "geometry": { "type": "Polygon", "coordinates": [ [ [ 13.72801, 52.73466 ], [ 13.72783, 52.7347 ], [ 13.72775, 52.73481 ], [ 13.72782, 52.73492 ], [ 13.728, 52.73496 ], [ 13.72818, 52.73492 ], [ 13.72825, 52.73482 ], [ 13.72818, 52.73471 ], [ 13.72801, 52.73466 ] ] ] } },
{ "type": "Feature", "properties": { "boden": "100 % mittel, trocken (vermutet) (M3)" }, "geometry": { "type": "Polygon", "coordinates": [ [ [ 13.72228, 52.7348 ], [ 13.72205, 52.7349 ], [ 13.72185, 52.73535 ], [ 13.72185, 52.73547 ], [ 13.72208, 52.73561 ], [ 13.72235, 52.73554 ], [ 13.72246, 52.73528 ], [ 13.72242, 52.73486 ], [ 13.72228, 52.7348 ] ] ] } },
{ "type": "Feature", "properties": { "boden": "100 % mittel, mäßig frisch (M2)" }, "geometry": { "type": "Polygon", "coordinates": [ [ [ 13.73723, 52.7367 ], [ 13.73745, 52.73642 ], [ 13.73743, 52.73625 ], [ 13.73733, 52.73611 ], [ 13.73685, 52.73584 ], [ 13.73664, 52.73564 ], [ 13.73653, 52.73545 ], [ 13.73659, 52.73486 ], [ 13.73669, 52.7347 ], [ 13.73693, 52.73456 ], [ 13.73664, 52.73449 ], [ 13.73489, 52.73436 ], [ 13.73146, 52.73388 ], [ 13.73042, 52.73383 ], [ 13.7302, 52.73429 ], [ 13.73002, 52.73443 ], [ 13.72911, 52.73447 ], [ 13.72899, 52.73452 ], [ 13.72896, 52.73492 ], [ 13.72903, 52.73509 ], [ 13.72924, 52.73527 ], [ 13.72975, 52.73543 ], [ 13.72993, 52.73543 ], [ 13.73037, 52.73521 ], [ 13.73046, 52.73532 ], [ 13.73044, 52.73555 ], [ 13.73007, 52.73572 ], [ 13.73005, 52.73578 ], [ 13.73015, 52.73582 ], [ 13.73026, 52.736 ], [ 13.73057, 52.73692 ], [ 13.73116, 52.73678 ], [ 13.73341, 52.73683 ], [ 13.73477, 52.73643 ], [ 13.73723, 52.7367 ] ], [ [ 13.73209, 52.73671 ], [ 13.73192, 52.73666 ], [ 13.73147, 52.73668 ], [ 13.73129, 52.73663 ], [ 13.73122, 52.73641 ], [ 13.73098, 52.73613 ], [ 13.73106, 52.73603 ], [ 13.73124, 52.73598 ], [ 13.73141, 52.73603 ], [ 13.73148, 52.73614 ], [ 13.73148, 52.73634 ], [ 13.73165, 52.73642 ], [ 13.73191, 52.73646 ], [ 13.73204, 52.7363 ], [ 13.73197, 52.73619 ], [ 13.73205, 52.73608 ], [ 13.73223, 52.73604 ], [ 13.7324, 52.73608 ], [ 13.73295, 52.73598 ], [ 13.73313, 52.73603 ], [ 13.73339, 52.73621 ], [ 13.73354, 52.73626 ], [ 13.73361, 52.73636 ], [ 13.73354, 52.73647 ], [ 13.73336, 52.73651 ], [ 13.73318, 52.73647 ], [ 13.73312, 52.73637 ], [ 13.73294, 52.73628 ], [ 13.73274, 52.73645 ], [ 13.73209, 52.73671 ] ] ] } },
{ "type": "Feature", "properties": { "boden": "100 % mittel, mäßig frisch (M2)" }, "geometry": { "type": "Polygon", "coordinates": [ [ [ 13.7243, 52.73516 ], [ 13.72411, 52.73542 ], [ 13.72418, 52.73552 ], [ 13.72427, 52.73555 ], [ 13.72453, 52.73539 ], [ 13.72442, 52.73513 ], [ 13.7243, 52.73516 ] ] ] } },
{ "type": "Feature", "properties": { "boden": "100 % mittel, mäßig frisch (M2)" }, "geometry": { "type": "Polygon", "coordinates": [ [ [ 13.73005, 52.73578 ], [ 13.73007, 52.73572 ], [ 13.73044, 52.73555 ], [ 13.73049, 52.73545 ], [ 13.73037, 52.73521 ], [ 13.72993, 52.73543 ], [ 13.72975, 52.73543 ], [ 13.72924, 52.73527 ], [ 13.72903, 52.73509 ], [ 13.72732, 52.73543 ], [ 13.72722, 52.7357 ], [ 13.72738, 52.7358 ], [ 13.72796, 52.73584 ], [ 13.7284, 52.73574 ], [ 13.72872, 52.73579 ], [ 13.72931, 52.73567 ], [ 13.73005, 52.73578 ] ] ] } },
{ "type": "Feature", "properties": { "boden": "100 % mittel, mäßig frisch (M2)" }, "geometry": { "type": "Polygon", "coordinates": [ [ [ 13.72395, 52.7356 ], [ 13.72378, 52.73555 ], [ 13.7236, 52.73559 ], [ 13.72352, 52.7357 ], [ 13.72359, 52.73581 ], [ 13.72368, 52.73583 ], [ 13.72401, 52.73568 ], [ 13.72395, 52.7356 ] ] ] } },
{ "type": "Feature", "properties": { "boden": "100 % mittel, mäßig frisch (M2)" }, "geometry": { "type": "Polygon", "coordinates": [ [ [ 13.72227, 52.73574 ], [ 13.72209, 52.73578 ], [ 13.72201, 52.73589 ], [ 13.72208, 52.736 ], [ 13.72226, 52.73604 ], [ 13.72244, 52.736 ], [ 13.72252, 52.73589 ], [ 13.72245, 52.73579 ], [ 13.72227, 52.73574 ] ] ] } },
{ "type": "Feature", "properties": { "boden": "100 % mittel, mäßig frisch (M2)" }, "geometry": { "type": "Polygon", "coordinates": [ [ [ 13.7234, 52.73588 ], [ 13.72322, 52.73584 ], [ 13.72305, 52.73588 ], [ 13.72297, 52.73599 ], [ 13.72304, 52.7361 ], [ 13.7231, 52.73611 ], [ 13.72344, 52.73595 ], [ 13.7234, 52.73588 ] ] ] } },
{ "type": "Feature", "properties": { "boden": "50 % mittel, mäßig frisch (M2g) · 50 % mittel, mäßig frisch (M+2g)" }, "geometry": { "type": "Polygon", "coordinates": [ [ [ 13.72984, 52.73575 ], [ 13.72931, 52.73567 ], [ 13.72872, 52.73579 ], [ 13.7284, 52.73574 ], [ 13.72796, 52.73584 ], [ 13.72738, 52.7358 ], [ 13.72722, 52.7357 ], [ 13.72705, 52.7361 ], [ 13.72821, 52.73643 ], [ 13.72816, 52.73634 ], [ 13.72823, 52.73623 ], [ 13.72841, 52.73619 ], [ 13.72879, 52.73626 ], [ 13.729, 52.73625 ], [ 13.72917, 52.73629 ], [ 13.72924, 52.7364 ], [ 13.72917, 52.73651 ], [ 13.72899, 52.73655 ], [ 13.72868, 52.73648 ], [ 13.72844, 52.73649 ], [ 13.72893, 52.73659 ], [ 13.72926, 52.73657 ], [ 13.72957, 52.73649 ], [ 13.72965, 52.73635 ], [ 13.72958, 52.73609 ], [ 13.72961, 52.73591 ], [ 13.72971, 52.73579 ], [ 13.72984, 52.73575 ] ] ] } },
{ "type": "Feature", "properties": { "boden": "70 % arm, mäßig frisch (A2g) · 30 % arm, mäßig frisch (A2)" }, "geometry": { "type": "Polygon", "coordinates": [ [ [ 13.70793, 52.72326 ], [ 13.70524, 52.72234 ], [ 13.704, 52.72176 ], [ 13.70281, 52.72113 ], [ 13.70243, 52.72084 ], [ 13.70149, 52.72033 ], [ 13.70139, 52.72162 ], [ 13.70238, 52.7222 ], [ 13.7031, 52.72255 ], [ 13.70456, 52.72305 ], [ 13.70481, 52.7229 ], [ 13.70732, 52.72359 ], [ 13.70793, 52.72326 ] ] ] } },
{ "type": "Feature", "properties": { "boden": "50 % ziemlich arm, mäßig frisch (Z+2) · 30 % ziemlich arm, mäßig frisch (Z+2) · 20 % mittel, mäßig frisch (M+2)" }, "geometry": { "type": "Polygon", "coordinates": [ [ [ 13.70139, 52.72162 ], [ 13.69961, 52.72067 ], [ 13.69918, 52.72048 ], [ 13.69868, 52.72035 ], [ 13.69758, 52.72029 ], [ 13.69674, 52.72037 ], [ 13.69613, 52.72037 ], [ 13.69587, 52.72033 ], [ 13.69565, 52.72019 ], [ 13.69522, 52.72036 ], [ 13.6958, 52.72082 ], [ 13.69624, 52.72127 ], [ 13.69701, 52.72083 ], [ 13.69733, 52.72071 ], [ 13.69757, 52.72072 ], [ 13.69787, 52.72088 ], [ 13.69829, 52.72177 ], [ 13.69742, 52.72233 ], [ 13.69788, 52.72235 ], [ 13.69818, 52.72248 ], [ 13.6984, 52.72265 ], [ 13.69849, 52.72289 ], [ 13.69841, 52.72353 ], [ 13.6985, 52.72372 ], [ 13.69867, 52.72384 ], [ 13.69886, 52.7239 ], [ 13.69944, 52.72383 ], [ 13.69973, 52.72365 ], [ 13.70014, 52.72303 ], [ 13.70025, 52.72267 ], [ 13.70048, 52.72243 ], [ 13.70102, 52.72209 ], [ 13.70131, 52.72185 ], [ 13.70139, 52.72162 ] ] ] } },
{ "type": "Feature", "properties": { "boden": "100 % mittel, mäßig frisch (M+2)" }, "geometry": { "type": "Polygon", "coordinates": [ [ [ 13.69674, 52.72288 ], [ 13.69656, 52.72293 ], [ 13.69649, 52.72303 ], [ 13.69656, 52.72314 ], [ 13.69673, 52.72319 ], [ 13.69691, 52.72314 ], [ 13.69699, 52.72304 ], [ 13.69692, 52.72293 ], [ 13.69674, 52.72288 ] ] ] } },
{ "type": "Feature", "properties": { "boden": "100 % kräftig, mäßig frisch (K2)" }, "geometry": { "type": "Polygon", "coordinates": [ [ [ 13.7031, 52.72255 ], [ 13.70238, 52.7222 ], [ 13.70139, 52.72162 ], [ 13.70131, 52.72185 ], [ 13.70102, 52.72209 ], [ 13.70048, 52.72243 ], [ 13.70025, 52.72267 ], [ 13.70014, 52.72303 ], [ 13.69973, 52.72365 ], [ 13.69944, 52.72383 ], [ 13.69886, 52.7239 ], [ 13.69867, 52.72384 ], [ 13.6985, 52.72372 ], [ 13.69841, 52.72353 ], [ 13.69849, 52.72289 ], [ 13.6984, 52.72265 ], [ 13.69818, 52.72248 ], [ 13.69788, 52.72235 ], [ 13.69742, 52.72233 ], [ 13.69693, 52.72266 ], [ 13.69724, 52.72312 ], [ 13.69777, 52.72441 ], [ 13.69798, 52.72474 ], [ 13.69838, 52.72522 ], [ 13.69904, 52.7258 ], [ 13.70033, 52.72465 ], [ 13.70127, 52.72506 ], [ 13.70456, 52.72305 ], [ 13.7031, 52.72255 ] ] ] } },
{ "type": "Feature", "properties": { "boden": "100 % mittel, mäßig frisch (M+2)" }, "geometry": { "type": "Polygon", "coordinates": [ [ [ 13.69838, 52.72522 ], [ 13.69777, 52.72441 ], [ 13.69724, 52.72312 ], [ 13.69693, 52.72266 ], [ 13.69742, 52.72233 ], [ 13.69715, 52.72219 ], [ 13.69504, 52.72301 ], [ 13.69567, 52.72331 ], [ 13.696, 52.7236 ], [ 13.69603, 52.72375 ], [ 13.69581, 52.72409 ], [ 13.69575, 52.7244 ], [ 13.69611, 52.7245 ], [ 13.69636, 52.72489 ], [ 13.69664, 52.72511 ], [ 13.69798, 52.72595 ], [ 13.69839, 52.72635 ], [ 13.69843, 52.72624 ], [ 13.69904, 52.7258 ], [ 13.69838, 52.72522 ] ], [ [ 13.69699, 52.72304 ], [ 13.69691, 52.72314 ], [ 13.69673, 52.72319 ], [ 13.69656, 52.72314 ], [ 13.69649, 52.72303 ], [ 13.69656, 52.72293 ], [ 13.69674, 52.72288 ], [ 13.69692, 52.72293 ], [ 13.69699, 52.72304 ] ] ] } },
{ "type": "Feature", "properties": { "boden": "100 % mittel, mäßig frisch (M2g)" }, "geometry": { "type": "Polygon", "coordinates": [ [ [ 13.70037, 52.75237 ], [ 13.70031, 52.75245 ], [ 13.70038, 52.75256 ], [ 13.70056, 52.75261 ], [ 13.70073, 52.75256 ], [ 13.70081, 52.75246 ], [ 13.70074, 52.75235 ], [ 13.70056, 52.7523 ], [ 13.70037, 52.75237 ] ] ] } },
{ "type": "Feature", "properties": { "boden": "100 % mittel, frisch (M1)" }, "geometry": { "type": "Polygon", "coordinates": [ [ [ 13.69812, 52.75368 ], [ 13.69805, 52.75324 ], [ 13.69693, 52.75321 ], [ 13.69678, 52.75316 ], [ 13.69682, 52.75303 ], [ 13.69671, 52.75294 ], [ 13.69642, 52.75285 ], [ 13.69631, 52.75275 ], [ 13.69624, 52.75242 ], [ 13.69625, 52.75142 ], [ 13.69496, 52.75344 ], [ 13.69591, 52.75364 ], [ 13.69607, 52.75392 ], [ 13.69649, 52.75416 ], [ 13.69683, 52.75426 ], [ 13.69769, 52.75437 ], [ 13.69841, 52.75437 ], [ 13.69812, 52.75368 ] ] ] } },
{ "type": "Feature", "properties": { "boden": "100 % mittel, mäßig frisch (M2g)" }, "geometry": { "type": "Polygon", "coordinates": [ [ [ 13.70089, 52.75265 ], [ 13.70071, 52.75269 ], [ 13.70056, 52.75292 ], [ 13.70037, 52.75305 ], [ 13.70029, 52.75316 ], [ 13.70036, 52.75326 ], [ 13.70044, 52.75328 ], [ 13.70103, 52.75268 ], [ 13.70089, 52.75265 ] ] ] } },
{ "type": "Feature", "properties": { "boden": "100 % mittel, mäßig frisch (M2g)" }, "geometry": { "type": "Polygon", "coordinates": [ [ [ 13.69985, 52.7531 ], [ 13.69997, 52.75313 ], [ 13.70015, 52.75309 ], [ 13.70023, 52.75299 ], [ 13.70016, 52.75288 ], [ 13.70002, 52.75284 ], [ 13.69985, 52.7531 ] ] ] } },
{ "type": "Feature", "properties": { "boden": "100 % mittel, mäßig frisch (M2g)" }, "geometry": { "type": "Polygon", "coordinates": [ [ [ 13.69926, 52.75304 ], [ 13.69913, 52.75287 ], [ 13.69896, 52.75282 ], [ 13.69878, 52.75286 ], [ 13.69863, 52.75301 ], [ 13.69845, 52.75305 ], [ 13.69838, 52.75316 ], [ 13.69845, 52.75327 ], [ 13.69876, 52.75335 ], [ 13.69883, 52.75344 ], [ 13.699, 52.75349 ], [ 13.69918, 52.75344 ], [ 13.69931, 52.75327 ], [ 13.69949, 52.75322 ], [ 13.69956, 52.75312 ], [ 13.69926, 52.75304 ] ] ] } },
{ "type": "Feature", "properties": { "boden": "50 % ziemlich arm, mäßig frisch (Z+2) · 50 % arm, mäßig frisch (A+2)" }, "geometry": { "type": "Polygon", "coordinates": [ [ [ 13.68843, 52.72454 ], [ 13.68825, 52.72449 ], [ 13.68807, 52.72453 ], [ 13.68799, 52.72464 ], [ 13.68806, 52.72475 ], [ 13.68816, 52.72477 ], [ 13.68843, 52.72454 ] ] ] } },
{ "type": "Feature", "properties": { "boden": "100 % ziemlich arm, mäßig frisch (Z+2)" }, "geometry": { "type": "Polygon", "coordinates": [ [ [ 13.68632, 52.72457 ], [ 13.68614, 52.72462 ], [ 13.68607, 52.72472 ], [ 13.68614, 52.72483 ], [ 13.68631, 52.72488 ], [ 13.68649, 52.72484 ], [ 13.68657, 52.72473 ], [ 13.6865, 52.72462 ], [ 13.68632, 52.72457 ] ] ] } },
{ "type": "Feature", "properties": { "boden": "100 % reich, nass (NR1)" }, "geometry": { "type": "Polygon", "coordinates": [ [ [ 13.68938, 52.75067 ], [ 13.69013, 52.75047 ], [ 13.69001, 52.74993 ], [ 13.6892, 52.75015 ], [ 13.68835, 52.75023 ], [ 13.6867, 52.75018 ], [ 13.6861, 52.75005 ], [ 13.68556, 52.75048 ], [ 13.68569, 52.75089 ], [ 13.68774, 52.75089 ], [ 13.68938, 52.75067 ] ] ] } },
{ "type": "Feature", "properties": { "boden": "50 % mittel, mäßig frisch (M+2) · 50 % kräftig, mäßig frisch (K2)" }, "geometry": { "type": "Polygon", "coordinates": [ [ [ 13.69258, 52.75562 ], [ 13.69849, 52.75455 ], [ 13.69841, 52.75437 ], [ 13.69769, 52.75437 ], [ 13.69683, 52.75426 ], [ 13.69649, 52.75416 ], [ 13.69607, 52.75392 ], [ 13.69591, 52.75364 ], [ 13.69496, 52.75344 ], [ 13.69276, 52.75372 ], [ 13.69151, 52.7538 ], [ 13.69195, 52.753 ], [ 13.69181, 52.75268 ], [ 13.6911, 52.75382 ], [ 13.69025, 52.75382 ], [ 13.68987, 52.75374 ], [ 13.69029, 52.75428 ], [ 13.69141, 52.75486 ], [ 13.69188, 52.75527 ], [ 13.69219, 52.75536 ], [ 13.69258, 52.75562 ] ] ] } },
{ "type": "Feature", "properties": { "boden": "100 % mittel, mäßig frisch (M2)" }, "geometry": { "type": "Polygon", "coordinates": [ [ [ 13.69029, 52.75428 ], [ 13.68987, 52.75374 ], [ 13.68897, 52.75371 ], [ 13.68869, 52.75381 ], [ 13.6862, 52.75421 ], [ 13.68608, 52.75417 ], [ 13.68444, 52.75449 ], [ 13.68482, 52.75491 ], [ 13.68537, 52.75532 ], [ 13.68596, 52.7552 ], [ 13.68676, 52.75494 ], [ 13.68727, 52.75468 ], [ 13.68749, 52.75463 ], [ 13.69029, 52.75428 ] ] ] } },
{ "type": "Feature", "properties": { "boden": "70 % mittel, mäßig frisch (M2) · 30 % kräftig, mäßig frisch (K2)" }, "geometry": { "type": "Polygon", "coordinates": [ [ [ 13.68808, 52.7551 ], [ 13.68813, 52.75524 ], [ 13.68831, 52.75528 ], [ 13.68849, 52.75524 ], [ 13.68856, 52.75513 ], [ 13.68849, 52.75503 ], [ 13.68808, 52.7551 ] ] ] } },
{ "type": "Feature", "properties": { "boden": "100 % mittel, mäßig frisch (M2g)" }, "geometry": { "type": "Polygon", "coordinates": [ [ [ 13.69258, 52.75562 ], [ 13.69219, 52.75536 ], [ 13.69188, 52.75527 ], [ 13.69141, 52.75486 ], [ 13.69029, 52.75428 ], [ 13.68749, 52.75463 ], [ 13.68727, 52.75468 ], [ 13.68676, 52.75494 ], [ 13.68596, 52.7552 ], [ 13.68537, 52.75532 ], [ 13.68566, 52.75554 ], [ 13.68893, 52.75495 ], [ 13.6895, 52.75618 ], [ 13.69258, 52.75562 ] ] ] } },
{ "type": "Feature", "properties": { "boden": "60 % mittel, mäßig frisch (M2) · 40 % kräftig, mäßig frisch (K2)" }, "geometry": { "type": "Polygon", "coordinates": [ [ [ 13.69407, 52.75536 ], [ 13.69398, 52.75547 ], [ 13.69406, 52.75558 ], [ 13.69423, 52.75563 ], [ 13.69441, 52.75558 ], [ 13.69484, 52.75565 ], [ 13.69528, 52.75564 ], [ 13.69556, 52.75572 ], [ 13.69574, 52.75568 ], [ 13.69582, 52.75557 ], [ 13.69575, 52.75546 ], [ 13.69557, 52.75541 ], [ 13.69525, 52.75543 ], [ 13.69485, 52.75535 ], [ 13.69467, 52.75539 ], [ 13.69425, 52.75532 ], [ 13.69407, 52.75536 ] ] ] } },
{ "type": "Feature", "properties": { "boden": "70 % mittel, mäßig frisch (M2) · 30 % kräftig, mäßig frisch (K2)" }, "geometry": { "type": "Polygon", "coordinates": [ [ [ 13.68647, 52.75539 ], [ 13.68653, 52.75551 ], [ 13.6867, 52.75556 ], [ 13.68688, 52.75551 ], [ 13.68696, 52.75541 ], [ 13.6869, 52.75531 ], [ 13.68647, 52.75539 ] ] ] } },
{ "type": "Feature", "properties": { "boden": "60 % mittel, mäßig frisch (M2) · 40 % kräftig, mäßig frisch (K2)" }, "geometry": { "type": "Polygon", "coordinates": [ [ [ 13.69944, 52.75631 ], [ 13.69925, 52.75636 ], [ 13.69908, 52.75631 ], [ 13.69901, 52.7562 ], [ 13.69908, 52.75609 ], [ 13.6993, 52.75606 ], [ 13.69849, 52.75455 ], [ 13.69425, 52.75532 ], [ 13.69467, 52.75539 ], [ 13.69485, 52.75535 ], [ 13.69525, 52.75543 ], [ 13.69557, 52.75541 ], [ 13.69575, 52.75546 ], [ 13.69582, 52.75557 ], [ 13.69574, 52.75568 ], [ 13.69556, 52.75572 ], [ 13.69528, 52.75564 ], [ 13.69484, 52.75565 ], [ 13.69441, 52.75558 ], [ 13.69423, 52.75563 ], [ 13.69406, 52.75558 ], [ 13.69398, 52.75547 ], [ 13.69407, 52.75536 ], [ 13.6895, 52.75618 ], [ 13.68975, 52.75658 ], [ 13.69044, 52.75659 ], [ 13.69074, 52.75656 ], [ 13.69156, 52.75628 ], [ 13.69292, 52.7561 ], [ 13.69365, 52.75572 ], [ 13.69447, 52.75567 ], [ 13.69534, 52.75576 ], [ 13.69622, 52.75569 ], [ 13.69649, 52.75572 ], [ 13.69686, 52.75585 ], [ 13.69719, 52.75607 ], [ 13.69758, 52.75621 ], [ 13.69818, 52.75623 ], [ 13.69926, 52.75642 ], [ 13.69948, 52.7564 ], [ 13.69944, 52.75631 ] ], [ [ 13.69828, 52.75616 ], [ 13.6981, 52.75621 ], [ 13.6974, 52.7561 ], [ 13.69733, 52.75599 ], [ 13.69701, 52.75586 ], [ 13.69694, 52.75576 ], [ 13.69702, 52.75565 ], [ 13.6972, 52.75561 ], [ 13.69737, 52.75565 ], [ 13.69744, 52.75576 ], [ 13.69759, 52.75584 ], [ 13.69793, 52.75592 ], [ 13.69811, 52.7559 ], [ 13.69828, 52.75595 ], [ 13.69835, 52.75606 ], [ 13.69828, 52.75616 ] ], [ [ 13.69303, 52.75589 ], [ 13.69295, 52.756 ], [ 13.69219, 52.75618 ], [ 13.69201, 52.75614 ], [ 13.69194, 52.75603 ], [ 13.69202, 52.75592 ], [ 13.69278, 52.75574 ], [ 13.69296, 52.75578 ], [ 13.69303, 52.75589 ] ], [ [ 13.69157, 52.75611 ], [ 13.6915, 52.75622 ], [ 13.69132, 52.75626 ], [ 13.69114, 52.75621 ], [ 13.69107, 52.7561 ], [ 13.69115, 52.756 ], [ 13.69133, 52.75595 ], [ 13.6915, 52.756 ], [ 13.69157, 52.75611 ] ], [ [ 13.6907, 52.75624 ], [ 13.69063, 52.75635 ], [ 13.69045, 52.75639 ], [ 13.69027, 52.75634 ], [ 13.6902, 52.75623 ], [ 13.69028, 52.75613 ], [ 13.69046, 52.75608 ], [ 13.69063, 52.75613 ], [ 13.6907, 52.75624 ] ] ] } },
{ "type": "Feature", "properties": { "boden": "100 % mittel, mäßig frisch (M2)" }, "geometry": { "type": "Polygon", "coordinates": [ [ [ 13.73257, 52.73649 ], [ 13.73274, 52.73645 ], [ 13.73294, 52.73628 ], [ 13.73312, 52.73637 ], [ 13.73318, 52.73647 ], [ 13.73336, 52.73651 ], [ 13.73354, 52.73647 ], [ 13.73361, 52.73636 ], [ 13.73354, 52.73626 ], [ 13.73339, 52.73621 ], [ 13.73313, 52.73603 ], [ 13.73295, 52.73598 ], [ 13.7324, 52.73608 ], [ 13.73223, 52.73604 ], [ 13.73205, 52.73608 ], [ 13.73197, 52.73619 ], [ 13.73204, 52.7363 ], [ 13.73191, 52.73646 ], [ 13.73165, 52.73642 ], [ 13.73148, 52.73634 ], [ 13.73148, 52.73614 ], [ 13.73141, 52.73603 ], [ 13.73124, 52.73598 ], [ 13.73106, 52.73603 ], [ 13.73098, 52.73613 ], [ 13.73122, 52.73641 ], [ 13.73129, 52.73663 ], [ 13.73147, 52.73668 ], [ 13.73192, 52.73666 ], [ 13.73209, 52.73671 ], [ 13.73227, 52.73667 ], [ 13.73257, 52.73649 ] ] ] } },
{ "type": "Feature", "properties": { "boden": "100 % kräftig, mäßig frisch (K2)" }, "geometry": { "type": "Polygon", "coordinates": [ [ [ 13.72678, 52.73609 ], [ 13.72656, 52.73623 ], [ 13.72654, 52.73636 ], [ 13.72673, 52.73652 ], [ 13.72691, 52.73608 ], [ 13.72678, 52.73609 ] ] ] } },
{ "type": "Feature", "properties": { "boden": "50 % mittel, mäßig frisch (M2g) · 50 % mittel, mäßig frisch (M+2g)" }, "geometry": { "type": "Polygon", "coordinates": [ [ [ 13.72844, 52.73649 ], [ 13.72868, 52.73648 ], [ 13.72899, 52.73655 ], [ 13.72917, 52.73651 ], [ 13.72924, 52.7364 ], [ 13.72917, 52.73629 ], [ 13.729, 52.73625 ], [ 13.72879, 52.73626 ], [ 13.72841, 52.73619 ], [ 13.72823, 52.73623 ], [ 13.72816, 52.73634 ], [ 13.72821, 52.73643 ], [ 13.72844, 52.73649 ] ] ] } },
{ "type": "Feature", "properties": { "boden": "100 % mittel, mäßig frisch (M2)" }, "geometry": { "type": "Polygon", "coordinates": [ [ [ 13.72271, 52.73634 ], [ 13.72264, 52.73624 ], [ 13.72247, 52.73619 ], [ 13.72229, 52.73623 ], [ 13.72221, 52.73634 ], [ 13.72228, 52.73645 ], [ 13.72241, 52.73648 ], [ 13.72265, 52.73643 ], [ 13.72271, 52.73634 ] ] ] } },
{ "type": "Feature", "properties": { "boden": "100 % kräftig, mäßig frisch (K2)" }, "geometry": { "type": "Polygon", "coordinates": [ [ [ 13.73038, 52.73627 ], [ 13.73015, 52.73582 ], [ 13.72984, 52.73575 ], [ 13.72971, 52.73579 ], [ 13.72961, 52.73591 ], [ 13.72958, 52.73609 ], [ 13.72965, 52.73635 ], [ 13.72957, 52.73649 ], [ 13.72926, 52.73657 ], [ 13.72893, 52.73659 ], [ 13.72821, 52.73643 ], [ 13.72705, 52.7361 ], [ 13.72689, 52.73651 ], [ 13.7296, 52.73715 ], [ 13.73057, 52.73692 ], [ 13.73038, 52.73627 ] ] ] } },
{ "type": "Feature", "properties": { "boden": "50 % mittel, mäßig frisch (M2g) · 50 % mittel, mäßig frisch (M+2g)" }, "geometry": { "type": "Polygon", "coordinates": [ [ [ 13.72673, 52.73652 ], [ 13.72654, 52.73636 ], [ 13.72656, 52.73623 ], [ 13.72666, 52.73613 ], [ 13.72691, 52.73608 ], [ 13.72697, 52.73593 ], [ 13.7267, 52.7359 ], [ 13.726, 52.73616 ], [ 13.72557, 52.73701 ], [ 13.7264, 52.73733 ], [ 13.72673, 52.73652 ] ] ] } },
{ "type": "Feature", "properties": { "boden": "70 % mittel, mäßig frisch (M+2) · 30 % kräftig, mäßig frisch (K2)" }, "geometry": { "type": "Polygon", "coordinates": [ [ [ 13.73073, 52.74697 ], [ 13.73018, 52.74715 ], [ 13.72824, 52.74658 ], [ 13.72822, 52.7467 ], [ 13.73009, 52.74729 ], [ 13.73026, 52.7476 ], [ 13.73082, 52.74786 ], [ 13.73108, 52.7475 ], [ 13.73073, 52.74697 ] ] ] } },
{ "type": "Feature", "properties": { "boden": "70 % mittel, mäßig frisch (M+2) · 30 % kräftig, mäßig frisch (K2)" }, "geometry": { "type": "Polygon", "coordinates": [ [ [ 13.7296, 52.74867 ], [ 13.72934, 52.74892 ], [ 13.72948, 52.74898 ], [ 13.72933, 52.74922 ], [ 13.7298, 52.7494 ], [ 13.73016, 52.7489 ], [ 13.7296, 52.74867 ] ] ] } },
{ "type": "Feature", "properties": { "boden": "70 % mittel, mäßig frisch (M+2) · 30 % kräftig, mäßig frisch (K2)" }, "geometry": { "type": "Polygon", "coordinates": [ [ [ 13.72767, 52.75039 ], [ 13.72749, 52.75075 ], [ 13.72867, 52.75107 ], [ 13.72891, 52.75072 ], [ 13.72767, 52.75039 ] ] ] } },
{ "type": "Feature", "properties": { "boden": "70 % mittel, mäßig frisch (M+2) · 30 % kräftig, mäßig frisch (K2)" }, "geometry": { "type": "Polygon", "coordinates": [ [ [ 13.73169, 52.75375 ], [ 13.73171, 52.75347 ], [ 13.73183, 52.75336 ], [ 13.73214, 52.75334 ], [ 13.73252, 52.75345 ], [ 13.73258, 52.75351 ], [ 13.73319, 52.75334 ], [ 13.73428, 52.75258 ], [ 13.73388, 52.75201 ], [ 13.73329, 52.75069 ], [ 13.73118, 52.7477 ], [ 13.72817, 52.75234 ], [ 13.72781, 52.75285 ], [ 13.72758, 52.75302 ], [ 13.72831, 52.75343 ], [ 13.72936, 52.7538 ], [ 13.72968, 52.75387 ], [ 13.73074, 52.75393 ], [ 13.73178, 52.75385 ], [ 13.73169, 52.75375 ] ], [ [ 13.73349, 52.75157 ], [ 13.73365, 52.75197 ], [ 13.73362, 52.75211 ], [ 13.73349, 52.75218 ], [ 13.73326, 52.75211 ], [ 13.73309, 52.75162 ], [ 13.73313, 52.75153 ], [ 13.73325, 52.75148 ], [ 13.73339, 52.75149 ], [ 13.73349, 52.75157 ] ] ] } },
{ "type": "Feature", "properties": { "boden": "100 % kräftig, mäßig frisch (K2g)" }, "geometry": { "type": "Polygon", "coordinates": [ [ [ 13.71893, 52.73596 ], [ 13.71898, 52.73603 ], [ 13.71916, 52.73608 ], [ 13.71934, 52.73604 ], [ 13.71941, 52.73593 ], [ 13.71934, 52.73582 ], [ 13.71917, 52.73577 ], [ 13.71908, 52.73579 ], [ 13.71893, 52.73596 ] ] ] } },
{ "type": "Feature", "properties": { "boden": "100 % kräftig, mäßig frisch (K2g)" }, "geometry": { "type": "Polygon", "coordinates": [ [ [ 13.71977, 52.73675 ], [ 13.7197, 52.73664 ], [ 13.71978, 52.73654 ], [ 13.71996, 52.73649 ], [ 13.72013, 52.73654 ], [ 13.72018, 52.73668 ], [ 13.72056, 52.73655 ], [ 13.72049, 52.73637 ], [ 13.72063, 52.73603 ], [ 13.72116, 52.73578 ], [ 13.72003, 52.7355 ], [ 13.71999, 52.73562 ], [ 13.71949, 52.73574 ], [ 13.71913, 52.73574 ], [ 13.71908, 52.73579 ], [ 13.71917, 52.73577 ], [ 13.71934, 52.73582 ], [ 13.71941, 52.73593 ], [ 13.71934, 52.73604 ], [ 13.71916, 52.73608 ], [ 13.71898, 52.73603 ], [ 13.71893, 52.73596 ], [ 13.71858, 52.73634 ], [ 13.71868, 52.73632 ], [ 13.71886, 52.73636 ], [ 13.71898, 52.73648 ], [ 13.71921, 52.73645 ], [ 13.71939, 52.7365 ], [ 13.71946, 52.7366 ], [ 13.71924, 52.73682 ], [ 13.7192, 52.73702 ], [ 13.71988, 52.73678 ], [ 13.71977, 52.73675 ] ] ] } },
{ "type": "Feature", "properties": { "boden": "100 % kräftig, mäßig frisch (K2g)" }, "geometry": { "type": "Polygon", "coordinates": [ [ [ 13.7202, 52.73665 ], [ 13.72013, 52.73654 ], [ 13.71996, 52.73649 ], [ 13.71978, 52.73654 ], [ 13.7197, 52.73664 ], [ 13.71977, 52.73675 ], [ 13.71988, 52.73678 ], [ 13.7202, 52.73665 ] ] ] } },
{ "type": "Feature", "properties": { "boden": "100 % kräftig, mäßig frisch (K2g)" }, "geometry": { "type": "Polygon", "coordinates": [ [ [ 13.7192, 52.73702 ], [ 13.71924, 52.73682 ], [ 13.71946, 52.7366 ], [ 13.71939, 52.7365 ], [ 13.71921, 52.73645 ], [ 13.71898, 52.73648 ], [ 13.71886, 52.73636 ], [ 13.71868, 52.73632 ], [ 13.71858, 52.73634 ], [ 13.71853, 52.7364 ], [ 13.71898, 52.73709 ], [ 13.7192, 52.73702 ] ] ] } },
{ "type": "Feature", "properties": { "boden": "100 % kräftig, frisch (K1w)" }, "geometry": { "type": "Polygon", "coordinates": [ [ [ 13.72045, 52.74693 ], [ 13.72104, 52.74695 ], [ 13.72158, 52.74684 ], [ 13.72171, 52.74646 ], [ 13.72099, 52.74608 ], [ 13.72086, 52.74623 ], [ 13.72092, 52.74643 ], [ 13.72076, 52.74669 ], [ 13.72034, 52.74673 ], [ 13.71974, 52.74758 ], [ 13.71938, 52.74756 ], [ 13.7189, 52.74801 ], [ 13.71965, 52.74813 ], [ 13.72045, 52.74693 ] ] ] } },
{ "type": "Feature", "properties": { "boden": "100 % kräftig, nass (NK2)" }, "geometry": { "type": "Polygon", "coordinates": [ [ [ 13.70805, 52.75078 ], [ 13.70928, 52.75013 ], [ 13.70921, 52.74981 ], [ 13.70961, 52.74919 ], [ 13.70961, 52.74857 ], [ 13.70914, 52.74846 ], [ 13.7091, 52.74918 ], [ 13.70887, 52.74919 ], [ 13.70896, 52.74939 ], [ 13.70877, 52.74992 ], [ 13.70845, 52.75 ], [ 13.70822, 52.75012 ], [ 13.70807, 52.75032 ], [ 13.7077, 52.75032 ], [ 13.70758, 52.75048 ], [ 13.70735, 52.75048 ], [ 13.70728, 52.75057 ], [ 13.70805, 52.75078 ] ], [ [ 13.7088, 52.75021 ], [ 13.70872, 52.75032 ], [ 13.70842, 52.75044 ], [ 13.70823, 52.75064 ], [ 13.70805, 52.75068 ], [ 13.70787, 52.75063 ], [ 13.7078, 52.75052 ], [ 13.70788, 52.75042 ], [ 13.70817, 52.75031 ], [ 13.70837, 52.7501 ], [ 13.70855, 52.75006 ], [ 13.70873, 52.7501 ], [ 13.7088, 52.75021 ] ] ] } },
{ "type": "Feature", "properties": { "boden": "100 % kräftig, nass (NK2)" }, "geometry": { "type": "Polygon", "coordinates": [ [ [ 13.70855, 52.75006 ], [ 13.70837, 52.7501 ], [ 13.70806, 52.75037 ], [ 13.70788, 52.75042 ], [ 13.7078, 52.75052 ], [ 13.70787, 52.75063 ], [ 13.70805, 52.75068 ], [ 13.70823, 52.75064 ], [ 13.70842, 52.75044 ], [ 13.70872, 52.75032 ], [ 13.7088, 52.75021 ], [ 13.70873, 52.7501 ], [ 13.70855, 52.75006 ] ] ] } },
{ "type": "Feature", "properties": { "boden": "100 % mittel, nass (NM2)" }, "geometry": { "type": "Polygon", "coordinates": [ [ [ 13.7139, 52.75164 ], [ 13.71339, 52.75233 ], [ 13.71336, 52.75255 ], [ 13.71391, 52.75275 ], [ 13.71469, 52.75189 ], [ 13.7139, 52.75164 ] ] ] } },
{ "type": "Feature", "properties": { "boden": "50 % mittel, mäßig frisch (M2) · 30 % mittel, mäßig frisch (M2) · 20 % ziemlich arm, mäßig frisch (Z2)" }, "geometry": { "type": "Polygon", "coordinates": [ [ [ 13.72045, 52.75446 ], [ 13.71991, 52.75453 ], [ 13.71985, 52.75461 ], [ 13.71991, 52.75469 ], [ 13.71959, 52.75485 ], [ 13.71929, 52.75484 ], [ 13.71911, 52.7548 ], [ 13.71887, 52.75482 ], [ 13.71869, 52.75477 ], [ 13.71851, 52.75482 ], [ 13.71844, 52.75492 ], [ 13.71851, 52.75503 ], [ 13.71868, 52.75508 ], [ 13.71893, 52.75506 ], [ 13.7191, 52.7551 ], [ 13.71928, 52.75506 ], [ 13.71958, 52.75506 ], [ 13.71976, 52.75511 ], [ 13.71994, 52.75507 ], [ 13.72005, 52.75493 ], [ 13.72046, 52.755 ], [ 13.72073, 52.75493 ], [ 13.72101, 52.75497 ], [ 13.72118, 52.75493 ], [ 13.72126, 52.75482 ], [ 13.72119, 52.75471 ], [ 13.72092, 52.75463 ], [ 13.72095, 52.75449 ], [ 13.72045, 52.75446 ] ] ] } },
{ "type": "Feature", "properties": { "boden": "100 % mittel, mäßig frisch (M+2)" }, "geometry": { "type": "Polygon", "coordinates": [ [ [ 13.70872, 52.75444 ], [ 13.70804, 52.75443 ], [ 13.70819, 52.75422 ], [ 13.70581, 52.75426 ], [ 13.70569, 52.75435 ], [ 13.70583, 52.75479 ], [ 13.70584, 52.75513 ], [ 13.70741, 52.7552 ], [ 13.70735, 52.75535 ], [ 13.70829, 52.75559 ], [ 13.70918, 52.75449 ], [ 13.70872, 52.75444 ] ] ] } },
{ "type": "Feature", "properties": { "boden": "100 % mittel, mäßig frisch (M2g)" }, "geometry": { "type": "MultiPolygon", "coordinates": [ [ [ [ 13.69976, 52.75389 ], [ 13.69993, 52.75393 ], [ 13.7, 52.75404 ], [ 13.69993, 52.75415 ], [ 13.69981, 52.75418 ], [ 13.69999, 52.75426 ], [ 13.70016, 52.75427 ], [ 13.70055, 52.75421 ], [ 13.69991, 52.75383 ], [ 13.70001, 52.75372 ], [ 13.69992, 52.7537 ], [ 13.69985, 52.75359 ], [ 13.69993, 52.75348 ], [ 13.7001, 52.75344 ], [ 13.70025, 52.75348 ], [ 13.70044, 52.75328 ], [ 13.70029, 52.75316 ], [ 13.70071, 52.75269 ], [ 13.70089, 52.75265 ], [ 13.70103, 52.75268 ], [ 13.7013, 52.7524 ], [ 13.70073, 52.75218 ], [ 13.70044, 52.75233 ], [ 13.70056, 52.7523 ], [ 13.70074, 52.75235 ], [ 13.70081, 52.75246 ], [ 13.70073, 52.75256 ], [ 13.70056, 52.75261 ], [ 13.70038, 52.75256 ], [ 13.70031, 52.75245 ], [ 13.70002, 52.75284 ], [ 13.70016, 52.75288 ], [ 13.70023, 52.75299 ], [ 13.70015, 52.75309 ], [ 13.69997, 52.75313 ], [ 13.69985, 52.7531 ], [ 13.69981, 52.75316 ], [ 13.69955, 52.7531 ], [ 13.69949, 52.75322 ], [ 13.69931, 52.75327 ], [ 13.69918, 52.75344 ], [ 13.699, 52.75349 ], [ 13.69883, 52.75344 ], [ 13.69876, 52.75335 ], [ 13.69845, 52.75327 ], [ 13.69838, 52.75316 ], [ 13.69845, 52.75305 ], [ 13.69863, 52.75301 ], [ 13.69878, 52.75286 ], [ 13.69855, 52.75295 ], [ 13.6984, 52.75304 ], [ 13.69828, 52.75324 ], [ 13.69825, 52.7537 ], [ 13.69812, 52.75368 ], [ 13.69841, 52.75437 ], [ 13.69915, 52.75402 ], [ 13.69937, 52.75398 ], [ 13.69951, 52.75403 ], [ 13.69958, 52.75393 ], [ 13.69976, 52.75389 ] ] ], [ [ [ 13.69896, 52.75282 ], [ 13.69913, 52.75287 ], [ 13.69923, 52.75297 ], [ 13.69913, 52.75271 ], [ 13.69878, 52.75286 ], [ 13.69896, 52.75282 ] ] ] ] } },
{ "type": "Feature", "properties": { "boden": "100 % mittel, mäßig frisch (M2g)" }, "geometry": { "type": "Polygon", "coordinates": [ [ [ 13.7001, 52.75344 ], [ 13.69993, 52.75348 ], [ 13.69985, 52.75359 ], [ 13.69992, 52.7537 ], [ 13.70001, 52.75372 ], [ 13.70025, 52.75348 ], [ 13.7001, 52.75344 ] ] ] } },
{ "type": "Feature", "properties": { "boden": "100 % mittel, mäßig frisch (M2g)" }, "geometry": { "type": "Polygon", "coordinates": [ [ [ 13.69981, 52.75418 ], [ 13.69993, 52.75415 ], [ 13.7, 52.75404 ], [ 13.69993, 52.75393 ], [ 13.69976, 52.75389 ], [ 13.69958, 52.75393 ], [ 13.69951, 52.75403 ], [ 13.69981, 52.75418 ] ] ] } },
{ "type": "Feature", "properties": { "boden": "100 % mittel, mäßig frisch (M+2)" }, "geometry": { "type": "Polygon", "coordinates": [ [ [ 13.70001, 52.75439 ], [ 13.70005, 52.75427 ], [ 13.69937, 52.75398 ], [ 13.69915, 52.75402 ], [ 13.69841, 52.75437 ], [ 13.69848, 52.7545 ], [ 13.6986, 52.75443 ], [ 13.70001, 52.75439 ] ] ] } },
{ "type": "Feature", "properties": { "boden": "100 % ziemlich arm, mäßig frisch (Z+2)" }, "geometry": { "type": "Polygon", "coordinates": [ [ [ 13.70055, 52.75421 ], [ 13.70005, 52.75427 ], [ 13.70001, 52.75439 ], [ 13.7008, 52.75436 ], [ 13.70055, 52.75421 ] ] ] } },
{ "type": "Feature", "properties": { "boden": "60 % mittel, mäßig frisch (M2) · 40 % kräftig, mäßig frisch (K2)" }, "geometry": { "type": "Polygon", "coordinates": [ [ [ 13.69835, 52.75606 ], [ 13.69828, 52.75595 ], [ 13.69811, 52.7559 ], [ 13.69793, 52.75592 ], [ 13.69759, 52.75584 ], [ 13.69744, 52.75576 ], [ 13.69737, 52.75565 ], [ 13.6972, 52.75561 ], [ 13.69702, 52.75565 ], [ 13.69694, 52.75576 ], [ 13.69701, 52.75586 ], [ 13.69719, 52.75591 ], [ 13.69733, 52.75599 ], [ 13.6974, 52.7561 ], [ 13.69758, 52.75614 ], [ 13.69776, 52.75613 ], [ 13.6981, 52.75621 ], [ 13.69828, 52.75616 ], [ 13.69835, 52.75606 ] ] ] } },
{ "type": "Feature", "properties": { "boden": "60 % mittel, mäßig frisch (M2) · 40 % kräftig, mäßig frisch (K2)" }, "geometry": { "type": "Polygon", "coordinates": [ [ [ 13.6993, 52.75606 ], [ 13.69908, 52.75609 ], [ 13.69901, 52.7562 ], [ 13.69908, 52.75631 ], [ 13.69925, 52.75636 ], [ 13.69944, 52.75631 ], [ 13.6993, 52.75606 ] ] ] } },
{ "type": "Feature", "properties": { "boden": "100 % mittel, mäßig frisch (M2)" }, "geometry": { "type": "Polygon", "coordinates": [ [ [ 13.70424, 52.75617 ], [ 13.70385, 52.75606 ], [ 13.70339, 52.75655 ], [ 13.70226, 52.75605 ], [ 13.70124, 52.75569 ], [ 13.70042, 52.75666 ], [ 13.70093, 52.75678 ], [ 13.70131, 52.75694 ], [ 13.70179, 52.75735 ], [ 13.70237, 52.75727 ], [ 13.70333, 52.75729 ], [ 13.70424, 52.75617 ] ] ] } },
{ "type": "Feature", "properties": { "boden": "100 % kräftig, mäßig frisch (K2)" }, "geometry": { "type": "Polygon", "coordinates": [ [ [ 13.70215, 52.75765 ], [ 13.70131, 52.75694 ], [ 13.70093, 52.75678 ], [ 13.70042, 52.75666 ], [ 13.70004, 52.75672 ], [ 13.69974, 52.75683 ], [ 13.69963, 52.75696 ], [ 13.69974, 52.75728 ], [ 13.70013, 52.75757 ], [ 13.7001, 52.75783 ], [ 13.70033, 52.758 ], [ 13.70068, 52.7581 ], [ 13.70315, 52.75839 ], [ 13.70273, 52.75802 ], [ 13.70215, 52.75765 ] ] ] } },
{ "type": "Feature", "properties": { "boden": "100 % kräftig, mäßig frisch (K2)" }, "geometry": { "type": "Polygon", "coordinates": [ [ [ 13.70237, 52.75727 ], [ 13.70179, 52.75735 ], [ 13.70215, 52.75765 ], [ 13.70273, 52.75802 ], [ 13.70333, 52.75729 ], [ 13.70237, 52.75727 ] ] ] } },
{ "type": "Feature", "properties": { "boden": "100 % kräftig, mäßig frisch (K2)" }, "geometry": { "type": "Polygon", "coordinates": [ [ [ 13.73325, 52.75148 ], [ 13.73313, 52.75153 ], [ 13.7331, 52.75177 ], [ 13.73326, 52.75211 ], [ 13.73349, 52.75218 ], [ 13.73362, 52.75211 ], [ 13.7336, 52.75176 ], [ 13.73349, 52.75157 ], [ 13.73339, 52.75149 ], [ 13.73325, 52.75148 ] ] ] } },
{ "type": "Feature", "properties": { "boden": "100 % kräftig, mäßig frisch (K2)" }, "geometry": { "type": "Polygon", "coordinates": [ [ [ 13.73252, 52.75345 ], [ 13.73214, 52.75334 ], [ 13.73183, 52.75336 ], [ 13.73167, 52.75361 ], [ 13.73178, 52.75385 ], [ 13.73232, 52.75368 ], [ 13.73258, 52.75351 ], [ 13.73252, 52.75345 ] ] ] } },
{ "type": "Feature", "properties": { "boden": "60 % mittel, mäßig frisch (M+2) · 20 % kräftig, mäßig frisch (K2) · 20 % mittel, mäßig frisch (M+2)" }, "geometry": { "type": "Polygon", "coordinates": [ [ [ 13.72607, 52.7562 ], [ 13.72654, 52.75379 ], [ 13.72781, 52.75285 ], [ 13.72817, 52.75234 ], [ 13.72597, 52.75176 ], [ 13.72654, 52.75121 ], [ 13.72835, 52.75168 ], [ 13.72845, 52.75154 ], [ 13.72586, 52.75081 ], [ 13.72491, 52.75166 ], [ 13.72469, 52.75215 ], [ 13.72384, 52.75304 ], [ 13.72327, 52.7529 ], [ 13.72318, 52.75332 ], [ 13.7227, 52.75378 ], [ 13.72255, 52.75369 ], [ 13.7192, 52.75411 ], [ 13.71823, 52.75412 ], [ 13.7185, 52.75459 ], [ 13.71877, 52.75475 ], [ 13.71898, 52.75478 ], [ 13.72013, 52.75448 ], [ 13.72045, 52.75446 ], [ 13.72134, 52.75454 ], [ 13.72183, 52.75484 ], [ 13.72197, 52.75511 ], [ 13.72169, 52.7552 ], [ 13.7213, 52.75524 ], [ 13.72031, 52.75524 ], [ 13.72018, 52.75534 ], [ 13.72013, 52.75545 ], [ 13.72026, 52.7556 ], [ 13.72203, 52.75595 ], [ 13.72306, 52.7563 ], [ 13.72331, 52.75632 ], [ 13.72465, 52.75609 ], [ 13.72607, 52.7562 ] ] ] } },
{ "type": "Feature", "properties": { "boden": "50 % ziemlich arm, mäßig frisch (Z2g) · 50 % ziemlich arm, mäßig frisch (Z2g)" }, "geometry": { "type": "Polygon", "coordinates": [ [ [ 13.73016, 52.75392 ], [ 13.72936, 52.7538 ], [ 13.7289, 52.75365 ], [ 13.72831, 52.75343 ], [ 13.72758, 52.75302 ], [ 13.72729, 52.75324 ], [ 13.72733, 52.75352 ], [ 13.72826, 52.75424 ], [ 13.72892, 52.75485 ], [ 13.73026, 52.75546 ], [ 13.7303, 52.75561 ], [ 13.73207, 52.75625 ], [ 13.73142, 52.75491 ], [ 13.73122, 52.75428 ], [ 13.73102, 52.75411 ], [ 13.73083, 52.75405 ], [ 13.73074, 52.75393 ], [ 13.73016, 52.75392 ] ] ] } },
{ "type": "Feature", "properties": { "boden": "100 % kräftig, mäßig frisch (K2)" }, "geometry": { "type": "Polygon", "coordinates": [ [ [ 13.73026, 52.75546 ], [ 13.72892, 52.75485 ], [ 13.72826, 52.75424 ], [ 13.72733, 52.75352 ], [ 13.72729, 52.75324 ], [ 13.72654, 52.75379 ], [ 13.72646, 52.75408 ], [ 13.72703, 52.75437 ], [ 13.72846, 52.75491 ], [ 13.72868, 52.75508 ], [ 13.72879, 52.75521 ], [ 13.72875, 52.75539 ], [ 13.72842, 52.75589 ], [ 13.72841, 52.75609 ], [ 13.72869, 52.75616 ], [ 13.7289, 52.75633 ], [ 13.72905, 52.75663 ], [ 13.72919, 52.75665 ], [ 13.72935, 52.7566 ], [ 13.72971, 52.75622 ], [ 13.73021, 52.75597 ], [ 13.7303, 52.75583 ], [ 13.73026, 52.75546 ] ] ] } },
{ "type": "Feature", "properties": { "boden": "100 % mittel, mäßig frisch (M+2)" }, "geometry": { "type": "Polygon", "coordinates": [ [ [ 13.72842, 52.75589 ], [ 13.72875, 52.75539 ], [ 13.72879, 52.75521 ], [ 13.72868, 52.75508 ], [ 13.72846, 52.75491 ], [ 13.72703, 52.75437 ], [ 13.72646, 52.75408 ], [ 13.72611, 52.75595 ], [ 13.72672, 52.75611 ], [ 13.72787, 52.75628 ], [ 13.72812, 52.75622 ], [ 13.72841, 52.75609 ], [ 13.72842, 52.75589 ] ] ] } },
{ "type": "Feature", "properties": { "boden": "100 % kräftig, mäßig frisch (K2)" }, "geometry": { "type": "Polygon", "coordinates": [ [ [ 13.72585, 52.75772 ], [ 13.72597, 52.75685 ], [ 13.72447, 52.75684 ], [ 13.72403, 52.75691 ], [ 13.72386, 52.75703 ], [ 13.72383, 52.75733 ], [ 13.72402, 52.7575 ], [ 13.72437, 52.75767 ], [ 13.72449, 52.75778 ], [ 13.72463, 52.7583 ], [ 13.72482, 52.75848 ], [ 13.72509, 52.75857 ], [ 13.72556, 52.7585 ], [ 13.72593, 52.75835 ], [ 13.72585, 52.75772 ] ] ] } },
{ "type": "Feature", "properties": { "boden": "100 % mittel, mäßig frisch (M2)" }, "geometry": { "type": "Polygon", "coordinates": [ [ [ 13.73417, 52.75785 ], [ 13.7335, 52.75734 ], [ 13.73334, 52.75706 ], [ 13.73331, 52.75684 ], [ 13.73339, 52.75667 ], [ 13.73207, 52.75625 ], [ 13.73243, 52.75706 ], [ 13.73239, 52.75732 ], [ 13.73218, 52.75764 ], [ 13.73167, 52.75792 ], [ 13.73131, 52.75854 ], [ 13.73141, 52.75918 ], [ 13.73154, 52.7593 ], [ 13.73161, 52.75932 ], [ 13.73182, 52.75929 ], [ 13.73244, 52.75886 ], [ 13.73417, 52.75785 ] ] ] } },
{ "type": "Feature", "properties": { "boden": "100 % ziemlich arm, mäßig frisch (Z2)" }, "geometry": { "type": "Polygon", "coordinates": [ [ [ 13.72895, 52.75848 ], [ 13.73003, 52.75887 ], [ 13.73023, 52.75898 ], [ 13.73058, 52.75865 ], [ 13.73059, 52.75848 ], [ 13.73047, 52.7583 ], [ 13.73002, 52.75809 ], [ 13.72992, 52.75795 ], [ 13.72994, 52.75771 ], [ 13.7298, 52.75756 ], [ 13.72964, 52.75748 ], [ 13.72937, 52.75748 ], [ 13.7291, 52.75753 ], [ 13.72884, 52.75769 ], [ 13.72854, 52.75817 ], [ 13.72895, 52.75848 ] ] ] } },
{ "type": "Feature", "properties": { "boden": "100 % mittel, mäßig frisch (M2)" }, "geometry": { "type": "Polygon", "coordinates": [ [ [ 13.73003, 52.75887 ], [ 13.72895, 52.75848 ], [ 13.72826, 52.75794 ], [ 13.72798, 52.75766 ], [ 13.72768, 52.75725 ], [ 13.72755, 52.75685 ], [ 13.72765, 52.75655 ], [ 13.72787, 52.75628 ], [ 13.72672, 52.75611 ], [ 13.72611, 52.75595 ], [ 13.72585, 52.75772 ], [ 13.72604, 52.75952 ], [ 13.7259, 52.76076 ], [ 13.72642, 52.76081 ], [ 13.72759, 52.76082 ], [ 13.72784, 52.7606 ], [ 13.72781, 52.76045 ], [ 13.7279, 52.76031 ], [ 13.72822, 52.7603 ], [ 13.72843, 52.7604 ], [ 13.72842, 52.76036 ], [ 13.72866, 52.76033 ], [ 13.72916, 52.76082 ], [ 13.72925, 52.7608 ], [ 13.72989, 52.76098 ], [ 13.72993, 52.76113 ], [ 13.73, 52.76115 ], [ 13.72998, 52.76087 ], [ 13.72958, 52.76021 ], [ 13.72983, 52.75975 ], [ 13.73044, 52.75929 ], [ 13.7304, 52.75908 ], [ 13.73003, 52.75887 ] ] ] } },
{ "type": "Feature", "properties": { "boden": "70 % mittel, mäßig frisch (M2) · 30 % ziemlich arm, mäßig frisch (Z2)" }, "geometry": { "type": "Polygon", "coordinates": [ [ [ 13.71543, 52.7555 ], [ 13.71563, 52.75501 ], [ 13.71465, 52.75493 ], [ 13.71314, 52.75456 ], [ 13.71108, 52.75382 ], [ 13.71014, 52.75505 ], [ 13.71256, 52.75539 ], [ 13.71244, 52.75553 ], [ 13.71397, 52.75591 ], [ 13.7149, 52.75625 ], [ 13.71543, 52.7555 ] ] ] } },
{ "type": "Feature", "properties": { "boden": "50 % mittel, mäßig frisch (M2) · 30 % mittel, mäßig frisch (M2) · 20 % ziemlich arm, mäßig frisch (Z2)" }, "geometry": { "type": "Polygon", "coordinates": [ [ [ 13.71563, 52.75501 ], [ 13.7156, 52.75514 ], [ 13.71613, 52.75533 ], [ 13.71631, 52.75529 ], [ 13.71664, 52.75532 ], [ 13.71715, 52.75522 ], [ 13.71757, 52.75531 ], [ 13.71775, 52.75527 ], [ 13.71783, 52.75516 ], [ 13.71776, 52.75505 ], [ 13.71716, 52.75491 ], [ 13.71631, 52.75508 ], [ 13.71579, 52.75488 ], [ 13.71561, 52.75492 ], [ 13.71555, 52.755 ], [ 13.71563, 52.75501 ] ] ] } },
{ "type": "Feature", "properties": { "boden": "70 % mittel, mäßig frisch (M2) · 30 % ziemlich arm, mäßig frisch (Z2)" }, "geometry": { "type": "Polygon", "coordinates": [ [ [ 13.70995, 52.7553 ], [ 13.70956, 52.75509 ], [ 13.70951, 52.75491 ], [ 13.70915, 52.75479 ], [ 13.70893, 52.75517 ], [ 13.70904, 52.75532 ], [ 13.70896, 52.75545 ], [ 13.70902, 52.75553 ], [ 13.70924, 52.75552 ], [ 13.70937, 52.75541 ], [ 13.70955, 52.75544 ], [ 13.70921, 52.75592 ], [ 13.70949, 52.75596 ], [ 13.70995, 52.7553 ] ] ] } },
{ "type": "Feature", "properties": { "boden": "100 % kräftig, mäßig frisch (K2)" }, "geometry": { "type": "Polygon", "coordinates": [ [ [ 13.71331, 52.75576 ], [ 13.71314, 52.75571 ], [ 13.71286, 52.75581 ], [ 13.71259, 52.75574 ], [ 13.71241, 52.75578 ], [ 13.71233, 52.75589 ], [ 13.7124, 52.756 ], [ 13.71258, 52.75605 ], [ 13.71269, 52.75633 ], [ 13.71287, 52.75638 ], [ 13.71305, 52.75634 ], [ 13.71312, 52.75623 ], [ 13.71305, 52.75612 ], [ 13.71313, 52.75601 ], [ 13.71331, 52.75597 ], [ 13.71338, 52.75586 ], [ 13.71331, 52.75576 ] ] ] } },
{ "type": "Feature", "properties": { "boden": "100 % kräftig, mäßig frisch (K2)" }, "geometry": { "type": "Polygon", "coordinates": [ [ [ 13.7149, 52.75625 ], [ 13.71397, 52.75591 ], [ 13.71244, 52.75553 ], [ 13.71096, 52.75727 ], [ 13.71295, 52.75816 ], [ 13.71339, 52.75808 ], [ 13.71449, 52.75685 ], [ 13.7149, 52.75625 ] ], [ [ 13.71331, 52.75597 ], [ 13.71313, 52.75601 ], [ 13.71305, 52.75612 ], [ 13.71312, 52.75623 ], [ 13.71305, 52.75634 ], [ 13.71287, 52.75638 ], [ 13.71269, 52.75633 ], [ 13.71258, 52.75605 ], [ 13.7124, 52.756 ], [ 13.71233, 52.75589 ], [ 13.71241, 52.75578 ], [ 13.71259, 52.75574 ], [ 13.71286, 52.75581 ], [ 13.71314, 52.75571 ], [ 13.71331, 52.75576 ], [ 13.71338, 52.75586 ], [ 13.71331, 52.75597 ] ] ] } },
{ "type": "Feature", "properties": { "boden": "100 % mittel, mäßig frisch (M+2)" }, "geometry": { "type": "Polygon", "coordinates": [ [ [ 13.71516, 52.75848 ], [ 13.71499, 52.75829 ], [ 13.71494, 52.7581 ], [ 13.71502, 52.75795 ], [ 13.71575, 52.7572 ], [ 13.71623, 52.75648 ], [ 13.71655, 52.75627 ], [ 13.71735, 52.75607 ], [ 13.71747, 52.75597 ], [ 13.71754, 52.75577 ], [ 13.71748, 52.75562 ], [ 13.71532, 52.75566 ], [ 13.71449, 52.75685 ], [ 13.71339, 52.75808 ], [ 13.71295, 52.75816 ], [ 13.71275, 52.75839 ], [ 13.71213, 52.75875 ], [ 13.71234, 52.75888 ], [ 13.71268, 52.75898 ], [ 13.71342, 52.75884 ], [ 13.71374, 52.75883 ], [ 13.71415, 52.75892 ], [ 13.71468, 52.7591 ], [ 13.71486, 52.75911 ], [ 13.71502, 52.75907 ], [ 13.71525, 52.75875 ], [ 13.71516, 52.75848 ] ], [ [ 13.71396, 52.75829 ], [ 13.71388, 52.7584 ], [ 13.7137, 52.75844 ], [ 13.71352, 52.75839 ], [ 13.71345, 52.75828 ], [ 13.71353, 52.75818 ], [ 13.71371, 52.75813 ], [ 13.71388, 52.75818 ], [ 13.71396, 52.75829 ] ] ] } },
{ "type": "Feature", "properties": { "boden": "50 % mittel, mäßig frisch (M2) · 30 % mittel, mäßig frisch (M2) · 20 % mittel, mäßig frisch (M2)" }, "geometry": { "type": "Polygon", "coordinates": [ [ [ 13.72585, 52.76162 ], [ 13.72604, 52.75952 ], [ 13.72593, 52.75835 ], [ 13.7253, 52.75857 ], [ 13.72509, 52.75857 ], [ 13.72482, 52.75848 ], [ 13.72463, 52.7583 ], [ 13.72449, 52.75778 ], [ 13.72437, 52.75767 ], [ 13.72402, 52.7575 ], [ 13.72383, 52.75733 ], [ 13.7238, 52.75718 ], [ 13.72386, 52.75703 ], [ 13.72403, 52.75691 ], [ 13.72447, 52.75684 ], [ 13.72597, 52.75685 ], [ 13.72607, 52.7562 ], [ 13.72465, 52.75609 ], [ 13.72331, 52.75632 ], [ 13.72306, 52.7563 ], [ 13.72203, 52.75595 ], [ 13.72026, 52.7556 ], [ 13.72013, 52.75545 ], [ 13.72018, 52.75534 ], [ 13.72031, 52.75524 ], [ 13.7213, 52.75524 ], [ 13.72169, 52.7552 ], [ 13.72197, 52.75511 ], [ 13.72183, 52.75484 ], [ 13.72134, 52.75454 ], [ 13.72095, 52.75449 ], [ 13.72092, 52.75463 ], [ 13.72119, 52.75471 ], [ 13.72126, 52.75482 ], [ 13.72118, 52.75493 ], [ 13.72101, 52.75497 ], [ 13.72073, 52.75493 ], [ 13.72046, 52.755 ], [ 13.72005, 52.75493 ], [ 13.71994, 52.75507 ], [ 13.71976, 52.75511 ], [ 13.71958, 52.75506 ], [ 13.71928, 52.75506 ], [ 13.7191, 52.7551 ], [ 13.71851, 52.75503 ], [ 13.71844, 52.75492 ], [ 13.71851, 52.75482 ], [ 13.71869, 52.75477 ], [ 13.71887, 52.75482 ], [ 13.71911, 52.7548 ], [ 13.71929, 52.75484 ], [ 13.71959, 52.75485 ], [ 13.71991, 52.75469 ], [ 13.71985, 52.75461 ], [ 13.71991, 52.75453 ], [ 13.71922, 52.75474 ], [ 13.71898, 52.75478 ], [ 13.71877, 52.75475 ], [ 13.7185, 52.75459 ], [ 13.71823, 52.75412 ], [ 13.71657, 52.75414 ], [ 13.71601, 52.75372 ], [ 13.71346, 52.75426 ], [ 13.71314, 52.75456 ], [ 13.71465, 52.75493 ], [ 13.71555, 52.755 ], [ 13.71561, 52.75492 ], [ 13.71579, 52.75488 ], [ 13.71631, 52.75508 ], [ 13.71716, 52.75491 ], [ 13.71776, 52.75505 ], [ 13.71783, 52.75516 ], [ 13.71775, 52.75527 ], [ 13.71757, 52.75531 ], [ 13.71715, 52.75522 ], [ 13.71664, 52.75532 ], [ 13.71631, 52.75529 ], [ 13.71613, 52.75533 ], [ 13.71558, 52.75511 ], [ 13.71532, 52.75566 ], [ 13.71748, 52.75562 ], [ 13.71754, 52.75577 ], [ 13.71747, 52.75597 ], [ 13.71735, 52.75607 ], [ 13.71655, 52.75627 ], [ 13.71623, 52.75648 ], [ 13.71575, 52.7572 ], [ 13.7185, 52.75775 ], [ 13.7194, 52.75837 ], [ 13.71974, 52.75878 ], [ 13.72033, 52.75918 ], [ 13.72058, 52.76016 ], [ 13.72103, 52.76061 ], [ 13.72113, 52.76093 ], [ 13.72117, 52.76089 ], [ 13.72135, 52.76084 ], [ 13.72152, 52.76089 ], [ 13.72159, 52.761 ], [ 13.72152, 52.7611 ], [ 13.72134, 52.76115 ], [ 13.72116, 52.7611 ], [ 13.72111, 52.76119 ], [ 13.72299, 52.76129 ], [ 13.7237, 52.76146 ], [ 13.7239, 52.76157 ], [ 13.72407, 52.76149 ], [ 13.72585, 52.76162 ] ] ] } },
{ "type": "Feature", "properties": { "boden": "100 % mittel, mäßig frisch (M+2)" }, "geometry": { "type": "Polygon", "coordinates": [ [ [ 13.71371, 52.75813 ], [ 13.71353, 52.75818 ], [ 13.71345, 52.75828 ], [ 13.71352, 52.75839 ], [ 13.7137, 52.75844 ], [ 13.71388, 52.7584 ], [ 13.71396, 52.75829 ], [ 13.71388, 52.75818 ], [ 13.71371, 52.75813 ] ] ] } },
{ "type": "Feature", "properties": { "boden": "100 % kräftig, mäßig frisch (K2)" }, "geometry": { "type": "Polygon", "coordinates": [ [ [ 13.71213, 52.75875 ], [ 13.71275, 52.75839 ], [ 13.71295, 52.75816 ], [ 13.71096, 52.75727 ], [ 13.70929, 52.75926 ], [ 13.70957, 52.75928 ], [ 13.70998, 52.75923 ], [ 13.71036, 52.75913 ], [ 13.71089, 52.75882 ], [ 13.71178, 52.75882 ], [ 13.71213, 52.75875 ] ] ] } },
{ "type": "Feature", "properties": { "boden": "100 % mittel, mäßig frisch (M2)" }, "geometry": { "type": "Polygon", "coordinates": [ [ [ 13.72116, 52.7611 ], [ 13.72103, 52.76061 ], [ 13.72058, 52.76016 ], [ 13.72033, 52.75918 ], [ 13.71974, 52.75878 ], [ 13.7194, 52.75837 ], [ 13.71876, 52.75789 ], [ 13.7185, 52.75775 ], [ 13.71575, 52.7572 ], [ 13.71502, 52.75795 ], [ 13.71494, 52.7581 ], [ 13.71499, 52.75829 ], [ 13.71524, 52.75865 ], [ 13.71589, 52.75899 ], [ 13.71649, 52.75961 ], [ 13.71857, 52.76058 ], [ 13.71928, 52.76063 ], [ 13.7199, 52.76076 ], [ 13.72006, 52.761 ], [ 13.72111, 52.76119 ], [ 13.72116, 52.7611 ] ], [ [ 13.72091, 52.76086 ], [ 13.72083, 52.76096 ], [ 13.72065, 52.76101 ], [ 13.72048, 52.76096 ], [ 13.72041, 52.76085 ], [ 13.72048, 52.76074 ], [ 13.72066, 52.7607 ], [ 13.72084, 52.76075 ], [ 13.72091, 52.76086 ] ], [ [ 13.72045, 52.76019 ], [ 13.72037, 52.7603 ], [ 13.7202, 52.76034 ], [ 13.72002, 52.76029 ], [ 13.71995, 52.76018 ], [ 13.72003, 52.76008 ], [ 13.7202, 52.76003 ], [ 13.72038, 52.76008 ], [ 13.72045, 52.76019 ] ], [ [ 13.7201, 52.7594 ], [ 13.72002, 52.75951 ], [ 13.71984, 52.75955 ], [ 13.71967, 52.75951 ], [ 13.7196, 52.7594 ], [ 13.71967, 52.75929 ], [ 13.71985, 52.75925 ], [ 13.72003, 52.75929 ], [ 13.7201, 52.7594 ] ] ] } },
{ "type": "Feature", "properties": { "boden": "100 % ziemlich arm, mäßig frisch (Z2)" }, "geometry": { "type": "Polygon", "coordinates": [ [ [ 13.70413, 52.75982 ], [ 13.70396, 52.75977 ], [ 13.70389, 52.75966 ], [ 13.70396, 52.75956 ], [ 13.70419, 52.75952 ], [ 13.70405, 52.75918 ], [ 13.70315, 52.75839 ], [ 13.70068, 52.7581 ], [ 13.70017, 52.75792 ], [ 13.7001, 52.75783 ], [ 13.70013, 52.75757 ], [ 13.69974, 52.75728 ], [ 13.69963, 52.75696 ], [ 13.69974, 52.75683 ], [ 13.70004, 52.75672 ], [ 13.70042, 52.75666 ], [ 13.69948, 52.7564 ], [ 13.69926, 52.75642 ], [ 13.69818, 52.75623 ], [ 13.69758, 52.75621 ], [ 13.69719, 52.75607 ], [ 13.69686, 52.75585 ], [ 13.69649, 52.75572 ], [ 13.69622, 52.75569 ], [ 13.69534, 52.75576 ], [ 13.69447, 52.75567 ], [ 13.69394, 52.75568 ], [ 13.69365, 52.75572 ], [ 13.69292, 52.7561 ], [ 13.69156, 52.75628 ], [ 13.69074, 52.75656 ], [ 13.69044, 52.75659 ], [ 13.68975, 52.75658 ], [ 13.69015, 52.75788 ], [ 13.6912, 52.75782 ], [ 13.69275, 52.75747 ], [ 13.69446, 52.75701 ], [ 13.69464, 52.75703 ], [ 13.69533, 52.75731 ], [ 13.69595, 52.75735 ], [ 13.69619, 52.75741 ], [ 13.6964, 52.75753 ], [ 13.69651, 52.75772 ], [ 13.6965, 52.75815 ], [ 13.69664, 52.75846 ], [ 13.69691, 52.75871 ], [ 13.69736, 52.75896 ], [ 13.69767, 52.759 ], [ 13.69776, 52.75914 ], [ 13.69808, 52.75922 ], [ 13.69828, 52.75955 ], [ 13.69848, 52.75971 ], [ 13.69862, 52.75966 ], [ 13.69902, 52.75929 ], [ 13.69953, 52.759 ], [ 13.69858, 52.75919 ], [ 13.69821, 52.7591 ], [ 13.69806, 52.759 ], [ 13.69915, 52.75861 ], [ 13.69975, 52.75846 ], [ 13.70003, 52.75845 ], [ 13.70022, 52.75852 ], [ 13.70014, 52.75861 ], [ 13.7, 52.75864 ], [ 13.70016, 52.75874 ], [ 13.70015, 52.75891 ], [ 13.70065, 52.75899 ], [ 13.70086, 52.75909 ], [ 13.70159, 52.75927 ], [ 13.70204, 52.75948 ], [ 13.70249, 52.75972 ], [ 13.70287, 52.76001 ], [ 13.70308, 52.76032 ], [ 13.70436, 52.75996 ], [ 13.70429, 52.75978 ], [ 13.70413, 52.75982 ] ], [ [ 13.70211, 52.75899 ], [ 13.70204, 52.7591 ], [ 13.70186, 52.75914 ], [ 13.70112, 52.75898 ], [ 13.70087, 52.75887 ], [ 13.70078, 52.75889 ], [ 13.7006, 52.75884 ], [ 13.70053, 52.75873 ], [ 13.70061, 52.75862 ], [ 13.70079, 52.75858 ], [ 13.70096, 52.75863 ], [ 13.70106, 52.75861 ], [ 13.70131, 52.75872 ], [ 13.70204, 52.75889 ], [ 13.70211, 52.75899 ] ], [ [ 13.69752, 52.75851 ], [ 13.69745, 52.75861 ], [ 13.69727, 52.75866 ], [ 13.69709, 52.75861 ], [ 13.69702, 52.7585 ], [ 13.6971, 52.75839 ], [ 13.69728, 52.75835 ], [ 13.69745, 52.7584 ], [ 13.69752, 52.75851 ] ], [ [ 13.69891, 52.7582 ], [ 13.69884, 52.75831 ], [ 13.69866, 52.75835 ], [ 13.69848, 52.75831 ], [ 13.69841, 52.7582 ], [ 13.69849, 52.75809 ], [ 13.69867, 52.75805 ], [ 13.69884, 52.7581 ], [ 13.69891, 52.7582 ] ] ] } },
{ "type": "Feature", "properties": { "boden": "100 % ziemlich arm, mäßig frisch (Z2)" }, "geometry": { "type": "Polygon", "coordinates": [ [ [ 13.69867, 52.75805 ], [ 13.69849, 52.75809 ], [ 13.69841, 52.7582 ], [ 13.69848, 52.75831 ], [ 13.69866, 52.75835 ], [ 13.69884, 52.75831 ], [ 13.69891, 52.7582 ], [ 13.69884, 52.7581 ], [ 13.69867, 52.75805 ] ] ] } },
{ "type": "Feature", "properties": { "boden": "100 % ziemlich arm, mäßig frisch (Z2)" }, "geometry": { "type": "Polygon", "coordinates": [ [ [ 13.69728, 52.75835 ], [ 13.6971, 52.75839 ], [ 13.69702, 52.7585 ], [ 13.69709, 52.75861 ], [ 13.69727, 52.75866 ], [ 13.69745, 52.75861 ], [ 13.69752, 52.75851 ], [ 13.69745, 52.7584 ], [ 13.69728, 52.75835 ] ] ] } },
{ "type": "Feature", "properties": { "boden": "100 % ziemlich arm, mäßig frisch (Z2)" }, "geometry": { "type": "Polygon", "coordinates": [ [ [ 13.7, 52.75864 ], [ 13.70022, 52.75856 ], [ 13.70019, 52.75848 ], [ 13.70003, 52.75845 ], [ 13.69975, 52.75846 ], [ 13.69915, 52.75861 ], [ 13.69876, 52.75876 ], [ 13.69927, 52.7586 ], [ 13.69992, 52.75858 ], [ 13.7, 52.75864 ] ] ] } },
{ "type": "Feature", "properties": { "boden": "100 % ziemlich arm, mäßig frisch (Z2)" }, "geometry": { "type": "Polygon", "coordinates": [ [ [ 13.70204, 52.75889 ], [ 13.70131, 52.75872 ], [ 13.70106, 52.75861 ], [ 13.70096, 52.75863 ], [ 13.70079, 52.75858 ], [ 13.70061, 52.75862 ], [ 13.70053, 52.75873 ], [ 13.7006, 52.75884 ], [ 13.70078, 52.75889 ], [ 13.70087, 52.75887 ], [ 13.70112, 52.75898 ], [ 13.70186, 52.75914 ], [ 13.70204, 52.7591 ], [ 13.70211, 52.75899 ], [ 13.70204, 52.75889 ] ] ] } },
{ "type": "Feature", "properties": { "boden": "100 % ziemlich arm, nass (OZ2)" }, "geometry": { "type": "Polygon", "coordinates": [ [ [ 13.69991, 52.7589 ], [ 13.70015, 52.75891 ], [ 13.70016, 52.75874 ], [ 13.69992, 52.75858 ], [ 13.69927, 52.7586 ], [ 13.69806, 52.759 ], [ 13.69821, 52.7591 ], [ 13.69858, 52.75919 ], [ 13.69991, 52.7589 ] ] ] } },
{ "type": "Feature", "properties": { "boden": "60 % kräftig, mäßig frisch (K2) · 40 % mittel, mäßig frisch (M+2)" }, "geometry": { "type": "Polygon", "coordinates": [ [ [ 13.69757, 52.75923 ], [ 13.69739, 52.75927 ], [ 13.69731, 52.75938 ], [ 13.69739, 52.75949 ], [ 13.69756, 52.75953 ], [ 13.69774, 52.75949 ], [ 13.69782, 52.75938 ], [ 13.69775, 52.75928 ], [ 13.69757, 52.75923 ] ] ] } },
{ "type": "Feature", "properties": { "boden": "100 % ziemlich arm, mäßig frisch (Z2)" }, "geometry": { "type": "Polygon", "coordinates": [ [ [ 13.70419, 52.75952 ], [ 13.70396, 52.75956 ], [ 13.70389, 52.75966 ], [ 13.70396, 52.75977 ], [ 13.70413, 52.75982 ], [ 13.70429, 52.75978 ], [ 13.70419, 52.75952 ] ] ] } },
{ "type": "Feature", "properties": { "boden": "60 % kräftig, mäßig frisch (K2) · 40 % mittel, mäßig frisch (M+2)" }, "geometry": { "type": "Polygon", "coordinates": [ [ [ 13.70308, 52.76032 ], [ 13.70287, 52.76001 ], [ 13.70249, 52.75972 ], [ 13.70204, 52.75948 ], [ 13.70159, 52.75927 ], [ 13.70086, 52.75909 ], [ 13.70065, 52.75899 ], [ 13.70015, 52.75891 ], [ 13.69991, 52.7589 ], [ 13.69953, 52.759 ], [ 13.69902, 52.75929 ], [ 13.69862, 52.75966 ], [ 13.69848, 52.75971 ], [ 13.69828, 52.75955 ], [ 13.69808, 52.75922 ], [ 13.69776, 52.75914 ], [ 13.69767, 52.759 ], [ 13.69736, 52.75896 ], [ 13.69691, 52.75871 ], [ 13.69664, 52.75846 ], [ 13.6965, 52.75815 ], [ 13.69651, 52.75772 ], [ 13.6964, 52.75753 ], [ 13.69619, 52.75741 ], [ 13.69595, 52.75735 ], [ 13.69533, 52.75731 ], [ 13.69464, 52.75703 ], [ 13.69446, 52.75701 ], [ 13.69275, 52.75747 ], [ 13.69444, 52.75851 ], [ 13.69482, 52.75883 ], [ 13.69557, 52.75923 ], [ 13.69597, 52.75955 ], [ 13.69621, 52.75991 ], [ 13.69627, 52.76015 ], [ 13.69568, 52.76046 ], [ 13.69522, 52.76055 ], [ 13.69419, 52.76053 ], [ 13.69359, 52.76057 ], [ 13.69397, 52.76132 ], [ 13.69396, 52.76168 ], [ 13.69518, 52.76176 ], [ 13.69547, 52.76182 ], [ 13.69568, 52.76195 ], [ 13.69581, 52.76224 ], [ 13.69702, 52.76193 ], [ 13.69711, 52.762 ], [ 13.70308, 52.76032 ] ], [ [ 13.69885, 52.75999 ], [ 13.69877, 52.7601 ], [ 13.69859, 52.76014 ], [ 13.69841, 52.76009 ], [ 13.69834, 52.75999 ], [ 13.69842, 52.75988 ], [ 13.6986, 52.75984 ], [ 13.69878, 52.75988 ], [ 13.69885, 52.75999 ] ], [ [ 13.69775, 52.75928 ], [ 13.69782, 52.75938 ], [ 13.69774, 52.75949 ], [ 13.69756, 52.75953 ], [ 13.69739, 52.75949 ], [ 13.69731, 52.75938 ], [ 13.69739, 52.75927 ], [ 13.69757, 52.75923 ], [ 13.69775, 52.75928 ] ] ] } },
{ "type": "Feature", "properties": { "boden": "60 % mittel, mäßig frisch (M2) · 40 % kräftig, mäßig frisch (K2)" }, "geometry": { "type": "Polygon", "coordinates": [ [ [ 13.69529, 52.75977 ], [ 13.69511, 52.75982 ], [ 13.69503, 52.75992 ], [ 13.6951, 52.76003 ], [ 13.69528, 52.76008 ], [ 13.69546, 52.76004 ], [ 13.69553, 52.75993 ], [ 13.69546, 52.75982 ], [ 13.69529, 52.75977 ] ] ] } },
{ "type": "Feature", "properties": { "boden": "100 % mittel, mäßig frisch (M2)" }, "geometry": { "type": "Polygon", "coordinates": [ [ [ 13.72584, 52.76202 ], [ 13.72551, 52.76201 ], [ 13.72544, 52.7619 ], [ 13.72552, 52.7618 ], [ 13.7257, 52.76175 ], [ 13.72585, 52.76179 ], [ 13.72585, 52.76162 ], [ 13.72407, 52.76149 ], [ 13.7239, 52.76157 ], [ 13.724, 52.76168 ], [ 13.72452, 52.76197 ], [ 13.72505, 52.76211 ], [ 13.72584, 52.76219 ], [ 13.72584, 52.76202 ] ] ] } },
{ "type": "Feature", "properties": { "boden": "100 % mittel, nass (OM2)" }, "geometry": { "type": "Polygon", "coordinates": [ [ [ 13.73272, 52.76217 ], [ 13.73243, 52.76191 ], [ 13.7323, 52.76194 ], [ 13.73195, 52.76179 ], [ 13.73177, 52.76183 ], [ 13.73163, 52.76181 ], [ 13.73156, 52.7617 ], [ 13.73138, 52.76166 ], [ 13.73114, 52.76167 ], [ 13.73086, 52.76151 ], [ 13.73081, 52.7616 ], [ 13.73121, 52.76181 ], [ 13.73127, 52.76212 ], [ 13.73241, 52.76241 ], [ 13.73258, 52.7624 ], [ 13.7327, 52.7623 ], [ 13.73272, 52.76217 ] ] ] } },
{ "type": "Feature", "properties": { "boden": "100 % ziemlich arm, mäßig frisch (Z2)" }, "geometry": { "type": "Polygon", "coordinates": [ [ [ 13.72584, 52.76199 ], [ 13.72585, 52.76179 ], [ 13.7257, 52.76175 ], [ 13.72552, 52.7618 ], [ 13.72544, 52.7619 ], [ 13.72551, 52.76201 ], [ 13.72569, 52.76206 ], [ 13.72584, 52.76199 ] ] ] } },
{ "type": "Feature", "properties": { "boden": "100 % mittel, mäßig frisch (M+2)" }, "geometry": { "type": "Polygon", "coordinates": [ [ [ 13.72584, 52.76219 ], [ 13.72505, 52.76211 ], [ 13.72452, 52.76197 ], [ 13.7237, 52.76146 ], [ 13.72299, 52.76129 ], [ 13.72111, 52.76119 ], [ 13.72006, 52.761 ], [ 13.71999, 52.76086 ], [ 13.71976, 52.76125 ], [ 13.71904, 52.76207 ], [ 13.71764, 52.76173 ], [ 13.71766, 52.76215 ], [ 13.71735, 52.76244 ], [ 13.71734, 52.76254 ], [ 13.7178, 52.76271 ], [ 13.71871, 52.76284 ], [ 13.71919, 52.76211 ], [ 13.72024, 52.76208 ], [ 13.7205, 52.76201 ], [ 13.72077, 52.7618 ], [ 13.72101, 52.76332 ], [ 13.72222, 52.763 ], [ 13.72259, 52.76304 ], [ 13.7231, 52.76322 ], [ 13.72341, 52.76327 ], [ 13.72501, 52.763 ], [ 13.72582, 52.76298 ], [ 13.72584, 52.76219 ] ], [ [ 13.72041, 52.76133 ], [ 13.72033, 52.76144 ], [ 13.72015, 52.76148 ], [ 13.71998, 52.76144 ], [ 13.71991, 52.76133 ], [ 13.71998, 52.76122 ], [ 13.72016, 52.76118 ], [ 13.72034, 52.76122 ], [ 13.72041, 52.76133 ] ] ] } },
{ "type": "Feature", "properties": { "boden": "70 % ziemlich arm, mäßig frisch (Z2) · 30 % ziemlich arm, mäßig frisch (Z2)" }, "geometry": { "type": "Polygon", "coordinates": [ [ [ 13.72642, 52.76081 ], [ 13.7259, 52.76076 ], [ 13.72584, 52.76219 ], [ 13.72619, 52.76227 ], [ 13.72658, 52.76226 ], [ 13.72718, 52.76215 ], [ 13.72932, 52.76233 ], [ 13.7297, 52.76242 ], [ 13.73003, 52.76268 ], [ 13.73062, 52.76301 ], [ 13.73243, 52.76368 ], [ 13.73248, 52.76331 ], [ 13.73229, 52.76303 ], [ 13.73203, 52.76283 ], [ 13.7312, 52.7625 ], [ 13.73092, 52.7622 ], [ 13.73062, 52.76213 ], [ 13.7301, 52.76191 ], [ 13.72998, 52.76177 ], [ 13.72951, 52.76157 ], [ 13.72944, 52.7616 ], [ 13.72911, 52.76151 ], [ 13.72844, 52.76123 ], [ 13.72771, 52.76103 ], [ 13.72756, 52.76093 ], [ 13.72759, 52.76082 ], [ 13.72642, 52.76081 ] ], [ [ 13.72955, 52.76177 ], [ 13.72969, 52.76188 ], [ 13.72955, 52.76193 ], [ 13.72926, 52.76194 ], [ 13.72895, 52.76191 ], [ 13.72883, 52.76185 ], [ 13.72896, 52.76174 ], [ 13.72927, 52.76173 ], [ 13.72955, 52.76177 ] ], [ [ 13.73076, 52.76271 ], [ 13.73069, 52.76281 ], [ 13.73051, 52.76286 ], [ 13.73033, 52.76281 ], [ 13.73026, 52.7627 ], [ 13.73034, 52.76259 ], [ 13.73052, 52.76255 ], [ 13.73069, 52.7626 ], [ 13.73076, 52.76271 ] ] ] } },
{ "type": "Feature", "properties": { "boden": "50 % ziemlich arm, mäßig frisch (Z2g) · 50 % ziemlich arm, mäßig frisch (Z2)" }, "geometry": { "type": "Polygon", "coordinates": [ [ [ 13.73394, 52.76309 ], [ 13.73342, 52.76314 ], [ 13.73298, 52.76294 ], [ 13.73293, 52.76278 ], [ 13.73304, 52.7626 ], [ 13.73274, 52.76225 ], [ 13.73258, 52.7624 ], [ 13.73241, 52.76241 ], [ 13.73127, 52.76212 ], [ 13.73121, 52.76181 ], [ 13.73081, 52.7616 ], [ 13.73086, 52.76151 ], [ 13.73044, 52.76134 ], [ 13.73035, 52.76136 ], [ 13.73028, 52.76147 ], [ 13.73058, 52.76174 ], [ 13.731, 52.7618 ], [ 13.73122, 52.76192 ], [ 13.73118, 52.76213 ], [ 13.73125, 52.76224 ], [ 13.73166, 52.76236 ], [ 13.73184, 52.76232 ], [ 13.73205, 52.76235 ], [ 13.73212, 52.76245 ], [ 13.73229, 52.7625 ], [ 13.73242, 52.76247 ], [ 13.73251, 52.76253 ], [ 13.7326, 52.7627 ], [ 13.73275, 52.76282 ], [ 13.73265, 52.76301 ], [ 13.73272, 52.76312 ], [ 13.73304, 52.7632 ], [ 13.73314, 52.76336 ], [ 13.73332, 52.76341 ], [ 13.73426, 52.76327 ], [ 13.73433, 52.76316 ], [ 13.73426, 52.76305 ], [ 13.73409, 52.76301 ], [ 13.73394, 52.76309 ] ] ] } },
{ "type": "Feature", "properties": { "boden": "50 % ziemlich arm, mäßig frisch (Z2g) · 50 % ziemlich arm, mäßig frisch (Z2)" }, "geometry": { "type": "Polygon", "coordinates": [ [ [ 13.73365, 52.7624 ], [ 13.73316, 52.76222 ], [ 13.73272, 52.76217 ], [ 13.73271, 52.76224 ], [ 13.73304, 52.7626 ], [ 13.73293, 52.76278 ], [ 13.73299, 52.76283 ], [ 13.733, 52.76269 ], [ 13.73365, 52.7624 ] ] ] } },
{ "type": "Feature", "properties": { "boden": "70 % ziemlich arm, mäßig frisch (Z2) · 30 % ziemlich arm, mäßig frisch (Z2)" }, "geometry": { "type": "Polygon", "coordinates": [ [ [ 13.73052, 52.76255 ], [ 13.73034, 52.76259 ], [ 13.73026, 52.7627 ], [ 13.73033, 52.76281 ], [ 13.73051, 52.76286 ], [ 13.73069, 52.76281 ], [ 13.73076, 52.76271 ], [ 13.73069, 52.7626 ], [ 13.73052, 52.76255 ] ] ] } },
{ "type": "Feature", "properties": { "boden": "100 % ziemlich arm, nass (OZ2)" }, "geometry": { "type": "Polygon", "coordinates": [ [ [ 13.73417, 52.76294 ], [ 13.73412, 52.76263 ], [ 13.73365, 52.7624 ], [ 13.733, 52.76269 ], [ 13.73298, 52.76294 ], [ 13.73342, 52.76314 ], [ 13.73394, 52.76309 ], [ 13.73417, 52.76294 ] ] ] } },
{ "type": "Feature", "properties": { "boden": "100 % mittel, mäßig frisch (M2)" }, "geometry": { "type": "Polygon", "coordinates": [ [ [ 13.73003, 52.76268 ], [ 13.7297, 52.76242 ], [ 13.72932, 52.76233 ], [ 13.72718, 52.76215 ], [ 13.72658, 52.76226 ], [ 13.72619, 52.76227 ], [ 13.72584, 52.76219 ], [ 13.72581, 52.76371 ], [ 13.72848, 52.76373 ], [ 13.72843, 52.76366 ], [ 13.72851, 52.76355 ], [ 13.72869, 52.76351 ], [ 13.72886, 52.76355 ], [ 13.72894, 52.76366 ], [ 13.72887, 52.76375 ], [ 13.72979, 52.76387 ], [ 13.73029, 52.76387 ], [ 13.7305, 52.7638 ], [ 13.73054, 52.7637 ], [ 13.73062, 52.76301 ], [ 13.73003, 52.76268 ] ] ] } },
{ "type": "Feature", "properties": { "boden": "100 % mittel, mäßig frisch (M2)" }, "geometry": { "type": "Polygon", "coordinates": [ [ [ 13.71985, 52.75925 ], [ 13.71967, 52.75929 ], [ 13.7196, 52.7594 ], [ 13.71967, 52.75951 ], [ 13.71984, 52.75955 ], [ 13.72002, 52.75951 ], [ 13.7201, 52.7594 ], [ 13.72003, 52.75929 ], [ 13.71985, 52.75925 ] ] ] } },
{ "type": "Feature", "properties": { "boden": "50 % ziemlich arm, mäßig frisch (Z2) · 50 % ziemlich arm, mäßig frisch (Z2)" }, "geometry": { "type": "Polygon", "coordinates": [ [ [ 13.71343, 52.75958 ], [ 13.7138, 52.7597 ], [ 13.71393, 52.75958 ], [ 13.71386, 52.75947 ], [ 13.71368, 52.75943 ], [ 13.71351, 52.75947 ], [ 13.71343, 52.75958 ] ] ] } },
{ "type": "Feature", "properties": { "boden": "100 % mittel, mäßig frisch (M2)" }, "geometry": { "type": "Polygon", "coordinates": [ [ [ 13.7202, 52.76003 ], [ 13.72003, 52.76008 ], [ 13.71995, 52.76018 ], [ 13.72002, 52.76029 ], [ 13.7202, 52.76034 ], [ 13.72037, 52.7603 ], [ 13.72045, 52.76019 ], [ 13.72038, 52.76008 ], [ 13.7202, 52.76003 ] ] ] } },
{ "type": "Feature", "properties": { "boden": "50 % ziemlich arm, mäßig frisch (Z2) · 50 % ziemlich arm, mäßig frisch (Z2)" }, "geometry": { "type": "Polygon", "coordinates": [ [ [ 13.7199, 52.76076 ], [ 13.71928, 52.76063 ], [ 13.71866, 52.76059 ], [ 13.71859, 52.7607 ], [ 13.71841, 52.76074 ], [ 13.71823, 52.7607 ], [ 13.71816, 52.76059 ], [ 13.71831, 52.76046 ], [ 13.71649, 52.75961 ], [ 13.71589, 52.75899 ], [ 13.71524, 52.75865 ], [ 13.71525, 52.75875 ], [ 13.71502, 52.75907 ], [ 13.71486, 52.75911 ], [ 13.71468, 52.7591 ], [ 13.71415, 52.75892 ], [ 13.71374, 52.75883 ], [ 13.71342, 52.75884 ], [ 13.71268, 52.75898 ], [ 13.71234, 52.75888 ], [ 13.71213, 52.75875 ], [ 13.71178, 52.75882 ], [ 13.71089, 52.75882 ], [ 13.71036, 52.75913 ], [ 13.70998, 52.75923 ], [ 13.70957, 52.75928 ], [ 13.70929, 52.75926 ], [ 13.70817, 52.76057 ], [ 13.70908, 52.76058 ], [ 13.7097, 52.76064 ], [ 13.71002, 52.76072 ], [ 13.71089, 52.76076 ], [ 13.71196, 52.7611 ], [ 13.71235, 52.76111 ], [ 13.71258, 52.76105 ], [ 13.71274, 52.76095 ], [ 13.71263, 52.76022 ], [ 13.71275, 52.75981 ], [ 13.71292, 52.75967 ], [ 13.71321, 52.7596 ], [ 13.71345, 52.7596 ], [ 13.71351, 52.75947 ], [ 13.71368, 52.75943 ], [ 13.71386, 52.75947 ], [ 13.71393, 52.75958 ], [ 13.7138, 52.7597 ], [ 13.7143, 52.75996 ], [ 13.71464, 52.76025 ], [ 13.71526, 52.7615 ], [ 13.7158, 52.76181 ], [ 13.71599, 52.76187 ], [ 13.71623, 52.76185 ], [ 13.71711, 52.76158 ], [ 13.71904, 52.76207 ], [ 13.71976, 52.76125 ], [ 13.71999, 52.76086 ], [ 13.7199, 52.76076 ] ], [ [ 13.7191, 52.76115 ], [ 13.71902, 52.76126 ], [ 13.71884, 52.7613 ], [ 13.71866, 52.76126 ], [ 13.71859, 52.76115 ], [ 13.71867, 52.76104 ], [ 13.71885, 52.761 ], [ 13.71903, 52.76105 ], [ 13.7191, 52.76115 ] ] ] } },
{ "type": "Feature", "properties": { "boden": "50 % ziemlich arm, mäßig frisch (Z2) · 50 % ziemlich arm, mäßig frisch (Z2)" }, "geometry": { "type": "Polygon", "coordinates": [ [ [ 13.71866, 52.76059 ], [ 13.71831, 52.76046 ], [ 13.71816, 52.76059 ], [ 13.71823, 52.7607 ], [ 13.71841, 52.76074 ], [ 13.71859, 52.7607 ], [ 13.71866, 52.76059 ] ] ] } },
{ "type": "Feature", "properties": { "boden": "100 % mittel, mäßig frisch (M2)" }, "geometry": { "type": "Polygon", "coordinates": [ [ [ 13.72066, 52.7607 ], [ 13.72048, 52.76074 ], [ 13.72041, 52.76085 ], [ 13.72048, 52.76096 ], [ 13.72065, 52.76101 ], [ 13.72083, 52.76096 ], [ 13.72091, 52.76086 ], [ 13.72084, 52.76075 ], [ 13.72066, 52.7607 ] ] ] } },
{ "type": "Feature", "properties": { "boden": "50 % mittel, mäßig frisch (M2) · 30 % mittel, mäßig frisch (M2) · 20 % ziemlich arm, mäßig frisch (Z2)" }, "geometry": { "type": "Polygon", "coordinates": [ [ [ 13.72116, 52.7611 ], [ 13.72134, 52.76115 ], [ 13.72152, 52.7611 ], [ 13.72159, 52.761 ], [ 13.72152, 52.76089 ], [ 13.72135, 52.76084 ], [ 13.72117, 52.76089 ], [ 13.72116, 52.7611 ] ] ] } },
{ "type": "Feature", "properties": { "boden": "50 % ziemlich arm, mäßig frisch (Z2) · 50 % ziemlich arm, mäßig frisch (Z2)" }, "geometry": { "type": "Polygon", "coordinates": [ [ [ 13.71885, 52.761 ], [ 13.71867, 52.76104 ], [ 13.71859, 52.76115 ], [ 13.71866, 52.76126 ], [ 13.71884, 52.7613 ], [ 13.71902, 52.76126 ], [ 13.7191, 52.76115 ], [ 13.71903, 52.76105 ], [ 13.71885, 52.761 ] ] ] } },
{ "type": "Feature", "properties": { "boden": "100 % mittel, mäßig frisch (M+2)" }, "geometry": { "type": "Polygon", "coordinates": [ [ [ 13.72016, 52.76118 ], [ 13.71998, 52.76122 ], [ 13.71991, 52.76133 ], [ 13.71998, 52.76144 ], [ 13.72015, 52.76148 ], [ 13.72033, 52.76144 ], [ 13.72041, 52.76133 ], [ 13.72034, 52.76122 ], [ 13.72016, 52.76118 ] ] ] } },
{ "type": "Feature", "properties": { "boden": "100 % kräftig, mäßig frisch (K2)" }, "geometry": { "type": "Polygon", "coordinates": [ [ [ 13.72077, 52.7618 ], [ 13.7205, 52.76201 ], [ 13.72024, 52.76208 ], [ 13.71919, 52.76211 ], [ 13.71871, 52.76284 ], [ 13.7178, 52.76271 ], [ 13.71734, 52.76254 ], [ 13.71735, 52.76244 ], [ 13.71766, 52.76215 ], [ 13.71764, 52.76173 ], [ 13.71711, 52.76158 ], [ 13.71623, 52.76185 ], [ 13.71599, 52.76187 ], [ 13.7158, 52.76181 ], [ 13.71526, 52.7615 ], [ 13.71464, 52.76025 ], [ 13.7143, 52.75996 ], [ 13.71391, 52.75974 ], [ 13.71353, 52.7596 ], [ 13.71321, 52.7596 ], [ 13.71292, 52.75967 ], [ 13.71275, 52.75981 ], [ 13.71263, 52.76022 ], [ 13.71274, 52.76095 ], [ 13.71258, 52.76105 ], [ 13.71235, 52.76111 ], [ 13.71196, 52.7611 ], [ 13.71089, 52.76076 ], [ 13.71002, 52.76072 ], [ 13.7097, 52.76064 ], [ 13.70908, 52.76058 ], [ 13.70817, 52.76057 ], [ 13.70776, 52.76105 ], [ 13.70899, 52.76153 ], [ 13.71495, 52.76323 ], [ 13.71649, 52.7637 ], [ 13.71724, 52.764 ], [ 13.71767, 52.7641 ], [ 13.71777, 52.76422 ], [ 13.71694, 52.76507 ], [ 13.71874, 52.76513 ], [ 13.71887, 52.7645 ], [ 13.72149, 52.76546 ], [ 13.72262, 52.76571 ], [ 13.72267, 52.76556 ], [ 13.72285, 52.76552 ], [ 13.72303, 52.76557 ], [ 13.7231, 52.76568 ], [ 13.72302, 52.76578 ], [ 13.72293, 52.7658 ], [ 13.72474, 52.76635 ], [ 13.72459, 52.7657 ], [ 13.72456, 52.76523 ], [ 13.72437, 52.76489 ], [ 13.72415, 52.76472 ], [ 13.72399, 52.76465 ], [ 13.72278, 52.76484 ], [ 13.7224, 52.76444 ], [ 13.72211, 52.76427 ], [ 13.7212, 52.76418 ], [ 13.72077, 52.7618 ] ], [ [ 13.7226, 52.7647 ], [ 13.72252, 52.76481 ], [ 13.72234, 52.76485 ], [ 13.72216, 52.76481 ], [ 13.72209, 52.7647 ], [ 13.72217, 52.76459 ], [ 13.72235, 52.76455 ], [ 13.72253, 52.76459 ], [ 13.7226, 52.7647 ] ] ] } },
{ "type": "Feature", "properties": { "boden": "50 % arm, frisch (A1) · 30 % arm, mäßig frisch (A2g) · 20 % mittel, frisch (M1)" }, "geometry": { "type": "Polygon", "coordinates": [ [ [ 13.69188, 52.71844 ], [ 13.6917, 52.71848 ], [ 13.69163, 52.71859 ], [ 13.6917, 52.7187 ], [ 13.69187, 52.71874 ], [ 13.69205, 52.7187 ], [ 13.69213, 52.71859 ], [ 13.69206, 52.71849 ], [ 13.69188, 52.71844 ] ] ] } },
{ "type": "Feature", "properties": { "boden": "50 % arm, frisch (A1) · 30 % arm, mäßig frisch (A2g) · 20 % mittel, frisch (M1)" }, "geometry": { "type": "Polygon", "coordinates": [ [ [ 13.69031, 52.71882 ], [ 13.69013, 52.71886 ], [ 13.69005, 52.71897 ], [ 13.69012, 52.71907 ], [ 13.6903, 52.71912 ], [ 13.69048, 52.71908 ], [ 13.69056, 52.71897 ], [ 13.69049, 52.71886 ], [ 13.69031, 52.71882 ] ] ] } },
{ "type": "Feature", "properties": { "boden": "100 % kräftig, mäßig frisch (K2)" }, "geometry": { "type": "Polygon", "coordinates": [ [ [ 13.68753, 52.71887 ], [ 13.68735, 52.71891 ], [ 13.68727, 52.71902 ], [ 13.68734, 52.71913 ], [ 13.68752, 52.71917 ], [ 13.6877, 52.71913 ], [ 13.68777, 52.71902 ], [ 13.6877, 52.71892 ], [ 13.68753, 52.71887 ] ] ] } },
{ "type": "Feature", "properties": { "boden": "50 % arm, frisch (A1) · 30 % arm, mäßig frisch (A2g) · 20 % mittel, frisch (M1)" }, "geometry": { "type": "Polygon", "coordinates": [ [ [ 13.69473, 52.72058 ], [ 13.69612, 52.71997 ], [ 13.69705, 52.71935 ], [ 13.69626, 52.71884 ], [ 13.69749, 52.71821 ], [ 13.69718, 52.71799 ], [ 13.69555, 52.71804 ], [ 13.69519, 52.71799 ], [ 13.69426, 52.71798 ], [ 13.69397, 52.71803 ], [ 13.69358, 52.71818 ], [ 13.69272, 52.71826 ], [ 13.69206, 52.71796 ], [ 13.69163, 52.71804 ], [ 13.69141, 52.7182 ], [ 13.69121, 52.71853 ], [ 13.69091, 52.71869 ], [ 13.69061, 52.71865 ], [ 13.69012, 52.71869 ], [ 13.68964, 52.71885 ], [ 13.69057, 52.71988 ], [ 13.69147, 52.72046 ], [ 13.6922, 52.72015 ], [ 13.69256, 52.72007 ], [ 13.69299, 52.72004 ], [ 13.69337, 52.7201 ], [ 13.69361, 52.72022 ], [ 13.69425, 52.72028 ], [ 13.69473, 52.72058 ] ], [ [ 13.69056, 52.71897 ], [ 13.69048, 52.71908 ], [ 13.6903, 52.71912 ], [ 13.69012, 52.71907 ], [ 13.69005, 52.71897 ], [ 13.69013, 52.71886 ], [ 13.69031, 52.71882 ], [ 13.69049, 52.71886 ], [ 13.69056, 52.71897 ] ], [ [ 13.69213, 52.71859 ], [ 13.69205, 52.7187 ], [ 13.69187, 52.71874 ], [ 13.6917, 52.7187 ], [ 13.69163, 52.71859 ], [ 13.6917, 52.71848 ], [ 13.69188, 52.71844 ], [ 13.69206, 52.71849 ], [ 13.69213, 52.71859 ] ], [ [ 13.69218, 52.71826 ], [ 13.69211, 52.71837 ], [ 13.69193, 52.71841 ], [ 13.69175, 52.71836 ], [ 13.69168, 52.71825 ], [ 13.69176, 52.71815 ], [ 13.69194, 52.7181 ], [ 13.69211, 52.71815 ], [ 13.69218, 52.71826 ] ] ] } },
{ "type": "Feature", "properties": { "boden": "70 % ziemlich arm, mäßig frisch (Z+2g) · 30 % arm, mäßig frisch (A2g)" }, "geometry": { "type": "Polygon", "coordinates": [ [ [ 13.6895, 52.71925 ], [ 13.68932, 52.71929 ], [ 13.68924, 52.7194 ], [ 13.68931, 52.71951 ], [ 13.68949, 52.71955 ], [ 13.68967, 52.71951 ], [ 13.68974, 52.7194 ], [ 13.68967, 52.71929 ], [ 13.6895, 52.71925 ] ] ] } },
{ "type": "Feature", "properties": { "boden": "70 % ziemlich arm, mäßig frisch (Z+2g) · 30 % arm, mäßig frisch (A2g)" }, "geometry": { "type": "Polygon", "coordinates": [ [ [ 13.68892, 52.71937 ], [ 13.68874, 52.71941 ], [ 13.68866, 52.71952 ], [ 13.68873, 52.71963 ], [ 13.68891, 52.71968 ], [ 13.68909, 52.71963 ], [ 13.68917, 52.71953 ], [ 13.6891, 52.71942 ], [ 13.68892, 52.71937 ] ] ] } },
{ "type": "Feature", "properties": { "boden": "70 % ziemlich arm, mäßig frisch (Z+2g) · 30 % arm, mäßig frisch (A2g)" }, "geometry": { "type": "Polygon", "coordinates": [ [ [ 13.68659, 52.7197 ], [ 13.68641, 52.71974 ], [ 13.68633, 52.71985 ], [ 13.6864, 52.71996 ], [ 13.68658, 52.72 ], [ 13.68676, 52.71996 ], [ 13.68684, 52.71985 ], [ 13.68677, 52.71974 ], [ 13.68659, 52.7197 ] ] ] } },
{ "type": "Feature", "properties": { "boden": "70 % ziemlich arm, mäßig frisch (Z+2g) · 30 % arm, mäßig frisch (A2g)" }, "geometry": { "type": "Polygon", "coordinates": [ [ [ 13.69147, 52.72046 ], [ 13.69057, 52.71988 ], [ 13.68964, 52.71885 ], [ 13.68846, 52.71917 ], [ 13.68839, 52.71913 ], [ 13.6873, 52.71931 ], [ 13.68683, 52.71944 ], [ 13.68646, 52.71964 ], [ 13.68613, 52.71992 ], [ 13.68583, 52.72006 ], [ 13.68658, 52.72076 ], [ 13.68476, 52.72231 ], [ 13.6873, 52.72145 ], [ 13.68867, 52.72135 ], [ 13.68898, 52.72127 ], [ 13.68911, 52.72117 ], [ 13.68929, 52.72082 ], [ 13.68949, 52.72071 ], [ 13.68979, 52.72064 ], [ 13.69065, 52.72072 ], [ 13.69103, 52.72069 ], [ 13.69126, 52.72061 ], [ 13.69147, 52.72046 ] ], [ [ 13.68684, 52.71985 ], [ 13.68676, 52.71996 ], [ 13.68658, 52.72 ], [ 13.6864, 52.71996 ], [ 13.68633, 52.71985 ], [ 13.68641, 52.71974 ], [ 13.68659, 52.7197 ], [ 13.68677, 52.71974 ], [ 13.68684, 52.71985 ] ], [ [ 13.68917, 52.71953 ], [ 13.68909, 52.71963 ], [ 13.68891, 52.71968 ], [ 13.68873, 52.71963 ], [ 13.68866, 52.71952 ], [ 13.68874, 52.71941 ], [ 13.68892, 52.71937 ], [ 13.6891, 52.71942 ], [ 13.68917, 52.71953 ] ], [ [ 13.68974, 52.7194 ], [ 13.68967, 52.71951 ], [ 13.68949, 52.71955 ], [ 13.68931, 52.71951 ], [ 13.68924, 52.7194 ], [ 13.68932, 52.71929 ], [ 13.6895, 52.71925 ], [ 13.68967, 52.71929 ], [ 13.68974, 52.7194 ] ] ] } },
{ "type": "Feature", "properties": { "boden": "50 % kräftig, mäßig frisch (K2) · 50 % arm, mäßig frisch (A+2)" }, "geometry": { "type": "Polygon", "coordinates": [ [ [ 13.69073, 52.72084 ], [ 13.69056, 52.72088 ], [ 13.69048, 52.72099 ], [ 13.69055, 52.7211 ], [ 13.69072, 52.72114 ], [ 13.6909, 52.7211 ], [ 13.69098, 52.72099 ], [ 13.69091, 52.72088 ], [ 13.69073, 52.72084 ] ] ] } },
{ "type": "Feature", "properties": { "boden": "50 % kräftig, mäßig frisch (K2) · 50 % arm, mäßig frisch (A+2)" }, "geometry": { "type": "Polygon", "coordinates": [ [ [ 13.68814, 52.72147 ], [ 13.68796, 52.72151 ], [ 13.68788, 52.72161 ], [ 13.68795, 52.72172 ], [ 13.68813, 52.72177 ], [ 13.68831, 52.72173 ], [ 13.68838, 52.72162 ], [ 13.68831, 52.72151 ], [ 13.68814, 52.72147 ] ] ] } },
{ "type": "Feature", "properties": { "boden": "50 % kräftig, mäßig frisch (K2) · 50 % ziemlich arm, mäßig frisch (Z+2)" }, "geometry": { "type": "Polygon", "coordinates": [ [ [ 13.69103, 52.72069 ], [ 13.69065, 52.72072 ], [ 13.68979, 52.72064 ], [ 13.68949, 52.72071 ], [ 13.68929, 52.72082 ], [ 13.68911, 52.72117 ], [ 13.68898, 52.72127 ], [ 13.68867, 52.72135 ], [ 13.6873, 52.72145 ], [ 13.68476, 52.72231 ], [ 13.6846, 52.72244 ], [ 13.6861, 52.72374 ], [ 13.69042, 52.7221 ], [ 13.69212, 52.72165 ], [ 13.69203, 52.72127 ], [ 13.69131, 52.72074 ], [ 13.69126, 52.72061 ], [ 13.69103, 52.72069 ] ], [ [ 13.69098, 52.72099 ], [ 13.6909, 52.7211 ], [ 13.69072, 52.72114 ], [ 13.69055, 52.7211 ], [ 13.69048, 52.72099 ], [ 13.69056, 52.72088 ], [ 13.69073, 52.72084 ], [ 13.69091, 52.72088 ], [ 13.69098, 52.72099 ] ], [ [ 13.68838, 52.72162 ], [ 13.68831, 52.72173 ], [ 13.68813, 52.72177 ], [ 13.68795, 52.72172 ], [ 13.68788, 52.72161 ], [ 13.68796, 52.72151 ], [ 13.68814, 52.72147 ], [ 13.68831, 52.72151 ], [ 13.68838, 52.72162 ] ] ] } },
{ "type": "Feature", "properties": { "boden": "50 % ziemlich arm, mäßig frisch (Z+2) · 50 % ziemlich arm, mäßig frisch (Z+2)" }, "geometry": { "type": "Polygon", "coordinates": [ [ [ 13.68806, 52.72475 ], [ 13.68799, 52.72464 ], [ 13.68807, 52.72453 ], [ 13.68825, 52.72449 ], [ 13.68844, 52.72457 ], [ 13.68921, 52.72422 ], [ 13.68974, 52.72421 ], [ 13.69071, 52.7238 ], [ 13.69108, 52.72359 ], [ 13.69156, 52.72312 ], [ 13.69168, 52.72293 ], [ 13.69172, 52.72237 ], [ 13.69193, 52.72236 ], [ 13.69241, 52.72257 ], [ 13.69272, 52.72265 ], [ 13.69393, 52.72269 ], [ 13.69431, 52.72275 ], [ 13.69504, 52.72301 ], [ 13.69681, 52.72231 ], [ 13.69561, 52.72187 ], [ 13.69624, 52.72127 ], [ 13.6958, 52.72082 ], [ 13.69522, 52.72036 ], [ 13.69473, 52.72058 ], [ 13.69425, 52.72028 ], [ 13.69361, 52.72022 ], [ 13.69337, 52.7201 ], [ 13.69299, 52.72004 ], [ 13.69256, 52.72007 ], [ 13.69172, 52.72032 ], [ 13.69126, 52.72061 ], [ 13.69131, 52.72074 ], [ 13.69203, 52.72127 ], [ 13.69212, 52.72165 ], [ 13.69042, 52.7221 ], [ 13.6861, 52.72374 ], [ 13.68751, 52.7252 ], [ 13.68771, 52.72529 ], [ 13.68816, 52.72477 ], [ 13.68806, 52.72475 ] ], [ [ 13.6889, 52.72389 ], [ 13.68883, 52.724 ], [ 13.68865, 52.72404 ], [ 13.68847, 52.72399 ], [ 13.6884, 52.72389 ], [ 13.68848, 52.72378 ], [ 13.68866, 52.72374 ], [ 13.68883, 52.72378 ], [ 13.6889, 52.72389 ] ], [ [ 13.68791, 52.72356 ], [ 13.68783, 52.72366 ], [ 13.68765, 52.72371 ], [ 13.68748, 52.72366 ], [ 13.68741, 52.72355 ], [ 13.68748, 52.72344 ], [ 13.68766, 52.7234 ], [ 13.68784, 52.72345 ], [ 13.68791, 52.72356 ] ], [ [ 13.68876, 52.72303 ], [ 13.68868, 52.72314 ], [ 13.6885, 52.72318 ], [ 13.68833, 52.72314 ], [ 13.68825, 52.72303 ], [ 13.68833, 52.72292 ], [ 13.68851, 52.72288 ], [ 13.68869, 52.72292 ], [ 13.68876, 52.72303 ] ] ] } },
{ "type": "Feature", "properties": { "boden": "50 % ziemlich arm, mäßig frisch (Z+2) · 50 % arm, mäßig frisch (A+2)" }, "geometry": { "type": "Polygon", "coordinates": [ [ [ 13.68851, 52.72288 ], [ 13.68833, 52.72292 ], [ 13.68825, 52.72303 ], [ 13.68833, 52.72314 ], [ 13.6885, 52.72318 ], [ 13.68868, 52.72314 ], [ 13.68876, 52.72303 ], [ 13.68869, 52.72292 ], [ 13.68851, 52.72288 ] ] ] } },
{ "type": "Feature", "properties": { "boden": "100 % arm, mäßig frisch (A2g)" }, "geometry": { "type": "Polygon", "coordinates": [ [ [ 13.69112, 52.72398 ], [ 13.69243, 52.72321 ], [ 13.69271, 52.72319 ], [ 13.69303, 52.72327 ], [ 13.69306, 52.72353 ], [ 13.69342, 52.72344 ], [ 13.69393, 52.72344 ], [ 13.69593, 52.72392 ], [ 13.69603, 52.72375 ], [ 13.696, 52.7236 ], [ 13.69567, 52.72331 ], [ 13.69474, 52.72287 ], [ 13.69393, 52.72269 ], [ 13.69272, 52.72265 ], [ 13.69241, 52.72257 ], [ 13.69193, 52.72236 ], [ 13.69172, 52.72237 ], [ 13.69168, 52.72244 ], [ 13.69168, 52.72293 ], [ 13.69156, 52.72312 ], [ 13.69108, 52.72359 ], [ 13.69071, 52.7238 ], [ 13.69112, 52.72398 ] ] ] } },
{ "type": "Feature", "properties": { "boden": "50 % ziemlich arm, mäßig frisch (Z+2) · 50 % arm, mäßig frisch (A+2)" }, "geometry": { "type": "Polygon", "coordinates": [ [ [ 13.68766, 52.7234 ], [ 13.68748, 52.72344 ], [ 13.68741, 52.72355 ], [ 13.68748, 52.72366 ], [ 13.68765, 52.72371 ], [ 13.68783, 52.72366 ], [ 13.68791, 52.72356 ], [ 13.68784, 52.72345 ], [ 13.68766, 52.7234 ] ] ] } },
{ "type": "Feature", "properties": { "boden": "50 % ziemlich arm, mäßig frisch (Z+2) · 50 % ziemlich arm, mäßig frisch (Z2)" }, "geometry": { "type": "Polygon", "coordinates": [ [ [ 13.69575, 52.72425 ], [ 13.69593, 52.72392 ], [ 13.69393, 52.72344 ], [ 13.69342, 52.72344 ], [ 13.69306, 52.72353 ], [ 13.69303, 52.72327 ], [ 13.69271, 52.72319 ], [ 13.69243, 52.72321 ], [ 13.69146, 52.72379 ], [ 13.6916, 52.72376 ], [ 13.69178, 52.72381 ], [ 13.69185, 52.72391 ], [ 13.69177, 52.72402 ], [ 13.69159, 52.72406 ], [ 13.69142, 52.72402 ], [ 13.69134, 52.72391 ], [ 13.69141, 52.72382 ], [ 13.69112, 52.72398 ], [ 13.69231, 52.72456 ], [ 13.69399, 52.7242 ], [ 13.69435, 52.72408 ], [ 13.69575, 52.7244 ], [ 13.69575, 52.72425 ] ], [ [ 13.69538, 52.72405 ], [ 13.69531, 52.72416 ], [ 13.69513, 52.7242 ], [ 13.69495, 52.72415 ], [ 13.69488, 52.72404 ], [ 13.69496, 52.72394 ], [ 13.69514, 52.72389 ], [ 13.69531, 52.72394 ], [ 13.69538, 52.72405 ] ], [ [ 13.69256, 52.72424 ], [ 13.69248, 52.72435 ], [ 13.6923, 52.72439 ], [ 13.69213, 52.72435 ], [ 13.69206, 52.72424 ], [ 13.69213, 52.72413 ], [ 13.69231, 52.72409 ], [ 13.69249, 52.72414 ], [ 13.69256, 52.72424 ] ] ] } },
{ "type": "Feature", "properties": { "boden": "50 % ziemlich arm, mäßig frisch (Z+2) · 50 % arm, mäßig frisch (A2)" }, "geometry": { "type": "Polygon", "coordinates": [ [ [ 13.69141, 52.72382 ], [ 13.69134, 52.72391 ], [ 13.69142, 52.72402 ], [ 13.69159, 52.72406 ], [ 13.69177, 52.72402 ], [ 13.69185, 52.72391 ], [ 13.69178, 52.72381 ], [ 13.6916, 52.72376 ], [ 13.69141, 52.72382 ] ] ] } },
{ "type": "Feature", "properties": { "boden": "50 % ziemlich arm, mäßig frisch (Z+2) · 50 % arm, mäßig frisch (A+2)" }, "geometry": { "type": "Polygon", "coordinates": [ [ [ 13.68866, 52.72374 ], [ 13.68848, 52.72378 ], [ 13.6884, 52.72389 ], [ 13.68847, 52.72399 ], [ 13.68865, 52.72404 ], [ 13.68883, 52.724 ], [ 13.6889, 52.72389 ], [ 13.68883, 52.72378 ], [ 13.68866, 52.72374 ] ] ] } },
{ "type": "Feature", "properties": { "boden": "50 % ziemlich arm, mäßig frisch (Z+2) · 50 % arm, mäßig frisch (A2)" }, "geometry": { "type": "Polygon", "coordinates": [ [ [ 13.69514, 52.72389 ], [ 13.69496, 52.72394 ], [ 13.69488, 52.72404 ], [ 13.69495, 52.72415 ], [ 13.69513, 52.7242 ], [ 13.69531, 52.72416 ], [ 13.69538, 52.72405 ], [ 13.69531, 52.72394 ], [ 13.69514, 52.72389 ] ] ] } },
{ "type": "Feature", "properties": { "boden": "50 % ziemlich arm, mäßig frisch (Z+2) · 50 % arm, mäßig frisch (A2)" }, "geometry": { "type": "Polygon", "coordinates": [ [ [ 13.69231, 52.72409 ], [ 13.69213, 52.72413 ], [ 13.69206, 52.72424 ], [ 13.69213, 52.72435 ], [ 13.6923, 52.72439 ], [ 13.69248, 52.72435 ], [ 13.69256, 52.72424 ], [ 13.69249, 52.72414 ], [ 13.69231, 52.72409 ] ] ] } },
{ "type": "Feature", "properties": { "boden": "100 % ziemlich arm, frisch (Z1)" }, "geometry": { "type": "Point", "coordinates": [ 13.66665, 52.7478 ] } },
{ "type": "Feature", "properties": { "boden": "100 % mittel, mäßig frisch (M2)" }, "geometry": { "type": "Polygon", "coordinates": [ [ [ 13.66683, 52.74894 ], [ 13.66672, 52.74883 ], [ 13.66662, 52.74886 ], [ 13.66661, 52.749 ], [ 13.66683, 52.74894 ] ] ] } },
{ "type": "Feature", "properties": { "boden": "100 % mittel, mäßig frisch (M2)" }, "geometry": { "type": "Polygon", "coordinates": [ [ [ 13.66902, 52.75007 ], [ 13.66866, 52.75019 ], [ 13.66809, 52.74976 ], [ 13.66779, 52.74968 ], [ 13.66714, 52.74909 ], [ 13.6666, 52.74931 ], [ 13.66658, 52.75001 ], [ 13.66696, 52.7502 ], [ 13.6694, 52.75047 ], [ 13.66902, 52.75007 ] ] ] } },
{ "type": "Feature", "properties": { "boden": "100 % ziemlich arm, mäßig frisch (Z2g)" }, "geometry": { "type": "Polygon", "coordinates": [ [ [ 13.6724, 52.72107 ], [ 13.6721, 52.72013 ], [ 13.67176, 52.72008 ], [ 13.67159, 52.71998 ], [ 13.67041, 52.72144 ], [ 13.67019, 52.72141 ], [ 13.66984, 52.72186 ], [ 13.67018, 52.72208 ], [ 13.67072, 52.72212 ], [ 13.67081, 52.72201 ], [ 13.67151, 52.72222 ], [ 13.6724, 52.72107 ] ] ] } },
{ "type": "Feature", "properties": { "boden": "100 % mittel, mäßig frisch (M+2)" }, "geometry": { "type": "Polygon", "coordinates": [ [ [ 13.6862, 52.72382 ], [ 13.68454, 52.72241 ], [ 13.6845, 52.7215 ], [ 13.68301, 52.72149 ], [ 13.68211, 52.72159 ], [ 13.68158, 52.72157 ], [ 13.68138, 52.72152 ], [ 13.68072, 52.72121 ], [ 13.68042, 52.72093 ], [ 13.68036, 52.7206 ], [ 13.68049, 52.72052 ], [ 13.68067, 52.7205 ], [ 13.68256, 52.72077 ], [ 13.68288, 52.72077 ], [ 13.68351, 52.72063 ], [ 13.68368, 52.72053 ], [ 13.68375, 52.72037 ], [ 13.68364, 52.72004 ], [ 13.68346, 52.71988 ], [ 13.68274, 52.71956 ], [ 13.68196, 52.71945 ], [ 13.68098, 52.71938 ], [ 13.68058, 52.71927 ], [ 13.68012, 52.71902 ], [ 13.67998, 52.7191 ], [ 13.67929, 52.71865 ], [ 13.67842, 52.71834 ], [ 13.67785, 52.71861 ], [ 13.67824, 52.71882 ], [ 13.67827, 52.7189 ], [ 13.67814, 52.719 ], [ 13.67789, 52.71888 ], [ 13.67647, 52.72017 ], [ 13.67604, 52.71992 ], [ 13.67531, 52.7207 ], [ 13.6741, 52.72175 ], [ 13.67282, 52.72133 ], [ 13.67257, 52.72153 ], [ 13.6724, 52.72107 ], [ 13.67151, 52.72222 ], [ 13.67243, 52.72251 ], [ 13.67183, 52.72341 ], [ 13.67243, 52.72357 ], [ 13.6723, 52.72394 ], [ 13.67461, 52.7241 ], [ 13.67828, 52.72452 ], [ 13.68132, 52.72506 ], [ 13.68225, 52.72545 ], [ 13.68262, 52.72526 ], [ 13.68418, 52.7259 ], [ 13.68416, 52.72554 ], [ 13.68462, 52.72533 ], [ 13.68711, 52.72478 ], [ 13.6862, 52.72382 ] ], [ [ 13.68504, 52.7251 ], [ 13.68496, 52.7252 ], [ 13.68478, 52.72525 ], [ 13.6846, 52.7252 ], [ 13.68453, 52.72509 ], [ 13.68461, 52.72498 ], [ 13.68479, 52.72494 ], [ 13.68497, 52.72499 ], [ 13.68504, 52.7251 ] ], [ [ 13.68657, 52.72473 ], [ 13.68649, 52.72484 ], [ 13.68631, 52.72488 ], [ 13.68614, 52.72483 ], [ 13.68607, 52.72472 ], [ 13.68614, 52.72462 ], [ 13.68632, 52.72457 ], [ 13.6865, 52.72462 ], [ 13.68657, 52.72473 ] ] ] } },
{ "type": "Feature", "properties": { "boden": "100 % ziemlich arm, mäßig frisch (Z+2)" }, "geometry": { "type": "Polygon", "coordinates": [ [ [ 13.68479, 52.72494 ], [ 13.68461, 52.72498 ], [ 13.68453, 52.72509 ], [ 13.6846, 52.7252 ], [ 13.68478, 52.72525 ], [ 13.68496, 52.7252 ], [ 13.68504, 52.7251 ], [ 13.68497, 52.72499 ], [ 13.68479, 52.72494 ] ] ] } },
{ "type": "Feature", "properties": { "boden": "50 % ziemlich arm, mäßig frisch (Z2) · 50 % ziemlich arm, mäßig frisch (Z2)" }, "geometry": { "type": "Polygon", "coordinates": [ [ [ 13.68132, 52.72506 ], [ 13.67828, 52.72452 ], [ 13.67712, 52.72437 ], [ 13.67349, 52.724 ], [ 13.6723, 52.72394 ], [ 13.67139, 52.72531 ], [ 13.67073, 52.72577 ], [ 13.67131, 52.72624 ], [ 13.67125, 52.72631 ], [ 13.67172, 52.72672 ], [ 13.67209, 52.72648 ], [ 13.67294, 52.72705 ], [ 13.67358, 52.72664 ], [ 13.67409, 52.72693 ], [ 13.67339, 52.72737 ], [ 13.67379, 52.72757 ], [ 13.67446, 52.72714 ], [ 13.67554, 52.72776 ], [ 13.67565, 52.72781 ], [ 13.67576, 52.72781 ], [ 13.67635, 52.72874 ], [ 13.67844, 52.72735 ], [ 13.68188, 52.72531 ], [ 13.68132, 52.72506 ] ] ] } },
{ "type": "Feature", "properties": { "boden": "100 % kräftig, trocken (vermutet) (KC3)" }, "geometry": { "type": "Polygon", "coordinates": [ [ [ 13.6826, 52.72799 ], [ 13.68243, 52.72791 ], [ 13.68207, 52.72796 ], [ 13.68194, 52.72803 ], [ 13.6819, 52.72811 ], [ 13.68196, 52.72819 ], [ 13.68228, 52.72829 ], [ 13.68276, 52.72829 ], [ 13.68285, 52.72823 ], [ 13.68286, 52.72801 ], [ 13.68267, 52.72792 ], [ 13.6826, 52.72799 ] ] ] } },
{ "type": "Feature", "properties": { "boden": "100 % kräftig, mäßig frisch (KC2)" }, "geometry": { "type": "Polygon", "coordinates": [ [ [ 13.68267, 52.72792 ], [ 13.68286, 52.72801 ], [ 13.68289, 52.72814 ], [ 13.68276, 52.72829 ], [ 13.68228, 52.72829 ], [ 13.68196, 52.72819 ], [ 13.6819, 52.72811 ], [ 13.68194, 52.72803 ], [ 13.68207, 52.72796 ], [ 13.68243, 52.72791 ], [ 13.68218, 52.7278 ], [ 13.68207, 52.72787 ], [ 13.68184, 52.72778 ], [ 13.68128, 52.72826 ], [ 13.68221, 52.72865 ], [ 13.68395, 52.72906 ], [ 13.6839, 52.72796 ], [ 13.68293, 52.72768 ], [ 13.68267, 52.72792 ] ] ] } },
{ "type": "Feature", "properties": { "boden": "100 % mittel, mäßig frisch (M2)" }, "geometry": { "type": "Polygon", "coordinates": [ [ [ 13.66833, 52.75309 ], [ 13.66815, 52.75313 ], [ 13.66807, 52.75324 ], [ 13.66814, 52.75335 ], [ 13.66832, 52.7534 ], [ 13.6685, 52.75335 ], [ 13.66857, 52.75325 ], [ 13.6685, 52.75314 ], [ 13.66833, 52.75309 ] ] ] } },
{ "type": "Feature", "properties": { "boden": "70 % mittel, mäßig frisch (M2) · 30 % mittel, mäßig frisch (M2)" }, "geometry": { "type": "Polygon", "coordinates": [ [ [ 13.67104, 52.76192 ], [ 13.67185, 52.76205 ], [ 13.67401, 52.76164 ], [ 13.67469, 52.76168 ], [ 13.67521, 52.76182 ], [ 13.67612, 52.76191 ], [ 13.67638, 52.76188 ], [ 13.67678, 52.76176 ], [ 13.67709, 52.76154 ], [ 13.67732, 52.76125 ], [ 13.67726, 52.7607 ], [ 13.6771, 52.76048 ], [ 13.67656, 52.76028 ], [ 13.67459, 52.7599 ], [ 13.67398, 52.75962 ], [ 13.67389, 52.75943 ], [ 13.67402, 52.75899 ], [ 13.67461, 52.75827 ], [ 13.67506, 52.75808 ], [ 13.67482, 52.75804 ], [ 13.6742, 52.75823 ], [ 13.67406, 52.75773 ], [ 13.67509, 52.75734 ], [ 13.67551, 52.75776 ], [ 13.67575, 52.75767 ], [ 13.67405, 52.75593 ], [ 13.67334, 52.75648 ], [ 13.673, 52.75609 ], [ 13.67229, 52.75631 ], [ 13.67258, 52.75665 ], [ 13.67235, 52.75684 ], [ 13.67165, 52.75718 ], [ 13.67106, 52.75723 ], [ 13.67077, 52.7573 ], [ 13.67081, 52.75754 ], [ 13.66887, 52.75724 ], [ 13.66841, 52.7574 ], [ 13.66832, 52.75761 ], [ 13.66878, 52.75783 ], [ 13.66872, 52.75795 ], [ 13.66803, 52.7582 ], [ 13.66791, 52.75829 ], [ 13.66818, 52.75849 ], [ 13.6663, 52.75917 ], [ 13.66623, 52.76158 ], [ 13.66717, 52.76143 ], [ 13.6686, 52.76162 ], [ 13.6691, 52.76222 ], [ 13.6699, 52.76208 ], [ 13.66994, 52.76215 ], [ 13.67104, 52.76192 ] ] ] } },
{ "type": "Feature", "properties": { "boden": "100 % mittel, mäßig frisch (M2)" }, "geometry": { "type": "Polygon", "coordinates": [ [ [ 13.67983, 52.76374 ], [ 13.67998, 52.76364 ], [ 13.68018, 52.76336 ], [ 13.68028, 52.76303 ], [ 13.6803, 52.76228 ], [ 13.68044, 52.76211 ], [ 13.68062, 52.762 ], [ 13.67974, 52.76097 ], [ 13.67941, 52.76126 ], [ 13.67925, 52.76103 ], [ 13.6789, 52.76112 ], [ 13.67825, 52.76051 ], [ 13.67847, 52.76035 ], [ 13.67702, 52.75899 ], [ 13.6756, 52.75954 ], [ 13.67526, 52.75921 ], [ 13.67602, 52.75894 ], [ 13.67506, 52.75808 ], [ 13.67461, 52.75827 ], [ 13.67402, 52.75899 ], [ 13.67389, 52.75943 ], [ 13.67398, 52.75962 ], [ 13.67459, 52.7599 ], [ 13.67656, 52.76028 ], [ 13.6771, 52.76048 ], [ 13.67726, 52.7607 ], [ 13.67733, 52.76095 ], [ 13.67732, 52.76125 ], [ 13.67709, 52.76154 ], [ 13.67678, 52.76176 ], [ 13.67638, 52.76188 ], [ 13.67612, 52.76191 ], [ 13.67521, 52.76182 ], [ 13.67469, 52.76168 ], [ 13.67401, 52.76164 ], [ 13.67185, 52.76205 ], [ 13.67104, 52.76192 ], [ 13.67095, 52.76194 ], [ 13.67124, 52.76248 ], [ 13.67301, 52.76225 ], [ 13.67342, 52.76346 ], [ 13.67732, 52.76269 ], [ 13.67834, 52.76418 ], [ 13.67983, 52.76374 ] ] ] } },
{ "type": "Feature", "properties": { "boden": "100 % ziemlich arm, mäßig frisch (Z2)" }, "geometry": { "type": "Polygon", "coordinates": [ [ [ 13.68347, 52.76493 ], [ 13.68329, 52.76497 ], [ 13.68321, 52.76508 ], [ 13.68328, 52.76518 ], [ 13.68346, 52.76523 ], [ 13.68364, 52.76519 ], [ 13.68371, 52.76508 ], [ 13.68364, 52.76497 ], [ 13.68347, 52.76493 ] ] ] } },
{ "type": "Feature", "properties": { "boden": "60 % mittel, mäßig frisch (M2) · 40 % kräftig, mäßig frisch (K2)" }, "geometry": { "type": "Polygon", "coordinates": [ [ [ 13.69278, 52.75574 ], [ 13.69202, 52.75592 ], [ 13.69194, 52.75603 ], [ 13.69201, 52.75614 ], [ 13.69219, 52.75618 ], [ 13.69295, 52.756 ], [ 13.69303, 52.75589 ], [ 13.69296, 52.75578 ], [ 13.69278, 52.75574 ] ] ] } },
{ "type": "Feature", "properties": { "boden": "60 % mittel, mäßig frisch (M2) · 40 % kräftig, mäßig frisch (K2)" }, "geometry": { "type": "Polygon", "coordinates": [ [ [ 13.69133, 52.75595 ], [ 13.69115, 52.756 ], [ 13.69107, 52.7561 ], [ 13.69114, 52.75621 ], [ 13.69132, 52.75626 ], [ 13.6915, 52.75622 ], [ 13.69157, 52.75611 ], [ 13.6915, 52.756 ], [ 13.69133, 52.75595 ] ] ] } },
{ "type": "Feature", "properties": { "boden": "60 % mittel, mäßig frisch (M2) · 40 % kräftig, mäßig frisch (K2)" }, "geometry": { "type": "Polygon", "coordinates": [ [ [ 13.69046, 52.75608 ], [ 13.69028, 52.75613 ], [ 13.6902, 52.75623 ], [ 13.69027, 52.75634 ], [ 13.69045, 52.75639 ], [ 13.69063, 52.75635 ], [ 13.6907, 52.75624 ], [ 13.69063, 52.75613 ], [ 13.69046, 52.75608 ] ] ] } },
{ "type": "Feature", "properties": { "boden": "70 % mittel, mäßig frisch (M2) · 30 % kräftig, mäßig frisch (K2)" }, "geometry": { "type": "Polygon", "coordinates": [ [ [ 13.69077, 52.75984 ], [ 13.68975, 52.75658 ], [ 13.6895, 52.75618 ], [ 13.68893, 52.75495 ], [ 13.68849, 52.75503 ], [ 13.68856, 52.75513 ], [ 13.68849, 52.75524 ], [ 13.68831, 52.75528 ], [ 13.68813, 52.75524 ], [ 13.68808, 52.7551 ], [ 13.6869, 52.75531 ], [ 13.68696, 52.75541 ], [ 13.68688, 52.75551 ], [ 13.6867, 52.75556 ], [ 13.68653, 52.75551 ], [ 13.68647, 52.75539 ], [ 13.68566, 52.75554 ], [ 13.68612, 52.75587 ], [ 13.68677, 52.7567 ], [ 13.68698, 52.75713 ], [ 13.68699, 52.75736 ], [ 13.68682, 52.75786 ], [ 13.68637, 52.75834 ], [ 13.68612, 52.75956 ], [ 13.68606, 52.76021 ], [ 13.69066, 52.76044 ], [ 13.69077, 52.75984 ] ] ] } },
{ "type": "Feature", "properties": { "boden": "60 % mittel, mäßig frisch (M2) · 40 % kräftig, mäßig frisch (K2)" }, "geometry": { "type": "Polygon", "coordinates": [ [ [ 13.6898, 52.76061 ], [ 13.68962, 52.76066 ], [ 13.68954, 52.76076 ], [ 13.68961, 52.76087 ], [ 13.68979, 52.76092 ], [ 13.68997, 52.76088 ], [ 13.69005, 52.76077 ], [ 13.68998, 52.76066 ], [ 13.6898, 52.76061 ] ] ] } },
{ "type": "Feature", "properties": { "boden": "100 % mittel, mäßig frisch (M2)" }, "geometry": { "type": "Polygon", "coordinates": [ [ [ 13.69298, 52.7623 ], [ 13.69377, 52.76204 ], [ 13.69396, 52.76168 ], [ 13.69397, 52.76132 ], [ 13.69359, 52.76057 ], [ 13.69058, 52.76093 ], [ 13.69007, 52.76107 ], [ 13.69004, 52.76123 ], [ 13.69018, 52.76153 ], [ 13.6901, 52.76167 ], [ 13.68996, 52.76176 ], [ 13.68997, 52.76186 ], [ 13.69008, 52.76193 ], [ 13.69173, 52.76225 ], [ 13.69253, 52.76231 ], [ 13.69298, 52.7623 ] ], [ [ 13.69336, 52.76164 ], [ 13.69329, 52.76175 ], [ 13.69311, 52.76179 ], [ 13.69293, 52.76174 ], [ 13.69286, 52.76163 ], [ 13.69294, 52.76153 ], [ 13.69312, 52.76148 ], [ 13.69329, 52.76153 ], [ 13.69336, 52.76164 ] ] ] } },
{ "type": "Feature", "properties": { "boden": "100 % mittel, mäßig frisch (M2)" }, "geometry": { "type": "Polygon", "coordinates": [ [ [ 13.69312, 52.76148 ], [ 13.69294, 52.76153 ], [ 13.69286, 52.76163 ], [ 13.69293, 52.76174 ], [ 13.69311, 52.76179 ], [ 13.69329, 52.76175 ], [ 13.69336, 52.76164 ], [ 13.69329, 52.76153 ], [ 13.69312, 52.76148 ] ] ] } },
{ "type": "Feature", "properties": { "boden": "60 % mittel, mäßig frisch (M2) · 40 % kräftig, mäßig frisch (K2)" }, "geometry": { "type": "Polygon", "coordinates": [ [ [ 13.69253, 52.76231 ], [ 13.69173, 52.76225 ], [ 13.69008, 52.76193 ], [ 13.68997, 52.76186 ], [ 13.68996, 52.76176 ], [ 13.6901, 52.76167 ], [ 13.69018, 52.76153 ], [ 13.69004, 52.76123 ], [ 13.69007, 52.76107 ], [ 13.69058, 52.76093 ], [ 13.6924, 52.76074 ], [ 13.69297, 52.76062 ], [ 13.69419, 52.76053 ], [ 13.69522, 52.76055 ], [ 13.69568, 52.76046 ], [ 13.69627, 52.76015 ], [ 13.69621, 52.75991 ], [ 13.69597, 52.75955 ], [ 13.69557, 52.75923 ], [ 13.69482, 52.75883 ], [ 13.69444, 52.75851 ], [ 13.69275, 52.75747 ], [ 13.6912, 52.75782 ], [ 13.69015, 52.75788 ], [ 13.69077, 52.75984 ], [ 13.69066, 52.76044 ], [ 13.68606, 52.76021 ], [ 13.68597, 52.76087 ], [ 13.68588, 52.76097 ], [ 13.68573, 52.761 ], [ 13.68555, 52.7612 ], [ 13.68553, 52.76186 ], [ 13.68528, 52.76208 ], [ 13.68486, 52.76299 ], [ 13.68401, 52.76417 ], [ 13.68426, 52.76413 ], [ 13.68481, 52.76428 ], [ 13.68555, 52.76515 ], [ 13.68582, 52.76537 ], [ 13.68624, 52.76559 ], [ 13.68666, 52.7657 ], [ 13.68715, 52.76577 ], [ 13.68739, 52.76574 ], [ 13.68764, 52.76563 ], [ 13.68788, 52.76525 ], [ 13.68792, 52.76506 ], [ 13.68811, 52.76495 ], [ 13.68862, 52.76482 ], [ 13.68994, 52.76465 ], [ 13.69025, 52.76456 ], [ 13.69042, 52.76443 ], [ 13.69063, 52.76413 ], [ 13.69072, 52.76381 ], [ 13.69104, 52.76328 ], [ 13.69129, 52.7631 ], [ 13.6915, 52.76305 ], [ 13.69201, 52.76322 ], [ 13.69228, 52.76323 ], [ 13.69274, 52.76305 ], [ 13.69294, 52.76285 ], [ 13.69303, 52.76255 ], [ 13.69298, 52.7623 ], [ 13.69253, 52.76231 ] ], [ [ 13.68996, 52.76251 ], [ 13.69014, 52.76258 ], [ 13.69027, 52.76274 ], [ 13.69022, 52.76303 ], [ 13.69005, 52.76322 ], [ 13.68987, 52.76372 ], [ 13.68968, 52.76388 ], [ 13.68905, 52.76408 ], [ 13.68743, 52.76422 ], [ 13.6871, 52.76418 ], [ 13.68681, 52.76409 ], [ 13.68654, 52.76393 ], [ 13.68647, 52.76376 ], [ 13.6865, 52.76366 ], [ 13.68666, 52.76353 ], [ 13.68754, 52.76337 ], [ 13.68815, 52.76302 ], [ 13.68814, 52.76259 ], [ 13.68828, 52.7624 ], [ 13.68885, 52.76231 ], [ 13.68996, 52.76251 ] ], [ [ 13.69166, 52.76253 ], [ 13.69158, 52.76264 ], [ 13.6914, 52.76268 ], [ 13.69123, 52.76263 ], [ 13.69116, 52.76252 ], [ 13.69123, 52.76242 ], [ 13.69141, 52.76237 ], [ 13.69159, 52.76242 ], [ 13.69166, 52.76253 ] ], [ [ 13.69005, 52.76077 ], [ 13.68997, 52.76088 ], [ 13.68979, 52.76092 ], [ 13.68961, 52.76087 ], [ 13.68954, 52.76076 ], [ 13.68962, 52.76066 ], [ 13.6898, 52.76061 ], [ 13.68998, 52.76066 ], [ 13.69005, 52.76077 ] ], [ [ 13.69553, 52.75993 ], [ 13.69546, 52.76004 ], [ 13.69528, 52.76008 ], [ 13.6951, 52.76003 ], [ 13.69503, 52.75992 ], [ 13.69511, 52.75982 ], [ 13.69529, 52.75977 ], [ 13.69546, 52.75982 ], [ 13.69553, 52.75993 ] ] ] } },
{ "type": "Feature", "properties": { "boden": "60 % mittel, mäßig frisch (M2) · 40 % kräftig, mäßig frisch (K2)" }, "geometry": { "type": "Polygon", "coordinates": [ [ [ 13.69141, 52.76237 ], [ 13.69123, 52.76242 ], [ 13.69116, 52.76252 ], [ 13.69123, 52.76263 ], [ 13.6914, 52.76268 ], [ 13.69158, 52.76264 ], [ 13.69166, 52.76253 ], [ 13.69159, 52.76242 ], [ 13.69141, 52.76237 ] ] ] } },
{ "type": "Feature", "properties": { "boden": "100 % ziemlich arm, mäßig frisch (Z+2)" }, "geometry": { "type": "Polygon", "coordinates": [ [ [ 13.69485, 52.76286 ], [ 13.69467, 52.7629 ], [ 13.69459, 52.76301 ], [ 13.69467, 52.76311 ], [ 13.69484, 52.76316 ], [ 13.69502, 52.76312 ], [ 13.6951, 52.76301 ], [ 13.69503, 52.7629 ], [ 13.69485, 52.76286 ] ] ] } },
{ "type": "Feature", "properties": { "boden": "60 % ziemlich arm, mäßig frisch (Z2g) · 40 % ziemlich arm, mäßig frisch (Z2)" }, "geometry": { "type": "Polygon", "coordinates": [ [ [ 13.68839, 52.76597 ], [ 13.68716, 52.76596 ], [ 13.68697, 52.76609 ], [ 13.68704, 52.7662 ], [ 13.68721, 52.76624 ], [ 13.68793, 52.76621 ], [ 13.68809, 52.76625 ], [ 13.68827, 52.7662 ], [ 13.68839, 52.76597 ] ] ] } },
{ "type": "Feature", "properties": { "boden": "100 % mittel, mäßig frisch (M+2)" }, "geometry": { "type": "Polygon", "coordinates": [ [ [ 13.69405, 52.76669 ], [ 13.69295, 52.76597 ], [ 13.69267, 52.76585 ], [ 13.6925, 52.76583 ], [ 13.69231, 52.7659 ], [ 13.69219, 52.76608 ], [ 13.69217, 52.76623 ], [ 13.69227, 52.76638 ], [ 13.69287, 52.76658 ], [ 13.69412, 52.76714 ], [ 13.69423, 52.76692 ], [ 13.69405, 52.76669 ] ] ] } },
{ "type": "Feature", "properties": { "boden": "60 % ziemlich arm, mäßig frisch (Z2g) · 40 % ziemlich arm, mäßig frisch (Z2)" }, "geometry": { "type": "Polygon", "coordinates": [ [ [ 13.69013, 52.76676 ], [ 13.68995, 52.76672 ], [ 13.68978, 52.76676 ], [ 13.68965, 52.76685 ], [ 13.68929, 52.76683 ], [ 13.68918, 52.76666 ], [ 13.68901, 52.76661 ], [ 13.68883, 52.76666 ], [ 13.68875, 52.76676 ], [ 13.68882, 52.76687 ], [ 13.6892, 52.76695 ], [ 13.68931, 52.76711 ], [ 13.68949, 52.76716 ], [ 13.68976, 52.76704 ], [ 13.69012, 52.76698 ], [ 13.6902, 52.76687 ], [ 13.69013, 52.76676 ] ] ] } },
{ "type": "Feature", "properties": { "boden": "50 % kräftig, mäßig frisch (K2) · 50 % kräftig, mäßig frisch (K2)" }, "geometry": { "type": "Polygon", "coordinates": [ [ [ 13.68315, 52.76706 ], [ 13.68382, 52.76706 ], [ 13.68473, 52.7674 ], [ 13.68496, 52.76739 ], [ 13.68514, 52.76731 ], [ 13.68544, 52.76699 ], [ 13.68561, 52.76675 ], [ 13.68567, 52.76647 ], [ 13.6855, 52.7663 ], [ 13.68395, 52.76632 ], [ 13.68347, 52.76639 ], [ 13.68315, 52.76706 ] ] ] } },
{ "type": "Feature", "properties": { "boden": "100 % mittel, nass (NM1)" }, "geometry": { "type": "Polygon", "coordinates": [ [ [ 13.69291, 52.76736 ], [ 13.69274, 52.76732 ], [ 13.69267, 52.76721 ], [ 13.69236, 52.76703 ], [ 13.69202, 52.76695 ], [ 13.69195, 52.76684 ], [ 13.69203, 52.76673 ], [ 13.69212, 52.76671 ], [ 13.69185, 52.76665 ], [ 13.69164, 52.76667 ], [ 13.69154, 52.76675 ], [ 13.69166, 52.76709 ], [ 13.69257, 52.76748 ], [ 13.693, 52.76748 ], [ 13.69291, 52.76736 ] ] ] } },
{ "type": "Feature", "properties": { "boden": "100 % mittel, nass (NM1)" }, "geometry": { "type": "Polygon", "coordinates": [ [ [ 13.69267, 52.76691 ], [ 13.69212, 52.76671 ], [ 13.69203, 52.76673 ], [ 13.69195, 52.76684 ], [ 13.69202, 52.76695 ], [ 13.69236, 52.76703 ], [ 13.69267, 52.76721 ], [ 13.69274, 52.76732 ], [ 13.69291, 52.76736 ], [ 13.69302, 52.76746 ], [ 13.6931, 52.7673 ], [ 13.69267, 52.76691 ] ] ] } },
{ "type": "Feature", "properties": { "boden": "60 % ziemlich arm, mäßig frisch (Z2g) · 40 % ziemlich arm, mäßig frisch (Z2)" }, "geometry": { "type": "Polygon", "coordinates": [ [ [ 13.69343, 52.76731 ], [ 13.69267, 52.76691 ], [ 13.6931, 52.7673 ], [ 13.69302, 52.76746 ], [ 13.69318, 52.7675 ], [ 13.69336, 52.76746 ], [ 13.69343, 52.76731 ] ] ] } },
{ "type": "Feature", "properties": { "boden": "100 % ziemlich arm, mäßig frisch (Z+2)" }, "geometry": { "type": "Polygon", "coordinates": [ [ [ 13.69403, 52.76732 ], [ 13.69384, 52.76725 ], [ 13.69366, 52.76729 ], [ 13.69358, 52.7674 ], [ 13.69365, 52.76751 ], [ 13.69383, 52.76756 ], [ 13.69398, 52.76752 ], [ 13.69403, 52.76732 ] ] ] } },
{ "type": "Feature", "properties": { "boden": "100 % ziemlich arm, frisch (Z1)" }, "geometry": { "type": "Polygon", "coordinates": [ [ [ 13.69257, 52.76748 ], [ 13.69177, 52.76714 ], [ 13.69176, 52.76752 ], [ 13.69199, 52.76795 ], [ 13.69219, 52.76809 ], [ 13.69246, 52.76818 ], [ 13.6928, 52.76818 ], [ 13.69301, 52.7679 ], [ 13.693, 52.76748 ], [ 13.69257, 52.76748 ] ] ] } },
{ "type": "Feature", "properties": { "boden": "60 % ziemlich arm, mäßig frisch (Z2g) · 40 % ziemlich arm, mäßig frisch (Z2)" }, "geometry": { "type": "Polygon", "coordinates": [ [ [ 13.68949, 52.76825 ], [ 13.68931, 52.76829 ], [ 13.68923, 52.7684 ], [ 13.6893, 52.76851 ], [ 13.68948, 52.76855 ], [ 13.68966, 52.76851 ], [ 13.68973, 52.7684 ], [ 13.68966, 52.7683 ], [ 13.68949, 52.76825 ] ] ] } },
{ "type": "Feature", "properties": { "boden": "100 % ziemlich arm, mäßig frisch (Z2)" }, "geometry": { "type": "Polygon", "coordinates": [ [ [ 13.68104, 52.76643 ], [ 13.68118, 52.76654 ], [ 13.6811, 52.76661 ], [ 13.68122, 52.76659 ], [ 13.6813, 52.76648 ], [ 13.68123, 52.76637 ], [ 13.68105, 52.76632 ], [ 13.68088, 52.76637 ], [ 13.68081, 52.76646 ], [ 13.68104, 52.76643 ] ] ] } },
{ "type": "Feature", "properties": { "boden": "100 % ziemlich arm, mäßig frisch (Z2)" }, "geometry": { "type": "Polygon", "coordinates": [ [ [ 13.68315, 52.76706 ], [ 13.68377, 52.76576 ], [ 13.6841, 52.76529 ], [ 13.6839, 52.76496 ], [ 13.68312, 52.76429 ], [ 13.68084, 52.76196 ], [ 13.68062, 52.762 ], [ 13.68044, 52.76211 ], [ 13.6803, 52.76228 ], [ 13.68028, 52.76303 ], [ 13.68018, 52.76336 ], [ 13.67998, 52.76364 ], [ 13.67983, 52.76374 ], [ 13.67957, 52.7638 ], [ 13.68042, 52.76565 ], [ 13.67844, 52.76602 ], [ 13.67908, 52.76688 ], [ 13.67771, 52.76712 ], [ 13.67763, 52.76725 ], [ 13.6784, 52.76736 ], [ 13.67838, 52.76762 ], [ 13.67861, 52.76765 ], [ 13.67894, 52.768 ], [ 13.67946, 52.76811 ], [ 13.68011, 52.76838 ], [ 13.6808, 52.76856 ], [ 13.68099, 52.76877 ], [ 13.68078, 52.76904 ], [ 13.68115, 52.76914 ], [ 13.68135, 52.76906 ], [ 13.68177, 52.76916 ], [ 13.68064, 52.77089 ], [ 13.68079, 52.77093 ], [ 13.68085, 52.77105 ], [ 13.68251, 52.7691 ], [ 13.68281, 52.76856 ], [ 13.68296, 52.7681 ], [ 13.68315, 52.76706 ] ], [ [ 13.68207, 52.76956 ], [ 13.68199, 52.76967 ], [ 13.68181, 52.76971 ], [ 13.68164, 52.76967 ], [ 13.68156, 52.76956 ], [ 13.68164, 52.76945 ], [ 13.68182, 52.76941 ], [ 13.682, 52.76945 ], [ 13.68207, 52.76956 ] ], [ [ 13.68088, 52.76637 ], [ 13.68105, 52.76632 ], [ 13.68123, 52.76637 ], [ 13.6813, 52.76648 ], [ 13.68122, 52.76659 ], [ 13.68029, 52.76679 ], [ 13.6801, 52.76668 ], [ 13.68009, 52.76657 ], [ 13.68081, 52.76646 ], [ 13.68088, 52.76637 ] ], [ [ 13.68364, 52.76497 ], [ 13.68371, 52.76508 ], [ 13.68364, 52.76519 ], [ 13.68346, 52.76523 ], [ 13.68328, 52.76518 ], [ 13.68321, 52.76508 ], [ 13.68329, 52.76497 ], [ 13.68347, 52.76493 ], [ 13.68364, 52.76497 ] ] ] } },
{ "type": "Feature", "properties": { "boden": "40 % mittel, mäßig frisch (M+2) · 30 % mittel, mäßig frisch (M+2) · 30 % mittel, mäßig frisch (M+2)" }, "geometry": { "type": "Polygon", "coordinates": [ [ [ 13.68305, 52.76977 ], [ 13.68308, 52.76952 ], [ 13.6832, 52.76933 ], [ 13.68425, 52.76839 ], [ 13.68475, 52.76767 ], [ 13.68372, 52.76734 ], [ 13.68311, 52.76729 ], [ 13.68281, 52.76856 ], [ 13.68251, 52.7691 ], [ 13.68086, 52.771 ], [ 13.68077, 52.77133 ], [ 13.6815, 52.7713 ], [ 13.68174, 52.77083 ], [ 13.68279, 52.77025 ], [ 13.68316, 52.76998 ], [ 13.68305, 52.76977 ] ], [ [ 13.68248, 52.77014 ], [ 13.6824, 52.77025 ], [ 13.68223, 52.77029 ], [ 13.68205, 52.77024 ], [ 13.68198, 52.77014 ], [ 13.68206, 52.77003 ], [ 13.68223, 52.76999 ], [ 13.68241, 52.77003 ], [ 13.68248, 52.77014 ] ] ] } },
{ "type": "Feature", "properties": { "boden": "100 % ziemlich arm, mäßig frisch (Z2)" }, "geometry": { "type": "Polygon", "coordinates": [ [ [ 13.68182, 52.76941 ], [ 13.68164, 52.76945 ], [ 13.68156, 52.76956 ], [ 13.68164, 52.76967 ], [ 13.68181, 52.76971 ], [ 13.68199, 52.76967 ], [ 13.68207, 52.76956 ], [ 13.682, 52.76945 ], [ 13.68182, 52.76941 ] ] ] } },
{ "type": "Feature", "properties": { "boden": "100 % ziemlich arm, mäßig frisch (Z2)" }, "geometry": { "type": "Polygon", "coordinates": [ [ [ 13.67682, 52.76856 ], [ 13.67675, 52.76868 ], [ 13.67623, 52.76866 ], [ 13.67607, 52.76856 ], [ 13.67547, 52.76844 ], [ 13.6755, 52.7689 ], [ 13.67596, 52.76901 ], [ 13.67569, 52.76969 ], [ 13.67581, 52.77001 ], [ 13.67609, 52.77011 ], [ 13.67599, 52.77032 ], [ 13.67631, 52.77042 ], [ 13.67628, 52.77063 ], [ 13.67693, 52.77076 ], [ 13.67792, 52.76876 ], [ 13.67682, 52.76856 ] ] ] } },
{ "type": "Feature", "properties": { "boden": "40 % ziemlich arm, mäßig frisch (Z+2) · 30 % mittel, mäßig frisch (M+2) · 30 % mittel, mäßig frisch (M+2)" }, "geometry": { "type": "Polygon", "coordinates": [ [ [ 13.68223, 52.76999 ], [ 13.68206, 52.77003 ], [ 13.68198, 52.77014 ], [ 13.68205, 52.77024 ], [ 13.68223, 52.77029 ], [ 13.6824, 52.77025 ], [ 13.68248, 52.77014 ], [ 13.68241, 52.77003 ], [ 13.68223, 52.76999 ] ] ] } },
{ "type": "Feature", "properties": { "boden": "100 % mittel, mäßig frisch (M2)" }, "geometry": { "type": "Polygon", "coordinates": [ [ [ 13.68337, 52.77148 ], [ 13.68312, 52.77084 ], [ 13.68339, 52.77051 ], [ 13.68338, 52.77028 ], [ 13.68316, 52.76998 ], [ 13.68279, 52.77025 ], [ 13.68174, 52.77083 ], [ 13.6815, 52.7713 ], [ 13.68077, 52.77133 ], [ 13.68073, 52.77148 ], [ 13.68111, 52.77155 ], [ 13.68196, 52.77196 ], [ 13.68212, 52.77171 ], [ 13.68232, 52.77155 ], [ 13.68337, 52.77148 ] ] ] } },
{ "type": "Feature", "properties": { "boden": "100 % kräftig, mäßig frisch (K2)" }, "geometry": { "type": "Polygon", "coordinates": [ [ [ 13.68306, 52.77175 ], [ 13.68262, 52.77174 ], [ 13.68259, 52.77179 ], [ 13.68266, 52.7719 ], [ 13.68283, 52.77194 ], [ 13.68301, 52.7719 ], [ 13.68309, 52.77179 ], [ 13.68306, 52.77175 ] ] ] } },
{ "type": "Feature", "properties": { "boden": "100 % mittel, mäßig frisch (M2)" }, "geometry": { "type": "Polygon", "coordinates": [ [ [ 13.66758, 52.77195 ], [ 13.6674, 52.77199 ], [ 13.66732, 52.7721 ], [ 13.66739, 52.77221 ], [ 13.66757, 52.77226 ], [ 13.66775, 52.77221 ], [ 13.66783, 52.77211 ], [ 13.66776, 52.772 ], [ 13.66758, 52.77195 ] ] ] } },
{ "type": "Feature", "properties": { "boden": "100 % ziemlich arm, mäßig frisch (Z2)" }, "geometry": { "type": "Polygon", "coordinates": [ [ [ 13.66803, 52.77232 ], [ 13.66865, 52.77371 ], [ 13.67009, 52.7733 ], [ 13.67049, 52.77313 ], [ 13.67052, 52.77248 ], [ 13.67113, 52.77234 ], [ 13.67097, 52.77135 ], [ 13.66738, 52.77139 ], [ 13.66803, 52.77232 ] ], [ [ 13.66952, 52.77262 ], [ 13.66944, 52.77273 ], [ 13.66926, 52.77277 ], [ 13.66909, 52.77272 ], [ 13.66902, 52.77262 ], [ 13.66909, 52.77251 ], [ 13.66927, 52.77247 ], [ 13.66945, 52.77251 ], [ 13.66952, 52.77262 ] ], [ [ 13.67004, 52.77309 ], [ 13.66997, 52.7732 ], [ 13.66979, 52.77324 ], [ 13.66961, 52.77319 ], [ 13.66954, 52.77308 ], [ 13.66962, 52.77298 ], [ 13.6698, 52.77293 ], [ 13.66997, 52.77298 ], [ 13.67004, 52.77309 ] ] ] } },
{ "type": "Feature", "properties": { "boden": "100 % mittel, mäßig frisch (M2)" }, "geometry": { "type": "Polygon", "coordinates": [ [ [ 13.66655, 52.75459 ], [ 13.66686, 52.75446 ], [ 13.66723, 52.75471 ], [ 13.66802, 52.7544 ], [ 13.66839, 52.75475 ], [ 13.6697, 52.75374 ], [ 13.66929, 52.75324 ], [ 13.66772, 52.75167 ], [ 13.66652, 52.75205 ], [ 13.66645, 52.7545 ], [ 13.66655, 52.75459 ] ], [ [ 13.66857, 52.75325 ], [ 13.6685, 52.75335 ], [ 13.66832, 52.7534 ], [ 13.66814, 52.75335 ], [ 13.66807, 52.75324 ], [ 13.66815, 52.75313 ], [ 13.66833, 52.75309 ], [ 13.6685, 52.75314 ], [ 13.66857, 52.75325 ] ] ] } },
{ "type": "Feature", "properties": { "boden": "100 % mittel, mäßig frisch (M2)" }, "geometry": { "type": "Polygon", "coordinates": [ [ [ 13.66682, 52.77204 ], [ 13.66664, 52.77209 ], [ 13.66656, 52.77219 ], [ 13.66663, 52.7723 ], [ 13.66681, 52.77235 ], [ 13.66699, 52.77231 ], [ 13.66706, 52.7722 ], [ 13.66699, 52.77209 ], [ 13.66682, 52.77204 ] ] ] } },
{ "type": "Feature", "properties": { "boden": "100 % mittel, mäßig frisch (M2)" }, "geometry": { "type": "Polygon", "coordinates": [ [ [ 13.66738, 52.77139 ], [ 13.66593, 52.77138 ], [ 13.66588, 52.77288 ], [ 13.66803, 52.77232 ], [ 13.66738, 52.77139 ] ], [ [ 13.66706, 52.7722 ], [ 13.66699, 52.77231 ], [ 13.66681, 52.77235 ], [ 13.66663, 52.7723 ], [ 13.66656, 52.77219 ], [ 13.66664, 52.77209 ], [ 13.66682, 52.77204 ], [ 13.66699, 52.77209 ], [ 13.66706, 52.7722 ] ], [ [ 13.66783, 52.77211 ], [ 13.66775, 52.77221 ], [ 13.66757, 52.77226 ], [ 13.66739, 52.77221 ], [ 13.66732, 52.7721 ], [ 13.6674, 52.77199 ], [ 13.66758, 52.77195 ], [ 13.66776, 52.772 ], [ 13.66783, 52.77211 ] ] ] } },
{ "type": "Feature", "properties": { "boden": "90 % ziemlich arm, mäßig frisch (Z2) · 10 % mittel, mäßig frisch (M2)" }, "geometry": { "type": "Polygon", "coordinates": [ [ [ 13.66545, 52.78699 ], [ 13.66545, 52.78717 ], [ 13.66585, 52.78732 ], [ 13.66572, 52.78722 ], [ 13.66576, 52.78711 ], [ 13.66601, 52.78708 ], [ 13.66615, 52.78712 ], [ 13.66628, 52.787 ], [ 13.66725, 52.78686 ], [ 13.6678, 52.78669 ], [ 13.66545, 52.78699 ] ] ] } },
{ "type": "Feature", "properties": { "boden": "90 % ziemlich arm, mäßig frisch (Z2) · 10 % mittel, mäßig frisch (M2)" }, "geometry": { "type": "Polygon", "coordinates": [ [ [ 13.66723, 52.78737 ], [ 13.66741, 52.78733 ], [ 13.6675, 52.78735 ], [ 13.66786, 52.78722 ], [ 13.66804, 52.78702 ], [ 13.66794, 52.78668 ], [ 13.66725, 52.78686 ], [ 13.66641, 52.78697 ], [ 13.66621, 52.78704 ], [ 13.66615, 52.78712 ], [ 13.66589, 52.78708 ], [ 13.66571, 52.78715 ], [ 13.66585, 52.78732 ], [ 13.66616, 52.78743 ], [ 13.66683, 52.78749 ], [ 13.66717, 52.78745 ], [ 13.66723, 52.78737 ] ], [ [ 13.66701, 52.78725 ], [ 13.66693, 52.78735 ], [ 13.66675, 52.7874 ], [ 13.66657, 52.78735 ], [ 13.6665, 52.78724 ], [ 13.66658, 52.78714 ], [ 13.66676, 52.78709 ], [ 13.66694, 52.78714 ], [ 13.66701, 52.78725 ] ] ] } },
{ "type": "Feature", "properties": { "boden": "90 % ziemlich arm, mäßig frisch (Z2) · 10 % mittel, mäßig frisch (M2)" }, "geometry": { "type": "Polygon", "coordinates": [ [ [ 13.66676, 52.78709 ], [ 13.66658, 52.78714 ], [ 13.6665, 52.78724 ], [ 13.66657, 52.78735 ], [ 13.66675, 52.7874 ], [ 13.66693, 52.78735 ], [ 13.66701, 52.78725 ], [ 13.66694, 52.78714 ], [ 13.66676, 52.78709 ] ] ] } },
{ "type": "Feature", "properties": { "boden": "60 % ziemlich arm, mäßig frisch (Z2g) · 40 % ziemlich arm, mäßig frisch (Z2)" }, "geometry": { "type": "Polygon", "coordinates": [ [ [ 13.69374, 52.76774 ], [ 13.69345, 52.76734 ], [ 13.69336, 52.76746 ], [ 13.69318, 52.7675 ], [ 13.69302, 52.76746 ], [ 13.69301, 52.7679 ], [ 13.6928, 52.76818 ], [ 13.69246, 52.76818 ], [ 13.69219, 52.76809 ], [ 13.69199, 52.76795 ], [ 13.69183, 52.76771 ], [ 13.69172, 52.7673 ], [ 13.69177, 52.76714 ], [ 13.69166, 52.76709 ], [ 13.69155, 52.76686 ], [ 13.69154, 52.76675 ], [ 13.69164, 52.76667 ], [ 13.69185, 52.76665 ], [ 13.69113, 52.76636 ], [ 13.6897, 52.76606 ], [ 13.6886, 52.76596 ], [ 13.68839, 52.76597 ], [ 13.68827, 52.7662 ], [ 13.68809, 52.76625 ], [ 13.68793, 52.76621 ], [ 13.68721, 52.76624 ], [ 13.68704, 52.7662 ], [ 13.68697, 52.76609 ], [ 13.6871, 52.76597 ], [ 13.68662, 52.7661 ], [ 13.6864, 52.76635 ], [ 13.68628, 52.76664 ], [ 13.68632, 52.76711 ], [ 13.68588, 52.76749 ], [ 13.68558, 52.76791 ], [ 13.68475, 52.76767 ], [ 13.68425, 52.76839 ], [ 13.6832, 52.76933 ], [ 13.68308, 52.76952 ], [ 13.68305, 52.76977 ], [ 13.68338, 52.77028 ], [ 13.68339, 52.77051 ], [ 13.68312, 52.77084 ], [ 13.68337, 52.77148 ], [ 13.68849, 52.77139 ], [ 13.68878, 52.77133 ], [ 13.68914, 52.77107 ], [ 13.68935, 52.77098 ], [ 13.68997, 52.77108 ], [ 13.69024, 52.77125 ], [ 13.69047, 52.77125 ], [ 13.69163, 52.77235 ], [ 13.69311, 52.77204 ], [ 13.69327, 52.77091 ], [ 13.69392, 52.76783 ], [ 13.69374, 52.76774 ] ], [ [ 13.68973, 52.7684 ], [ 13.68966, 52.76851 ], [ 13.68948, 52.76855 ], [ 13.6893, 52.76851 ], [ 13.68923, 52.7684 ], [ 13.68931, 52.76829 ], [ 13.68949, 52.76825 ], [ 13.68966, 52.7683 ], [ 13.68973, 52.7684 ] ], [ [ 13.68968, 52.76902 ], [ 13.69007, 52.76914 ], [ 13.69046, 52.76936 ], [ 13.69074, 52.7694 ], [ 13.69079, 52.76954 ], [ 13.69106, 52.76943 ], [ 13.69119, 52.76976 ], [ 13.69085, 52.7699 ], [ 13.69062, 52.76964 ], [ 13.69033, 52.76965 ], [ 13.69015, 52.7696 ], [ 13.6896, 52.7693 ], [ 13.68976, 52.76947 ], [ 13.69027, 52.7697 ], [ 13.69013, 52.76998 ], [ 13.69017, 52.77002 ], [ 13.69035, 52.77006 ], [ 13.69038, 52.77012 ], [ 13.6905, 52.77013 ], [ 13.69089, 52.76999 ], [ 13.69106, 52.77003 ], [ 13.69113, 52.77014 ], [ 13.69106, 52.77025 ], [ 13.69073, 52.77033 ], [ 13.69074, 52.77047 ], [ 13.69097, 52.77069 ], [ 13.69089, 52.77079 ], [ 13.69071, 52.77084 ], [ 13.69053, 52.77079 ], [ 13.69013, 52.77031 ], [ 13.68994, 52.77022 ], [ 13.6898, 52.77018 ], [ 13.68957, 52.77036 ], [ 13.68911, 52.77036 ], [ 13.68872, 52.77029 ], [ 13.68842, 52.77016 ], [ 13.68823, 52.77001 ], [ 13.68816, 52.76964 ], [ 13.6883, 52.76939 ], [ 13.68864, 52.76903 ], [ 13.68913, 52.7689 ], [ 13.68928, 52.76875 ], [ 13.68949, 52.7687 ], [ 13.68965, 52.76892 ], [ 13.68962, 52.76903 ], [ 13.68968, 52.76902 ] ], [ [ 13.69012, 52.76698 ], [ 13.68976, 52.76704 ], [ 13.68949, 52.76716 ], [ 13.68931, 52.76711 ], [ 13.6892, 52.76695 ], [ 13.68882, 52.76687 ], [ 13.68875, 52.76676 ], [ 13.68883, 52.76666 ], [ 13.68901, 52.76661 ], [ 13.68918, 52.76666 ], [ 13.68929, 52.76683 ], [ 13.68965, 52.76685 ], [ 13.68978, 52.76676 ], [ 13.68995, 52.76672 ], [ 13.69013, 52.76676 ], [ 13.6902, 52.76687 ], [ 13.69012, 52.76698 ] ] ] } },
{ "type": "Feature", "properties": { "boden": "100 % kräftig, nass (NK1)" }, "geometry": { "type": "Polygon", "coordinates": [ [ [ 13.68897, 52.76905 ], [ 13.68879, 52.76909 ], [ 13.68871, 52.7692 ], [ 13.68878, 52.76931 ], [ 13.68896, 52.76936 ], [ 13.68914, 52.76931 ], [ 13.68921, 52.76921 ], [ 13.68914, 52.7691 ], [ 13.68897, 52.76905 ] ] ] } },
{ "type": "Feature", "properties": { "boden": "60 % ziemlich arm, mäßig frisch (Z2g) · 40 % ziemlich arm, mäßig frisch (Z2)" }, "geometry": { "type": "Polygon", "coordinates": [ [ [ 13.69056, 52.76966 ], [ 13.69081, 52.76951 ], [ 13.69074, 52.7694 ], [ 13.69046, 52.76936 ], [ 13.69007, 52.76914 ], [ 13.68968, 52.76902 ], [ 13.68962, 52.76903 ], [ 13.6896, 52.7693 ], [ 13.69015, 52.7696 ], [ 13.69033, 52.76965 ], [ 13.69056, 52.76966 ] ] ] } },
{ "type": "Feature", "properties": { "boden": "100 % kräftig, nass (NK1)" }, "geometry": { "type": "Polygon", "coordinates": [ [ [ 13.68976, 52.77018 ], [ 13.68969, 52.77007 ], [ 13.68977, 52.76996 ], [ 13.68995, 52.76992 ], [ 13.69013, 52.76998 ], [ 13.69027, 52.7697 ], [ 13.68976, 52.76947 ], [ 13.68961, 52.76934 ], [ 13.68958, 52.76916 ], [ 13.68965, 52.76892 ], [ 13.68949, 52.7687 ], [ 13.68928, 52.76875 ], [ 13.68913, 52.7689 ], [ 13.68864, 52.76903 ], [ 13.6883, 52.76939 ], [ 13.68816, 52.76964 ], [ 13.68816, 52.76981 ], [ 13.68823, 52.77001 ], [ 13.68842, 52.77016 ], [ 13.68872, 52.77029 ], [ 13.68911, 52.77036 ], [ 13.68957, 52.77036 ], [ 13.68976, 52.77018 ] ], [ [ 13.68885, 52.7699 ], [ 13.68878, 52.77001 ], [ 13.6886, 52.77005 ], [ 13.68842, 52.77 ], [ 13.68835, 52.7699 ], [ 13.68843, 52.76979 ], [ 13.68861, 52.76975 ], [ 13.68878, 52.76979 ], [ 13.68885, 52.7699 ] ], [ [ 13.68986, 52.76977 ], [ 13.68978, 52.76988 ], [ 13.6896, 52.76992 ], [ 13.68942, 52.76988 ], [ 13.68935, 52.76977 ], [ 13.68943, 52.76966 ], [ 13.68961, 52.76962 ], [ 13.68979, 52.76967 ], [ 13.68986, 52.76977 ] ], [ [ 13.68921, 52.76921 ], [ 13.68914, 52.76931 ], [ 13.68896, 52.76936 ], [ 13.68878, 52.76931 ], [ 13.68871, 52.7692 ], [ 13.68879, 52.76909 ], [ 13.68897, 52.76905 ], [ 13.68914, 52.7691 ], [ 13.68921, 52.76921 ] ] ] } },
{ "type": "Feature", "properties": { "boden": "100 % kräftig, nass (NK1)" }, "geometry": { "type": "Polygon", "coordinates": [ [ [ 13.68961, 52.76962 ], [ 13.68943, 52.76966 ], [ 13.68935, 52.76977 ], [ 13.68942, 52.76988 ], [ 13.6896, 52.76992 ], [ 13.68978, 52.76988 ], [ 13.68986, 52.76977 ], [ 13.68979, 52.76967 ], [ 13.68961, 52.76962 ] ] ] } },
{ "type": "Feature", "properties": { "boden": "100 % kräftig, nass (NK1)" }, "geometry": { "type": "Polygon", "coordinates": [ [ [ 13.68861, 52.76975 ], [ 13.68843, 52.76979 ], [ 13.68835, 52.7699 ], [ 13.68842, 52.77 ], [ 13.6886, 52.77005 ], [ 13.68878, 52.77001 ], [ 13.68885, 52.7699 ], [ 13.68878, 52.76979 ], [ 13.68861, 52.76975 ] ] ] } },
{ "type": "Feature", "properties": { "boden": "100 % kräftig, nass (NK1)" }, "geometry": { "type": "Polygon", "coordinates": [ [ [ 13.68995, 52.76992 ], [ 13.68977, 52.76996 ], [ 13.68969, 52.77007 ], [ 13.6898, 52.77018 ], [ 13.69013, 52.76998 ], [ 13.68995, 52.76992 ] ] ] } },
{ "type": "Feature", "properties": { "boden": "60 % ziemlich arm, mäßig frisch (Z2g) · 40 % ziemlich arm, mäßig frisch (Z2)" }, "geometry": { "type": "Polygon", "coordinates": [ [ [ 13.69013, 52.76998 ], [ 13.68987, 52.77011 ], [ 13.6898, 52.77018 ], [ 13.69013, 52.77031 ], [ 13.69053, 52.77079 ], [ 13.69071, 52.77084 ], [ 13.69089, 52.77079 ], [ 13.69097, 52.77069 ], [ 13.69074, 52.77047 ], [ 13.69073, 52.77033 ], [ 13.69106, 52.77025 ], [ 13.69113, 52.77014 ], [ 13.69106, 52.77003 ], [ 13.69089, 52.76999 ], [ 13.6905, 52.77013 ], [ 13.69038, 52.77012 ], [ 13.69013, 52.76998 ] ] ] } },
{ "type": "Feature", "properties": { "boden": "100 % mittel, mäßig frisch (M+2)" }, "geometry": { "type": "Polygon", "coordinates": [ [ [ 13.69047, 52.77125 ], [ 13.69024, 52.77125 ], [ 13.68997, 52.77108 ], [ 13.68935, 52.77098 ], [ 13.68914, 52.77107 ], [ 13.68878, 52.77133 ], [ 13.68849, 52.77139 ], [ 13.68802, 52.77142 ], [ 13.68364, 52.77146 ], [ 13.68232, 52.77155 ], [ 13.68212, 52.77171 ], [ 13.68196, 52.77196 ], [ 13.68221, 52.77182 ], [ 13.68247, 52.77175 ], [ 13.68286, 52.77172 ], [ 13.68352, 52.77182 ], [ 13.68371, 52.77219 ], [ 13.68387, 52.77232 ], [ 13.68414, 52.77236 ], [ 13.68435, 52.77233 ], [ 13.68482, 52.77208 ], [ 13.68518, 52.77208 ], [ 13.68565, 52.77217 ], [ 13.68632, 52.77239 ], [ 13.68673, 52.7726 ], [ 13.68715, 52.77292 ], [ 13.68749, 52.77306 ], [ 13.68829, 52.77312 ], [ 13.68889, 52.77295 ], [ 13.6895, 52.77251 ], [ 13.6912, 52.77219 ], [ 13.69135, 52.77209 ], [ 13.69047, 52.77125 ] ] ] } },
{ "type": "Feature", "properties": { "boden": "100 % kräftig, mäßig frisch (K2)" }, "geometry": { "type": "Polygon", "coordinates": [ [ [ 13.69538, 52.78102 ], [ 13.69559, 52.78069 ], [ 13.69559, 52.78055 ], [ 13.6955, 52.78043 ], [ 13.69536, 52.78037 ], [ 13.69476, 52.7803 ], [ 13.69468, 52.78018 ], [ 13.6947, 52.78007 ], [ 13.69483, 52.77993 ], [ 13.69568, 52.77958 ], [ 13.69657, 52.77952 ], [ 13.699, 52.77967 ], [ 13.69628, 52.77693 ], [ 13.69602, 52.77692 ], [ 13.69582, 52.77699 ], [ 13.69598, 52.77695 ], [ 13.69615, 52.777 ], [ 13.69622, 52.7771 ], [ 13.69615, 52.77721 ], [ 13.69597, 52.77725 ], [ 13.69579, 52.77721 ], [ 13.69572, 52.7771 ], [ 13.69579, 52.777 ], [ 13.69565, 52.77712 ], [ 13.69541, 52.77763 ], [ 13.69492, 52.77791 ], [ 13.69451, 52.77803 ], [ 13.69417, 52.77803 ], [ 13.69391, 52.77796 ], [ 13.69376, 52.77742 ], [ 13.69354, 52.77716 ], [ 13.69344, 52.77691 ], [ 13.69378, 52.77653 ], [ 13.69381, 52.77638 ], [ 13.69352, 52.77605 ], [ 13.69359, 52.77555 ], [ 13.69353, 52.77534 ], [ 13.69255, 52.7754 ], [ 13.69252, 52.77564 ], [ 13.69204, 52.77572 ], [ 13.69205, 52.77578 ], [ 13.69146, 52.77621 ], [ 13.69073, 52.77649 ], [ 13.69014, 52.77654 ], [ 13.69002, 52.77655 ], [ 13.68988, 52.77647 ], [ 13.68522, 52.77611 ], [ 13.68442, 52.77596 ], [ 13.68439, 52.7762 ], [ 13.68392, 52.77632 ], [ 13.68314, 52.77641 ], [ 13.68243, 52.77655 ], [ 13.68078, 52.77647 ], [ 13.68189, 52.77583 ], [ 13.68232, 52.7757 ], [ 13.68303, 52.77579 ], [ 13.68445, 52.77566 ], [ 13.68469, 52.77352 ], [ 13.68537, 52.77385 ], [ 13.68557, 52.77375 ], [ 13.68876, 52.7733 ], [ 13.68897, 52.77335 ], [ 13.69005, 52.77321 ], [ 13.69054, 52.77336 ], [ 13.69116, 52.77329 ], [ 13.69151, 52.77315 ], [ 13.69192, 52.77287 ], [ 13.69383, 52.7748 ], [ 13.6941, 52.77482 ], [ 13.69311, 52.77376 ], [ 13.69135, 52.77209 ], [ 13.6912, 52.77219 ], [ 13.6895, 52.77251 ], [ 13.68889, 52.77295 ], [ 13.68829, 52.77312 ], [ 13.68786, 52.77311 ], [ 13.68749, 52.77306 ], [ 13.68715, 52.77292 ], [ 13.68673, 52.7726 ], [ 13.68632, 52.77239 ], [ 13.68565, 52.77217 ], [ 13.68518, 52.77208 ], [ 13.68482, 52.77208 ], [ 13.68435, 52.77233 ], [ 13.68414, 52.77236 ], [ 13.68387, 52.77232 ], [ 13.68371, 52.77219 ], [ 13.68352, 52.77182 ], [ 13.68306, 52.77175 ], [ 13.68301, 52.7719 ], [ 13.68283, 52.77194 ], [ 13.68266, 52.7719 ], [ 13.68262, 52.77174 ], [ 13.68247, 52.77175 ], [ 13.68221, 52.77182 ], [ 13.68196, 52.77196 ], [ 13.68111, 52.77155 ], [ 13.68073, 52.77148 ], [ 13.68074, 52.77162 ], [ 13.68016, 52.77284 ], [ 13.67985, 52.77374 ], [ 13.67952, 52.77548 ], [ 13.67951, 52.77622 ], [ 13.67956, 52.7765 ], [ 13.67982, 52.77641 ], [ 13.68015, 52.7764 ], [ 13.68042, 52.77645 ], [ 13.6806, 52.77642 ], [ 13.68077, 52.77647 ], [ 13.68084, 52.77658 ], [ 13.68077, 52.77668 ], [ 13.68059, 52.77673 ], [ 13.68032, 52.77666 ], [ 13.67981, 52.77671 ], [ 13.67958, 52.77679 ], [ 13.6796, 52.77695 ], [ 13.68105, 52.7769 ], [ 13.68131, 52.77695 ], [ 13.68094, 52.77777 ], [ 13.68109, 52.77819 ], [ 13.68135, 52.77864 ], [ 13.68167, 52.77873 ], [ 13.68101, 52.77878 ], [ 13.68079, 52.77841 ], [ 13.68007, 52.77785 ], [ 13.67994, 52.77783 ], [ 13.68041, 52.77819 ], [ 13.68073, 52.77852 ], [ 13.68126, 52.77947 ], [ 13.68176, 52.77943 ], [ 13.68255, 52.77956 ], [ 13.68333, 52.77985 ], [ 13.68396, 52.77999 ], [ 13.68423, 52.78032 ], [ 13.68604, 52.78081 ], [ 13.68721, 52.78072 ], [ 13.68813, 52.78033 ], [ 13.68842, 52.7801 ], [ 13.68854, 52.77992 ], [ 13.68873, 52.77988 ], [ 13.68886, 52.77994 ], [ 13.6889, 52.78008 ], [ 13.68897, 52.78066 ], [ 13.68914, 52.78075 ], [ 13.68958, 52.78082 ], [ 13.69021, 52.78022 ], [ 13.69038, 52.78017 ], [ 13.69079, 52.78056 ], [ 13.69089, 52.78083 ], [ 13.69115, 52.78105 ], [ 13.69143, 52.78117 ], [ 13.6929, 52.78129 ], [ 13.69302, 52.78127 ], [ 13.69341, 52.78106 ], [ 13.6937, 52.78102 ], [ 13.69403, 52.78105 ], [ 13.6946, 52.78132 ], [ 13.6949, 52.78135 ], [ 13.69532, 52.7813 ], [ 13.69538, 52.78102 ] ], [ [ 13.68909, 52.77874 ], [ 13.68937, 52.77881 ], [ 13.68942, 52.77907 ], [ 13.68931, 52.77914 ], [ 13.68923, 52.77912 ], [ 13.68904, 52.77917 ], [ 13.68886, 52.77913 ], [ 13.68867, 52.77891 ], [ 13.68841, 52.77855 ], [ 13.68849, 52.77845 ], [ 13.68867, 52.77841 ], [ 13.68885, 52.77845 ], [ 13.68908, 52.77877 ], [ 13.68909, 52.77874 ] ], [ [ 13.68923, 52.77841 ], [ 13.68905, 52.77836 ], [ 13.68898, 52.77825 ], [ 13.68906, 52.77814 ], [ 13.68898, 52.77787 ], [ 13.68906, 52.77776 ], [ 13.68971, 52.77755 ], [ 13.68989, 52.77729 ], [ 13.68982, 52.77719 ], [ 13.6899, 52.77708 ], [ 13.69008, 52.77704 ], [ 13.69026, 52.77708 ], [ 13.69033, 52.77719 ], [ 13.69017, 52.77746 ], [ 13.69024, 52.77757 ], [ 13.69017, 52.77768 ], [ 13.68983, 52.77777 ], [ 13.68941, 52.77798 ], [ 13.68946, 52.77821 ], [ 13.68959, 52.77817 ], [ 13.68969, 52.77821 ], [ 13.68963, 52.77862 ], [ 13.68948, 52.77858 ], [ 13.68937, 52.77844 ], [ 13.68939, 52.77837 ], [ 13.68923, 52.77841 ] ], [ [ 13.68197, 52.77705 ], [ 13.68149, 52.77777 ], [ 13.68131, 52.77781 ], [ 13.68113, 52.77777 ], [ 13.68106, 52.77766 ], [ 13.68143, 52.7772 ], [ 13.68154, 52.77693 ], [ 13.68172, 52.77689 ], [ 13.6819, 52.77694 ], [ 13.68197, 52.77705 ] ], [ [ 13.68414, 52.77765 ], [ 13.68407, 52.77776 ], [ 13.68389, 52.7778 ], [ 13.68371, 52.77776 ], [ 13.68364, 52.77765 ], [ 13.68372, 52.77754 ], [ 13.6839, 52.7775 ], [ 13.68407, 52.77755 ], [ 13.68414, 52.77765 ] ], [ [ 13.69082, 52.77691 ], [ 13.69035, 52.77684 ], [ 13.69028, 52.77673 ], [ 13.69036, 52.77663 ], [ 13.69054, 52.77658 ], [ 13.69101, 52.77665 ], [ 13.69108, 52.77676 ], [ 13.691, 52.77687 ], [ 13.69082, 52.77691 ] ] ] } },
{ "type": "Feature", "properties": { "boden": "100 % ziemlich arm, mäßig frisch (Z2)" }, "geometry": { "type": "Polygon", "coordinates": [ [ [ 13.66927, 52.77247 ], [ 13.66909, 52.77251 ], [ 13.66902, 52.77262 ], [ 13.66909, 52.77272 ], [ 13.66926, 52.77277 ], [ 13.66944, 52.77273 ], [ 13.66952, 52.77262 ], [ 13.66945, 52.77251 ], [ 13.66927, 52.77247 ] ] ] } },
{ "type": "Feature", "properties": { "boden": "100 % ziemlich arm, mäßig frisch (Z2)" }, "geometry": { "type": "Polygon", "coordinates": [ [ [ 13.6698, 52.77293 ], [ 13.66962, 52.77298 ], [ 13.66954, 52.77308 ], [ 13.66961, 52.77319 ], [ 13.66979, 52.77324 ], [ 13.66997, 52.7732 ], [ 13.67004, 52.77309 ], [ 13.66997, 52.77298 ], [ 13.6698, 52.77293 ] ] ] } },
{ "type": "Feature", "properties": { "boden": "50 % kräftig, mäßig frisch (K2) · 50 % mittel, mäßig frisch (M+2)" }, "geometry": { "type": "Polygon", "coordinates": [ [ [ 13.68445, 52.77566 ], [ 13.68303, 52.77579 ], [ 13.68232, 52.7757 ], [ 13.68189, 52.77583 ], [ 13.68078, 52.77647 ], [ 13.68243, 52.77655 ], [ 13.68314, 52.77641 ], [ 13.68392, 52.77632 ], [ 13.68439, 52.7762 ], [ 13.68445, 52.77566 ] ], [ [ 13.6825, 52.77622 ], [ 13.68242, 52.77632 ], [ 13.68224, 52.77637 ], [ 13.68206, 52.77632 ], [ 13.68199, 52.77621 ], [ 13.68207, 52.7761 ], [ 13.68225, 52.77606 ], [ 13.68243, 52.77611 ], [ 13.6825, 52.77622 ] ] ] } },
{ "type": "Feature", "properties": { "boden": "50 % kräftig, mäßig frisch (K2) · 50 % mittel, mäßig frisch (M+2)" }, "geometry": { "type": "Polygon", "coordinates": [ [ [ 13.68225, 52.77606 ], [ 13.68207, 52.7761 ], [ 13.68199, 52.77621 ], [ 13.68206, 52.77632 ], [ 13.68224, 52.77637 ], [ 13.68242, 52.77632 ], [ 13.6825, 52.77622 ], [ 13.68243, 52.77611 ], [ 13.68225, 52.77606 ] ] ] } },
{ "type": "Feature", "properties": { "boden": "100 % kräftig, mäßig frisch (K2)" }, "geometry": { "type": "Polygon", "coordinates": [ [ [ 13.67958, 52.77679 ], [ 13.67999, 52.77667 ], [ 13.68014, 52.7767 ], [ 13.68032, 52.77666 ], [ 13.68059, 52.77673 ], [ 13.68077, 52.77668 ], [ 13.68084, 52.77658 ], [ 13.68077, 52.77647 ], [ 13.6806, 52.77642 ], [ 13.68042, 52.77645 ], [ 13.68015, 52.7764 ], [ 13.67982, 52.77641 ], [ 13.67956, 52.7765 ], [ 13.67958, 52.77679 ] ] ] } },
{ "type": "Feature", "properties": { "boden": "100 % kräftig, nass (OK2)" }, "geometry": { "type": "Polygon", "coordinates": [ [ [ 13.67062, 52.77688 ], [ 13.67051, 52.77706 ], [ 13.67033, 52.7771 ], [ 13.67016, 52.77706 ], [ 13.67008, 52.77695 ], [ 13.67016, 52.77684 ], [ 13.67043, 52.77678 ], [ 13.67051, 52.77659 ], [ 13.67029, 52.77647 ], [ 13.67022, 52.77636 ], [ 13.67029, 52.77626 ], [ 13.67049, 52.77622 ], [ 13.66981, 52.77595 ], [ 13.66955, 52.77578 ], [ 13.66972, 52.77574 ], [ 13.66961, 52.77566 ], [ 13.66942, 52.77576 ], [ 13.66922, 52.77613 ], [ 13.66907, 52.77618 ], [ 13.66895, 52.77602 ], [ 13.6681, 52.77639 ], [ 13.66867, 52.77727 ], [ 13.66933, 52.77739 ], [ 13.66982, 52.7774 ], [ 13.67046, 52.77724 ], [ 13.67083, 52.77683 ], [ 13.67062, 52.77688 ] ] ] } },
{ "type": "Feature", "properties": { "boden": "100 % kräftig, nass (OK2)" }, "geometry": { "type": "Polygon", "coordinates": [ [ [ 13.67084, 52.77657 ], [ 13.67095, 52.77673 ], [ 13.67142, 52.77675 ], [ 13.6716, 52.77659 ], [ 13.6715, 52.7765 ], [ 13.67084, 52.77657 ] ] ] } },
{ "type": "Feature", "properties": { "boden": "100 % kräftig, nass (OK2)" }, "geometry": { "type": "Polygon", "coordinates": [ [ [ 13.67083, 52.77683 ], [ 13.67097, 52.77671 ], [ 13.6709, 52.7766 ], [ 13.67076, 52.77657 ], [ 13.67049, 52.77622 ], [ 13.67029, 52.77626 ], [ 13.67022, 52.77636 ], [ 13.67029, 52.77647 ], [ 13.67051, 52.77659 ], [ 13.67043, 52.77678 ], [ 13.67016, 52.77684 ], [ 13.67008, 52.77695 ], [ 13.67016, 52.77706 ], [ 13.67033, 52.7771 ], [ 13.67051, 52.77706 ], [ 13.67062, 52.77688 ], [ 13.67083, 52.77683 ] ] ] } },
{ "type": "Feature", "properties": { "boden": "100 % kräftig, mäßig frisch (K2)" }, "geometry": { "type": "Polygon", "coordinates": [ [ [ 13.68172, 52.77689 ], [ 13.68154, 52.77693 ], [ 13.68143, 52.7772 ], [ 13.68106, 52.77766 ], [ 13.68113, 52.77777 ], [ 13.68131, 52.77781 ], [ 13.68149, 52.77777 ], [ 13.68197, 52.77705 ], [ 13.6819, 52.77694 ], [ 13.68172, 52.77689 ] ] ] } },
{ "type": "Feature", "properties": { "boden": "100 % kräftig, mäßig frisch (K2)" }, "geometry": { "type": "Polygon", "coordinates": [ [ [ 13.68003, 52.77785 ], [ 13.6797, 52.77714 ], [ 13.67994, 52.77783 ], [ 13.68003, 52.77785 ] ] ] } },
{ "type": "Feature", "properties": { "boden": "80 % kräftig, nass (OK1) · 20 % kräftig, nass (OK2)" }, "geometry": { "type": "Polygon", "coordinates": [ [ [ 13.68007, 52.77785 ], [ 13.68021, 52.77781 ], [ 13.68029, 52.7777 ], [ 13.68011, 52.77745 ], [ 13.68006, 52.77724 ], [ 13.67988, 52.77719 ], [ 13.67974, 52.77722 ], [ 13.68007, 52.77785 ] ] ] } },
{ "type": "Feature", "properties": { "boden": "100 % kräftig, mäßig frisch (K2)" }, "geometry": { "type": "Polygon", "coordinates": [ [ [ 13.6839, 52.7775 ], [ 13.68372, 52.77754 ], [ 13.68364, 52.77765 ], [ 13.68371, 52.77776 ], [ 13.68389, 52.7778 ], [ 13.68407, 52.77776 ], [ 13.68414, 52.77765 ], [ 13.68407, 52.77755 ], [ 13.6839, 52.7775 ] ] ] } },
{ "type": "Feature", "properties": { "boden": "80 % kräftig, nass (OK1) · 20 % kräftig, nass (OK2)" }, "geometry": { "type": "Polygon", "coordinates": [ [ [ 13.6796, 52.77695 ], [ 13.67974, 52.77722 ], [ 13.67988, 52.77719 ], [ 13.68006, 52.77724 ], [ 13.68011, 52.77745 ], [ 13.68029, 52.7777 ], [ 13.68021, 52.77781 ], [ 13.68007, 52.77785 ], [ 13.68035, 52.77806 ], [ 13.68042, 52.77797 ], [ 13.6806, 52.77793 ], [ 13.68077, 52.77797 ], [ 13.68084, 52.77808 ], [ 13.68077, 52.77819 ], [ 13.68055, 52.77822 ], [ 13.68079, 52.77841 ], [ 13.68101, 52.77878 ], [ 13.68167, 52.77873 ], [ 13.68135, 52.77864 ], [ 13.68109, 52.77819 ], [ 13.68094, 52.77777 ], [ 13.68131, 52.77695 ], [ 13.68105, 52.7769 ], [ 13.6796, 52.77695 ] ] ] } },
{ "type": "Feature", "properties": { "boden": "80 % kräftig, nass (OK1) · 20 % kräftig, nass (OK2)" }, "geometry": { "type": "Polygon", "coordinates": [ [ [ 13.68055, 52.77822 ], [ 13.68077, 52.77819 ], [ 13.68084, 52.77808 ], [ 13.68077, 52.77797 ], [ 13.6806, 52.77793 ], [ 13.68042, 52.77797 ], [ 13.68035, 52.77806 ], [ 13.68055, 52.77822 ] ] ] } },
{ "type": "Feature", "properties": { "boden": "90 % ziemlich arm, trocken (vermutet) (Z3) · 10 % mittel, trocken (vermutet) (M3)" }, "geometry": { "type": "Polygon", "coordinates": [ [ [ 13.67746, 52.77922 ], [ 13.67339, 52.77902 ], [ 13.67297, 52.77905 ], [ 13.67283, 52.77912 ], [ 13.67297, 52.77924 ], [ 13.67318, 52.77933 ], [ 13.67351, 52.77922 ], [ 13.67402, 52.7792 ], [ 13.67584, 52.77936 ], [ 13.67595, 52.77931 ], [ 13.67586, 52.77915 ], [ 13.67698, 52.77934 ], [ 13.67744, 52.77931 ], [ 13.67746, 52.77922 ] ] ] } },
{ "type": "Feature", "properties": { "boden": "90 % ziemlich arm, mäßig frisch (Z2) · 10 % mittel, mäßig frisch (M2)" }, "geometry": { "type": "Polygon", "coordinates": [ [ [ 13.67483, 52.77943 ], [ 13.67445, 52.77938 ], [ 13.67429, 52.77945 ], [ 13.6742, 52.77956 ], [ 13.67429, 52.77965 ], [ 13.67449, 52.77968 ], [ 13.67483, 52.77955 ], [ 13.67488, 52.77948 ], [ 13.67483, 52.77943 ] ] ] } },
{ "type": "Feature", "properties": { "boden": "90 % ziemlich arm, mäßig frisch (Z2) · 10 % mittel, mäßig frisch (M2)" }, "geometry": { "type": "Polygon", "coordinates": [ [ [ 13.67178, 52.77961 ], [ 13.67146, 52.77992 ], [ 13.67201, 52.77993 ], [ 13.67225, 52.77988 ], [ 13.67227, 52.77983 ], [ 13.67216, 52.77973 ], [ 13.67188, 52.77963 ], [ 13.67178, 52.77961 ] ] ] } },
{ "type": "Feature", "properties": { "boden": "90 % ziemlich arm, trocken (vermutet) (Z3) · 10 % mittel, trocken (vermutet) (M3)" }, "geometry": { "type": "Polygon", "coordinates": [ [ [ 13.68268, 52.77982 ], [ 13.68218, 52.77971 ], [ 13.68181, 52.77952 ], [ 13.68085, 52.77947 ], [ 13.68032, 52.77955 ], [ 13.68006, 52.77947 ], [ 13.67965, 52.77947 ], [ 13.67942, 52.77941 ], [ 13.67907, 52.77939 ], [ 13.67878, 52.77944 ], [ 13.67877, 52.77962 ], [ 13.67885, 52.77971 ], [ 13.67986, 52.77973 ], [ 13.68074, 52.77986 ], [ 13.68187, 52.77991 ], [ 13.6824, 52.78009 ], [ 13.68302, 52.78046 ], [ 13.68311, 52.78045 ], [ 13.68319, 52.78029 ], [ 13.68314, 52.78009 ], [ 13.68305, 52.78 ], [ 13.68268, 52.77982 ] ] ] } },
{ "type": "Feature", "properties": { "boden": "90 % ziemlich arm, mäßig frisch (Z2) · 10 % mittel, mäßig frisch (M2)" }, "geometry": { "type": "Polygon", "coordinates": [ [ [ 13.68211, 52.78028 ], [ 13.68153, 52.78002 ], [ 13.68134, 52.78 ], [ 13.68077, 52.78011 ], [ 13.68055, 52.78026 ], [ 13.68043, 52.78028 ], [ 13.68023, 52.78018 ], [ 13.6799, 52.77986 ], [ 13.67949, 52.77977 ], [ 13.67884, 52.77989 ], [ 13.67875, 52.77998 ], [ 13.67876, 52.78011 ], [ 13.67889, 52.78027 ], [ 13.67958, 52.78079 ], [ 13.67976, 52.78076 ], [ 13.67992, 52.78062 ], [ 13.68039, 52.78039 ], [ 13.68055, 52.78035 ], [ 13.68081, 52.78048 ], [ 13.68112, 52.78078 ], [ 13.68158, 52.78097 ], [ 13.68177, 52.78096 ], [ 13.6819, 52.78091 ], [ 13.68201, 52.78077 ], [ 13.68229, 52.7806 ], [ 13.68228, 52.78042 ], [ 13.68211, 52.78028 ] ] ] } },
{ "type": "Feature", "properties": { "boden": "90 % ziemlich arm, mäßig frisch (Z2) · 10 % mittel, mäßig frisch (M2)" }, "geometry": { "type": "Polygon", "coordinates": [ [ [ 13.68448, 52.78071 ], [ 13.68433, 52.78059 ], [ 13.68406, 52.78059 ], [ 13.68389, 52.78054 ], [ 13.68378, 52.78035 ], [ 13.68369, 52.7805 ], [ 13.68346, 52.78056 ], [ 13.68329, 52.78069 ], [ 13.68299, 52.78072 ], [ 13.68305, 52.78096 ], [ 13.68288, 52.78112 ], [ 13.68312, 52.78124 ], [ 13.6833, 52.78128 ], [ 13.68367, 52.78123 ], [ 13.68425, 52.78091 ], [ 13.6844, 52.78087 ], [ 13.68448, 52.78071 ] ] ] } },
{ "type": "Feature", "properties": { "boden": "90 % ziemlich arm, trocken (vermutet) (Z3) · 10 % mittel, trocken (vermutet) (M3)" }, "geometry": { "type": "Polygon", "coordinates": [ [ [ 13.67887, 52.78075 ], [ 13.67879, 52.78076 ], [ 13.67872, 52.78092 ], [ 13.67881, 52.78111 ], [ 13.67914, 52.78133 ], [ 13.67936, 52.78134 ], [ 13.6794, 52.78129 ], [ 13.67928, 52.78107 ], [ 13.67887, 52.78075 ] ] ] } },
{ "type": "Feature", "properties": { "boden": "90 % ziemlich arm, trocken (vermutet) (Z3) · 10 % mittel, trocken (vermutet) (M3)" }, "geometry": { "type": "Polygon", "coordinates": [ [ [ 13.68168, 52.78139 ], [ 13.68145, 52.78145 ], [ 13.68142, 52.78174 ], [ 13.68115, 52.78193 ], [ 13.68107, 52.78202 ], [ 13.6811, 52.78208 ], [ 13.68143, 52.78205 ], [ 13.68168, 52.78199 ], [ 13.68216, 52.78179 ], [ 13.68237, 52.78164 ], [ 13.68241, 52.78153 ], [ 13.6823, 52.78145 ], [ 13.68168, 52.78139 ] ] ] } },
{ "type": "Feature", "properties": { "boden": "90 % ziemlich arm, mäßig frisch (Z2) · 10 % mittel, mäßig frisch (M2)" }, "geometry": { "type": "Polygon", "coordinates": [ [ [ 13.67874, 52.78165 ], [ 13.67848, 52.78166 ], [ 13.67831, 52.78171 ], [ 13.6783, 52.78181 ], [ 13.67839, 52.78189 ], [ 13.67862, 52.78193 ], [ 13.6787, 52.7819 ], [ 13.67885, 52.7817 ], [ 13.67874, 52.78165 ] ] ] } },
{ "type": "Feature", "properties": { "boden": "90 % ziemlich arm, trocken (vermutet) (Z3) · 10 % mittel, trocken (vermutet) (M3)" }, "geometry": { "type": "Polygon", "coordinates": [ [ [ 13.68328, 52.78168 ], [ 13.68307, 52.782 ], [ 13.68332, 52.7821 ], [ 13.68359, 52.782 ], [ 13.68364, 52.78189 ], [ 13.6835, 52.78177 ], [ 13.68328, 52.78168 ] ] ] } },
{ "type": "Feature", "properties": { "boden": "90 % ziemlich arm, trocken (vermutet) (Z3) · 10 % mittel, trocken (vermutet) (M3)" }, "geometry": { "type": "Polygon", "coordinates": [ [ [ 13.67845, 52.78239 ], [ 13.67853, 52.78234 ], [ 13.67817, 52.78224 ], [ 13.67788, 52.78237 ], [ 13.67774, 52.78238 ], [ 13.67738, 52.78229 ], [ 13.67711, 52.78211 ], [ 13.67679, 52.78208 ], [ 13.67657, 52.78217 ], [ 13.67631, 52.78216 ], [ 13.67603, 52.78226 ], [ 13.6756, 52.78229 ], [ 13.6754, 52.78244 ], [ 13.67489, 52.78252 ], [ 13.67499, 52.7826 ], [ 13.67566, 52.78266 ], [ 13.67569, 52.7826 ], [ 13.67555, 52.78245 ], [ 13.67575, 52.78238 ], [ 13.6759, 52.78244 ], [ 13.67624, 52.78272 ], [ 13.67675, 52.78277 ], [ 13.67699, 52.78273 ], [ 13.67733, 52.78259 ], [ 13.67845, 52.78239 ] ] ] } },
{ "type": "Feature", "properties": { "boden": "90 % ziemlich arm, mäßig frisch (Z2) · 10 % mittel, mäßig frisch (M2)" }, "geometry": { "type": "Polygon", "coordinates": [ [ [ 13.68321, 52.78227 ], [ 13.68247, 52.78237 ], [ 13.68221, 52.7825 ], [ 13.68171, 52.78262 ], [ 13.68157, 52.78271 ], [ 13.68214, 52.78274 ], [ 13.68309, 52.78257 ], [ 13.68354, 52.78241 ], [ 13.68354, 52.78229 ], [ 13.68321, 52.78227 ] ] ] } },
{ "type": "Feature", "properties": { "boden": "90 % ziemlich arm, mäßig frisch (Z2) · 10 % mittel, mäßig frisch (M2)" }, "geometry": { "type": "Polygon", "coordinates": [ [ [ 13.68054, 52.78269 ], [ 13.68005, 52.7827 ], [ 13.67952, 52.78277 ], [ 13.67884, 52.78297 ], [ 13.67902, 52.78301 ], [ 13.67949, 52.78299 ], [ 13.68064, 52.78283 ], [ 13.68086, 52.78274 ], [ 13.68054, 52.78269 ] ] ] } },
{ "type": "Feature", "properties": { "boden": "90 % ziemlich arm, mäßig frisch (Z2) · 10 % mittel, mäßig frisch (M2)" }, "geometry": { "type": "Polygon", "coordinates": [ [ [ 13.67693, 52.78293 ], [ 13.676, 52.78302 ], [ 13.67553, 52.78313 ], [ 13.6758, 52.78322 ], [ 13.67647, 52.78327 ], [ 13.67684, 52.78334 ], [ 13.6774, 52.78331 ], [ 13.67773, 52.78325 ], [ 13.67715, 52.78314 ], [ 13.67693, 52.78293 ] ] ] } },
{ "type": "Feature", "properties": { "boden": "90 % ziemlich arm, trocken (vermutet) (Z3) · 10 % mittel, trocken (vermutet) (M3)" }, "geometry": { "type": "Polygon", "coordinates": [ [ [ 13.68041, 52.78553 ], [ 13.68002, 52.78554 ], [ 13.67938, 52.78546 ], [ 13.67902, 52.78549 ], [ 13.67882, 52.78553 ], [ 13.67873, 52.7856 ], [ 13.68063, 52.7859 ], [ 13.681, 52.78611 ], [ 13.68108, 52.78608 ], [ 13.68127, 52.78589 ], [ 13.68126, 52.78581 ], [ 13.68089, 52.78563 ], [ 13.68041, 52.78553 ] ] ] } },
{ "type": "Feature", "properties": { "boden": "90 % ziemlich arm, trocken (vermutet) (Z3) · 10 % mittel, trocken (vermutet) (M3)" }, "geometry": { "type": "Polygon", "coordinates": [ [ [ 13.67566, 52.78571 ], [ 13.67441, 52.78587 ], [ 13.67537, 52.786 ], [ 13.67561, 52.78624 ], [ 13.67593, 52.78633 ], [ 13.67565, 52.78588 ], [ 13.67568, 52.78576 ], [ 13.6758, 52.78568 ], [ 13.67629, 52.78566 ], [ 13.67689, 52.78581 ], [ 13.67765, 52.7859 ], [ 13.678, 52.78602 ], [ 13.67815, 52.78579 ], [ 13.67837, 52.78561 ], [ 13.67812, 52.78553 ], [ 13.67754, 52.78547 ], [ 13.67558, 52.78549 ], [ 13.67566, 52.78571 ] ] ] } },
{ "type": "Feature", "properties": { "boden": "90 % ziemlich arm, mäßig frisch (Z2) · 10 % mittel, mäßig frisch (M2)" }, "geometry": { "type": "Polygon", "coordinates": [ [ [ 13.67932, 52.78579 ], [ 13.67871, 52.78581 ], [ 13.67863, 52.78586 ], [ 13.67877, 52.78595 ], [ 13.67906, 52.78603 ], [ 13.67998, 52.78616 ], [ 13.68056, 52.78617 ], [ 13.68052, 52.78608 ], [ 13.67999, 52.7859 ], [ 13.67932, 52.78579 ] ] ] } },
{ "type": "Feature", "properties": { "boden": "90 % ziemlich arm, mäßig frisch (Z2) · 10 % mittel, mäßig frisch (M2)" }, "geometry": { "type": "Polygon", "coordinates": [ [ [ 13.67644, 52.78581 ], [ 13.6762, 52.78583 ], [ 13.67613, 52.78588 ], [ 13.67615, 52.78595 ], [ 13.67647, 52.7861 ], [ 13.67668, 52.78626 ], [ 13.67781, 52.78647 ], [ 13.67815, 52.78633 ], [ 13.67809, 52.78626 ], [ 13.67735, 52.78608 ], [ 13.67679, 52.786 ], [ 13.67644, 52.78581 ] ] ] } },
{ "type": "Feature", "properties": { "boden": "90 % ziemlich arm, mäßig frisch (Z2) · 10 % mittel, mäßig frisch (M2)" }, "geometry": { "type": "Polygon", "coordinates": [ [ [ 13.67243, 52.78625 ], [ 13.67216, 52.78631 ], [ 13.67215, 52.78639 ], [ 13.67229, 52.78645 ], [ 13.67265, 52.78648 ], [ 13.67272, 52.78641 ], [ 13.67268, 52.78634 ], [ 13.67243, 52.78625 ] ] ] } },
{ "type": "Feature", "properties": { "boden": "90 % ziemlich arm, mäßig frisch (Z2) · 10 % mittel, mäßig frisch (M2)" }, "geometry": { "type": "Polygon", "coordinates": [ [ [ 13.67664, 52.78663 ], [ 13.67641, 52.78654 ], [ 13.67552, 52.78662 ], [ 13.67531, 52.78657 ], [ 13.67496, 52.78638 ], [ 13.67475, 52.78612 ], [ 13.67458, 52.78605 ], [ 13.67409, 52.78606 ], [ 13.67389, 52.78618 ], [ 13.67392, 52.78625 ], [ 13.67413, 52.78636 ], [ 13.67417, 52.78654 ], [ 13.67459, 52.78658 ], [ 13.67495, 52.78669 ], [ 13.67541, 52.78703 ], [ 13.67577, 52.78718 ], [ 13.67608, 52.7872 ], [ 13.67636, 52.78714 ], [ 13.67646, 52.78689 ], [ 13.67667, 52.78679 ], [ 13.67664, 52.78663 ] ] ] } },
{ "type": "Feature", "properties": { "boden": "90 % ziemlich arm, trocken (vermutet) (Z3) · 10 % mittel, trocken (vermutet) (M3)" }, "geometry": { "type": "Polygon", "coordinates": [ [ [ 13.67465, 52.78682 ], [ 13.67442, 52.78688 ], [ 13.67441, 52.78705 ], [ 13.67423, 52.78721 ], [ 13.67429, 52.7873 ], [ 13.67452, 52.78737 ], [ 13.67498, 52.78741 ], [ 13.67519, 52.78739 ], [ 13.67507, 52.7872 ], [ 13.67489, 52.7871 ], [ 13.67482, 52.78689 ], [ 13.67465, 52.78682 ] ] ] } },
{ "type": "Feature", "properties": { "boden": "90 % ziemlich arm, mäßig frisch (Z2) · 10 % mittel, mäßig frisch (M2)" }, "geometry": { "type": "Polygon", "coordinates": [ [ [ 13.67384, 52.78749 ], [ 13.67379, 52.78717 ], [ 13.67361, 52.78701 ], [ 13.67349, 52.78698 ], [ 13.67318, 52.78703 ], [ 13.67311, 52.78721 ], [ 13.67283, 52.7873 ], [ 13.67215, 52.78724 ], [ 13.67183, 52.78714 ], [ 13.67167, 52.78704 ], [ 13.67111, 52.78691 ], [ 13.6701, 52.78691 ], [ 13.66968, 52.78701 ], [ 13.66916, 52.78702 ], [ 13.66882, 52.78713 ], [ 13.66889, 52.78718 ], [ 13.66961, 52.78734 ], [ 13.6707, 52.78736 ], [ 13.6711, 52.78741 ], [ 13.67155, 52.78738 ], [ 13.67253, 52.78752 ], [ 13.67346, 52.78757 ], [ 13.6737, 52.78756 ], [ 13.67384, 52.78749 ] ] ] } },
{ "type": "Feature", "properties": { "boden": "90 % ziemlich arm, trocken (vermutet) (Z3) · 10 % mittel, trocken (vermutet) (M3)" }, "geometry": { "type": "Polygon", "coordinates": [ [ [ 13.68129, 52.78732 ], [ 13.68066, 52.78659 ], [ 13.68006, 52.78639 ], [ 13.67923, 52.78631 ], [ 13.67876, 52.78622 ], [ 13.67908, 52.7865 ], [ 13.67972, 52.78687 ], [ 13.68016, 52.78703 ], [ 13.68041, 52.78703 ], [ 13.68065, 52.78727 ], [ 13.68121, 52.7874 ], [ 13.68165, 52.7876 ], [ 13.68191, 52.78781 ], [ 13.68197, 52.78821 ], [ 13.68228, 52.78838 ], [ 13.68236, 52.78871 ], [ 13.68253, 52.78875 ], [ 13.68264, 52.78846 ], [ 13.68264, 52.78813 ], [ 13.68252, 52.78785 ], [ 13.68219, 52.78754 ], [ 13.68129, 52.78732 ] ] ] } },
{ "type": "Feature", "properties": { "boden": "90 % ziemlich arm, mäßig frisch (Z2) · 10 % mittel, mäßig frisch (M2)" }, "geometry": { "type": "Polygon", "coordinates": [ [ [ 13.67972, 52.78735 ], [ 13.67929, 52.7875 ], [ 13.67929, 52.78764 ], [ 13.67976, 52.78769 ], [ 13.68045, 52.7876 ], [ 13.68039, 52.7875 ], [ 13.67972, 52.78735 ] ] ] } },
{ "type": "Feature", "properties": { "boden": "90 % ziemlich arm, mäßig frisch (Z2) · 10 % mittel, mäßig frisch (M2)" }, "geometry": { "type": "Polygon", "coordinates": [ [ [ 13.66741, 52.78733 ], [ 13.66723, 52.78737 ], [ 13.66715, 52.78748 ], [ 13.66722, 52.78759 ], [ 13.6674, 52.78764 ], [ 13.66758, 52.78759 ], [ 13.66765, 52.78749 ], [ 13.66758, 52.78738 ], [ 13.66741, 52.78733 ] ] ] } },
{ "type": "Feature", "properties": { "boden": "90 % ziemlich arm, mäßig frisch (Z2) · 10 % mittel, mäßig frisch (M2)" }, "geometry": { "type": "Polygon", "coordinates": [ [ [ 13.68463, 52.78884 ], [ 13.68476, 52.7884 ], [ 13.68461, 52.7884 ], [ 13.68419, 52.7885 ], [ 13.68402, 52.78844 ], [ 13.68378, 52.78799 ], [ 13.68395, 52.78791 ], [ 13.68391, 52.78771 ], [ 13.68382, 52.78759 ], [ 13.68353, 52.78744 ], [ 13.68372, 52.78702 ], [ 13.68323, 52.78705 ], [ 13.68301, 52.78693 ], [ 13.68339, 52.78691 ], [ 13.68393, 52.78676 ], [ 13.68402, 52.78666 ], [ 13.68393, 52.78653 ], [ 13.68291, 52.78656 ], [ 13.68297, 52.78682 ], [ 13.68288, 52.78688 ], [ 13.68268, 52.78691 ], [ 13.68205, 52.78674 ], [ 13.68239, 52.7865 ], [ 13.68241, 52.78642 ], [ 13.68234, 52.78634 ], [ 13.68191, 52.78621 ], [ 13.68173, 52.78628 ], [ 13.68126, 52.78663 ], [ 13.68124, 52.78687 ], [ 13.6813, 52.78693 ], [ 13.68245, 52.7873 ], [ 13.68267, 52.78745 ], [ 13.68302, 52.78808 ], [ 13.68296, 52.78877 ], [ 13.68302, 52.78898 ], [ 13.68317, 52.78912 ], [ 13.68361, 52.78924 ], [ 13.68425, 52.78916 ], [ 13.68439, 52.78909 ], [ 13.68463, 52.78884 ] ] ] } },
{ "type": "Feature", "properties": { "boden": "90 % ziemlich arm, mäßig frisch (Z2) · 10 % mittel, mäßig frisch (M2)" }, "geometry": { "type": "Polygon", "coordinates": [ [ [ 13.69064, 52.78718 ], [ 13.69044, 52.78725 ], [ 13.69006, 52.78771 ], [ 13.68942, 52.78812 ], [ 13.68902, 52.78829 ], [ 13.68802, 52.78851 ], [ 13.68801, 52.78866 ], [ 13.68807, 52.78871 ], [ 13.68845, 52.78881 ], [ 13.68883, 52.78879 ], [ 13.68909, 52.78872 ], [ 13.68971, 52.78837 ], [ 13.69053, 52.78805 ], [ 13.69063, 52.78794 ], [ 13.6907, 52.7877 ], [ 13.69074, 52.78722 ], [ 13.69064, 52.78718 ] ] ] } },
{ "type": "Feature", "properties": { "boden": "90 % ziemlich arm, trocken (vermutet) (Z3) · 10 % mittel, trocken (vermutet) (M3)" }, "geometry": { "type": "Polygon", "coordinates": [ [ [ 13.69304, 52.78877 ], [ 13.69274, 52.78878 ], [ 13.69267, 52.7888 ], [ 13.69268, 52.78888 ], [ 13.69286, 52.78899 ], [ 13.69319, 52.78908 ], [ 13.69358, 52.78913 ], [ 13.69375, 52.7891 ], [ 13.69366, 52.78893 ], [ 13.69304, 52.78877 ] ] ] } },
{ "type": "Feature", "properties": { "boden": "90 % ziemlich arm, mäßig frisch (Z2) · 10 % mittel, mäßig frisch (M2)" }, "geometry": { "type": "Polygon", "coordinates": [ [ [ 13.69181, 52.78884 ], [ 13.69116, 52.7889 ], [ 13.69174, 52.78925 ], [ 13.69191, 52.7893 ], [ 13.69274, 52.78931 ], [ 13.69305, 52.78925 ], [ 13.69298, 52.78918 ], [ 13.69245, 52.78903 ], [ 13.69227, 52.78891 ], [ 13.69181, 52.78884 ] ] ] } },
{ "type": "Feature", "properties": { "boden": "90 % ziemlich arm, mäßig frisch (Z2) · 10 % mittel, mäßig frisch (M2)" }, "geometry": { "type": "Polygon", "coordinates": [ [ [ 13.68687, 52.78902 ], [ 13.68642, 52.78911 ], [ 13.68633, 52.78917 ], [ 13.68637, 52.78922 ], [ 13.68653, 52.78925 ], [ 13.68691, 52.78916 ], [ 13.687, 52.78909 ], [ 13.68687, 52.78902 ] ] ] } },
{ "type": "Feature", "properties": { "boden": "90 % ziemlich arm, mäßig frisch (Z2) · 10 % mittel, mäßig frisch (M2)" }, "geometry": { "type": "Polygon", "coordinates": [ [ [ 13.68875, 52.78904 ], [ 13.68841, 52.78911 ], [ 13.68843, 52.78923 ], [ 13.68857, 52.78931 ], [ 13.68881, 52.78931 ], [ 13.68909, 52.78921 ], [ 13.68905, 52.78908 ], [ 13.68875, 52.78904 ] ] ] } },
{ "type": "Feature", "properties": { "boden": "90 % ziemlich arm, trocken (vermutet) (Z3) · 10 % mittel, trocken (vermutet) (M3)" }, "geometry": { "type": "Polygon", "coordinates": [ [ [ 13.68654, 52.78799 ], [ 13.6865, 52.78815 ], [ 13.68578, 52.78849 ], [ 13.68576, 52.7886 ], [ 13.68599, 52.78872 ], [ 13.68639, 52.78882 ], [ 13.68714, 52.78889 ], [ 13.6875, 52.78914 ], [ 13.68735, 52.78931 ], [ 13.68641, 52.78957 ], [ 13.68626, 52.78984 ], [ 13.68613, 52.78994 ], [ 13.68617, 52.79013 ], [ 13.68654, 52.79042 ], [ 13.68654, 52.79064 ], [ 13.68662, 52.79071 ], [ 13.68689, 52.79066 ], [ 13.68698, 52.79057 ], [ 13.68693, 52.79019 ], [ 13.68696, 52.79 ], [ 13.68707, 52.78985 ], [ 13.68769, 52.78958 ], [ 13.68785, 52.78936 ], [ 13.68768, 52.78923 ], [ 13.68754, 52.78899 ], [ 13.68751, 52.78858 ], [ 13.68741, 52.78838 ], [ 13.68684, 52.78803 ], [ 13.68654, 52.78799 ] ] ] } },
{ "type": "Feature", "properties": { "boden": "90 % ziemlich arm, trocken (vermutet) (Z3) · 10 % mittel, trocken (vermutet) (M3)" }, "geometry": { "type": "Polygon", "coordinates": [ [ [ 13.68465, 52.78972 ], [ 13.68493, 52.7897 ], [ 13.68448, 52.78962 ], [ 13.6838, 52.78968 ], [ 13.68394, 52.78975 ], [ 13.68433, 52.78978 ], [ 13.68452, 52.78978 ], [ 13.68465, 52.78972 ] ] ] } },
{ "type": "Feature", "properties": { "boden": "90 % ziemlich arm, trocken (vermutet) (Z3) · 10 % mittel, trocken (vermutet) (M3)" }, "geometry": { "type": "Polygon", "coordinates": [ [ [ 13.69046, 52.78924 ], [ 13.69023, 52.78927 ], [ 13.69019, 52.78932 ], [ 13.69022, 52.78949 ], [ 13.69037, 52.78962 ], [ 13.69023, 52.78985 ], [ 13.68993, 52.78998 ], [ 13.68903, 52.79009 ], [ 13.68875, 52.79021 ], [ 13.68872, 52.79032 ], [ 13.68918, 52.79052 ], [ 13.68939, 52.79071 ], [ 13.68985, 52.7907 ], [ 13.69011, 52.79062 ], [ 13.69039, 52.79039 ], [ 13.6907, 52.79026 ], [ 13.69138, 52.78982 ], [ 13.69139, 52.78971 ], [ 13.69098, 52.78935 ], [ 13.69046, 52.78924 ] ] ] } },
{ "type": "Feature", "properties": { "boden": "90 % ziemlich arm, mäßig frisch (Z2) · 10 % mittel, mäßig frisch (M2)" }, "geometry": { "type": "Polygon", "coordinates": [ [ [ 13.6878, 52.78977 ], [ 13.68744, 52.78985 ], [ 13.68726, 52.78998 ], [ 13.68733, 52.79023 ], [ 13.6876, 52.79051 ], [ 13.68775, 52.7903 ], [ 13.68808, 52.79003 ], [ 13.68796, 52.7898 ], [ 13.6878, 52.78977 ] ] ] } },
{ "type": "Feature", "properties": { "boden": "90 % ziemlich arm, mäßig frisch (Z2) · 10 % mittel, mäßig frisch (M2)" }, "geometry": { "type": "Polygon", "coordinates": [ [ [ 13.69105, 52.79032 ], [ 13.69057, 52.79045 ], [ 13.69045, 52.79052 ], [ 13.69049, 52.79058 ], [ 13.69067, 52.79064 ], [ 13.69118, 52.7906 ], [ 13.69108, 52.7905 ], [ 13.69105, 52.79032 ] ] ] } },
{ "type": "Feature", "properties": { "boden": "90 % ziemlich arm, mäßig frisch (Z2) · 10 % mittel, mäßig frisch (M2)" }, "geometry": { "type": "Polygon", "coordinates": [ [ [ 13.67681, 52.7875 ], [ 13.6767, 52.78751 ], [ 13.67653, 52.78761 ], [ 13.67646, 52.78775 ], [ 13.67683, 52.7879 ], [ 13.67729, 52.78792 ], [ 13.6773, 52.78779 ], [ 13.67716, 52.78767 ], [ 13.67681, 52.7875 ] ] ] } },
{ "type": "Feature", "properties": { "boden": "90 % ziemlich arm, mäßig frisch (Z2) · 10 % mittel, mäßig frisch (M2)" }, "geometry": { "type": "Polygon", "coordinates": [ [ [ 13.67486, 52.78786 ], [ 13.67451, 52.78784 ], [ 13.67408, 52.78799 ], [ 13.67401, 52.78807 ], [ 13.67411, 52.7882 ], [ 13.67461, 52.78827 ], [ 13.67492, 52.78825 ], [ 13.67498, 52.78819 ], [ 13.67498, 52.78797 ], [ 13.67486, 52.78786 ] ] ] } },
{ "type": "Feature", "properties": { "boden": "90 % ziemlich arm, mäßig frisch (Z2) · 10 % mittel, mäßig frisch (M2)" }, "geometry": { "type": "Polygon", "coordinates": [ [ [ 13.67504, 52.78845 ], [ 13.67503, 52.78851 ], [ 13.67524, 52.78868 ], [ 13.67545, 52.78879 ], [ 13.67565, 52.78876 ], [ 13.67593, 52.78865 ], [ 13.67586, 52.78858 ], [ 13.67529, 52.78852 ], [ 13.67504, 52.78845 ] ] ] } },
{ "type": "Feature", "properties": { "boden": "90 % ziemlich arm, mäßig frisch (Z2) · 10 % mittel, mäßig frisch (M2)" }, "geometry": { "type": "Polygon", "coordinates": [ [ [ 13.67995, 52.78907 ], [ 13.67956, 52.78902 ], [ 13.67939, 52.78909 ], [ 13.67937, 52.78921 ], [ 13.6795, 52.78931 ], [ 13.67988, 52.7893 ], [ 13.68003, 52.78919 ], [ 13.67995, 52.78907 ] ] ] } },
{ "type": "Feature", "properties": { "boden": "90 % ziemlich arm, trocken (vermutet) (Z3) · 10 % mittel, trocken (vermutet) (M3)" }, "geometry": { "type": "Polygon", "coordinates": [ [ [ 13.67437, 52.78873 ], [ 13.6741, 52.78876 ], [ 13.67399, 52.78882 ], [ 13.67377, 52.78901 ], [ 13.67373, 52.78918 ], [ 13.67396, 52.78947 ], [ 13.67461, 52.7897 ], [ 13.67472, 52.7896 ], [ 13.67471, 52.78934 ], [ 13.67479, 52.78911 ], [ 13.67462, 52.78887 ], [ 13.67437, 52.78873 ] ] ] } },
{ "type": "Feature", "properties": { "boden": "90 % ziemlich arm, trocken (vermutet) (Z3) · 10 % mittel, trocken (vermutet) (M3)" }, "geometry": { "type": "Polygon", "coordinates": [ [ [ 13.67839, 52.79043 ], [ 13.6789, 52.79027 ], [ 13.67911, 52.79002 ], [ 13.67875, 52.78914 ], [ 13.6784, 52.78898 ], [ 13.67788, 52.7886 ], [ 13.67751, 52.78839 ], [ 13.67684, 52.78828 ], [ 13.67641, 52.78812 ], [ 13.67615, 52.78791 ], [ 13.67607, 52.78766 ], [ 13.67598, 52.78761 ], [ 13.67565, 52.78781 ], [ 13.67562, 52.78788 ], [ 13.67572, 52.78798 ], [ 13.67617, 52.78823 ], [ 13.67674, 52.78833 ], [ 13.67711, 52.78849 ], [ 13.67747, 52.78882 ], [ 13.6781, 52.78916 ], [ 13.67815, 52.78949 ], [ 13.67859, 52.78986 ], [ 13.67861, 52.78993 ], [ 13.67855, 52.78999 ], [ 13.67824, 52.79009 ], [ 13.67695, 52.79023 ], [ 13.67666, 52.79044 ], [ 13.6758, 52.79041 ], [ 13.6754, 52.7906 ], [ 13.67534, 52.79075 ], [ 13.67542, 52.7908 ], [ 13.67605, 52.79091 ], [ 13.67618, 52.79089 ], [ 13.67647, 52.79069 ], [ 13.67675, 52.79063 ], [ 13.67839, 52.79043 ] ] ] } },
{ "type": "Feature", "properties": { "boden": "90 % ziemlich arm, trocken (vermutet) (Z3) · 10 % mittel, trocken (vermutet) (M3)" }, "geometry": { "type": "Polygon", "coordinates": [ [ [ 13.67117, 52.78937 ], [ 13.67142, 52.78925 ], [ 13.67133, 52.78913 ], [ 13.67078, 52.7891 ], [ 13.67059, 52.78914 ], [ 13.67117, 52.78937 ] ] ] } },
{ "type": "Feature", "properties": { "boden": "90 % ziemlich arm, trocken (vermutet) (Z3) · 10 % mittel, trocken (vermutet) (M3)" }, "geometry": { "type": "Polygon", "coordinates": [ [ [ 13.67178, 52.7896 ], [ 13.67216, 52.78975 ], [ 13.67251, 52.78957 ], [ 13.67256, 52.78925 ], [ 13.67238, 52.78905 ], [ 13.67202, 52.78905 ], [ 13.67178, 52.78922 ], [ 13.67178, 52.7896 ] ] ] } },
{ "type": "Feature", "properties": { "boden": "90 % ziemlich arm, trocken (vermutet) (Z3) · 10 % mittel, trocken (vermutet) (M3)" }, "geometry": { "type": "Polygon", "coordinates": [ [ [ 13.68246, 52.78915 ], [ 13.68219, 52.78922 ], [ 13.68198, 52.78949 ], [ 13.68208, 52.78962 ], [ 13.68154, 52.78988 ], [ 13.68156, 52.79007 ], [ 13.68164, 52.79015 ], [ 13.68183, 52.79021 ], [ 13.68201, 52.79023 ], [ 13.68231, 52.79019 ], [ 13.68271, 52.78999 ], [ 13.68284, 52.78987 ], [ 13.6829, 52.78957 ], [ 13.68262, 52.7892 ], [ 13.68246, 52.78915 ] ] ] } },
{ "type": "Feature", "properties": { "boden": "90 % ziemlich arm, trocken (vermutet) (Z3) · 10 % mittel, trocken (vermutet) (M3)" }, "geometry": { "type": "Polygon", "coordinates": [ [ [ 13.67653, 52.78962 ], [ 13.67625, 52.78981 ], [ 13.67617, 52.78997 ], [ 13.67621, 52.79003 ], [ 13.67658, 52.79015 ], [ 13.67667, 52.79 ], [ 13.67666, 52.78981 ], [ 13.67653, 52.78962 ] ] ] } },
{ "type": "Feature", "properties": { "boden": "90 % ziemlich arm, trocken (vermutet) (Z3) · 10 % mittel, trocken (vermutet) (M3)" }, "geometry": { "type": "Polygon", "coordinates": [ [ [ 13.69248, 52.79057 ], [ 13.6923, 52.79063 ], [ 13.69238, 52.79071 ], [ 13.69266, 52.7908 ], [ 13.69282, 52.7908 ], [ 13.69293, 52.79076 ], [ 13.69288, 52.79066 ], [ 13.6927, 52.79059 ], [ 13.69248, 52.79057 ] ] ] } },
{ "type": "Feature", "properties": { "boden": "90 % ziemlich arm, mäßig frisch (Z2) · 10 % mittel, mäßig frisch (M2)" }, "geometry": { "type": "Polygon", "coordinates": [ [ [ 13.69031, 52.79083 ], [ 13.68997, 52.79081 ], [ 13.68932, 52.79115 ], [ 13.68982, 52.79118 ], [ 13.69027, 52.79104 ], [ 13.69035, 52.79097 ], [ 13.69034, 52.79088 ], [ 13.69031, 52.79083 ] ] ] } },
{ "type": "Feature", "properties": { "boden": "90 % ziemlich arm, mäßig frisch (Z2) · 10 % mittel, mäßig frisch (M2)" }, "geometry": { "type": "Polygon", "coordinates": [ [ [ 13.68448, 52.79086 ], [ 13.68498, 52.79085 ], [ 13.68501, 52.79078 ], [ 13.68452, 52.79074 ], [ 13.68385, 52.79034 ], [ 13.68362, 52.7903 ], [ 13.68349, 52.79042 ], [ 13.6833, 52.79095 ], [ 13.68314, 52.79115 ], [ 13.68276, 52.79131 ], [ 13.6822, 52.79144 ], [ 13.68204, 52.79155 ], [ 13.68282, 52.79161 ], [ 13.6833, 52.79157 ], [ 13.68448, 52.79086 ] ] ] } },
{ "type": "Feature", "properties": { "boden": "90 % ziemlich arm, mäßig frisch (Z2) · 10 % mittel, mäßig frisch (M2)" }, "geometry": { "type": "Polygon", "coordinates": [ [ [ 13.69324, 52.79087 ], [ 13.69268, 52.79122 ], [ 13.69218, 52.79164 ], [ 13.69199, 52.79185 ], [ 13.69206, 52.79191 ], [ 13.69236, 52.79191 ], [ 13.69294, 52.79177 ], [ 13.69374, 52.79144 ], [ 13.69383, 52.79125 ], [ 13.69381, 52.79111 ], [ 13.6937, 52.79099 ], [ 13.69352, 52.79091 ], [ 13.69324, 52.79087 ] ] ] } },
{ "type": "Feature", "properties": { "boden": "90 % ziemlich arm, mäßig frisch (Z2) · 10 % mittel, mäßig frisch (M2)" }, "geometry": { "type": "Polygon", "coordinates": [ [ [ 13.68899, 52.79112 ], [ 13.68893, 52.79106 ], [ 13.68875, 52.79105 ], [ 13.68746, 52.79118 ], [ 13.68731, 52.79087 ], [ 13.68721, 52.79081 ], [ 13.68708, 52.79081 ], [ 13.68687, 52.79092 ], [ 13.68601, 52.79118 ], [ 13.68478, 52.79163 ], [ 13.68278, 52.79191 ], [ 13.68318, 52.79198 ], [ 13.68413, 52.79201 ], [ 13.68502, 52.79187 ], [ 13.68619, 52.79186 ], [ 13.68692, 52.79178 ], [ 13.68814, 52.79153 ], [ 13.68852, 52.79132 ], [ 13.68892, 52.7912 ], [ 13.68899, 52.79112 ] ] ] } },
{ "type": "Feature", "properties": { "boden": "90 % ziemlich arm, mäßig frisch (Z2) · 10 % mittel, mäßig frisch (M2)" }, "geometry": { "type": "Polygon", "coordinates": [ [ [ 13.69128, 52.791 ], [ 13.6911, 52.79105 ], [ 13.69053, 52.79145 ], [ 13.6905, 52.79165 ], [ 13.6907, 52.79181 ], [ 13.69041, 52.79202 ], [ 13.69035, 52.79233 ], [ 13.69044, 52.79243 ], [ 13.69065, 52.79234 ], [ 13.69074, 52.79224 ], [ 13.6909, 52.79177 ], [ 13.69152, 52.79131 ], [ 13.69158, 52.79119 ], [ 13.69154, 52.79106 ], [ 13.69128, 52.791 ] ] ] } },
{ "type": "Feature", "properties": { "boden": "90 % ziemlich arm, trocken (vermutet) (Z3) · 10 % mittel, trocken (vermutet) (M3)" }, "geometry": { "type": "Polygon", "coordinates": [ [ [ 13.68966, 52.79256 ], [ 13.68872, 52.79242 ], [ 13.68798, 52.79212 ], [ 13.68654, 52.79243 ], [ 13.6861, 52.79235 ], [ 13.68589, 52.7922 ], [ 13.68531, 52.79209 ], [ 13.68514, 52.79211 ], [ 13.68496, 52.79225 ], [ 13.68465, 52.79228 ], [ 13.68199, 52.79217 ], [ 13.68165, 52.79197 ], [ 13.68142, 52.79204 ], [ 13.68144, 52.79213 ], [ 13.68165, 52.7922 ], [ 13.68283, 52.79249 ], [ 13.68966, 52.79256 ] ] ] } },
{ "type": "Feature", "properties": { "boden": "90 % ziemlich arm, trocken (vermutet) (Z3) · 10 % mittel, trocken (vermutet) (M3)" }, "geometry": { "type": "Polygon", "coordinates": [ [ [ 13.69193, 52.79247 ], [ 13.69158, 52.79244 ], [ 13.69119, 52.79258 ], [ 13.69214, 52.79259 ], [ 13.69193, 52.79247 ] ] ] } },
{ "type": "Feature", "properties": { "boden": "90 % ziemlich arm, mäßig frisch (Z2) · 10 % mittel, mäßig frisch (M2)" }, "geometry": { "type": "Polygon", "coordinates": [ [ [ 13.67926, 52.79193 ], [ 13.68081, 52.79221 ], [ 13.68175, 52.79248 ], [ 13.68251, 52.79248 ], [ 13.68239, 52.79242 ], [ 13.68131, 52.79217 ], [ 13.68124, 52.79208 ], [ 13.6813, 52.79195 ], [ 13.68121, 52.7919 ], [ 13.67926, 52.79193 ] ] ] } },
{ "type": "Feature", "properties": { "boden": "60 % kräftig, mäßig frisch (K2) · 40 % mittel, mäßig frisch (M+2)" }, "geometry": { "type": "Polygon", "coordinates": [ [ [ 13.6986, 52.75984 ], [ 13.69842, 52.75988 ], [ 13.69834, 52.75999 ], [ 13.69841, 52.76009 ], [ 13.69859, 52.76014 ], [ 13.69877, 52.7601 ], [ 13.69885, 52.75999 ], [ 13.69878, 52.75988 ], [ 13.6986, 52.75984 ] ] ] } },
{ "type": "Feature", "properties": { "boden": "40 % ziemlich arm, frisch (Z1) · 30 % ziemlich arm, mäßig frisch (Z2g) · 30 % mittel, mäßig frisch (M+2g)" }, "geometry": { "type": "Polygon", "coordinates": [ [ [ 13.70425, 52.76599 ], [ 13.70433, 52.76601 ], [ 13.70437, 52.76595 ], [ 13.70455, 52.76591 ], [ 13.70476, 52.76601 ], [ 13.70481, 52.76567 ], [ 13.7035, 52.76552 ], [ 13.7037, 52.76623 ], [ 13.70377, 52.76613 ], [ 13.70395, 52.76609 ], [ 13.70409, 52.76613 ], [ 13.70425, 52.76599 ] ] ] } },
{ "type": "Feature", "properties": { "boden": "40 % ziemlich arm, frisch (Z1) · 30 % ziemlich arm, mäßig frisch (Z2g) · 30 % ziemlich arm, mäßig frisch (Z+2g)" }, "geometry": { "type": "Polygon", "coordinates": [ [ [ 13.70476, 52.76601 ], [ 13.70455, 52.76591 ], [ 13.70437, 52.76595 ], [ 13.70433, 52.76601 ], [ 13.70452, 52.76606 ], [ 13.70454, 52.76622 ], [ 13.70472, 52.76617 ], [ 13.70476, 52.76601 ] ] ] } },
{ "type": "Feature", "properties": { "boden": "40 % ziemlich arm, frisch (Z1) · 30 % ziemlich arm, mäßig frisch (Z2g) · 30 % ziemlich arm, mäßig frisch (Z+2g)" }, "geometry": { "type": "Polygon", "coordinates": [ [ [ 13.70474, 52.76614 ], [ 13.70452, 52.76621 ], [ 13.70452, 52.76641 ], [ 13.70427, 52.76639 ], [ 13.70401, 52.76631 ], [ 13.70409, 52.76613 ], [ 13.70395, 52.76609 ], [ 13.70377, 52.76613 ], [ 13.7037, 52.76623 ], [ 13.70386, 52.76673 ], [ 13.70404, 52.76677 ], [ 13.70421, 52.76673 ], [ 13.70438, 52.76678 ], [ 13.70487, 52.76661 ], [ 13.70495, 52.7665 ], [ 13.70474, 52.76614 ] ] ] } },
{ "type": "Feature", "properties": { "boden": "40 % ziemlich arm, frisch (Z1) · 30 % ziemlich arm, mäßig frisch (Z2g) · 30 % ziemlich arm, mäßig frisch (Z+2g)" }, "geometry": { "type": "Polygon", "coordinates": [ [ [ 13.70482, 52.76677 ], [ 13.70464, 52.76681 ], [ 13.70457, 52.76692 ], [ 13.70464, 52.76703 ], [ 13.70481, 52.76707 ], [ 13.70499, 52.76703 ], [ 13.70507, 52.76692 ], [ 13.705, 52.76681 ], [ 13.70482, 52.76677 ] ] ] } },
{ "type": "Feature", "properties": { "boden": "100 % mittel, frisch (M1)" }, "geometry": { "type": "Polygon", "coordinates": [ [ [ 13.69746, 52.76738 ], [ 13.69792, 52.76728 ], [ 13.69799, 52.76717 ], [ 13.69792, 52.76707 ], [ 13.69775, 52.76702 ], [ 13.69757, 52.76706 ], [ 13.69736, 52.76716 ], [ 13.69699, 52.76724 ], [ 13.69691, 52.76734 ], [ 13.69698, 52.76745 ], [ 13.69716, 52.7675 ], [ 13.69746, 52.76738 ] ] ] } },
{ "type": "Feature", "properties": { "boden": "40 % ziemlich arm, frisch (Z1) · 30 % ziemlich arm, mäßig frisch (Z2g) · 30 % mittel, mäßig frisch (M+2g)" }, "geometry": { "type": "Polygon", "coordinates": [ [ [ 13.70462, 52.76857 ], [ 13.70455, 52.76846 ], [ 13.70463, 52.76835 ], [ 13.70496, 52.7683 ], [ 13.70515, 52.76823 ], [ 13.70523, 52.76812 ], [ 13.70556, 52.76799 ], [ 13.70564, 52.76788 ], [ 13.70582, 52.76784 ], [ 13.70594, 52.76769 ], [ 13.70645, 52.76751 ], [ 13.70663, 52.76732 ], [ 13.70712, 52.76727 ], [ 13.70727, 52.76712 ], [ 13.70745, 52.76707 ], [ 13.70762, 52.76712 ], [ 13.70769, 52.76723 ], [ 13.70762, 52.76733 ], [ 13.70744, 52.76738 ], [ 13.70729, 52.76753 ], [ 13.7068, 52.76758 ], [ 13.70662, 52.76778 ], [ 13.70612, 52.76795 ], [ 13.70599, 52.7681 ], [ 13.70566, 52.76823 ], [ 13.70533, 52.76857 ], [ 13.70871, 52.76816 ], [ 13.7087, 52.76789 ], [ 13.70917, 52.76764 ], [ 13.70903, 52.76726 ], [ 13.70899, 52.76687 ], [ 13.70914, 52.76604 ], [ 13.70699, 52.76589 ], [ 13.70666, 52.7667 ], [ 13.7062, 52.76665 ], [ 13.70525, 52.76628 ], [ 13.70476, 52.76615 ], [ 13.70482, 52.76635 ], [ 13.70495, 52.7665 ], [ 13.70487, 52.76661 ], [ 13.70438, 52.76678 ], [ 13.70421, 52.76673 ], [ 13.70404, 52.76677 ], [ 13.70386, 52.76673 ], [ 13.70382, 52.76667 ], [ 13.70401, 52.76733 ], [ 13.70315, 52.76747 ], [ 13.70311, 52.76808 ], [ 13.7027, 52.76828 ], [ 13.7026, 52.76896 ], [ 13.70341, 52.76902 ], [ 13.70428, 52.76866 ], [ 13.7044, 52.76868 ], [ 13.70485, 52.76863 ], [ 13.70462, 52.76857 ] ], [ [ 13.7036, 52.76809 ], [ 13.70367, 52.7682 ], [ 13.70359, 52.76831 ], [ 13.70341, 52.76835 ], [ 13.70323, 52.76831 ], [ 13.70316, 52.7682 ], [ 13.70324, 52.76809 ], [ 13.70342, 52.76805 ], [ 13.7036, 52.76809 ] ], [ [ 13.70507, 52.76692 ], [ 13.70499, 52.76703 ], [ 13.70481, 52.76707 ], [ 13.70464, 52.76703 ], [ 13.70457, 52.76692 ], [ 13.70464, 52.76681 ], [ 13.70482, 52.76677 ], [ 13.705, 52.76681 ], [ 13.70507, 52.76692 ] ], [ [ 13.70883, 52.76721 ], [ 13.70876, 52.76731 ], [ 13.70858, 52.76736 ], [ 13.7084, 52.76731 ], [ 13.70833, 52.7672 ], [ 13.70841, 52.7671 ], [ 13.70859, 52.76705 ], [ 13.70876, 52.7671 ], [ 13.70883, 52.76721 ] ] ] } },
{ "type": "Feature", "properties": { "boden": "100 % mittel, frisch (M1)" }, "geometry": { "type": "Polygon", "coordinates": [ [ [ 13.69736, 52.76716 ], [ 13.69775, 52.76702 ], [ 13.69792, 52.76707 ], [ 13.69799, 52.76717 ], [ 13.69787, 52.76729 ], [ 13.69789, 52.76796 ], [ 13.69837, 52.76788 ], [ 13.69787, 52.76688 ], [ 13.69699, 52.76724 ], [ 13.69736, 52.76716 ] ] ] } },
{ "type": "Feature", "properties": { "boden": "100 % mittel, frisch (M1)" }, "geometry": { "type": "Polygon", "coordinates": [ [ [ 13.69639, 52.76762 ], [ 13.69631, 52.76762 ], [ 13.69638, 52.76774 ], [ 13.69656, 52.76778 ], [ 13.69674, 52.76774 ], [ 13.69681, 52.76763 ], [ 13.69674, 52.76753 ], [ 13.69657, 52.76748 ], [ 13.69647, 52.7675 ], [ 13.69639, 52.76762 ] ] ] } },
{ "type": "Feature", "properties": { "boden": "100 % kräftig, mäßig frisch (K2)" }, "geometry": { "type": "Polygon", "coordinates": [ [ [ 13.69787, 52.76729 ], [ 13.69746, 52.76738 ], [ 13.69704, 52.76758 ], [ 13.69638, 52.76815 ], [ 13.69714, 52.76809 ], [ 13.69789, 52.76796 ], [ 13.69787, 52.76729 ] ] ] } },
{ "type": "Feature", "properties": { "boden": "100 % mittel, mäßig frisch (M+2)" }, "geometry": { "type": "Polygon", "coordinates": [ [ [ 13.68885, 52.76231 ], [ 13.68842, 52.76235 ], [ 13.68817, 52.76248 ], [ 13.68815, 52.76302 ], [ 13.68776, 52.76328 ], [ 13.68754, 52.76337 ], [ 13.68666, 52.76353 ], [ 13.6865, 52.76366 ], [ 13.68647, 52.76376 ], [ 13.68654, 52.76393 ], [ 13.68681, 52.76409 ], [ 13.6871, 52.76418 ], [ 13.68743, 52.76422 ], [ 13.6883, 52.76416 ], [ 13.68905, 52.76408 ], [ 13.68968, 52.76388 ], [ 13.68987, 52.76372 ], [ 13.69005, 52.76322 ], [ 13.69022, 52.76303 ], [ 13.69027, 52.76274 ], [ 13.69014, 52.76258 ], [ 13.68996, 52.76251 ], [ 13.68885, 52.76231 ] ] ] } },
{ "type": "Feature", "properties": { "boden": "100 % mittel, nass (NM3)" }, "geometry": { "type": "Polygon", "coordinates": [ [ [ 13.69303, 52.76355 ], [ 13.6932, 52.7636 ], [ 13.69327, 52.76371 ], [ 13.6932, 52.76381 ], [ 13.69299, 52.76388 ], [ 13.6931, 52.76402 ], [ 13.69391, 52.76344 ], [ 13.69374, 52.76331 ], [ 13.69351, 52.76324 ], [ 13.69334, 52.76325 ], [ 13.69317, 52.76335 ], [ 13.69303, 52.76355 ] ] ] } },
{ "type": "Feature", "properties": { "boden": "100 % ziemlich arm, mäßig frisch (Z+2)" }, "geometry": { "type": "Polygon", "coordinates": [ [ [ 13.69483, 52.76343 ], [ 13.69465, 52.76347 ], [ 13.69449, 52.76367 ], [ 13.6942, 52.76377 ], [ 13.69413, 52.76387 ], [ 13.6942, 52.76398 ], [ 13.69437, 52.76403 ], [ 13.69455, 52.76399 ], [ 13.69473, 52.76379 ], [ 13.695, 52.76369 ], [ 13.69507, 52.76358 ], [ 13.695, 52.76348 ], [ 13.69483, 52.76343 ] ] ] } },
{ "type": "Feature", "properties": { "boden": "100 % mittel, nass (NM3)" }, "geometry": { "type": "Polygon", "coordinates": [ [ [ 13.69299, 52.76388 ], [ 13.6932, 52.76381 ], [ 13.69327, 52.76371 ], [ 13.6932, 52.7636 ], [ 13.69303, 52.76355 ], [ 13.69253, 52.76393 ], [ 13.69257, 52.76418 ], [ 13.69271, 52.76431 ], [ 13.6931, 52.76402 ], [ 13.69299, 52.76388 ] ] ] } },
{ "type": "Feature", "properties": { "boden": "100 % ziemlich arm, mäßig frisch (Z+2)" }, "geometry": { "type": "Polygon", "coordinates": [ [ [ 13.6934, 52.76427 ], [ 13.69357, 52.76432 ], [ 13.69375, 52.76427 ], [ 13.69383, 52.76417 ], [ 13.69376, 52.76406 ], [ 13.69358, 52.76401 ], [ 13.69328, 52.76407 ], [ 13.6931, 52.76402 ], [ 13.69271, 52.76431 ], [ 13.69264, 52.76424 ], [ 13.69259, 52.76431 ], [ 13.69266, 52.76441 ], [ 13.6934, 52.76427 ] ] ] } },
{ "type": "Feature", "properties": { "boden": "100 % mittel, mäßig frisch (M+2)" }, "geometry": { "type": "Polygon", "coordinates": [ [ [ 13.68716, 52.76596 ], [ 13.68768, 52.76596 ], [ 13.6879, 52.76588 ], [ 13.68782, 52.76558 ], [ 13.68835, 52.7651 ], [ 13.68893, 52.76493 ], [ 13.68938, 52.76498 ], [ 13.68945, 52.76509 ], [ 13.68937, 52.7652 ], [ 13.68939, 52.76536 ], [ 13.68946, 52.76546 ], [ 13.68939, 52.76557 ], [ 13.68897, 52.76569 ], [ 13.68891, 52.76577 ], [ 13.68846, 52.7659 ], [ 13.68839, 52.76597 ], [ 13.6897, 52.76606 ], [ 13.69113, 52.76636 ], [ 13.69185, 52.76665 ], [ 13.69236, 52.76677 ], [ 13.69343, 52.76731 ], [ 13.69374, 52.76774 ], [ 13.69392, 52.76783 ], [ 13.69398, 52.76752 ], [ 13.69383, 52.76756 ], [ 13.69365, 52.76751 ], [ 13.69358, 52.7674 ], [ 13.69366, 52.76729 ], [ 13.69384, 52.76725 ], [ 13.69403, 52.76732 ], [ 13.69412, 52.76714 ], [ 13.69287, 52.76658 ], [ 13.69227, 52.76638 ], [ 13.69217, 52.76623 ], [ 13.69231, 52.7659 ], [ 13.6925, 52.76583 ], [ 13.69267, 52.76585 ], [ 13.69295, 52.76597 ], [ 13.69405, 52.76669 ], [ 13.69308, 52.7654 ], [ 13.69288, 52.76504 ], [ 13.69242, 52.76453 ], [ 13.69266, 52.76441 ], [ 13.69253, 52.76393 ], [ 13.69317, 52.76335 ], [ 13.69334, 52.76325 ], [ 13.69351, 52.76324 ], [ 13.69374, 52.76331 ], [ 13.69391, 52.76344 ], [ 13.6931, 52.76402 ], [ 13.69328, 52.76407 ], [ 13.69358, 52.76401 ], [ 13.69376, 52.76406 ], [ 13.69383, 52.76417 ], [ 13.69375, 52.76427 ], [ 13.69357, 52.76432 ], [ 13.6934, 52.76427 ], [ 13.6932, 52.76431 ], [ 13.69381, 52.76441 ], [ 13.6946, 52.76416 ], [ 13.69537, 52.76351 ], [ 13.69527, 52.76327 ], [ 13.69561, 52.76256 ], [ 13.69584, 52.76235 ], [ 13.69663, 52.76215 ], [ 13.69671, 52.76223 ], [ 13.69613, 52.76251 ], [ 13.69619, 52.76311 ], [ 13.69679, 52.76333 ], [ 13.69822, 52.76276 ], [ 13.69702, 52.76193 ], [ 13.69581, 52.76224 ], [ 13.69568, 52.76195 ], [ 13.69547, 52.76182 ], [ 13.69518, 52.76176 ], [ 13.69396, 52.76168 ], [ 13.69377, 52.76204 ], [ 13.69298, 52.7623 ], [ 13.69303, 52.76255 ], [ 13.69294, 52.76285 ], [ 13.69274, 52.76305 ], [ 13.69228, 52.76323 ], [ 13.69201, 52.76322 ], [ 13.6915, 52.76305 ], [ 13.69129, 52.7631 ], [ 13.69104, 52.76328 ], [ 13.69072, 52.76381 ], [ 13.69063, 52.76413 ], [ 13.69042, 52.76443 ], [ 13.69025, 52.76456 ], [ 13.68994, 52.76465 ], [ 13.68862, 52.76482 ], [ 13.68811, 52.76495 ], [ 13.68792, 52.76506 ], [ 13.68788, 52.76525 ], [ 13.68764, 52.76563 ], [ 13.68752, 52.76571 ], [ 13.68715, 52.76577 ], [ 13.68666, 52.7657 ], [ 13.68624, 52.76559 ], [ 13.68582, 52.76537 ], [ 13.6853, 52.76489 ], [ 13.68501, 52.76445 ], [ 13.68481, 52.76428 ], [ 13.68426, 52.76413 ], [ 13.68401, 52.76417 ], [ 13.68402, 52.76469 ], [ 13.68426, 52.76508 ], [ 13.68377, 52.76576 ], [ 13.68347, 52.76639 ], [ 13.68395, 52.76632 ], [ 13.6855, 52.7663 ], [ 13.68567, 52.76647 ], [ 13.68561, 52.76675 ], [ 13.68528, 52.76718 ], [ 13.68514, 52.76731 ], [ 13.68496, 52.76739 ], [ 13.68473, 52.7674 ], [ 13.68382, 52.76706 ], [ 13.68315, 52.76706 ], [ 13.68311, 52.76729 ], [ 13.68372, 52.76734 ], [ 13.68558, 52.76791 ], [ 13.68588, 52.76749 ], [ 13.68632, 52.76711 ], [ 13.68628, 52.76664 ], [ 13.6864, 52.76635 ], [ 13.68662, 52.7661 ], [ 13.68716, 52.76596 ] ], [ [ 13.68479, 52.76599 ], [ 13.68471, 52.7661 ], [ 13.68453, 52.76614 ], [ 13.68435, 52.7661 ], [ 13.68428, 52.76599 ], [ 13.68436, 52.76588 ], [ 13.68454, 52.76584 ], [ 13.68472, 52.76589 ], [ 13.68479, 52.76599 ] ], [ [ 13.69098, 52.76516 ], [ 13.69046, 52.76507 ], [ 13.69039, 52.76496 ], [ 13.69047, 52.76485 ], [ 13.69065, 52.76481 ], [ 13.69116, 52.7649 ], [ 13.69123, 52.76501 ], [ 13.69115, 52.76512 ], [ 13.69098, 52.76516 ] ], [ [ 13.6951, 52.76301 ], [ 13.69502, 52.76312 ], [ 13.69484, 52.76316 ], [ 13.69467, 52.76311 ], [ 13.69459, 52.76301 ], [ 13.69467, 52.7629 ], [ 13.69485, 52.76286 ], [ 13.69503, 52.7629 ], [ 13.6951, 52.76301 ] ], [ [ 13.69507, 52.76358 ], [ 13.695, 52.76369 ], [ 13.69473, 52.76379 ], [ 13.69455, 52.76399 ], [ 13.69437, 52.76403 ], [ 13.6942, 52.76398 ], [ 13.69413, 52.76387 ], [ 13.6942, 52.76377 ], [ 13.69449, 52.76367 ], [ 13.69465, 52.76347 ], [ 13.69483, 52.76343 ], [ 13.695, 52.76348 ], [ 13.69507, 52.76358 ] ] ] } },
{ "type": "Feature", "properties": { "boden": "100 % ziemlich arm, mäßig frisch (Z+2)" }, "geometry": { "type": "Polygon", "coordinates": [ [ [ 13.69123, 52.76501 ], [ 13.69116, 52.7649 ], [ 13.69065, 52.76481 ], [ 13.69047, 52.76485 ], [ 13.69039, 52.76496 ], [ 13.69046, 52.76507 ], [ 13.69098, 52.76516 ], [ 13.69115, 52.76512 ], [ 13.69123, 52.76501 ] ] ] } },
{ "type": "Feature", "properties": { "boden": "100 % ziemlich arm, mäßig frisch (Z+2)" }, "geometry": { "type": "Polygon", "coordinates": [ [ [ 13.68924, 52.7652 ], [ 13.68935, 52.76511 ], [ 13.68931, 52.76506 ], [ 13.68874, 52.76511 ], [ 13.68853, 52.76519 ], [ 13.68838, 52.76538 ], [ 13.68841, 52.76544 ], [ 13.68871, 52.76525 ], [ 13.689, 52.76519 ], [ 13.68924, 52.7652 ] ] ] } },
{ "type": "Feature", "properties": { "boden": "100 % ziemlich arm, mäßig frisch (Z+2)" }, "geometry": { "type": "Polygon", "coordinates": [ [ [ 13.68846, 52.7659 ], [ 13.68891, 52.76577 ], [ 13.68897, 52.76569 ], [ 13.68939, 52.76557 ], [ 13.68946, 52.76546 ], [ 13.68939, 52.76536 ], [ 13.68937, 52.7652 ], [ 13.68945, 52.76509 ], [ 13.68938, 52.76498 ], [ 13.68893, 52.76493 ], [ 13.68855, 52.76502 ], [ 13.68835, 52.7651 ], [ 13.68827, 52.76521 ], [ 13.68813, 52.76526 ], [ 13.68801, 52.76543 ], [ 13.6879, 52.76547 ], [ 13.68782, 52.76558 ], [ 13.6879, 52.76588 ], [ 13.68768, 52.76596 ], [ 13.68839, 52.76597 ], [ 13.68846, 52.7659 ] ], [ [ 13.68829, 52.7657 ], [ 13.68843, 52.7653 ], [ 13.68862, 52.76515 ], [ 13.68889, 52.76508 ], [ 13.68935, 52.76508 ], [ 13.68919, 52.76522 ], [ 13.68936, 52.76538 ], [ 13.68908, 52.76539 ], [ 13.68893, 52.76555 ], [ 13.68874, 52.76555 ], [ 13.68838, 52.76575 ], [ 13.68829, 52.7657 ] ] ] } },
{ "type": "Feature", "properties": { "boden": "100 % ziemlich arm, mäßig frisch (Z+2)" }, "geometry": { "type": "Polygon", "coordinates": [ [ [ 13.68454, 52.76584 ], [ 13.68436, 52.76588 ], [ 13.68428, 52.76599 ], [ 13.68435, 52.7661 ], [ 13.68453, 52.76614 ], [ 13.68471, 52.7661 ], [ 13.68479, 52.76599 ], [ 13.68472, 52.76589 ], [ 13.68454, 52.76584 ] ] ] } },
{ "type": "Feature", "properties": { "boden": "100 % kräftig, mäßig frisch (K2)" }, "geometry": { "type": "Polygon", "coordinates": [ [ [ 13.72293, 52.7658 ], [ 13.72302, 52.76578 ], [ 13.7231, 52.76568 ], [ 13.72303, 52.76557 ], [ 13.72285, 52.76552 ], [ 13.72267, 52.76556 ], [ 13.72259, 52.76567 ], [ 13.72293, 52.7658 ] ] ] } },
{ "type": "Feature", "properties": { "boden": "50 % ziemlich arm, mäßig frisch (Z+2g) · 50 % ziemlich arm, mäßig frisch (Z2)" }, "geometry": { "type": "Polygon", "coordinates": [ [ [ 13.73296, 52.76589 ], [ 13.73278, 52.76593 ], [ 13.73243, 52.76634 ], [ 13.7325, 52.76645 ], [ 13.73268, 52.76649 ], [ 13.73286, 52.76645 ], [ 13.73297, 52.76625 ], [ 13.73321, 52.76604 ], [ 13.73314, 52.76593 ], [ 13.73296, 52.76589 ] ] ] } },
{ "type": "Feature", "properties": { "boden": "50 % mittel, mäßig frisch (M2) · 50 % mittel, mäßig frisch (M+2)" }, "geometry": { "type": "Polygon", "coordinates": [ [ [ 13.72933, 52.76612 ], [ 13.72915, 52.76616 ], [ 13.72907, 52.76627 ], [ 13.72915, 52.76638 ], [ 13.72932, 52.76642 ], [ 13.7295, 52.76638 ], [ 13.72958, 52.76627 ], [ 13.72951, 52.76617 ], [ 13.72933, 52.76612 ] ] ] } },
{ "type": "Feature", "properties": { "boden": "50 % mittel, mäßig frisch (M2) · 50 % mittel, mäßig frisch (M+2)" }, "geometry": { "type": "Polygon", "coordinates": [ [ [ 13.72597, 52.76661 ], [ 13.72613, 52.76656 ], [ 13.72621, 52.76645 ], [ 13.7261, 52.76623 ], [ 13.72615, 52.76602 ], [ 13.72608, 52.76591 ], [ 13.72591, 52.76586 ], [ 13.72573, 52.76591 ], [ 13.72565, 52.76601 ], [ 13.72577, 52.76626 ], [ 13.72571, 52.76645 ], [ 13.72578, 52.76657 ], [ 13.72597, 52.76661 ] ] ] } },
{ "type": "Feature", "properties": { "boden": "50 % mittel, mäßig frisch (M2) · 50 % mittel, mäßig frisch (M+2)" }, "geometry": { "type": "Polygon", "coordinates": [ [ [ 13.73222, 52.76687 ], [ 13.73226, 52.76668 ], [ 13.73206, 52.76655 ], [ 13.73144, 52.7663 ], [ 13.73073, 52.76632 ], [ 13.73026, 52.76598 ], [ 13.72997, 52.76551 ], [ 13.72986, 52.76436 ], [ 13.72997, 52.76398 ], [ 13.72979, 52.76387 ], [ 13.72869, 52.76373 ], [ 13.72581, 52.76371 ], [ 13.72539, 52.76547 ], [ 13.72554, 52.76652 ], [ 13.72578, 52.76657 ], [ 13.72571, 52.76645 ], [ 13.72577, 52.76626 ], [ 13.72565, 52.76601 ], [ 13.72573, 52.76591 ], [ 13.72591, 52.76586 ], [ 13.72608, 52.76591 ], [ 13.72615, 52.76602 ], [ 13.7261, 52.76623 ], [ 13.72621, 52.76645 ], [ 13.72613, 52.76656 ], [ 13.72597, 52.76661 ], [ 13.72827, 52.76714 ], [ 13.72905, 52.76737 ], [ 13.73297, 52.76831 ], [ 13.7337, 52.76838 ], [ 13.73554, 52.76898 ], [ 13.73575, 52.76881 ], [ 13.73558, 52.76863 ], [ 13.73407, 52.76813 ], [ 13.73348, 52.76783 ], [ 13.7319, 52.76744 ], [ 13.73176, 52.76729 ], [ 13.73222, 52.76687 ] ], [ [ 13.73178, 52.76662 ], [ 13.7317, 52.76673 ], [ 13.73152, 52.76677 ], [ 13.73134, 52.76673 ], [ 13.73127, 52.76662 ], [ 13.73135, 52.76651 ], [ 13.73153, 52.76647 ], [ 13.7317, 52.76652 ], [ 13.73178, 52.76662 ] ], [ [ 13.72704, 52.76639 ], [ 13.72697, 52.7665 ], [ 13.72679, 52.76654 ], [ 13.72661, 52.7665 ], [ 13.72654, 52.76639 ], [ 13.72662, 52.76628 ], [ 13.7268, 52.76624 ], [ 13.72697, 52.76629 ], [ 13.72704, 52.76639 ] ], [ [ 13.72958, 52.76627 ], [ 13.7295, 52.76638 ], [ 13.72932, 52.76642 ], [ 13.72915, 52.76638 ], [ 13.72907, 52.76627 ], [ 13.72915, 52.76616 ], [ 13.72933, 52.76612 ], [ 13.72951, 52.76617 ], [ 13.72958, 52.76627 ] ], [ [ 13.72615, 52.76528 ], [ 13.72607, 52.76539 ], [ 13.72589, 52.76543 ], [ 13.72572, 52.76538 ], [ 13.72564, 52.76527 ], [ 13.72572, 52.76517 ], [ 13.7259, 52.76513 ], [ 13.72608, 52.76517 ], [ 13.72615, 52.76528 ] ], [ [ 13.72714, 52.76423 ], [ 13.72712, 52.76437 ], [ 13.72662, 52.76491 ], [ 13.72645, 52.76496 ], [ 13.72616, 52.76492 ], [ 13.72609, 52.76468 ], [ 13.72627, 52.76428 ], [ 13.72648, 52.76409 ], [ 13.72673, 52.76405 ], [ 13.72699, 52.7641 ], [ 13.72714, 52.76423 ] ], [ [ 13.72776, 52.76391 ], [ 13.72836, 52.76411 ], [ 13.72843, 52.76422 ], [ 13.72835, 52.76433 ], [ 13.72817, 52.76437 ], [ 13.72758, 52.76417 ], [ 13.72751, 52.76406 ], [ 13.72758, 52.76396 ], [ 13.72776, 52.76391 ] ] ] } },
{ "type": "Feature", "properties": { "boden": "60 % kräftig, mäßig frisch (K2) · 40 % mittel, mäßig frisch (M+2)" }, "geometry": { "type": "Polygon", "coordinates": [ [ [ 13.72453, 52.76667 ], [ 13.72476, 52.76647 ], [ 13.72474, 52.76635 ], [ 13.72262, 52.76571 ], [ 13.72149, 52.76546 ], [ 13.72106, 52.76646 ], [ 13.72244, 52.76717 ], [ 13.72271, 52.76717 ], [ 13.72393, 52.76679 ], [ 13.72453, 52.76667 ] ] ] } },
{ "type": "Feature", "properties": { "boden": "50 % mittel, mäßig frisch (M2) · 50 % mittel, mäßig frisch (M+2)" }, "geometry": { "type": "Polygon", "coordinates": [ [ [ 13.7268, 52.76624 ], [ 13.72662, 52.76628 ], [ 13.72654, 52.76639 ], [ 13.72661, 52.7665 ], [ 13.72679, 52.76654 ], [ 13.72697, 52.7665 ], [ 13.72704, 52.76639 ], [ 13.72697, 52.76629 ], [ 13.7268, 52.76624 ] ] ] } },
{ "type": "Feature", "properties": { "boden": "50 % mittel, mäßig frisch (M2) · 50 % mittel, mäßig frisch (M+2)" }, "geometry": { "type": "Polygon", "coordinates": [ [ [ 13.73153, 52.76647 ], [ 13.73135, 52.76651 ], [ 13.73127, 52.76662 ], [ 13.73134, 52.76673 ], [ 13.73152, 52.76677 ], [ 13.7317, 52.76673 ], [ 13.73178, 52.76662 ], [ 13.7317, 52.76652 ], [ 13.73153, 52.76647 ] ] ] } },
{ "type": "Feature", "properties": { "boden": "50 % ziemlich arm, mäßig frisch (Z+2g) · 50 % ziemlich arm, mäßig frisch (Z2)" }, "geometry": { "type": "Polygon", "coordinates": [ [ [ 13.73447, 52.76617 ], [ 13.73385, 52.76597 ], [ 13.73366, 52.76583 ], [ 13.73317, 52.76584 ], [ 13.73241, 52.76576 ], [ 13.73197, 52.76593 ], [ 13.73159, 52.76615 ], [ 13.73144, 52.7663 ], [ 13.73206, 52.76655 ], [ 13.73226, 52.76668 ], [ 13.73222, 52.76687 ], [ 13.73202, 52.76705 ], [ 13.73249, 52.76704 ], [ 13.73289, 52.76728 ], [ 13.73338, 52.7673 ], [ 13.7338, 52.76757 ], [ 13.73401, 52.76757 ], [ 13.73435, 52.76743 ], [ 13.73495, 52.76686 ], [ 13.73555, 52.76665 ], [ 13.73447, 52.76617 ] ], [ [ 13.73321, 52.76604 ], [ 13.73297, 52.76625 ], [ 13.73286, 52.76645 ], [ 13.73268, 52.76649 ], [ 13.7325, 52.76645 ], [ 13.73243, 52.76634 ], [ 13.73278, 52.76593 ], [ 13.73296, 52.76589 ], [ 13.73314, 52.76593 ], [ 13.73321, 52.76604 ] ] ] } },
{ "type": "Feature", "properties": { "boden": "50 % ziemlich arm, mäßig frisch (Z2) · 30 % ziemlich arm, mäßig frisch (Z2) · 20 % mittel, mäßig frisch (M2)" }, "geometry": { "type": "Polygon", "coordinates": [ [ [ 13.72142, 52.76752 ], [ 13.72177, 52.76749 ], [ 13.72194, 52.76753 ], [ 13.72201, 52.76765 ], [ 13.72193, 52.76778 ], [ 13.72204, 52.76787 ], [ 13.72202, 52.76795 ], [ 13.7221, 52.76797 ], [ 13.72228, 52.76793 ], [ 13.72236, 52.76782 ], [ 13.72229, 52.76771 ], [ 13.72206, 52.76758 ], [ 13.72207, 52.76743 ], [ 13.722, 52.76732 ], [ 13.72183, 52.76727 ], [ 13.72165, 52.76731 ], [ 13.72157, 52.76742 ], [ 13.72131, 52.7675 ], [ 13.72126, 52.76758 ], [ 13.72142, 52.76752 ] ] ] } },
{ "type": "Feature", "properties": { "boden": "50 % mittel, mäßig frisch (M+2) · 50 % mittel, mäßig frisch (M+2)" }, "geometry": { "type": "Polygon", "coordinates": [ [ [ 13.71874, 52.76513 ], [ 13.71694, 52.76507 ], [ 13.71661, 52.76541 ], [ 13.7168, 52.76536 ], [ 13.7171, 52.76542 ], [ 13.71728, 52.76538 ], [ 13.71746, 52.76542 ], [ 13.71753, 52.76553 ], [ 13.71745, 52.76564 ], [ 13.71727, 52.76568 ], [ 13.71697, 52.76562 ], [ 13.71679, 52.76567 ], [ 13.71661, 52.7656 ], [ 13.7166, 52.76576 ], [ 13.7186, 52.76584 ], [ 13.71874, 52.76513 ] ] ] } },
{ "type": "Feature", "properties": { "boden": "50 % mittel, mäßig frisch (M+2) · 50 % mittel, mäßig frisch (M+2)" }, "geometry": { "type": "Polygon", "coordinates": [ [ [ 13.71661, 52.7656 ], [ 13.71679, 52.76567 ], [ 13.71697, 52.76562 ], [ 13.71727, 52.76568 ], [ 13.71745, 52.76564 ], [ 13.71753, 52.76553 ], [ 13.71746, 52.76542 ], [ 13.71728, 52.76538 ], [ 13.7171, 52.76542 ], [ 13.7168, 52.76536 ], [ 13.71661, 52.76541 ], [ 13.71661, 52.7656 ] ] ] } },
{ "type": "Feature", "properties": { "boden": "50 % mittel, mäßig frisch (M+2) · 50 % mittel, mäßig frisch (M+2)" }, "geometry": { "type": "Polygon", "coordinates": [ [ [ 13.7186, 52.76584 ], [ 13.7185, 52.76619 ], [ 13.71959, 52.76652 ], [ 13.7195, 52.767 ], [ 13.7203, 52.76716 ], [ 13.72099, 52.76662 ], [ 13.7186, 52.76584 ] ] ] } },
{ "type": "Feature", "properties": { "boden": "40 % ziemlich arm, frisch (Z1) · 30 % ziemlich arm, mäßig frisch (Z2g) · 30 % ziemlich arm, mäßig frisch (Z+2g)" }, "geometry": { "type": "Polygon", "coordinates": [ [ [ 13.70859, 52.76705 ], [ 13.70841, 52.7671 ], [ 13.70833, 52.7672 ], [ 13.7084, 52.76731 ], [ 13.70858, 52.76736 ], [ 13.70876, 52.76731 ], [ 13.70883, 52.76721 ], [ 13.70876, 52.7671 ], [ 13.70859, 52.76705 ] ] ] } },
{ "type": "Feature", "properties": { "boden": "50 % ziemlich arm, mäßig frisch (Z2) · 30 % ziemlich arm, mäßig frisch (Z2) · 20 % mittel, mäßig frisch (M2)" }, "geometry": { "type": "Polygon", "coordinates": [ [ [ 13.72096, 52.76767 ], [ 13.72076, 52.76758 ], [ 13.72058, 52.76762 ], [ 13.72053, 52.76777 ], [ 13.72096, 52.76767 ] ] ] } },
{ "type": "Feature", "properties": { "boden": "50 % ziemlich arm, mäßig frisch (Z2) · 30 % ziemlich arm, mäßig frisch (Z2) · 20 % mittel, mäßig frisch (M2)" }, "geometry": { "type": "Polygon", "coordinates": [ [ [ 13.72096, 52.76767 ], [ 13.72053, 52.76777 ], [ 13.72057, 52.76784 ], [ 13.72075, 52.76788 ], [ 13.72093, 52.76784 ], [ 13.72101, 52.76773 ], [ 13.72096, 52.76767 ] ] ] } },
{ "type": "Feature", "properties": { "boden": "50 % ziemlich arm, mäßig frisch (Z2) · 30 % ziemlich arm, mäßig frisch (Z2) · 20 % mittel, mäßig frisch (M2)" }, "geometry": { "type": "Polygon", "coordinates": [ [ [ 13.72131, 52.76772 ], [ 13.72126, 52.76758 ], [ 13.72096, 52.76767 ], [ 13.72101, 52.76773 ], [ 13.72093, 52.76784 ], [ 13.72075, 52.76788 ], [ 13.72057, 52.76784 ], [ 13.72053, 52.76777 ], [ 13.72037, 52.76789 ], [ 13.72029, 52.76806 ], [ 13.72047, 52.76801 ], [ 13.72066, 52.76807 ], [ 13.72081, 52.76791 ], [ 13.72106, 52.7678 ], [ 13.72142, 52.76775 ], [ 13.72131, 52.76772 ] ] ] } },
{ "type": "Feature", "properties": { "boden": "50 % ziemlich arm, mäßig frisch (Z2) · 30 % ziemlich arm, mäßig frisch (Z2) · 20 % mittel, mäßig frisch (M2)" }, "geometry": { "type": "Polygon", "coordinates": [ [ [ 13.72046, 52.76832 ], [ 13.72066, 52.76807 ], [ 13.72047, 52.76801 ], [ 13.72029, 52.76806 ], [ 13.72023, 52.76818 ], [ 13.72029, 52.76827 ], [ 13.72046, 52.76832 ] ] ] } },
{ "type": "Feature", "properties": { "boden": "50 % ziemlich arm, mäßig frisch (Z2) · 30 % ziemlich arm, mäßig frisch (Z2) · 20 % mittel, mäßig frisch (M2)" }, "geometry": { "type": "Polygon", "coordinates": [ [ [ 13.72029, 52.76847 ], [ 13.72011, 52.76851 ], [ 13.72003, 52.76862 ], [ 13.7201, 52.76873 ], [ 13.72028, 52.76878 ], [ 13.72041, 52.7685 ], [ 13.72029, 52.76847 ] ] ] } },
{ "type": "Feature", "properties": { "boden": "50 % ziemlich arm, mäßig frisch (Z2) · 30 % ziemlich arm, mäßig frisch (Z2) · 20 % mittel, mäßig frisch (M2)" }, "geometry": { "type": "Polygon", "coordinates": [ [ [ 13.7201, 52.76873 ], [ 13.72003, 52.76862 ], [ 13.72011, 52.76851 ], [ 13.72029, 52.76847 ], [ 13.72041, 52.7685 ], [ 13.7205, 52.76831 ], [ 13.72029, 52.76827 ], [ 13.72023, 52.76818 ], [ 13.71977, 52.7691 ], [ 13.72026, 52.76914 ], [ 13.7202, 52.76893 ], [ 13.72028, 52.76878 ], [ 13.7201, 52.76873 ] ] ] } },
{ "type": "Feature", "properties": { "boden": "50 % ziemlich arm, mäßig frisch (Z2) · 30 % ziemlich arm, mäßig frisch (Z2) · 20 % mittel, mäßig frisch (M2)" }, "geometry": { "type": "Polygon", "coordinates": [ [ [ 13.72124, 52.76761 ], [ 13.72131, 52.76772 ], [ 13.72142, 52.76775 ], [ 13.72193, 52.76778 ], [ 13.72201, 52.76765 ], [ 13.72194, 52.76753 ], [ 13.72177, 52.76749 ], [ 13.72142, 52.76752 ], [ 13.72124, 52.76761 ] ] ] } },
{ "type": "Feature", "properties": { "boden": "60 % mittel, mäßig frisch (M2) · 40 % mittel, mäßig frisch (M+2)" }, "geometry": { "type": "Polygon", "coordinates": [ [ [ 13.73554, 52.76898 ], [ 13.73412, 52.76855 ], [ 13.7337, 52.76838 ], [ 13.73297, 52.76831 ], [ 13.72905, 52.76737 ], [ 13.72827, 52.76714 ], [ 13.72474, 52.76635 ], [ 13.72476, 52.76647 ], [ 13.72468, 52.76658 ], [ 13.72453, 52.76667 ], [ 13.72429, 52.76673 ], [ 13.7255, 52.76687 ], [ 13.72579, 52.76709 ], [ 13.72594, 52.76748 ], [ 13.72577, 52.76953 ], [ 13.72687, 52.76957 ], [ 13.72819, 52.76976 ], [ 13.72862, 52.76976 ], [ 13.72991, 52.76946 ], [ 13.7332, 52.76916 ], [ 13.73439, 52.7692 ], [ 13.73511, 52.76915 ], [ 13.73554, 52.76898 ] ], [ [ 13.72888, 52.76879 ], [ 13.7287, 52.76875 ], [ 13.72818, 52.76876 ], [ 13.72766, 52.76871 ], [ 13.72748, 52.76875 ], [ 13.72731, 52.76871 ], [ 13.72724, 52.7686 ], [ 13.72731, 52.76849 ], [ 13.72749, 52.76845 ], [ 13.72801, 52.76853 ], [ 13.72853, 52.76854 ], [ 13.72889, 52.76849 ], [ 13.72907, 52.76853 ], [ 13.72914, 52.76864 ], [ 13.72906, 52.76875 ], [ 13.72888, 52.76879 ] ], [ [ 13.72875, 52.76821 ], [ 13.72868, 52.76832 ], [ 13.7285, 52.76836 ], [ 13.72832, 52.76831 ], [ 13.72825, 52.7682 ], [ 13.72833, 52.7681 ], [ 13.72851, 52.76805 ], [ 13.72868, 52.7681 ], [ 13.72875, 52.76821 ] ], [ [ 13.72806, 52.7682 ], [ 13.72798, 52.76831 ], [ 13.7278, 52.76835 ], [ 13.72762, 52.7683 ], [ 13.72755, 52.76819 ], [ 13.72763, 52.76809 ], [ 13.72781, 52.76804 ], [ 13.72798, 52.76809 ], [ 13.72806, 52.7682 ] ] ] } },
{ "type": "Feature", "properties": { "boden": "60 % mittel, mäßig frisch (M2) · 40 % mittel, mäßig frisch (M+2)" }, "geometry": { "type": "Polygon", "coordinates": [ [ [ 13.72781, 52.76804 ], [ 13.72763, 52.76809 ], [ 13.72755, 52.76819 ], [ 13.72762, 52.7683 ], [ 13.7278, 52.76835 ], [ 13.72798, 52.76831 ], [ 13.72806, 52.7682 ], [ 13.72798, 52.76809 ], [ 13.72781, 52.76804 ] ] ] } },
{ "type": "Feature", "properties": { "boden": "60 % mittel, mäßig frisch (M2) · 40 % mittel, mäßig frisch (M+2)" }, "geometry": { "type": "Polygon", "coordinates": [ [ [ 13.72851, 52.76805 ], [ 13.72833, 52.7681 ], [ 13.72825, 52.7682 ], [ 13.72832, 52.76831 ], [ 13.7285, 52.76836 ], [ 13.72868, 52.76832 ], [ 13.72875, 52.76821 ], [ 13.72868, 52.7681 ], [ 13.72851, 52.76805 ] ] ] } },
{ "type": "Feature", "properties": { "boden": "50 % ziemlich arm, mäßig frisch (Z2) · 30 % ziemlich arm, mäßig frisch (Z2) · 20 % mittel, mäßig frisch (M2)" }, "geometry": { "type": "Polygon", "coordinates": [ [ [ 13.72154, 52.76828 ], [ 13.72158, 52.76843 ], [ 13.72176, 52.76847 ], [ 13.72194, 52.76843 ], [ 13.72202, 52.76832 ], [ 13.72195, 52.76822 ], [ 13.72177, 52.76817 ], [ 13.72154, 52.76828 ] ] ] } },
{ "type": "Feature", "properties": { "boden": "60 % mittel, mäßig frisch (M2) · 40 % mittel, mäßig frisch (M+2)" }, "geometry": { "type": "Polygon", "coordinates": [ [ [ 13.72914, 52.76864 ], [ 13.72907, 52.76853 ], [ 13.72889, 52.76849 ], [ 13.72853, 52.76854 ], [ 13.72801, 52.76853 ], [ 13.72749, 52.76845 ], [ 13.72731, 52.76849 ], [ 13.72724, 52.7686 ], [ 13.72731, 52.76871 ], [ 13.72748, 52.76875 ], [ 13.72766, 52.76871 ], [ 13.72818, 52.76876 ], [ 13.7287, 52.76875 ], [ 13.72888, 52.76879 ], [ 13.72906, 52.76875 ], [ 13.72914, 52.76864 ] ] ] } },
{ "type": "Feature", "properties": { "boden": "50 % ziemlich arm, mäßig frisch (Z2) · 30 % ziemlich arm, mäßig frisch (Z2) · 20 % mittel, mäßig frisch (M2)" }, "geometry": { "type": "Polygon", "coordinates": [ [ [ 13.72148, 52.76863 ], [ 13.7213, 52.76867 ], [ 13.72122, 52.76878 ], [ 13.72129, 52.76889 ], [ 13.72147, 52.76894 ], [ 13.72165, 52.76889 ], [ 13.72173, 52.76879 ], [ 13.72166, 52.76868 ], [ 13.72148, 52.76863 ] ] ] } },
{ "type": "Feature", "properties": { "boden": "50 % ziemlich arm, mäßig frisch (Z2) · 30 % ziemlich arm, mäßig frisch (Z2) · 20 % mittel, mäßig frisch (M2)" }, "geometry": { "type": "Polygon", "coordinates": [ [ [ 13.72474, 52.76994 ], [ 13.72419, 52.7702 ], [ 13.7242, 52.77025 ], [ 13.72437, 52.77029 ], [ 13.72469, 52.77024 ], [ 13.72474, 52.76994 ] ] ] } },
{ "type": "Feature", "properties": { "boden": "50 % ziemlich arm, mäßig frisch (Z2) · 30 % ziemlich arm, mäßig frisch (Z2) · 20 % mittel, mäßig frisch (M2)" }, "geometry": { "type": "Polygon", "coordinates": [ [ [ 13.72631, 52.77506 ], [ 13.7281, 52.775 ], [ 13.7288, 52.77473 ], [ 13.73057, 52.77421 ], [ 13.73141, 52.7739 ], [ 13.73161, 52.77373 ], [ 13.73116, 52.77347 ], [ 13.73063, 52.77335 ], [ 13.72841, 52.77314 ], [ 13.72761, 52.77296 ], [ 13.72642, 52.77246 ], [ 13.72579, 52.77227 ], [ 13.72557, 52.77208 ], [ 13.72441, 52.772 ], [ 13.72469, 52.77024 ], [ 13.72437, 52.77029 ], [ 13.72419, 52.7702 ], [ 13.72474, 52.76994 ], [ 13.72478, 52.76972 ], [ 13.72497, 52.76962 ], [ 13.72577, 52.76953 ], [ 13.72594, 52.76748 ], [ 13.72579, 52.76709 ], [ 13.7255, 52.76687 ], [ 13.72429, 52.76673 ], [ 13.72393, 52.76679 ], [ 13.72271, 52.76717 ], [ 13.72244, 52.76717 ], [ 13.72106, 52.76646 ], [ 13.72099, 52.76662 ], [ 13.7203, 52.76716 ], [ 13.72011, 52.76713 ], [ 13.71994, 52.76785 ], [ 13.72036, 52.76791 ], [ 13.72053, 52.76777 ], [ 13.72058, 52.76762 ], [ 13.72076, 52.76758 ], [ 13.72096, 52.76767 ], [ 13.72105, 52.76766 ], [ 13.72157, 52.76742 ], [ 13.72165, 52.76731 ], [ 13.72183, 52.76727 ], [ 13.722, 52.76732 ], [ 13.72207, 52.76743 ], [ 13.72206, 52.76758 ], [ 13.72229, 52.76771 ], [ 13.72236, 52.76782 ], [ 13.72228, 52.76793 ], [ 13.7221, 52.76797 ], [ 13.72202, 52.76795 ], [ 13.72201, 52.76803 ], [ 13.72177, 52.76817 ], [ 13.72195, 52.76822 ], [ 13.72202, 52.76832 ], [ 13.72194, 52.76843 ], [ 13.72176, 52.76847 ], [ 13.72158, 52.76843 ], [ 13.72154, 52.76828 ], [ 13.72141, 52.76834 ], [ 13.72118, 52.76866 ], [ 13.72107, 52.76912 ], [ 13.72077, 52.76928 ], [ 13.72068, 52.76926 ], [ 13.72061, 52.76934 ], [ 13.72139, 52.76911 ], [ 13.72157, 52.76916 ], [ 13.72164, 52.76926 ], [ 13.72156, 52.76937 ], [ 13.72091, 52.76956 ], [ 13.72073, 52.76951 ], [ 13.72028, 52.76959 ], [ 13.72023, 52.76965 ], [ 13.72045, 52.76998 ], [ 13.72028, 52.77012 ], [ 13.72003, 52.77023 ], [ 13.71974, 52.77046 ], [ 13.71957, 52.77054 ], [ 13.7195, 52.77053 ], [ 13.71975, 52.77058 ], [ 13.71996, 52.77038 ], [ 13.72014, 52.77033 ], [ 13.72032, 52.77015 ], [ 13.72055, 52.77005 ], [ 13.72071, 52.76982 ], [ 13.72089, 52.76977 ], [ 13.72106, 52.76982 ], [ 13.72114, 52.76993 ], [ 13.72106, 52.77004 ], [ 13.7208, 52.77017 ], [ 13.72067, 52.77037 ], [ 13.72049, 52.77042 ], [ 13.72031, 52.7706 ], [ 13.72013, 52.77064 ], [ 13.71992, 52.77084 ], [ 13.71974, 52.77088 ], [ 13.71957, 52.77084 ], [ 13.71949, 52.77072 ], [ 13.71942, 52.77089 ], [ 13.71782, 52.77136 ], [ 13.71714, 52.77498 ], [ 13.72254, 52.77511 ], [ 13.72306, 52.77521 ], [ 13.72478, 52.77536 ], [ 13.725, 52.7755 ], [ 13.72531, 52.77553 ], [ 13.72616, 52.77539 ], [ 13.72631, 52.77506 ] ], [ [ 13.72095, 52.77502 ], [ 13.71963, 52.77494 ], [ 13.71931, 52.77486 ], [ 13.71921, 52.7748 ], [ 13.72113, 52.77468 ], [ 13.72135, 52.7747 ], [ 13.72175, 52.77481 ], [ 13.72161, 52.77489 ], [ 13.72095, 52.77502 ] ], [ [ 13.72174, 52.77431 ], [ 13.72164, 52.77444 ], [ 13.72137, 52.7745 ], [ 13.72108, 52.77447 ], [ 13.72095, 52.77438 ], [ 13.72143, 52.77417 ], [ 13.72174, 52.77431 ] ], [ [ 13.72803, 52.77378 ], [ 13.72808, 52.77389 ], [ 13.72799, 52.77396 ], [ 13.72765, 52.77405 ], [ 13.72732, 52.77405 ], [ 13.72682, 52.77397 ], [ 13.72689, 52.77387 ], [ 13.72706, 52.7738 ], [ 13.72733, 52.77376 ], [ 13.72803, 52.77378 ] ], [ [ 13.72185, 52.77377 ], [ 13.72183, 52.77384 ], [ 13.72157, 52.77388 ], [ 13.72071, 52.77394 ], [ 13.72055, 52.7739 ], [ 13.72052, 52.77377 ], [ 13.72072, 52.7737 ], [ 13.72117, 52.77369 ], [ 13.72185, 52.77377 ] ], [ [ 13.7181, 52.77331 ], [ 13.71803, 52.77342 ], [ 13.71785, 52.77346 ], [ 13.71767, 52.77341 ], [ 13.7176, 52.77331 ], [ 13.71768, 52.7732 ], [ 13.71786, 52.77316 ], [ 13.71803, 52.7732 ], [ 13.7181, 52.77331 ] ], [ [ 13.72133, 52.77284 ], [ 13.72195, 52.77306 ], [ 13.72202, 52.7731 ], [ 13.722, 52.77316 ], [ 13.72178, 52.7733 ], [ 13.72153, 52.77338 ], [ 13.72094, 52.77342 ], [ 13.72086, 52.77335 ], [ 13.72089, 52.77329 ], [ 13.72108, 52.77325 ], [ 13.72122, 52.77313 ], [ 13.72123, 52.77305 ], [ 13.72107, 52.77294 ], [ 13.72109, 52.77288 ], [ 13.72133, 52.77284 ] ], [ [ 13.72099, 52.77263 ], [ 13.72092, 52.77274 ], [ 13.72076, 52.7728 ], [ 13.72021, 52.77283 ], [ 13.71991, 52.77274 ], [ 13.71985, 52.77256 ], [ 13.71994, 52.77253 ], [ 13.72093, 52.77258 ], [ 13.72099, 52.77263 ] ], [ [ 13.72173, 52.76879 ], [ 13.72165, 52.76889 ], [ 13.72147, 52.76894 ], [ 13.72129, 52.76889 ], [ 13.72122, 52.76878 ], [ 13.7213, 52.76867 ], [ 13.72148, 52.76863 ], [ 13.72166, 52.76868 ], [ 13.72173, 52.76879 ] ] ] } },
{ "type": "Feature", "properties": { "boden": "100 % mittel, mäßig frisch (M2)" }, "geometry": { "type": "Polygon", "coordinates": [ [ [ 13.73297, 52.77256 ], [ 13.73298, 52.77199 ], [ 13.73284, 52.7718 ], [ 13.73253, 52.77166 ], [ 13.73192, 52.77151 ], [ 13.73097, 52.77137 ], [ 13.72954, 52.77142 ], [ 13.72814, 52.77135 ], [ 13.72557, 52.77208 ], [ 13.72579, 52.77227 ], [ 13.72642, 52.77246 ], [ 13.72761, 52.77296 ], [ 13.72841, 52.77314 ], [ 13.73063, 52.77335 ], [ 13.73116, 52.77347 ], [ 13.73161, 52.77373 ], [ 13.73269, 52.77289 ], [ 13.73297, 52.77256 ] ], [ [ 13.7321, 52.77292 ], [ 13.73202, 52.77303 ], [ 13.73184, 52.77307 ], [ 13.73167, 52.77302 ], [ 13.7316, 52.77292 ], [ 13.73167, 52.77281 ], [ 13.73185, 52.77277 ], [ 13.73203, 52.77281 ], [ 13.7321, 52.77292 ] ] ] } },
{ "type": "Feature", "properties": { "boden": "50 % ziemlich arm, mäßig frisch (Z2) · 30 % ziemlich arm, mäßig frisch (Z2) · 20 % mittel, mäßig frisch (M2)" }, "geometry": { "type": "Polygon", "coordinates": [ [ [ 13.72053, 52.76943 ], [ 13.72034, 52.76951 ], [ 13.72028, 52.76959 ], [ 13.72073, 52.76951 ], [ 13.72091, 52.76956 ], [ 13.72156, 52.76937 ], [ 13.72164, 52.76926 ], [ 13.72157, 52.76916 ], [ 13.72139, 52.76911 ], [ 13.72061, 52.76934 ], [ 13.72053, 52.76943 ] ] ] } },
{ "type": "Feature", "properties": { "boden": "100 % mittel, mäßig frisch (M2)" }, "geometry": { "type": "Polygon", "coordinates": [ [ [ 13.72034, 52.76951 ], [ 13.72053, 52.76943 ], [ 13.72061, 52.76934 ], [ 13.72023, 52.7693 ], [ 13.72005, 52.76934 ], [ 13.71997, 52.76945 ], [ 13.7196, 52.76956 ], [ 13.71932, 52.76986 ], [ 13.71914, 52.7699 ], [ 13.71906, 52.77001 ], [ 13.71913, 52.77012 ], [ 13.71931, 52.77016 ], [ 13.71949, 52.77012 ], [ 13.71977, 52.76982 ], [ 13.71995, 52.76978 ], [ 13.72002, 52.76967 ], [ 13.72028, 52.76959 ], [ 13.72034, 52.76951 ] ] ] } },
{ "type": "Feature", "properties": { "boden": "100 % mittel, nass (OM1)" }, "geometry": { "type": "Polygon", "coordinates": [ [ [ 13.71999, 52.7699 ], [ 13.71945, 52.77016 ], [ 13.71932, 52.7705 ], [ 13.71957, 52.77054 ], [ 13.72045, 52.76998 ], [ 13.72023, 52.76965 ], [ 13.71999, 52.7699 ] ] ] } },
{ "type": "Feature", "properties": { "boden": "100 % mittel, mäßig frisch (M2)" }, "geometry": { "type": "Polygon", "coordinates": [ [ [ 13.71946, 52.77069 ], [ 13.71906, 52.77062 ], [ 13.71899, 52.77052 ], [ 13.71907, 52.77041 ], [ 13.71924, 52.77037 ], [ 13.71936, 52.7704 ], [ 13.71945, 52.77016 ], [ 13.71999, 52.7699 ], [ 13.72028, 52.76959 ], [ 13.72002, 52.76967 ], [ 13.71995, 52.76978 ], [ 13.71977, 52.76982 ], [ 13.71949, 52.77012 ], [ 13.71931, 52.77016 ], [ 13.71913, 52.77012 ], [ 13.71906, 52.77001 ], [ 13.71914, 52.7699 ], [ 13.71932, 52.76986 ], [ 13.7196, 52.76956 ], [ 13.71997, 52.76945 ], [ 13.72005, 52.76934 ], [ 13.72023, 52.7693 ], [ 13.72061, 52.76934 ], [ 13.72068, 52.76926 ], [ 13.72026, 52.76914 ], [ 13.71977, 52.7691 ], [ 13.71812, 52.76954 ], [ 13.71782, 52.77136 ], [ 13.71942, 52.77089 ], [ 13.71946, 52.77069 ] ] ] } },
{ "type": "Feature", "properties": { "boden": "50 % ziemlich arm, mäßig frisch (Z2) · 30 % ziemlich arm, mäßig frisch (Z2) · 20 % mittel, mäßig frisch (M2)" }, "geometry": { "type": "Polygon", "coordinates": [ [ [ 13.71944, 52.77052 ], [ 13.71937, 52.77057 ], [ 13.71957, 52.77084 ], [ 13.71974, 52.77088 ], [ 13.71992, 52.77084 ], [ 13.72013, 52.77064 ], [ 13.72031, 52.7706 ], [ 13.72049, 52.77042 ], [ 13.72067, 52.77037 ], [ 13.7208, 52.77017 ], [ 13.72106, 52.77004 ], [ 13.72114, 52.76993 ], [ 13.72106, 52.76982 ], [ 13.72089, 52.76977 ], [ 13.72071, 52.76982 ], [ 13.72055, 52.77005 ], [ 13.72032, 52.77015 ], [ 13.72014, 52.77033 ], [ 13.71996, 52.77038 ], [ 13.71975, 52.77058 ], [ 13.71944, 52.77052 ] ] ] } },
{ "type": "Feature", "properties": { "boden": "100 % mittel, mäßig frisch (M2)" }, "geometry": { "type": "Polygon", "coordinates": [ [ [ 13.71932, 52.7705 ], [ 13.71936, 52.7704 ], [ 13.71924, 52.77037 ], [ 13.71907, 52.77041 ], [ 13.71899, 52.77052 ], [ 13.71906, 52.77062 ], [ 13.71949, 52.77072 ], [ 13.71937, 52.77057 ], [ 13.71944, 52.77052 ], [ 13.71932, 52.7705 ] ] ] } },
{ "type": "Feature", "properties": { "boden": "50 % ziemlich arm, mäßig frisch (Z2) · 30 % ziemlich arm, mäßig frisch (Z2) · 20 % mittel, mäßig frisch (M2)" }, "geometry": { "type": "Polygon", "coordinates": [ [ [ 13.72093, 52.77258 ], [ 13.71994, 52.77253 ], [ 13.71985, 52.77256 ], [ 13.71991, 52.77274 ], [ 13.72021, 52.77283 ], [ 13.72052, 52.77282 ], [ 13.72092, 52.77274 ], [ 13.72099, 52.77267 ], [ 13.72093, 52.77258 ] ] ] } },
{ "type": "Feature", "properties": { "boden": "50 % ziemlich arm, mäßig frisch (Z2) · 30 % ziemlich arm, mäßig frisch (Z2) · 20 % mittel, mäßig frisch (M2)" }, "geometry": { "type": "Polygon", "coordinates": [ [ [ 13.71786, 52.77316 ], [ 13.71768, 52.7732 ], [ 13.7176, 52.77331 ], [ 13.71767, 52.77341 ], [ 13.71785, 52.77346 ], [ 13.71803, 52.77342 ], [ 13.7181, 52.77331 ], [ 13.71803, 52.7732 ], [ 13.71786, 52.77316 ] ] ] } },
{ "type": "Feature", "properties": { "boden": "50 % ziemlich arm, trocken (vermutet) (Z3) · 30 % ziemlich arm, trocken (vermutet) (Z3) · 20 % mittel, trocken (vermutet) (M3)" }, "geometry": { "type": "Polygon", "coordinates": [ [ [ 13.72095, 52.77502 ], [ 13.72175, 52.77483 ], [ 13.7217, 52.77478 ], [ 13.72113, 52.77468 ], [ 13.71921, 52.7748 ], [ 13.71931, 52.77486 ], [ 13.71963, 52.77494 ], [ 13.72023, 52.77496 ], [ 13.72068, 52.77503 ], [ 13.72095, 52.77502 ] ] ] } },
{ "type": "Feature", "properties": { "boden": "70 % mittel, mäßig frisch (M2g) · 30 % mittel, mäßig frisch (M+2g)" }, "geometry": { "type": "Polygon", "coordinates": [ [ [ 13.71867, 52.77918 ], [ 13.71862, 52.77746 ], [ 13.71893, 52.77707 ], [ 13.71883, 52.77673 ], [ 13.7184, 52.77638 ], [ 13.71827, 52.77585 ], [ 13.71768, 52.77599 ], [ 13.71766, 52.77631 ], [ 13.7168, 52.777 ], [ 13.71639, 52.77932 ], [ 13.71683, 52.77937 ], [ 13.71867, 52.77918 ] ] ] } },
{ "type": "Feature", "properties": { "boden": "100 % mittel, frisch (M1)" }, "geometry": { "type": "Polygon", "coordinates": [ [ [ 13.69638, 52.76815 ], [ 13.69704, 52.76758 ], [ 13.69726, 52.76747 ], [ 13.69716, 52.7675 ], [ 13.69698, 52.76745 ], [ 13.69691, 52.76734 ], [ 13.69699, 52.76724 ], [ 13.69653, 52.76742 ], [ 13.69647, 52.7675 ], [ 13.69657, 52.76748 ], [ 13.69674, 52.76753 ], [ 13.69681, 52.76763 ], [ 13.69674, 52.76774 ], [ 13.69656, 52.76778 ], [ 13.69638, 52.76774 ], [ 13.69631, 52.76762 ], [ 13.69582, 52.76768 ], [ 13.69576, 52.76774 ], [ 13.69579, 52.76825 ], [ 13.69638, 52.76815 ] ] ] } },
{ "type": "Feature", "properties": { "boden": "40 % ziemlich arm, frisch (Z1) · 30 % ziemlich arm, mäßig frisch (Z2g) · 30 % ziemlich arm, mäßig frisch (Z+2g)" }, "geometry": { "type": "Polygon", "coordinates": [ [ [ 13.70533, 52.76857 ], [ 13.70566, 52.76823 ], [ 13.70599, 52.7681 ], [ 13.70612, 52.76795 ], [ 13.70662, 52.76778 ], [ 13.7068, 52.76758 ], [ 13.70729, 52.76753 ], [ 13.70744, 52.76738 ], [ 13.70762, 52.76733 ], [ 13.70769, 52.76723 ], [ 13.70762, 52.76712 ], [ 13.70745, 52.76707 ], [ 13.70727, 52.76712 ], [ 13.70712, 52.76727 ], [ 13.70663, 52.76732 ], [ 13.70645, 52.76751 ], [ 13.70594, 52.76769 ], [ 13.70582, 52.76784 ], [ 13.70564, 52.76788 ], [ 13.70541, 52.76808 ], [ 13.70523, 52.76812 ], [ 13.70515, 52.76823 ], [ 13.70496, 52.7683 ], [ 13.70463, 52.76835 ], [ 13.70455, 52.76846 ], [ 13.70462, 52.76857 ], [ 13.70485, 52.76863 ], [ 13.70533, 52.76857 ] ] ] } },
{ "type": "Feature", "properties": { "boden": "40 % ziemlich arm, frisch (Z1) · 30 % ziemlich arm, mäßig frisch (Z2g) · 30 % ziemlich arm, mäßig frisch (Z+2g)" }, "geometry": { "type": "Polygon", "coordinates": [ [ [ 13.70342, 52.76805 ], [ 13.70324, 52.76809 ], [ 13.70316, 52.7682 ], [ 13.70323, 52.76831 ], [ 13.70341, 52.76835 ], [ 13.70359, 52.76831 ], [ 13.70367, 52.7682 ], [ 13.7036, 52.76809 ], [ 13.70342, 52.76805 ] ] ] } },
{ "type": "Feature", "properties": { "boden": "100 % kräftig, mäßig frisch (K2)" }, "geometry": { "type": "Polygon", "coordinates": [ [ [ 13.69608, 52.77673 ], [ 13.69516, 52.7758 ], [ 13.69464, 52.77594 ], [ 13.69448, 52.77605 ], [ 13.69447, 52.77613 ], [ 13.69492, 52.77597 ], [ 13.69529, 52.77632 ], [ 13.69468, 52.77652 ], [ 13.69522, 52.77674 ], [ 13.69574, 52.7768 ], [ 13.69608, 52.77673 ] ] ] } },
{ "type": "Feature", "properties": { "boden": "50 % mittel, mäßig frisch (M+2) · 50 % mittel, mäßig frisch (M+2)" }, "geometry": { "type": "Polygon", "coordinates": [ [ [ 13.69582, 52.77699 ], [ 13.69602, 52.77692 ], [ 13.69628, 52.77693 ], [ 13.69608, 52.77673 ], [ 13.69556, 52.7768 ], [ 13.69494, 52.77666 ], [ 13.69468, 52.77652 ], [ 13.69446, 52.77659 ], [ 13.69417, 52.77625 ], [ 13.69447, 52.77613 ], [ 13.69456, 52.77597 ], [ 13.69516, 52.7758 ], [ 13.69461, 52.77525 ], [ 13.69353, 52.77534 ], [ 13.69359, 52.77555 ], [ 13.69352, 52.77605 ], [ 13.69381, 52.77638 ], [ 13.69378, 52.77653 ], [ 13.69344, 52.77691 ], [ 13.69354, 52.77716 ], [ 13.69376, 52.77742 ], [ 13.69391, 52.77796 ], [ 13.69417, 52.77803 ], [ 13.69451, 52.77803 ], [ 13.69492, 52.77791 ], [ 13.69541, 52.77763 ], [ 13.69565, 52.77712 ], [ 13.69582, 52.77699 ] ] ] } },
{ "type": "Feature", "properties": { "boden": "100 % kräftig, mäßig frisch (K2)" }, "geometry": { "type": "Polygon", "coordinates": [ [ [ 13.69579, 52.777 ], [ 13.69572, 52.7771 ], [ 13.69579, 52.77721 ], [ 13.69597, 52.77725 ], [ 13.69615, 52.77721 ], [ 13.69622, 52.7771 ], [ 13.69615, 52.777 ], [ 13.69598, 52.77695 ], [ 13.69579, 52.777 ] ] ] } },
{ "type": "Feature", "properties": { "boden": "50 % mittel, mäßig frisch (M+2) · 30 % kräftig, mäßig frisch (K2) · 20 % ziemlich arm, mäßig frisch (Z+2)" }, "geometry": { "type": "Polygon", "coordinates": [ [ [ 13.69579, 52.77979 ], [ 13.69561, 52.77983 ], [ 13.69554, 52.77994 ], [ 13.69561, 52.78005 ], [ 13.69578, 52.78009 ], [ 13.69596, 52.78005 ], [ 13.69604, 52.77994 ], [ 13.69597, 52.77983 ], [ 13.69579, 52.77979 ] ] ] } },
{ "type": "Feature", "properties": { "boden": "50 % mittel, mäßig frisch (M+2) · 30 % kräftig, mäßig frisch (K2) · 20 % mittel, mäßig frisch (M+2)" }, "geometry": { "type": "Polygon", "coordinates": [ [ [ 13.699, 52.77967 ], [ 13.69657, 52.77952 ], [ 13.69568, 52.77958 ], [ 13.69512, 52.77979 ], [ 13.69483, 52.77993 ], [ 13.6947, 52.78007 ], [ 13.69468, 52.78018 ], [ 13.69476, 52.7803 ], [ 13.69536, 52.78037 ], [ 13.6955, 52.78043 ], [ 13.69559, 52.78055 ], [ 13.69559, 52.78069 ], [ 13.69545, 52.78085 ], [ 13.69532, 52.7813 ], [ 13.69567, 52.78123 ], [ 13.69663, 52.78122 ], [ 13.69728, 52.7813 ], [ 13.69827, 52.78154 ], [ 13.69915, 52.78163 ], [ 13.6992, 52.78146 ], [ 13.69915, 52.78137 ], [ 13.69859, 52.78119 ], [ 13.69848, 52.78106 ], [ 13.69847, 52.78084 ], [ 13.69855, 52.78066 ], [ 13.69921, 52.78016 ], [ 13.69943, 52.78011 ], [ 13.699, 52.77967 ] ], [ [ 13.69604, 52.77994 ], [ 13.69596, 52.78005 ], [ 13.69578, 52.78009 ], [ 13.69561, 52.78005 ], [ 13.69554, 52.77994 ], [ 13.69561, 52.77983 ], [ 13.69579, 52.77979 ], [ 13.69597, 52.77983 ], [ 13.69604, 52.77994 ] ] ] } },
{ "type": "Feature", "properties": { "boden": "100 % kräftig, mäßig frisch (K2)" }, "geometry": { "type": "Polygon", "coordinates": [ [ [ 13.70027, 52.78095 ], [ 13.70022, 52.78109 ], [ 13.70004, 52.78114 ], [ 13.69965, 52.78102 ], [ 13.69958, 52.78091 ], [ 13.69966, 52.7808 ], [ 13.69983, 52.78076 ], [ 13.70019, 52.78087 ], [ 13.69943, 52.78011 ], [ 13.69921, 52.78016 ], [ 13.69883, 52.78041 ], [ 13.69855, 52.78066 ], [ 13.69847, 52.78084 ], [ 13.69848, 52.78106 ], [ 13.69859, 52.78119 ], [ 13.69915, 52.78137 ], [ 13.6992, 52.78146 ], [ 13.69915, 52.78163 ], [ 13.69927, 52.78165 ], [ 13.70033, 52.78163 ], [ 13.70089, 52.78154 ], [ 13.70027, 52.78095 ] ], [ [ 13.69968, 52.78115 ], [ 13.6996, 52.78126 ], [ 13.69942, 52.7813 ], [ 13.69924, 52.78125 ], [ 13.69917, 52.78114 ], [ 13.69925, 52.78104 ], [ 13.69943, 52.78099 ], [ 13.69961, 52.78104 ], [ 13.69968, 52.78115 ] ] ] } },
{ "type": "Feature", "properties": { "boden": "100 % kräftig, mäßig frisch (K2)" }, "geometry": { "type": "Polygon", "coordinates": [ [ [ 13.70019, 52.78087 ], [ 13.69983, 52.78076 ], [ 13.69966, 52.7808 ], [ 13.69958, 52.78091 ], [ 13.69965, 52.78102 ], [ 13.70004, 52.78114 ], [ 13.70022, 52.78109 ], [ 13.7003, 52.78099 ], [ 13.70019, 52.78087 ] ] ] } },
{ "type": "Feature", "properties": { "boden": "100 % mittel, mäßig frisch (M2)" }, "geometry": { "type": "Polygon", "coordinates": [ [ [ 13.73185, 52.77277 ], [ 13.73167, 52.77281 ], [ 13.7316, 52.77292 ], [ 13.73167, 52.77302 ], [ 13.73184, 52.77307 ], [ 13.73202, 52.77303 ], [ 13.7321, 52.77292 ], [ 13.73203, 52.77281 ], [ 13.73185, 52.77277 ] ] ] } },
{ "type": "Feature", "properties": { "boden": "50 % ziemlich arm, mäßig frisch (Z2) · 30 % ziemlich arm, mäßig frisch (Z2) · 20 % mittel, mäßig frisch (M2)" }, "geometry": { "type": "Polygon", "coordinates": [ [ [ 13.72146, 52.77285 ], [ 13.72109, 52.77288 ], [ 13.72107, 52.77294 ], [ 13.72123, 52.77305 ], [ 13.72122, 52.77313 ], [ 13.72108, 52.77325 ], [ 13.72089, 52.77329 ], [ 13.72086, 52.77335 ], [ 13.72094, 52.77342 ], [ 13.72153, 52.77338 ], [ 13.72178, 52.7733 ], [ 13.722, 52.77316 ], [ 13.72202, 52.7731 ], [ 13.72195, 52.77306 ], [ 13.72162, 52.77295 ], [ 13.72146, 52.77285 ] ] ] } },
{ "type": "Feature", "properties": { "boden": "50 % ziemlich arm, trocken (vermutet) (Z3) · 30 % ziemlich arm, trocken (vermutet) (Z3) · 20 % mittel, trocken (vermutet) (M3)" }, "geometry": { "type": "Polygon", "coordinates": [ [ [ 13.72117, 52.77369 ], [ 13.72059, 52.77373 ], [ 13.72052, 52.77377 ], [ 13.72055, 52.7739 ], [ 13.72071, 52.77394 ], [ 13.72157, 52.77388 ], [ 13.72183, 52.77384 ], [ 13.72188, 52.77379 ], [ 13.72169, 52.77373 ], [ 13.72117, 52.77369 ] ] ] } },
{ "type": "Feature", "properties": { "boden": "50 % ziemlich arm, mäßig frisch (Z2) · 30 % ziemlich arm, mäßig frisch (Z2) · 20 % mittel, mäßig frisch (M2)" }, "geometry": { "type": "Polygon", "coordinates": [ [ [ 13.7277, 52.77376 ], [ 13.72706, 52.7738 ], [ 13.72689, 52.77387 ], [ 13.72682, 52.77397 ], [ 13.72732, 52.77405 ], [ 13.72779, 52.77402 ], [ 13.72799, 52.77396 ], [ 13.72807, 52.77384 ], [ 13.72803, 52.77378 ], [ 13.7277, 52.77376 ] ] ] } },
{ "type": "Feature", "properties": { "boden": "50 % ziemlich arm, mäßig frisch (Z2) · 30 % ziemlich arm, mäßig frisch (Z2) · 20 % mittel, mäßig frisch (M2)" }, "geometry": { "type": "Polygon", "coordinates": [ [ [ 13.72143, 52.77417 ], [ 13.72098, 52.77434 ], [ 13.72096, 52.77441 ], [ 13.72126, 52.7745 ], [ 13.72164, 52.77444 ], [ 13.72174, 52.77431 ], [ 13.72143, 52.77417 ] ] ] } },
{ "type": "Feature", "properties": { "boden": "60 % ziemlich arm, mäßig frisch (Z2) · 20 % ziemlich arm, mäßig frisch (Z2) · 20 % ziemlich arm, mäßig frisch (Z2)" }, "geometry": { "type": "Polygon", "coordinates": [ [ [ 13.72224, 52.77543 ], [ 13.72237, 52.77544 ], [ 13.7224, 52.77537 ], [ 13.72149, 52.77517 ], [ 13.72092, 52.77511 ], [ 13.72044, 52.77516 ], [ 13.71994, 52.7754 ], [ 13.72178, 52.77551 ], [ 13.72224, 52.77543 ] ] ] } },
{ "type": "Feature", "properties": { "boden": "100 % mittel, mäßig frisch (M+2)" }, "geometry": { "type": "Polygon", "coordinates": [ [ [ 13.72876, 52.77516 ], [ 13.7281, 52.775 ], [ 13.72631, 52.77506 ], [ 13.72616, 52.77539 ], [ 13.7262, 52.77569 ], [ 13.72537, 52.77696 ], [ 13.72522, 52.77782 ], [ 13.72518, 52.77863 ], [ 13.72536, 52.77895 ], [ 13.72922, 52.77915 ], [ 13.7272, 52.77854 ], [ 13.7265, 52.77829 ], [ 13.72635, 52.77817 ], [ 13.7264, 52.77773 ], [ 13.72687, 52.77627 ], [ 13.72728, 52.77594 ], [ 13.72787, 52.77568 ], [ 13.72821, 52.77566 ], [ 13.72868, 52.77575 ], [ 13.72876, 52.77516 ] ], [ [ 13.72607, 52.77782 ], [ 13.72599, 52.77793 ], [ 13.72581, 52.77797 ], [ 13.72564, 52.77793 ], [ 13.72557, 52.77782 ], [ 13.72564, 52.77771 ], [ 13.72582, 52.77767 ], [ 13.726, 52.77772 ], [ 13.72607, 52.77782 ] ], [ [ 13.72579, 52.77839 ], [ 13.72571, 52.77849 ], [ 13.72554, 52.77854 ], [ 13.72536, 52.77849 ], [ 13.72529, 52.77838 ], [ 13.72536, 52.77828 ], [ 13.72554, 52.77823 ], [ 13.72572, 52.77828 ], [ 13.72579, 52.77839 ] ] ] } },
{ "type": "Feature", "properties": { "boden": "50 % kräftig, mäßig frisch (K2) · 50 % kräftig, mäßig frisch (K2)" }, "geometry": { "type": "Polygon", "coordinates": [ [ [ 13.73026, 52.77718 ], [ 13.73008, 52.77722 ], [ 13.73, 52.77733 ], [ 13.73007, 52.77744 ], [ 13.73025, 52.77749 ], [ 13.73043, 52.77744 ], [ 13.73051, 52.77734 ], [ 13.73044, 52.77723 ], [ 13.73026, 52.77718 ] ] ] } },
{ "type": "Feature", "properties": { "boden": "100 % mittel, mäßig frisch (M+2)" }, "geometry": { "type": "Polygon", "coordinates": [ [ [ 13.72582, 52.77767 ], [ 13.72564, 52.77771 ], [ 13.72557, 52.77782 ], [ 13.72564, 52.77793 ], [ 13.72581, 52.77797 ], [ 13.72599, 52.77793 ], [ 13.72607, 52.77782 ], [ 13.726, 52.77772 ], [ 13.72582, 52.77767 ] ] ] } },
{ "type": "Feature", "properties": { "boden": "100 % mittel, mäßig frisch (M+2)" }, "geometry": { "type": "Polygon", "coordinates": [ [ [ 13.72554, 52.77823 ], [ 13.72536, 52.77828 ], [ 13.72529, 52.77838 ], [ 13.72536, 52.77849 ], [ 13.72554, 52.77854 ], [ 13.72571, 52.77849 ], [ 13.72579, 52.77839 ], [ 13.72572, 52.77828 ], [ 13.72554, 52.77823 ] ] ] } },
{ "type": "Feature", "properties": { "boden": "100 % kräftig, mäßig frisch (K2)" }, "geometry": { "type": "Polygon", "coordinates": [ [ [ 13.69108, 52.77676 ], [ 13.69101, 52.77665 ], [ 13.69054, 52.77658 ], [ 13.69036, 52.77663 ], [ 13.69028, 52.77673 ], [ 13.69035, 52.77684 ], [ 13.69082, 52.77691 ], [ 13.691, 52.77687 ], [ 13.69108, 52.77676 ] ] ] } },
{ "type": "Feature", "properties": { "boden": "100 % kräftig, mäßig frisch (K2)" }, "geometry": { "type": "Polygon", "coordinates": [ [ [ 13.68946, 52.77821 ], [ 13.68941, 52.77798 ], [ 13.68983, 52.77777 ], [ 13.69017, 52.77768 ], [ 13.69024, 52.77757 ], [ 13.69017, 52.77746 ], [ 13.69033, 52.77719 ], [ 13.69026, 52.77708 ], [ 13.69008, 52.77704 ], [ 13.6899, 52.77708 ], [ 13.68982, 52.77719 ], [ 13.68989, 52.77729 ], [ 13.68971, 52.77755 ], [ 13.68906, 52.77776 ], [ 13.68898, 52.77787 ], [ 13.68905, 52.77798 ], [ 13.68906, 52.77814 ], [ 13.68898, 52.77825 ], [ 13.68905, 52.77836 ], [ 13.68923, 52.77841 ], [ 13.68939, 52.77837 ], [ 13.68946, 52.77821 ] ] ] } },
{ "type": "Feature", "properties": { "boden": "100 % kräftig, mäßig frisch (K2)" }, "geometry": { "type": "Polygon", "coordinates": [ [ [ 13.68905, 52.77882 ], [ 13.68908, 52.77877 ], [ 13.68885, 52.77845 ], [ 13.68867, 52.77841 ], [ 13.68849, 52.77845 ], [ 13.68841, 52.77855 ], [ 13.68867, 52.77891 ], [ 13.68886, 52.77913 ], [ 13.68904, 52.77917 ], [ 13.68923, 52.77912 ], [ 13.68905, 52.77882 ] ] ] } },
{ "type": "Feature", "properties": { "boden": "100 % mittel, mäßig frisch (M+2)" }, "geometry": { "type": "Polygon", "coordinates": [ [ [ 13.69159, 52.78119 ], [ 13.69115, 52.78105 ], [ 13.69089, 52.78083 ], [ 13.69079, 52.78056 ], [ 13.6905, 52.78024 ], [ 13.69038, 52.78017 ], [ 13.69021, 52.78022 ], [ 13.68958, 52.78082 ], [ 13.69073, 52.78124 ], [ 13.69142, 52.78131 ], [ 13.69159, 52.78119 ] ] ] } },
{ "type": "Feature", "properties": { "boden": "90 % ziemlich arm, trocken (vermutet) (Z3) · 10 % mittel, trocken (vermutet) (M3)" }, "geometry": { "type": "Polygon", "coordinates": [ [ [ 13.685, 52.78062 ], [ 13.68498, 52.78068 ], [ 13.68522, 52.78093 ], [ 13.68526, 52.78145 ], [ 13.68536, 52.78159 ], [ 13.68549, 52.78152 ], [ 13.68564, 52.7813 ], [ 13.68576, 52.78093 ], [ 13.68555, 52.78074 ], [ 13.685, 52.78062 ] ] ] } },
{ "type": "Feature", "properties": { "boden": "100 % mittel, mäßig frisch (M2)" }, "geometry": { "type": "Polygon", "coordinates": [ [ [ 13.68591, 52.78141 ], [ 13.68569, 52.7819 ], [ 13.68546, 52.78208 ], [ 13.68586, 52.78195 ], [ 13.68621, 52.78159 ], [ 13.68627, 52.78144 ], [ 13.68619, 52.7812 ], [ 13.68608, 52.7812 ], [ 13.68608, 52.78129 ], [ 13.68591, 52.78141 ] ] ] } },
{ "type": "Feature", "properties": { "boden": "100 % mittel, mäßig frisch (M2)" }, "geometry": { "type": "Polygon", "coordinates": [ [ [ 13.70186, 52.78319 ], [ 13.70047, 52.78287 ], [ 13.70023, 52.78275 ], [ 13.7001, 52.78263 ], [ 13.70019, 52.78237 ], [ 13.70013, 52.78229 ], [ 13.69963, 52.78215 ], [ 13.69944, 52.78205 ], [ 13.69924, 52.78174 ], [ 13.69927, 52.78165 ], [ 13.69827, 52.78154 ], [ 13.69728, 52.7813 ], [ 13.69663, 52.78122 ], [ 13.69567, 52.78123 ], [ 13.6949, 52.78135 ], [ 13.6946, 52.78132 ], [ 13.69403, 52.78105 ], [ 13.6937, 52.78102 ], [ 13.69341, 52.78106 ], [ 13.69302, 52.78127 ], [ 13.6929, 52.78129 ], [ 13.69199, 52.78119 ], [ 13.69159, 52.78119 ], [ 13.69142, 52.78131 ], [ 13.69073, 52.78124 ], [ 13.69041, 52.78115 ], [ 13.68989, 52.78091 ], [ 13.68958, 52.78082 ], [ 13.6893, 52.78079 ], [ 13.68897, 52.78066 ], [ 13.6889, 52.78008 ], [ 13.68886, 52.77994 ], [ 13.68873, 52.77988 ], [ 13.68854, 52.77992 ], [ 13.68842, 52.7801 ], [ 13.68813, 52.78033 ], [ 13.68721, 52.78072 ], [ 13.68604, 52.78081 ], [ 13.68591, 52.78141 ], [ 13.68608, 52.78129 ], [ 13.68608, 52.7812 ], [ 13.68619, 52.7812 ], [ 13.68627, 52.78144 ], [ 13.68621, 52.78159 ], [ 13.68586, 52.78195 ], [ 13.68562, 52.78204 ], [ 13.68509, 52.78214 ], [ 13.68506, 52.78226 ], [ 13.68533, 52.78245 ], [ 13.68587, 52.78263 ], [ 13.68683, 52.78269 ], [ 13.68714, 52.78267 ], [ 13.6885, 52.78245 ], [ 13.68901, 52.78271 ], [ 13.68931, 52.78271 ], [ 13.68976, 52.78242 ], [ 13.69027, 52.78255 ], [ 13.69108, 52.78285 ], [ 13.69254, 52.78354 ], [ 13.69182, 52.78317 ], [ 13.69175, 52.78306 ], [ 13.6914, 52.78292 ], [ 13.69133, 52.78282 ], [ 13.69115, 52.78273 ], [ 13.69045, 52.78255 ], [ 13.69033, 52.78247 ], [ 13.68999, 52.78238 ], [ 13.68992, 52.78227 ], [ 13.68999, 52.78217 ], [ 13.69017, 52.78212 ], [ 13.69063, 52.7823 ], [ 13.69134, 52.78247 ], [ 13.69141, 52.78258 ], [ 13.69176, 52.78271 ], [ 13.69183, 52.78282 ], [ 13.69258, 52.78317 ], [ 13.69279, 52.78337 ], [ 13.69348, 52.78357 ], [ 13.69366, 52.78353 ], [ 13.69383, 52.78357 ], [ 13.6939, 52.78368 ], [ 13.69383, 52.78379 ], [ 13.69365, 52.78383 ], [ 13.69328, 52.78374 ], [ 13.6931, 52.78378 ], [ 13.69347, 52.7839 ], [ 13.69417, 52.78385 ], [ 13.69638, 52.78341 ], [ 13.69736, 52.78328 ], [ 13.69925, 52.78329 ], [ 13.70057, 52.78313 ], [ 13.70186, 52.78319 ] ] ] } },
{ "type": "Feature", "properties": { "boden": "90 % ziemlich arm, mäßig frisch (Z2) · 10 % mittel, mäßig frisch (M2)" }, "geometry": { "type": "Polygon", "coordinates": [ [ [ 13.68509, 52.78213 ], [ 13.68546, 52.78208 ], [ 13.68569, 52.7819 ], [ 13.68579, 52.78173 ], [ 13.68492, 52.78202 ], [ 13.68497, 52.7821 ], [ 13.68509, 52.78213 ] ] ] } },
{ "type": "Feature", "properties": { "boden": "100 % mittel, mäßig frisch (M2)" }, "geometry": { "type": "Polygon", "coordinates": [ [ [ 13.6931, 52.78378 ], [ 13.69328, 52.78374 ], [ 13.69365, 52.78383 ], [ 13.69383, 52.78379 ], [ 13.6939, 52.78368 ], [ 13.69383, 52.78357 ], [ 13.69366, 52.78353 ], [ 13.69348, 52.78357 ], [ 13.69279, 52.78337 ], [ 13.69258, 52.78317 ], [ 13.69183, 52.78282 ], [ 13.69176, 52.78271 ], [ 13.69141, 52.78258 ], [ 13.69134, 52.78247 ], [ 13.69063, 52.7823 ], [ 13.69017, 52.78212 ], [ 13.68999, 52.78217 ], [ 13.68992, 52.78227 ], [ 13.68999, 52.78238 ], [ 13.69033, 52.78247 ], [ 13.69045, 52.78255 ], [ 13.69115, 52.78273 ], [ 13.69133, 52.78282 ], [ 13.6914, 52.78292 ], [ 13.69175, 52.78306 ], [ 13.69182, 52.78317 ], [ 13.6931, 52.78378 ] ] ] } },
{ "type": "Feature", "properties": { "boden": "90 % ziemlich arm, trocken (vermutet) (Z3) · 10 % mittel, trocken (vermutet) (M3)" }, "geometry": { "type": "Polygon", "coordinates": [ [ [ 13.68947, 52.78464 ], [ 13.68898, 52.78477 ], [ 13.68887, 52.78487 ], [ 13.68889, 52.78491 ], [ 13.68936, 52.78497 ], [ 13.69009, 52.78489 ], [ 13.69006, 52.78482 ], [ 13.68977, 52.78467 ], [ 13.68947, 52.78464 ] ] ] } },
{ "type": "Feature", "properties": { "boden": "60 % ziemlich arm, trocken (vermutet) (Z3) · 20 % ziemlich arm, trocken (vermutet) (Z3) · 20 % ziemlich arm, trocken (vermutet) (Z3)" }, "geometry": { "type": "Polygon", "coordinates": [ [ [ 13.7239, 52.77935 ], [ 13.7238, 52.77939 ], [ 13.72389, 52.77957 ], [ 13.72401, 52.77964 ], [ 13.72424, 52.77963 ], [ 13.72432, 52.77958 ], [ 13.72427, 52.77946 ], [ 13.7239, 52.77935 ] ] ] } },
{ "type": "Feature", "properties": { "boden": "60 % ziemlich arm, mäßig frisch (Z2) · 40 % mittel, mäßig frisch (M+2g)" }, "geometry": { "type": "Polygon", "coordinates": [ [ [ 13.73074, 52.77998 ], [ 13.72922, 52.77915 ], [ 13.72536, 52.77895 ], [ 13.72603, 52.77953 ], [ 13.72626, 52.77964 ], [ 13.72665, 52.77971 ], [ 13.72751, 52.77965 ], [ 13.72809, 52.77968 ], [ 13.72871, 52.77988 ], [ 13.72917, 52.78009 ], [ 13.72969, 52.78022 ], [ 13.73074, 52.77998 ] ] ] } },
{ "type": "Feature", "properties": { "boden": "50 % kräftig, mäßig frisch (K2) · 50 % kräftig, mäßig frisch (K2)" }, "geometry": { "type": "Polygon", "coordinates": [ [ [ 13.73227, 52.77962 ], [ 13.73209, 52.77966 ], [ 13.73202, 52.77977 ], [ 13.73209, 52.77988 ], [ 13.73226, 52.77993 ], [ 13.73244, 52.77988 ], [ 13.73252, 52.77978 ], [ 13.73245, 52.77967 ], [ 13.73227, 52.77962 ] ] ] } },
{ "type": "Feature", "properties": { "boden": "60 % ziemlich arm, mäßig frisch (Z2) · 20 % ziemlich arm, mäßig frisch (Z2) · 20 % ziemlich arm, mäßig frisch (Z2)" }, "geometry": { "type": "Polygon", "coordinates": [ [ [ 13.73455, 52.78775 ], [ 13.73631, 52.78765 ], [ 13.73666, 52.78748 ], [ 13.73942, 52.7872 ], [ 13.73946, 52.7868 ], [ 13.7392, 52.78646 ], [ 13.73933, 52.7857 ], [ 13.73974, 52.78472 ], [ 13.73877, 52.78442 ], [ 13.73901, 52.78407 ], [ 13.73881, 52.78366 ], [ 13.73834, 52.7834 ], [ 13.73693, 52.7831 ], [ 13.73642, 52.78283 ], [ 13.7345, 52.78215 ], [ 13.73359, 52.78177 ], [ 13.73212, 52.78148 ], [ 13.73137, 52.78105 ], [ 13.73108, 52.78073 ], [ 13.73102, 52.78047 ], [ 13.73074, 52.77998 ], [ 13.72969, 52.78022 ], [ 13.72917, 52.78009 ], [ 13.72871, 52.77988 ], [ 13.72809, 52.77968 ], [ 13.72751, 52.77965 ], [ 13.72665, 52.77971 ], [ 13.72626, 52.77964 ], [ 13.72603, 52.77953 ], [ 13.72536, 52.77895 ], [ 13.72518, 52.77863 ], [ 13.72522, 52.77782 ], [ 13.72537, 52.77696 ], [ 13.7262, 52.77569 ], [ 13.72616, 52.77539 ], [ 13.72531, 52.77553 ], [ 13.725, 52.7755 ], [ 13.72478, 52.77536 ], [ 13.72306, 52.77521 ], [ 13.72254, 52.77511 ], [ 13.71714, 52.77498 ], [ 13.7168, 52.777 ], [ 13.71766, 52.77631 ], [ 13.71768, 52.77599 ], [ 13.71827, 52.77585 ], [ 13.7184, 52.77638 ], [ 13.71883, 52.77673 ], [ 13.71893, 52.77707 ], [ 13.71862, 52.77746 ], [ 13.71865, 52.7786 ], [ 13.7208, 52.77871 ], [ 13.72096, 52.77901 ], [ 13.72104, 52.77938 ], [ 13.721, 52.77957 ], [ 13.72005, 52.78071 ], [ 13.71969, 52.78176 ], [ 13.72031, 52.78161 ], [ 13.72065, 52.78161 ], [ 13.72104, 52.78172 ], [ 13.7213, 52.78188 ], [ 13.72144, 52.78207 ], [ 13.72155, 52.78246 ], [ 13.72265, 52.78239 ], [ 13.72386, 52.78239 ], [ 13.72406, 52.78245 ], [ 13.72413, 52.7826 ], [ 13.72404, 52.78324 ], [ 13.72481, 52.78342 ], [ 13.72518, 52.78364 ], [ 13.72589, 52.78451 ], [ 13.72625, 52.78462 ], [ 13.7275, 52.78517 ], [ 13.72878, 52.78557 ], [ 13.73225, 52.78653 ], [ 13.73269, 52.7871 ], [ 13.73288, 52.78759 ], [ 13.73455, 52.78775 ] ], [ [ 13.73909, 52.78673 ], [ 13.73902, 52.78684 ], [ 13.73884, 52.78688 ], [ 13.73866, 52.78683 ], [ 13.73859, 52.78672 ], [ 13.73867, 52.78662 ], [ 13.73885, 52.78657 ], [ 13.73902, 52.78662 ], [ 13.73909, 52.78673 ] ], [ [ 13.73797, 52.78553 ], [ 13.73844, 52.78555 ], [ 13.73824, 52.78634 ], [ 13.73878, 52.78643 ], [ 13.73681, 52.7863 ], [ 13.73702, 52.78606 ], [ 13.73764, 52.78579 ], [ 13.73797, 52.78553 ] ], [ [ 13.73338, 52.7838 ], [ 13.73264, 52.78376 ], [ 13.73198, 52.78362 ], [ 13.73154, 52.78362 ], [ 13.73127, 52.78356 ], [ 13.73116, 52.7835 ], [ 13.73117, 52.78343 ], [ 13.73122, 52.78339 ], [ 13.73171, 52.7834 ], [ 13.73204, 52.78329 ], [ 13.73227, 52.78335 ], [ 13.73219, 52.78355 ], [ 13.73226, 52.7836 ], [ 13.73287, 52.7835 ], [ 13.73428, 52.78352 ], [ 13.73549, 52.78344 ], [ 13.73608, 52.78348 ], [ 13.73619, 52.78354 ], [ 13.73597, 52.78364 ], [ 13.73338, 52.7838 ] ], [ [ 13.72982, 52.78256 ], [ 13.73092, 52.78275 ], [ 13.732, 52.78284 ], [ 13.73287, 52.78302 ], [ 13.73384, 52.78309 ], [ 13.73421, 52.7832 ], [ 13.73425, 52.78329 ], [ 13.73389, 52.78337 ], [ 13.73342, 52.78337 ], [ 13.73218, 52.78321 ], [ 13.7312, 52.78317 ], [ 13.73078, 52.78306 ], [ 13.7304, 52.78287 ], [ 13.72973, 52.78275 ], [ 13.72953, 52.78266 ], [ 13.72964, 52.78258 ], [ 13.72982, 52.78256 ] ], [ [ 13.72883, 52.78255 ], [ 13.72829, 52.78257 ], [ 13.7271, 52.78249 ], [ 13.72598, 52.78249 ], [ 13.72591, 52.78245 ], [ 13.72618, 52.78234 ], [ 13.7264, 52.78232 ], [ 13.72683, 52.7824 ], [ 13.72863, 52.78247 ], [ 13.72879, 52.7825 ], [ 13.72883, 52.78255 ] ], [ [ 13.73151, 52.78247 ], [ 13.73143, 52.78258 ], [ 13.73126, 52.78262 ], [ 13.73108, 52.78257 ], [ 13.73101, 52.78247 ], [ 13.73109, 52.78236 ], [ 13.73126, 52.78232 ], [ 13.73144, 52.78236 ], [ 13.73151, 52.78247 ] ], [ [ 13.73437, 52.78279 ], [ 13.73429, 52.7829 ], [ 13.73411, 52.78294 ], [ 13.73394, 52.78289 ], [ 13.73387, 52.78278 ], [ 13.73394, 52.78268 ], [ 13.73412, 52.78264 ], [ 13.7343, 52.78268 ], [ 13.73437, 52.78279 ] ], [ [ 13.73379, 52.78251 ], [ 13.73362, 52.78247 ], [ 13.73355, 52.78236 ], [ 13.73362, 52.78225 ], [ 13.7338, 52.78221 ], [ 13.73398, 52.78226 ], [ 13.73447, 52.78221 ], [ 13.73465, 52.78225 ], [ 13.73472, 52.78236 ], [ 13.73464, 52.78247 ], [ 13.73446, 52.78251 ], [ 13.73428, 52.78247 ], [ 13.73379, 52.78251 ] ], [ [ 13.73081, 52.7821 ], [ 13.73073, 52.78221 ], [ 13.73055, 52.78225 ], [ 13.73038, 52.7822 ], [ 13.73031, 52.78209 ], [ 13.73038, 52.78199 ], [ 13.73056, 52.78194 ], [ 13.73074, 52.78199 ], [ 13.73081, 52.7821 ] ], [ [ 13.72683, 52.78193 ], [ 13.72625, 52.78186 ], [ 13.72566, 52.78184 ], [ 13.72539, 52.78167 ], [ 13.7259, 52.78154 ], [ 13.72702, 52.78144 ], [ 13.72736, 52.78147 ], [ 13.72752, 52.78153 ], [ 13.72763, 52.78162 ], [ 13.7276, 52.78166 ], [ 13.72728, 52.78176 ], [ 13.72702, 52.7819 ], [ 13.72683, 52.78193 ] ], [ [ 13.73175, 52.78136 ], [ 13.73198, 52.78153 ], [ 13.73162, 52.78151 ], [ 13.73098, 52.78136 ], [ 13.73139, 52.78132 ], [ 13.73175, 52.78136 ] ], [ [ 13.72382, 52.78157 ], [ 13.72426, 52.78167 ], [ 13.72388, 52.78181 ], [ 13.72375, 52.78195 ], [ 13.72353, 52.78193 ], [ 13.7235, 52.78173 ], [ 13.72368, 52.7816 ], [ 13.72382, 52.78157 ] ], [ [ 13.72422, 52.77943 ], [ 13.72432, 52.77958 ], [ 13.72424, 52.77963 ], [ 13.72401, 52.77964 ], [ 13.72389, 52.77957 ], [ 13.7238, 52.77939 ], [ 13.7239, 52.77935 ], [ 13.72422, 52.77943 ] ], [ [ 13.72178, 52.77551 ], [ 13.7213, 52.77546 ], [ 13.71994, 52.7754 ], [ 13.72026, 52.77528 ], [ 13.72036, 52.77518 ], [ 13.72071, 52.77511 ], [ 13.72149, 52.77517 ], [ 13.7224, 52.77537 ], [ 13.72237, 52.77544 ], [ 13.72224, 52.77543 ], [ 13.72178, 52.77551 ] ] ] } },
{ "type": "Feature", "properties": { "boden": "60 % ziemlich arm, trocken (vermutet) (Z3) · 20 % ziemlich arm, trocken (vermutet) (Z3) · 20 % ziemlich arm, trocken (vermutet) (Z3)" }, "geometry": { "type": "Polygon", "coordinates": [ [ [ 13.73139, 52.78132 ], [ 13.73098, 52.78136 ], [ 13.73162, 52.78151 ], [ 13.73198, 52.78153 ], [ 13.73175, 52.78136 ], [ 13.73139, 52.78132 ] ] ] } },
{ "type": "Feature", "properties": { "boden": "60 % ziemlich arm, mäßig frisch (Z2) · 20 % ziemlich arm, mäßig frisch (Z2) · 20 % ziemlich arm, mäßig frisch (Z2)" }, "geometry": { "type": "Polygon", "coordinates": [ [ [ 13.72702, 52.7819 ], [ 13.72763, 52.78162 ], [ 13.72736, 52.78147 ], [ 13.72702, 52.78144 ], [ 13.7259, 52.78154 ], [ 13.72539, 52.78167 ], [ 13.72566, 52.78184 ], [ 13.72625, 52.78186 ], [ 13.72683, 52.78193 ], [ 13.72702, 52.7819 ] ] ] } },
{ "type": "Feature", "properties": { "boden": "60 % ziemlich arm, trocken (vermutet) (Z3) · 20 % ziemlich arm, trocken (vermutet) (Z3) · 20 % ziemlich arm, trocken (vermutet) (Z3)" }, "geometry": { "type": "Polygon", "coordinates": [ [ [ 13.72382, 52.78157 ], [ 13.72368, 52.7816 ], [ 13.7235, 52.78173 ], [ 13.72347, 52.78186 ], [ 13.72358, 52.78196 ], [ 13.72375, 52.78195 ], [ 13.72388, 52.78181 ], [ 13.72426, 52.78167 ], [ 13.72382, 52.78157 ] ] ] } },
{ "type": "Feature", "properties": { "boden": "60 % ziemlich arm, mäßig frisch (Z2) · 20 % ziemlich arm, mäßig frisch (Z2) · 20 % ziemlich arm, mäßig frisch (Z2)" }, "geometry": { "type": "Polygon", "coordinates": [ [ [ 13.73056, 52.78194 ], [ 13.73038, 52.78199 ], [ 13.73031, 52.78209 ], [ 13.73038, 52.7822 ], [ 13.73055, 52.78225 ], [ 13.73073, 52.78221 ], [ 13.73081, 52.7821 ], [ 13.73074, 52.78199 ], [ 13.73056, 52.78194 ] ] ] } },
{ "type": "Feature", "properties": { "boden": "60 % ziemlich arm, mäßig frisch (Z2) · 20 % ziemlich arm, mäßig frisch (Z2) · 20 % ziemlich arm, mäßig frisch (Z2)" }, "geometry": { "type": "Polygon", "coordinates": [ [ [ 13.73126, 52.78232 ], [ 13.73109, 52.78236 ], [ 13.73101, 52.78247 ], [ 13.73108, 52.78257 ], [ 13.73126, 52.78262 ], [ 13.73143, 52.78258 ], [ 13.73151, 52.78247 ], [ 13.73144, 52.78236 ], [ 13.73126, 52.78232 ] ] ] } },
{ "type": "Feature", "properties": { "boden": "60 % ziemlich arm, trocken (vermutet) (Z3) · 20 % ziemlich arm, trocken (vermutet) (Z3) · 20 % ziemlich arm, trocken (vermutet) (Z3)" }, "geometry": { "type": "Polygon", "coordinates": [ [ [ 13.72879, 52.7825 ], [ 13.72683, 52.7824 ], [ 13.7264, 52.78232 ], [ 13.72618, 52.78234 ], [ 13.72591, 52.78245 ], [ 13.72598, 52.78249 ], [ 13.7271, 52.78249 ], [ 13.72829, 52.78257 ], [ 13.72883, 52.78255 ], [ 13.72879, 52.7825 ] ] ] } },
{ "type": "Feature", "properties": { "boden": "80 % kräftig, mäßig frisch (K2) · 20 % kräftig, mäßig frisch (K2)" }, "geometry": { "type": "Polygon", "coordinates": [ [ [ 13.71867, 52.77918 ], [ 13.71683, 52.77937 ], [ 13.71639, 52.77932 ], [ 13.71487, 52.77978 ], [ 13.71483, 52.77997 ], [ 13.7145, 52.78026 ], [ 13.71448, 52.78055 ], [ 13.71465, 52.78067 ], [ 13.71509, 52.78083 ], [ 13.71578, 52.78081 ], [ 13.717, 52.78115 ], [ 13.71774, 52.78116 ], [ 13.71812, 52.78122 ], [ 13.7184, 52.78118 ], [ 13.71858, 52.78105 ], [ 13.71872, 52.78081 ], [ 13.71873, 52.78051 ], [ 13.71885, 52.78006 ], [ 13.71933, 52.77925 ], [ 13.71867, 52.77918 ] ] ] } },
{ "type": "Feature", "properties": { "boden": "100 % mittel, mäßig frisch (M+2)" }, "geometry": { "type": "Polygon", "coordinates": [ [ [ 13.72005, 52.78071 ], [ 13.721, 52.77957 ], [ 13.72104, 52.77938 ], [ 13.72096, 52.77901 ], [ 13.7208, 52.77871 ], [ 13.71865, 52.7786 ], [ 13.71867, 52.77918 ], [ 13.71933, 52.77925 ], [ 13.71885, 52.78006 ], [ 13.71873, 52.78051 ], [ 13.71872, 52.78081 ], [ 13.71858, 52.78105 ], [ 13.7184, 52.78118 ], [ 13.71812, 52.78122 ], [ 13.71774, 52.78116 ], [ 13.717, 52.78115 ], [ 13.71578, 52.78081 ], [ 13.71509, 52.78083 ], [ 13.71465, 52.78067 ], [ 13.71448, 52.78055 ], [ 13.7145, 52.78026 ], [ 13.71483, 52.77997 ], [ 13.71487, 52.77978 ], [ 13.71234, 52.78053 ], [ 13.71694, 52.78179 ], [ 13.7193, 52.78249 ], [ 13.71927, 52.78235 ], [ 13.71946, 52.78201 ], [ 13.71969, 52.78176 ], [ 13.72005, 52.78071 ] ] ] } },
{ "type": "Feature", "properties": { "boden": "50 % mittel, mäßig frisch (M+2) · 50 % kräftig, mäßig frisch (K2)" }, "geometry": { "type": "Polygon", "coordinates": [ [ [ 13.71203, 52.78101 ], [ 13.71185, 52.78106 ], [ 13.71178, 52.78116 ], [ 13.71185, 52.78127 ], [ 13.71202, 52.78132 ], [ 13.7122, 52.78128 ], [ 13.71228, 52.78117 ], [ 13.71221, 52.78106 ], [ 13.71203, 52.78101 ] ] ] } },
{ "type": "Feature", "properties": { "boden": "100 % kräftig, mäßig frisch (K2)" }, "geometry": { "type": "Polygon", "coordinates": [ [ [ 13.72155, 52.78246 ], [ 13.7213, 52.78188 ], [ 13.72104, 52.78172 ], [ 13.72065, 52.78161 ], [ 13.72031, 52.78161 ], [ 13.71969, 52.78176 ], [ 13.71946, 52.78201 ], [ 13.71927, 52.78235 ], [ 13.7193, 52.78249 ], [ 13.71963, 52.78274 ], [ 13.72034, 52.78297 ], [ 13.7208, 52.78304 ], [ 13.72105, 52.78302 ], [ 13.72126, 52.78309 ], [ 13.72123, 52.7829 ], [ 13.72155, 52.78246 ] ] ] } },
{ "type": "Feature", "properties": { "boden": "100 % mittel, mäßig frisch (M2)" }, "geometry": { "type": "Polygon", "coordinates": [ [ [ 13.71241, 52.78282 ], [ 13.71201, 52.78261 ], [ 13.71149, 52.78242 ], [ 13.71114, 52.78235 ], [ 13.71074, 52.78235 ], [ 13.71021, 52.78223 ], [ 13.70991, 52.78197 ], [ 13.70957, 52.78178 ], [ 13.70948, 52.78139 ], [ 13.70731, 52.78204 ], [ 13.70575, 52.78193 ], [ 13.7056, 52.78283 ], [ 13.70665, 52.78271 ], [ 13.70749, 52.78271 ], [ 13.70832, 52.78279 ], [ 13.70904, 52.78301 ], [ 13.71047, 52.78321 ], [ 13.71251, 52.78294 ], [ 13.71241, 52.78282 ] ] ] } },
{ "type": "Feature", "properties": { "boden": "50 % mittel, mäßig frisch (M+2) · 50 % kräftig, mäßig frisch (K2)" }, "geometry": { "type": "Polygon", "coordinates": [ [ [ 13.73075, 52.78611 ], [ 13.7275, 52.78517 ], [ 13.72625, 52.78462 ], [ 13.72589, 52.78451 ], [ 13.72518, 52.78364 ], [ 13.72481, 52.78342 ], [ 13.72404, 52.78324 ], [ 13.72413, 52.7826 ], [ 13.72406, 52.78245 ], [ 13.72386, 52.78239 ], [ 13.72265, 52.78239 ], [ 13.72155, 52.78246 ], [ 13.72123, 52.7829 ], [ 13.72126, 52.78309 ], [ 13.72105, 52.78302 ], [ 13.7208, 52.78304 ], [ 13.72034, 52.78297 ], [ 13.71963, 52.78274 ], [ 13.7193, 52.78249 ], [ 13.71694, 52.78179 ], [ 13.71234, 52.78053 ], [ 13.7121, 52.78055 ], [ 13.70948, 52.78139 ], [ 13.70957, 52.78178 ], [ 13.70991, 52.78197 ], [ 13.71021, 52.78223 ], [ 13.71074, 52.78235 ], [ 13.71114, 52.78235 ], [ 13.71149, 52.78242 ], [ 13.71201, 52.78261 ], [ 13.71241, 52.78282 ], [ 13.71251, 52.78294 ], [ 13.71377, 52.78314 ], [ 13.71471, 52.783 ], [ 13.7166, 52.78317 ], [ 13.71751, 52.78331 ], [ 13.71962, 52.78336 ], [ 13.72011, 52.78342 ], [ 13.72071, 52.78361 ], [ 13.72207, 52.78426 ], [ 13.72256, 52.78465 ], [ 13.72376, 52.78535 ], [ 13.72614, 52.78554 ], [ 13.72664, 52.78568 ], [ 13.72866, 52.78607 ], [ 13.72918, 52.78611 ], [ 13.73075, 52.78611 ] ], [ [ 13.71228, 52.78117 ], [ 13.7122, 52.78128 ], [ 13.71202, 52.78132 ], [ 13.71185, 52.78127 ], [ 13.71178, 52.78116 ], [ 13.71185, 52.78106 ], [ 13.71203, 52.78101 ], [ 13.71221, 52.78106 ], [ 13.71228, 52.78117 ] ] ] } },
{ "type": "Feature", "properties": { "boden": "90 % ziemlich arm, trocken (vermutet) (Z3) · 10 % mittel, trocken (vermutet) (M3)" }, "geometry": { "type": "Polygon", "coordinates": [ [ [ 13.71161, 52.78337 ], [ 13.71164, 52.78331 ], [ 13.71152, 52.78325 ], [ 13.71108, 52.78322 ], [ 13.71043, 52.78335 ], [ 13.71016, 52.78336 ], [ 13.71036, 52.78342 ], [ 13.7108, 52.78345 ], [ 13.71135, 52.78344 ], [ 13.71161, 52.78337 ] ] ] } },
{ "type": "Feature", "properties": { "boden": "90 % ziemlich arm, mäßig frisch (Z2) · 10 % mittel, mäßig frisch (M2)" }, "geometry": { "type": "Polygon", "coordinates": [ [ [ 13.7187, 52.78352 ], [ 13.71828, 52.78356 ], [ 13.71816, 52.78365 ], [ 13.71819, 52.78382 ], [ 13.71843, 52.78394 ], [ 13.71875, 52.78394 ], [ 13.71901, 52.78381 ], [ 13.71895, 52.78356 ], [ 13.7187, 52.78352 ] ] ] } },
{ "type": "Feature", "properties": { "boden": "90 % ziemlich arm, trocken (vermutet) (Z3) · 10 % mittel, trocken (vermutet) (M3)" }, "geometry": { "type": "Polygon", "coordinates": [ [ [ 13.71717, 52.7834 ], [ 13.71486, 52.78312 ], [ 13.71446, 52.78315 ], [ 13.71436, 52.78324 ], [ 13.71412, 52.7833 ], [ 13.71413, 52.78337 ], [ 13.71406, 52.7834 ], [ 13.71385, 52.78334 ], [ 13.71337, 52.78329 ], [ 13.71258, 52.7831 ], [ 13.71222, 52.78311 ], [ 13.71194, 52.78317 ], [ 13.71208, 52.78334 ], [ 13.71248, 52.78351 ], [ 13.71347, 52.78369 ], [ 13.7136, 52.78381 ], [ 13.71371, 52.78406 ], [ 13.71387, 52.78415 ], [ 13.7143, 52.78412 ], [ 13.7144, 52.78348 ], [ 13.71448, 52.78342 ], [ 13.71478, 52.7834 ], [ 13.71576, 52.78348 ], [ 13.71657, 52.78362 ], [ 13.71695, 52.78381 ], [ 13.71731, 52.78407 ], [ 13.71772, 52.78417 ], [ 13.71815, 52.78435 ], [ 13.71821, 52.78424 ], [ 13.71785, 52.78395 ], [ 13.71774, 52.78363 ], [ 13.71751, 52.7835 ], [ 13.71717, 52.7834 ] ] ] } },
{ "type": "Feature", "properties": { "boden": "90 % ziemlich arm, mäßig frisch (Z2) · 10 % mittel, mäßig frisch (M2)" }, "geometry": { "type": "Polygon", "coordinates": [ [ [ 13.71116, 52.78358 ], [ 13.71061, 52.78362 ], [ 13.71037, 52.78377 ], [ 13.71044, 52.78406 ], [ 13.71083, 52.78425 ], [ 13.71098, 52.78425 ], [ 13.71108, 52.78419 ], [ 13.71117, 52.78401 ], [ 13.71165, 52.78379 ], [ 13.71166, 52.78367 ], [ 13.71157, 52.78362 ], [ 13.71116, 52.78358 ] ] ] } },
{ "type": "Feature", "properties": { "boden": "100 % kräftig, mäßig frisch (K2)" }, "geometry": { "type": "Polygon", "coordinates": [ [ [ 13.69943, 52.78099 ], [ 13.69925, 52.78104 ], [ 13.69917, 52.78114 ], [ 13.69924, 52.78125 ], [ 13.69942, 52.7813 ], [ 13.6996, 52.78126 ], [ 13.69968, 52.78115 ], [ 13.69961, 52.78104 ], [ 13.69943, 52.78099 ] ] ] } },
{ "type": "Feature", "properties": { "boden": "100 % mittel, mäßig frisch (M+2)" }, "geometry": { "type": "Polygon", "coordinates": [ [ [ 13.70506, 52.78203 ], [ 13.70488, 52.78207 ], [ 13.70481, 52.78218 ], [ 13.70488, 52.78228 ], [ 13.70505, 52.78233 ], [ 13.70523, 52.78229 ], [ 13.70531, 52.78218 ], [ 13.70524, 52.78207 ], [ 13.70506, 52.78203 ] ] ] } },
{ "type": "Feature", "properties": { "boden": "100 % mittel, mäßig frisch (M+2)" }, "geometry": { "type": "Polygon", "coordinates": [ [ [ 13.70575, 52.78193 ], [ 13.70147, 52.78163 ], [ 13.70332, 52.78298 ], [ 13.70366, 52.78312 ], [ 13.70416, 52.78308 ], [ 13.70477, 52.7829 ], [ 13.7056, 52.78283 ], [ 13.70575, 52.78193 ] ], [ [ 13.70531, 52.78218 ], [ 13.70523, 52.78229 ], [ 13.70505, 52.78233 ], [ 13.70488, 52.78228 ], [ 13.70481, 52.78218 ], [ 13.70488, 52.78207 ], [ 13.70506, 52.78203 ], [ 13.70524, 52.78207 ], [ 13.70531, 52.78218 ] ] ] } },
{ "type": "Feature", "properties": { "boden": "100 % mittel, mäßig frisch (M2)" }, "geometry": { "type": "Polygon", "coordinates": [ [ [ 13.70033, 52.78163 ], [ 13.69927, 52.78165 ], [ 13.69924, 52.78174 ], [ 13.69944, 52.78205 ], [ 13.69963, 52.78215 ], [ 13.70013, 52.78229 ], [ 13.70019, 52.78237 ], [ 13.7001, 52.78263 ], [ 13.70023, 52.78275 ], [ 13.70047, 52.78287 ], [ 13.70186, 52.78319 ], [ 13.70349, 52.78324 ], [ 13.70219, 52.78248 ], [ 13.70181, 52.78268 ], [ 13.70166, 52.78256 ], [ 13.7016, 52.7826 ], [ 13.70117, 52.78224 ], [ 13.70147, 52.78209 ], [ 13.70089, 52.78154 ], [ 13.70033, 52.78163 ] ], [ [ 13.70245, 52.78285 ], [ 13.70237, 52.78295 ], [ 13.70219, 52.783 ], [ 13.70175, 52.78293 ], [ 13.70168, 52.78283 ], [ 13.70175, 52.78272 ], [ 13.70193, 52.78268 ], [ 13.70238, 52.78274 ], [ 13.70245, 52.78285 ] ] ] } },
{ "type": "Feature", "properties": { "boden": "100 % mittel, mäßig frisch (M2)" }, "geometry": { "type": "Polygon", "coordinates": [ [ [ 13.7017, 52.7828 ], [ 13.70229, 52.78276 ], [ 13.70243, 52.78282 ], [ 13.70238, 52.78274 ], [ 13.70193, 52.78268 ], [ 13.70175, 52.78272 ], [ 13.7017, 52.7828 ] ] ] } },
{ "type": "Feature", "properties": { "boden": "100 % mittel, mäßig frisch (M2)" }, "geometry": { "type": "Polygon", "coordinates": [ [ [ 13.70241, 52.7828 ], [ 13.70204, 52.78276 ], [ 13.70168, 52.78283 ], [ 13.70175, 52.78293 ], [ 13.70219, 52.783 ], [ 13.70237, 52.78295 ], [ 13.70245, 52.78285 ], [ 13.70241, 52.7828 ] ] ] } },
{ "type": "Feature", "properties": { "boden": "90 % ziemlich arm, trocken (vermutet) (Z3) · 10 % mittel, trocken (vermutet) (M3)" }, "geometry": { "type": "Polygon", "coordinates": [ [ [ 13.70313, 52.78323 ], [ 13.70243, 52.78321 ], [ 13.70218, 52.78326 ], [ 13.70188, 52.78338 ], [ 13.7017, 52.78359 ], [ 13.70104, 52.78334 ], [ 13.69981, 52.78328 ], [ 13.69969, 52.78331 ], [ 13.69963, 52.78351 ], [ 13.69974, 52.78358 ], [ 13.70027, 52.78356 ], [ 13.70181, 52.78378 ], [ 13.70213, 52.78359 ], [ 13.70233, 52.78353 ], [ 13.70293, 52.78353 ], [ 13.70342, 52.78346 ], [ 13.7037, 52.78349 ], [ 13.70343, 52.78328 ], [ 13.70313, 52.78323 ] ] ] } },
{ "type": "Feature", "properties": { "boden": "90 % ziemlich arm, trocken (vermutet) (Z3) · 10 % mittel, trocken (vermutet) (M3)" }, "geometry": { "type": "Polygon", "coordinates": [ [ [ 13.69877, 52.78351 ], [ 13.69836, 52.78359 ], [ 13.69802, 52.78373 ], [ 13.69798, 52.78383 ], [ 13.6982, 52.78386 ], [ 13.69843, 52.78365 ], [ 13.69886, 52.78355 ], [ 13.69877, 52.78351 ] ] ] } },
{ "type": "Feature", "properties": { "boden": "90 % ziemlich arm, mäßig frisch (Z2) · 10 % mittel, mäßig frisch (M2)" }, "geometry": { "type": "Polygon", "coordinates": [ [ [ 13.70309, 52.78358 ], [ 13.70281, 52.7836 ], [ 13.7026, 52.78367 ], [ 13.70214, 52.78369 ], [ 13.70202, 52.78382 ], [ 13.70213, 52.78392 ], [ 13.70216, 52.78428 ], [ 13.70204, 52.78441 ], [ 13.70179, 52.7845 ], [ 13.70183, 52.7846 ], [ 13.70193, 52.78461 ], [ 13.70213, 52.78446 ], [ 13.70241, 52.78438 ], [ 13.70292, 52.78399 ], [ 13.70344, 52.78385 ], [ 13.70342, 52.7837 ], [ 13.70309, 52.78358 ] ] ] } },
{ "type": "Feature", "properties": { "boden": "90 % ziemlich arm, trocken (vermutet) (Z3) · 10 % mittel, trocken (vermutet) (M3)" }, "geometry": { "type": "Polygon", "coordinates": [ [ [ 13.69378, 52.78433 ], [ 13.69458, 52.78435 ], [ 13.69588, 52.78421 ], [ 13.69628, 52.78433 ], [ 13.69648, 52.78434 ], [ 13.69714, 52.78424 ], [ 13.69728, 52.78413 ], [ 13.69718, 52.78409 ], [ 13.69638, 52.78407 ], [ 13.69633, 52.78404 ], [ 13.69637, 52.78395 ], [ 13.69665, 52.7838 ], [ 13.69633, 52.78376 ], [ 13.69497, 52.78393 ], [ 13.69417, 52.7841 ], [ 13.6939, 52.7842 ], [ 13.69378, 52.78415 ], [ 13.69307, 52.78406 ], [ 13.69272, 52.78407 ], [ 13.69204, 52.78422 ], [ 13.69181, 52.78423 ], [ 13.69199, 52.78452 ], [ 13.69214, 52.78458 ], [ 13.69238, 52.78446 ], [ 13.69283, 52.78439 ], [ 13.69378, 52.78433 ] ] ] } },
{ "type": "Feature", "properties": { "boden": "60 % ziemlich arm, trocken (vermutet) (Z3) · 20 % ziemlich arm, trocken (vermutet) (Z3) · 20 % ziemlich arm, trocken (vermutet) (Z3)" }, "geometry": { "type": "Polygon", "coordinates": [ [ [ 13.72982, 52.78256 ], [ 13.72964, 52.78258 ], [ 13.72953, 52.78266 ], [ 13.72973, 52.78275 ], [ 13.7304, 52.78287 ], [ 13.73103, 52.78314 ], [ 13.73244, 52.78324 ], [ 13.73342, 52.78337 ], [ 13.73389, 52.78337 ], [ 13.73425, 52.78329 ], [ 13.73421, 52.7832 ], [ 13.73384, 52.78309 ], [ 13.73287, 52.78302 ], [ 13.732, 52.78284 ], [ 13.73092, 52.78275 ], [ 13.72982, 52.78256 ] ] ] } },
{ "type": "Feature", "properties": { "boden": "100 % kräftig, mäßig frisch (K2)" }, "geometry": { "type": "Polygon", "coordinates": [ [ [ 13.72591, 52.78554 ], [ 13.72573, 52.78559 ], [ 13.72565, 52.78569 ], [ 13.72572, 52.7858 ], [ 13.7259, 52.78585 ], [ 13.72608, 52.78581 ], [ 13.72616, 52.7857 ], [ 13.72609, 52.78559 ], [ 13.72591, 52.78554 ] ] ] } },
{ "type": "Feature", "properties": { "boden": "100 % kräftig, mäßig frisch (K2)" }, "geometry": { "type": "Polygon", "coordinates": [ [ [ 13.72551, 52.78609 ], [ 13.72533, 52.78613 ], [ 13.72525, 52.78624 ], [ 13.72533, 52.78634 ], [ 13.7255, 52.78639 ], [ 13.72568, 52.78635 ], [ 13.72576, 52.78624 ], [ 13.72569, 52.78613 ], [ 13.72551, 52.78609 ] ] ] } },
{ "type": "Feature", "properties": { "boden": "100 % kräftig, mäßig frisch (K2)" }, "geometry": { "type": "Polygon", "coordinates": [ [ [ 13.73173, 52.78755 ], [ 13.73166, 52.78744 ], [ 13.73173, 52.78734 ], [ 13.73191, 52.78729 ], [ 13.73209, 52.78734 ], [ 13.73216, 52.78745 ], [ 13.73203, 52.78757 ], [ 13.73257, 52.78755 ], [ 13.73288, 52.78759 ], [ 13.73269, 52.7871 ], [ 13.73225, 52.78653 ], [ 13.73075, 52.78611 ], [ 13.72918, 52.78611 ], [ 13.72866, 52.78607 ], [ 13.72664, 52.78568 ], [ 13.72614, 52.78554 ], [ 13.72376, 52.78535 ], [ 13.72372, 52.7867 ], [ 13.72381, 52.78672 ], [ 13.72393, 52.78686 ], [ 13.72399, 52.78717 ], [ 13.72672, 52.78769 ], [ 13.72896, 52.7879 ], [ 13.73058, 52.78791 ], [ 13.73182, 52.78757 ], [ 13.73173, 52.78755 ] ], [ [ 13.7307, 52.78767 ], [ 13.73062, 52.78778 ], [ 13.73045, 52.78782 ], [ 13.73027, 52.78777 ], [ 13.7302, 52.78766 ], [ 13.73028, 52.78756 ], [ 13.73045, 52.78752 ], [ 13.73063, 52.78756 ], [ 13.7307, 52.78767 ] ], [ [ 13.72979, 52.78764 ], [ 13.72971, 52.78775 ], [ 13.72953, 52.78779 ], [ 13.72935, 52.78774 ], [ 13.72928, 52.78763 ], [ 13.72936, 52.78753 ], [ 13.72954, 52.78748 ], [ 13.72972, 52.78753 ], [ 13.72979, 52.78764 ] ], [ [ 13.73141, 52.78751 ], [ 13.73133, 52.78762 ], [ 13.73115, 52.78766 ], [ 13.73098, 52.78762 ], [ 13.73091, 52.78751 ], [ 13.73098, 52.7874 ], [ 13.73116, 52.78736 ], [ 13.73134, 52.7874 ], [ 13.73141, 52.78751 ] ], [ [ 13.72804, 52.78752 ], [ 13.72796, 52.78763 ], [ 13.72779, 52.78767 ], [ 13.72761, 52.78763 ], [ 13.72754, 52.78752 ], [ 13.72762, 52.78741 ], [ 13.72779, 52.78737 ], [ 13.72797, 52.78741 ], [ 13.72804, 52.78752 ] ], [ [ 13.72891, 52.78764 ], [ 13.72883, 52.78775 ], [ 13.72865, 52.78779 ], [ 13.72847, 52.78774 ], [ 13.7284, 52.78763 ], [ 13.72848, 52.78753 ], [ 13.72866, 52.78748 ], [ 13.72884, 52.78753 ], [ 13.72891, 52.78764 ] ], [ [ 13.72576, 52.78624 ], [ 13.72568, 52.78635 ], [ 13.7255, 52.78639 ], [ 13.72533, 52.78634 ], [ 13.72525, 52.78624 ], [ 13.72533, 52.78613 ], [ 13.72551, 52.78609 ], [ 13.72569, 52.78613 ], [ 13.72576, 52.78624 ] ], [ [ 13.72616, 52.7857 ], [ 13.72608, 52.78581 ], [ 13.7259, 52.78585 ], [ 13.72572, 52.7858 ], [ 13.72565, 52.78569 ], [ 13.72573, 52.78559 ], [ 13.72591, 52.78554 ], [ 13.72609, 52.78559 ], [ 13.72616, 52.7857 ] ] ] } },
{ "type": "Feature", "properties": { "boden": "90 % ziemlich arm, mäßig frisch (Z2) · 10 % mittel, mäßig frisch (M2)" }, "geometry": { "type": "Polygon", "coordinates": [ [ [ 13.72099, 52.78716 ], [ 13.72049, 52.78715 ], [ 13.72035, 52.78708 ], [ 13.7211, 52.78664 ], [ 13.7216, 52.78643 ], [ 13.72174, 52.78632 ], [ 13.72174, 52.78614 ], [ 13.72162, 52.786 ], [ 13.72158, 52.78583 ], [ 13.72196, 52.78547 ], [ 13.72178, 52.78526 ], [ 13.72156, 52.78517 ], [ 13.72138, 52.78526 ], [ 13.72049, 52.7864 ], [ 13.71992, 52.7868 ], [ 13.71987, 52.78699 ], [ 13.72012, 52.7874 ], [ 13.71979, 52.78809 ], [ 13.71997, 52.78814 ], [ 13.72035, 52.7881 ], [ 13.72117, 52.78775 ], [ 13.72121, 52.78761 ], [ 13.72097, 52.78741 ], [ 13.72099, 52.78716 ] ] ] } },
{ "type": "Feature", "properties": { "boden": "90 % ziemlich arm, trocken (vermutet) (Z3) · 10 % mittel, trocken (vermutet) (M3)" }, "geometry": { "type": "Polygon", "coordinates": [ [ [ 13.72227, 52.78529 ], [ 13.72268, 52.78581 ], [ 13.72257, 52.78601 ], [ 13.7226, 52.78681 ], [ 13.7225, 52.78695 ], [ 13.72207, 52.78722 ], [ 13.72178, 52.78787 ], [ 13.72126, 52.7881 ], [ 13.72121, 52.78818 ], [ 13.72139, 52.78824 ], [ 13.72164, 52.78819 ], [ 13.72182, 52.7881 ], [ 13.72255, 52.78757 ], [ 13.72321, 52.7868 ], [ 13.72326, 52.78666 ], [ 13.72325, 52.78649 ], [ 13.7231, 52.78621 ], [ 13.72316, 52.78572 ], [ 13.72308, 52.78553 ], [ 13.72279, 52.78537 ], [ 13.72227, 52.78529 ] ] ] } },
{ "type": "Feature", "properties": { "boden": "100 % kräftig, mäßig frisch (K2)" }, "geometry": { "type": "Polygon", "coordinates": [ [ [ 13.72399, 52.78717 ], [ 13.72388, 52.78678 ], [ 13.72372, 52.7867 ], [ 13.72372, 52.78718 ], [ 13.72399, 52.78717 ] ] ] } },
{ "type": "Feature", "properties": { "boden": "100 % kräftig, mäßig frisch (K2)" }, "geometry": { "type": "Polygon", "coordinates": [ [ [ 13.73208, 52.78755 ], [ 13.73216, 52.78745 ], [ 13.73209, 52.78734 ], [ 13.73191, 52.78729 ], [ 13.73173, 52.78734 ], [ 13.73166, 52.78744 ], [ 13.73173, 52.78755 ], [ 13.73208, 52.78755 ] ] ] } },
{ "type": "Feature", "properties": { "boden": "100 % kräftig, mäßig frisch (K2)" }, "geometry": { "type": "Polygon", "coordinates": [ [ [ 13.73116, 52.78736 ], [ 13.73098, 52.7874 ], [ 13.73091, 52.78751 ], [ 13.73098, 52.78762 ], [ 13.73115, 52.78766 ], [ 13.73133, 52.78762 ], [ 13.73141, 52.78751 ], [ 13.73134, 52.7874 ], [ 13.73116, 52.78736 ] ] ] } },
{ "type": "Feature", "properties": { "boden": "100 % kräftig, mäßig frisch (K2)" }, "geometry": { "type": "Polygon", "coordinates": [ [ [ 13.72779, 52.78737 ], [ 13.72762, 52.78741 ], [ 13.72754, 52.78752 ], [ 13.72761, 52.78763 ], [ 13.72779, 52.78767 ], [ 13.72796, 52.78763 ], [ 13.72804, 52.78752 ], [ 13.72797, 52.78741 ], [ 13.72779, 52.78737 ] ] ] } },
{ "type": "Feature", "properties": { "boden": "90 % ziemlich arm, trocken (vermutet) (Z3) · 10 % mittel, trocken (vermutet) (M3)" }, "geometry": { "type": "Polygon", "coordinates": [ [ [ 13.7101, 52.78402 ], [ 13.70998, 52.78358 ], [ 13.70977, 52.78344 ], [ 13.70924, 52.78333 ], [ 13.70827, 52.78302 ], [ 13.70733, 52.78284 ], [ 13.70688, 52.78279 ], [ 13.70648, 52.78281 ], [ 13.70626, 52.78286 ], [ 13.70538, 52.78287 ], [ 13.7049, 52.78296 ], [ 13.70453, 52.78309 ], [ 13.70455, 52.78315 ], [ 13.70475, 52.78318 ], [ 13.7055, 52.78306 ], [ 13.70595, 52.78307 ], [ 13.70681, 52.78327 ], [ 13.70757, 52.78329 ], [ 13.70888, 52.78372 ], [ 13.70941, 52.78371 ], [ 13.70965, 52.78375 ], [ 13.70979, 52.7839 ], [ 13.70977, 52.78419 ], [ 13.71005, 52.78442 ], [ 13.71038, 52.78458 ], [ 13.71057, 52.78479 ], [ 13.71106, 52.78506 ], [ 13.71113, 52.78505 ], [ 13.71118, 52.78495 ], [ 13.71103, 52.78467 ], [ 13.71027, 52.78426 ], [ 13.7101, 52.78402 ] ] ] } },
{ "type": "Feature", "properties": { "boden": "90 % ziemlich arm, mäßig frisch (Z2) · 10 % mittel, mäßig frisch (M2)" }, "geometry": { "type": "Polygon", "coordinates": [ [ [ 13.70883, 52.78405 ], [ 13.70843, 52.784 ], [ 13.70805, 52.78409 ], [ 13.70764, 52.784 ], [ 13.70754, 52.78387 ], [ 13.70734, 52.78388 ], [ 13.70719, 52.78376 ], [ 13.70673, 52.78375 ], [ 13.7061, 52.78365 ], [ 13.70568, 52.78354 ], [ 13.70547, 52.78343 ], [ 13.70521, 52.78342 ], [ 13.7055, 52.78364 ], [ 13.70596, 52.78382 ], [ 13.70616, 52.78408 ], [ 13.70697, 52.7844 ], [ 13.70728, 52.78445 ], [ 13.7084, 52.78483 ], [ 13.70895, 52.78494 ], [ 13.70951, 52.78515 ], [ 13.70975, 52.78519 ], [ 13.71011, 52.78512 ], [ 13.71026, 52.78497 ], [ 13.71023, 52.78488 ], [ 13.70925, 52.78442 ], [ 13.70904, 52.78415 ], [ 13.70883, 52.78405 ] ] ] } },
{ "type": "Feature", "properties": { "boden": "90 % ziemlich arm, trocken (vermutet) (Z3) · 10 % mittel, trocken (vermutet) (M3)" }, "geometry": { "type": "Polygon", "coordinates": [ [ [ 13.71776, 52.78447 ], [ 13.71739, 52.78449 ], [ 13.71708, 52.78463 ], [ 13.7169, 52.78497 ], [ 13.71663, 52.78513 ], [ 13.71658, 52.78522 ], [ 13.71669, 52.78532 ], [ 13.71736, 52.7854 ], [ 13.71757, 52.785 ], [ 13.71778, 52.78484 ], [ 13.71792, 52.78463 ], [ 13.71789, 52.78453 ], [ 13.71776, 52.78447 ] ] ] } },
{ "type": "Feature", "properties": { "boden": "90 % ziemlich arm, mäßig frisch (Z2) · 10 % mittel, mäßig frisch (M2)" }, "geometry": { "type": "Polygon", "coordinates": [ [ [ 13.71139, 52.78448 ], [ 13.71134, 52.78453 ], [ 13.71147, 52.78457 ], [ 13.71165, 52.7847 ], [ 13.71164, 52.78485 ], [ 13.71126, 52.78532 ], [ 13.71103, 52.78544 ], [ 13.71089, 52.78562 ], [ 13.7106, 52.78578 ], [ 13.71056, 52.78584 ], [ 13.71061, 52.78587 ], [ 13.71079, 52.78589 ], [ 13.71105, 52.78581 ], [ 13.71214, 52.78537 ], [ 13.7125, 52.78503 ], [ 13.71242, 52.78491 ], [ 13.71197, 52.78479 ], [ 13.71152, 52.78449 ], [ 13.71139, 52.78448 ] ] ] } },
{ "type": "Feature", "properties": { "boden": "90 % ziemlich arm, trocken (vermutet) (Z3) · 10 % mittel, trocken (vermutet) (M3)" }, "geometry": { "type": "Polygon", "coordinates": [ [ [ 13.70723, 52.78487 ], [ 13.70825, 52.78544 ], [ 13.70848, 52.78552 ], [ 13.70834, 52.78533 ], [ 13.70796, 52.78519 ], [ 13.70768, 52.785 ], [ 13.70723, 52.78487 ] ] ] } },
{ "type": "Feature", "properties": { "boden": "90 % ziemlich arm, mäßig frisch (Z2) · 10 % mittel, mäßig frisch (M2)" }, "geometry": { "type": "Polygon", "coordinates": [ [ [ 13.71223, 52.78763 ], [ 13.71242, 52.78757 ], [ 13.71299, 52.78715 ], [ 13.71314, 52.78694 ], [ 13.71316, 52.78675 ], [ 13.71341, 52.78648 ], [ 13.71418, 52.78631 ], [ 13.71464, 52.78598 ], [ 13.71475, 52.78585 ], [ 13.71486, 52.78549 ], [ 13.71527, 52.78505 ], [ 13.71539, 52.78477 ], [ 13.71611, 52.78403 ], [ 13.71614, 52.7839 ], [ 13.71607, 52.78382 ], [ 13.71576, 52.78381 ], [ 13.7156, 52.78372 ], [ 13.71509, 52.78361 ], [ 13.71486, 52.78361 ], [ 13.71468, 52.78366 ], [ 13.71465, 52.78379 ], [ 13.71479, 52.78455 ], [ 13.71475, 52.785 ], [ 13.71467, 52.78515 ], [ 13.7135, 52.78601 ], [ 13.71316, 52.78645 ], [ 13.71284, 52.7867 ], [ 13.71235, 52.78694 ], [ 13.71193, 52.78693 ], [ 13.71192, 52.78718 ], [ 13.712, 52.78739 ], [ 13.71223, 52.78763 ] ] ] } },
{ "type": "Feature", "properties": { "boden": "90 % ziemlich arm, trocken (vermutet) (Z3) · 10 % mittel, trocken (vermutet) (M3)" }, "geometry": { "type": "Polygon", "coordinates": [ [ [ 13.71441, 52.78495 ], [ 13.71373, 52.78517 ], [ 13.7132, 52.78552 ], [ 13.71273, 52.78563 ], [ 13.71242, 52.78576 ], [ 13.71237, 52.78589 ], [ 13.71249, 52.78624 ], [ 13.71248, 52.78641 ], [ 13.71258, 52.78649 ], [ 13.71267, 52.78651 ], [ 13.71284, 52.78647 ], [ 13.71355, 52.78588 ], [ 13.71369, 52.78562 ], [ 13.71407, 52.78541 ], [ 13.71412, 52.78528 ], [ 13.71439, 52.78502 ], [ 13.71441, 52.78495 ] ] ] } },
{ "type": "Feature", "properties": { "boden": "90 % ziemlich arm, trocken (vermutet) (Z3) · 10 % mittel, trocken (vermutet) (M3)" }, "geometry": { "type": "Polygon", "coordinates": [ [ [ 13.71729, 52.78559 ], [ 13.71713, 52.78562 ], [ 13.71687, 52.78573 ], [ 13.71677, 52.78584 ], [ 13.71684, 52.78596 ], [ 13.71719, 52.78625 ], [ 13.7173, 52.78628 ], [ 13.71742, 52.78627 ], [ 13.71743, 52.78621 ], [ 13.71737, 52.78605 ], [ 13.71738, 52.78565 ], [ 13.71729, 52.78559 ] ] ] } },
{ "type": "Feature", "properties": { "boden": "90 % ziemlich arm, mäßig frisch (Z2) · 10 % mittel, mäßig frisch (M2)" }, "geometry": { "type": "Polygon", "coordinates": [ [ [ 13.72372, 52.7867 ], [ 13.72376, 52.78535 ], [ 13.72256, 52.78465 ], [ 13.72207, 52.78426 ], [ 13.72071, 52.78361 ], [ 13.72011, 52.78342 ], [ 13.71962, 52.78336 ], [ 13.71751, 52.78331 ], [ 13.7166, 52.78317 ], [ 13.71471, 52.783 ], [ 13.71377, 52.78314 ], [ 13.71251, 52.78294 ], [ 13.71047, 52.78321 ], [ 13.70904, 52.78301 ], [ 13.70832, 52.78279 ], [ 13.70749, 52.78271 ], [ 13.70665, 52.78271 ], [ 13.70477, 52.7829 ], [ 13.70416, 52.78308 ], [ 13.70366, 52.78312 ], [ 13.70721, 52.78488 ], [ 13.70742, 52.7849 ], [ 13.70768, 52.785 ], [ 13.70803, 52.78522 ], [ 13.70827, 52.78529 ], [ 13.70848, 52.78552 ], [ 13.70871, 52.7856 ], [ 13.70906, 52.78583 ], [ 13.70913, 52.7858 ], [ 13.70958, 52.7861 ], [ 13.70952, 52.78614 ], [ 13.70995, 52.78635 ], [ 13.71013, 52.78633 ], [ 13.7102, 52.78637 ], [ 13.71022, 52.7865 ], [ 13.71061, 52.78672 ], [ 13.71128, 52.78669 ], [ 13.71144, 52.78683 ], [ 13.71149, 52.78697 ], [ 13.71144, 52.78706 ], [ 13.71222, 52.78762 ], [ 13.712, 52.78739 ], [ 13.71192, 52.78718 ], [ 13.71193, 52.78693 ], [ 13.71235, 52.78694 ], [ 13.71284, 52.7867 ], [ 13.71316, 52.78645 ], [ 13.7135, 52.78601 ], [ 13.71467, 52.78515 ], [ 13.71475, 52.785 ], [ 13.71479, 52.78455 ], [ 13.71465, 52.78379 ], [ 13.71468, 52.78366 ], [ 13.71486, 52.78361 ], [ 13.71509, 52.78361 ], [ 13.7156, 52.78372 ], [ 13.71576, 52.78381 ], [ 13.71607, 52.78382 ], [ 13.71614, 52.7839 ], [ 13.71611, 52.78403 ], [ 13.71539, 52.78477 ], [ 13.71527, 52.78505 ], [ 13.71486, 52.78549 ], [ 13.71475, 52.78585 ], [ 13.71464, 52.78598 ], [ 13.71418, 52.78631 ], [ 13.71341, 52.78648 ], [ 13.71316, 52.78675 ], [ 13.71314, 52.78694 ], [ 13.71299, 52.78715 ], [ 13.71242, 52.78757 ], [ 13.71223, 52.78763 ], [ 13.71321, 52.78815 ], [ 13.71336, 52.78812 ], [ 13.71361, 52.7882 ], [ 13.71363, 52.78835 ], [ 13.71409, 52.78856 ], [ 13.71407, 52.78832 ], [ 13.71424, 52.78815 ], [ 13.71469, 52.78799 ], [ 13.71499, 52.78799 ], [ 13.71518, 52.78805 ], [ 13.71525, 52.78815 ], [ 13.71523, 52.78828 ], [ 13.71498, 52.78889 ], [ 13.71514, 52.78901 ], [ 13.71535, 52.78901 ], [ 13.71549, 52.78918 ], [ 13.71571, 52.78928 ], [ 13.71591, 52.7893 ], [ 13.71623, 52.78924 ], [ 13.71633, 52.78912 ], [ 13.71661, 52.78911 ], [ 13.71739, 52.78877 ], [ 13.71862, 52.78849 ], [ 13.71893, 52.78833 ], [ 13.71924, 52.78834 ], [ 13.7192, 52.78851 ], [ 13.71931, 52.78854 ], [ 13.7208, 52.78842 ], [ 13.72174, 52.7883 ], [ 13.72189, 52.78824 ], [ 13.72206, 52.78802 ], [ 13.72245, 52.78782 ], [ 13.72279, 52.78756 ], [ 13.72349, 52.78675 ], [ 13.72372, 52.7867 ] ], [ [ 13.72279, 52.78537 ], [ 13.72299, 52.78546 ], [ 13.72313, 52.78561 ], [ 13.7231, 52.78621 ], [ 13.72325, 52.78649 ], [ 13.72321, 52.7868 ], [ 13.72255, 52.78757 ], [ 13.72182, 52.7881 ], [ 13.72164, 52.78819 ], [ 13.72139, 52.78824 ], [ 13.72121, 52.78818 ], [ 13.72126, 52.7881 ], [ 13.72178, 52.78787 ], [ 13.72207, 52.78722 ], [ 13.7225, 52.78695 ], [ 13.7226, 52.78681 ], [ 13.72257, 52.78601 ], [ 13.72268, 52.78581 ], [ 13.72226, 52.7853 ], [ 13.72279, 52.78537 ] ], [ [ 13.72097, 52.78741 ], [ 13.72121, 52.78761 ], [ 13.72117, 52.78775 ], [ 13.72035, 52.7881 ], [ 13.71997, 52.78814 ], [ 13.71979, 52.78809 ], [ 13.72012, 52.7874 ], [ 13.71987, 52.78699 ], [ 13.71992, 52.7868 ], [ 13.72049, 52.7864 ], [ 13.72138, 52.78526 ], [ 13.72156, 52.78517 ], [ 13.72178, 52.78526 ], [ 13.72196, 52.78547 ], [ 13.72158, 52.78583 ], [ 13.72162, 52.786 ], [ 13.72174, 52.78614 ], [ 13.72174, 52.78632 ], [ 13.7216, 52.78643 ], [ 13.7211, 52.78664 ], [ 13.72035, 52.78708 ], [ 13.72049, 52.78715 ], [ 13.72099, 52.78716 ], [ 13.72097, 52.78741 ] ], [ [ 13.72132, 52.78456 ], [ 13.72109, 52.78524 ], [ 13.72054, 52.78614 ], [ 13.71954, 52.78704 ], [ 13.71987, 52.78758 ], [ 13.71958, 52.78794 ], [ 13.71921, 52.78815 ], [ 13.71881, 52.78831 ], [ 13.7171, 52.78881 ], [ 13.71655, 52.78891 ], [ 13.71626, 52.78885 ], [ 13.71623, 52.78879 ], [ 13.71635, 52.78873 ], [ 13.71857, 52.78797 ], [ 13.71947, 52.78748 ], [ 13.71947, 52.78732 ], [ 13.71896, 52.78719 ], [ 13.71874, 52.78705 ], [ 13.71861, 52.78688 ], [ 13.71879, 52.78675 ], [ 13.71928, 52.78653 ], [ 13.71968, 52.78623 ], [ 13.72027, 52.78523 ], [ 13.72035, 52.78459 ], [ 13.7206, 52.78431 ], [ 13.72045, 52.78412 ], [ 13.71963, 52.78375 ], [ 13.71942, 52.78356 ], [ 13.71961, 52.78355 ], [ 13.71989, 52.78346 ], [ 13.72027, 52.78358 ], [ 13.72055, 52.78388 ], [ 13.72119, 52.78415 ], [ 13.72168, 52.78457 ], [ 13.72166, 52.7846 ], [ 13.72145, 52.78455 ], [ 13.72132, 52.78456 ] ], [ [ 13.71765, 52.78356 ], [ 13.71779, 52.7837 ], [ 13.71785, 52.78395 ], [ 13.71821, 52.78424 ], [ 13.71815, 52.78435 ], [ 13.71772, 52.78417 ], [ 13.71731, 52.78407 ], [ 13.71695, 52.78381 ], [ 13.71657, 52.78362 ], [ 13.71576, 52.78348 ], [ 13.71478, 52.7834 ], [ 13.71448, 52.78342 ], [ 13.7144, 52.78348 ], [ 13.7143, 52.78412 ], [ 13.71387, 52.78415 ], [ 13.71371, 52.78406 ], [ 13.7136, 52.78381 ], [ 13.71347, 52.78369 ], [ 13.71248, 52.78351 ], [ 13.71208, 52.78334 ], [ 13.71194, 52.78317 ], [ 13.71222, 52.78311 ], [ 13.71258, 52.7831 ], [ 13.71337, 52.78329 ], [ 13.71385, 52.78334 ], [ 13.71406, 52.7834 ], [ 13.71413, 52.78337 ], [ 13.71412, 52.7833 ], [ 13.71436, 52.78324 ], [ 13.71446, 52.78315 ], [ 13.71486, 52.78312 ], [ 13.71556, 52.78323 ], [ 13.71612, 52.78325 ], [ 13.71676, 52.78338 ], [ 13.71704, 52.78338 ], [ 13.71765, 52.78356 ] ], [ [ 13.7101, 52.78402 ], [ 13.71027, 52.78426 ], [ 13.71103, 52.78467 ], [ 13.71118, 52.78495 ], [ 13.71113, 52.78505 ], [ 13.71106, 52.78506 ], [ 13.71057, 52.78479 ], [ 13.71038, 52.78458 ], [ 13.71005, 52.78442 ], [ 13.70977, 52.78419 ], [ 13.70979, 52.7839 ], [ 13.70965, 52.78375 ], [ 13.70941, 52.78371 ], [ 13.70888, 52.78372 ], [ 13.70757, 52.78329 ], [ 13.70681, 52.78327 ], [ 13.70595, 52.78307 ], [ 13.7055, 52.78306 ], [ 13.70475, 52.78318 ], [ 13.70455, 52.78315 ], [ 13.70453, 52.78309 ], [ 13.7049, 52.78296 ], [ 13.70538, 52.78287 ], [ 13.70626, 52.78286 ], [ 13.70648, 52.78281 ], [ 13.70688, 52.78279 ], [ 13.70763, 52.78289 ], [ 13.70827, 52.78302 ], [ 13.70924, 52.78333 ], [ 13.70989, 52.78349 ], [ 13.71003, 52.78371 ], [ 13.7101, 52.78402 ] ], [ [ 13.71135, 52.78344 ], [ 13.7108, 52.78345 ], [ 13.71036, 52.78342 ], [ 13.71016, 52.78336 ], [ 13.71043, 52.78335 ], [ 13.71108, 52.78322 ], [ 13.7114, 52.78324 ], [ 13.71164, 52.78331 ], [ 13.71161, 52.78337 ], [ 13.71135, 52.78344 ] ], [ [ 13.70904, 52.78415 ], [ 13.70925, 52.78442 ], [ 13.71023, 52.78488 ], [ 13.71026, 52.78497 ], [ 13.71011, 52.78512 ], [ 13.70975, 52.78519 ], [ 13.70951, 52.78515 ], [ 13.70895, 52.78494 ], [ 13.7084, 52.78483 ], [ 13.70728, 52.78445 ], [ 13.70697, 52.7844 ], [ 13.70616, 52.78408 ], [ 13.70596, 52.78382 ], [ 13.7055, 52.78364 ], [ 13.70521, 52.78342 ], [ 13.70547, 52.78343 ], [ 13.70568, 52.78354 ], [ 13.7061, 52.78365 ], [ 13.70673, 52.78375 ], [ 13.70719, 52.78376 ], [ 13.70734, 52.78388 ], [ 13.70754, 52.78387 ], [ 13.70764, 52.784 ], [ 13.70805, 52.78409 ], [ 13.70834, 52.78401 ], [ 13.70864, 52.78401 ], [ 13.70904, 52.78415 ] ], [ [ 13.71152, 52.78449 ], [ 13.71185, 52.78474 ], [ 13.71242, 52.78491 ], [ 13.7125, 52.78503 ], [ 13.71246, 52.78509 ], [ 13.71214, 52.78537 ], [ 13.71105, 52.78581 ], [ 13.71079, 52.78589 ], [ 13.71061, 52.78587 ], [ 13.71056, 52.78584 ], [ 13.7106, 52.78578 ], [ 13.71089, 52.78562 ], [ 13.71103, 52.78544 ], [ 13.71126, 52.78532 ], [ 13.71164, 52.78485 ], [ 13.71165, 52.7847 ], [ 13.71147, 52.78457 ], [ 13.71134, 52.78453 ], [ 13.71139, 52.78448 ], [ 13.71152, 52.78449 ] ], [ [ 13.71441, 52.78495 ], [ 13.71412, 52.78528 ], [ 13.71407, 52.78541 ], [ 13.71375, 52.78557 ], [ 13.71355, 52.78588 ], [ 13.71293, 52.7864 ], [ 13.71276, 52.7865 ], [ 13.71258, 52.78649 ], [ 13.71248, 52.78641 ], [ 13.71249, 52.78624 ], [ 13.71237, 52.78589 ], [ 13.71242, 52.78576 ], [ 13.71333, 52.78546 ], [ 13.71359, 52.78524 ], [ 13.7139, 52.78509 ], [ 13.71436, 52.78494 ], [ 13.71441, 52.78495 ] ], [ [ 13.71157, 52.78362 ], [ 13.71166, 52.78367 ], [ 13.71165, 52.78379 ], [ 13.71117, 52.78401 ], [ 13.71108, 52.78419 ], [ 13.71098, 52.78425 ], [ 13.71083, 52.78425 ], [ 13.71053, 52.78413 ], [ 13.71037, 52.78388 ], [ 13.71045, 52.78368 ], [ 13.71085, 52.78359 ], [ 13.71157, 52.78362 ] ], [ [ 13.71895, 52.78356 ], [ 13.71901, 52.78381 ], [ 13.71875, 52.78394 ], [ 13.71843, 52.78394 ], [ 13.71819, 52.78382 ], [ 13.71816, 52.78365 ], [ 13.71828, 52.78356 ], [ 13.7187, 52.78352 ], [ 13.71895, 52.78356 ] ], [ [ 13.7186, 52.78454 ], [ 13.7187, 52.78482 ], [ 13.71869, 52.78509 ], [ 13.71832, 52.78542 ], [ 13.71814, 52.78576 ], [ 13.71827, 52.78609 ], [ 13.71866, 52.78623 ], [ 13.71872, 52.78629 ], [ 13.71868, 52.78636 ], [ 13.71781, 52.7871 ], [ 13.71698, 52.78747 ], [ 13.71673, 52.78796 ], [ 13.71628, 52.78834 ], [ 13.7157, 52.7886 ], [ 13.71556, 52.78858 ], [ 13.71543, 52.78847 ], [ 13.71551, 52.78824 ], [ 13.71591, 52.78789 ], [ 13.71631, 52.78766 ], [ 13.71664, 52.7872 ], [ 13.7169, 52.78696 ], [ 13.71781, 52.78645 ], [ 13.71783, 52.78627 ], [ 13.71767, 52.78612 ], [ 13.7176, 52.78589 ], [ 13.71769, 52.78526 ], [ 13.71805, 52.78476 ], [ 13.71847, 52.78446 ], [ 13.7186, 52.78454 ] ], [ [ 13.71789, 52.78453 ], [ 13.71789, 52.7847 ], [ 13.71757, 52.785 ], [ 13.71736, 52.7854 ], [ 13.71669, 52.78532 ], [ 13.71658, 52.78522 ], [ 13.71663, 52.78513 ], [ 13.7169, 52.78497 ], [ 13.71698, 52.78476 ], [ 13.71716, 52.78457 ], [ 13.71753, 52.78447 ], [ 13.71776, 52.78447 ], [ 13.71789, 52.78453 ] ], [ [ 13.71738, 52.78565 ], [ 13.71737, 52.78605 ], [ 13.71743, 52.78621 ], [ 13.71742, 52.78627 ], [ 13.7173, 52.78628 ], [ 13.71719, 52.78625 ], [ 13.71684, 52.78596 ], [ 13.71677, 52.78584 ], [ 13.71687, 52.78573 ], [ 13.71713, 52.78562 ], [ 13.71729, 52.78559 ], [ 13.71738, 52.78565 ] ], [ [ 13.71662, 52.78696 ], [ 13.71627, 52.78741 ], [ 13.71591, 52.78772 ], [ 13.71576, 52.78777 ], [ 13.71536, 52.78769 ], [ 13.71523, 52.78752 ], [ 13.71577, 52.78722 ], [ 13.71605, 52.78686 ], [ 13.71632, 52.78678 ], [ 13.71664, 52.78677 ], [ 13.71662, 52.78696 ] ] ] } },
{ "type": "Feature", "properties": { "boden": "90 % ziemlich arm, trocken (vermutet) (Z3) · 10 % mittel, trocken (vermutet) (M3)" }, "geometry": { "type": "Polygon", "coordinates": [ [ [ 13.7214, 52.78454 ], [ 13.72166, 52.7846 ], [ 13.72168, 52.78457 ], [ 13.72119, 52.78415 ], [ 13.72055, 52.78388 ], [ 13.72027, 52.78358 ], [ 13.71989, 52.78346 ], [ 13.71961, 52.78355 ], [ 13.71942, 52.78356 ], [ 13.71963, 52.78375 ], [ 13.72045, 52.78412 ], [ 13.7206, 52.78431 ], [ 13.72035, 52.78459 ], [ 13.72027, 52.78523 ], [ 13.71968, 52.78623 ], [ 13.71928, 52.78653 ], [ 13.71879, 52.78675 ], [ 13.71861, 52.78688 ], [ 13.71874, 52.78705 ], [ 13.71896, 52.78719 ], [ 13.71947, 52.78732 ], [ 13.71947, 52.78748 ], [ 13.71857, 52.78797 ], [ 13.71635, 52.78873 ], [ 13.71623, 52.78879 ], [ 13.71626, 52.78885 ], [ 13.71655, 52.78891 ], [ 13.7171, 52.78881 ], [ 13.71881, 52.78831 ], [ 13.71921, 52.78815 ], [ 13.71958, 52.78794 ], [ 13.71987, 52.78758 ], [ 13.71954, 52.78704 ], [ 13.72054, 52.78614 ], [ 13.72109, 52.78524 ], [ 13.72132, 52.78456 ], [ 13.7214, 52.78454 ] ] ] } },
{ "type": "Feature", "properties": { "boden": "90 % ziemlich arm, mäßig frisch (Z2) · 10 % mittel, mäßig frisch (M2)" }, "geometry": { "type": "Polygon", "coordinates": [ [ [ 13.70008, 52.78428 ], [ 13.70021, 52.78441 ], [ 13.70013, 52.78451 ], [ 13.69995, 52.78456 ], [ 13.69977, 52.78451 ], [ 13.69996, 52.78459 ], [ 13.7003, 52.78462 ], [ 13.70107, 52.78431 ], [ 13.70114, 52.78415 ], [ 13.70098, 52.7841 ], [ 13.7005, 52.78413 ], [ 13.70023, 52.78421 ], [ 13.70008, 52.78428 ] ] ] } },
{ "type": "Feature", "properties": { "boden": "90 % ziemlich arm, mäßig frisch (Z2) · 10 % mittel, mäßig frisch (M2)" }, "geometry": { "type": "Polygon", "coordinates": [ [ [ 13.69996, 52.78425 ], [ 13.69978, 52.78429 ], [ 13.6997, 52.7844 ], [ 13.69977, 52.78451 ], [ 13.70008, 52.78428 ], [ 13.69996, 52.78425 ] ] ] } },
{ "type": "Feature", "properties": { "boden": "90 % ziemlich arm, mäßig frisch (Z2) · 10 % mittel, mäßig frisch (M2)" }, "geometry": { "type": "Polygon", "coordinates": [ [ [ 13.69999, 52.78433 ], [ 13.69977, 52.78451 ], [ 13.69995, 52.78456 ], [ 13.70013, 52.78451 ], [ 13.70021, 52.78441 ], [ 13.70014, 52.7843 ], [ 13.69999, 52.78433 ] ] ] } },
{ "type": "Feature", "properties": { "boden": "90 % ziemlich arm, mäßig frisch (Z2) · 10 % mittel, mäßig frisch (M2)" }, "geometry": { "type": "Polygon", "coordinates": [ [ [ 13.69733, 52.78487 ], [ 13.69799, 52.78464 ], [ 13.69906, 52.78448 ], [ 13.69941, 52.78451 ], [ 13.69948, 52.78441 ], [ 13.69987, 52.78414 ], [ 13.69989, 52.78398 ], [ 13.69983, 52.7839 ], [ 13.69959, 52.78381 ], [ 13.69917, 52.78352 ], [ 13.69926, 52.78424 ], [ 13.69922, 52.78434 ], [ 13.69913, 52.78438 ], [ 13.69848, 52.78432 ], [ 13.69784, 52.78433 ], [ 13.69738, 52.78447 ], [ 13.69689, 52.78453 ], [ 13.69669, 52.78459 ], [ 13.69583, 52.78452 ], [ 13.69543, 52.78457 ], [ 13.69505, 52.78471 ], [ 13.69477, 52.78475 ], [ 13.69258, 52.78472 ], [ 13.69238, 52.78476 ], [ 13.69214, 52.78489 ], [ 13.69164, 52.78492 ], [ 13.69043, 52.78524 ], [ 13.69054, 52.78531 ], [ 13.69077, 52.78534 ], [ 13.69193, 52.78539 ], [ 13.69304, 52.78528 ], [ 13.69355, 52.78533 ], [ 13.69432, 52.78531 ], [ 13.69647, 52.78489 ], [ 13.69659, 52.78492 ], [ 13.69674, 52.78505 ], [ 13.69687, 52.78507 ], [ 13.69733, 52.78497 ], [ 13.69733, 52.78487 ] ] ] } },
{ "type": "Feature", "properties": { "boden": "70 % ziemlich arm, mäßig frisch (Z2) · 30 % ziemlich arm, mäßig frisch (Z2)" }, "geometry": { "type": "Polygon", "coordinates": [ [ [ 13.69914, 52.78467 ], [ 13.69932, 52.78462 ], [ 13.6994, 52.78465 ], [ 13.69941, 52.78451 ], [ 13.69906, 52.78448 ], [ 13.69799, 52.78464 ], [ 13.69753, 52.78477 ], [ 13.69733, 52.78487 ], [ 13.69733, 52.78497 ], [ 13.69807, 52.78481 ], [ 13.69909, 52.78473 ], [ 13.69914, 52.78467 ] ] ] } },
{ "type": "Feature", "properties": { "boden": "70 % ziemlich arm, mäßig frisch (Z2) · 30 % ziemlich arm, mäßig frisch (Z2)" }, "geometry": { "type": "Polygon", "coordinates": [ [ [ 13.69932, 52.78462 ], [ 13.69914, 52.78467 ], [ 13.69906, 52.78477 ], [ 13.69912, 52.78496 ], [ 13.6991, 52.78515 ], [ 13.69899, 52.78533 ], [ 13.69906, 52.78544 ], [ 13.69924, 52.78548 ], [ 13.69942, 52.78544 ], [ 13.6996, 52.78506 ], [ 13.69953, 52.78496 ], [ 13.69956, 52.78478 ], [ 13.69949, 52.78467 ], [ 13.69932, 52.78462 ] ] ] } },
{ "type": "Feature", "properties": { "boden": "70 % ziemlich arm, mäßig frisch (Z2) · 30 % ziemlich arm, mäßig frisch (Z2)" }, "geometry": { "type": "Polygon", "coordinates": [ [ [ 13.70001, 52.78532 ], [ 13.69983, 52.78537 ], [ 13.69971, 52.7857 ], [ 13.69978, 52.78581 ], [ 13.70003, 52.78588 ], [ 13.69984, 52.78608 ], [ 13.70007, 52.78629 ], [ 13.69992, 52.78647 ], [ 13.70008, 52.78667 ], [ 13.69997, 52.78684 ], [ 13.70004, 52.78694 ], [ 13.70021, 52.78699 ], [ 13.70039, 52.78695 ], [ 13.70045, 52.78686 ], [ 13.70077, 52.78681 ], [ 13.70085, 52.7867 ], [ 13.70078, 52.78659 ], [ 13.70059, 52.78648 ], [ 13.70068, 52.78629 ], [ 13.70061, 52.78618 ], [ 13.70043, 52.78614 ], [ 13.70042, 52.78604 ], [ 13.70061, 52.78589 ], [ 13.70054, 52.78578 ], [ 13.70021, 52.7857 ], [ 13.70014, 52.7856 ], [ 13.70026, 52.78548 ], [ 13.70019, 52.78537 ], [ 13.70001, 52.78532 ] ] ] } },
{ "type": "Feature", "properties": { "boden": "70 % ziemlich arm, trocken (vermutet) (Z3) · 30 % ziemlich arm, trocken (vermutet) (Z3)" }, "geometry": { "type": "Polygon", "coordinates": [ [ [ 13.69917, 52.78614 ], [ 13.6991, 52.78618 ], [ 13.69915, 52.78631 ], [ 13.69935, 52.78652 ], [ 13.69947, 52.7866 ], [ 13.69957, 52.7866 ], [ 13.69966, 52.78646 ], [ 13.69961, 52.78629 ], [ 13.69949, 52.78621 ], [ 13.69917, 52.78614 ] ] ] } },
{ "type": "Feature", "properties": { "boden": "90 % ziemlich arm, trocken (vermutet) (Z3) · 10 % mittel, trocken (vermutet) (M3)" }, "geometry": { "type": "Polygon", "coordinates": [ [ [ 13.69494, 52.78626 ], [ 13.69471, 52.78632 ], [ 13.69471, 52.78641 ], [ 13.69483, 52.78657 ], [ 13.69505, 52.78669 ], [ 13.69523, 52.78664 ], [ 13.69527, 52.78654 ], [ 13.69506, 52.78631 ], [ 13.69494, 52.78626 ] ] ] } },
{ "type": "Feature", "properties": { "boden": "70 % ziemlich arm, mäßig frisch (Z2) · 30 % ziemlich arm, mäßig frisch (Z2)" }, "geometry": { "type": "Polygon", "coordinates": [ [ [ 13.70813, 52.78577 ], [ 13.70808, 52.78579 ], [ 13.70741, 52.78542 ], [ 13.70747, 52.7854 ], [ 13.70561, 52.78441 ], [ 13.70309, 52.78436 ], [ 13.70265, 52.78446 ], [ 13.70172, 52.7848 ], [ 13.70118, 52.78484 ], [ 13.69941, 52.78451 ], [ 13.6994, 52.78465 ], [ 13.69949, 52.78467 ], [ 13.69956, 52.78478 ], [ 13.69953, 52.78496 ], [ 13.6996, 52.78506 ], [ 13.69942, 52.78544 ], [ 13.69924, 52.78548 ], [ 13.69906, 52.78544 ], [ 13.69899, 52.78533 ], [ 13.6991, 52.78515 ], [ 13.69909, 52.78473 ], [ 13.69807, 52.78481 ], [ 13.69733, 52.78497 ], [ 13.69752, 52.78512 ], [ 13.69828, 52.78514 ], [ 13.69841, 52.7853 ], [ 13.69865, 52.78598 ], [ 13.69888, 52.78636 ], [ 13.69973, 52.78677 ], [ 13.69995, 52.78699 ], [ 13.69987, 52.78706 ], [ 13.69799, 52.78747 ], [ 13.69776, 52.78766 ], [ 13.69762, 52.78789 ], [ 13.69761, 52.78848 ], [ 13.69776, 52.78875 ], [ 13.69785, 52.7888 ], [ 13.69817, 52.78884 ], [ 13.69852, 52.7888 ], [ 13.69913, 52.7887 ], [ 13.7002, 52.78833 ], [ 13.70064, 52.78826 ], [ 13.70191, 52.78821 ], [ 13.70218, 52.78811 ], [ 13.70372, 52.78725 ], [ 13.70412, 52.78713 ], [ 13.70541, 52.78699 ], [ 13.7063, 52.78646 ], [ 13.70662, 52.7864 ], [ 13.70756, 52.78605 ], [ 13.70818, 52.78589 ], [ 13.70813, 52.78577 ] ], [ [ 13.70026, 52.78548 ], [ 13.70014, 52.7856 ], [ 13.70021, 52.7857 ], [ 13.70054, 52.78578 ], [ 13.70061, 52.78589 ], [ 13.70042, 52.78604 ], [ 13.70043, 52.78614 ], [ 13.70061, 52.78618 ], [ 13.70068, 52.78629 ], [ 13.70059, 52.78648 ], [ 13.70078, 52.78659 ], [ 13.70085, 52.7867 ], [ 13.70077, 52.78681 ], [ 13.70045, 52.78686 ], [ 13.70039, 52.78695 ], [ 13.70021, 52.78699 ], [ 13.70004, 52.78694 ], [ 13.69997, 52.78684 ], [ 13.70008, 52.78667 ], [ 13.69992, 52.78647 ], [ 13.70007, 52.78629 ], [ 13.69984, 52.78608 ], [ 13.70003, 52.78588 ], [ 13.69978, 52.78581 ], [ 13.69971, 52.7857 ], [ 13.69983, 52.78537 ], [ 13.70001, 52.78532 ], [ 13.70019, 52.78537 ], [ 13.70026, 52.78548 ] ], [ [ 13.69949, 52.78621 ], [ 13.69964, 52.78634 ], [ 13.69966, 52.78646 ], [ 13.69961, 52.78657 ], [ 13.69952, 52.78661 ], [ 13.69935, 52.78652 ], [ 13.6991, 52.78618 ], [ 13.69917, 52.78614 ], [ 13.69949, 52.78621 ] ] ] } },
{ "type": "Feature", "properties": { "boden": "90 % ziemlich arm, trocken (vermutet) (Z3) · 10 % mittel, trocken (vermutet) (M3)" }, "geometry": { "type": "Polygon", "coordinates": [ [ [ 13.69445, 52.78581 ], [ 13.69396, 52.78568 ], [ 13.69339, 52.78564 ], [ 13.69242, 52.78562 ], [ 13.69205, 52.78566 ], [ 13.69091, 52.78551 ], [ 13.69068, 52.78558 ], [ 13.69087, 52.78573 ], [ 13.69126, 52.78585 ], [ 13.69327, 52.78592 ], [ 13.69427, 52.78619 ], [ 13.69452, 52.78616 ], [ 13.69463, 52.78605 ], [ 13.69458, 52.78592 ], [ 13.69445, 52.78581 ] ] ] } },
{ "type": "Feature", "properties": { "boden": "90 % ziemlich arm, mäßig frisch (Z2) · 10 % mittel, mäßig frisch (M2)" }, "geometry": { "type": "Polygon", "coordinates": [ [ [ 13.69247, 52.786 ], [ 13.69126, 52.78596 ], [ 13.69075, 52.78599 ], [ 13.69027, 52.78571 ], [ 13.6895, 52.78555 ], [ 13.68917, 52.78554 ], [ 13.68879, 52.78563 ], [ 13.68847, 52.78563 ], [ 13.68916, 52.78602 ], [ 13.68972, 52.78622 ], [ 13.68998, 52.78637 ], [ 13.69023, 52.78657 ], [ 13.69023, 52.78681 ], [ 13.69049, 52.78693 ], [ 13.69061, 52.7869 ], [ 13.69089, 52.7866 ], [ 13.69118, 52.78644 ], [ 13.69201, 52.78636 ], [ 13.69246, 52.78627 ], [ 13.6928, 52.78614 ], [ 13.69277, 52.78608 ], [ 13.69247, 52.786 ] ] ] } },
{ "type": "Feature", "properties": { "boden": "90 % ziemlich arm, trocken (vermutet) (Z3) · 10 % mittel, trocken (vermutet) (M3)" }, "geometry": { "type": "Polygon", "coordinates": [ [ [ 13.68519, 52.78629 ], [ 13.68529, 52.78621 ], [ 13.68551, 52.78621 ], [ 13.68566, 52.78629 ], [ 13.68586, 52.78622 ], [ 13.68608, 52.78621 ], [ 13.68717, 52.78629 ], [ 13.68775, 52.78621 ], [ 13.68798, 52.7861 ], [ 13.68766, 52.78588 ], [ 13.68725, 52.7858 ], [ 13.68636, 52.78581 ], [ 13.6856, 52.78599 ], [ 13.68534, 52.78597 ], [ 13.68472, 52.78624 ], [ 13.68419, 52.78601 ], [ 13.68332, 52.78592 ], [ 13.68278, 52.7858 ], [ 13.68236, 52.78578 ], [ 13.68176, 52.78583 ], [ 13.68206, 52.78603 ], [ 13.68259, 52.78624 ], [ 13.68324, 52.78637 ], [ 13.68429, 52.78642 ], [ 13.68466, 52.78659 ], [ 13.68493, 52.78664 ], [ 13.68528, 52.78663 ], [ 13.68542, 52.78657 ], [ 13.68543, 52.78644 ], [ 13.68519, 52.78629 ] ] ] } },
{ "type": "Feature", "properties": { "boden": "90 % ziemlich arm, mäßig frisch (Z2) · 10 % mittel, mäßig frisch (M2)" }, "geometry": { "type": "Polygon", "coordinates": [ [ [ 13.69368, 52.78647 ], [ 13.69302, 52.78646 ], [ 13.69287, 52.7865 ], [ 13.69301, 52.78661 ], [ 13.69332, 52.78665 ], [ 13.69354, 52.78659 ], [ 13.69368, 52.78647 ] ] ] } },
{ "type": "Feature", "properties": { "boden": "90 % ziemlich arm, trocken (vermutet) (Z3) · 10 % mittel, trocken (vermutet) (M3)" }, "geometry": { "type": "Polygon", "coordinates": [ [ [ 13.68861, 52.78621 ], [ 13.6885, 52.78624 ], [ 13.68852, 52.78631 ], [ 13.68885, 52.78643 ], [ 13.68911, 52.78665 ], [ 13.68967, 52.78681 ], [ 13.69003, 52.78685 ], [ 13.6895, 52.78644 ], [ 13.6891, 52.78627 ], [ 13.68861, 52.78621 ] ] ] } },
{ "type": "Feature", "properties": { "boden": "90 % ziemlich arm, mäßig frisch (Z2) · 10 % mittel, mäßig frisch (M2)" }, "geometry": { "type": "Polygon", "coordinates": [ [ [ 13.68723, 52.78733 ], [ 13.68754, 52.78739 ], [ 13.68774, 52.78754 ], [ 13.68794, 52.78754 ], [ 13.6883, 52.78748 ], [ 13.68843, 52.78741 ], [ 13.68846, 52.78734 ], [ 13.68841, 52.78733 ], [ 13.68808, 52.7873 ], [ 13.68825, 52.78714 ], [ 13.68792, 52.78688 ], [ 13.68795, 52.78675 ], [ 13.68817, 52.78657 ], [ 13.68819, 52.78648 ], [ 13.68812, 52.7864 ], [ 13.68796, 52.78633 ], [ 13.68765, 52.7863 ], [ 13.68696, 52.78635 ], [ 13.68576, 52.78665 ], [ 13.68566, 52.78696 ], [ 13.68543, 52.78716 ], [ 13.68538, 52.78729 ], [ 13.68553, 52.78747 ], [ 13.68579, 52.78755 ], [ 13.68638, 52.78758 ], [ 13.68723, 52.78733 ] ] ] } },
{ "type": "Feature", "properties": { "boden": "90 % ziemlich arm, mäßig frisch (Z2) · 10 % mittel, mäßig frisch (M2)" }, "geometry": { "type": "Polygon", "coordinates": [ [ [ 13.71028, 52.79279 ], [ 13.71157, 52.79219 ], [ 13.71238, 52.79198 ], [ 13.71295, 52.79175 ], [ 13.71336, 52.79167 ], [ 13.71347, 52.79172 ], [ 13.71346, 52.79178 ], [ 13.71373, 52.79168 ], [ 13.71338, 52.79105 ], [ 13.71277, 52.79062 ], [ 13.71242, 52.79042 ], [ 13.71219, 52.79049 ], [ 13.71191, 52.79044 ], [ 13.7115, 52.7903 ], [ 13.71141, 52.79021 ], [ 13.71139, 52.78985 ], [ 13.71164, 52.78967 ], [ 13.71168, 52.78951 ], [ 13.71242, 52.78973 ], [ 13.71313, 52.78962 ], [ 13.71369, 52.78944 ], [ 13.7144, 52.78942 ], [ 13.71464, 52.78937 ], [ 13.71409, 52.78907 ], [ 13.71351, 52.78862 ], [ 13.7132, 52.78864 ], [ 13.7131, 52.78858 ], [ 13.71298, 52.78838 ], [ 13.71281, 52.78828 ], [ 13.71293, 52.7884 ], [ 13.71293, 52.78851 ], [ 13.7125, 52.78845 ], [ 13.71229, 52.78851 ], [ 13.71198, 52.78871 ], [ 13.71195, 52.78906 ], [ 13.71169, 52.7894 ], [ 13.71138, 52.78942 ], [ 13.71125, 52.78936 ], [ 13.71118, 52.78925 ], [ 13.7112, 52.78902 ], [ 13.71155, 52.78878 ], [ 13.71132, 52.78864 ], [ 13.71123, 52.78845 ], [ 13.71124, 52.78824 ], [ 13.71098, 52.78802 ], [ 13.71116, 52.78788 ], [ 13.7111, 52.78766 ], [ 13.71115, 52.78753 ], [ 13.71109, 52.78746 ], [ 13.71003, 52.78678 ], [ 13.70973, 52.78672 ], [ 13.70971, 52.78662 ], [ 13.70908, 52.78627 ], [ 13.70863, 52.78627 ], [ 13.70842, 52.78643 ], [ 13.70818, 52.78652 ], [ 13.70785, 52.78658 ], [ 13.70766, 52.78655 ], [ 13.7077, 52.78646 ], [ 13.70799, 52.78635 ], [ 13.70811, 52.78624 ], [ 13.70853, 52.78609 ], [ 13.70818, 52.78589 ], [ 13.70756, 52.78605 ], [ 13.70662, 52.7864 ], [ 13.7063, 52.78646 ], [ 13.70541, 52.78699 ], [ 13.70412, 52.78713 ], [ 13.70372, 52.78725 ], [ 13.70218, 52.78811 ], [ 13.70191, 52.78821 ], [ 13.70064, 52.78826 ], [ 13.7002, 52.78833 ], [ 13.69913, 52.7887 ], [ 13.69817, 52.78884 ], [ 13.69785, 52.7888 ], [ 13.69776, 52.78875 ], [ 13.69761, 52.78848 ], [ 13.69762, 52.78789 ], [ 13.69776, 52.78766 ], [ 13.69814, 52.78741 ], [ 13.69987, 52.78706 ], [ 13.69995, 52.78699 ], [ 13.69973, 52.78677 ], [ 13.69888, 52.78636 ], [ 13.69865, 52.78598 ], [ 13.69841, 52.7853 ], [ 13.69828, 52.78514 ], [ 13.69752, 52.78512 ], [ 13.69733, 52.78497 ], [ 13.69687, 52.78507 ], [ 13.69674, 52.78505 ], [ 13.69659, 52.78492 ], [ 13.69647, 52.78489 ], [ 13.69432, 52.78531 ], [ 13.69355, 52.78533 ], [ 13.69304, 52.78528 ], [ 13.69193, 52.78539 ], [ 13.69077, 52.78534 ], [ 13.69054, 52.78531 ], [ 13.69043, 52.78524 ], [ 13.69164, 52.78492 ], [ 13.69214, 52.78489 ], [ 13.69238, 52.78476 ], [ 13.69258, 52.78472 ], [ 13.69477, 52.78475 ], [ 13.69505, 52.78471 ], [ 13.69543, 52.78457 ], [ 13.69583, 52.78452 ], [ 13.69669, 52.78459 ], [ 13.69689, 52.78453 ], [ 13.69738, 52.78447 ], [ 13.69784, 52.78433 ], [ 13.69848, 52.78432 ], [ 13.69913, 52.78438 ], [ 13.69922, 52.78434 ], [ 13.69926, 52.78424 ], [ 13.69917, 52.78352 ], [ 13.69989, 52.78398 ], [ 13.69987, 52.78414 ], [ 13.69948, 52.78441 ], [ 13.69941, 52.78451 ], [ 13.69996, 52.78459 ], [ 13.6998, 52.78454 ], [ 13.6997, 52.7844 ], [ 13.69978, 52.78429 ], [ 13.69996, 52.78425 ], [ 13.70008, 52.78428 ], [ 13.7005, 52.78413 ], [ 13.70098, 52.7841 ], [ 13.70114, 52.78415 ], [ 13.70107, 52.78431 ], [ 13.70076, 52.78441 ], [ 13.70043, 52.7846 ], [ 13.70011, 52.78461 ], [ 13.70118, 52.78484 ], [ 13.70172, 52.7848 ], [ 13.70265, 52.78446 ], [ 13.70309, 52.78436 ], [ 13.70561, 52.78441 ], [ 13.70391, 52.7836 ], [ 13.70392, 52.78348 ], [ 13.70349, 52.78324 ], [ 13.70327, 52.78323 ], [ 13.70359, 52.78337 ], [ 13.7037, 52.78349 ], [ 13.70342, 52.78346 ], [ 13.70293, 52.78353 ], [ 13.70233, 52.78353 ], [ 13.70213, 52.78359 ], [ 13.70181, 52.78378 ], [ 13.70027, 52.78356 ], [ 13.69974, 52.78358 ], [ 13.69963, 52.78351 ], [ 13.69969, 52.78331 ], [ 13.69981, 52.78328 ], [ 13.70104, 52.78334 ], [ 13.7017, 52.78359 ], [ 13.70188, 52.78338 ], [ 13.70243, 52.78321 ], [ 13.70057, 52.78313 ], [ 13.69925, 52.78329 ], [ 13.69736, 52.78328 ], [ 13.69638, 52.78341 ], [ 13.69417, 52.78385 ], [ 13.69347, 52.7839 ], [ 13.6919, 52.78326 ], [ 13.69108, 52.78285 ], [ 13.69027, 52.78255 ], [ 13.68976, 52.78242 ], [ 13.68931, 52.78271 ], [ 13.68901, 52.78271 ], [ 13.6885, 52.78245 ], [ 13.68714, 52.78267 ], [ 13.68587, 52.78263 ], [ 13.68533, 52.78245 ], [ 13.68506, 52.78226 ], [ 13.68513, 52.78213 ], [ 13.68497, 52.7821 ], [ 13.68492, 52.78202 ], [ 13.68579, 52.78173 ], [ 13.68588, 52.78159 ], [ 13.68604, 52.78081 ], [ 13.68423, 52.78032 ], [ 13.68396, 52.77999 ], [ 13.68333, 52.77985 ], [ 13.68255, 52.77956 ], [ 13.68176, 52.77943 ], [ 13.68126, 52.77947 ], [ 13.67746, 52.77922 ], [ 13.67744, 52.77931 ], [ 13.67734, 52.77934 ], [ 13.67698, 52.77934 ], [ 13.67586, 52.77915 ], [ 13.67595, 52.77931 ], [ 13.67584, 52.77936 ], [ 13.67402, 52.7792 ], [ 13.67351, 52.77922 ], [ 13.67318, 52.77933 ], [ 13.67297, 52.77924 ], [ 13.67283, 52.77912 ], [ 13.67297, 52.77905 ], [ 13.67339, 52.77902 ], [ 13.67244, 52.77898 ], [ 13.67178, 52.77961 ], [ 13.67216, 52.77973 ], [ 13.67227, 52.77983 ], [ 13.67225, 52.77988 ], [ 13.67201, 52.77993 ], [ 13.67146, 52.77992 ], [ 13.6695, 52.78179 ], [ 13.67367, 52.78092 ], [ 13.67494, 52.78375 ], [ 13.67558, 52.78549 ], [ 13.67754, 52.78547 ], [ 13.67812, 52.78553 ], [ 13.67829, 52.78557 ], [ 13.67837, 52.78564 ], [ 13.67821, 52.78573 ], [ 13.678, 52.78602 ], [ 13.67765, 52.7859 ], [ 13.67689, 52.78581 ], [ 13.67629, 52.78566 ], [ 13.6758, 52.78568 ], [ 13.67568, 52.78576 ], [ 13.67565, 52.78588 ], [ 13.67593, 52.78633 ], [ 13.67561, 52.78624 ], [ 13.67537, 52.786 ], [ 13.67441, 52.78587 ], [ 13.6678, 52.78669 ], [ 13.66794, 52.78668 ], [ 13.66799, 52.78672 ], [ 13.66796, 52.78686 ], [ 13.66803, 52.78705 ], [ 13.6678, 52.78726 ], [ 13.6675, 52.78735 ], [ 13.66758, 52.78738 ], [ 13.66765, 52.78749 ], [ 13.66758, 52.78759 ], [ 13.6674, 52.78764 ], [ 13.66722, 52.78759 ], [ 13.66717, 52.78745 ], [ 13.66659, 52.78748 ], [ 13.66606, 52.7874 ], [ 13.67059, 52.78914 ], [ 13.67078, 52.7891 ], [ 13.67133, 52.78913 ], [ 13.67142, 52.78925 ], [ 13.67117, 52.78937 ], [ 13.67178, 52.7896 ], [ 13.67176, 52.78928 ], [ 13.67186, 52.78914 ], [ 13.67202, 52.78905 ], [ 13.67238, 52.78905 ], [ 13.67253, 52.78916 ], [ 13.67256, 52.78948 ], [ 13.67243, 52.78964 ], [ 13.67216, 52.78975 ], [ 13.67783, 52.79197 ], [ 13.67836, 52.79189 ], [ 13.67836, 52.79164 ], [ 13.67866, 52.7915 ], [ 13.6792, 52.79146 ], [ 13.68084, 52.79145 ], [ 13.68151, 52.79124 ], [ 13.68169, 52.79133 ], [ 13.68166, 52.79144 ], [ 13.68126, 52.79173 ], [ 13.68093, 52.79181 ], [ 13.67939, 52.79186 ], [ 13.67912, 52.79191 ], [ 13.68121, 52.7919 ], [ 13.6813, 52.79195 ], [ 13.68124, 52.79208 ], [ 13.68131, 52.79217 ], [ 13.68239, 52.79242 ], [ 13.68251, 52.79248 ], [ 13.68283, 52.79249 ], [ 13.68165, 52.7922 ], [ 13.68144, 52.79213 ], [ 13.68142, 52.79204 ], [ 13.68165, 52.79197 ], [ 13.68199, 52.79217 ], [ 13.68465, 52.79228 ], [ 13.68496, 52.79225 ], [ 13.68514, 52.79211 ], [ 13.68531, 52.79209 ], [ 13.68589, 52.7922 ], [ 13.6861, 52.79235 ], [ 13.68654, 52.79243 ], [ 13.68798, 52.79212 ], [ 13.68854, 52.79237 ], [ 13.68939, 52.79249 ], [ 13.68966, 52.79256 ], [ 13.69119, 52.79258 ], [ 13.6917, 52.79242 ], [ 13.69193, 52.79247 ], [ 13.69214, 52.79259 ], [ 13.69268, 52.7926 ], [ 13.69303, 52.79229 ], [ 13.69327, 52.79216 ], [ 13.69351, 52.79209 ], [ 13.69373, 52.79194 ], [ 13.69407, 52.79183 ], [ 13.69449, 52.79179 ], [ 13.69455, 52.79187 ], [ 13.69434, 52.79226 ], [ 13.69432, 52.79241 ], [ 13.6944, 52.79252 ], [ 13.69476, 52.79262 ], [ 13.69552, 52.79263 ], [ 13.69573, 52.79256 ], [ 13.69652, 52.79251 ], [ 13.69678, 52.79221 ], [ 13.69718, 52.79208 ], [ 13.69736, 52.79185 ], [ 13.69781, 52.79163 ], [ 13.69803, 52.79157 ], [ 13.69832, 52.79164 ], [ 13.69835, 52.79177 ], [ 13.69797, 52.79205 ], [ 13.69773, 52.79212 ], [ 13.69749, 52.79213 ], [ 13.69729, 52.7923 ], [ 13.69678, 52.79249 ], [ 13.69654, 52.79264 ], [ 13.69697, 52.79264 ], [ 13.69691, 52.79261 ], [ 13.69701, 52.79256 ], [ 13.69738, 52.79249 ], [ 13.69803, 52.79225 ], [ 13.6985, 52.7918 ], [ 13.69908, 52.79163 ], [ 13.69897, 52.79144 ], [ 13.69899, 52.79131 ], [ 13.69944, 52.79094 ], [ 13.69926, 52.79076 ], [ 13.69969, 52.79077 ], [ 13.69993, 52.79067 ], [ 13.7, 52.79058 ], [ 13.70028, 52.79074 ], [ 13.70049, 52.79105 ], [ 13.70037, 52.79126 ], [ 13.70014, 52.79146 ], [ 13.69998, 52.7917 ], [ 13.69956, 52.79194 ], [ 13.69875, 52.7922 ], [ 13.69817, 52.79258 ], [ 13.69766, 52.79265 ], [ 13.69883, 52.79266 ], [ 13.69882, 52.79256 ], [ 13.69895, 52.79246 ], [ 13.6993, 52.79229 ], [ 13.70064, 52.79202 ], [ 13.70078, 52.79206 ], [ 13.70063, 52.79225 ], [ 13.69983, 52.79246 ], [ 13.69947, 52.79267 ], [ 13.70425, 52.79272 ], [ 13.70431, 52.79259 ], [ 13.70462, 52.79239 ], [ 13.70556, 52.79198 ], [ 13.70558, 52.79183 ], [ 13.70542, 52.79166 ], [ 13.70547, 52.79157 ], [ 13.70565, 52.79155 ], [ 13.7063, 52.79175 ], [ 13.70645, 52.79185 ], [ 13.70646, 52.79196 ], [ 13.7064, 52.79201 ], [ 13.70565, 52.79221 ], [ 13.70541, 52.79243 ], [ 13.70478, 52.79273 ], [ 13.70504, 52.79273 ], [ 13.7066, 52.79211 ], [ 13.7068, 52.79197 ], [ 13.70683, 52.79169 ], [ 13.70694, 52.79164 ], [ 13.7071, 52.79169 ], [ 13.70716, 52.79181 ], [ 13.70697, 52.79208 ], [ 13.70689, 52.79234 ], [ 13.70659, 52.79256 ], [ 13.7061, 52.79274 ], [ 13.70694, 52.79275 ], [ 13.70748, 52.79255 ], [ 13.7076, 52.7926 ], [ 13.70758, 52.79276 ], [ 13.7088, 52.79277 ], [ 13.70945, 52.79258 ], [ 13.70957, 52.79262 ], [ 13.70953, 52.79278 ], [ 13.71028, 52.79279 ] ], [ [ 13.70246, 52.79122 ], [ 13.70237, 52.79133 ], [ 13.70177, 52.79163 ], [ 13.70139, 52.79177 ], [ 13.70127, 52.79178 ], [ 13.70114, 52.79172 ], [ 13.70109, 52.79164 ], [ 13.70114, 52.79147 ], [ 13.70146, 52.79123 ], [ 13.70184, 52.79115 ], [ 13.70255, 52.79109 ], [ 13.70324, 52.79093 ], [ 13.70365, 52.79075 ], [ 13.70408, 52.79043 ], [ 13.70438, 52.79033 ], [ 13.70467, 52.79033 ], [ 13.70474, 52.79048 ], [ 13.70496, 52.79057 ], [ 13.70507, 52.79053 ], [ 13.70558, 52.79053 ], [ 13.70621, 52.79043 ], [ 13.70648, 52.79049 ], [ 13.70629, 52.79063 ], [ 13.70601, 52.79069 ], [ 13.70542, 52.79068 ], [ 13.70495, 52.79062 ], [ 13.7045, 52.7907 ], [ 13.70398, 52.79098 ], [ 13.70352, 52.79114 ], [ 13.70246, 52.79122 ] ], [ [ 13.70796, 52.79079 ], [ 13.70811, 52.79111 ], [ 13.70804, 52.79128 ], [ 13.70823, 52.79141 ], [ 13.70823, 52.79168 ], [ 13.70814, 52.79182 ], [ 13.7079, 52.79187 ], [ 13.70774, 52.79183 ], [ 13.7076, 52.79153 ], [ 13.70732, 52.79122 ], [ 13.70754, 52.79115 ], [ 13.70775, 52.791 ], [ 13.70782, 52.79087 ], [ 13.70777, 52.79073 ], [ 13.70785, 52.79072 ], [ 13.70796, 52.79079 ] ], [ [ 13.71125, 52.79051 ], [ 13.71143, 52.7908 ], [ 13.71125, 52.79112 ], [ 13.71126, 52.79136 ], [ 13.71172, 52.79179 ], [ 13.71173, 52.79192 ], [ 13.7114, 52.7922 ], [ 13.71072, 52.79253 ], [ 13.71038, 52.7926 ], [ 13.70998, 52.7926 ], [ 13.70985, 52.79251 ], [ 13.70997, 52.79233 ], [ 13.71142, 52.79173 ], [ 13.71114, 52.7916 ], [ 13.71093, 52.79138 ], [ 13.71054, 52.7912 ], [ 13.71048, 52.79111 ], [ 13.7111, 52.7905 ], [ 13.71125, 52.79051 ] ], [ [ 13.71032, 52.79069 ], [ 13.71012, 52.79082 ], [ 13.70946, 52.79091 ], [ 13.70914, 52.79102 ], [ 13.70899, 52.79151 ], [ 13.70905, 52.79172 ], [ 13.70898, 52.79178 ], [ 13.70884, 52.79177 ], [ 13.70866, 52.79169 ], [ 13.70856, 52.79158 ], [ 13.70858, 52.79131 ], [ 13.70831, 52.79093 ], [ 13.70826, 52.79038 ], [ 13.70832, 52.79025 ], [ 13.70842, 52.7902 ], [ 13.70853, 52.79023 ], [ 13.70892, 52.79044 ], [ 13.70922, 52.79051 ], [ 13.70965, 52.79054 ], [ 13.71036, 52.79049 ], [ 13.71043, 52.79051 ], [ 13.71032, 52.79069 ] ], [ [ 13.71105, 52.78985 ], [ 13.71098, 52.79027 ], [ 13.71092, 52.79034 ], [ 13.71076, 52.79036 ], [ 13.71067, 52.79026 ], [ 13.71071, 52.78999 ], [ 13.71065, 52.78993 ], [ 13.71032, 52.78982 ], [ 13.71028, 52.78975 ], [ 13.71038, 52.78937 ], [ 13.71009, 52.78932 ], [ 13.71006, 52.78928 ], [ 13.71022, 52.78883 ], [ 13.71003, 52.78847 ], [ 13.71004, 52.78829 ], [ 13.70978, 52.78793 ], [ 13.70939, 52.78776 ], [ 13.70941, 52.78758 ], [ 13.70952, 52.7875 ], [ 13.70985, 52.78759 ], [ 13.71065, 52.78768 ], [ 13.71078, 52.78775 ], [ 13.71072, 52.78814 ], [ 13.71093, 52.78873 ], [ 13.7109, 52.7892 ], [ 13.71105, 52.78985 ] ], [ [ 13.71334, 52.78947 ], [ 13.71273, 52.78959 ], [ 13.71248, 52.78959 ], [ 13.71238, 52.78954 ], [ 13.71266, 52.78936 ], [ 13.71341, 52.78904 ], [ 13.71354, 52.78884 ], [ 13.71379, 52.78893 ], [ 13.71426, 52.78925 ], [ 13.71365, 52.78941 ], [ 13.71344, 52.78941 ], [ 13.71334, 52.78947 ] ], [ [ 13.70793, 52.79042 ], [ 13.70776, 52.7905 ], [ 13.70763, 52.79045 ], [ 13.70745, 52.79025 ], [ 13.7071, 52.79025 ], [ 13.70693, 52.7902 ], [ 13.7069, 52.79012 ], [ 13.70703, 52.78982 ], [ 13.70691, 52.78946 ], [ 13.70666, 52.7893 ], [ 13.7062, 52.78913 ], [ 13.70588, 52.78886 ], [ 13.70557, 52.78848 ], [ 13.70537, 52.78834 ], [ 13.70519, 52.78808 ], [ 13.70524, 52.78797 ], [ 13.70538, 52.78789 ], [ 13.70552, 52.78786 ], [ 13.70568, 52.78793 ], [ 13.70585, 52.78806 ], [ 13.70589, 52.78818 ], [ 13.70617, 52.78833 ], [ 13.70646, 52.78896 ], [ 13.70774, 52.78968 ], [ 13.70795, 52.78995 ], [ 13.708, 52.7901 ], [ 13.70793, 52.79042 ] ], [ [ 13.70753, 52.78864 ], [ 13.70761, 52.78884 ], [ 13.70748, 52.78894 ], [ 13.70736, 52.78896 ], [ 13.70714, 52.78891 ], [ 13.70689, 52.78866 ], [ 13.707, 52.78857 ], [ 13.70753, 52.78864 ] ], [ [ 13.70415, 52.79004 ], [ 13.70408, 52.79025 ], [ 13.70395, 52.7904 ], [ 13.70353, 52.79057 ], [ 13.70324, 52.79078 ], [ 13.70313, 52.7908 ], [ 13.70302, 52.79075 ], [ 13.70301, 52.79068 ], [ 13.70327, 52.79049 ], [ 13.70335, 52.79031 ], [ 13.70327, 52.79018 ], [ 13.70306, 52.79002 ], [ 13.7029, 52.78997 ], [ 13.70245, 52.78991 ], [ 13.70193, 52.78993 ], [ 13.70131, 52.79002 ], [ 13.70059, 52.78981 ], [ 13.70069, 52.78976 ], [ 13.70182, 52.78972 ], [ 13.70209, 52.78965 ], [ 13.70217, 52.78955 ], [ 13.70197, 52.78939 ], [ 13.7015, 52.78921 ], [ 13.70096, 52.78892 ], [ 13.70067, 52.78871 ], [ 13.7005, 52.78841 ], [ 13.70058, 52.78839 ], [ 13.70102, 52.78856 ], [ 13.70148, 52.78867 ], [ 13.70224, 52.78926 ], [ 13.70265, 52.78946 ], [ 13.70294, 52.78985 ], [ 13.70382, 52.78985 ], [ 13.7041, 52.78995 ], [ 13.70415, 52.79004 ] ], [ [ 13.69647, 52.78889 ], [ 13.69651, 52.78897 ], [ 13.69611, 52.78919 ], [ 13.69588, 52.78924 ], [ 13.69562, 52.78922 ], [ 13.69472, 52.78898 ], [ 13.69386, 52.78861 ], [ 13.69239, 52.7883 ], [ 13.69229, 52.78824 ], [ 13.69249, 52.7881 ], [ 13.69286, 52.788 ], [ 13.69336, 52.78797 ], [ 13.69392, 52.78798 ], [ 13.69427, 52.78792 ], [ 13.69436, 52.78795 ], [ 13.69437, 52.78803 ], [ 13.69414, 52.78824 ], [ 13.69413, 52.78832 ], [ 13.69466, 52.78845 ], [ 13.69532, 52.78853 ], [ 13.69567, 52.78881 ], [ 13.69647, 52.78889 ] ], [ [ 13.69543, 52.78792 ], [ 13.69577, 52.78809 ], [ 13.69605, 52.78814 ], [ 13.69632, 52.78825 ], [ 13.69659, 52.78845 ], [ 13.69662, 52.78859 ], [ 13.69642, 52.78858 ], [ 13.69554, 52.78832 ], [ 13.69503, 52.78821 ], [ 13.69484, 52.78813 ], [ 13.69478, 52.78797 ], [ 13.69488, 52.78786 ], [ 13.69543, 52.78792 ] ], [ [ 13.69074, 52.78722 ], [ 13.6907, 52.7877 ], [ 13.69063, 52.78794 ], [ 13.69053, 52.78805 ], [ 13.68971, 52.78837 ], [ 13.68909, 52.78872 ], [ 13.68883, 52.78879 ], [ 13.68845, 52.78881 ], [ 13.68807, 52.78871 ], [ 13.68801, 52.78866 ], [ 13.68802, 52.78851 ], [ 13.68902, 52.78829 ], [ 13.68942, 52.78812 ], [ 13.69006, 52.78771 ], [ 13.69044, 52.78725 ], [ 13.69064, 52.78718 ], [ 13.69074, 52.78722 ] ], [ [ 13.69003, 52.78714 ], [ 13.69011, 52.78729 ], [ 13.68999, 52.78735 ], [ 13.68991, 52.78753 ], [ 13.68977, 52.78767 ], [ 13.68944, 52.78783 ], [ 13.68919, 52.78781 ], [ 13.68915, 52.78773 ], [ 13.6892, 52.78763 ], [ 13.68935, 52.7875 ], [ 13.68899, 52.78722 ], [ 13.68978, 52.7871 ], [ 13.69003, 52.78714 ] ], [ [ 13.68667, 52.78751 ], [ 13.68609, 52.78758 ], [ 13.68579, 52.78755 ], [ 13.68545, 52.78742 ], [ 13.68538, 52.78729 ], [ 13.68543, 52.78716 ], [ 13.68566, 52.78696 ], [ 13.68576, 52.78665 ], [ 13.68696, 52.78635 ], [ 13.68765, 52.7863 ], [ 13.68796, 52.78633 ], [ 13.68819, 52.78648 ], [ 13.68817, 52.78657 ], [ 13.68791, 52.78682 ], [ 13.68797, 52.78694 ], [ 13.68825, 52.78714 ], [ 13.68808, 52.7873 ], [ 13.68841, 52.78733 ], [ 13.68846, 52.78734 ], [ 13.68843, 52.78741 ], [ 13.6883, 52.78748 ], [ 13.68794, 52.78754 ], [ 13.68774, 52.78754 ], [ 13.68754, 52.78739 ], [ 13.68723, 52.78733 ], [ 13.68667, 52.78751 ] ], [ [ 13.69411, 52.78701 ], [ 13.69422, 52.78717 ], [ 13.6942, 52.78732 ], [ 13.69413, 52.7874 ], [ 13.69393, 52.78744 ], [ 13.69391, 52.78752 ], [ 13.69416, 52.78765 ], [ 13.69453, 52.7877 ], [ 13.69465, 52.78775 ], [ 13.69339, 52.7878 ], [ 13.69258, 52.78777 ], [ 13.69263, 52.78769 ], [ 13.693, 52.7875 ], [ 13.69303, 52.78733 ], [ 13.6933, 52.78721 ], [ 13.69351, 52.78712 ], [ 13.69411, 52.78701 ] ], [ [ 13.6954, 52.78692 ], [ 13.69541, 52.78703 ], [ 13.69553, 52.78713 ], [ 13.69545, 52.78722 ], [ 13.69509, 52.7874 ], [ 13.69461, 52.78741 ], [ 13.69455, 52.78728 ], [ 13.6946, 52.78715 ], [ 13.69501, 52.78698 ], [ 13.69499, 52.78688 ], [ 13.69525, 52.78688 ], [ 13.6954, 52.78692 ] ], [ [ 13.69277, 52.78608 ], [ 13.6928, 52.78614 ], [ 13.69274, 52.78618 ], [ 13.69246, 52.78627 ], [ 13.69201, 52.78636 ], [ 13.69118, 52.78644 ], [ 13.69089, 52.7866 ], [ 13.69061, 52.7869 ], [ 13.69049, 52.78693 ], [ 13.69023, 52.78681 ], [ 13.69023, 52.78657 ], [ 13.68998, 52.78637 ], [ 13.68972, 52.78622 ], [ 13.68916, 52.78602 ], [ 13.68847, 52.78563 ], [ 13.68879, 52.78563 ], [ 13.68917, 52.78554 ], [ 13.6895, 52.78555 ], [ 13.69027, 52.78571 ], [ 13.69075, 52.78599 ], [ 13.69227, 52.78598 ], [ 13.69277, 52.78608 ] ], [ [ 13.69463, 52.78605 ], [ 13.69452, 52.78616 ], [ 13.69427, 52.78619 ], [ 13.69327, 52.78592 ], [ 13.69126, 52.78585 ], [ 13.69087, 52.78573 ], [ 13.69068, 52.78558 ], [ 13.69091, 52.78551 ], [ 13.69205, 52.78566 ], [ 13.69266, 52.78562 ], [ 13.69396, 52.78568 ], [ 13.69445, 52.78581 ], [ 13.69458, 52.78592 ], [ 13.69463, 52.78605 ] ], [ [ 13.68089, 52.78563 ], [ 13.68126, 52.78581 ], [ 13.68127, 52.78589 ], [ 13.681, 52.78611 ], [ 13.68063, 52.7859 ], [ 13.67921, 52.78565 ], [ 13.67883, 52.78563 ], [ 13.67873, 52.78558 ], [ 13.67902, 52.78549 ], [ 13.67938, 52.78546 ], [ 13.68002, 52.78554 ], [ 13.68041, 52.78553 ], [ 13.68089, 52.78563 ] ], [ [ 13.67965, 52.78583 ], [ 13.68032, 52.78599 ], [ 13.68052, 52.78608 ], [ 13.68056, 52.78617 ], [ 13.67998, 52.78616 ], [ 13.67906, 52.78603 ], [ 13.67877, 52.78595 ], [ 13.67863, 52.78586 ], [ 13.67871, 52.78581 ], [ 13.67899, 52.78579 ], [ 13.67965, 52.78583 ] ], [ [ 13.67644, 52.78581 ], [ 13.67679, 52.786 ], [ 13.67735, 52.78608 ], [ 13.67809, 52.78626 ], [ 13.67815, 52.78633 ], [ 13.67781, 52.78647 ], [ 13.67702, 52.78635 ], [ 13.6766, 52.78622 ], [ 13.67647, 52.7861 ], [ 13.67615, 52.78595 ], [ 13.67613, 52.78588 ], [ 13.67627, 52.78581 ], [ 13.67644, 52.78581 ] ], [ [ 13.67667, 52.78679 ], [ 13.67646, 52.78689 ], [ 13.67636, 52.78714 ], [ 13.67608, 52.7872 ], [ 13.67566, 52.78716 ], [ 13.67495, 52.78669 ], [ 13.67459, 52.78658 ], [ 13.67417, 52.78654 ], [ 13.67413, 52.78636 ], [ 13.67392, 52.78625 ], [ 13.67389, 52.78618 ], [ 13.67409, 52.78606 ], [ 13.67458, 52.78605 ], [ 13.67475, 52.78612 ], [ 13.67496, 52.78638 ], [ 13.67531, 52.78657 ], [ 13.6756, 52.78663 ], [ 13.67641, 52.78654 ], [ 13.67664, 52.78663 ], [ 13.67667, 52.78679 ] ], [ [ 13.68117, 52.78723 ], [ 13.68141, 52.78736 ], [ 13.68166, 52.78738 ], [ 13.68219, 52.78754 ], [ 13.68252, 52.78785 ], [ 13.68264, 52.78813 ], [ 13.68264, 52.78846 ], [ 13.68253, 52.78875 ], [ 13.68236, 52.78871 ], [ 13.68228, 52.78838 ], [ 13.68197, 52.78821 ], [ 13.68191, 52.78781 ], [ 13.68165, 52.7876 ], [ 13.68121, 52.7874 ], [ 13.68065, 52.78727 ], [ 13.68041, 52.78703 ], [ 13.68016, 52.78703 ], [ 13.67972, 52.78687 ], [ 13.67908, 52.7865 ], [ 13.67876, 52.78622 ], [ 13.67923, 52.78631 ], [ 13.68006, 52.78639 ], [ 13.68066, 52.78659 ], [ 13.68117, 52.78723 ] ], [ [ 13.67482, 52.78689 ], [ 13.67489, 52.7871 ], [ 13.67521, 52.78735 ], [ 13.67511, 52.78741 ], [ 13.67452, 52.78737 ], [ 13.67429, 52.7873 ], [ 13.67423, 52.78724 ], [ 13.67441, 52.78705 ], [ 13.67445, 52.78685 ], [ 13.67465, 52.78682 ], [ 13.67482, 52.78689 ] ], [ [ 13.6737, 52.78756 ], [ 13.67253, 52.78752 ], [ 13.67155, 52.78738 ], [ 13.6711, 52.78741 ], [ 13.6707, 52.78736 ], [ 13.66961, 52.78734 ], [ 13.66889, 52.78718 ], [ 13.66882, 52.78713 ], [ 13.66916, 52.78702 ], [ 13.66968, 52.78701 ], [ 13.6701, 52.78691 ], [ 13.67111, 52.78691 ], [ 13.67167, 52.78704 ], [ 13.67183, 52.78714 ], [ 13.67215, 52.78724 ], [ 13.67283, 52.7873 ], [ 13.67311, 52.78721 ], [ 13.67318, 52.78703 ], [ 13.67349, 52.78698 ], [ 13.67361, 52.78701 ], [ 13.67379, 52.78717 ], [ 13.67384, 52.78749 ], [ 13.6737, 52.78756 ] ], [ [ 13.67972, 52.78735 ], [ 13.68039, 52.7875 ], [ 13.68045, 52.7876 ], [ 13.67976, 52.78769 ], [ 13.67938, 52.78767 ], [ 13.67925, 52.78759 ], [ 13.67936, 52.78746 ], [ 13.67972, 52.78735 ] ], [ [ 13.67716, 52.78767 ], [ 13.67732, 52.78789 ], [ 13.67721, 52.78793 ], [ 13.67662, 52.78785 ], [ 13.67644, 52.78771 ], [ 13.67664, 52.78753 ], [ 13.67681, 52.7875 ], [ 13.67716, 52.78767 ] ], [ [ 13.67871, 52.79036 ], [ 13.67647, 52.79069 ], [ 13.67618, 52.79089 ], [ 13.67605, 52.79091 ], [ 13.67542, 52.7908 ], [ 13.67534, 52.79075 ], [ 13.6754, 52.7906 ], [ 13.67567, 52.79045 ], [ 13.67595, 52.7904 ], [ 13.67666, 52.79044 ], [ 13.67695, 52.79023 ], [ 13.67842, 52.79004 ], [ 13.67861, 52.78993 ], [ 13.67859, 52.78986 ], [ 13.67815, 52.78949 ], [ 13.6781, 52.78916 ], [ 13.67747, 52.78882 ], [ 13.67711, 52.78849 ], [ 13.67674, 52.78833 ], [ 13.67617, 52.78823 ], [ 13.67572, 52.78798 ], [ 13.67562, 52.78788 ], [ 13.67565, 52.78781 ], [ 13.67598, 52.78761 ], [ 13.67607, 52.78766 ], [ 13.67615, 52.78791 ], [ 13.67641, 52.78812 ], [ 13.67684, 52.78828 ], [ 13.67751, 52.78839 ], [ 13.67788, 52.7886 ], [ 13.6784, 52.78898 ], [ 13.67875, 52.78914 ], [ 13.67911, 52.79002 ], [ 13.67897, 52.79022 ], [ 13.67871, 52.79036 ] ], [ [ 13.68429, 52.791 ], [ 13.684, 52.79112 ], [ 13.68379, 52.7913 ], [ 13.68322, 52.79159 ], [ 13.68228, 52.7916 ], [ 13.68204, 52.79155 ], [ 13.6822, 52.79144 ], [ 13.68276, 52.79131 ], [ 13.68314, 52.79115 ], [ 13.6833, 52.79095 ], [ 13.68349, 52.79042 ], [ 13.68362, 52.7903 ], [ 13.68385, 52.79034 ], [ 13.68452, 52.79074 ], [ 13.68501, 52.79078 ], [ 13.68498, 52.79085 ], [ 13.68448, 52.79086 ], [ 13.68429, 52.791 ] ], [ [ 13.68885, 52.79123 ], [ 13.68852, 52.79132 ], [ 13.68814, 52.79153 ], [ 13.68692, 52.79178 ], [ 13.68619, 52.79186 ], [ 13.68502, 52.79187 ], [ 13.68413, 52.79201 ], [ 13.68318, 52.79198 ], [ 13.68278, 52.79191 ], [ 13.68478, 52.79163 ], [ 13.68601, 52.79118 ], [ 13.68687, 52.79092 ], [ 13.68708, 52.79081 ], [ 13.68721, 52.79081 ], [ 13.68731, 52.79087 ], [ 13.68746, 52.79118 ], [ 13.68875, 52.79105 ], [ 13.68898, 52.79109 ], [ 13.68885, 52.79123 ] ], [ [ 13.69031, 52.79083 ], [ 13.69035, 52.79097 ], [ 13.69007, 52.79113 ], [ 13.68968, 52.79119 ], [ 13.68932, 52.79115 ], [ 13.68997, 52.79081 ], [ 13.69015, 52.79079 ], [ 13.69031, 52.79083 ] ], [ [ 13.69154, 52.79106 ], [ 13.69158, 52.79119 ], [ 13.69152, 52.79131 ], [ 13.6909, 52.79177 ], [ 13.69074, 52.79224 ], [ 13.69065, 52.79234 ], [ 13.69044, 52.79243 ], [ 13.69035, 52.79233 ], [ 13.69041, 52.79202 ], [ 13.6907, 52.79181 ], [ 13.6905, 52.79165 ], [ 13.69053, 52.79145 ], [ 13.69072, 52.79128 ], [ 13.69118, 52.79101 ], [ 13.69145, 52.79102 ], [ 13.69154, 52.79106 ] ], [ [ 13.69352, 52.79091 ], [ 13.6937, 52.79099 ], [ 13.69381, 52.79111 ], [ 13.69383, 52.79125 ], [ 13.69374, 52.79144 ], [ 13.69358, 52.79154 ], [ 13.69252, 52.79188 ], [ 13.69213, 52.79192 ], [ 13.69201, 52.79189 ], [ 13.69218, 52.79164 ], [ 13.6931, 52.79093 ], [ 13.69324, 52.79087 ], [ 13.69352, 52.79091 ] ], [ [ 13.69719, 52.7907 ], [ 13.69753, 52.79098 ], [ 13.697, 52.79133 ], [ 13.69658, 52.79175 ], [ 13.6963, 52.79194 ], [ 13.69579, 52.79217 ], [ 13.69545, 52.79227 ], [ 13.69498, 52.79231 ], [ 13.69466, 52.79226 ], [ 13.69462, 52.7922 ], [ 13.69469, 52.79211 ], [ 13.69554, 52.79174 ], [ 13.69613, 52.79129 ], [ 13.69611, 52.79113 ], [ 13.69575, 52.79086 ], [ 13.69579, 52.79069 ], [ 13.69597, 52.79065 ], [ 13.69667, 52.79064 ], [ 13.69719, 52.7907 ] ], [ [ 13.69288, 52.79066 ], [ 13.69293, 52.79076 ], [ 13.69288, 52.79079 ], [ 13.69266, 52.7908 ], [ 13.69238, 52.79071 ], [ 13.6923, 52.79063 ], [ 13.69248, 52.79057 ], [ 13.6927, 52.79059 ], [ 13.69288, 52.79066 ] ], [ [ 13.69105, 52.79032 ], [ 13.69118, 52.7906 ], [ 13.69067, 52.79064 ], [ 13.69049, 52.79058 ], [ 13.69045, 52.79052 ], [ 13.69086, 52.79035 ], [ 13.69105, 52.79032 ] ], [ [ 13.69091, 52.78931 ], [ 13.69139, 52.78971 ], [ 13.69129, 52.78991 ], [ 13.69039, 52.79039 ], [ 13.69011, 52.79062 ], [ 13.68985, 52.7907 ], [ 13.68939, 52.79071 ], [ 13.68918, 52.79052 ], [ 13.68872, 52.79032 ], [ 13.68875, 52.79021 ], [ 13.68903, 52.79009 ], [ 13.68993, 52.78998 ], [ 13.69023, 52.78985 ], [ 13.69037, 52.78962 ], [ 13.69022, 52.78949 ], [ 13.69019, 52.78932 ], [ 13.69023, 52.78927 ], [ 13.69046, 52.78924 ], [ 13.69091, 52.78931 ] ], [ [ 13.68905, 52.78908 ], [ 13.68909, 52.78921 ], [ 13.68881, 52.78931 ], [ 13.68849, 52.78928 ], [ 13.68839, 52.78917 ], [ 13.68847, 52.78908 ], [ 13.68859, 52.78905 ], [ 13.68905, 52.78908 ] ], [ [ 13.68684, 52.78803 ], [ 13.68741, 52.78838 ], [ 13.68751, 52.78858 ], [ 13.68754, 52.78899 ], [ 13.68768, 52.78923 ], [ 13.68785, 52.78936 ], [ 13.68769, 52.78958 ], [ 13.68707, 52.78985 ], [ 13.68696, 52.79 ], [ 13.68693, 52.79019 ], [ 13.68698, 52.79057 ], [ 13.68689, 52.79066 ], [ 13.68662, 52.79071 ], [ 13.68654, 52.79064 ], [ 13.68654, 52.79042 ], [ 13.68617, 52.79013 ], [ 13.68613, 52.78994 ], [ 13.68626, 52.78984 ], [ 13.68641, 52.78957 ], [ 13.68735, 52.78931 ], [ 13.6875, 52.78914 ], [ 13.68714, 52.78889 ], [ 13.68639, 52.78882 ], [ 13.68585, 52.78866 ], [ 13.68574, 52.78855 ], [ 13.68596, 52.78838 ], [ 13.68642, 52.78821 ], [ 13.68654, 52.78799 ], [ 13.68684, 52.78803 ] ], [ [ 13.68463, 52.78884 ], [ 13.68439, 52.78909 ], [ 13.68425, 52.78916 ], [ 13.68383, 52.78923 ], [ 13.6835, 52.78922 ], [ 13.68308, 52.78906 ], [ 13.68296, 52.78877 ], [ 13.68302, 52.78808 ], [ 13.68267, 52.78745 ], [ 13.68245, 52.7873 ], [ 13.6813, 52.78693 ], [ 13.68124, 52.78687 ], [ 13.68126, 52.78663 ], [ 13.68145, 52.78645 ], [ 13.68191, 52.78621 ], [ 13.68228, 52.7863 ], [ 13.68241, 52.78642 ], [ 13.68239, 52.7865 ], [ 13.68205, 52.78674 ], [ 13.68268, 52.78691 ], [ 13.68288, 52.78688 ], [ 13.68297, 52.78682 ], [ 13.68291, 52.78656 ], [ 13.68393, 52.78653 ], [ 13.68402, 52.78666 ], [ 13.68393, 52.78676 ], [ 13.68339, 52.78691 ], [ 13.68301, 52.78693 ], [ 13.68323, 52.78705 ], [ 13.68372, 52.78702 ], [ 13.68353, 52.78744 ], [ 13.68382, 52.78759 ], [ 13.68391, 52.78771 ], [ 13.68395, 52.78791 ], [ 13.68378, 52.78799 ], [ 13.68391, 52.78829 ], [ 13.68402, 52.78844 ], [ 13.68419, 52.7885 ], [ 13.68476, 52.7884 ], [ 13.68478, 52.78853 ], [ 13.68463, 52.78884 ] ], [ [ 13.68553, 52.78787 ], [ 13.68498, 52.78784 ], [ 13.68471, 52.78779 ], [ 13.68448, 52.78753 ], [ 13.6846, 52.78737 ], [ 13.68491, 52.78729 ], [ 13.68506, 52.78734 ], [ 13.68528, 52.78765 ], [ 13.68553, 52.78787 ] ], [ [ 13.68545, 52.78651 ], [ 13.68535, 52.78661 ], [ 13.68493, 52.78664 ], [ 13.6841, 52.78639 ], [ 13.68324, 52.78637 ], [ 13.68259, 52.78624 ], [ 13.68226, 52.78612 ], [ 13.68176, 52.78583 ], [ 13.68236, 52.78578 ], [ 13.68278, 52.7858 ], [ 13.68332, 52.78592 ], [ 13.68419, 52.78601 ], [ 13.68472, 52.78624 ], [ 13.68534, 52.78597 ], [ 13.6856, 52.78599 ], [ 13.68636, 52.78581 ], [ 13.68725, 52.7858 ], [ 13.68766, 52.78588 ], [ 13.68798, 52.7861 ], [ 13.68775, 52.78621 ], [ 13.68717, 52.78629 ], [ 13.68608, 52.78621 ], [ 13.68586, 52.78622 ], [ 13.68566, 52.78629 ], [ 13.68551, 52.78621 ], [ 13.68529, 52.78621 ], [ 13.68519, 52.78629 ], [ 13.68543, 52.78644 ], [ 13.68545, 52.78651 ] ], [ [ 13.68887, 52.78622 ], [ 13.6895, 52.78644 ], [ 13.69003, 52.78685 ], [ 13.68967, 52.78681 ], [ 13.68911, 52.78665 ], [ 13.68885, 52.78643 ], [ 13.68852, 52.78631 ], [ 13.6885, 52.78624 ], [ 13.68887, 52.78622 ] ], [ [ 13.67995, 52.78907 ], [ 13.68003, 52.78919 ], [ 13.67988, 52.7893 ], [ 13.6795, 52.78931 ], [ 13.67937, 52.78921 ], [ 13.67939, 52.78909 ], [ 13.67956, 52.78902 ], [ 13.67995, 52.78907 ] ], [ [ 13.68262, 52.7892 ], [ 13.6829, 52.78957 ], [ 13.68284, 52.78987 ], [ 13.68253, 52.7901 ], [ 13.68221, 52.79022 ], [ 13.68201, 52.79023 ], [ 13.68164, 52.79015 ], [ 13.68156, 52.79007 ], [ 13.68154, 52.78988 ], [ 13.68208, 52.78962 ], [ 13.68198, 52.78949 ], [ 13.68219, 52.78922 ], [ 13.68246, 52.78915 ], [ 13.68262, 52.7892 ] ], [ [ 13.68452, 52.78978 ], [ 13.68394, 52.78975 ], [ 13.6838, 52.78968 ], [ 13.68448, 52.78962 ], [ 13.68493, 52.7897 ], [ 13.68465, 52.78972 ], [ 13.68452, 52.78978 ] ], [ [ 13.687, 52.78909 ], [ 13.68691, 52.78916 ], [ 13.68653, 52.78925 ], [ 13.68637, 52.78922 ], [ 13.68633, 52.78917 ], [ 13.68672, 52.78903 ], [ 13.68687, 52.78902 ], [ 13.687, 52.78909 ] ], [ [ 13.68796, 52.7898 ], [ 13.68808, 52.79003 ], [ 13.68775, 52.7903 ], [ 13.6876, 52.79051 ], [ 13.68733, 52.79023 ], [ 13.68726, 52.78998 ], [ 13.68744, 52.78985 ], [ 13.68768, 52.78978 ], [ 13.68796, 52.7898 ] ], [ [ 13.69227, 52.78891 ], [ 13.69245, 52.78903 ], [ 13.69298, 52.78918 ], [ 13.69305, 52.78925 ], [ 13.69274, 52.78931 ], [ 13.69191, 52.7893 ], [ 13.69174, 52.78925 ], [ 13.69116, 52.7889 ], [ 13.69181, 52.78884 ], [ 13.69227, 52.78891 ] ], [ [ 13.69576, 52.79024 ], [ 13.69523, 52.79021 ], [ 13.69504, 52.79014 ], [ 13.69488, 52.79016 ], [ 13.6948, 52.79 ], [ 13.69425, 52.78989 ], [ 13.69394, 52.78978 ], [ 13.69391, 52.78967 ], [ 13.69409, 52.78955 ], [ 13.69416, 52.78942 ], [ 13.69399, 52.7892 ], [ 13.6948, 52.78933 ], [ 13.69497, 52.78941 ], [ 13.69516, 52.78964 ], [ 13.69499, 52.78985 ], [ 13.69504, 52.78995 ], [ 13.69521, 52.79005 ], [ 13.6957, 52.79017 ], [ 13.69576, 52.79024 ] ], [ [ 13.69741, 52.79004 ], [ 13.69688, 52.79025 ], [ 13.69657, 52.79026 ], [ 13.69626, 52.79036 ], [ 13.69601, 52.79033 ], [ 13.69616, 52.79016 ], [ 13.69656, 52.79005 ], [ 13.69683, 52.78981 ], [ 13.69755, 52.7896 ], [ 13.69764, 52.78943 ], [ 13.69753, 52.7891 ], [ 13.69763, 52.78907 ], [ 13.69811, 52.78915 ], [ 13.69891, 52.78941 ], [ 13.69894, 52.78946 ], [ 13.69872, 52.78958 ], [ 13.69858, 52.78972 ], [ 13.69842, 52.78979 ], [ 13.69821, 52.7898 ], [ 13.69777, 52.79003 ], [ 13.69741, 52.79004 ] ], [ [ 13.69999, 52.78977 ], [ 13.7003, 52.79007 ], [ 13.70036, 52.79023 ], [ 13.7003, 52.7903 ], [ 13.70002, 52.79005 ], [ 13.69999, 52.78977 ] ], [ [ 13.69958, 52.79009 ], [ 13.69972, 52.79026 ], [ 13.69969, 52.79036 ], [ 13.69956, 52.79039 ], [ 13.69929, 52.79032 ], [ 13.69913, 52.79017 ], [ 13.69923, 52.7901 ], [ 13.69943, 52.79007 ], [ 13.69958, 52.79009 ] ], [ [ 13.70111, 52.7904 ], [ 13.70075, 52.79036 ], [ 13.70126, 52.79021 ], [ 13.70224, 52.79015 ], [ 13.70193, 52.79032 ], [ 13.70166, 52.79031 ], [ 13.70111, 52.7904 ] ], [ [ 13.6933, 52.78882 ], [ 13.69339, 52.78889 ], [ 13.69366, 52.78893 ], [ 13.69375, 52.7891 ], [ 13.69358, 52.78913 ], [ 13.69319, 52.78908 ], [ 13.69286, 52.78899 ], [ 13.69266, 52.78884 ], [ 13.69274, 52.78878 ], [ 13.69304, 52.78877 ], [ 13.6933, 52.78882 ] ], [ [ 13.69947, 52.79066 ], [ 13.69911, 52.79071 ], [ 13.69905, 52.79082 ], [ 13.69882, 52.7907 ], [ 13.69887, 52.79064 ], [ 13.69908, 52.79062 ], [ 13.69926, 52.79048 ], [ 13.69943, 52.79051 ], [ 13.69956, 52.79059 ], [ 13.69947, 52.79066 ] ], [ [ 13.70328, 52.79226 ], [ 13.70329, 52.79232 ], [ 13.70319, 52.79241 ], [ 13.70279, 52.79255 ], [ 13.70208, 52.79261 ], [ 13.70166, 52.79259 ], [ 13.7018, 52.79253 ], [ 13.70251, 52.79241 ], [ 13.70308, 52.79222 ], [ 13.70328, 52.79226 ] ], [ [ 13.70295, 52.79162 ], [ 13.70304, 52.7917 ], [ 13.70292, 52.79204 ], [ 13.70273, 52.79217 ], [ 13.70236, 52.79224 ], [ 13.70226, 52.7921 ], [ 13.70238, 52.79193 ], [ 13.70239, 52.79173 ], [ 13.70254, 52.79164 ], [ 13.70278, 52.7916 ], [ 13.70295, 52.79162 ] ], [ [ 13.69474, 52.79122 ], [ 13.69466, 52.79131 ], [ 13.69443, 52.79131 ], [ 13.69403, 52.79113 ], [ 13.69403, 52.79099 ], [ 13.69412, 52.79098 ], [ 13.69443, 52.79113 ], [ 13.69461, 52.79113 ], [ 13.69474, 52.79122 ] ], [ [ 13.68251, 52.79041 ], [ 13.68233, 52.79048 ], [ 13.68221, 52.79081 ], [ 13.68186, 52.79096 ], [ 13.68017, 52.79128 ], [ 13.67969, 52.79129 ], [ 13.67933, 52.79125 ], [ 13.67914, 52.79119 ], [ 13.68102, 52.79073 ], [ 13.68205, 52.79054 ], [ 13.68228, 52.79039 ], [ 13.68245, 52.79034 ], [ 13.68255, 52.79034 ], [ 13.68251, 52.79041 ] ], [ [ 13.67824, 52.79067 ], [ 13.6781, 52.79085 ], [ 13.67776, 52.79104 ], [ 13.67698, 52.79126 ], [ 13.67677, 52.79127 ], [ 13.67658, 52.79122 ], [ 13.67649, 52.79097 ], [ 13.67669, 52.7908 ], [ 13.67726, 52.79068 ], [ 13.6779, 52.79062 ], [ 13.67824, 52.79067 ] ], [ [ 13.67826, 52.79125 ], [ 13.6782, 52.79136 ], [ 13.67799, 52.79147 ], [ 13.67773, 52.79148 ], [ 13.6775, 52.79141 ], [ 13.67761, 52.79131 ], [ 13.67793, 52.79121 ], [ 13.67812, 52.7912 ], [ 13.67826, 52.79125 ] ], [ [ 13.67493, 52.7879 ], [ 13.67498, 52.78819 ], [ 13.67492, 52.78825 ], [ 13.67432, 52.78824 ], [ 13.67405, 52.78815 ], [ 13.67403, 52.78803 ], [ 13.67427, 52.7879 ], [ 13.67476, 52.78784 ], [ 13.67493, 52.7879 ] ], [ [ 13.67501, 52.78846 ], [ 13.67586, 52.78858 ], [ 13.67593, 52.78865 ], [ 13.67565, 52.78876 ], [ 13.67545, 52.78879 ], [ 13.67524, 52.78868 ], [ 13.67501, 52.78846 ] ], [ [ 13.67462, 52.78887 ], [ 13.67479, 52.78911 ], [ 13.67471, 52.78934 ], [ 13.67472, 52.7896 ], [ 13.67461, 52.7897 ], [ 13.67396, 52.78947 ], [ 13.67373, 52.78918 ], [ 13.67377, 52.78901 ], [ 13.6741, 52.78876 ], [ 13.67437, 52.78873 ], [ 13.67462, 52.78887 ] ], [ [ 13.67665, 52.78974 ], [ 13.67662, 52.79012 ], [ 13.67646, 52.79013 ], [ 13.67621, 52.79003 ], [ 13.67619, 52.7899 ], [ 13.67653, 52.78962 ], [ 13.67665, 52.78974 ] ], [ [ 13.67262, 52.78629 ], [ 13.67272, 52.78641 ], [ 13.67265, 52.78648 ], [ 13.67229, 52.78645 ], [ 13.67215, 52.78639 ], [ 13.67221, 52.78628 ], [ 13.67243, 52.78625 ], [ 13.67262, 52.78629 ] ], [ [ 13.6952, 52.78643 ], [ 13.69526, 52.78662 ], [ 13.69512, 52.78668 ], [ 13.69497, 52.78668 ], [ 13.69476, 52.78648 ], [ 13.69471, 52.78632 ], [ 13.69494, 52.78626 ], [ 13.6952, 52.78643 ] ], [ [ 13.69368, 52.78647 ], [ 13.69354, 52.78659 ], [ 13.69332, 52.78665 ], [ 13.69301, 52.78661 ], [ 13.69287, 52.7865 ], [ 13.69337, 52.78644 ], [ 13.69368, 52.78647 ] ], [ [ 13.70894, 52.79202 ], [ 13.70891, 52.79217 ], [ 13.70866, 52.79244 ], [ 13.70839, 52.79259 ], [ 13.70811, 52.79265 ], [ 13.70804, 52.79262 ], [ 13.70807, 52.79246 ], [ 13.70845, 52.79213 ], [ 13.70883, 52.79197 ], [ 13.70894, 52.79202 ] ], [ [ 13.71258, 52.79104 ], [ 13.71277, 52.7912 ], [ 13.71297, 52.79158 ], [ 13.71244, 52.79111 ], [ 13.71235, 52.79095 ], [ 13.71258, 52.79104 ] ], [ [ 13.71189, 52.79092 ], [ 13.71201, 52.79103 ], [ 13.71212, 52.79127 ], [ 13.71206, 52.7914 ], [ 13.71193, 52.79142 ], [ 13.71167, 52.79136 ], [ 13.71141, 52.79115 ], [ 13.71162, 52.79093 ], [ 13.71175, 52.7909 ], [ 13.71189, 52.79092 ] ], [ [ 13.68977, 52.78467 ], [ 13.69006, 52.78482 ], [ 13.69009, 52.78489 ], [ 13.68936, 52.78497 ], [ 13.68889, 52.78491 ], [ 13.68887, 52.78487 ], [ 13.68898, 52.78477 ], [ 13.6893, 52.78466 ], [ 13.68947, 52.78464 ], [ 13.68977, 52.78467 ] ], [ [ 13.69283, 52.78439 ], [ 13.69238, 52.78446 ], [ 13.69219, 52.78457 ], [ 13.69209, 52.78458 ], [ 13.69199, 52.78452 ], [ 13.69181, 52.78423 ], [ 13.69204, 52.78422 ], [ 13.69272, 52.78407 ], [ 13.69307, 52.78406 ], [ 13.69378, 52.78415 ], [ 13.6939, 52.7842 ], [ 13.69417, 52.7841 ], [ 13.69497, 52.78393 ], [ 13.69633, 52.78376 ], [ 13.69665, 52.7838 ], [ 13.69637, 52.78395 ], [ 13.69633, 52.78404 ], [ 13.69638, 52.78407 ], [ 13.69718, 52.78409 ], [ 13.69728, 52.78413 ], [ 13.69714, 52.78424 ], [ 13.69648, 52.78434 ], [ 13.69628, 52.78433 ], [ 13.69588, 52.78421 ], [ 13.69458, 52.78435 ], [ 13.69378, 52.78433 ], [ 13.69283, 52.78439 ] ], [ [ 13.69886, 52.78355 ], [ 13.69843, 52.78365 ], [ 13.6982, 52.78386 ], [ 13.69798, 52.78383 ], [ 13.69802, 52.78373 ], [ 13.69836, 52.78359 ], [ 13.69867, 52.78351 ], [ 13.69886, 52.78355 ] ], [ [ 13.67693, 52.78293 ], [ 13.67723, 52.78317 ], [ 13.67773, 52.78325 ], [ 13.6774, 52.78331 ], [ 13.67684, 52.78334 ], [ 13.67647, 52.78327 ], [ 13.6758, 52.78322 ], [ 13.67553, 52.78313 ], [ 13.676, 52.78302 ], [ 13.67693, 52.78293 ] ], [ [ 13.68005, 52.7827 ], [ 13.68086, 52.78274 ], [ 13.68077, 52.7828 ], [ 13.67949, 52.78299 ], [ 13.67902, 52.78301 ], [ 13.67884, 52.78297 ], [ 13.67952, 52.78277 ], [ 13.68005, 52.7827 ] ], [ [ 13.6783, 52.78242 ], [ 13.67733, 52.78259 ], [ 13.67699, 52.78273 ], [ 13.67675, 52.78277 ], [ 13.67624, 52.78272 ], [ 13.6759, 52.78244 ], [ 13.67575, 52.78238 ], [ 13.67555, 52.78245 ], [ 13.67569, 52.7826 ], [ 13.67566, 52.78266 ], [ 13.67499, 52.7826 ], [ 13.67489, 52.78252 ], [ 13.6754, 52.78244 ], [ 13.6756, 52.78229 ], [ 13.67603, 52.78226 ], [ 13.67631, 52.78216 ], [ 13.67657, 52.78217 ], [ 13.67679, 52.78208 ], [ 13.67711, 52.78211 ], [ 13.67738, 52.78229 ], [ 13.67774, 52.78238 ], [ 13.67788, 52.78237 ], [ 13.67817, 52.78224 ], [ 13.67853, 52.78234 ], [ 13.6783, 52.78242 ] ], [ [ 13.68354, 52.78229 ], [ 13.68354, 52.78241 ], [ 13.68309, 52.78257 ], [ 13.68214, 52.78274 ], [ 13.68157, 52.78271 ], [ 13.68171, 52.78262 ], [ 13.68221, 52.7825 ], [ 13.68266, 52.78232 ], [ 13.68321, 52.78227 ], [ 13.68354, 52.78229 ] ], [ [ 13.6823, 52.78145 ], [ 13.68241, 52.78158 ], [ 13.68216, 52.78179 ], [ 13.68143, 52.78205 ], [ 13.68107, 52.78206 ], [ 13.68115, 52.78193 ], [ 13.68142, 52.78174 ], [ 13.68145, 52.78145 ], [ 13.68168, 52.78139 ], [ 13.6823, 52.78145 ] ], [ [ 13.67885, 52.7817 ], [ 13.67882, 52.7818 ], [ 13.67862, 52.78193 ], [ 13.67839, 52.78189 ], [ 13.6783, 52.78181 ], [ 13.67831, 52.78171 ], [ 13.67837, 52.78168 ], [ 13.67874, 52.78165 ], [ 13.67885, 52.7817 ] ], [ [ 13.6835, 52.78177 ], [ 13.68364, 52.78189 ], [ 13.68359, 52.782 ], [ 13.68332, 52.7821 ], [ 13.68312, 52.78205 ], [ 13.68307, 52.78198 ], [ 13.68328, 52.78168 ], [ 13.6835, 52.78177 ] ], [ [ 13.68555, 52.78074 ], [ 13.68573, 52.78086 ], [ 13.68574, 52.78109 ], [ 13.68549, 52.78152 ], [ 13.68536, 52.78159 ], [ 13.68526, 52.78145 ], [ 13.68522, 52.78093 ], [ 13.68497, 52.78064 ], [ 13.68527, 52.78066 ], [ 13.68555, 52.78074 ] ], [ [ 13.6844, 52.78087 ], [ 13.68425, 52.78091 ], [ 13.68367, 52.78123 ], [ 13.68348, 52.78127 ], [ 13.68312, 52.78124 ], [ 13.68288, 52.78112 ], [ 13.68305, 52.78096 ], [ 13.68299, 52.78072 ], [ 13.68329, 52.78069 ], [ 13.68346, 52.78056 ], [ 13.68369, 52.7805 ], [ 13.68378, 52.78035 ], [ 13.68396, 52.78057 ], [ 13.68436, 52.78061 ], [ 13.68448, 52.78071 ], [ 13.6844, 52.78087 ] ], [ [ 13.68305, 52.78 ], [ 13.68314, 52.78009 ], [ 13.68319, 52.78029 ], [ 13.68316, 52.78041 ], [ 13.68302, 52.78046 ], [ 13.68254, 52.78016 ], [ 13.68206, 52.77996 ], [ 13.68166, 52.77989 ], [ 13.68074, 52.77986 ], [ 13.67986, 52.77973 ], [ 13.67885, 52.77971 ], [ 13.67877, 52.77962 ], [ 13.67878, 52.77944 ], [ 13.67907, 52.77939 ], [ 13.67942, 52.77941 ], [ 13.67965, 52.77947 ], [ 13.68006, 52.77947 ], [ 13.68032, 52.77955 ], [ 13.68085, 52.77947 ], [ 13.68181, 52.77952 ], [ 13.68218, 52.77971 ], [ 13.68268, 52.77982 ], [ 13.68305, 52.78 ] ], [ [ 13.67483, 52.77943 ], [ 13.67488, 52.77948 ], [ 13.67464, 52.77965 ], [ 13.67442, 52.77968 ], [ 13.67421, 52.7796 ], [ 13.67429, 52.77945 ], [ 13.67445, 52.77938 ], [ 13.67483, 52.77943 ] ], [ [ 13.68232, 52.78055 ], [ 13.6819, 52.78091 ], [ 13.68177, 52.78096 ], [ 13.68158, 52.78097 ], [ 13.68112, 52.78078 ], [ 13.68081, 52.78048 ], [ 13.68055, 52.78035 ], [ 13.68039, 52.78039 ], [ 13.67992, 52.78062 ], [ 13.67976, 52.78076 ], [ 13.67958, 52.78079 ], [ 13.67889, 52.78027 ], [ 13.67876, 52.78011 ], [ 13.67875, 52.77998 ], [ 13.67884, 52.77989 ], [ 13.67923, 52.77979 ], [ 13.67949, 52.77977 ], [ 13.67975, 52.77981 ], [ 13.6799, 52.77986 ], [ 13.68023, 52.78018 ], [ 13.68043, 52.78028 ], [ 13.68101, 52.78004 ], [ 13.68134, 52.78 ], [ 13.68153, 52.78002 ], [ 13.68211, 52.78028 ], [ 13.68228, 52.78042 ], [ 13.68232, 52.78055 ] ], [ [ 13.67898, 52.78079 ], [ 13.67937, 52.7812 ], [ 13.67936, 52.78134 ], [ 13.67914, 52.78133 ], [ 13.67903, 52.78128 ], [ 13.67874, 52.78101 ], [ 13.67879, 52.78076 ], [ 13.67887, 52.78075 ], [ 13.67898, 52.78079 ] ], [ [ 13.70309, 52.78358 ], [ 13.70342, 52.7837 ], [ 13.70344, 52.78385 ], [ 13.70292, 52.78399 ], [ 13.70241, 52.78438 ], [ 13.70213, 52.78446 ], [ 13.70193, 52.78461 ], [ 13.70183, 52.7846 ], [ 13.70179, 52.7845 ], [ 13.70204, 52.78441 ], [ 13.70216, 52.78428 ], [ 13.70213, 52.78392 ], [ 13.70202, 52.78382 ], [ 13.70214, 52.78369 ], [ 13.7026, 52.78367 ], [ 13.70281, 52.7836 ], [ 13.70309, 52.78358 ] ], [ [ 13.71059, 52.78717 ], [ 13.71078, 52.78734 ], [ 13.71063, 52.7874 ], [ 13.70996, 52.78737 ], [ 13.70978, 52.78731 ], [ 13.71012, 52.78711 ], [ 13.71032, 52.7871 ], [ 13.71059, 52.78717 ] ] ] } },
{ "type": "Feature", "properties": { "boden": "90 % ziemlich arm, trocken (vermutet) (Z3) · 10 % mittel, trocken (vermutet) (M3)" }, "geometry": { "type": "Polygon", "coordinates": [ [ [ 13.69411, 52.78701 ], [ 13.69351, 52.78712 ], [ 13.69303, 52.78733 ], [ 13.693, 52.7875 ], [ 13.69263, 52.78769 ], [ 13.69258, 52.78777 ], [ 13.69339, 52.7878 ], [ 13.69465, 52.78775 ], [ 13.69453, 52.7877 ], [ 13.69416, 52.78765 ], [ 13.69391, 52.78752 ], [ 13.69393, 52.78744 ], [ 13.69413, 52.7874 ], [ 13.6942, 52.78732 ], [ 13.69422, 52.78717 ], [ 13.69411, 52.78701 ] ] ] } },
{ "type": "Feature", "properties": { "boden": "90 % ziemlich arm, trocken (vermutet) (Z3) · 10 % mittel, trocken (vermutet) (M3)" }, "geometry": { "type": "Polygon", "coordinates": [ [ [ 13.68978, 52.7871 ], [ 13.68899, 52.78722 ], [ 13.68935, 52.7875 ], [ 13.6892, 52.78763 ], [ 13.68915, 52.78773 ], [ 13.68919, 52.78781 ], [ 13.68935, 52.78784 ], [ 13.68955, 52.7878 ], [ 13.68991, 52.78753 ], [ 13.69011, 52.78725 ], [ 13.69003, 52.78714 ], [ 13.68978, 52.7871 ] ] ] } },
{ "type": "Feature", "properties": { "boden": "90 % ziemlich arm, trocken (vermutet) (Z3) · 10 % mittel, trocken (vermutet) (M3)" }, "geometry": { "type": "Polygon", "coordinates": [ [ [ 13.68553, 52.78787 ], [ 13.68499, 52.78731 ], [ 13.68482, 52.7873 ], [ 13.6845, 52.78744 ], [ 13.68448, 52.78753 ], [ 13.68458, 52.78769 ], [ 13.68479, 52.78782 ], [ 13.68553, 52.78787 ] ] ] } },
{ "type": "Feature", "properties": { "boden": "90 % ziemlich arm, mäßig frisch (Z2) · 10 % mittel, mäßig frisch (M2)" }, "geometry": { "type": "Polygon", "coordinates": [ [ [ 13.70888, 52.78616 ], [ 13.70855, 52.78607 ], [ 13.70811, 52.78624 ], [ 13.70799, 52.78635 ], [ 13.7077, 52.78646 ], [ 13.70766, 52.78655 ], [ 13.70785, 52.78658 ], [ 13.70818, 52.78652 ], [ 13.70842, 52.78643 ], [ 13.70863, 52.78627 ], [ 13.70906, 52.78629 ], [ 13.70888, 52.78616 ] ] ] } },
{ "type": "Feature", "properties": { "boden": "90 % ziemlich arm, mäßig frisch (Z2) · 10 % mittel, mäßig frisch (M2)" }, "geometry": { "type": "Polygon", "coordinates": [ [ [ 13.71847, 52.78446 ], [ 13.7179, 52.7849 ], [ 13.71769, 52.78526 ], [ 13.7176, 52.78589 ], [ 13.71767, 52.78612 ], [ 13.71783, 52.78627 ], [ 13.71781, 52.78645 ], [ 13.7169, 52.78696 ], [ 13.71664, 52.7872 ], [ 13.71631, 52.78766 ], [ 13.71591, 52.78789 ], [ 13.71551, 52.78824 ], [ 13.71543, 52.78847 ], [ 13.71556, 52.78858 ], [ 13.7157, 52.7886 ], [ 13.71628, 52.78834 ], [ 13.71673, 52.78796 ], [ 13.71698, 52.78747 ], [ 13.71781, 52.7871 ], [ 13.71868, 52.78636 ], [ 13.71872, 52.78629 ], [ 13.71866, 52.78623 ], [ 13.71827, 52.78609 ], [ 13.71814, 52.78576 ], [ 13.71832, 52.78542 ], [ 13.71869, 52.78509 ], [ 13.71865, 52.78466 ], [ 13.71853, 52.78447 ], [ 13.71847, 52.78446 ] ] ] } },
{ "type": "Feature", "properties": { "boden": "90 % ziemlich arm, trocken (vermutet) (Z3) · 10 % mittel, trocken (vermutet) (M3)" }, "geometry": { "type": "Polygon", "coordinates": [ [ [ 13.71073, 52.78678 ], [ 13.7113, 52.78696 ], [ 13.71145, 52.78706 ], [ 13.71149, 52.78697 ], [ 13.71144, 52.78683 ], [ 13.71128, 52.78669 ], [ 13.71063, 52.78671 ], [ 13.71073, 52.78678 ] ] ] } },
{ "type": "Feature", "properties": { "boden": "90 % ziemlich arm, trocken (vermutet) (Z3) · 10 % mittel, trocken (vermutet) (M3)" }, "geometry": { "type": "Polygon", "coordinates": [ [ [ 13.71664, 52.78677 ], [ 13.71632, 52.78678 ], [ 13.71605, 52.78686 ], [ 13.71577, 52.78722 ], [ 13.71523, 52.78752 ], [ 13.71536, 52.78769 ], [ 13.71576, 52.78777 ], [ 13.71608, 52.7876 ], [ 13.71662, 52.78696 ], [ 13.71664, 52.78677 ] ] ] } },
{ "type": "Feature", "properties": { "boden": "90 % ziemlich arm, trocken (vermutet) (Z3) · 10 % mittel, trocken (vermutet) (M3)" }, "geometry": { "type": "Polygon", "coordinates": [ [ [ 13.71032, 52.7871 ], [ 13.71006, 52.78713 ], [ 13.70996, 52.78723 ], [ 13.70979, 52.78728 ], [ 13.7098, 52.78733 ], [ 13.71043, 52.78741 ], [ 13.71074, 52.78738 ], [ 13.71076, 52.78729 ], [ 13.71059, 52.78717 ], [ 13.71032, 52.7871 ] ] ] } },
{ "type": "Feature", "properties": { "boden": "90 % ziemlich arm, mäßig frisch (Z2) · 10 % mittel, mäßig frisch (M2)" }, "geometry": { "type": "Polygon", "coordinates": [ [ [ 13.71949, 52.789 ], [ 13.72051, 52.78894 ], [ 13.72094, 52.78879 ], [ 13.72126, 52.78879 ], [ 13.7215, 52.78895 ], [ 13.72197, 52.78877 ], [ 13.72229, 52.78858 ], [ 13.72241, 52.78822 ], [ 13.72349, 52.78742 ], [ 13.72372, 52.78718 ], [ 13.72372, 52.7867 ], [ 13.72349, 52.78675 ], [ 13.72279, 52.78756 ], [ 13.72245, 52.78782 ], [ 13.72206, 52.78802 ], [ 13.72194, 52.7882 ], [ 13.72174, 52.7883 ], [ 13.71931, 52.78854 ], [ 13.7192, 52.78851 ], [ 13.71924, 52.78834 ], [ 13.71893, 52.78833 ], [ 13.71862, 52.78849 ], [ 13.71739, 52.78877 ], [ 13.7167, 52.78908 ], [ 13.71649, 52.78913 ], [ 13.71633, 52.78912 ], [ 13.71623, 52.78924 ], [ 13.71602, 52.78929 ], [ 13.71571, 52.78928 ], [ 13.71549, 52.78918 ], [ 13.71535, 52.78901 ], [ 13.71514, 52.78901 ], [ 13.71534, 52.78925 ], [ 13.71585, 52.78952 ], [ 13.71651, 52.78924 ], [ 13.71758, 52.78897 ], [ 13.71856, 52.78893 ], [ 13.71868, 52.78902 ], [ 13.7189, 52.78908 ], [ 13.71949, 52.789 ] ] ] } },
{ "type": "Feature", "properties": { "boden": "90 % ziemlich arm, mäßig frisch (Z2) · 10 % mittel, mäßig frisch (M2)" }, "geometry": { "type": "Polygon", "coordinates": [ [ [ 13.71264, 52.78818 ], [ 13.71254, 52.78827 ], [ 13.71237, 52.78817 ], [ 13.71243, 52.78808 ], [ 13.71003, 52.78678 ], [ 13.71092, 52.78734 ], [ 13.71115, 52.78753 ], [ 13.7111, 52.78766 ], [ 13.71115, 52.78792 ], [ 13.71098, 52.78802 ], [ 13.71124, 52.78824 ], [ 13.71123, 52.78845 ], [ 13.71132, 52.78864 ], [ 13.71155, 52.78878 ], [ 13.71152, 52.78883 ], [ 13.71125, 52.78896 ], [ 13.71118, 52.78909 ], [ 13.71118, 52.78925 ], [ 13.71125, 52.78936 ], [ 13.71138, 52.78942 ], [ 13.71169, 52.7894 ], [ 13.71176, 52.78933 ], [ 13.71195, 52.78906 ], [ 13.71195, 52.78878 ], [ 13.71207, 52.78864 ], [ 13.7125, 52.78845 ], [ 13.71293, 52.78851 ], [ 13.71293, 52.7884 ], [ 13.71264, 52.78818 ] ] ] } },
{ "type": "Feature", "properties": { "boden": "90 % ziemlich arm, trocken (vermutet) (Z3) · 10 % mittel, trocken (vermutet) (M3)" }, "geometry": { "type": "Polygon", "coordinates": [ [ [ 13.71411, 52.78857 ], [ 13.71461, 52.78872 ], [ 13.71498, 52.78889 ], [ 13.71523, 52.78828 ], [ 13.71525, 52.78815 ], [ 13.71518, 52.78805 ], [ 13.71499, 52.78799 ], [ 13.71469, 52.78799 ], [ 13.71424, 52.78815 ], [ 13.71407, 52.78832 ], [ 13.71411, 52.78857 ] ] ] } },
{ "type": "Feature", "properties": { "boden": "90 % ziemlich arm, mäßig frisch (Z2) · 10 % mittel, mäßig frisch (M2)" }, "geometry": { "type": "Polygon", "coordinates": [ [ [ 13.70711, 52.78857 ], [ 13.70689, 52.78862 ], [ 13.70694, 52.78876 ], [ 13.70721, 52.78894 ], [ 13.70748, 52.78894 ], [ 13.70761, 52.78884 ], [ 13.7076, 52.78869 ], [ 13.70738, 52.7886 ], [ 13.70711, 52.78857 ] ] ] } },
{ "type": "Feature", "properties": { "boden": "90 % ziemlich arm, trocken (vermutet) (Z3) · 10 % mittel, trocken (vermutet) (M3)" }, "geometry": { "type": "Polygon", "coordinates": [ [ [ 13.71092, 52.78933 ], [ 13.71093, 52.78873 ], [ 13.71072, 52.78814 ], [ 13.71078, 52.78775 ], [ 13.71065, 52.78768 ], [ 13.70985, 52.78759 ], [ 13.70952, 52.7875 ], [ 13.70941, 52.78758 ], [ 13.70939, 52.78776 ], [ 13.70978, 52.78793 ], [ 13.71004, 52.78829 ], [ 13.71005, 52.78852 ], [ 13.71018, 52.78869 ], [ 13.7102, 52.78897 ], [ 13.71006, 52.78928 ], [ 13.71009, 52.78932 ], [ 13.71038, 52.78937 ], [ 13.71028, 52.78975 ], [ 13.71041, 52.78987 ], [ 13.71065, 52.78993 ], [ 13.71071, 52.79008 ], [ 13.71067, 52.79026 ], [ 13.71076, 52.79036 ], [ 13.71085, 52.79037 ], [ 13.71098, 52.79027 ], [ 13.71105, 52.78985 ], [ 13.71092, 52.78933 ] ] ] } },
{ "type": "Feature", "properties": { "boden": "100 % mittel, mäßig frisch (M+2g)" }, "geometry": { "type": "Polygon", "coordinates": [ [ [ 13.72656, 52.78779 ], [ 13.72718, 52.78772 ], [ 13.72672, 52.78769 ], [ 13.72575, 52.7875 ], [ 13.72581, 52.78759 ], [ 13.72574, 52.7877 ], [ 13.72556, 52.78774 ], [ 13.72538, 52.7877 ], [ 13.72531, 52.78759 ], [ 13.72539, 52.78748 ], [ 13.72552, 52.78745 ], [ 13.72429, 52.7872 ], [ 13.72393, 52.78716 ], [ 13.72372, 52.78718 ], [ 13.72349, 52.78742 ], [ 13.72282, 52.78791 ], [ 13.72656, 52.78779 ] ] ] } },
{ "type": "Feature", "properties": { "boden": "100 % kräftig, mäßig frisch (K2)" }, "geometry": { "type": "Polygon", "coordinates": [ [ [ 13.72954, 52.78748 ], [ 13.72936, 52.78753 ], [ 13.72928, 52.78763 ], [ 13.72935, 52.78774 ], [ 13.72953, 52.78779 ], [ 13.72971, 52.78775 ], [ 13.72979, 52.78764 ], [ 13.72972, 52.78753 ], [ 13.72954, 52.78748 ] ] ] } },
{ "type": "Feature", "properties": { "boden": "100 % mittel, mäßig frisch (M+2g)" }, "geometry": { "type": "Polygon", "coordinates": [ [ [ 13.72552, 52.78745 ], [ 13.72539, 52.78748 ], [ 13.72531, 52.78759 ], [ 13.72538, 52.7877 ], [ 13.72556, 52.78774 ], [ 13.72574, 52.7877 ], [ 13.72581, 52.78759 ], [ 13.72575, 52.7875 ], [ 13.72552, 52.78745 ] ] ] } },
{ "type": "Feature", "properties": { "boden": "100 % kräftig, mäßig frisch (K2)" }, "geometry": { "type": "Polygon", "coordinates": [ [ [ 13.72866, 52.78748 ], [ 13.72848, 52.78753 ], [ 13.7284, 52.78763 ], [ 13.72847, 52.78774 ], [ 13.72865, 52.78779 ], [ 13.72883, 52.78775 ], [ 13.72891, 52.78764 ], [ 13.72884, 52.78753 ], [ 13.72866, 52.78748 ] ] ] } },
{ "type": "Feature", "properties": { "boden": "100 % kräftig, mäßig frisch (K2)" }, "geometry": { "type": "Polygon", "coordinates": [ [ [ 13.73045, 52.78752 ], [ 13.73028, 52.78756 ], [ 13.7302, 52.78766 ], [ 13.73027, 52.78777 ], [ 13.73045, 52.78782 ], [ 13.73062, 52.78778 ], [ 13.7307, 52.78767 ], [ 13.73063, 52.78756 ], [ 13.73045, 52.78752 ] ] ] } },
{ "type": "Feature", "properties": { "boden": "40 % ziemlich arm, trocken (vermutet) (Z3) · 30 % mittel, trocken (vermutet) (M3) · 30 % mittel, trocken (vermutet) (M+3)" }, "geometry": { "type": "Polygon", "coordinates": [ [ [ 13.73363, 52.78789 ], [ 13.73246, 52.78767 ], [ 13.73176, 52.78773 ], [ 13.73145, 52.78789 ], [ 13.73161, 52.78798 ], [ 13.73177, 52.78788 ], [ 13.7321, 52.78799 ], [ 13.73239, 52.78799 ], [ 13.73341, 52.7881 ], [ 13.73375, 52.78804 ], [ 13.73363, 52.78789 ] ] ] } },
{ "type": "Feature", "properties": { "boden": "40 % ziemlich arm, trocken (vermutet) (Z3) · 30 % mittel, trocken (vermutet) (M3) · 30 % mittel, trocken (vermutet) (M+3)" }, "geometry": { "type": "Polygon", "coordinates": [ [ [ 13.72774, 52.78794 ], [ 13.72739, 52.78796 ], [ 13.7273, 52.78799 ], [ 13.72732, 52.78804 ], [ 13.72785, 52.78816 ], [ 13.72865, 52.78822 ], [ 13.72925, 52.78822 ], [ 13.72992, 52.78813 ], [ 13.72821, 52.78803 ], [ 13.72774, 52.78794 ] ] ] } },
{ "type": "Feature", "properties": { "boden": "40 % ziemlich arm, trocken (vermutet) (Z3) · 30 % mittel, trocken (vermutet) (M3) · 30 % mittel, trocken (vermutet) (M+3)" }, "geometry": { "type": "Polygon", "coordinates": [ [ [ 13.72656, 52.78813 ], [ 13.72428, 52.7879 ], [ 13.72405, 52.78792 ], [ 13.72385, 52.78801 ], [ 13.72391, 52.7881 ], [ 13.72407, 52.78813 ], [ 13.72476, 52.78811 ], [ 13.72525, 52.78824 ], [ 13.72549, 52.78826 ], [ 13.72597, 52.78824 ], [ 13.72656, 52.78813 ] ] ] } },
{ "type": "Feature", "properties": { "boden": "40 % ziemlich arm, mäßig frisch (Z2) · 30 % mittel, mäßig frisch (M2) · 30 % mittel, mäßig frisch (M+2)" }, "geometry": { "type": "Polygon", "coordinates": [ [ [ 13.72282, 52.78791 ], [ 13.72241, 52.78822 ], [ 13.72229, 52.78858 ], [ 13.72244, 52.78843 ], [ 13.72276, 52.78836 ], [ 13.72263, 52.7882 ], [ 13.723, 52.78791 ], [ 13.72282, 52.78791 ] ] ] } },
{ "type": "Feature", "properties": { "boden": "40 % ziemlich arm, mäßig frisch (Z2) · 30 % mittel, mäßig frisch (M2) · 30 % mittel, mäßig frisch (M+2)" }, "geometry": { "type": "Polygon", "coordinates": [ [ [ 13.73322, 52.7884 ], [ 13.73213, 52.78838 ], [ 13.73195, 52.78832 ], [ 13.73182, 52.78816 ], [ 13.73169, 52.78815 ], [ 13.73104, 52.78825 ], [ 13.73085, 52.78832 ], [ 13.73093, 52.78839 ], [ 13.73123, 52.78838 ], [ 13.73161, 52.78843 ], [ 13.7318, 52.7884 ], [ 13.73204, 52.78856 ], [ 13.7325, 52.78866 ], [ 13.73355, 52.7887 ], [ 13.73378, 52.78869 ], [ 13.73397, 52.78862 ], [ 13.73381, 52.78849 ], [ 13.73322, 52.7884 ] ] ] } },
{ "type": "Feature", "properties": { "boden": "90 % ziemlich arm, mäßig frisch (Z2) · 10 % mittel, mäßig frisch (M2)" }, "geometry": { "type": "Polygon", "coordinates": [ [ [ 13.69513, 52.78686 ], [ 13.69499, 52.78688 ], [ 13.69501, 52.78698 ], [ 13.6949, 52.78704 ], [ 13.6946, 52.78715 ], [ 13.69455, 52.78728 ], [ 13.69461, 52.78741 ], [ 13.69509, 52.7874 ], [ 13.69545, 52.78722 ], [ 13.69553, 52.78713 ], [ 13.69541, 52.78703 ], [ 13.6954, 52.78692 ], [ 13.69513, 52.78686 ] ] ] } },
{ "type": "Feature", "properties": { "boden": "90 % ziemlich arm, trocken (vermutet) (Z3) · 10 % mittel, trocken (vermutet) (M3)" }, "geometry": { "type": "Polygon", "coordinates": [ [ [ 13.695, 52.78785 ], [ 13.6948, 52.7879 ], [ 13.69478, 52.78797 ], [ 13.69492, 52.78818 ], [ 13.69554, 52.78832 ], [ 13.69642, 52.78858 ], [ 13.69662, 52.78859 ], [ 13.69659, 52.78845 ], [ 13.69632, 52.78825 ], [ 13.69605, 52.78814 ], [ 13.69577, 52.78809 ], [ 13.69543, 52.78792 ], [ 13.695, 52.78785 ] ] ] } },
{ "type": "Feature", "properties": { "boden": "90 % ziemlich arm, mäßig frisch (Z2) · 10 % mittel, mäßig frisch (M2)" }, "geometry": { "type": "Polygon", "coordinates": [ [ [ 13.69631, 52.78885 ], [ 13.69567, 52.78881 ], [ 13.69532, 52.78853 ], [ 13.69466, 52.78845 ], [ 13.69413, 52.78832 ], [ 13.69414, 52.78824 ], [ 13.69437, 52.78803 ], [ 13.69436, 52.78795 ], [ 13.69427, 52.78792 ], [ 13.69392, 52.78798 ], [ 13.69336, 52.78797 ], [ 13.69286, 52.788 ], [ 13.69249, 52.7881 ], [ 13.69229, 52.78824 ], [ 13.69239, 52.7883 ], [ 13.69386, 52.78861 ], [ 13.69472, 52.78898 ], [ 13.69562, 52.78922 ], [ 13.69588, 52.78924 ], [ 13.69637, 52.78907 ], [ 13.69651, 52.78892 ], [ 13.69631, 52.78885 ] ] ] } },
{ "type": "Feature", "properties": { "boden": "90 % ziemlich arm, trocken (vermutet) (Z3) · 10 % mittel, trocken (vermutet) (M3)" }, "geometry": { "type": "Polygon", "coordinates": [ [ [ 13.704, 52.78989 ], [ 13.70359, 52.78983 ], [ 13.70294, 52.78985 ], [ 13.70265, 52.78946 ], [ 13.70224, 52.78926 ], [ 13.70148, 52.78867 ], [ 13.70102, 52.78856 ], [ 13.70058, 52.78839 ], [ 13.7005, 52.78841 ], [ 13.70067, 52.78871 ], [ 13.70096, 52.78892 ], [ 13.7015, 52.78921 ], [ 13.70197, 52.78939 ], [ 13.70217, 52.78955 ], [ 13.70209, 52.78965 ], [ 13.70182, 52.78972 ], [ 13.70069, 52.78976 ], [ 13.70059, 52.78981 ], [ 13.70131, 52.79002 ], [ 13.70193, 52.78993 ], [ 13.70245, 52.78991 ], [ 13.7027, 52.78993 ], [ 13.70306, 52.79002 ], [ 13.70327, 52.79018 ], [ 13.70335, 52.79031 ], [ 13.70327, 52.79049 ], [ 13.70301, 52.79068 ], [ 13.70302, 52.79075 ], [ 13.70313, 52.7908 ], [ 13.70324, 52.79078 ], [ 13.70353, 52.79057 ], [ 13.70395, 52.7904 ], [ 13.70408, 52.79025 ], [ 13.70415, 52.79004 ], [ 13.704, 52.78989 ] ] ] } },
{ "type": "Feature", "properties": { "boden": "90 % ziemlich arm, trocken (vermutet) (Z3) · 10 % mittel, trocken (vermutet) (M3)" }, "geometry": { "type": "Polygon", "coordinates": [ [ [ 13.69741, 52.79004 ], [ 13.69785, 52.79001 ], [ 13.69821, 52.7898 ], [ 13.69842, 52.78979 ], [ 13.69858, 52.78972 ], [ 13.69872, 52.78958 ], [ 13.69894, 52.78946 ], [ 13.69891, 52.78941 ], [ 13.69811, 52.78915 ], [ 13.69763, 52.78907 ], [ 13.69753, 52.7891 ], [ 13.69764, 52.78943 ], [ 13.69755, 52.7896 ], [ 13.69683, 52.78981 ], [ 13.69656, 52.79005 ], [ 13.69616, 52.79016 ], [ 13.69601, 52.79033 ], [ 13.69626, 52.79036 ], [ 13.69657, 52.79026 ], [ 13.69688, 52.79025 ], [ 13.69741, 52.79004 ] ] ] } },
{ "type": "Feature", "properties": { "boden": "90 % ziemlich arm, trocken (vermutet) (Z3) · 10 % mittel, trocken (vermutet) (M3)" }, "geometry": { "type": "Polygon", "coordinates": [ [ [ 13.6957, 52.79017 ], [ 13.69521, 52.79005 ], [ 13.69504, 52.78995 ], [ 13.69499, 52.78985 ], [ 13.69516, 52.78964 ], [ 13.69497, 52.78941 ], [ 13.6948, 52.78933 ], [ 13.69399, 52.7892 ], [ 13.69416, 52.78942 ], [ 13.69409, 52.78955 ], [ 13.69391, 52.78967 ], [ 13.69394, 52.78978 ], [ 13.69425, 52.78989 ], [ 13.6948, 52.79 ], [ 13.69488, 52.79016 ], [ 13.69504, 52.79014 ], [ 13.69523, 52.79021 ], [ 13.69536, 52.79019 ], [ 13.6957, 52.79026 ], [ 13.69576, 52.79024 ], [ 13.6957, 52.79017 ] ] ] } },
{ "type": "Feature", "properties": { "boden": "90 % ziemlich arm, mäßig frisch (Z2) · 10 % mittel, mäßig frisch (M2)" }, "geometry": { "type": "Polygon", "coordinates": [ [ [ 13.69999, 52.78977 ], [ 13.70002, 52.79005 ], [ 13.7003, 52.7903 ], [ 13.70036, 52.79023 ], [ 13.7003, 52.79007 ], [ 13.69999, 52.78977 ] ] ] } },
{ "type": "Feature", "properties": { "boden": "90 % ziemlich arm, trocken (vermutet) (Z3) · 10 % mittel, trocken (vermutet) (M3)" }, "geometry": { "type": "Polygon", "coordinates": [ [ [ 13.69943, 52.79007 ], [ 13.69916, 52.79013 ], [ 13.69915, 52.79022 ], [ 13.69929, 52.79032 ], [ 13.69964, 52.79038 ], [ 13.69972, 52.79026 ], [ 13.69968, 52.79017 ], [ 13.69958, 52.79009 ], [ 13.69943, 52.79007 ] ] ] } },
{ "type": "Feature", "properties": { "boden": "90 % ziemlich arm, mäßig frisch (Z2) · 10 % mittel, mäßig frisch (M2)" }, "geometry": { "type": "Polygon", "coordinates": [ [ [ 13.70166, 52.79031 ], [ 13.70193, 52.79032 ], [ 13.70224, 52.79015 ], [ 13.70126, 52.79021 ], [ 13.70075, 52.79037 ], [ 13.70111, 52.7904 ], [ 13.70166, 52.79031 ] ] ] } },
{ "type": "Feature", "properties": { "boden": "90 % ziemlich arm, trocken (vermutet) (Z3) · 10 % mittel, trocken (vermutet) (M3)" }, "geometry": { "type": "Polygon", "coordinates": [ [ [ 13.69956, 52.79062 ], [ 13.6995, 52.79053 ], [ 13.69926, 52.79048 ], [ 13.69908, 52.79062 ], [ 13.69887, 52.79064 ], [ 13.69882, 52.7907 ], [ 13.69905, 52.79082 ], [ 13.69911, 52.79071 ], [ 13.69956, 52.79062 ] ] ] } },
{ "type": "Feature", "properties": { "boden": "90 % ziemlich arm, mäßig frisch (Z2) · 10 % mittel, mäßig frisch (M2)" }, "geometry": { "type": "Polygon", "coordinates": [ [ [ 13.72051, 52.78894 ], [ 13.71949, 52.789 ], [ 13.7189, 52.78908 ], [ 13.719, 52.78911 ], [ 13.71934, 52.78942 ], [ 13.72051, 52.78894 ] ] ] } },
{ "type": "Feature", "properties": { "boden": "90 % ziemlich arm, trocken (vermutet) (Z3) · 10 % mittel, trocken (vermutet) (M3)" }, "geometry": { "type": "Polygon", "coordinates": [ [ [ 13.71344, 52.78941 ], [ 13.71365, 52.78941 ], [ 13.71426, 52.78925 ], [ 13.71379, 52.78893 ], [ 13.71354, 52.78884 ], [ 13.71341, 52.78904 ], [ 13.71266, 52.78936 ], [ 13.71238, 52.78954 ], [ 13.71248, 52.78959 ], [ 13.71273, 52.78959 ], [ 13.71334, 52.78947 ], [ 13.71344, 52.78941 ] ] ] } },
{ "type": "Feature", "properties": { "boden": "90 % ziemlich arm, trocken (vermutet) (Z3) · 10 % mittel, trocken (vermutet) (M3)" }, "geometry": { "type": "Polygon", "coordinates": [ [ [ 13.708, 52.7901 ], [ 13.70795, 52.78995 ], [ 13.70774, 52.78968 ], [ 13.70646, 52.78896 ], [ 13.70617, 52.78833 ], [ 13.70589, 52.78818 ], [ 13.70585, 52.78806 ], [ 13.70568, 52.78793 ], [ 13.70552, 52.78786 ], [ 13.70538, 52.78789 ], [ 13.70524, 52.78797 ], [ 13.70519, 52.78808 ], [ 13.70537, 52.78834 ], [ 13.70557, 52.78848 ], [ 13.70588, 52.78886 ], [ 13.7062, 52.78913 ], [ 13.70666, 52.7893 ], [ 13.70691, 52.78946 ], [ 13.70703, 52.78982 ], [ 13.7069, 52.79012 ], [ 13.70693, 52.7902 ], [ 13.7071, 52.79025 ], [ 13.70745, 52.79025 ], [ 13.70763, 52.79045 ], [ 13.70782, 52.7905 ], [ 13.70797, 52.79034 ], [ 13.708, 52.7901 ] ] ] } },
{ "type": "Feature", "properties": { "boden": "100 % mittel, mäßig frisch (M2)" }, "geometry": { "type": "Polygon", "coordinates": [ [ [ 13.71868, 52.78902 ], [ 13.71856, 52.78893 ], [ 13.71758, 52.78897 ], [ 13.71651, 52.78924 ], [ 13.71585, 52.78952 ], [ 13.7163, 52.78977 ], [ 13.71635, 52.78967 ], [ 13.71673, 52.7896 ], [ 13.71727, 52.7894 ], [ 13.7189, 52.78908 ], [ 13.71868, 52.78902 ] ] ] } },
{ "type": "Feature", "properties": { "boden": "90 % ziemlich arm, mäßig frisch (Z2) · 10 % mittel, mäßig frisch (M2)" }, "geometry": { "type": "Polygon", "coordinates": [ [ [ 13.71241, 52.79044 ], [ 13.71222, 52.79013 ], [ 13.71225, 52.78996 ], [ 13.71289, 52.78974 ], [ 13.71488, 52.78959 ], [ 13.715, 52.78943 ], [ 13.71455, 52.78929 ], [ 13.71462, 52.7894 ], [ 13.71369, 52.78944 ], [ 13.71313, 52.78962 ], [ 13.71242, 52.78973 ], [ 13.71168, 52.78951 ], [ 13.71164, 52.78967 ], [ 13.71139, 52.78985 ], [ 13.71141, 52.79021 ], [ 13.71167, 52.79037 ], [ 13.71219, 52.79049 ], [ 13.71241, 52.79044 ] ] ] } },
{ "type": "Feature", "properties": { "boden": "100 % mittel, mäßig frisch (M2)" }, "geometry": { "type": "Polygon", "coordinates": [ [ [ 13.7144, 52.78976 ], [ 13.71492, 52.78994 ], [ 13.71527, 52.78989 ], [ 13.71551, 52.78989 ], [ 13.71578, 52.78995 ], [ 13.71612, 52.79016 ], [ 13.71623, 52.79017 ], [ 13.71619, 52.79007 ], [ 13.71602, 52.79002 ], [ 13.715, 52.78943 ], [ 13.71488, 52.78959 ], [ 13.71289, 52.78974 ], [ 13.71225, 52.78996 ], [ 13.71222, 52.79013 ], [ 13.71238, 52.7904 ], [ 13.71242, 52.79042 ], [ 13.71252, 52.7901 ], [ 13.71288, 52.78996 ], [ 13.71369, 52.78981 ], [ 13.71422, 52.78981 ], [ 13.7144, 52.78976 ] ] ] } },
{ "type": "Feature", "properties": { "boden": "100 % mittel, mäßig frisch (M2)" }, "geometry": { "type": "Polygon", "coordinates": [ [ [ 13.71494, 52.78995 ], [ 13.7144, 52.78976 ], [ 13.71422, 52.78981 ], [ 13.71414, 52.78991 ], [ 13.71421, 52.79002 ], [ 13.71487, 52.79025 ], [ 13.71494, 52.79036 ], [ 13.71542, 52.79048 ], [ 13.71538, 52.79055 ], [ 13.71545, 52.79066 ], [ 13.71562, 52.7907 ], [ 13.71594, 52.79061 ], [ 13.7162, 52.79068 ], [ 13.71638, 52.79064 ], [ 13.71646, 52.79053 ], [ 13.71638, 52.79042 ], [ 13.71607, 52.79036 ], [ 13.71595, 52.79018 ], [ 13.71578, 52.79014 ], [ 13.71548, 52.79021 ], [ 13.71501, 52.79006 ], [ 13.71494, 52.78995 ] ] ] } },
{ "type": "Feature", "properties": { "boden": "90 % ziemlich arm, mäßig frisch (Z2) · 10 % mittel, mäßig frisch (M2)" }, "geometry": { "type": "Polygon", "coordinates": [ [ [ 13.71043, 52.79051 ], [ 13.70965, 52.79054 ], [ 13.70922, 52.79051 ], [ 13.70892, 52.79044 ], [ 13.70853, 52.79023 ], [ 13.70842, 52.7902 ], [ 13.70832, 52.79025 ], [ 13.70826, 52.79038 ], [ 13.70831, 52.79093 ], [ 13.70858, 52.79131 ], [ 13.70856, 52.79158 ], [ 13.70866, 52.79169 ], [ 13.70884, 52.79177 ], [ 13.70898, 52.79178 ], [ 13.70905, 52.79172 ], [ 13.70899, 52.79151 ], [ 13.70914, 52.79102 ], [ 13.70946, 52.79091 ], [ 13.71012, 52.79082 ], [ 13.71032, 52.79069 ], [ 13.71043, 52.79051 ] ] ] } },
{ "type": "Feature", "properties": { "boden": "90 % ziemlich arm, mäßig frisch (Z2) · 10 % mittel, mäßig frisch (M2)" }, "geometry": { "type": "Polygon", "coordinates": [ [ [ 13.71175, 52.7909 ], [ 13.7115, 52.79101 ], [ 13.71141, 52.79115 ], [ 13.71167, 52.79136 ], [ 13.71193, 52.79142 ], [ 13.71206, 52.7914 ], [ 13.71212, 52.79127 ], [ 13.71201, 52.79103 ], [ 13.71189, 52.79092 ], [ 13.71175, 52.7909 ] ] ] } },
{ "type": "Feature", "properties": { "boden": "90 % ziemlich arm, trocken (vermutet) (Z3) · 10 % mittel, trocken (vermutet) (M3)" }, "geometry": { "type": "Polygon", "coordinates": [ [ [ 13.71235, 52.79095 ], [ 13.71244, 52.79111 ], [ 13.71297, 52.79158 ], [ 13.71277, 52.7912 ], [ 13.71258, 52.79104 ], [ 13.71235, 52.79095 ] ] ] } },
{ "type": "Feature", "properties": { "boden": "90 % ziemlich arm, mäßig frisch (Z2) · 10 % mittel, mäßig frisch (M2)" }, "geometry": { "type": "Polygon", "coordinates": [ [ [ 13.68255, 52.79034 ], [ 13.68228, 52.79039 ], [ 13.68205, 52.79054 ], [ 13.68102, 52.79073 ], [ 13.67914, 52.79119 ], [ 13.67933, 52.79125 ], [ 13.67969, 52.79129 ], [ 13.68017, 52.79128 ], [ 13.68186, 52.79096 ], [ 13.68221, 52.79081 ], [ 13.68233, 52.79048 ], [ 13.68251, 52.79041 ], [ 13.68255, 52.79034 ] ] ] } },
{ "type": "Feature", "properties": { "boden": "90 % ziemlich arm, mäßig frisch (Z2) · 10 % mittel, mäßig frisch (M2)" }, "geometry": { "type": "Polygon", "coordinates": [ [ [ 13.6779, 52.79062 ], [ 13.67726, 52.79068 ], [ 13.67669, 52.7908 ], [ 13.67649, 52.79097 ], [ 13.67658, 52.79122 ], [ 13.67677, 52.79127 ], [ 13.67698, 52.79126 ], [ 13.67776, 52.79104 ], [ 13.67823, 52.79074 ], [ 13.67824, 52.79067 ], [ 13.6779, 52.79062 ] ] ] } },
{ "type": "Feature", "properties": { "boden": "90 % ziemlich arm, trocken (vermutet) (Z3) · 10 % mittel, trocken (vermutet) (M3)" }, "geometry": { "type": "Polygon", "coordinates": [ [ [ 13.67812, 52.7912 ], [ 13.67793, 52.79121 ], [ 13.67761, 52.79131 ], [ 13.6775, 52.79141 ], [ 13.67773, 52.79148 ], [ 13.67799, 52.79147 ], [ 13.67824, 52.79132 ], [ 13.67826, 52.79125 ], [ 13.67812, 52.7912 ] ] ] } },
{ "type": "Feature", "properties": { "boden": "90 % ziemlich arm, trocken (vermutet) (Z3) · 10 % mittel, trocken (vermutet) (M3)" }, "geometry": { "type": "Polygon", "coordinates": [ [ [ 13.67836, 52.79189 ], [ 13.67912, 52.79191 ], [ 13.67939, 52.79186 ], [ 13.68093, 52.79181 ], [ 13.68139, 52.79167 ], [ 13.6816, 52.79151 ], [ 13.68169, 52.79133 ], [ 13.68151, 52.79124 ], [ 13.68084, 52.79145 ], [ 13.6792, 52.79146 ], [ 13.67866, 52.7915 ], [ 13.67832, 52.79171 ], [ 13.67836, 52.79189 ] ] ] } },
{ "type": "Feature", "properties": { "boden": "100 % mittel, mäßig frisch (M2)" }, "geometry": { "type": "Polygon", "coordinates": [ [ [ 13.67926, 52.79193 ], [ 13.67825, 52.79189 ], [ 13.67783, 52.79197 ], [ 13.67811, 52.79207 ], [ 13.67888, 52.79207 ], [ 13.67908, 52.79204 ], [ 13.67926, 52.79193 ] ] ] } },
{ "type": "Feature", "properties": { "boden": "100 % mittel, mäßig frisch (M2)" }, "geometry": { "type": "Polygon", "coordinates": [ [ [ 13.67924, 52.79193 ], [ 13.67908, 52.79204 ], [ 13.67888, 52.79207 ], [ 13.67811, 52.79207 ], [ 13.67906, 52.79245 ], [ 13.68175, 52.79248 ], [ 13.68081, 52.79221 ], [ 13.67924, 52.79193 ] ] ] } },
{ "type": "Feature", "properties": { "boden": "90 % ziemlich arm, mäßig frisch (Z2) · 10 % mittel, mäßig frisch (M2)" }, "geometry": { "type": "Polygon", "coordinates": [ [ [ 13.70251, 52.79119 ], [ 13.70352, 52.79114 ], [ 13.70398, 52.79098 ], [ 13.7045, 52.7907 ], [ 13.70495, 52.79062 ], [ 13.70542, 52.79068 ], [ 13.70601, 52.79069 ], [ 13.70629, 52.79063 ], [ 13.70648, 52.79049 ], [ 13.70621, 52.79043 ], [ 13.70558, 52.79053 ], [ 13.70507, 52.79053 ], [ 13.70496, 52.79057 ], [ 13.70474, 52.79048 ], [ 13.70467, 52.79033 ], [ 13.70438, 52.79033 ], [ 13.70408, 52.79043 ], [ 13.70365, 52.79075 ], [ 13.70324, 52.79093 ], [ 13.70255, 52.79109 ], [ 13.70184, 52.79115 ], [ 13.70146, 52.79123 ], [ 13.70114, 52.79147 ], [ 13.70109, 52.79164 ], [ 13.70114, 52.79172 ], [ 13.70127, 52.79178 ], [ 13.70139, 52.79177 ], [ 13.70224, 52.79141 ], [ 13.70251, 52.79119 ] ] ] } },
{ "type": "Feature", "properties": { "boden": "90 % ziemlich arm, mäßig frisch (Z2) · 10 % mittel, mäßig frisch (M2)" }, "geometry": { "type": "Polygon", "coordinates": [ [ [ 13.69461, 52.79113 ], [ 13.69443, 52.79113 ], [ 13.69412, 52.79098 ], [ 13.69403, 52.79099 ], [ 13.69403, 52.79113 ], [ 13.69443, 52.79131 ], [ 13.69472, 52.79129 ], [ 13.69474, 52.79122 ], [ 13.69461, 52.79113 ] ] ] } },
{ "type": "Feature", "properties": { "boden": "90 % ziemlich arm, mäßig frisch (Z2) · 10 % mittel, mäßig frisch (M2)" }, "geometry": { "type": "Polygon", "coordinates": [ [ [ 13.69667, 52.79064 ], [ 13.69597, 52.79065 ], [ 13.69579, 52.79069 ], [ 13.69575, 52.79086 ], [ 13.69611, 52.79113 ], [ 13.69613, 52.79129 ], [ 13.69554, 52.79174 ], [ 13.69469, 52.79211 ], [ 13.69462, 52.7922 ], [ 13.69466, 52.79226 ], [ 13.69498, 52.79231 ], [ 13.69529, 52.7923 ], [ 13.69579, 52.79217 ], [ 13.69613, 52.79203 ], [ 13.69658, 52.79175 ], [ 13.69687, 52.79144 ], [ 13.69753, 52.79098 ], [ 13.69719, 52.7907 ], [ 13.69667, 52.79064 ] ] ] } },
{ "type": "Feature", "properties": { "boden": "90 % ziemlich arm, mäßig frisch (Z2) · 10 % mittel, mäßig frisch (M2)" }, "geometry": { "type": "Polygon", "coordinates": [ [ [ 13.70028, 52.79074 ], [ 13.7, 52.79058 ], [ 13.69993, 52.79067 ], [ 13.69969, 52.79077 ], [ 13.69929, 52.79074 ], [ 13.69926, 52.7908 ], [ 13.69943, 52.79088 ], [ 13.69944, 52.79094 ], [ 13.69899, 52.79131 ], [ 13.69897, 52.79144 ], [ 13.69908, 52.79163 ], [ 13.6985, 52.7918 ], [ 13.69794, 52.79229 ], [ 13.69738, 52.79249 ], [ 13.69701, 52.79256 ], [ 13.69691, 52.79263 ], [ 13.69766, 52.79265 ], [ 13.69817, 52.79258 ], [ 13.69875, 52.7922 ], [ 13.6998, 52.79184 ], [ 13.70047, 52.79113 ], [ 13.70043, 52.7909 ], [ 13.70028, 52.79074 ] ] ] } },
{ "type": "Feature", "properties": { "boden": "90 % ziemlich arm, trocken (vermutet) (Z3) · 10 % mittel, trocken (vermutet) (M3)" }, "geometry": { "type": "Polygon", "coordinates": [ [ [ 13.70278, 52.7916 ], [ 13.70254, 52.79164 ], [ 13.70239, 52.79173 ], [ 13.70238, 52.79193 ], [ 13.70226, 52.7921 ], [ 13.70236, 52.79224 ], [ 13.70273, 52.79217 ], [ 13.70292, 52.79204 ], [ 13.70304, 52.7917 ], [ 13.70295, 52.79162 ], [ 13.70278, 52.7916 ] ] ] } },
{ "type": "Feature", "properties": { "boden": "90 % ziemlich arm, trocken (vermutet) (Z3) · 10 % mittel, trocken (vermutet) (M3)" }, "geometry": { "type": "Polygon", "coordinates": [ [ [ 13.70565, 52.79155 ], [ 13.70547, 52.79157 ], [ 13.70542, 52.79166 ], [ 13.70558, 52.79183 ], [ 13.70556, 52.79198 ], [ 13.70462, 52.79239 ], [ 13.70431, 52.79259 ], [ 13.70425, 52.79272 ], [ 13.70478, 52.79273 ], [ 13.70541, 52.79243 ], [ 13.70565, 52.79221 ], [ 13.7064, 52.79201 ], [ 13.70646, 52.79196 ], [ 13.70645, 52.79185 ], [ 13.7063, 52.79175 ], [ 13.70565, 52.79155 ] ] ] } },
{ "type": "Feature", "properties": { "boden": "90 % ziemlich arm, mäßig frisch (Z2) · 10 % mittel, mäßig frisch (M2)" }, "geometry": { "type": "Polygon", "coordinates": [ [ [ 13.70694, 52.79164 ], [ 13.70683, 52.79169 ], [ 13.70683, 52.79188 ], [ 13.70672, 52.79205 ], [ 13.70504, 52.79273 ], [ 13.7061, 52.79274 ], [ 13.70659, 52.79256 ], [ 13.70689, 52.79234 ], [ 13.70697, 52.79208 ], [ 13.70716, 52.79181 ], [ 13.7071, 52.79169 ], [ 13.70694, 52.79164 ] ] ] } },
{ "type": "Feature", "properties": { "boden": "90 % ziemlich arm, trocken (vermutet) (Z3) · 10 % mittel, trocken (vermutet) (M3)" }, "geometry": { "type": "Polygon", "coordinates": [ [ [ 13.70064, 52.79202 ], [ 13.6993, 52.79229 ], [ 13.69895, 52.79246 ], [ 13.69879, 52.79263 ], [ 13.69883, 52.79266 ], [ 13.69947, 52.79267 ], [ 13.69983, 52.79246 ], [ 13.70063, 52.79225 ], [ 13.70078, 52.79206 ], [ 13.70064, 52.79202 ] ] ] } },
{ "type": "Feature", "properties": { "boden": "90 % ziemlich arm, mäßig frisch (Z2) · 10 % mittel, mäßig frisch (M2)" }, "geometry": { "type": "Polygon", "coordinates": [ [ [ 13.70316, 52.79221 ], [ 13.70251, 52.79241 ], [ 13.7018, 52.79253 ], [ 13.70166, 52.79259 ], [ 13.70208, 52.79261 ], [ 13.70279, 52.79255 ], [ 13.70319, 52.79241 ], [ 13.70329, 52.79232 ], [ 13.70328, 52.79226 ], [ 13.70316, 52.79221 ] ] ] } },
{ "type": "Feature", "properties": { "boden": "90 % ziemlich arm, trocken (vermutet) (Z3) · 10 % mittel, trocken (vermutet) (M3)" }, "geometry": { "type": "MultiPolygon", "coordinates": [ [ [ [ 13.69654, 52.79264 ], [ 13.69729, 52.7923 ], [ 13.69749, 52.79213 ], [ 13.69773, 52.79212 ], [ 13.69797, 52.79205 ], [ 13.69835, 52.79177 ], [ 13.69832, 52.79164 ], [ 13.69803, 52.79157 ], [ 13.69781, 52.79163 ], [ 13.69736, 52.79185 ], [ 13.69718, 52.79208 ], [ 13.69678, 52.79221 ], [ 13.69652, 52.79251 ], [ 13.69573, 52.79256 ], [ 13.69552, 52.79263 ], [ 13.69654, 52.79264 ] ] ], [ [ [ 13.69476, 52.79262 ], [ 13.6944, 52.79252 ], [ 13.69432, 52.79241 ], [ 13.69434, 52.79226 ], [ 13.69455, 52.79187 ], [ 13.69449, 52.79179 ], [ 13.6944, 52.79179 ], [ 13.69394, 52.79186 ], [ 13.69351, 52.79209 ], [ 13.69327, 52.79216 ], [ 13.69303, 52.79229 ], [ 13.69268, 52.7926 ], [ 13.69476, 52.79262 ] ] ] ] } },
{ "type": "Feature", "properties": { "boden": "90 % ziemlich arm, trocken (vermutet) (Z3) · 10 % mittel, trocken (vermutet) (M3)" }, "geometry": { "type": "Polygon", "coordinates": [ [ [ 13.70785, 52.79072 ], [ 13.70776, 52.79075 ], [ 13.70782, 52.79087 ], [ 13.70775, 52.791 ], [ 13.70754, 52.79115 ], [ 13.70732, 52.79122 ], [ 13.7076, 52.79153 ], [ 13.70774, 52.79183 ], [ 13.7079, 52.79187 ], [ 13.70806, 52.79186 ], [ 13.70819, 52.79176 ], [ 13.70825, 52.79148 ], [ 13.70818, 52.79137 ], [ 13.70806, 52.79132 ], [ 13.7081, 52.79103 ], [ 13.70796, 52.79079 ], [ 13.70785, 52.79072 ] ] ] } },
{ "type": "Feature", "properties": { "boden": "90 % ziemlich arm, trocken (vermutet) (Z3) · 10 % mittel, trocken (vermutet) (M3)" }, "geometry": { "type": "Polygon", "coordinates": [ [ [ 13.7112, 52.79048 ], [ 13.71106, 52.79052 ], [ 13.71048, 52.79111 ], [ 13.71054, 52.7912 ], [ 13.71093, 52.79138 ], [ 13.71114, 52.7916 ], [ 13.71142, 52.79173 ], [ 13.70997, 52.79233 ], [ 13.70985, 52.79251 ], [ 13.70998, 52.7926 ], [ 13.71038, 52.7926 ], [ 13.71072, 52.79253 ], [ 13.7114, 52.7922 ], [ 13.71173, 52.79192 ], [ 13.71172, 52.79179 ], [ 13.71126, 52.79136 ], [ 13.71125, 52.79112 ], [ 13.71143, 52.7908 ], [ 13.71136, 52.79062 ], [ 13.7112, 52.79048 ] ] ] } },
{ "type": "Feature", "properties": { "boden": "90 % ziemlich arm, mäßig frisch (Z2) · 10 % mittel, mäßig frisch (M2)" }, "geometry": { "type": "Polygon", "coordinates": [ [ [ 13.70883, 52.79197 ], [ 13.70845, 52.79213 ], [ 13.70831, 52.79224 ], [ 13.70803, 52.79254 ], [ 13.70811, 52.79265 ], [ 13.70839, 52.79259 ], [ 13.70882, 52.79231 ], [ 13.70894, 52.79202 ], [ 13.70883, 52.79197 ] ] ] } },
{ "type": "Feature", "properties": { "boden": "100 % mittel, mäßig frisch (M2)" }, "geometry": { "type": "Polygon", "coordinates": [ [ [ 13.71273, 52.79205 ], [ 13.7125, 52.79231 ], [ 13.71105, 52.7928 ], [ 13.71166, 52.7928 ], [ 13.713, 52.79214 ], [ 13.71342, 52.79185 ], [ 13.71346, 52.79178 ], [ 13.71273, 52.79205 ] ] ] } },
{ "type": "Feature", "properties": { "boden": "90 % ziemlich arm, mäßig frisch (Z2) · 10 % mittel, mäßig frisch (M2)" }, "geometry": { "type": "Polygon", "coordinates": [ [ [ 13.7125, 52.79231 ], [ 13.71273, 52.79205 ], [ 13.71346, 52.79178 ], [ 13.71343, 52.79168 ], [ 13.71325, 52.79168 ], [ 13.71295, 52.79175 ], [ 13.71238, 52.79198 ], [ 13.71157, 52.79219 ], [ 13.71028, 52.79279 ], [ 13.71105, 52.7928 ], [ 13.7125, 52.79231 ] ] ] } },
{ "type": "Feature", "properties": { "boden": "90 % ziemlich arm, trocken (vermutet) (Z3) · 10 % mittel, trocken (vermutet) (M3)" }, "geometry": { "type": "Polygon", "coordinates": [ [ [ 13.70945, 52.79258 ], [ 13.70926, 52.79262 ], [ 13.7088, 52.79277 ], [ 13.70953, 52.79278 ], [ 13.70957, 52.79262 ], [ 13.70945, 52.79258 ] ] ] } },
{ "type": "Feature", "properties": { "boden": "90 % ziemlich arm, trocken (vermutet) (Z3) · 10 % mittel, trocken (vermutet) (M3)" }, "geometry": { "type": "Polygon", "coordinates": [ [ [ 13.70748, 52.79255 ], [ 13.7072, 52.79262 ], [ 13.70694, 52.79275 ], [ 13.70758, 52.79276 ], [ 13.7076, 52.7926 ], [ 13.70748, 52.79255 ] ] ] } },
{ "type": "Feature", "properties": { "boden": "100 % mittel, mäßig frisch (M2)" }, "geometry": { "type": "Polygon", "coordinates": [ [ [ 13.72146, 52.79291 ], [ 13.71607, 52.79 ], [ 13.71589, 52.78993 ], [ 13.71619, 52.79007 ], [ 13.71623, 52.79017 ], [ 13.71612, 52.79016 ], [ 13.71578, 52.78995 ], [ 13.71551, 52.78989 ], [ 13.71527, 52.78989 ], [ 13.71492, 52.78994 ], [ 13.71501, 52.79006 ], [ 13.71548, 52.79021 ], [ 13.71578, 52.79014 ], [ 13.71595, 52.79018 ], [ 13.71607, 52.79036 ], [ 13.71638, 52.79042 ], [ 13.71646, 52.79053 ], [ 13.71638, 52.79064 ], [ 13.7162, 52.79068 ], [ 13.71594, 52.79061 ], [ 13.71562, 52.7907 ], [ 13.71545, 52.79066 ], [ 13.71538, 52.79055 ], [ 13.71542, 52.79048 ], [ 13.71494, 52.79036 ], [ 13.71487, 52.79025 ], [ 13.71421, 52.79002 ], [ 13.71414, 52.78991 ], [ 13.71422, 52.78981 ], [ 13.71369, 52.78981 ], [ 13.71317, 52.78989 ], [ 13.71266, 52.79003 ], [ 13.71245, 52.79019 ], [ 13.71242, 52.79042 ], [ 13.71338, 52.79105 ], [ 13.71373, 52.79168 ], [ 13.71346, 52.79178 ], [ 13.71342, 52.79185 ], [ 13.713, 52.79214 ], [ 13.71166, 52.7928 ], [ 13.72146, 52.79291 ] ] ] } },
{ "type": "Feature", "properties": { "boden": "60 % ziemlich arm, mäßig frisch (Z+2) · 40 % mittel, mäßig frisch (M2)" }, "geometry": { "type": "Polygon", "coordinates": [ [ [ 13.75775, 52.70791 ], [ 13.75909, 52.70477 ], [ 13.75812, 52.70431 ], [ 13.75778, 52.70466 ], [ 13.7556, 52.70397 ], [ 13.75518, 52.70454 ], [ 13.75434, 52.70427 ], [ 13.75404, 52.7044 ], [ 13.75324, 52.70505 ], [ 13.75185, 52.70436 ], [ 13.7469, 52.70563 ], [ 13.74934, 52.70687 ], [ 13.74996, 52.70615 ], [ 13.75188, 52.70688 ], [ 13.75204, 52.70675 ], [ 13.75234, 52.70666 ], [ 13.75311, 52.7069 ], [ 13.75342, 52.70667 ], [ 13.75753, 52.70825 ], [ 13.75775, 52.70791 ] ] ] } },
{ "type": "Feature", "properties": { "boden": "60 % ziemlich arm, mäßig frisch (Z+2) · 40 % mittel, mäßig frisch (M2)" }, "geometry": { "type": "Polygon", "coordinates": [ [ [ 13.7462, 52.70639 ], [ 13.74705, 52.70691 ], [ 13.74756, 52.7066 ], [ 13.74661, 52.70574 ], [ 13.74591, 52.706 ], [ 13.7462, 52.70639 ] ] ] } },
{ "type": "Feature", "properties": { "boden": "100 % kräftig, mäßig frisch (K2)" }, "geometry": { "type": "Polygon", "coordinates": [ [ [ 13.74766, 52.70888 ], [ 13.74853, 52.70938 ], [ 13.74919, 52.7099 ], [ 13.75089, 52.7109 ], [ 13.75141, 52.71114 ], [ 13.75255, 52.71138 ], [ 13.75334, 52.71144 ], [ 13.7536, 52.7115 ], [ 13.75377, 52.71163 ], [ 13.75413, 52.71301 ], [ 13.75423, 52.71396 ], [ 13.75453, 52.71529 ], [ 13.75313, 52.71509 ], [ 13.75238, 52.71491 ], [ 13.75128, 52.7145 ], [ 13.75061, 52.71409 ], [ 13.74903, 52.71287 ], [ 13.74844, 52.71224 ], [ 13.74827, 52.7113 ], [ 13.74809, 52.71085 ], [ 13.74766, 52.71041 ], [ 13.74723, 52.71011 ], [ 13.74605, 52.70961 ], [ 13.7454, 52.70954 ], [ 13.74512, 52.70956 ], [ 13.74497, 52.70962 ], [ 13.74449, 52.70995 ], [ 13.7441, 52.71038 ], [ 13.7437, 52.71054 ], [ 13.7432, 52.71049 ], [ 13.74237, 52.71011 ], [ 13.74192, 52.71006 ], [ 13.74161, 52.71008 ], [ 13.74122, 52.71022 ], [ 13.74009, 52.71093 ], [ 13.73943, 52.71116 ], [ 13.7383, 52.71144 ], [ 13.74002, 52.71177 ], [ 13.74251, 52.71214 ], [ 13.7461, 52.71286 ], [ 13.74637, 52.71375 ], [ 13.74663, 52.71418 ], [ 13.74753, 52.71443 ], [ 13.7494, 52.71537 ], [ 13.74968, 52.71535 ], [ 13.75088, 52.7156 ], [ 13.75316, 52.71637 ], [ 13.75536, 52.71549 ], [ 13.75605, 52.71582 ], [ 13.75731, 52.71522 ], [ 13.75444, 52.71368 ], [ 13.75521, 52.71248 ], [ 13.75622, 52.71112 ], [ 13.75463, 52.71103 ], [ 13.75456, 52.70946 ], [ 13.7529, 52.70855 ], [ 13.75173, 52.708 ], [ 13.75, 52.70903 ], [ 13.7495, 52.70879 ], [ 13.74916, 52.70899 ], [ 13.74797, 52.70861 ], [ 13.74632, 52.70829 ], [ 13.74766, 52.70888 ] ] ] } },
{ "type": "Feature", "properties": { "boden": "100 % mittel, mäßig frisch (M2)" }, "geometry": { "type": "Polygon", "coordinates": [ [ [ 13.74604, 52.73779 ], [ 13.74556, 52.73762 ], [ 13.74515, 52.73806 ], [ 13.74516, 52.73822 ], [ 13.74532, 52.7383 ], [ 13.74552, 52.73828 ], [ 13.74641, 52.738 ], [ 13.74604, 52.73779 ] ] ] } },
{ "type": "Feature", "properties": { "boden": "100 % mittel, frisch (M1)" }, "geometry": { "type": "Polygon", "coordinates": [ [ [ 13.74665, 52.73813 ], [ 13.74624, 52.73847 ], [ 13.74631, 52.73858 ], [ 13.74649, 52.73862 ], [ 13.74667, 52.73858 ], [ 13.74675, 52.73847 ], [ 13.74703, 52.7383 ], [ 13.74665, 52.73813 ] ] ] } },
{ "type": "Feature", "properties": { "boden": "100 % kräftig, mäßig frisch (K2)" }, "geometry": { "type": "Polygon", "coordinates": [ [ [ 13.75709, 52.71554 ], [ 13.75751, 52.71554 ], [ 13.7574, 52.71523 ], [ 13.75612, 52.71585 ], [ 13.75734, 52.71642 ], [ 13.75709, 52.71554 ] ] ] } },
{ "type": "Feature", "properties": { "boden": "100 % ziemlich arm, frisch (Z1)" }, "geometry": { "type": "Polygon", "coordinates": [ [ [ 13.76341, 52.74369 ], [ 13.76222, 52.74341 ], [ 13.76224, 52.74333 ], [ 13.76177, 52.74294 ], [ 13.76197, 52.74144 ], [ 13.76099, 52.7416 ], [ 13.76069, 52.74173 ], [ 13.76086, 52.74219 ], [ 13.76072, 52.7428 ], [ 13.76051, 52.74306 ], [ 13.7605, 52.74328 ], [ 13.7604, 52.74334 ], [ 13.7594, 52.74314 ], [ 13.75865, 52.74287 ], [ 13.7581, 52.74277 ], [ 13.75796, 52.74272 ], [ 13.75799, 52.74263 ], [ 13.75826, 52.74246 ], [ 13.75693, 52.74211 ], [ 13.75592, 52.74178 ], [ 13.75562, 52.7418 ], [ 13.75457, 52.74166 ], [ 13.75399, 52.74152 ], [ 13.75379, 52.74144 ], [ 13.75378, 52.74134 ], [ 13.75396, 52.74123 ], [ 13.7542, 52.74118 ], [ 13.75354, 52.74092 ], [ 13.7524, 52.74055 ], [ 13.75064, 52.73981 ], [ 13.75004, 52.74007 ], [ 13.74991, 52.7402 ], [ 13.75105, 52.74099 ], [ 13.75406, 52.7422 ], [ 13.7547, 52.74193 ], [ 13.75742, 52.74318 ], [ 13.75958, 52.74409 ], [ 13.76172, 52.7446 ], [ 13.76154, 52.7453 ], [ 13.76183, 52.74547 ], [ 13.76302, 52.74456 ], [ 13.76341, 52.74369 ] ], [ [ 13.751, 52.74022 ], [ 13.75092, 52.74032 ], [ 13.75074, 52.74037 ], [ 13.75057, 52.74032 ], [ 13.7505, 52.74021 ], [ 13.75057, 52.7401 ], [ 13.75075, 52.74006 ], [ 13.75093, 52.74011 ], [ 13.751, 52.74022 ] ] ] } },
{ "type": "Feature", "properties": { "boden": "100 % kräftig, mäßig frisch (K2)" }, "geometry": { "type": "Polygon", "coordinates": [ [ [ 13.7462, 52.70639 ], [ 13.74591, 52.706 ], [ 13.74487, 52.70562 ], [ 13.74378, 52.7057 ], [ 13.74357, 52.70589 ], [ 13.74396, 52.70607 ], [ 13.74315, 52.70717 ], [ 13.74538, 52.708 ], [ 13.74581, 52.70755 ], [ 13.74638, 52.70766 ], [ 13.74666, 52.70749 ], [ 13.74669, 52.70719 ], [ 13.74705, 52.70691 ], [ 13.7462, 52.70639 ] ] ] } },
{ "type": "Feature", "properties": { "boden": "60 % mittel, mäßig frisch (M2) · 40 % kräftig, mäßig frisch (K2)" }, "geometry": { "type": "Polygon", "coordinates": [ [ [ 13.74214, 52.70698 ], [ 13.74165, 52.70696 ], [ 13.74045, 52.7064 ], [ 13.7403, 52.70643 ], [ 13.74022, 52.70656 ], [ 13.73888, 52.70682 ], [ 13.73857, 52.70739 ], [ 13.73723, 52.70794 ], [ 13.73776, 52.70881 ], [ 13.74102, 52.70794 ], [ 13.74274, 52.70733 ], [ 13.74303, 52.7073 ], [ 13.74214, 52.70698 ] ] ] } },
{ "type": "Feature", "properties": { "boden": "100 % ziemlich arm, mäßig frisch (Z+2)" }, "geometry": { "type": "Polygon", "coordinates": [ [ [ 13.74538, 52.708 ], [ 13.74315, 52.70717 ], [ 13.74303, 52.7073 ], [ 13.74274, 52.70733 ], [ 13.74102, 52.70794 ], [ 13.73776, 52.70881 ], [ 13.73755, 52.7092 ], [ 13.73708, 52.70842 ], [ 13.73682, 52.70847 ], [ 13.73669, 52.70839 ], [ 13.73612, 52.70836 ], [ 13.73562, 52.7085 ], [ 13.73522, 52.70786 ], [ 13.73387, 52.70838 ], [ 13.73345, 52.70806 ], [ 13.73207, 52.70873 ], [ 13.73159, 52.70854 ], [ 13.73061, 52.70964 ], [ 13.73256, 52.71056 ], [ 13.73384, 52.70958 ], [ 13.73442, 52.70988 ], [ 13.73609, 52.71098 ], [ 13.7383, 52.71144 ], [ 13.73943, 52.71116 ], [ 13.74009, 52.71093 ], [ 13.74122, 52.71022 ], [ 13.74161, 52.71008 ], [ 13.74192, 52.71006 ], [ 13.74237, 52.71011 ], [ 13.7432, 52.71049 ], [ 13.7437, 52.71054 ], [ 13.7441, 52.71038 ], [ 13.74449, 52.70995 ], [ 13.74497, 52.70962 ], [ 13.74512, 52.70956 ], [ 13.7454, 52.70954 ], [ 13.74605, 52.70961 ], [ 13.74723, 52.71011 ], [ 13.74766, 52.71041 ], [ 13.74809, 52.71085 ], [ 13.74827, 52.7113 ], [ 13.74844, 52.71224 ], [ 13.74903, 52.71287 ], [ 13.75061, 52.71409 ], [ 13.75128, 52.7145 ], [ 13.75238, 52.71491 ], [ 13.75313, 52.71509 ], [ 13.75453, 52.71529 ], [ 13.75423, 52.71396 ], [ 13.75413, 52.71301 ], [ 13.75377, 52.71163 ], [ 13.7536, 52.7115 ], [ 13.75334, 52.71144 ], [ 13.75255, 52.71138 ], [ 13.75141, 52.71114 ], [ 13.7504, 52.71065 ], [ 13.74919, 52.7099 ], [ 13.74815, 52.70913 ], [ 13.74632, 52.70829 ], [ 13.74538, 52.708 ] ], [ [ 13.74997, 52.71249 ], [ 13.74854, 52.71211 ], [ 13.74946, 52.71102 ], [ 13.74921, 52.71087 ], [ 13.74927, 52.71083 ], [ 13.74958, 52.7108 ], [ 13.74993, 52.71097 ], [ 13.75014, 52.71127 ], [ 13.7506, 52.71161 ], [ 13.75064, 52.71171 ], [ 13.74997, 52.71249 ] ] ] } },
{ "type": "Feature", "properties": { "boden": "100 % mittel, mäßig frisch (M2)" }, "geometry": { "type": "Polygon", "coordinates": [ [ [ 13.73817, 52.73487 ], [ 13.73693, 52.73456 ], [ 13.73669, 52.7347 ], [ 13.73659, 52.73486 ], [ 13.73653, 52.73545 ], [ 13.73664, 52.73564 ], [ 13.73685, 52.73584 ], [ 13.73733, 52.73611 ], [ 13.73743, 52.73625 ], [ 13.73745, 52.73642 ], [ 13.73723, 52.7367 ], [ 13.73863, 52.73684 ], [ 13.73871, 52.73692 ], [ 13.73942, 52.73677 ], [ 13.73984, 52.73648 ], [ 13.73987, 52.73633 ], [ 13.7398, 52.73617 ], [ 13.73894, 52.73561 ], [ 13.73868, 52.73507 ], [ 13.73817, 52.73487 ] ] ] } },
{ "type": "Feature", "properties": { "boden": "60 % mittel, mäßig frisch (M2) · 40 % mittel, mäßig frisch (M2g)" }, "geometry": { "type": "Polygon", "coordinates": [ [ [ 13.74386, 52.73673 ], [ 13.74349, 52.73681 ], [ 13.74341, 52.73673 ], [ 13.74144, 52.73609 ], [ 13.73868, 52.73507 ], [ 13.73894, 52.73561 ], [ 13.7398, 52.73617 ], [ 13.73987, 52.73633 ], [ 13.73984, 52.73648 ], [ 13.73942, 52.73677 ], [ 13.73871, 52.73692 ], [ 13.73975, 52.73808 ], [ 13.7402, 52.73838 ], [ 13.74105, 52.73818 ], [ 13.74211, 52.73759 ], [ 13.74273, 52.73754 ], [ 13.74375, 52.73714 ], [ 13.74405, 52.73706 ], [ 13.74451, 52.73703 ], [ 13.74386, 52.73673 ] ] ] } },
{ "type": "Feature", "properties": { "boden": "100 % kräftig, nass (NK2)" }, "geometry": { "type": "Polygon", "coordinates": [ [ [ 13.74502, 52.73765 ], [ 13.74496, 52.73753 ], [ 13.74479, 52.73748 ], [ 13.74436, 52.73753 ], [ 13.74419, 52.73748 ], [ 13.74406, 52.73751 ], [ 13.74395, 52.73766 ], [ 13.744, 52.73774 ], [ 13.74418, 52.73778 ], [ 13.74448, 52.73773 ], [ 13.74478, 52.73779 ], [ 13.74502, 52.73765 ] ] ] } },
{ "type": "Feature", "properties": { "boden": "100 % mittel, frisch (M1)" }, "geometry": { "type": "Polygon", "coordinates": [ [ [ 13.74406, 52.73751 ], [ 13.74451, 52.73703 ], [ 13.74405, 52.73706 ], [ 13.74375, 52.73714 ], [ 13.74273, 52.73754 ], [ 13.74211, 52.73759 ], [ 13.74105, 52.73818 ], [ 13.7402, 52.73838 ], [ 13.7408, 52.73876 ], [ 13.74077, 52.73871 ], [ 13.74085, 52.7386 ], [ 13.74102, 52.73856 ], [ 13.74127, 52.73863 ], [ 13.74135, 52.73852 ], [ 13.74153, 52.73848 ], [ 13.74171, 52.73852 ], [ 13.7418, 52.73876 ], [ 13.74201, 52.73894 ], [ 13.74372, 52.73802 ], [ 13.74406, 52.73751 ] ] ] } },
{ "type": "Feature", "properties": { "boden": "100 % kräftig, nass (NK2)" }, "geometry": { "type": "Polygon", "coordinates": [ [ [ 13.74389, 52.73835 ], [ 13.74396, 52.73826 ], [ 13.74389, 52.73815 ], [ 13.74371, 52.7381 ], [ 13.74353, 52.73815 ], [ 13.74345, 52.73825 ], [ 13.74352, 52.73836 ], [ 13.7437, 52.73841 ], [ 13.74389, 52.73835 ] ] ] } },
{ "type": "Feature", "properties": { "boden": "100 % kräftig, nass (NK2)" }, "geometry": { "type": "Polygon", "coordinates": [ [ [ 13.7437, 52.73841 ], [ 13.74352, 52.73836 ], [ 13.74345, 52.73825 ], [ 13.74353, 52.73815 ], [ 13.74371, 52.7381 ], [ 13.74389, 52.73815 ], [ 13.74396, 52.73826 ], [ 13.74389, 52.73835 ], [ 13.74414, 52.73825 ], [ 13.74436, 52.73804 ], [ 13.74478, 52.73779 ], [ 13.74448, 52.73773 ], [ 13.74418, 52.73778 ], [ 13.744, 52.73774 ], [ 13.74395, 52.73766 ], [ 13.74372, 52.73802 ], [ 13.74246, 52.73866 ], [ 13.74177, 52.73911 ], [ 13.74161, 52.73928 ], [ 13.74192, 52.73948 ], [ 13.74206, 52.73925 ], [ 13.74262, 52.7388 ], [ 13.74379, 52.73839 ], [ 13.7437, 52.73841 ] ] ] } },
{ "type": "Feature", "properties": { "boden": "100 % mittel, trocken (vermutet) (M3)" }, "geometry": { "type": "Polygon", "coordinates": [ [ [ 13.74394, 52.73864 ], [ 13.74315, 52.73883 ], [ 13.74303, 52.73895 ], [ 13.74314, 52.73898 ], [ 13.74367, 52.73893 ], [ 13.74411, 52.73881 ], [ 13.74418, 52.73875 ], [ 13.74394, 52.73864 ] ] ] } },
{ "type": "Feature", "properties": { "boden": "100 % mittel, frisch (M1)" }, "geometry": { "type": "Polygon", "coordinates": [ [ [ 13.74668, 52.73942 ], [ 13.74661, 52.73931 ], [ 13.74669, 52.73921 ], [ 13.74745, 52.73912 ], [ 13.74796, 52.73899 ], [ 13.74809, 52.73891 ], [ 13.74527, 52.73924 ], [ 13.74544, 52.73929 ], [ 13.74584, 52.73923 ], [ 13.74602, 52.73927 ], [ 13.74609, 52.73938 ], [ 13.74601, 52.73949 ], [ 13.74583, 52.73953 ], [ 13.74566, 52.73948 ], [ 13.74525, 52.73954 ], [ 13.74508, 52.7395 ], [ 13.74501, 52.73939 ], [ 13.74508, 52.73928 ], [ 13.74525, 52.73924 ], [ 13.74418, 52.73932 ], [ 13.74286, 52.73935 ], [ 13.74259, 52.73934 ], [ 13.7425, 52.73924 ], [ 13.74262, 52.73906 ], [ 13.74294, 52.73888 ], [ 13.74368, 52.73872 ], [ 13.74411, 52.73857 ], [ 13.74458, 52.73852 ], [ 13.74506, 52.73861 ], [ 13.74549, 52.73875 ], [ 13.74588, 52.73876 ], [ 13.74641, 52.7387 ], [ 13.74671, 52.73861 ], [ 13.74718, 52.73836 ], [ 13.74703, 52.7383 ], [ 13.74675, 52.73847 ], [ 13.74667, 52.73858 ], [ 13.74649, 52.73862 ], [ 13.74631, 52.73858 ], [ 13.74624, 52.73847 ], [ 13.74632, 52.73836 ], [ 13.74647, 52.73831 ], [ 13.74665, 52.73813 ], [ 13.74641, 52.738 ], [ 13.74552, 52.73828 ], [ 13.74532, 52.7383 ], [ 13.74516, 52.73822 ], [ 13.74515, 52.73806 ], [ 13.74556, 52.73762 ], [ 13.7452, 52.73748 ], [ 13.74502, 52.73765 ], [ 13.74436, 52.73804 ], [ 13.74414, 52.73825 ], [ 13.74262, 52.7388 ], [ 13.74206, 52.73925 ], [ 13.74192, 52.73948 ], [ 13.74204, 52.73955 ], [ 13.74386, 52.73965 ], [ 13.74382, 52.73958 ], [ 13.7439, 52.73947 ], [ 13.74408, 52.73943 ], [ 13.74425, 52.73948 ], [ 13.74432, 52.73958 ], [ 13.74426, 52.73967 ], [ 13.74582, 52.73976 ], [ 13.74683, 52.73946 ], [ 13.74668, 52.73942 ] ], [ [ 13.74479, 52.73947 ], [ 13.74471, 52.73957 ], [ 13.74454, 52.73962 ], [ 13.74436, 52.73957 ], [ 13.74429, 52.73946 ], [ 13.74436, 52.73935 ], [ 13.74454, 52.73931 ], [ 13.74472, 52.73936 ], [ 13.74479, 52.73947 ] ] ] } },
{ "type": "Feature", "properties": { "boden": "100 % mittel, mäßig frisch (M2)" }, "geometry": { "type": "Polygon", "coordinates": [ [ [ 13.74763, 52.73855 ], [ 13.74755, 52.73857 ], [ 13.74748, 52.73868 ], [ 13.74755, 52.73879 ], [ 13.74772, 52.73883 ], [ 13.7479, 52.73879 ], [ 13.74797, 52.73869 ], [ 13.74763, 52.73855 ] ] ] } },
{ "type": "Feature", "properties": { "boden": "100 % mittel, mäßig frisch (M2)" }, "geometry": { "type": "Polygon", "coordinates": [ [ [ 13.74527, 52.73924 ], [ 13.74632, 52.7391 ], [ 13.74704, 52.73906 ], [ 13.7484, 52.73887 ], [ 13.74797, 52.73869 ], [ 13.7479, 52.73879 ], [ 13.74772, 52.73883 ], [ 13.74755, 52.73879 ], [ 13.74748, 52.73868 ], [ 13.74755, 52.73857 ], [ 13.74763, 52.73855 ], [ 13.74718, 52.73836 ], [ 13.74671, 52.73861 ], [ 13.74641, 52.7387 ], [ 13.74588, 52.73876 ], [ 13.74549, 52.73875 ], [ 13.74506, 52.73861 ], [ 13.74458, 52.73852 ], [ 13.74411, 52.73857 ], [ 13.74392, 52.73864 ], [ 13.74417, 52.73872 ], [ 13.74411, 52.73881 ], [ 13.74339, 52.73897 ], [ 13.74306, 52.73897 ], [ 13.74303, 52.73891 ], [ 13.74315, 52.73883 ], [ 13.74294, 52.73888 ], [ 13.74262, 52.73906 ], [ 13.7425, 52.73924 ], [ 13.74259, 52.73934 ], [ 13.74286, 52.73935 ], [ 13.74418, 52.73932 ], [ 13.74527, 52.73924 ] ] ] } },
{ "type": "Feature", "properties": { "boden": "100 % mittel, frisch (M1)" }, "geometry": { "type": "Polygon", "coordinates": [ [ [ 13.74856, 52.73894 ], [ 13.7484, 52.73887 ], [ 13.74809, 52.73891 ], [ 13.74796, 52.73899 ], [ 13.74745, 52.73912 ], [ 13.74669, 52.73921 ], [ 13.74661, 52.73931 ], [ 13.74668, 52.73942 ], [ 13.74683, 52.73946 ], [ 13.74856, 52.73894 ] ] ] } },
{ "type": "Feature", "properties": { "boden": "100 % mittel, frisch (M1)" }, "geometry": { "type": "Polygon", "coordinates": [ [ [ 13.74525, 52.73924 ], [ 13.74508, 52.73928 ], [ 13.74501, 52.73939 ], [ 13.74508, 52.7395 ], [ 13.74525, 52.73954 ], [ 13.74566, 52.73948 ], [ 13.74583, 52.73953 ], [ 13.74601, 52.73949 ], [ 13.74609, 52.73938 ], [ 13.74602, 52.73927 ], [ 13.74584, 52.73923 ], [ 13.74544, 52.73929 ], [ 13.74525, 52.73924 ] ] ] } },
{ "type": "Feature", "properties": { "boden": "70 % kräftig, nass (NK2) · 30 % reich, nass (NR1)" }, "geometry": { "type": "Polygon", "coordinates": [ [ [ 13.74991, 52.7402 ], [ 13.75064, 52.73981 ], [ 13.74856, 52.73894 ], [ 13.74843, 52.73898 ], [ 13.74938, 52.7394 ], [ 13.74919, 52.73976 ], [ 13.74598, 52.73991 ], [ 13.74601, 52.74029 ], [ 13.74675, 52.7405 ], [ 13.74726, 52.74041 ], [ 13.74983, 52.74014 ], [ 13.74991, 52.7402 ] ] ] } },
{ "type": "Feature", "properties": { "boden": "100 % ziemlich arm, frisch (Z1)" }, "geometry": { "type": "Polygon", "coordinates": [ [ [ 13.75075, 52.74006 ], [ 13.75057, 52.7401 ], [ 13.7505, 52.74021 ], [ 13.75057, 52.74032 ], [ 13.75074, 52.74037 ], [ 13.75092, 52.74032 ], [ 13.751, 52.74022 ], [ 13.75093, 52.74011 ], [ 13.75075, 52.74006 ] ] ] } },
{ "type": "Feature", "properties": { "boden": "100 % mittel, nass (NM2)" }, "geometry": { "type": "Polygon", "coordinates": [ [ [ 13.75592, 52.74178 ], [ 13.7542, 52.74118 ], [ 13.75396, 52.74123 ], [ 13.75378, 52.74134 ], [ 13.75379, 52.74144 ], [ 13.75457, 52.74166 ], [ 13.75562, 52.7418 ], [ 13.75592, 52.74178 ] ] ] } },
{ "type": "Feature", "properties": { "boden": "70 % ziemlich arm, mäßig frisch (Z2) · 30 % ziemlich arm, mäßig frisch (Z+2)" }, "geometry": { "type": "Polygon", "coordinates": [ [ [ 13.75213, 52.75117 ], [ 13.75195, 52.75121 ], [ 13.75187, 52.75132 ], [ 13.75194, 52.75143 ], [ 13.75212, 52.75148 ], [ 13.7523, 52.75143 ], [ 13.75238, 52.75133 ], [ 13.75231, 52.75122 ], [ 13.75213, 52.75117 ] ] ] } },
{ "type": "Feature", "properties": { "boden": "70 % ziemlich arm, mäßig frisch (Z2) · 30 % mittel, mäßig frisch (M+2)" }, "geometry": { "type": "Polygon", "coordinates": [ [ [ 13.75475, 52.75191 ], [ 13.75444, 52.75091 ], [ 13.75472, 52.75026 ], [ 13.75347, 52.74996 ], [ 13.75056, 52.75193 ], [ 13.74906, 52.75286 ], [ 13.74819, 52.75326 ], [ 13.74787, 52.75357 ], [ 13.74869, 52.75378 ], [ 13.74913, 52.75381 ], [ 13.74935, 52.75377 ], [ 13.74995, 52.75354 ], [ 13.75016, 52.75352 ], [ 13.7508, 52.75359 ], [ 13.75109, 52.75356 ], [ 13.75172, 52.75331 ], [ 13.75202, 52.75308 ], [ 13.75193, 52.75279 ], [ 13.75198, 52.75267 ], [ 13.75274, 52.75248 ], [ 13.75415, 52.75232 ], [ 13.75492, 52.75213 ], [ 13.75475, 52.75191 ] ], [ [ 13.75062, 52.75253 ], [ 13.75055, 52.75264 ], [ 13.75037, 52.75268 ], [ 13.75019, 52.75264 ], [ 13.75012, 52.75253 ], [ 13.7502, 52.75242 ], [ 13.75038, 52.75238 ], [ 13.75055, 52.75242 ], [ 13.75062, 52.75253 ] ], [ [ 13.75238, 52.75133 ], [ 13.7523, 52.75143 ], [ 13.75212, 52.75148 ], [ 13.75194, 52.75143 ], [ 13.75187, 52.75132 ], [ 13.75195, 52.75121 ], [ 13.75213, 52.75117 ], [ 13.75231, 52.75122 ], [ 13.75238, 52.75133 ] ] ] } },
{ "type": "Feature", "properties": { "boden": "100 % mittel, frisch (M1)" }, "geometry": { "type": "Polygon", "coordinates": [ [ [ 13.74201, 52.73894 ], [ 13.7418, 52.73876 ], [ 13.74171, 52.73852 ], [ 13.74153, 52.73848 ], [ 13.74135, 52.73852 ], [ 13.74127, 52.73863 ], [ 13.74102, 52.73856 ], [ 13.74085, 52.7386 ], [ 13.74077, 52.73871 ], [ 13.74161, 52.73928 ], [ 13.74201, 52.73894 ] ] ] } },
{ "type": "Feature", "properties": { "boden": "100 % mittel, frisch (M1)" }, "geometry": { "type": "Polygon", "coordinates": [ [ [ 13.74454, 52.73931 ], [ 13.74436, 52.73935 ], [ 13.74429, 52.73946 ], [ 13.74436, 52.73957 ], [ 13.74454, 52.73962 ], [ 13.74471, 52.73957 ], [ 13.74479, 52.73947 ], [ 13.74472, 52.73936 ], [ 13.74454, 52.73931 ] ] ] } },
{ "type": "Feature", "properties": { "boden": "100 % mittel, frisch (M1)" }, "geometry": { "type": "Polygon", "coordinates": [ [ [ 13.74426, 52.73967 ], [ 13.74432, 52.73958 ], [ 13.74425, 52.73948 ], [ 13.74408, 52.73943 ], [ 13.7439, 52.73947 ], [ 13.74382, 52.73958 ], [ 13.74386, 52.73965 ], [ 13.74426, 52.73967 ] ] ] } },
{ "type": "Feature", "properties": { "boden": "100 % mittel, mäßig frisch (M+2)" }, "geometry": { "type": "Polygon", "coordinates": [ [ [ 13.73374, 52.75168 ], [ 13.73568, 52.75153 ], [ 13.73521, 52.75063 ], [ 13.73604, 52.75031 ], [ 13.73643, 52.75025 ], [ 13.73798, 52.75043 ], [ 13.73861, 52.75045 ], [ 13.73922, 52.75037 ], [ 13.73933, 52.75025 ], [ 13.73876, 52.74944 ], [ 13.73807, 52.74917 ], [ 13.73687, 52.74902 ], [ 13.73604, 52.74899 ], [ 13.73563, 52.74887 ], [ 13.73486, 52.74896 ], [ 13.73388, 52.75024 ], [ 13.7331, 52.75003 ], [ 13.73287, 52.75003 ], [ 13.73329, 52.75069 ], [ 13.73374, 52.75168 ] ] ] } },
{ "type": "Feature", "properties": { "boden": "60 % mittel, mäßig frisch (M+2) · 40 % ziemlich arm, mäßig frisch (Z+2)" }, "geometry": { "type": "Polygon", "coordinates": [ [ [ 13.73478, 52.75159 ], [ 13.73417, 52.75169 ], [ 13.7341, 52.7518 ], [ 13.73429, 52.75213 ], [ 13.73447, 52.75218 ], [ 13.73458, 52.75215 ], [ 13.73497, 52.75225 ], [ 13.73515, 52.75221 ], [ 13.7352, 52.75206 ], [ 13.7354, 52.75181 ], [ 13.73533, 52.75171 ], [ 13.73478, 52.75159 ] ] ] } },
{ "type": "Feature", "properties": { "boden": "60 % mittel, mäßig frisch (M+2) · 40 % mittel, mäßig frisch (M+2)" }, "geometry": { "type": "Polygon", "coordinates": [ [ [ 13.73743, 52.75545 ], [ 13.73765, 52.75531 ], [ 13.73781, 52.75505 ], [ 13.7378, 52.75462 ], [ 13.73785, 52.75449 ], [ 13.73802, 52.75438 ], [ 13.73879, 52.75425 ], [ 13.73916, 52.75414 ], [ 13.73969, 52.75391 ], [ 13.7401, 52.75366 ], [ 13.74048, 52.75354 ], [ 13.74048, 52.75337 ], [ 13.74059, 52.75325 ], [ 13.74136, 52.75314 ], [ 13.74098, 52.75246 ], [ 13.7408, 52.75237 ], [ 13.73863, 52.75246 ], [ 13.73621, 52.75244 ], [ 13.73568, 52.75153 ], [ 13.73478, 52.75159 ], [ 13.73533, 52.75171 ], [ 13.7354, 52.75181 ], [ 13.7352, 52.75206 ], [ 13.73515, 52.75221 ], [ 13.73497, 52.75225 ], [ 13.73458, 52.75215 ], [ 13.73447, 52.75218 ], [ 13.73429, 52.75213 ], [ 13.7341, 52.7518 ], [ 13.73417, 52.75169 ], [ 13.73463, 52.7516 ], [ 13.73374, 52.75168 ], [ 13.73388, 52.75201 ], [ 13.73428, 52.75258 ], [ 13.73319, 52.75334 ], [ 13.7325, 52.75353 ], [ 13.73232, 52.75368 ], [ 13.73178, 52.75385 ], [ 13.73074, 52.75393 ], [ 13.73083, 52.75405 ], [ 13.73102, 52.75411 ], [ 13.73122, 52.75428 ], [ 13.73142, 52.75491 ], [ 13.73207, 52.75625 ], [ 13.73339, 52.75667 ], [ 13.73394, 52.75652 ], [ 13.73402, 52.75643 ], [ 13.73401, 52.75632 ], [ 13.73378, 52.75596 ], [ 13.73377, 52.7557 ], [ 13.734, 52.7554 ], [ 13.7342, 52.75535 ], [ 13.73447, 52.75537 ], [ 13.73489, 52.75548 ], [ 13.73503, 52.75546 ], [ 13.73515, 52.75536 ], [ 13.7354, 52.7549 ], [ 13.73594, 52.75469 ], [ 13.73616, 52.75466 ], [ 13.73687, 52.75559 ], [ 13.73743, 52.75545 ] ] ] } },
{ "type": "Feature", "properties": { "boden": "70 % ziemlich arm, mäßig frisch (Z2g) · 30 % ziemlich arm, mäßig frisch (Z2g)" }, "geometry": { "type": "Polygon", "coordinates": [ [ [ 13.74071, 52.75672 ], [ 13.74109, 52.75571 ], [ 13.74127, 52.75562 ], [ 13.7416, 52.75557 ], [ 13.74186, 52.75549 ], [ 13.74204, 52.7553 ], [ 13.74226, 52.75488 ], [ 13.74233, 52.75455 ], [ 13.74232, 52.754 ], [ 13.74226, 52.75384 ], [ 13.74191, 52.75362 ], [ 13.74129, 52.75366 ], [ 13.74048, 52.75354 ], [ 13.7401, 52.75366 ], [ 13.73969, 52.75391 ], [ 13.73916, 52.75414 ], [ 13.73879, 52.75425 ], [ 13.73802, 52.75438 ], [ 13.73785, 52.75449 ], [ 13.73781, 52.75505 ], [ 13.73765, 52.75531 ], [ 13.73743, 52.75545 ], [ 13.73687, 52.75559 ], [ 13.73729, 52.75612 ], [ 13.73837, 52.75655 ], [ 13.73914, 52.75679 ], [ 13.73964, 52.75681 ], [ 13.74045, 52.75671 ], [ 13.74071, 52.75672 ] ] ] } },
{ "type": "Feature", "properties": { "boden": "70 % ziemlich arm, mäßig frisch (Z2g) · 30 % mittel, mäßig frisch (M2)" }, "geometry": { "type": "Polygon", "coordinates": [ [ [ 13.74594, 52.75706 ], [ 13.74537, 52.75653 ], [ 13.74481, 52.75628 ], [ 13.74452, 52.75634 ], [ 13.74422, 52.75624 ], [ 13.74421, 52.75614 ], [ 13.74431, 52.75603 ], [ 13.74468, 52.75589 ], [ 13.74475, 52.7558 ], [ 13.74534, 52.75552 ], [ 13.74613, 52.75552 ], [ 13.74666, 52.75532 ], [ 13.74679, 52.75518 ], [ 13.74612, 52.75421 ], [ 13.74562, 52.75377 ], [ 13.74519, 52.75369 ], [ 13.74438, 52.75393 ], [ 13.74399, 52.75392 ], [ 13.7432, 52.75372 ], [ 13.74295, 52.75352 ], [ 13.7429, 52.75354 ], [ 13.74176, 52.75333 ], [ 13.74152, 52.75317 ], [ 13.74136, 52.75314 ], [ 13.74059, 52.75325 ], [ 13.74048, 52.75337 ], [ 13.74048, 52.75354 ], [ 13.74129, 52.75366 ], [ 13.74191, 52.75362 ], [ 13.74226, 52.75384 ], [ 13.74232, 52.754 ], [ 13.74233, 52.75455 ], [ 13.74226, 52.75488 ], [ 13.74204, 52.7553 ], [ 13.74186, 52.75549 ], [ 13.7416, 52.75557 ], [ 13.74127, 52.75562 ], [ 13.74109, 52.75571 ], [ 13.74071, 52.75672 ], [ 13.74184, 52.75707 ], [ 13.745, 52.75777 ], [ 13.74606, 52.75734 ], [ 13.74594, 52.75706 ] ] ] } },
{ "type": "Feature", "properties": { "boden": "100 % mittel, mäßig frisch (M+2)" }, "geometry": { "type": "Polygon", "coordinates": [ [ [ 13.73759, 52.75652 ], [ 13.73616, 52.75466 ], [ 13.73594, 52.75469 ], [ 13.7354, 52.7549 ], [ 13.73515, 52.75536 ], [ 13.73503, 52.75546 ], [ 13.73489, 52.75548 ], [ 13.73447, 52.75537 ], [ 13.7342, 52.75535 ], [ 13.734, 52.7554 ], [ 13.7338, 52.75559 ], [ 13.73378, 52.75596 ], [ 13.73402, 52.75643 ], [ 13.73394, 52.75652 ], [ 13.73339, 52.75667 ], [ 13.73331, 52.75684 ], [ 13.73334, 52.75706 ], [ 13.7335, 52.75734 ], [ 13.73417, 52.75785 ], [ 13.7355, 52.75712 ], [ 13.73638, 52.7568 ], [ 13.73759, 52.75652 ] ] ] } },
{ "type": "Feature", "properties": { "boden": "70 % mittel, mäßig frisch (M+2) · 30 % mittel, mäßig frisch (M+2)" }, "geometry": { "type": "Polygon", "coordinates": [ [ [ 13.74275, 52.75928 ], [ 13.74295, 52.75916 ], [ 13.74314, 52.75896 ], [ 13.74343, 52.75844 ], [ 13.74359, 52.75837 ], [ 13.74459, 52.7583 ], [ 13.74488, 52.75821 ], [ 13.74505, 52.75807 ], [ 13.745, 52.75777 ], [ 13.74184, 52.75707 ], [ 13.74071, 52.75672 ], [ 13.74045, 52.75671 ], [ 13.73964, 52.75681 ], [ 13.73914, 52.75679 ], [ 13.73837, 52.75655 ], [ 13.73729, 52.75612 ], [ 13.73957, 52.75904 ], [ 13.74008, 52.75901 ], [ 13.74037, 52.75903 ], [ 13.74144, 52.75937 ], [ 13.74138, 52.75927 ], [ 13.74145, 52.75916 ], [ 13.74163, 52.75912 ], [ 13.74181, 52.75916 ], [ 13.74188, 52.75927 ], [ 13.7418, 52.75938 ], [ 13.74164, 52.75942 ], [ 13.74222, 52.7594 ], [ 13.74275, 52.75928 ] ], [ [ 13.74317, 52.75871 ], [ 13.74309, 52.75882 ], [ 13.74291, 52.75886 ], [ 13.74273, 52.75882 ], [ 13.74266, 52.75871 ], [ 13.74274, 52.7586 ], [ 13.74292, 52.75856 ], [ 13.74309, 52.7586 ], [ 13.74317, 52.75871 ] ], [ [ 13.74063, 52.75857 ], [ 13.74055, 52.75868 ], [ 13.74037, 52.75872 ], [ 13.7402, 52.75867 ], [ 13.74012, 52.75856 ], [ 13.7402, 52.75846 ], [ 13.74038, 52.75841 ], [ 13.74056, 52.75846 ], [ 13.74063, 52.75857 ] ], [ [ 13.7421, 52.75797 ], [ 13.74202, 52.75807 ], [ 13.74184, 52.75812 ], [ 13.74167, 52.75807 ], [ 13.7416, 52.75796 ], [ 13.74167, 52.75786 ], [ 13.74185, 52.75781 ], [ 13.74203, 52.75786 ], [ 13.7421, 52.75797 ] ], [ [ 13.74385, 52.7579 ], [ 13.74377, 52.75801 ], [ 13.74359, 52.75805 ], [ 13.74342, 52.758 ], [ 13.74335, 52.7579 ], [ 13.74342, 52.75779 ], [ 13.7436, 52.75775 ], [ 13.74378, 52.75779 ], [ 13.74385, 52.7579 ] ] ] } },
{ "type": "Feature", "properties": { "boden": "70 % ziemlich arm, mäßig frisch (Z2) · 30 % ziemlich arm, mäßig frisch (Z+2)" }, "geometry": { "type": "Polygon", "coordinates": [ [ [ 13.75038, 52.75238 ], [ 13.7502, 52.75242 ], [ 13.75012, 52.75253 ], [ 13.75019, 52.75264 ], [ 13.75037, 52.75268 ], [ 13.75055, 52.75264 ], [ 13.75062, 52.75253 ], [ 13.75055, 52.75242 ], [ 13.75038, 52.75238 ] ] ] } },
{ "type": "Feature", "properties": { "boden": "60 % mittel, mäßig frisch (M2) · 40 % ziemlich arm, mäßig frisch (Z2)" }, "geometry": { "type": "Polygon", "coordinates": [ [ [ 13.74803, 52.75345 ], [ 13.74819, 52.75326 ], [ 13.74906, 52.75286 ], [ 13.7457, 52.75222 ], [ 13.74295, 52.75352 ], [ 13.7432, 52.75372 ], [ 13.74399, 52.75392 ], [ 13.74438, 52.75393 ], [ 13.74519, 52.75369 ], [ 13.74562, 52.75377 ], [ 13.74612, 52.75421 ], [ 13.74645, 52.75464 ], [ 13.74693, 52.75428 ], [ 13.74723, 52.75394 ], [ 13.74765, 52.75373 ], [ 13.74803, 52.75345 ] ] ] } },
{ "type": "Feature", "properties": { "boden": "60 % mittel, mäßig frisch (M2) · 40 % mittel, mäßig frisch (M+2)" }, "geometry": { "type": "Polygon", "coordinates": [ [ [ 13.75628, 52.75275 ], [ 13.75557, 52.75257 ], [ 13.75492, 52.75213 ], [ 13.75415, 52.75232 ], [ 13.75274, 52.75248 ], [ 13.75198, 52.75267 ], [ 13.75193, 52.75279 ], [ 13.75202, 52.75308 ], [ 13.75172, 52.75331 ], [ 13.75109, 52.75356 ], [ 13.7508, 52.75359 ], [ 13.75016, 52.75352 ], [ 13.74995, 52.75354 ], [ 13.74935, 52.75377 ], [ 13.74913, 52.75381 ], [ 13.74869, 52.75378 ], [ 13.74787, 52.75357 ], [ 13.74723, 52.75394 ], [ 13.74693, 52.75428 ], [ 13.74645, 52.75464 ], [ 13.74679, 52.75518 ], [ 13.74666, 52.75532 ], [ 13.74687, 52.75538 ], [ 13.74721, 52.75536 ], [ 13.74833, 52.75492 ], [ 13.74902, 52.75482 ], [ 13.74938, 52.75484 ], [ 13.74977, 52.75494 ], [ 13.75061, 52.75531 ], [ 13.75075, 52.75522 ], [ 13.75148, 52.75507 ], [ 13.75256, 52.75474 ], [ 13.7545, 52.75365 ], [ 13.75503, 52.75349 ], [ 13.75552, 52.75346 ], [ 13.75628, 52.75275 ] ] ] } },
{ "type": "Feature", "properties": { "boden": "100 % mittel, mäßig frisch (M+2)" }, "geometry": { "type": "Polygon", "coordinates": [ [ [ 13.7523, 52.75835 ], [ 13.75463, 52.75682 ], [ 13.75569, 52.75537 ], [ 13.75615, 52.75483 ], [ 13.75694, 52.75408 ], [ 13.75625, 52.75383 ], [ 13.75552, 52.75346 ], [ 13.75503, 52.75349 ], [ 13.7545, 52.75365 ], [ 13.75256, 52.75474 ], [ 13.75148, 52.75507 ], [ 13.75075, 52.75522 ], [ 13.75061, 52.75531 ], [ 13.74977, 52.75494 ], [ 13.74938, 52.75484 ], [ 13.74902, 52.75482 ], [ 13.74861, 52.75486 ], [ 13.74833, 52.75492 ], [ 13.74721, 52.75536 ], [ 13.74687, 52.75538 ], [ 13.74666, 52.75532 ], [ 13.74613, 52.75552 ], [ 13.74534, 52.75552 ], [ 13.74475, 52.7558 ], [ 13.74468, 52.75589 ], [ 13.74494, 52.75583 ], [ 13.74509, 52.75586 ], [ 13.74481, 52.75628 ], [ 13.74537, 52.75653 ], [ 13.74594, 52.75706 ], [ 13.74606, 52.75734 ], [ 13.74638, 52.75728 ], [ 13.74664, 52.75728 ], [ 13.74724, 52.75749 ], [ 13.74729, 52.75757 ], [ 13.74805, 52.75788 ], [ 13.74883, 52.75832 ], [ 13.74919, 52.75846 ], [ 13.74939, 52.75849 ], [ 13.75041, 52.75844 ], [ 13.75224, 52.75844 ], [ 13.7523, 52.75835 ] ] ] } },
{ "type": "Feature", "properties": { "boden": "100 % mittel, trocken (vermutet) (M+3)" }, "geometry": { "type": "Polygon", "coordinates": [ [ [ 13.74468, 52.75589 ], [ 13.74464, 52.75612 ], [ 13.74481, 52.75628 ], [ 13.74509, 52.75586 ], [ 13.74494, 52.75583 ], [ 13.74468, 52.75589 ] ] ] } },
{ "type": "Feature", "properties": { "boden": "70 % ziemlich arm, mäßig frisch (Z2g) · 30 % mittel, trocken (vermutet) (M3)" }, "geometry": { "type": "Polygon", "coordinates": [ [ [ 13.7448, 52.75628 ], [ 13.74464, 52.75612 ], [ 13.74468, 52.75589 ], [ 13.74431, 52.75603 ], [ 13.74421, 52.75614 ], [ 13.74422, 52.75624 ], [ 13.74452, 52.75634 ], [ 13.7448, 52.75628 ] ] ] } },
{ "type": "Feature", "properties": { "boden": "100 % ziemlich arm, mäßig frisch (Z2)" }, "geometry": { "type": "Polygon", "coordinates": [ [ [ 13.74491, 52.75904 ], [ 13.74677, 52.75776 ], [ 13.74724, 52.75749 ], [ 13.74664, 52.75728 ], [ 13.74638, 52.75728 ], [ 13.74606, 52.75734 ], [ 13.74549, 52.75755 ], [ 13.745, 52.75777 ], [ 13.74505, 52.75807 ], [ 13.74488, 52.75821 ], [ 13.74459, 52.7583 ], [ 13.74359, 52.75837 ], [ 13.74343, 52.75844 ], [ 13.74314, 52.75896 ], [ 13.74295, 52.75916 ], [ 13.74256, 52.75933 ], [ 13.74281, 52.75972 ], [ 13.74491, 52.75904 ] ] ] } },
{ "type": "Feature", "properties": { "boden": "70 % mittel, mäßig frisch (M2) · 30 % mittel, mäßig frisch (M2)" }, "geometry": { "type": "Polygon", "coordinates": [ [ [ 13.75144, 52.75963 ], [ 13.75224, 52.75844 ], [ 13.75041, 52.75844 ], [ 13.74939, 52.75849 ], [ 13.74919, 52.75846 ], [ 13.74883, 52.75832 ], [ 13.74805, 52.75788 ], [ 13.74729, 52.75757 ], [ 13.74724, 52.75749 ], [ 13.74677, 52.75776 ], [ 13.74572, 52.75852 ], [ 13.7459, 52.75873 ], [ 13.74633, 52.75904 ], [ 13.7467, 52.75919 ], [ 13.74748, 52.75926 ], [ 13.7487, 52.75916 ], [ 13.74902, 52.75923 ], [ 13.74913, 52.75933 ], [ 13.74903, 52.75984 ], [ 13.74914, 52.76002 ], [ 13.74936, 52.76012 ], [ 13.74962, 52.76014 ], [ 13.75023, 52.76003 ], [ 13.75047, 52.76006 ], [ 13.75071, 52.76015 ], [ 13.75144, 52.75963 ] ] ] } },
{ "type": "Feature", "properties": { "boden": "100 % mittel, mäßig frisch (M+2)" }, "geometry": { "type": "Polygon", "coordinates": [ [ [ 13.75202, 52.75882 ], [ 13.75144, 52.75963 ], [ 13.75131, 52.75973 ], [ 13.75151, 52.75993 ], [ 13.75211, 52.76016 ], [ 13.75251, 52.75963 ], [ 13.75229, 52.75941 ], [ 13.75269, 52.75914 ], [ 13.75202, 52.75882 ] ] ] } },
{ "type": "Feature", "properties": { "boden": "60 % mittel, mäßig frisch (M+2) · 40 % mittel, mäßig frisch (M+2)" }, "geometry": { "type": "Polygon", "coordinates": [ [ [ 13.75047, 52.76006 ], [ 13.75023, 52.76003 ], [ 13.74962, 52.76014 ], [ 13.74936, 52.76012 ], [ 13.74914, 52.76002 ], [ 13.74903, 52.75984 ], [ 13.74913, 52.75933 ], [ 13.74902, 52.75923 ], [ 13.7487, 52.75916 ], [ 13.74748, 52.75926 ], [ 13.7467, 52.75919 ], [ 13.74633, 52.75904 ], [ 13.7459, 52.75873 ], [ 13.74572, 52.75852 ], [ 13.74491, 52.75904 ], [ 13.74453, 52.75917 ], [ 13.7447, 52.75953 ], [ 13.74472, 52.75978 ], [ 13.7446, 52.75998 ], [ 13.74428, 52.76015 ], [ 13.74253, 52.76056 ], [ 13.74197, 52.76075 ], [ 13.74154, 52.76103 ], [ 13.74152, 52.76132 ], [ 13.74143, 52.76147 ], [ 13.74155, 52.76158 ], [ 13.74187, 52.76166 ], [ 13.74293, 52.76125 ], [ 13.74402, 52.76166 ], [ 13.7441, 52.76222 ], [ 13.74429, 52.76243 ], [ 13.74463, 52.76257 ], [ 13.74539, 52.76269 ], [ 13.74594, 52.76264 ], [ 13.74681, 52.76271 ], [ 13.74718, 52.76287 ], [ 13.74732, 52.76303 ], [ 13.74899, 52.76143 ], [ 13.75071, 52.76015 ], [ 13.75047, 52.76006 ] ] ] } },
{ "type": "Feature", "properties": { "boden": "100 % mittel, nass (NM2)" }, "geometry": { "type": "Polygon", "coordinates": [ [ [ 13.76137, 52.74732 ], [ 13.76122, 52.7483 ], [ 13.76131, 52.74835 ], [ 13.76158, 52.74828 ], [ 13.76166, 52.74817 ], [ 13.76165, 52.74755 ], [ 13.76137, 52.74732 ] ] ] } },
{ "type": "Feature", "properties": { "boden": "100 % mittel, mäßig frisch (M+2)" }, "geometry": { "type": "Polygon", "coordinates": [ [ [ 13.75472, 52.75026 ], [ 13.75444, 52.75091 ], [ 13.75475, 52.75191 ], [ 13.75492, 52.75213 ], [ 13.75557, 52.75257 ], [ 13.75628, 52.75275 ], [ 13.75741, 52.75211 ], [ 13.75764, 52.75189 ], [ 13.75771, 52.75169 ], [ 13.75767, 52.75157 ], [ 13.75703, 52.75111 ], [ 13.75736, 52.75089 ], [ 13.75472, 52.75026 ] ] ] } },
{ "type": "Feature", "properties": { "boden": "50 % kräftig, mäßig frisch (K2) · 50 % mittel, mäßig frisch (M+2)" }, "geometry": { "type": "Polygon", "coordinates": [ [ [ 13.75703, 52.75111 ], [ 13.75767, 52.75157 ], [ 13.75771, 52.75169 ], [ 13.75764, 52.75189 ], [ 13.75741, 52.75211 ], [ 13.75628, 52.75275 ], [ 13.75552, 52.75346 ], [ 13.75625, 52.75383 ], [ 13.75694, 52.75408 ], [ 13.75875, 52.75253 ], [ 13.75911, 52.75209 ], [ 13.75944, 52.7514 ], [ 13.75736, 52.75089 ], [ 13.75703, 52.75111 ] ] ] } },
{ "type": "Feature", "properties": { "boden": "40 % mittel, mäßig frisch (M2) · 40 % mittel, mäßig frisch (M+2) · 20 % ziemlich arm, mäßig frisch (Z2)" }, "geometry": { "type": "Polygon", "coordinates": [ [ [ 13.7638, 52.76417 ], [ 13.76298, 52.76416 ], [ 13.76273, 52.76407 ], [ 13.76253, 52.76392 ], [ 13.76246, 52.76374 ], [ 13.76256, 52.76356 ], [ 13.76349, 52.76317 ], [ 13.76358, 52.76305 ], [ 13.76358, 52.76292 ], [ 13.76322, 52.76261 ], [ 13.76321, 52.76236 ], [ 13.76341, 52.76225 ], [ 13.76365, 52.76219 ], [ 13.76562, 52.76223 ], [ 13.76583, 52.76213 ], [ 13.76611, 52.76179 ], [ 13.76545, 52.76156 ], [ 13.76507, 52.76152 ], [ 13.76335, 52.7616 ], [ 13.76269, 52.76125 ], [ 13.76265, 52.76115 ], [ 13.76271, 52.76106 ], [ 13.76295, 52.76099 ], [ 13.7635, 52.761 ], [ 13.76456, 52.7611 ], [ 13.76565, 52.76111 ], [ 13.76275, 52.76038 ], [ 13.76232, 52.7611 ], [ 13.75984, 52.76181 ], [ 13.75967, 52.7618 ], [ 13.75873, 52.7635 ], [ 13.75945, 52.76386 ], [ 13.75967, 52.76356 ], [ 13.75992, 52.7634 ], [ 13.76021, 52.76329 ], [ 13.76052, 52.76328 ], [ 13.76109, 52.76348 ], [ 13.76149, 52.76378 ], [ 13.76145, 52.76389 ], [ 13.76072, 52.76445 ], [ 13.7631, 52.76554 ], [ 13.76425, 52.7641 ], [ 13.7638, 52.76417 ] ], [ [ 13.7622, 52.76369 ], [ 13.76213, 52.7638 ], [ 13.76195, 52.76384 ], [ 13.76177, 52.76379 ], [ 13.7617, 52.76369 ], [ 13.76178, 52.76358 ], [ 13.76196, 52.76354 ], [ 13.76213, 52.76358 ], [ 13.7622, 52.76369 ] ] ] } },
{ "type": "Feature", "properties": { "boden": "40 % ziemlich arm, mäßig frisch (Z2) · 40 % mittel, mäßig frisch (M+2) · 20 % ziemlich arm, mäßig frisch (Z2)" }, "geometry": { "type": "Polygon", "coordinates": [ [ [ 13.76196, 52.76354 ], [ 13.76178, 52.76358 ], [ 13.7617, 52.76369 ], [ 13.76177, 52.76379 ], [ 13.76195, 52.76384 ], [ 13.76213, 52.7638 ], [ 13.7622, 52.76369 ], [ 13.76213, 52.76358 ], [ 13.76196, 52.76354 ] ] ] } },
{ "type": "Feature", "properties": { "boden": "100 % mittel, mäßig frisch (M2)" }, "geometry": { "type": "Polygon", "coordinates": [ [ [ 13.76069, 52.76447 ], [ 13.76145, 52.76389 ], [ 13.76149, 52.76378 ], [ 13.76137, 52.76366 ], [ 13.76109, 52.76348 ], [ 13.76052, 52.76328 ], [ 13.76021, 52.76329 ], [ 13.75992, 52.7634 ], [ 13.75967, 52.76356 ], [ 13.75945, 52.76386 ], [ 13.76069, 52.76447 ] ] ] } },
{ "type": "Feature", "properties": { "boden": "50 % mittel, mäßig frisch (M2) · 30 % ziemlich arm, mäßig frisch (Z2) · 20 % ziemlich arm, mäßig frisch (Z2)" }, "geometry": { "type": "Polygon", "coordinates": [ [ [ 13.7631, 52.7665 ], [ 13.76143, 52.76619 ], [ 13.76082, 52.76586 ], [ 13.75975, 52.76573 ], [ 13.75893, 52.76576 ], [ 13.75827, 52.76598 ], [ 13.75705, 52.76614 ], [ 13.75724, 52.76697 ], [ 13.756, 52.76938 ], [ 13.75909, 52.76998 ], [ 13.75939, 52.76921 ], [ 13.75937, 52.76892 ], [ 13.75914, 52.7685 ], [ 13.75911, 52.76817 ], [ 13.75927, 52.76803 ], [ 13.75954, 52.76793 ], [ 13.76032, 52.76787 ], [ 13.76126, 52.76814 ], [ 13.76206, 52.76819 ], [ 13.7631, 52.7665 ] ], [ [ 13.75806, 52.76866 ], [ 13.75798, 52.76877 ], [ 13.7578, 52.76881 ], [ 13.75763, 52.76877 ], [ 13.75756, 52.76866 ], [ 13.75763, 52.76855 ], [ 13.75781, 52.76851 ], [ 13.75799, 52.76855 ], [ 13.75806, 52.76866 ] ], [ [ 13.75749, 52.76866 ], [ 13.75741, 52.76877 ], [ 13.75723, 52.76881 ], [ 13.75705, 52.76876 ], [ 13.75698, 52.76866 ], [ 13.75706, 52.76855 ], [ 13.75724, 52.76851 ], [ 13.75742, 52.76855 ], [ 13.75749, 52.76866 ] ], [ [ 13.75906, 52.7687 ], [ 13.75898, 52.76881 ], [ 13.7588, 52.76885 ], [ 13.75862, 52.7688 ], [ 13.75855, 52.76869 ], [ 13.75863, 52.76859 ], [ 13.75881, 52.76854 ], [ 13.75899, 52.76859 ], [ 13.75906, 52.7687 ] ], [ [ 13.75722, 52.769 ], [ 13.75714, 52.76911 ], [ 13.75696, 52.76915 ], [ 13.75678, 52.7691 ], [ 13.75671, 52.76899 ], [ 13.75679, 52.76889 ], [ 13.75697, 52.76884 ], [ 13.75715, 52.76889 ], [ 13.75722, 52.769 ] ] ] } },
{ "type": "Feature", "properties": { "boden": "60 % mittel, mäßig frisch (M2) · 40 % ziemlich arm, mäßig frisch (Z2)" }, "geometry": { "type": "Polygon", "coordinates": [ [ [ 13.75951, 52.7685 ], [ 13.75933, 52.76854 ], [ 13.75926, 52.76865 ], [ 13.75933, 52.76875 ], [ 13.75951, 52.7688 ], [ 13.75968, 52.76876 ], [ 13.75976, 52.76865 ], [ 13.75969, 52.76854 ], [ 13.75951, 52.7685 ] ] ] } },
{ "type": "Feature", "properties": { "boden": "50 % mittel, mäßig frisch (M2) · 30 % ziemlich arm, mäßig frisch (Z2) · 20 % ziemlich arm, mäßig frisch (Z2)" }, "geometry": { "type": "Polygon", "coordinates": [ [ [ 13.75781, 52.76851 ], [ 13.75763, 52.76855 ], [ 13.75756, 52.76866 ], [ 13.75763, 52.76877 ], [ 13.7578, 52.76881 ], [ 13.75798, 52.76877 ], [ 13.75806, 52.76866 ], [ 13.75799, 52.76855 ], [ 13.75781, 52.76851 ] ] ] } },
{ "type": "Feature", "properties": { "boden": "50 % mittel, mäßig frisch (M2) · 30 % ziemlich arm, mäßig frisch (Z2) · 20 % ziemlich arm, mäßig frisch (Z2)" }, "geometry": { "type": "Polygon", "coordinates": [ [ [ 13.75724, 52.76851 ], [ 13.75706, 52.76855 ], [ 13.75698, 52.76866 ], [ 13.75705, 52.76876 ], [ 13.75723, 52.76881 ], [ 13.75741, 52.76877 ], [ 13.75749, 52.76866 ], [ 13.75742, 52.76855 ], [ 13.75724, 52.76851 ] ] ] } },
{ "type": "Feature", "properties": { "boden": "50 % ziemlich arm, mäßig frisch (Z2) · 50 % ziemlich arm, mäßig frisch (Z2g)" }, "geometry": { "type": "Polygon", "coordinates": [ [ [ 13.73312, 52.75872 ], [ 13.73294, 52.75876 ], [ 13.73287, 52.75887 ], [ 13.73294, 52.75898 ], [ 13.73311, 52.75903 ], [ 13.73329, 52.75898 ], [ 13.73337, 52.75888 ], [ 13.7333, 52.75877 ], [ 13.73312, 52.75872 ] ] ] } },
{ "type": "Feature", "properties": { "boden": "50 % ziemlich arm, mäßig frisch (Z2) · 50 % ziemlich arm, mäßig frisch (Z2g)" }, "geometry": { "type": "Polygon", "coordinates": [ [ [ 13.73481, 52.76259 ], [ 13.73479, 52.76242 ], [ 13.73506, 52.76227 ], [ 13.73567, 52.76202 ], [ 13.73632, 52.76183 ], [ 13.73618, 52.76158 ], [ 13.73566, 52.76106 ], [ 13.73552, 52.76079 ], [ 13.73568, 52.7602 ], [ 13.73578, 52.75996 ], [ 13.73592, 52.75981 ], [ 13.73356, 52.75818 ], [ 13.73182, 52.75929 ], [ 13.73161, 52.75932 ], [ 13.73154, 52.7593 ], [ 13.73141, 52.75918 ], [ 13.73131, 52.75854 ], [ 13.73167, 52.75792 ], [ 13.73218, 52.75764 ], [ 13.73239, 52.75732 ], [ 13.73243, 52.75706 ], [ 13.73207, 52.75625 ], [ 13.7303, 52.75561 ], [ 13.7303, 52.75583 ], [ 13.73021, 52.75597 ], [ 13.72971, 52.75622 ], [ 13.72935, 52.7566 ], [ 13.72919, 52.75665 ], [ 13.72905, 52.75663 ], [ 13.7289, 52.75633 ], [ 13.72869, 52.75616 ], [ 13.72841, 52.75609 ], [ 13.72812, 52.75622 ], [ 13.72787, 52.75628 ], [ 13.72765, 52.75655 ], [ 13.72755, 52.75685 ], [ 13.72768, 52.75725 ], [ 13.72826, 52.75794 ], [ 13.72854, 52.75817 ], [ 13.72884, 52.75769 ], [ 13.7291, 52.75753 ], [ 13.72937, 52.75748 ], [ 13.72964, 52.75748 ], [ 13.7298, 52.75756 ], [ 13.72994, 52.75771 ], [ 13.72992, 52.75795 ], [ 13.73002, 52.75809 ], [ 13.73047, 52.7583 ], [ 13.73059, 52.75848 ], [ 13.73058, 52.75865 ], [ 13.73023, 52.75898 ], [ 13.7304, 52.75908 ], [ 13.73044, 52.75929 ], [ 13.72983, 52.75975 ], [ 13.72958, 52.76021 ], [ 13.72998, 52.76087 ], [ 13.73, 52.76115 ], [ 13.73086, 52.76151 ], [ 13.73149, 52.76155 ], [ 13.73222, 52.76172 ], [ 13.73272, 52.76217 ], [ 13.73316, 52.76222 ], [ 13.73361, 52.76236 ], [ 13.73496, 52.76303 ], [ 13.73547, 52.76294 ], [ 13.73481, 52.76259 ] ], [ [ 13.73401, 52.76198 ], [ 13.73349, 52.7621 ], [ 13.73296, 52.76162 ], [ 13.73258, 52.76138 ], [ 13.73162, 52.76105 ], [ 13.73142, 52.7609 ], [ 13.73133, 52.76073 ], [ 13.73133, 52.76049 ], [ 13.73143, 52.76022 ], [ 13.73176, 52.75992 ], [ 13.73205, 52.75975 ], [ 13.73236, 52.75968 ], [ 13.73277, 52.75968 ], [ 13.7331, 52.75976 ], [ 13.73382, 52.76014 ], [ 13.73456, 52.76068 ], [ 13.7346, 52.76081 ], [ 13.73447, 52.76142 ], [ 13.73436, 52.76167 ], [ 13.73401, 52.76198 ] ], [ [ 13.73337, 52.75888 ], [ 13.73329, 52.75898 ], [ 13.73311, 52.75903 ], [ 13.73294, 52.75898 ], [ 13.73287, 52.75887 ], [ 13.73294, 52.75876 ], [ 13.73312, 52.75872 ], [ 13.7333, 52.75877 ], [ 13.73337, 52.75888 ] ] ] } },
{ "type": "Feature", "properties": { "boden": "100 % mittel, mäßig frisch (M2)" }, "geometry": { "type": "Polygon", "coordinates": [ [ [ 13.72843, 52.7604 ], [ 13.72822, 52.7603 ], [ 13.7279, 52.76031 ], [ 13.72781, 52.76045 ], [ 13.72784, 52.7606 ], [ 13.72799, 52.76052 ], [ 13.72819, 52.76048 ], [ 13.72843, 52.76052 ], [ 13.72843, 52.7604 ] ] ] } },
{ "type": "Feature", "properties": { "boden": "100 % mittel, mäßig frisch (M2)" }, "geometry": { "type": "Polygon", "coordinates": [ [ [ 13.73385, 52.76194 ], [ 13.73356, 52.76198 ], [ 13.73338, 52.76193 ], [ 13.73331, 52.76182 ], [ 13.73339, 52.76171 ], [ 13.73357, 52.76167 ], [ 13.73385, 52.76173 ], [ 13.73403, 52.76168 ], [ 13.73424, 52.76177 ], [ 13.73447, 52.76142 ], [ 13.7346, 52.76081 ], [ 13.73456, 52.76068 ], [ 13.73382, 52.76014 ], [ 13.7331, 52.75976 ], [ 13.73277, 52.75968 ], [ 13.73236, 52.75968 ], [ 13.73205, 52.75975 ], [ 13.73176, 52.75992 ], [ 13.73143, 52.76022 ], [ 13.73133, 52.76049 ], [ 13.73133, 52.76073 ], [ 13.73142, 52.7609 ], [ 13.73162, 52.76105 ], [ 13.73258, 52.76138 ], [ 13.73296, 52.76162 ], [ 13.73349, 52.7621 ], [ 13.73401, 52.76198 ], [ 13.73385, 52.76194 ] ], [ [ 13.73243, 52.76105 ], [ 13.73236, 52.76115 ], [ 13.73218, 52.7612 ], [ 13.732, 52.76115 ], [ 13.73193, 52.76104 ], [ 13.73201, 52.76093 ], [ 13.73219, 52.76089 ], [ 13.73236, 52.76094 ], [ 13.73243, 52.76105 ] ] ] } },
{ "type": "Feature", "properties": { "boden": "100 % mittel, mäßig frisch (M2)" }, "geometry": { "type": "Polygon", "coordinates": [ [ [ 13.72925, 52.7608 ], [ 13.72916, 52.76082 ], [ 13.72923, 52.76092 ], [ 13.72966, 52.76105 ], [ 13.72958, 52.76089 ], [ 13.72925, 52.7608 ] ] ] } },
{ "type": "Feature", "properties": { "boden": "100 % mittel, mäßig frisch (M2)" }, "geometry": { "type": "Polygon", "coordinates": [ [ [ 13.72958, 52.76089 ], [ 13.72966, 52.76105 ], [ 13.72993, 52.76113 ], [ 13.72989, 52.76098 ], [ 13.72958, 52.76089 ] ] ] } },
{ "type": "Feature", "properties": { "boden": "100 % mittel, mäßig frisch (M2)" }, "geometry": { "type": "Polygon", "coordinates": [ [ [ 13.73219, 52.76089 ], [ 13.73201, 52.76093 ], [ 13.73193, 52.76104 ], [ 13.732, 52.76115 ], [ 13.73218, 52.7612 ], [ 13.73236, 52.76115 ], [ 13.73243, 52.76105 ], [ 13.73236, 52.76094 ], [ 13.73219, 52.76089 ] ] ] } },
{ "type": "Feature", "properties": { "boden": "50 % ziemlich arm, mäßig frisch (Z2g) · 50 % ziemlich arm, mäßig frisch (Z2)" }, "geometry": { "type": "Polygon", "coordinates": [ [ [ 13.72993, 52.76113 ], [ 13.72923, 52.76092 ], [ 13.72922, 52.76094 ], [ 13.72902, 52.7609 ], [ 13.72899, 52.76095 ], [ 13.72906, 52.76106 ], [ 13.72971, 52.76124 ], [ 13.72989, 52.76119 ], [ 13.72993, 52.76113 ] ] ] } },
{ "type": "Feature", "properties": { "boden": "100 % mittel, nass (OM2)" }, "geometry": { "type": "Polygon", "coordinates": [ [ [ 13.73222, 52.76172 ], [ 13.73149, 52.76155 ], [ 13.73089, 52.76151 ], [ 13.73114, 52.76167 ], [ 13.73138, 52.76166 ], [ 13.73156, 52.7617 ], [ 13.73163, 52.76181 ], [ 13.73177, 52.76183 ], [ 13.73195, 52.76179 ], [ 13.7323, 52.76194 ], [ 13.73243, 52.76191 ], [ 13.73222, 52.76172 ] ] ] } },
{ "type": "Feature", "properties": { "boden": "70 % ziemlich arm, trocken (vermutet) (Z3) · 30 % ziemlich arm, trocken (vermutet) (Z3)" }, "geometry": { "type": "Polygon", "coordinates": [ [ [ 13.72955, 52.76177 ], [ 13.72896, 52.76174 ], [ 13.72886, 52.76178 ], [ 13.72885, 52.76187 ], [ 13.72926, 52.76194 ], [ 13.72969, 52.76188 ], [ 13.72955, 52.76177 ] ] ] } },
{ "type": "Feature", "properties": { "boden": "70 % mittel, mäßig frisch (M+2) · 30 % mittel, mäßig frisch (M+2)" }, "geometry": { "type": "Polygon", "coordinates": [ [ [ 13.7436, 52.75775 ], [ 13.74342, 52.75779 ], [ 13.74335, 52.7579 ], [ 13.74342, 52.758 ], [ 13.74359, 52.75805 ], [ 13.74377, 52.75801 ], [ 13.74385, 52.7579 ], [ 13.74378, 52.75779 ], [ 13.7436, 52.75775 ] ] ] } },
{ "type": "Feature", "properties": { "boden": "70 % mittel, mäßig frisch (M+2) · 30 % mittel, mäßig frisch (M+2)" }, "geometry": { "type": "Polygon", "coordinates": [ [ [ 13.74185, 52.75781 ], [ 13.74167, 52.75786 ], [ 13.7416, 52.75796 ], [ 13.74167, 52.75807 ], [ 13.74184, 52.75812 ], [ 13.74202, 52.75807 ], [ 13.7421, 52.75797 ], [ 13.74203, 52.75786 ], [ 13.74185, 52.75781 ] ] ] } },
{ "type": "Feature", "properties": { "boden": "70 % mittel, mäßig frisch (M+2) · 30 % mittel, mäßig frisch (M+2)" }, "geometry": { "type": "Polygon", "coordinates": [ [ [ 13.74038, 52.75841 ], [ 13.7402, 52.75846 ], [ 13.74012, 52.75856 ], [ 13.7402, 52.75867 ], [ 13.74037, 52.75872 ], [ 13.74055, 52.75868 ], [ 13.74063, 52.75857 ], [ 13.74056, 52.75846 ], [ 13.74038, 52.75841 ] ] ] } },
{ "type": "Feature", "properties": { "boden": "70 % mittel, mäßig frisch (M+2) · 30 % mittel, mäßig frisch (M+2)" }, "geometry": { "type": "Polygon", "coordinates": [ [ [ 13.74292, 52.75856 ], [ 13.74274, 52.7586 ], [ 13.74266, 52.75871 ], [ 13.74273, 52.75882 ], [ 13.74291, 52.75886 ], [ 13.74309, 52.75882 ], [ 13.74317, 52.75871 ], [ 13.74309, 52.7586 ], [ 13.74292, 52.75856 ] ] ] } },
{ "type": "Feature", "properties": { "boden": "100 % mittel, mäßig frisch (M2)" }, "geometry": { "type": "Polygon", "coordinates": [ [ [ 13.74281, 52.75972 ], [ 13.74256, 52.75933 ], [ 13.74222, 52.7594 ], [ 13.74164, 52.75942 ], [ 13.74037, 52.75903 ], [ 13.74008, 52.75901 ], [ 13.73957, 52.75904 ], [ 13.73759, 52.75652 ], [ 13.73638, 52.7568 ], [ 13.7355, 52.75712 ], [ 13.73356, 52.75818 ], [ 13.73592, 52.75981 ], [ 13.73578, 52.75996 ], [ 13.73568, 52.7602 ], [ 13.73552, 52.76079 ], [ 13.73566, 52.76106 ], [ 13.73618, 52.76158 ], [ 13.73632, 52.76183 ], [ 13.73747, 52.76158 ], [ 13.73985, 52.76089 ], [ 13.74068, 52.7604 ], [ 13.74281, 52.75972 ] ], [ [ 13.7371, 52.76123 ], [ 13.73702, 52.76133 ], [ 13.73684, 52.76138 ], [ 13.73667, 52.76133 ], [ 13.7366, 52.76122 ], [ 13.73667, 52.76111 ], [ 13.73685, 52.76107 ], [ 13.73703, 52.76112 ], [ 13.7371, 52.76123 ] ] ] } },
{ "type": "Feature", "properties": { "boden": "70 % mittel, mäßig frisch (M+2) · 30 % mittel, mäßig frisch (M+2)" }, "geometry": { "type": "Polygon", "coordinates": [ [ [ 13.74164, 52.75942 ], [ 13.7418, 52.75938 ], [ 13.74188, 52.75927 ], [ 13.74181, 52.75916 ], [ 13.74163, 52.75912 ], [ 13.74145, 52.75916 ], [ 13.74138, 52.75927 ], [ 13.74144, 52.75937 ], [ 13.74164, 52.75942 ] ] ] } },
{ "type": "Feature", "properties": { "boden": "40 % ziemlich arm, mäßig frisch (Z2) · 40 % ziemlich arm, mäßig frisch (Z2) · 20 % ziemlich arm, mäßig frisch (Z2)" }, "geometry": { "type": "Polygon", "coordinates": [ [ [ 13.74453, 52.75917 ], [ 13.74068, 52.7604 ], [ 13.74152, 52.76132 ], [ 13.74154, 52.76103 ], [ 13.74197, 52.76075 ], [ 13.74253, 52.76056 ], [ 13.74428, 52.76015 ], [ 13.7446, 52.75998 ], [ 13.74472, 52.75978 ], [ 13.7447, 52.75953 ], [ 13.74453, 52.75917 ] ] ] } },
{ "type": "Feature", "properties": { "boden": "100 % mittel, mäßig frisch (M2)" }, "geometry": { "type": "Polygon", "coordinates": [ [ [ 13.73685, 52.76107 ], [ 13.73667, 52.76111 ], [ 13.7366, 52.76122 ], [ 13.73667, 52.76133 ], [ 13.73684, 52.76138 ], [ 13.73702, 52.76133 ], [ 13.7371, 52.76123 ], [ 13.73703, 52.76112 ], [ 13.73685, 52.76107 ] ] ] } },
{ "type": "Feature", "properties": { "boden": "100 % mittel, mäßig frisch (M2)" }, "geometry": { "type": "Polygon", "coordinates": [ [ [ 13.74068, 52.7604 ], [ 13.73985, 52.76089 ], [ 13.73747, 52.76158 ], [ 13.73632, 52.76183 ], [ 13.73567, 52.76202 ], [ 13.73479, 52.76242 ], [ 13.73481, 52.76259 ], [ 13.73547, 52.76294 ], [ 13.73566, 52.76284 ], [ 13.73616, 52.76281 ], [ 13.73642, 52.76276 ], [ 13.73803, 52.76223 ], [ 13.73847, 52.76198 ], [ 13.74098, 52.761 ], [ 13.74126, 52.76104 ], [ 13.74068, 52.7604 ] ], [ [ 13.73874, 52.76169 ], [ 13.73867, 52.76179 ], [ 13.73849, 52.76184 ], [ 13.73831, 52.76179 ], [ 13.73824, 52.76168 ], [ 13.73832, 52.76157 ], [ 13.7385, 52.76153 ], [ 13.73867, 52.76158 ], [ 13.73874, 52.76169 ] ] ] } },
{ "type": "Feature", "properties": { "boden": "100 % ziemlich arm, mäßig frisch (Z2)" }, "geometry": { "type": "Polygon", "coordinates": [ [ [ 13.7385, 52.76153 ], [ 13.73832, 52.76157 ], [ 13.73824, 52.76168 ], [ 13.73831, 52.76179 ], [ 13.73849, 52.76184 ], [ 13.73867, 52.76179 ], [ 13.73874, 52.76169 ], [ 13.73867, 52.76158 ], [ 13.7385, 52.76153 ] ] ] } },
{ "type": "Feature", "properties": { "boden": "100 % kräftig, nass (NK2)" }, "geometry": { "type": "Polygon", "coordinates": [ [ [ 13.77253, 52.74507 ], [ 13.77238, 52.74523 ], [ 13.77193, 52.74532 ], [ 13.77175, 52.74528 ], [ 13.77168, 52.74517 ], [ 13.77176, 52.74506 ], [ 13.77203, 52.74501 ], [ 13.77212, 52.74481 ], [ 13.7723, 52.74477 ], [ 13.77258, 52.7448 ], [ 13.7728, 52.74463 ], [ 13.77189, 52.74444 ], [ 13.77173, 52.74462 ], [ 13.77148, 52.74534 ], [ 13.77246, 52.74543 ], [ 13.77253, 52.74507 ] ] ] } },
{ "type": "Feature", "properties": { "boden": "100 % kräftig, nass (NK2)" }, "geometry": { "type": "Polygon", "coordinates": [ [ [ 13.77258, 52.7448 ], [ 13.7723, 52.74477 ], [ 13.77212, 52.74481 ], [ 13.77203, 52.74501 ], [ 13.77176, 52.74506 ], [ 13.77168, 52.74517 ], [ 13.77175, 52.74528 ], [ 13.77193, 52.74532 ], [ 13.77238, 52.74523 ], [ 13.77253, 52.74507 ], [ 13.77258, 52.7448 ] ] ] } },
{ "type": "Feature", "properties": { "boden": "40 % mittel, mäßig frisch (M+2) · 30 % ziemlich arm, mäßig frisch (Z+2) · 30 % ziemlich arm, mäßig frisch (Z2)" }, "geometry": { "type": "Polygon", "coordinates": [ [ [ 13.77723, 52.76193 ], [ 13.77716, 52.76182 ], [ 13.77698, 52.76177 ], [ 13.77667, 52.76181 ], [ 13.77633, 52.76175 ], [ 13.77615, 52.76179 ], [ 13.77608, 52.7619 ], [ 13.77615, 52.76201 ], [ 13.77632, 52.76206 ], [ 13.77664, 52.76201 ], [ 13.77697, 52.76208 ], [ 13.77715, 52.76203 ], [ 13.77723, 52.76193 ] ] ] } },
{ "type": "Feature", "properties": { "boden": "40 % mittel, mäßig frisch (M+2) · 30 % ziemlich arm, mäßig frisch (Z+2) · 30 % ziemlich arm, mäßig frisch (Z2)" }, "geometry": { "type": "Polygon", "coordinates": [ [ [ 13.77872, 52.76249 ], [ 13.77879, 52.76238 ], [ 13.77872, 52.76227 ], [ 13.77855, 52.76222 ], [ 13.77837, 52.76227 ], [ 13.77829, 52.76237 ], [ 13.77836, 52.76247 ], [ 13.77872, 52.76249 ] ] ] } },
{ "type": "Feature", "properties": { "boden": "40 % mittel, mäßig frisch (M+2) · 30 % mittel, mäßig frisch (M+2) · 30 % ziemlich arm, mäßig frisch (Z2)" }, "geometry": { "type": "Polygon", "coordinates": [ [ [ 13.77226, 52.76263 ], [ 13.77251, 52.7626 ], [ 13.773, 52.76233 ], [ 13.77246, 52.76243 ], [ 13.77231, 52.7625 ], [ 13.77226, 52.76263 ] ] ] } },
{ "type": "Feature", "properties": { "boden": "40 % ziemlich arm, frisch (Z1) · 30 % ziemlich arm, mäßig frisch (Z2g) · 30 % ziemlich arm, mäßig frisch (Z2)" }, "geometry": { "type": "Polygon", "coordinates": [ [ [ 13.78116, 52.76192 ], [ 13.78177, 52.76157 ], [ 13.78211, 52.76148 ], [ 13.78241, 52.76148 ], [ 13.78279, 52.76162 ], [ 13.7832, 52.7622 ], [ 13.78345, 52.76243 ], [ 13.78346, 52.76086 ], [ 13.78448, 52.76028 ], [ 13.78479, 52.76041 ], [ 13.78547, 52.76035 ], [ 13.78554, 52.7602 ], [ 13.78608, 52.76018 ], [ 13.78607, 52.75896 ], [ 13.78548, 52.75893 ], [ 13.78547, 52.75925 ], [ 13.78499, 52.75927 ], [ 13.78489, 52.75916 ], [ 13.78484, 52.7589 ], [ 13.7846, 52.75889 ], [ 13.78457, 52.75919 ], [ 13.78418, 52.75915 ], [ 13.78407, 52.75931 ], [ 13.78295, 52.75899 ], [ 13.7819, 52.75967 ], [ 13.78165, 52.75956 ], [ 13.7818, 52.75933 ], [ 13.78159, 52.75916 ], [ 13.77909, 52.76042 ], [ 13.7811, 52.76121 ], [ 13.78092, 52.76199 ], [ 13.78116, 52.76192 ] ] ] } },
{ "type": "Feature", "properties": { "boden": "50 % ziemlich arm, trocken (vermutet) (Z3) · 30 % ziemlich arm, trocken (vermutet) (Z3) · 20 % ziemlich arm, trocken (vermutet) (Z3)" }, "geometry": { "type": "Polygon", "coordinates": [ [ [ 13.78259, 52.76258 ], [ 13.78269, 52.7622 ], [ 13.78246, 52.76213 ], [ 13.78148, 52.76198 ], [ 13.78134, 52.76204 ], [ 13.78126, 52.76217 ], [ 13.78115, 52.7622 ], [ 13.78113, 52.76227 ], [ 13.78119, 52.76238 ], [ 13.78134, 52.76248 ], [ 13.7818, 52.76259 ], [ 13.78189, 52.76253 ], [ 13.78196, 52.76228 ], [ 13.78213, 52.76227 ], [ 13.78225, 52.76235 ], [ 13.78235, 52.76259 ], [ 13.78244, 52.76265 ], [ 13.78259, 52.76258 ] ] ] } },
{ "type": "Feature", "properties": { "boden": "50 % ziemlich arm, mäßig frisch (Z2) · 30 % ziemlich arm, mäßig frisch (Z2) · 20 % ziemlich arm, mäßig frisch (Z2)" }, "geometry": { "type": "Polygon", "coordinates": [ [ [ 13.78269, 52.76235 ], [ 13.78275, 52.76244 ], [ 13.78293, 52.76249 ], [ 13.78311, 52.76245 ], [ 13.78319, 52.76234 ], [ 13.78311, 52.76223 ], [ 13.78294, 52.76219 ], [ 13.78276, 52.76223 ], [ 13.78269, 52.76235 ] ] ] } },
{ "type": "Feature", "properties": { "boden": "80 % ziemlich arm, trocken (vermutet) (Z3) · 20 % ziemlich arm, mäßig frisch (Z2g)" }, "geometry": { "type": "Polygon", "coordinates": [ [ [ 13.78581, 52.76355 ], [ 13.78548, 52.76356 ], [ 13.78519, 52.76346 ], [ 13.78508, 52.7635 ], [ 13.78502, 52.76365 ], [ 13.78507, 52.76379 ], [ 13.78526, 52.76399 ], [ 13.78554, 52.76406 ], [ 13.78576, 52.76402 ], [ 13.786, 52.76395 ], [ 13.78613, 52.76386 ], [ 13.78609, 52.76367 ], [ 13.78581, 52.76355 ] ] ] } },
{ "type": "Feature", "properties": { "boden": "40 % ziemlich arm, mäßig frisch (Z2) · 40 % ziemlich arm, mäßig frisch (Z2) · 20 % ziemlich arm, mäßig frisch (Z2)" }, "geometry": { "type": "Polygon", "coordinates": [ [ [ 13.78103, 52.76468 ], [ 13.78085, 52.76472 ], [ 13.78077, 52.76483 ], [ 13.78084, 52.76494 ], [ 13.78102, 52.76499 ], [ 13.7812, 52.76494 ], [ 13.78127, 52.76484 ], [ 13.7812, 52.76473 ], [ 13.78103, 52.76468 ] ] ] } },
{ "type": "Feature", "properties": { "boden": "40 % ziemlich arm, trocken (vermutet) (Z3) · 40 % ziemlich arm, trocken (vermutet) (Z3) · 20 % ziemlich arm, trocken (vermutet) (Z3)" }, "geometry": { "type": "Polygon", "coordinates": [ [ [ 13.77898, 52.76485 ], [ 13.77879, 52.76494 ], [ 13.77876, 52.76503 ], [ 13.77886, 52.76515 ], [ 13.77905, 52.76513 ], [ 13.77921, 52.76501 ], [ 13.77911, 52.76488 ], [ 13.77898, 52.76485 ] ] ] } },
{ "type": "Feature", "properties": { "boden": "40 % ziemlich arm, mäßig frisch (Z2) · 40 % ziemlich arm, mäßig frisch (Z2) · 20 % ziemlich arm, mäßig frisch (Z2)" }, "geometry": { "type": "Polygon", "coordinates": [ [ [ 13.77968, 52.76505 ], [ 13.7795, 52.7651 ], [ 13.77942, 52.7652 ], [ 13.77949, 52.76531 ], [ 13.77967, 52.76536 ], [ 13.77985, 52.76532 ], [ 13.77992, 52.76521 ], [ 13.77985, 52.7651 ], [ 13.77968, 52.76505 ] ] ] } },
{ "type": "Feature", "properties": { "boden": "100 % mittel, mäßig frisch (M2g)" }, "geometry": { "type": "Polygon", "coordinates": [ [ [ 13.76673, 52.74426 ], [ 13.76619, 52.7442 ], [ 13.76601, 52.74424 ], [ 13.76593, 52.74435 ], [ 13.76597, 52.74441 ], [ 13.76668, 52.74452 ], [ 13.76679, 52.74434 ], [ 13.76673, 52.74426 ] ] ] } },
{ "type": "Feature", "properties": { "boden": "100 % ziemlich arm, frisch (Z1)" }, "geometry": { "type": "Polygon", "coordinates": [ [ [ 13.77173, 52.74462 ], [ 13.77189, 52.74444 ], [ 13.77118, 52.74432 ], [ 13.77085, 52.74448 ], [ 13.77071, 52.74485 ], [ 13.77049, 52.74497 ], [ 13.77001, 52.74502 ], [ 13.77022, 52.74552 ], [ 13.77147, 52.74525 ], [ 13.77173, 52.74462 ] ] ] } },
{ "type": "Feature", "properties": { "boden": "100 % mittel, nass (NM2)" }, "geometry": { "type": "Polygon", "coordinates": [ [ [ 13.77001, 52.74502 ], [ 13.76987, 52.74497 ], [ 13.76877, 52.745 ], [ 13.76819, 52.74527 ], [ 13.76835, 52.74533 ], [ 13.76839, 52.74528 ], [ 13.76884, 52.74513 ], [ 13.76901, 52.74518 ], [ 13.76928, 52.74515 ], [ 13.76952, 52.74521 ], [ 13.7697, 52.74517 ], [ 13.7701, 52.74525 ], [ 13.77001, 52.74502 ] ] ] } },
{ "type": "Feature", "properties": { "boden": "100 % mittel, nass (NM2)" }, "geometry": { "type": "Polygon", "coordinates": [ [ [ 13.76905, 52.74522 ], [ 13.76887, 52.74527 ], [ 13.76879, 52.74537 ], [ 13.76884, 52.74544 ], [ 13.76906, 52.74552 ], [ 13.76922, 52.74549 ], [ 13.7693, 52.74538 ], [ 13.76922, 52.74527 ], [ 13.76905, 52.74522 ] ] ] } },
{ "type": "Feature", "properties": { "boden": "100 % mittel, nass (NM2)" }, "geometry": { "type": "Polygon", "coordinates": [ [ [ 13.7701, 52.74525 ], [ 13.7697, 52.74517 ], [ 13.76952, 52.74521 ], [ 13.76928, 52.74515 ], [ 13.76901, 52.74518 ], [ 13.76884, 52.74513 ], [ 13.76839, 52.74528 ], [ 13.76835, 52.74533 ], [ 13.76908, 52.74562 ], [ 13.76976, 52.74568 ], [ 13.76984, 52.7456 ], [ 13.77022, 52.74552 ], [ 13.7701, 52.74525 ] ], [ [ 13.7693, 52.74538 ], [ 13.76922, 52.74549 ], [ 13.76906, 52.74552 ], [ 13.76884, 52.74544 ], [ 13.76879, 52.74537 ], [ 13.76887, 52.74527 ], [ 13.76905, 52.74522 ], [ 13.76922, 52.74527 ], [ 13.7693, 52.74538 ] ] ] } },
{ "type": "Feature", "properties": { "boden": "100 % ziemlich arm, frisch (Z1)" }, "geometry": { "type": "Polygon", "coordinates": [ [ [ 13.77, 52.74563 ], [ 13.76994, 52.74572 ], [ 13.77001, 52.74583 ], [ 13.77019, 52.74587 ], [ 13.77082, 52.7457 ], [ 13.77094, 52.74563 ], [ 13.77123, 52.74557 ], [ 13.77131, 52.74547 ], [ 13.77125, 52.74538 ], [ 13.77, 52.74563 ] ] ] } },
{ "type": "Feature", "properties": { "boden": "100 % ziemlich arm, frisch (Z1)" }, "geometry": { "type": "Polygon", "coordinates": [ [ [ 13.76908, 52.74562 ], [ 13.76909, 52.74578 ], [ 13.76927, 52.74583 ], [ 13.76945, 52.74578 ], [ 13.76952, 52.74566 ], [ 13.76908, 52.74562 ] ] ] } },
{ "type": "Feature", "properties": { "boden": "100 % ziemlich arm, frisch (Z1)" }, "geometry": { "type": "Polygon", "coordinates": [ [ [ 13.77215, 52.74599 ], [ 13.77203, 52.74596 ], [ 13.77119, 52.74614 ], [ 13.77111, 52.74625 ], [ 13.77118, 52.74636 ], [ 13.77136, 52.7464 ], [ 13.77154, 52.74636 ], [ 13.77173, 52.74625 ], [ 13.77197, 52.74625 ], [ 13.77215, 52.74599 ] ] ] } },
{ "type": "Feature", "properties": { "boden": "100 % ziemlich arm, frisch (Z1)" }, "geometry": { "type": "Polygon", "coordinates": [ [ [ 13.77132, 52.74666 ], [ 13.77114, 52.74671 ], [ 13.77107, 52.74681 ], [ 13.77114, 52.74692 ], [ 13.77123, 52.74694 ], [ 13.77151, 52.74672 ], [ 13.77132, 52.74666 ] ] ] } },
{ "type": "Feature", "properties": { "boden": "100 % ziemlich arm, frisch (Z1)" }, "geometry": { "type": "Polygon", "coordinates": [ [ [ 13.77114, 52.74692 ], [ 13.77107, 52.74681 ], [ 13.77114, 52.74671 ], [ 13.77132, 52.74666 ], [ 13.77151, 52.74672 ], [ 13.77197, 52.74625 ], [ 13.77173, 52.74625 ], [ 13.77154, 52.74636 ], [ 13.77136, 52.7464 ], [ 13.77118, 52.74636 ], [ 13.77111, 52.74625 ], [ 13.77119, 52.74614 ], [ 13.77203, 52.74596 ], [ 13.77215, 52.74599 ], [ 13.77246, 52.74543 ], [ 13.77148, 52.74534 ], [ 13.77125, 52.74538 ], [ 13.77131, 52.74547 ], [ 13.77123, 52.74557 ], [ 13.77094, 52.74563 ], [ 13.77082, 52.7457 ], [ 13.77019, 52.74587 ], [ 13.77001, 52.74583 ], [ 13.76994, 52.74572 ], [ 13.77, 52.74563 ], [ 13.76976, 52.74568 ], [ 13.76952, 52.74566 ], [ 13.76945, 52.74578 ], [ 13.76927, 52.74583 ], [ 13.76909, 52.74578 ], [ 13.76904, 52.7457 ], [ 13.76841, 52.7472 ], [ 13.76845, 52.7474 ], [ 13.76867, 52.74783 ], [ 13.76907, 52.74826 ], [ 13.76931, 52.74837 ], [ 13.76942, 52.74781 ], [ 13.76969, 52.74791 ], [ 13.76991, 52.74777 ], [ 13.77071, 52.7477 ], [ 13.77103, 52.7471 ], [ 13.77123, 52.74694 ], [ 13.77114, 52.74692 ] ] ] } },
{ "type": "Feature", "properties": { "boden": "100 % mittel, mäßig frisch (M2)" }, "geometry": { "type": "Polygon", "coordinates": [ [ [ 13.76704, 52.7475 ], [ 13.76652, 52.74735 ], [ 13.76664, 52.74775 ], [ 13.76706, 52.74772 ], [ 13.76704, 52.7475 ] ] ] } },
{ "type": "Feature", "properties": { "boden": "100 % ziemlich arm, frisch (Z1)" }, "geometry": { "type": "Polygon", "coordinates": [ [ [ 13.76445, 52.74751 ], [ 13.76427, 52.74756 ], [ 13.76419, 52.74766 ], [ 13.76426, 52.74777 ], [ 13.76444, 52.74782 ], [ 13.76462, 52.74778 ], [ 13.76469, 52.74767 ], [ 13.76462, 52.74756 ], [ 13.76445, 52.74751 ] ] ] } },
{ "type": "Feature", "properties": { "boden": "100 % mittel, mäßig frisch (M+2)" }, "geometry": { "type": "Polygon", "coordinates": [ [ [ 13.76907, 52.74826 ], [ 13.76867, 52.74783 ], [ 13.76845, 52.7474 ], [ 13.76841, 52.7472 ], [ 13.76855, 52.74683 ], [ 13.76791, 52.74672 ], [ 13.76728, 52.74756 ], [ 13.76704, 52.7475 ], [ 13.76706, 52.7477 ], [ 13.76731, 52.74773 ], [ 13.76738, 52.74784 ], [ 13.7673, 52.74794 ], [ 13.76717, 52.74797 ], [ 13.76748, 52.7481 ], [ 13.76766, 52.74839 ], [ 13.76765, 52.74856 ], [ 13.76893, 52.74878 ], [ 13.76926, 52.74857 ], [ 13.76931, 52.74837 ], [ 13.76907, 52.74826 ] ] ] } },
{ "type": "Feature", "properties": { "boden": "100 % mittel, mäßig frisch (M+2)" }, "geometry": { "type": "Polygon", "coordinates": [ [ [ 13.76706, 52.74772 ], [ 13.76664, 52.74775 ], [ 13.76717, 52.74797 ], [ 13.7673, 52.74794 ], [ 13.76738, 52.74784 ], [ 13.76731, 52.74773 ], [ 13.76713, 52.74768 ], [ 13.76706, 52.74772 ] ] ] } },
{ "type": "Feature", "properties": { "boden": "100 % ziemlich arm, frisch (Z1)" }, "geometry": { "type": "Polygon", "coordinates": [ [ [ 13.76766, 52.74839 ], [ 13.76748, 52.7481 ], [ 13.76664, 52.74775 ], [ 13.76652, 52.74735 ], [ 13.7661, 52.74726 ], [ 13.76595, 52.74711 ], [ 13.7653, 52.74698 ], [ 13.7652, 52.74714 ], [ 13.76366, 52.74693 ], [ 13.76321, 52.74708 ], [ 13.76284, 52.74781 ], [ 13.76183, 52.74765 ], [ 13.76165, 52.74755 ], [ 13.76166, 52.74817 ], [ 13.76158, 52.74828 ], [ 13.76131, 52.74835 ], [ 13.76122, 52.7483 ], [ 13.76126, 52.74793 ], [ 13.76048, 52.74787 ], [ 13.76031, 52.7482 ], [ 13.7624, 52.74871 ], [ 13.76279, 52.748 ], [ 13.76433, 52.74833 ], [ 13.7645, 52.74799 ], [ 13.76765, 52.74856 ], [ 13.76766, 52.74839 ] ], [ [ 13.76469, 52.74767 ], [ 13.76462, 52.74778 ], [ 13.76444, 52.74782 ], [ 13.76426, 52.74777 ], [ 13.76419, 52.74766 ], [ 13.76427, 52.74756 ], [ 13.76445, 52.74751 ], [ 13.76462, 52.74756 ], [ 13.76469, 52.74767 ] ] ] } },
{ "type": "Feature", "properties": { "boden": "100 % ziemlich arm, trocken (vermutet) (Z3)" }, "geometry": { "type": "Polygon", "coordinates": [ [ [ 13.76542, 52.76145 ], [ 13.76515, 52.76124 ], [ 13.76494, 52.76119 ], [ 13.7647, 52.76118 ], [ 13.76453, 52.76121 ], [ 13.76445, 52.76128 ], [ 13.7645, 52.76134 ], [ 13.76473, 52.76141 ], [ 13.76502, 52.7614 ], [ 13.76535, 52.76146 ], [ 13.76542, 52.76145 ] ] ] } },
{ "type": "Feature", "properties": { "boden": "100 % ziemlich arm, mäßig frisch (Z2)" }, "geometry": { "type": "Polygon", "coordinates": [ [ [ 13.76648, 52.76132 ], [ 13.76582, 52.76116 ], [ 13.76569, 52.76119 ], [ 13.76561, 52.76129 ], [ 13.76568, 52.7614 ], [ 13.76624, 52.76152 ], [ 13.76634, 52.7615 ], [ 13.76648, 52.76132 ] ] ] } },
{ "type": "Feature", "properties": { "boden": "100 % ziemlich arm, mäßig frisch (Z2)" }, "geometry": { "type": "Polygon", "coordinates": [ [ [ 13.76624, 52.76152 ], [ 13.76568, 52.7614 ], [ 13.76561, 52.76129 ], [ 13.76569, 52.76119 ], [ 13.76582, 52.76116 ], [ 13.76565, 52.76111 ], [ 13.76456, 52.7611 ], [ 13.76408, 52.76103 ], [ 13.76295, 52.76099 ], [ 13.76271, 52.76106 ], [ 13.76265, 52.76115 ], [ 13.76269, 52.76125 ], [ 13.76285, 52.76136 ], [ 13.76335, 52.7616 ], [ 13.76507, 52.76152 ], [ 13.76545, 52.76156 ], [ 13.76611, 52.76179 ], [ 13.76634, 52.7615 ], [ 13.76624, 52.76152 ] ], [ [ 13.76542, 52.76145 ], [ 13.76502, 52.7614 ], [ 13.76465, 52.7614 ], [ 13.76445, 52.76128 ], [ 13.76453, 52.76121 ], [ 13.7647, 52.76118 ], [ 13.76494, 52.76119 ], [ 13.76524, 52.76128 ], [ 13.76542, 52.76145 ] ] ] } },
{ "type": "Feature", "properties": { "boden": "40 % mittel, mäßig frisch (M+2) · 30 % ziemlich arm, mäßig frisch (Z+2) · 30 % ziemlich arm, mäßig frisch (Z2)" }, "geometry": { "type": "Polygon", "coordinates": [ [ [ 13.76735, 52.76182 ], [ 13.76717, 52.76186 ], [ 13.7671, 52.76197 ], [ 13.76717, 52.76208 ], [ 13.76734, 52.76212 ], [ 13.76752, 52.76208 ], [ 13.7676, 52.76197 ], [ 13.76753, 52.76186 ], [ 13.76735, 52.76182 ] ] ] } },
{ "type": "Feature", "properties": { "boden": "40 % mittel, mäßig frisch (M+2) · 30 % ziemlich arm, mäßig frisch (Z+2) · 30 % ziemlich arm, mäßig frisch (Z2)" }, "geometry": { "type": "Polygon", "coordinates": [ [ [ 13.76645, 52.76185 ], [ 13.76627, 52.7619 ], [ 13.76619, 52.762 ], [ 13.76626, 52.76211 ], [ 13.76644, 52.76216 ], [ 13.76662, 52.76212 ], [ 13.76669, 52.76201 ], [ 13.76662, 52.7619 ], [ 13.76645, 52.76185 ] ] ] } },
{ "type": "Feature", "properties": { "boden": "40 % mittel, mäßig frisch (M+2) · 30 % ziemlich arm, mäßig frisch (Z+2) · 30 % ziemlich arm, mäßig frisch (Z2)" }, "geometry": { "type": "Polygon", "coordinates": [ [ [ 13.76607, 52.76241 ], [ 13.76589, 52.76245 ], [ 13.76581, 52.76256 ], [ 13.76588, 52.76267 ], [ 13.76606, 52.76271 ], [ 13.76624, 52.76267 ], [ 13.76631, 52.76256 ], [ 13.76624, 52.76245 ], [ 13.76607, 52.76241 ] ] ] } },
{ "type": "Feature", "properties": { "boden": "40 % ziemlich arm, mäßig frisch (Z2) · 40 % ziemlich arm, mäßig frisch (Z2) · 20 % ziemlich arm, mäßig frisch (Z2)" }, "geometry": { "type": "Polygon", "coordinates": [ [ [ 13.77098, 52.76255 ], [ 13.77072, 52.76255 ], [ 13.77054, 52.76261 ], [ 13.77043, 52.76271 ], [ 13.77092, 52.76275 ], [ 13.77124, 52.7627 ], [ 13.77139, 52.76261 ], [ 13.77098, 52.76255 ] ] ] } },
{ "type": "Feature", "properties": { "boden": "40 % mittel, mäßig frisch (M+2) · 30 % ziemlich arm, mäßig frisch (Z+2) · 30 % ziemlich arm, mäßig frisch (Z2)" }, "geometry": { "type": "Polygon", "coordinates": [ [ [ 13.76414, 52.76265 ], [ 13.76396, 52.76269 ], [ 13.76389, 52.7628 ], [ 13.76396, 52.76291 ], [ 13.76413, 52.76295 ], [ 13.76431, 52.76291 ], [ 13.76439, 52.7628 ], [ 13.76432, 52.76269 ], [ 13.76414, 52.76265 ] ] ] } },
{ "type": "Feature", "properties": { "boden": "40 % mittel, mäßig frisch (M+2) · 30 % ziemlich arm, mäßig frisch (Z+2) · 30 % ziemlich arm, mäßig frisch (Z2)" }, "geometry": { "type": "Polygon", "coordinates": [ [ [ 13.76701, 52.76268 ], [ 13.76683, 52.76272 ], [ 13.76675, 52.76283 ], [ 13.76682, 52.76294 ], [ 13.767, 52.76299 ], [ 13.76718, 52.76294 ], [ 13.76725, 52.76284 ], [ 13.76718, 52.76273 ], [ 13.76701, 52.76268 ] ] ] } },
{ "type": "Feature", "properties": { "boden": "40 % ziemlich arm, mäßig frisch (Z2) · 40 % ziemlich arm, mäßig frisch (Z2) · 20 % ziemlich arm, mäßig frisch (Z2)" }, "geometry": { "type": "Polygon", "coordinates": [ [ [ 13.7685, 52.76582 ], [ 13.76862, 52.76582 ], [ 13.76873, 52.76595 ], [ 13.76861, 52.76612 ], [ 13.76868, 52.76623 ], [ 13.76886, 52.76628 ], [ 13.76941, 52.76619 ], [ 13.76951, 52.76593 ], [ 13.76979, 52.76585 ], [ 13.76998, 52.76589 ], [ 13.77016, 52.76585 ], [ 13.77024, 52.76574 ], [ 13.77017, 52.76563 ], [ 13.76999, 52.76559 ], [ 13.76979, 52.76563 ], [ 13.76961, 52.76558 ], [ 13.76944, 52.76563 ], [ 13.76934, 52.76588 ], [ 13.76906, 52.76597 ], [ 13.76893, 52.76591 ], [ 13.76905, 52.76572 ], [ 13.76898, 52.76561 ], [ 13.76881, 52.76556 ], [ 13.76863, 52.76561 ], [ 13.76833, 52.76556 ], [ 13.76777, 52.76572 ], [ 13.76766, 52.766 ], [ 13.76745, 52.76617 ], [ 13.76752, 52.76628 ], [ 13.7677, 52.76633 ], [ 13.76788, 52.76628 ], [ 13.76812, 52.76594 ], [ 13.7685, 52.76582 ] ] ] } },
{ "type": "Feature", "properties": { "boden": "40 % ziemlich arm, mäßig frisch (Z2) · 40 % ziemlich arm, mäßig frisch (Z2) · 20 % ziemlich arm, mäßig frisch (Z2)" }, "geometry": { "type": "Polygon", "coordinates": [ [ [ 13.76693, 52.76601 ], [ 13.76675, 52.76606 ], [ 13.76665, 52.76614 ], [ 13.76635, 52.76621 ], [ 13.76627, 52.76631 ], [ 13.76634, 52.76642 ], [ 13.76652, 52.76647 ], [ 13.7671, 52.76628 ], [ 13.76718, 52.76617 ], [ 13.76711, 52.76606 ], [ 13.76693, 52.76601 ] ] ] } },
{ "type": "Feature", "properties": { "boden": "40 % mittel, mäßig frisch (M+2) · 30 % mittel, mäßig frisch (M+2) · 30 % ziemlich arm, mäßig frisch (Z2)" }, "geometry": { "type": "Polygon", "coordinates": [ [ [ 13.76438, 52.76408 ], [ 13.76517, 52.76384 ], [ 13.76568, 52.76382 ], [ 13.76635, 52.76387 ], [ 13.76669, 52.76385 ], [ 13.76692, 52.76377 ], [ 13.76723, 52.76359 ], [ 13.76743, 52.76314 ], [ 13.76814, 52.76239 ], [ 13.7692, 52.7621 ], [ 13.77012, 52.76202 ], [ 13.77062, 52.76202 ], [ 13.77157, 52.76227 ], [ 13.77165, 52.7622 ], [ 13.77165, 52.76202 ], [ 13.77174, 52.76195 ], [ 13.772, 52.76188 ], [ 13.77219, 52.76191 ], [ 13.77235, 52.76207 ], [ 13.77239, 52.76228 ], [ 13.77231, 52.7625 ], [ 13.77289, 52.76232 ], [ 13.773, 52.76233 ], [ 13.77251, 52.7626 ], [ 13.77226, 52.76265 ], [ 13.77236, 52.76283 ], [ 13.77291, 52.76292 ], [ 13.77431, 52.76293 ], [ 13.77526, 52.76308 ], [ 13.77586, 52.76309 ], [ 13.77616, 52.76301 ], [ 13.77668, 52.76276 ], [ 13.77744, 52.7625 ], [ 13.77836, 52.76247 ], [ 13.77829, 52.76237 ], [ 13.77837, 52.76227 ], [ 13.77855, 52.76222 ], [ 13.77872, 52.76227 ], [ 13.77879, 52.76238 ], [ 13.77872, 52.76249 ], [ 13.77892, 52.76249 ], [ 13.77971, 52.76268 ], [ 13.77984, 52.76282 ], [ 13.77995, 52.76267 ], [ 13.77676, 52.7616 ], [ 13.77419, 52.76208 ], [ 13.77064, 52.76132 ], [ 13.76826, 52.76126 ], [ 13.76648, 52.76132 ], [ 13.76583, 52.76213 ], [ 13.76562, 52.76223 ], [ 13.76365, 52.76219 ], [ 13.76341, 52.76225 ], [ 13.76321, 52.76236 ], [ 13.76322, 52.76261 ], [ 13.76358, 52.76292 ], [ 13.76358, 52.76305 ], [ 13.76349, 52.76317 ], [ 13.76256, 52.76356 ], [ 13.76246, 52.76374 ], [ 13.76253, 52.76392 ], [ 13.76273, 52.76407 ], [ 13.76298, 52.76416 ], [ 13.7638, 52.76417 ], [ 13.76438, 52.76408 ] ], [ [ 13.76725, 52.76284 ], [ 13.76718, 52.76294 ], [ 13.767, 52.76299 ], [ 13.76682, 52.76294 ], [ 13.76675, 52.76283 ], [ 13.76683, 52.76272 ], [ 13.76701, 52.76268 ], [ 13.76718, 52.76273 ], [ 13.76725, 52.76284 ] ], [ [ 13.76631, 52.76256 ], [ 13.76624, 52.76267 ], [ 13.76606, 52.76271 ], [ 13.76588, 52.76267 ], [ 13.76581, 52.76256 ], [ 13.76589, 52.76245 ], [ 13.76607, 52.76241 ], [ 13.76624, 52.76245 ], [ 13.76631, 52.76256 ] ], [ [ 13.76439, 52.7628 ], [ 13.76431, 52.76291 ], [ 13.76413, 52.76295 ], [ 13.76396, 52.76291 ], [ 13.76389, 52.7628 ], [ 13.76396, 52.76269 ], [ 13.76414, 52.76265 ], [ 13.76432, 52.76269 ], [ 13.76439, 52.7628 ] ], [ [ 13.76669, 52.76201 ], [ 13.76662, 52.76212 ], [ 13.76644, 52.76216 ], [ 13.76626, 52.76211 ], [ 13.76619, 52.762 ], [ 13.76627, 52.7619 ], [ 13.76645, 52.76185 ], [ 13.76662, 52.7619 ], [ 13.76669, 52.76201 ] ], [ [ 13.7676, 52.76197 ], [ 13.76752, 52.76208 ], [ 13.76734, 52.76212 ], [ 13.76717, 52.76208 ], [ 13.7671, 52.76197 ], [ 13.76717, 52.76186 ], [ 13.76735, 52.76182 ], [ 13.76753, 52.76186 ], [ 13.7676, 52.76197 ] ], [ [ 13.77697, 52.76208 ], [ 13.77664, 52.76201 ], [ 13.77632, 52.76206 ], [ 13.77615, 52.76201 ], [ 13.77608, 52.7619 ], [ 13.77615, 52.76179 ], [ 13.77633, 52.76175 ], [ 13.77651, 52.7618 ], [ 13.77698, 52.76177 ], [ 13.77716, 52.76182 ], [ 13.77723, 52.76193 ], [ 13.77715, 52.76203 ], [ 13.77697, 52.76208 ] ] ] } },
{ "type": "Feature", "properties": { "boden": "40 % ziemlich arm, trocken (vermutet) (Z3) · 40 % ziemlich arm, trocken (vermutet) (Z3) · 20 % ziemlich arm, trocken (vermutet) (Z3)" }, "geometry": { "type": "Polygon", "coordinates": [ [ [ 13.77745, 52.76291 ], [ 13.77725, 52.76294 ], [ 13.7772, 52.76299 ], [ 13.77733, 52.76315 ], [ 13.77796, 52.76329 ], [ 13.77811, 52.76327 ], [ 13.77808, 52.7632 ], [ 13.77773, 52.76296 ], [ 13.77745, 52.76291 ] ] ] } },
{ "type": "Feature", "properties": { "boden": "40 % ziemlich arm, mäßig frisch (Z2) · 40 % ziemlich arm, mäßig frisch (Z2) · 20 % ziemlich arm, mäßig frisch (Z2)" }, "geometry": { "type": "Polygon", "coordinates": [ [ [ 13.77658, 52.76354 ], [ 13.77676, 52.76359 ], [ 13.77694, 52.76354 ], [ 13.77702, 52.76344 ], [ 13.77694, 52.76333 ], [ 13.77677, 52.76328 ], [ 13.77668, 52.76311 ], [ 13.77651, 52.76306 ], [ 13.77633, 52.76311 ], [ 13.77625, 52.76321 ], [ 13.77634, 52.76336 ], [ 13.77616, 52.7634 ], [ 13.77608, 52.76351 ], [ 13.77615, 52.76362 ], [ 13.77633, 52.76367 ], [ 13.77651, 52.76362 ], [ 13.77658, 52.76354 ] ] ] } },
{ "type": "Feature", "properties": { "boden": "40 % ziemlich arm, trocken (vermutet) (Z3) · 40 % ziemlich arm, trocken (vermutet) (Z3) · 20 % ziemlich arm, trocken (vermutet) (Z3)" }, "geometry": { "type": "Polygon", "coordinates": [ [ [ 13.77566, 52.7638 ], [ 13.77545, 52.7637 ], [ 13.7752, 52.76367 ], [ 13.77508, 52.76372 ], [ 13.77498, 52.76391 ], [ 13.77529, 52.76398 ], [ 13.7756, 52.764 ], [ 13.77561, 52.7638 ], [ 13.77566, 52.7638 ] ] ] } },
{ "type": "Feature", "properties": { "boden": "60 % mittel, mäßig frisch (M2) · 40 % ziemlich arm, mäßig frisch (Z2)" }, "geometry": { "type": "Polygon", "coordinates": [ [ [ 13.77561, 52.7638 ], [ 13.77555, 52.76466 ], [ 13.77646, 52.76484 ], [ 13.7762, 52.7652 ], [ 13.77786, 52.76529 ], [ 13.77783, 52.7649 ], [ 13.77793, 52.76469 ], [ 13.77819, 52.76459 ], [ 13.77745, 52.76434 ], [ 13.77643, 52.76391 ], [ 13.77561, 52.7638 ] ] ] } },
{ "type": "Feature", "properties": { "boden": "40 % ziemlich arm, mäßig frisch (Z2) · 40 % ziemlich arm, mäßig frisch (Z2) · 20 % ziemlich arm, mäßig frisch (Z2)" }, "geometry": { "type": "Polygon", "coordinates": [ [ [ 13.77696, 52.76527 ], [ 13.77678, 52.76532 ], [ 13.77671, 52.76542 ], [ 13.77678, 52.76553 ], [ 13.77696, 52.76558 ], [ 13.77713, 52.76553 ], [ 13.77721, 52.76543 ], [ 13.77714, 52.76532 ], [ 13.77696, 52.76527 ] ] ] } },
{ "type": "Feature", "properties": { "boden": "40 % ziemlich arm, mäßig frisch (Z2) · 40 % ziemlich arm, mäßig frisch (Z2) · 20 % ziemlich arm, mäßig frisch (Z2)" }, "geometry": { "type": "Polygon", "coordinates": [ [ [ 13.76486, 52.77194 ], [ 13.76481, 52.77149 ], [ 13.76489, 52.77142 ], [ 13.765, 52.7714 ], [ 13.7655, 52.77149 ], [ 13.76547, 52.77103 ], [ 13.76498, 52.77085 ], [ 13.76461, 52.77063 ], [ 13.76494, 52.77025 ], [ 13.7652, 52.77024 ], [ 13.76591, 52.77041 ], [ 13.76638, 52.77042 ], [ 13.76682, 52.77032 ], [ 13.76745, 52.7703 ], [ 13.76759, 52.77004 ], [ 13.76738, 52.77 ], [ 13.76731, 52.76989 ], [ 13.76738, 52.76979 ], [ 13.76756, 52.76974 ], [ 13.76774, 52.76979 ], [ 13.7678, 52.76989 ], [ 13.76809, 52.76977 ], [ 13.76927, 52.76969 ], [ 13.77094, 52.76968 ], [ 13.77183, 52.76971 ], [ 13.77206, 52.76975 ], [ 13.77231, 52.76972 ], [ 13.77319, 52.76938 ], [ 13.77418, 52.76927 ], [ 13.77529, 52.76929 ], [ 13.7773, 52.76891 ], [ 13.78006, 52.76852 ], [ 13.78002, 52.76771 ], [ 13.78324, 52.76729 ], [ 13.78426, 52.7673 ], [ 13.78436, 52.76719 ], [ 13.78439, 52.76699 ], [ 13.78419, 52.76661 ], [ 13.7826, 52.76521 ], [ 13.78216, 52.76463 ], [ 13.7819, 52.76416 ], [ 13.78184, 52.76358 ], [ 13.78199, 52.763 ], [ 13.78194, 52.76286 ], [ 13.7816, 52.76272 ], [ 13.7809, 52.76274 ], [ 13.78046, 52.76296 ], [ 13.78036, 52.76316 ], [ 13.7802, 52.76327 ], [ 13.78, 52.76327 ], [ 13.77983, 52.76308 ], [ 13.77984, 52.76282 ], [ 13.77971, 52.76268 ], [ 13.77892, 52.76249 ], [ 13.77797, 52.76247 ], [ 13.77744, 52.7625 ], [ 13.77668, 52.76276 ], [ 13.77616, 52.76301 ], [ 13.77586, 52.76309 ], [ 13.77526, 52.76308 ], [ 13.77431, 52.76293 ], [ 13.77291, 52.76292 ], [ 13.77236, 52.76283 ], [ 13.77226, 52.76271 ], [ 13.77239, 52.76228 ], [ 13.77235, 52.76207 ], [ 13.77219, 52.76191 ], [ 13.772, 52.76188 ], [ 13.77174, 52.76195 ], [ 13.77165, 52.76202 ], [ 13.77165, 52.7622 ], [ 13.77157, 52.76227 ], [ 13.77062, 52.76202 ], [ 13.77012, 52.76202 ], [ 13.7692, 52.7621 ], [ 13.76873, 52.76221 ], [ 13.76814, 52.76239 ], [ 13.76795, 52.76254 ], [ 13.76743, 52.76314 ], [ 13.76723, 52.76359 ], [ 13.76692, 52.76377 ], [ 13.76669, 52.76385 ], [ 13.76635, 52.76387 ], [ 13.76568, 52.76382 ], [ 13.76517, 52.76384 ], [ 13.76425, 52.7641 ], [ 13.7631, 52.76554 ], [ 13.76317, 52.76558 ], [ 13.76295, 52.76586 ], [ 13.76245, 52.76603 ], [ 13.76158, 52.76621 ], [ 13.7631, 52.7665 ], [ 13.76206, 52.76819 ], [ 13.76255, 52.76819 ], [ 13.76313, 52.76827 ], [ 13.76333, 52.76837 ], [ 13.76342, 52.76851 ], [ 13.76341, 52.76864 ], [ 13.76328, 52.76875 ], [ 13.76307, 52.76882 ], [ 13.76281, 52.76883 ], [ 13.76247, 52.76881 ], [ 13.76181, 52.76859 ], [ 13.76087, 52.77011 ], [ 13.76135, 52.77015 ], [ 13.76199, 52.77032 ], [ 13.76246, 52.7705 ], [ 13.76258, 52.77061 ], [ 13.76252, 52.77072 ], [ 13.76208, 52.77096 ], [ 13.76205, 52.77137 ], [ 13.7616, 52.77152 ], [ 13.76185, 52.77163 ], [ 13.76292, 52.77179 ], [ 13.76391, 52.77228 ], [ 13.7644, 52.77239 ], [ 13.76486, 52.77194 ] ], [ [ 13.76426, 52.77205 ], [ 13.76418, 52.77216 ], [ 13.76401, 52.7722 ], [ 13.76383, 52.77216 ], [ 13.76376, 52.77205 ], [ 13.76383, 52.77194 ], [ 13.76401, 52.7719 ], [ 13.76419, 52.77194 ], [ 13.76426, 52.77205 ] ], [ [ 13.76657, 52.77 ], [ 13.7665, 52.7701 ], [ 13.76632, 52.77015 ], [ 13.76614, 52.7701 ], [ 13.76607, 52.76999 ], [ 13.76615, 52.76988 ], [ 13.76633, 52.76984 ], [ 13.7665, 52.76989 ], [ 13.76657, 52.77 ] ], [ [ 13.76598, 52.76994 ], [ 13.7659, 52.77004 ], [ 13.76572, 52.77009 ], [ 13.76555, 52.77004 ], [ 13.76548, 52.76993 ], [ 13.76555, 52.76982 ], [ 13.76573, 52.76978 ], [ 13.76591, 52.76983 ], [ 13.76598, 52.76994 ] ], [ [ 13.77226, 52.76948 ], [ 13.77218, 52.76959 ], [ 13.772, 52.76963 ], [ 13.77182, 52.76958 ], [ 13.77175, 52.76947 ], [ 13.77183, 52.76937 ], [ 13.77201, 52.76932 ], [ 13.77218, 52.76937 ], [ 13.77226, 52.76948 ] ], [ [ 13.76707, 52.76803 ], [ 13.767, 52.76814 ], [ 13.76682, 52.76818 ], [ 13.76664, 52.76814 ], [ 13.76657, 52.76803 ], [ 13.76665, 52.76792 ], [ 13.76683, 52.76788 ], [ 13.767, 52.76792 ], [ 13.76707, 52.76803 ] ], [ [ 13.76774, 52.76797 ], [ 13.76766, 52.76808 ], [ 13.76748, 52.76812 ], [ 13.7673, 52.76808 ], [ 13.76723, 52.76797 ], [ 13.76731, 52.76786 ], [ 13.76749, 52.76782 ], [ 13.76766, 52.76786 ], [ 13.76774, 52.76797 ] ], [ [ 13.76737, 52.76768 ], [ 13.76729, 52.76778 ], [ 13.76711, 52.76783 ], [ 13.76693, 52.76778 ], [ 13.76686, 52.76767 ], [ 13.76694, 52.76756 ], [ 13.76712, 52.76752 ], [ 13.7673, 52.76757 ], [ 13.76737, 52.76768 ] ], [ [ 13.7664, 52.76757 ], [ 13.76633, 52.76768 ], [ 13.76615, 52.76772 ], [ 13.76597, 52.76767 ], [ 13.7659, 52.76756 ], [ 13.76598, 52.76746 ], [ 13.76616, 52.76741 ], [ 13.76633, 52.76746 ], [ 13.7664, 52.76757 ] ], [ [ 13.76565, 52.76734 ], [ 13.76558, 52.76745 ], [ 13.7654, 52.76749 ], [ 13.76522, 52.76745 ], [ 13.76515, 52.76734 ], [ 13.76523, 52.76723 ], [ 13.76541, 52.76719 ], [ 13.76558, 52.76723 ], [ 13.76565, 52.76734 ] ], [ [ 13.76504, 52.7673 ], [ 13.76496, 52.76741 ], [ 13.76478, 52.76745 ], [ 13.7646, 52.76741 ], [ 13.76453, 52.7673 ], [ 13.76461, 52.76719 ], [ 13.76479, 52.76715 ], [ 13.76496, 52.76719 ], [ 13.76504, 52.7673 ] ], [ [ 13.76749, 52.76719 ], [ 13.76742, 52.7673 ], [ 13.76724, 52.76734 ], [ 13.76706, 52.7673 ], [ 13.76699, 52.76719 ], [ 13.76707, 52.76708 ], [ 13.76725, 52.76704 ], [ 13.76742, 52.76709 ], [ 13.76749, 52.76719 ] ], [ [ 13.76664, 52.76695 ], [ 13.76657, 52.76706 ], [ 13.76639, 52.7671 ], [ 13.76621, 52.76706 ], [ 13.76614, 52.76695 ], [ 13.76622, 52.76684 ], [ 13.7664, 52.7668 ], [ 13.76657, 52.76685 ], [ 13.76664, 52.76695 ] ], [ [ 13.76515, 52.76666 ], [ 13.76507, 52.76677 ], [ 13.76489, 52.76681 ], [ 13.76471, 52.76677 ], [ 13.76464, 52.76666 ], [ 13.76472, 52.76655 ], [ 13.7649, 52.76651 ], [ 13.76508, 52.76655 ], [ 13.76515, 52.76666 ] ], [ [ 13.78262, 52.76678 ], [ 13.78254, 52.76688 ], [ 13.78236, 52.76693 ], [ 13.78219, 52.76688 ], [ 13.78212, 52.76677 ], [ 13.78219, 52.76666 ], [ 13.78237, 52.76662 ], [ 13.78255, 52.76667 ], [ 13.78262, 52.76678 ] ], [ [ 13.76718, 52.76617 ], [ 13.7671, 52.76628 ], [ 13.76652, 52.76647 ], [ 13.76634, 52.76642 ], [ 13.76627, 52.76631 ], [ 13.76635, 52.76621 ], [ 13.76665, 52.76614 ], [ 13.76675, 52.76606 ], [ 13.76693, 52.76601 ], [ 13.76711, 52.76606 ], [ 13.76718, 52.76617 ] ], [ [ 13.76812, 52.76594 ], [ 13.76788, 52.76628 ], [ 13.7677, 52.76633 ], [ 13.76752, 52.76628 ], [ 13.76745, 52.76617 ], [ 13.76766, 52.766 ], [ 13.76777, 52.76572 ], [ 13.76833, 52.76556 ], [ 13.76851, 52.7656 ], [ 13.76881, 52.76556 ], [ 13.76898, 52.76561 ], [ 13.76905, 52.76572 ], [ 13.76893, 52.76591 ], [ 13.76906, 52.76597 ], [ 13.76934, 52.76588 ], [ 13.76944, 52.76563 ], [ 13.76961, 52.76558 ], [ 13.76979, 52.76563 ], [ 13.76999, 52.76559 ], [ 13.77017, 52.76563 ], [ 13.77024, 52.76574 ], [ 13.77016, 52.76585 ], [ 13.76998, 52.76589 ], [ 13.76979, 52.76585 ], [ 13.76951, 52.76593 ], [ 13.76941, 52.76619 ], [ 13.76886, 52.76628 ], [ 13.76868, 52.76623 ], [ 13.76861, 52.76612 ], [ 13.76873, 52.76595 ], [ 13.76862, 52.76582 ], [ 13.7685, 52.76582 ], [ 13.76812, 52.76594 ] ], [ [ 13.76472, 52.76701 ], [ 13.76464, 52.76712 ], [ 13.76446, 52.76716 ], [ 13.76429, 52.76712 ], [ 13.76422, 52.76701 ], [ 13.76429, 52.7669 ], [ 13.76447, 52.76686 ], [ 13.76465, 52.76691 ], [ 13.76472, 52.76701 ] ], [ [ 13.76817, 52.76737 ], [ 13.76809, 52.76747 ], [ 13.76791, 52.76752 ], [ 13.76774, 52.76747 ], [ 13.76767, 52.76736 ], [ 13.76774, 52.76725 ], [ 13.76792, 52.76721 ], [ 13.7681, 52.76726 ], [ 13.76817, 52.76737 ] ], [ [ 13.77835, 52.76722 ], [ 13.77839, 52.76734 ], [ 13.77825, 52.7674 ], [ 13.77793, 52.76742 ], [ 13.77781, 52.76733 ], [ 13.77778, 52.76721 ], [ 13.77789, 52.76716 ], [ 13.77835, 52.76722 ] ], [ [ 13.77925, 52.76549 ], [ 13.77917, 52.76559 ], [ 13.77899, 52.76564 ], [ 13.77882, 52.76559 ], [ 13.77875, 52.76548 ], [ 13.77882, 52.76537 ], [ 13.779, 52.76533 ], [ 13.77918, 52.76538 ], [ 13.77925, 52.76549 ] ], [ [ 13.77992, 52.76521 ], [ 13.77985, 52.76532 ], [ 13.77967, 52.76536 ], [ 13.77949, 52.76531 ], [ 13.77942, 52.7652 ], [ 13.7795, 52.7651 ], [ 13.77968, 52.76505 ], [ 13.77985, 52.7651 ], [ 13.77992, 52.76521 ] ], [ [ 13.77911, 52.76488 ], [ 13.77921, 52.76501 ], [ 13.77915, 52.76508 ], [ 13.77886, 52.76515 ], [ 13.77876, 52.76503 ], [ 13.77879, 52.76494 ], [ 13.77898, 52.76485 ], [ 13.77911, 52.76488 ] ], [ [ 13.77529, 52.76398 ], [ 13.77498, 52.76391 ], [ 13.77508, 52.76372 ], [ 13.7752, 52.76367 ], [ 13.77545, 52.7637 ], [ 13.77566, 52.7638 ], [ 13.77643, 52.76391 ], [ 13.77745, 52.76434 ], [ 13.77819, 52.76459 ], [ 13.77793, 52.76469 ], [ 13.77783, 52.7649 ], [ 13.77786, 52.76529 ], [ 13.7762, 52.7652 ], [ 13.77646, 52.76484 ], [ 13.77555, 52.76466 ], [ 13.7756, 52.764 ], [ 13.77529, 52.76398 ] ], [ [ 13.77721, 52.76543 ], [ 13.77713, 52.76553 ], [ 13.77696, 52.76558 ], [ 13.77678, 52.76553 ], [ 13.77671, 52.76542 ], [ 13.77678, 52.76532 ], [ 13.77696, 52.76527 ], [ 13.77714, 52.76532 ], [ 13.77721, 52.76543 ] ], [ [ 13.78127, 52.76484 ], [ 13.7812, 52.76494 ], [ 13.78102, 52.76499 ], [ 13.78084, 52.76494 ], [ 13.78077, 52.76483 ], [ 13.78085, 52.76472 ], [ 13.78103, 52.76468 ], [ 13.7812, 52.76473 ], [ 13.78127, 52.76484 ] ], [ [ 13.77633, 52.76367 ], [ 13.77615, 52.76362 ], [ 13.77608, 52.76351 ], [ 13.77616, 52.7634 ], [ 13.77634, 52.76336 ], [ 13.77625, 52.76321 ], [ 13.77633, 52.76311 ], [ 13.77651, 52.76306 ], [ 13.77668, 52.76311 ], [ 13.77677, 52.76328 ], [ 13.77694, 52.76333 ], [ 13.77702, 52.76344 ], [ 13.77694, 52.76354 ], [ 13.77676, 52.76359 ], [ 13.77658, 52.76354 ], [ 13.77651, 52.76362 ], [ 13.77633, 52.76367 ] ], [ [ 13.77773, 52.76296 ], [ 13.77808, 52.7632 ], [ 13.77811, 52.76327 ], [ 13.7776, 52.76323 ], [ 13.77733, 52.76315 ], [ 13.77721, 52.76307 ], [ 13.77725, 52.76294 ], [ 13.77745, 52.76291 ], [ 13.77773, 52.76296 ] ], [ [ 13.77072, 52.76255 ], [ 13.77139, 52.76261 ], [ 13.77124, 52.7627 ], [ 13.77092, 52.76275 ], [ 13.77043, 52.76271 ], [ 13.77054, 52.76261 ], [ 13.77072, 52.76255 ] ] ] } },
{ "type": "Feature", "properties": { "boden": "40 % ziemlich arm, trocken (vermutet) (Z3) · 40 % ziemlich arm, trocken (vermutet) (Z3) · 20 % ziemlich arm, trocken (vermutet) (Z3)" }, "geometry": { "type": "Polygon", "coordinates": [ [ [ 13.778, 52.76716 ], [ 13.77778, 52.76721 ], [ 13.77787, 52.7674 ], [ 13.77812, 52.76742 ], [ 13.77839, 52.76734 ], [ 13.77835, 52.76722 ], [ 13.778, 52.76716 ] ] ] } },
{ "type": "Feature", "properties": { "boden": "40 % ziemlich arm, mäßig frisch (Z2) · 40 % ziemlich arm, mäßig frisch (Z2) · 20 % ziemlich arm, mäßig frisch (Z2)" }, "geometry": { "type": "Polygon", "coordinates": [ [ [ 13.77201, 52.76932 ], [ 13.77183, 52.76937 ], [ 13.77175, 52.76947 ], [ 13.77182, 52.76958 ], [ 13.772, 52.76963 ], [ 13.77218, 52.76959 ], [ 13.77226, 52.76948 ], [ 13.77218, 52.76937 ], [ 13.77201, 52.76932 ] ] ] } },
{ "type": "Feature", "properties": { "boden": "70 % mittel, mäßig frisch (M2) · 30 % mittel, mäßig frisch (M2)" }, "geometry": { "type": "Polygon", "coordinates": [ [ [ 13.77455, 52.77027 ], [ 13.77568, 52.77031 ], [ 13.77617, 52.7703 ], [ 13.77697, 52.77019 ], [ 13.77856, 52.77017 ], [ 13.77927, 52.77007 ], [ 13.77948, 52.76991 ], [ 13.77786, 52.76988 ], [ 13.7773, 52.76891 ], [ 13.77529, 52.76929 ], [ 13.77418, 52.76927 ], [ 13.77319, 52.76938 ], [ 13.77231, 52.76972 ], [ 13.77206, 52.76975 ], [ 13.77183, 52.76971 ], [ 13.77094, 52.76968 ], [ 13.76927, 52.76969 ], [ 13.76809, 52.76977 ], [ 13.76759, 52.77004 ], [ 13.76745, 52.7703 ], [ 13.77007, 52.77037 ], [ 13.77171, 52.77024 ], [ 13.77256, 52.77002 ], [ 13.77305, 52.77003 ], [ 13.77352, 52.77009 ], [ 13.77393, 52.77019 ], [ 13.77414, 52.7703 ], [ 13.77455, 52.77027 ] ] ] } },
{ "type": "Feature", "properties": { "boden": "40 % ziemlich arm, mäßig frisch (Z2) · 40 % ziemlich arm, mäßig frisch (Z2) · 20 % ziemlich arm, mäßig frisch (Z2)" }, "geometry": { "type": "Polygon", "coordinates": [ [ [ 13.779, 52.76533 ], [ 13.77882, 52.76537 ], [ 13.77875, 52.76548 ], [ 13.77882, 52.76559 ], [ 13.77899, 52.76564 ], [ 13.77917, 52.76559 ], [ 13.77925, 52.76549 ], [ 13.77918, 52.76538 ], [ 13.779, 52.76533 ] ] ] } },
{ "type": "Feature", "properties": { "boden": "50 % ziemlich arm, mäßig frisch (Z2) · 30 % ziemlich arm, mäßig frisch (Z2) · 20 % ziemlich arm, mäßig frisch (Z2)" }, "geometry": { "type": "Polygon", "coordinates": [ [ [ 13.7873, 52.76938 ], [ 13.78751, 52.76929 ], [ 13.78806, 52.76924 ], [ 13.7881, 52.76893 ], [ 13.78792, 52.7688 ], [ 13.78788, 52.76885 ], [ 13.78803, 52.7689 ], [ 13.78801, 52.76895 ], [ 13.78784, 52.76906 ], [ 13.78754, 52.76914 ], [ 13.78724, 52.76914 ], [ 13.78717, 52.76908 ], [ 13.78723, 52.769 ], [ 13.78751, 52.76886 ], [ 13.78684, 52.76894 ], [ 13.78599, 52.76914 ], [ 13.78582, 52.7691 ], [ 13.78575, 52.76899 ], [ 13.78582, 52.76888 ], [ 13.78668, 52.76873 ], [ 13.78698, 52.76864 ], [ 13.78715, 52.76868 ], [ 13.78761, 52.76863 ], [ 13.78718, 52.7684 ], [ 13.78702, 52.76843 ], [ 13.78667, 52.76839 ], [ 13.7865, 52.76835 ], [ 13.78643, 52.76824 ], [ 13.7865, 52.76813 ], [ 13.78668, 52.76809 ], [ 13.78712, 52.76815 ], [ 13.78684, 52.76685 ], [ 13.78684, 52.76676 ], [ 13.78706, 52.76653 ], [ 13.78696, 52.76607 ], [ 13.78664, 52.76568 ], [ 13.78486, 52.76442 ], [ 13.78322, 52.76241 ], [ 13.7832, 52.7622 ], [ 13.78279, 52.76162 ], [ 13.78241, 52.76148 ], [ 13.78211, 52.76148 ], [ 13.78177, 52.76157 ], [ 13.78116, 52.76192 ], [ 13.78092, 52.76199 ], [ 13.78089, 52.76214 ], [ 13.78065, 52.76217 ], [ 13.78009, 52.76272 ], [ 13.77995, 52.76267 ], [ 13.77984, 52.76282 ], [ 13.77983, 52.76308 ], [ 13.78, 52.76327 ], [ 13.7802, 52.76327 ], [ 13.78036, 52.76316 ], [ 13.78046, 52.76296 ], [ 13.7809, 52.76274 ], [ 13.7816, 52.76272 ], [ 13.78194, 52.76286 ], [ 13.78199, 52.763 ], [ 13.78184, 52.76358 ], [ 13.7819, 52.76416 ], [ 13.78216, 52.76463 ], [ 13.7826, 52.76521 ], [ 13.78419, 52.76661 ], [ 13.78439, 52.76699 ], [ 13.78436, 52.76719 ], [ 13.78426, 52.7673 ], [ 13.78349, 52.76731 ], [ 13.78399, 52.7679 ], [ 13.78409, 52.76957 ], [ 13.78417, 52.76984 ], [ 13.78426, 52.76995 ], [ 13.78452, 52.76976 ], [ 13.78476, 52.76968 ], [ 13.78549, 52.76961 ], [ 13.78658, 52.76941 ], [ 13.78694, 52.76936 ], [ 13.78732, 52.76941 ], [ 13.7873, 52.76938 ] ], [ [ 13.78702, 52.76855 ], [ 13.78656, 52.76867 ], [ 13.78641, 52.76866 ], [ 13.7863, 52.76858 ], [ 13.78635, 52.7685 ], [ 13.78663, 52.76844 ], [ 13.78687, 52.76847 ], [ 13.78702, 52.76855 ] ], [ [ 13.78585, 52.76578 ], [ 13.78571, 52.76565 ], [ 13.78579, 52.76554 ], [ 13.78617, 52.76547 ], [ 13.78635, 52.76552 ], [ 13.78642, 52.76563 ], [ 13.78636, 52.76571 ], [ 13.78647, 52.76574 ], [ 13.78656, 52.76583 ], [ 13.78645, 52.76589 ], [ 13.78594, 52.76594 ], [ 13.78575, 52.76588 ], [ 13.78585, 52.76578 ] ], [ [ 13.78276, 52.76223 ], [ 13.78294, 52.76219 ], [ 13.78311, 52.76223 ], [ 13.78319, 52.76234 ], [ 13.78311, 52.76245 ], [ 13.78293, 52.76249 ], [ 13.78275, 52.76244 ], [ 13.78269, 52.76235 ], [ 13.78259, 52.76258 ], [ 13.78249, 52.76265 ], [ 13.78235, 52.76259 ], [ 13.78225, 52.76235 ], [ 13.78213, 52.76227 ], [ 13.78196, 52.76228 ], [ 13.78189, 52.76253 ], [ 13.7818, 52.76259 ], [ 13.78134, 52.76248 ], [ 13.78119, 52.76238 ], [ 13.78113, 52.76227 ], [ 13.78115, 52.7622 ], [ 13.78126, 52.76217 ], [ 13.78134, 52.76204 ], [ 13.78148, 52.76198 ], [ 13.78246, 52.76213 ], [ 13.78269, 52.7622 ], [ 13.7827, 52.76231 ], [ 13.78276, 52.76223 ] ] ] } },
{ "type": "Feature", "properties": { "boden": "40 % ziemlich arm, mäßig frisch (Z2) · 40 % ziemlich arm, mäßig frisch (Z2) · 20 % ziemlich arm, mäßig frisch (Z2)" }, "geometry": { "type": "Polygon", "coordinates": [ [ [ 13.78237, 52.76662 ], [ 13.78219, 52.76666 ], [ 13.78212, 52.76677 ], [ 13.78219, 52.76688 ], [ 13.78236, 52.76693 ], [ 13.78254, 52.76688 ], [ 13.78262, 52.76678 ], [ 13.78255, 52.76667 ], [ 13.78237, 52.76662 ] ] ] } },
{ "type": "Feature", "properties": { "boden": "50 % mittel, mäßig frisch (M+2) · 30 % mittel, mäßig frisch (M2) · 20 % ziemlich arm, mäßig frisch (Z2)" }, "geometry": { "type": "Polygon", "coordinates": [ [ [ 13.78, 52.76992 ], [ 13.78033, 52.77022 ], [ 13.78032, 52.7703 ], [ 13.78017, 52.77035 ], [ 13.77843, 52.77043 ], [ 13.77783, 52.77051 ], [ 13.77809, 52.77055 ], [ 13.77807, 52.77074 ], [ 13.77798, 52.7708 ], [ 13.77765, 52.77084 ], [ 13.77753, 52.77091 ], [ 13.7773, 52.77094 ], [ 13.77694, 52.77077 ], [ 13.77607, 52.77067 ], [ 13.7758, 52.7706 ], [ 13.77549, 52.77071 ], [ 13.77587, 52.77076 ], [ 13.77616, 52.77086 ], [ 13.77644, 52.77101 ], [ 13.77672, 52.77127 ], [ 13.77715, 52.77155 ], [ 13.77736, 52.77167 ], [ 13.77768, 52.77175 ], [ 13.78055, 52.77197 ], [ 13.78094, 52.77135 ], [ 13.7816, 52.76995 ], [ 13.78, 52.76992 ] ] ] } },
{ "type": "Feature", "properties": { "boden": "40 % ziemlich arm, mäßig frisch (Z2) · 30 % ziemlich arm, mäßig frisch (Z2) · 30 % ziemlich arm, mäßig frisch (Z2)" }, "geometry": { "type": "Polygon", "coordinates": [ [ [ 13.78473, 52.7713 ], [ 13.78436, 52.77134 ], [ 13.78413, 52.77144 ], [ 13.7841, 52.77151 ], [ 13.78469, 52.77154 ], [ 13.78491, 52.77142 ], [ 13.78489, 52.77133 ], [ 13.78473, 52.7713 ] ] ] } },
{ "type": "Feature", "properties": { "boden": "40 % ziemlich arm, trocken (vermutet) (Z3) · 30 % ziemlich arm, trocken (vermutet) (Z3) · 30 % ziemlich arm, mäßig frisch (Z2g)" }, "geometry": { "type": "Polygon", "coordinates": [ [ [ 13.78177, 52.77168 ], [ 13.78129, 52.7718 ], [ 13.78121, 52.77191 ], [ 13.78126, 52.77202 ], [ 13.7818, 52.77202 ], [ 13.78209, 52.77195 ], [ 13.78214, 52.77189 ], [ 13.78204, 52.77171 ], [ 13.78177, 52.77168 ] ] ] } },
{ "type": "Feature", "properties": { "boden": "40 % ziemlich arm, trocken (vermutet) (Z3) · 30 % ziemlich arm, trocken (vermutet) (Z3) · 30 % ziemlich arm, trocken (vermutet) (Z3)" }, "geometry": { "type": "Polygon", "coordinates": [ [ [ 13.78488, 52.77173 ], [ 13.78268, 52.77187 ], [ 13.78235, 52.77217 ], [ 13.78232, 52.77236 ], [ 13.7824, 52.77246 ], [ 13.78275, 52.77246 ], [ 13.78488, 52.7721 ], [ 13.78512, 52.77198 ], [ 13.78526, 52.77182 ], [ 13.78517, 52.77174 ], [ 13.78488, 52.77173 ] ] ] } },
{ "type": "Feature", "properties": { "boden": "40 % ziemlich arm, mäßig frisch (Z2) · 30 % ziemlich arm, mäßig frisch (Z2) · 30 % ziemlich arm, mäßig frisch (Z2)" }, "geometry": { "type": "Polygon", "coordinates": [ [ [ 13.78404, 52.77287 ], [ 13.78345, 52.77296 ], [ 13.78327, 52.77291 ], [ 13.7832, 52.77281 ], [ 13.78328, 52.7727 ], [ 13.78346, 52.77266 ], [ 13.78459, 52.7725 ], [ 13.785, 52.7725 ], [ 13.78518, 52.77246 ], [ 13.78537, 52.77252 ], [ 13.78609, 52.77232 ], [ 13.78626, 52.77233 ], [ 13.78667, 52.77224 ], [ 13.78685, 52.77228 ], [ 13.78731, 52.77222 ], [ 13.78821, 52.77196 ], [ 13.78841, 52.77204 ], [ 13.78867, 52.77177 ], [ 13.7887, 52.77156 ], [ 13.78851, 52.77141 ], [ 13.78858, 52.77123 ], [ 13.78871, 52.77118 ], [ 13.78865, 52.77102 ], [ 13.78856, 52.77106 ], [ 13.78848, 52.77132 ], [ 13.78825, 52.77135 ], [ 13.78823, 52.77154 ], [ 13.78813, 52.77164 ], [ 13.78814, 52.7718 ], [ 13.78803, 52.77185 ], [ 13.78782, 52.77174 ], [ 13.78782, 52.77184 ], [ 13.78791, 52.77192 ], [ 13.78784, 52.772 ], [ 13.78735, 52.77211 ], [ 13.78653, 52.77221 ], [ 13.78587, 52.7722 ], [ 13.78536, 52.77212 ], [ 13.78252, 52.77256 ], [ 13.78228, 52.77266 ], [ 13.78217, 52.7729 ], [ 13.78202, 52.77292 ], [ 13.78226, 52.77299 ], [ 13.78292, 52.77295 ], [ 13.78255, 52.77323 ], [ 13.78292, 52.7732 ], [ 13.78328, 52.77323 ], [ 13.78331, 52.77307 ], [ 13.78404, 52.77287 ] ] ] } },
{ "type": "Feature", "properties": { "boden": "50 % ziemlich arm, trocken (vermutet) (Z3) · 30 % ziemlich arm, trocken (vermutet) (Z3) · 20 % ziemlich arm, trocken (vermutet) (Z3)" }, "geometry": { "type": "Polygon", "coordinates": [ [ [ 13.78009, 52.77224 ], [ 13.77973, 52.772 ], [ 13.77951, 52.77193 ], [ 13.77912, 52.77192 ], [ 13.77886, 52.77202 ], [ 13.77905, 52.77212 ], [ 13.7791, 52.77236 ], [ 13.77927, 52.7724 ], [ 13.77932, 52.77256 ], [ 13.77953, 52.7727 ], [ 13.78015, 52.77237 ], [ 13.78009, 52.77224 ] ] ] } },
{ "type": "Feature", "properties": { "boden": "40 % ziemlich arm, trocken (vermutet) (Z3) · 30 % ziemlich arm, trocken (vermutet) (Z3) · 30 % ziemlich arm, mäßig frisch (Z2g)" }, "geometry": { "type": "Polygon", "coordinates": [ [ [ 13.77953, 52.7727 ], [ 13.77962, 52.77285 ], [ 13.77977, 52.77287 ], [ 13.7801, 52.77281 ], [ 13.78019, 52.77269 ], [ 13.78015, 52.77237 ], [ 13.77953, 52.7727 ] ] ] } },
{ "type": "Feature", "properties": { "boden": "40 % ziemlich arm, mäßig frisch (Z2) · 40 % ziemlich arm, mäßig frisch (Z2) · 20 % ziemlich arm, mäßig frisch (Z2)" }, "geometry": { "type": "Polygon", "coordinates": [ [ [ 13.7649, 52.76651 ], [ 13.76472, 52.76655 ], [ 13.76464, 52.76666 ], [ 13.76471, 52.76677 ], [ 13.76489, 52.76681 ], [ 13.76507, 52.76677 ], [ 13.76515, 52.76666 ], [ 13.76508, 52.76655 ], [ 13.7649, 52.76651 ] ] ] } },
{ "type": "Feature", "properties": { "boden": "40 % ziemlich arm, mäßig frisch (Z2) · 40 % ziemlich arm, mäßig frisch (Z2) · 20 % ziemlich arm, mäßig frisch (Z2)" }, "geometry": { "type": "Polygon", "coordinates": [ [ [ 13.7664, 52.7668 ], [ 13.76622, 52.76684 ], [ 13.76614, 52.76695 ], [ 13.76621, 52.76706 ], [ 13.76639, 52.7671 ], [ 13.76657, 52.76706 ], [ 13.76664, 52.76695 ], [ 13.76657, 52.76685 ], [ 13.7664, 52.7668 ] ] ] } },
{ "type": "Feature", "properties": { "boden": "40 % ziemlich arm, mäßig frisch (Z2) · 40 % ziemlich arm, mäßig frisch (Z2) · 20 % ziemlich arm, mäßig frisch (Z2)" }, "geometry": { "type": "Polygon", "coordinates": [ [ [ 13.76447, 52.76686 ], [ 13.76429, 52.7669 ], [ 13.76422, 52.76701 ], [ 13.76429, 52.76712 ], [ 13.76446, 52.76716 ], [ 13.76464, 52.76712 ], [ 13.76472, 52.76701 ], [ 13.76465, 52.76691 ], [ 13.76447, 52.76686 ] ] ] } },
{ "type": "Feature", "properties": { "boden": "40 % ziemlich arm, mäßig frisch (Z2) · 40 % ziemlich arm, mäßig frisch (Z2) · 20 % ziemlich arm, mäßig frisch (Z2)" }, "geometry": { "type": "Polygon", "coordinates": [ [ [ 13.76725, 52.76704 ], [ 13.76707, 52.76708 ], [ 13.76699, 52.76719 ], [ 13.76706, 52.7673 ], [ 13.76724, 52.76734 ], [ 13.76742, 52.7673 ], [ 13.76749, 52.76719 ], [ 13.76742, 52.76709 ], [ 13.76725, 52.76704 ] ] ] } },
{ "type": "Feature", "properties": { "boden": "40 % ziemlich arm, mäßig frisch (Z2) · 40 % ziemlich arm, mäßig frisch (Z2) · 20 % ziemlich arm, mäßig frisch (Z2)" }, "geometry": { "type": "Polygon", "coordinates": [ [ [ 13.76479, 52.76715 ], [ 13.76461, 52.76719 ], [ 13.76453, 52.7673 ], [ 13.7646, 52.76741 ], [ 13.76478, 52.76745 ], [ 13.76496, 52.76741 ], [ 13.76504, 52.7673 ], [ 13.76496, 52.76719 ], [ 13.76479, 52.76715 ] ] ] } },
{ "type": "Feature", "properties": { "boden": "40 % ziemlich arm, mäßig frisch (Z2) · 40 % ziemlich arm, mäßig frisch (Z2) · 20 % ziemlich arm, mäßig frisch (Z2)" }, "geometry": { "type": "Polygon", "coordinates": [ [ [ 13.76792, 52.76721 ], [ 13.76774, 52.76725 ], [ 13.76767, 52.76736 ], [ 13.76774, 52.76747 ], [ 13.76791, 52.76752 ], [ 13.76809, 52.76747 ], [ 13.76817, 52.76737 ], [ 13.7681, 52.76726 ], [ 13.76792, 52.76721 ] ] ] } },
{ "type": "Feature", "properties": { "boden": "40 % ziemlich arm, mäßig frisch (Z2) · 40 % ziemlich arm, mäßig frisch (Z2) · 20 % ziemlich arm, mäßig frisch (Z2)" }, "geometry": { "type": "Polygon", "coordinates": [ [ [ 13.76541, 52.76719 ], [ 13.76523, 52.76723 ], [ 13.76515, 52.76734 ], [ 13.76522, 52.76745 ], [ 13.7654, 52.76749 ], [ 13.76558, 52.76745 ], [ 13.76565, 52.76734 ], [ 13.76558, 52.76723 ], [ 13.76541, 52.76719 ] ] ] } },
{ "type": "Feature", "properties": { "boden": "40 % ziemlich arm, mäßig frisch (Z2) · 40 % ziemlich arm, mäßig frisch (Z2) · 20 % ziemlich arm, mäßig frisch (Z2)" }, "geometry": { "type": "Polygon", "coordinates": [ [ [ 13.76616, 52.76741 ], [ 13.76598, 52.76746 ], [ 13.7659, 52.76756 ], [ 13.76597, 52.76767 ], [ 13.76615, 52.76772 ], [ 13.76633, 52.76768 ], [ 13.7664, 52.76757 ], [ 13.76633, 52.76746 ], [ 13.76616, 52.76741 ] ] ] } },
{ "type": "Feature", "properties": { "boden": "40 % ziemlich arm, mäßig frisch (Z2) · 40 % ziemlich arm, mäßig frisch (Z2) · 20 % ziemlich arm, mäßig frisch (Z2)" }, "geometry": { "type": "Polygon", "coordinates": [ [ [ 13.76712, 52.76752 ], [ 13.76694, 52.76756 ], [ 13.76686, 52.76767 ], [ 13.76693, 52.76778 ], [ 13.76711, 52.76783 ], [ 13.76729, 52.76778 ], [ 13.76737, 52.76768 ], [ 13.7673, 52.76757 ], [ 13.76712, 52.76752 ] ] ] } },
{ "type": "Feature", "properties": { "boden": "40 % ziemlich arm, mäßig frisch (Z2) · 40 % ziemlich arm, mäßig frisch (Z2) · 20 % ziemlich arm, mäßig frisch (Z2)" }, "geometry": { "type": "Polygon", "coordinates": [ [ [ 13.76749, 52.76782 ], [ 13.76731, 52.76786 ], [ 13.76723, 52.76797 ], [ 13.7673, 52.76808 ], [ 13.76748, 52.76812 ], [ 13.76766, 52.76808 ], [ 13.76774, 52.76797 ], [ 13.76766, 52.76786 ], [ 13.76749, 52.76782 ] ] ] } },
{ "type": "Feature", "properties": { "boden": "40 % ziemlich arm, mäßig frisch (Z2) · 40 % ziemlich arm, mäßig frisch (Z2) · 20 % ziemlich arm, mäßig frisch (Z2)" }, "geometry": { "type": "Polygon", "coordinates": [ [ [ 13.76683, 52.76788 ], [ 13.76665, 52.76792 ], [ 13.76657, 52.76803 ], [ 13.76664, 52.76814 ], [ 13.76682, 52.76818 ], [ 13.767, 52.76814 ], [ 13.76707, 52.76803 ], [ 13.767, 52.76792 ], [ 13.76683, 52.76788 ] ] ] } },
{ "type": "Feature", "properties": { "boden": "40 % ziemlich arm, mäßig frisch (Z2) · 40 % ziemlich arm, mäßig frisch (Z2) · 20 % ziemlich arm, mäßig frisch (Z2)" }, "geometry": { "type": "Polygon", "coordinates": [ [ [ 13.7678, 52.76989 ], [ 13.76774, 52.76979 ], [ 13.76756, 52.76974 ], [ 13.76738, 52.76979 ], [ 13.76731, 52.76989 ], [ 13.76738, 52.77 ], [ 13.76755, 52.77005 ], [ 13.7678, 52.76989 ] ] ] } },
{ "type": "Feature", "properties": { "boden": "40 % ziemlich arm, mäßig frisch (Z2) · 40 % ziemlich arm, mäßig frisch (Z2) · 20 % ziemlich arm, mäßig frisch (Z2)" }, "geometry": { "type": "Polygon", "coordinates": [ [ [ 13.76573, 52.76978 ], [ 13.76555, 52.76982 ], [ 13.76548, 52.76993 ], [ 13.76555, 52.77004 ], [ 13.76572, 52.77009 ], [ 13.7659, 52.77004 ], [ 13.76598, 52.76994 ], [ 13.76591, 52.76983 ], [ 13.76573, 52.76978 ] ] ] } },
{ "type": "Feature", "properties": { "boden": "40 % ziemlich arm, mäßig frisch (Z2) · 40 % ziemlich arm, mäßig frisch (Z2) · 20 % ziemlich arm, mäßig frisch (Z2)" }, "geometry": { "type": "Polygon", "coordinates": [ [ [ 13.76633, 52.76984 ], [ 13.76615, 52.76988 ], [ 13.76607, 52.76999 ], [ 13.76614, 52.7701 ], [ 13.76632, 52.77015 ], [ 13.7665, 52.7701 ], [ 13.76657, 52.77 ], [ 13.7665, 52.76989 ], [ 13.76633, 52.76984 ] ] ] } },
{ "type": "Feature", "properties": { "boden": "50 % ziemlich arm, trocken (vermutet) (Z3) · 30 % ziemlich arm, trocken (vermutet) (Z3) · 20 % ziemlich arm, trocken (vermutet) (Z3)" }, "geometry": { "type": "Polygon", "coordinates": [ [ [ 13.76582, 52.77054 ], [ 13.7662, 52.77053 ], [ 13.76611, 52.77046 ], [ 13.76576, 52.77042 ], [ 13.76503, 52.77036 ], [ 13.76485, 52.7704 ], [ 13.76499, 52.77052 ], [ 13.7653, 52.7706 ], [ 13.7656, 52.7706 ], [ 13.76582, 52.77054 ] ] ] } },
{ "type": "Feature", "properties": { "boden": "50 % ziemlich arm, trocken (vermutet) (Z3) · 30 % ziemlich arm, trocken (vermutet) (Z3) · 20 % ziemlich arm, trocken (vermutet) (Z3)" }, "geometry": { "type": "Polygon", "coordinates": [ [ [ 13.76912, 52.77042 ], [ 13.76879, 52.77047 ], [ 13.7687, 52.77053 ], [ 13.76874, 52.77064 ], [ 13.7692, 52.77072 ], [ 13.7695, 52.7707 ], [ 13.76957, 52.77065 ], [ 13.76947, 52.7705 ], [ 13.76912, 52.77042 ] ] ] } },
{ "type": "Feature", "properties": { "boden": "100 % mittel, mäßig frisch (M2)" }, "geometry": { "type": "Polygon", "coordinates": [ [ [ 13.76721, 52.77086 ], [ 13.76714, 52.77096 ], [ 13.76721, 52.77107 ], [ 13.76739, 52.77112 ], [ 13.76757, 52.77107 ], [ 13.76765, 52.77097 ], [ 13.76759, 52.77088 ], [ 13.76721, 52.77086 ] ] ] } },
{ "type": "Feature", "properties": { "boden": "100 % mittel, mäßig frisch (M2)" }, "geometry": { "type": "Polygon", "coordinates": [ [ [ 13.76785, 52.77089 ], [ 13.76778, 52.77099 ], [ 13.76785, 52.7711 ], [ 13.76803, 52.77114 ], [ 13.76821, 52.7711 ], [ 13.76828, 52.77099 ], [ 13.76823, 52.77092 ], [ 13.76785, 52.77089 ] ] ] } },
{ "type": "Feature", "properties": { "boden": "100 % mittel, mäßig frisch (M2)" }, "geometry": { "type": "Polygon", "coordinates": [ [ [ 13.76672, 52.77088 ], [ 13.76656, 52.771 ], [ 13.76663, 52.77111 ], [ 13.76681, 52.77116 ], [ 13.76699, 52.77111 ], [ 13.76706, 52.77101 ], [ 13.76699, 52.7709 ], [ 13.76672, 52.77088 ] ] ] } },
{ "type": "Feature", "properties": { "boden": "100 % mittel, mäßig frisch (M2)" }, "geometry": { "type": "Polygon", "coordinates": [ [ [ 13.76608, 52.77094 ], [ 13.76597, 52.77105 ], [ 13.76604, 52.77116 ], [ 13.76622, 52.77121 ], [ 13.7664, 52.77117 ], [ 13.76648, 52.77106 ], [ 13.76641, 52.77095 ], [ 13.76627, 52.77091 ], [ 13.76608, 52.77094 ] ] ] } },
{ "type": "Feature", "properties": { "boden": "70 % ziemlich arm, mäßig frisch (Z2) · 30 % ziemlich arm, mäßig frisch (Z+2)" }, "geometry": { "type": "Polygon", "coordinates": [ [ [ 13.79771, 52.74485 ], [ 13.79726, 52.74498 ], [ 13.7972, 52.74512 ], [ 13.79777, 52.74494 ], [ 13.79771, 52.74485 ] ] ] } },
{ "type": "Feature", "properties": { "boden": "70 % ziemlich arm, mäßig frisch (Z2) · 30 % ziemlich arm, mäßig frisch (Z+2)" }, "geometry": { "type": "Polygon", "coordinates": [ [ [ 13.79777, 52.74494 ], [ 13.7972, 52.74512 ], [ 13.79726, 52.74519 ], [ 13.79733, 52.74521 ], [ 13.79785, 52.74507 ], [ 13.79777, 52.74494 ] ] ] } },
{ "type": "Feature", "properties": { "boden": "100 % mittel, mäßig frisch (M+2)" }, "geometry": { "type": "Polygon", "coordinates": [ [ [ 13.79626, 52.74619 ], [ 13.79633, 52.74608 ], [ 13.79626, 52.74597 ], [ 13.79609, 52.74593 ], [ 13.79591, 52.74597 ], [ 13.79585, 52.74606 ], [ 13.79596, 52.7462 ], [ 13.79608, 52.74623 ], [ 13.79626, 52.74619 ] ] ] } },
{ "type": "Feature", "properties": { "boden": "100 % kräftig, mäßig frisch (K2)" }, "geometry": { "type": "Polygon", "coordinates": [ [ [ 13.79158, 52.7493 ], [ 13.78993, 52.74898 ], [ 13.78958, 52.74895 ], [ 13.78946, 52.74937 ], [ 13.79031, 52.74918 ], [ 13.79158, 52.7493 ] ] ] } },
{ "type": "Feature", "properties": { "boden": "100 % ziemlich arm, trocken (vermutet) (Z3)" }, "geometry": { "type": "Polygon", "coordinates": [ [ [ 13.79071, 52.74926 ], [ 13.79043, 52.7493 ], [ 13.79034, 52.74936 ], [ 13.79068, 52.74944 ], [ 13.79104, 52.74967 ], [ 13.79153, 52.74962 ], [ 13.79148, 52.74954 ], [ 13.7911, 52.74934 ], [ 13.79071, 52.74926 ] ] ] } },
{ "type": "Feature", "properties": { "boden": "100 % ziemlich arm, mäßig frisch (Z2)" }, "geometry": { "type": "Polygon", "coordinates": [ [ [ 13.79195, 52.75012 ], [ 13.79188, 52.75001 ], [ 13.79217, 52.74972 ], [ 13.79233, 52.74968 ], [ 13.79242, 52.74976 ], [ 13.79234, 52.74944 ], [ 13.79158, 52.7493 ], [ 13.79031, 52.74918 ], [ 13.78946, 52.74937 ], [ 13.78955, 52.75013 ], [ 13.79194, 52.75031 ], [ 13.79215, 52.75016 ], [ 13.79195, 52.75012 ] ], [ [ 13.79197, 52.74988 ], [ 13.79141, 52.75003 ], [ 13.79059, 52.75005 ], [ 13.7902, 52.75001 ], [ 13.78997, 52.7498 ], [ 13.79045, 52.74981 ], [ 13.79096, 52.74976 ], [ 13.79185, 52.74981 ], [ 13.79197, 52.74988 ] ], [ [ 13.7911, 52.74934 ], [ 13.79148, 52.74954 ], [ 13.79149, 52.74964 ], [ 13.79104, 52.74967 ], [ 13.79068, 52.74944 ], [ 13.79034, 52.74934 ], [ 13.79071, 52.74926 ], [ 13.7911, 52.74934 ] ] ] } },
{ "type": "Feature", "properties": { "boden": "100 % ziemlich arm, frisch (Z1)" }, "geometry": { "type": "Polygon", "coordinates": [ [ [ 13.81134, 52.7692 ], [ 13.81199, 52.76817 ], [ 13.8102, 52.76795 ], [ 13.80956, 52.76863 ], [ 13.80861, 52.76883 ], [ 13.80933, 52.76899 ], [ 13.80958, 52.76898 ], [ 13.80966, 52.76909 ], [ 13.81134, 52.7692 ] ] ] } },
{ "type": "Feature", "properties": { "boden": "100 % ziemlich arm, frisch (Z1)" }, "geometry": { "type": "Polygon", "coordinates": [ [ [ 13.80633, 52.76981 ], [ 13.80641, 52.7697 ], [ 13.80639, 52.76952 ], [ 13.80646, 52.76942 ], [ 13.80664, 52.76937 ], [ 13.80682, 52.76942 ], [ 13.80689, 52.76953 ], [ 13.80681, 52.76964 ], [ 13.80679, 52.76988 ], [ 13.80799, 52.76996 ], [ 13.80836, 52.76916 ], [ 13.80623, 52.7692 ], [ 13.80625, 52.76982 ], [ 13.80633, 52.76981 ] ] ] } },
{ "type": "Feature", "properties": { "boden": "100 % ziemlich arm, frisch (Z1)" }, "geometry": { "type": "Polygon", "coordinates": [ [ [ 13.80679, 52.76988 ], [ 13.80681, 52.76964 ], [ 13.80689, 52.76953 ], [ 13.80682, 52.76942 ], [ 13.80664, 52.76937 ], [ 13.80646, 52.76942 ], [ 13.80639, 52.76952 ], [ 13.80641, 52.7697 ], [ 13.80633, 52.76981 ], [ 13.80679, 52.76988 ] ] ] } },
{ "type": "Feature", "properties": { "boden": "100 % ziemlich arm, mäßig frisch (Z2)" }, "geometry": { "type": "Polygon", "coordinates": [ [ [ 13.80931, 52.77006 ], [ 13.80937, 52.77015 ], [ 13.80955, 52.7702 ], [ 13.80973, 52.77016 ], [ 13.80981, 52.77005 ], [ 13.80982, 52.76977 ], [ 13.81004, 52.76936 ], [ 13.80997, 52.76925 ], [ 13.80979, 52.7692 ], [ 13.8096, 52.76924 ], [ 13.80931, 52.77006 ] ] ] } },
{ "type": "Feature", "properties": { "boden": "100 % mittel, frisch (M1)" }, "geometry": { "type": "Polygon", "coordinates": [ [ [ 13.80611, 52.7699 ], [ 13.80605, 52.77015 ], [ 13.80709, 52.77023 ], [ 13.8071, 52.76996 ], [ 13.80611, 52.7699 ] ] ] } },
{ "type": "Feature", "properties": { "boden": "100 % ziemlich arm, mäßig frisch (Z2)" }, "geometry": { "type": "Polygon", "coordinates": [ [ [ 13.80966, 52.76909 ], [ 13.8096, 52.76924 ], [ 13.80979, 52.7692 ], [ 13.80997, 52.76925 ], [ 13.81004, 52.76936 ], [ 13.80982, 52.76977 ], [ 13.80981, 52.77005 ], [ 13.80973, 52.77016 ], [ 13.80955, 52.7702 ], [ 13.80937, 52.77015 ], [ 13.80931, 52.77006 ], [ 13.80912, 52.7707 ], [ 13.80867, 52.77078 ], [ 13.80859, 52.77072 ], [ 13.80814, 52.77185 ], [ 13.80993, 52.77177 ], [ 13.81007, 52.77136 ], [ 13.81062, 52.77047 ], [ 13.81101, 52.76952 ], [ 13.81134, 52.7692 ], [ 13.80966, 52.76909 ] ] ] } },
{ "type": "Feature", "properties": { "boden": "100 % ziemlich arm, frisch (Z1)" }, "geometry": { "type": "Polygon", "coordinates": [ [ [ 13.80696, 52.77285 ], [ 13.80688, 52.77296 ], [ 13.80696, 52.77307 ], [ 13.80709, 52.77311 ], [ 13.80735, 52.77284 ], [ 13.80696, 52.77285 ] ] ] } },
{ "type": "Feature", "properties": { "boden": "100 % ziemlich arm, mäßig frisch (Z+2)" }, "geometry": { "type": "Polygon", "coordinates": [ [ [ 13.81276, 52.74796 ], [ 13.81268, 52.74785 ], [ 13.81251, 52.7478 ], [ 13.81233, 52.74784 ], [ 13.81181, 52.74774 ], [ 13.81163, 52.74778 ], [ 13.81155, 52.74789 ], [ 13.81162, 52.748 ], [ 13.8118, 52.74805 ], [ 13.81214, 52.74801 ], [ 13.8125, 52.74811 ], [ 13.81268, 52.74806 ], [ 13.81276, 52.74796 ] ] ] } },
{ "type": "Feature", "properties": { "boden": "100 % mittel, mäßig frisch (M+2)" }, "geometry": { "type": "Polygon", "coordinates": [ [ [ 13.81284, 52.74784 ], [ 13.81164, 52.74766 ], [ 13.81149, 52.74769 ], [ 13.81172, 52.749 ], [ 13.81202, 52.74891 ], [ 13.81266, 52.7489 ], [ 13.81284, 52.74784 ] ], [ [ 13.8125, 52.74811 ], [ 13.81214, 52.74801 ], [ 13.8118, 52.74805 ], [ 13.81162, 52.748 ], [ 13.81155, 52.74789 ], [ 13.81163, 52.74778 ], [ 13.81181, 52.74774 ], [ 13.81233, 52.74784 ], [ 13.81251, 52.7478 ], [ 13.81268, 52.74785 ], [ 13.81276, 52.74796 ], [ 13.81268, 52.74806 ], [ 13.8125, 52.74811 ] ] ] } },
{ "type": "Feature", "properties": { "boden": "40 % mittel, mäßig frisch (M2) · 40 % mittel, mäßig frisch (M+2) · 20 % ziemlich arm, mäßig frisch (Z2)" }, "geometry": { "type": "Polygon", "coordinates": [ [ [ 13.8137, 52.78845 ], [ 13.81314, 52.78822 ], [ 13.81274, 52.78791 ], [ 13.8125, 52.78761 ], [ 13.81225, 52.78687 ], [ 13.81221, 52.78632 ], [ 13.81014, 52.78673 ], [ 13.80873, 52.78688 ], [ 13.80828, 52.78706 ], [ 13.80409, 52.78758 ], [ 13.80314, 52.78784 ], [ 13.802, 52.78839 ], [ 13.80204, 52.78846 ], [ 13.80268, 52.78853 ], [ 13.805, 52.78855 ], [ 13.80534, 52.78863 ], [ 13.80605, 52.78895 ], [ 13.80622, 52.78913 ], [ 13.80625, 52.78939 ], [ 13.80613, 52.78989 ], [ 13.80681, 52.78983 ], [ 13.80718, 52.78993 ], [ 13.80786, 52.79037 ], [ 13.80823, 52.79049 ], [ 13.80844, 52.79048 ], [ 13.80885, 52.79011 ], [ 13.80923, 52.78992 ], [ 13.80977, 52.78983 ], [ 13.81205, 52.78988 ], [ 13.81258, 52.78993 ], [ 13.8128, 52.79006 ], [ 13.81292, 52.79024 ], [ 13.81302, 52.79093 ], [ 13.81311, 52.79103 ], [ 13.81326, 52.79106 ], [ 13.81363, 52.79097 ], [ 13.8137, 52.78845 ] ] ] } },
{ "type": "Feature", "properties": { "boden": "100 % mittel, mäßig frisch (M2g)" }, "geometry": { "type": "Polygon", "coordinates": [ [ [ 13.79543, 52.74659 ], [ 13.79593, 52.74637 ], [ 13.79596, 52.7462 ], [ 13.79579, 52.74599 ], [ 13.79536, 52.74612 ], [ 13.7949, 52.74641 ], [ 13.79492, 52.74661 ], [ 13.79543, 52.74659 ] ] ] } },
{ "type": "Feature", "properties": { "boden": "100 % mittel, trocken (vermutet) (M+3)" }, "geometry": { "type": "Polygon", "coordinates": [ [ [ 13.79614, 52.74625 ], [ 13.79596, 52.7462 ], [ 13.79593, 52.74637 ], [ 13.79534, 52.74659 ], [ 13.79543, 52.74668 ], [ 13.79557, 52.74668 ], [ 13.79577, 52.74656 ], [ 13.79604, 52.74648 ], [ 13.79613, 52.74637 ], [ 13.79614, 52.74625 ] ] ] } },
{ "type": "Feature", "properties": { "boden": "100 % mittel, mäßig frisch (M+2)" }, "geometry": { "type": "Polygon", "coordinates": [ [ [ 13.79585, 52.74606 ], [ 13.79591, 52.74597 ], [ 13.79609, 52.74593 ], [ 13.79626, 52.74597 ], [ 13.79633, 52.74608 ], [ 13.79626, 52.74619 ], [ 13.79612, 52.74622 ], [ 13.79613, 52.74637 ], [ 13.79604, 52.74648 ], [ 13.79577, 52.74656 ], [ 13.79557, 52.74668 ], [ 13.79543, 52.74668 ], [ 13.79536, 52.74664 ], [ 13.79528, 52.74669 ], [ 13.7953, 52.7468 ], [ 13.7955, 52.7469 ], [ 13.79571, 52.74711 ], [ 13.79645, 52.74709 ], [ 13.79636, 52.74597 ], [ 13.79612, 52.74584 ], [ 13.79579, 52.74599 ], [ 13.79585, 52.74606 ] ] ] } },
{ "type": "Feature", "properties": { "boden": "100 % mittel, mäßig frisch (M2g)" }, "geometry": { "type": "Polygon", "coordinates": [ [ [ 13.7955, 52.7469 ], [ 13.7953, 52.7468 ], [ 13.79534, 52.74659 ], [ 13.79492, 52.74661 ], [ 13.79498, 52.74715 ], [ 13.7952, 52.74743 ], [ 13.79541, 52.74718 ], [ 13.79571, 52.74711 ], [ 13.7955, 52.7469 ] ] ] } },
{ "type": "Feature", "properties": { "boden": "100 % mittel, mäßig frisch (M+2)" }, "geometry": { "type": "Polygon", "coordinates": [ [ [ 13.79609, 52.74728 ], [ 13.79591, 52.74732 ], [ 13.79584, 52.74743 ], [ 13.79591, 52.74754 ], [ 13.79608, 52.74759 ], [ 13.79628, 52.74752 ], [ 13.79634, 52.74744 ], [ 13.79627, 52.74733 ], [ 13.79609, 52.74728 ] ] ] } },
{ "type": "Feature", "properties": { "boden": "100 % mittel, mäßig frisch (M+2)" }, "geometry": { "type": "Polygon", "coordinates": [ [ [ 13.79647, 52.74743 ], [ 13.79643, 52.74716 ], [ 13.79575, 52.74719 ], [ 13.7957, 52.74739 ], [ 13.79553, 52.74755 ], [ 13.79448, 52.74824 ], [ 13.79469, 52.74816 ], [ 13.79496, 52.74813 ], [ 13.79515, 52.74804 ], [ 13.79529, 52.74792 ], [ 13.79532, 52.74778 ], [ 13.79543, 52.74768 ], [ 13.79584, 52.74756 ], [ 13.79595, 52.74758 ], [ 13.79597, 52.74769 ], [ 13.79647, 52.74743 ] ], [ [ 13.79634, 52.74744 ], [ 13.79628, 52.74752 ], [ 13.79608, 52.74759 ], [ 13.79591, 52.74754 ], [ 13.79584, 52.74743 ], [ 13.79591, 52.74732 ], [ 13.79609, 52.74728 ], [ 13.79627, 52.74733 ], [ 13.79634, 52.74744 ] ] ] } },
{ "type": "Feature", "properties": { "boden": "100 % mittel, mäßig frisch (M2g)" }, "geometry": { "type": "Polygon", "coordinates": [ [ [ 13.79413, 52.74848 ], [ 13.7957, 52.74739 ], [ 13.79575, 52.74719 ], [ 13.79561, 52.7472 ], [ 13.79524, 52.74744 ], [ 13.79465, 52.74769 ], [ 13.79393, 52.74842 ], [ 13.79413, 52.74848 ] ] ] } },
{ "type": "Feature", "properties": { "boden": "100 % mittel, trocken (vermutet) (M+3)" }, "geometry": { "type": "Polygon", "coordinates": [ [ [ 13.79518, 52.74804 ], [ 13.79597, 52.74769 ], [ 13.79595, 52.74758 ], [ 13.79571, 52.74758 ], [ 13.79543, 52.74768 ], [ 13.79532, 52.74778 ], [ 13.79529, 52.74792 ], [ 13.79515, 52.74804 ], [ 13.79496, 52.74813 ], [ 13.79469, 52.74816 ], [ 13.79448, 52.74824 ], [ 13.79413, 52.74848 ], [ 13.79465, 52.74862 ], [ 13.79524, 52.74821 ], [ 13.79518, 52.74804 ] ] ] } },
{ "type": "Feature", "properties": { "boden": "100 % mittel, mäßig frisch (M+2)" }, "geometry": { "type": "Polygon", "coordinates": [ [ [ 13.79524, 52.74821 ], [ 13.79465, 52.74862 ], [ 13.79527, 52.74879 ], [ 13.79524, 52.74821 ] ] ] } },
{ "type": "Feature", "properties": { "boden": "100 % mittel, trocken (vermutet) (M+3)" }, "geometry": { "type": "Polygon", "coordinates": [ [ [ 13.79404, 52.74855 ], [ 13.79377, 52.74893 ], [ 13.79379, 52.749 ], [ 13.7939, 52.74903 ], [ 13.79406, 52.74903 ], [ 13.79455, 52.74869 ], [ 13.79404, 52.74855 ] ] ] } },
{ "type": "Feature", "properties": { "boden": "100 % ziemlich arm, mäßig frisch (Z2)" }, "geometry": { "type": "Polygon", "coordinates": [ [ [ 13.79233, 52.74968 ], [ 13.79217, 52.74972 ], [ 13.79196, 52.7499 ], [ 13.79188, 52.75001 ], [ 13.79195, 52.75012 ], [ 13.79215, 52.75016 ], [ 13.79235, 52.75 ], [ 13.79242, 52.74976 ], [ 13.79233, 52.74968 ] ] ] } },
{ "type": "Feature", "properties": { "boden": "100 % ziemlich arm, mäßig frisch (Z2)" }, "geometry": { "type": "Polygon", "coordinates": [ [ [ 13.79185, 52.74981 ], [ 13.79096, 52.74976 ], [ 13.79045, 52.74981 ], [ 13.78997, 52.7498 ], [ 13.7902, 52.75001 ], [ 13.79059, 52.75005 ], [ 13.79117, 52.75005 ], [ 13.79162, 52.74999 ], [ 13.79197, 52.74988 ], [ 13.79185, 52.74981 ] ] ] } },
{ "type": "Feature", "properties": { "boden": "40 % ziemlich arm, mäßig frisch (Z+2) · 40 % ziemlich arm, mäßig frisch (Z+2) · 20 % ziemlich arm, mäßig frisch (Z2)" }, "geometry": { "type": "Polygon", "coordinates": [ [ [ 13.79335, 52.75692 ], [ 13.79328, 52.75681 ], [ 13.79311, 52.75676 ], [ 13.79293, 52.75681 ], [ 13.79285, 52.75691 ], [ 13.79292, 52.75702 ], [ 13.7931, 52.75707 ], [ 13.79328, 52.75702 ], [ 13.79335, 52.75692 ] ] ] } },
{ "type": "Feature", "properties": { "boden": "60 % ziemlich arm, mäßig frisch (Z2) · 40 % ziemlich arm, mäßig frisch (Z2)" }, "geometry": { "type": "Polygon", "coordinates": [ [ [ 13.79097, 52.75695 ], [ 13.79071, 52.7571 ], [ 13.79078, 52.75721 ], [ 13.79142, 52.75733 ], [ 13.7916, 52.75732 ], [ 13.79188, 52.75741 ], [ 13.79206, 52.75736 ], [ 13.79213, 52.75726 ], [ 13.79206, 52.75715 ], [ 13.79189, 52.7571 ], [ 13.79172, 52.7571 ], [ 13.79143, 52.75703 ], [ 13.79125, 52.75704 ], [ 13.79097, 52.75695 ] ] ] } },
{ "type": "Feature", "properties": { "boden": "100 % ziemlich arm, mäßig frisch (Z2g)" }, "geometry": { "type": "Polygon", "coordinates": [ [ [ 13.79076, 52.75706 ], [ 13.7911, 52.75689 ], [ 13.79132, 52.7567 ], [ 13.79101, 52.75682 ], [ 13.79076, 52.75683 ], [ 13.7901, 52.75742 ], [ 13.79023, 52.75807 ], [ 13.79037, 52.75804 ], [ 13.79055, 52.75808 ], [ 13.7906, 52.75817 ], [ 13.79044, 52.75748 ], [ 13.79052, 52.75726 ], [ 13.79076, 52.75706 ] ] ] } },
{ "type": "Feature", "properties": { "boden": "60 % ziemlich arm, mäßig frisch (Z2) · 40 % ziemlich arm, mäßig frisch (Z2)" }, "geometry": { "type": "Polygon", "coordinates": [ [ [ 13.79228, 52.75798 ], [ 13.79217, 52.75771 ], [ 13.79221, 52.75705 ], [ 13.79155, 52.75662 ], [ 13.79132, 52.7567 ], [ 13.79097, 52.75695 ], [ 13.79125, 52.75704 ], [ 13.79143, 52.75703 ], [ 13.79172, 52.7571 ], [ 13.79189, 52.7571 ], [ 13.79206, 52.75715 ], [ 13.79213, 52.75726 ], [ 13.79206, 52.75736 ], [ 13.79188, 52.75741 ], [ 13.7916, 52.75732 ], [ 13.79095, 52.75726 ], [ 13.79078, 52.75721 ], [ 13.79071, 52.7571 ], [ 13.79052, 52.75726 ], [ 13.79044, 52.75748 ], [ 13.79061, 52.75808 ], [ 13.79062, 52.75842 ], [ 13.79134, 52.75885 ], [ 13.79224, 52.75881 ], [ 13.79238, 52.75859 ], [ 13.79237, 52.75832 ], [ 13.79249, 52.75825 ], [ 13.79228, 52.75798 ] ], [ [ 13.79182, 52.75799 ], [ 13.79185, 52.75833 ], [ 13.7918, 52.75846 ], [ 13.79169, 52.75849 ], [ 13.79154, 52.75843 ], [ 13.79147, 52.75829 ], [ 13.79109, 52.75816 ], [ 13.79096, 52.75806 ], [ 13.79097, 52.75802 ], [ 13.79135, 52.75788 ], [ 13.79173, 52.7579 ], [ 13.79182, 52.75799 ] ] ] } },
{ "type": "Feature", "properties": { "boden": "60 % ziemlich arm, trocken (vermutet) (Z3) · 40 % ziemlich arm, trocken (vermutet) (Z3)" }, "geometry": { "type": "Polygon", "coordinates": [ [ [ 13.79173, 52.7579 ], [ 13.79135, 52.75788 ], [ 13.79097, 52.75802 ], [ 13.79096, 52.75806 ], [ 13.79109, 52.75816 ], [ 13.79147, 52.75829 ], [ 13.79154, 52.75843 ], [ 13.79169, 52.75849 ], [ 13.7918, 52.75846 ], [ 13.79185, 52.75833 ], [ 13.79182, 52.75799 ], [ 13.79173, 52.7579 ] ] ] } },
{ "type": "Feature", "properties": { "boden": "100 % ziemlich arm, mäßig frisch (Z2g)" }, "geometry": { "type": "Polygon", "coordinates": [ [ [ 13.79055, 52.75808 ], [ 13.79037, 52.75804 ], [ 13.79023, 52.75807 ], [ 13.79031, 52.75839 ], [ 13.79062, 52.75842 ], [ 13.79055, 52.75808 ] ] ] } },
{ "type": "Feature", "properties": { "boden": "100 % mittel, frisch (M1)" }, "geometry": { "type": "Polygon", "coordinates": [ [ [ 13.78971, 52.75905 ], [ 13.78935, 52.75922 ], [ 13.78921, 52.75915 ], [ 13.78917, 52.7592 ], [ 13.78973, 52.75971 ], [ 13.79007, 52.75982 ], [ 13.79028, 52.75997 ], [ 13.79065, 52.75935 ], [ 13.78971, 52.75905 ] ] ] } },
{ "type": "Feature", "properties": { "boden": "100 % ziemlich arm, frisch (Z1)" }, "geometry": { "type": "Polygon", "coordinates": [ [ [ 13.7883, 52.76048 ], [ 13.78772, 52.76085 ], [ 13.78811, 52.76105 ], [ 13.78842, 52.76099 ], [ 13.78907, 52.76107 ], [ 13.78925, 52.76096 ], [ 13.7893, 52.76084 ], [ 13.78923, 52.76071 ], [ 13.78903, 52.76054 ], [ 13.7883, 52.76048 ] ] ] } },
{ "type": "Feature", "properties": { "boden": "100 % mittel, mäßig frisch (M2g)" }, "geometry": { "type": "Polygon", "coordinates": [ [ [ 13.79405, 52.74993 ], [ 13.79387, 52.74989 ], [ 13.7938, 52.74978 ], [ 13.79388, 52.74967 ], [ 13.79396, 52.74965 ], [ 13.79382, 52.7496 ], [ 13.7937, 52.74925 ], [ 13.79387, 52.74873 ], [ 13.79404, 52.74855 ], [ 13.79383, 52.74849 ], [ 13.79361, 52.74868 ], [ 13.7935, 52.74905 ], [ 13.79369, 52.75025 ], [ 13.79451, 52.74981 ], [ 13.79405, 52.74993 ] ] ] } },
{ "type": "Feature", "properties": { "boden": "100 % mittel, mäßig frisch (M2g)" }, "geometry": { "type": "Polygon", "coordinates": [ [ [ 13.79467, 52.74972 ], [ 13.79476, 52.74959 ], [ 13.79467, 52.74951 ], [ 13.79452, 52.74951 ], [ 13.79388, 52.74967 ], [ 13.7938, 52.74978 ], [ 13.79387, 52.74989 ], [ 13.79405, 52.74993 ], [ 13.79451, 52.74981 ], [ 13.79467, 52.74972 ] ] ] } },
{ "type": "Feature", "properties": { "boden": "100 % mittel, mäßig frisch (M+2)" }, "geometry": { "type": "Polygon", "coordinates": [ [ [ 13.79455, 52.74869 ], [ 13.79406, 52.74903 ], [ 13.7939, 52.74903 ], [ 13.79376, 52.74897 ], [ 13.7937, 52.74925 ], [ 13.79374, 52.74945 ], [ 13.79391, 52.74965 ], [ 13.79452, 52.74951 ], [ 13.79467, 52.74951 ], [ 13.79476, 52.74959 ], [ 13.79473, 52.74969 ], [ 13.79369, 52.75025 ], [ 13.79356, 52.75055 ], [ 13.79367, 52.75075 ], [ 13.79557, 52.74998 ], [ 13.7953, 52.7489 ], [ 13.79455, 52.74869 ] ], [ [ 13.79453, 52.75006 ], [ 13.79424, 52.75044 ], [ 13.79398, 52.75049 ], [ 13.79396, 52.75044 ], [ 13.79429, 52.75017 ], [ 13.79431, 52.74996 ], [ 13.79445, 52.74993 ], [ 13.79453, 52.75006 ] ] ] } },
{ "type": "Feature", "properties": { "boden": "100 % mittel, trocken (vermutet) (M+3)" }, "geometry": { "type": "Polygon", "coordinates": [ [ [ 13.79445, 52.74993 ], [ 13.79431, 52.74996 ], [ 13.79429, 52.75017 ], [ 13.79396, 52.75044 ], [ 13.79398, 52.75049 ], [ 13.79424, 52.75044 ], [ 13.79432, 52.75037 ], [ 13.79453, 52.75006 ], [ 13.79445, 52.74993 ] ] ] } },
{ "type": "Feature", "properties": { "boden": "100 % mittel, mäßig frisch (M+2)" }, "geometry": { "type": "Polygon", "coordinates": [ [ [ 13.80219, 52.75149 ], [ 13.80076, 52.75162 ], [ 13.80131, 52.75433 ], [ 13.80279, 52.75427 ], [ 13.80219, 52.75149 ] ] ] } },
{ "type": "Feature", "properties": { "boden": "40 % mittel, mäßig frisch (M+2) · 40 % mittel, mäßig frisch (M+2) · 20 % ziemlich arm, mäßig frisch (Z2)" }, "geometry": { "type": "Polygon", "coordinates": [ [ [ 13.79367, 52.75761 ], [ 13.79344, 52.75758 ], [ 13.79337, 52.75747 ], [ 13.79344, 52.75736 ], [ 13.79362, 52.75732 ], [ 13.7938, 52.75737 ], [ 13.79384, 52.75752 ], [ 13.79554, 52.7566 ], [ 13.79523, 52.75626 ], [ 13.79487, 52.75645 ], [ 13.79384, 52.75546 ], [ 13.7929, 52.75578 ], [ 13.79175, 52.75655 ], [ 13.79155, 52.75662 ], [ 13.79221, 52.75705 ], [ 13.79217, 52.75771 ], [ 13.79228, 52.75798 ], [ 13.79249, 52.75825 ], [ 13.79367, 52.75761 ] ], [ [ 13.79328, 52.75702 ], [ 13.7931, 52.75707 ], [ 13.79292, 52.75702 ], [ 13.79285, 52.75691 ], [ 13.79293, 52.75681 ], [ 13.79311, 52.75676 ], [ 13.7933, 52.75683 ], [ 13.79349, 52.75678 ], [ 13.79366, 52.75682 ], [ 13.79373, 52.75693 ], [ 13.79366, 52.75704 ], [ 13.79348, 52.75708 ], [ 13.79328, 52.75702 ] ] ] } },
{ "type": "Feature", "properties": { "boden": "40 % ziemlich arm, mäßig frisch (Z+2) · 40 % ziemlich arm, mäßig frisch (Z+2) · 20 % ziemlich arm, mäßig frisch (Z2)" }, "geometry": { "type": "Polygon", "coordinates": [ [ [ 13.79335, 52.75692 ], [ 13.7933, 52.75704 ], [ 13.79348, 52.75708 ], [ 13.79366, 52.75704 ], [ 13.79373, 52.75693 ], [ 13.79366, 52.75682 ], [ 13.79349, 52.75678 ], [ 13.79331, 52.75682 ], [ 13.79335, 52.75692 ] ] ] } },
{ "type": "Feature", "properties": { "boden": "40 % ziemlich arm, mäßig frisch (Z+2) · 40 % ziemlich arm, mäßig frisch (Z+2) · 20 % ziemlich arm, mäßig frisch (Z2)" }, "geometry": { "type": "Polygon", "coordinates": [ [ [ 13.79384, 52.75752 ], [ 13.7938, 52.75737 ], [ 13.79362, 52.75732 ], [ 13.79344, 52.75736 ], [ 13.79337, 52.75747 ], [ 13.79344, 52.75758 ], [ 13.79361, 52.75763 ], [ 13.79384, 52.75752 ] ] ] } },
{ "type": "Feature", "properties": { "boden": "60 % mittel, trocken (vermutet) (M+3) · 40 % ziemlich arm, trocken (vermutet) (Z3)" }, "geometry": { "type": "Polygon", "coordinates": [ [ [ 13.79446, 52.76047 ], [ 13.79438, 52.76036 ], [ 13.79426, 52.76031 ], [ 13.79393, 52.76034 ], [ 13.79383, 52.76039 ], [ 13.79391, 52.76054 ], [ 13.79407, 52.76066 ], [ 13.79433, 52.76073 ], [ 13.79466, 52.76065 ], [ 13.79465, 52.76056 ], [ 13.79446, 52.76047 ] ] ] } },
{ "type": "Feature", "properties": { "boden": "60 % mittel, mäßig frisch (M+2) · 40 % ziemlich arm, mäßig frisch (Z2)" }, "geometry": { "type": "Polygon", "coordinates": [ [ [ 13.79465, 52.76056 ], [ 13.79462, 52.76068 ], [ 13.79433, 52.76073 ], [ 13.79419, 52.76071 ], [ 13.79391, 52.76054 ], [ 13.79383, 52.76039 ], [ 13.79393, 52.76034 ], [ 13.79426, 52.76031 ], [ 13.79446, 52.76044 ], [ 13.79447, 52.76024 ], [ 13.79385, 52.76008 ], [ 13.79363, 52.76028 ], [ 13.79292, 52.7601 ], [ 13.79314, 52.7598 ], [ 13.79231, 52.75976 ], [ 13.79168, 52.75995 ], [ 13.79124, 52.76024 ], [ 13.79116, 52.76045 ], [ 13.79121, 52.7606 ], [ 13.79138, 52.76068 ], [ 13.7926, 52.76059 ], [ 13.79298, 52.76063 ], [ 13.79324, 52.76073 ], [ 13.7939, 52.7612 ], [ 13.79393, 52.76136 ], [ 13.79427, 52.76158 ], [ 13.79437, 52.76173 ], [ 13.79431, 52.76194 ], [ 13.79386, 52.76262 ], [ 13.7938, 52.76302 ], [ 13.79393, 52.76343 ], [ 13.79418, 52.76381 ], [ 13.7943, 52.76395 ], [ 13.79467, 52.76419 ], [ 13.79464, 52.76434 ], [ 13.79633, 52.76449 ], [ 13.79621, 52.7637 ], [ 13.79596, 52.76314 ], [ 13.79499, 52.76297 ], [ 13.79496, 52.76274 ], [ 13.795, 52.76215 ], [ 13.79571, 52.76209 ], [ 13.79552, 52.76176 ], [ 13.79498, 52.76162 ], [ 13.79509, 52.76117 ], [ 13.7961, 52.76095 ], [ 13.79452, 52.76049 ], [ 13.79465, 52.76056 ] ], [ [ 13.79471, 52.76246 ], [ 13.79474, 52.76275 ], [ 13.79461, 52.76312 ], [ 13.79442, 52.76317 ], [ 13.79421, 52.76315 ], [ 13.79416, 52.76306 ], [ 13.79424, 52.76296 ], [ 13.79423, 52.76272 ], [ 13.79431, 52.76251 ], [ 13.79448, 52.76241 ], [ 13.79471, 52.76246 ] ] ] } },
{ "type": "Feature", "properties": { "boden": "40 % mittel, mäßig frisch (M2g) · 30 % ziemlich arm, mäßig frisch (Z2g) · 30 % ziemlich arm, mäßig frisch (Z2)" }, "geometry": { "type": "Polygon", "coordinates": [ [ [ 13.79191, 52.76136 ], [ 13.79173, 52.7614 ], [ 13.79165, 52.76151 ], [ 13.79172, 52.76162 ], [ 13.79197, 52.76178 ], [ 13.79238, 52.76194 ], [ 13.7925, 52.76205 ], [ 13.79268, 52.76209 ], [ 13.79286, 52.76205 ], [ 13.79294, 52.76194 ], [ 13.79287, 52.76184 ], [ 13.79239, 52.76163 ], [ 13.79208, 52.76141 ], [ 13.79191, 52.76136 ] ] ] } },
{ "type": "Feature", "properties": { "boden": "100 % mittel, mäßig frisch (M2)" }, "geometry": { "type": "Polygon", "coordinates": [ [ [ 13.78884, 52.76206 ], [ 13.78919, 52.76269 ], [ 13.7897, 52.76338 ], [ 13.78974, 52.76373 ], [ 13.78997, 52.76396 ], [ 13.79006, 52.76384 ], [ 13.79024, 52.7638 ], [ 13.79077, 52.76383 ], [ 13.79107, 52.7638 ], [ 13.79124, 52.76385 ], [ 13.79131, 52.76396 ], [ 13.79124, 52.76407 ], [ 13.79106, 52.76411 ], [ 13.79023, 52.7641 ], [ 13.79007, 52.76406 ], [ 13.79014, 52.76414 ], [ 13.79084, 52.76412 ], [ 13.79128, 52.76434 ], [ 13.79148, 52.76404 ], [ 13.79148, 52.76381 ], [ 13.79138, 52.76352 ], [ 13.79051, 52.76238 ], [ 13.78924, 52.76192 ], [ 13.78884, 52.76206 ] ] ] } },
{ "type": "Feature", "properties": { "boden": "40 % mittel, mäßig frisch (M2g) · 30 % ziemlich arm, mäßig frisch (Z2g) · 30 % ziemlich arm, mäßig frisch (Z2)" }, "geometry": { "type": "Polygon", "coordinates": [ [ [ 13.7936, 52.76698 ], [ 13.79373, 52.76618 ], [ 13.79496, 52.76612 ], [ 13.79477, 52.76447 ], [ 13.7946, 52.76444 ], [ 13.79467, 52.76419 ], [ 13.7943, 52.76395 ], [ 13.79418, 52.76381 ], [ 13.79393, 52.76343 ], [ 13.7938, 52.76302 ], [ 13.79386, 52.76262 ], [ 13.79431, 52.76194 ], [ 13.79437, 52.76173 ], [ 13.79427, 52.76158 ], [ 13.79393, 52.76136 ], [ 13.7939, 52.7612 ], [ 13.79324, 52.76073 ], [ 13.79298, 52.76063 ], [ 13.7926, 52.76059 ], [ 13.79138, 52.76068 ], [ 13.79121, 52.7606 ], [ 13.79116, 52.76045 ], [ 13.79124, 52.76024 ], [ 13.79168, 52.75995 ], [ 13.79231, 52.75976 ], [ 13.79189, 52.75973 ], [ 13.7908, 52.75939 ], [ 13.79002, 52.76038 ], [ 13.78944, 52.76037 ], [ 13.78903, 52.76054 ], [ 13.78923, 52.76071 ], [ 13.7893, 52.76084 ], [ 13.78925, 52.76096 ], [ 13.78907, 52.76107 ], [ 13.78988, 52.76123 ], [ 13.79003, 52.76141 ], [ 13.7905, 52.76145 ], [ 13.79046, 52.76156 ], [ 13.79086, 52.76165 ], [ 13.78924, 52.76192 ], [ 13.79051, 52.76238 ], [ 13.79138, 52.76352 ], [ 13.79148, 52.76381 ], [ 13.79148, 52.76404 ], [ 13.79128, 52.76434 ], [ 13.79138, 52.76439 ], [ 13.79135, 52.76468 ], [ 13.7911, 52.7648 ], [ 13.79119, 52.76533 ], [ 13.79093, 52.7655 ], [ 13.7908, 52.76549 ], [ 13.7911, 52.76598 ], [ 13.79238, 52.76711 ], [ 13.7936, 52.76698 ] ], [ [ 13.79208, 52.76141 ], [ 13.79239, 52.76163 ], [ 13.79257, 52.76168 ], [ 13.79269, 52.76179 ], [ 13.79287, 52.76184 ], [ 13.79294, 52.76194 ], [ 13.79286, 52.76205 ], [ 13.79268, 52.76209 ], [ 13.7925, 52.76205 ], [ 13.79238, 52.76194 ], [ 13.79197, 52.76178 ], [ 13.79172, 52.76162 ], [ 13.79165, 52.76151 ], [ 13.79173, 52.7614 ], [ 13.79191, 52.76136 ], [ 13.79208, 52.76141 ] ] ] } },
{ "type": "Feature", "properties": { "boden": "80 % ziemlich arm, mäßig frisch (Z2) · 20 % ziemlich arm, mäßig frisch (Z2g)" }, "geometry": { "type": "Polygon", "coordinates": [ [ [ 13.78581, 52.76342 ], [ 13.78626, 52.76341 ], [ 13.78644, 52.76337 ], [ 13.78651, 52.76326 ], [ 13.78644, 52.76315 ], [ 13.78627, 52.76311 ], [ 13.78582, 52.76311 ], [ 13.78564, 52.76316 ], [ 13.78556, 52.76326 ], [ 13.78563, 52.76337 ], [ 13.78581, 52.76342 ] ] ] } },
{ "type": "Feature", "properties": { "boden": "100 % mittel, mäßig frisch (M2)" }, "geometry": { "type": "Polygon", "coordinates": [ [ [ 13.79007, 52.76406 ], [ 13.79023, 52.7641 ], [ 13.79106, 52.76411 ], [ 13.79124, 52.76407 ], [ 13.79131, 52.76396 ], [ 13.79124, 52.76385 ], [ 13.79107, 52.7638 ], [ 13.79077, 52.76383 ], [ 13.79024, 52.7638 ], [ 13.79006, 52.76384 ], [ 13.78997, 52.76396 ], [ 13.79007, 52.76406 ] ] ] } },
{ "type": "Feature", "properties": { "boden": "80 % ziemlich arm, mäßig frisch (Z2) · 20 % ziemlich arm, mäßig frisch (Z2g)" }, "geometry": { "type": "Polygon", "coordinates": [ [ [ 13.7872, 52.76389 ], [ 13.78723, 52.76355 ], [ 13.78711, 52.76345 ], [ 13.78693, 52.76349 ], [ 13.78657, 52.76393 ], [ 13.78624, 52.76404 ], [ 13.7861, 52.76426 ], [ 13.78594, 52.76434 ], [ 13.78587, 52.76444 ], [ 13.78594, 52.76455 ], [ 13.78595, 52.76469 ], [ 13.78587, 52.7648 ], [ 13.78595, 52.76491 ], [ 13.78612, 52.76496 ], [ 13.7863, 52.76491 ], [ 13.78638, 52.76481 ], [ 13.78629, 52.76456 ], [ 13.78644, 52.76432 ], [ 13.78659, 52.76426 ], [ 13.78667, 52.76415 ], [ 13.78698, 52.76405 ], [ 13.7872, 52.76389 ] ] ] } },
{ "type": "Feature", "properties": { "boden": "80 % ziemlich arm, mäßig frisch (Z2) · 20 % ziemlich arm, mäßig frisch (Z2g)" }, "geometry": { "type": "Polygon", "coordinates": [ [ [ 13.7892, 52.76437 ], [ 13.78936, 52.76408 ], [ 13.78916, 52.76388 ], [ 13.78872, 52.76382 ], [ 13.78855, 52.76398 ], [ 13.78889, 52.76416 ], [ 13.78896, 52.76427 ], [ 13.78891, 52.76451 ], [ 13.78898, 52.76462 ], [ 13.78916, 52.76467 ], [ 13.78934, 52.76462 ], [ 13.7894, 52.76453 ], [ 13.7892, 52.76437 ] ] ] } },
{ "type": "Feature", "properties": { "boden": "80 % ziemlich arm, trocken (vermutet) (Z3) · 20 % ziemlich arm, mäßig frisch (Z2g)" }, "geometry": { "type": "Polygon", "coordinates": [ [ [ 13.78853, 52.76418 ], [ 13.78845, 52.76423 ], [ 13.78838, 52.7644 ], [ 13.78841, 52.76455 ], [ 13.78857, 52.76468 ], [ 13.78887, 52.76478 ], [ 13.78894, 52.76468 ], [ 13.78885, 52.76456 ], [ 13.78888, 52.76437 ], [ 13.78882, 52.76426 ], [ 13.78853, 52.76418 ] ] ] } },
{ "type": "Feature", "properties": { "boden": "80 % ziemlich arm, mäßig frisch (Z2) · 20 % ziemlich arm, mäßig frisch (Z2g)" }, "geometry": { "type": "Polygon", "coordinates": [ [ [ 13.79022, 52.76501 ], [ 13.78968, 52.76494 ], [ 13.78961, 52.76489 ], [ 13.78943, 52.76493 ], [ 13.78935, 52.76504 ], [ 13.78942, 52.76515 ], [ 13.78975, 52.76527 ], [ 13.78988, 52.76547 ], [ 13.79005, 52.76552 ], [ 13.79023, 52.76547 ], [ 13.79031, 52.76537 ], [ 13.79024, 52.76526 ], [ 13.79032, 52.76516 ], [ 13.79022, 52.76501 ] ] ] } },
{ "type": "Feature", "properties": { "boden": "50 % ziemlich arm, mäßig frisch (Z2) · 30 % ziemlich arm, mäßig frisch (Z2) · 20 % ziemlich arm, mäßig frisch (Z2)" }, "geometry": { "type": "Polygon", "coordinates": [ [ [ 13.78642, 52.76563 ], [ 13.78635, 52.76552 ], [ 13.78617, 52.76547 ], [ 13.78579, 52.76554 ], [ 13.78571, 52.76565 ], [ 13.78578, 52.76576 ], [ 13.78596, 52.76581 ], [ 13.78634, 52.76573 ], [ 13.78642, 52.76563 ] ] ] } },
{ "type": "Feature", "properties": { "boden": "80 % ziemlich arm, mäßig frisch (Z2) · 20 % ziemlich arm, mäßig frisch (Z2g)" }, "geometry": { "type": "Polygon", "coordinates": [ [ [ 13.78816, 52.76568 ], [ 13.78798, 52.76572 ], [ 13.7879, 52.76583 ], [ 13.78797, 52.76594 ], [ 13.78815, 52.76598 ], [ 13.78833, 52.76594 ], [ 13.78841, 52.76583 ], [ 13.78833, 52.76573 ], [ 13.78816, 52.76568 ] ] ] } },
{ "type": "Feature", "properties": { "boden": "50 % ziemlich arm, mäßig frisch (Z2) · 30 % ziemlich arm, mäßig frisch (Z2) · 20 % ziemlich arm, mäßig frisch (Z2)" }, "geometry": { "type": "Polygon", "coordinates": [ [ [ 13.78647, 52.76574 ], [ 13.78596, 52.76581 ], [ 13.78585, 52.76578 ], [ 13.78575, 52.76588 ], [ 13.78594, 52.76594 ], [ 13.78652, 52.76586 ], [ 13.78656, 52.7658 ], [ 13.78647, 52.76574 ] ] ] } },
{ "type": "Feature", "properties": { "boden": "80 % ziemlich arm, mäßig frisch (Z2) · 20 % ziemlich arm, mäßig frisch (Z2g)" }, "geometry": { "type": "Polygon", "coordinates": [ [ [ 13.79216, 52.7676 ], [ 13.79205, 52.7672 ], [ 13.79195, 52.76708 ], [ 13.79159, 52.76729 ], [ 13.79089, 52.76666 ], [ 13.78994, 52.7666 ], [ 13.78993, 52.76654 ], [ 13.78975, 52.76659 ], [ 13.78957, 52.76654 ], [ 13.7895, 52.76643 ], [ 13.78958, 52.76632 ], [ 13.78957, 52.76611 ], [ 13.7895, 52.766 ], [ 13.78957, 52.7659 ], [ 13.78975, 52.76585 ], [ 13.78993, 52.7659 ], [ 13.79, 52.76602 ], [ 13.79032, 52.76566 ], [ 13.79044, 52.76535 ], [ 13.79032, 52.76516 ], [ 13.79024, 52.76526 ], [ 13.79031, 52.76537 ], [ 13.79023, 52.76547 ], [ 13.79005, 52.76552 ], [ 13.78988, 52.76547 ], [ 13.78975, 52.76527 ], [ 13.78942, 52.76515 ], [ 13.78935, 52.76504 ], [ 13.78943, 52.76493 ], [ 13.78966, 52.7649 ], [ 13.78948, 52.76459 ], [ 13.7894, 52.76453 ], [ 13.78934, 52.76462 ], [ 13.78916, 52.76467 ], [ 13.78898, 52.76462 ], [ 13.78891, 52.76451 ], [ 13.78896, 52.76427 ], [ 13.78876, 52.76407 ], [ 13.78855, 52.76398 ], [ 13.7876, 52.76482 ], [ 13.78722, 52.7653 ], [ 13.78717, 52.76524 ], [ 13.78694, 52.76522 ], [ 13.78678, 52.76511 ], [ 13.78647, 52.76472 ], [ 13.78651, 52.76438 ], [ 13.78698, 52.76405 ], [ 13.78667, 52.76415 ], [ 13.78659, 52.76426 ], [ 13.78644, 52.76432 ], [ 13.78629, 52.76456 ], [ 13.78638, 52.76481 ], [ 13.7863, 52.76491 ], [ 13.78612, 52.76496 ], [ 13.78595, 52.76491 ], [ 13.78587, 52.7648 ], [ 13.78595, 52.76469 ], [ 13.78594, 52.76455 ], [ 13.78587, 52.76444 ], [ 13.78594, 52.76434 ], [ 13.7861, 52.76426 ], [ 13.78624, 52.76404 ], [ 13.78657, 52.76393 ], [ 13.78693, 52.76349 ], [ 13.78716, 52.76347 ], [ 13.78705, 52.76333 ], [ 13.78633, 52.7631 ], [ 13.78552, 52.76304 ], [ 13.78507, 52.76294 ], [ 13.78384, 52.76253 ], [ 13.78352, 52.76253 ], [ 13.7832, 52.7622 ], [ 13.78322, 52.76241 ], [ 13.78486, 52.76442 ], [ 13.78676, 52.76578 ], [ 13.78696, 52.76607 ], [ 13.78704, 52.76647 ], [ 13.7875, 52.76653 ], [ 13.78811, 52.76671 ], [ 13.78818, 52.76682 ], [ 13.78811, 52.76693 ], [ 13.78793, 52.76697 ], [ 13.7872, 52.76676 ], [ 13.78687, 52.76673 ], [ 13.78684, 52.76676 ], [ 13.78688, 52.7672 ], [ 13.78718, 52.7684 ], [ 13.7881, 52.76893 ], [ 13.78803, 52.76948 ], [ 13.78853, 52.76969 ], [ 13.78884, 52.76973 ], [ 13.78929, 52.76959 ], [ 13.78946, 52.76945 ], [ 13.78966, 52.76909 ], [ 13.79062, 52.76871 ], [ 13.79137, 52.76856 ], [ 13.7916, 52.76846 ], [ 13.79184, 52.76821 ], [ 13.79216, 52.7676 ] ], [ [ 13.78942, 52.768 ], [ 13.78941, 52.7682 ], [ 13.78924, 52.7684 ], [ 13.7889, 52.76851 ], [ 13.78872, 52.76847 ], [ 13.78867, 52.76837 ], [ 13.78876, 52.76824 ], [ 13.78933, 52.76798 ], [ 13.78942, 52.768 ] ], [ [ 13.78841, 52.76583 ], [ 13.78833, 52.76594 ], [ 13.78815, 52.76598 ], [ 13.78797, 52.76594 ], [ 13.7879, 52.76583 ], [ 13.78798, 52.76572 ], [ 13.78816, 52.76568 ], [ 13.78833, 52.76573 ], [ 13.78841, 52.76583 ] ], [ [ 13.78609, 52.76367 ], [ 13.78613, 52.76386 ], [ 13.786, 52.76395 ], [ 13.78576, 52.76402 ], [ 13.78539, 52.76404 ], [ 13.78515, 52.76391 ], [ 13.78507, 52.76379 ], [ 13.78504, 52.76353 ], [ 13.78524, 52.76347 ], [ 13.78548, 52.76356 ], [ 13.78581, 52.76355 ], [ 13.78609, 52.76367 ] ], [ [ 13.78563, 52.76337 ], [ 13.78556, 52.76326 ], [ 13.78564, 52.76316 ], [ 13.78582, 52.76311 ], [ 13.78627, 52.76311 ], [ 13.78644, 52.76315 ], [ 13.78651, 52.76326 ], [ 13.78644, 52.76337 ], [ 13.78626, 52.76341 ], [ 13.78581, 52.76342 ], [ 13.78563, 52.76337 ] ], [ [ 13.78882, 52.76426 ], [ 13.78888, 52.76437 ], [ 13.78885, 52.76456 ], [ 13.78894, 52.76468 ], [ 13.78887, 52.76478 ], [ 13.78857, 52.76468 ], [ 13.78838, 52.76448 ], [ 13.78845, 52.76423 ], [ 13.78853, 52.76418 ], [ 13.78882, 52.76426 ] ] ] } },
{ "type": "Feature", "properties": { "boden": "80 % ziemlich arm, mäßig frisch (Z2) · 20 % ziemlich arm, mäßig frisch (Z2g)" }, "geometry": { "type": "Polygon", "coordinates": [ [ [ 13.78987, 52.76618 ], [ 13.79, 52.76602 ], [ 13.78993, 52.7659 ], [ 13.78975, 52.76585 ], [ 13.78957, 52.7659 ], [ 13.7895, 52.766 ], [ 13.78958, 52.76632 ], [ 13.7895, 52.76643 ], [ 13.78957, 52.76654 ], [ 13.78975, 52.76659 ], [ 13.78993, 52.76654 ], [ 13.78987, 52.76618 ] ] ] } },
{ "type": "Feature", "properties": { "boden": "80 % ziemlich arm, mäßig frisch (Z2) · 20 % ziemlich arm, mäßig frisch (Z2g)" }, "geometry": { "type": "Polygon", "coordinates": [ [ [ 13.78706, 52.76653 ], [ 13.78687, 52.76673 ], [ 13.7872, 52.76676 ], [ 13.78793, 52.76697 ], [ 13.78811, 52.76693 ], [ 13.78818, 52.76682 ], [ 13.78811, 52.76671 ], [ 13.7875, 52.76653 ], [ 13.78704, 52.76647 ], [ 13.78706, 52.76653 ] ] ] } },
{ "type": "Feature", "properties": { "boden": "80 % ziemlich arm, trocken (vermutet) (Z3) · 20 % ziemlich arm, mäßig frisch (Z2g)" }, "geometry": { "type": "Polygon", "coordinates": [ [ [ 13.78933, 52.76798 ], [ 13.78902, 52.76809 ], [ 13.7887, 52.76831 ], [ 13.78872, 52.76847 ], [ 13.78882, 52.76851 ], [ 13.78906, 52.76848 ], [ 13.78937, 52.76828 ], [ 13.78944, 52.76805 ], [ 13.78933, 52.76798 ] ] ] } },
{ "type": "Feature", "properties": { "boden": "50 % ziemlich arm, mäßig frisch (Z2) · 30 % ziemlich arm, mäßig frisch (Z2) · 20 % ziemlich arm, mäßig frisch (Z2)" }, "geometry": { "type": "Polygon", "coordinates": [ [ [ 13.78712, 52.76815 ], [ 13.78668, 52.76809 ], [ 13.7865, 52.76813 ], [ 13.78643, 52.76824 ], [ 13.7865, 52.76835 ], [ 13.78702, 52.76843 ], [ 13.78718, 52.7684 ], [ 13.78712, 52.76815 ] ] ] } },
{ "type": "Feature", "properties": { "boden": "50 % ziemlich arm, mäßig frisch (Z2) · 30 % ziemlich arm, mäßig frisch (Z2) · 20 % ziemlich arm, mäßig frisch (Z2)" }, "geometry": { "type": "Polygon", "coordinates": [ [ [ 13.78663, 52.76844 ], [ 13.78635, 52.7685 ], [ 13.78632, 52.76862 ], [ 13.78656, 52.76867 ], [ 13.78701, 52.76857 ], [ 13.78687, 52.76847 ], [ 13.78663, 52.76844 ] ] ] } },
{ "type": "Feature", "properties": { "boden": "50 % ziemlich arm, mäßig frisch (Z2) · 30 % ziemlich arm, mäßig frisch (Z2) · 20 % ziemlich arm, mäßig frisch (Z2)" }, "geometry": { "type": "Polygon", "coordinates": [ [ [ 13.78684, 52.76894 ], [ 13.78788, 52.76885 ], [ 13.78792, 52.7688 ], [ 13.78761, 52.76863 ], [ 13.78715, 52.76868 ], [ 13.78698, 52.76864 ], [ 13.78668, 52.76873 ], [ 13.78582, 52.76888 ], [ 13.78575, 52.76899 ], [ 13.78582, 52.7691 ], [ 13.78599, 52.76914 ], [ 13.78684, 52.76894 ] ] ] } },
{ "type": "Feature", "properties": { "boden": "50 % ziemlich arm, trocken (vermutet) (Z3) · 30 % ziemlich arm, trocken (vermutet) (Z3) · 20 % ziemlich arm, trocken (vermutet) (Z3)" }, "geometry": { "type": "Polygon", "coordinates": [ [ [ 13.78776, 52.76883 ], [ 13.78754, 52.76886 ], [ 13.78731, 52.76895 ], [ 13.78719, 52.76912 ], [ 13.78754, 52.76914 ], [ 13.78784, 52.76906 ], [ 13.78803, 52.7689 ], [ 13.78776, 52.76883 ] ] ] } },
{ "type": "Feature", "properties": { "boden": "100 % mittel, mäßig frisch (M2)" }, "geometry": { "type": "Polygon", "coordinates": [ [ [ 13.73424, 52.76177 ], [ 13.73403, 52.76168 ], [ 13.73385, 52.76173 ], [ 13.73357, 52.76167 ], [ 13.73339, 52.76171 ], [ 13.73331, 52.76182 ], [ 13.73338, 52.76193 ], [ 13.73356, 52.76198 ], [ 13.73374, 52.76193 ], [ 13.73401, 52.76198 ], [ 13.73424, 52.76177 ] ] ] } },
{ "type": "Feature", "properties": { "boden": "100 % ziemlich arm, mäßig frisch (Z2)" }, "geometry": { "type": "Polygon", "coordinates": [ [ [ 13.74152, 52.76132 ], [ 13.74126, 52.76104 ], [ 13.74098, 52.761 ], [ 13.73847, 52.76198 ], [ 13.73803, 52.76223 ], [ 13.7375, 52.76242 ], [ 13.73642, 52.76276 ], [ 13.73616, 52.76281 ], [ 13.73566, 52.76284 ], [ 13.73547, 52.76294 ], [ 13.73496, 52.76303 ], [ 13.73502, 52.76377 ], [ 13.73556, 52.76353 ], [ 13.73789, 52.76286 ], [ 13.73944, 52.76275 ], [ 13.73996, 52.76276 ], [ 13.74035, 52.76284 ], [ 13.74055, 52.76291 ], [ 13.74139, 52.76345 ], [ 13.74166, 52.76352 ], [ 13.74199, 52.76351 ], [ 13.74227, 52.76342 ], [ 13.7424, 52.7633 ], [ 13.74231, 52.76302 ], [ 13.74051, 52.76208 ], [ 13.74052, 52.76196 ], [ 13.74143, 52.76147 ], [ 13.74152, 52.76132 ] ] ] } },
{ "type": "Feature", "properties": { "boden": "100 % mittel, mäßig frisch (M2)" }, "geometry": { "type": "Polygon", "coordinates": [ [ [ 13.74588, 52.76518 ], [ 13.74723, 52.76312 ], [ 13.74735, 52.76306 ], [ 13.74718, 52.76287 ], [ 13.74681, 52.76271 ], [ 13.74594, 52.76264 ], [ 13.74539, 52.76269 ], [ 13.74463, 52.76257 ], [ 13.74429, 52.76243 ], [ 13.7441, 52.76222 ], [ 13.74402, 52.76166 ], [ 13.74293, 52.76125 ], [ 13.74187, 52.76166 ], [ 13.74155, 52.76158 ], [ 13.74143, 52.76147 ], [ 13.74052, 52.76196 ], [ 13.74051, 52.76208 ], [ 13.74071, 52.76221 ], [ 13.74231, 52.76302 ], [ 13.7424, 52.7633 ], [ 13.74227, 52.76342 ], [ 13.74199, 52.76351 ], [ 13.74166, 52.76352 ], [ 13.74139, 52.76345 ], [ 13.74055, 52.76291 ], [ 13.74035, 52.76284 ], [ 13.73996, 52.76276 ], [ 13.73944, 52.76275 ], [ 13.73789, 52.76286 ], [ 13.73556, 52.76353 ], [ 13.73502, 52.76377 ], [ 13.73509, 52.76392 ], [ 13.73558, 52.76427 ], [ 13.7356, 52.76459 ], [ 13.73611, 52.76488 ], [ 13.73631, 52.7651 ], [ 13.73666, 52.76503 ], [ 13.73837, 52.76523 ], [ 13.73869, 52.76521 ], [ 13.73895, 52.76512 ], [ 13.74078, 52.76509 ], [ 13.74106, 52.76513 ], [ 13.74168, 52.76538 ], [ 13.74199, 52.76544 ], [ 13.74262, 52.7655 ], [ 13.74386, 52.76549 ], [ 13.74425, 52.76555 ], [ 13.74481, 52.76541 ], [ 13.74563, 52.76534 ], [ 13.74588, 52.76518 ] ], [ [ 13.74006, 52.7648 ], [ 13.74023, 52.76491 ], [ 13.73956, 52.76497 ], [ 13.73933, 52.76497 ], [ 13.73925, 52.76492 ], [ 13.73927, 52.76484 ], [ 13.73941, 52.76478 ], [ 13.74006, 52.7648 ] ], [ [ 13.73667, 52.76333 ], [ 13.73599, 52.76375 ], [ 13.7357, 52.76377 ], [ 13.73561, 52.76372 ], [ 13.73562, 52.76359 ], [ 13.7358, 52.7635 ], [ 13.73635, 52.76333 ], [ 13.73661, 52.76331 ], [ 13.73667, 52.76333 ] ] ] } },
{ "type": "Feature", "properties": { "boden": "100 % mittel, trocken (vermutet) (M3)" }, "geometry": { "type": "Polygon", "coordinates": [ [ [ 13.73667, 52.76333 ], [ 13.73635, 52.76333 ], [ 13.7358, 52.7635 ], [ 13.73562, 52.76359 ], [ 13.73561, 52.76372 ], [ 13.73587, 52.76378 ], [ 13.73614, 52.76369 ], [ 13.73664, 52.76339 ], [ 13.73667, 52.76333 ] ] ] } },
{ "type": "Feature", "properties": { "boden": "100 % mittel, mäßig frisch (M2)" }, "geometry": { "type": "Polygon", "coordinates": [ [ [ 13.73964, 52.76476 ], [ 13.73934, 52.76479 ], [ 13.73925, 52.76492 ], [ 13.73933, 52.76497 ], [ 13.73956, 52.76497 ], [ 13.74023, 52.76491 ], [ 13.74006, 52.7648 ], [ 13.73964, 52.76476 ] ] ] } },
{ "type": "Feature", "properties": { "boden": "100 % ziemlich arm, mäßig frisch (Z2)" }, "geometry": { "type": "Polygon", "coordinates": [ [ [ 13.73597, 52.76493 ], [ 13.73592, 52.76478 ], [ 13.73574, 52.76474 ], [ 13.73526, 52.7648 ], [ 13.73518, 52.7649 ], [ 13.73525, 52.76501 ], [ 13.73538, 52.76505 ], [ 13.73548, 52.76496 ], [ 13.73597, 52.76493 ] ] ] } },
{ "type": "Feature", "properties": { "boden": "100 % ziemlich arm, nass (OZ2)" }, "geometry": { "type": "Polygon", "coordinates": [ [ [ 13.73613, 52.76523 ], [ 13.73626, 52.76507 ], [ 13.73597, 52.76493 ], [ 13.73548, 52.76496 ], [ 13.73538, 52.76505 ], [ 13.73548, 52.7651 ], [ 13.73555, 52.76528 ], [ 13.73573, 52.76533 ], [ 13.73613, 52.76523 ] ] ] } },
{ "type": "Feature", "properties": { "boden": "100 % ziemlich arm, nass (OZ2)" }, "geometry": { "type": "Polygon", "coordinates": [ [ [ 13.73657, 52.76523 ], [ 13.73626, 52.76507 ], [ 13.73613, 52.76523 ], [ 13.73595, 52.76528 ], [ 13.73602, 52.76538 ], [ 13.73619, 52.76543 ], [ 13.73635, 52.76539 ], [ 13.7365, 52.76543 ], [ 13.73657, 52.76523 ] ] ] } },
{ "type": "Feature", "properties": { "boden": "100 % ziemlich arm, nass (OZ2)" }, "geometry": { "type": "Polygon", "coordinates": [ [ [ 13.73635, 52.76539 ], [ 13.73619, 52.76543 ], [ 13.73602, 52.76538 ], [ 13.73595, 52.76528 ], [ 13.73573, 52.76533 ], [ 13.73555, 52.76528 ], [ 13.73548, 52.7651 ], [ 13.73538, 52.76505 ], [ 13.73516, 52.76525 ], [ 13.73625, 52.7656 ], [ 13.73648, 52.76546 ], [ 13.7365, 52.76543 ], [ 13.73635, 52.76539 ] ] ] } },
{ "type": "Feature", "properties": { "boden": "100 % ziemlich arm, mäßig frisch (Z2)" }, "geometry": { "type": "Polygon", "coordinates": [ [ [ 13.73657, 52.76523 ], [ 13.73648, 52.76546 ], [ 13.73625, 52.7656 ], [ 13.73516, 52.76525 ], [ 13.73538, 52.76505 ], [ 13.73525, 52.76501 ], [ 13.73518, 52.7649 ], [ 13.73526, 52.7648 ], [ 13.73544, 52.76475 ], [ 13.73556, 52.76479 ], [ 13.73574, 52.76474 ], [ 13.73592, 52.76478 ], [ 13.73597, 52.76493 ], [ 13.73631, 52.7651 ], [ 13.73611, 52.76488 ], [ 13.7356, 52.76459 ], [ 13.73512, 52.76465 ], [ 13.73478, 52.76478 ], [ 13.73461, 52.76496 ], [ 13.73455, 52.7652 ], [ 13.73467, 52.76534 ], [ 13.73521, 52.76554 ], [ 13.73538, 52.76575 ], [ 13.73563, 52.76588 ], [ 13.73616, 52.76599 ], [ 13.73735, 52.76653 ], [ 13.73803, 52.76641 ], [ 13.73831, 52.76605 ], [ 13.73657, 52.76523 ] ], [ [ 13.73814, 52.7661 ], [ 13.73806, 52.7662 ], [ 13.73788, 52.76625 ], [ 13.7377, 52.7662 ], [ 13.73763, 52.76609 ], [ 13.73771, 52.76598 ], [ 13.73789, 52.76594 ], [ 13.73807, 52.76599 ], [ 13.73814, 52.7661 ] ] ] } },
{ "type": "Feature", "properties": { "boden": "50 % mittel, mäßig frisch (M2) · 50 % mittel, mäßig frisch (M+2)" }, "geometry": { "type": "Polygon", "coordinates": [ [ [ 13.72486, 52.76326 ], [ 13.72469, 52.7633 ], [ 13.72461, 52.76341 ], [ 13.72468, 52.76352 ], [ 13.72486, 52.76356 ], [ 13.72504, 52.76352 ], [ 13.72511, 52.76341 ], [ 13.72504, 52.76331 ], [ 13.72486, 52.76326 ] ] ] } },
{ "type": "Feature", "properties": { "boden": "100 % mittel, mäßig frisch (M2)" }, "geometry": { "type": "Polygon", "coordinates": [ [ [ 13.72848, 52.76373 ], [ 13.72887, 52.76375 ], [ 13.72894, 52.76366 ], [ 13.72886, 52.76355 ], [ 13.72869, 52.76351 ], [ 13.72851, 52.76355 ], [ 13.72843, 52.76366 ], [ 13.72848, 52.76373 ] ] ] } },
{ "type": "Feature", "properties": { "boden": "50 % ziemlich arm, mäßig frisch (Z2g) · 50 % ziemlich arm, mäßig frisch (Z2)" }, "geometry": { "type": "Polygon", "coordinates": [ [ [ 13.73616, 52.76599 ], [ 13.73563, 52.76588 ], [ 13.73538, 52.76575 ], [ 13.73521, 52.76554 ], [ 13.73467, 52.76534 ], [ 13.73455, 52.7652 ], [ 13.73461, 52.76496 ], [ 13.73478, 52.76478 ], [ 13.73512, 52.76465 ], [ 13.7356, 52.76459 ], [ 13.73558, 52.76427 ], [ 13.73509, 52.76392 ], [ 13.73502, 52.76377 ], [ 13.73496, 52.76303 ], [ 13.73412, 52.76263 ], [ 13.73417, 52.76294 ], [ 13.73406, 52.76301 ], [ 13.73426, 52.76305 ], [ 13.73433, 52.76316 ], [ 13.73426, 52.76327 ], [ 13.73332, 52.76341 ], [ 13.73314, 52.76336 ], [ 13.73304, 52.7632 ], [ 13.73272, 52.76312 ], [ 13.73265, 52.76301 ], [ 13.73275, 52.76282 ], [ 13.7326, 52.7627 ], [ 13.73251, 52.76253 ], [ 13.73242, 52.76247 ], [ 13.73229, 52.7625 ], [ 13.73212, 52.76245 ], [ 13.73205, 52.76235 ], [ 13.73184, 52.76232 ], [ 13.73166, 52.76236 ], [ 13.73125, 52.76224 ], [ 13.73118, 52.76213 ], [ 13.73122, 52.76192 ], [ 13.731, 52.7618 ], [ 13.73058, 52.76174 ], [ 13.73048, 52.76161 ], [ 13.73035, 52.76158 ], [ 13.73028, 52.76147 ], [ 13.73035, 52.76136 ], [ 13.73044, 52.76134 ], [ 13.72993, 52.76113 ], [ 13.72989, 52.76119 ], [ 13.72971, 52.76124 ], [ 13.72906, 52.76106 ], [ 13.72902, 52.7609 ], [ 13.72843, 52.76052 ], [ 13.72819, 52.76048 ], [ 13.72799, 52.76052 ], [ 13.72775, 52.76065 ], [ 13.72756, 52.76093 ], [ 13.72771, 52.76103 ], [ 13.72844, 52.76123 ], [ 13.72911, 52.76151 ], [ 13.72944, 52.7616 ], [ 13.72951, 52.76157 ], [ 13.7298, 52.76168 ], [ 13.72998, 52.76177 ], [ 13.7301, 52.76191 ], [ 13.73062, 52.76213 ], [ 13.73092, 52.7622 ], [ 13.7312, 52.7625 ], [ 13.73203, 52.76283 ], [ 13.73229, 52.76303 ], [ 13.73248, 52.76331 ], [ 13.73243, 52.76368 ], [ 13.7326, 52.76374 ], [ 13.73279, 52.7639 ], [ 13.73276, 52.76405 ], [ 13.73243, 52.76427 ], [ 13.7324, 52.76457 ], [ 13.73298, 52.76496 ], [ 13.73308, 52.76511 ], [ 13.73387, 52.76531 ], [ 13.73402, 52.76552 ], [ 13.73394, 52.7657 ], [ 13.73366, 52.76583 ], [ 13.73385, 52.76597 ], [ 13.73447, 52.76617 ], [ 13.73617, 52.76692 ], [ 13.73756, 52.76737 ], [ 13.73779, 52.76706 ], [ 13.73777, 52.76698 ], [ 13.73743, 52.7667 ], [ 13.73735, 52.76653 ], [ 13.73616, 52.76599 ] ] ] } },
{ "type": "Feature", "properties": { "boden": "50 % mittel, mäßig frisch (M2) · 50 % mittel, mäßig frisch (M+2)" }, "geometry": { "type": "Polygon", "coordinates": [ [ [ 13.72776, 52.76391 ], [ 13.72758, 52.76396 ], [ 13.72751, 52.76406 ], [ 13.72758, 52.76417 ], [ 13.72817, 52.76437 ], [ 13.72835, 52.76433 ], [ 13.72843, 52.76422 ], [ 13.72836, 52.76411 ], [ 13.72776, 52.76391 ] ] ] } },
{ "type": "Feature", "properties": { "boden": "100 % kräftig, mäßig frisch (K2)" }, "geometry": { "type": "Polygon", "coordinates": [ [ [ 13.72673, 52.76405 ], [ 13.72648, 52.76409 ], [ 13.72627, 52.76428 ], [ 13.72609, 52.76468 ], [ 13.72616, 52.76492 ], [ 13.72631, 52.76497 ], [ 13.72662, 52.76491 ], [ 13.72712, 52.76437 ], [ 13.72714, 52.76423 ], [ 13.72699, 52.7641 ], [ 13.72673, 52.76405 ] ] ] } },
{ "type": "Feature", "properties": { "boden": "40 % mittel, mäßig frisch (M2) · 30 % mittel, mäßig frisch (M+2) · 30 % mittel, mäßig frisch (M+2)" }, "geometry": { "type": "Polygon", "coordinates": [ [ [ 13.73394, 52.7657 ], [ 13.73402, 52.76552 ], [ 13.73387, 52.76531 ], [ 13.73308, 52.76511 ], [ 13.73298, 52.76496 ], [ 13.7324, 52.76457 ], [ 13.73243, 52.76427 ], [ 13.73276, 52.76405 ], [ 13.73279, 52.7639 ], [ 13.7326, 52.76374 ], [ 13.73062, 52.76301 ], [ 13.7305, 52.7638 ], [ 13.73029, 52.76387 ], [ 13.72979, 52.76387 ], [ 13.72997, 52.76398 ], [ 13.7299, 52.76424 ], [ 13.73047, 52.76429 ], [ 13.7309, 52.7644 ], [ 13.73115, 52.76454 ], [ 13.73134, 52.76478 ], [ 13.73147, 52.76498 ], [ 13.7316, 52.76576 ], [ 13.7316, 52.76597 ], [ 13.73144, 52.7663 ], [ 13.73159, 52.76615 ], [ 13.73197, 52.76593 ], [ 13.73241, 52.76576 ], [ 13.73332, 52.76585 ], [ 13.73366, 52.76583 ], [ 13.73394, 52.7657 ] ] ] } },
{ "type": "Feature", "properties": { "boden": "100 % kräftig, mäßig frisch (K2)" }, "geometry": { "type": "Polygon", "coordinates": [ [ [ 13.72235, 52.76455 ], [ 13.72217, 52.76459 ], [ 13.72209, 52.7647 ], [ 13.72216, 52.76481 ], [ 13.72234, 52.76485 ], [ 13.72252, 52.76481 ], [ 13.7226, 52.7647 ], [ 13.72253, 52.76459 ], [ 13.72235, 52.76455 ] ] ] } },
{ "type": "Feature", "properties": { "boden": "50 % mittel, mäßig frisch (M2) · 50 % mittel, mäßig frisch (M+2)" }, "geometry": { "type": "Polygon", "coordinates": [ [ [ 13.72582, 52.76298 ], [ 13.72501, 52.763 ], [ 13.72341, 52.76327 ], [ 13.7231, 52.76322 ], [ 13.72259, 52.76304 ], [ 13.72222, 52.763 ], [ 13.72101, 52.76332 ], [ 13.7212, 52.76418 ], [ 13.72211, 52.76427 ], [ 13.7224, 52.76444 ], [ 13.72278, 52.76484 ], [ 13.72399, 52.76465 ], [ 13.72415, 52.76472 ], [ 13.72437, 52.76489 ], [ 13.72456, 52.76523 ], [ 13.72459, 52.7657 ], [ 13.72474, 52.76635 ], [ 13.72554, 52.76652 ], [ 13.72539, 52.76547 ], [ 13.7258, 52.76384 ], [ 13.72582, 52.76298 ] ], [ [ 13.72511, 52.76341 ], [ 13.72504, 52.76352 ], [ 13.72486, 52.76356 ], [ 13.72468, 52.76352 ], [ 13.72461, 52.76341 ], [ 13.72469, 52.7633 ], [ 13.72486, 52.76326 ], [ 13.72504, 52.76331 ], [ 13.72511, 52.76341 ] ] ] } },
{ "type": "Feature", "properties": { "boden": "100 % kräftig, mäßig frisch (K2)" }, "geometry": { "type": "Polygon", "coordinates": [ [ [ 13.7316, 52.76597 ], [ 13.73147, 52.76498 ], [ 13.73115, 52.76454 ], [ 13.7309, 52.7644 ], [ 13.73047, 52.76429 ], [ 13.7299, 52.76424 ], [ 13.72986, 52.76436 ], [ 13.72997, 52.76551 ], [ 13.73026, 52.76598 ], [ 13.73073, 52.76632 ], [ 13.73144, 52.7663 ], [ 13.7316, 52.76597 ] ] ] } },
{ "type": "Feature", "properties": { "boden": "50 % mittel, mäßig frisch (M2) · 50 % mittel, mäßig frisch (M+2)" }, "geometry": { "type": "Polygon", "coordinates": [ [ [ 13.7259, 52.76513 ], [ 13.72572, 52.76517 ], [ 13.72564, 52.76527 ], [ 13.72572, 52.76538 ], [ 13.72589, 52.76543 ], [ 13.72607, 52.76539 ], [ 13.72615, 52.76528 ], [ 13.72608, 52.76517 ], [ 13.7259, 52.76513 ] ] ] } },
{ "type": "Feature", "properties": { "boden": "100 % ziemlich arm, mäßig frisch (Z2)" }, "geometry": { "type": "Polygon", "coordinates": [ [ [ 13.74735, 52.76306 ], [ 13.74723, 52.76312 ], [ 13.74588, 52.76518 ], [ 13.74563, 52.76534 ], [ 13.74604, 52.76606 ], [ 13.74644, 52.76583 ], [ 13.74706, 52.76518 ], [ 13.74783, 52.76453 ], [ 13.74826, 52.76425 ], [ 13.74877, 52.76406 ], [ 13.74735, 52.76306 ] ] ] } },
{ "type": "Feature", "properties": { "boden": "100 % mittel, mäßig frisch (M2)" }, "geometry": { "type": "Polygon", "coordinates": [ [ [ 13.74931, 52.76471 ], [ 13.74923, 52.7646 ], [ 13.74906, 52.76455 ], [ 13.74877, 52.76461 ], [ 13.74849, 52.76456 ], [ 13.74831, 52.76461 ], [ 13.74823, 52.76471 ], [ 13.7483, 52.76482 ], [ 13.74848, 52.76487 ], [ 13.74887, 52.76481 ], [ 13.74873, 52.76512 ], [ 13.7488, 52.76522 ], [ 13.74897, 52.76527 ], [ 13.74915, 52.76523 ], [ 13.74923, 52.76512 ], [ 13.74916, 52.76501 ], [ 13.74931, 52.76471 ] ] ] } },
{ "type": "Feature", "properties": { "boden": "100 % mittel, mäßig frisch (M2)" }, "geometry": { "type": "Polygon", "coordinates": [ [ [ 13.74806, 52.76496 ], [ 13.74788, 52.765 ], [ 13.7478, 52.76511 ], [ 13.74787, 52.76522 ], [ 13.74805, 52.76526 ], [ 13.74823, 52.76522 ], [ 13.74831, 52.76511 ], [ 13.74824, 52.76501 ], [ 13.74806, 52.76496 ] ] ] } },
{ "type": "Feature", "properties": { "boden": "100 % mittel, mäßig frisch (M2)" }, "geometry": { "type": "Polygon", "coordinates": [ [ [ 13.75071, 52.76569 ], [ 13.75053, 52.76574 ], [ 13.75045, 52.76584 ], [ 13.75052, 52.76595 ], [ 13.7507, 52.766 ], [ 13.75088, 52.76596 ], [ 13.75095, 52.76585 ], [ 13.75088, 52.76574 ], [ 13.75071, 52.76569 ] ] ] } },
{ "type": "Feature", "properties": { "boden": "80 % ziemlich arm, trocken (vermutet) (Z3) · 20 % ziemlich arm, trocken (vermutet) (Z3)" }, "geometry": { "type": "Polygon", "coordinates": [ [ [ 13.74497, 52.76584 ], [ 13.74435, 52.76598 ], [ 13.74403, 52.76617 ], [ 13.74392, 52.76646 ], [ 13.74368, 52.76646 ], [ 13.74336, 52.76662 ], [ 13.74318, 52.7668 ], [ 13.74319, 52.76689 ], [ 13.74338, 52.76703 ], [ 13.7435, 52.76706 ], [ 13.74382, 52.76687 ], [ 13.74497, 52.76584 ] ] ] } },
{ "type": "Feature", "properties": { "boden": "70 % ziemlich arm, trocken (vermutet) (Z3) · 30 % ziemlich arm, trocken (vermutet) (Z3)" }, "geometry": { "type": "Polygon", "coordinates": [ [ [ 13.74497, 52.76584 ], [ 13.74382, 52.76687 ], [ 13.7435, 52.76706 ], [ 13.74374, 52.76706 ], [ 13.74392, 52.76699 ], [ 13.74457, 52.76642 ], [ 13.74483, 52.76637 ], [ 13.74496, 52.76629 ], [ 13.74521, 52.76591 ], [ 13.7451, 52.76584 ], [ 13.74497, 52.76584 ] ] ] } },
{ "type": "Feature", "properties": { "boden": "100 % mittel, mäßig frisch (M2)" }, "geometry": { "type": "Polygon", "coordinates": [ [ [ 13.75724, 52.76697 ], [ 13.75705, 52.76614 ], [ 13.75618, 52.76624 ], [ 13.75408, 52.76627 ], [ 13.75185, 52.76663 ], [ 13.75153, 52.76645 ], [ 13.7509, 52.76712 ], [ 13.75195, 52.76595 ], [ 13.7505, 52.76538 ], [ 13.7504, 52.76522 ], [ 13.74939, 52.7648 ], [ 13.74857, 52.76659 ], [ 13.74863, 52.76689 ], [ 13.74891, 52.76726 ], [ 13.74933, 52.76756 ], [ 13.74983, 52.76768 ], [ 13.75043, 52.76772 ], [ 13.75074, 52.76779 ], [ 13.75188, 52.7675 ], [ 13.75227, 52.76756 ], [ 13.75258, 52.76807 ], [ 13.75285, 52.76822 ], [ 13.75324, 52.76832 ], [ 13.75375, 52.76825 ], [ 13.75537, 52.76775 ], [ 13.75606, 52.7677 ], [ 13.75686, 52.76771 ], [ 13.75724, 52.76697 ] ], [ [ 13.75336, 52.76754 ], [ 13.75328, 52.76765 ], [ 13.7531, 52.76769 ], [ 13.75293, 52.76765 ], [ 13.75286, 52.76754 ], [ 13.75293, 52.76743 ], [ 13.75311, 52.76739 ], [ 13.75329, 52.76743 ], [ 13.75336, 52.76754 ] ], [ [ 13.75095, 52.76585 ], [ 13.75088, 52.76596 ], [ 13.7507, 52.766 ], [ 13.75052, 52.76595 ], [ 13.75045, 52.76584 ], [ 13.75053, 52.76574 ], [ 13.75071, 52.76569 ], [ 13.75088, 52.76574 ], [ 13.75095, 52.76585 ] ] ] } },
{ "type": "Feature", "properties": { "boden": "70 % ziemlich arm, mäßig frisch (Z2) · 30 % ziemlich arm, mäßig frisch (Z2)" }, "geometry": { "type": "Polygon", "coordinates": [ [ [ 13.74514, 52.76643 ], [ 13.74408, 52.76695 ], [ 13.74401, 52.76705 ], [ 13.74405, 52.76716 ], [ 13.74423, 52.76702 ], [ 13.74486, 52.76686 ], [ 13.74521, 52.76669 ], [ 13.74531, 52.76651 ], [ 13.74514, 52.76643 ] ] ] } },
{ "type": "Feature", "properties": { "boden": "100 % mittel, mäßig frisch (M2)" }, "geometry": { "type": "Polygon", "coordinates": [ [ [ 13.75102, 52.76807 ], [ 13.75074, 52.76779 ], [ 13.75043, 52.76772 ], [ 13.74983, 52.76768 ], [ 13.74933, 52.76756 ], [ 13.74891, 52.76726 ], [ 13.74863, 52.76689 ], [ 13.74857, 52.76659 ], [ 13.74946, 52.76466 ], [ 13.74939, 52.7645 ], [ 13.74877, 52.76406 ], [ 13.74826, 52.76425 ], [ 13.74783, 52.76453 ], [ 13.74706, 52.76518 ], [ 13.74644, 52.76583 ], [ 13.74585, 52.76617 ], [ 13.74489, 52.76707 ], [ 13.74475, 52.76738 ], [ 13.74473, 52.76775 ], [ 13.74495, 52.76863 ], [ 13.7449, 52.76876 ], [ 13.7446, 52.76899 ], [ 13.74502, 52.76917 ], [ 13.74554, 52.76928 ], [ 13.74618, 52.76925 ], [ 13.74673, 52.76937 ], [ 13.7482, 52.76982 ], [ 13.74892, 52.76993 ], [ 13.74934, 52.76927 ], [ 13.74995, 52.76867 ], [ 13.75041, 52.7683 ], [ 13.75102, 52.76807 ] ], [ [ 13.74685, 52.76855 ], [ 13.74677, 52.76866 ], [ 13.74659, 52.7687 ], [ 13.74642, 52.76866 ], [ 13.74635, 52.76855 ], [ 13.74642, 52.76844 ], [ 13.7466, 52.7684 ], [ 13.74678, 52.76844 ], [ 13.74685, 52.76855 ] ], [ [ 13.74578, 52.76872 ], [ 13.74571, 52.76882 ], [ 13.74553, 52.76887 ], [ 13.74535, 52.76882 ], [ 13.74528, 52.76871 ], [ 13.74566, 52.76859 ], [ 13.74578, 52.76872 ] ], [ [ 13.74933, 52.76895 ], [ 13.74941, 52.76914 ], [ 13.74934, 52.76925 ], [ 13.74916, 52.76929 ], [ 13.74898, 52.76924 ], [ 13.74891, 52.76913 ], [ 13.74899, 52.76903 ], [ 13.74899, 52.76887 ], [ 13.74881, 52.76881 ], [ 13.74867, 52.76879 ], [ 13.74849, 52.76883 ], [ 13.74831, 52.76879 ], [ 13.74824, 52.76868 ], [ 13.74832, 52.76857 ], [ 13.7485, 52.76853 ], [ 13.7489, 52.76862 ], [ 13.74917, 52.76861 ], [ 13.74935, 52.76866 ], [ 13.74942, 52.76876 ], [ 13.74933, 52.76895 ] ], [ [ 13.74857, 52.76958 ], [ 13.74849, 52.76968 ], [ 13.74831, 52.76973 ], [ 13.74814, 52.76968 ], [ 13.74807, 52.76957 ], [ 13.74814, 52.76946 ], [ 13.74832, 52.76942 ], [ 13.7485, 52.76947 ], [ 13.74857, 52.76958 ] ], [ [ 13.74576, 52.76786 ], [ 13.74569, 52.76796 ], [ 13.74551, 52.76801 ], [ 13.74533, 52.76796 ], [ 13.74526, 52.76785 ], [ 13.74534, 52.76774 ], [ 13.74552, 52.7677 ], [ 13.74569, 52.76775 ], [ 13.74576, 52.76786 ] ], [ [ 13.74687, 52.76778 ], [ 13.7468, 52.76788 ], [ 13.74662, 52.76793 ], [ 13.74644, 52.76788 ], [ 13.74637, 52.76777 ], [ 13.74645, 52.76766 ], [ 13.74663, 52.76762 ], [ 13.7468, 52.76767 ], [ 13.74687, 52.76778 ] ], [ [ 13.74831, 52.76511 ], [ 13.74823, 52.76522 ], [ 13.74805, 52.76526 ], [ 13.74787, 52.76522 ], [ 13.7478, 52.76511 ], [ 13.74788, 52.765 ], [ 13.74806, 52.76496 ], [ 13.74824, 52.76501 ], [ 13.74831, 52.76511 ] ], [ [ 13.74916, 52.76501 ], [ 13.74923, 52.76512 ], [ 13.74915, 52.76523 ], [ 13.74897, 52.76527 ], [ 13.7488, 52.76522 ], [ 13.74873, 52.76512 ], [ 13.74887, 52.76481 ], [ 13.74848, 52.76487 ], [ 13.7483, 52.76482 ], [ 13.74823, 52.76471 ], [ 13.74831, 52.76461 ], [ 13.74849, 52.76456 ], [ 13.74877, 52.76461 ], [ 13.74906, 52.76455 ], [ 13.74923, 52.7646 ], [ 13.74931, 52.76471 ], [ 13.74916, 52.76501 ] ] ] } },
{ "type": "Feature", "properties": { "boden": "100 % mittel, mäßig frisch (M2)" }, "geometry": { "type": "Polygon", "coordinates": [ [ [ 13.75311, 52.76739 ], [ 13.75293, 52.76743 ], [ 13.75286, 52.76754 ], [ 13.75293, 52.76765 ], [ 13.7531, 52.76769 ], [ 13.75328, 52.76765 ], [ 13.75336, 52.76754 ], [ 13.75329, 52.76743 ], [ 13.75311, 52.76739 ] ] ] } },
{ "type": "Feature", "properties": { "boden": "100 % ziemlich arm, mäßig frisch (Z2)" }, "geometry": { "type": "Polygon", "coordinates": [ [ [ 13.73789, 52.76594 ], [ 13.73771, 52.76598 ], [ 13.73763, 52.76609 ], [ 13.7377, 52.7662 ], [ 13.73788, 52.76625 ], [ 13.73806, 52.7662 ], [ 13.73814, 52.7661 ], [ 13.73807, 52.76599 ], [ 13.73789, 52.76594 ] ] ] } },
{ "type": "Feature", "properties": { "boden": "70 % ziemlich arm, mäßig frisch (Z2) · 30 % ziemlich arm, mäßig frisch (Z2g)" }, "geometry": { "type": "Polygon", "coordinates": [ [ [ 13.74386, 52.76549 ], [ 13.74262, 52.7655 ], [ 13.74199, 52.76544 ], [ 13.74168, 52.76538 ], [ 13.74106, 52.76513 ], [ 13.74078, 52.76509 ], [ 13.73895, 52.76512 ], [ 13.73869, 52.76521 ], [ 13.73837, 52.76523 ], [ 13.73666, 52.76503 ], [ 13.73631, 52.7651 ], [ 13.73831, 52.76605 ], [ 13.73846, 52.76598 ], [ 13.73922, 52.7658 ], [ 13.74057, 52.76602 ], [ 13.74083, 52.76616 ], [ 13.74101, 52.7664 ], [ 13.74102, 52.76664 ], [ 13.74092, 52.76687 ], [ 13.74055, 52.76724 ], [ 13.74094, 52.76726 ], [ 13.74211, 52.76715 ], [ 13.74296, 52.76667 ], [ 13.74319, 52.76645 ], [ 13.74355, 52.76639 ], [ 13.74373, 52.76624 ], [ 13.74378, 52.76588 ], [ 13.74425, 52.76555 ], [ 13.74386, 52.76549 ] ] ] } },
{ "type": "Feature", "properties": { "boden": "80 % ziemlich arm, mäßig frisch (Z2) · 20 % ziemlich arm, mäßig frisch (Z2)" }, "geometry": { "type": "Polygon", "coordinates": [ [ [ 13.7435, 52.76706 ], [ 13.74319, 52.76689 ], [ 13.74318, 52.7668 ], [ 13.74336, 52.76662 ], [ 13.74368, 52.76646 ], [ 13.74392, 52.76646 ], [ 13.74398, 52.76624 ], [ 13.74411, 52.7661 ], [ 13.74462, 52.76589 ], [ 13.74497, 52.76584 ], [ 13.74563, 52.76534 ], [ 13.74481, 52.76541 ], [ 13.74425, 52.76555 ], [ 13.74378, 52.76588 ], [ 13.74373, 52.76624 ], [ 13.74355, 52.76639 ], [ 13.74319, 52.76645 ], [ 13.74296, 52.76667 ], [ 13.74211, 52.76715 ], [ 13.74094, 52.76726 ], [ 13.74267, 52.76816 ], [ 13.74276, 52.76744 ], [ 13.74307, 52.76721 ], [ 13.7435, 52.76706 ] ] ] } },
{ "type": "Feature", "properties": { "boden": "60 % ziemlich arm, mäßig frisch (Z2) · 40 % ziemlich arm, mäßig frisch (Z2)" }, "geometry": { "type": "Polygon", "coordinates": [ [ [ 13.73577, 52.76675 ], [ 13.73562, 52.76678 ], [ 13.73555, 52.76689 ], [ 13.73562, 52.767 ], [ 13.73579, 52.76704 ], [ 13.73597, 52.767 ], [ 13.73605, 52.76689 ], [ 13.73577, 52.76675 ] ] ] } },
{ "type": "Feature", "properties": { "boden": "50 % mittel, mäßig frisch (M2) · 50 % ziemlich arm, mäßig frisch (Z2)" }, "geometry": { "type": "Polygon", "coordinates": [ [ [ 13.74043, 52.76738 ], [ 13.74092, 52.76687 ], [ 13.74102, 52.76664 ], [ 13.74101, 52.7664 ], [ 13.74083, 52.76616 ], [ 13.74057, 52.76602 ], [ 13.74008, 52.76591 ], [ 13.73922, 52.7658 ], [ 13.73846, 52.76598 ], [ 13.73831, 52.76605 ], [ 13.73803, 52.76641 ], [ 13.73735, 52.76653 ], [ 13.73743, 52.7667 ], [ 13.73777, 52.76698 ], [ 13.73779, 52.76706 ], [ 13.73756, 52.76737 ], [ 13.73808, 52.76739 ], [ 13.73834, 52.76746 ], [ 13.74044, 52.76812 ], [ 13.74038, 52.76787 ], [ 13.74039, 52.76755 ], [ 13.74043, 52.76738 ] ] ] } },
{ "type": "Feature", "properties": { "boden": "70 % ziemlich arm, mäßig frisch (Z2) · 30 % ziemlich arm, mäßig frisch (Z2)" }, "geometry": { "type": "Polygon", "coordinates": [ [ [ 13.74309, 52.76732 ], [ 13.74292, 52.7674 ], [ 13.74295, 52.76768 ], [ 13.74309, 52.7678 ], [ 13.74338, 52.76783 ], [ 13.74368, 52.76769 ], [ 13.74373, 52.76749 ], [ 13.74348, 52.76735 ], [ 13.74309, 52.76732 ] ] ] } },
{ "type": "Feature", "properties": { "boden": "100 % ziemlich arm, mäßig frisch (Z2)" }, "geometry": { "type": "Polygon", "coordinates": [ [ [ 13.74094, 52.76726 ], [ 13.74055, 52.76724 ], [ 13.74043, 52.76738 ], [ 13.74038, 52.76787 ], [ 13.74044, 52.76812 ], [ 13.74058, 52.76825 ], [ 13.74077, 52.76834 ], [ 13.74109, 52.76838 ], [ 13.74169, 52.7684 ], [ 13.74252, 52.76862 ], [ 13.74267, 52.76816 ], [ 13.74094, 52.76726 ] ] ] } },
{ "type": "Feature", "properties": { "boden": "60 % ziemlich arm, mäßig frisch (Z2) · 40 % ziemlich arm, mäßig frisch (Z2)" }, "geometry": { "type": "Polygon", "coordinates": [ [ [ 13.73972, 52.76947 ], [ 13.73937, 52.76929 ], [ 13.73931, 52.76917 ], [ 13.73938, 52.76904 ], [ 13.73976, 52.76902 ], [ 13.73988, 52.76896 ], [ 13.74041, 52.76907 ], [ 13.74053, 52.76904 ], [ 13.7409, 52.7687 ], [ 13.74106, 52.76872 ], [ 13.74131, 52.76868 ], [ 13.74192, 52.76878 ], [ 13.74224, 52.76893 ], [ 13.74238, 52.76906 ], [ 13.74252, 52.76862 ], [ 13.74169, 52.7684 ], [ 13.74077, 52.76834 ], [ 13.74058, 52.76825 ], [ 13.74044, 52.76812 ], [ 13.73997, 52.76794 ], [ 13.73808, 52.76739 ], [ 13.73756, 52.76737 ], [ 13.73705, 52.76723 ], [ 13.73603, 52.76686 ], [ 13.73597, 52.767 ], [ 13.73579, 52.76704 ], [ 13.73562, 52.767 ], [ 13.73555, 52.76689 ], [ 13.73562, 52.76678 ], [ 13.73577, 52.76675 ], [ 13.73555, 52.76665 ], [ 13.73495, 52.76686 ], [ 13.73435, 52.76743 ], [ 13.73401, 52.76757 ], [ 13.7338, 52.76757 ], [ 13.73338, 52.7673 ], [ 13.73289, 52.76728 ], [ 13.73249, 52.76704 ], [ 13.73202, 52.76705 ], [ 13.73176, 52.76729 ], [ 13.7319, 52.76744 ], [ 13.73348, 52.76783 ], [ 13.73407, 52.76813 ], [ 13.73558, 52.76863 ], [ 13.73575, 52.76881 ], [ 13.73554, 52.76898 ], [ 13.73569, 52.76903 ], [ 13.73841, 52.76949 ], [ 13.73954, 52.76959 ], [ 13.73958, 52.76949 ], [ 13.73972, 52.76947 ] ] ] } },
{ "type": "Feature", "properties": { "boden": "50 % ziemlich arm, mäßig frisch (Z2) · 50 % mittel, mäßig frisch (M+2)" }, "geometry": { "type": "Polygon", "coordinates": [ [ [ 13.74072, 52.76919 ], [ 13.7408, 52.76909 ], [ 13.74098, 52.76904 ], [ 13.74116, 52.76909 ], [ 13.74123, 52.7692 ], [ 13.74118, 52.76927 ], [ 13.74233, 52.7692 ], [ 13.74238, 52.76906 ], [ 13.74224, 52.76893 ], [ 13.74192, 52.76878 ], [ 13.74131, 52.76868 ], [ 13.74106, 52.76872 ], [ 13.7409, 52.7687 ], [ 13.74053, 52.76904 ], [ 13.74041, 52.76907 ], [ 13.74002, 52.769 ], [ 13.73975, 52.76917 ], [ 13.73946, 52.76923 ], [ 13.73932, 52.76918 ], [ 13.73937, 52.76929 ], [ 13.73972, 52.76947 ], [ 13.74079, 52.76929 ], [ 13.74072, 52.76919 ] ] ] } },
{ "type": "Feature", "properties": { "boden": "50 % ziemlich arm, mäßig frisch (Z2) · 50 % mittel, mäßig frisch (M+2)" }, "geometry": { "type": "Polygon", "coordinates": [ [ [ 13.73988, 52.76896 ], [ 13.73976, 52.76902 ], [ 13.73938, 52.76904 ], [ 13.73932, 52.76918 ], [ 13.73946, 52.76923 ], [ 13.73975, 52.76917 ], [ 13.74002, 52.76902 ], [ 13.73988, 52.76896 ] ] ] } },
{ "type": "Feature", "properties": { "boden": "50 % mittel, mäßig frisch (M2) · 30 % ziemlich arm, mäßig frisch (Z2) · 20 % ziemlich arm, mäßig frisch (Z2)" }, "geometry": { "type": "Polygon", "coordinates": [ [ [ 13.75881, 52.76854 ], [ 13.75863, 52.76859 ], [ 13.75855, 52.76869 ], [ 13.75862, 52.7688 ], [ 13.7588, 52.76885 ], [ 13.75898, 52.76881 ], [ 13.75906, 52.7687 ], [ 13.75899, 52.76859 ], [ 13.75881, 52.76854 ] ] ] } },
{ "type": "Feature", "properties": { "boden": "50 % mittel, mäßig frisch (M2) · 30 % ziemlich arm, mäßig frisch (Z2) · 20 % ziemlich arm, mäßig frisch (Z2)" }, "geometry": { "type": "Polygon", "coordinates": [ [ [ 13.75697, 52.76884 ], [ 13.75679, 52.76889 ], [ 13.75671, 52.76899 ], [ 13.75678, 52.7691 ], [ 13.75696, 52.76915 ], [ 13.75714, 52.76911 ], [ 13.75722, 52.769 ], [ 13.75715, 52.76889 ], [ 13.75697, 52.76884 ] ] ] } },
{ "type": "Feature", "properties": { "boden": "60 % mittel, mäßig frisch (M2) · 40 % mittel, mäßig frisch (M2)" }, "geometry": { "type": "Polygon", "coordinates": [ [ [ 13.76181, 52.76859 ], [ 13.76247, 52.76881 ], [ 13.76307, 52.76882 ], [ 13.76328, 52.76875 ], [ 13.76341, 52.76864 ], [ 13.76342, 52.76851 ], [ 13.76333, 52.76837 ], [ 13.76313, 52.76827 ], [ 13.76255, 52.76819 ], [ 13.76165, 52.76818 ], [ 13.76126, 52.76814 ], [ 13.76032, 52.76787 ], [ 13.75954, 52.76793 ], [ 13.75927, 52.76803 ], [ 13.75911, 52.76817 ], [ 13.7591, 52.7683 ], [ 13.75914, 52.7685 ], [ 13.75937, 52.76892 ], [ 13.75939, 52.76921 ], [ 13.75909, 52.76998 ], [ 13.76025, 52.77021 ], [ 13.76087, 52.77011 ], [ 13.76181, 52.76859 ] ], [ [ 13.75976, 52.76865 ], [ 13.75968, 52.76876 ], [ 13.75951, 52.7688 ], [ 13.75933, 52.76875 ], [ 13.75926, 52.76865 ], [ 13.75933, 52.76854 ], [ 13.75951, 52.7685 ], [ 13.75969, 52.76854 ], [ 13.75976, 52.76865 ] ] ] } },
{ "type": "Feature", "properties": { "boden": "40 % ziemlich arm, mäßig frisch (Z2) · 30 % ziemlich arm, mäßig frisch (Z2) · 30 % mittel, mäßig frisch (M2)" }, "geometry": { "type": "Polygon", "coordinates": [ [ [ 13.76057, 52.77029 ], [ 13.75041, 52.7683 ], [ 13.74934, 52.76927 ], [ 13.74892, 52.76993 ], [ 13.7504, 52.77023 ], [ 13.75183, 52.77032 ], [ 13.75442, 52.77029 ], [ 13.75765, 52.77044 ], [ 13.75961, 52.77038 ], [ 13.76057, 52.77029 ] ] ] } },
{ "type": "Feature", "properties": { "boden": "100 % ziemlich arm, trocken (vermutet) (Z3)" }, "geometry": { "type": "Polygon", "coordinates": [ [ [ 13.76197, 52.77061 ], [ 13.76202, 52.77054 ], [ 13.76196, 52.77041 ], [ 13.76159, 52.77024 ], [ 13.76115, 52.77022 ], [ 13.76082, 52.77034 ], [ 13.76197, 52.77061 ] ] ] } },
{ "type": "Feature", "properties": { "boden": "70 % ziemlich arm, trocken (vermutet) (Z3) · 30 % ziemlich arm, trocken (vermutet) (Z3)" }, "geometry": { "type": "Polygon", "coordinates": [ [ [ 13.76082, 52.77034 ], [ 13.7608, 52.77043 ], [ 13.76106, 52.77053 ], [ 13.76176, 52.77066 ], [ 13.76197, 52.77061 ], [ 13.76082, 52.77034 ] ] ] } },
{ "type": "Feature", "properties": { "boden": "100 % ziemlich arm, mäßig frisch (Z2)" }, "geometry": { "type": "Polygon", "coordinates": [ [ [ 13.76087, 52.77011 ], [ 13.76025, 52.77021 ], [ 13.76082, 52.77034 ], [ 13.76115, 52.77022 ], [ 13.76137, 52.77021 ], [ 13.76181, 52.77032 ], [ 13.762, 52.77046 ], [ 13.76197, 52.77061 ], [ 13.76205, 52.77063 ], [ 13.76208, 52.77096 ], [ 13.76252, 52.77072 ], [ 13.76258, 52.77061 ], [ 13.76246, 52.7705 ], [ 13.76199, 52.77032 ], [ 13.76135, 52.77015 ], [ 13.76087, 52.77011 ] ] ] } },
{ "type": "Feature", "properties": { "boden": "70 % ziemlich arm, mäßig frisch (Z2) · 30 % ziemlich arm, mäßig frisch (Z2)" }, "geometry": { "type": "Polygon", "coordinates": [ [ [ 13.75823, 52.77064 ], [ 13.75805, 52.77059 ], [ 13.75787, 52.77064 ], [ 13.75781, 52.77075 ], [ 13.7583, 52.77074 ], [ 13.75823, 52.77064 ] ] ] } },
{ "type": "Feature", "properties": { "boden": "70 % ziemlich arm, mäßig frisch (Z2) · 30 % ziemlich arm, mäßig frisch (Z2)" }, "geometry": { "type": "Polygon", "coordinates": [ [ [ 13.7583, 52.77075 ], [ 13.75782, 52.77075 ], [ 13.75781, 52.77075 ], [ 13.75787, 52.77085 ], [ 13.75805, 52.7709 ], [ 13.75822, 52.77086 ], [ 13.7583, 52.77075 ] ] ] } },
{ "type": "Feature", "properties": { "boden": "70 % ziemlich arm, trocken (vermutet) (Z3) · 30 % ziemlich arm, trocken (vermutet) (Z3)" }, "geometry": { "type": "Polygon", "coordinates": [ [ [ 13.75543, 52.77079 ], [ 13.75501, 52.77062 ], [ 13.75486, 52.77071 ], [ 13.75471, 52.77071 ], [ 13.75446, 52.77056 ], [ 13.75416, 52.77046 ], [ 13.75419, 52.77059 ], [ 13.7538, 52.77069 ], [ 13.7536, 52.77069 ], [ 13.75392, 52.77088 ], [ 13.75454, 52.77094 ], [ 13.75461, 52.77108 ], [ 13.75491, 52.77116 ], [ 13.7553, 52.77109 ], [ 13.75549, 52.77089 ], [ 13.75543, 52.77079 ] ] ] } },
{ "type": "Feature", "properties": { "boden": "100 % mittel, mäßig frisch (M2)" }, "geometry": { "type": "Polygon", "coordinates": [ [ [ 13.74663, 52.76762 ], [ 13.74645, 52.76766 ], [ 13.74637, 52.76777 ], [ 13.74644, 52.76788 ], [ 13.74662, 52.76793 ], [ 13.7468, 52.76788 ], [ 13.74687, 52.76778 ], [ 13.7468, 52.76767 ], [ 13.74663, 52.76762 ] ] ] } },
{ "type": "Feature", "properties": { "boden": "100 % mittel, mäßig frisch (M2)" }, "geometry": { "type": "Polygon", "coordinates": [ [ [ 13.74552, 52.7677 ], [ 13.74534, 52.76774 ], [ 13.74526, 52.76785 ], [ 13.74533, 52.76796 ], [ 13.74551, 52.76801 ], [ 13.74569, 52.76796 ], [ 13.74576, 52.76786 ], [ 13.74569, 52.76775 ], [ 13.74552, 52.7677 ] ] ] } },
{ "type": "Feature", "properties": { "boden": "70 % ziemlich arm, mäßig frisch (Z2) · 30 % ziemlich arm, mäßig frisch (Z2)" }, "geometry": { "type": "Polygon", "coordinates": [ [ [ 13.74421, 52.76775 ], [ 13.74412, 52.76786 ], [ 13.74415, 52.76801 ], [ 13.74425, 52.76809 ], [ 13.74444, 52.76814 ], [ 13.74456, 52.76813 ], [ 13.74455, 52.76795 ], [ 13.74437, 52.7678 ], [ 13.74421, 52.76775 ] ] ] } },
{ "type": "Feature", "properties": { "boden": "40 % mittel, mäßig frisch (M2) · 30 % ziemlich arm, mäßig frisch (Z2) · 30 % ziemlich arm, mäßig frisch (Z2)" }, "geometry": { "type": "Polygon", "coordinates": [ [ [ 13.75606, 52.7677 ], [ 13.75537, 52.76775 ], [ 13.75375, 52.76825 ], [ 13.75324, 52.76832 ], [ 13.75285, 52.76822 ], [ 13.75258, 52.76807 ], [ 13.75227, 52.76756 ], [ 13.75188, 52.7675 ], [ 13.75074, 52.76779 ], [ 13.75102, 52.76807 ], [ 13.75045, 52.76831 ], [ 13.756, 52.76938 ], [ 13.75686, 52.76771 ], [ 13.75606, 52.7677 ] ] ] } },
{ "type": "Feature", "properties": { "boden": "100 % mittel, mäßig frisch (M2)" }, "geometry": { "type": "Polygon", "coordinates": [ [ [ 13.7466, 52.7684 ], [ 13.74642, 52.76844 ], [ 13.74635, 52.76855 ], [ 13.74642, 52.76866 ], [ 13.74659, 52.7687 ], [ 13.74677, 52.76866 ], [ 13.74685, 52.76855 ], [ 13.74678, 52.76844 ], [ 13.7466, 52.7684 ] ] ] } },
{ "type": "Feature", "properties": { "boden": "100 % mittel, mäßig frisch (M2)" }, "geometry": { "type": "Polygon", "coordinates": [ [ [ 13.74566, 52.76859 ], [ 13.7453, 52.76868 ], [ 13.74535, 52.76882 ], [ 13.74553, 52.76887 ], [ 13.74571, 52.76882 ], [ 13.74578, 52.76872 ], [ 13.74566, 52.76859 ] ] ] } },
{ "type": "Feature", "properties": { "boden": "100 % mittel, mäßig frisch (M2)" }, "geometry": { "type": "Polygon", "coordinates": [ [ [ 13.74942, 52.76876 ], [ 13.74935, 52.76866 ], [ 13.74917, 52.76861 ], [ 13.7489, 52.76862 ], [ 13.7485, 52.76853 ], [ 13.74832, 52.76857 ], [ 13.74824, 52.76868 ], [ 13.74831, 52.76879 ], [ 13.74849, 52.76883 ], [ 13.74867, 52.76879 ], [ 13.74899, 52.76887 ], [ 13.74899, 52.76903 ], [ 13.74891, 52.76913 ], [ 13.74898, 52.76924 ], [ 13.74916, 52.76929 ], [ 13.74934, 52.76925 ], [ 13.74941, 52.76914 ], [ 13.74933, 52.76895 ], [ 13.74942, 52.76876 ] ] ] } },
{ "type": "Feature", "properties": { "boden": "70 % ziemlich arm, mäßig frisch (Z2) · 30 % ziemlich arm, mäßig frisch (Z2)" }, "geometry": { "type": "Polygon", "coordinates": [ [ [ 13.75385, 52.77344 ], [ 13.75461, 52.7731 ], [ 13.75568, 52.77241 ], [ 13.75754, 52.77259 ], [ 13.75787, 52.77238 ], [ 13.75852, 52.77237 ], [ 13.75912, 52.77217 ], [ 13.759, 52.77201 ], [ 13.75874, 52.77196 ], [ 13.75882, 52.77192 ], [ 13.7592, 52.77187 ], [ 13.7598, 52.77188 ], [ 13.75987, 52.77179 ], [ 13.76091, 52.77167 ], [ 13.7616, 52.77152 ], [ 13.76205, 52.77137 ], [ 13.76205, 52.77063 ], [ 13.76197, 52.77061 ], [ 13.76176, 52.77066 ], [ 13.76106, 52.77053 ], [ 13.7608, 52.77043 ], [ 13.76082, 52.77034 ], [ 13.76057, 52.77029 ], [ 13.75961, 52.77038 ], [ 13.75765, 52.77044 ], [ 13.75442, 52.77029 ], [ 13.75183, 52.77032 ], [ 13.75104, 52.77029 ], [ 13.74991, 52.77016 ], [ 13.74955, 52.77004 ], [ 13.7482, 52.76982 ], [ 13.74673, 52.76937 ], [ 13.74618, 52.76925 ], [ 13.74554, 52.76928 ], [ 13.74502, 52.76917 ], [ 13.7446, 52.76899 ], [ 13.7449, 52.76876 ], [ 13.74495, 52.76863 ], [ 13.74473, 52.76775 ], [ 13.74475, 52.76738 ], [ 13.74489, 52.76707 ], [ 13.7451, 52.76683 ], [ 13.74604, 52.76606 ], [ 13.74563, 52.76534 ], [ 13.74497, 52.76584 ], [ 13.7451, 52.76584 ], [ 13.74521, 52.76591 ], [ 13.74496, 52.76629 ], [ 13.74483, 52.76637 ], [ 13.74457, 52.76642 ], [ 13.74392, 52.76699 ], [ 13.74374, 52.76706 ], [ 13.7435, 52.76706 ], [ 13.74307, 52.76721 ], [ 13.74276, 52.76744 ], [ 13.74271, 52.76804 ], [ 13.74233, 52.7692 ], [ 13.74079, 52.76929 ], [ 13.73958, 52.76949 ], [ 13.73954, 52.76959 ], [ 13.74042, 52.76964 ], [ 13.74043, 52.76956 ], [ 13.74085, 52.76942 ], [ 13.7411, 52.76941 ], [ 13.74148, 52.76955 ], [ 13.74179, 52.76943 ], [ 13.74214, 52.76942 ], [ 13.74253, 52.76948 ], [ 13.74294, 52.76937 ], [ 13.74344, 52.76946 ], [ 13.74404, 52.76947 ], [ 13.74429, 52.76959 ], [ 13.7447, 52.76967 ], [ 13.74489, 52.76962 ], [ 13.74506, 52.76946 ], [ 13.74522, 52.76943 ], [ 13.74584, 52.76978 ], [ 13.74531, 52.76983 ], [ 13.74509, 52.76993 ], [ 13.74437, 52.7698 ], [ 13.74418, 52.76984 ], [ 13.74393, 52.76998 ], [ 13.74331, 52.77001 ], [ 13.74297, 52.7701 ], [ 13.74319, 52.77019 ], [ 13.74355, 52.77015 ], [ 13.7438, 52.77021 ], [ 13.74428, 52.77047 ], [ 13.74468, 52.77058 ], [ 13.74476, 52.77067 ], [ 13.74462, 52.77075 ], [ 13.74583, 52.77114 ], [ 13.74824, 52.77149 ], [ 13.74888, 52.77144 ], [ 13.74917, 52.77147 ], [ 13.74985, 52.77174 ], [ 13.7502, 52.77179 ], [ 13.75099, 52.77164 ], [ 13.7514, 52.77166 ], [ 13.75173, 52.77172 ], [ 13.75197, 52.77191 ], [ 13.75187, 52.77205 ], [ 13.75066, 52.77225 ], [ 13.75091, 52.77325 ], [ 13.75181, 52.77345 ], [ 13.75284, 52.77353 ], [ 13.75385, 52.77344 ] ], [ [ 13.75429, 52.77298 ], [ 13.75421, 52.77309 ], [ 13.75403, 52.77313 ], [ 13.75386, 52.77308 ], [ 13.75379, 52.77297 ], [ 13.75386, 52.77287 ], [ 13.75404, 52.77282 ], [ 13.75422, 52.77287 ], [ 13.75429, 52.77298 ] ], [ [ 13.75584, 52.7721 ], [ 13.75559, 52.7722 ], [ 13.755, 52.77224 ], [ 13.75415, 52.77253 ], [ 13.75306, 52.77302 ], [ 13.75248, 52.77308 ], [ 13.75229, 52.77299 ], [ 13.75224, 52.77275 ], [ 13.7523, 52.77265 ], [ 13.75311, 52.7723 ], [ 13.7534, 52.77209 ], [ 13.75472, 52.77209 ], [ 13.75516, 52.77203 ], [ 13.75563, 52.7719 ], [ 13.75597, 52.77195 ], [ 13.7564, 52.77171 ], [ 13.75668, 52.77171 ], [ 13.7569, 52.7718 ], [ 13.75684, 52.77191 ], [ 13.75667, 52.77199 ], [ 13.75692, 52.7722 ], [ 13.75685, 52.77233 ], [ 13.75632, 52.77237 ], [ 13.7561, 52.77226 ], [ 13.75596, 52.77212 ], [ 13.75584, 52.7721 ] ], [ [ 13.75929, 52.77171 ], [ 13.75879, 52.77191 ], [ 13.75846, 52.77193 ], [ 13.75818, 52.77188 ], [ 13.75773, 52.77173 ], [ 13.75658, 52.7716 ], [ 13.75631, 52.77154 ], [ 13.75632, 52.77151 ], [ 13.75658, 52.77134 ], [ 13.75715, 52.7713 ], [ 13.75739, 52.77134 ], [ 13.75785, 52.77156 ], [ 13.75846, 52.77163 ], [ 13.75892, 52.77154 ], [ 13.75888, 52.77146 ], [ 13.7586, 52.77138 ], [ 13.75874, 52.77136 ], [ 13.7592, 52.77148 ], [ 13.75929, 52.77158 ], [ 13.75929, 52.77171 ] ], [ [ 13.75321, 52.77161 ], [ 13.75318, 52.77182 ], [ 13.75286, 52.77187 ], [ 13.7523, 52.77164 ], [ 13.75076, 52.77139 ], [ 13.75011, 52.77136 ], [ 13.74949, 52.77101 ], [ 13.74886, 52.77083 ], [ 13.7487, 52.77071 ], [ 13.74873, 52.77067 ], [ 13.74898, 52.77065 ], [ 13.74911, 52.77054 ], [ 13.74929, 52.77056 ], [ 13.74946, 52.77049 ], [ 13.74994, 52.77069 ], [ 13.75014, 52.771 ], [ 13.75061, 52.77119 ], [ 13.75092, 52.77121 ], [ 13.75127, 52.77113 ], [ 13.7517, 52.77121 ], [ 13.75234, 52.7712 ], [ 13.75273, 52.77127 ], [ 13.75299, 52.77126 ], [ 13.75315, 52.77141 ], [ 13.75321, 52.77161 ] ], [ [ 13.75549, 52.77085 ], [ 13.7553, 52.77109 ], [ 13.75491, 52.77116 ], [ 13.75461, 52.77108 ], [ 13.75454, 52.77094 ], [ 13.75392, 52.77088 ], [ 13.7536, 52.77069 ], [ 13.7538, 52.77069 ], [ 13.75419, 52.77059 ], [ 13.75416, 52.77046 ], [ 13.75446, 52.77056 ], [ 13.75471, 52.77071 ], [ 13.75486, 52.77071 ], [ 13.75501, 52.77062 ], [ 13.75517, 52.77066 ], [ 13.75549, 52.77085 ] ], [ [ 13.7583, 52.77074 ], [ 13.75954, 52.77075 ], [ 13.75958, 52.7708 ], [ 13.75966, 52.77096 ], [ 13.75958, 52.77107 ], [ 13.7594, 52.77111 ], [ 13.75922, 52.77106 ], [ 13.75899, 52.77107 ], [ 13.7588, 52.77113 ], [ 13.75862, 52.77107 ], [ 13.75801, 52.77104 ], [ 13.7576, 52.77096 ], [ 13.75747, 52.77089 ], [ 13.75745, 52.7708 ], [ 13.75781, 52.77075 ], [ 13.75787, 52.77064 ], [ 13.75805, 52.77059 ], [ 13.75823, 52.77064 ], [ 13.7583, 52.77074 ] ], [ [ 13.74643, 52.77009 ], [ 13.74686, 52.77029 ], [ 13.74809, 52.77042 ], [ 13.7482, 52.77046 ], [ 13.74827, 52.7706 ], [ 13.74784, 52.77083 ], [ 13.74767, 52.77087 ], [ 13.74661, 52.77048 ], [ 13.74637, 52.77031 ], [ 13.74603, 52.77027 ], [ 13.74643, 52.77009 ] ], [ [ 13.75233, 52.7723 ], [ 13.75225, 52.77246 ], [ 13.75171, 52.77277 ], [ 13.75147, 52.77281 ], [ 13.75124, 52.77269 ], [ 13.75115, 52.7724 ], [ 13.75124, 52.77234 ], [ 13.75228, 52.77221 ], [ 13.75233, 52.7723 ] ], [ [ 13.74437, 52.7678 ], [ 13.74455, 52.76795 ], [ 13.74456, 52.76813 ], [ 13.74444, 52.76814 ], [ 13.74425, 52.76809 ], [ 13.74415, 52.76801 ], [ 13.74415, 52.76778 ], [ 13.74421, 52.76775 ], [ 13.74437, 52.7678 ] ], [ [ 13.74348, 52.76735 ], [ 13.74373, 52.76749 ], [ 13.74368, 52.76769 ], [ 13.74338, 52.76783 ], [ 13.74309, 52.7678 ], [ 13.74295, 52.76768 ], [ 13.74292, 52.7674 ], [ 13.74309, 52.76732 ], [ 13.74348, 52.76735 ] ], [ [ 13.74526, 52.76645 ], [ 13.74529, 52.7666 ], [ 13.74507, 52.76677 ], [ 13.74423, 52.76702 ], [ 13.74405, 52.76716 ], [ 13.74401, 52.76705 ], [ 13.74408, 52.76695 ], [ 13.74462, 52.76667 ], [ 13.74484, 52.7666 ], [ 13.74507, 52.76645 ], [ 13.74526, 52.76645 ] ] ] } },
{ "type": "Feature", "properties": { "boden": "100 % mittel, mäßig frisch (M2)" }, "geometry": { "type": "Polygon", "coordinates": [ [ [ 13.74832, 52.76942 ], [ 13.74814, 52.76946 ], [ 13.74807, 52.76957 ], [ 13.74814, 52.76968 ], [ 13.74831, 52.76973 ], [ 13.74849, 52.76968 ], [ 13.74857, 52.76958 ], [ 13.7485, 52.76947 ], [ 13.74832, 52.76942 ] ] ] } },
{ "type": "Feature", "properties": { "boden": "70 % ziemlich arm, mäßig frisch (Z2) · 30 % ziemlich arm, mäßig frisch (Z2)" }, "geometry": { "type": "Polygon", "coordinates": [ [ [ 13.74403, 52.77056 ], [ 13.74462, 52.77075 ], [ 13.74476, 52.77067 ], [ 13.74468, 52.77058 ], [ 13.74428, 52.77047 ], [ 13.74368, 52.77017 ], [ 13.74332, 52.77016 ], [ 13.74319, 52.77019 ], [ 13.74403, 52.77056 ] ] ] } },
{ "type": "Feature", "properties": { "boden": "70 % ziemlich arm, mäßig frisch (Z2) · 30 % ziemlich arm, mäßig frisch (Z2)" }, "geometry": { "type": "Polygon", "coordinates": [ [ [ 13.75922, 52.77106 ], [ 13.75915, 52.77095 ], [ 13.75923, 52.77085 ], [ 13.75941, 52.7708 ], [ 13.75959, 52.77085 ], [ 13.75954, 52.77075 ], [ 13.7583, 52.77074 ], [ 13.75822, 52.77086 ], [ 13.75805, 52.7709 ], [ 13.75787, 52.77085 ], [ 13.75781, 52.77075 ], [ 13.75745, 52.7708 ], [ 13.75747, 52.77089 ], [ 13.7576, 52.77096 ], [ 13.75801, 52.77104 ], [ 13.75862, 52.77107 ], [ 13.75855, 52.77097 ], [ 13.75863, 52.77087 ], [ 13.75881, 52.77083 ], [ 13.75899, 52.77087 ], [ 13.75906, 52.77098 ], [ 13.75899, 52.77107 ], [ 13.75922, 52.77106 ] ] ] } },
{ "type": "Feature", "properties": { "boden": "70 % ziemlich arm, mäßig frisch (Z2) · 30 % ziemlich arm, mäßig frisch (Z2)" }, "geometry": { "type": "Polygon", "coordinates": [ [ [ 13.75941, 52.7708 ], [ 13.75923, 52.77085 ], [ 13.75915, 52.77095 ], [ 13.75922, 52.77106 ], [ 13.7594, 52.77111 ], [ 13.75958, 52.77107 ], [ 13.75966, 52.77096 ], [ 13.75959, 52.77085 ], [ 13.75941, 52.7708 ] ] ] } },
{ "type": "Feature", "properties": { "boden": "70 % ziemlich arm, mäßig frisch (Z2) · 30 % ziemlich arm, mäßig frisch (Z2)" }, "geometry": { "type": "Polygon", "coordinates": [ [ [ 13.75906, 52.77098 ], [ 13.75899, 52.77087 ], [ 13.75881, 52.77083 ], [ 13.75863, 52.77087 ], [ 13.75855, 52.77097 ], [ 13.75862, 52.77108 ], [ 13.7588, 52.77113 ], [ 13.75898, 52.77109 ], [ 13.75906, 52.77098 ] ] ] } },
{ "type": "Feature", "properties": { "boden": "70 % ziemlich arm, trocken (vermutet) (Z3) · 30 % ziemlich arm, trocken (vermutet) (Z3)" }, "geometry": { "type": "Polygon", "coordinates": [ [ [ 13.75931, 52.77167 ], [ 13.7592, 52.77148 ], [ 13.75903, 52.77141 ], [ 13.75867, 52.77136 ], [ 13.7586, 52.77138 ], [ 13.75888, 52.77146 ], [ 13.75892, 52.77154 ], [ 13.75846, 52.77163 ], [ 13.75815, 52.77162 ], [ 13.75785, 52.77156 ], [ 13.75739, 52.77134 ], [ 13.75715, 52.7713 ], [ 13.75658, 52.77134 ], [ 13.75632, 52.77151 ], [ 13.75631, 52.77154 ], [ 13.75658, 52.7716 ], [ 13.75773, 52.77173 ], [ 13.75818, 52.77188 ], [ 13.75846, 52.77193 ], [ 13.75879, 52.77191 ], [ 13.7592, 52.77178 ], [ 13.75931, 52.77167 ] ] ] } },
{ "type": "Feature", "properties": { "boden": "70 % ziemlich arm, mäßig frisch (Z2) · 30 % ziemlich arm, mäßig frisch (Z2)" }, "geometry": { "type": "Polygon", "coordinates": [ [ [ 13.7598, 52.77188 ], [ 13.75891, 52.7719 ], [ 13.75874, 52.77196 ], [ 13.759, 52.77201 ], [ 13.75912, 52.77217 ], [ 13.75966, 52.77207 ], [ 13.7598, 52.77188 ] ] ] } },
{ "type": "Feature", "properties": { "boden": "60 % ziemlich arm, trocken (vermutet) (Z3) · 40 % ziemlich arm, trocken (vermutet) (Z3)" }, "geometry": { "type": "Polygon", "coordinates": [ [ [ 13.76185, 52.77171 ], [ 13.7619, 52.77185 ], [ 13.76225, 52.77191 ], [ 13.76251, 52.77202 ], [ 13.76258, 52.77221 ], [ 13.76236, 52.77235 ], [ 13.76167, 52.77239 ], [ 13.76164, 52.77247 ], [ 13.76193, 52.77249 ], [ 13.76227, 52.77241 ], [ 13.76289, 52.77236 ], [ 13.76313, 52.7723 ], [ 13.76317, 52.77214 ], [ 13.76292, 52.77196 ], [ 13.76244, 52.7719 ], [ 13.76216, 52.77178 ], [ 13.76185, 52.77171 ] ] ] } },
{ "type": "Feature", "properties": { "boden": "60 % ziemlich arm, mäßig frisch (Z2) · 40 % ziemlich arm, mäßig frisch (Z2)" }, "geometry": { "type": "Polygon", "coordinates": [ [ [ 13.76012, 52.772 ], [ 13.7598, 52.77188 ], [ 13.75966, 52.77207 ], [ 13.75912, 52.77217 ], [ 13.75894, 52.77252 ], [ 13.75901, 52.77257 ], [ 13.75917, 52.77257 ], [ 13.75939, 52.77245 ], [ 13.75979, 52.77207 ], [ 13.76012, 52.772 ] ] ] } },
{ "type": "Feature", "properties": { "boden": "40 % mittel, mäßig frisch (M2) · 30 % mittel, mäßig frisch (M2) · 30 % ziemlich arm, mäßig frisch (Z2)" }, "geometry": { "type": "Polygon", "coordinates": [ [ [ 13.76011, 52.77202 ], [ 13.75979, 52.77207 ], [ 13.75939, 52.77245 ], [ 13.75911, 52.77258 ], [ 13.75969, 52.77254 ], [ 13.75976, 52.77229 ], [ 13.76011, 52.77202 ] ] ] } },
{ "type": "Feature", "properties": { "boden": "60 % ziemlich arm, mäßig frisch (Z2) · 40 % ziemlich arm, mäßig frisch (Z2)" }, "geometry": { "type": "Polygon", "coordinates": [ [ [ 13.76391, 52.77228 ], [ 13.76292, 52.77179 ], [ 13.76185, 52.77163 ], [ 13.7616, 52.77152 ], [ 13.76091, 52.77167 ], [ 13.75987, 52.77179 ], [ 13.7598, 52.77188 ], [ 13.76007, 52.77196 ], [ 13.76011, 52.77202 ], [ 13.76053, 52.77208 ], [ 13.76067, 52.7722 ], [ 13.76069, 52.77255 ], [ 13.76127, 52.7727 ], [ 13.76142, 52.77269 ], [ 13.76186, 52.7728 ], [ 13.7624, 52.77284 ], [ 13.76318, 52.77301 ], [ 13.76366, 52.77304 ], [ 13.76368, 52.77307 ], [ 13.76333, 52.77313 ], [ 13.76462, 52.77338 ], [ 13.76525, 52.77344 ], [ 13.76559, 52.77342 ], [ 13.76585, 52.77332 ], [ 13.76594, 52.77318 ], [ 13.76595, 52.77301 ], [ 13.76585, 52.77288 ], [ 13.7644, 52.77239 ], [ 13.76391, 52.77228 ] ], [ [ 13.76244, 52.7719 ], [ 13.76283, 52.77194 ], [ 13.76308, 52.77205 ], [ 13.76317, 52.77214 ], [ 13.76313, 52.7723 ], [ 13.76289, 52.77236 ], [ 13.76227, 52.77241 ], [ 13.76193, 52.77249 ], [ 13.76164, 52.77247 ], [ 13.76167, 52.77239 ], [ 13.76236, 52.77235 ], [ 13.76258, 52.77221 ], [ 13.76251, 52.77202 ], [ 13.76225, 52.77191 ], [ 13.7619, 52.77185 ], [ 13.76185, 52.77171 ], [ 13.76216, 52.77178 ], [ 13.76244, 52.7719 ] ] ] } },
{ "type": "Feature", "properties": { "boden": "70 % ziemlich arm, mäßig frisch (Z2) · 30 % ziemlich arm, mäßig frisch (Z2)" }, "geometry": { "type": "Polygon", "coordinates": [ [ [ 13.75589, 52.77209 ], [ 13.75632, 52.77237 ], [ 13.75685, 52.77233 ], [ 13.75692, 52.7722 ], [ 13.75667, 52.77199 ], [ 13.75684, 52.77191 ], [ 13.7569, 52.7718 ], [ 13.75668, 52.77171 ], [ 13.7564, 52.77171 ], [ 13.75597, 52.77195 ], [ 13.75563, 52.7719 ], [ 13.75516, 52.77203 ], [ 13.75472, 52.77209 ], [ 13.7534, 52.77209 ], [ 13.75311, 52.7723 ], [ 13.7523, 52.77265 ], [ 13.75224, 52.77275 ], [ 13.75229, 52.77299 ], [ 13.75248, 52.77308 ], [ 13.75306, 52.77302 ], [ 13.75415, 52.77253 ], [ 13.755, 52.77224 ], [ 13.75559, 52.7722 ], [ 13.75589, 52.77209 ] ] ] } },
{ "type": "Feature", "properties": { "boden": "60 % ziemlich arm, mäßig frisch (Z2) · 40 % ziemlich arm, mäßig frisch (Z2)" }, "geometry": { "type": "Polygon", "coordinates": [ [ [ 13.75911, 52.77258 ], [ 13.75894, 52.77252 ], [ 13.75895, 52.77244 ], [ 13.75912, 52.77217 ], [ 13.75852, 52.77237 ], [ 13.75787, 52.77238 ], [ 13.75754, 52.77259 ], [ 13.75721, 52.77256 ], [ 13.75746, 52.7727 ], [ 13.75794, 52.7728 ], [ 13.75872, 52.77269 ], [ 13.75911, 52.77258 ] ] ] } },
{ "type": "Feature", "properties": { "boden": "40 % mittel, mäßig frisch (M2) · 30 % ziemlich arm, mäßig frisch (Z2) · 30 % ziemlich arm, mäßig frisch (Z2)" }, "geometry": { "type": "Polygon", "coordinates": [ [ [ 13.75613, 52.77247 ], [ 13.75595, 52.77251 ], [ 13.75588, 52.77262 ], [ 13.75595, 52.77273 ], [ 13.75612, 52.77277 ], [ 13.7563, 52.77273 ], [ 13.75638, 52.77262 ], [ 13.75631, 52.77252 ], [ 13.75613, 52.77247 ] ] ] } },
{ "type": "Feature", "properties": { "boden": "60 % ziemlich arm, mäßig frisch (Z2) · 40 % ziemlich arm, mäßig frisch (Z2)" }, "geometry": { "type": "Polygon", "coordinates": [ [ [ 13.76182, 52.77284 ], [ 13.76333, 52.77313 ], [ 13.76368, 52.77307 ], [ 13.76366, 52.77304 ], [ 13.76318, 52.77301 ], [ 13.7624, 52.77284 ], [ 13.76186, 52.7728 ], [ 13.76142, 52.77269 ], [ 13.76127, 52.7727 ], [ 13.76182, 52.77284 ] ] ] } },
{ "type": "Feature", "properties": { "boden": "40 % mittel, mäßig frisch (M2) · 30 % mittel, mäßig frisch (M2) · 30 % ziemlich arm, mäßig frisch (Z2)" }, "geometry": { "type": "Polygon", "coordinates": [ [ [ 13.76333, 52.77313 ], [ 13.76182, 52.77284 ], [ 13.76127, 52.7727 ], [ 13.761, 52.77272 ], [ 13.7609, 52.77279 ], [ 13.76106, 52.7729 ], [ 13.76147, 52.77296 ], [ 13.76184, 52.7731 ], [ 13.76213, 52.77315 ], [ 13.76255, 52.77317 ], [ 13.76333, 52.77313 ] ] ] } },
{ "type": "Feature", "properties": { "boden": "70 % ziemlich arm, mäßig frisch (Z2) · 30 % ziemlich arm, mäßig frisch (Z2)" }, "geometry": { "type": "Polygon", "coordinates": [ [ [ 13.75404, 52.77282 ], [ 13.75386, 52.77287 ], [ 13.75379, 52.77297 ], [ 13.75386, 52.77308 ], [ 13.75403, 52.77313 ], [ 13.75421, 52.77309 ], [ 13.75429, 52.77298 ], [ 13.75422, 52.77287 ], [ 13.75404, 52.77282 ] ] ] } },
{ "type": "Feature", "properties": { "boden": "40 % mittel, mäßig frisch (M2) · 30 % ziemlich arm, mäßig frisch (Z2) · 30 % ziemlich arm, mäßig frisch (Z2)" }, "geometry": { "type": "Polygon", "coordinates": [ [ [ 13.75586, 52.77304 ], [ 13.75568, 52.77309 ], [ 13.75561, 52.77319 ], [ 13.75568, 52.7733 ], [ 13.75585, 52.77335 ], [ 13.75603, 52.77331 ], [ 13.75611, 52.7732 ], [ 13.75604, 52.77309 ], [ 13.75586, 52.77304 ] ] ] } },
{ "type": "Feature", "properties": { "boden": "40 % mittel, mäßig frisch (M2) · 30 % mittel, mäßig frisch (M2) · 30 % ziemlich arm, mäßig frisch (Z2)" }, "geometry": { "type": "Polygon", "coordinates": [ [ [ 13.76889, 52.77358 ], [ 13.76843, 52.77336 ], [ 13.76796, 52.77331 ], [ 13.76751, 52.77334 ], [ 13.76709, 52.77325 ], [ 13.76619, 52.77263 ], [ 13.76583, 52.77245 ], [ 13.76548, 52.77217 ], [ 13.76486, 52.77194 ], [ 13.7644, 52.77239 ], [ 13.76585, 52.77288 ], [ 13.76595, 52.77301 ], [ 13.76594, 52.77318 ], [ 13.76585, 52.77332 ], [ 13.76559, 52.77342 ], [ 13.76525, 52.77344 ], [ 13.76462, 52.77338 ], [ 13.76333, 52.77313 ], [ 13.76255, 52.77317 ], [ 13.76184, 52.7731 ], [ 13.76158, 52.77299 ], [ 13.76097, 52.77287 ], [ 13.76093, 52.77275 ], [ 13.76127, 52.7727 ], [ 13.76069, 52.77255 ], [ 13.76067, 52.7722 ], [ 13.76053, 52.77208 ], [ 13.76022, 52.77202 ], [ 13.76011, 52.77202 ], [ 13.75985, 52.7722 ], [ 13.75976, 52.77229 ], [ 13.75974, 52.7725 ], [ 13.75958, 52.77257 ], [ 13.75911, 52.77258 ], [ 13.75872, 52.77269 ], [ 13.75794, 52.7728 ], [ 13.75746, 52.7727 ], [ 13.75721, 52.77256 ], [ 13.75568, 52.77241 ], [ 13.75532, 52.77271 ], [ 13.75525, 52.77289 ], [ 13.75532, 52.77339 ], [ 13.75552, 52.7736 ], [ 13.75608, 52.774 ], [ 13.75685, 52.77401 ], [ 13.75764, 52.7741 ], [ 13.75851, 52.77437 ], [ 13.75898, 52.77464 ], [ 13.75944, 52.77481 ], [ 13.75966, 52.77481 ], [ 13.76085, 52.77452 ], [ 13.76171, 52.7747 ], [ 13.762, 52.77473 ], [ 13.76235, 52.77471 ], [ 13.76276, 52.77456 ], [ 13.7633, 52.77418 ], [ 13.76391, 52.77421 ], [ 13.76441, 52.77436 ], [ 13.7652, 52.77442 ], [ 13.76591, 52.7743 ], [ 13.767, 52.77434 ], [ 13.76815, 52.77423 ], [ 13.76858, 52.77432 ], [ 13.76903, 52.77449 ], [ 13.76909, 52.77447 ], [ 13.76889, 52.77358 ] ], [ [ 13.75642, 52.77376 ], [ 13.75634, 52.77387 ], [ 13.75616, 52.77391 ], [ 13.75598, 52.77386 ], [ 13.75591, 52.77375 ], [ 13.75599, 52.77365 ], [ 13.75617, 52.7736 ], [ 13.75635, 52.77365 ], [ 13.75642, 52.77376 ] ], [ [ 13.76571, 52.77369 ], [ 13.76563, 52.7738 ], [ 13.76545, 52.77384 ], [ 13.76528, 52.77379 ], [ 13.76521, 52.77368 ], [ 13.76528, 52.77358 ], [ 13.76546, 52.77353 ], [ 13.76564, 52.77358 ], [ 13.76571, 52.77369 ] ], [ [ 13.75611, 52.7732 ], [ 13.75603, 52.77331 ], [ 13.75585, 52.77335 ], [ 13.75568, 52.7733 ], [ 13.75561, 52.77319 ], [ 13.75568, 52.77309 ], [ 13.75586, 52.77304 ], [ 13.75604, 52.77309 ], [ 13.75611, 52.7732 ] ], [ [ 13.75638, 52.77262 ], [ 13.7563, 52.77273 ], [ 13.75612, 52.77277 ], [ 13.75595, 52.77273 ], [ 13.75588, 52.77262 ], [ 13.75595, 52.77251 ], [ 13.75613, 52.77247 ], [ 13.75631, 52.77252 ], [ 13.75638, 52.77262 ] ] ] } },
{ "type": "Feature", "properties": { "boden": "40 % mittel, mäßig frisch (M2) · 30 % ziemlich arm, mäßig frisch (Z2) · 30 % ziemlich arm, mäßig frisch (Z2)" }, "geometry": { "type": "Polygon", "coordinates": [ [ [ 13.75617, 52.7736 ], [ 13.75599, 52.77365 ], [ 13.75591, 52.77375 ], [ 13.75598, 52.77386 ], [ 13.75616, 52.77391 ], [ 13.75634, 52.77387 ], [ 13.75642, 52.77376 ], [ 13.75635, 52.77365 ], [ 13.75617, 52.7736 ] ] ] } },
{ "type": "Feature", "properties": { "boden": "60 % ziemlich arm, trocken (vermutet) (Z3) · 20 % ziemlich arm, trocken (vermutet) (Z3) · 20 % ziemlich arm, trocken (vermutet) (Z3)" }, "geometry": { "type": "Polygon", "coordinates": [ [ [ 13.75507, 52.77375 ], [ 13.75478, 52.77378 ], [ 13.75474, 52.77389 ], [ 13.75487, 52.77395 ], [ 13.75535, 52.77393 ], [ 13.75522, 52.77379 ], [ 13.75507, 52.77375 ] ] ] } },
{ "type": "Feature", "properties": { "boden": "60 % ziemlich arm, trocken (vermutet) (Z3) · 20 % ziemlich arm, trocken (vermutet) (Z3) · 20 % ziemlich arm, trocken (vermutet) (Z3)" }, "geometry": { "type": "Polygon", "coordinates": [ [ [ 13.75825, 52.77443 ], [ 13.75802, 52.77433 ], [ 13.75759, 52.77433 ], [ 13.75744, 52.77427 ], [ 13.75684, 52.77422 ], [ 13.75659, 52.77426 ], [ 13.75677, 52.77442 ], [ 13.75694, 52.77449 ], [ 13.75746, 52.7745 ], [ 13.75801, 52.7747 ], [ 13.75848, 52.7747 ], [ 13.75852, 52.77466 ], [ 13.75825, 52.77443 ] ] ] } },
{ "type": "Feature", "properties": { "boden": "70 % ziemlich arm, trocken (vermutet) (Z3) · 30 % ziemlich arm, trocken (vermutet) (Z3)" }, "geometry": { "type": "Polygon", "coordinates": [ [ [ 13.74643, 52.77009 ], [ 13.74603, 52.77027 ], [ 13.74637, 52.77031 ], [ 13.74661, 52.77048 ], [ 13.74767, 52.77087 ], [ 13.74784, 52.77083 ], [ 13.74827, 52.7706 ], [ 13.7482, 52.77046 ], [ 13.74809, 52.77042 ], [ 13.74686, 52.77029 ], [ 13.74643, 52.77009 ] ] ] } },
{ "type": "Feature", "properties": { "boden": "70 % ziemlich arm, trocken (vermutet) (Z3) · 30 % ziemlich arm, trocken (vermutet) (Z3)" }, "geometry": { "type": "Polygon", "coordinates": [ [ [ 13.75307, 52.7713 ], [ 13.75246, 52.77121 ], [ 13.7517, 52.77121 ], [ 13.75127, 52.77113 ], [ 13.75092, 52.77121 ], [ 13.75061, 52.77119 ], [ 13.75014, 52.771 ], [ 13.74994, 52.77069 ], [ 13.74946, 52.77049 ], [ 13.74929, 52.77056 ], [ 13.74911, 52.77054 ], [ 13.74898, 52.77065 ], [ 13.74873, 52.77067 ], [ 13.7487, 52.77071 ], [ 13.74886, 52.77083 ], [ 13.74949, 52.77101 ], [ 13.75011, 52.77136 ], [ 13.75076, 52.77139 ], [ 13.7523, 52.77164 ], [ 13.75286, 52.77187 ], [ 13.75312, 52.77184 ], [ 13.75321, 52.77177 ], [ 13.75321, 52.77161 ], [ 13.75307, 52.7713 ] ] ] } },
{ "type": "Feature", "properties": { "boden": "100 % mittel, mäßig frisch (M+2)" }, "geometry": { "type": "Polygon", "coordinates": [ [ [ 13.74583, 52.77114 ], [ 13.74403, 52.77056 ], [ 13.7425, 52.7707 ], [ 13.74318, 52.77124 ], [ 13.74413, 52.77164 ], [ 13.74498, 52.77182 ], [ 13.74636, 52.77188 ], [ 13.74763, 52.77241 ], [ 13.74824, 52.77149 ], [ 13.74583, 52.77114 ] ], [ [ 13.74778, 52.77164 ], [ 13.74771, 52.77175 ], [ 13.74779, 52.77207 ], [ 13.74771, 52.77218 ], [ 13.74753, 52.77222 ], [ 13.74736, 52.77217 ], [ 13.74729, 52.77206 ], [ 13.74736, 52.77196 ], [ 13.74728, 52.77164 ], [ 13.74736, 52.77153 ], [ 13.74753, 52.77149 ], [ 13.74771, 52.77153 ], [ 13.74778, 52.77164 ] ] ] } },
{ "type": "Feature", "properties": { "boden": "100 % mittel, mäßig frisch (M+2)" }, "geometry": { "type": "Polygon", "coordinates": [ [ [ 13.74753, 52.77149 ], [ 13.74736, 52.77153 ], [ 13.74728, 52.77164 ], [ 13.74736, 52.77196 ], [ 13.74729, 52.77206 ], [ 13.74736, 52.77217 ], [ 13.74753, 52.77222 ], [ 13.74771, 52.77218 ], [ 13.74779, 52.77207 ], [ 13.74771, 52.77175 ], [ 13.74778, 52.77164 ], [ 13.74771, 52.77153 ], [ 13.74753, 52.77149 ] ] ] } },
{ "type": "Feature", "properties": { "boden": "70 % mittel, mäßig frisch (M2g) · 30 % mittel, mäßig frisch (M+2)" }, "geometry": { "type": "Polygon", "coordinates": [ [ [ 13.74763, 52.77241 ], [ 13.7479, 52.77257 ], [ 13.7484, 52.77303 ], [ 13.74862, 52.77316 ], [ 13.74951, 52.77272 ], [ 13.75022, 52.77304 ], [ 13.75091, 52.77325 ], [ 13.75066, 52.77225 ], [ 13.75187, 52.77205 ], [ 13.75197, 52.77191 ], [ 13.75173, 52.77172 ], [ 13.7514, 52.77166 ], [ 13.75099, 52.77164 ], [ 13.7502, 52.77179 ], [ 13.74985, 52.77174 ], [ 13.74917, 52.77147 ], [ 13.74888, 52.77144 ], [ 13.74824, 52.77149 ], [ 13.74763, 52.77241 ] ] ] } },
{ "type": "Feature", "properties": { "boden": "70 % ziemlich arm, trocken (vermutet) (Z3) · 30 % ziemlich arm, trocken (vermutet) (Z3)" }, "geometry": { "type": "Polygon", "coordinates": [ [ [ 13.75228, 52.77221 ], [ 13.75119, 52.77236 ], [ 13.75115, 52.77253 ], [ 13.75124, 52.77269 ], [ 13.75138, 52.77279 ], [ 13.75158, 52.7728 ], [ 13.75203, 52.77262 ], [ 13.75231, 52.77237 ], [ 13.75228, 52.77221 ] ] ] } },
{ "type": "Feature", "properties": { "boden": "50 % ziemlich arm, mäßig frisch (Z2) · 50 % ziemlich arm, mäßig frisch (Z2)" }, "geometry": { "type": "Polygon", "coordinates": [ [ [ 13.75566, 52.77431 ], [ 13.75451, 52.77425 ], [ 13.7541, 52.77414 ], [ 13.75371, 52.77394 ], [ 13.75317, 52.7735 ], [ 13.75284, 52.77353 ], [ 13.75181, 52.77345 ], [ 13.75113, 52.77331 ], [ 13.75022, 52.77304 ], [ 13.74951, 52.77272 ], [ 13.7509, 52.77408 ], [ 13.75184, 52.77413 ], [ 13.75227, 52.77408 ], [ 13.75271, 52.77409 ], [ 13.75415, 52.77449 ], [ 13.75449, 52.77451 ], [ 13.75488, 52.77452 ], [ 13.75523, 52.77448 ], [ 13.75566, 52.77431 ] ] ] } },
{ "type": "Feature", "properties": { "boden": "100 % mittel, mäßig frisch (M2)" }, "geometry": { "type": "Polygon", "coordinates": [ [ [ 13.7509, 52.77408 ], [ 13.74951, 52.77272 ], [ 13.74862, 52.77316 ], [ 13.74828, 52.77353 ], [ 13.74808, 52.77389 ], [ 13.74794, 52.77395 ], [ 13.74773, 52.77428 ], [ 13.74719, 52.77474 ], [ 13.74619, 52.77535 ], [ 13.74656, 52.77526 ], [ 13.74688, 52.77523 ], [ 13.74774, 52.77492 ], [ 13.74901, 52.7747 ], [ 13.74921, 52.77456 ], [ 13.74934, 52.7743 ], [ 13.74966, 52.77409 ], [ 13.75014, 52.77397 ], [ 13.7509, 52.77408 ] ], [ [ 13.74893, 52.77456 ], [ 13.74885, 52.77467 ], [ 13.74867, 52.77471 ], [ 13.7485, 52.77467 ], [ 13.74843, 52.77456 ], [ 13.7485, 52.77445 ], [ 13.74868, 52.77441 ], [ 13.74886, 52.77445 ], [ 13.74893, 52.77456 ] ] ] } },
{ "type": "Feature", "properties": { "boden": "100 % mittel, mäßig frisch (M2)" }, "geometry": { "type": "Polygon", "coordinates": [ [ [ 13.74868, 52.77441 ], [ 13.7485, 52.77445 ], [ 13.74843, 52.77456 ], [ 13.7485, 52.77467 ], [ 13.74867, 52.77471 ], [ 13.74885, 52.77467 ], [ 13.74893, 52.77456 ], [ 13.74886, 52.77445 ], [ 13.74868, 52.77441 ] ] ] } },
{ "type": "Feature", "properties": { "boden": "40 % mittel, mäßig frisch (M2) · 30 % mittel, mäßig frisch (M2g) · 30 % ziemlich arm, mäßig frisch (Z2)" }, "geometry": { "type": "Polygon", "coordinates": [ [ [ 13.75339, 52.77592 ], [ 13.75324, 52.77588 ], [ 13.75317, 52.77577 ], [ 13.75324, 52.77566 ], [ 13.75342, 52.77562 ], [ 13.7536, 52.77567 ], [ 13.75365, 52.77575 ], [ 13.75479, 52.77503 ], [ 13.75456, 52.775 ], [ 13.75449, 52.77489 ], [ 13.75457, 52.77478 ], [ 13.75475, 52.77474 ], [ 13.75492, 52.77478 ], [ 13.75498, 52.77491 ], [ 13.75556, 52.77455 ], [ 13.75594, 52.77446 ], [ 13.7558, 52.77437 ], [ 13.75566, 52.77431 ], [ 13.75523, 52.77448 ], [ 13.75488, 52.77452 ], [ 13.75415, 52.77449 ], [ 13.75271, 52.77409 ], [ 13.75227, 52.77408 ], [ 13.75184, 52.77413 ], [ 13.7509, 52.77408 ], [ 13.75014, 52.77397 ], [ 13.74966, 52.77409 ], [ 13.74934, 52.7743 ], [ 13.74921, 52.77456 ], [ 13.74901, 52.7747 ], [ 13.74774, 52.77492 ], [ 13.74688, 52.77523 ], [ 13.74656, 52.77526 ], [ 13.74619, 52.77535 ], [ 13.74603, 52.7755 ], [ 13.74578, 52.77594 ], [ 13.74617, 52.77605 ], [ 13.74692, 52.77615 ], [ 13.74903, 52.77628 ], [ 13.74969, 52.7764 ], [ 13.7507, 52.77676 ], [ 13.75066, 52.77664 ], [ 13.75078, 52.77642 ], [ 13.75111, 52.77613 ], [ 13.75156, 52.77591 ], [ 13.75239, 52.77539 ], [ 13.75311, 52.77611 ], [ 13.75339, 52.77592 ] ] ] } },
{ "type": "Feature", "properties": { "boden": "50 % ziemlich arm, mäßig frisch (Z2) · 50 % mittel, mäßig frisch (M+2)" }, "geometry": { "type": "Polygon", "coordinates": [ [ [ 13.74123, 52.7692 ], [ 13.74116, 52.76909 ], [ 13.74098, 52.76904 ], [ 13.7408, 52.76909 ], [ 13.74072, 52.76919 ], [ 13.74079, 52.76929 ], [ 13.74118, 52.76927 ], [ 13.74123, 52.7692 ] ] ] } },
{ "type": "Feature", "properties": { "boden": "70 % ziemlich arm, trocken (vermutet) (Z3) · 30 % ziemlich arm, trocken (vermutet) (Z3)" }, "geometry": { "type": "Polygon", "coordinates": [ [ [ 13.74042, 52.76964 ], [ 13.74218, 52.76976 ], [ 13.74297, 52.7701 ], [ 13.74331, 52.77001 ], [ 13.74393, 52.76998 ], [ 13.74418, 52.76984 ], [ 13.74437, 52.7698 ], [ 13.74509, 52.76993 ], [ 13.74531, 52.76983 ], [ 13.74584, 52.76978 ], [ 13.74522, 52.76943 ], [ 13.74506, 52.76946 ], [ 13.74489, 52.76962 ], [ 13.7447, 52.76967 ], [ 13.74429, 52.76959 ], [ 13.74404, 52.76947 ], [ 13.74344, 52.76946 ], [ 13.74294, 52.76937 ], [ 13.74253, 52.76948 ], [ 13.74214, 52.76942 ], [ 13.74179, 52.76943 ], [ 13.74148, 52.76955 ], [ 13.7411, 52.76941 ], [ 13.74085, 52.76942 ], [ 13.74061, 52.76948 ], [ 13.74039, 52.7696 ], [ 13.74042, 52.76964 ] ] ] } },
{ "type": "Feature", "properties": { "boden": "40 % ziemlich arm, trocken (vermutet) (Z3) · 30 % ziemlich arm, trocken (vermutet) (Z3) · 30 % mittel, mäßig frisch (M2g)" }, "geometry": { "type": "Polygon", "coordinates": [ [ [ 13.74218, 52.76976 ], [ 13.74117, 52.76966 ], [ 13.74042, 52.76964 ], [ 13.74081, 52.76974 ], [ 13.7419, 52.76977 ], [ 13.74217, 52.76985 ], [ 13.74273, 52.77014 ], [ 13.74297, 52.7701 ], [ 13.74218, 52.76976 ] ] ] } },
{ "type": "Feature", "properties": { "boden": "40 % ziemlich arm, trocken (vermutet) (Z3) · 30 % ziemlich arm, trocken (vermutet) (Z3) · 30 % mittel, mäßig frisch (M2g)" }, "geometry": { "type": "Polygon", "coordinates": [ [ [ 13.73725, 52.77008 ], [ 13.73716, 52.77 ], [ 13.73694, 52.76996 ], [ 13.73636, 52.76995 ], [ 13.7364, 52.77005 ], [ 13.73634, 52.77011 ], [ 13.73619, 52.77011 ], [ 13.73605, 52.77005 ], [ 13.73594, 52.77011 ], [ 13.73542, 52.77017 ], [ 13.73536, 52.77023 ], [ 13.73555, 52.77035 ], [ 13.73593, 52.7704 ], [ 13.73682, 52.77041 ], [ 13.73714, 52.77031 ], [ 13.73725, 52.77008 ] ] ] } },
{ "type": "Feature", "properties": { "boden": "40 % ziemlich arm, mäßig frisch (Z2) · 30 % ziemlich arm, mäßig frisch (Z2) · 30 % mittel, mäßig frisch (M2g)" }, "geometry": { "type": "Polygon", "coordinates": [ [ [ 13.73097, 52.77137 ], [ 13.733, 52.77063 ], [ 13.7344, 52.77032 ], [ 13.73486, 52.77034 ], [ 13.73589, 52.7706 ], [ 13.7384, 52.77059 ], [ 13.73951, 52.77066 ], [ 13.74115, 52.77084 ], [ 13.74403, 52.77056 ], [ 13.74297, 52.7701 ], [ 13.74273, 52.77014 ], [ 13.74217, 52.76985 ], [ 13.7419, 52.76977 ], [ 13.74097, 52.76975 ], [ 13.74042, 52.76964 ], [ 13.73841, 52.76949 ], [ 13.73647, 52.76918 ], [ 13.73554, 52.76898 ], [ 13.73511, 52.76915 ], [ 13.73439, 52.7692 ], [ 13.7332, 52.76916 ], [ 13.72991, 52.76946 ], [ 13.72862, 52.76976 ], [ 13.72819, 52.76976 ], [ 13.72687, 52.76957 ], [ 13.72577, 52.76953 ], [ 13.72497, 52.76962 ], [ 13.72478, 52.76972 ], [ 13.72441, 52.772 ], [ 13.72557, 52.77208 ], [ 13.72814, 52.77135 ], [ 13.72954, 52.77142 ], [ 13.73097, 52.77137 ] ], [ [ 13.73714, 52.77031 ], [ 13.73682, 52.77041 ], [ 13.73593, 52.7704 ], [ 13.73555, 52.77035 ], [ 13.73536, 52.77023 ], [ 13.73542, 52.77017 ], [ 13.73594, 52.77011 ], [ 13.73605, 52.77005 ], [ 13.73619, 52.77011 ], [ 13.73634, 52.77011 ], [ 13.7364, 52.77005 ], [ 13.73636, 52.76995 ], [ 13.73694, 52.76996 ], [ 13.73716, 52.77 ], [ 13.73725, 52.77008 ], [ 13.73714, 52.77031 ] ] ] } },
{ "type": "Feature", "properties": { "boden": "50 % mittel, mäßig frisch (M2) · 50 % mittel, mäßig frisch (M+2)" }, "geometry": { "type": "Polygon", "coordinates": [ [ [ 13.73786, 52.7706 ], [ 13.73596, 52.7706 ], [ 13.73596, 52.77063 ], [ 13.73615, 52.77074 ], [ 13.73667, 52.77078 ], [ 13.73763, 52.7707 ], [ 13.73786, 52.7706 ] ] ] } },
{ "type": "Feature", "properties": { "boden": "50 % mittel, mäßig frisch (M2) · 50 % mittel, mäßig frisch (M+2)" }, "geometry": { "type": "Polygon", "coordinates": [ [ [ 13.73757, 52.77132 ], [ 13.73785, 52.77113 ], [ 13.73822, 52.77099 ], [ 13.74015, 52.77086 ], [ 13.74016, 52.77075 ], [ 13.73951, 52.77066 ], [ 13.7384, 52.77059 ], [ 13.73786, 52.7706 ], [ 13.73763, 52.7707 ], [ 13.73721, 52.77075 ], [ 13.73628, 52.77076 ], [ 13.73599, 52.77067 ], [ 13.73596, 52.7706 ], [ 13.73486, 52.77034 ], [ 13.7344, 52.77032 ], [ 13.733, 52.77063 ], [ 13.73097, 52.77137 ], [ 13.73192, 52.77151 ], [ 13.73253, 52.77166 ], [ 13.73284, 52.7718 ], [ 13.73298, 52.77199 ], [ 13.73297, 52.77244 ], [ 13.73336, 52.77247 ], [ 13.73379, 52.77242 ], [ 13.73487, 52.77203 ], [ 13.73557, 52.77183 ], [ 13.73728, 52.77163 ], [ 13.73754, 52.77152 ], [ 13.73757, 52.77132 ] ] ] } },
{ "type": "Feature", "properties": { "boden": "100 % mittel, mäßig frisch (M+2)" }, "geometry": { "type": "Polygon", "coordinates": [ [ [ 13.74015, 52.77086 ], [ 13.73822, 52.77099 ], [ 13.73785, 52.77113 ], [ 13.73757, 52.77132 ], [ 13.73754, 52.77152 ], [ 13.73858, 52.77155 ], [ 13.73888, 52.77162 ], [ 13.73911, 52.77179 ], [ 13.73921, 52.77205 ], [ 13.7392, 52.77232 ], [ 13.73905, 52.77293 ], [ 13.73875, 52.7738 ], [ 13.73852, 52.77404 ], [ 13.7384, 52.77433 ], [ 13.73851, 52.77455 ], [ 13.73909, 52.77463 ], [ 13.73939, 52.77427 ], [ 13.73996, 52.77388 ], [ 13.74075, 52.77348 ], [ 13.74281, 52.77279 ], [ 13.74296, 52.77266 ], [ 13.74294, 52.7725 ], [ 13.74278, 52.77239 ], [ 13.7415, 52.77212 ], [ 13.74055, 52.7718 ], [ 13.74031, 52.77163 ], [ 13.74012, 52.77134 ], [ 13.74015, 52.77086 ] ] ] } },
{ "type": "Feature", "properties": { "boden": "50 % mittel, mäßig frisch (M2) · 30 % mittel, mäßig frisch (M2) · 20 % mittel, mäßig frisch (M+2)" }, "geometry": { "type": "Polygon", "coordinates": [ [ [ 13.73379, 52.77351 ], [ 13.73361, 52.77355 ], [ 13.73354, 52.77366 ], [ 13.73361, 52.77376 ], [ 13.73378, 52.77381 ], [ 13.73396, 52.77377 ], [ 13.73404, 52.77366 ], [ 13.73397, 52.77355 ], [ 13.73379, 52.77351 ] ] ] } },
{ "type": "Feature", "properties": { "boden": "100 % kräftig, mäßig frisch (K2)" }, "geometry": { "type": "Polygon", "coordinates": [ [ [ 13.74578, 52.77594 ], [ 13.74603, 52.7755 ], [ 13.74619, 52.77535 ], [ 13.74719, 52.77474 ], [ 13.74773, 52.77428 ], [ 13.74794, 52.77395 ], [ 13.74808, 52.77389 ], [ 13.74828, 52.77353 ], [ 13.74862, 52.77316 ], [ 13.7484, 52.77303 ], [ 13.7479, 52.77257 ], [ 13.74672, 52.77201 ], [ 13.74636, 52.77188 ], [ 13.74498, 52.77182 ], [ 13.74413, 52.77164 ], [ 13.74318, 52.77124 ], [ 13.7425, 52.7707 ], [ 13.74115, 52.77084 ], [ 13.74016, 52.77075 ], [ 13.74012, 52.77134 ], [ 13.74031, 52.77163 ], [ 13.74055, 52.7718 ], [ 13.7415, 52.77212 ], [ 13.74278, 52.77239 ], [ 13.74294, 52.7725 ], [ 13.74296, 52.77266 ], [ 13.74281, 52.77279 ], [ 13.74075, 52.77348 ], [ 13.73996, 52.77388 ], [ 13.73939, 52.77427 ], [ 13.73909, 52.77463 ], [ 13.73851, 52.77455 ], [ 13.7384, 52.77433 ], [ 13.73852, 52.77404 ], [ 13.73875, 52.7738 ], [ 13.7392, 52.77232 ], [ 13.73921, 52.77205 ], [ 13.73911, 52.77179 ], [ 13.73888, 52.77162 ], [ 13.73858, 52.77155 ], [ 13.73754, 52.77152 ], [ 13.73728, 52.77163 ], [ 13.73689, 52.7717 ], [ 13.73557, 52.77183 ], [ 13.73487, 52.77203 ], [ 13.73379, 52.77242 ], [ 13.73336, 52.77247 ], [ 13.73297, 52.77244 ], [ 13.73287, 52.77272 ], [ 13.73336, 52.77286 ], [ 13.73453, 52.77308 ], [ 13.73444, 52.77338 ], [ 13.73459, 52.7739 ], [ 13.73435, 52.77436 ], [ 13.73437, 52.77507 ], [ 13.73461, 52.7757 ], [ 13.73486, 52.77596 ], [ 13.73556, 52.776 ], [ 13.73849, 52.77556 ], [ 13.73884, 52.77557 ], [ 13.73902, 52.77569 ], [ 13.73914, 52.77645 ], [ 13.73928, 52.77666 ], [ 13.74076, 52.77745 ], [ 13.74127, 52.77774 ], [ 13.74165, 52.77804 ], [ 13.74195, 52.77808 ], [ 13.74219, 52.77817 ], [ 13.74255, 52.7786 ], [ 13.74317, 52.77895 ], [ 13.74344, 52.77905 ], [ 13.74367, 52.77897 ], [ 13.74413, 52.77838 ], [ 13.74461, 52.77803 ], [ 13.74495, 52.77742 ], [ 13.7451, 52.77694 ], [ 13.7455, 52.77637 ], [ 13.74578, 52.77607 ], [ 13.74578, 52.77594 ] ] ] } },
{ "type": "Feature", "properties": { "boden": "100 % ziemlich arm, mäßig frisch (Z2)" }, "geometry": { "type": "Polygon", "coordinates": [ [ [ 13.77613, 52.77055 ], [ 13.77708, 52.77057 ], [ 13.77843, 52.77043 ], [ 13.78017, 52.77035 ], [ 13.78032, 52.7703 ], [ 13.78033, 52.77022 ], [ 13.78, 52.76992 ], [ 13.77948, 52.76991 ], [ 13.77927, 52.77007 ], [ 13.77856, 52.77017 ], [ 13.77697, 52.77019 ], [ 13.77617, 52.7703 ], [ 13.77568, 52.77031 ], [ 13.77455, 52.77027 ], [ 13.77414, 52.7703 ], [ 13.77505, 52.77062 ], [ 13.77549, 52.77071 ], [ 13.7758, 52.7706 ], [ 13.77613, 52.77055 ] ] ] } },
{ "type": "Feature", "properties": { "boden": "50 % ziemlich arm, trocken (vermutet) (Z3) · 30 % ziemlich arm, trocken (vermutet) (Z3) · 20 % ziemlich arm, trocken (vermutet) (Z3)" }, "geometry": { "type": "Polygon", "coordinates": [ [ [ 13.77361, 52.77037 ], [ 13.77346, 52.7702 ], [ 13.77316, 52.77015 ], [ 13.77272, 52.77017 ], [ 13.77264, 52.77026 ], [ 13.77243, 52.77031 ], [ 13.77248, 52.77036 ], [ 13.77269, 52.77036 ], [ 13.77311, 52.77022 ], [ 13.77337, 52.77035 ], [ 13.77334, 52.7704 ], [ 13.77318, 52.77039 ], [ 13.7732, 52.77044 ], [ 13.77349, 52.77043 ], [ 13.77361, 52.77037 ] ] ] } },
{ "type": "Feature", "properties": { "boden": "50 % ziemlich arm, trocken (vermutet) (Z3) · 30 % ziemlich arm, trocken (vermutet) (Z3) · 20 % ziemlich arm, trocken (vermutet) (Z3)" }, "geometry": { "type": "Polygon", "coordinates": [ [ [ 13.77113, 52.77055 ], [ 13.77147, 52.77056 ], [ 13.77165, 52.77046 ], [ 13.7715, 52.77041 ], [ 13.77113, 52.7704 ], [ 13.77093, 52.77047 ], [ 13.77042, 52.77051 ], [ 13.77061, 52.77059 ], [ 13.77092, 52.7706 ], [ 13.77113, 52.77055 ] ] ] } },
{ "type": "Feature", "properties": { "boden": "50 % mittel, mäßig frisch (M+2) · 30 % mittel, mäßig frisch (M2) · 20 % ziemlich arm, mäßig frisch (Z2)" }, "geometry": { "type": "Polygon", "coordinates": [ [ [ 13.77775, 52.77052 ], [ 13.77708, 52.77057 ], [ 13.77613, 52.77055 ], [ 13.7758, 52.7706 ], [ 13.77607, 52.77067 ], [ 13.77694, 52.77077 ], [ 13.7773, 52.77094 ], [ 13.77792, 52.77082 ], [ 13.77807, 52.77074 ], [ 13.77809, 52.77055 ], [ 13.77775, 52.77052 ] ] ] } },
{ "type": "Feature", "properties": { "boden": "50 % ziemlich arm, mäßig frisch (Z2) · 30 % ziemlich arm, mäßig frisch (Z2) · 20 % ziemlich arm, mäßig frisch (Z2)" }, "geometry": { "type": "Polygon", "coordinates": [ [ [ 13.77519, 52.77082 ], [ 13.775, 52.77088 ], [ 13.77508, 52.77103 ], [ 13.77526, 52.77107 ], [ 13.77551, 52.77098 ], [ 13.77546, 52.77088 ], [ 13.77519, 52.77082 ] ] ] } },
{ "type": "Feature", "properties": { "boden": "50 % ziemlich arm, trocken (vermutet) (Z3) · 30 % ziemlich arm, trocken (vermutet) (Z3) · 20 % ziemlich arm, trocken (vermutet) (Z3)" }, "geometry": { "type": "Polygon", "coordinates": [ [ [ 13.77439, 52.77106 ], [ 13.77412, 52.77091 ], [ 13.77389, 52.77071 ], [ 13.77378, 52.7707 ], [ 13.77378, 52.77082 ], [ 13.77406, 52.77112 ], [ 13.774, 52.77132 ], [ 13.77405, 52.77138 ], [ 13.77431, 52.77114 ], [ 13.77442, 52.7712 ], [ 13.77439, 52.77106 ] ] ] } },
{ "type": "Feature", "properties": { "boden": "50 % ziemlich arm, trocken (vermutet) (Z3) · 30 % ziemlich arm, trocken (vermutet) (Z3) · 20 % ziemlich arm, trocken (vermutet) (Z3)" }, "geometry": { "type": "Polygon", "coordinates": [ [ [ 13.77235, 52.77093 ], [ 13.77156, 52.77092 ], [ 13.77113, 52.77083 ], [ 13.77093, 52.77085 ], [ 13.77113, 52.77099 ], [ 13.77201, 52.77125 ], [ 13.77242, 52.77156 ], [ 13.77253, 52.77158 ], [ 13.77262, 52.77155 ], [ 13.77267, 52.77141 ], [ 13.77257, 52.77136 ], [ 13.77243, 52.77103 ], [ 13.77235, 52.77093 ] ] ] } },
{ "type": "Feature", "properties": { "boden": "40 % ziemlich arm, trocken (vermutet) (Z3) · 30 % ziemlich arm, trocken (vermutet) (Z3) · 30 % ziemlich arm, mäßig frisch (Z2g)" }, "geometry": { "type": "Polygon", "coordinates": [ [ [ 13.77503, 52.77156 ], [ 13.77431, 52.77114 ], [ 13.77408, 52.77139 ], [ 13.77482, 52.77148 ], [ 13.77503, 52.77156 ] ] ] } },
{ "type": "Feature", "properties": { "boden": "50 % ziemlich arm, trocken (vermutet) (Z3) · 30 % ziemlich arm, trocken (vermutet) (Z3) · 20 % ziemlich arm, trocken (vermutet) (Z3)" }, "geometry": { "type": "Polygon", "coordinates": [ [ [ 13.77503, 52.77156 ], [ 13.77528, 52.77178 ], [ 13.77675, 52.77242 ], [ 13.77691, 52.77238 ], [ 13.77702, 52.7721 ], [ 13.77687, 52.77167 ], [ 13.77671, 52.77152 ], [ 13.77636, 52.77159 ], [ 13.77623, 52.77152 ], [ 13.77619, 52.77138 ], [ 13.77633, 52.77122 ], [ 13.77609, 52.77099 ], [ 13.77594, 52.77097 ], [ 13.77586, 52.77118 ], [ 13.77574, 52.77127 ], [ 13.77545, 52.77133 ], [ 13.77513, 52.77133 ], [ 13.77475, 52.77123 ], [ 13.7745, 52.77125 ], [ 13.77503, 52.77156 ] ] ] } },
{ "type": "Feature", "properties": { "boden": "50 % ziemlich arm, mäßig frisch (Z2) · 30 % ziemlich arm, mäßig frisch (Z2) · 20 % ziemlich arm, mäßig frisch (Z2)" }, "geometry": { "type": "Polygon", "coordinates": [ [ [ 13.77185, 52.77217 ], [ 13.77272, 52.77181 ], [ 13.77294, 52.77165 ], [ 13.77314, 52.77159 ], [ 13.77348, 52.77167 ], [ 13.7736, 52.77175 ], [ 13.77363, 52.77188 ], [ 13.77408, 52.77139 ], [ 13.774, 52.77132 ], [ 13.77406, 52.77112 ], [ 13.77378, 52.77082 ], [ 13.77381, 52.7707 ], [ 13.77436, 52.77102 ], [ 13.77442, 52.7712 ], [ 13.7745, 52.77125 ], [ 13.77475, 52.77123 ], [ 13.77513, 52.77133 ], [ 13.77545, 52.77133 ], [ 13.77574, 52.77127 ], [ 13.77586, 52.77118 ], [ 13.77594, 52.77097 ], [ 13.77609, 52.77099 ], [ 13.77633, 52.77122 ], [ 13.77619, 52.77138 ], [ 13.77623, 52.77152 ], [ 13.77636, 52.77159 ], [ 13.77671, 52.77152 ], [ 13.77687, 52.77167 ], [ 13.77702, 52.7721 ], [ 13.777, 52.77225 ], [ 13.77691, 52.77238 ], [ 13.77675, 52.77242 ], [ 13.77709, 52.77257 ], [ 13.77732, 52.77256 ], [ 13.77719, 52.77247 ], [ 13.77741, 52.77233 ], [ 13.77797, 52.77233 ], [ 13.77827, 52.77238 ], [ 13.77865, 52.77236 ], [ 13.7786, 52.77251 ], [ 13.77946, 52.77273 ], [ 13.77953, 52.77269 ], [ 13.77932, 52.77256 ], [ 13.77927, 52.7724 ], [ 13.7791, 52.77236 ], [ 13.77905, 52.77212 ], [ 13.77889, 52.77205 ], [ 13.77889, 52.77199 ], [ 13.77912, 52.77192 ], [ 13.77951, 52.77193 ], [ 13.78002, 52.77216 ], [ 13.78015, 52.77237 ], [ 13.78045, 52.77221 ], [ 13.78055, 52.77197 ], [ 13.77768, 52.77175 ], [ 13.77736, 52.77167 ], [ 13.77616, 52.77086 ], [ 13.77587, 52.77076 ], [ 13.77505, 52.77062 ], [ 13.77393, 52.77019 ], [ 13.77305, 52.77003 ], [ 13.77256, 52.77002 ], [ 13.77171, 52.77024 ], [ 13.77007, 52.77037 ], [ 13.76745, 52.7703 ], [ 13.76682, 52.77032 ], [ 13.76638, 52.77042 ], [ 13.76591, 52.77041 ], [ 13.7652, 52.77024 ], [ 13.76494, 52.77025 ], [ 13.76461, 52.77063 ], [ 13.76498, 52.77085 ], [ 13.76547, 52.77103 ], [ 13.76646, 52.77089 ], [ 13.76785, 52.77089 ], [ 13.76847, 52.77094 ], [ 13.76885, 52.77109 ], [ 13.76904, 52.77124 ], [ 13.76908, 52.77149 ], [ 13.76892, 52.77161 ], [ 13.76618, 52.77156 ], [ 13.76582, 52.77147 ], [ 13.7655, 52.77149 ], [ 13.765, 52.7714 ], [ 13.76489, 52.77142 ], [ 13.76481, 52.77149 ], [ 13.76486, 52.77194 ], [ 13.76548, 52.77217 ], [ 13.76583, 52.77245 ], [ 13.76619, 52.77263 ], [ 13.76709, 52.77325 ], [ 13.76734, 52.77332 ], [ 13.7676, 52.77334 ], [ 13.76768, 52.77323 ], [ 13.76796, 52.77311 ], [ 13.76824, 52.77307 ], [ 13.76832, 52.77312 ], [ 13.76826, 52.77319 ], [ 13.76798, 52.77331 ], [ 13.76843, 52.77336 ], [ 13.76889, 52.77358 ], [ 13.76922, 52.7736 ], [ 13.76965, 52.77354 ], [ 13.77012, 52.77342 ], [ 13.77036, 52.77324 ], [ 13.77054, 52.77292 ], [ 13.77066, 52.77249 ], [ 13.77185, 52.77217 ] ], [ [ 13.76979, 52.77265 ], [ 13.77011, 52.7727 ], [ 13.77018, 52.77283 ], [ 13.77005, 52.77307 ], [ 13.76968, 52.77315 ], [ 13.76951, 52.77312 ], [ 13.76946, 52.77307 ], [ 13.7696, 52.77269 ], [ 13.76979, 52.77265 ] ], [ [ 13.76783, 52.77277 ], [ 13.76781, 52.77289 ], [ 13.76756, 52.77289 ], [ 13.76739, 52.77284 ], [ 13.76696, 52.7725 ], [ 13.76676, 52.77216 ], [ 13.76704, 52.77214 ], [ 13.76726, 52.77258 ], [ 13.76736, 52.77263 ], [ 13.76764, 52.77263 ], [ 13.76775, 52.77266 ], [ 13.76783, 52.77277 ] ], [ [ 13.76538, 52.77166 ], [ 13.7657, 52.77187 ], [ 13.76575, 52.77204 ], [ 13.76556, 52.77206 ], [ 13.76518, 52.77187 ], [ 13.76509, 52.77168 ], [ 13.76519, 52.77164 ], [ 13.76538, 52.77166 ] ], [ [ 13.77235, 52.77093 ], [ 13.77257, 52.77136 ], [ 13.77267, 52.77141 ], [ 13.77262, 52.77155 ], [ 13.77253, 52.77158 ], [ 13.77242, 52.77156 ], [ 13.77201, 52.77125 ], [ 13.77113, 52.77099 ], [ 13.77093, 52.77085 ], [ 13.77099, 52.77082 ], [ 13.77156, 52.77092 ], [ 13.77235, 52.77093 ] ], [ [ 13.76947, 52.7705 ], [ 13.76957, 52.77065 ], [ 13.76943, 52.77072 ], [ 13.76891, 52.77069 ], [ 13.7687, 52.7706 ], [ 13.7687, 52.77053 ], [ 13.76891, 52.77043 ], [ 13.76935, 52.77045 ], [ 13.76947, 52.7705 ] ], [ [ 13.7656, 52.7706 ], [ 13.76513, 52.77057 ], [ 13.76485, 52.7704 ], [ 13.76503, 52.77036 ], [ 13.76576, 52.77042 ], [ 13.76618, 52.77049 ], [ 13.7662, 52.77053 ], [ 13.76613, 52.77055 ], [ 13.76582, 52.77054 ], [ 13.7656, 52.7706 ] ], [ [ 13.77092, 52.7706 ], [ 13.77061, 52.77059 ], [ 13.77042, 52.77051 ], [ 13.77093, 52.77047 ], [ 13.77113, 52.7704 ], [ 13.7715, 52.77041 ], [ 13.77165, 52.77046 ], [ 13.77147, 52.77056 ], [ 13.77113, 52.77055 ], [ 13.77092, 52.7706 ] ], [ [ 13.77349, 52.77043 ], [ 13.77317, 52.77043 ], [ 13.77318, 52.77039 ], [ 13.77334, 52.7704 ], [ 13.77337, 52.77035 ], [ 13.77311, 52.77022 ], [ 13.77269, 52.77036 ], [ 13.77248, 52.77036 ], [ 13.77243, 52.77031 ], [ 13.77264, 52.77026 ], [ 13.77272, 52.77017 ], [ 13.77333, 52.77017 ], [ 13.7736, 52.77032 ], [ 13.77361, 52.77037 ], [ 13.77349, 52.77043 ] ], [ [ 13.77546, 52.77088 ], [ 13.77551, 52.77098 ], [ 13.77526, 52.77107 ], [ 13.77508, 52.77103 ], [ 13.77499, 52.77095 ], [ 13.775, 52.77088 ], [ 13.77512, 52.77083 ], [ 13.77546, 52.77088 ] ] ] } },
{ "type": "Feature", "properties": { "boden": "40 % ziemlich arm, mäßig frisch (Z2) · 30 % ziemlich arm, mäßig frisch (Z2) · 30 % ziemlich arm, mäßig frisch (Z2)" }, "geometry": { "type": "Polygon", "coordinates": [ [ [ 13.78463, 52.77268 ], [ 13.78537, 52.77252 ], [ 13.78518, 52.77246 ], [ 13.785, 52.7725 ], [ 13.78459, 52.7725 ], [ 13.78346, 52.77266 ], [ 13.78328, 52.7727 ], [ 13.7832, 52.77281 ], [ 13.78327, 52.77291 ], [ 13.78345, 52.77296 ], [ 13.78404, 52.77287 ], [ 13.78463, 52.77268 ] ] ] } },
{ "type": "Feature", "properties": { "boden": "40 % ziemlich arm, trocken (vermutet) (Z3) · 30 % ziemlich arm, trocken (vermutet) (Z3) · 30 % ziemlich arm, trocken (vermutet) (Z3)" }, "geometry": { "type": "Polygon", "coordinates": [ [ [ 13.78488, 52.77278 ], [ 13.7847, 52.77288 ], [ 13.78461, 52.77303 ], [ 13.78472, 52.77314 ], [ 13.78488, 52.77317 ], [ 13.78511, 52.77311 ], [ 13.78541, 52.77289 ], [ 13.78533, 52.77281 ], [ 13.78517, 52.77277 ], [ 13.78488, 52.77278 ] ] ] } },
{ "type": "Feature", "properties": { "boden": "40 % ziemlich arm, mäßig frisch (Z2) · 30 % ziemlich arm, mäßig frisch (Z2) · 30 % ziemlich arm, mäßig frisch (Z2)" }, "geometry": { "type": "Polygon", "coordinates": [ [ [ 13.78504, 52.77358 ], [ 13.78499, 52.77343 ], [ 13.78553, 52.77318 ], [ 13.78582, 52.7729 ], [ 13.78647, 52.77252 ], [ 13.78648, 52.77228 ], [ 13.78609, 52.77232 ], [ 13.78557, 52.77249 ], [ 13.78488, 52.77261 ], [ 13.78404, 52.77287 ], [ 13.78476, 52.77276 ], [ 13.78533, 52.77281 ], [ 13.78538, 52.77293 ], [ 13.78499, 52.77315 ], [ 13.78472, 52.77314 ], [ 13.78462, 52.77305 ], [ 13.78451, 52.77307 ], [ 13.78443, 52.77318 ], [ 13.78419, 52.77324 ], [ 13.78449, 52.7733 ], [ 13.78463, 52.77338 ], [ 13.78461, 52.77345 ], [ 13.78444, 52.77347 ], [ 13.78396, 52.7733 ], [ 13.7839, 52.77338 ], [ 13.78393, 52.77349 ], [ 13.78438, 52.77359 ], [ 13.78488, 52.77379 ], [ 13.78499, 52.77363 ], [ 13.7851, 52.77359 ], [ 13.78504, 52.77358 ] ] ] } },
{ "type": "Feature", "properties": { "boden": "40 % ziemlich arm, mäßig frisch (Z2) · 30 % ziemlich arm, mäßig frisch (Z2) · 30 % ziemlich arm, mäßig frisch (Z2)" }, "geometry": { "type": "Polygon", "coordinates": [ [ [ 13.78396, 52.7733 ], [ 13.78443, 52.77318 ], [ 13.78451, 52.77307 ], [ 13.78462, 52.77305 ], [ 13.78465, 52.77293 ], [ 13.78478, 52.77283 ], [ 13.78503, 52.77276 ], [ 13.78434, 52.77281 ], [ 13.78327, 52.77311 ], [ 13.78328, 52.77323 ], [ 13.78353, 52.77326 ], [ 13.7839, 52.77338 ], [ 13.78396, 52.7733 ] ] ] } },
{ "type": "Feature", "properties": { "boden": "40 % ziemlich arm, trocken (vermutet) (Z3) · 30 % ziemlich arm, trocken (vermutet) (Z3) · 30 % ziemlich arm, mäßig frisch (Z2g)" }, "geometry": { "type": "Polygon", "coordinates": [ [ [ 13.78113, 52.77273 ], [ 13.78099, 52.77276 ], [ 13.78122, 52.77289 ], [ 13.78124, 52.77298 ], [ 13.78076, 52.77328 ], [ 13.78068, 52.77338 ], [ 13.78075, 52.77343 ], [ 13.78109, 52.77344 ], [ 13.78133, 52.77338 ], [ 13.7815, 52.77328 ], [ 13.78158, 52.77314 ], [ 13.78153, 52.7729 ], [ 13.78136, 52.77279 ], [ 13.78113, 52.77273 ] ] ] } },
{ "type": "Feature", "properties": { "boden": "100 % mittel, mäßig frisch (M2)" }, "geometry": { "type": "Polygon", "coordinates": [ [ [ 13.78243, 52.77299 ], [ 13.78202, 52.77292 ], [ 13.78188, 52.77317 ], [ 13.78216, 52.77354 ], [ 13.7821, 52.77345 ], [ 13.78243, 52.77299 ] ] ] } },
{ "type": "Feature", "properties": { "boden": "100 % mittel, mäßig frisch (M2)" }, "geometry": { "type": "Polygon", "coordinates": [ [ [ 13.78264, 52.77335 ], [ 13.78255, 52.77323 ], [ 13.78292, 52.77295 ], [ 13.78243, 52.77299 ], [ 13.7821, 52.77345 ], [ 13.78217, 52.77356 ], [ 13.78235, 52.77361 ], [ 13.78247, 52.77358 ], [ 13.78264, 52.77335 ] ] ] } },
{ "type": "Feature", "properties": { "boden": "40 % ziemlich arm, mäßig frisch (Z2) · 30 % ziemlich arm, mäßig frisch (Z2) · 30 % ziemlich arm, mäßig frisch (Z2)" }, "geometry": { "type": "Polygon", "coordinates": [ [ [ 13.78396, 52.7733 ], [ 13.78444, 52.77347 ], [ 13.78464, 52.77342 ], [ 13.78449, 52.7733 ], [ 13.78427, 52.77324 ], [ 13.78396, 52.7733 ] ] ] } },
{ "type": "Feature", "properties": { "boden": "100 % mittel, mäßig frisch (M2)" }, "geometry": { "type": "Polygon", "coordinates": [ [ [ 13.78267, 52.77393 ], [ 13.78254, 52.77405 ], [ 13.78261, 52.77416 ], [ 13.78278, 52.7742 ], [ 13.78296, 52.77416 ], [ 13.78301, 52.77409 ], [ 13.78267, 52.77393 ] ] ] } },
{ "type": "Feature", "properties": { "boden": "100 % mittel, mäßig frisch (M2)" }, "geometry": { "type": "Polygon", "coordinates": [ [ [ 13.78337, 52.7742 ], [ 13.78319, 52.77424 ], [ 13.78312, 52.77435 ], [ 13.78319, 52.77445 ], [ 13.7838, 52.77467 ], [ 13.78398, 52.77463 ], [ 13.78406, 52.77452 ], [ 13.78394, 52.7744 ], [ 13.78337, 52.7742 ] ] ] } },
{ "type": "Feature", "properties": { "boden": "100 % mittel, mäßig frisch (M2)" }, "geometry": { "type": "Polygon", "coordinates": [ [ [ 13.78434, 52.77479 ], [ 13.78423, 52.77476 ], [ 13.78405, 52.77481 ], [ 13.78398, 52.77491 ], [ 13.78405, 52.77502 ], [ 13.78422, 52.77507 ], [ 13.7844, 52.77503 ], [ 13.78434, 52.77479 ] ] ] } },
{ "type": "Feature", "properties": { "boden": "100 % mittel, mäßig frisch (M2)" }, "geometry": { "type": "Polygon", "coordinates": [ [ [ 13.78374, 52.77686 ], [ 13.78361, 52.77663 ], [ 13.78377, 52.77642 ], [ 13.7838, 52.77622 ], [ 13.78388, 52.77611 ], [ 13.78403, 52.77607 ], [ 13.78415, 52.77596 ], [ 13.78407, 52.77567 ], [ 13.78382, 52.77553 ], [ 13.78375, 52.77542 ], [ 13.78383, 52.77531 ], [ 13.78401, 52.77527 ], [ 13.78419, 52.77532 ], [ 13.78424, 52.7754 ], [ 13.78435, 52.77536 ], [ 13.78425, 52.77527 ], [ 13.78448, 52.77511 ], [ 13.78442, 52.775 ], [ 13.78422, 52.77507 ], [ 13.78405, 52.77502 ], [ 13.78398, 52.77491 ], [ 13.78405, 52.77481 ], [ 13.78423, 52.77476 ], [ 13.78434, 52.77479 ], [ 13.78433, 52.77476 ], [ 13.78387, 52.7743 ], [ 13.78301, 52.77409 ], [ 13.78296, 52.77416 ], [ 13.78278, 52.7742 ], [ 13.78261, 52.77416 ], [ 13.78254, 52.77405 ], [ 13.78267, 52.77393 ], [ 13.78252, 52.77386 ], [ 13.78247, 52.77358 ], [ 13.78235, 52.77361 ], [ 13.78208, 52.7735 ], [ 13.78243, 52.77446 ], [ 13.78244, 52.77483 ], [ 13.78326, 52.77477 ], [ 13.78334, 52.77539 ], [ 13.78262, 52.77552 ], [ 13.78275, 52.77612 ], [ 13.78319, 52.77708 ], [ 13.78366, 52.77695 ], [ 13.78374, 52.77686 ] ], [ [ 13.78337, 52.7742 ], [ 13.78394, 52.7744 ], [ 13.78406, 52.77452 ], [ 13.78398, 52.77463 ], [ 13.7838, 52.77467 ], [ 13.78319, 52.77445 ], [ 13.78312, 52.77435 ], [ 13.78319, 52.77424 ], [ 13.78337, 52.7742 ] ] ] } },
{ "type": "Feature", "properties": { "boden": "100 % mittel, mäßig frisch (M2)" }, "geometry": { "type": "Polygon", "coordinates": [ [ [ 13.78419, 52.77532 ], [ 13.78401, 52.77527 ], [ 13.78383, 52.77531 ], [ 13.78375, 52.77542 ], [ 13.78382, 52.77553 ], [ 13.78409, 52.7757 ], [ 13.78385, 52.77546 ], [ 13.78419, 52.77532 ] ] ] } },
{ "type": "Feature", "properties": { "boden": "100 % mittel, mäßig frisch (M2)" }, "geometry": { "type": "Polygon", "coordinates": [ [ [ 13.78452, 52.77589 ], [ 13.78455, 52.77548 ], [ 13.78449, 52.77549 ], [ 13.78435, 52.77536 ], [ 13.78424, 52.7754 ], [ 13.78419, 52.77533 ], [ 13.78385, 52.77546 ], [ 13.7841, 52.77566 ], [ 13.78421, 52.77588 ], [ 13.78439, 52.77593 ], [ 13.78452, 52.77589 ] ] ] } },
{ "type": "Feature", "properties": { "boden": "100 % mittel, mäßig frisch (M2)" }, "geometry": { "type": "Polygon", "coordinates": [ [ [ 13.78439, 52.77593 ], [ 13.78421, 52.77588 ], [ 13.78409, 52.7757 ], [ 13.78415, 52.77596 ], [ 13.78403, 52.77607 ], [ 13.78423, 52.77611 ], [ 13.7843, 52.77622 ], [ 13.78426, 52.77628 ], [ 13.78444, 52.77609 ], [ 13.78452, 52.77589 ], [ 13.78439, 52.77593 ] ] ] } },
{ "type": "Feature", "properties": { "boden": "100 % mittel, mäßig frisch (M2)" }, "geometry": { "type": "Polygon", "coordinates": [ [ [ 13.78411, 52.77645 ], [ 13.7843, 52.77622 ], [ 13.78423, 52.77611 ], [ 13.78406, 52.77607 ], [ 13.78388, 52.77611 ], [ 13.7838, 52.77622 ], [ 13.78377, 52.77642 ], [ 13.78361, 52.77663 ], [ 13.78368, 52.77674 ], [ 13.78386, 52.77678 ], [ 13.78404, 52.77673 ], [ 13.78411, 52.77645 ] ] ] } },
{ "type": "Feature", "properties": { "boden": "100 % mittel, mäßig frisch (M2)" }, "geometry": { "type": "Polygon", "coordinates": [ [ [ 13.78394, 52.77707 ], [ 13.78377, 52.77702 ], [ 13.78359, 52.77707 ], [ 13.78351, 52.77717 ], [ 13.78358, 52.77728 ], [ 13.78365, 52.7773 ], [ 13.78394, 52.77707 ] ] ] } },
{ "type": "Feature", "properties": { "boden": "40 % mittel, mäßig frisch (M2) · 30 % ziemlich arm, mäßig frisch (Z2) · 30 % mittel, mäßig frisch (M2)" }, "geometry": { "type": "Polygon", "coordinates": [ [ [ 13.78268, 52.77704 ], [ 13.78224, 52.77715 ], [ 13.78206, 52.7771 ], [ 13.78188, 52.77715 ], [ 13.7818, 52.77726 ], [ 13.78261, 52.77712 ], [ 13.78273, 52.77707 ], [ 13.78268, 52.77704 ] ] ] } },
{ "type": "Feature", "properties": { "boden": "100 % mittel, mäßig frisch (M2)" }, "geometry": { "type": "Polygon", "coordinates": [ [ [ 13.78365, 52.7773 ], [ 13.78351, 52.77717 ], [ 13.78359, 52.77707 ], [ 13.78377, 52.77702 ], [ 13.78396, 52.7771 ], [ 13.78402, 52.77706 ], [ 13.78404, 52.77673 ], [ 13.78386, 52.77678 ], [ 13.78371, 52.77674 ], [ 13.78374, 52.77686 ], [ 13.78366, 52.77695 ], [ 13.78322, 52.77706 ], [ 13.78317, 52.77716 ], [ 13.78311, 52.77715 ], [ 13.78295, 52.77732 ], [ 13.78233, 52.77754 ], [ 13.78227, 52.77773 ], [ 13.78286, 52.77756 ], [ 13.78306, 52.77755 ], [ 13.78357, 52.77735 ], [ 13.78365, 52.7773 ] ] ] } },
{ "type": "Feature", "properties": { "boden": "40 % mittel, mäßig frisch (M2) · 30 % ziemlich arm, mäßig frisch (Z2) · 30 % mittel, mäßig frisch (M2)" }, "geometry": { "type": "Polygon", "coordinates": [ [ [ 13.78273, 52.77707 ], [ 13.7818, 52.77726 ], [ 13.78171, 52.77734 ], [ 13.78135, 52.77743 ], [ 13.7812, 52.77751 ], [ 13.78081, 52.77758 ], [ 13.78073, 52.77769 ], [ 13.7808, 52.7778 ], [ 13.78098, 52.77785 ], [ 13.7813, 52.77772 ], [ 13.7817, 52.77765 ], [ 13.78187, 52.77744 ], [ 13.7824, 52.77733 ], [ 13.78267, 52.77735 ], [ 13.78285, 52.77731 ], [ 13.78293, 52.7772 ], [ 13.78286, 52.77709 ], [ 13.78273, 52.77707 ] ] ] } },
{ "type": "Feature", "properties": { "boden": "50 % ziemlich arm, mäßig frisch (Z2) · 30 % ziemlich arm, mäßig frisch (Z2) · 20 % ziemlich arm, mäßig frisch (Z2)" }, "geometry": { "type": "Polygon", "coordinates": [ [ [ 13.7736, 52.77187 ], [ 13.7736, 52.77175 ], [ 13.77348, 52.77167 ], [ 13.77326, 52.77159 ], [ 13.77303, 52.77161 ], [ 13.77272, 52.77181 ], [ 13.77184, 52.7722 ], [ 13.77242, 52.7721 ], [ 13.77315, 52.77185 ], [ 13.77342, 52.77183 ], [ 13.7736, 52.77187 ] ] ] } },
{ "type": "Feature", "properties": { "boden": "40 % mittel, mäßig frisch (M2) · 30 % kräftig, mäßig frisch (K2) · 30 % ziemlich arm, mäßig frisch (Z2)" }, "geometry": { "type": "Polygon", "coordinates": [ [ [ 13.77342, 52.77183 ], [ 13.77315, 52.77185 ], [ 13.77285, 52.77198 ], [ 13.77184, 52.7722 ], [ 13.77183, 52.77223 ], [ 13.7722, 52.77228 ], [ 13.7726, 52.77227 ], [ 13.7733, 52.77211 ], [ 13.7736, 52.77187 ], [ 13.77342, 52.77183 ] ] ] } },
{ "type": "Feature", "properties": { "boden": "50 % ziemlich arm, mäßig frisch (Z2) · 30 % ziemlich arm, mäßig frisch (Z2) · 20 % ziemlich arm, mäßig frisch (Z2)" }, "geometry": { "type": "Polygon", "coordinates": [ [ [ 13.77868, 52.77239 ], [ 13.77859, 52.77236 ], [ 13.77827, 52.77238 ], [ 13.77761, 52.77231 ], [ 13.77734, 52.77235 ], [ 13.77719, 52.77249 ], [ 13.77732, 52.77256 ], [ 13.7786, 52.77251 ], [ 13.77868, 52.77239 ] ] ] } },
{ "type": "Feature", "properties": { "boden": "40 % ziemlich arm, trocken (vermutet) (Z3) · 30 % ziemlich arm, trocken (vermutet) (Z3) · 30 % ziemlich arm, mäßig frisch (Z2g)" }, "geometry": { "type": "Polygon", "coordinates": [ [ [ 13.77619, 52.77244 ], [ 13.77586, 52.77257 ], [ 13.77571, 52.77269 ], [ 13.77573, 52.77275 ], [ 13.77596, 52.77275 ], [ 13.77647, 52.77258 ], [ 13.77644, 52.77249 ], [ 13.77619, 52.77244 ] ] ] } },
{ "type": "Feature", "properties": { "boden": "100 % mittel, mäßig frisch (M+2)" }, "geometry": { "type": "Polygon", "coordinates": [ [ [ 13.77895, 52.77272 ], [ 13.77741, 52.77266 ], [ 13.77724, 52.77269 ], [ 13.77721, 52.77276 ], [ 13.77762, 52.77307 ], [ 13.77768, 52.77336 ], [ 13.77801, 52.77346 ], [ 13.77826, 52.77342 ], [ 13.77858, 52.77326 ], [ 13.77893, 52.77302 ], [ 13.7791, 52.77286 ], [ 13.7791, 52.77276 ], [ 13.77895, 52.77272 ] ] ] } },
{ "type": "Feature", "properties": { "boden": "40 % mittel, mäßig frisch (M2) · 30 % kräftig, mäßig frisch (K2) · 30 % ziemlich arm, mäßig frisch (Z2)" }, "geometry": { "type": "Polygon", "coordinates": [ [ [ 13.77363, 52.77188 ], [ 13.7733, 52.77211 ], [ 13.77274, 52.77224 ], [ 13.7722, 52.77228 ], [ 13.77195, 52.77227 ], [ 13.77184, 52.7722 ], [ 13.77084, 52.77241 ], [ 13.77066, 52.77249 ], [ 13.77054, 52.77292 ], [ 13.77036, 52.77324 ], [ 13.77012, 52.77342 ], [ 13.76922, 52.7736 ], [ 13.76889, 52.77358 ], [ 13.76909, 52.77447 ], [ 13.77032, 52.77456 ], [ 13.7712, 52.77446 ], [ 13.77363, 52.77188 ] ] ] } },
{ "type": "Feature", "properties": { "boden": "40 % ziemlich arm, mäßig frisch (Z2) · 30 % ziemlich arm, mäßig frisch (Z2) · 30 % ziemlich arm, mäßig frisch (Z2g)" }, "geometry": { "type": "Polygon", "coordinates": [ [ [ 13.78232, 52.77424 ], [ 13.78208, 52.77339 ], [ 13.78188, 52.77317 ], [ 13.78202, 52.77292 ], [ 13.78186, 52.77285 ], [ 13.78221, 52.77221 ], [ 13.78279, 52.77152 ], [ 13.78341, 52.77062 ], [ 13.78381, 52.77019 ], [ 13.78384, 52.76988 ], [ 13.78309, 52.76997 ], [ 13.7816, 52.76995 ], [ 13.78094, 52.77135 ], [ 13.78063, 52.77177 ], [ 13.78045, 52.77221 ], [ 13.78015, 52.77237 ], [ 13.78015, 52.77276 ], [ 13.77994, 52.77285 ], [ 13.77962, 52.77285 ], [ 13.77953, 52.7727 ], [ 13.77946, 52.77273 ], [ 13.77866, 52.77251 ], [ 13.77709, 52.77257 ], [ 13.77528, 52.77178 ], [ 13.77496, 52.77152 ], [ 13.77408, 52.77139 ], [ 13.76915, 52.77666 ], [ 13.77131, 52.777 ], [ 13.77151, 52.77668 ], [ 13.77389, 52.77704 ], [ 13.77429, 52.77631 ], [ 13.77652, 52.77665 ], [ 13.77843, 52.77477 ], [ 13.78008, 52.77452 ], [ 13.78077, 52.77392 ], [ 13.78232, 52.77424 ] ], [ [ 13.7791, 52.77286 ], [ 13.77858, 52.77326 ], [ 13.77826, 52.77342 ], [ 13.77801, 52.77346 ], [ 13.77768, 52.77336 ], [ 13.77762, 52.77307 ], [ 13.77721, 52.77276 ], [ 13.77724, 52.77269 ], [ 13.77741, 52.77266 ], [ 13.77842, 52.77271 ], [ 13.77865, 52.77269 ], [ 13.7791, 52.77276 ], [ 13.7791, 52.77286 ] ], [ [ 13.77644, 52.77249 ], [ 13.77649, 52.77253 ], [ 13.77641, 52.7726 ], [ 13.77596, 52.77275 ], [ 13.77581, 52.77276 ], [ 13.7757, 52.77273 ], [ 13.77604, 52.77248 ], [ 13.77619, 52.77244 ], [ 13.77644, 52.77249 ] ], [ [ 13.78146, 52.77284 ], [ 13.78157, 52.77298 ], [ 13.78158, 52.77314 ], [ 13.7815, 52.77328 ], [ 13.78133, 52.77338 ], [ 13.78109, 52.77344 ], [ 13.7807, 52.77341 ], [ 13.78076, 52.77328 ], [ 13.78124, 52.77298 ], [ 13.78122, 52.77289 ], [ 13.78102, 52.7728 ], [ 13.78101, 52.77274 ], [ 13.78146, 52.77284 ] ], [ [ 13.78204, 52.77171 ], [ 13.78214, 52.77189 ], [ 13.78198, 52.77199 ], [ 13.78138, 52.77204 ], [ 13.78121, 52.77197 ], [ 13.78124, 52.77185 ], [ 13.78138, 52.77176 ], [ 13.78177, 52.77168 ], [ 13.78204, 52.77171 ] ] ] } },
{ "type": "Feature", "properties": { "boden": "40 % mittel, mäßig frisch (M2) · 30 % ziemlich arm, mäßig frisch (Z2) · 30 % mittel, mäßig frisch (M2)" }, "geometry": { "type": "Polygon", "coordinates": [ [ [ 13.77744, 52.78344 ], [ 13.77784, 52.78244 ], [ 13.77822, 52.78165 ], [ 13.77791, 52.78135 ], [ 13.77793, 52.78122 ], [ 13.77781, 52.7812 ], [ 13.77762, 52.78127 ], [ 13.77737, 52.78108 ], [ 13.77732, 52.78096 ], [ 13.77738, 52.78084 ], [ 13.77767, 52.78057 ], [ 13.77801, 52.78047 ], [ 13.77842, 52.78051 ], [ 13.77854, 52.78057 ], [ 13.77903, 52.78054 ], [ 13.77881, 52.78074 ], [ 13.77919, 52.78064 ], [ 13.78017, 52.78014 ], [ 13.78009, 52.78005 ], [ 13.77946, 52.77973 ], [ 13.77959, 52.77988 ], [ 13.77976, 52.77992 ], [ 13.77984, 52.78003 ], [ 13.77976, 52.78014 ], [ 13.77958, 52.78018 ], [ 13.7794, 52.78013 ], [ 13.77924, 52.77995 ], [ 13.77904, 52.77986 ], [ 13.77879, 52.78004 ], [ 13.77804, 52.7801 ], [ 13.77829, 52.77967 ], [ 13.77872, 52.77934 ], [ 13.77873, 52.77918 ], [ 13.77863, 52.77907 ], [ 13.77911, 52.77859 ], [ 13.77958, 52.77843 ], [ 13.77966, 52.77832 ], [ 13.77996, 52.77827 ], [ 13.78055, 52.77806 ], [ 13.78053, 52.77789 ], [ 13.7806, 52.77771 ], [ 13.78039, 52.77747 ], [ 13.78086, 52.77714 ], [ 13.78147, 52.77713 ], [ 13.7818, 52.77726 ], [ 13.78188, 52.77715 ], [ 13.78206, 52.7771 ], [ 13.78224, 52.77715 ], [ 13.78274, 52.77706 ], [ 13.78282, 52.77699 ], [ 13.78298, 52.77711 ], [ 13.78314, 52.77711 ], [ 13.78263, 52.77599 ], [ 13.78009, 52.77721 ], [ 13.77861, 52.77778 ], [ 13.77711, 52.77854 ], [ 13.7759, 52.77983 ], [ 13.7729, 52.78261 ], [ 13.77506, 52.78351 ], [ 13.77553, 52.78357 ], [ 13.77744, 52.78344 ] ], [ [ 13.77618, 52.78339 ], [ 13.77605, 52.78332 ], [ 13.77582, 52.78333 ], [ 13.77573, 52.78323 ], [ 13.77578, 52.78315 ], [ 13.77621, 52.78304 ], [ 13.77634, 52.78309 ], [ 13.7762, 52.78327 ], [ 13.77631, 52.78339 ], [ 13.77618, 52.78339 ] ], [ [ 13.77781, 52.78193 ], [ 13.77737, 52.78249 ], [ 13.77726, 52.78255 ], [ 13.77732, 52.78222 ], [ 13.77725, 52.78201 ], [ 13.77762, 52.78185 ], [ 13.77781, 52.78193 ] ], [ [ 13.777, 52.7808 ], [ 13.77707, 52.78097 ], [ 13.77696, 52.78105 ], [ 13.77644, 52.78104 ], [ 13.77631, 52.78097 ], [ 13.77629, 52.78086 ], [ 13.7764, 52.78079 ], [ 13.77687, 52.78073 ], [ 13.777, 52.7808 ] ] ] } },
{ "type": "Feature", "properties": { "boden": "40 % mittel, trocken (vermutet) (M3) · 30 % ziemlich arm, trocken (vermutet) (Z3) · 30 % mittel, trocken (vermutet) (M3)" }, "geometry": { "type": "Polygon", "coordinates": [ [ [ 13.77687, 52.78073 ], [ 13.77651, 52.78076 ], [ 13.77632, 52.78082 ], [ 13.77631, 52.78097 ], [ 13.77638, 52.78102 ], [ 13.77684, 52.78106 ], [ 13.77704, 52.78102 ], [ 13.777, 52.7808 ], [ 13.77687, 52.78073 ] ] ] } },
{ "type": "Feature", "properties": { "boden": "40 % mittel, mäßig frisch (M2) · 30 % ziemlich arm, mäßig frisch (Z2) · 30 % mittel, mäßig frisch (M2)" }, "geometry": { "type": "Polygon", "coordinates": [ [ [ 13.77762, 52.78185 ], [ 13.77725, 52.78201 ], [ 13.77732, 52.78222 ], [ 13.77726, 52.78255 ], [ 13.77781, 52.78196 ], [ 13.77777, 52.78188 ], [ 13.77762, 52.78185 ] ] ] } },
{ "type": "Feature", "properties": { "boden": "100 % mittel, mäßig frisch (M2)" }, "geometry": { "type": "Polygon", "coordinates": [ [ [ 13.76828, 52.77099 ], [ 13.76821, 52.7711 ], [ 13.76803, 52.77114 ], [ 13.76785, 52.7711 ], [ 13.76778, 52.77099 ], [ 13.76785, 52.77089 ], [ 13.76759, 52.77088 ], [ 13.76765, 52.77097 ], [ 13.76757, 52.77107 ], [ 13.76739, 52.77112 ], [ 13.76721, 52.77107 ], [ 13.76714, 52.77096 ], [ 13.76721, 52.77086 ], [ 13.76688, 52.77087 ], [ 13.76699, 52.7709 ], [ 13.76706, 52.77101 ], [ 13.76699, 52.77111 ], [ 13.76681, 52.77116 ], [ 13.76663, 52.77111 ], [ 13.76656, 52.771 ], [ 13.76672, 52.77088 ], [ 13.76646, 52.77089 ], [ 13.76627, 52.77091 ], [ 13.76641, 52.77095 ], [ 13.76648, 52.77106 ], [ 13.7664, 52.77117 ], [ 13.76622, 52.77121 ], [ 13.76604, 52.77116 ], [ 13.76597, 52.77105 ], [ 13.76608, 52.77094 ], [ 13.76547, 52.77103 ], [ 13.7655, 52.77149 ], [ 13.76582, 52.77147 ], [ 13.76618, 52.77156 ], [ 13.76892, 52.77161 ], [ 13.76908, 52.77149 ], [ 13.76904, 52.77124 ], [ 13.76885, 52.77109 ], [ 13.76847, 52.77094 ], [ 13.76823, 52.77092 ], [ 13.76828, 52.77099 ] ] ] } },
{ "type": "Feature", "properties": { "boden": "50 % ziemlich arm, trocken (vermutet) (Z3) · 30 % ziemlich arm, trocken (vermutet) (Z3) · 20 % ziemlich arm, trocken (vermutet) (Z3)" }, "geometry": { "type": "Polygon", "coordinates": [ [ [ 13.76519, 52.77164 ], [ 13.76508, 52.77172 ], [ 13.76518, 52.77187 ], [ 13.76556, 52.77206 ], [ 13.76575, 52.77204 ], [ 13.76576, 52.77194 ], [ 13.76548, 52.77171 ], [ 13.76519, 52.77164 ] ] ] } },
{ "type": "Feature", "properties": { "boden": "40 % ziemlich arm, mäßig frisch (Z2) · 40 % ziemlich arm, mäßig frisch (Z2) · 20 % ziemlich arm, mäßig frisch (Z2)" }, "geometry": { "type": "Polygon", "coordinates": [ [ [ 13.76401, 52.7719 ], [ 13.76383, 52.77194 ], [ 13.76376, 52.77205 ], [ 13.76383, 52.77216 ], [ 13.76401, 52.7722 ], [ 13.76418, 52.77216 ], [ 13.76426, 52.77205 ], [ 13.76419, 52.77194 ], [ 13.76401, 52.7719 ] ] ] } },
{ "type": "Feature", "properties": { "boden": "50 % ziemlich arm, trocken (vermutet) (Z3) · 30 % ziemlich arm, trocken (vermutet) (Z3) · 20 % ziemlich arm, trocken (vermutet) (Z3)" }, "geometry": { "type": "Polygon", "coordinates": [ [ [ 13.76775, 52.77266 ], [ 13.76736, 52.77263 ], [ 13.76726, 52.77258 ], [ 13.76704, 52.77214 ], [ 13.76676, 52.77216 ], [ 13.76696, 52.7725 ], [ 13.76739, 52.77284 ], [ 13.76767, 52.77291 ], [ 13.76781, 52.77289 ], [ 13.76783, 52.77277 ], [ 13.76775, 52.77266 ] ] ] } },
{ "type": "Feature", "properties": { "boden": "50 % ziemlich arm, trocken (vermutet) (Z3) · 30 % ziemlich arm, trocken (vermutet) (Z3) · 20 % ziemlich arm, trocken (vermutet) (Z3)" }, "geometry": { "type": "Polygon", "coordinates": [ [ [ 13.76979, 52.77265 ], [ 13.7696, 52.77269 ], [ 13.76946, 52.77307 ], [ 13.76951, 52.77312 ], [ 13.76968, 52.77315 ], [ 13.77005, 52.77307 ], [ 13.77018, 52.77283 ], [ 13.77011, 52.7727 ], [ 13.76979, 52.77265 ] ] ] } },
{ "type": "Feature", "properties": { "boden": "50 % ziemlich arm, mäßig frisch (Z2) · 30 % ziemlich arm, mäßig frisch (Z2) · 20 % ziemlich arm, mäßig frisch (Z2)" }, "geometry": { "type": "Polygon", "coordinates": [ [ [ 13.76806, 52.77329 ], [ 13.76832, 52.77312 ], [ 13.76824, 52.77307 ], [ 13.76796, 52.77311 ], [ 13.76758, 52.77332 ], [ 13.76806, 52.77329 ] ] ] } },
{ "type": "Feature", "properties": { "boden": "40 % mittel, mäßig frisch (M2) · 30 % ziemlich arm, mäßig frisch (Z2) · 30 % ziemlich arm, mäßig frisch (Z2)" }, "geometry": { "type": "Polygon", "coordinates": [ [ [ 13.76546, 52.77353 ], [ 13.76528, 52.77358 ], [ 13.76521, 52.77368 ], [ 13.76528, 52.77379 ], [ 13.76545, 52.77384 ], [ 13.76563, 52.7738 ], [ 13.76571, 52.77369 ], [ 13.76564, 52.77358 ], [ 13.76546, 52.77353 ] ] ] } },
{ "type": "Feature", "properties": { "boden": "60 % ziemlich arm, trocken (vermutet) (Z3) · 20 % ziemlich arm, trocken (vermutet) (Z3) · 20 % ziemlich arm, trocken (vermutet) (Z3)" }, "geometry": { "type": "Polygon", "coordinates": [ [ [ 13.76645, 52.77464 ], [ 13.76689, 52.77469 ], [ 13.76704, 52.77464 ], [ 13.76735, 52.77465 ], [ 13.76751, 52.77453 ], [ 13.76714, 52.7745 ], [ 13.76686, 52.77459 ], [ 13.76661, 52.7745 ], [ 13.76606, 52.77449 ], [ 13.76587, 52.7746 ], [ 13.76595, 52.77466 ], [ 13.76613, 52.77469 ], [ 13.76645, 52.77464 ] ] ] } },
{ "type": "Feature", "properties": { "boden": "60 % ziemlich arm, trocken (vermutet) (Z3) · 20 % ziemlich arm, trocken (vermutet) (Z3) · 20 % mittel, trocken (vermutet) (M3)" }, "geometry": { "type": "Polygon", "coordinates": [ [ [ 13.76717, 52.78297 ], [ 13.7668, 52.78293 ], [ 13.76643, 52.78296 ], [ 13.7662, 52.78291 ], [ 13.7657, 52.7831 ], [ 13.76562, 52.78316 ], [ 13.76564, 52.78322 ], [ 13.76589, 52.78323 ], [ 13.7663, 52.78315 ], [ 13.76679, 52.78333 ], [ 13.76718, 52.78333 ], [ 13.76731, 52.78329 ], [ 13.76744, 52.78311 ], [ 13.76717, 52.78297 ] ] ] } },
{ "type": "Feature", "properties": { "boden": "100 % ziemlich arm, mäßig frisch (Z2g)" }, "geometry": { "type": "Polygon", "coordinates": [ [ [ 13.76813, 52.78288 ], [ 13.76786, 52.78259 ], [ 13.76627, 52.78269 ], [ 13.76713, 52.78275 ], [ 13.76722, 52.7828 ], [ 13.76717, 52.78297 ], [ 13.76843, 52.78314 ], [ 13.76868, 52.78337 ], [ 13.76977, 52.78388 ], [ 13.77008, 52.78388 ], [ 13.77031, 52.7836 ], [ 13.77073, 52.7834 ], [ 13.76813, 52.78288 ] ] ] } },
{ "type": "Feature", "properties": { "boden": "100 % mittel, mäßig frisch (M2)" }, "geometry": { "type": "Polygon", "coordinates": [ [ [ 13.75573, 52.77495 ], [ 13.75592, 52.77503 ], [ 13.7561, 52.77498 ], [ 13.75618, 52.77488 ], [ 13.75611, 52.77477 ], [ 13.75593, 52.77472 ], [ 13.75575, 52.77476 ], [ 13.75573, 52.77495 ] ] ] } },
{ "type": "Feature", "properties": { "boden": "100 % mittel, mäßig frisch (M2)" }, "geometry": { "type": "Polygon", "coordinates": [ [ [ 13.75647, 52.77475 ], [ 13.75629, 52.7748 ], [ 13.75622, 52.7749 ], [ 13.75629, 52.77501 ], [ 13.75646, 52.77506 ], [ 13.75664, 52.77502 ], [ 13.75672, 52.77491 ], [ 13.75665, 52.7748 ], [ 13.75647, 52.77475 ] ] ] } },
{ "type": "Feature", "properties": { "boden": "40 % mittel, mäßig frisch (M2) · 30 % mittel, mäßig frisch (M2g) · 30 % ziemlich arm, mäßig frisch (Z2)" }, "geometry": { "type": "Polygon", "coordinates": [ [ [ 13.75498, 52.77491 ], [ 13.75492, 52.77478 ], [ 13.75475, 52.77474 ], [ 13.75457, 52.77478 ], [ 13.75449, 52.77489 ], [ 13.75456, 52.775 ], [ 13.75474, 52.77504 ], [ 13.75498, 52.77491 ] ] ] } },
{ "type": "Feature", "properties": { "boden": "60 % ziemlich arm, mäßig frisch (Z2) · 20 % ziemlich arm, mäßig frisch (Z2) · 20 % ziemlich arm, mäßig frisch (Z2)" }, "geometry": { "type": "Polygon", "coordinates": [ [ [ 13.76915, 52.77666 ], [ 13.7712, 52.77446 ], [ 13.77032, 52.77456 ], [ 13.76903, 52.77449 ], [ 13.76858, 52.77432 ], [ 13.76815, 52.77423 ], [ 13.767, 52.77434 ], [ 13.76591, 52.7743 ], [ 13.7652, 52.77442 ], [ 13.76486, 52.77441 ], [ 13.76441, 52.77436 ], [ 13.76391, 52.77421 ], [ 13.7633, 52.77418 ], [ 13.76276, 52.77456 ], [ 13.76235, 52.77471 ], [ 13.762, 52.77473 ], [ 13.76171, 52.7747 ], [ 13.76085, 52.77452 ], [ 13.75966, 52.77481 ], [ 13.75944, 52.77481 ], [ 13.75898, 52.77464 ], [ 13.75851, 52.77437 ], [ 13.758, 52.77419 ], [ 13.75764, 52.7741 ], [ 13.75685, 52.77401 ], [ 13.75608, 52.774 ], [ 13.75584, 52.77385 ], [ 13.75532, 52.77339 ], [ 13.75525, 52.7731 ], [ 13.75532, 52.77271 ], [ 13.75568, 52.77241 ], [ 13.75461, 52.7731 ], [ 13.75385, 52.77344 ], [ 13.75317, 52.7735 ], [ 13.75371, 52.77394 ], [ 13.7541, 52.77414 ], [ 13.75451, 52.77425 ], [ 13.7549, 52.7743 ], [ 13.75566, 52.77431 ], [ 13.75594, 52.77446 ], [ 13.75656, 52.77465 ], [ 13.75713, 52.77477 ], [ 13.75746, 52.77494 ], [ 13.75788, 52.77538 ], [ 13.7587, 52.77564 ], [ 13.75915, 52.77582 ], [ 13.75955, 52.77606 ], [ 13.76075, 52.77642 ], [ 13.76118, 52.77665 ], [ 13.76217, 52.77679 ], [ 13.76249, 52.77677 ], [ 13.76288, 52.77663 ], [ 13.76333, 52.77654 ], [ 13.76391, 52.77657 ], [ 13.76424, 52.77666 ], [ 13.7645, 52.77667 ], [ 13.76482, 52.77656 ], [ 13.76393, 52.77751 ], [ 13.7647, 52.77773 ], [ 13.76473, 52.77793 ], [ 13.76529, 52.77817 ], [ 13.7657, 52.77806 ], [ 13.7673, 52.77852 ], [ 13.76732, 52.77882 ], [ 13.76905, 52.77665 ], [ 13.76915, 52.77666 ] ], [ [ 13.76252, 52.7763 ], [ 13.76199, 52.77632 ], [ 13.76178, 52.77619 ], [ 13.76138, 52.77608 ], [ 13.76098, 52.77584 ], [ 13.75986, 52.7756 ], [ 13.75961, 52.7755 ], [ 13.75961, 52.77544 ], [ 13.75973, 52.77536 ], [ 13.7601, 52.77534 ], [ 13.76017, 52.77537 ], [ 13.76032, 52.77558 ], [ 13.7606, 52.77549 ], [ 13.76095, 52.77552 ], [ 13.76192, 52.77582 ], [ 13.7632, 52.77609 ], [ 13.76342, 52.77621 ], [ 13.76288, 52.77619 ], [ 13.76252, 52.7763 ] ], [ [ 13.75852, 52.77466 ], [ 13.75848, 52.7747 ], [ 13.7583, 52.77471 ], [ 13.75801, 52.7747 ], [ 13.75746, 52.7745 ], [ 13.75694, 52.77449 ], [ 13.75677, 52.77442 ], [ 13.75659, 52.77426 ], [ 13.75684, 52.77422 ], [ 13.75744, 52.77427 ], [ 13.75759, 52.77433 ], [ 13.75802, 52.77433 ], [ 13.75825, 52.77443 ], [ 13.75852, 52.77466 ] ], [ [ 13.75531, 52.77385 ], [ 13.75535, 52.77393 ], [ 13.75513, 52.77396 ], [ 13.75487, 52.77395 ], [ 13.75472, 52.77384 ], [ 13.75478, 52.77378 ], [ 13.75507, 52.77375 ], [ 13.75531, 52.77385 ] ], [ [ 13.76613, 52.77469 ], [ 13.76587, 52.77462 ], [ 13.76596, 52.77451 ], [ 13.76661, 52.7745 ], [ 13.7669, 52.77459 ], [ 13.76714, 52.7745 ], [ 13.76751, 52.77453 ], [ 13.76735, 52.77465 ], [ 13.76704, 52.77464 ], [ 13.76689, 52.77469 ], [ 13.76645, 52.77464 ], [ 13.76613, 52.77469 ] ] ] } },
{ "type": "Feature", "properties": { "boden": "60 % ziemlich arm, trocken (vermutet) (Z3) · 20 % ziemlich arm, trocken (vermutet) (Z3) · 20 % ziemlich arm, trocken (vermutet) (Z3)" }, "geometry": { "type": "Polygon", "coordinates": [ [ [ 13.76301, 52.77618 ], [ 13.76342, 52.77621 ], [ 13.7632, 52.77609 ], [ 13.76192, 52.77582 ], [ 13.76095, 52.77552 ], [ 13.7606, 52.77549 ], [ 13.76032, 52.77558 ], [ 13.76017, 52.77537 ], [ 13.7601, 52.77534 ], [ 13.75973, 52.77536 ], [ 13.75961, 52.77544 ], [ 13.75961, 52.7755 ], [ 13.75986, 52.7756 ], [ 13.76098, 52.77584 ], [ 13.76138, 52.77608 ], [ 13.76178, 52.77619 ], [ 13.76199, 52.77632 ], [ 13.76239, 52.77632 ], [ 13.76301, 52.77618 ] ] ] } },
{ "type": "Feature", "properties": { "boden": "100 % mittel, mäßig frisch (M2)" }, "geometry": { "type": "Polygon", "coordinates": [ [ [ 13.75594, 52.77446 ], [ 13.75579, 52.77452 ], [ 13.75575, 52.77476 ], [ 13.75593, 52.77472 ], [ 13.75611, 52.77477 ], [ 13.75618, 52.77488 ], [ 13.7561, 52.77498 ], [ 13.75592, 52.77503 ], [ 13.75645, 52.77524 ], [ 13.757, 52.77493 ], [ 13.7588, 52.776 ], [ 13.75793, 52.77656 ], [ 13.75952, 52.77702 ], [ 13.75973, 52.7766 ], [ 13.76053, 52.77682 ], [ 13.76111, 52.77709 ], [ 13.76162, 52.77714 ], [ 13.76216, 52.77712 ], [ 13.7624, 52.77719 ], [ 13.76274, 52.7771 ], [ 13.76393, 52.77751 ], [ 13.76482, 52.77656 ], [ 13.7645, 52.77667 ], [ 13.76424, 52.77666 ], [ 13.76391, 52.77657 ], [ 13.76333, 52.77654 ], [ 13.76288, 52.77663 ], [ 13.76249, 52.77677 ], [ 13.76217, 52.77679 ], [ 13.76118, 52.77665 ], [ 13.76075, 52.77642 ], [ 13.75955, 52.77606 ], [ 13.75915, 52.77582 ], [ 13.7587, 52.77564 ], [ 13.75788, 52.77538 ], [ 13.75746, 52.77494 ], [ 13.75713, 52.77477 ], [ 13.75656, 52.77465 ], [ 13.75594, 52.77446 ] ], [ [ 13.75672, 52.77491 ], [ 13.75664, 52.77502 ], [ 13.75646, 52.77506 ], [ 13.75629, 52.77501 ], [ 13.75622, 52.7749 ], [ 13.75629, 52.7748 ], [ 13.75647, 52.77475 ], [ 13.75665, 52.7748 ], [ 13.75672, 52.77491 ] ], [ [ 13.76013, 52.77642 ], [ 13.76005, 52.77652 ], [ 13.75987, 52.77657 ], [ 13.7597, 52.77652 ], [ 13.75963, 52.77641 ], [ 13.7597, 52.7763 ], [ 13.75988, 52.77626 ], [ 13.76006, 52.77631 ], [ 13.76013, 52.77642 ] ], [ [ 13.75939, 52.7766 ], [ 13.75931, 52.77671 ], [ 13.75913, 52.77675 ], [ 13.75895, 52.77671 ], [ 13.75888, 52.7766 ], [ 13.75896, 52.77649 ], [ 13.75914, 52.77645 ], [ 13.75932, 52.7765 ], [ 13.75939, 52.7766 ] ] ] } },
{ "type": "Feature", "properties": { "boden": "100 % mittel, mäßig frisch (M2)" }, "geometry": { "type": "Polygon", "coordinates": [ [ [ 13.75988, 52.77626 ], [ 13.7597, 52.7763 ], [ 13.75963, 52.77641 ], [ 13.7597, 52.77652 ], [ 13.75987, 52.77657 ], [ 13.76005, 52.77652 ], [ 13.76013, 52.77642 ], [ 13.76006, 52.77631 ], [ 13.75988, 52.77626 ] ] ] } },
{ "type": "Feature", "properties": { "boden": "100 % mittel, mäßig frisch (M2)" }, "geometry": { "type": "Polygon", "coordinates": [ [ [ 13.75914, 52.77645 ], [ 13.75896, 52.77649 ], [ 13.75888, 52.7766 ], [ 13.75895, 52.77671 ], [ 13.75913, 52.77675 ], [ 13.75931, 52.77671 ], [ 13.75939, 52.7766 ], [ 13.75932, 52.7765 ], [ 13.75914, 52.77645 ] ] ] } },
{ "type": "Feature", "properties": { "boden": "50 % ziemlich arm, mäßig frisch (Z2) · 50 % ziemlich arm, frisch (Z1)" }, "geometry": { "type": "Polygon", "coordinates": [ [ [ 13.75992, 52.78192 ], [ 13.75828, 52.78188 ], [ 13.758, 52.78184 ], [ 13.75789, 52.78174 ], [ 13.75725, 52.78182 ], [ 13.75672, 52.78241 ], [ 13.75908, 52.78247 ], [ 13.76022, 52.78254 ], [ 13.76074, 52.78208 ], [ 13.75992, 52.78192 ] ] ] } },
{ "type": "Feature", "properties": { "boden": "60 % ziemlich arm, trocken (vermutet) (Z3) · 20 % ziemlich arm, trocken (vermutet) (Z3) · 20 % mittel, trocken (vermutet) (M3)" }, "geometry": { "type": "Polygon", "coordinates": [ [ [ 13.75384, 52.78282 ], [ 13.75429, 52.7829 ], [ 13.75439, 52.78286 ], [ 13.75439, 52.78272 ], [ 13.75449, 52.78269 ], [ 13.75509, 52.78288 ], [ 13.75529, 52.78328 ], [ 13.75549, 52.78327 ], [ 13.75563, 52.78319 ], [ 13.75547, 52.78292 ], [ 13.75518, 52.78266 ], [ 13.7549, 52.78254 ], [ 13.75458, 52.78251 ], [ 13.75448, 52.7824 ], [ 13.75432, 52.78233 ], [ 13.75394, 52.78226 ], [ 13.75384, 52.78282 ] ] ] } },
{ "type": "Feature", "properties": { "boden": "40 % ziemlich arm, mäßig frisch (Z2) · 40 % ziemlich arm, mäßig frisch (Z2) · 20 % mittel, mäßig frisch (M2)" }, "geometry": { "type": "Polygon", "coordinates": [ [ [ 13.78974, 52.77727 ], [ 13.79005, 52.77715 ], [ 13.78965, 52.77703 ], [ 13.78942, 52.77705 ], [ 13.78882, 52.77728 ], [ 13.78825, 52.77767 ], [ 13.78777, 52.77781 ], [ 13.78771, 52.77785 ], [ 13.78775, 52.77791 ], [ 13.78793, 52.77796 ], [ 13.7881, 52.77792 ], [ 13.78818, 52.77781 ], [ 13.78853, 52.77772 ], [ 13.78861, 52.77761 ], [ 13.78885, 52.77752 ], [ 13.78893, 52.77742 ], [ 13.78959, 52.77726 ], [ 13.78974, 52.77727 ] ] ] } },
{ "type": "Feature", "properties": { "boden": "50 % kräftig, nass (NK1) · 30 % kräftig, nass (NK2) · 20 % kräftig, frisch (K1)" }, "geometry": { "type": "Polygon", "coordinates": [ [ [ 13.78899, 52.77873 ], [ 13.7887, 52.77822 ], [ 13.78946, 52.77761 ], [ 13.79044, 52.77728 ], [ 13.78969, 52.77729 ], [ 13.78801, 52.77804 ], [ 13.78796, 52.77819 ], [ 13.78814, 52.77845 ], [ 13.78857, 52.77844 ], [ 13.78873, 52.77851 ], [ 13.78883, 52.77868 ], [ 13.78878, 52.77879 ], [ 13.78865, 52.77884 ], [ 13.78881, 52.77887 ], [ 13.78899, 52.77873 ] ] ] } },
{ "type": "Feature", "properties": { "boden": "40 % ziemlich arm, mäßig frisch (Z2) · 40 % ziemlich arm, mäßig frisch (Z2) · 20 % mittel, mäßig frisch (M2)" }, "geometry": { "type": "Polygon", "coordinates": [ [ [ 13.7878, 52.77904 ], [ 13.7882, 52.7788 ], [ 13.78808, 52.77877 ], [ 13.78801, 52.77866 ], [ 13.78808, 52.77855 ], [ 13.78826, 52.77851 ], [ 13.78844, 52.77856 ], [ 13.7885, 52.77868 ], [ 13.7887, 52.77854 ], [ 13.7887, 52.77849 ], [ 13.78857, 52.77844 ], [ 13.78814, 52.77845 ], [ 13.78796, 52.77819 ], [ 13.78801, 52.77804 ], [ 13.78969, 52.77729 ], [ 13.78959, 52.77726 ], [ 13.78893, 52.77742 ], [ 13.78885, 52.77752 ], [ 13.78861, 52.77761 ], [ 13.78853, 52.77772 ], [ 13.78818, 52.77781 ], [ 13.7881, 52.77792 ], [ 13.78793, 52.77796 ], [ 13.78775, 52.77791 ], [ 13.78771, 52.77785 ], [ 13.78767, 52.77789 ], [ 13.78758, 52.77829 ], [ 13.78769, 52.77841 ], [ 13.78794, 52.77851 ], [ 13.78792, 52.77856 ], [ 13.78759, 52.77869 ], [ 13.78724, 52.7787 ], [ 13.78779, 52.77884 ], [ 13.78786, 52.77895 ], [ 13.7878, 52.77904 ] ] ] } },
{ "type": "Feature", "properties": { "boden": "40 % ziemlich arm, trocken (vermutet) (Z3) · 40 % ziemlich arm, trocken (vermutet) (Z3) · 20 % mittel, trocken (vermutet) (M3)" }, "geometry": { "type": "Polygon", "coordinates": [ [ [ 13.78631, 52.77826 ], [ 13.78638, 52.77837 ], [ 13.78623, 52.77849 ], [ 13.78634, 52.77851 ], [ 13.78714, 52.77854 ], [ 13.78735, 52.77848 ], [ 13.7874, 52.77839 ], [ 13.78669, 52.77824 ], [ 13.78673, 52.77815 ], [ 13.78693, 52.77802 ], [ 13.78689, 52.77795 ], [ 13.78676, 52.77793 ], [ 13.78625, 52.77816 ], [ 13.78623, 52.77824 ], [ 13.78631, 52.77826 ] ] ] } },
{ "type": "Feature", "properties": { "boden": "40 % ziemlich arm, mäßig frisch (Z2) · 40 % ziemlich arm, mäßig frisch (Z2) · 20 % mittel, mäßig frisch (M2)" }, "geometry": { "type": "Polygon", "coordinates": [ [ [ 13.7863, 52.77847 ], [ 13.78638, 52.77837 ], [ 13.78631, 52.77826 ], [ 13.78613, 52.77821 ], [ 13.78595, 52.77826 ], [ 13.78587, 52.77836 ], [ 13.78595, 52.77847 ], [ 13.78612, 52.77852 ], [ 13.7863, 52.77847 ] ] ] } },
{ "type": "Feature", "properties": { "boden": "40 % ziemlich arm, mäßig frisch (Z2) · 40 % ziemlich arm, mäßig frisch (Z2) · 20 % mittel, mäßig frisch (M2)" }, "geometry": { "type": "Polygon", "coordinates": [ [ [ 13.78851, 52.77867 ], [ 13.78844, 52.77856 ], [ 13.78826, 52.77851 ], [ 13.78808, 52.77855 ], [ 13.78801, 52.77866 ], [ 13.78808, 52.77877 ], [ 13.78826, 52.77882 ], [ 13.78843, 52.77877 ], [ 13.78851, 52.77867 ] ] ] } },
{ "type": "Feature", "properties": { "boden": "40 % ziemlich arm, mäßig frisch (Z2) · 40 % ziemlich arm, mäßig frisch (Z2) · 20 % mittel, mäßig frisch (M2)" }, "geometry": { "type": "Polygon", "coordinates": [ [ [ 13.78784, 52.77904 ], [ 13.78878, 52.77879 ], [ 13.78883, 52.77868 ], [ 13.7887, 52.77849 ], [ 13.78867, 52.77858 ], [ 13.78843, 52.77877 ], [ 13.78817, 52.77881 ], [ 13.78794, 52.77893 ], [ 13.78784, 52.77904 ] ] ] } },
{ "type": "Feature", "properties": { "boden": "40 % ziemlich arm, mäßig frisch (Z2) · 40 % ziemlich arm, mäßig frisch (Z2) · 20 % mittel, mäßig frisch (M2)" }, "geometry": { "type": "Polygon", "coordinates": [ [ [ 13.78786, 52.77895 ], [ 13.78779, 52.77884 ], [ 13.78726, 52.77873 ], [ 13.78719, 52.77862 ], [ 13.78701, 52.77857 ], [ 13.78672, 52.77863 ], [ 13.78599, 52.77868 ], [ 13.78629, 52.77896 ], [ 13.78642, 52.779 ], [ 13.78672, 52.7789 ], [ 13.78707, 52.77887 ], [ 13.7873, 52.77891 ], [ 13.78769, 52.77905 ], [ 13.7878, 52.77904 ], [ 13.78786, 52.77895 ] ] ] } },
{ "type": "Feature", "properties": { "boden": "50 % kräftig, nass (NK1) · 30 % kräftig, nass (NK2) · 20 % kräftig, frisch (K1)" }, "geometry": { "type": "Polygon", "coordinates": [ [ [ 13.78783, 52.77928 ], [ 13.78825, 52.77894 ], [ 13.78769, 52.77905 ], [ 13.7873, 52.77891 ], [ 13.78707, 52.77887 ], [ 13.78672, 52.7789 ], [ 13.78642, 52.779 ], [ 13.78618, 52.77888 ], [ 13.7857, 52.77835 ], [ 13.78557, 52.7783 ], [ 13.78433, 52.77848 ], [ 13.78341, 52.7788 ], [ 13.78331, 52.77909 ], [ 13.7828, 52.77908 ], [ 13.78233, 52.77927 ], [ 13.78287, 52.77923 ], [ 13.7836, 52.77906 ], [ 13.78384, 52.77883 ], [ 13.78463, 52.77869 ], [ 13.78491, 52.77859 ], [ 13.78503, 52.7786 ], [ 13.78534, 52.77854 ], [ 13.78551, 52.77858 ], [ 13.78568, 52.7785 ], [ 13.78585, 52.77874 ], [ 13.78602, 52.77918 ], [ 13.78617, 52.77925 ], [ 13.78636, 52.77927 ], [ 13.7865, 52.77921 ], [ 13.78671, 52.779 ], [ 13.78688, 52.77898 ], [ 13.78742, 52.77933 ], [ 13.78755, 52.77936 ], [ 13.78783, 52.77928 ] ] ] } },
{ "type": "Feature", "properties": { "boden": "40 % ziemlich arm, mäßig frisch (Z2) · 40 % ziemlich arm, mäßig frisch (Z2) · 20 % mittel, mäßig frisch (M2)" }, "geometry": { "type": "Polygon", "coordinates": [ [ [ 13.78533, 52.77861 ], [ 13.78557, 52.77904 ], [ 13.78567, 52.77913 ], [ 13.78551, 52.7788 ], [ 13.78559, 52.77869 ], [ 13.78551, 52.77858 ], [ 13.78533, 52.77861 ] ] ] } },
{ "type": "Feature", "properties": { "boden": "40 % mittel, mäßig frisch (M2) · 30 % ziemlich arm, mäßig frisch (Z2) · 30 % mittel, mäßig frisch (M2)" }, "geometry": { "type": "Polygon", "coordinates": [ [ [ 13.78094, 52.77834 ], [ 13.78106, 52.77816 ], [ 13.7817, 52.77766 ], [ 13.78279, 52.7774 ], [ 13.78295, 52.77732 ], [ 13.78314, 52.77711 ], [ 13.78298, 52.77711 ], [ 13.78282, 52.77699 ], [ 13.78274, 52.77706 ], [ 13.78286, 52.77709 ], [ 13.78293, 52.7772 ], [ 13.78285, 52.77731 ], [ 13.78267, 52.77735 ], [ 13.7824, 52.77733 ], [ 13.78187, 52.77744 ], [ 13.7817, 52.77765 ], [ 13.7813, 52.77772 ], [ 13.78098, 52.77785 ], [ 13.7808, 52.7778 ], [ 13.78073, 52.77769 ], [ 13.78081, 52.77758 ], [ 13.7812, 52.77751 ], [ 13.78135, 52.77743 ], [ 13.78171, 52.77734 ], [ 13.7818, 52.77726 ], [ 13.78147, 52.77713 ], [ 13.78126, 52.77711 ], [ 13.78096, 52.77712 ], [ 13.78078, 52.77718 ], [ 13.78039, 52.77747 ], [ 13.7806, 52.77771 ], [ 13.78053, 52.77789 ], [ 13.78055, 52.77806 ], [ 13.78069, 52.77802 ], [ 13.78087, 52.77807 ], [ 13.78094, 52.77818 ], [ 13.78087, 52.77828 ], [ 13.78071, 52.77832 ], [ 13.78085, 52.77851 ], [ 13.78092, 52.77849 ], [ 13.78094, 52.77834 ] ] ] } },
{ "type": "Feature", "properties": { "boden": "40 % ziemlich arm, trocken (vermutet) (Z3) · 40 % ziemlich arm, trocken (vermutet) (Z3) · 20 % mittel, trocken (vermutet) (M3)" }, "geometry": { "type": "Polygon", "coordinates": [ [ [ 13.78462, 52.77784 ], [ 13.78429, 52.77791 ], [ 13.78415, 52.7781 ], [ 13.78391, 52.77821 ], [ 13.78389, 52.77827 ], [ 13.784, 52.77828 ], [ 13.78449, 52.77814 ], [ 13.78462, 52.77784 ] ] ] } },
{ "type": "Feature", "properties": { "boden": "100 % mittel, mäßig frisch (M2)" }, "geometry": { "type": "Polygon", "coordinates": [ [ [ 13.7818, 52.77784 ], [ 13.78227, 52.77773 ], [ 13.7823, 52.77758 ], [ 13.78237, 52.77752 ], [ 13.7817, 52.77766 ], [ 13.78106, 52.77816 ], [ 13.78094, 52.77834 ], [ 13.78092, 52.77849 ], [ 13.78095, 52.77862 ], [ 13.78114, 52.77881 ], [ 13.78119, 52.77874 ], [ 13.78107, 52.77842 ], [ 13.78118, 52.77821 ], [ 13.78156, 52.77802 ], [ 13.7818, 52.77784 ] ] ] } },
{ "type": "Feature", "properties": { "boden": "40 % mittel, mäßig frisch (M2) · 30 % ziemlich arm, mäßig frisch (Z2) · 30 % mittel, mäßig frisch (M2)" }, "geometry": { "type": "Polygon", "coordinates": [ [ [ 13.78055, 52.77806 ], [ 13.78071, 52.77832 ], [ 13.78087, 52.77828 ], [ 13.78094, 52.77818 ], [ 13.78087, 52.77807 ], [ 13.78069, 52.77802 ], [ 13.78055, 52.77806 ] ] ] } },
{ "type": "Feature", "properties": { "boden": "40 % ziemlich arm, mäßig frisch (Z2) · 40 % ziemlich arm, mäßig frisch (Z2) · 20 % mittel, mäßig frisch (M2)" }, "geometry": { "type": "Polygon", "coordinates": [ [ [ 13.78588, 52.77824 ], [ 13.78602, 52.77794 ], [ 13.78627, 52.77763 ], [ 13.78588, 52.77781 ], [ 13.78537, 52.77794 ], [ 13.78498, 52.77798 ], [ 13.78489, 52.77807 ], [ 13.78465, 52.77818 ], [ 13.78383, 52.7784 ], [ 13.78357, 52.77853 ], [ 13.78346, 52.77847 ], [ 13.7833, 52.77863 ], [ 13.78341, 52.7788 ], [ 13.78433, 52.77848 ], [ 13.78557, 52.7783 ], [ 13.78572, 52.77838 ], [ 13.78588, 52.77824 ] ] ] } },
{ "type": "Feature", "properties": { "boden": "40 % mittel, mäßig frisch (M2) · 30 % ziemlich arm, mäßig frisch (Z2) · 30 % mittel, mäßig frisch (M2)" }, "geometry": { "type": "Polygon", "coordinates": [ [ [ 13.7801, 52.77848 ], [ 13.78042, 52.77842 ], [ 13.78053, 52.77834 ], [ 13.78071, 52.77832 ], [ 13.78055, 52.77806 ], [ 13.77996, 52.77827 ], [ 13.77969, 52.77831 ], [ 13.77986, 52.77832 ], [ 13.77991, 52.77838 ], [ 13.77976, 52.77866 ], [ 13.77989, 52.77853 ], [ 13.78003, 52.77852 ], [ 13.7801, 52.77848 ] ] ] } },
{ "type": "Feature", "properties": { "boden": "40 % mittel, mäßig frisch (M2) · 30 % ziemlich arm, mäßig frisch (Z2) · 30 % mittel, mäßig frisch (M2)" }, "geometry": { "type": "Polygon", "coordinates": [ [ [ 13.78071, 52.77832 ], [ 13.78053, 52.77834 ], [ 13.78042, 52.77842 ], [ 13.7801, 52.77848 ], [ 13.78003, 52.77852 ], [ 13.78085, 52.77851 ], [ 13.78071, 52.77832 ] ] ] } },
{ "type": "Feature", "properties": { "boden": "100 % mittel, mäßig frisch (M2)" }, "geometry": { "type": "Polygon", "coordinates": [ [ [ 13.78163, 52.77932 ], [ 13.78116, 52.77865 ], [ 13.78116, 52.77832 ], [ 13.78215, 52.77777 ], [ 13.7818, 52.77784 ], [ 13.78156, 52.77802 ], [ 13.78118, 52.77821 ], [ 13.78107, 52.77842 ], [ 13.78118, 52.77881 ], [ 13.78095, 52.77862 ], [ 13.781, 52.77885 ], [ 13.78165, 52.7795 ], [ 13.78163, 52.77932 ] ] ] } },
{ "type": "Feature", "properties": { "boden": "40 % mittel, mäßig frisch (M2) · 30 % ziemlich arm, mäßig frisch (Z2) · 30 % mittel, mäßig frisch (M2)" }, "geometry": { "type": "Polygon", "coordinates": [ [ [ 13.77975, 52.77862 ], [ 13.7799, 52.77846 ], [ 13.77991, 52.77838 ], [ 13.77986, 52.77832 ], [ 13.77969, 52.77831 ], [ 13.77958, 52.77843 ], [ 13.77933, 52.77853 ], [ 13.77935, 52.77871 ], [ 13.7788, 52.77901 ], [ 13.77873, 52.77918 ], [ 13.77887, 52.77922 ], [ 13.77905, 52.77918 ], [ 13.77922, 52.77894 ], [ 13.77946, 52.77881 ], [ 13.77954, 52.7787 ], [ 13.77975, 52.77862 ] ] ] } },
{ "type": "Feature", "properties": { "boden": "40 % mittel, mäßig frisch (M2) · 30 % ziemlich arm, mäßig frisch (Z2) · 30 % mittel, mäßig frisch (M2)" }, "geometry": { "type": "Polygon", "coordinates": [ [ [ 13.77929, 52.77855 ], [ 13.77911, 52.77859 ], [ 13.77883, 52.77891 ], [ 13.7787, 52.77896 ], [ 13.77863, 52.77907 ], [ 13.7787, 52.77918 ], [ 13.7788, 52.77901 ], [ 13.77935, 52.77871 ], [ 13.77937, 52.77858 ], [ 13.77929, 52.77855 ] ] ] } },
{ "type": "Feature", "properties": { "boden": "40 % ziemlich arm, mäßig frisch (Z2) · 40 % ziemlich arm, mäßig frisch (Z2) · 20 % mittel, mäßig frisch (M2)" }, "geometry": { "type": "Polygon", "coordinates": [ [ [ 13.78436, 52.77902 ], [ 13.78495, 52.77903 ], [ 13.78493, 52.77891 ], [ 13.78521, 52.77906 ], [ 13.78526, 52.77899 ], [ 13.78514, 52.77883 ], [ 13.78436, 52.77902 ] ] ] } },
{ "type": "Feature", "properties": { "boden": "40 % ziemlich arm, mäßig frisch (Z2) · 40 % ziemlich arm, mäßig frisch (Z2) · 20 % mittel, mäßig frisch (M2)" }, "geometry": { "type": "Polygon", "coordinates": [ [ [ 13.78399, 52.77906 ], [ 13.78514, 52.77883 ], [ 13.78526, 52.77899 ], [ 13.78521, 52.77906 ], [ 13.78563, 52.77918 ], [ 13.78567, 52.77913 ], [ 13.78533, 52.77861 ], [ 13.78465, 52.77873 ], [ 13.78412, 52.77888 ], [ 13.78352, 52.7792 ], [ 13.78257, 52.77938 ], [ 13.78329, 52.77935 ], [ 13.78399, 52.77906 ] ] ] } },
{ "type": "Feature", "properties": { "boden": "50 % kräftig, nass (NK1) · 30 % kräftig, nass (NK2) · 20 % kräftig, frisch (K1)" }, "geometry": { "type": "Polygon", "coordinates": [ [ [ 13.78214, 52.77956 ], [ 13.78238, 52.77941 ], [ 13.78352, 52.7792 ], [ 13.78412, 52.77888 ], [ 13.78495, 52.77866 ], [ 13.78551, 52.77858 ], [ 13.78534, 52.77854 ], [ 13.78503, 52.7786 ], [ 13.78491, 52.77859 ], [ 13.78463, 52.77869 ], [ 13.78384, 52.77883 ], [ 13.7836, 52.77906 ], [ 13.78287, 52.77923 ], [ 13.78216, 52.77925 ], [ 13.78197, 52.7793 ], [ 13.78189, 52.7794 ], [ 13.78196, 52.77951 ], [ 13.78214, 52.77956 ] ] ] } },
{ "type": "Feature", "properties": { "boden": "50 % kräftig, nass (NK1) · 30 % kräftig, nass (NK2) · 20 % kräftig, frisch (K1)" }, "geometry": { "type": "Polygon", "coordinates": [ [ [ 13.78189, 52.7794 ], [ 13.78197, 52.7793 ], [ 13.78216, 52.77925 ], [ 13.78202, 52.7792 ], [ 13.78177, 52.77924 ], [ 13.78159, 52.77935 ], [ 13.78165, 52.7795 ], [ 13.78179, 52.77955 ], [ 13.78196, 52.77951 ], [ 13.78189, 52.7794 ] ] ] } },
{ "type": "Feature", "properties": { "boden": "40 % ziemlich arm, trocken (vermutet) (Z3) · 40 % ziemlich arm, trocken (vermutet) (Z3) · 20 % mittel, trocken (vermutet) (M3)" }, "geometry": { "type": "Polygon", "coordinates": [ [ [ 13.78705, 52.77941 ], [ 13.78708, 52.77936 ], [ 13.78694, 52.77922 ], [ 13.78671, 52.77919 ], [ 13.78614, 52.77939 ], [ 13.78598, 52.77939 ], [ 13.78559, 52.77916 ], [ 13.78522, 52.77906 ], [ 13.78493, 52.77891 ], [ 13.78495, 52.77903 ], [ 13.7842, 52.77902 ], [ 13.78399, 52.77906 ], [ 13.78348, 52.7793 ], [ 13.7831, 52.77937 ], [ 13.78242, 52.7794 ], [ 13.78222, 52.77953 ], [ 13.78233, 52.77969 ], [ 13.78276, 52.77967 ], [ 13.78312, 52.77978 ], [ 13.78332, 52.77965 ], [ 13.7841, 52.77952 ], [ 13.7842, 52.77987 ], [ 13.78438, 52.77993 ], [ 13.78506, 52.77979 ], [ 13.78576, 52.77972 ], [ 13.78669, 52.77955 ], [ 13.78705, 52.77941 ] ] ] } },
{ "type": "Feature", "properties": { "boden": "40 % mittel, mäßig frisch (M2) · 30 % ziemlich arm, mäßig frisch (Z2) · 30 % mittel, mäßig frisch (M2)" }, "geometry": { "type": "Polygon", "coordinates": [ [ [ 13.779, 52.77979 ], [ 13.77907, 52.77968 ], [ 13.77928, 52.77965 ], [ 13.77893, 52.77948 ], [ 13.77918, 52.77909 ], [ 13.77962, 52.7788 ], [ 13.77975, 52.77862 ], [ 13.77954, 52.7787 ], [ 13.77946, 52.77881 ], [ 13.77922, 52.77894 ], [ 13.77905, 52.77918 ], [ 13.77887, 52.77922 ], [ 13.77873, 52.77918 ], [ 13.77872, 52.77934 ], [ 13.77829, 52.77967 ], [ 13.77804, 52.7801 ], [ 13.77879, 52.78004 ], [ 13.77904, 52.77986 ], [ 13.779, 52.77979 ] ] ] } },
{ "type": "Feature", "properties": { "boden": "50 % kräftig, nass (NK1) · 30 % kräftig, nass (NK2) · 20 % kräftig, frisch (K1)" }, "geometry": { "type": "Polygon", "coordinates": [ [ [ 13.7811, 52.77953 ], [ 13.78092, 52.77957 ], [ 13.78085, 52.77968 ], [ 13.78092, 52.77979 ], [ 13.78119, 52.78003 ], [ 13.78136, 52.78007 ], [ 13.78154, 52.78003 ], [ 13.78162, 52.77992 ], [ 13.78155, 52.77982 ], [ 13.78128, 52.77958 ], [ 13.7811, 52.77953 ] ] ] } },
{ "type": "Feature", "properties": { "boden": "40 % mittel, mäßig frisch (M2) · 30 % ziemlich arm, mäßig frisch (Z2) · 30 % mittel, mäßig frisch (M2)" }, "geometry": { "type": "Polygon", "coordinates": [ [ [ 13.77928, 52.77965 ], [ 13.77907, 52.77968 ], [ 13.779, 52.77979 ], [ 13.77907, 52.7799 ], [ 13.77924, 52.77995 ], [ 13.7794, 52.78013 ], [ 13.77958, 52.78018 ], [ 13.77976, 52.78014 ], [ 13.77984, 52.78003 ], [ 13.77976, 52.77992 ], [ 13.77959, 52.77988 ], [ 13.77946, 52.77973 ], [ 13.77928, 52.77965 ] ] ] } },
{ "type": "Feature", "properties": { "boden": "40 % ziemlich arm, mäßig frisch (Z2) · 40 % ziemlich arm, mäßig frisch (Z2) · 20 % mittel, mäßig frisch (M2)" }, "geometry": { "type": "Polygon", "coordinates": [ [ [ 13.78441, 52.78005 ], [ 13.78522, 52.78003 ], [ 13.78625, 52.77995 ], [ 13.78635, 52.77961 ], [ 13.78768, 52.77963 ], [ 13.78801, 52.77943 ], [ 13.7879, 52.77944 ], [ 13.78785, 52.77952 ], [ 13.78767, 52.77956 ], [ 13.78722, 52.77942 ], [ 13.7859, 52.7797 ], [ 13.78506, 52.77979 ], [ 13.78438, 52.77993 ], [ 13.7842, 52.77987 ], [ 13.78412, 52.77955 ], [ 13.78406, 52.77951 ], [ 13.78332, 52.77965 ], [ 13.78312, 52.77978 ], [ 13.78276, 52.77967 ], [ 13.78233, 52.77969 ], [ 13.78222, 52.77954 ], [ 13.78214, 52.77956 ], [ 13.78196, 52.77951 ], [ 13.78179, 52.77955 ], [ 13.78171, 52.77963 ], [ 13.78212, 52.77975 ], [ 13.78237, 52.78001 ], [ 13.78283, 52.78028 ], [ 13.78358, 52.78059 ], [ 13.78376, 52.78078 ], [ 13.78429, 52.78057 ], [ 13.78441, 52.78005 ] ] ] } },
{ "type": "Feature", "properties": { "boden": "40 % mittel, mäßig frisch (M2) · 30 % mittel, mäßig frisch (M2) · 30 % kräftig, mäßig frisch (K2)" }, "geometry": { "type": "Polygon", "coordinates": [ [ [ 13.78348, 52.78054 ], [ 13.78283, 52.78028 ], [ 13.78237, 52.78001 ], [ 13.78212, 52.77975 ], [ 13.78199, 52.77969 ], [ 13.78187, 52.7797 ], [ 13.78193, 52.77977 ], [ 13.78178, 52.78021 ], [ 13.78195, 52.78017 ], [ 13.78213, 52.78022 ], [ 13.7822, 52.78033 ], [ 13.78213, 52.78043 ], [ 13.78191, 52.78053 ], [ 13.78183, 52.78078 ], [ 13.78165, 52.78082 ], [ 13.78147, 52.78077 ], [ 13.78094, 52.78112 ], [ 13.78108, 52.78115 ], [ 13.78114, 52.78124 ], [ 13.78151, 52.78111 ], [ 13.78178, 52.78087 ], [ 13.78205, 52.78085 ], [ 13.78256, 52.78091 ], [ 13.78283, 52.78087 ], [ 13.783, 52.78078 ], [ 13.78285, 52.78067 ], [ 13.78291, 52.78056 ], [ 13.7831, 52.78052 ], [ 13.78348, 52.78054 ] ] ] } },
{ "type": "Feature", "properties": { "boden": "40 % mittel, mäßig frisch (M2) · 30 % mittel, mäßig frisch (M2) · 30 % kräftig, mäßig frisch (K2)" }, "geometry": { "type": "Polygon", "coordinates": [ [ [ 13.78178, 52.78021 ], [ 13.78155, 52.78056 ], [ 13.78163, 52.78061 ], [ 13.78147, 52.78077 ], [ 13.78165, 52.78082 ], [ 13.78183, 52.78078 ], [ 13.78191, 52.78053 ], [ 13.78213, 52.78043 ], [ 13.7822, 52.78033 ], [ 13.78213, 52.78022 ], [ 13.78195, 52.78017 ], [ 13.78178, 52.78021 ] ] ] } },
{ "type": "Feature", "properties": { "boden": "50 % kräftig, nass (NK1) · 30 % kräftig, nass (NK2) · 20 % kräftig, frisch (K1)" }, "geometry": { "type": "Polygon", "coordinates": [ [ [ 13.78169, 52.78032 ], [ 13.78114, 52.78037 ], [ 13.78106, 52.78048 ], [ 13.78113, 52.78059 ], [ 13.78141, 52.78068 ], [ 13.78144, 52.78073 ], [ 13.78157, 52.78061 ], [ 13.7815, 52.78056 ], [ 13.78169, 52.78032 ] ] ] } },
{ "type": "Feature", "properties": { "boden": "40 % mittel, mäßig frisch (M2) · 30 % ziemlich arm, mäßig frisch (Z2) · 30 % mittel, mäßig frisch (M2)" }, "geometry": { "type": "Polygon", "coordinates": [ [ [ 13.77793, 52.78122 ], [ 13.7781, 52.78093 ], [ 13.77881, 52.78074 ], [ 13.77903, 52.78054 ], [ 13.77854, 52.78057 ], [ 13.77842, 52.78051 ], [ 13.77801, 52.78047 ], [ 13.77767, 52.78057 ], [ 13.77738, 52.78084 ], [ 13.77732, 52.781 ], [ 13.77762, 52.78127 ], [ 13.77781, 52.7812 ], [ 13.77793, 52.78122 ] ] ] } },
{ "type": "Feature", "properties": { "boden": "100 % mittel, frisch (M1)" }, "geometry": { "type": "Polygon", "coordinates": [ [ [ 13.77835, 52.7813 ], [ 13.77817, 52.78125 ], [ 13.7781, 52.78114 ], [ 13.77818, 52.78104 ], [ 13.77835, 52.78099 ], [ 13.77854, 52.78105 ], [ 13.77919, 52.78064 ], [ 13.7781, 52.78093 ], [ 13.77794, 52.78115 ], [ 13.77791, 52.78135 ], [ 13.77822, 52.78165 ], [ 13.77835, 52.7813 ] ] ] } },
{ "type": "Feature", "properties": { "boden": "100 % mittel, frisch (M1)" }, "geometry": { "type": "Polygon", "coordinates": [ [ [ 13.77838, 52.78129 ], [ 13.77854, 52.78105 ], [ 13.77835, 52.78099 ], [ 13.77818, 52.78104 ], [ 13.7781, 52.78114 ], [ 13.77817, 52.78125 ], [ 13.77838, 52.78129 ] ] ] } },
{ "type": "Feature", "properties": { "boden": "40 % mittel, mäßig frisch (M2) · 30 % mittel, mäßig frisch (M2) · 30 % kräftig, mäßig frisch (K2)" }, "geometry": { "type": "Polygon", "coordinates": [ [ [ 13.78108, 52.78115 ], [ 13.78094, 52.78112 ], [ 13.78067, 52.78123 ], [ 13.78072, 52.78137 ], [ 13.78079, 52.78138 ], [ 13.78106, 52.7813 ], [ 13.78114, 52.78124 ], [ 13.78108, 52.78115 ] ] ] } },
{ "type": "Feature", "properties": { "boden": "40 % mittel, trocken (vermutet) (M3) · 30 % mittel, trocken (vermutet) (M3) · 30 % kräftig, trocken (vermutet) (K3)" }, "geometry": { "type": "Polygon", "coordinates": [ [ [ 13.78367, 52.78069 ], [ 13.78343, 52.78053 ], [ 13.78299, 52.78053 ], [ 13.78285, 52.78067 ], [ 13.783, 52.78078 ], [ 13.78283, 52.78087 ], [ 13.78256, 52.78091 ], [ 13.78205, 52.78085 ], [ 13.78178, 52.78087 ], [ 13.78151, 52.78111 ], [ 13.78117, 52.78122 ], [ 13.78106, 52.7813 ], [ 13.78079, 52.78138 ], [ 13.78072, 52.78137 ], [ 13.78067, 52.78123 ], [ 13.78043, 52.78133 ], [ 13.78032, 52.78142 ], [ 13.78048, 52.78146 ], [ 13.78055, 52.78157 ], [ 13.77979, 52.78193 ], [ 13.77992, 52.78205 ], [ 13.77987, 52.78212 ], [ 13.78036, 52.78221 ], [ 13.78063, 52.78232 ], [ 13.78103, 52.78234 ], [ 13.78104, 52.78225 ], [ 13.78083, 52.78205 ], [ 13.781, 52.78189 ], [ 13.78093, 52.7817 ], [ 13.78114, 52.78167 ], [ 13.78131, 52.78174 ], [ 13.7817, 52.78169 ], [ 13.78194, 52.7816 ], [ 13.78227, 52.7814 ], [ 13.78295, 52.78114 ], [ 13.78323, 52.78093 ], [ 13.7835, 52.78083 ], [ 13.78367, 52.78069 ] ] ] } },
{ "type": "Feature", "properties": { "boden": "40 % mittel, mäßig frisch (M2) · 30 % mittel, mäßig frisch (M2) · 30 % kräftig, mäßig frisch (K2)" }, "geometry": { "type": "Polygon", "coordinates": [ [ [ 13.78008, 52.78161 ], [ 13.78012, 52.78167 ], [ 13.78029, 52.78172 ], [ 13.78055, 52.78157 ], [ 13.78048, 52.78146 ], [ 13.78032, 52.78142 ], [ 13.78008, 52.78161 ] ] ] } },
{ "type": "Feature", "properties": { "boden": "50 % mittel, mäßig frisch (M+2) · 50 % kräftig, mäßig frisch (K2)" }, "geometry": { "type": "Polygon", "coordinates": [ [ [ 13.78425, 52.78211 ], [ 13.78424, 52.78079 ], [ 13.78429, 52.78057 ], [ 13.78376, 52.78078 ], [ 13.78346, 52.78099 ], [ 13.78303, 52.78135 ], [ 13.7829, 52.78161 ], [ 13.78285, 52.78221 ], [ 13.78289, 52.78344 ], [ 13.78342, 52.78355 ], [ 13.78436, 52.78341 ], [ 13.78425, 52.78211 ] ] ] } },
{ "type": "Feature", "properties": { "boden": "40 % mittel, mäßig frisch (M2) · 30 % mittel, mäßig frisch (M2) · 30 % kräftig, mäßig frisch (K2)" }, "geometry": { "type": "Polygon", "coordinates": [ [ [ 13.78367, 52.78069 ], [ 13.7835, 52.78083 ], [ 13.78323, 52.78093 ], [ 13.78295, 52.78114 ], [ 13.7824, 52.78134 ], [ 13.78182, 52.78165 ], [ 13.78131, 52.78174 ], [ 13.78114, 52.78167 ], [ 13.78093, 52.7817 ], [ 13.781, 52.78189 ], [ 13.78083, 52.78205 ], [ 13.78104, 52.78225 ], [ 13.78103, 52.78234 ], [ 13.78063, 52.78232 ], [ 13.78036, 52.78221 ], [ 13.77987, 52.78212 ], [ 13.77964, 52.78227 ], [ 13.77948, 52.78246 ], [ 13.7793, 52.7825 ], [ 13.77913, 52.78245 ], [ 13.77822, 52.78325 ], [ 13.77925, 52.78296 ], [ 13.77968, 52.78295 ], [ 13.78107, 52.78312 ], [ 13.7807, 52.78301 ], [ 13.78035, 52.78297 ], [ 13.78027, 52.78286 ], [ 13.77979, 52.78266 ], [ 13.77966, 52.78257 ], [ 13.7797, 52.7825 ], [ 13.77988, 52.78249 ], [ 13.77991, 52.78231 ], [ 13.77999, 52.78228 ], [ 13.78054, 52.78243 ], [ 13.78071, 52.78255 ], [ 13.78094, 52.78257 ], [ 13.78107, 52.78273 ], [ 13.78139, 52.78292 ], [ 13.78238, 52.78304 ], [ 13.78255, 52.7832 ], [ 13.78284, 52.78334 ], [ 13.78282, 52.78339 ], [ 13.78267, 52.7834 ], [ 13.78289, 52.78344 ], [ 13.78285, 52.78221 ], [ 13.7829, 52.78161 ], [ 13.78303, 52.78135 ], [ 13.78376, 52.78078 ], [ 13.78367, 52.78069 ] ] ] } },
{ "type": "Feature", "properties": { "boden": "60 % mittel, trocken (vermutet) (M+3) · 40 % ziemlich arm, trocken (vermutet) (Z3)" }, "geometry": { "type": "Polygon", "coordinates": [ [ [ 13.79448, 52.76241 ], [ 13.79431, 52.76251 ], [ 13.79423, 52.76272 ], [ 13.79424, 52.76296 ], [ 13.79415, 52.76312 ], [ 13.79442, 52.76317 ], [ 13.79461, 52.76312 ], [ 13.79477, 52.76255 ], [ 13.79471, 52.76246 ], [ 13.79448, 52.76241 ] ] ] } },
{ "type": "Feature", "properties": { "boden": "40 % ziemlich arm, frisch (Z1) · 30 % ziemlich arm, mäßig frisch (Z2g) · 30 % ziemlich arm, mäßig frisch (Z+2g)" }, "geometry": { "type": "Polygon", "coordinates": [ [ [ 13.7962, 52.76638 ], [ 13.7961, 52.7664 ], [ 13.79603, 52.76651 ], [ 13.7961, 52.76661 ], [ 13.79675, 52.76675 ], [ 13.79734, 52.76662 ], [ 13.79742, 52.76652 ], [ 13.79738, 52.76647 ], [ 13.7962, 52.76638 ] ] ] } },
{ "type": "Feature", "properties": { "boden": "40 % ziemlich arm, frisch (Z1) · 30 % ziemlich arm, mäßig frisch (Z2g) · 30 % mittel, mäßig frisch (M+2g)" }, "geometry": { "type": "Polygon", "coordinates": [ [ [ 13.79567, 52.76964 ], [ 13.79706, 52.76787 ], [ 13.79759, 52.76705 ], [ 13.79812, 52.76654 ], [ 13.79738, 52.76647 ], [ 13.79742, 52.76652 ], [ 13.79734, 52.76662 ], [ 13.79675, 52.76675 ], [ 13.7961, 52.76661 ], [ 13.79603, 52.76651 ], [ 13.7961, 52.7664 ], [ 13.7962, 52.76638 ], [ 13.79458, 52.76622 ], [ 13.79455, 52.76615 ], [ 13.79373, 52.76618 ], [ 13.7936, 52.76698 ], [ 13.79317, 52.76718 ], [ 13.79267, 52.7673 ], [ 13.79246, 52.76776 ], [ 13.7922, 52.76814 ], [ 13.79189, 52.76813 ], [ 13.79195, 52.76821 ], [ 13.79159, 52.76879 ], [ 13.79073, 52.76902 ], [ 13.79015, 52.76959 ], [ 13.78901, 52.76977 ], [ 13.78975, 52.76991 ], [ 13.79048, 52.76995 ], [ 13.79062, 52.76987 ], [ 13.79077, 52.77011 ], [ 13.792, 52.77039 ], [ 13.79352, 52.77045 ], [ 13.79405, 52.77041 ], [ 13.79502, 52.77009 ], [ 13.79544, 52.76985 ], [ 13.79567, 52.76964 ] ], [ [ 13.79416, 52.76861 ], [ 13.79428, 52.76863 ], [ 13.7943, 52.76873 ], [ 13.79363, 52.76932 ], [ 13.79348, 52.76931 ], [ 13.7934, 52.76905 ], [ 13.79416, 52.76861 ] ] ] } },
{ "type": "Feature", "properties": { "boden": "70 % mittel, trocken (vermutet) (M+3) · 30 % ziemlich arm, trocken (vermutet) (Z3)" }, "geometry": { "type": "Polygon", "coordinates": [ [ [ 13.79708, 52.76825 ], [ 13.79675, 52.76832 ], [ 13.79678, 52.76849 ], [ 13.7969, 52.7685 ], [ 13.7971, 52.76843 ], [ 13.79721, 52.76829 ], [ 13.79708, 52.76825 ] ] ] } },
{ "type": "Feature", "properties": { "boden": "70 % mittel, mäßig frisch (M+2) · 30 % ziemlich arm, mäßig frisch (Z2)" }, "geometry": { "type": "Polygon", "coordinates": [ [ [ 13.79971, 52.76992 ], [ 13.79902, 52.76982 ], [ 13.79913, 52.76841 ], [ 13.79892, 52.7684 ], [ 13.79884, 52.76815 ], [ 13.79812, 52.76814 ], [ 13.79812, 52.76654 ], [ 13.79759, 52.76705 ], [ 13.79706, 52.76787 ], [ 13.79567, 52.76964 ], [ 13.79544, 52.76985 ], [ 13.79649, 52.77 ], [ 13.79685, 52.77016 ], [ 13.79741, 52.77055 ], [ 13.79916, 52.77088 ], [ 13.79963, 52.77092 ], [ 13.79976, 52.7709 ], [ 13.79971, 52.76992 ] ], [ [ 13.79721, 52.76829 ], [ 13.79704, 52.76847 ], [ 13.7969, 52.7685 ], [ 13.79674, 52.76846 ], [ 13.79672, 52.76836 ], [ 13.79681, 52.76828 ], [ 13.79708, 52.76825 ], [ 13.79721, 52.76829 ] ] ] } },
{ "type": "Feature", "properties": { "boden": "80 % ziemlich arm, trocken (vermutet) (Z3) · 20 % mittel, trocken (vermutet) (M+3)" }, "geometry": { "type": "Polygon", "coordinates": [ [ [ 13.79493, 52.77072 ], [ 13.79493, 52.77048 ], [ 13.79479, 52.77044 ], [ 13.79423, 52.77046 ], [ 13.79404, 52.77055 ], [ 13.79379, 52.77083 ], [ 13.79385, 52.77088 ], [ 13.79403, 52.77071 ], [ 13.79424, 52.77069 ], [ 13.79438, 52.77075 ], [ 13.79447, 52.77096 ], [ 13.79456, 52.77103 ], [ 13.79506, 52.77111 ], [ 13.79516, 52.77105 ], [ 13.79513, 52.77091 ], [ 13.79493, 52.77072 ] ] ] } },
{ "type": "Feature", "properties": { "boden": "60 % mittel, mäßig frisch (M+2) · 40 % ziemlich arm, mäßig frisch (Z+2)" }, "geometry": { "type": "Polygon", "coordinates": [ [ [ 13.79858, 52.7716 ], [ 13.79841, 52.77164 ], [ 13.79833, 52.77175 ], [ 13.79842, 52.77196 ], [ 13.79825, 52.77238 ], [ 13.79833, 52.77249 ], [ 13.7985, 52.77254 ], [ 13.79868, 52.7725 ], [ 13.79884, 52.77207 ], [ 13.79875, 52.77186 ], [ 13.79883, 52.77175 ], [ 13.79876, 52.77164 ], [ 13.79858, 52.7716 ] ] ] } },
{ "type": "Feature", "properties": { "boden": "60 % mittel, mäßig frisch (M+2) · 40 % mittel, mäßig frisch (M+2)" }, "geometry": { "type": "Polygon", "coordinates": [ [ [ 13.79981, 52.77186 ], [ 13.79976, 52.7709 ], [ 13.79916, 52.77088 ], [ 13.79741, 52.77055 ], [ 13.79736, 52.77074 ], [ 13.79767, 52.77119 ], [ 13.79769, 52.77142 ], [ 13.79747, 52.77193 ], [ 13.7973, 52.77214 ], [ 13.79711, 52.77224 ], [ 13.79668, 52.77236 ], [ 13.79636, 52.7724 ], [ 13.79476, 52.77221 ], [ 13.79416, 52.77228 ], [ 13.79388, 52.77249 ], [ 13.79375, 52.77273 ], [ 13.79374, 52.77298 ], [ 13.79387, 52.77324 ], [ 13.79405, 52.77345 ], [ 13.79432, 52.77356 ], [ 13.79511, 52.77372 ], [ 13.79719, 52.77398 ], [ 13.79773, 52.77412 ], [ 13.79771, 52.77347 ], [ 13.79777, 52.77312 ], [ 13.79792, 52.7729 ], [ 13.79837, 52.77269 ], [ 13.79943, 52.77243 ], [ 13.79989, 52.77219 ], [ 13.80023, 52.77189 ], [ 13.79981, 52.77186 ] ], [ [ 13.79883, 52.77175 ], [ 13.79875, 52.77186 ], [ 13.79884, 52.77207 ], [ 13.79877, 52.77218 ], [ 13.79876, 52.77239 ], [ 13.79868, 52.7725 ], [ 13.7985, 52.77254 ], [ 13.79833, 52.77249 ], [ 13.79825, 52.77238 ], [ 13.79842, 52.77196 ], [ 13.79833, 52.77175 ], [ 13.79841, 52.77164 ], [ 13.79858, 52.7716 ], [ 13.79876, 52.77164 ], [ 13.79883, 52.77175 ] ] ] } },
{ "type": "Feature", "properties": { "boden": "60 % ziemlich arm, frisch (Z1) · 40 % mittel, mäßig frisch (M+2)" }, "geometry": { "type": "Polygon", "coordinates": [ [ [ 13.79989, 52.77219 ], [ 13.79943, 52.77243 ], [ 13.79837, 52.77269 ], [ 13.79792, 52.7729 ], [ 13.79777, 52.77312 ], [ 13.79771, 52.77347 ], [ 13.79773, 52.77412 ], [ 13.79784, 52.77433 ], [ 13.79856, 52.77431 ], [ 13.79854, 52.77437 ], [ 13.79864, 52.77436 ], [ 13.79866, 52.77443 ], [ 13.79898, 52.7744 ], [ 13.79985, 52.7741 ], [ 13.80015, 52.77383 ], [ 13.80036, 52.77377 ], [ 13.80045, 52.77424 ], [ 13.80287, 52.77379 ], [ 13.80288, 52.77375 ], [ 13.80337, 52.77366 ], [ 13.80328, 52.77323 ], [ 13.80343, 52.77322 ], [ 13.80327, 52.77317 ], [ 13.80217, 52.77321 ], [ 13.80204, 52.77191 ], [ 13.80092, 52.77192 ], [ 13.8009, 52.7727 ], [ 13.80052, 52.7727 ], [ 13.80023, 52.77189 ], [ 13.79989, 52.77219 ] ], [ [ 13.80243, 52.77359 ], [ 13.80119, 52.77381 ], [ 13.80101, 52.77376 ], [ 13.80094, 52.77366 ], [ 13.80102, 52.77355 ], [ 13.80145, 52.77351 ], [ 13.80226, 52.77332 ], [ 13.80243, 52.77337 ], [ 13.8025, 52.77348 ], [ 13.80243, 52.77359 ] ], [ [ 13.80091, 52.7739 ], [ 13.80083, 52.774 ], [ 13.80065, 52.77405 ], [ 13.80047, 52.774 ], [ 13.8004, 52.77389 ], [ 13.80048, 52.77378 ], [ 13.80066, 52.77374 ], [ 13.80084, 52.77379 ], [ 13.80091, 52.7739 ] ] ] } },
{ "type": "Feature", "properties": { "boden": "60 % ziemlich arm, frisch (Z1) · 40 % ziemlich arm, mäßig frisch (Z+2)" }, "geometry": { "type": "Polygon", "coordinates": [ [ [ 13.8025, 52.77348 ], [ 13.80243, 52.77337 ], [ 13.80226, 52.77332 ], [ 13.80145, 52.77351 ], [ 13.80102, 52.77355 ], [ 13.80094, 52.77366 ], [ 13.80101, 52.77376 ], [ 13.80119, 52.77381 ], [ 13.80243, 52.77359 ], [ 13.8025, 52.77348 ] ] ] } },
{ "type": "Feature", "properties": { "boden": "50 % ziemlich arm, mäßig frisch (Z2) · 30 % ziemlich arm, mäßig frisch (Z2) · 20 % ziemlich arm, mäßig frisch (Z2)" }, "geometry": { "type": "Polygon", "coordinates": [ [ [ 13.78751, 52.76929 ], [ 13.78732, 52.76935 ], [ 13.78732, 52.76941 ], [ 13.78803, 52.76948 ], [ 13.78806, 52.76924 ], [ 13.78751, 52.76929 ] ] ] } },
{ "type": "Feature", "properties": { "boden": "40 % ziemlich arm, trocken (vermutet) (Z3) · 30 % ziemlich arm, trocken (vermutet) (Z3) · 30 % ziemlich arm, trocken (vermutet) (Z3)" }, "geometry": { "type": "Polygon", "coordinates": [ [ [ 13.78778, 52.76983 ], [ 13.78732, 52.76992 ], [ 13.78704, 52.77012 ], [ 13.78792, 52.77019 ], [ 13.78831, 52.77015 ], [ 13.78836, 52.77009 ], [ 13.78817, 52.7699 ], [ 13.78778, 52.76983 ] ] ] } },
{ "type": "Feature", "properties": { "boden": "40 % ziemlich arm, mäßig frisch (Z2) · 30 % ziemlich arm, mäßig frisch (Z2) · 30 % ziemlich arm, mäßig frisch (Z2)" }, "geometry": { "type": "Polygon", "coordinates": [ [ [ 13.78844, 52.77033 ], [ 13.78783, 52.77028 ], [ 13.78789, 52.77049 ], [ 13.78813, 52.77078 ], [ 13.78823, 52.77108 ], [ 13.78836, 52.77103 ], [ 13.78841, 52.7707 ], [ 13.78819, 52.77047 ], [ 13.78827, 52.77037 ], [ 13.78844, 52.77033 ] ] ] } },
{ "type": "Feature", "properties": { "boden": "80 % ziemlich arm, trocken (vermutet) (Z3) · 20 % mittel, trocken (vermutet) (M+3)" }, "geometry": { "type": "Polygon", "coordinates": [ [ [ 13.78981, 52.77086 ], [ 13.78967, 52.77086 ], [ 13.7893, 52.77123 ], [ 13.78976, 52.77121 ], [ 13.79018, 52.77109 ], [ 13.79031, 52.77089 ], [ 13.79, 52.77076 ], [ 13.79048, 52.77045 ], [ 13.79049, 52.77036 ], [ 13.79027, 52.77041 ], [ 13.78981, 52.77086 ] ] ] } },
{ "type": "Feature", "properties": { "boden": "40 % ziemlich arm, mäßig frisch (Z2) · 30 % ziemlich arm, mäßig frisch (Z2) · 30 % ziemlich arm, mäßig frisch (Z2)" }, "geometry": { "type": "Polygon", "coordinates": [ [ [ 13.78856, 52.77096 ], [ 13.78893, 52.77073 ], [ 13.78896, 52.77061 ], [ 13.78915, 52.77054 ], [ 13.78921, 52.77044 ], [ 13.78915, 52.77035 ], [ 13.78898, 52.7703 ], [ 13.78869, 52.77039 ], [ 13.78845, 52.77032 ], [ 13.78827, 52.77037 ], [ 13.78819, 52.77047 ], [ 13.78841, 52.7707 ], [ 13.78836, 52.77103 ], [ 13.78813, 52.77111 ], [ 13.78805, 52.77121 ], [ 13.78812, 52.77132 ], [ 13.7883, 52.77137 ], [ 13.78848, 52.77132 ], [ 13.78856, 52.77106 ], [ 13.78865, 52.77102 ], [ 13.78856, 52.77096 ] ] ] } },
{ "type": "Feature", "properties": { "boden": "40 % ziemlich arm, mäßig frisch (Z2) · 30 % ziemlich arm, mäßig frisch (Z2) · 30 % ziemlich arm, mäßig frisch (Z2)" }, "geometry": { "type": "Polygon", "coordinates": [ [ [ 13.78707, 52.77066 ], [ 13.78694, 52.77059 ], [ 13.78679, 52.77058 ], [ 13.78558, 52.7707 ], [ 13.78504, 52.7705 ], [ 13.78486, 52.7705 ], [ 13.7848, 52.77054 ], [ 13.7849, 52.77063 ], [ 13.7853, 52.77074 ], [ 13.7854, 52.77085 ], [ 13.78562, 52.77095 ], [ 13.78693, 52.77119 ], [ 13.78716, 52.77117 ], [ 13.78729, 52.77109 ], [ 13.78729, 52.77102 ], [ 13.78708, 52.77085 ], [ 13.78707, 52.77066 ] ] ] } },
{ "type": "Feature", "properties": { "boden": "40 % ziemlich arm, mäßig frisch (Z2) · 30 % ziemlich arm, mäßig frisch (Z2) · 30 % ziemlich arm, mäßig frisch (Z2)" }, "geometry": { "type": "Polygon", "coordinates": [ [ [ 13.78812, 52.77132 ], [ 13.78805, 52.77121 ], [ 13.78813, 52.77111 ], [ 13.78823, 52.77108 ], [ 13.78822, 52.77103 ], [ 13.78802, 52.7706 ], [ 13.78789, 52.77049 ], [ 13.78783, 52.77028 ], [ 13.78845, 52.77032 ], [ 13.78869, 52.77039 ], [ 13.78898, 52.7703 ], [ 13.78915, 52.77035 ], [ 13.78921, 52.77044 ], [ 13.78937, 52.77032 ], [ 13.78901, 52.76977 ], [ 13.78853, 52.76969 ], [ 13.78803, 52.76948 ], [ 13.78694, 52.76936 ], [ 13.78549, 52.76961 ], [ 13.78476, 52.76968 ], [ 13.78452, 52.76976 ], [ 13.78409, 52.77007 ], [ 13.78382, 52.77004 ], [ 13.78381, 52.77019 ], [ 13.78341, 52.77062 ], [ 13.78279, 52.77152 ], [ 13.78221, 52.77221 ], [ 13.78186, 52.77285 ], [ 13.78202, 52.77292 ], [ 13.78217, 52.7729 ], [ 13.78228, 52.77266 ], [ 13.78252, 52.77256 ], [ 13.78468, 52.77222 ], [ 13.78536, 52.77212 ], [ 13.78587, 52.7722 ], [ 13.78653, 52.77221 ], [ 13.78735, 52.77211 ], [ 13.78784, 52.772 ], [ 13.78791, 52.77192 ], [ 13.78782, 52.77184 ], [ 13.78782, 52.77174 ], [ 13.78803, 52.77185 ], [ 13.78814, 52.7718 ], [ 13.78813, 52.77164 ], [ 13.78823, 52.77154 ], [ 13.78825, 52.77135 ], [ 13.78812, 52.77132 ] ], [ [ 13.78705, 52.77155 ], [ 13.7874, 52.77182 ], [ 13.78741, 52.77189 ], [ 13.78728, 52.772 ], [ 13.7868, 52.77209 ], [ 13.78629, 52.77211 ], [ 13.78603, 52.77207 ], [ 13.78582, 52.77197 ], [ 13.7858, 52.7719 ], [ 13.7859, 52.77183 ], [ 13.78627, 52.77165 ], [ 13.78629, 52.77146 ], [ 13.78635, 52.77143 ], [ 13.78682, 52.77148 ], [ 13.78705, 52.77155 ] ], [ [ 13.78489, 52.77133 ], [ 13.78487, 52.77147 ], [ 13.78469, 52.77154 ], [ 13.7841, 52.77151 ], [ 13.78413, 52.77144 ], [ 13.78436, 52.77134 ], [ 13.78473, 52.7713 ], [ 13.78489, 52.77133 ] ], [ [ 13.78524, 52.77177 ], [ 13.78512, 52.77198 ], [ 13.78488, 52.7721 ], [ 13.78275, 52.77246 ], [ 13.7824, 52.77246 ], [ 13.78232, 52.77236 ], [ 13.78235, 52.77217 ], [ 13.78268, 52.77187 ], [ 13.78488, 52.77173 ], [ 13.78524, 52.77177 ] ], [ [ 13.78708, 52.77085 ], [ 13.78729, 52.77102 ], [ 13.78729, 52.77109 ], [ 13.78716, 52.77117 ], [ 13.78693, 52.77119 ], [ 13.78562, 52.77095 ], [ 13.7854, 52.77085 ], [ 13.7853, 52.77074 ], [ 13.7849, 52.77063 ], [ 13.7848, 52.77054 ], [ 13.78486, 52.7705 ], [ 13.78504, 52.7705 ], [ 13.78558, 52.7707 ], [ 13.7864, 52.7706 ], [ 13.78694, 52.77059 ], [ 13.78707, 52.77066 ], [ 13.78708, 52.77085 ] ], [ [ 13.78817, 52.7699 ], [ 13.78836, 52.77009 ], [ 13.78831, 52.77015 ], [ 13.78817, 52.77018 ], [ 13.78704, 52.77012 ], [ 13.78715, 52.77 ], [ 13.78753, 52.76986 ], [ 13.78799, 52.76984 ], [ 13.78817, 52.7699 ] ] ] } },
{ "type": "Feature", "properties": { "boden": "80 % ziemlich arm, trocken (vermutet) (Z3) · 20 % mittel, trocken (vermutet) (M+3)" }, "geometry": { "type": "Polygon", "coordinates": [ [ [ 13.79201, 52.77119 ], [ 13.79175, 52.77123 ], [ 13.79157, 52.77132 ], [ 13.7916, 52.77152 ], [ 13.79192, 52.77146 ], [ 13.79206, 52.77138 ], [ 13.79212, 52.77122 ], [ 13.79201, 52.77119 ] ] ] } },
{ "type": "Feature", "properties": { "boden": "80 % ziemlich arm, mäßig frisch (Z2) · 20 % mittel, mäßig frisch (M+2)" }, "geometry": { "type": "Polygon", "coordinates": [ [ [ 13.79255, 52.77158 ], [ 13.79184, 52.77174 ], [ 13.79166, 52.77186 ], [ 13.79193, 52.77197 ], [ 13.79209, 52.77197 ], [ 13.79254, 52.7717 ], [ 13.7926, 52.7716 ], [ 13.79255, 52.77158 ] ] ] } },
{ "type": "Feature", "properties": { "boden": "40 % ziemlich arm, trocken (vermutet) (Z3) · 30 % ziemlich arm, trocken (vermutet) (Z3) · 30 % ziemlich arm, trocken (vermutet) (Z3)" }, "geometry": { "type": "Polygon", "coordinates": [ [ [ 13.78645, 52.77143 ], [ 13.78629, 52.77146 ], [ 13.78627, 52.77165 ], [ 13.7859, 52.77183 ], [ 13.7858, 52.7719 ], [ 13.78582, 52.77197 ], [ 13.78603, 52.77207 ], [ 13.78645, 52.77211 ], [ 13.7868, 52.77209 ], [ 13.78737, 52.77196 ], [ 13.7874, 52.77182 ], [ 13.78715, 52.77159 ], [ 13.78682, 52.77148 ], [ 13.78645, 52.77143 ] ] ] } },
{ "type": "Feature", "properties": { "boden": "40 % ziemlich arm, mäßig frisch (Z2) · 30 % ziemlich arm, mäßig frisch (Z2) · 30 % ziemlich arm, mäßig frisch (Z2)" }, "geometry": { "type": "Polygon", "coordinates": [ [ [ 13.7868, 52.77244 ], [ 13.78731, 52.77245 ], [ 13.78827, 52.77217 ], [ 13.78838, 52.772 ], [ 13.78821, 52.77196 ], [ 13.78731, 52.77222 ], [ 13.78685, 52.77228 ], [ 13.78667, 52.77224 ], [ 13.78648, 52.77228 ], [ 13.78651, 52.77244 ], [ 13.78643, 52.77255 ], [ 13.78673, 52.77252 ], [ 13.7868, 52.77244 ] ] ] } },
{ "type": "Feature", "properties": { "boden": "80 % ziemlich arm, trocken (vermutet) (Z3) · 20 % mittel, trocken (vermutet) (M+3)" }, "geometry": { "type": "Polygon", "coordinates": [ [ [ 13.7878, 52.77331 ], [ 13.78747, 52.77334 ], [ 13.78731, 52.77351 ], [ 13.78734, 52.77358 ], [ 13.78763, 52.77359 ], [ 13.78779, 52.77354 ], [ 13.78904, 52.7727 ], [ 13.78918, 52.77184 ], [ 13.78885, 52.77215 ], [ 13.7887, 52.7727 ], [ 13.7883, 52.77285 ], [ 13.78812, 52.7731 ], [ 13.78789, 52.77321 ], [ 13.7878, 52.77331 ] ] ] } },
{ "type": "Feature", "properties": { "boden": "40 % ziemlich arm, mäßig frisch (Z2) · 30 % ziemlich arm, mäßig frisch (Z2) · 30 % ziemlich arm, mäßig frisch (Z2)" }, "geometry": { "type": "Polygon", "coordinates": [ [ [ 13.7851, 52.77359 ], [ 13.78557, 52.77335 ], [ 13.78595, 52.77303 ], [ 13.78662, 52.77264 ], [ 13.78673, 52.77252 ], [ 13.78643, 52.77255 ], [ 13.78596, 52.77282 ], [ 13.7857, 52.77318 ], [ 13.78546, 52.77329 ], [ 13.78534, 52.77346 ], [ 13.78501, 52.77357 ], [ 13.7851, 52.77359 ] ] ] } },
{ "type": "Feature", "properties": { "boden": "40 % ziemlich arm, mäßig frisch (Z2) · 30 % ziemlich arm, mäßig frisch (Z2) · 30 % ziemlich arm, mäßig frisch (Z2)" }, "geometry": { "type": "Polygon", "coordinates": [ [ [ 13.78596, 52.77282 ], [ 13.78553, 52.77318 ], [ 13.78499, 52.77343 ], [ 13.78501, 52.77357 ], [ 13.78534, 52.77346 ], [ 13.78546, 52.77329 ], [ 13.7857, 52.77318 ], [ 13.78596, 52.77282 ] ] ] } },
{ "type": "Feature", "properties": { "boden": "80 % ziemlich arm, mäßig frisch (Z2) · 20 % mittel, mäßig frisch (M+2)" }, "geometry": { "type": "Polygon", "coordinates": [ [ [ 13.79783, 52.77624 ], [ 13.79687, 52.7754 ], [ 13.79643, 52.77531 ], [ 13.79543, 52.77521 ], [ 13.79515, 52.77513 ], [ 13.79513, 52.77498 ], [ 13.79522, 52.77486 ], [ 13.79541, 52.77477 ], [ 13.79701, 52.77458 ], [ 13.79701, 52.77435 ], [ 13.79784, 52.77433 ], [ 13.79773, 52.77412 ], [ 13.79719, 52.77398 ], [ 13.79511, 52.77372 ], [ 13.79432, 52.77356 ], [ 13.79405, 52.77345 ], [ 13.79374, 52.77298 ], [ 13.79375, 52.77273 ], [ 13.79388, 52.77249 ], [ 13.79416, 52.77228 ], [ 13.79476, 52.77221 ], [ 13.79636, 52.7724 ], [ 13.79668, 52.77236 ], [ 13.79711, 52.77224 ], [ 13.7973, 52.77214 ], [ 13.79747, 52.77193 ], [ 13.79769, 52.77142 ], [ 13.79767, 52.77119 ], [ 13.79736, 52.77074 ], [ 13.79741, 52.77055 ], [ 13.79685, 52.77016 ], [ 13.79649, 52.77 ], [ 13.79544, 52.76985 ], [ 13.79502, 52.77009 ], [ 13.7945, 52.77028 ], [ 13.79405, 52.77041 ], [ 13.79352, 52.77045 ], [ 13.792, 52.77039 ], [ 13.79077, 52.77011 ], [ 13.79069, 52.77067 ], [ 13.79051, 52.77121 ], [ 13.7903, 52.77125 ], [ 13.79044, 52.77113 ], [ 13.79054, 52.77088 ], [ 13.79069, 52.77043 ], [ 13.79065, 52.77025 ], [ 13.79013, 52.77045 ], [ 13.78997, 52.77065 ], [ 13.79027, 52.77041 ], [ 13.79049, 52.77036 ], [ 13.79048, 52.77045 ], [ 13.79, 52.77076 ], [ 13.79031, 52.77089 ], [ 13.79018, 52.77109 ], [ 13.78976, 52.77121 ], [ 13.7893, 52.77123 ], [ 13.78915, 52.77169 ], [ 13.78878, 52.77176 ], [ 13.78822, 52.77229 ], [ 13.78812, 52.77248 ], [ 13.78792, 52.77264 ], [ 13.78791, 52.77284 ], [ 13.78781, 52.77299 ], [ 13.78791, 52.77312 ], [ 13.78789, 52.77321 ], [ 13.78812, 52.7731 ], [ 13.78838, 52.77279 ], [ 13.7887, 52.7727 ], [ 13.78885, 52.77215 ], [ 13.78918, 52.77184 ], [ 13.78904, 52.7727 ], [ 13.78779, 52.77354 ], [ 13.78763, 52.77359 ], [ 13.78741, 52.7736 ], [ 13.78731, 52.77355 ], [ 13.78737, 52.77343 ], [ 13.78729, 52.77346 ], [ 13.78728, 52.77358 ], [ 13.78704, 52.77382 ], [ 13.78705, 52.77415 ], [ 13.78661, 52.77438 ], [ 13.7863, 52.77463 ], [ 13.78672, 52.77481 ], [ 13.7867, 52.77472 ], [ 13.78649, 52.77466 ], [ 13.78642, 52.77456 ], [ 13.78647, 52.7745 ], [ 13.78656, 52.77443 ], [ 13.78692, 52.77438 ], [ 13.78704, 52.77425 ], [ 13.78722, 52.77421 ], [ 13.78739, 52.77425 ], [ 13.78747, 52.77436 ], [ 13.78739, 52.77447 ], [ 13.78692, 52.77456 ], [ 13.78693, 52.77463 ], [ 13.78714, 52.77469 ], [ 13.78721, 52.7748 ], [ 13.78714, 52.77491 ], [ 13.78701, 52.77494 ], [ 13.78739, 52.7751 ], [ 13.78765, 52.77544 ], [ 13.7877, 52.77581 ], [ 13.78794, 52.776 ], [ 13.78808, 52.77627 ], [ 13.78799, 52.77638 ], [ 13.78762, 52.77657 ], [ 13.78819, 52.77668 ], [ 13.78842, 52.77651 ], [ 13.78864, 52.7765 ], [ 13.78897, 52.77658 ], [ 13.78899, 52.77667 ], [ 13.78886, 52.77672 ], [ 13.78846, 52.77665 ], [ 13.7883, 52.7767 ], [ 13.78894, 52.77682 ], [ 13.78966, 52.77704 ], [ 13.78989, 52.77701 ], [ 13.78991, 52.77677 ], [ 13.78892, 52.7761 ], [ 13.78885, 52.77602 ], [ 13.78886, 52.77588 ], [ 13.78989, 52.77646 ], [ 13.79023, 52.77676 ], [ 13.79038, 52.77677 ], [ 13.79054, 52.77684 ], [ 13.79059, 52.77691 ], [ 13.79054, 52.77703 ], [ 13.79067, 52.77705 ], [ 13.79078, 52.77717 ], [ 13.791, 52.77728 ], [ 13.79209, 52.77762 ], [ 13.79221, 52.77758 ], [ 13.79234, 52.77735 ], [ 13.79288, 52.77729 ], [ 13.79337, 52.77754 ], [ 13.79354, 52.7775 ], [ 13.79386, 52.77757 ], [ 13.7942, 52.77754 ], [ 13.79438, 52.77759 ], [ 13.79445, 52.7777 ], [ 13.79437, 52.77781 ], [ 13.7942, 52.77785 ], [ 13.79375, 52.77778 ], [ 13.79354, 52.77781 ], [ 13.79336, 52.77776 ], [ 13.79332, 52.77771 ], [ 13.79289, 52.77775 ], [ 13.79267, 52.7777 ], [ 13.79221, 52.7778 ], [ 13.79178, 52.77778 ], [ 13.79078, 52.77749 ], [ 13.79069, 52.77725 ], [ 13.79051, 52.7772 ], [ 13.79038, 52.77711 ], [ 13.79018, 52.7771 ], [ 13.79005, 52.77715 ], [ 13.79057, 52.77731 ], [ 13.79027, 52.77789 ], [ 13.79168, 52.77815 ], [ 13.79193, 52.77798 ], [ 13.7948, 52.77794 ], [ 13.79509, 52.77742 ], [ 13.7961, 52.77754 ], [ 13.79639, 52.77719 ], [ 13.79747, 52.77735 ], [ 13.79766, 52.77709 ], [ 13.79885, 52.77723 ], [ 13.79872, 52.77659 ], [ 13.79783, 52.77624 ] ], [ [ 13.79305, 52.77701 ], [ 13.7925, 52.77708 ], [ 13.79186, 52.77702 ], [ 13.79177, 52.77698 ], [ 13.79183, 52.77691 ], [ 13.79197, 52.77688 ], [ 13.79253, 52.77689 ], [ 13.79279, 52.7768 ], [ 13.79319, 52.7768 ], [ 13.79324, 52.77687 ], [ 13.79305, 52.77701 ] ], [ [ 13.79489, 52.77739 ], [ 13.79496, 52.77749 ], [ 13.79488, 52.7776 ], [ 13.7947, 52.77764 ], [ 13.79452, 52.7776 ], [ 13.79445, 52.77749 ], [ 13.79453, 52.77738 ], [ 13.79463, 52.77736 ], [ 13.79437, 52.77726 ], [ 13.79433, 52.77716 ], [ 13.7944, 52.77709 ], [ 13.79482, 52.777 ], [ 13.79513, 52.77711 ], [ 13.79526, 52.77727 ], [ 13.79514, 52.77734 ], [ 13.79479, 52.77736 ], [ 13.79489, 52.77739 ] ], [ [ 13.79631, 52.77703 ], [ 13.79624, 52.77714 ], [ 13.79606, 52.77718 ], [ 13.79588, 52.77714 ], [ 13.79581, 52.77703 ], [ 13.79589, 52.77692 ], [ 13.79607, 52.77688 ], [ 13.79624, 52.77692 ], [ 13.79631, 52.77703 ] ], [ [ 13.78859, 52.77564 ], [ 13.78877, 52.77569 ], [ 13.78884, 52.77579 ], [ 13.78876, 52.7759 ], [ 13.78858, 52.77594 ], [ 13.78841, 52.7759 ], [ 13.78832, 52.77578 ], [ 13.78815, 52.77573 ], [ 13.78808, 52.77562 ], [ 13.78815, 52.77552 ], [ 13.78833, 52.77547 ], [ 13.78851, 52.77552 ], [ 13.78859, 52.77564 ] ], [ [ 13.79399, 52.77538 ], [ 13.79401, 52.77549 ], [ 13.79365, 52.77553 ], [ 13.79342, 52.77545 ], [ 13.79326, 52.77528 ], [ 13.79368, 52.77525 ], [ 13.79399, 52.77538 ] ], [ [ 13.78799, 52.77485 ], [ 13.78844, 52.77503 ], [ 13.78851, 52.77514 ], [ 13.78843, 52.77525 ], [ 13.78825, 52.77529 ], [ 13.78808, 52.77524 ], [ 13.788, 52.77513 ], [ 13.78756, 52.77495 ], [ 13.78749, 52.77484 ], [ 13.78757, 52.77474 ], [ 13.78775, 52.77469 ], [ 13.78792, 52.77474 ], [ 13.78799, 52.77485 ] ], [ [ 13.79265, 52.77497 ], [ 13.79245, 52.7749 ], [ 13.7922, 52.77489 ], [ 13.79202, 52.77475 ], [ 13.79262, 52.7745 ], [ 13.79271, 52.77458 ], [ 13.7927, 52.77468 ], [ 13.79253, 52.77483 ], [ 13.79267, 52.7749 ], [ 13.79265, 52.77497 ] ], [ [ 13.78803, 52.77477 ], [ 13.78728, 52.77411 ], [ 13.78722, 52.77398 ], [ 13.78753, 52.77405 ], [ 13.78771, 52.77431 ], [ 13.78832, 52.77467 ], [ 13.78828, 52.77474 ], [ 13.78803, 52.77477 ] ], [ [ 13.79579, 52.77539 ], [ 13.79587, 52.77549 ], [ 13.79568, 52.77553 ], [ 13.7954, 52.77575 ], [ 13.79524, 52.77578 ], [ 13.79512, 52.77573 ], [ 13.79504, 52.77554 ], [ 13.79509, 52.7754 ], [ 13.79561, 52.77534 ], [ 13.79579, 52.77539 ] ], [ [ 13.79254, 52.7717 ], [ 13.79209, 52.77197 ], [ 13.79193, 52.77197 ], [ 13.79166, 52.77186 ], [ 13.79184, 52.77174 ], [ 13.79244, 52.77158 ], [ 13.7926, 52.7716 ], [ 13.79254, 52.7717 ] ], [ [ 13.79212, 52.77122 ], [ 13.79206, 52.77138 ], [ 13.79192, 52.77146 ], [ 13.7916, 52.77152 ], [ 13.79155, 52.77138 ], [ 13.79164, 52.77127 ], [ 13.79201, 52.77119 ], [ 13.79212, 52.77122 ] ], [ [ 13.79499, 52.77081 ], [ 13.79513, 52.77091 ], [ 13.79516, 52.77105 ], [ 13.79497, 52.77112 ], [ 13.79456, 52.77103 ], [ 13.79447, 52.77096 ], [ 13.79438, 52.77075 ], [ 13.79424, 52.77069 ], [ 13.79403, 52.77071 ], [ 13.79385, 52.77088 ], [ 13.79379, 52.77083 ], [ 13.79411, 52.7705 ], [ 13.7944, 52.77044 ], [ 13.79489, 52.77045 ], [ 13.79499, 52.77081 ] ] ] } },
{ "type": "Feature", "properties": { "boden": "80 % ziemlich arm, mäßig frisch (Z2) · 20 % mittel, mäßig frisch (M+2)" }, "geometry": { "type": "Polygon", "coordinates": [ [ [ 13.78803, 52.77477 ], [ 13.7883, 52.77473 ], [ 13.78828, 52.77463 ], [ 13.78771, 52.77431 ], [ 13.78753, 52.77405 ], [ 13.78722, 52.77398 ], [ 13.78728, 52.77411 ], [ 13.78803, 52.77477 ] ] ] } },
{ "type": "Feature", "properties": { "boden": "80 % ziemlich arm, mäßig frisch (Z2) · 20 % ziemlich arm, mäßig frisch (Z+2)" }, "geometry": { "type": "Polygon", "coordinates": [ [ [ 13.78701, 52.77494 ], [ 13.78714, 52.77491 ], [ 13.78721, 52.7748 ], [ 13.78714, 52.77469 ], [ 13.78693, 52.77463 ], [ 13.78692, 52.77456 ], [ 13.78739, 52.77447 ], [ 13.78747, 52.77436 ], [ 13.78739, 52.77425 ], [ 13.78722, 52.77421 ], [ 13.78704, 52.77425 ], [ 13.78692, 52.77438 ], [ 13.78656, 52.77443 ], [ 13.78642, 52.77456 ], [ 13.78649, 52.77466 ], [ 13.7867, 52.77472 ], [ 13.78672, 52.77481 ], [ 13.78701, 52.77494 ] ] ] } },
{ "type": "Feature", "properties": { "boden": "80 % ziemlich arm, trocken (vermutet) (Z3) · 20 % mittel, trocken (vermutet) (M+3)" }, "geometry": { "type": "Polygon", "coordinates": [ [ [ 13.79267, 52.7749 ], [ 13.79253, 52.77483 ], [ 13.7927, 52.77468 ], [ 13.79271, 52.77458 ], [ 13.79262, 52.7745 ], [ 13.79202, 52.77475 ], [ 13.79206, 52.77482 ], [ 13.79227, 52.77491 ], [ 13.79245, 52.7749 ], [ 13.79265, 52.77497 ], [ 13.79267, 52.7749 ] ] ] } },
{ "type": "Feature", "properties": { "boden": "80 % ziemlich arm, mäßig frisch (Z2) · 20 % ziemlich arm, mäßig frisch (Z+2)" }, "geometry": { "type": "Polygon", "coordinates": [ [ [ 13.78775, 52.77469 ], [ 13.78757, 52.77474 ], [ 13.78749, 52.77484 ], [ 13.78756, 52.77495 ], [ 13.788, 52.77513 ], [ 13.78808, 52.77524 ], [ 13.78825, 52.77529 ], [ 13.78843, 52.77525 ], [ 13.78851, 52.77514 ], [ 13.78844, 52.77503 ], [ 13.78799, 52.77485 ], [ 13.78792, 52.77474 ], [ 13.78775, 52.77469 ] ] ] } },
{ "type": "Feature", "properties": { "boden": "80 % ziemlich arm, mäßig frisch (Z2) · 20 % ziemlich arm, mäßig frisch (Z+2)" }, "geometry": { "type": "Polygon", "coordinates": [ [ [ 13.78833, 52.77547 ], [ 13.78815, 52.77552 ], [ 13.78808, 52.77562 ], [ 13.78815, 52.77573 ], [ 13.78832, 52.77578 ], [ 13.78841, 52.7759 ], [ 13.78858, 52.77594 ], [ 13.78876, 52.7759 ], [ 13.78884, 52.77579 ], [ 13.78877, 52.77569 ], [ 13.78859, 52.77564 ], [ 13.78851, 52.77552 ], [ 13.78833, 52.77547 ] ] ] } },
{ "type": "Feature", "properties": { "boden": "60 % ziemlich arm, frisch (Z1) · 40 % ziemlich arm, mäßig frisch (Z+2)" }, "geometry": { "type": "Polygon", "coordinates": [ [ [ 13.80066, 52.77374 ], [ 13.80048, 52.77378 ], [ 13.8004, 52.77389 ], [ 13.80047, 52.774 ], [ 13.80065, 52.77405 ], [ 13.80083, 52.774 ], [ 13.80091, 52.7739 ], [ 13.80084, 52.77379 ], [ 13.80066, 52.77374 ] ] ] } },
{ "type": "Feature", "properties": { "boden": "60 % ziemlich arm, frisch (Z1) · 40 % mittel, mäßig frisch (M+2)" }, "geometry": { "type": "Polygon", "coordinates": [ [ [ 13.7998, 52.77543 ], [ 13.79984, 52.77515 ], [ 13.79872, 52.77526 ], [ 13.79868, 52.77509 ], [ 13.79861, 52.7751 ], [ 13.79855, 52.77455 ], [ 13.79725, 52.77462 ], [ 13.79701, 52.77458 ], [ 13.79541, 52.77477 ], [ 13.79522, 52.77486 ], [ 13.79513, 52.77498 ], [ 13.79515, 52.77513 ], [ 13.79543, 52.77521 ], [ 13.79643, 52.77531 ], [ 13.79687, 52.7754 ], [ 13.797, 52.77547 ], [ 13.79714, 52.77545 ], [ 13.79887, 52.77551 ], [ 13.79885, 52.77528 ], [ 13.79977, 52.7752 ], [ 13.79973, 52.77548 ], [ 13.7998, 52.77543 ] ] ] } },
{ "type": "Feature", "properties": { "boden": "80 % ziemlich arm, trocken (vermutet) (Z3) · 20 % mittel, trocken (vermutet) (M+3)" }, "geometry": { "type": "Polygon", "coordinates": [ [ [ 13.79368, 52.77525 ], [ 13.79326, 52.77528 ], [ 13.79353, 52.77551 ], [ 13.79378, 52.77554 ], [ 13.79401, 52.77549 ], [ 13.79399, 52.77538 ], [ 13.79368, 52.77525 ] ] ] } },
{ "type": "Feature", "properties": { "boden": "80 % ziemlich arm, trocken (vermutet) (Z3) · 20 % mittel, trocken (vermutet) (M+3)" }, "geometry": { "type": "Polygon", "coordinates": [ [ [ 13.79561, 52.77534 ], [ 13.79509, 52.7754 ], [ 13.79505, 52.77564 ], [ 13.79518, 52.77576 ], [ 13.7954, 52.77575 ], [ 13.79568, 52.77553 ], [ 13.79587, 52.77549 ], [ 13.79579, 52.77539 ], [ 13.79561, 52.77534 ] ] ] } },
{ "type": "Feature", "properties": { "boden": "100 % ziemlich arm, mäßig frisch (Z+2)" }, "geometry": { "type": "Polygon", "coordinates": [ [ [ 13.79758, 52.77546 ], [ 13.79743, 52.77549 ], [ 13.79735, 52.7756 ], [ 13.79742, 52.77571 ], [ 13.7976, 52.77576 ], [ 13.79778, 52.77571 ], [ 13.79785, 52.77561 ], [ 13.79778, 52.7755 ], [ 13.79758, 52.77546 ] ] ] } },
{ "type": "Feature", "properties": { "boden": "100 % ziemlich arm, mäßig frisch (Z+2)" }, "geometry": { "type": "Polygon", "coordinates": [ [ [ 13.79843, 52.77553 ], [ 13.79835, 52.77563 ], [ 13.79843, 52.77574 ], [ 13.7986, 52.77579 ], [ 13.79878, 52.77575 ], [ 13.79886, 52.77564 ], [ 13.79879, 52.77553 ], [ 13.79861, 52.77548 ], [ 13.79843, 52.77553 ] ] ] } },
{ "type": "Feature", "properties": { "boden": "100 % mittel, mäßig frisch (M+2)" }, "geometry": { "type": "Polygon", "coordinates": [ [ [ 13.79764, 52.77546 ], [ 13.79778, 52.7755 ], [ 13.79785, 52.77561 ], [ 13.79778, 52.77571 ], [ 13.7976, 52.77576 ], [ 13.79742, 52.77571 ], [ 13.79735, 52.7756 ], [ 13.79743, 52.77549 ], [ 13.79758, 52.77546 ], [ 13.797, 52.77547 ], [ 13.79783, 52.77624 ], [ 13.79872, 52.77659 ], [ 13.7988, 52.77651 ], [ 13.79877, 52.77587 ], [ 13.79973, 52.77548 ], [ 13.79977, 52.7752 ], [ 13.79885, 52.77528 ], [ 13.79887, 52.77551 ], [ 13.79871, 52.77548 ], [ 13.79764, 52.77546 ] ], [ [ 13.79879, 52.77553 ], [ 13.79886, 52.77564 ], [ 13.79878, 52.77575 ], [ 13.7986, 52.77579 ], [ 13.79843, 52.77574 ], [ 13.79835, 52.77563 ], [ 13.79843, 52.77553 ], [ 13.79861, 52.77548 ], [ 13.79879, 52.77553 ] ], [ [ 13.79869, 52.77605 ], [ 13.79876, 52.77616 ], [ 13.79868, 52.77627 ], [ 13.7985, 52.77631 ], [ 13.79833, 52.77626 ], [ 13.79825, 52.77615 ], [ 13.79833, 52.77605 ], [ 13.79851, 52.776 ], [ 13.79869, 52.77605 ] ] ] } },
{ "type": "Feature", "properties": { "boden": "100 % ziemlich arm, mäßig frisch (Z+2)" }, "geometry": { "type": "Polygon", "coordinates": [ [ [ 13.79851, 52.776 ], [ 13.79833, 52.77605 ], [ 13.79825, 52.77615 ], [ 13.79833, 52.77626 ], [ 13.7985, 52.77631 ], [ 13.79868, 52.77627 ], [ 13.79876, 52.77616 ], [ 13.79869, 52.77605 ], [ 13.79851, 52.776 ] ] ] } },
{ "type": "Feature", "properties": { "boden": "80 % ziemlich arm, mäßig frisch (Z2) · 20 % ziemlich arm, mäßig frisch (Z+2)" }, "geometry": { "type": "Polygon", "coordinates": [ [ [ 13.79607, 52.77688 ], [ 13.79589, 52.77692 ], [ 13.79581, 52.77703 ], [ 13.79588, 52.77714 ], [ 13.79606, 52.77718 ], [ 13.79624, 52.77714 ], [ 13.79631, 52.77703 ], [ 13.79624, 52.77692 ], [ 13.79607, 52.77688 ] ] ] } },
{ "type": "Feature", "properties": { "boden": "80 % ziemlich arm, mäßig frisch (Z2) · 20 % mittel, mäßig frisch (M+2)" }, "geometry": { "type": "Polygon", "coordinates": [ [ [ 13.79446, 52.77733 ], [ 13.79501, 52.77736 ], [ 13.79526, 52.77727 ], [ 13.79513, 52.77711 ], [ 13.79482, 52.777 ], [ 13.79457, 52.77703 ], [ 13.79433, 52.77716 ], [ 13.79446, 52.77733 ] ] ] } },
{ "type": "Feature", "properties": { "boden": "40 % ziemlich arm, trocken (vermutet) (Z3) · 40 % ziemlich arm, trocken (vermutet) (Z3) · 20 % mittel, trocken (vermutet) (M3)" }, "geometry": { "type": "Polygon", "coordinates": [ [ [ 13.78527, 52.77527 ], [ 13.78523, 52.77585 ], [ 13.7856, 52.77601 ], [ 13.78548, 52.77614 ], [ 13.78547, 52.77624 ], [ 13.78559, 52.77641 ], [ 13.78578, 52.77649 ], [ 13.7859, 52.77617 ], [ 13.78582, 52.77558 ], [ 13.78573, 52.77545 ], [ 13.7854, 52.77526 ], [ 13.78527, 52.77527 ] ] ] } },
{ "type": "Feature", "properties": { "boden": "80 % ziemlich arm, trocken (vermutet) (Z3) · 20 % mittel, trocken (vermutet) (M+3)" }, "geometry": { "type": "Polygon", "coordinates": [ [ [ 13.7883, 52.7767 ], [ 13.78846, 52.77665 ], [ 13.78886, 52.77672 ], [ 13.78899, 52.77667 ], [ 13.789, 52.77661 ], [ 13.78889, 52.77655 ], [ 13.78852, 52.77649 ], [ 13.78836, 52.77654 ], [ 13.78819, 52.77668 ], [ 13.7883, 52.7767 ] ] ] } },
{ "type": "Feature", "properties": { "boden": "80 % ziemlich arm, mäßig frisch (Z2) · 20 % mittel, mäßig frisch (M+2)" }, "geometry": { "type": "Polygon", "coordinates": [ [ [ 13.79329, 52.77765 ], [ 13.79337, 52.77754 ], [ 13.79288, 52.77729 ], [ 13.79234, 52.77735 ], [ 13.79221, 52.77758 ], [ 13.79209, 52.77762 ], [ 13.791, 52.77728 ], [ 13.79078, 52.77717 ], [ 13.79067, 52.77705 ], [ 13.79054, 52.77703 ], [ 13.79059, 52.77691 ], [ 13.79054, 52.77684 ], [ 13.79038, 52.77677 ], [ 13.79023, 52.77676 ], [ 13.78989, 52.77646 ], [ 13.78886, 52.77588 ], [ 13.78885, 52.77602 ], [ 13.78892, 52.7761 ], [ 13.78991, 52.77677 ], [ 13.78989, 52.77701 ], [ 13.78966, 52.77704 ], [ 13.79005, 52.77715 ], [ 13.79018, 52.7771 ], [ 13.79038, 52.77711 ], [ 13.79051, 52.7772 ], [ 13.79069, 52.77725 ], [ 13.79078, 52.77749 ], [ 13.79139, 52.7777 ], [ 13.79194, 52.7778 ], [ 13.79221, 52.7778 ], [ 13.79267, 52.7777 ], [ 13.79289, 52.77775 ], [ 13.79332, 52.77771 ], [ 13.79329, 52.77765 ] ] ] } },
{ "type": "Feature", "properties": { "boden": "80 % ziemlich arm, trocken (vermutet) (Z3) · 20 % mittel, trocken (vermutet) (M+3)" }, "geometry": { "type": "Polygon", "coordinates": [ [ [ 13.79324, 52.77687 ], [ 13.79319, 52.7768 ], [ 13.79298, 52.77678 ], [ 13.79253, 52.77689 ], [ 13.79197, 52.77688 ], [ 13.79183, 52.77691 ], [ 13.79177, 52.77698 ], [ 13.79212, 52.77706 ], [ 13.79281, 52.77706 ], [ 13.79314, 52.77697 ], [ 13.79324, 52.77687 ] ] ] } },
{ "type": "Feature", "properties": { "boden": "40 % ziemlich arm, trocken (vermutet) (Z3) · 40 % ziemlich arm, trocken (vermutet) (Z3) · 20 % mittel, trocken (vermutet) (M3)" }, "geometry": { "type": "Polygon", "coordinates": [ [ [ 13.78819, 52.77668 ], [ 13.78801, 52.77678 ], [ 13.78786, 52.77699 ], [ 13.78784, 52.77709 ], [ 13.78801, 52.77723 ], [ 13.78827, 52.77718 ], [ 13.78855, 52.77701 ], [ 13.78829, 52.77682 ], [ 13.7883, 52.7767 ], [ 13.78819, 52.77668 ] ] ] } },
{ "type": "Feature", "properties": { "boden": "40 % ziemlich arm, mäßig frisch (Z2) · 40 % ziemlich arm, mäßig frisch (Z2) · 20 % mittel, mäßig frisch (M2)" }, "geometry": { "type": "Polygon", "coordinates": [ [ [ 13.78768, 52.7778 ], [ 13.78775, 52.7777 ], [ 13.78811, 52.77761 ], [ 13.78818, 52.7775 ], [ 13.78836, 52.77746 ], [ 13.7885, 52.7773 ], [ 13.78899, 52.7772 ], [ 13.78906, 52.77709 ], [ 13.78924, 52.77705 ], [ 13.78936, 52.77708 ], [ 13.78965, 52.77703 ], [ 13.78894, 52.77682 ], [ 13.7883, 52.7767 ], [ 13.78829, 52.77682 ], [ 13.78855, 52.77701 ], [ 13.78827, 52.77718 ], [ 13.78801, 52.77723 ], [ 13.78784, 52.77709 ], [ 13.78786, 52.77699 ], [ 13.78801, 52.77678 ], [ 13.78819, 52.77668 ], [ 13.78762, 52.77657 ], [ 13.78787, 52.77644 ], [ 13.78744, 52.77643 ], [ 13.78681, 52.77628 ], [ 13.78635, 52.77584 ], [ 13.78625, 52.77563 ], [ 13.78541, 52.77518 ], [ 13.78521, 52.77518 ], [ 13.78516, 52.77527 ], [ 13.78524, 52.77539 ], [ 13.78527, 52.77527 ], [ 13.7854, 52.77526 ], [ 13.78573, 52.77545 ], [ 13.78582, 52.77558 ], [ 13.78591, 52.77594 ], [ 13.78584, 52.77645 ], [ 13.78578, 52.77649 ], [ 13.78559, 52.77641 ], [ 13.78547, 52.77624 ], [ 13.78548, 52.77614 ], [ 13.7856, 52.77601 ], [ 13.78523, 52.77585 ], [ 13.78529, 52.77558 ], [ 13.78524, 52.77543 ], [ 13.78509, 52.77555 ], [ 13.78518, 52.77576 ], [ 13.7849, 52.77607 ], [ 13.78503, 52.7762 ], [ 13.78505, 52.77638 ], [ 13.78497, 52.77648 ], [ 13.78501, 52.77661 ], [ 13.78497, 52.77669 ], [ 13.78472, 52.77684 ], [ 13.78477, 52.77701 ], [ 13.78459, 52.77731 ], [ 13.78456, 52.77746 ], [ 13.78446, 52.77762 ], [ 13.78414, 52.7778 ], [ 13.78392, 52.77813 ], [ 13.78363, 52.77825 ], [ 13.78346, 52.77847 ], [ 13.78357, 52.77853 ], [ 13.78383, 52.7784 ], [ 13.78465, 52.77818 ], [ 13.78489, 52.77807 ], [ 13.78498, 52.77798 ], [ 13.78537, 52.77794 ], [ 13.78588, 52.77781 ], [ 13.78627, 52.77763 ], [ 13.78602, 52.77794 ], [ 13.78588, 52.77824 ], [ 13.78572, 52.77838 ], [ 13.78599, 52.77868 ], [ 13.78672, 52.77863 ], [ 13.78701, 52.77857 ], [ 13.78719, 52.77862 ], [ 13.78724, 52.7787 ], [ 13.78759, 52.77869 ], [ 13.78787, 52.77859 ], [ 13.78794, 52.77851 ], [ 13.78769, 52.77841 ], [ 13.78758, 52.77829 ], [ 13.78768, 52.7778 ] ], [ [ 13.78612, 52.77852 ], [ 13.78595, 52.77847 ], [ 13.78587, 52.77836 ], [ 13.78595, 52.77826 ], [ 13.78613, 52.77821 ], [ 13.78623, 52.77824 ], [ 13.78625, 52.77816 ], [ 13.78651, 52.77801 ], [ 13.78676, 52.77793 ], [ 13.78689, 52.77795 ], [ 13.78693, 52.77802 ], [ 13.78673, 52.77815 ], [ 13.78669, 52.77824 ], [ 13.7874, 52.77839 ], [ 13.78735, 52.77848 ], [ 13.78714, 52.77854 ], [ 13.78623, 52.77849 ], [ 13.78612, 52.77852 ] ], [ [ 13.78697, 52.77674 ], [ 13.787, 52.7768 ], [ 13.78693, 52.77685 ], [ 13.78666, 52.77693 ], [ 13.78581, 52.77733 ], [ 13.78536, 52.77748 ], [ 13.78508, 52.77771 ], [ 13.78488, 52.77768 ], [ 13.7848, 52.77762 ], [ 13.7848, 52.77749 ], [ 13.78493, 52.7774 ], [ 13.78503, 52.77721 ], [ 13.78558, 52.7769 ], [ 13.7864, 52.77675 ], [ 13.78652, 52.77669 ], [ 13.78697, 52.77674 ] ], [ [ 13.78759, 52.77728 ], [ 13.78752, 52.77749 ], [ 13.78716, 52.77745 ], [ 13.78699, 52.77737 ], [ 13.78713, 52.77725 ], [ 13.78733, 52.77723 ], [ 13.78759, 52.77728 ] ], [ [ 13.78454, 52.77796 ], [ 13.78456, 52.77809 ], [ 13.78449, 52.77814 ], [ 13.784, 52.77828 ], [ 13.78389, 52.77827 ], [ 13.78391, 52.77821 ], [ 13.78415, 52.7781 ], [ 13.78436, 52.77787 ], [ 13.78462, 52.77784 ], [ 13.78454, 52.77796 ] ] ] } },
{ "type": "Feature", "properties": { "boden": "40 % ziemlich arm, mäßig frisch (Z2) · 40 % ziemlich arm, mäßig frisch (Z2) · 20 % mittel, mäßig frisch (M2)" }, "geometry": { "type": "Polygon", "coordinates": [ [ [ 13.79047, 52.77728 ], [ 13.79005, 52.77715 ], [ 13.78969, 52.77729 ], [ 13.78995, 52.77726 ], [ 13.79047, 52.77728 ] ] ] } },
{ "type": "Feature", "properties": { "boden": "40 % ziemlich arm, trocken (vermutet) (Z3) · 40 % ziemlich arm, trocken (vermutet) (Z3) · 20 % mittel, trocken (vermutet) (M3)" }, "geometry": { "type": "Polygon", "coordinates": [ [ [ 13.78652, 52.77669 ], [ 13.7864, 52.77675 ], [ 13.78558, 52.7769 ], [ 13.78529, 52.77703 ], [ 13.78503, 52.77721 ], [ 13.78493, 52.7774 ], [ 13.7848, 52.77749 ], [ 13.7848, 52.77762 ], [ 13.78488, 52.77768 ], [ 13.78508, 52.77771 ], [ 13.78536, 52.77748 ], [ 13.78565, 52.7774 ], [ 13.787, 52.7768 ], [ 13.78697, 52.77674 ], [ 13.78681, 52.7767 ], [ 13.78652, 52.77669 ] ] ] } },
{ "type": "Feature", "properties": { "boden": "40 % ziemlich arm, trocken (vermutet) (Z3) · 40 % ziemlich arm, trocken (vermutet) (Z3) · 20 % mittel, trocken (vermutet) (M3)" }, "geometry": { "type": "Polygon", "coordinates": [ [ [ 13.78733, 52.77723 ], [ 13.78713, 52.77725 ], [ 13.78699, 52.77737 ], [ 13.78716, 52.77745 ], [ 13.78752, 52.77749 ], [ 13.78759, 52.77728 ], [ 13.78733, 52.77723 ] ] ] } },
{ "type": "Feature", "properties": { "boden": "40 % ziemlich arm, mäßig frisch (Z2) · 40 % ziemlich arm, mäßig frisch (Z2) · 20 % mittel, mäßig frisch (M2)" }, "geometry": { "type": "Polygon", "coordinates": [ [ [ 13.78924, 52.77705 ], [ 13.78906, 52.77709 ], [ 13.78899, 52.7772 ], [ 13.7885, 52.7773 ], [ 13.78836, 52.77746 ], [ 13.78818, 52.7775 ], [ 13.78811, 52.77761 ], [ 13.78775, 52.7777 ], [ 13.78768, 52.7778 ], [ 13.78771, 52.77785 ], [ 13.78839, 52.7776 ], [ 13.78882, 52.77728 ], [ 13.78936, 52.77708 ], [ 13.78924, 52.77705 ] ] ] } },
{ "type": "Feature", "properties": { "boden": "100 % ziemlich arm, frisch (Z1)" }, "geometry": { "type": "Polygon", "coordinates": [ [ [ 13.80476, 52.77264 ], [ 13.80411, 52.77265 ], [ 13.80427, 52.77384 ], [ 13.80477, 52.77362 ], [ 13.80476, 52.77264 ] ] ] } },
{ "type": "Feature", "properties": { "boden": "100 % ziemlich arm, frisch (Z1)" }, "geometry": { "type": "Polygon", "coordinates": [ [ [ 13.80696, 52.77307 ], [ 13.80688, 52.77296 ], [ 13.80703, 52.77284 ], [ 13.80531, 52.77293 ], [ 13.80523, 52.7733 ], [ 13.80547, 52.77367 ], [ 13.8057, 52.77336 ], [ 13.80588, 52.77332 ], [ 13.80605, 52.77337 ], [ 13.80612, 52.77348 ], [ 13.80588, 52.77381 ], [ 13.8057, 52.77385 ], [ 13.80556, 52.77382 ], [ 13.80561, 52.77393 ], [ 13.80698, 52.77385 ], [ 13.80692, 52.77352 ], [ 13.80709, 52.77311 ], [ 13.80696, 52.77307 ] ] ] } },
{ "type": "Feature", "properties": { "boden": "100 % ziemlich arm, frisch (Z1)" }, "geometry": { "type": "Polygon", "coordinates": [ [ [ 13.80556, 52.77382 ], [ 13.8057, 52.77385 ], [ 13.80588, 52.77381 ], [ 13.80612, 52.77348 ], [ 13.80605, 52.77337 ], [ 13.80588, 52.77332 ], [ 13.8057, 52.77336 ], [ 13.80547, 52.77367 ], [ 13.80556, 52.77382 ] ] ] } },
{ "type": "Feature", "properties": { "boden": "100 % ziemlich arm, frisch (Z1)" }, "geometry": { "type": "Polygon", "coordinates": [ [ [ 13.8052, 52.77341 ], [ 13.80493, 52.77362 ], [ 13.80406, 52.77404 ], [ 13.80546, 52.77391 ], [ 13.8052, 52.77341 ] ] ] } },
{ "type": "Feature", "properties": { "boden": "80 % ziemlich arm, mäßig frisch (Z2) · 20 % ziemlich arm, mäßig frisch (Z2)" }, "geometry": { "type": "Polygon", "coordinates": [ [ [ 13.80625, 52.78939 ], [ 13.80622, 52.78913 ], [ 13.80605, 52.78895 ], [ 13.80534, 52.78863 ], [ 13.805, 52.78855 ], [ 13.80268, 52.78853 ], [ 13.80204, 52.78846 ], [ 13.802, 52.78839 ], [ 13.80314, 52.78784 ], [ 13.80409, 52.78758 ], [ 13.80828, 52.78706 ], [ 13.80873, 52.78688 ], [ 13.81014, 52.78673 ], [ 13.81221, 52.78632 ], [ 13.81273, 52.78615 ], [ 13.81378, 52.78568 ], [ 13.8138, 52.78498 ], [ 13.81132, 52.78503 ], [ 13.81054, 52.78557 ], [ 13.81055, 52.78583 ], [ 13.80991, 52.78584 ], [ 13.80645, 52.78683 ], [ 13.80476, 52.78692 ], [ 13.80381, 52.78703 ], [ 13.80326, 52.78719 ], [ 13.80245, 52.78792 ], [ 13.80145, 52.7884 ], [ 13.80091, 52.78857 ], [ 13.80034, 52.78891 ], [ 13.80006, 52.78914 ], [ 13.80026, 52.78919 ], [ 13.80074, 52.78919 ], [ 13.80307, 52.78907 ], [ 13.80346, 52.78909 ], [ 13.80333, 52.79004 ], [ 13.80362, 52.79025 ], [ 13.80381, 52.79032 ], [ 13.80481, 52.79001 ], [ 13.80534, 52.78993 ], [ 13.80613, 52.78989 ], [ 13.80625, 52.78939 ] ], [ [ 13.80166, 52.7889 ], [ 13.80147, 52.78899 ], [ 13.80126, 52.789 ], [ 13.80114, 52.78896 ], [ 13.80112, 52.78889 ], [ 13.80124, 52.78875 ], [ 13.80147, 52.78867 ], [ 13.80188, 52.78872 ], [ 13.8027, 52.78872 ], [ 13.80307, 52.78882 ], [ 13.80296, 52.7889 ], [ 13.80233, 52.78882 ], [ 13.80166, 52.7889 ] ] ] } },
{ "type": "Feature", "properties": { "boden": "80 % ziemlich arm, trocken (vermutet) (Z3) · 20 % ziemlich arm, trocken (vermutet) (Z3)" }, "geometry": { "type": "Polygon", "coordinates": [ [ [ 13.80233, 52.78882 ], [ 13.80285, 52.78889 ], [ 13.80307, 52.78885 ], [ 13.80296, 52.78876 ], [ 13.8027, 52.78872 ], [ 13.80188, 52.78872 ], [ 13.80147, 52.78867 ], [ 13.80124, 52.78875 ], [ 13.80112, 52.78889 ], [ 13.80114, 52.78896 ], [ 13.80134, 52.789 ], [ 13.80197, 52.78884 ], [ 13.80233, 52.78882 ] ] ] } },
{ "type": "Feature", "properties": { "boden": "100 % mittel, mäßig frisch (M2)" }, "geometry": { "type": "Polygon", "coordinates": [ [ [ 13.80534, 52.78993 ], [ 13.80481, 52.79001 ], [ 13.80381, 52.79032 ], [ 13.80362, 52.79025 ], [ 13.80333, 52.79004 ], [ 13.80344, 52.78928 ], [ 13.80314, 52.78938 ], [ 13.8029, 52.78952 ], [ 13.80253, 52.78999 ], [ 13.80226, 52.7905 ], [ 13.80222, 52.79083 ], [ 13.80239, 52.79122 ], [ 13.80263, 52.79125 ], [ 13.80354, 52.79114 ], [ 13.80485, 52.79138 ], [ 13.80519, 52.79142 ], [ 13.80535, 52.79138 ], [ 13.8054, 52.79128 ], [ 13.8054, 52.7907 ], [ 13.80552, 52.79028 ], [ 13.80588, 52.78996 ], [ 13.80613, 52.78989 ], [ 13.80534, 52.78993 ] ], [ [ 13.80433, 52.7906 ], [ 13.80425, 52.79071 ], [ 13.80407, 52.79075 ], [ 13.80389, 52.79071 ], [ 13.80382, 52.7906 ], [ 13.8039, 52.79049 ], [ 13.80408, 52.79045 ], [ 13.80426, 52.7905 ], [ 13.80433, 52.7906 ] ] ] } },
{ "type": "Feature", "properties": { "boden": "100 % mittel, mäßig frisch (M2)" }, "geometry": { "type": "Polygon", "coordinates": [ [ [ 13.80408, 52.79045 ], [ 13.8039, 52.79049 ], [ 13.80382, 52.7906 ], [ 13.80389, 52.79071 ], [ 13.80407, 52.79075 ], [ 13.80425, 52.79071 ], [ 13.80433, 52.7906 ], [ 13.80426, 52.7905 ], [ 13.80408, 52.79045 ] ] ] } },
{ "type": "Feature", "properties": { "boden": "40 % mittel, mäßig frisch (M+2) · 30 % kräftig, mäßig frisch (K2) · 30 % kräftig, mäßig frisch (K2)" }, "geometry": { "type": "Polygon", "coordinates": [ [ [ 13.80906, 52.79319 ], [ 13.80843, 52.79278 ], [ 13.80828, 52.79257 ], [ 13.8082, 52.79216 ], [ 13.80832, 52.79185 ], [ 13.80853, 52.79149 ], [ 13.80923, 52.79093 ], [ 13.80952, 52.79089 ], [ 13.80989, 52.79091 ], [ 13.81009, 52.79102 ], [ 13.81016, 52.79129 ], [ 13.81021, 52.79341 ], [ 13.81016, 52.79355 ], [ 13.8099, 52.79365 ], [ 13.81053, 52.79363 ], [ 13.81126, 52.79344 ], [ 13.81236, 52.79339 ], [ 13.8124, 52.79333 ], [ 13.81302, 52.79309 ], [ 13.8132, 52.79314 ], [ 13.81327, 52.79325 ], [ 13.81313, 52.79337 ], [ 13.81357, 52.79333 ], [ 13.81363, 52.79097 ], [ 13.81326, 52.79106 ], [ 13.81311, 52.79103 ], [ 13.81294, 52.79066 ], [ 13.81292, 52.79024 ], [ 13.8128, 52.79006 ], [ 13.81258, 52.78993 ], [ 13.81205, 52.78988 ], [ 13.80977, 52.78983 ], [ 13.80923, 52.78992 ], [ 13.80885, 52.79011 ], [ 13.80844, 52.79048 ], [ 13.80823, 52.79049 ], [ 13.80786, 52.79037 ], [ 13.80718, 52.78993 ], [ 13.80681, 52.78983 ], [ 13.80613, 52.78989 ], [ 13.80588, 52.78996 ], [ 13.80552, 52.79028 ], [ 13.8054, 52.7907 ], [ 13.8054, 52.79128 ], [ 13.80535, 52.79138 ], [ 13.80519, 52.79142 ], [ 13.80378, 52.79116 ], [ 13.80354, 52.79114 ], [ 13.80263, 52.79125 ], [ 13.80239, 52.79122 ], [ 13.80222, 52.79083 ], [ 13.80226, 52.7905 ], [ 13.80253, 52.78999 ], [ 13.8029, 52.78952 ], [ 13.80344, 52.78928 ], [ 13.80346, 52.78909 ], [ 13.80307, 52.78907 ], [ 13.80074, 52.78919 ], [ 13.80026, 52.78919 ], [ 13.80006, 52.78914 ], [ 13.79984, 52.78934 ], [ 13.79964, 52.78954 ], [ 13.80003, 52.79019 ], [ 13.79976, 52.79026 ], [ 13.79997, 52.79058 ], [ 13.79999, 52.79077 ], [ 13.7993, 52.79094 ], [ 13.79898, 52.79114 ], [ 13.79843, 52.79168 ], [ 13.79824, 52.79175 ], [ 13.79822, 52.79206 ], [ 13.79838, 52.79258 ], [ 13.79855, 52.79275 ], [ 13.79906, 52.79289 ], [ 13.79957, 52.79291 ], [ 13.80017, 52.79284 ], [ 13.80025, 52.79373 ], [ 13.80352, 52.79377 ], [ 13.80526, 52.79346 ], [ 13.8057, 52.79343 ], [ 13.80705, 52.79347 ], [ 13.80906, 52.79319 ] ], [ [ 13.80367, 52.79239 ], [ 13.80389, 52.7926 ], [ 13.80381, 52.7927 ], [ 13.80363, 52.79275 ], [ 13.80346, 52.7927 ], [ 13.80335, 52.79247 ], [ 13.80321, 52.79243 ], [ 13.8029, 52.79254 ], [ 13.80273, 52.79249 ], [ 13.80266, 52.79239 ], [ 13.80273, 52.79228 ], [ 13.80338, 52.79213 ], [ 13.80356, 52.79218 ], [ 13.80367, 52.79239 ] ], [ [ 13.81241, 52.79315 ], [ 13.81234, 52.79326 ], [ 13.81216, 52.7933 ], [ 13.81198, 52.79325 ], [ 13.81191, 52.79314 ], [ 13.81199, 52.79304 ], [ 13.81217, 52.79299 ], [ 13.81234, 52.79304 ], [ 13.81241, 52.79315 ] ] ] } },
{ "type": "Feature", "properties": { "boden": "50 % mittel, mäßig frisch (M2) · 30 % mittel, mäßig frisch (M2) · 20 % ziemlich arm, mäßig frisch (Z2)" }, "geometry": { "type": "Polygon", "coordinates": [ [ [ 13.80934, 52.7938 ], [ 13.81016, 52.79355 ], [ 13.81021, 52.79341 ], [ 13.81016, 52.79129 ], [ 13.81009, 52.79102 ], [ 13.80989, 52.79091 ], [ 13.80952, 52.79089 ], [ 13.80923, 52.79093 ], [ 13.80853, 52.79149 ], [ 13.8082, 52.79216 ], [ 13.80828, 52.79257 ], [ 13.80843, 52.79278 ], [ 13.80906, 52.79319 ], [ 13.80922, 52.79338 ], [ 13.80878, 52.79382 ], [ 13.80934, 52.7938 ] ] ] } },
{ "type": "Feature", "properties": { "boden": "40 % ziemlich arm, mäßig frisch (Z2) · 40 % ziemlich arm, mäßig frisch (Z2) · 20 % mittel, mäßig frisch (M2)" }, "geometry": { "type": "Polygon", "coordinates": [ [ [ 13.78602, 52.77918 ], [ 13.78585, 52.77874 ], [ 13.78568, 52.7785 ], [ 13.78551, 52.77858 ], [ 13.78559, 52.77869 ], [ 13.78551, 52.7788 ], [ 13.78554, 52.77889 ], [ 13.78569, 52.77911 ], [ 13.78563, 52.77918 ], [ 13.78587, 52.77933 ], [ 13.7859, 52.77929 ], [ 13.78616, 52.77924 ], [ 13.78602, 52.77918 ] ] ] } },
{ "type": "Feature", "properties": { "boden": "40 % ziemlich arm, mäßig frisch (Z2) · 40 % ziemlich arm, mäßig frisch (Z2) · 20 % mittel, mäßig frisch (M2)" }, "geometry": { "type": "Polygon", "coordinates": [ [ [ 13.78705, 52.77916 ], [ 13.78724, 52.77921 ], [ 13.78688, 52.77898 ], [ 13.78671, 52.779 ], [ 13.7865, 52.77921 ], [ 13.78705, 52.77916 ] ] ] } },
{ "type": "Feature", "properties": { "boden": "50 % kräftig, nass (NK1) · 30 % kräftig, nass (NK2) · 20 % kräftig, frisch (K1)" }, "geometry": { "type": "Polygon", "coordinates": [ [ [ 13.78801, 52.77943 ], [ 13.78881, 52.77887 ], [ 13.78865, 52.77884 ], [ 13.78843, 52.77888 ], [ 13.78805, 52.77906 ], [ 13.78781, 52.7793 ], [ 13.7879, 52.77944 ], [ 13.78801, 52.77943 ] ] ] } },
{ "type": "Feature", "properties": { "boden": "40 % ziemlich arm, mäßig frisch (Z2) · 40 % ziemlich arm, mäßig frisch (Z2) · 20 % mittel, mäßig frisch (M2)" }, "geometry": { "type": "Polygon", "coordinates": [ [ [ 13.78657, 52.77922 ], [ 13.78636, 52.77927 ], [ 13.78608, 52.77925 ], [ 13.78587, 52.77933 ], [ 13.78608, 52.7794 ], [ 13.78657, 52.77922 ] ] ] } },
{ "type": "Feature", "properties": { "boden": "40 % ziemlich arm, mäßig frisch (Z2) · 40 % ziemlich arm, mäßig frisch (Z2) · 20 % mittel, mäßig frisch (M2)" }, "geometry": { "type": "Polygon", "coordinates": [ [ [ 13.78792, 52.77941 ], [ 13.78778, 52.77929 ], [ 13.78755, 52.77936 ], [ 13.78705, 52.77916 ], [ 13.78684, 52.7792 ], [ 13.78694, 52.77922 ], [ 13.78708, 52.77936 ], [ 13.78698, 52.77945 ], [ 13.78722, 52.77942 ], [ 13.78767, 52.77956 ], [ 13.78785, 52.77952 ], [ 13.78792, 52.77941 ] ] ] } },
{ "type": "Feature", "properties": { "boden": "50 % kräftig, mäßig frisch (K2) · 50 % kräftig, mäßig frisch (K2)" }, "geometry": { "type": "Polygon", "coordinates": [ [ [ 13.78545, 52.78586 ], [ 13.78532, 52.78559 ], [ 13.78525, 52.78599 ], [ 13.78542, 52.78594 ], [ 13.78545, 52.78586 ] ] ] } },
{ "type": "Feature", "properties": { "boden": "50 % kräftig, mäßig frisch (K2) · 50 % kräftig, mäßig frisch (K2)" }, "geometry": { "type": "Polygon", "coordinates": [ [ [ 13.79112, 52.79002 ], [ 13.79092, 52.78968 ], [ 13.79259, 52.78978 ], [ 13.79058, 52.78855 ], [ 13.78946, 52.78818 ], [ 13.78938, 52.7878 ], [ 13.78919, 52.78779 ], [ 13.78875, 52.78745 ], [ 13.78806, 52.78731 ], [ 13.78681, 52.78714 ], [ 13.78607, 52.78695 ], [ 13.786, 52.78633 ], [ 13.78545, 52.78586 ], [ 13.78542, 52.78594 ], [ 13.78525, 52.78599 ], [ 13.78509, 52.78688 ], [ 13.78462, 52.78677 ], [ 13.78414, 52.78679 ], [ 13.78346, 52.78676 ], [ 13.7822, 52.78651 ], [ 13.78208, 52.78657 ], [ 13.78204, 52.78668 ], [ 13.78214, 52.78689 ], [ 13.78234, 52.78701 ], [ 13.78298, 52.78708 ], [ 13.78371, 52.7871 ], [ 13.78411, 52.78716 ], [ 13.7842, 52.78722 ], [ 13.78419, 52.7873 ], [ 13.78408, 52.78738 ], [ 13.78294, 52.78806 ], [ 13.78266, 52.7883 ], [ 13.78261, 52.78847 ], [ 13.78265, 52.78861 ], [ 13.78277, 52.78869 ], [ 13.7836, 52.78856 ], [ 13.78481, 52.78849 ], [ 13.78583, 52.78833 ], [ 13.78676, 52.78851 ], [ 13.78738, 52.78873 ], [ 13.7878, 52.78894 ], [ 13.78875, 52.78927 ], [ 13.78909, 52.78942 ], [ 13.78945, 52.78974 ], [ 13.78949, 52.78986 ], [ 13.78987, 52.78989 ], [ 13.79039, 52.79002 ], [ 13.79112, 52.79002 ] ] ] } },
{ "type": "Feature", "properties": { "boden": "100 % mittel, mäßig frisch (M2)" }, "geometry": { "type": "Polygon", "coordinates": [ [ [ 13.79233, 52.78976 ], [ 13.79092, 52.78968 ], [ 13.79112, 52.79002 ], [ 13.79142, 52.79014 ], [ 13.79193, 52.79022 ], [ 13.79244, 52.79019 ], [ 13.79233, 52.78976 ] ] ] } },
{ "type": "Feature", "properties": { "boden": "80 % mittel, trocken (vermutet) (M3) · 20 % ziemlich arm, trocken (vermutet) (Z3)" }, "geometry": { "type": "Polygon", "coordinates": [ [ [ 13.78534, 52.79016 ], [ 13.78508, 52.79022 ], [ 13.78484, 52.7904 ], [ 13.78487, 52.79044 ], [ 13.78521, 52.79048 ], [ 13.78556, 52.79036 ], [ 13.78554, 52.79023 ], [ 13.78534, 52.79016 ] ] ] } },
{ "type": "Feature", "properties": { "boden": "100 % kräftig, mäßig frisch (K2)" }, "geometry": { "type": "Polygon", "coordinates": [ [ [ 13.79277, 52.79119 ], [ 13.79244, 52.79019 ], [ 13.79169, 52.7902 ], [ 13.79112, 52.79002 ], [ 13.79039, 52.79002 ], [ 13.79046, 52.79057 ], [ 13.79073, 52.79064 ], [ 13.79088, 52.79076 ], [ 13.79094, 52.7909 ], [ 13.79125, 52.79101 ], [ 13.79157, 52.79121 ], [ 13.7922, 52.79133 ], [ 13.79249, 52.79131 ], [ 13.79277, 52.79119 ] ] ] } },
{ "type": "Feature", "properties": { "boden": "80 % ziemlich arm, mäßig frisch (Z2) · 20 % ziemlich arm, mäßig frisch (Z+2)" }, "geometry": { "type": "Polygon", "coordinates": [ [ [ 13.79471, 52.77734 ], [ 13.79453, 52.77738 ], [ 13.79445, 52.77749 ], [ 13.79452, 52.7776 ], [ 13.7947, 52.77764 ], [ 13.79488, 52.7776 ], [ 13.79496, 52.77749 ], [ 13.79489, 52.77739 ], [ 13.79471, 52.77734 ] ] ] } },
{ "type": "Feature", "properties": { "boden": "80 % ziemlich arm, mäßig frisch (Z2) · 20 % ziemlich arm, mäßig frisch (Z+2)" }, "geometry": { "type": "Polygon", "coordinates": [ [ [ 13.79329, 52.77765 ], [ 13.79336, 52.77776 ], [ 13.79354, 52.77781 ], [ 13.79375, 52.77778 ], [ 13.7942, 52.77785 ], [ 13.79437, 52.77781 ], [ 13.79445, 52.7777 ], [ 13.79438, 52.77759 ], [ 13.7942, 52.77754 ], [ 13.79386, 52.77757 ], [ 13.79354, 52.7775 ], [ 13.79337, 52.77754 ], [ 13.79329, 52.77765 ] ] ] } },
{ "type": "Feature", "properties": { "boden": "60 % ziemlich arm, mäßig frisch (Z+2) · 40 % ziemlich arm, mäßig frisch (Z2)" }, "geometry": { "type": "Polygon", "coordinates": [ [ [ 13.79941, 52.78976 ], [ 13.79914, 52.79003 ], [ 13.79932, 52.79008 ], [ 13.7995, 52.79003 ], [ 13.79955, 52.78996 ], [ 13.79941, 52.78976 ] ] ] } },
{ "type": "Feature", "properties": { "boden": "100 % kräftig, mäßig frisch (K2)" }, "geometry": { "type": "Polygon", "coordinates": [ [ [ 13.79798, 52.79019 ], [ 13.7978, 52.79023 ], [ 13.79772, 52.79034 ], [ 13.79779, 52.79045 ], [ 13.79797, 52.7905 ], [ 13.79815, 52.79045 ], [ 13.79822, 52.79035 ], [ 13.79815, 52.79024 ], [ 13.79798, 52.79019 ] ] ] } },
{ "type": "Feature", "properties": { "boden": "100 % kräftig, mäßig frisch (K2)" }, "geometry": { "type": "Polygon", "coordinates": [ [ [ 13.79516, 52.78995 ], [ 13.79499, 52.79038 ], [ 13.79451, 52.79096 ], [ 13.7945, 52.79118 ], [ 13.79463, 52.79136 ], [ 13.79491, 52.79147 ], [ 13.79512, 52.79148 ], [ 13.79559, 52.7914 ], [ 13.79573, 52.7913 ], [ 13.79599, 52.79 ], [ 13.79516, 52.78995 ] ] ] } },
{ "type": "Feature", "properties": { "boden": "60 % mittel, mäßig frisch (M+2) · 40 % ziemlich arm, mäßig frisch (Z2)" }, "geometry": { "type": "Polygon", "coordinates": [ [ [ 13.79843, 52.79168 ], [ 13.79898, 52.79114 ], [ 13.7993, 52.79094 ], [ 13.79999, 52.79077 ], [ 13.79997, 52.79058 ], [ 13.79955, 52.78996 ], [ 13.7995, 52.79003 ], [ 13.79932, 52.79008 ], [ 13.79914, 52.79003 ], [ 13.79875, 52.79044 ], [ 13.79789, 52.7911 ], [ 13.79734, 52.79184 ], [ 13.79778, 52.79183 ], [ 13.79824, 52.79175 ], [ 13.79843, 52.79168 ] ] ] } },
{ "type": "Feature", "properties": { "boden": "70 % mittel, mäßig frisch (M2) · 30 % mittel, mäßig frisch (M2g)" }, "geometry": { "type": "Polygon", "coordinates": [ [ [ 13.79778, 52.79183 ], [ 13.79734, 52.79184 ], [ 13.79736, 52.79224 ], [ 13.79957, 52.79373 ], [ 13.80025, 52.79373 ], [ 13.80017, 52.79284 ], [ 13.79957, 52.79291 ], [ 13.79906, 52.79289 ], [ 13.79855, 52.79275 ], [ 13.79838, 52.79258 ], [ 13.79829, 52.79234 ], [ 13.79822, 52.79206 ], [ 13.79824, 52.79175 ], [ 13.79778, 52.79183 ] ] ] } },
{ "type": "Feature", "properties": { "boden": "100 % kräftig, mäßig frisch (K2)" }, "geometry": { "type": "Polygon", "coordinates": [ [ [ 13.79228, 52.79363 ], [ 13.7928, 52.79366 ], [ 13.79271, 52.79363 ], [ 13.79251, 52.79334 ], [ 13.79233, 52.7933 ], [ 13.79215, 52.79334 ], [ 13.79208, 52.79345 ], [ 13.79228, 52.79363 ] ] ] } },
{ "type": "Feature", "properties": { "boden": "100 % kräftig, mäßig frisch (K2)" }, "geometry": { "type": "Polygon", "coordinates": [ [ [ 13.78639, 52.79049 ], [ 13.78557, 52.79067 ], [ 13.7855, 52.79077 ], [ 13.78557, 52.79087 ], [ 13.78575, 52.79092 ], [ 13.78657, 52.79076 ], [ 13.78665, 52.79065 ], [ 13.78658, 52.79054 ], [ 13.78639, 52.79049 ] ] ] } },
{ "type": "Feature", "properties": { "boden": "100 % mittel, mäßig frisch (M2)" }, "geometry": { "type": "Polygon", "coordinates": [ [ [ 13.79088, 52.79076 ], [ 13.79073, 52.79064 ], [ 13.79046, 52.79057 ], [ 13.79028, 52.7914 ], [ 13.79053, 52.79139 ], [ 13.79073, 52.79131 ], [ 13.79088, 52.79117 ], [ 13.79094, 52.7909 ], [ 13.79088, 52.79076 ] ] ] } },
{ "type": "Feature", "properties": { "boden": "100 % kräftig, mäßig frisch (K2)" }, "geometry": { "type": "Polygon", "coordinates": [ [ [ 13.79249, 52.79131 ], [ 13.79193, 52.7913 ], [ 13.79157, 52.79121 ], [ 13.79125, 52.79101 ], [ 13.79094, 52.7909 ], [ 13.79088, 52.79117 ], [ 13.79073, 52.79131 ], [ 13.79053, 52.79139 ], [ 13.79028, 52.7914 ], [ 13.7902, 52.79164 ], [ 13.79031, 52.79204 ], [ 13.79173, 52.79214 ], [ 13.79218, 52.7921 ], [ 13.79251, 52.79199 ], [ 13.79277, 52.79181 ], [ 13.79288, 52.79162 ], [ 13.79277, 52.79119 ], [ 13.79249, 52.79131 ] ] ] } },
{ "type": "Feature", "properties": { "boden": "80 % mittel, trocken (vermutet) (M3) · 20 % ziemlich arm, trocken (vermutet) (Z3)" }, "geometry": { "type": "Polygon", "coordinates": [ [ [ 13.78559, 52.79151 ], [ 13.78513, 52.79157 ], [ 13.78552, 52.79176 ], [ 13.78545, 52.79206 ], [ 13.7855, 52.79215 ], [ 13.78604, 52.79224 ], [ 13.78643, 52.79245 ], [ 13.78675, 52.79236 ], [ 13.78684, 52.79221 ], [ 13.78675, 52.7921 ], [ 13.78593, 52.79202 ], [ 13.78578, 52.79197 ], [ 13.78576, 52.79189 ], [ 13.78588, 52.79169 ], [ 13.78573, 52.79155 ], [ 13.78559, 52.79151 ] ] ] } },
{ "type": "Feature", "properties": { "boden": "100 % kräftig, mäßig frisch (K2)" }, "geometry": { "type": "Polygon", "coordinates": [ [ [ 13.79001, 52.79312 ], [ 13.79128, 52.79316 ], [ 13.79108, 52.793 ], [ 13.79091, 52.79304 ], [ 13.79073, 52.79299 ], [ 13.79066, 52.79288 ], [ 13.79074, 52.79278 ], [ 13.79092, 52.79273 ], [ 13.7911, 52.79278 ], [ 13.79113, 52.79284 ], [ 13.79127, 52.79275 ], [ 13.7915, 52.79272 ], [ 13.79169, 52.79277 ], [ 13.79177, 52.79296 ], [ 13.79201, 52.79297 ], [ 13.79271, 52.79284 ], [ 13.79354, 52.79229 ], [ 13.79389, 52.7922 ], [ 13.79445, 52.79218 ], [ 13.79554, 52.79223 ], [ 13.79605, 52.7924 ], [ 13.79652, 52.79268 ], [ 13.79697, 52.79344 ], [ 13.79725, 52.7937 ], [ 13.79771, 52.79371 ], [ 13.79754, 52.79338 ], [ 13.79734, 52.79184 ], [ 13.79789, 52.7911 ], [ 13.79875, 52.79044 ], [ 13.79898, 52.79019 ], [ 13.79599, 52.79 ], [ 13.79573, 52.7913 ], [ 13.79559, 52.7914 ], [ 13.79512, 52.79148 ], [ 13.79491, 52.79147 ], [ 13.79463, 52.79136 ], [ 13.7945, 52.79118 ], [ 13.79451, 52.79096 ], [ 13.79499, 52.79038 ], [ 13.79516, 52.78995 ], [ 13.79233, 52.78976 ], [ 13.79288, 52.79162 ], [ 13.79277, 52.79181 ], [ 13.79251, 52.79199 ], [ 13.79218, 52.7921 ], [ 13.79173, 52.79214 ], [ 13.79031, 52.79204 ], [ 13.7902, 52.79164 ], [ 13.79046, 52.79057 ], [ 13.79039, 52.79002 ], [ 13.78987, 52.78989 ], [ 13.78915, 52.78987 ], [ 13.78852, 52.78996 ], [ 13.78757, 52.79032 ], [ 13.78719, 52.79041 ], [ 13.78639, 52.79049 ], [ 13.78658, 52.79054 ], [ 13.78665, 52.79065 ], [ 13.78657, 52.79076 ], [ 13.78575, 52.79092 ], [ 13.78557, 52.79087 ], [ 13.7855, 52.79077 ], [ 13.78557, 52.79067 ], [ 13.78467, 52.79094 ], [ 13.78445, 52.79107 ], [ 13.78442, 52.79131 ], [ 13.78627, 52.79137 ], [ 13.78643, 52.79144 ], [ 13.78633, 52.79186 ], [ 13.78648, 52.7919 ], [ 13.78722, 52.79193 ], [ 13.78738, 52.79205 ], [ 13.78747, 52.7922 ], [ 13.78738, 52.79232 ], [ 13.78691, 52.79259 ], [ 13.78691, 52.79282 ], [ 13.78684, 52.79291 ], [ 13.78649, 52.79308 ], [ 13.78589, 52.79313 ], [ 13.78503, 52.79358 ], [ 13.78891, 52.79362 ], [ 13.7892, 52.79336 ], [ 13.78943, 52.79326 ], [ 13.79001, 52.79312 ] ], [ [ 13.7888, 52.79263 ], [ 13.78857, 52.79233 ], [ 13.78864, 52.79222 ], [ 13.78861, 52.79212 ], [ 13.78827, 52.79218 ], [ 13.78809, 52.79214 ], [ 13.78802, 52.79203 ], [ 13.7881, 52.79192 ], [ 13.78828, 52.79188 ], [ 13.78845, 52.79192 ], [ 13.78881, 52.79183 ], [ 13.78899, 52.79188 ], [ 13.78906, 52.79198 ], [ 13.78898, 52.79209 ], [ 13.78907, 52.79253 ], [ 13.78957, 52.79267 ], [ 13.78965, 52.79278 ], [ 13.78957, 52.79289 ], [ 13.78939, 52.79293 ], [ 13.78888, 52.79279 ], [ 13.78908, 52.79289 ], [ 13.78904, 52.79295 ], [ 13.78877, 52.79294 ], [ 13.7887, 52.79282 ], [ 13.78859, 52.79281 ], [ 13.78839, 52.79269 ], [ 13.7884, 52.7926 ], [ 13.78858, 52.79257 ], [ 13.7888, 52.79263 ] ], [ [ 13.79053, 52.79266 ], [ 13.79046, 52.79277 ], [ 13.79028, 52.79281 ], [ 13.7901, 52.79276 ], [ 13.79003, 52.79266 ], [ 13.79011, 52.79255 ], [ 13.79028, 52.79251 ], [ 13.79046, 52.79255 ], [ 13.79053, 52.79266 ] ], [ [ 13.79157, 52.79251 ], [ 13.7915, 52.79262 ], [ 13.79132, 52.79266 ], [ 13.79114, 52.79262 ], [ 13.79107, 52.79251 ], [ 13.79115, 52.7924 ], [ 13.79133, 52.79236 ], [ 13.7915, 52.79241 ], [ 13.79157, 52.79251 ] ], [ [ 13.79822, 52.79035 ], [ 13.79815, 52.79045 ], [ 13.79797, 52.7905 ], [ 13.79779, 52.79045 ], [ 13.79772, 52.79034 ], [ 13.7978, 52.79023 ], [ 13.79798, 52.79019 ], [ 13.79815, 52.79024 ], [ 13.79822, 52.79035 ] ] ] } },
{ "type": "Feature", "properties": { "boden": "100 % kräftig, mäßig frisch (K2)" }, "geometry": { "type": "Polygon", "coordinates": [ [ [ 13.78888, 52.79279 ], [ 13.78939, 52.79293 ], [ 13.78957, 52.79289 ], [ 13.78965, 52.79278 ], [ 13.78957, 52.79267 ], [ 13.78907, 52.79253 ], [ 13.78898, 52.79209 ], [ 13.78906, 52.79198 ], [ 13.78899, 52.79188 ], [ 13.78881, 52.79183 ], [ 13.78845, 52.79192 ], [ 13.78828, 52.79188 ], [ 13.7881, 52.79192 ], [ 13.78802, 52.79203 ], [ 13.78809, 52.79214 ], [ 13.78827, 52.79218 ], [ 13.78861, 52.79212 ], [ 13.78864, 52.79222 ], [ 13.78857, 52.79233 ], [ 13.78878, 52.79255 ], [ 13.78888, 52.79279 ] ] ] } },
{ "type": "Feature", "properties": { "boden": "100 % kräftig, mäßig frisch (K2)" }, "geometry": { "type": "Polygon", "coordinates": [ [ [ 13.79133, 52.79236 ], [ 13.79115, 52.7924 ], [ 13.79107, 52.79251 ], [ 13.79114, 52.79262 ], [ 13.79132, 52.79266 ], [ 13.7915, 52.79262 ], [ 13.79157, 52.79251 ], [ 13.7915, 52.79241 ], [ 13.79133, 52.79236 ] ] ] } },
{ "type": "Feature", "properties": { "boden": "100 % kräftig, mäßig frisch (K2)" }, "geometry": { "type": "Polygon", "coordinates": [ [ [ 13.79028, 52.79251 ], [ 13.79011, 52.79255 ], [ 13.79003, 52.79266 ], [ 13.7901, 52.79276 ], [ 13.79028, 52.79281 ], [ 13.79046, 52.79277 ], [ 13.79053, 52.79266 ], [ 13.79046, 52.79255 ], [ 13.79028, 52.79251 ] ] ] } },
{ "type": "Feature", "properties": { "boden": "100 % kräftig, mäßig frisch (K2)" }, "geometry": { "type": "Polygon", "coordinates": [ [ [ 13.7911, 52.79291 ], [ 13.7911, 52.79278 ], [ 13.79092, 52.79273 ], [ 13.79077, 52.79277 ], [ 13.79074, 52.79283 ], [ 13.79081, 52.7929 ], [ 13.791, 52.79292 ], [ 13.7911, 52.79291 ] ] ] } },
{ "type": "Feature", "properties": { "boden": "100 % kräftig, mäßig frisch (K2)" }, "geometry": { "type": "Polygon", "coordinates": [ [ [ 13.7911, 52.79291 ], [ 13.79081, 52.7929 ], [ 13.79074, 52.79283 ], [ 13.79077, 52.79277 ], [ 13.79066, 52.79288 ], [ 13.79073, 52.79299 ], [ 13.79091, 52.79304 ], [ 13.79108, 52.793 ], [ 13.7911, 52.79291 ] ] ] } },
{ "type": "Feature", "properties": { "boden": "40 % mittel, mäßig frisch (M+2) · 30 % kräftig, mäßig frisch (K2) · 30 % kräftig, mäßig frisch (K2)" }, "geometry": { "type": "Polygon", "coordinates": [ [ [ 13.80367, 52.79239 ], [ 13.80356, 52.79218 ], [ 13.80338, 52.79213 ], [ 13.80273, 52.79228 ], [ 13.80266, 52.79239 ], [ 13.80273, 52.79249 ], [ 13.8029, 52.79254 ], [ 13.80321, 52.79243 ], [ 13.80335, 52.79247 ], [ 13.80346, 52.7927 ], [ 13.80363, 52.79275 ], [ 13.80381, 52.7927 ], [ 13.80389, 52.7926 ], [ 13.80367, 52.79239 ] ] ] } },
{ "type": "Feature", "properties": { "boden": "100 % kräftig, trocken (vermutet) (K3)" }, "geometry": { "type": "Polygon", "coordinates": [ [ [ 13.80524, 52.79347 ], [ 13.80507, 52.79358 ], [ 13.80512, 52.7937 ], [ 13.8052, 52.79374 ], [ 13.80544, 52.79371 ], [ 13.80573, 52.79357 ], [ 13.80574, 52.79353 ], [ 13.8056, 52.79348 ], [ 13.80524, 52.79347 ] ] ] } },
{ "type": "Feature", "properties": { "boden": "100 % kräftig, mäßig frisch (K2)" }, "geometry": { "type": "Polygon", "coordinates": [ [ [ 13.80713, 52.79374 ], [ 13.80721, 52.79364 ], [ 13.80714, 52.79353 ], [ 13.80696, 52.79348 ], [ 13.80678, 52.79353 ], [ 13.80671, 52.79363 ], [ 13.80678, 52.79374 ], [ 13.80691, 52.79378 ], [ 13.80713, 52.79374 ] ] ] } },
{ "type": "Feature", "properties": { "boden": "50 % mittel, mäßig frisch (M2) · 30 % ziemlich arm, mäßig frisch (Z2) · 20 % ziemlich arm, mäßig frisch (Z2)" }, "geometry": { "type": "GeometryCollection", "geometries": [ { "type": "Polygon", "coordinates": [ [ [ 13.80934, 52.7938 ], [ 13.80878, 52.79382 ], [ 13.80948, 52.79383 ], [ 13.80953, 52.79375 ], [ 13.80934, 52.7938 ] ] ] }, { "type": "Polygon", "coordinates": [ [ [ 13.80745, 52.79378 ], [ 13.80747, 52.79381 ], [ 13.80794, 52.79381 ], [ 13.80745, 52.79378 ] ] ] }, { "type": "LineString", "coordinates": [ [ 13.80878, 52.79382 ], [ 13.80794, 52.79381 ] ] } ] } },
{ "type": "Feature", "properties": { "boden": "50 % mittel, mäßig frisch (M2) · 30 % ziemlich arm, mäßig frisch (Z2) · 20 % ziemlich arm, mäßig frisch (Z2)" }, "geometry": { "type": "Polygon", "coordinates": [ [ [ 13.80745, 52.79378 ], [ 13.8066, 52.7938 ], [ 13.80747, 52.79381 ], [ 13.80745, 52.79378 ] ] ] } },
{ "type": "Feature", "properties": { "boden": "100 % kräftig, mäßig frisch (K2)" }, "geometry": { "type": "Polygon", "coordinates": [ [ [ 13.80458, 52.79378 ], [ 13.80439, 52.7937 ], [ 13.80419, 52.79377 ], [ 13.80458, 52.79378 ] ] ] } },
{ "type": "Feature", "properties": { "boden": "100 % kräftig, mäßig frisch (K2)" }, "geometry": { "type": "Polygon", "coordinates": [ [ [ 13.80458, 52.79378 ], [ 13.80691, 52.79378 ], [ 13.80678, 52.79374 ], [ 13.80671, 52.79363 ], [ 13.80678, 52.79353 ], [ 13.80696, 52.79348 ], [ 13.80714, 52.79353 ], [ 13.80721, 52.79364 ], [ 13.80713, 52.79374 ], [ 13.807, 52.79378 ], [ 13.80878, 52.79382 ], [ 13.80922, 52.79338 ], [ 13.80906, 52.79319 ], [ 13.80705, 52.79347 ], [ 13.8057, 52.79343 ], [ 13.80526, 52.79346 ], [ 13.80352, 52.79377 ], [ 13.80419, 52.79377 ], [ 13.80439, 52.7937 ], [ 13.80458, 52.79378 ] ], [ [ 13.80569, 52.7935 ], [ 13.80573, 52.79357 ], [ 13.80544, 52.79371 ], [ 13.80527, 52.79374 ], [ 13.80512, 52.7937 ], [ 13.80507, 52.79358 ], [ 13.80513, 52.7935 ], [ 13.80524, 52.79347 ], [ 13.80569, 52.7935 ] ] ] } },
{ "type": "Feature", "properties": { "boden": "50 % kräftig, nass (NK1) · 30 % kräftig, nass (NK2) · 20 % kräftig, frisch (K1)" }, "geometry": { "type": "Polygon", "coordinates": [ [ [ 13.77906, 52.78234 ], [ 13.77949, 52.78194 ], [ 13.77967, 52.7819 ], [ 13.77979, 52.78193 ], [ 13.78029, 52.78172 ], [ 13.78012, 52.78167 ], [ 13.78008, 52.78161 ], [ 13.78043, 52.78133 ], [ 13.78002, 52.78139 ], [ 13.7796, 52.78183 ], [ 13.77912, 52.78212 ], [ 13.77853, 52.78261 ], [ 13.77867, 52.78265 ], [ 13.77875, 52.78276 ], [ 13.77852, 52.78298 ], [ 13.77878, 52.78281 ], [ 13.77913, 52.78245 ], [ 13.77906, 52.78234 ] ] ] } },
{ "type": "Feature", "properties": { "boden": "50 % kräftig, nass (NK1) · 30 % kräftig, nass (NK2) · 20 % kräftig, frisch (K1)" }, "geometry": { "type": "Polygon", "coordinates": [ [ [ 13.77972, 52.78191 ], [ 13.77949, 52.78194 ], [ 13.77933, 52.78213 ], [ 13.77913, 52.78224 ], [ 13.77906, 52.78234 ], [ 13.77913, 52.78245 ], [ 13.77972, 52.78191 ] ] ] } },
{ "type": "Feature", "properties": { "boden": "40 % mittel, mäßig frisch (M2) · 30 % mittel, mäßig frisch (M2) · 30 % kräftig, mäßig frisch (K2)" }, "geometry": { "type": "Polygon", "coordinates": [ [ [ 13.77992, 52.78205 ], [ 13.77985, 52.78195 ], [ 13.77972, 52.78191 ], [ 13.77913, 52.78245 ], [ 13.7793, 52.7825 ], [ 13.77948, 52.78246 ], [ 13.77992, 52.78205 ] ] ] } },
{ "type": "Feature", "properties": { "boden": "40 % mittel, mäßig frisch (M2) · 30 % mittel, mäßig frisch (M2) · 30 % kräftig, mäßig frisch (K2)" }, "geometry": { "type": "Polygon", "coordinates": [ [ [ 13.78035, 52.78297 ], [ 13.78267, 52.7834 ], [ 13.78286, 52.78337 ], [ 13.78255, 52.7832 ], [ 13.78238, 52.78304 ], [ 13.78156, 52.78295 ], [ 13.78126, 52.78288 ], [ 13.78098, 52.78259 ], [ 13.78071, 52.78255 ], [ 13.78054, 52.78243 ], [ 13.78024, 52.78234 ], [ 13.77994, 52.78229 ], [ 13.77988, 52.78249 ], [ 13.77965, 52.78252 ], [ 13.77979, 52.78266 ], [ 13.78033, 52.78289 ], [ 13.78035, 52.78297 ] ] ] } },
{ "type": "Feature", "properties": { "boden": "50 % kräftig, nass (NK1) · 30 % kräftig, nass (NK2) · 20 % kräftig, frisch (K1)" }, "geometry": { "type": "Polygon", "coordinates": [ [ [ 13.77822, 52.78325 ], [ 13.77875, 52.78276 ], [ 13.77867, 52.78265 ], [ 13.77853, 52.78261 ], [ 13.77804, 52.78298 ], [ 13.77797, 52.78308 ], [ 13.77804, 52.78319 ], [ 13.77822, 52.78325 ] ] ] } },
{ "type": "Feature", "properties": { "boden": "100 % kräftig, trocken (vermutet) (K3)" }, "geometry": { "type": "Polygon", "coordinates": [ [ [ 13.78039, 52.78332 ], [ 13.77952, 52.78355 ], [ 13.77951, 52.78372 ], [ 13.77991, 52.78351 ], [ 13.78039, 52.78332 ] ] ] } },
{ "type": "Feature", "properties": { "boden": "100 % kräftig, trocken (vermutet) (K3)" }, "geometry": { "type": "Polygon", "coordinates": [ [ [ 13.77951, 52.78372 ], [ 13.77959, 52.78352 ], [ 13.78041, 52.78332 ], [ 13.78055, 52.78323 ], [ 13.77945, 52.78346 ], [ 13.779, 52.78383 ], [ 13.77912, 52.78418 ], [ 13.7792, 52.78397 ], [ 13.77951, 52.78372 ] ] ] } },
{ "type": "Feature", "properties": { "boden": "100 % kräftig, mäßig frisch (K2)" }, "geometry": { "type": "Polygon", "coordinates": [ [ [ 13.77991, 52.78351 ], [ 13.77951, 52.78372 ], [ 13.77946, 52.78402 ], [ 13.77976, 52.78445 ], [ 13.77994, 52.78449 ], [ 13.78012, 52.78445 ], [ 13.7802, 52.78434 ], [ 13.77989, 52.78392 ], [ 13.77991, 52.78375 ], [ 13.78012, 52.78363 ], [ 13.78116, 52.7835 ], [ 13.78123, 52.7834 ], [ 13.78116, 52.78329 ], [ 13.78099, 52.78324 ], [ 13.78059, 52.78333 ], [ 13.78041, 52.78332 ], [ 13.77991, 52.78351 ] ] ] } },
{ "type": "Feature", "properties": { "boden": "60 % mittel, trocken (vermutet) (M3) · 20 % ziemlich arm, trocken (vermutet) (Z3) · 20 % ziemlich arm, trocken (vermutet) (Z3)" }, "geometry": { "type": "Polygon", "coordinates": [ [ [ 13.7792, 52.78443 ], [ 13.779, 52.78383 ], [ 13.77945, 52.78346 ], [ 13.78055, 52.78323 ], [ 13.78038, 52.78307 ], [ 13.78018, 52.78301 ], [ 13.77974, 52.78298 ], [ 13.7794, 52.78305 ], [ 13.77873, 52.78335 ], [ 13.77828, 52.78346 ], [ 13.77806, 52.78367 ], [ 13.7785, 52.78397 ], [ 13.77869, 52.78418 ], [ 13.77898, 52.7843 ], [ 13.77877, 52.78449 ], [ 13.77888, 52.78453 ], [ 13.77894, 52.78476 ], [ 13.77914, 52.78491 ], [ 13.77953, 52.78483 ], [ 13.77959, 52.78471 ], [ 13.77941, 52.78453 ], [ 13.7792, 52.78443 ] ] ] } },
{ "type": "Feature", "properties": { "boden": "100 % kräftig, mäßig frisch (K2)" }, "geometry": { "type": "Polygon", "coordinates": [ [ [ 13.78379, 52.78534 ], [ 13.78521, 52.78538 ], [ 13.78502, 52.78498 ], [ 13.78451, 52.7843 ], [ 13.78452, 52.78414 ], [ 13.78434, 52.78366 ], [ 13.78436, 52.78341 ], [ 13.78342, 52.78355 ], [ 13.7809, 52.78309 ], [ 13.78041, 52.78332 ], [ 13.78059, 52.78333 ], [ 13.78099, 52.78324 ], [ 13.78116, 52.78329 ], [ 13.78123, 52.7834 ], [ 13.78116, 52.7835 ], [ 13.78012, 52.78363 ], [ 13.77991, 52.78375 ], [ 13.77989, 52.78392 ], [ 13.7802, 52.78434 ], [ 13.78012, 52.78445 ], [ 13.77994, 52.78449 ], [ 13.77976, 52.78445 ], [ 13.77946, 52.78402 ], [ 13.77951, 52.78372 ], [ 13.7792, 52.78397 ], [ 13.77912, 52.78418 ], [ 13.7792, 52.78443 ], [ 13.77958, 52.78461 ], [ 13.78162, 52.78486 ], [ 13.78217, 52.78499 ], [ 13.7822, 52.78525 ], [ 13.78229, 52.78536 ], [ 13.78244, 52.78539 ], [ 13.7833, 52.78539 ], [ 13.78379, 52.78534 ] ] ] } },
{ "type": "Feature", "properties": { "boden": "40 % mittel, mäßig frisch (M2) · 30 % ziemlich arm, mäßig frisch (Z2) · 30 % mittel, mäßig frisch (M2)" }, "geometry": { "type": "Polygon", "coordinates": [ [ [ 13.7762, 52.78331 ], [ 13.77632, 52.78315 ], [ 13.7763, 52.78305 ], [ 13.77602, 52.78306 ], [ 13.77578, 52.78315 ], [ 13.77573, 52.78323 ], [ 13.77582, 52.78333 ], [ 13.77601, 52.78332 ], [ 13.77618, 52.78339 ], [ 13.77631, 52.78339 ], [ 13.7762, 52.78331 ] ] ] } },
{ "type": "Feature", "properties": { "boden": "100 % mittel, mäßig frisch (M2g)" }, "geometry": { "type": "Polygon", "coordinates": [ [ [ 13.77269, 52.78312 ], [ 13.77251, 52.78316 ], [ 13.77243, 52.78327 ], [ 13.7725, 52.78338 ], [ 13.77268, 52.78342 ], [ 13.77286, 52.78338 ], [ 13.77294, 52.78327 ], [ 13.77287, 52.78316 ], [ 13.77269, 52.78312 ] ] ] } },
{ "type": "Feature", "properties": { "boden": "100 % mittel, mäßig frisch (M2g)" }, "geometry": { "type": "Polygon", "coordinates": [ [ [ 13.77354, 52.78322 ], [ 13.77336, 52.78327 ], [ 13.77328, 52.78337 ], [ 13.77335, 52.78348 ], [ 13.77353, 52.78353 ], [ 13.77371, 52.78349 ], [ 13.77379, 52.78338 ], [ 13.77372, 52.78327 ], [ 13.77354, 52.78322 ] ] ] } },
{ "type": "Feature", "properties": { "boden": "100 % mittel, mäßig frisch (M2g)" }, "geometry": { "type": "Polygon", "coordinates": [ [ [ 13.77428, 52.78329 ], [ 13.7741, 52.78334 ], [ 13.77402, 52.78344 ], [ 13.77409, 52.78355 ], [ 13.77427, 52.7836 ], [ 13.77445, 52.78356 ], [ 13.77452, 52.78345 ], [ 13.77445, 52.78334 ], [ 13.77428, 52.78329 ] ] ] } },
{ "type": "Feature", "properties": { "boden": "100 % mittel, mäßig frisch (M2g)" }, "geometry": { "type": "Polygon", "coordinates": [ [ [ 13.7729, 52.78261 ], [ 13.77185, 52.78383 ], [ 13.77073, 52.7834 ], [ 13.77031, 52.7836 ], [ 13.77008, 52.78388 ], [ 13.76997, 52.78388 ], [ 13.77002, 52.78395 ], [ 13.77074, 52.78431 ], [ 13.77147, 52.78452 ], [ 13.77245, 52.78447 ], [ 13.7744, 52.78421 ], [ 13.77459, 52.78428 ], [ 13.77441, 52.7836 ], [ 13.77455, 52.7835 ], [ 13.77446, 52.78326 ], [ 13.7729, 52.78261 ] ], [ [ 13.77452, 52.78345 ], [ 13.77445, 52.78356 ], [ 13.77427, 52.7836 ], [ 13.77409, 52.78355 ], [ 13.77402, 52.78344 ], [ 13.7741, 52.78334 ], [ 13.77428, 52.78329 ], [ 13.77445, 52.78334 ], [ 13.77452, 52.78345 ] ], [ [ 13.77379, 52.78338 ], [ 13.77371, 52.78349 ], [ 13.77353, 52.78353 ], [ 13.77335, 52.78348 ], [ 13.77328, 52.78337 ], [ 13.77336, 52.78327 ], [ 13.77354, 52.78322 ], [ 13.77372, 52.78327 ], [ 13.77379, 52.78338 ] ], [ [ 13.77294, 52.78327 ], [ 13.77286, 52.78338 ], [ 13.77268, 52.78342 ], [ 13.7725, 52.78338 ], [ 13.77243, 52.78327 ], [ 13.77251, 52.78316 ], [ 13.77269, 52.78312 ], [ 13.77287, 52.78316 ], [ 13.77294, 52.78327 ] ], [ [ 13.7738, 52.78398 ], [ 13.77335, 52.7839 ], [ 13.77317, 52.78394 ], [ 13.77299, 52.78389 ], [ 13.77292, 52.78379 ], [ 13.773, 52.78368 ], [ 13.77317, 52.78364 ], [ 13.77363, 52.78372 ], [ 13.77381, 52.78368 ], [ 13.77399, 52.78372 ], [ 13.77406, 52.78383 ], [ 13.77398, 52.78394 ], [ 13.7738, 52.78398 ] ] ] } },
{ "type": "Feature", "properties": { "boden": "60 % ziemlich arm, mäßig frisch (Z2) · 20 % ziemlich arm, mäßig frisch (Z2) · 20 % mittel, mäßig frisch (M2)" }, "geometry": { "type": "Polygon", "coordinates": [ [ [ 13.77605, 52.78358 ], [ 13.77587, 52.78363 ], [ 13.77579, 52.78373 ], [ 13.77586, 52.78384 ], [ 13.77633, 52.78398 ], [ 13.77651, 52.78394 ], [ 13.77658, 52.78383 ], [ 13.77651, 52.78372 ], [ 13.77605, 52.78358 ] ] ] } },
{ "type": "Feature", "properties": { "boden": "100 % mittel, mäßig frisch (M2g)" }, "geometry": { "type": "Polygon", "coordinates": [ [ [ 13.77406, 52.78383 ], [ 13.77399, 52.78372 ], [ 13.77381, 52.78368 ], [ 13.77363, 52.78372 ], [ 13.77317, 52.78364 ], [ 13.773, 52.78368 ], [ 13.77292, 52.78379 ], [ 13.77299, 52.78389 ], [ 13.77317, 52.78394 ], [ 13.77335, 52.7839 ], [ 13.7738, 52.78398 ], [ 13.77398, 52.78394 ], [ 13.77406, 52.78383 ] ] ] } },
{ "type": "Feature", "properties": { "boden": "60 % ziemlich arm, mäßig frisch (Z2) · 20 % ziemlich arm, mäßig frisch (Z2) · 20 % mittel, mäßig frisch (M2)" }, "geometry": { "type": "Polygon", "coordinates": [ [ [ 13.77745, 52.7836 ], [ 13.77708, 52.78371 ], [ 13.77686, 52.78404 ], [ 13.77693, 52.78413 ], [ 13.77721, 52.78423 ], [ 13.77776, 52.78486 ], [ 13.77751, 52.78426 ], [ 13.77763, 52.78416 ], [ 13.77751, 52.78405 ], [ 13.77745, 52.7836 ] ] ] } },
{ "type": "Feature", "properties": { "boden": "60 % ziemlich arm, trocken (vermutet) (Z3) · 20 % ziemlich arm, trocken (vermutet) (Z3) · 20 % mittel, trocken (vermutet) (M3)" }, "geometry": { "type": "Polygon", "coordinates": [ [ [ 13.77506, 52.78376 ], [ 13.77502, 52.7838 ], [ 13.7754, 52.78416 ], [ 13.7754, 52.78434 ], [ 13.77525, 52.78448 ], [ 13.7753, 52.78458 ], [ 13.77555, 52.78475 ], [ 13.77581, 52.78482 ], [ 13.77594, 52.78508 ], [ 13.7761, 52.7851 ], [ 13.77629, 52.78506 ], [ 13.77653, 52.78491 ], [ 13.77653, 52.78478 ], [ 13.77638, 52.78463 ], [ 13.77598, 52.78447 ], [ 13.77561, 52.78419 ], [ 13.77566, 52.78414 ], [ 13.77601, 52.78411 ], [ 13.77604, 52.78406 ], [ 13.77582, 52.78398 ], [ 13.77541, 52.78393 ], [ 13.77521, 52.78379 ], [ 13.77506, 52.78376 ] ] ] } },
{ "type": "Feature", "properties": { "boden": "60 % ziemlich arm, mäßig frisch (Z2) · 20 % ziemlich arm, mäßig frisch (Z2) · 20 % mittel, mäßig frisch (M2)" }, "geometry": { "type": "Polygon", "coordinates": [ [ [ 13.77463, 52.78452 ], [ 13.77472, 52.78482 ], [ 13.7751, 52.78503 ], [ 13.77512, 52.78489 ], [ 13.77494, 52.78461 ], [ 13.77478, 52.78453 ], [ 13.77463, 52.78452 ] ] ] } },
{ "type": "Feature", "properties": { "boden": "60 % mittel, mäßig frisch (M2) · 20 % ziemlich arm, mäßig frisch (Z2) · 20 % ziemlich arm, mäßig frisch (Z2)" }, "geometry": { "type": "Polygon", "coordinates": [ [ [ 13.77793, 52.78411 ], [ 13.77824, 52.78472 ], [ 13.77861, 52.78504 ], [ 13.77866, 52.78539 ], [ 13.77861, 52.78551 ], [ 13.77883, 52.78535 ], [ 13.77857, 52.78482 ], [ 13.77816, 52.78443 ], [ 13.77813, 52.78406 ], [ 13.77792, 52.7839 ], [ 13.77793, 52.78411 ] ] ] } },
{ "type": "Feature", "properties": { "boden": "60 % mittel, mäßig frisch (M2) · 20 % ziemlich arm, mäßig frisch (Z2) · 20 % ziemlich arm, mäßig frisch (Z2)" }, "geometry": { "type": "Polygon", "coordinates": [ [ [ 13.77987, 52.78479 ], [ 13.77969, 52.78483 ], [ 13.77962, 52.78494 ], [ 13.77969, 52.78505 ], [ 13.77987, 52.78509 ], [ 13.78004, 52.78505 ], [ 13.78012, 52.78494 ], [ 13.78005, 52.78484 ], [ 13.77987, 52.78479 ] ] ] } },
{ "type": "Feature", "properties": { "boden": "60 % mittel, mäßig frisch (M2) · 20 % ziemlich arm, mäßig frisch (Z2) · 20 % ziemlich arm, mäßig frisch (Z2)" }, "geometry": { "type": "Polygon", "coordinates": [ [ [ 13.78072, 52.78501 ], [ 13.78054, 52.78505 ], [ 13.78046, 52.78516 ], [ 13.78053, 52.78527 ], [ 13.78071, 52.78532 ], [ 13.78089, 52.78527 ], [ 13.78097, 52.78517 ], [ 13.7809, 52.78506 ], [ 13.78072, 52.78501 ] ] ] } },
{ "type": "Feature", "properties": { "boden": "100 % mittel, mäßig frisch (M2)" }, "geometry": { "type": "Polygon", "coordinates": [ [ [ 13.78521, 52.78538 ], [ 13.78478, 52.7854 ], [ 13.78467, 52.78557 ], [ 13.78442, 52.78567 ], [ 13.78434, 52.78577 ], [ 13.78441, 52.78588 ], [ 13.78459, 52.78593 ], [ 13.78488, 52.78587 ], [ 13.78525, 52.78599 ], [ 13.78532, 52.78559 ], [ 13.78521, 52.78538 ] ] ] } },
{ "type": "Feature", "properties": { "boden": "50 % kräftig, nass (NK1) · 30 % kräftig, nass (NK2) · 20 % kräftig, frisch (K1)" }, "geometry": { "type": "Polygon", "coordinates": [ [ [ 13.78039, 52.79194 ], [ 13.77967, 52.79172 ], [ 13.77918, 52.79135 ], [ 13.7791, 52.7908 ], [ 13.77955, 52.79056 ], [ 13.77981, 52.79003 ], [ 13.77937, 52.7894 ], [ 13.77921, 52.78935 ], [ 13.77926, 52.78927 ], [ 13.77994, 52.78895 ], [ 13.7805, 52.78803 ], [ 13.7801, 52.78765 ], [ 13.77997, 52.78744 ], [ 13.77999, 52.78728 ], [ 13.77983, 52.787 ], [ 13.7796, 52.78689 ], [ 13.77931, 52.7869 ], [ 13.77901, 52.787 ], [ 13.77879, 52.78699 ], [ 13.77811, 52.78662 ], [ 13.77812, 52.78646 ], [ 13.77866, 52.78539 ], [ 13.77861, 52.78504 ], [ 13.77824, 52.78472 ], [ 13.77793, 52.78411 ], [ 13.77791, 52.78369 ], [ 13.77799, 52.7835 ], [ 13.77822, 52.78325 ], [ 13.77804, 52.78319 ], [ 13.77797, 52.78308 ], [ 13.77804, 52.78298 ], [ 13.77782, 52.78308 ], [ 13.77751, 52.78336 ], [ 13.77776, 52.78305 ], [ 13.77858, 52.78252 ], [ 13.77906, 52.78209 ], [ 13.77956, 52.78182 ], [ 13.77999, 52.78137 ], [ 13.78042, 52.78126 ], [ 13.78089, 52.78107 ], [ 13.78144, 52.78073 ], [ 13.78141, 52.78068 ], [ 13.78113, 52.78059 ], [ 13.78106, 52.78048 ], [ 13.78114, 52.78037 ], [ 13.78169, 52.78032 ], [ 13.78188, 52.77978 ], [ 13.78166, 52.77963 ], [ 13.78079, 52.77944 ], [ 13.78017, 52.78014 ], [ 13.77919, 52.78064 ], [ 13.77847, 52.78109 ], [ 13.77744, 52.78344 ], [ 13.77751, 52.78405 ], [ 13.77763, 52.78416 ], [ 13.77751, 52.78426 ], [ 13.77783, 52.78502 ], [ 13.77804, 52.78596 ], [ 13.77814, 52.786 ], [ 13.77784, 52.78651 ], [ 13.77802, 52.78708 ], [ 13.7783, 52.78731 ], [ 13.77929, 52.78753 ], [ 13.77985, 52.78795 ], [ 13.7799, 52.78842 ], [ 13.7798, 52.78865 ], [ 13.77922, 52.78881 ], [ 13.77872, 52.78909 ], [ 13.77822, 52.78913 ], [ 13.77761, 52.78906 ], [ 13.77752, 52.78912 ], [ 13.77752, 52.78923 ], [ 13.77775, 52.7895 ], [ 13.77774, 52.7897 ], [ 13.77787, 52.78997 ], [ 13.77837, 52.79019 ], [ 13.77874, 52.7902 ], [ 13.7791, 52.79011 ], [ 13.77918, 52.79019 ], [ 13.77916, 52.79033 ], [ 13.77881, 52.7905 ], [ 13.77853, 52.79057 ], [ 13.77829, 52.79074 ], [ 13.77829, 52.79091 ], [ 13.77861, 52.79158 ], [ 13.7789, 52.79178 ], [ 13.77912, 52.79175 ], [ 13.77914, 52.79184 ], [ 13.77992, 52.79208 ], [ 13.78007, 52.79207 ], [ 13.78048, 52.79217 ], [ 13.78076, 52.7921 ], [ 13.78039, 52.79194 ] ], [ [ 13.78128, 52.77958 ], [ 13.78162, 52.77992 ], [ 13.78154, 52.78003 ], [ 13.78136, 52.78007 ], [ 13.78119, 52.78003 ], [ 13.78085, 52.77968 ], [ 13.78092, 52.77957 ], [ 13.7811, 52.77953 ], [ 13.78128, 52.77958 ] ] ] } },
{ "type": "Feature", "properties": { "boden": "100 % mittel, mäßig frisch (M2)" }, "geometry": { "type": "Polygon", "coordinates": [ [ [ 13.78488, 52.78587 ], [ 13.78459, 52.78593 ], [ 13.78441, 52.78588 ], [ 13.78434, 52.78577 ], [ 13.78442, 52.78567 ], [ 13.78467, 52.78557 ], [ 13.78478, 52.7854 ], [ 13.78492, 52.78537 ], [ 13.78379, 52.78534 ], [ 13.7833, 52.78539 ], [ 13.78244, 52.78539 ], [ 13.7822, 52.78651 ], [ 13.78346, 52.78676 ], [ 13.78414, 52.78679 ], [ 13.78462, 52.78677 ], [ 13.78509, 52.78688 ], [ 13.78525, 52.78599 ], [ 13.78488, 52.78587 ] ] ] } },
{ "type": "Feature", "properties": { "boden": "60 % mittel, mäßig frisch (M2) · 20 % ziemlich arm, mäßig frisch (Z2) · 20 % ziemlich arm, mäßig frisch (Z2)" }, "geometry": { "type": "Polygon", "coordinates": [ [ [ 13.78226, 52.78638 ], [ 13.78244, 52.78539 ], [ 13.78229, 52.78536 ], [ 13.7822, 52.78525 ], [ 13.78217, 52.78499 ], [ 13.78162, 52.78486 ], [ 13.77958, 52.78461 ], [ 13.77941, 52.78453 ], [ 13.77955, 52.78465 ], [ 13.77956, 52.7848 ], [ 13.77932, 52.78489 ], [ 13.77914, 52.78491 ], [ 13.77894, 52.78476 ], [ 13.77888, 52.78453 ], [ 13.77877, 52.78449 ], [ 13.77898, 52.7843 ], [ 13.77869, 52.78418 ], [ 13.7785, 52.78397 ], [ 13.77806, 52.7837 ], [ 13.77828, 52.78346 ], [ 13.77873, 52.78335 ], [ 13.77958, 52.78301 ], [ 13.78018, 52.78301 ], [ 13.78038, 52.78307 ], [ 13.78055, 52.78323 ], [ 13.7809, 52.78309 ], [ 13.77968, 52.78295 ], [ 13.77925, 52.78296 ], [ 13.77822, 52.78325 ], [ 13.77799, 52.7835 ], [ 13.77791, 52.78369 ], [ 13.77792, 52.7839 ], [ 13.77813, 52.78406 ], [ 13.77816, 52.78443 ], [ 13.77857, 52.78482 ], [ 13.77883, 52.78535 ], [ 13.77861, 52.78551 ], [ 13.77813, 52.7865 ], [ 13.77837, 52.78658 ], [ 13.77864, 52.78651 ], [ 13.77892, 52.78651 ], [ 13.7795, 52.78664 ], [ 13.77967, 52.78658 ], [ 13.77991, 52.78659 ], [ 13.78002, 52.78674 ], [ 13.78032, 52.78695 ], [ 13.78079, 52.78702 ], [ 13.78071, 52.7871 ], [ 13.78042, 52.78707 ], [ 13.78032, 52.78714 ], [ 13.78004, 52.7872 ], [ 13.78, 52.78726 ], [ 13.78005, 52.78734 ], [ 13.78048, 52.78739 ], [ 13.78061, 52.78759 ], [ 13.78074, 52.78762 ], [ 13.78088, 52.7876 ], [ 13.78097, 52.78743 ], [ 13.78115, 52.78739 ], [ 13.78133, 52.78744 ], [ 13.7814, 52.78755 ], [ 13.78132, 52.78765 ], [ 13.78103, 52.7877 ], [ 13.78091, 52.78788 ], [ 13.78073, 52.78792 ], [ 13.78059, 52.78789 ], [ 13.78056, 52.78804 ], [ 13.78032, 52.78838 ], [ 13.78061, 52.78831 ], [ 13.78065, 52.78809 ], [ 13.78079, 52.78808 ], [ 13.78088, 52.78814 ], [ 13.78119, 52.7882 ], [ 13.78131, 52.78832 ], [ 13.78165, 52.78845 ], [ 13.78192, 52.78871 ], [ 13.78181, 52.78887 ], [ 13.78155, 52.78896 ], [ 13.78118, 52.78895 ], [ 13.78054, 52.78874 ], [ 13.78031, 52.7886 ], [ 13.78027, 52.78847 ], [ 13.77994, 52.78895 ], [ 13.78057, 52.78899 ], [ 13.78114, 52.78917 ], [ 13.78142, 52.78921 ], [ 13.78162, 52.78921 ], [ 13.78161, 52.78913 ], [ 13.78173, 52.78902 ], [ 13.78201, 52.78897 ], [ 13.78219, 52.78903 ], [ 13.7822, 52.78909 ], [ 13.78259, 52.78912 ], [ 13.78289, 52.78921 ], [ 13.78321, 52.78924 ], [ 13.78345, 52.78924 ], [ 13.7841, 52.78905 ], [ 13.78448, 52.789 ], [ 13.78472, 52.78902 ], [ 13.78564, 52.78909 ], [ 13.78633, 52.7892 ], [ 13.78701, 52.78941 ], [ 13.78925, 52.78956 ], [ 13.78909, 52.78942 ], [ 13.78875, 52.78927 ], [ 13.7878, 52.78894 ], [ 13.78738, 52.78873 ], [ 13.78676, 52.78851 ], [ 13.78583, 52.78833 ], [ 13.78481, 52.78849 ], [ 13.7836, 52.78856 ], [ 13.78277, 52.78869 ], [ 13.78265, 52.78861 ], [ 13.78261, 52.78847 ], [ 13.78266, 52.7883 ], [ 13.78294, 52.78806 ], [ 13.78408, 52.78738 ], [ 13.78419, 52.7873 ], [ 13.7842, 52.78722 ], [ 13.78411, 52.78716 ], [ 13.78371, 52.7871 ], [ 13.78298, 52.78708 ], [ 13.78234, 52.78701 ], [ 13.78214, 52.78689 ], [ 13.78204, 52.78668 ], [ 13.78226, 52.78638 ] ], [ [ 13.78184, 52.78799 ], [ 13.78173, 52.78807 ], [ 13.78145, 52.7881 ], [ 13.78115, 52.78795 ], [ 13.78112, 52.78784 ], [ 13.78148, 52.78771 ], [ 13.78172, 52.7877 ], [ 13.78183, 52.78745 ], [ 13.78221, 52.78744 ], [ 13.78229, 52.78748 ], [ 13.78231, 52.78761 ], [ 13.78211, 52.78782 ], [ 13.78184, 52.78783 ], [ 13.78184, 52.78799 ] ], [ [ 13.78139, 52.78697 ], [ 13.78059, 52.78686 ], [ 13.78034, 52.78671 ], [ 13.78024, 52.78657 ], [ 13.77993, 52.78643 ], [ 13.77996, 52.7862 ], [ 13.78018, 52.78611 ], [ 13.78064, 52.78603 ], [ 13.78098, 52.78606 ], [ 13.78116, 52.78643 ], [ 13.78145, 52.78668 ], [ 13.78148, 52.78691 ], [ 13.78139, 52.78697 ] ], [ [ 13.77894, 52.78609 ], [ 13.77906, 52.78617 ], [ 13.779, 52.78634 ], [ 13.77883, 52.78639 ], [ 13.77852, 52.78634 ], [ 13.77846, 52.78625 ], [ 13.77852, 52.78611 ], [ 13.77865, 52.78606 ], [ 13.77894, 52.78609 ] ], [ [ 13.78097, 52.78517 ], [ 13.78089, 52.78527 ], [ 13.78071, 52.78532 ], [ 13.78053, 52.78527 ], [ 13.78046, 52.78516 ], [ 13.78054, 52.78505 ], [ 13.78072, 52.78501 ], [ 13.7809, 52.78506 ], [ 13.78097, 52.78517 ] ], [ [ 13.78012, 52.78494 ], [ 13.78004, 52.78505 ], [ 13.77987, 52.78509 ], [ 13.77969, 52.78505 ], [ 13.77962, 52.78494 ], [ 13.77969, 52.78483 ], [ 13.77987, 52.78479 ], [ 13.78005, 52.78484 ], [ 13.78012, 52.78494 ] ] ] } },
{ "type": "Feature", "properties": { "boden": "60 % mittel, trocken (vermutet) (M3) · 20 % ziemlich arm, trocken (vermutet) (Z3) · 20 % ziemlich arm, trocken (vermutet) (Z3)" }, "geometry": { "type": "Polygon", "coordinates": [ [ [ 13.77865, 52.78606 ], [ 13.77848, 52.78615 ], [ 13.77848, 52.7863 ], [ 13.7786, 52.78637 ], [ 13.77893, 52.78637 ], [ 13.77905, 52.78629 ], [ 13.77906, 52.78617 ], [ 13.77894, 52.78609 ], [ 13.77865, 52.78606 ] ] ] } },
{ "type": "Feature", "properties": { "boden": "60 % mittel, trocken (vermutet) (M3) · 20 % ziemlich arm, trocken (vermutet) (Z3) · 20 % ziemlich arm, trocken (vermutet) (Z3)" }, "geometry": { "type": "Polygon", "coordinates": [ [ [ 13.78148, 52.78691 ], [ 13.78145, 52.78668 ], [ 13.78116, 52.78643 ], [ 13.78098, 52.78606 ], [ 13.78064, 52.78603 ], [ 13.78018, 52.78611 ], [ 13.77996, 52.7862 ], [ 13.77993, 52.78643 ], [ 13.78024, 52.78657 ], [ 13.78034, 52.78671 ], [ 13.78059, 52.78686 ], [ 13.78133, 52.78697 ], [ 13.78148, 52.78691 ] ] ] } },
{ "type": "Feature", "properties": { "boden": "60 % mittel, mäßig frisch (M2) · 20 % ziemlich arm, mäßig frisch (Z2) · 20 % ziemlich arm, mäßig frisch (Z2)" }, "geometry": { "type": "Polygon", "coordinates": [ [ [ 13.78056, 52.78804 ], [ 13.78045, 52.78768 ], [ 13.78012, 52.7876 ], [ 13.78005, 52.78749 ], [ 13.78018, 52.78738 ], [ 13.78005, 52.78734 ], [ 13.78001, 52.78722 ], [ 13.78032, 52.78714 ], [ 13.78042, 52.78707 ], [ 13.78071, 52.7871 ], [ 13.78079, 52.78702 ], [ 13.78032, 52.78695 ], [ 13.78002, 52.78674 ], [ 13.77991, 52.78659 ], [ 13.77967, 52.78658 ], [ 13.7795, 52.78664 ], [ 13.77892, 52.78651 ], [ 13.77864, 52.78651 ], [ 13.77837, 52.78658 ], [ 13.77812, 52.78647 ], [ 13.77811, 52.78662 ], [ 13.77879, 52.78699 ], [ 13.77901, 52.787 ], [ 13.77931, 52.7869 ], [ 13.7796, 52.78689 ], [ 13.77983, 52.787 ], [ 13.77999, 52.78728 ], [ 13.77997, 52.78744 ], [ 13.7801, 52.78765 ], [ 13.7805, 52.78803 ], [ 13.78041, 52.7882 ], [ 13.78056, 52.78804 ] ] ] } },
{ "type": "Feature", "properties": { "boden": "60 % ziemlich arm, trocken (vermutet) (Z3) · 20 % ziemlich arm, trocken (vermutet) (Z3) · 20 % mittel, trocken (vermutet) (M3)" }, "geometry": { "type": "Polygon", "coordinates": [ [ [ 13.76426, 52.78361 ], [ 13.76425, 52.78326 ], [ 13.76396, 52.78324 ], [ 13.76381, 52.78314 ], [ 13.76319, 52.78293 ], [ 13.76281, 52.78301 ], [ 13.76235, 52.78324 ], [ 13.7622, 52.78348 ], [ 13.76223, 52.78354 ], [ 13.76248, 52.78362 ], [ 13.76358, 52.78363 ], [ 13.76378, 52.78383 ], [ 13.76437, 52.78412 ], [ 13.76447, 52.78413 ], [ 13.76453, 52.78398 ], [ 13.76448, 52.78379 ], [ 13.76426, 52.78361 ] ] ] } },
{ "type": "Feature", "properties": { "boden": "60 % ziemlich arm, trocken (vermutet) (Z3) · 20 % ziemlich arm, trocken (vermutet) (Z3) · 20 % mittel, trocken (vermutet) (M3)" }, "geometry": { "type": "Polygon", "coordinates": [ [ [ 13.76884, 52.78419 ], [ 13.76919, 52.7842 ], [ 13.76927, 52.78414 ], [ 13.76912, 52.78394 ], [ 13.76869, 52.78371 ], [ 13.76828, 52.78366 ], [ 13.76786, 52.78372 ], [ 13.76774, 52.78378 ], [ 13.76768, 52.78386 ], [ 13.7677, 52.78405 ], [ 13.76799, 52.78426 ], [ 13.76826, 52.7843 ], [ 13.76884, 52.78419 ] ] ] } },
{ "type": "Feature", "properties": { "boden": "60 % ziemlich arm, mäßig frisch (Z2) · 20 % ziemlich arm, mäßig frisch (Z2) · 20 % mittel, mäßig frisch (M2)" }, "geometry": { "type": "Polygon", "coordinates": [ [ [ 13.76631, 52.78447 ], [ 13.76608, 52.78433 ], [ 13.76605, 52.78406 ], [ 13.76584, 52.78388 ], [ 13.7655, 52.78368 ], [ 13.76509, 52.78354 ], [ 13.76504, 52.78361 ], [ 13.76509, 52.78373 ], [ 13.76522, 52.78389 ], [ 13.76602, 52.78433 ], [ 13.76586, 52.78444 ], [ 13.76605, 52.78444 ], [ 13.76614, 52.78451 ], [ 13.76631, 52.78453 ], [ 13.76631, 52.78447 ] ] ] } },
{ "type": "Feature", "properties": { "boden": "60 % ziemlich arm, mäßig frisch (Z2) · 20 % ziemlich arm, mäßig frisch (Z2) · 20 % mittel, mäßig frisch (M2)" }, "geometry": { "type": "Polygon", "coordinates": [ [ [ 13.76805, 52.78454 ], [ 13.76812, 52.78447 ], [ 13.76768, 52.78443 ], [ 13.76746, 52.78447 ], [ 13.76732, 52.78458 ], [ 13.76662, 52.78422 ], [ 13.76649, 52.78419 ], [ 13.76642, 52.78424 ], [ 13.76642, 52.78439 ], [ 13.76651, 52.78449 ], [ 13.76678, 52.78461 ], [ 13.76714, 52.78469 ], [ 13.76735, 52.78489 ], [ 13.76751, 52.78496 ], [ 13.7677, 52.785 ], [ 13.76778, 52.78496 ], [ 13.7676, 52.78471 ], [ 13.76805, 52.78454 ] ] ] } },
{ "type": "Feature", "properties": { "boden": "60 % ziemlich arm, trocken (vermutet) (Z3) · 20 % ziemlich arm, trocken (vermutet) (Z3) · 20 % mittel, trocken (vermutet) (M3)" }, "geometry": { "type": "Polygon", "coordinates": [ [ [ 13.77034, 52.78488 ], [ 13.77078, 52.78495 ], [ 13.77086, 52.78492 ], [ 13.7706, 52.78466 ], [ 13.77024, 52.78449 ], [ 13.76999, 52.78457 ], [ 13.76963, 52.78456 ], [ 13.76918, 52.78462 ], [ 13.76897, 52.78461 ], [ 13.76882, 52.78452 ], [ 13.76861, 52.78454 ], [ 13.76875, 52.7848 ], [ 13.76904, 52.78496 ], [ 13.76931, 52.78502 ], [ 13.76992, 52.78501 ], [ 13.77034, 52.78488 ] ] ] } },
{ "type": "Feature", "properties": { "boden": "50 % mittel, mäßig frisch (M2g) · 30 % ziemlich arm, mäßig frisch (Z2) · 20 % ziemlich arm, mäßig frisch (Z2)" }, "geometry": { "type": "Polygon", "coordinates": [ [ [ 13.7665, 52.78479 ], [ 13.76478, 52.78529 ], [ 13.76561, 52.78543 ], [ 13.76608, 52.78545 ], [ 13.76647, 52.78531 ], [ 13.76662, 52.78508 ], [ 13.76679, 52.78502 ], [ 13.7665, 52.78479 ] ] ] } },
{ "type": "Feature", "properties": { "boden": "60 % ziemlich arm, mäßig frisch (Z2) · 20 % ziemlich arm, mäßig frisch (Z2) · 20 % mittel, mäßig frisch (M2)" }, "geometry": { "type": "Polygon", "coordinates": [ [ [ 13.77118, 52.78553 ], [ 13.77096, 52.78548 ], [ 13.77082, 52.78535 ], [ 13.77052, 52.78533 ], [ 13.76999, 52.7851 ], [ 13.76953, 52.78509 ], [ 13.76867, 52.78523 ], [ 13.76839, 52.7852 ], [ 13.768, 52.78508 ], [ 13.76803, 52.78519 ], [ 13.76832, 52.78533 ], [ 13.76924, 52.78556 ], [ 13.77019, 52.78563 ], [ 13.77088, 52.78557 ], [ 13.77119, 52.78564 ], [ 13.77118, 52.78553 ] ] ] } },
{ "type": "Feature", "properties": { "boden": "60 % mittel, mäßig frisch (M2g) · 20 % ziemlich arm, mäßig frisch (Z2) · 20 % mittel, mäßig frisch (M+2)" }, "geometry": { "type": "Polygon", "coordinates": [ [ [ 13.768, 52.78543 ], [ 13.76782, 52.78547 ], [ 13.76775, 52.78558 ], [ 13.76782, 52.78569 ], [ 13.76834, 52.78578 ], [ 13.76865, 52.78589 ], [ 13.76883, 52.78585 ], [ 13.76891, 52.78574 ], [ 13.76884, 52.78563 ], [ 13.768, 52.78543 ] ] ] } },
{ "type": "Feature", "properties": { "boden": "50 % mittel, mäßig frisch (M2g) · 30 % ziemlich arm, trocken (vermutet) (Z3) · 20 % ziemlich arm, trocken (vermutet) (Z3)" }, "geometry": { "type": "Polygon", "coordinates": [ [ [ 13.7631, 52.78624 ], [ 13.76304, 52.78628 ], [ 13.7631, 52.78634 ], [ 13.76346, 52.7865 ], [ 13.76349, 52.78667 ], [ 13.76366, 52.7867 ], [ 13.76372, 52.78661 ], [ 13.76363, 52.78645 ], [ 13.7635, 52.78639 ], [ 13.76343, 52.78629 ], [ 13.7631, 52.78624 ] ] ] } },
{ "type": "Feature", "properties": { "boden": "60 % mittel, mäßig frisch (M2g) · 20 % ziemlich arm, mäßig frisch (Z2) · 20 % mittel, mäßig frisch (M+2)" }, "geometry": { "type": "Polygon", "coordinates": [ [ [ 13.76679, 52.78502 ], [ 13.76836, 52.78627 ], [ 13.76768, 52.78644 ], [ 13.76705, 52.78674 ], [ 13.76684, 52.7873 ], [ 13.76639, 52.78783 ], [ 13.76601, 52.78818 ], [ 13.77402, 52.78863 ], [ 13.7742, 52.78836 ], [ 13.77469, 52.78795 ], [ 13.77465, 52.78769 ], [ 13.77194, 52.78745 ], [ 13.7722, 52.787 ], [ 13.77337, 52.78653 ], [ 13.77319, 52.78652 ], [ 13.77241, 52.78622 ], [ 13.77113, 52.78593 ], [ 13.76864, 52.78557 ], [ 13.76778, 52.78537 ], [ 13.76679, 52.78502 ] ], [ [ 13.768, 52.78543 ], [ 13.76884, 52.78563 ], [ 13.76891, 52.78574 ], [ 13.76883, 52.78585 ], [ 13.76865, 52.78589 ], [ 13.76834, 52.78578 ], [ 13.76782, 52.78569 ], [ 13.76775, 52.78558 ], [ 13.76782, 52.78547 ], [ 13.768, 52.78543 ] ], [ [ 13.76731, 52.78785 ], [ 13.76727, 52.7879 ], [ 13.76717, 52.7879 ], [ 13.7672, 52.78782 ], [ 13.76741, 52.78771 ], [ 13.76783, 52.7877 ], [ 13.76782, 52.78785 ], [ 13.76731, 52.78785 ] ], [ [ 13.77282, 52.78803 ], [ 13.77274, 52.78814 ], [ 13.77256, 52.78818 ], [ 13.77238, 52.78814 ], [ 13.77231, 52.78803 ], [ 13.77239, 52.78792 ], [ 13.77257, 52.78788 ], [ 13.77275, 52.78793 ], [ 13.77282, 52.78803 ] ] ] } },
{ "type": "Feature", "properties": { "boden": "60 % ziemlich arm, trocken (vermutet) (Z3) · 20 % ziemlich arm, trocken (vermutet) (Z3) · 20 % mittel, trocken (vermutet) (M3)" }, "geometry": { "type": "Polygon", "coordinates": [ [ [ 13.77175, 52.7847 ], [ 13.77151, 52.78481 ], [ 13.77143, 52.78501 ], [ 13.77175, 52.78517 ], [ 13.77213, 52.78523 ], [ 13.77224, 52.78521 ], [ 13.77228, 52.78515 ], [ 13.77221, 52.78495 ], [ 13.77175, 52.7847 ] ] ] } },
{ "type": "Feature", "properties": { "boden": "60 % ziemlich arm, trocken (vermutet) (Z3) · 20 % ziemlich arm, trocken (vermutet) (Z3) · 20 % mittel, trocken (vermutet) (M3)" }, "geometry": { "type": "Polygon", "coordinates": [ [ [ 13.77452, 52.78519 ], [ 13.77407, 52.78519 ], [ 13.77373, 52.78507 ], [ 13.77348, 52.78504 ], [ 13.7732, 52.78512 ], [ 13.773, 52.78527 ], [ 13.77309, 52.78538 ], [ 13.77449, 52.78573 ], [ 13.77462, 52.78567 ], [ 13.77478, 52.78544 ], [ 13.7747, 52.78525 ], [ 13.77452, 52.78519 ] ] ] } },
{ "type": "Feature", "properties": { "boden": "60 % ziemlich arm, mäßig frisch (Z2) · 20 % ziemlich arm, mäßig frisch (Z2) · 20 % mittel, mäßig frisch (M2)" }, "geometry": { "type": "Polygon", "coordinates": [ [ [ 13.77647, 52.78522 ], [ 13.77606, 52.78534 ], [ 13.77594, 52.78544 ], [ 13.77595, 52.78552 ], [ 13.77609, 52.78564 ], [ 13.77585, 52.78569 ], [ 13.77587, 52.78575 ], [ 13.77603, 52.78583 ], [ 13.77614, 52.7858 ], [ 13.77627, 52.78556 ], [ 13.77646, 52.78544 ], [ 13.77655, 52.78529 ], [ 13.77647, 52.78522 ] ] ] } },
{ "type": "Feature", "properties": { "boden": "60 % ziemlich arm, mäßig frisch (Z2) · 20 % ziemlich arm, mäßig frisch (Z2) · 20 % mittel, mäßig frisch (M2)" }, "geometry": { "type": "Polygon", "coordinates": [ [ [ 13.77219, 52.78577 ], [ 13.77224, 52.78563 ], [ 13.77242, 52.78559 ], [ 13.7726, 52.78564 ], [ 13.77267, 52.78574 ], [ 13.77282, 52.78578 ], [ 13.77299, 52.78578 ], [ 13.77309, 52.78567 ], [ 13.77327, 52.78562 ], [ 13.77345, 52.78567 ], [ 13.77352, 52.78578 ], [ 13.77344, 52.78589 ], [ 13.77314, 52.78594 ], [ 13.77306, 52.786 ], [ 13.77384, 52.78589 ], [ 13.77407, 52.78577 ], [ 13.77398, 52.78564 ], [ 13.77344, 52.78564 ], [ 13.77278, 52.78553 ], [ 13.77184, 52.78524 ], [ 13.77174, 52.78543 ], [ 13.77184, 52.78557 ], [ 13.77155, 52.78569 ], [ 13.77148, 52.78575 ], [ 13.7715, 52.78584 ], [ 13.77164, 52.78579 ], [ 13.7719, 52.78581 ], [ 13.77207, 52.78574 ], [ 13.77219, 52.78577 ] ] ] } },
{ "type": "Feature", "properties": { "boden": "60 % ziemlich arm, mäßig frisch (Z2) · 20 % ziemlich arm, mäßig frisch (Z2) · 20 % mittel, mäßig frisch (M2)" }, "geometry": { "type": "Polygon", "coordinates": [ [ [ 13.77217, 52.78574 ], [ 13.77273, 52.78596 ], [ 13.77304, 52.786 ], [ 13.77314, 52.78594 ], [ 13.77344, 52.78589 ], [ 13.77352, 52.78578 ], [ 13.77345, 52.78567 ], [ 13.77327, 52.78562 ], [ 13.77309, 52.78567 ], [ 13.77299, 52.78578 ], [ 13.77282, 52.78578 ], [ 13.77267, 52.78574 ], [ 13.7726, 52.78564 ], [ 13.77242, 52.78559 ], [ 13.77224, 52.78563 ], [ 13.77217, 52.78574 ] ] ] } },
{ "type": "Feature", "properties": { "boden": "60 % ziemlich arm, mäßig frisch (Z2) · 20 % ziemlich arm, mäßig frisch (Z2) · 20 % mittel, mäßig frisch (M2)" }, "geometry": { "type": "Polygon", "coordinates": [ [ [ 13.77722, 52.78566 ], [ 13.77704, 52.7857 ], [ 13.77696, 52.78581 ], [ 13.77704, 52.78591 ], [ 13.77764, 52.78611 ], [ 13.77782, 52.78606 ], [ 13.77789, 52.78596 ], [ 13.77782, 52.78585 ], [ 13.77722, 52.78566 ] ] ] } },
{ "type": "Feature", "properties": { "boden": "60 % ziemlich arm, mäßig frisch (Z2) · 20 % ziemlich arm, mäßig frisch (Z2) · 20 % mittel, mäßig frisch (M2)" }, "geometry": { "type": "Polygon", "coordinates": [ [ [ 13.77304, 52.786 ], [ 13.77256, 52.78591 ], [ 13.77219, 52.78577 ], [ 13.77224, 52.78585 ], [ 13.77256, 52.78593 ], [ 13.77263, 52.78604 ], [ 13.77281, 52.78609 ], [ 13.77304, 52.786 ] ] ] } },
{ "type": "Feature", "properties": { "boden": "60 % ziemlich arm, mäßig frisch (Z2) · 20 % ziemlich arm, mäßig frisch (Z2) · 20 % mittel, mäßig frisch (M2)" }, "geometry": { "type": "Polygon", "coordinates": [ [ [ 13.77542, 52.78568 ], [ 13.77451, 52.78601 ], [ 13.77425, 52.78624 ], [ 13.77435, 52.78637 ], [ 13.77477, 52.78645 ], [ 13.77503, 52.78605 ], [ 13.77547, 52.78576 ], [ 13.7755, 52.7857 ], [ 13.77542, 52.78568 ] ] ] } },
{ "type": "Feature", "properties": { "boden": "60 % ziemlich arm, mäßig frisch (Z2) · 20 % ziemlich arm, mäßig frisch (Z2) · 20 % mittel, mäßig frisch (M2)" }, "geometry": { "type": "Polygon", "coordinates": [ [ [ 13.7783, 52.78731 ], [ 13.77802, 52.78708 ], [ 13.77784, 52.78651 ], [ 13.77814, 52.786 ], [ 13.77804, 52.78596 ], [ 13.7779, 52.78532 ], [ 13.77778, 52.78545 ], [ 13.7773, 52.78568 ], [ 13.77782, 52.78585 ], [ 13.77789, 52.78596 ], [ 13.77782, 52.78606 ], [ 13.77764, 52.78611 ], [ 13.77722, 52.78597 ], [ 13.7772, 52.78612 ], [ 13.77728, 52.7863 ], [ 13.77729, 52.78655 ], [ 13.77764, 52.78706 ], [ 13.77802, 52.78729 ], [ 13.7783, 52.78731 ] ] ] } },
{ "type": "Feature", "properties": { "boden": "60 % ziemlich arm, trocken (vermutet) (Z3) · 20 % ziemlich arm, trocken (vermutet) (Z3) · 20 % mittel, trocken (vermutet) (M3)" }, "geometry": { "type": "Polygon", "coordinates": [ [ [ 13.77653, 52.78691 ], [ 13.77684, 52.78687 ], [ 13.77689, 52.78676 ], [ 13.77663, 52.78676 ], [ 13.77642, 52.78687 ], [ 13.776, 52.78688 ], [ 13.77594, 52.78691 ], [ 13.77594, 52.78702 ], [ 13.77612, 52.78714 ], [ 13.77678, 52.78733 ], [ 13.77693, 52.78743 ], [ 13.77748, 52.78749 ], [ 13.77715, 52.78726 ], [ 13.77697, 52.78702 ], [ 13.7766, 52.78694 ], [ 13.77653, 52.78691 ] ] ] } },
{ "type": "Feature", "properties": { "boden": "50 % mittel, mäßig frisch (M2g) · 30 % ziemlich arm, trocken (vermutet) (Z3) · 20 % ziemlich arm, trocken (vermutet) (Z3)" }, "geometry": { "type": "Polygon", "coordinates": [ [ [ 13.76562, 52.78742 ], [ 13.76555, 52.78732 ], [ 13.76562, 52.78721 ], [ 13.76582, 52.78717 ], [ 13.7657, 52.7871 ], [ 13.76554, 52.78707 ], [ 13.76546, 52.78713 ], [ 13.76511, 52.78723 ], [ 13.76519, 52.78746 ], [ 13.76531, 52.78751 ], [ 13.76575, 52.78746 ], [ 13.76562, 52.78742 ] ] ] } },
{ "type": "Feature", "properties": { "boden": "50 % mittel, mäßig frisch (M2g) · 30 % ziemlich arm, trocken (vermutet) (Z3) · 20 % ziemlich arm, trocken (vermutet) (Z3)" }, "geometry": { "type": "Polygon", "coordinates": [ [ [ 13.7658, 52.78717 ], [ 13.76562, 52.78721 ], [ 13.76555, 52.78732 ], [ 13.76562, 52.78742 ], [ 13.76579, 52.78747 ], [ 13.76597, 52.78743 ], [ 13.76605, 52.78732 ], [ 13.76598, 52.78721 ], [ 13.7658, 52.78717 ] ] ] } },
{ "type": "Feature", "properties": { "boden": "60 % mittel, mäßig frisch (M2g) · 20 % ziemlich arm, trocken (vermutet) (Z3) · 20 % mittel, trocken (vermutet) (M+3)" }, "geometry": { "type": "Polygon", "coordinates": [ [ [ 13.76743, 52.78782 ], [ 13.76782, 52.78785 ], [ 13.76783, 52.7877 ], [ 13.76741, 52.78771 ], [ 13.7672, 52.78782 ], [ 13.76717, 52.7879 ], [ 13.76743, 52.78782 ] ] ] } },
{ "type": "Feature", "properties": { "boden": "60 % ziemlich arm, mäßig frisch (Z2) · 20 % ziemlich arm, mäßig frisch (Z2) · 20 % mittel, mäßig frisch (M2)" }, "geometry": { "type": "Polygon", "coordinates": [ [ [ 13.77716, 52.79349 ], [ 13.7772, 52.79341 ], [ 13.77741, 52.79339 ], [ 13.7773, 52.79312 ], [ 13.77737, 52.79309 ], [ 13.77807, 52.79315 ], [ 13.77796, 52.79243 ], [ 13.7779, 52.79254 ], [ 13.77776, 52.79263 ], [ 13.77749, 52.79265 ], [ 13.77741, 52.79248 ], [ 13.7772, 52.79231 ], [ 13.77694, 52.79198 ], [ 13.77652, 52.79185 ], [ 13.77612, 52.79193 ], [ 13.77605, 52.79188 ], [ 13.77616, 52.79169 ], [ 13.77664, 52.79173 ], [ 13.77677, 52.79163 ], [ 13.77695, 52.79161 ], [ 13.77717, 52.79152 ], [ 13.77749, 52.79151 ], [ 13.7775, 52.79086 ], [ 13.77726, 52.7905 ], [ 13.77713, 52.79017 ], [ 13.77708, 52.78957 ], [ 13.77713, 52.78925 ], [ 13.77617, 52.78909 ], [ 13.77602, 52.789 ], [ 13.77581, 52.78896 ], [ 13.77565, 52.78874 ], [ 13.77571, 52.78868 ], [ 13.7761, 52.78889 ], [ 13.77631, 52.7889 ], [ 13.77653, 52.78886 ], [ 13.77672, 52.78877 ], [ 13.77681, 52.78857 ], [ 13.77666, 52.78851 ], [ 13.77628, 52.78848 ], [ 13.77586, 52.78831 ], [ 13.77531, 52.78825 ], [ 13.77529, 52.78813 ], [ 13.7755, 52.78797 ], [ 13.77575, 52.78794 ], [ 13.77627, 52.78809 ], [ 13.77692, 52.78843 ], [ 13.77733, 52.78851 ], [ 13.77759, 52.78851 ], [ 13.77792, 52.78845 ], [ 13.77832, 52.78818 ], [ 13.77843, 52.7882 ], [ 13.77882, 52.7884 ], [ 13.77907, 52.78844 ], [ 13.77922, 52.78841 ], [ 13.77934, 52.78834 ], [ 13.77926, 52.78793 ], [ 13.77937, 52.78781 ], [ 13.77908, 52.78749 ], [ 13.77832, 52.78731 ], [ 13.77802, 52.78729 ], [ 13.77782, 52.78721 ], [ 13.77764, 52.78706 ], [ 13.77729, 52.78655 ], [ 13.77722, 52.78597 ], [ 13.77704, 52.78591 ], [ 13.77696, 52.78581 ], [ 13.77704, 52.7857 ], [ 13.77742, 52.78565 ], [ 13.7779, 52.78532 ], [ 13.77776, 52.78486 ], [ 13.77721, 52.78423 ], [ 13.77693, 52.78413 ], [ 13.77686, 52.78404 ], [ 13.77708, 52.78371 ], [ 13.77745, 52.7836 ], [ 13.77744, 52.78344 ], [ 13.77553, 52.78357 ], [ 13.77506, 52.78351 ], [ 13.77446, 52.78326 ], [ 13.77455, 52.7835 ], [ 13.77441, 52.7836 ], [ 13.77459, 52.78428 ], [ 13.7744, 52.78421 ], [ 13.77245, 52.78447 ], [ 13.77147, 52.78452 ], [ 13.77074, 52.78431 ], [ 13.77002, 52.78395 ], [ 13.76997, 52.78388 ], [ 13.76977, 52.78388 ], [ 13.76868, 52.78337 ], [ 13.76843, 52.78314 ], [ 13.76718, 52.78298 ], [ 13.76744, 52.78311 ], [ 13.76731, 52.78329 ], [ 13.76718, 52.78333 ], [ 13.76679, 52.78333 ], [ 13.7663, 52.78315 ], [ 13.76573, 52.78324 ], [ 13.76562, 52.78316 ], [ 13.76611, 52.78293 ], [ 13.7668, 52.78293 ], [ 13.7663, 52.78287 ], [ 13.76474, 52.78299 ], [ 13.7644, 52.78296 ], [ 13.76267, 52.78271 ], [ 13.76308, 52.78247 ], [ 13.7627, 52.78249 ], [ 13.76074, 52.78208 ], [ 13.76022, 52.78254 ], [ 13.75908, 52.78247 ], [ 13.75672, 52.78241 ], [ 13.7561, 52.78255 ], [ 13.754, 52.7819 ], [ 13.75394, 52.78226 ], [ 13.75432, 52.78233 ], [ 13.75448, 52.7824 ], [ 13.75458, 52.78251 ], [ 13.75504, 52.78258 ], [ 13.75532, 52.78277 ], [ 13.75562, 52.78312 ], [ 13.75563, 52.78319 ], [ 13.75549, 52.78327 ], [ 13.75529, 52.78328 ], [ 13.75509, 52.78288 ], [ 13.75449, 52.78269 ], [ 13.75439, 52.78272 ], [ 13.75439, 52.78286 ], [ 13.75429, 52.7829 ], [ 13.75384, 52.78282 ], [ 13.75383, 52.78291 ], [ 13.7541, 52.78294 ], [ 13.75424, 52.78303 ], [ 13.75451, 52.78309 ], [ 13.7549, 52.78344 ], [ 13.75497, 52.78341 ], [ 13.75498, 52.78329 ], [ 13.75515, 52.7833 ], [ 13.75549, 52.78343 ], [ 13.75567, 52.78359 ], [ 13.75564, 52.78366 ], [ 13.75547, 52.78371 ], [ 13.75523, 52.78373 ], [ 13.75486, 52.78357 ], [ 13.75464, 52.78367 ], [ 13.75674, 52.78391 ], [ 13.75793, 52.78437 ], [ 13.75986, 52.78403 ], [ 13.7599, 52.78417 ], [ 13.76118, 52.78394 ], [ 13.76015, 52.78399 ], [ 13.75835, 52.7842 ], [ 13.75797, 52.78418 ], [ 13.75789, 52.78413 ], [ 13.75793, 52.78404 ], [ 13.75815, 52.78394 ], [ 13.75857, 52.78386 ], [ 13.75911, 52.78386 ], [ 13.75966, 52.78369 ], [ 13.75979, 52.78358 ], [ 13.75997, 52.78322 ], [ 13.76016, 52.78327 ], [ 13.76073, 52.78331 ], [ 13.76132, 52.78343 ], [ 13.76157, 52.78351 ], [ 13.76179, 52.78366 ], [ 13.76206, 52.78373 ], [ 13.76271, 52.78374 ], [ 13.76329, 52.78366 ], [ 13.76335, 52.78377 ], [ 13.76329, 52.78389 ], [ 13.76365, 52.78399 ], [ 13.76374, 52.78406 ], [ 13.76359, 52.78428 ], [ 13.76328, 52.78432 ], [ 13.7626, 52.78417 ], [ 13.76272, 52.78428 ], [ 13.76351, 52.7847 ], [ 13.76478, 52.78529 ], [ 13.7665, 52.78479 ], [ 13.76679, 52.78502 ], [ 13.76778, 52.78537 ], [ 13.76864, 52.78557 ], [ 13.77113, 52.78593 ], [ 13.77241, 52.78622 ], [ 13.77319, 52.78652 ], [ 13.77337, 52.78653 ], [ 13.7722, 52.787 ], [ 13.77194, 52.78745 ], [ 13.77465, 52.78769 ], [ 13.77469, 52.78795 ], [ 13.7742, 52.78836 ], [ 13.77366, 52.78933 ], [ 13.77404, 52.79002 ], [ 13.77479, 52.79094 ], [ 13.77435, 52.79148 ], [ 13.77496, 52.79149 ], [ 13.77513, 52.79157 ], [ 13.77517, 52.79165 ], [ 13.77504, 52.79178 ], [ 13.77475, 52.79181 ], [ 13.77454, 52.79179 ], [ 13.77444, 52.79173 ], [ 13.77404, 52.79182 ], [ 13.77385, 52.79215 ], [ 13.77357, 52.79239 ], [ 13.77347, 52.79261 ], [ 13.77394, 52.79269 ], [ 13.77456, 52.79288 ], [ 13.77503, 52.79318 ], [ 13.77524, 52.79348 ], [ 13.77716, 52.79349 ] ], [ [ 13.77514, 52.79209 ], [ 13.77598, 52.79221 ], [ 13.77576, 52.7923 ], [ 13.77507, 52.79236 ], [ 13.77466, 52.79232 ], [ 13.77451, 52.79224 ], [ 13.77459, 52.7922 ], [ 13.77501, 52.79216 ], [ 13.77514, 52.79209 ] ], [ [ 13.77683, 52.78961 ], [ 13.77664, 52.78971 ], [ 13.77697, 52.79004 ], [ 13.77705, 52.79029 ], [ 13.77732, 52.7906 ], [ 13.77734, 52.79068 ], [ 13.7772, 52.79079 ], [ 13.77705, 52.79074 ], [ 13.77668, 52.79048 ], [ 13.77594, 52.79014 ], [ 13.77589, 52.79007 ], [ 13.77625, 52.78984 ], [ 13.77617, 52.78972 ], [ 13.77625, 52.78964 ], [ 13.77666, 52.78949 ], [ 13.77681, 52.78951 ], [ 13.77683, 52.78961 ] ], [ [ 13.77523, 52.78959 ], [ 13.775, 52.78969 ], [ 13.77471, 52.78969 ], [ 13.77447, 52.78963 ], [ 13.77419, 52.78943 ], [ 13.77438, 52.78937 ], [ 13.77473, 52.78944 ], [ 13.77488, 52.78919 ], [ 13.77498, 52.7891 ], [ 13.77513, 52.78907 ], [ 13.77528, 52.7891 ], [ 13.77539, 52.78919 ], [ 13.77523, 52.78959 ] ], [ [ 13.77837, 52.7881 ], [ 13.77779, 52.78842 ], [ 13.77752, 52.78846 ], [ 13.77717, 52.78843 ], [ 13.77686, 52.78835 ], [ 13.77642, 52.78812 ], [ 13.776, 52.78797 ], [ 13.77478, 52.78732 ], [ 13.77524, 52.78733 ], [ 13.77583, 52.78742 ], [ 13.77619, 52.78757 ], [ 13.77663, 52.78787 ], [ 13.77684, 52.78792 ], [ 13.77704, 52.78788 ], [ 13.77744, 52.78765 ], [ 13.77773, 52.78765 ], [ 13.77825, 52.78785 ], [ 13.77837, 52.78798 ], [ 13.77837, 52.7881 ] ], [ [ 13.77653, 52.78691 ], [ 13.77697, 52.78702 ], [ 13.77715, 52.78726 ], [ 13.77748, 52.78749 ], [ 13.77693, 52.78743 ], [ 13.77678, 52.78733 ], [ 13.77612, 52.78714 ], [ 13.776, 52.78708 ], [ 13.77592, 52.78696 ], [ 13.776, 52.78688 ], [ 13.77642, 52.78687 ], [ 13.77663, 52.78676 ], [ 13.77689, 52.78676 ], [ 13.77684, 52.78687 ], [ 13.77656, 52.78688 ], [ 13.77653, 52.78691 ] ], [ [ 13.77547, 52.78576 ], [ 13.77503, 52.78605 ], [ 13.77477, 52.78645 ], [ 13.77462, 52.78644 ], [ 13.77427, 52.78631 ], [ 13.7743, 52.78616 ], [ 13.77459, 52.78596 ], [ 13.77534, 52.7857 ], [ 13.7755, 52.7857 ], [ 13.77547, 52.78576 ] ], [ [ 13.7747, 52.78525 ], [ 13.77478, 52.78544 ], [ 13.77462, 52.78567 ], [ 13.77449, 52.78573 ], [ 13.77309, 52.78538 ], [ 13.773, 52.78527 ], [ 13.7732, 52.78512 ], [ 13.77348, 52.78504 ], [ 13.77373, 52.78507 ], [ 13.77407, 52.78519 ], [ 13.77452, 52.78519 ], [ 13.7747, 52.78525 ] ], [ [ 13.77521, 52.78379 ], [ 13.77541, 52.78393 ], [ 13.77582, 52.78398 ], [ 13.77604, 52.78406 ], [ 13.77601, 52.78411 ], [ 13.77566, 52.78414 ], [ 13.77561, 52.78419 ], [ 13.77598, 52.78447 ], [ 13.77638, 52.78463 ], [ 13.77653, 52.78478 ], [ 13.77653, 52.78491 ], [ 13.77629, 52.78506 ], [ 13.7761, 52.7851 ], [ 13.77594, 52.78508 ], [ 13.77581, 52.78482 ], [ 13.77555, 52.78475 ], [ 13.7753, 52.78458 ], [ 13.77525, 52.78448 ], [ 13.7754, 52.78434 ], [ 13.7754, 52.78416 ], [ 13.77502, 52.78378 ], [ 13.77521, 52.78379 ] ], [ [ 13.77494, 52.78461 ], [ 13.77512, 52.78489 ], [ 13.7751, 52.78503 ], [ 13.77472, 52.78482 ], [ 13.7746, 52.78453 ], [ 13.77478, 52.78453 ], [ 13.77494, 52.78461 ] ], [ [ 13.76992, 52.78501 ], [ 13.76931, 52.78502 ], [ 13.76904, 52.78496 ], [ 13.76875, 52.7848 ], [ 13.76861, 52.78454 ], [ 13.76882, 52.78452 ], [ 13.76897, 52.78461 ], [ 13.76918, 52.78462 ], [ 13.76963, 52.78456 ], [ 13.76999, 52.78457 ], [ 13.77024, 52.78449 ], [ 13.7706, 52.78466 ], [ 13.77086, 52.78492 ], [ 13.77078, 52.78495 ], [ 13.77034, 52.78488 ], [ 13.76992, 52.78501 ] ], [ [ 13.77201, 52.78488 ], [ 13.77221, 52.78495 ], [ 13.77228, 52.78515 ], [ 13.77224, 52.78521 ], [ 13.77213, 52.78523 ], [ 13.77175, 52.78517 ], [ 13.77143, 52.78501 ], [ 13.77151, 52.78481 ], [ 13.77167, 52.78471 ], [ 13.77184, 52.78474 ], [ 13.77201, 52.78488 ] ], [ [ 13.77122, 52.78564 ], [ 13.77088, 52.78557 ], [ 13.77019, 52.78563 ], [ 13.76924, 52.78556 ], [ 13.76832, 52.78533 ], [ 13.76803, 52.78519 ], [ 13.768, 52.78508 ], [ 13.76839, 52.7852 ], [ 13.76867, 52.78523 ], [ 13.76953, 52.78509 ], [ 13.76999, 52.7851 ], [ 13.77052, 52.78533 ], [ 13.77082, 52.78535 ], [ 13.77096, 52.78548 ], [ 13.77118, 52.78553 ], [ 13.77122, 52.78564 ] ], [ [ 13.77304, 52.786 ], [ 13.77281, 52.78609 ], [ 13.77263, 52.78604 ], [ 13.77256, 52.78593 ], [ 13.77224, 52.78585 ], [ 13.77219, 52.78577 ], [ 13.77207, 52.78574 ], [ 13.7719, 52.78581 ], [ 13.77164, 52.78579 ], [ 13.7715, 52.78584 ], [ 13.77148, 52.78575 ], [ 13.77155, 52.78569 ], [ 13.77184, 52.78557 ], [ 13.77174, 52.78543 ], [ 13.77184, 52.78524 ], [ 13.77278, 52.78553 ], [ 13.77325, 52.78562 ], [ 13.77404, 52.78567 ], [ 13.77407, 52.78577 ], [ 13.77384, 52.78589 ], [ 13.77304, 52.786 ] ], [ [ 13.76765, 52.78466 ], [ 13.76762, 52.78476 ], [ 13.76779, 52.78492 ], [ 13.7677, 52.785 ], [ 13.76735, 52.78489 ], [ 13.76714, 52.78469 ], [ 13.76658, 52.78453 ], [ 13.76642, 52.78439 ], [ 13.76642, 52.78424 ], [ 13.76649, 52.78419 ], [ 13.76662, 52.78422 ], [ 13.76732, 52.78458 ], [ 13.76756, 52.78444 ], [ 13.76812, 52.78447 ], [ 13.76805, 52.78454 ], [ 13.76765, 52.78466 ] ], [ [ 13.76841, 52.78428 ], [ 13.76812, 52.78429 ], [ 13.76777, 52.78413 ], [ 13.76768, 52.78386 ], [ 13.76786, 52.78372 ], [ 13.76828, 52.78366 ], [ 13.76869, 52.78371 ], [ 13.76912, 52.78394 ], [ 13.76925, 52.78408 ], [ 13.76919, 52.7842 ], [ 13.76884, 52.78419 ], [ 13.76841, 52.78428 ] ], [ [ 13.76631, 52.78453 ], [ 13.76614, 52.78451 ], [ 13.76605, 52.78444 ], [ 13.76586, 52.78444 ], [ 13.76602, 52.78433 ], [ 13.76522, 52.78389 ], [ 13.76509, 52.78373 ], [ 13.76504, 52.78361 ], [ 13.76509, 52.78354 ], [ 13.7655, 52.78368 ], [ 13.76584, 52.78388 ], [ 13.76605, 52.78406 ], [ 13.76608, 52.78433 ], [ 13.76631, 52.78447 ], [ 13.76631, 52.78453 ] ], [ [ 13.76448, 52.78379 ], [ 13.76453, 52.78398 ], [ 13.76447, 52.78413 ], [ 13.76437, 52.78412 ], [ 13.76378, 52.78383 ], [ 13.76358, 52.78363 ], [ 13.76281, 52.78364 ], [ 13.76237, 52.7836 ], [ 13.76223, 52.78354 ], [ 13.76226, 52.78335 ], [ 13.76235, 52.78324 ], [ 13.76281, 52.78301 ], [ 13.76309, 52.78293 ], [ 13.7633, 52.78295 ], [ 13.76381, 52.78314 ], [ 13.76396, 52.78324 ], [ 13.76425, 52.78326 ], [ 13.76424, 52.78355 ], [ 13.76448, 52.78379 ] ], [ [ 13.76002, 52.78314 ], [ 13.75941, 52.78332 ], [ 13.75923, 52.78327 ], [ 13.75917, 52.7832 ], [ 13.75907, 52.78292 ], [ 13.75925, 52.7827 ], [ 13.75954, 52.7827 ], [ 13.75969, 52.78277 ], [ 13.75994, 52.78278 ], [ 13.76118, 52.78269 ], [ 13.76141, 52.78274 ], [ 13.76154, 52.78288 ], [ 13.76156, 52.78319 ], [ 13.76136, 52.7833 ], [ 13.76085, 52.78329 ], [ 13.76002, 52.78314 ] ], [ [ 13.7571, 52.78279 ], [ 13.75717, 52.78286 ], [ 13.75701, 52.78296 ], [ 13.75665, 52.78294 ], [ 13.75651, 52.78285 ], [ 13.75656, 52.78278 ], [ 13.75665, 52.78276 ], [ 13.7571, 52.78279 ] ], [ [ 13.77658, 52.78383 ], [ 13.77651, 52.78394 ], [ 13.77633, 52.78398 ], [ 13.77586, 52.78384 ], [ 13.77579, 52.78373 ], [ 13.77587, 52.78363 ], [ 13.77605, 52.78358 ], [ 13.77651, 52.78372 ], [ 13.77658, 52.78383 ] ], [ [ 13.77654, 52.78523 ], [ 13.77642, 52.78549 ], [ 13.77627, 52.78556 ], [ 13.77614, 52.7858 ], [ 13.77596, 52.78581 ], [ 13.77585, 52.78569 ], [ 13.77609, 52.78564 ], [ 13.77595, 52.78552 ], [ 13.77598, 52.78539 ], [ 13.77636, 52.78524 ], [ 13.77654, 52.78523 ] ] ] } },
{ "type": "Feature", "properties": { "boden": "70 % mittel, mäßig frisch (M2) · 30 % mittel, mäßig frisch (M2)" }, "geometry": { "type": "Polygon", "coordinates": [ [ [ 13.76942, 52.78853 ], [ 13.76924, 52.78857 ], [ 13.76916, 52.78868 ], [ 13.76923, 52.78879 ], [ 13.76941, 52.78883 ], [ 13.76959, 52.78879 ], [ 13.76967, 52.78868 ], [ 13.7696, 52.78857 ], [ 13.76942, 52.78853 ] ] ] } },
{ "type": "Feature", "properties": { "boden": "70 % mittel, mäßig frisch (M2) · 30 % mittel, mäßig frisch (M2)" }, "geometry": { "type": "Polygon", "coordinates": [ [ [ 13.77185, 52.79061 ], [ 13.77309, 52.79063 ], [ 13.77479, 52.79094 ], [ 13.77404, 52.79002 ], [ 13.77366, 52.78933 ], [ 13.77402, 52.78863 ], [ 13.76601, 52.78818 ], [ 13.76554, 52.78845 ], [ 13.76484, 52.78868 ], [ 13.76464, 52.7887 ], [ 13.76288, 52.78989 ], [ 13.76184, 52.79044 ], [ 13.76098, 52.79066 ], [ 13.76013, 52.79068 ], [ 13.75902, 52.79034 ], [ 13.75921, 52.78907 ], [ 13.75868, 52.78898 ], [ 13.7589, 52.78875 ], [ 13.75903, 52.78845 ], [ 13.75885, 52.78821 ], [ 13.75849, 52.78805 ], [ 13.75777, 52.78802 ], [ 13.75733, 52.78787 ], [ 13.75699, 52.7876 ], [ 13.75538, 52.7875 ], [ 13.75476, 52.78763 ], [ 13.75463, 52.78775 ], [ 13.75459, 52.78795 ], [ 13.75464, 52.7881 ], [ 13.75507, 52.78841 ], [ 13.75545, 52.78858 ], [ 13.75655, 52.78889 ], [ 13.75682, 52.78905 ], [ 13.75698, 52.78946 ], [ 13.75688, 52.78971 ], [ 13.75682, 52.79027 ], [ 13.75674, 52.79032 ], [ 13.75652, 52.79035 ], [ 13.75559, 52.79011 ], [ 13.75421, 52.79012 ], [ 13.75402, 52.79016 ], [ 13.75387, 52.791 ], [ 13.75459, 52.79115 ], [ 13.75695, 52.79179 ], [ 13.75762, 52.79173 ], [ 13.75913, 52.79178 ], [ 13.75943, 52.79184 ], [ 13.76119, 52.79266 ], [ 13.76258, 52.79302 ], [ 13.76346, 52.79316 ], [ 13.76502, 52.79323 ], [ 13.76551, 52.79318 ], [ 13.7658, 52.79309 ], [ 13.76604, 52.7929 ], [ 13.76614, 52.7927 ], [ 13.76612, 52.7925 ], [ 13.76597, 52.79232 ], [ 13.76562, 52.79214 ], [ 13.76465, 52.79191 ], [ 13.76446, 52.7918 ], [ 13.76436, 52.79155 ], [ 13.76479, 52.79117 ], [ 13.76509, 52.79099 ], [ 13.76569, 52.79034 ], [ 13.76614, 52.79003 ], [ 13.76665, 52.78988 ], [ 13.76764, 52.78999 ], [ 13.76949, 52.79003 ], [ 13.77091, 52.78969 ], [ 13.77116, 52.78971 ], [ 13.77138, 52.78981 ], [ 13.77185, 52.79061 ] ], [ [ 13.75499, 52.7905 ], [ 13.75492, 52.79061 ], [ 13.75474, 52.79065 ], [ 13.75456, 52.7906 ], [ 13.75449, 52.79049 ], [ 13.75457, 52.79039 ], [ 13.75475, 52.79034 ], [ 13.75492, 52.79039 ], [ 13.75499, 52.7905 ] ], [ [ 13.75714, 52.78803 ], [ 13.75706, 52.78813 ], [ 13.75688, 52.78818 ], [ 13.75671, 52.78813 ], [ 13.75662, 52.78792 ], [ 13.75635, 52.7879 ], [ 13.75616, 52.78811 ], [ 13.75598, 52.78816 ], [ 13.7558, 52.78811 ], [ 13.75565, 52.7879 ], [ 13.75533, 52.78781 ], [ 13.75526, 52.7877 ], [ 13.75534, 52.78759 ], [ 13.75551, 52.78755 ], [ 13.75569, 52.7876 ], [ 13.75584, 52.78781 ], [ 13.75598, 52.78785 ], [ 13.75619, 52.78782 ], [ 13.75637, 52.78762 ], [ 13.75655, 52.78758 ], [ 13.75672, 52.78763 ], [ 13.75684, 52.78785 ], [ 13.75707, 52.78792 ], [ 13.75714, 52.78803 ] ], [ [ 13.76967, 52.78868 ], [ 13.76959, 52.78879 ], [ 13.76941, 52.78883 ], [ 13.76923, 52.78879 ], [ 13.76916, 52.78868 ], [ 13.76924, 52.78857 ], [ 13.76942, 52.78853 ], [ 13.7696, 52.78857 ], [ 13.76967, 52.78868 ] ] ] } },
{ "type": "Feature", "properties": { "boden": "40 % kräftig, mäßig frisch (K2) · 30 % mittel, mäßig frisch (M+2g) · 30 % kräftig, mäßig frisch (K2)" }, "geometry": { "type": "Polygon", "coordinates": [ [ [ 13.76928, 52.79054 ], [ 13.7691, 52.79058 ], [ 13.76903, 52.79069 ], [ 13.7691, 52.7908 ], [ 13.76927, 52.79084 ], [ 13.76945, 52.7908 ], [ 13.76953, 52.79069 ], [ 13.76946, 52.79059 ], [ 13.76928, 52.79054 ] ] ] } },
{ "type": "Feature", "properties": { "boden": "40 % kräftig, mäßig frisch (K2) · 30 % mittel, mäßig frisch (M+2g) · 30 % kräftig, mäßig frisch (K2)" }, "geometry": { "type": "Polygon", "coordinates": [ [ [ 13.76897, 52.79098 ], [ 13.76879, 52.79102 ], [ 13.7686, 52.79116 ], [ 13.76828, 52.79125 ], [ 13.7682, 52.79136 ], [ 13.76827, 52.79147 ], [ 13.76845, 52.79151 ], [ 13.76863, 52.79147 ], [ 13.76882, 52.79134 ], [ 13.76914, 52.79124 ], [ 13.76922, 52.79114 ], [ 13.76915, 52.79103 ], [ 13.76897, 52.79098 ] ] ] } },
{ "type": "Feature", "properties": { "boden": "40 % kräftig, mäßig frisch (K2) · 30 % mittel, mäßig frisch (M+2g) · 30 % kräftig, mäßig frisch (K2)" }, "geometry": { "type": "Polygon", "coordinates": [ [ [ 13.7705, 52.79328 ], [ 13.77036, 52.79311 ], [ 13.77025, 52.79279 ], [ 13.77036, 52.7925 ], [ 13.77059, 52.79241 ], [ 13.77121, 52.79233 ], [ 13.77179, 52.79216 ], [ 13.7722, 52.79193 ], [ 13.7723, 52.79169 ], [ 13.77223, 52.79126 ], [ 13.77157, 52.79007 ], [ 13.77138, 52.78981 ], [ 13.77116, 52.78971 ], [ 13.77091, 52.78969 ], [ 13.76949, 52.79003 ], [ 13.76764, 52.78999 ], [ 13.76665, 52.78988 ], [ 13.76614, 52.79003 ], [ 13.76569, 52.79034 ], [ 13.76509, 52.79099 ], [ 13.76479, 52.79117 ], [ 13.76436, 52.79155 ], [ 13.76446, 52.7918 ], [ 13.76465, 52.79191 ], [ 13.76562, 52.79214 ], [ 13.76597, 52.79232 ], [ 13.76612, 52.7925 ], [ 13.76614, 52.7927 ], [ 13.76604, 52.7929 ], [ 13.7658, 52.79309 ], [ 13.76551, 52.79318 ], [ 13.76502, 52.79323 ], [ 13.76346, 52.79316 ], [ 13.76258, 52.79302 ], [ 13.76258, 52.79319 ], [ 13.76233, 52.79334 ], [ 13.77038, 52.79343 ], [ 13.7705, 52.79328 ] ], [ [ 13.76922, 52.79263 ], [ 13.7689, 52.79309 ], [ 13.76854, 52.79315 ], [ 13.76829, 52.79329 ], [ 13.76811, 52.79333 ], [ 13.76794, 52.79329 ], [ 13.76787, 52.79318 ], [ 13.76794, 52.79307 ], [ 13.76836, 52.79297 ], [ 13.76855, 52.79287 ], [ 13.76868, 52.79276 ], [ 13.76879, 52.79252 ], [ 13.76897, 52.79247 ], [ 13.76915, 52.79252 ], [ 13.76922, 52.79263 ] ], [ [ 13.76765, 52.79299 ], [ 13.76758, 52.7931 ], [ 13.7674, 52.79314 ], [ 13.76722, 52.7931 ], [ 13.76715, 52.79299 ], [ 13.76723, 52.79288 ], [ 13.76741, 52.79284 ], [ 13.76758, 52.79288 ], [ 13.76765, 52.79299 ] ], [ [ 13.76922, 52.79114 ], [ 13.76914, 52.79124 ], [ 13.76882, 52.79134 ], [ 13.76863, 52.79147 ], [ 13.76845, 52.79151 ], [ 13.76827, 52.79147 ], [ 13.7682, 52.79136 ], [ 13.76828, 52.79125 ], [ 13.7686, 52.79116 ], [ 13.76879, 52.79102 ], [ 13.76897, 52.79098 ], [ 13.76915, 52.79103 ], [ 13.76922, 52.79114 ] ], [ [ 13.76953, 52.79069 ], [ 13.76945, 52.7908 ], [ 13.76927, 52.79084 ], [ 13.7691, 52.7908 ], [ 13.76903, 52.79069 ], [ 13.7691, 52.79058 ], [ 13.76928, 52.79054 ], [ 13.76946, 52.79059 ], [ 13.76953, 52.79069 ] ], [ [ 13.77133, 52.79056 ], [ 13.7705, 52.79075 ], [ 13.76981, 52.79062 ], [ 13.76974, 52.79052 ], [ 13.76981, 52.79041 ], [ 13.76999, 52.79037 ], [ 13.77034, 52.79045 ], [ 13.77069, 52.79045 ], [ 13.77116, 52.7903 ], [ 13.77133, 52.79035 ], [ 13.7714, 52.79045 ], [ 13.77133, 52.79056 ] ] ] } },
{ "type": "Feature", "properties": { "boden": "40 % kräftig, mäßig frisch (K2) · 30 % mittel, mäßig frisch (M+2g) · 30 % kräftig, mäßig frisch (K2)" }, "geometry": { "type": "Polygon", "coordinates": [ [ [ 13.76897, 52.79247 ], [ 13.76879, 52.79252 ], [ 13.76868, 52.79276 ], [ 13.76855, 52.79287 ], [ 13.76836, 52.79297 ], [ 13.76794, 52.79307 ], [ 13.76787, 52.79318 ], [ 13.76794, 52.79329 ], [ 13.76811, 52.79333 ], [ 13.76829, 52.79329 ], [ 13.76854, 52.79315 ], [ 13.7689, 52.79309 ], [ 13.76922, 52.79263 ], [ 13.76915, 52.79252 ], [ 13.76897, 52.79247 ] ] ] } },
{ "type": "Feature", "properties": { "boden": "60 % mittel, mäßig frisch (M2) · 20 % ziemlich arm, mäßig frisch (Z2) · 20 % ziemlich arm, mäßig frisch (Z2)" }, "geometry": { "type": "Polygon", "coordinates": [ [ [ 13.78013, 52.78739 ], [ 13.78005, 52.78749 ], [ 13.78012, 52.7876 ], [ 13.78045, 52.78768 ], [ 13.78059, 52.78789 ], [ 13.78045, 52.78748 ], [ 13.78034, 52.7874 ], [ 13.78013, 52.78739 ] ] ] } },
{ "type": "Feature", "properties": { "boden": "60 % mittel, mäßig frisch (M2) · 20 % ziemlich arm, mäßig frisch (Z2) · 20 % ziemlich arm, mäßig frisch (Z2)" }, "geometry": { "type": "Polygon", "coordinates": [ [ [ 13.78034, 52.7874 ], [ 13.78052, 52.7876 ], [ 13.78059, 52.78789 ], [ 13.78073, 52.78792 ], [ 13.78091, 52.78788 ], [ 13.78103, 52.7877 ], [ 13.78132, 52.78765 ], [ 13.7814, 52.78755 ], [ 13.78133, 52.78744 ], [ 13.78115, 52.78739 ], [ 13.78097, 52.78743 ], [ 13.78088, 52.7876 ], [ 13.78074, 52.78762 ], [ 13.78061, 52.78759 ], [ 13.78048, 52.78739 ], [ 13.78031, 52.78734 ], [ 13.78018, 52.78738 ], [ 13.78034, 52.7874 ] ] ] } },
{ "type": "Feature", "properties": { "boden": "60 % mittel, trocken (vermutet) (M3) · 20 % ziemlich arm, trocken (vermutet) (Z3) · 20 % ziemlich arm, trocken (vermutet) (Z3)" }, "geometry": { "type": "Polygon", "coordinates": [ [ [ 13.78188, 52.78781 ], [ 13.78203, 52.78783 ], [ 13.78219, 52.78778 ], [ 13.78232, 52.78753 ], [ 13.78221, 52.78744 ], [ 13.78183, 52.78745 ], [ 13.78172, 52.7877 ], [ 13.78121, 52.78779 ], [ 13.7811, 52.78789 ], [ 13.78126, 52.78802 ], [ 13.78153, 52.78811 ], [ 13.78173, 52.78807 ], [ 13.78184, 52.78799 ], [ 13.78188, 52.78781 ] ] ] } },
{ "type": "Feature", "properties": { "boden": "60 % mittel, trocken (vermutet) (M3) · 20 % ziemlich arm, trocken (vermutet) (Z3) · 20 % ziemlich arm, trocken (vermutet) (Z3)" }, "geometry": { "type": "Polygon", "coordinates": [ [ [ 13.78028, 52.78846 ], [ 13.7804, 52.78867 ], [ 13.78118, 52.78895 ], [ 13.78155, 52.78896 ], [ 13.78181, 52.78887 ], [ 13.78192, 52.78876 ], [ 13.78184, 52.78859 ], [ 13.78165, 52.78845 ], [ 13.78131, 52.78832 ], [ 13.78119, 52.7882 ], [ 13.78088, 52.78814 ], [ 13.78079, 52.78808 ], [ 13.78065, 52.78809 ], [ 13.78061, 52.78831 ], [ 13.78037, 52.78835 ], [ 13.78028, 52.78846 ] ] ] } },
{ "type": "Feature", "properties": { "boden": "80 % mittel, mäßig frisch (M2) · 20 % ziemlich arm, mäßig frisch (Z2)" }, "geometry": { "type": "Polygon", "coordinates": [ [ [ 13.77994, 52.78895 ], [ 13.77969, 52.78907 ], [ 13.78018, 52.78904 ], [ 13.78036, 52.78919 ], [ 13.78057, 52.78899 ], [ 13.77994, 52.78895 ] ] ] } },
{ "type": "Feature", "properties": { "boden": "60 % mittel, mäßig frisch (M2) · 20 % ziemlich arm, mäßig frisch (Z2) · 20 % ziemlich arm, mäßig frisch (Z2)" }, "geometry": { "type": "Polygon", "coordinates": [ [ [ 13.78221, 52.78906 ], [ 13.78201, 52.78897 ], [ 13.78181, 52.78899 ], [ 13.78161, 52.78913 ], [ 13.78162, 52.78921 ], [ 13.7822, 52.78909 ], [ 13.78221, 52.78906 ] ] ] } },
{ "type": "Feature", "properties": { "boden": "80 % mittel, trocken (vermutet) (M3) · 20 % ziemlich arm, trocken (vermutet) (Z3)" }, "geometry": { "type": "Polygon", "coordinates": [ [ [ 13.7802, 52.78938 ], [ 13.78036, 52.78919 ], [ 13.78014, 52.78903 ], [ 13.77969, 52.78907 ], [ 13.77926, 52.78927 ], [ 13.77921, 52.78935 ], [ 13.77937, 52.7894 ], [ 13.77944, 52.7893 ], [ 13.77962, 52.78926 ], [ 13.77979, 52.78931 ], [ 13.77985, 52.78939 ], [ 13.7802, 52.78938 ] ] ] } },
{ "type": "Feature", "properties": { "boden": "100 % mittel, mäßig frisch (M2)" }, "geometry": { "type": "Polygon", "coordinates": [ [ [ 13.77774, 52.7897 ], [ 13.77775, 52.7895 ], [ 13.77752, 52.78923 ], [ 13.77752, 52.78912 ], [ 13.77761, 52.78906 ], [ 13.77822, 52.78913 ], [ 13.77872, 52.78909 ], [ 13.77904, 52.78891 ], [ 13.77726, 52.78881 ], [ 13.77713, 52.78924 ], [ 13.77711, 52.78969 ], [ 13.77727, 52.78978 ], [ 13.77784, 52.78989 ], [ 13.77774, 52.7897 ] ] ] } },
{ "type": "Feature", "properties": { "boden": "80 % mittel, mäßig frisch (M2) · 20 % ziemlich arm, mäßig frisch (Z2)" }, "geometry": { "type": "Polygon", "coordinates": [ [ [ 13.77936, 52.78941 ], [ 13.7796, 52.78976 ], [ 13.77971, 52.78983 ], [ 13.7798, 52.79006 ], [ 13.77989, 52.78988 ], [ 13.77981, 52.78972 ], [ 13.77962, 52.78955 ], [ 13.77936, 52.78941 ] ] ] } },
{ "type": "Feature", "properties": { "boden": "50 % mittel, mäßig frisch (M2) · 30 % mittel, mäßig frisch (M+2) · 20 % kräftig, mäßig frisch (K2)" }, "geometry": { "type": "Polygon", "coordinates": [ [ [ 13.78633, 52.7892 ], [ 13.78564, 52.78909 ], [ 13.78448, 52.789 ], [ 13.7841, 52.78905 ], [ 13.78345, 52.78924 ], [ 13.78289, 52.78921 ], [ 13.78259, 52.78912 ], [ 13.78212, 52.78909 ], [ 13.78173, 52.78921 ], [ 13.78142, 52.78921 ], [ 13.78114, 52.78917 ], [ 13.78057, 52.78899 ], [ 13.78018, 52.78941 ], [ 13.78017, 52.78956 ], [ 13.78077, 52.79017 ], [ 13.78064, 52.7908 ], [ 13.78102, 52.79078 ], [ 13.78206, 52.7904 ], [ 13.78244, 52.7902 ], [ 13.78313, 52.79007 ], [ 13.78457, 52.79013 ], [ 13.78516, 52.79007 ], [ 13.786, 52.79007 ], [ 13.78716, 52.7898 ], [ 13.78734, 52.7898 ], [ 13.78744, 52.78972 ], [ 13.78742, 52.78964 ], [ 13.78701, 52.78941 ], [ 13.78633, 52.7892 ] ] ] } },
{ "type": "Feature", "properties": { "boden": "60 % ziemlich arm, trocken (vermutet) (Z3) · 20 % ziemlich arm, trocken (vermutet) (Z3) · 20 % mittel, trocken (vermutet) (M3)" }, "geometry": { "type": "Polygon", "coordinates": [ [ [ 13.77825, 52.78785 ], [ 13.77805, 52.78775 ], [ 13.77758, 52.78764 ], [ 13.77733, 52.7877 ], [ 13.77704, 52.78788 ], [ 13.77674, 52.78791 ], [ 13.77619, 52.78757 ], [ 13.77583, 52.78742 ], [ 13.77524, 52.78733 ], [ 13.77492, 52.78731 ], [ 13.77477, 52.78734 ], [ 13.77529, 52.78757 ], [ 13.776, 52.78797 ], [ 13.77642, 52.78812 ], [ 13.77686, 52.78835 ], [ 13.77717, 52.78843 ], [ 13.77766, 52.78845 ], [ 13.77807, 52.78829 ], [ 13.77821, 52.78815 ], [ 13.77837, 52.7881 ], [ 13.77837, 52.78798 ], [ 13.77825, 52.78785 ] ] ] } },
{ "type": "Feature", "properties": { "boden": "60 % mittel, mäßig frisch (M2g) · 20 % ziemlich arm, mäßig frisch (Z2) · 20 % mittel, mäßig frisch (M+2)" }, "geometry": { "type": "Polygon", "coordinates": [ [ [ 13.77257, 52.78788 ], [ 13.77239, 52.78792 ], [ 13.77231, 52.78803 ], [ 13.77238, 52.78814 ], [ 13.77256, 52.78818 ], [ 13.77274, 52.78814 ], [ 13.77282, 52.78803 ], [ 13.77275, 52.78793 ], [ 13.77257, 52.78788 ] ] ] } },
{ "type": "Feature", "properties": { "boden": "60 % ziemlich arm, mäßig frisch (Z2) · 20 % ziemlich arm, mäßig frisch (Z2) · 20 % mittel, mäßig frisch (M2)" }, "geometry": { "type": "Polygon", "coordinates": [ [ [ 13.77922, 52.78881 ], [ 13.7798, 52.78865 ], [ 13.7799, 52.78842 ], [ 13.77985, 52.78795 ], [ 13.77929, 52.78753 ], [ 13.77908, 52.78749 ], [ 13.77937, 52.78781 ], [ 13.77926, 52.78793 ], [ 13.77934, 52.78834 ], [ 13.77922, 52.78841 ], [ 13.77907, 52.78844 ], [ 13.77882, 52.7884 ], [ 13.77843, 52.7882 ], [ 13.77832, 52.78818 ], [ 13.77792, 52.78845 ], [ 13.77759, 52.78851 ], [ 13.77733, 52.78851 ], [ 13.77692, 52.78843 ], [ 13.77627, 52.78809 ], [ 13.77575, 52.78794 ], [ 13.7755, 52.78797 ], [ 13.77529, 52.78813 ], [ 13.77531, 52.78825 ], [ 13.77586, 52.78831 ], [ 13.77628, 52.78848 ], [ 13.77666, 52.78851 ], [ 13.77681, 52.78857 ], [ 13.77672, 52.78877 ], [ 13.77653, 52.78886 ], [ 13.77631, 52.7889 ], [ 13.7761, 52.78889 ], [ 13.77576, 52.78868 ], [ 13.77565, 52.78874 ], [ 13.77581, 52.78896 ], [ 13.77602, 52.789 ], [ 13.77617, 52.78909 ], [ 13.77651, 52.78915 ], [ 13.77713, 52.78925 ], [ 13.77726, 52.78881 ], [ 13.77904, 52.78891 ], [ 13.77922, 52.78881 ] ] ] } },
{ "type": "Feature", "properties": { "boden": "60 % ziemlich arm, trocken (vermutet) (Z3) · 20 % ziemlich arm, trocken (vermutet) (Z3) · 20 % mittel, trocken (vermutet) (M3)" }, "geometry": { "type": "Polygon", "coordinates": [ [ [ 13.77539, 52.78927 ], [ 13.77535, 52.78914 ], [ 13.77506, 52.78908 ], [ 13.77488, 52.78919 ], [ 13.77478, 52.78942 ], [ 13.7746, 52.78944 ], [ 13.77438, 52.78937 ], [ 13.77419, 52.78945 ], [ 13.77458, 52.78967 ], [ 13.775, 52.78969 ], [ 13.77523, 52.78959 ], [ 13.77539, 52.78927 ] ] ] } },
{ "type": "Feature", "properties": { "boden": "60 % ziemlich arm, trocken (vermutet) (Z3) · 20 % ziemlich arm, trocken (vermutet) (Z3) · 20 % mittel, trocken (vermutet) (M3)" }, "geometry": { "type": "Polygon", "coordinates": [ [ [ 13.77675, 52.78948 ], [ 13.77653, 52.78952 ], [ 13.77618, 52.78969 ], [ 13.77625, 52.78984 ], [ 13.77589, 52.79007 ], [ 13.77594, 52.79014 ], [ 13.77668, 52.79048 ], [ 13.77705, 52.79074 ], [ 13.7772, 52.79079 ], [ 13.77734, 52.79068 ], [ 13.77732, 52.7906 ], [ 13.77705, 52.79029 ], [ 13.77697, 52.79004 ], [ 13.77664, 52.78971 ], [ 13.77683, 52.78961 ], [ 13.77675, 52.78948 ] ] ] } },
{ "type": "Feature", "properties": { "boden": "40 % kräftig, mäßig frisch (K2) · 30 % mittel, mäßig frisch (M+2g) · 30 % kräftig, mäßig frisch (K2)" }, "geometry": { "type": "Polygon", "coordinates": [ [ [ 13.7714, 52.79045 ], [ 13.77133, 52.79035 ], [ 13.77116, 52.7903 ], [ 13.77069, 52.79045 ], [ 13.77034, 52.79045 ], [ 13.76999, 52.79037 ], [ 13.76981, 52.79041 ], [ 13.76974, 52.79052 ], [ 13.76981, 52.79062 ], [ 13.7705, 52.79075 ], [ 13.77133, 52.79056 ], [ 13.7714, 52.79045 ] ] ] } },
{ "type": "Feature", "properties": { "boden": "100 % mittel, mäßig frisch (M2)" }, "geometry": { "type": "Polygon", "coordinates": [ [ [ 13.77835, 52.79018 ], [ 13.77787, 52.78997 ], [ 13.77784, 52.78989 ], [ 13.77717, 52.78975 ], [ 13.7771, 52.78964 ], [ 13.7771, 52.78942 ], [ 13.77708, 52.78957 ], [ 13.77713, 52.79017 ], [ 13.77726, 52.7905 ], [ 13.7775, 52.79086 ], [ 13.77749, 52.79151 ], [ 13.77783, 52.79169 ], [ 13.77819, 52.79207 ], [ 13.77815, 52.79219 ], [ 13.77799, 52.79232 ], [ 13.77801, 52.79275 ], [ 13.7781, 52.79243 ], [ 13.77842, 52.79198 ], [ 13.77768, 52.79125 ], [ 13.77763, 52.79108 ], [ 13.77765, 52.79095 ], [ 13.77806, 52.79031 ], [ 13.77806, 52.79019 ], [ 13.77835, 52.79018 ] ] ] } },
{ "type": "Feature", "properties": { "boden": "60 % ziemlich arm, mäßig frisch (Z2) · 20 % ziemlich arm, mäßig frisch (Z2) · 20 % mittel, mäßig frisch (M2)" }, "geometry": { "type": "Polygon", "coordinates": [ [ [ 13.77426, 52.79159 ], [ 13.7748, 52.79168 ], [ 13.77473, 52.79178 ], [ 13.77458, 52.7918 ], [ 13.77504, 52.79178 ], [ 13.77516, 52.79171 ], [ 13.77513, 52.79157 ], [ 13.77496, 52.79149 ], [ 13.77435, 52.79148 ], [ 13.77426, 52.79159 ] ] ] } },
{ "type": "Feature", "properties": { "boden": "100 % arm, nass (OA2)" }, "geometry": { "type": "Polygon", "coordinates": [ [ [ 13.77473, 52.79178 ], [ 13.7748, 52.79168 ], [ 13.77416, 52.79157 ], [ 13.77384, 52.7913 ], [ 13.77333, 52.7911 ], [ 13.77311, 52.79111 ], [ 13.77311, 52.79136 ], [ 13.77301, 52.79143 ], [ 13.77273, 52.7915 ], [ 13.7727, 52.79165 ], [ 13.77242, 52.79184 ], [ 13.77239, 52.7922 ], [ 13.77357, 52.79239 ], [ 13.77385, 52.79215 ], [ 13.77404, 52.79182 ], [ 13.77444, 52.79173 ], [ 13.77454, 52.79179 ], [ 13.77473, 52.79178 ] ] ] } },
{ "type": "Feature", "properties": { "boden": "60 % ziemlich arm, trocken (vermutet) (Z3) · 20 % ziemlich arm, trocken (vermutet) (Z3) · 20 % mittel, trocken (vermutet) (M3)" }, "geometry": { "type": "Polygon", "coordinates": [ [ [ 13.77795, 52.79238 ], [ 13.77751, 52.79173 ], [ 13.77749, 52.79151 ], [ 13.77717, 52.79152 ], [ 13.77695, 52.79161 ], [ 13.77677, 52.79163 ], [ 13.77664, 52.79173 ], [ 13.77631, 52.79168 ], [ 13.77611, 52.79172 ], [ 13.77607, 52.79192 ], [ 13.77652, 52.79185 ], [ 13.77694, 52.79198 ], [ 13.7772, 52.79231 ], [ 13.77741, 52.79248 ], [ 13.77749, 52.79265 ], [ 13.77776, 52.79263 ], [ 13.7779, 52.79254 ], [ 13.77795, 52.79238 ] ] ] } },
{ "type": "Feature", "properties": { "boden": "80 % mittel, mäßig frisch (M2) · 20 % ziemlich arm, mäßig frisch (Z2)" }, "geometry": { "type": "Polygon", "coordinates": [ [ [ 13.77994, 52.79074 ], [ 13.78002, 52.79064 ], [ 13.78, 52.79044 ], [ 13.7802, 52.79022 ], [ 13.78002, 52.78991 ], [ 13.78009, 52.7898 ], [ 13.7799, 52.7896 ], [ 13.77986, 52.78941 ], [ 13.77979, 52.78931 ], [ 13.77962, 52.78926 ], [ 13.77944, 52.7893 ], [ 13.77937, 52.7894 ], [ 13.77981, 52.78972 ], [ 13.77988, 52.78994 ], [ 13.77971, 52.79024 ], [ 13.77969, 52.79044 ], [ 13.77952, 52.79063 ], [ 13.77959, 52.79074 ], [ 13.77976, 52.79079 ], [ 13.77994, 52.79074 ] ] ] } },
{ "type": "Feature", "properties": { "boden": "80 % mittel, trocken (vermutet) (M3) · 20 % ziemlich arm, trocken (vermutet) (Z3)" }, "geometry": { "type": "Polygon", "coordinates": [ [ [ 13.78273, 52.79066 ], [ 13.78255, 52.79066 ], [ 13.78185, 52.79084 ], [ 13.78183, 52.79094 ], [ 13.78201, 52.79102 ], [ 13.78236, 52.79109 ], [ 13.78262, 52.79109 ], [ 13.78286, 52.79074 ], [ 13.78273, 52.79066 ] ] ] } },
{ "type": "Feature", "properties": { "boden": "80 % mittel, trocken (vermutet) (M3) · 20 % ziemlich arm, trocken (vermutet) (Z3)" }, "geometry": { "type": "Polygon", "coordinates": [ [ [ 13.77976, 52.79079 ], [ 13.77959, 52.79074 ], [ 13.77953, 52.79065 ], [ 13.7795, 52.79067 ], [ 13.77971, 52.791 ], [ 13.77955, 52.79139 ], [ 13.77956, 52.79151 ], [ 13.77978, 52.79155 ], [ 13.78024, 52.79151 ], [ 13.78024, 52.79131 ], [ 13.77976, 52.79079 ] ] ] } },
{ "type": "Feature", "properties": { "boden": "80 % mittel, mäßig frisch (M2) · 20 % ziemlich arm, mäßig frisch (Z2)" }, "geometry": { "type": "Polygon", "coordinates": [ [ [ 13.78298, 52.79135 ], [ 13.78247, 52.79132 ], [ 13.78163, 52.79114 ], [ 13.78137, 52.79114 ], [ 13.78115, 52.79122 ], [ 13.78123, 52.79135 ], [ 13.78179, 52.79153 ], [ 13.78237, 52.79162 ], [ 13.78276, 52.79155 ], [ 13.78298, 52.79135 ] ] ] } },
{ "type": "Feature", "properties": { "boden": "80 % mittel, trocken (vermutet) (M3) · 20 % ziemlich arm, trocken (vermutet) (Z3)" }, "geometry": { "type": "Polygon", "coordinates": [ [ [ 13.78327, 52.79113 ], [ 13.7832, 52.79116 ], [ 13.78331, 52.79126 ], [ 13.78332, 52.7914 ], [ 13.78354, 52.79156 ], [ 13.78336, 52.79169 ], [ 13.78346, 52.79179 ], [ 13.78378, 52.79179 ], [ 13.78423, 52.79165 ], [ 13.7842, 52.79147 ], [ 13.78387, 52.79129 ], [ 13.78379, 52.79118 ], [ 13.78327, 52.79113 ] ] ] } },
{ "type": "Feature", "properties": { "boden": "80 % mittel, mäßig frisch (M2) · 20 % ziemlich arm, mäßig frisch (Z2)" }, "geometry": { "type": "Polygon", "coordinates": [ [ [ 13.77967, 52.79172 ], [ 13.78039, 52.79194 ], [ 13.78085, 52.79215 ], [ 13.78068, 52.7919 ], [ 13.78046, 52.79177 ], [ 13.77946, 52.79158 ], [ 13.77967, 52.79172 ] ] ] } },
{ "type": "Feature", "properties": { "boden": "100 % mittel, trocken (vermutet) (M3)" }, "geometry": { "type": "Polygon", "coordinates": [ [ [ 13.77751, 52.79173 ], [ 13.77795, 52.79238 ], [ 13.77796, 52.79243 ], [ 13.77819, 52.79207 ], [ 13.77783, 52.79169 ], [ 13.77749, 52.79151 ], [ 13.77751, 52.79173 ] ] ] } },
{ "type": "Feature", "properties": { "boden": "100 % mittel, mäßig frisch (M2)" }, "geometry": { "type": "Polygon", "coordinates": [ [ [ 13.77878, 52.79303 ], [ 13.77866, 52.79267 ], [ 13.77895, 52.79187 ], [ 13.7789, 52.79178 ], [ 13.77861, 52.79158 ], [ 13.77829, 52.79091 ], [ 13.77829, 52.79074 ], [ 13.77853, 52.79057 ], [ 13.77881, 52.7905 ], [ 13.77916, 52.79033 ], [ 13.77918, 52.79019 ], [ 13.7791, 52.79011 ], [ 13.77856, 52.79021 ], [ 13.77806, 52.79019 ], [ 13.77806, 52.79031 ], [ 13.77765, 52.79095 ], [ 13.77763, 52.79108 ], [ 13.77768, 52.79125 ], [ 13.77842, 52.79198 ], [ 13.7781, 52.79243 ], [ 13.77801, 52.79267 ], [ 13.77802, 52.79282 ], [ 13.77851, 52.79304 ], [ 13.7786, 52.79313 ], [ 13.77842, 52.79351 ], [ 13.77871, 52.79351 ], [ 13.77878, 52.79303 ] ] ] } },
{ "type": "Feature", "properties": { "boden": "80 % mittel, frisch (M1) · 20 % mittel, mäßig frisch (M2)" }, "geometry": { "type": "Polygon", "coordinates": [ [ [ 13.78067, 52.79235 ], [ 13.78015, 52.79214 ], [ 13.77928, 52.79191 ], [ 13.7792, 52.79202 ], [ 13.77927, 52.79213 ], [ 13.77988, 52.79233 ], [ 13.78006, 52.79237 ], [ 13.78039, 52.7923 ], [ 13.78067, 52.79235 ] ] ] } },
{ "type": "Feature", "properties": { "boden": "80 % mittel, mäßig frisch (M2) · 20 % ziemlich arm, mäßig frisch (Z2)" }, "geometry": { "type": "Polygon", "coordinates": [ [ [ 13.78292, 52.79205 ], [ 13.78266, 52.79207 ], [ 13.78257, 52.79217 ], [ 13.78265, 52.79226 ], [ 13.78287, 52.79232 ], [ 13.78326, 52.79218 ], [ 13.78317, 52.7921 ], [ 13.78292, 52.79205 ] ] ] } },
{ "type": "Feature", "properties": { "boden": "80 % mittel, mäßig frisch (M2) · 20 % ziemlich arm, mäßig frisch (Z2)" }, "geometry": { "type": "Polygon", "coordinates": [ [ [ 13.78325, 52.79355 ], [ 13.78332, 52.79345 ], [ 13.78314, 52.7933 ], [ 13.78317, 52.79324 ], [ 13.78365, 52.79318 ], [ 13.78408, 52.79307 ], [ 13.78439, 52.79306 ], [ 13.78456, 52.79296 ], [ 13.78467, 52.79277 ], [ 13.78491, 52.79268 ], [ 13.78539, 52.79259 ], [ 13.78556, 52.7926 ], [ 13.78571, 52.79273 ], [ 13.78563, 52.79282 ], [ 13.78494, 52.79301 ], [ 13.78422, 52.79357 ], [ 13.78456, 52.79357 ], [ 13.78529, 52.79307 ], [ 13.78604, 52.79278 ], [ 13.78621, 52.79265 ], [ 13.78647, 52.79256 ], [ 13.78679, 52.79251 ], [ 13.78691, 52.79259 ], [ 13.78738, 52.79232 ], [ 13.78747, 52.7922 ], [ 13.78738, 52.79205 ], [ 13.78722, 52.79193 ], [ 13.78648, 52.7919 ], [ 13.78633, 52.79186 ], [ 13.78643, 52.79144 ], [ 13.78627, 52.79137 ], [ 13.78442, 52.79131 ], [ 13.78445, 52.79107 ], [ 13.78467, 52.79094 ], [ 13.78584, 52.79059 ], [ 13.78658, 52.79046 ], [ 13.78719, 52.79041 ], [ 13.78878, 52.78991 ], [ 13.78949, 52.78986 ], [ 13.78945, 52.78974 ], [ 13.78925, 52.78956 ], [ 13.78701, 52.78941 ], [ 13.78742, 52.78964 ], [ 13.78744, 52.78972 ], [ 13.78734, 52.7898 ], [ 13.78716, 52.7898 ], [ 13.786, 52.79007 ], [ 13.78516, 52.79007 ], [ 13.78457, 52.79013 ], [ 13.78313, 52.79007 ], [ 13.78244, 52.7902 ], [ 13.78206, 52.7904 ], [ 13.78102, 52.79078 ], [ 13.78064, 52.7908 ], [ 13.78077, 52.79017 ], [ 13.78017, 52.78956 ], [ 13.7802, 52.78938 ], [ 13.77985, 52.78939 ], [ 13.7799, 52.7896 ], [ 13.78009, 52.7898 ], [ 13.78002, 52.78991 ], [ 13.7802, 52.79022 ], [ 13.78, 52.79044 ], [ 13.78002, 52.79064 ], [ 13.77994, 52.79074 ], [ 13.77978, 52.79078 ], [ 13.78013, 52.79115 ], [ 13.78027, 52.79147 ], [ 13.78024, 52.79151 ], [ 13.77978, 52.79155 ], [ 13.77962, 52.79153 ], [ 13.77954, 52.79146 ], [ 13.77971, 52.791 ], [ 13.7795, 52.79067 ], [ 13.77969, 52.79044 ], [ 13.77971, 52.79024 ], [ 13.77955, 52.79056 ], [ 13.7791, 52.7908 ], [ 13.77918, 52.79135 ], [ 13.77946, 52.79158 ], [ 13.77961, 52.79163 ], [ 13.78046, 52.79177 ], [ 13.78068, 52.7919 ], [ 13.78085, 52.79215 ], [ 13.78099, 52.79224 ], [ 13.78112, 52.79247 ], [ 13.78114, 52.79277 ], [ 13.78088, 52.79354 ], [ 13.78325, 52.79355 ] ], [ [ 13.78119, 52.79215 ], [ 13.78186, 52.79232 ], [ 13.78196, 52.79244 ], [ 13.78184, 52.79278 ], [ 13.78147, 52.79307 ], [ 13.78136, 52.7934 ], [ 13.78107, 52.79341 ], [ 13.78098, 52.79332 ], [ 13.78117, 52.79295 ], [ 13.78123, 52.79269 ], [ 13.78112, 52.79217 ], [ 13.78119, 52.79215 ] ], [ [ 13.78573, 52.79155 ], [ 13.78588, 52.79169 ], [ 13.78576, 52.79189 ], [ 13.78578, 52.79197 ], [ 13.78593, 52.79202 ], [ 13.78675, 52.7921 ], [ 13.78684, 52.79221 ], [ 13.78675, 52.79236 ], [ 13.78643, 52.79245 ], [ 13.78604, 52.79224 ], [ 13.7855, 52.79215 ], [ 13.78545, 52.79206 ], [ 13.78552, 52.79176 ], [ 13.78513, 52.79157 ], [ 13.78559, 52.79151 ], [ 13.78573, 52.79155 ] ], [ [ 13.78379, 52.79118 ], [ 13.78387, 52.79129 ], [ 13.7842, 52.79147 ], [ 13.78423, 52.79165 ], [ 13.78378, 52.79179 ], [ 13.78346, 52.79179 ], [ 13.78336, 52.79169 ], [ 13.78351, 52.79162 ], [ 13.78353, 52.79153 ], [ 13.78332, 52.7914 ], [ 13.78331, 52.79126 ], [ 13.7832, 52.79114 ], [ 13.78379, 52.79118 ] ], [ [ 13.78287, 52.7915 ], [ 13.78251, 52.79161 ], [ 13.782, 52.79158 ], [ 13.78123, 52.79135 ], [ 13.78115, 52.79122 ], [ 13.78137, 52.79114 ], [ 13.78163, 52.79114 ], [ 13.78247, 52.79132 ], [ 13.78298, 52.79135 ], [ 13.78287, 52.7915 ] ], [ [ 13.78317, 52.7921 ], [ 13.78326, 52.79218 ], [ 13.78297, 52.79231 ], [ 13.78277, 52.7923 ], [ 13.78258, 52.79221 ], [ 13.78266, 52.79207 ], [ 13.78292, 52.79205 ], [ 13.78317, 52.7921 ] ], [ [ 13.78286, 52.79074 ], [ 13.78262, 52.79109 ], [ 13.78236, 52.79109 ], [ 13.78201, 52.79102 ], [ 13.78183, 52.79094 ], [ 13.78185, 52.79084 ], [ 13.78255, 52.79066 ], [ 13.78273, 52.79066 ], [ 13.78286, 52.79074 ] ], [ [ 13.78554, 52.79023 ], [ 13.78556, 52.79036 ], [ 13.7853, 52.79047 ], [ 13.78487, 52.79044 ], [ 13.78492, 52.79033 ], [ 13.78526, 52.79016 ], [ 13.78554, 52.79023 ] ] ] } },
{ "type": "Feature", "properties": { "boden": "50 % kräftig, nass (NK1) · 30 % kräftig, nass (NK2) · 20 % kräftig, frisch (K1)" }, "geometry": { "type": "Polygon", "coordinates": [ [ [ 13.78099, 52.79224 ], [ 13.78076, 52.7921 ], [ 13.78048, 52.79217 ], [ 13.78007, 52.79207 ], [ 13.77992, 52.79208 ], [ 13.78078, 52.7924 ], [ 13.78096, 52.79236 ], [ 13.78099, 52.79224 ] ] ] } },
{ "type": "Feature", "properties": { "boden": "50 % kräftig, nass (NK1) · 30 % kräftig, nass (NK2) · 20 % kräftig, frisch (K1)" }, "geometry": { "type": "Polygon", "coordinates": [ [ [ 13.78096, 52.79236 ], [ 13.78078, 52.7924 ], [ 13.78069, 52.79237 ], [ 13.78082, 52.79268 ], [ 13.78091, 52.79266 ], [ 13.78109, 52.7927 ], [ 13.78114, 52.79277 ], [ 13.78112, 52.79247 ], [ 13.78101, 52.79228 ], [ 13.78096, 52.79236 ] ] ] } },
{ "type": "Feature", "properties": { "boden": "80 % mittel, trocken (vermutet) (M3) · 20 % ziemlich arm, trocken (vermutet) (Z3)" }, "geometry": { "type": "Polygon", "coordinates": [ [ [ 13.78119, 52.79215 ], [ 13.78112, 52.79217 ], [ 13.78111, 52.79226 ], [ 13.78122, 52.79282 ], [ 13.78098, 52.79332 ], [ 13.78107, 52.79341 ], [ 13.78131, 52.79343 ], [ 13.7814, 52.79336 ], [ 13.78147, 52.79307 ], [ 13.78184, 52.79278 ], [ 13.78196, 52.79244 ], [ 13.78186, 52.79232 ], [ 13.78119, 52.79215 ] ] ] } },
{ "type": "Feature", "properties": { "boden": "80 % mittel, frisch (M1) · 20 % mittel, mäßig frisch (M2)" }, "geometry": { "type": "Polygon", "coordinates": [ [ [ 13.78027, 52.79353 ], [ 13.78021, 52.79323 ], [ 13.78083, 52.79281 ], [ 13.78069, 52.79237 ], [ 13.78039, 52.7923 ], [ 13.78006, 52.79237 ], [ 13.77927, 52.79213 ], [ 13.7792, 52.79202 ], [ 13.77934, 52.7919 ], [ 13.77914, 52.79184 ], [ 13.77912, 52.79175 ], [ 13.7789, 52.79178 ], [ 13.77895, 52.79187 ], [ 13.77866, 52.79267 ], [ 13.77878, 52.79303 ], [ 13.77871, 52.79351 ], [ 13.77906, 52.79347 ], [ 13.77923, 52.79352 ], [ 13.78027, 52.79353 ] ] ] } },
{ "type": "Feature", "properties": { "boden": "50 % kräftig, nass (NK1) · 30 % kräftig, nass (NK2) · 20 % kräftig, frisch (K1)" }, "geometry": { "type": "Polygon", "coordinates": [ [ [ 13.78114, 52.79277 ], [ 13.78109, 52.7927 ], [ 13.78091, 52.79266 ], [ 13.78082, 52.79268 ], [ 13.78083, 52.79281 ], [ 13.78053, 52.7931 ], [ 13.7806, 52.79321 ], [ 13.78078, 52.79325 ], [ 13.78096, 52.79321 ], [ 13.78114, 52.79277 ] ] ] } },
{ "type": "Feature", "properties": { "boden": "50 % kräftig, nass (NK1) · 30 % kräftig, nass (NK2) · 20 % kräftig, frisch (K1)" }, "geometry": { "type": "Polygon", "coordinates": [ [ [ 13.781, 52.79314 ], [ 13.78096, 52.79321 ], [ 13.78078, 52.79325 ], [ 13.7806, 52.79321 ], [ 13.78053, 52.7931 ], [ 13.78071, 52.7929 ], [ 13.78021, 52.79323 ], [ 13.78027, 52.79353 ], [ 13.78088, 52.79354 ], [ 13.781, 52.79314 ] ] ] } },
{ "type": "Feature", "properties": { "boden": "80 % mittel, trocken (vermutet) (M3) · 20 % ziemlich arm, trocken (vermutet) (Z3)" }, "geometry": { "type": "Polygon", "coordinates": [ [ [ 13.78439, 52.79347 ], [ 13.78455, 52.79329 ], [ 13.78494, 52.79301 ], [ 13.78563, 52.79282 ], [ 13.78571, 52.79273 ], [ 13.78566, 52.79265 ], [ 13.78539, 52.79259 ], [ 13.78491, 52.79268 ], [ 13.78467, 52.79277 ], [ 13.78456, 52.79296 ], [ 13.78439, 52.79306 ], [ 13.78408, 52.79307 ], [ 13.78365, 52.79318 ], [ 13.78313, 52.79326 ], [ 13.78332, 52.79345 ], [ 13.78322, 52.79356 ], [ 13.78422, 52.79357 ], [ 13.78439, 52.79347 ] ] ] } },
{ "type": "Feature", "properties": { "boden": "80 % mittel, frisch (M1) · 20 % mittel, mäßig frisch (M2)" }, "geometry": { "type": "Polygon", "coordinates": [ [ [ 13.77923, 52.79352 ], [ 13.77906, 52.79347 ], [ 13.77887, 52.79351 ], [ 13.77923, 52.79352 ] ] ] } },
{ "type": "Feature", "properties": { "boden": "40 % mittel, mäßig frisch (M2) · 30 % mittel, mäßig frisch (M2g) · 30 % ziemlich arm, mäßig frisch (Z2)" }, "geometry": { "type": "Polygon", "coordinates": [ [ [ 13.7536, 52.77567 ], [ 13.75342, 52.77562 ], [ 13.75324, 52.77566 ], [ 13.75317, 52.77577 ], [ 13.75324, 52.77588 ], [ 13.75339, 52.77592 ], [ 13.75365, 52.77575 ], [ 13.7536, 52.77567 ] ] ] } },
{ "type": "Feature", "properties": { "boden": "100 % mittel, frisch (M1)" }, "geometry": { "type": "Polygon", "coordinates": [ [ [ 13.75239, 52.77539 ], [ 13.75156, 52.77591 ], [ 13.75111, 52.77613 ], [ 13.75078, 52.77642 ], [ 13.75066, 52.77664 ], [ 13.7507, 52.77676 ], [ 13.75155, 52.77701 ], [ 13.75311, 52.77611 ], [ 13.75239, 52.77539 ] ] ] } },
{ "type": "Feature", "properties": { "boden": "60 % ziemlich arm, mäßig frisch (Z2) · 40 % mittel, mäßig frisch (M2)" }, "geometry": { "type": "Polygon", "coordinates": [ [ [ 13.75038, 52.77732 ], [ 13.75056, 52.77705 ], [ 13.75052, 52.77699 ], [ 13.75082, 52.77681 ], [ 13.74969, 52.7764 ], [ 13.74903, 52.77628 ], [ 13.74692, 52.77615 ], [ 13.74617, 52.77605 ], [ 13.74578, 52.77594 ], [ 13.74578, 52.77607 ], [ 13.74614, 52.77678 ], [ 13.74653, 52.77777 ], [ 13.74659, 52.77824 ], [ 13.74799, 52.77779 ], [ 13.74853, 52.77766 ], [ 13.75068, 52.77741 ], [ 13.75038, 52.77732 ] ] ] } },
{ "type": "Feature", "properties": { "boden": "50 % mittel, mäßig frisch (M2g) · 30 % ziemlich arm, mäßig frisch (Z2) · 20 % ziemlich arm, mäßig frisch (Z2)" }, "geometry": { "type": "Polygon", "coordinates": [ [ [ 13.75304, 52.77812 ], [ 13.75286, 52.77816 ], [ 13.7528, 52.77824 ], [ 13.75303, 52.77843 ], [ 13.75321, 52.77838 ], [ 13.75328, 52.77828 ], [ 13.75321, 52.77817 ], [ 13.75304, 52.77812 ] ] ] } },
{ "type": "Feature", "properties": { "boden": "50 % mittel, mäßig frisch (M2g) · 30 % ziemlich arm, mäßig frisch (Z2) · 20 % ziemlich arm, mäßig frisch (Z2)" }, "geometry": { "type": "Polygon", "coordinates": [ [ [ 13.75216, 52.77815 ], [ 13.75198, 52.7782 ], [ 13.75191, 52.7783 ], [ 13.75198, 52.77841 ], [ 13.75215, 52.77846 ], [ 13.7524, 52.77829 ], [ 13.75234, 52.7782 ], [ 13.75216, 52.77815 ] ] ] } },
{ "type": "Feature", "properties": { "boden": "50 % mittel, mäßig frisch (M2g) · 30 % ziemlich arm, mäßig frisch (Z2) · 20 % ziemlich arm, mäßig frisch (Z2)" }, "geometry": { "type": "Polygon", "coordinates": [ [ [ 13.75252, 52.7786 ], [ 13.75234, 52.77864 ], [ 13.75228, 52.77874 ], [ 13.75237, 52.77884 ], [ 13.75256, 52.77889 ], [ 13.75269, 52.77886 ], [ 13.75277, 52.77875 ], [ 13.7527, 52.77865 ], [ 13.75252, 52.7786 ] ] ] } },
{ "type": "Feature", "properties": { "boden": "50 % ziemlich arm, mäßig frisch (Z2) · 30 % mittel, mäßig frisch (M+2g) · 20 % mittel, mäßig frisch (M2g)" }, "geometry": { "type": "Polygon", "coordinates": [ [ [ 13.74932, 52.77945 ], [ 13.75016, 52.77895 ], [ 13.75068, 52.77872 ], [ 13.75112, 52.77858 ], [ 13.75133, 52.77846 ], [ 13.75142, 52.77799 ], [ 13.75068, 52.77741 ], [ 13.74853, 52.77766 ], [ 13.74799, 52.77779 ], [ 13.74659, 52.77824 ], [ 13.7469, 52.78012 ], [ 13.74826, 52.77971 ], [ 13.74932, 52.77945 ] ] ] } },
{ "type": "Feature", "properties": { "boden": "50 % mittel, mäßig frisch (M2g) · 30 % ziemlich arm, trocken (vermutet) (Z3) · 20 % ziemlich arm, trocken (vermutet) (Z3)" }, "geometry": { "type": "Polygon", "coordinates": [ [ [ 13.74963, 52.77927 ], [ 13.74959, 52.77945 ], [ 13.74968, 52.77959 ], [ 13.74993, 52.77971 ], [ 13.75013, 52.77974 ], [ 13.75033, 52.77952 ], [ 13.75009, 52.77935 ], [ 13.75011, 52.77916 ], [ 13.74991, 52.7791 ], [ 13.74963, 52.77927 ] ] ] } },
{ "type": "Feature", "properties": { "boden": "50 % mittel, mäßig frisch (M2g) · 30 % ziemlich arm, mäßig frisch (Z2) · 20 % ziemlich arm, mäßig frisch (Z2)" }, "geometry": { "type": "Polygon", "coordinates": [ [ [ 13.75161, 52.7798 ], [ 13.75167, 52.77971 ], [ 13.7516, 52.7796 ], [ 13.75142, 52.77956 ], [ 13.75124, 52.7796 ], [ 13.75116, 52.77971 ], [ 13.75123, 52.77982 ], [ 13.75141, 52.77986 ], [ 13.75161, 52.7798 ] ] ] } },
{ "type": "Feature", "properties": { "boden": "50 % mittel, mäßig frisch (M2g) · 30 % ziemlich arm, mäßig frisch (Z2) · 20 % ziemlich arm, mäßig frisch (Z2)" }, "geometry": { "type": "Polygon", "coordinates": [ [ [ 13.75074, 52.78005 ], [ 13.75056, 52.7801 ], [ 13.75049, 52.7802 ], [ 13.75056, 52.78031 ], [ 13.75073, 52.78036 ], [ 13.75091, 52.78031 ], [ 13.75099, 52.78021 ], [ 13.75092, 52.7801 ], [ 13.75074, 52.78005 ] ] ] } },
{ "type": "Feature", "properties": { "boden": "50 % mittel, mäßig frisch (M2) · 30 % mittel, mäßig frisch (M2) · 20 % mittel, mäßig frisch (M+2)" }, "geometry": { "type": "Polygon", "coordinates": [ [ [ 13.74127, 52.77774 ], [ 13.73928, 52.77666 ], [ 13.73914, 52.77645 ], [ 13.73902, 52.77569 ], [ 13.73884, 52.77557 ], [ 13.73849, 52.77556 ], [ 13.73556, 52.776 ], [ 13.73486, 52.77596 ], [ 13.73461, 52.7757 ], [ 13.73437, 52.77507 ], [ 13.73435, 52.77436 ], [ 13.73459, 52.7739 ], [ 13.73444, 52.77338 ], [ 13.73453, 52.77308 ], [ 13.73336, 52.77286 ], [ 13.73287, 52.77272 ], [ 13.73141, 52.7739 ], [ 13.73057, 52.77421 ], [ 13.7288, 52.77473 ], [ 13.7281, 52.775 ], [ 13.72876, 52.77516 ], [ 13.72868, 52.77575 ], [ 13.73115, 52.77639 ], [ 13.73211, 52.77682 ], [ 13.73222, 52.7769 ], [ 13.73225, 52.77713 ], [ 13.73235, 52.77722 ], [ 13.73382, 52.77711 ], [ 13.73499, 52.77746 ], [ 13.73607, 52.77772 ], [ 13.7375, 52.77798 ], [ 13.73844, 52.77826 ], [ 13.73954, 52.77869 ], [ 13.73977, 52.77883 ], [ 13.73986, 52.77907 ], [ 13.73985, 52.77936 ], [ 13.74052, 52.77877 ], [ 13.74165, 52.77804 ], [ 13.74127, 52.77774 ] ], [ [ 13.73404, 52.77366 ], [ 13.73396, 52.77377 ], [ 13.73378, 52.77381 ], [ 13.73361, 52.77376 ], [ 13.73354, 52.77366 ], [ 13.73361, 52.77355 ], [ 13.73379, 52.77351 ], [ 13.73397, 52.77355 ], [ 13.73404, 52.77366 ] ] ] } },
{ "type": "Feature", "properties": { "boden": "50 % kräftig, mäßig frisch (K2) · 50 % kräftig, mäßig frisch (K2)" }, "geometry": { "type": "Polygon", "coordinates": [ [ [ 13.73978, 52.78279 ], [ 13.73889, 52.78224 ], [ 13.73873, 52.78202 ], [ 13.73876, 52.78186 ], [ 13.73891, 52.78175 ], [ 13.7398, 52.78168 ], [ 13.74002, 52.78159 ], [ 13.74015, 52.78135 ], [ 13.74022, 52.781 ], [ 13.74016, 52.78067 ], [ 13.73984, 52.78028 ], [ 13.73986, 52.77907 ], [ 13.73977, 52.77883 ], [ 13.73954, 52.77869 ], [ 13.73844, 52.77826 ], [ 13.7375, 52.77798 ], [ 13.73607, 52.77772 ], [ 13.73499, 52.77746 ], [ 13.73382, 52.77711 ], [ 13.73235, 52.77722 ], [ 13.73225, 52.77713 ], [ 13.73222, 52.7769 ], [ 13.73211, 52.77682 ], [ 13.73115, 52.77639 ], [ 13.72868, 52.77575 ], [ 13.72821, 52.77566 ], [ 13.72787, 52.77568 ], [ 13.72728, 52.77594 ], [ 13.72687, 52.77627 ], [ 13.72667, 52.77685 ], [ 13.7264, 52.77773 ], [ 13.72635, 52.77817 ], [ 13.7265, 52.77829 ], [ 13.72841, 52.77893 ], [ 13.72922, 52.77915 ], [ 13.73058, 52.77987 ], [ 13.73087, 52.78016 ], [ 13.73108, 52.78073 ], [ 13.73137, 52.78105 ], [ 13.73212, 52.78148 ], [ 13.73359, 52.78177 ], [ 13.7345, 52.78215 ], [ 13.73642, 52.78283 ], [ 13.73693, 52.7831 ], [ 13.73834, 52.7834 ], [ 13.73881, 52.78366 ], [ 13.73901, 52.78407 ], [ 13.73877, 52.78442 ], [ 13.73974, 52.78472 ], [ 13.73978, 52.78279 ] ], [ [ 13.73592, 52.78225 ], [ 13.73663, 52.78253 ], [ 13.73688, 52.7827 ], [ 13.73718, 52.78278 ], [ 13.73725, 52.78289 ], [ 13.73717, 52.783 ], [ 13.73699, 52.78304 ], [ 13.73682, 52.783 ], [ 13.73659, 52.78283 ], [ 13.73627, 52.78274 ], [ 13.73606, 52.78259 ], [ 13.73573, 52.78251 ], [ 13.73566, 52.7824 ], [ 13.73574, 52.78229 ], [ 13.73592, 52.78225 ] ], [ [ 13.73476, 52.78124 ], [ 13.73469, 52.78134 ], [ 13.73451, 52.78139 ], [ 13.73433, 52.78134 ], [ 13.73426, 52.78123 ], [ 13.73434, 52.78112 ], [ 13.73452, 52.78108 ], [ 13.73469, 52.78113 ], [ 13.73476, 52.78124 ] ], [ [ 13.73381, 52.78031 ], [ 13.73373, 52.78042 ], [ 13.73355, 52.78046 ], [ 13.73337, 52.78041 ], [ 13.7333, 52.7803 ], [ 13.73338, 52.7802 ], [ 13.73356, 52.78015 ], [ 13.73374, 52.7802 ], [ 13.73381, 52.78031 ] ], [ [ 13.73252, 52.77978 ], [ 13.73244, 52.77988 ], [ 13.73226, 52.77993 ], [ 13.73209, 52.77988 ], [ 13.73202, 52.77977 ], [ 13.73209, 52.77966 ], [ 13.73227, 52.77962 ], [ 13.73245, 52.77967 ], [ 13.73252, 52.77978 ] ], [ [ 13.73051, 52.77734 ], [ 13.73043, 52.77744 ], [ 13.73025, 52.77749 ], [ 13.73007, 52.77744 ], [ 13.73, 52.77733 ], [ 13.73008, 52.77722 ], [ 13.73026, 52.77718 ], [ 13.73044, 52.77723 ], [ 13.73051, 52.77734 ] ] ] } },
{ "type": "Feature", "properties": { "boden": "50 % kräftig, mäßig frisch (K2) · 50 % kräftig, mäßig frisch (K2)" }, "geometry": { "type": "Polygon", "coordinates": [ [ [ 13.73356, 52.78015 ], [ 13.73338, 52.7802 ], [ 13.7333, 52.7803 ], [ 13.73337, 52.78041 ], [ 13.73355, 52.78046 ], [ 13.73373, 52.78042 ], [ 13.73381, 52.78031 ], [ 13.73374, 52.7802 ], [ 13.73356, 52.78015 ] ] ] } },
{ "type": "Feature", "properties": { "boden": "60 % mittel, mäßig frisch (M2g) · 30 % mittel, mäßig frisch (M+2) · 10 % ziemlich arm, mäßig frisch (Z2)" }, "geometry": { "type": "Polygon", "coordinates": [ [ [ 13.74676, 52.78363 ], [ 13.74633, 52.78332 ], [ 13.74609, 52.78294 ], [ 13.74606, 52.78204 ], [ 13.74545, 52.78135 ], [ 13.74542, 52.78111 ], [ 13.74569, 52.78073 ], [ 13.74601, 52.7805 ], [ 13.7469, 52.78012 ], [ 13.74653, 52.77777 ], [ 13.74614, 52.77678 ], [ 13.74578, 52.77607 ], [ 13.7455, 52.77637 ], [ 13.7451, 52.77694 ], [ 13.74495, 52.77742 ], [ 13.74461, 52.77803 ], [ 13.74413, 52.77838 ], [ 13.74367, 52.77897 ], [ 13.74344, 52.77905 ], [ 13.74317, 52.77895 ], [ 13.74255, 52.7786 ], [ 13.74219, 52.77817 ], [ 13.74195, 52.77808 ], [ 13.74165, 52.77804 ], [ 13.74052, 52.77877 ], [ 13.73985, 52.77936 ], [ 13.73984, 52.78028 ], [ 13.74016, 52.78067 ], [ 13.74022, 52.781 ], [ 13.74015, 52.78135 ], [ 13.74002, 52.78159 ], [ 13.7398, 52.78168 ], [ 13.73891, 52.78175 ], [ 13.73876, 52.78186 ], [ 13.73873, 52.78202 ], [ 13.73889, 52.78224 ], [ 13.73924, 52.78247 ], [ 13.73978, 52.78279 ], [ 13.74036, 52.78297 ], [ 13.74061, 52.78301 ], [ 13.74091, 52.78298 ], [ 13.74172, 52.78271 ], [ 13.74256, 52.78294 ], [ 13.74317, 52.78327 ], [ 13.74375, 52.78351 ], [ 13.7445, 52.78372 ], [ 13.74475, 52.78385 ], [ 13.74491, 52.78415 ], [ 13.74483, 52.78485 ], [ 13.74494, 52.78496 ], [ 13.74517, 52.78503 ], [ 13.74544, 52.78501 ], [ 13.74568, 52.78489 ], [ 13.74609, 52.78454 ], [ 13.7465, 52.78427 ], [ 13.74675, 52.78419 ], [ 13.74713, 52.78429 ], [ 13.74731, 52.78439 ], [ 13.74676, 52.78363 ] ], [ [ 13.74385, 52.78231 ], [ 13.74354, 52.78222 ], [ 13.74325, 52.78229 ], [ 13.74307, 52.78224 ], [ 13.743, 52.78213 ], [ 13.74312, 52.78198 ], [ 13.743, 52.78183 ], [ 13.74308, 52.78172 ], [ 13.74326, 52.78168 ], [ 13.74358, 52.78177 ], [ 13.74388, 52.78169 ], [ 13.74405, 52.78174 ], [ 13.74412, 52.78185 ], [ 13.74399, 52.78201 ], [ 13.74411, 52.78216 ], [ 13.74403, 52.78227 ], [ 13.74385, 52.78231 ] ], [ [ 13.74191, 52.78142 ], [ 13.74191, 52.78152 ], [ 13.74165, 52.78159 ], [ 13.74143, 52.78151 ], [ 13.74135, 52.7814 ], [ 13.74152, 52.78137 ], [ 13.74191, 52.78142 ] ] ] } },
{ "type": "Feature", "properties": { "boden": "50 % kräftig, mäßig frisch (K2) · 50 % kräftig, mäßig frisch (K2)" }, "geometry": { "type": "Polygon", "coordinates": [ [ [ 13.73452, 52.78108 ], [ 13.73434, 52.78112 ], [ 13.73426, 52.78123 ], [ 13.73433, 52.78134 ], [ 13.73451, 52.78139 ], [ 13.73469, 52.78134 ], [ 13.73476, 52.78124 ], [ 13.73469, 52.78113 ], [ 13.73452, 52.78108 ] ] ] } },
{ "type": "Feature", "properties": { "boden": "60 % mittel, mäßig frisch (M2g) · 30 % mittel, trocken (vermutet) (M+3) · 10 % ziemlich arm, trocken (vermutet) (Z3)" }, "geometry": { "type": "Polygon", "coordinates": [ [ [ 13.74152, 52.78137 ], [ 13.74135, 52.7814 ], [ 13.74154, 52.78157 ], [ 13.74176, 52.78159 ], [ 13.74191, 52.78152 ], [ 13.74191, 52.78142 ], [ 13.74152, 52.78137 ] ] ] } },
{ "type": "Feature", "properties": { "boden": "60 % ziemlich arm, mäßig frisch (Z2) · 20 % ziemlich arm, mäßig frisch (Z2) · 20 % ziemlich arm, mäßig frisch (Z2)" }, "geometry": { "type": "Polygon", "coordinates": [ [ [ 13.73428, 52.78247 ], [ 13.73446, 52.78251 ], [ 13.73464, 52.78247 ], [ 13.73472, 52.78236 ], [ 13.73465, 52.78225 ], [ 13.73447, 52.78221 ], [ 13.73398, 52.78226 ], [ 13.7338, 52.78221 ], [ 13.73362, 52.78225 ], [ 13.73355, 52.78236 ], [ 13.73362, 52.78247 ], [ 13.73379, 52.78251 ], [ 13.73428, 52.78247 ] ] ] } },
{ "type": "Feature", "properties": { "boden": "50 % kräftig, mäßig frisch (K2) · 50 % kräftig, mäßig frisch (K2)" }, "geometry": { "type": "Polygon", "coordinates": [ [ [ 13.73592, 52.78225 ], [ 13.73574, 52.78229 ], [ 13.73566, 52.7824 ], [ 13.73573, 52.78251 ], [ 13.73606, 52.78259 ], [ 13.73627, 52.78274 ], [ 13.73659, 52.78283 ], [ 13.73682, 52.783 ], [ 13.73699, 52.78304 ], [ 13.73717, 52.783 ], [ 13.73725, 52.78289 ], [ 13.73718, 52.78278 ], [ 13.73688, 52.7827 ], [ 13.73663, 52.78253 ], [ 13.73633, 52.78245 ], [ 13.7361, 52.7823 ], [ 13.73592, 52.78225 ] ] ] } },
{ "type": "Feature", "properties": { "boden": "60 % ziemlich arm, mäßig frisch (Z2) · 20 % ziemlich arm, mäßig frisch (Z2) · 20 % ziemlich arm, mäßig frisch (Z2)" }, "geometry": { "type": "Polygon", "coordinates": [ [ [ 13.73412, 52.78264 ], [ 13.73394, 52.78268 ], [ 13.73387, 52.78278 ], [ 13.73394, 52.78289 ], [ 13.73411, 52.78294 ], [ 13.73429, 52.7829 ], [ 13.73437, 52.78279 ], [ 13.7343, 52.78268 ], [ 13.73412, 52.78264 ] ] ] } },
{ "type": "Feature", "properties": { "boden": "60 % ziemlich arm, mäßig frisch (Z2) · 20 % ziemlich arm, mäßig frisch (Z2) · 20 % ziemlich arm, mäßig frisch (Z2)" }, "geometry": { "type": "Polygon", "coordinates": [ [ [ 13.73403, 52.78377 ], [ 13.73597, 52.78364 ], [ 13.73619, 52.78354 ], [ 13.73608, 52.78348 ], [ 13.73549, 52.78344 ], [ 13.73428, 52.78352 ], [ 13.73287, 52.7835 ], [ 13.73226, 52.7836 ], [ 13.73219, 52.78355 ], [ 13.73227, 52.78335 ], [ 13.73204, 52.78329 ], [ 13.73171, 52.7834 ], [ 13.73122, 52.78339 ], [ 13.73117, 52.78343 ], [ 13.73116, 52.7835 ], [ 13.73127, 52.78356 ], [ 13.73154, 52.78362 ], [ 13.73198, 52.78362 ], [ 13.73286, 52.78378 ], [ 13.73403, 52.78377 ] ] ] } },
{ "type": "Feature", "properties": { "boden": "50 % mittel, mäßig frisch (M2g) · 30 % ziemlich arm, trocken (vermutet) (Z3) · 20 % ziemlich arm, trocken (vermutet) (Z3)" }, "geometry": { "type": "Polygon", "coordinates": [ [ [ 13.74809, 52.78042 ], [ 13.7479, 52.78048 ], [ 13.74797, 52.78057 ], [ 13.74821, 52.78069 ], [ 13.74835, 52.78072 ], [ 13.74847, 52.7807 ], [ 13.74844, 52.78056 ], [ 13.74824, 52.78044 ], [ 13.74809, 52.78042 ] ] ] } },
{ "type": "Feature", "properties": { "boden": "50 % mittel, mäßig frisch (M2g) · 30 % ziemlich arm, trocken (vermutet) (Z3) · 20 % ziemlich arm, trocken (vermutet) (Z3)" }, "geometry": { "type": "Polygon", "coordinates": [ [ [ 13.75394, 52.78226 ], [ 13.75352, 52.78214 ], [ 13.75324, 52.78214 ], [ 13.75311, 52.78206 ], [ 13.7528, 52.78197 ], [ 13.75247, 52.78202 ], [ 13.75208, 52.78228 ], [ 13.75195, 52.78231 ], [ 13.75159, 52.7823 ], [ 13.7511, 52.78216 ], [ 13.75059, 52.78216 ], [ 13.75047, 52.78206 ], [ 13.75083, 52.78193 ], [ 13.75092, 52.78185 ], [ 13.75038, 52.7815 ], [ 13.75, 52.78144 ], [ 13.74906, 52.78154 ], [ 13.74887, 52.78146 ], [ 13.74866, 52.78142 ], [ 13.74798, 52.78108 ], [ 13.74751, 52.78102 ], [ 13.7474, 52.78107 ], [ 13.74753, 52.78126 ], [ 13.74817, 52.78143 ], [ 13.74875, 52.7817 ], [ 13.74929, 52.78179 ], [ 13.74947, 52.78189 ], [ 13.74967, 52.78213 ], [ 13.74986, 52.78223 ], [ 13.75177, 52.78265 ], [ 13.75228, 52.78272 ], [ 13.7535, 52.78275 ], [ 13.75384, 52.78282 ], [ 13.75394, 52.78226 ] ] ] } },
{ "type": "Feature", "properties": { "boden": "60 % mittel, mäßig frisch (M2g) · 30 % mittel, mäßig frisch (M+2) · 10 % ziemlich arm, mäßig frisch (Z2)" }, "geometry": { "type": "Polygon", "coordinates": [ [ [ 13.74411, 52.78216 ], [ 13.74399, 52.78201 ], [ 13.74412, 52.78185 ], [ 13.74405, 52.78174 ], [ 13.74388, 52.78169 ], [ 13.74358, 52.78177 ], [ 13.74326, 52.78168 ], [ 13.74308, 52.78172 ], [ 13.743, 52.78183 ], [ 13.74312, 52.78198 ], [ 13.743, 52.78213 ], [ 13.74307, 52.78224 ], [ 13.74325, 52.78229 ], [ 13.74354, 52.78222 ], [ 13.74385, 52.78231 ], [ 13.74403, 52.78227 ], [ 13.74411, 52.78216 ] ] ] } },
{ "type": "Feature", "properties": { "boden": "50 % mittel, mäßig frisch (M2g) · 30 % ziemlich arm, trocken (vermutet) (Z3) · 20 % ziemlich arm, trocken (vermutet) (Z3)" }, "geometry": { "type": "Polygon", "coordinates": [ [ [ 13.75304, 52.78419 ], [ 13.753, 52.78429 ], [ 13.75288, 52.78433 ], [ 13.75289, 52.78438 ], [ 13.7536, 52.78439 ], [ 13.75378, 52.78434 ], [ 13.75304, 52.78419 ] ] ] } },
{ "type": "Feature", "properties": { "boden": "50 % mittel, mäßig frisch (M2g) · 30 % ziemlich arm, mäßig frisch (Z2) · 20 % ziemlich arm, mäßig frisch (Z2)" }, "geometry": { "type": "Polygon", "coordinates": [ [ [ 13.74857, 52.78432 ], [ 13.74839, 52.78436 ], [ 13.74831, 52.78447 ], [ 13.74838, 52.78458 ], [ 13.74856, 52.78462 ], [ 13.74874, 52.78458 ], [ 13.74881, 52.78448 ], [ 13.74874, 52.78437 ], [ 13.74857, 52.78432 ] ] ] } },
{ "type": "Feature", "properties": { "boden": "50 % kräftig, trocken (vermutet) (K3) · 50 % kräftig, trocken (vermutet) (K3)" }, "geometry": { "type": "Polygon", "coordinates": [ [ [ 13.74389, 52.78442 ], [ 13.74357, 52.78456 ], [ 13.74348, 52.78468 ], [ 13.74379, 52.7847 ], [ 13.74397, 52.7845 ], [ 13.74398, 52.78444 ], [ 13.74389, 52.78442 ] ] ] } },
{ "type": "Feature", "properties": { "boden": "50 % kräftig, mäßig frisch (K2) · 50 % kräftig, mäßig frisch (K2)" }, "geometry": { "type": "Polygon", "coordinates": [ [ [ 13.74731, 52.78439 ], [ 13.74713, 52.78429 ], [ 13.74675, 52.78419 ], [ 13.7465, 52.78427 ], [ 13.74609, 52.78454 ], [ 13.74568, 52.78489 ], [ 13.74544, 52.78501 ], [ 13.74517, 52.78503 ], [ 13.74494, 52.78496 ], [ 13.74483, 52.78485 ], [ 13.74491, 52.78415 ], [ 13.74475, 52.78385 ], [ 13.7445, 52.78372 ], [ 13.74375, 52.78351 ], [ 13.74317, 52.78327 ], [ 13.74256, 52.78294 ], [ 13.74172, 52.78271 ], [ 13.74091, 52.78298 ], [ 13.74061, 52.78301 ], [ 13.73978, 52.78279 ], [ 13.73974, 52.78472 ], [ 13.73933, 52.7857 ], [ 13.7392, 52.78646 ], [ 13.74709, 52.78698 ], [ 13.7473, 52.78684 ], [ 13.74752, 52.78657 ], [ 13.74762, 52.78622 ], [ 13.74761, 52.78589 ], [ 13.74748, 52.78555 ], [ 13.74741, 52.78457 ], [ 13.74731, 52.78439 ] ], [ [ 13.7451, 52.78531 ], [ 13.74502, 52.78542 ], [ 13.74484, 52.78546 ], [ 13.74467, 52.78542 ], [ 13.7446, 52.78531 ], [ 13.74467, 52.7852 ], [ 13.74485, 52.78516 ], [ 13.74503, 52.7852 ], [ 13.7451, 52.78531 ] ], [ [ 13.74477, 52.78666 ], [ 13.74439, 52.78661 ], [ 13.74421, 52.78665 ], [ 13.74403, 52.7866 ], [ 13.74396, 52.78649 ], [ 13.74404, 52.78639 ], [ 13.74422, 52.78634 ], [ 13.7446, 52.78639 ], [ 13.74478, 52.78635 ], [ 13.74496, 52.7864 ], [ 13.74503, 52.78651 ], [ 13.74495, 52.78661 ], [ 13.74477, 52.78666 ] ], [ [ 13.74707, 52.7868 ], [ 13.74626, 52.78668 ], [ 13.74619, 52.78658 ], [ 13.74627, 52.78647 ], [ 13.74645, 52.78643 ], [ 13.74678, 52.78651 ], [ 13.74708, 52.7865 ], [ 13.74726, 52.78654 ], [ 13.74733, 52.78665 ], [ 13.74725, 52.78676 ], [ 13.74707, 52.7868 ] ], [ [ 13.74398, 52.78444 ], [ 13.74379, 52.7847 ], [ 13.74348, 52.78468 ], [ 13.74374, 52.78445 ], [ 13.74389, 52.78442 ], [ 13.74398, 52.78444 ] ] ] } },
{ "type": "Feature", "properties": { "boden": "50 % kräftig, mäßig frisch (K2) · 50 % kräftig, mäßig frisch (K2)" }, "geometry": { "type": "Polygon", "coordinates": [ [ [ 13.74485, 52.78516 ], [ 13.74467, 52.7852 ], [ 13.7446, 52.78531 ], [ 13.74467, 52.78542 ], [ 13.74484, 52.78546 ], [ 13.74502, 52.78542 ], [ 13.7451, 52.78531 ], [ 13.74503, 52.7852 ], [ 13.74485, 52.78516 ] ] ] } },
{ "type": "Feature", "properties": { "boden": "80 % mittel, mäßig frisch (M+2g) · 20 % mittel, mäßig frisch (M+2)" }, "geometry": { "type": "Polygon", "coordinates": [ [ [ 13.75347, 52.78497 ], [ 13.75322, 52.78493 ], [ 13.7526, 52.78507 ], [ 13.7518, 52.78515 ], [ 13.75089, 52.78507 ], [ 13.75009, 52.78506 ], [ 13.74959, 52.78502 ], [ 13.74916, 52.78491 ], [ 13.74829, 52.78493 ], [ 13.74782, 52.78479 ], [ 13.74741, 52.78457 ], [ 13.74748, 52.78555 ], [ 13.74761, 52.78589 ], [ 13.74762, 52.78622 ], [ 13.74752, 52.78657 ], [ 13.7473, 52.78684 ], [ 13.74709, 52.78698 ], [ 13.75305, 52.78736 ], [ 13.75347, 52.78497 ] ], [ [ 13.75079, 52.78677 ], [ 13.75071, 52.78688 ], [ 13.75054, 52.78692 ], [ 13.75036, 52.78688 ], [ 13.75029, 52.78677 ], [ 13.75036, 52.78666 ], [ 13.75054, 52.78662 ], [ 13.75072, 52.78666 ], [ 13.75079, 52.78677 ] ] ] } },
{ "type": "Feature", "properties": { "boden": "50 % kräftig, mäßig frisch (K2) · 50 % kräftig, mäßig frisch (K2)" }, "geometry": { "type": "Polygon", "coordinates": [ [ [ 13.74503, 52.78651 ], [ 13.74496, 52.7864 ], [ 13.74478, 52.78635 ], [ 13.7446, 52.78639 ], [ 13.74422, 52.78634 ], [ 13.74404, 52.78639 ], [ 13.74396, 52.78649 ], [ 13.74403, 52.7866 ], [ 13.74421, 52.78665 ], [ 13.74439, 52.78661 ], [ 13.74477, 52.78666 ], [ 13.74495, 52.78661 ], [ 13.74503, 52.78651 ] ] ] } },
{ "type": "Feature", "properties": { "boden": "60 % ziemlich arm, trocken (vermutet) (Z3) · 20 % ziemlich arm, trocken (vermutet) (Z3) · 20 % mittel, trocken (vermutet) (M3)" }, "geometry": { "type": "Polygon", "coordinates": [ [ [ 13.7571, 52.78279 ], [ 13.75656, 52.78278 ], [ 13.75651, 52.78285 ], [ 13.75665, 52.78294 ], [ 13.75701, 52.78296 ], [ 13.75717, 52.78286 ], [ 13.7571, 52.78279 ] ] ] } },
{ "type": "Feature", "properties": { "boden": "60 % ziemlich arm, trocken (vermutet) (Z3) · 20 % ziemlich arm, trocken (vermutet) (Z3) · 20 % mittel, trocken (vermutet) (M3)" }, "geometry": { "type": "Polygon", "coordinates": [ [ [ 13.76002, 52.78314 ], [ 13.76085, 52.78329 ], [ 13.76136, 52.7833 ], [ 13.76156, 52.78319 ], [ 13.76154, 52.78288 ], [ 13.76141, 52.78274 ], [ 13.76118, 52.78269 ], [ 13.75994, 52.78278 ], [ 13.75969, 52.78277 ], [ 13.75954, 52.7827 ], [ 13.75933, 52.78268 ], [ 13.75918, 52.78273 ], [ 13.75907, 52.78292 ], [ 13.75911, 52.7831 ], [ 13.75932, 52.78331 ], [ 13.75941, 52.78332 ], [ 13.76002, 52.78314 ] ] ] } },
{ "type": "Feature", "properties": { "boden": "60 % ziemlich arm, mäßig frisch (Z2) · 20 % ziemlich arm, mäßig frisch (Z2) · 20 % mittel, mäßig frisch (M2)" }, "geometry": { "type": "Polygon", "coordinates": [ [ [ 13.75371, 52.78362 ], [ 13.75464, 52.78367 ], [ 13.75486, 52.78357 ], [ 13.75523, 52.78373 ], [ 13.75547, 52.78371 ], [ 13.75564, 52.78366 ], [ 13.75567, 52.78359 ], [ 13.75549, 52.78343 ], [ 13.75515, 52.7833 ], [ 13.75498, 52.78329 ], [ 13.75497, 52.78341 ], [ 13.7549, 52.78344 ], [ 13.75451, 52.78309 ], [ 13.75424, 52.78303 ], [ 13.7541, 52.78294 ], [ 13.75383, 52.78291 ], [ 13.75371, 52.78362 ] ] ] } },
{ "type": "Feature", "properties": { "boden": "60 % ziemlich arm, mäßig frisch (Z2) · 20 % ziemlich arm, mäßig frisch (Z2) · 20 % mittel, mäßig frisch (M2)" }, "geometry": { "type": "Polygon", "coordinates": [ [ [ 13.76146, 52.78389 ], [ 13.76254, 52.78413 ], [ 13.763, 52.78429 ], [ 13.76328, 52.78432 ], [ 13.76359, 52.78428 ], [ 13.76374, 52.78406 ], [ 13.76365, 52.78399 ], [ 13.76329, 52.78389 ], [ 13.76335, 52.78377 ], [ 13.76329, 52.78366 ], [ 13.76271, 52.78374 ], [ 13.76206, 52.78373 ], [ 13.76179, 52.78366 ], [ 13.76157, 52.78351 ], [ 13.76132, 52.78343 ], [ 13.76073, 52.78331 ], [ 13.76016, 52.78327 ], [ 13.75997, 52.78322 ], [ 13.75979, 52.78358 ], [ 13.75966, 52.78369 ], [ 13.75911, 52.78386 ], [ 13.75857, 52.78386 ], [ 13.75815, 52.78394 ], [ 13.75788, 52.78409 ], [ 13.75797, 52.78418 ], [ 13.75835, 52.7842 ], [ 13.76015, 52.78399 ], [ 13.76118, 52.78394 ], [ 13.76146, 52.78389 ] ] ] } },
{ "type": "Feature", "properties": { "boden": "50 % mittel, mäßig frisch (M2g) · 30 % ziemlich arm, mäßig frisch (Z2) · 20 % ziemlich arm, mäßig frisch (Z2)" }, "geometry": { "type": "Polygon", "coordinates": [ [ [ 13.76639, 52.78783 ], [ 13.76684, 52.7873 ], [ 13.76705, 52.78674 ], [ 13.76768, 52.78644 ], [ 13.76836, 52.78627 ], [ 13.76754, 52.78562 ], [ 13.76718, 52.78576 ], [ 13.76751, 52.78605 ], [ 13.76697, 52.78598 ], [ 13.7663, 52.78617 ], [ 13.76587, 52.78572 ], [ 13.76533, 52.78587 ], [ 13.76519, 52.78574 ], [ 13.76505, 52.78581 ], [ 13.76478, 52.78529 ], [ 13.7645, 52.78537 ], [ 13.76311, 52.78536 ], [ 13.76132, 52.78518 ], [ 13.7598, 52.78489 ], [ 13.75848, 52.78454 ], [ 13.75793, 52.78437 ], [ 13.75674, 52.78391 ], [ 13.75449, 52.78365 ], [ 13.75371, 52.78362 ], [ 13.75384, 52.78282 ], [ 13.75325, 52.78273 ], [ 13.75201, 52.78269 ], [ 13.7501, 52.78231 ], [ 13.74967, 52.78213 ], [ 13.74947, 52.78189 ], [ 13.74929, 52.78179 ], [ 13.74875, 52.7817 ], [ 13.74817, 52.78143 ], [ 13.74753, 52.78126 ], [ 13.7474, 52.78107 ], [ 13.74743, 52.78103 ], [ 13.74765, 52.78102 ], [ 13.74798, 52.78108 ], [ 13.74866, 52.78142 ], [ 13.74887, 52.78146 ], [ 13.74906, 52.78154 ], [ 13.75, 52.78144 ], [ 13.75038, 52.7815 ], [ 13.75092, 52.78185 ], [ 13.75083, 52.78193 ], [ 13.75047, 52.78206 ], [ 13.75059, 52.78216 ], [ 13.7511, 52.78216 ], [ 13.75159, 52.7823 ], [ 13.75195, 52.78231 ], [ 13.75208, 52.78228 ], [ 13.75247, 52.78202 ], [ 13.7528, 52.78197 ], [ 13.75311, 52.78206 ], [ 13.75324, 52.78214 ], [ 13.75352, 52.78214 ], [ 13.75394, 52.78226 ], [ 13.754, 52.7819 ], [ 13.75379, 52.78182 ], [ 13.75249, 52.78184 ], [ 13.75153, 52.78128 ], [ 13.75184, 52.78107 ], [ 13.75173, 52.78088 ], [ 13.75153, 52.78079 ], [ 13.75203, 52.7805 ], [ 13.75177, 52.78043 ], [ 13.75128, 52.78052 ], [ 13.75116, 52.78046 ], [ 13.7512, 52.7801 ], [ 13.75154, 52.77983 ], [ 13.75141, 52.77986 ], [ 13.75123, 52.77982 ], [ 13.75116, 52.77971 ], [ 13.75124, 52.7796 ], [ 13.75142, 52.77956 ], [ 13.7516, 52.7796 ], [ 13.75167, 52.77971 ], [ 13.75161, 52.7798 ], [ 13.75304, 52.77908 ], [ 13.75344, 52.77883 ], [ 13.75333, 52.77871 ], [ 13.75416, 52.77825 ], [ 13.75368, 52.77805 ], [ 13.75318, 52.77809 ], [ 13.75233, 52.77795 ], [ 13.75142, 52.77799 ], [ 13.75133, 52.77846 ], [ 13.75112, 52.77858 ], [ 13.75068, 52.77872 ], [ 13.75016, 52.77895 ], [ 13.74991, 52.7791 ], [ 13.75011, 52.77916 ], [ 13.75009, 52.77935 ], [ 13.75033, 52.77952 ], [ 13.75013, 52.77974 ], [ 13.74993, 52.77971 ], [ 13.74968, 52.77959 ], [ 13.74959, 52.77945 ], [ 13.74963, 52.77927 ], [ 13.74932, 52.77945 ], [ 13.74826, 52.77971 ], [ 13.7469, 52.78012 ], [ 13.74601, 52.7805 ], [ 13.74569, 52.78073 ], [ 13.74542, 52.78111 ], [ 13.74545, 52.78135 ], [ 13.74606, 52.78204 ], [ 13.74609, 52.78294 ], [ 13.74633, 52.78332 ], [ 13.74676, 52.78363 ], [ 13.74741, 52.78457 ], [ 13.74782, 52.78479 ], [ 13.74829, 52.78493 ], [ 13.74916, 52.78491 ], [ 13.74959, 52.78502 ], [ 13.75009, 52.78506 ], [ 13.75089, 52.78507 ], [ 13.7518, 52.78515 ], [ 13.7526, 52.78507 ], [ 13.75322, 52.78493 ], [ 13.75347, 52.78497 ], [ 13.75323, 52.78633 ], [ 13.75366, 52.78636 ], [ 13.75463, 52.78606 ], [ 13.7558, 52.78593 ], [ 13.75662, 52.78591 ], [ 13.75696, 52.78602 ], [ 13.75691, 52.78632 ], [ 13.75726, 52.78667 ], [ 13.75787, 52.787 ], [ 13.75843, 52.78713 ], [ 13.75868, 52.78731 ], [ 13.75867, 52.78747 ], [ 13.75841, 52.78754 ], [ 13.75774, 52.78746 ], [ 13.75721, 52.78749 ], [ 13.75699, 52.7876 ], [ 13.75733, 52.78787 ], [ 13.75777, 52.78802 ], [ 13.75849, 52.78805 ], [ 13.75885, 52.78821 ], [ 13.75903, 52.78845 ], [ 13.7589, 52.78875 ], [ 13.75868, 52.78898 ], [ 13.75921, 52.78907 ], [ 13.75902, 52.79034 ], [ 13.76013, 52.79068 ], [ 13.76098, 52.79066 ], [ 13.76184, 52.79044 ], [ 13.76288, 52.78989 ], [ 13.76464, 52.7887 ], [ 13.76484, 52.78868 ], [ 13.76554, 52.78845 ], [ 13.76601, 52.78818 ], [ 13.76639, 52.78783 ] ], [ [ 13.76266, 52.7891 ], [ 13.76261, 52.78924 ], [ 13.76243, 52.78928 ], [ 13.76225, 52.78924 ], [ 13.76218, 52.78913 ], [ 13.76226, 52.78902 ], [ 13.76244, 52.78898 ], [ 13.76262, 52.78902 ], [ 13.76266, 52.7891 ] ], [ [ 13.76214, 52.78908 ], [ 13.76213, 52.78936 ], [ 13.76205, 52.78944 ], [ 13.76186, 52.78933 ], [ 13.76178, 52.78906 ], [ 13.76188, 52.78902 ], [ 13.76214, 52.78908 ] ], [ [ 13.75971, 52.78966 ], [ 13.76015, 52.78984 ], [ 13.76022, 52.78995 ], [ 13.76003, 52.79015 ], [ 13.75992, 52.79037 ], [ 13.75974, 52.79041 ], [ 13.75957, 52.79037 ], [ 13.75949, 52.79026 ], [ 13.7597, 52.79004 ], [ 13.75972, 52.78994 ], [ 13.75966, 52.78986 ], [ 13.75928, 52.78977 ], [ 13.75921, 52.78966 ], [ 13.75928, 52.78955 ], [ 13.75946, 52.78951 ], [ 13.75964, 52.78955 ], [ 13.75971, 52.78966 ] ], [ [ 13.76598, 52.78721 ], [ 13.76605, 52.78732 ], [ 13.76597, 52.78743 ], [ 13.76568, 52.78748 ], [ 13.76531, 52.78751 ], [ 13.76519, 52.78746 ], [ 13.76508, 52.78728 ], [ 13.76511, 52.78723 ], [ 13.76546, 52.78713 ], [ 13.76554, 52.78707 ], [ 13.76598, 52.78721 ] ], [ [ 13.76343, 52.78629 ], [ 13.7637, 52.78651 ], [ 13.76366, 52.7867 ], [ 13.76349, 52.78667 ], [ 13.76346, 52.7865 ], [ 13.76304, 52.78628 ], [ 13.76318, 52.78625 ], [ 13.76343, 52.78629 ] ], [ [ 13.7626, 52.78573 ], [ 13.76301, 52.78591 ], [ 13.76309, 52.78599 ], [ 13.76301, 52.78612 ], [ 13.76276, 52.78612 ], [ 13.76248, 52.78595 ], [ 13.76194, 52.78572 ], [ 13.762, 52.78566 ], [ 13.76216, 52.78565 ], [ 13.7626, 52.78573 ] ], [ [ 13.76005, 52.78556 ], [ 13.76017, 52.78583 ], [ 13.76006, 52.78586 ], [ 13.75985, 52.78577 ], [ 13.7598, 52.7855 ], [ 13.75995, 52.7855 ], [ 13.76005, 52.78556 ] ], [ [ 13.74881, 52.78448 ], [ 13.74874, 52.78458 ], [ 13.74856, 52.78462 ], [ 13.74838, 52.78458 ], [ 13.74831, 52.78447 ], [ 13.74839, 52.78436 ], [ 13.74857, 52.78432 ], [ 13.74874, 52.78437 ], [ 13.74881, 52.78448 ] ], [ [ 13.75304, 52.78419 ], [ 13.75378, 52.78434 ], [ 13.75376, 52.78437 ], [ 13.75297, 52.78439 ], [ 13.75287, 52.78436 ], [ 13.753, 52.78429 ], [ 13.75304, 52.78419 ] ], [ [ 13.74844, 52.78056 ], [ 13.74847, 52.7807 ], [ 13.74835, 52.78072 ], [ 13.74797, 52.78057 ], [ 13.7479, 52.78048 ], [ 13.74809, 52.78042 ], [ 13.74824, 52.78044 ], [ 13.74844, 52.78056 ] ], [ [ 13.75099, 52.78021 ], [ 13.75091, 52.78031 ], [ 13.75073, 52.78036 ], [ 13.75056, 52.78031 ], [ 13.75049, 52.7802 ], [ 13.75056, 52.7801 ], [ 13.75074, 52.78005 ], [ 13.75092, 52.7801 ], [ 13.75099, 52.78021 ] ], [ [ 13.75277, 52.77875 ], [ 13.75269, 52.77886 ], [ 13.75256, 52.77889 ], [ 13.75237, 52.77884 ], [ 13.75228, 52.77874 ], [ 13.75234, 52.77864 ], [ 13.75252, 52.7786 ], [ 13.7527, 52.77865 ], [ 13.75277, 52.77875 ] ], [ [ 13.7524, 52.77829 ], [ 13.75215, 52.77846 ], [ 13.75198, 52.77841 ], [ 13.75191, 52.7783 ], [ 13.75198, 52.7782 ], [ 13.75216, 52.77815 ], [ 13.75234, 52.7782 ], [ 13.7524, 52.77829 ] ], [ [ 13.75328, 52.77828 ], [ 13.75321, 52.77838 ], [ 13.75303, 52.77843 ], [ 13.7528, 52.77824 ], [ 13.75286, 52.77816 ], [ 13.75304, 52.77812 ], [ 13.75321, 52.77817 ], [ 13.75328, 52.77828 ] ] ] } },
{ "type": "Feature", "properties": { "boden": "50 % mittel, mäßig frisch (M2g) · 50 % mittel, mäßig frisch (M+2g)" }, "geometry": { "type": "Polygon", "coordinates": [ [ [ 13.76478, 52.78529 ], [ 13.76272, 52.78428 ], [ 13.76254, 52.78413 ], [ 13.76146, 52.78389 ], [ 13.7599, 52.78417 ], [ 13.75986, 52.78403 ], [ 13.75793, 52.78437 ], [ 13.7598, 52.78489 ], [ 13.76132, 52.78518 ], [ 13.76311, 52.78536 ], [ 13.7645, 52.78537 ], [ 13.76478, 52.78529 ] ] ] } },
{ "type": "Feature", "properties": { "boden": "50 % mittel, mäßig frisch (M2g) · 30 % ziemlich arm, trocken (vermutet) (Z3) · 20 % ziemlich arm, trocken (vermutet) (Z3)" }, "geometry": { "type": "Polygon", "coordinates": [ [ [ 13.75983, 52.78547 ], [ 13.75985, 52.78577 ], [ 13.75997, 52.78585 ], [ 13.76013, 52.78585 ], [ 13.76016, 52.78571 ], [ 13.76005, 52.78556 ], [ 13.75983, 52.78547 ] ] ] } },
{ "type": "Feature", "properties": { "boden": "50 % mittel, mäßig frisch (M2g) · 30 % ziemlich arm, trocken (vermutet) (Z3) · 20 % ziemlich arm, trocken (vermutet) (Z3)" }, "geometry": { "type": "Polygon", "coordinates": [ [ [ 13.76216, 52.78565 ], [ 13.762, 52.78566 ], [ 13.76196, 52.78575 ], [ 13.76248, 52.78595 ], [ 13.76276, 52.78612 ], [ 13.76301, 52.78612 ], [ 13.76309, 52.78599 ], [ 13.76289, 52.78584 ], [ 13.7626, 52.78573 ], [ 13.76216, 52.78565 ] ] ] } },
{ "type": "Feature", "properties": { "boden": "70 % mittel, mäßig frisch (M2) · 30 % mittel, mäßig frisch (M2)" }, "geometry": { "type": "Polygon", "coordinates": [ [ [ 13.75684, 52.78785 ], [ 13.75672, 52.78763 ], [ 13.75655, 52.78758 ], [ 13.75637, 52.78762 ], [ 13.75619, 52.78782 ], [ 13.75598, 52.78785 ], [ 13.75584, 52.78781 ], [ 13.75569, 52.7876 ], [ 13.75551, 52.78755 ], [ 13.75534, 52.78759 ], [ 13.75526, 52.7877 ], [ 13.75533, 52.78781 ], [ 13.75565, 52.7879 ], [ 13.7558, 52.78811 ], [ 13.75598, 52.78816 ], [ 13.75616, 52.78811 ], [ 13.75635, 52.7879 ], [ 13.75654, 52.78789 ], [ 13.75662, 52.78792 ], [ 13.75671, 52.78813 ], [ 13.75688, 52.78818 ], [ 13.75706, 52.78813 ], [ 13.75714, 52.78803 ], [ 13.75707, 52.78792 ], [ 13.75684, 52.78785 ] ] ] } },
{ "type": "Feature", "properties": { "boden": "60 % mittel, mäßig frisch (M+2) · 20 % ziemlich arm, mäßig frisch (Z+2) · 20 % ziemlich arm, mäßig frisch (Z2)" }, "geometry": { "type": "Polygon", "coordinates": [ [ [ 13.75721, 52.78749 ], [ 13.75774, 52.78746 ], [ 13.75841, 52.78754 ], [ 13.75867, 52.78747 ], [ 13.75868, 52.78731 ], [ 13.75843, 52.78713 ], [ 13.75787, 52.787 ], [ 13.75726, 52.78667 ], [ 13.75691, 52.78632 ], [ 13.75696, 52.78602 ], [ 13.75662, 52.78591 ], [ 13.7558, 52.78593 ], [ 13.75463, 52.78606 ], [ 13.75442, 52.78744 ], [ 13.75451, 52.78744 ], [ 13.75402, 52.79016 ], [ 13.75421, 52.79012 ], [ 13.75527, 52.7901 ], [ 13.75559, 52.79011 ], [ 13.75652, 52.79035 ], [ 13.75674, 52.79032 ], [ 13.75682, 52.79027 ], [ 13.75688, 52.78971 ], [ 13.75698, 52.78946 ], [ 13.75682, 52.78905 ], [ 13.75655, 52.78889 ], [ 13.7558, 52.7887 ], [ 13.75507, 52.78841 ], [ 13.75464, 52.7881 ], [ 13.75459, 52.78795 ], [ 13.75463, 52.78775 ], [ 13.75476, 52.78763 ], [ 13.75502, 52.78756 ], [ 13.75538, 52.7875 ], [ 13.75699, 52.7876 ], [ 13.75721, 52.78749 ] ] ] } },
{ "type": "Feature", "properties": { "boden": "60 % ziemlich arm, mäßig frisch (Z2) · 20 % ziemlich arm, mäßig frisch (Z2) · 20 % ziemlich arm, mäßig frisch (Z2)" }, "geometry": { "type": "Polygon", "coordinates": [ [ [ 13.73885, 52.78657 ], [ 13.73867, 52.78662 ], [ 13.73859, 52.78672 ], [ 13.73866, 52.78683 ], [ 13.73884, 52.78688 ], [ 13.73902, 52.78684 ], [ 13.73909, 52.78673 ], [ 13.73902, 52.78662 ], [ 13.73885, 52.78657 ] ] ] } },
{ "type": "Feature", "properties": { "boden": "100 % kräftig, mäßig frisch (K2)" }, "geometry": { "type": "Polygon", "coordinates": [ [ [ 13.7392, 52.78646 ], [ 13.73946, 52.7868 ], [ 13.74007, 52.78677 ], [ 13.74095, 52.78688 ], [ 13.74145, 52.78702 ], [ 13.74185, 52.78706 ], [ 13.74233, 52.78702 ], [ 13.74311, 52.78684 ], [ 13.74337, 52.78674 ], [ 13.7392, 52.78646 ] ] ] } },
{ "type": "Feature", "properties": { "boden": "40 % ziemlich arm, trocken (vermutet) (Z3) · 30 % mittel, trocken (vermutet) (M3) · 30 % mittel, trocken (vermutet) (M+3)" }, "geometry": { "type": "Polygon", "coordinates": [ [ [ 13.74042, 52.78777 ], [ 13.73992, 52.78765 ], [ 13.73972, 52.78773 ], [ 13.73971, 52.78778 ], [ 13.73985, 52.78786 ], [ 13.74035, 52.78791 ], [ 13.74049, 52.78782 ], [ 13.74042, 52.78777 ] ] ] } },
{ "type": "Feature", "properties": { "boden": "40 % ziemlich arm, trocken (vermutet) (Z3) · 30 % mittel, trocken (vermutet) (M3) · 30 % mittel, trocken (vermutet) (M+3)" }, "geometry": { "type": "Polygon", "coordinates": [ [ [ 13.73541, 52.78772 ], [ 13.73535, 52.78776 ], [ 13.73534, 52.78806 ], [ 13.73544, 52.78816 ], [ 13.73589, 52.78831 ], [ 13.73622, 52.78832 ], [ 13.73622, 52.78818 ], [ 13.73572, 52.78794 ], [ 13.73565, 52.78772 ], [ 13.73541, 52.78772 ] ] ] } },
{ "type": "Feature", "properties": { "boden": "40 % ziemlich arm, mäßig frisch (Z2) · 30 % mittel, mäßig frisch (M2) · 30 % mittel, mäßig frisch (M+2)" }, "geometry": { "type": "Polygon", "coordinates": [ [ [ 13.735, 52.7883 ], [ 13.73496, 52.78825 ], [ 13.73448, 52.78828 ], [ 13.73422, 52.78823 ], [ 13.73407, 52.78831 ], [ 13.73416, 52.78837 ], [ 13.73437, 52.78835 ], [ 13.73444, 52.78842 ], [ 13.73457, 52.78845 ], [ 13.7349, 52.78837 ], [ 13.735, 52.7883 ] ] ] } },
{ "type": "Feature", "properties": { "boden": "50 % mittel, mäßig frisch (M2) · 50 % ziemlich arm, mäßig frisch (Z2)" }, "geometry": { "type": "Polygon", "coordinates": [ [ [ 13.73804, 52.78864 ], [ 13.73886, 52.78864 ], [ 13.73894, 52.78862 ], [ 13.73898, 52.78852 ], [ 13.73892, 52.78843 ], [ 13.73875, 52.7884 ], [ 13.73797, 52.78854 ], [ 13.73804, 52.78864 ] ] ] } },
{ "type": "Feature", "properties": { "boden": "40 % ziemlich arm, trocken (vermutet) (Z3) · 30 % mittel, trocken (vermutet) (M3) · 30 % mittel, trocken (vermutet) (M+3)" }, "geometry": { "type": "Polygon", "coordinates": [ [ [ 13.7377, 52.78889 ], [ 13.73763, 52.78897 ], [ 13.73779, 52.78918 ], [ 13.73799, 52.78923 ], [ 13.73813, 52.7892 ], [ 13.73816, 52.7891 ], [ 13.73805, 52.789 ], [ 13.7377, 52.78889 ] ] ] } },
{ "type": "Feature", "properties": { "boden": "40 % ziemlich arm, trocken (vermutet) (Z3) · 30 % mittel, trocken (vermutet) (M3) · 30 % mittel, trocken (vermutet) (M+3)" }, "geometry": { "type": "Polygon", "coordinates": [ [ [ 13.73438, 52.78927 ], [ 13.73431, 52.78945 ], [ 13.73413, 52.78952 ], [ 13.7341, 52.78958 ], [ 13.73421, 52.78969 ], [ 13.73437, 52.78973 ], [ 13.73453, 52.78967 ], [ 13.73471, 52.78939 ], [ 13.7347, 52.78933 ], [ 13.73438, 52.78927 ] ] ] } },
{ "type": "Feature", "properties": { "boden": "40 % mittel, mäßig frisch (M+2) · 30 % kräftig, mäßig frisch (K2) · 30 % mittel, mäßig frisch (M+2)" }, "geometry": { "type": "Polygon", "coordinates": [ [ [ 13.74353, 52.78943 ], [ 13.74327, 52.78941 ], [ 13.74317, 52.78936 ], [ 13.74288, 52.78937 ], [ 13.74205, 52.7896 ], [ 13.74115, 52.78975 ], [ 13.74096, 52.78983 ], [ 13.74131, 52.7899 ], [ 13.74196, 52.78986 ], [ 13.74321, 52.78962 ], [ 13.74352, 52.78951 ], [ 13.74353, 52.78943 ] ] ] } },
{ "type": "Feature", "properties": { "boden": "40 % ziemlich arm, mäßig frisch (Z2) · 30 % mittel, mäßig frisch (M2) · 30 % mittel, mäßig frisch (M+2)" }, "geometry": { "type": "Polygon", "coordinates": [ [ [ 13.73551, 52.79056 ], [ 13.73613, 52.79016 ], [ 13.73564, 52.79018 ], [ 13.73554, 52.79024 ], [ 13.73432, 52.79061 ], [ 13.73294, 52.79078 ], [ 13.73263, 52.79087 ], [ 13.73435, 52.79088 ], [ 13.73498, 52.79075 ], [ 13.73551, 52.79056 ] ] ] } },
{ "type": "Feature", "properties": { "boden": "50 % kräftig, mäßig frisch (K2) · 50 % kräftig, mäßig frisch (K2)" }, "geometry": { "type": "Polygon", "coordinates": [ [ [ 13.74733, 52.78665 ], [ 13.74726, 52.78654 ], [ 13.74708, 52.7865 ], [ 13.74678, 52.78651 ], [ 13.74645, 52.78643 ], [ 13.74627, 52.78647 ], [ 13.74619, 52.78658 ], [ 13.74626, 52.78668 ], [ 13.74644, 52.78673 ], [ 13.74672, 52.78672 ], [ 13.74707, 52.7868 ], [ 13.74725, 52.78676 ], [ 13.74733, 52.78665 ] ] ] } },
{ "type": "Feature", "properties": { "boden": "80 % mittel, mäßig frisch (M+2g) · 20 % mittel, mäßig frisch (M+2)" }, "geometry": { "type": "Polygon", "coordinates": [ [ [ 13.75054, 52.78662 ], [ 13.75036, 52.78666 ], [ 13.75029, 52.78677 ], [ 13.75036, 52.78688 ], [ 13.75054, 52.78692 ], [ 13.75071, 52.78688 ], [ 13.75079, 52.78677 ], [ 13.75072, 52.78666 ], [ 13.75054, 52.78662 ] ] ] } },
{ "type": "Feature", "properties": { "boden": "50 % mittel, mäßig frisch (M2g) · 50 % mittel, mäßig frisch (M+2)" }, "geometry": { "type": "Polygon", "coordinates": [ [ [ 13.75366, 52.78739 ], [ 13.74685, 52.78697 ], [ 13.74686, 52.7881 ], [ 13.74822, 52.7878 ], [ 13.75098, 52.78748 ], [ 13.75086, 52.78809 ], [ 13.7529, 52.7883 ], [ 13.75313, 52.78828 ], [ 13.75361, 52.78839 ], [ 13.75366, 52.78739 ] ] ] } },
{ "type": "Feature", "properties": { "boden": "40 % mittel, mäßig frisch (M+2) · 30 % kräftig, mäßig frisch (K2) · 30 % mittel, mäßig frisch (M+2)" }, "geometry": { "type": "Polygon", "coordinates": [ [ [ 13.75086, 52.78809 ], [ 13.75098, 52.78748 ], [ 13.74822, 52.7878 ], [ 13.74686, 52.7881 ], [ 13.74685, 52.78697 ], [ 13.74337, 52.78674 ], [ 13.74311, 52.78684 ], [ 13.74233, 52.78702 ], [ 13.74185, 52.78706 ], [ 13.74145, 52.78702 ], [ 13.74095, 52.78688 ], [ 13.74007, 52.78677 ], [ 13.73946, 52.7868 ], [ 13.73942, 52.7872 ], [ 13.74016, 52.78723 ], [ 13.74048, 52.78734 ], [ 13.7406, 52.78756 ], [ 13.74052, 52.7878 ], [ 13.7402, 52.78801 ], [ 13.73984, 52.78812 ], [ 13.73968, 52.78823 ], [ 13.73965, 52.79026 ], [ 13.73972, 52.79026 ], [ 13.73978, 52.79062 ], [ 13.73988, 52.79071 ], [ 13.7401, 52.79074 ], [ 13.74041, 52.79069 ], [ 13.74074, 52.79058 ], [ 13.74103, 52.79035 ], [ 13.74141, 52.79014 ], [ 13.7422, 52.78987 ], [ 13.74343, 52.78967 ], [ 13.74409, 52.78966 ], [ 13.74504, 52.79 ], [ 13.74542, 52.79019 ], [ 13.74596, 52.7906 ], [ 13.74636, 52.79115 ], [ 13.74678, 52.79084 ], [ 13.74801, 52.79032 ], [ 13.74827, 52.78988 ], [ 13.74906, 52.78907 ], [ 13.7497, 52.78882 ], [ 13.75147, 52.78853 ], [ 13.75192, 52.7882 ], [ 13.75086, 52.78809 ] ], [ [ 13.74352, 52.78951 ], [ 13.74321, 52.78962 ], [ 13.74196, 52.78986 ], [ 13.74131, 52.7899 ], [ 13.74096, 52.78983 ], [ 13.74115, 52.78975 ], [ 13.74205, 52.7896 ], [ 13.74288, 52.78937 ], [ 13.74317, 52.78936 ], [ 13.74327, 52.78941 ], [ 13.74346, 52.78941 ], [ 13.74353, 52.78943 ], [ 13.74352, 52.78951 ] ] ] } },
{ "type": "Feature", "properties": { "boden": "60 % mittel, mäßig frisch (M+2) · 20 % ziemlich arm, mäßig frisch (Z+2) · 20 % ziemlich arm, mäßig frisch (Z2)" }, "geometry": { "type": "Polygon", "coordinates": [ [ [ 13.75187, 52.79171 ], [ 13.75281, 52.79176 ], [ 13.75324, 52.79189 ], [ 13.75347, 52.79095 ], [ 13.75372, 52.78874 ], [ 13.75361, 52.78839 ], [ 13.75313, 52.78828 ], [ 13.7529, 52.7883 ], [ 13.75192, 52.7882 ], [ 13.75147, 52.78853 ], [ 13.7497, 52.78882 ], [ 13.74906, 52.78907 ], [ 13.74827, 52.78988 ], [ 13.74801, 52.79032 ], [ 13.74678, 52.79084 ], [ 13.74636, 52.79115 ], [ 13.74654, 52.79158 ], [ 13.74656, 52.79178 ], [ 13.7467, 52.79185 ], [ 13.74761, 52.79194 ], [ 13.74825, 52.79212 ], [ 13.74867, 52.79216 ], [ 13.75059, 52.79189 ], [ 13.75125, 52.79176 ], [ 13.75187, 52.79171 ] ] ] } },
{ "type": "Feature", "properties": { "boden": "100 % kräftig, mäßig frisch (K2)" }, "geometry": { "type": "Polygon", "coordinates": [ [ [ 13.74501, 52.79105 ], [ 13.74483, 52.79109 ], [ 13.74476, 52.7912 ], [ 13.74483, 52.79131 ], [ 13.745, 52.79135 ], [ 13.74518, 52.79131 ], [ 13.74526, 52.79121 ], [ 13.74519, 52.7911 ], [ 13.74501, 52.79105 ] ] ] } },
{ "type": "Feature", "properties": { "boden": "100 % mittel, mäßig frisch (M+2)" }, "geometry": { "type": "Polygon", "coordinates": [ [ [ 13.75227, 52.79175 ], [ 13.75209, 52.79179 ], [ 13.75201, 52.7919 ], [ 13.75208, 52.792 ], [ 13.75226, 52.79205 ], [ 13.75244, 52.79201 ], [ 13.75251, 52.7919 ], [ 13.75244, 52.79179 ], [ 13.75227, 52.79175 ] ] ] } },
{ "type": "Feature", "properties": { "boden": "70 % kräftig, mäßig frisch (K2) · 30 % kräftig, mäßig frisch (K2)" }, "geometry": { "type": "Polygon", "coordinates": [ [ [ 13.74795, 52.79218 ], [ 13.74777, 52.79222 ], [ 13.74769, 52.79233 ], [ 13.74776, 52.79244 ], [ 13.74794, 52.79249 ], [ 13.74812, 52.79244 ], [ 13.74819, 52.79234 ], [ 13.74812, 52.79223 ], [ 13.74795, 52.79218 ] ] ] } },
{ "type": "Feature", "properties": { "boden": "100 % mittel, mäßig frisch (M2)" }, "geometry": { "type": "Polygon", "coordinates": [ [ [ 13.74457, 52.79253 ], [ 13.74444, 52.79256 ], [ 13.74437, 52.79267 ], [ 13.74444, 52.79278 ], [ 13.74461, 52.79282 ], [ 13.74503, 52.79278 ], [ 13.74521, 52.79282 ], [ 13.74539, 52.79278 ], [ 13.74547, 52.79267 ], [ 13.7454, 52.79256 ], [ 13.74522, 52.79252 ], [ 13.7448, 52.79257 ], [ 13.74457, 52.79253 ] ] ] } },
{ "type": "Feature", "properties": { "boden": "70 % kräftig, mäßig frisch (K2) · 30 % kräftig, mäßig frisch (K2)" }, "geometry": { "type": "Polygon", "coordinates": [ [ [ 13.75059, 52.79189 ], [ 13.74867, 52.79216 ], [ 13.74825, 52.79212 ], [ 13.74761, 52.79194 ], [ 13.7467, 52.79185 ], [ 13.74656, 52.79178 ], [ 13.74654, 52.79158 ], [ 13.74636, 52.79115 ], [ 13.74563, 52.79168 ], [ 13.74433, 52.79241 ], [ 13.74396, 52.79249 ], [ 13.74446, 52.79254 ], [ 13.74532, 52.79248 ], [ 13.74562, 52.79251 ], [ 13.74572, 52.79263 ], [ 13.74551, 52.79317 ], [ 13.75207, 52.79324 ], [ 13.75214, 52.79282 ], [ 13.75156, 52.79276 ], [ 13.75103, 52.79274 ], [ 13.75073, 52.79278 ], [ 13.74997, 52.79311 ], [ 13.74975, 52.79315 ], [ 13.74954, 52.79313 ], [ 13.74938, 52.79305 ], [ 13.74936, 52.79293 ], [ 13.74944, 52.7928 ], [ 13.7498, 52.7925 ], [ 13.75072, 52.79208 ], [ 13.75125, 52.79176 ], [ 13.75059, 52.79189 ] ], [ [ 13.74819, 52.79234 ], [ 13.74812, 52.79244 ], [ 13.74794, 52.79249 ], [ 13.74776, 52.79244 ], [ 13.74769, 52.79233 ], [ 13.74777, 52.79222 ], [ 13.74795, 52.79218 ], [ 13.74812, 52.79223 ], [ 13.74819, 52.79234 ] ] ] } },
{ "type": "Feature", "properties": { "boden": "100 % mittel, mäßig frisch (M+2g)" }, "geometry": { "type": "Polygon", "coordinates": [ [ [ 13.75451, 52.78744 ], [ 13.75442, 52.78744 ], [ 13.75463, 52.78606 ], [ 13.75366, 52.78636 ], [ 13.75323, 52.78633 ], [ 13.75305, 52.78736 ], [ 13.75366, 52.78739 ], [ 13.75358, 52.78813 ], [ 13.75372, 52.78874 ], [ 13.75347, 52.79095 ], [ 13.75387, 52.791 ], [ 13.75451, 52.78744 ] ] ] } },
{ "type": "Feature", "properties": { "boden": "50 % mittel, mäßig frisch (M2g) · 30 % ziemlich arm, mäßig frisch (Z2) · 20 % ziemlich arm, mäßig frisch (Z2)" }, "geometry": { "type": "Polygon", "coordinates": [ [ [ 13.76244, 52.78898 ], [ 13.76226, 52.78902 ], [ 13.76218, 52.78913 ], [ 13.76225, 52.78924 ], [ 13.76243, 52.78928 ], [ 13.76261, 52.78924 ], [ 13.76269, 52.78913 ], [ 13.76262, 52.78902 ], [ 13.76244, 52.78898 ] ] ] } },
{ "type": "Feature", "properties": { "boden": "50 % mittel, mäßig frisch (M2g) · 30 % ziemlich arm, trocken (vermutet) (Z3) · 20 % ziemlich arm, trocken (vermutet) (Z3)" }, "geometry": { "type": "Polygon", "coordinates": [ [ [ 13.76188, 52.78902 ], [ 13.76178, 52.78906 ], [ 13.76179, 52.7892 ], [ 13.76186, 52.78933 ], [ 13.76205, 52.78944 ], [ 13.76213, 52.78936 ], [ 13.76214, 52.78908 ], [ 13.76188, 52.78902 ] ] ] } },
{ "type": "Feature", "properties": { "boden": "50 % mittel, mäßig frisch (M2g) · 30 % ziemlich arm, mäßig frisch (Z2) · 20 % ziemlich arm, mäßig frisch (Z2)" }, "geometry": { "type": "Polygon", "coordinates": [ [ [ 13.75946, 52.78951 ], [ 13.75928, 52.78955 ], [ 13.75921, 52.78966 ], [ 13.75928, 52.78977 ], [ 13.75966, 52.78986 ], [ 13.75972, 52.78994 ], [ 13.7597, 52.79004 ], [ 13.75949, 52.79026 ], [ 13.75957, 52.79037 ], [ 13.75974, 52.79041 ], [ 13.75992, 52.79037 ], [ 13.76003, 52.79015 ], [ 13.76022, 52.78995 ], [ 13.76015, 52.78984 ], [ 13.75981, 52.78973 ], [ 13.75964, 52.78955 ], [ 13.75946, 52.78951 ] ] ] } },
{ "type": "Feature", "properties": { "boden": "70 % mittel, mäßig frisch (M2) · 30 % mittel, mäßig frisch (M2)" }, "geometry": { "type": "Polygon", "coordinates": [ [ [ 13.75475, 52.79034 ], [ 13.75457, 52.79039 ], [ 13.75449, 52.79049 ], [ 13.75456, 52.7906 ], [ 13.75474, 52.79065 ], [ 13.75492, 52.79061 ], [ 13.75499, 52.7905 ], [ 13.75492, 52.79039 ], [ 13.75475, 52.79034 ] ] ] } },
{ "type": "Feature", "properties": { "boden": "100 % kräftig, mäßig frisch (K2)" }, "geometry": { "type": "Polygon", "coordinates": [ [ [ 13.76258, 52.79302 ], [ 13.76119, 52.79266 ], [ 13.75943, 52.79184 ], [ 13.75913, 52.79178 ], [ 13.75895, 52.79178 ], [ 13.75847, 52.79211 ], [ 13.75827, 52.79244 ], [ 13.75826, 52.79273 ], [ 13.75836, 52.79288 ], [ 13.75866, 52.79305 ], [ 13.75897, 52.79312 ], [ 13.75945, 52.79331 ], [ 13.76233, 52.79334 ], [ 13.76258, 52.79319 ], [ 13.76258, 52.79302 ] ] ] } },
{ "type": "Feature", "properties": { "boden": "100 % mittel, mäßig frisch (M+2)" }, "geometry": { "type": "Polygon", "coordinates": [ [ [ 13.75866, 52.79305 ], [ 13.75836, 52.79288 ], [ 13.75824, 52.7926 ], [ 13.75847, 52.79211 ], [ 13.75895, 52.79178 ], [ 13.75762, 52.79173 ], [ 13.75695, 52.79179 ], [ 13.75459, 52.79115 ], [ 13.75347, 52.79095 ], [ 13.75324, 52.79189 ], [ 13.75281, 52.79176 ], [ 13.75233, 52.79172 ], [ 13.75125, 52.79176 ], [ 13.75072, 52.79208 ], [ 13.7498, 52.7925 ], [ 13.74944, 52.7928 ], [ 13.74936, 52.79293 ], [ 13.74938, 52.79305 ], [ 13.74954, 52.79313 ], [ 13.74975, 52.79315 ], [ 13.74997, 52.79311 ], [ 13.75073, 52.79278 ], [ 13.75103, 52.79274 ], [ 13.75214, 52.79282 ], [ 13.75207, 52.79324 ], [ 13.75865, 52.7933 ], [ 13.75866, 52.79305 ] ], [ [ 13.75251, 52.7919 ], [ 13.75244, 52.79201 ], [ 13.75226, 52.79205 ], [ 13.75208, 52.792 ], [ 13.75201, 52.7919 ], [ 13.75209, 52.79179 ], [ 13.75227, 52.79175 ], [ 13.75244, 52.79179 ], [ 13.75251, 52.7919 ] ] ] } },
{ "type": "Feature", "properties": { "boden": "100 % mittel, mäßig frisch (M2)" }, "geometry": { "type": "Polygon", "coordinates": [ [ [ 13.75945, 52.79331 ], [ 13.75897, 52.79312 ], [ 13.75866, 52.79305 ], [ 13.75865, 52.7933 ], [ 13.75945, 52.79331 ] ] ] } },
{ "type": "Feature", "properties": { "boden": "40 % ziemlich arm, trocken (vermutet) (Z3) · 30 % mittel, trocken (vermutet) (M3) · 30 % mittel, trocken (vermutet) (M+3)" }, "geometry": { "type": "Polygon", "coordinates": [ [ [ 13.73261, 52.789 ], [ 13.73186, 52.78894 ], [ 13.73184, 52.78899 ], [ 13.73205, 52.78906 ], [ 13.73278, 52.78914 ], [ 13.73261, 52.789 ] ] ] } },
{ "type": "Feature", "properties": { "boden": "90 % ziemlich arm, mäßig frisch (Z2) · 10 % mittel, mäßig frisch (M2)" }, "geometry": { "type": "Polygon", "coordinates": [ [ [ 13.72197, 52.78877 ], [ 13.7215, 52.78895 ], [ 13.72206, 52.78928 ], [ 13.72229, 52.78858 ], [ 13.72197, 52.78877 ] ] ] } },
{ "type": "Feature", "properties": { "boden": "100 % mittel, mäßig frisch (M2)" }, "geometry": { "type": "Polygon", "coordinates": [ [ [ 13.72126, 52.78879 ], [ 13.72094, 52.78879 ], [ 13.72051, 52.78894 ], [ 13.72069, 52.78894 ], [ 13.7209, 52.78904 ], [ 13.72107, 52.78906 ], [ 13.7215, 52.78895 ], [ 13.72126, 52.78879 ] ] ] } },
{ "type": "Feature", "properties": { "boden": "40 % ziemlich arm, mäßig frisch (Z2) · 30 % mittel, mäßig frisch (M2) · 30 % mittel, mäßig frisch (M+2)" }, "geometry": { "type": "Polygon", "coordinates": [ [ [ 13.73056, 52.79094 ], [ 13.73108, 52.79086 ], [ 13.73155, 52.7909 ], [ 13.73263, 52.79087 ], [ 13.73294, 52.79078 ], [ 13.73432, 52.79061 ], [ 13.73554, 52.79024 ], [ 13.73564, 52.79018 ], [ 13.73613, 52.79016 ], [ 13.73551, 52.79056 ], [ 13.73609, 52.79033 ], [ 13.73654, 52.79004 ], [ 13.73723, 52.78923 ], [ 13.7375, 52.78945 ], [ 13.73778, 52.78956 ], [ 13.73829, 52.78918 ], [ 13.73845, 52.78896 ], [ 13.7382, 52.78879 ], [ 13.73794, 52.78851 ], [ 13.73809, 52.78839 ], [ 13.73912, 52.78819 ], [ 13.73968, 52.78823 ], [ 13.73984, 52.78812 ], [ 13.7402, 52.78801 ], [ 13.74035, 52.78791 ], [ 13.73985, 52.78786 ], [ 13.73973, 52.78782 ], [ 13.73972, 52.78773 ], [ 13.73982, 52.78766 ], [ 13.74004, 52.78766 ], [ 13.74049, 52.78782 ], [ 13.7406, 52.78756 ], [ 13.74048, 52.78734 ], [ 13.74016, 52.78723 ], [ 13.73942, 52.7872 ], [ 13.73666, 52.78748 ], [ 13.73631, 52.78765 ], [ 13.73563, 52.78771 ], [ 13.73572, 52.78794 ], [ 13.73622, 52.78818 ], [ 13.73626, 52.78829 ], [ 13.73615, 52.78834 ], [ 13.73589, 52.78831 ], [ 13.73544, 52.78816 ], [ 13.73534, 52.78806 ], [ 13.73535, 52.78776 ], [ 13.73541, 52.78772 ], [ 13.73455, 52.78775 ], [ 13.73257, 52.78755 ], [ 13.73182, 52.78757 ], [ 13.73058, 52.78791 ], [ 13.72896, 52.7879 ], [ 13.72718, 52.78772 ], [ 13.72656, 52.78779 ], [ 13.723, 52.78791 ], [ 13.72263, 52.7882 ], [ 13.72276, 52.7883 ], [ 13.72274, 52.78838 ], [ 13.72244, 52.78843 ], [ 13.72229, 52.78858 ], [ 13.72206, 52.78928 ], [ 13.72263, 52.78947 ], [ 13.72296, 52.78969 ], [ 13.72298, 52.78985 ], [ 13.72291, 52.78998 ], [ 13.72243, 52.79021 ], [ 13.72183, 52.79031 ], [ 13.72106, 52.79035 ], [ 13.71942, 52.79013 ], [ 13.71854, 52.79019 ], [ 13.71833, 52.79036 ], [ 13.71895, 52.79065 ], [ 13.71954, 52.79073 ], [ 13.72041, 52.79061 ], [ 13.72095, 52.79062 ], [ 13.72173, 52.79077 ], [ 13.72412, 52.79088 ], [ 13.72926, 52.79086 ], [ 13.73056, 52.79094 ] ], [ [ 13.7347, 52.78933 ], [ 13.73466, 52.78952 ], [ 13.73453, 52.78967 ], [ 13.73437, 52.78973 ], [ 13.73421, 52.78969 ], [ 13.7341, 52.78958 ], [ 13.73413, 52.78952 ], [ 13.73433, 52.78942 ], [ 13.73434, 52.78929 ], [ 13.73453, 52.78928 ], [ 13.7347, 52.78933 ] ], [ [ 13.73805, 52.789 ], [ 13.73816, 52.7891 ], [ 13.73813, 52.7892 ], [ 13.73788, 52.78921 ], [ 13.73772, 52.78913 ], [ 13.73764, 52.78891 ], [ 13.7378, 52.78891 ], [ 13.73805, 52.789 ] ], [ [ 13.73247, 52.78897 ], [ 13.73271, 52.78905 ], [ 13.73278, 52.78914 ], [ 13.73205, 52.78906 ], [ 13.73182, 52.78896 ], [ 13.7321, 52.78893 ], [ 13.73247, 52.78897 ] ], [ [ 13.73381, 52.78849 ], [ 13.73397, 52.78862 ], [ 13.73392, 52.78866 ], [ 13.73355, 52.7887 ], [ 13.73296, 52.78869 ], [ 13.73216, 52.7886 ], [ 13.7318, 52.7884 ], [ 13.73161, 52.78843 ], [ 13.73123, 52.78838 ], [ 13.73093, 52.78839 ], [ 13.73085, 52.78832 ], [ 13.73104, 52.78825 ], [ 13.73169, 52.78815 ], [ 13.73182, 52.78816 ], [ 13.73195, 52.78832 ], [ 13.73213, 52.78838 ], [ 13.73322, 52.7884 ], [ 13.73381, 52.78849 ] ], [ [ 13.7349, 52.78837 ], [ 13.73449, 52.78845 ], [ 13.73437, 52.78835 ], [ 13.73412, 52.78836 ], [ 13.7341, 52.78826 ], [ 13.73422, 52.78823 ], [ 13.73448, 52.78828 ], [ 13.7349, 52.78825 ], [ 13.73499, 52.78827 ], [ 13.7349, 52.78837 ] ], [ [ 13.72804, 52.78801 ], [ 13.72969, 52.78809 ], [ 13.72992, 52.78813 ], [ 13.72925, 52.78822 ], [ 13.72836, 52.78821 ], [ 13.72753, 52.78811 ], [ 13.7273, 52.78799 ], [ 13.72774, 52.78794 ], [ 13.72804, 52.78801 ] ], [ [ 13.73375, 52.78804 ], [ 13.73324, 52.7881 ], [ 13.73239, 52.78799 ], [ 13.7321, 52.78799 ], [ 13.73177, 52.78788 ], [ 13.73161, 52.78798 ], [ 13.73145, 52.78789 ], [ 13.73176, 52.78773 ], [ 13.73246, 52.78767 ], [ 13.73301, 52.78779 ], [ 13.73349, 52.78784 ], [ 13.73363, 52.78789 ], [ 13.73375, 52.78804 ] ], [ [ 13.72656, 52.78813 ], [ 13.72597, 52.78824 ], [ 13.72549, 52.78826 ], [ 13.72525, 52.78824 ], [ 13.72476, 52.78811 ], [ 13.72407, 52.78813 ], [ 13.72391, 52.7881 ], [ 13.72385, 52.78801 ], [ 13.72405, 52.78792 ], [ 13.72452, 52.78791 ], [ 13.72656, 52.78813 ] ] ] } },
{ "type": "Feature", "properties": { "boden": "100 % mittel, mäßig frisch (M2)" }, "geometry": { "type": "Polygon", "coordinates": [ [ [ 13.73079, 52.79105 ], [ 13.73132, 52.79088 ], [ 13.73108, 52.79086 ], [ 13.73052, 52.79094 ], [ 13.73047, 52.791 ], [ 13.73079, 52.79105 ] ] ] } },
{ "type": "Feature", "properties": { "boden": "100 % mittel, mäßig frisch (M2)" }, "geometry": { "type": "Polygon", "coordinates": [ [ [ 13.73121, 52.79097 ], [ 13.73091, 52.79104 ], [ 13.73057, 52.79104 ], [ 13.73047, 52.791 ], [ 13.73052, 52.79094 ], [ 13.72926, 52.79086 ], [ 13.72412, 52.79088 ], [ 13.72173, 52.79077 ], [ 13.72095, 52.79062 ], [ 13.72041, 52.79061 ], [ 13.71954, 52.79073 ], [ 13.71895, 52.79065 ], [ 13.71833, 52.79036 ], [ 13.71854, 52.79019 ], [ 13.71942, 52.79013 ], [ 13.72106, 52.79035 ], [ 13.72183, 52.79031 ], [ 13.72243, 52.79021 ], [ 13.72291, 52.78998 ], [ 13.72298, 52.78985 ], [ 13.72296, 52.78969 ], [ 13.72263, 52.78947 ], [ 13.72186, 52.78918 ], [ 13.7215, 52.78895 ], [ 13.72107, 52.78906 ], [ 13.7209, 52.78904 ], [ 13.72069, 52.78894 ], [ 13.72051, 52.78894 ], [ 13.71934, 52.78942 ], [ 13.719, 52.78911 ], [ 13.71887, 52.78908 ], [ 13.71727, 52.7894 ], [ 13.71629, 52.78972 ], [ 13.7163, 52.78977 ], [ 13.72204, 52.79292 ], [ 13.73338, 52.79304 ], [ 13.73335, 52.79289 ], [ 13.7325, 52.79282 ], [ 13.73134, 52.79186 ], [ 13.73127, 52.7916 ], [ 13.73131, 52.79111 ], [ 13.73121, 52.79097 ] ] ] } },
{ "type": "Feature", "properties": { "boden": "50 % mittel, mäßig frisch (M2) · 50 % ziemlich arm, mäßig frisch (Z2)" }, "geometry": { "type": "Polygon", "coordinates": [ [ [ 13.73551, 52.79057 ], [ 13.73469, 52.79083 ], [ 13.73435, 52.79088 ], [ 13.73263, 52.79089 ], [ 13.73338, 52.79093 ], [ 13.73431, 52.7909 ], [ 13.73499, 52.79078 ], [ 13.73551, 52.79057 ] ] ] } },
{ "type": "Feature", "properties": { "boden": "100 % kräftig, mäßig frisch (K2)" }, "geometry": { "type": "Polygon", "coordinates": [ [ [ 13.74213, 52.79069 ], [ 13.74195, 52.79074 ], [ 13.74187, 52.79084 ], [ 13.74194, 52.79095 ], [ 13.74265, 52.79114 ], [ 13.74283, 52.7911 ], [ 13.74291, 52.79099 ], [ 13.74284, 52.79088 ], [ 13.74213, 52.79069 ] ] ] } },
{ "type": "Feature", "properties": { "boden": "50 % mittel, mäßig frisch (M2) · 50 % ziemlich arm, mäßig frisch (Z2)" }, "geometry": { "type": "Polygon", "coordinates": [ [ [ 13.74104, 52.79291 ], [ 13.73998, 52.79107 ], [ 13.74, 52.79084 ], [ 13.7401, 52.79074 ], [ 13.73988, 52.79071 ], [ 13.73978, 52.79062 ], [ 13.73972, 52.79026 ], [ 13.73965, 52.79026 ], [ 13.73968, 52.78823 ], [ 13.73912, 52.78819 ], [ 13.73809, 52.78839 ], [ 13.73794, 52.78851 ], [ 13.73797, 52.78854 ], [ 13.73875, 52.7884 ], [ 13.73892, 52.78843 ], [ 13.73898, 52.78852 ], [ 13.73894, 52.78862 ], [ 13.73886, 52.78864 ], [ 13.73805, 52.78865 ], [ 13.73845, 52.78896 ], [ 13.73829, 52.78918 ], [ 13.73778, 52.78956 ], [ 13.73807, 52.78976 ], [ 13.73847, 52.79024 ], [ 13.7387, 52.79065 ], [ 13.73902, 52.79146 ], [ 13.73948, 52.7931 ], [ 13.74107, 52.79312 ], [ 13.74115, 52.79301 ], [ 13.74133, 52.79297 ], [ 13.7415, 52.79301 ], [ 13.74157, 52.79312 ], [ 13.74205, 52.79313 ], [ 13.74215, 52.79301 ], [ 13.74104, 52.79291 ] ] ] } },
{ "type": "Feature", "properties": { "boden": "100 % kräftig, mäßig frisch (K2)" }, "geometry": { "type": "Polygon", "coordinates": [ [ [ 13.74433, 52.79241 ], [ 13.74563, 52.79168 ], [ 13.74636, 52.79115 ], [ 13.74596, 52.7906 ], [ 13.74542, 52.79019 ], [ 13.74504, 52.79 ], [ 13.74409, 52.78966 ], [ 13.74343, 52.78967 ], [ 13.7422, 52.78987 ], [ 13.74141, 52.79014 ], [ 13.74103, 52.79035 ], [ 13.74074, 52.79058 ], [ 13.7401, 52.79074 ], [ 13.74, 52.79084 ], [ 13.73998, 52.79107 ], [ 13.7401, 52.79132 ], [ 13.74104, 52.79291 ], [ 13.74215, 52.79301 ], [ 13.74324, 52.79265 ], [ 13.74433, 52.79241 ] ], [ [ 13.74526, 52.79121 ], [ 13.74518, 52.79131 ], [ 13.745, 52.79135 ], [ 13.74483, 52.79131 ], [ 13.74476, 52.7912 ], [ 13.74483, 52.79109 ], [ 13.74501, 52.79105 ], [ 13.74519, 52.7911 ], [ 13.74526, 52.79121 ] ], [ [ 13.74213, 52.79069 ], [ 13.74284, 52.79088 ], [ 13.74291, 52.79099 ], [ 13.74283, 52.7911 ], [ 13.74265, 52.79114 ], [ 13.74194, 52.79095 ], [ 13.74187, 52.79084 ], [ 13.74195, 52.79074 ], [ 13.74213, 52.79069 ] ] ] } },
{ "type": "Feature", "properties": { "boden": "50 % mittel, mäßig frisch (M2) · 50 % ziemlich arm, mäßig frisch (Z2)" }, "geometry": { "type": "Polygon", "coordinates": [ [ [ 13.74133, 52.79297 ], [ 13.74115, 52.79301 ], [ 13.74107, 52.79312 ], [ 13.74157, 52.79312 ], [ 13.7415, 52.79301 ], [ 13.74133, 52.79297 ] ] ] } },
{ "type": "Feature", "properties": { "boden": "100 % mittel, mäßig frisch (M2)" }, "geometry": { "type": "Polygon", "coordinates": [ [ [ 13.73803, 52.79295 ], [ 13.73786, 52.7928 ], [ 13.73701, 52.7927 ], [ 13.73673, 52.79275 ], [ 13.73636, 52.79307 ], [ 13.73807, 52.79309 ], [ 13.73803, 52.79295 ] ] ] } },
{ "type": "Feature", "properties": { "boden": "50 % mittel, mäßig frisch (M2) · 50 % ziemlich arm, mäßig frisch (Z2)" }, "geometry": { "type": "Polygon", "coordinates": [ [ [ 13.73902, 52.79146 ], [ 13.7387, 52.79065 ], [ 13.73847, 52.79024 ], [ 13.73807, 52.78976 ], [ 13.73778, 52.78956 ], [ 13.7375, 52.78945 ], [ 13.73723, 52.78923 ], [ 13.73654, 52.79004 ], [ 13.73609, 52.79033 ], [ 13.73499, 52.79078 ], [ 13.73431, 52.7909 ], [ 13.73388, 52.79092 ], [ 13.73276, 52.79091 ], [ 13.73263, 52.79087 ], [ 13.73132, 52.79088 ], [ 13.73119, 52.79096 ], [ 13.73131, 52.79111 ], [ 13.73127, 52.7916 ], [ 13.73134, 52.79186 ], [ 13.7325, 52.79282 ], [ 13.73335, 52.79289 ], [ 13.73338, 52.79304 ], [ 13.73636, 52.79307 ], [ 13.73673, 52.79275 ], [ 13.73701, 52.7927 ], [ 13.73786, 52.7928 ], [ 13.73803, 52.79295 ], [ 13.73807, 52.79309 ], [ 13.73948, 52.7931 ], [ 13.73902, 52.79146 ] ] ] } },
{ "type": "Feature", "properties": { "boden": "100 % mittel, mäßig frisch (M2)" }, "geometry": { "type": "Polygon", "coordinates": [ [ [ 13.7448, 52.79257 ], [ 13.74522, 52.79252 ], [ 13.7454, 52.79256 ], [ 13.74547, 52.79267 ], [ 13.74539, 52.79278 ], [ 13.74521, 52.79282 ], [ 13.74503, 52.79278 ], [ 13.74461, 52.79282 ], [ 13.74444, 52.79278 ], [ 13.74437, 52.79267 ], [ 13.74444, 52.79256 ], [ 13.74457, 52.79253 ], [ 13.74396, 52.79249 ], [ 13.74278, 52.79279 ], [ 13.74215, 52.79301 ], [ 13.74205, 52.79313 ], [ 13.74551, 52.79317 ], [ 13.74572, 52.79263 ], [ 13.74562, 52.79251 ], [ 13.74532, 52.79248 ], [ 13.74465, 52.79253 ], [ 13.7448, 52.79257 ] ] ] } },
{ "type": "Feature", "properties": { "boden": "100 % kräftig, mäßig frisch (K2)" }, "geometry": { "type": "Polygon", "coordinates": [ [ [ 13.78589, 52.79313 ], [ 13.78649, 52.79308 ], [ 13.78684, 52.79291 ], [ 13.78691, 52.79282 ], [ 13.78691, 52.79259 ], [ 13.78589, 52.79313 ] ] ] } },
{ "type": "Feature", "properties": { "boden": "100 % kräftig, mäßig frisch (K2)" }, "geometry": { "type": "Polygon", "coordinates": [ [ [ 13.7922, 52.79293 ], [ 13.79177, 52.79296 ], [ 13.79184, 52.79314 ], [ 13.79201, 52.79319 ], [ 13.79219, 52.79314 ], [ 13.79227, 52.79304 ], [ 13.7922, 52.79293 ] ] ] } },
{ "type": "Feature", "properties": { "boden": "80 % mittel, mäßig frisch (M2) · 20 % ziemlich arm, mäßig frisch (Z2)" }, "geometry": { "type": "Polygon", "coordinates": [ [ [ 13.78503, 52.79358 ], [ 13.78691, 52.79259 ], [ 13.78688, 52.79255 ], [ 13.78665, 52.79252 ], [ 13.78621, 52.79265 ], [ 13.78604, 52.79278 ], [ 13.78513, 52.79316 ], [ 13.78479, 52.79345 ], [ 13.78456, 52.79357 ], [ 13.78503, 52.79358 ] ] ] } },
{ "type": "Feature", "properties": { "boden": "100 % mittel, mäßig frisch (M+2)" }, "geometry": { "type": "Polygon", "coordinates": [ [ [ 13.79154, 52.79349 ], [ 13.79122, 52.7933 ], [ 13.79103, 52.79326 ], [ 13.79086, 52.7933 ], [ 13.79079, 52.7934 ], [ 13.79086, 52.79351 ], [ 13.7912, 52.79364 ], [ 13.79178, 52.79365 ], [ 13.79172, 52.79354 ], [ 13.79154, 52.79349 ] ] ] } },
{ "type": "Feature", "properties": { "boden": "100 % kräftig, nass (OK4)" }, "geometry": { "type": "Polygon", "coordinates": [ [ [ 13.79183, 52.79334 ], [ 13.79169, 52.79277 ], [ 13.7915, 52.79272 ], [ 13.79127, 52.79275 ], [ 13.79111, 52.79285 ], [ 13.79108, 52.793 ], [ 13.79159, 52.79345 ], [ 13.79184, 52.79365 ], [ 13.79231, 52.79365 ], [ 13.79183, 52.79334 ] ] ] } },
{ "type": "Feature", "properties": { "boden": "100 % kräftig, mäßig frisch (K2)" }, "geometry": { "type": "MultiPolygon", "coordinates": [ [ [ [ 13.79184, 52.79365 ], [ 13.79172, 52.79354 ], [ 13.79178, 52.79365 ], [ 13.79184, 52.79365 ] ] ], [ [ [ 13.79172, 52.79354 ], [ 13.79128, 52.79316 ], [ 13.79001, 52.79312 ], [ 13.78963, 52.79321 ], [ 13.78957, 52.79362 ], [ 13.7912, 52.79364 ], [ 13.79086, 52.79351 ], [ 13.79079, 52.7934 ], [ 13.79086, 52.7933 ], [ 13.79103, 52.79326 ], [ 13.79122, 52.7933 ], [ 13.79131, 52.79339 ], [ 13.79172, 52.79354 ] ] ] ] } },
{ "type": "Feature", "properties": { "boden": "100 % kräftig, mäßig frisch (K2)" }, "geometry": { "type": "MultiPolygon", "coordinates": [ [ [ [ 13.79725, 52.7937 ], [ 13.79697, 52.79344 ], [ 13.79652, 52.79268 ], [ 13.79605, 52.7924 ], [ 13.79554, 52.79223 ], [ 13.79445, 52.79218 ], [ 13.79389, 52.7922 ], [ 13.79354, 52.79229 ], [ 13.79271, 52.79284 ], [ 13.7922, 52.79293 ], [ 13.79227, 52.79304 ], [ 13.79219, 52.79314 ], [ 13.79201, 52.79319 ], [ 13.79184, 52.79314 ], [ 13.79179, 52.79307 ], [ 13.79183, 52.79334 ], [ 13.79213, 52.79353 ], [ 13.79208, 52.79345 ], [ 13.79215, 52.79334 ], [ 13.79233, 52.7933 ], [ 13.79251, 52.79334 ], [ 13.79271, 52.79363 ], [ 13.7928, 52.79366 ], [ 13.79725, 52.7937 ] ] ], [ [ [ 13.78963, 52.79322 ], [ 13.7892, 52.79336 ], [ 13.78891, 52.79362 ], [ 13.78957, 52.79362 ], [ 13.78963, 52.79322 ] ] ] ] } },
{ "type": "Feature", "properties": { "boden": "70 % mittel, mäßig frisch (M2) · 30 % mittel, mäßig frisch (M2g)" }, "geometry": { "type": "Polygon", "coordinates": [ [ [ 13.79743, 52.79276 ], [ 13.79754, 52.79338 ], [ 13.79771, 52.79371 ], [ 13.7991, 52.79372 ], [ 13.79743, 52.79276 ] ] ] } },
{ "type": "Feature", "properties": { "boden": "100 % mittel, mäßig frisch (M2)" }, "geometry": { "type": "Polygon", "coordinates": [ [ [ 13.77842, 52.7935 ], [ 13.7786, 52.79313 ], [ 13.77851, 52.79304 ], [ 13.77802, 52.79282 ], [ 13.77809, 52.79331 ], [ 13.77819, 52.79351 ], [ 13.77842, 52.7935 ] ] ] } },
{ "type": "Feature", "properties": { "boden": "60 % ziemlich arm, trocken (vermutet) (Z3) · 20 % ziemlich arm, trocken (vermutet) (Z3) · 20 % mittel, trocken (vermutet) (M3)" }, "geometry": { "type": "Polygon", "coordinates": [ [ [ 13.77819, 52.79351 ], [ 13.77807, 52.79315 ], [ 13.77737, 52.79309 ], [ 13.7773, 52.79312 ], [ 13.77741, 52.79339 ], [ 13.7772, 52.79341 ], [ 13.77716, 52.79349 ], [ 13.77819, 52.79351 ] ] ] } },
{ "type": "Feature", "properties": { "boden": "60 % ziemlich arm, trocken (vermutet) (Z3) · 20 % ziemlich arm, trocken (vermutet) (Z3) · 20 % mittel, trocken (vermutet) (M3)" }, "geometry": { "type": "Polygon", "coordinates": [ [ [ 13.77527, 52.79209 ], [ 13.77507, 52.79211 ], [ 13.77494, 52.79218 ], [ 13.77459, 52.7922 ], [ 13.77453, 52.79227 ], [ 13.77466, 52.79232 ], [ 13.77507, 52.79236 ], [ 13.77576, 52.7923 ], [ 13.77598, 52.79221 ], [ 13.77585, 52.79215 ], [ 13.77527, 52.79209 ] ] ] } },
{ "type": "Feature", "properties": { "boden": "100 % mittel, mäßig frisch (M2g)" }, "geometry": { "type": "Polygon", "coordinates": [ [ [ 13.77524, 52.79348 ], [ 13.77503, 52.79318 ], [ 13.77456, 52.79288 ], [ 13.77394, 52.79269 ], [ 13.77347, 52.79261 ], [ 13.77357, 52.79239 ], [ 13.77239, 52.7922 ], [ 13.77242, 52.79184 ], [ 13.7727, 52.79165 ], [ 13.77273, 52.7915 ], [ 13.77301, 52.79143 ], [ 13.77311, 52.79136 ], [ 13.77311, 52.79111 ], [ 13.77333, 52.7911 ], [ 13.77384, 52.7913 ], [ 13.77416, 52.79157 ], [ 13.77426, 52.79159 ], [ 13.77479, 52.79094 ], [ 13.77309, 52.79063 ], [ 13.77185, 52.79061 ], [ 13.7723, 52.79148 ], [ 13.7722, 52.79193 ], [ 13.77203, 52.79205 ], [ 13.77144, 52.79227 ], [ 13.77079, 52.79236 ], [ 13.77036, 52.7925 ], [ 13.77025, 52.79279 ], [ 13.77036, 52.79311 ], [ 13.7705, 52.79328 ], [ 13.77038, 52.79343 ], [ 13.77524, 52.79348 ] ] ] } },
{ "type": "Feature", "properties": { "boden": "40 % kräftig, mäßig frisch (K2) · 30 % mittel, mäßig frisch (M+2g) · 30 % kräftig, mäßig frisch (K2)" }, "geometry": { "type": "Polygon", "coordinates": [ [ [ 13.76741, 52.79284 ], [ 13.76723, 52.79288 ], [ 13.76715, 52.79299 ], [ 13.76722, 52.7931 ], [ 13.7674, 52.79314 ], [ 13.76758, 52.7931 ], [ 13.76765, 52.79299 ], [ 13.76758, 52.79288 ], [ 13.76741, 52.79284 ] ] ] } },
{ "type": "Feature", "properties": { "boden": "100 % ziemlich arm, mäßig frisch (Z2g)" }, "geometry": { "type": "Polygon", "coordinates": [ [ [ 13.8133, 52.79347 ], [ 13.81343, 52.79355 ], [ 13.81356, 52.7936 ], [ 13.81357, 52.79345 ], [ 13.8133, 52.79347 ] ] ] } },
{ "type": "Feature", "properties": { "boden": "40 % mittel, mäßig frisch (M+2) · 30 % kräftig, mäßig frisch (K2) · 30 % kräftig, mäßig frisch (K2)" }, "geometry": { "type": "Polygon", "coordinates": [ [ [ 13.81217, 52.79299 ], [ 13.81199, 52.79304 ], [ 13.81191, 52.79314 ], [ 13.81198, 52.79325 ], [ 13.81216, 52.7933 ], [ 13.81234, 52.79326 ], [ 13.81241, 52.79315 ], [ 13.81234, 52.79304 ], [ 13.81217, 52.79299 ] ] ] } },
{ "type": "Feature", "properties": { "boden": "40 % mittel, mäßig frisch (M+2) · 30 % kräftig, mäßig frisch (K2) · 30 % kräftig, mäßig frisch (K2)" }, "geometry": { "type": "Polygon", "coordinates": [ [ [ 13.81354, 52.7932 ], [ 13.81357, 52.79325 ], [ 13.81357, 52.79315 ], [ 13.81354, 52.7932 ] ] ] } },
{ "type": "Feature", "properties": { "boden": "40 % mittel, mäßig frisch (M+2) · 30 % kräftig, mäßig frisch (K2) · 30 % kräftig, mäßig frisch (K2)" }, "geometry": { "type": "Polygon", "coordinates": [ [ [ 13.81319, 52.79335 ], [ 13.81327, 52.79325 ], [ 13.8132, 52.79314 ], [ 13.81302, 52.79309 ], [ 13.8124, 52.79333 ], [ 13.81236, 52.79339 ], [ 13.81319, 52.79335 ] ] ] } },
{ "type": "Feature", "properties": { "boden": "50 % mittel, mäßig frisch (M2) · 30 % ziemlich arm, mäßig frisch (Z2) · 20 % ziemlich arm, mäßig frisch (Z2)" }, "geometry": { "type": "Polygon", "coordinates": [ [ [ 13.81236, 52.7936 ], [ 13.81218, 52.79364 ], [ 13.8121, 52.79375 ], [ 13.81217, 52.79385 ], [ 13.81253, 52.79386 ], [ 13.81261, 52.79375 ], [ 13.81254, 52.79364 ], [ 13.81236, 52.7936 ] ] ] } },
{ "type": "Feature", "properties": { "boden": "50 % mittel, trocken (vermutet) (M3) · 30 % ziemlich arm, trocken (vermutet) (Z3) · 20 % ziemlich arm, trocken (vermutet) (Z3)" }, "geometry": { "type": "Polygon", "coordinates": [ [ [ 13.81355, 52.79385 ], [ 13.81345, 52.79387 ], [ 13.81355, 52.79387 ], [ 13.81355, 52.79385 ] ] ] } },
{ "type": "Feature", "properties": { "boden": "50 % mittel, mäßig frisch (M2) · 30 % ziemlich arm, mäßig frisch (Z2) · 20 % ziemlich arm, mäßig frisch (Z2)" }, "geometry": { "type": "Polygon", "coordinates": [ [ [ 13.81356, 52.7936 ], [ 13.8133, 52.79347 ], [ 13.81235, 52.79348 ], [ 13.81137, 52.79356 ], [ 13.81065, 52.79377 ], [ 13.80983, 52.79374 ], [ 13.80978, 52.79383 ], [ 13.81217, 52.79385 ], [ 13.8121, 52.79375 ], [ 13.81218, 52.79364 ], [ 13.81236, 52.7936 ], [ 13.81254, 52.79364 ], [ 13.81261, 52.79375 ], [ 13.81253, 52.79386 ], [ 13.81345, 52.79387 ], [ 13.81355, 52.79385 ], [ 13.81356, 52.7936 ] ] ] } }
]
}
