{
"type": "FeatureCollection",
"name": "barnim_40_584_boden",
"crs": { "type": "name", "properties": { "name": "urn:ogc:def:crs:OGC:1.3:CRS84" } },
"xy_coordinate_resolution": 1e-05,
"features": [
{ "type": "Feature", "properties": { "boden": "30 % mittel, trocken (vermutet) (M3) · 30 % mittel, trocken (vermutet) (M3) · 40 % mittel, trocken (vermutet) (M+3)" }, "geometry": { "type": "Polygon", "coordinates": [ [ [ 13.60757, 52.70569 ], [ 13.60673, 52.70578 ], [ 13.60685, 52.70595 ], [ 13.60717, 52.70601 ], [ 13.60741, 52.70593 ], [ 13.60765, 52.70573 ], [ 13.60757, 52.70569 ] ] ] } },
{ "type": "Feature", "properties": { "boden": "30 % mittel, mäßig frisch (M2) · 30 % mittel, mäßig frisch (M2) · 40 % mittel, mäßig frisch (M+2)" }, "geometry": { "type": "Polygon", "coordinates": [ [ [ 13.60949, 52.71338 ], [ 13.60948, 52.7133 ], [ 13.60989, 52.7133 ], [ 13.60962, 52.71247 ], [ 13.6097, 52.7122 ], [ 13.60986, 52.71202 ], [ 13.61008, 52.71193 ], [ 13.61046, 52.71185 ], [ 13.61146, 52.71185 ], [ 13.61176, 52.71162 ], [ 13.61185, 52.71147 ], [ 13.61184, 52.71107 ], [ 13.61171, 52.71088 ], [ 13.61153, 52.71074 ], [ 13.61078, 52.71032 ], [ 13.60928, 52.70992 ], [ 13.60915, 52.70972 ], [ 13.60917, 52.70964 ], [ 13.60961, 52.70958 ], [ 13.61032, 52.70972 ], [ 13.61086, 52.70972 ], [ 13.61107, 52.70967 ], [ 13.61135, 52.70953 ], [ 13.61145, 52.70898 ], [ 13.61172, 52.70862 ], [ 13.61204, 52.70842 ], [ 13.61204, 52.70834 ], [ 13.61156, 52.70809 ], [ 13.60949, 52.70783 ], [ 13.60876, 52.70759 ], [ 13.60859, 52.70748 ], [ 13.60853, 52.70735 ], [ 13.60865, 52.70693 ], [ 13.60893, 52.70665 ], [ 13.60915, 52.7065 ], [ 13.60956, 52.70637 ], [ 13.61022, 52.70623 ], [ 13.61073, 52.70576 ], [ 13.61094, 52.70529 ], [ 13.6109, 52.70454 ], [ 13.61107, 52.70442 ], [ 13.61159, 52.70376 ], [ 13.61165, 52.70313 ], [ 13.61136, 52.70273 ], [ 13.61129, 52.70364 ], [ 13.61092, 52.70427 ], [ 13.61022, 52.70475 ], [ 13.61003, 52.70543 ], [ 13.60757, 52.70569 ], [ 13.60765, 52.70573 ], [ 13.60763, 52.70578 ], [ 13.60741, 52.70593 ], [ 13.60717, 52.70601 ], [ 13.60685, 52.70595 ], [ 13.60673, 52.70578 ], [ 13.60663, 52.70578 ], [ 13.60581, 52.70681 ], [ 13.60594, 52.70838 ], [ 13.60474, 52.70838 ], [ 13.60483, 52.70942 ], [ 13.60389, 52.70924 ], [ 13.6038, 52.70898 ], [ 13.60283, 52.70885 ], [ 13.60249, 52.7092 ], [ 13.60271, 52.70926 ], [ 13.60299, 52.7099 ], [ 13.60332, 52.71033 ], [ 13.60207, 52.71026 ], [ 13.60207, 52.70908 ], [ 13.60062, 52.70861 ], [ 13.59965, 52.70775 ], [ 13.5992, 52.71015 ], [ 13.59896, 52.71182 ], [ 13.59902, 52.71182 ], [ 13.59904, 52.71191 ], [ 13.60209, 52.71253 ], [ 13.60335, 52.71274 ], [ 13.60347, 52.71342 ], [ 13.60669, 52.71344 ], [ 13.60949, 52.71338 ] ], [ [ 13.60576, 52.71164 ], [ 13.6057, 52.71174 ], [ 13.6055, 52.71179 ], [ 13.60531, 52.71174 ], [ 13.60526, 52.71164 ], [ 13.60535, 52.71152 ], [ 13.60551, 52.71149 ], [ 13.6057, 52.71155 ], [ 13.60576, 52.71164 ] ], [ [ 13.60096, 52.71094 ], [ 13.60086, 52.71106 ], [ 13.6007, 52.71109 ], [ 13.60051, 52.71103 ], [ 13.60045, 52.71093 ], [ 13.60055, 52.71082 ], [ 13.60071, 52.71078 ], [ 13.60087, 52.71082 ], [ 13.60096, 52.71094 ] ] ] } },
{ "type": "Feature", "properties": { "boden": "100 % kräftig, mäßig frisch (K2)" }, "geometry": { "type": "Polygon", "coordinates": [ [ [ 13.59123, 52.71226 ], [ 13.59032, 52.71234 ], [ 13.59021, 52.71242 ], [ 13.59019, 52.71251 ], [ 13.59031, 52.71269 ], [ 13.59119, 52.71344 ], [ 13.59124, 52.71371 ], [ 13.59077, 52.71462 ], [ 13.58991, 52.71587 ], [ 13.59245, 52.7157 ], [ 13.5918, 52.71373 ], [ 13.59123, 52.71226 ] ] ] } },
{ "type": "Feature", "properties": { "boden": "60 % ziemlich arm, mäßig frisch (Z2) · 40 % kräftig, mäßig frisch (K2)" }, "geometry": { "type": "Polygon", "coordinates": [ [ [ 13.58991, 52.71587 ], [ 13.59018, 52.71466 ], [ 13.59009, 52.71422 ], [ 13.58974, 52.71347 ], [ 13.58952, 52.71324 ], [ 13.58918, 52.71303 ], [ 13.58826, 52.71285 ], [ 13.58787, 52.71286 ], [ 13.58747, 52.71291 ], [ 13.58703, 52.71303 ], [ 13.58677, 52.71315 ], [ 13.58653, 52.71358 ], [ 13.58671, 52.71605 ], [ 13.58991, 52.71587 ] ] ] } },
{ "type": "Feature", "properties": { "boden": "100 % ziemlich arm, mäßig frisch (Z+2)" }, "geometry": { "type": "Polygon", "coordinates": [ [ [ 13.58719, 52.71932 ], [ 13.5874, 52.72026 ], [ 13.58752, 52.72051 ], [ 13.58836, 52.72136 ], [ 13.59002, 52.72219 ], [ 13.59184, 52.72293 ], [ 13.59097, 52.72141 ], [ 13.59082, 52.72105 ], [ 13.59048, 52.72108 ], [ 13.59094, 52.72097 ], [ 13.59006, 52.72058 ], [ 13.58975, 52.72055 ], [ 13.5875, 52.71902 ], [ 13.58748, 52.71895 ], [ 13.58716, 52.71889 ], [ 13.58719, 52.71932 ] ] ] } },
{ "type": "Feature", "properties": { "boden": "40 % ziemlich arm, mäßig frisch (Z2) · 20 % ziemlich arm, mäßig frisch (Z2) · 40 % mittel, mäßig frisch (M2)" }, "geometry": { "type": "Polygon", "coordinates": [ [ [ 13.58866, 52.72683 ], [ 13.5884, 52.72685 ], [ 13.58802, 52.72674 ], [ 13.58767, 52.72653 ], [ 13.58748, 52.72632 ], [ 13.58754, 52.72618 ], [ 13.58786, 52.72611 ], [ 13.58772, 52.72606 ], [ 13.58767, 52.72597 ], [ 13.58776, 52.72585 ], [ 13.58792, 52.72582 ], [ 13.58808, 52.72585 ], [ 13.58817, 52.72597 ], [ 13.58811, 52.72607 ], [ 13.58795, 52.72611 ], [ 13.5883, 52.72619 ], [ 13.58859, 52.72637 ], [ 13.58832, 52.72448 ], [ 13.5913, 52.72423 ], [ 13.59125, 52.72417 ], [ 13.59131, 52.724 ], [ 13.59145, 52.72386 ], [ 13.59165, 52.72379 ], [ 13.59188, 52.72379 ], [ 13.59197, 52.72385 ], [ 13.59182, 52.72407 ], [ 13.59156, 52.7242 ], [ 13.59254, 52.72412 ], [ 13.59184, 52.72293 ], [ 13.59002, 52.72219 ], [ 13.58836, 52.72136 ], [ 13.58752, 52.72051 ], [ 13.5874, 52.72026 ], [ 13.58719, 52.71932 ], [ 13.58709, 52.71841 ], [ 13.58685, 52.71827 ], [ 13.58633, 52.71825 ], [ 13.58466, 52.71853 ], [ 13.58427, 52.71867 ], [ 13.5838, 52.71896 ], [ 13.58361, 52.71917 ], [ 13.58356, 52.71945 ], [ 13.58364, 52.71977 ], [ 13.58402, 52.72027 ], [ 13.58431, 52.72105 ], [ 13.5844, 52.72165 ], [ 13.58488, 52.72242 ], [ 13.58502, 52.72323 ], [ 13.58491, 52.72389 ], [ 13.58461, 52.7245 ], [ 13.58478, 52.72496 ], [ 13.58516, 52.72505 ], [ 13.58533, 52.72515 ], [ 13.58544, 52.72564 ], [ 13.58538, 52.72587 ], [ 13.58543, 52.72599 ], [ 13.58511, 52.72614 ], [ 13.58504, 52.72631 ], [ 13.58517, 52.72646 ], [ 13.58555, 52.72655 ], [ 13.58561, 52.7265 ], [ 13.58601, 52.72649 ], [ 13.58629, 52.72639 ], [ 13.58665, 52.72635 ], [ 13.58685, 52.72625 ], [ 13.58705, 52.72623 ], [ 13.5871, 52.72627 ], [ 13.58703, 52.72643 ], [ 13.58745, 52.7266 ], [ 13.58785, 52.72683 ], [ 13.58822, 52.72723 ], [ 13.58834, 52.72722 ], [ 13.5885, 52.72694 ], [ 13.58866, 52.72683 ] ], [ [ 13.58545, 52.7243 ], [ 13.58581, 52.72463 ], [ 13.58631, 52.72489 ], [ 13.5864, 52.72507 ], [ 13.58642, 52.72534 ], [ 13.58634, 52.72555 ], [ 13.58623, 52.72564 ], [ 13.58613, 52.72564 ], [ 13.58602, 52.72557 ], [ 13.58566, 52.72497 ], [ 13.58506, 52.72467 ], [ 13.58491, 52.72452 ], [ 13.58482, 52.72427 ], [ 13.58487, 52.72418 ], [ 13.58498, 52.72415 ], [ 13.58519, 52.72419 ], [ 13.58545, 52.7243 ] ] ] } },
{ "type": "Feature", "properties": { "boden": "40 % ziemlich arm, trocken (vermutet) (Z3) · 20 % ziemlich arm, trocken (vermutet) (Z3) · 40 % mittel, trocken (vermutet) (M3)" }, "geometry": { "type": "Polygon", "coordinates": [ [ [ 13.59156, 52.7242 ], [ 13.59194, 52.72396 ], [ 13.59197, 52.72385 ], [ 13.59188, 52.72379 ], [ 13.59165, 52.72379 ], [ 13.59145, 52.72386 ], [ 13.59125, 52.72417 ], [ 13.5913, 52.72423 ], [ 13.59156, 52.7242 ] ] ] } },
{ "type": "Feature", "properties": { "boden": "40 % ziemlich arm, trocken (vermutet) (Z3) · 20 % ziemlich arm, trocken (vermutet) (Z3) · 40 % mittel, trocken (vermutet) (M3)" }, "geometry": { "type": "Polygon", "coordinates": [ [ [ 13.58498, 52.72415 ], [ 13.58487, 52.72418 ], [ 13.58482, 52.72427 ], [ 13.58491, 52.72452 ], [ 13.58506, 52.72467 ], [ 13.58566, 52.72497 ], [ 13.58602, 52.72557 ], [ 13.58613, 52.72564 ], [ 13.58623, 52.72564 ], [ 13.58634, 52.72555 ], [ 13.58642, 52.72534 ], [ 13.5864, 52.72507 ], [ 13.58631, 52.72489 ], [ 13.58581, 52.72463 ], [ 13.58545, 52.7243 ], [ 13.58519, 52.72419 ], [ 13.58498, 52.72415 ] ] ] } },
{ "type": "Feature", "properties": { "boden": "40 % ziemlich arm, mäßig frisch (Z2) · 20 % ziemlich arm, mäßig frisch (Z2) · 40 % mittel, mäßig frisch (M2)" }, "geometry": { "type": "Polygon", "coordinates": [ [ [ 13.58434, 52.72477 ], [ 13.58445, 52.72499 ], [ 13.58495, 52.72531 ], [ 13.58529, 52.72567 ], [ 13.58538, 52.72587 ], [ 13.58544, 52.72564 ], [ 13.58533, 52.72515 ], [ 13.58516, 52.72505 ], [ 13.58478, 52.72496 ], [ 13.58461, 52.7245 ], [ 13.58434, 52.72477 ] ] ] } },
{ "type": "Feature", "properties": { "boden": "50 % mittel, mäßig frisch (M2) · 30 % ziemlich arm, mäßig frisch (Z2) · 20 % ziemlich arm, mäßig frisch (Z2)" }, "geometry": { "type": "Polygon", "coordinates": [ [ [ 13.53102, 52.70573 ], [ 13.53272, 52.70161 ], [ 13.53423, 52.70109 ], [ 13.53913, 52.70182 ], [ 13.5397, 52.70091 ], [ 13.52871, 52.70077 ], [ 13.52879, 52.70125 ], [ 13.52874, 52.70268 ], [ 13.52841, 52.70425 ], [ 13.528, 52.7053 ], [ 13.52802, 52.70548 ], [ 13.52822, 52.70583 ], [ 13.52868, 52.70628 ], [ 13.52954, 52.70697 ], [ 13.5308, 52.70634 ], [ 13.53197, 52.70588 ], [ 13.53102, 52.70573 ] ] ] } },
{ "type": "Feature", "properties": { "boden": "100 % mittel, mäßig frisch (M2)" }, "geometry": { "type": "Polygon", "coordinates": [ [ [ 13.54154, 52.72246 ], [ 13.52469, 52.71747 ], [ 13.52382, 52.71811 ], [ 13.52382, 52.71968 ], [ 13.52354, 52.72019 ], [ 13.52347, 52.72084 ], [ 13.52366, 52.72233 ], [ 13.52358, 52.72272 ], [ 13.52392, 52.72352 ], [ 13.52841, 52.72274 ], [ 13.52881, 52.72316 ], [ 13.52905, 52.7233 ], [ 13.52931, 52.72325 ], [ 13.5298, 52.72326 ], [ 13.53156, 52.72363 ], [ 13.5327, 52.72369 ], [ 13.53319, 52.72359 ], [ 13.53362, 52.72329 ], [ 13.53385, 52.72303 ], [ 13.53411, 52.72293 ], [ 13.53459, 52.72279 ], [ 13.53501, 52.72279 ], [ 13.53538, 52.72288 ], [ 13.53635, 52.7233 ], [ 13.53769, 52.72406 ], [ 13.53786, 52.72423 ], [ 13.53851, 52.72445 ], [ 13.53898, 52.72449 ], [ 13.54014, 52.72436 ], [ 13.54096, 52.72434 ], [ 13.54154, 52.72246 ] ] ] } },
{ "type": "Feature", "properties": { "boden": "100 % arm, mäßig frisch (A2)" }, "geometry": { "type": "Polygon", "coordinates": [ [ [ 13.52338, 52.7254 ], [ 13.52349, 52.72632 ], [ 13.52505, 52.72615 ], [ 13.52547, 52.72618 ], [ 13.5263, 52.72644 ], [ 13.52738, 52.72603 ], [ 13.52788, 52.72595 ], [ 13.52906, 52.72544 ], [ 13.52914, 52.72522 ], [ 13.529, 52.72517 ], [ 13.52878, 52.72519 ], [ 13.5281, 52.72534 ], [ 13.5279, 52.72532 ], [ 13.52751, 52.72515 ], [ 13.52745, 52.72502 ], [ 13.52774, 52.72477 ], [ 13.52865, 52.72441 ], [ 13.5289, 52.72413 ], [ 13.52894, 52.724 ], [ 13.52888, 52.72388 ], [ 13.52841, 52.72365 ], [ 13.52775, 52.72347 ], [ 13.52695, 52.72347 ], [ 13.52655, 52.72357 ], [ 13.52593, 52.72383 ], [ 13.52572, 52.72401 ], [ 13.52545, 52.7243 ], [ 13.52505, 52.72505 ], [ 13.52487, 52.72521 ], [ 13.52455, 52.72536 ], [ 13.52428, 52.72541 ], [ 13.52338, 52.7254 ] ], [ [ 13.52413, 52.72579 ], [ 13.52398, 52.72577 ], [ 13.52389, 52.7257 ], [ 13.52441, 52.72562 ], [ 13.52464, 52.72553 ], [ 13.52548, 52.7255 ], [ 13.52569, 52.72559 ], [ 13.52565, 52.72568 ], [ 13.52549, 52.72568 ], [ 13.52533, 52.72576 ], [ 13.52458, 52.72569 ], [ 13.52413, 52.72579 ] ] ] } },
{ "type": "Feature", "properties": { "boden": "100 % mittel, mäßig frisch (M2)" }, "geometry": { "type": "Polygon", "coordinates": [ [ [ 13.55423, 52.70271 ], [ 13.55352, 52.70186 ], [ 13.55345, 52.7016 ], [ 13.55365, 52.70108 ], [ 13.55306, 52.70107 ], [ 13.55174, 52.70354 ], [ 13.55227, 52.70363 ], [ 13.55246, 52.70357 ], [ 13.55249, 52.7035 ], [ 13.55278, 52.70354 ], [ 13.55276, 52.70361 ], [ 13.55394, 52.7038 ], [ 13.55448, 52.70365 ], [ 13.55471, 52.70352 ], [ 13.55423, 52.70271 ] ] ] } },
{ "type": "Feature", "properties": { "boden": "80 % ziemlich arm, mäßig frisch (Z2) · 20 % ziemlich arm, frisch (Z1)" }, "geometry": { "type": "Polygon", "coordinates": [ [ [ 13.55345, 52.7016 ], [ 13.55352, 52.70186 ], [ 13.55423, 52.70271 ], [ 13.55471, 52.70352 ], [ 13.55496, 52.70334 ], [ 13.55522, 52.703 ], [ 13.55551, 52.70216 ], [ 13.55616, 52.70111 ], [ 13.55365, 52.70108 ], [ 13.55345, 52.7016 ] ] ] } },
{ "type": "Feature", "properties": { "boden": "50 % ziemlich arm, mäßig frisch (Z2) · 50 % arm, mäßig frisch (A2)" }, "geometry": { "type": "Polygon", "coordinates": [ [ [ 13.54732, 52.71016 ], [ 13.5477, 52.71022 ], [ 13.55118, 52.70371 ], [ 13.54892, 52.70329 ], [ 13.54878, 52.7034 ], [ 13.54869, 52.70337 ], [ 13.54873, 52.70326 ], [ 13.54862, 52.70316 ], [ 13.5487, 52.7031 ], [ 13.54891, 52.7031 ], [ 13.54919, 52.70296 ], [ 13.54927, 52.70301 ], [ 13.5491, 52.70313 ], [ 13.55134, 52.70343 ], [ 13.55261, 52.70106 ], [ 13.54575, 52.70098 ], [ 13.54422, 52.70186 ], [ 13.54411, 52.70466 ], [ 13.54435, 52.70466 ], [ 13.54438, 52.70423 ], [ 13.54833, 52.70432 ], [ 13.55, 52.70442 ], [ 13.54982, 52.70476 ], [ 13.54985, 52.70485 ], [ 13.54818, 52.70774 ], [ 13.54792, 52.70839 ], [ 13.54827, 52.70837 ], [ 13.54834, 52.70845 ], [ 13.54832, 52.70865 ], [ 13.54821, 52.70871 ], [ 13.54762, 52.70873 ], [ 13.54747, 52.70866 ], [ 13.54748, 52.70848 ], [ 13.54755, 52.70837 ], [ 13.54624, 52.70816 ], [ 13.54619, 52.70828 ], [ 13.54498, 52.7081 ], [ 13.54488, 52.70887 ], [ 13.54297, 52.70866 ], [ 13.54226, 52.70875 ], [ 13.54188, 52.70866 ], [ 13.54163, 52.70917 ], [ 13.54157, 52.70964 ], [ 13.54177, 52.71019 ], [ 13.54196, 52.71118 ], [ 13.54294, 52.71118 ], [ 13.54533, 52.71069 ], [ 13.54586, 52.71065 ], [ 13.54674, 52.71068 ], [ 13.5474, 52.71079 ], [ 13.54732, 52.71016 ] ], [ [ 13.54231, 52.7095 ], [ 13.54253, 52.70966 ], [ 13.54276, 52.70976 ], [ 13.54277, 52.7099 ], [ 13.54248, 52.70987 ], [ 13.54231, 52.70962 ], [ 13.54231, 52.7095 ] ], [ [ 13.54582, 52.70867 ], [ 13.54649, 52.70837 ], [ 13.54677, 52.7084 ], [ 13.5468, 52.7087 ], [ 13.54621, 52.70913 ], [ 13.54582, 52.70867 ] ] ] } },
{ "type": "Feature", "properties": { "boden": "100 % kräftig, mäßig frisch (K2)" }, "geometry": { "type": "Polygon", "coordinates": [ [ [ 13.58284, 52.70992 ], [ 13.58346, 52.71007 ], [ 13.58384, 52.71011 ], [ 13.58413, 52.71008 ], [ 13.58449, 52.70993 ], [ 13.58466, 52.70959 ], [ 13.58436, 52.70935 ], [ 13.58413, 52.70925 ], [ 13.5837, 52.70915 ], [ 13.58284, 52.70992 ] ] ] } },
{ "type": "Feature", "properties": { "boden": "70 % mittel, mäßig frisch (M2) · 30 % ziemlich arm, mäßig frisch (Z2)" }, "geometry": { "type": "Polygon", "coordinates": [ [ [ 13.58678, 52.71614 ], [ 13.58671, 52.71605 ], [ 13.58653, 52.71358 ], [ 13.58677, 52.71315 ], [ 13.58703, 52.71303 ], [ 13.58747, 52.71291 ], [ 13.58826, 52.71285 ], [ 13.58918, 52.71303 ], [ 13.58952, 52.71324 ], [ 13.58974, 52.71347 ], [ 13.59009, 52.71422 ], [ 13.59018, 52.71466 ], [ 13.58991, 52.71587 ], [ 13.59077, 52.71462 ], [ 13.59124, 52.71371 ], [ 13.59119, 52.71344 ], [ 13.59031, 52.71269 ], [ 13.59019, 52.71251 ], [ 13.59021, 52.71242 ], [ 13.59032, 52.71234 ], [ 13.59053, 52.7123 ], [ 13.59123, 52.71226 ], [ 13.59118, 52.71213 ], [ 13.59182, 52.711 ], [ 13.59173, 52.70954 ], [ 13.59009, 52.70935 ], [ 13.58941, 52.70817 ], [ 13.58892, 52.7076 ], [ 13.58789, 52.70738 ], [ 13.58755, 52.708 ], [ 13.58565, 52.7078 ], [ 13.58562, 52.70785 ], [ 13.58527, 52.70781 ], [ 13.5837, 52.70915 ], [ 13.58413, 52.70925 ], [ 13.58456, 52.70949 ], [ 13.58466, 52.70959 ], [ 13.58449, 52.70993 ], [ 13.58413, 52.71008 ], [ 13.58384, 52.71011 ], [ 13.58346, 52.71007 ], [ 13.58284, 52.70992 ], [ 13.57937, 52.71292 ], [ 13.5767, 52.71483 ], [ 13.57664, 52.71494 ], [ 13.57593, 52.71545 ], [ 13.57615, 52.7166 ], [ 13.57638, 52.71704 ], [ 13.57667, 52.7173 ], [ 13.57684, 52.71743 ], [ 13.57729, 52.7176 ], [ 13.57875, 52.71794 ], [ 13.5789, 52.71809 ], [ 13.57897, 52.71878 ], [ 13.57883, 52.71928 ], [ 13.57889, 52.71953 ], [ 13.57939, 52.7201 ], [ 13.58065, 52.72062 ], [ 13.5814, 52.72084 ], [ 13.5825, 52.72125 ], [ 13.58369, 52.72135 ], [ 13.5841, 52.72147 ], [ 13.5844, 52.72165 ], [ 13.58431, 52.72105 ], [ 13.58402, 52.72027 ], [ 13.58364, 52.71977 ], [ 13.58356, 52.71945 ], [ 13.58361, 52.71917 ], [ 13.5838, 52.71896 ], [ 13.58427, 52.71867 ], [ 13.58466, 52.71853 ], [ 13.58633, 52.71825 ], [ 13.58685, 52.71827 ], [ 13.58709, 52.71841 ], [ 13.58678, 52.71614 ] ], [ [ 13.5805, 52.7182 ], [ 13.58079, 52.71839 ], [ 13.58076, 52.71877 ], [ 13.58092, 52.71912 ], [ 13.58085, 52.71924 ], [ 13.5807, 52.71927 ], [ 13.58048, 52.71922 ], [ 13.58037, 52.71913 ], [ 13.58007, 52.71857 ], [ 13.58035, 52.71821 ], [ 13.5805, 52.7182 ] ], [ [ 13.58285, 52.71973 ], [ 13.58289, 52.71989 ], [ 13.58282, 52.71996 ], [ 13.58259, 52.72001 ], [ 13.58175, 52.71985 ], [ 13.58155, 52.71974 ], [ 13.58173, 52.71968 ], [ 13.58243, 52.71963 ], [ 13.58271, 52.71965 ], [ 13.58285, 52.71973 ] ] ] } },
{ "type": "Feature", "properties": { "boden": "70 % mittel, trocken (vermutet) (M3) · 30 % ziemlich arm, trocken (vermutet) (Z3)" }, "geometry": { "type": "Polygon", "coordinates": [ [ [ 13.58039, 52.71819 ], [ 13.58008, 52.71851 ], [ 13.5801, 52.71868 ], [ 13.58037, 52.71913 ], [ 13.58048, 52.71922 ], [ 13.5807, 52.71927 ], [ 13.58085, 52.71924 ], [ 13.58092, 52.71912 ], [ 13.58076, 52.71877 ], [ 13.58079, 52.71839 ], [ 13.58067, 52.71828 ], [ 13.58039, 52.71819 ] ] ] } },
{ "type": "Feature", "properties": { "boden": "70 % mittel, trocken (vermutet) (M3) · 30 % ziemlich arm, trocken (vermutet) (Z3)" }, "geometry": { "type": "Polygon", "coordinates": [ [ [ 13.58271, 52.71965 ], [ 13.58173, 52.71968 ], [ 13.58155, 52.71974 ], [ 13.58175, 52.71985 ], [ 13.58248, 52.72 ], [ 13.58272, 52.72001 ], [ 13.58289, 52.71989 ], [ 13.58285, 52.71973 ], [ 13.58271, 52.71965 ] ] ] } },
{ "type": "Feature", "properties": { "boden": "100 % mittel, mäßig frisch (M2)" }, "geometry": { "type": "Polygon", "coordinates": [ [ [ 13.57029, 52.72454 ], [ 13.57021, 52.72389 ], [ 13.57029, 52.72328 ], [ 13.57037, 52.72314 ], [ 13.57153, 52.72225 ], [ 13.57174, 52.7222 ], [ 13.57231, 52.7222 ], [ 13.57228, 52.72205 ], [ 13.57238, 52.72197 ], [ 13.57248, 52.72196 ], [ 13.57278, 52.72208 ], [ 13.57353, 52.72243 ], [ 13.57486, 52.72277 ], [ 13.57546, 52.72258 ], [ 13.57634, 52.72248 ], [ 13.57671, 52.72224 ], [ 13.57709, 52.72241 ], [ 13.57753, 52.72273 ], [ 13.57817, 52.72284 ], [ 13.57836, 52.72289 ], [ 13.57843, 52.72298 ], [ 13.57888, 52.72285 ], [ 13.57949, 52.72209 ], [ 13.58025, 52.72219 ], [ 13.58137, 52.72165 ], [ 13.5825, 52.72125 ], [ 13.5814, 52.72084 ], [ 13.58065, 52.72062 ], [ 13.57939, 52.7201 ], [ 13.57889, 52.71953 ], [ 13.57883, 52.71928 ], [ 13.57897, 52.71878 ], [ 13.5789, 52.71809 ], [ 13.57875, 52.71794 ], [ 13.57729, 52.7176 ], [ 13.57684, 52.71743 ], [ 13.57667, 52.7173 ], [ 13.57638, 52.71704 ], [ 13.57615, 52.7166 ], [ 13.57593, 52.71545 ], [ 13.57393, 52.71693 ], [ 13.57288, 52.71811 ], [ 13.57203, 52.71925 ], [ 13.56896, 52.7229 ], [ 13.5676, 52.72533 ], [ 13.56818, 52.72512 ], [ 13.56958, 52.72491 ], [ 13.57029, 52.72454 ] ], [ [ 13.57233, 52.72088 ], [ 13.57237, 52.72105 ], [ 13.57231, 52.72122 ], [ 13.57216, 52.72134 ], [ 13.5719, 52.72145 ], [ 13.57178, 52.72145 ], [ 13.57168, 52.72137 ], [ 13.57163, 52.72124 ], [ 13.57167, 52.72092 ], [ 13.57183, 52.72081 ], [ 13.57216, 52.72081 ], [ 13.57233, 52.72088 ] ], [ [ 13.58061, 52.72096 ], [ 13.58064, 52.72106 ], [ 13.58024, 52.72109 ], [ 13.58014, 52.72102 ], [ 13.58011, 52.72085 ], [ 13.58019, 52.72081 ], [ 13.58033, 52.72084 ], [ 13.58061, 52.72096 ] ] ] } },
{ "type": "Feature", "properties": { "boden": "100 % mittel, trocken (vermutet) (M3)" }, "geometry": { "type": "Polygon", "coordinates": [ [ [ 13.58019, 52.72081 ], [ 13.5801, 52.7209 ], [ 13.5802, 52.72108 ], [ 13.58036, 52.7211 ], [ 13.58064, 52.72106 ], [ 13.58061, 52.72096 ], [ 13.58019, 52.72081 ] ] ] } },
{ "type": "Feature", "properties": { "boden": "100 % mittel, trocken (vermutet) (M3)" }, "geometry": { "type": "Polygon", "coordinates": [ [ [ 13.57216, 52.72081 ], [ 13.57183, 52.72081 ], [ 13.57167, 52.72092 ], [ 13.57163, 52.72124 ], [ 13.57168, 52.72137 ], [ 13.57178, 52.72145 ], [ 13.5719, 52.72145 ], [ 13.57216, 52.72134 ], [ 13.57231, 52.72122 ], [ 13.57236, 52.72093 ], [ 13.57229, 52.72085 ], [ 13.57216, 52.72081 ] ] ] } },
{ "type": "Feature", "properties": { "boden": "100 % mittel, mäßig frisch (M2)" }, "geometry": { "type": "Polygon", "coordinates": [ [ [ 13.57231, 52.7222 ], [ 13.57318, 52.72234 ], [ 13.57353, 52.72243 ], [ 13.57248, 52.72196 ], [ 13.57231, 52.72199 ], [ 13.57231, 52.7222 ] ] ] } },
{ "type": "Feature", "properties": { "boden": "100 % mittel, mäßig frisch (M2)" }, "geometry": { "type": "Polygon", "coordinates": [ [ [ 13.57643, 52.72245 ], [ 13.57546, 52.72258 ], [ 13.57486, 52.72277 ], [ 13.57527, 52.72281 ], [ 13.57609, 52.72273 ], [ 13.57631, 52.7226 ], [ 13.57643, 52.72245 ] ] ] } },
{ "type": "Feature", "properties": { "boden": "100 % mittel, mäßig frisch (M2)" }, "geometry": { "type": "Polygon", "coordinates": [ [ [ 13.57842, 52.72297 ], [ 13.57836, 52.72289 ], [ 13.57817, 52.72284 ], [ 13.57753, 52.72273 ], [ 13.57685, 52.72229 ], [ 13.57714, 52.72263 ], [ 13.57764, 52.72291 ], [ 13.57785, 52.72299 ], [ 13.57808, 52.72301 ], [ 13.57842, 52.72297 ] ] ] } },
{ "type": "Feature", "properties": { "boden": "100 % mittel, mäßig frisch (M+2)" }, "geometry": { "type": "Polygon", "coordinates": [ [ [ 13.5841, 52.72147 ], [ 13.58354, 52.72132 ], [ 13.5825, 52.72125 ], [ 13.58137, 52.72165 ], [ 13.58025, 52.72219 ], [ 13.5828, 52.72253 ], [ 13.58284, 52.72324 ], [ 13.58324, 52.72334 ], [ 13.58353, 52.72356 ], [ 13.58374, 52.72361 ], [ 13.58404, 52.72391 ], [ 13.58447, 52.72422 ], [ 13.58461, 52.7245 ], [ 13.58491, 52.72389 ], [ 13.58502, 52.72323 ], [ 13.58488, 52.72242 ], [ 13.5844, 52.72165 ], [ 13.5841, 52.72147 ] ] ] } },
{ "type": "Feature", "properties": { "boden": "60 % mittel, trocken (vermutet) (M3) · 20 % kräftig, trocken (vermutet) (K3) · 20 % ziemlich arm, trocken (vermutet) (Z3)" }, "geometry": { "type": "Polygon", "coordinates": [ [ [ 13.57607, 52.72308 ], [ 13.57588, 52.72312 ], [ 13.57578, 52.72325 ], [ 13.57605, 52.72334 ], [ 13.57635, 52.72336 ], [ 13.57638, 52.72328 ], [ 13.57607, 52.72308 ] ] ] } },
{ "type": "Feature", "properties": { "boden": "60 % mittel, mäßig frisch (M2) · 20 % kräftig, mäßig frisch (K2) · 20 % ziemlich arm, mäßig frisch (Z2)" }, "geometry": { "type": "Polygon", "coordinates": [ [ [ 13.57525, 52.72336 ], [ 13.57531, 52.72326 ], [ 13.57522, 52.72315 ], [ 13.57506, 52.72311 ], [ 13.5749, 52.72314 ], [ 13.57481, 52.72326 ], [ 13.57489, 52.72338 ], [ 13.57505, 52.72341 ], [ 13.57525, 52.72336 ] ] ] } },
{ "type": "Feature", "properties": { "boden": "60 % mittel, mäßig frisch (M2) · 20 % kräftig, mäßig frisch (K2) · 20 % ziemlich arm, mäßig frisch (Z2)" }, "geometry": { "type": "Polygon", "coordinates": [ [ [ 13.5791, 52.72294 ], [ 13.57885, 52.72297 ], [ 13.5789, 52.72315 ], [ 13.57942, 52.72342 ], [ 13.57967, 52.72376 ], [ 13.58003, 52.72384 ], [ 13.57994, 52.72401 ], [ 13.58003, 52.72413 ], [ 13.58025, 52.7242 ], [ 13.5805, 52.72417 ], [ 13.58047, 52.72406 ], [ 13.58019, 52.72387 ], [ 13.58018, 52.72354 ], [ 13.58012, 52.72346 ], [ 13.57965, 52.72329 ], [ 13.5793, 52.72301 ], [ 13.5791, 52.72294 ] ] ] } },
{ "type": "Feature", "properties": { "boden": "100 % mittel, mäßig frisch (M+2)" }, "geometry": { "type": "Polygon", "coordinates": [ [ [ 13.58461, 52.72448 ], [ 13.58447, 52.72422 ], [ 13.58404, 52.72391 ], [ 13.58374, 52.72361 ], [ 13.58353, 52.72356 ], [ 13.58324, 52.72334 ], [ 13.58284, 52.72324 ], [ 13.58288, 52.72373 ], [ 13.58316, 52.72385 ], [ 13.58346, 52.7241 ], [ 13.58395, 52.7242 ], [ 13.58434, 52.72477 ], [ 13.58461, 52.72448 ] ] ] } },
{ "type": "Feature", "properties": { "boden": "60 % mittel, trocken (vermutet) (M3) · 20 % kräftig, trocken (vermutet) (K3) · 20 % ziemlich arm, trocken (vermutet) (Z3)" }, "geometry": { "type": "Polygon", "coordinates": [ [ [ 13.57191, 52.72219 ], [ 13.5716, 52.72223 ], [ 13.57158, 52.72272 ], [ 13.57166, 52.72302 ], [ 13.5718, 52.72316 ], [ 13.57232, 52.72357 ], [ 13.57321, 52.72395 ], [ 13.57435, 52.72436 ], [ 13.57453, 52.72454 ], [ 13.5747, 52.72496 ], [ 13.57531, 52.72518 ], [ 13.57566, 52.72545 ], [ 13.57582, 52.72564 ], [ 13.57591, 52.72567 ], [ 13.57602, 52.72564 ], [ 13.57641, 52.72538 ], [ 13.57644, 52.72526 ], [ 13.57625, 52.72513 ], [ 13.57577, 52.72504 ], [ 13.57554, 52.72483 ], [ 13.57566, 52.72468 ], [ 13.576, 52.72445 ], [ 13.57604, 52.72434 ], [ 13.57597, 52.72427 ], [ 13.57477, 52.72381 ], [ 13.57394, 52.72372 ], [ 13.57322, 52.72352 ], [ 13.57293, 52.72332 ], [ 13.57272, 52.72306 ], [ 13.57269, 52.72289 ], [ 13.57275, 52.72279 ], [ 13.57238, 52.72269 ], [ 13.57215, 52.7225 ], [ 13.57191, 52.72219 ] ] ] } },
{ "type": "Feature", "properties": { "boden": "30 % mittel, mäßig frisch (M2) · 30 % mittel, mäßig frisch (M2) · 40 % mittel, mäßig frisch (M+2)" }, "geometry": { "type": "Polygon", "coordinates": [ [ [ 13.60071, 52.71078 ], [ 13.60055, 52.71082 ], [ 13.60045, 52.71093 ], [ 13.60051, 52.71103 ], [ 13.6007, 52.71109 ], [ 13.60086, 52.71106 ], [ 13.60096, 52.71094 ], [ 13.60087, 52.71082 ], [ 13.60071, 52.71078 ] ] ] } },
{ "type": "Feature", "properties": { "boden": "30 % mittel, mäßig frisch (M2) · 30 % mittel, mäßig frisch (M2) · 40 % mittel, mäßig frisch (M+2)" }, "geometry": { "type": "Polygon", "coordinates": [ [ [ 13.60551, 52.71149 ], [ 13.60535, 52.71152 ], [ 13.60526, 52.71164 ], [ 13.60531, 52.71174 ], [ 13.6055, 52.71179 ], [ 13.6057, 52.71174 ], [ 13.60576, 52.71164 ], [ 13.6057, 52.71155 ], [ 13.60551, 52.71149 ] ] ] } },
{ "type": "Feature", "properties": { "boden": "100 % mittel, mäßig frisch (M2)" }, "geometry": { "type": "Polygon", "coordinates": [ [ [ 13.60791, 52.72803 ], [ 13.6068, 52.7278 ], [ 13.60654, 52.7277 ], [ 13.60603, 52.72772 ], [ 13.60454, 52.72764 ], [ 13.60311, 52.72778 ], [ 13.60217, 52.72803 ], [ 13.60093, 52.72848 ], [ 13.60047, 52.72883 ], [ 13.60034, 52.72901 ], [ 13.60047, 52.7291 ], [ 13.60147, 52.72937 ], [ 13.60182, 52.72943 ], [ 13.60211, 52.72943 ], [ 13.60248, 52.72976 ], [ 13.60256, 52.72955 ], [ 13.60337, 52.72922 ], [ 13.60381, 52.72895 ], [ 13.60393, 52.72861 ], [ 13.60436, 52.72831 ], [ 13.605, 52.72845 ], [ 13.60556, 52.7287 ], [ 13.60609, 52.72903 ], [ 13.60806, 52.72813 ], [ 13.60791, 52.72803 ] ] ] } },
{ "type": "Feature", "properties": { "boden": "50 % ziemlich arm, mäßig frisch (Z2) · 50 % mittel, mäßig frisch (M2)" }, "geometry": { "type": "Polygon", "coordinates": [ [ [ 13.60047, 52.72883 ], [ 13.60093, 52.72848 ], [ 13.60141, 52.72827 ], [ 13.60311, 52.72778 ], [ 13.60454, 52.72764 ], [ 13.60603, 52.72772 ], [ 13.60654, 52.7277 ], [ 13.60727, 52.72751 ], [ 13.60747, 52.72739 ], [ 13.60768, 52.72713 ], [ 13.60776, 52.72686 ], [ 13.60768, 52.72633 ], [ 13.60748, 52.7261 ], [ 13.60035, 52.72762 ], [ 13.60013, 52.7277 ], [ 13.59965, 52.7278 ], [ 13.59944, 52.72776 ], [ 13.5991, 52.72812 ], [ 13.59885, 52.72857 ], [ 13.59844, 52.72912 ], [ 13.59756, 52.73004 ], [ 13.59778, 52.73031 ], [ 13.59782, 52.73047 ], [ 13.59822, 52.73034 ], [ 13.59815, 52.73044 ], [ 13.5982, 52.73051 ], [ 13.59902, 52.73071 ], [ 13.59933, 52.73085 ], [ 13.59953, 52.73102 ], [ 13.59958, 52.73119 ], [ 13.59949, 52.73142 ], [ 13.59917, 52.73182 ], [ 13.59915, 52.73191 ], [ 13.59934, 52.7321 ], [ 13.59969, 52.73189 ], [ 13.59977, 52.73169 ], [ 13.59975, 52.73148 ], [ 13.5999, 52.73124 ], [ 13.60001, 52.73121 ], [ 13.6002, 52.73131 ], [ 13.60024, 52.73144 ], [ 13.60001, 52.73161 ], [ 13.59991, 52.73176 ], [ 13.59996, 52.73214 ], [ 13.59985, 52.73241 ], [ 13.59991, 52.73255 ], [ 13.60042, 52.73242 ], [ 13.6008, 52.732 ], [ 13.60063, 52.73114 ], [ 13.60001, 52.73018 ], [ 13.59997, 52.72968 ], [ 13.60047, 52.72883 ] ] ] } },
{ "type": "Feature", "properties": { "boden": "100 % mittel, trocken (vermutet) (M3)" }, "geometry": { "type": "Polygon", "coordinates": [ [ [ 13.60565, 52.73065 ], [ 13.60723, 52.73044 ], [ 13.60739, 52.73035 ], [ 13.60746, 52.73022 ], [ 13.60737, 52.73014 ], [ 13.6069, 52.73005 ], [ 13.60603, 52.73015 ], [ 13.60537, 52.73035 ], [ 13.60507, 52.73037 ], [ 13.60513, 52.73044 ], [ 13.60507, 52.7305 ], [ 13.60474, 52.73042 ], [ 13.60452, 52.73042 ], [ 13.6043, 52.73047 ], [ 13.60423, 52.73056 ], [ 13.60424, 52.73062 ], [ 13.60446, 52.73071 ], [ 13.60491, 52.73079 ], [ 13.60538, 52.73081 ], [ 13.60565, 52.73065 ] ] ] } },
{ "type": "Feature", "properties": { "boden": "50 % ziemlich arm, mäßig frisch (Z2) · 50 % mittel, mäßig frisch (M2)" }, "geometry": { "type": "Polygon", "coordinates": [ [ [ 13.59784, 52.73058 ], [ 13.59814, 52.73084 ], [ 13.59841, 52.73094 ], [ 13.59878, 52.7312 ], [ 13.5988, 52.73134 ], [ 13.59862, 52.73155 ], [ 13.59856, 52.73172 ], [ 13.59876, 52.73175 ], [ 13.59915, 52.73191 ], [ 13.59917, 52.73182 ], [ 13.59949, 52.73142 ], [ 13.59958, 52.73119 ], [ 13.59953, 52.73102 ], [ 13.59933, 52.73085 ], [ 13.59902, 52.73071 ], [ 13.5982, 52.73051 ], [ 13.59815, 52.73044 ], [ 13.59822, 52.73034 ], [ 13.5979, 52.73041 ], [ 13.59782, 52.73047 ], [ 13.59784, 52.73058 ] ] ] } },
{ "type": "Feature", "properties": { "boden": "50 % ziemlich arm, mäßig frisch (Z2) · 50 % mittel, mäßig frisch (M2)" }, "geometry": { "type": "Polygon", "coordinates": [ [ [ 13.59784, 52.73058 ], [ 13.59747, 52.73116 ], [ 13.59752, 52.73133 ], [ 13.59761, 52.73113 ], [ 13.59794, 52.73097 ], [ 13.5983, 52.73102 ], [ 13.59862, 52.73121 ], [ 13.59838, 52.73139 ], [ 13.59831, 52.73171 ], [ 13.59856, 52.73172 ], [ 13.59862, 52.73155 ], [ 13.5988, 52.73134 ], [ 13.59878, 52.7312 ], [ 13.59841, 52.73094 ], [ 13.59814, 52.73084 ], [ 13.59784, 52.73058 ] ] ] } },
{ "type": "Feature", "properties": { "boden": "50 % ziemlich arm, trocken (vermutet) (Z3) · 50 % mittel, trocken (vermutet) (M3)" }, "geometry": { "type": "Polygon", "coordinates": [ [ [ 13.59765, 52.73179 ], [ 13.59831, 52.73171 ], [ 13.59838, 52.73139 ], [ 13.59862, 52.73121 ], [ 13.5983, 52.73102 ], [ 13.59803, 52.73096 ], [ 13.59761, 52.73113 ], [ 13.59752, 52.73133 ], [ 13.59765, 52.73179 ] ] ] } },
{ "type": "Feature", "properties": { "boden": "100 % mittel, mäßig frisch (M2)" }, "geometry": { "type": "Polygon", "coordinates": [ [ [ 13.61249, 52.73778 ], [ 13.61217, 52.73744 ], [ 13.61218, 52.73725 ], [ 13.61255, 52.73731 ], [ 13.61304, 52.73769 ], [ 13.61512, 52.73752 ], [ 13.61496, 52.73724 ], [ 13.61475, 52.73713 ], [ 13.6141, 52.73705 ], [ 13.61299, 52.73705 ], [ 13.61273, 52.73701 ], [ 13.61258, 52.73695 ], [ 13.6125, 52.73682 ], [ 13.61253, 52.73662 ], [ 13.61272, 52.73654 ], [ 13.61336, 52.73645 ], [ 13.61631, 52.73622 ], [ 13.61619, 52.73598 ], [ 13.61623, 52.73557 ], [ 13.61608, 52.73507 ], [ 13.6161, 52.73474 ], [ 13.61594, 52.73459 ], [ 13.61581, 52.73425 ], [ 13.61567, 52.73419 ], [ 13.61577, 52.73405 ], [ 13.61578, 52.73391 ], [ 13.61499, 52.73314 ], [ 13.61458, 52.73258 ], [ 13.61453, 52.73233 ], [ 13.61466, 52.73149 ], [ 13.61421, 52.73102 ], [ 13.61427, 52.731 ], [ 13.61413, 52.73053 ], [ 13.61415, 52.73004 ], [ 13.61431, 52.72978 ], [ 13.61291, 52.72849 ], [ 13.61213, 52.72766 ], [ 13.61184, 52.72727 ], [ 13.61138, 52.72645 ], [ 13.61121, 52.72576 ], [ 13.61118, 52.72533 ], [ 13.60748, 52.7261 ], [ 13.60768, 52.72633 ], [ 13.60775, 52.72657 ], [ 13.60776, 52.72686 ], [ 13.60768, 52.72713 ], [ 13.60747, 52.72739 ], [ 13.60727, 52.72751 ], [ 13.60654, 52.7277 ], [ 13.6068, 52.7278 ], [ 13.60791, 52.72803 ], [ 13.60806, 52.72813 ], [ 13.60824, 52.72805 ], [ 13.60936, 52.72872 ], [ 13.60732, 52.72964 ], [ 13.60573, 52.73011 ], [ 13.60504, 52.72965 ], [ 13.60356, 52.7304 ], [ 13.6033, 52.73041 ], [ 13.60211, 52.72943 ], [ 13.60182, 52.72943 ], [ 13.60147, 52.72937 ], [ 13.60047, 52.7291 ], [ 13.60034, 52.72901 ], [ 13.59997, 52.72968 ], [ 13.60001, 52.73018 ], [ 13.60063, 52.73114 ], [ 13.6008, 52.732 ], [ 13.60042, 52.73242 ], [ 13.59989, 52.73254 ], [ 13.6001, 52.73265 ], [ 13.60059, 52.73255 ], [ 13.60095, 52.73256 ], [ 13.6014, 52.7327 ], [ 13.60181, 52.73273 ], [ 13.60205, 52.73285 ], [ 13.60212, 52.73293 ], [ 13.60184, 52.73296 ], [ 13.60134, 52.73285 ], [ 13.6005, 52.73284 ], [ 13.60026, 52.73279 ], [ 13.60001, 52.73287 ], [ 13.59985, 52.73286 ], [ 13.59964, 52.73276 ], [ 13.59935, 52.73252 ], [ 13.59933, 52.73242 ], [ 13.59947, 52.73228 ], [ 13.59921, 52.73195 ], [ 13.59915, 52.73191 ], [ 13.59899, 52.73205 ], [ 13.59872, 52.73206 ], [ 13.59856, 52.7319 ], [ 13.59856, 52.73172 ], [ 13.59849, 52.73171 ], [ 13.59831, 52.73171 ], [ 13.59827, 52.73207 ], [ 13.59808, 52.73221 ], [ 13.59789, 52.73221 ], [ 13.59776, 52.73215 ], [ 13.59765, 52.73179 ], [ 13.59775, 52.73221 ], [ 13.59741, 52.73212 ], [ 13.59751, 52.7327 ], [ 13.59723, 52.73275 ], [ 13.59743, 52.73316 ], [ 13.59757, 52.73328 ], [ 13.59765, 52.73326 ], [ 13.59844, 52.73357 ], [ 13.59886, 52.73368 ], [ 13.59924, 52.73374 ], [ 13.60086, 52.73364 ], [ 13.60276, 52.73393 ], [ 13.60256, 52.733 ], [ 13.60262, 52.7326 ], [ 13.60291, 52.73185 ], [ 13.60322, 52.73162 ], [ 13.60356, 52.73148 ], [ 13.60437, 52.73139 ], [ 13.60484, 52.7318 ], [ 13.60526, 52.73344 ], [ 13.60514, 52.73387 ], [ 13.6058, 52.73407 ], [ 13.60608, 52.73428 ], [ 13.60568, 52.73428 ], [ 13.6081, 52.73492 ], [ 13.6082, 52.73494 ], [ 13.60829, 52.73479 ], [ 13.60877, 52.73502 ], [ 13.61203, 52.73785 ], [ 13.61249, 52.73778 ] ], [ [ 13.61396, 52.73472 ], [ 13.61391, 52.73483 ], [ 13.61376, 52.73491 ], [ 13.61357, 52.73491 ], [ 13.61319, 52.73482 ], [ 13.61328, 52.73474 ], [ 13.61371, 52.73465 ], [ 13.61396, 52.73472 ] ], [ [ 13.60755, 52.73284 ], [ 13.60758, 52.73301 ], [ 13.60734, 52.73317 ], [ 13.6072, 52.73321 ], [ 13.60654, 52.733 ], [ 13.60634, 52.73289 ], [ 13.60623, 52.7327 ], [ 13.60633, 52.73264 ], [ 13.60657, 52.7327 ], [ 13.60691, 52.73268 ], [ 13.6071, 52.73274 ], [ 13.6073, 52.73273 ], [ 13.60755, 52.73284 ] ], [ [ 13.61388, 52.73276 ], [ 13.61386, 52.73293 ], [ 13.61364, 52.73301 ], [ 13.61348, 52.73299 ], [ 13.61352, 52.73271 ], [ 13.61369, 52.73266 ], [ 13.6138, 52.73267 ], [ 13.61388, 52.73276 ] ], [ [ 13.61182, 52.73139 ], [ 13.61158, 52.73157 ], [ 13.61085, 52.73178 ], [ 13.6097, 52.73189 ], [ 13.60901, 52.73176 ], [ 13.60882, 52.73168 ], [ 13.60817, 52.7309 ], [ 13.60786, 52.73021 ], [ 13.6079, 52.72984 ], [ 13.60834, 52.72943 ], [ 13.60927, 52.72898 ], [ 13.61113, 52.72852 ], [ 13.61163, 52.72856 ], [ 13.61194, 52.72866 ], [ 13.61216, 52.72877 ], [ 13.61231, 52.72894 ], [ 13.61236, 52.72927 ], [ 13.61207, 52.73103 ], [ 13.61182, 52.73139 ] ], [ [ 13.60565, 52.73065 ], [ 13.60538, 52.73081 ], [ 13.60511, 52.73081 ], [ 13.60446, 52.73071 ], [ 13.60424, 52.73062 ], [ 13.60423, 52.73056 ], [ 13.6043, 52.73047 ], [ 13.60452, 52.73042 ], [ 13.60474, 52.73042 ], [ 13.60507, 52.7305 ], [ 13.60513, 52.73044 ], [ 13.60507, 52.73037 ], [ 13.60537, 52.73035 ], [ 13.60603, 52.73015 ], [ 13.6069, 52.73005 ], [ 13.60728, 52.7301 ], [ 13.60746, 52.73022 ], [ 13.60744, 52.73031 ], [ 13.60723, 52.73044 ], [ 13.60565, 52.73065 ] ], [ [ 13.60074, 52.73321 ], [ 13.60089, 52.73331 ], [ 13.60084, 52.73342 ], [ 13.60052, 52.73359 ], [ 13.60013, 52.73365 ], [ 13.59983, 52.73363 ], [ 13.59964, 52.73356 ], [ 13.59967, 52.73335 ], [ 13.59986, 52.73316 ], [ 13.60013, 52.73312 ], [ 13.60074, 52.73321 ] ] ] } },
{ "type": "Feature", "properties": { "boden": "50 % ziemlich arm, trocken (vermutet) (Z3) · 50 % mittel, trocken (vermutet) (M3)" }, "geometry": { "type": "Polygon", "coordinates": [ [ [ 13.59935, 52.7321 ], [ 13.59954, 52.73239 ], [ 13.59974, 52.73252 ], [ 13.59989, 52.73254 ], [ 13.59985, 52.73241 ], [ 13.59996, 52.73214 ], [ 13.59991, 52.73176 ], [ 13.60001, 52.73161 ], [ 13.60024, 52.73144 ], [ 13.6002, 52.73131 ], [ 13.60001, 52.73121 ], [ 13.5999, 52.73124 ], [ 13.59978, 52.73138 ], [ 13.59973, 52.73182 ], [ 13.59956, 52.73199 ], [ 13.59935, 52.7321 ] ] ] } },
{ "type": "Feature", "properties": { "boden": "60 % mittel, mäßig frisch (M2) · 20 % kräftig, mäßig frisch (K2) · 20 % ziemlich arm, mäßig frisch (Z2)" }, "geometry": { "type": "Polygon", "coordinates": [ [ [ 13.57888, 52.72285 ], [ 13.57843, 52.72298 ], [ 13.57849, 52.72319 ], [ 13.57912, 52.72343 ], [ 13.57933, 52.72363 ], [ 13.57929, 52.7238 ], [ 13.57897, 52.72408 ], [ 13.57907, 52.72442 ], [ 13.57985, 52.72511 ], [ 13.58045, 52.7254 ], [ 13.58098, 52.72539 ], [ 13.5804, 52.72352 ], [ 13.57938, 52.72301 ], [ 13.57888, 52.72285 ] ], [ [ 13.5793, 52.72301 ], [ 13.57965, 52.72329 ], [ 13.58012, 52.72346 ], [ 13.58018, 52.72354 ], [ 13.58019, 52.72387 ], [ 13.58047, 52.72406 ], [ 13.5805, 52.72417 ], [ 13.58025, 52.7242 ], [ 13.58003, 52.72413 ], [ 13.57994, 52.72401 ], [ 13.58005, 52.72386 ], [ 13.57975, 52.72379 ], [ 13.5796, 52.72371 ], [ 13.57945, 52.72344 ], [ 13.5789, 52.72315 ], [ 13.57882, 52.723 ], [ 13.57891, 52.72295 ], [ 13.5791, 52.72294 ], [ 13.5793, 52.72301 ] ], [ [ 13.57985, 52.72423 ], [ 13.57996, 52.72443 ], [ 13.57993, 52.72457 ], [ 13.57971, 52.7247 ], [ 13.57952, 52.72458 ], [ 13.57944, 52.72446 ], [ 13.57944, 52.72411 ], [ 13.57962, 52.72403 ], [ 13.57985, 52.72423 ] ], [ [ 13.58059, 52.72471 ], [ 13.58066, 52.72499 ], [ 13.58059, 52.72507 ], [ 13.58018, 52.72483 ], [ 13.58013, 52.72467 ], [ 13.58036, 52.72462 ], [ 13.58059, 52.72471 ] ] ] } },
{ "type": "Feature", "properties": { "boden": "60 % mittel, mäßig frisch (M2) · 20 % kräftig, mäßig frisch (K2) · 20 % ziemlich arm, mäßig frisch (Z2)" }, "geometry": { "type": "Polygon", "coordinates": [ [ [ 13.57872, 52.72397 ], [ 13.57856, 52.72401 ], [ 13.57846, 52.72412 ], [ 13.57852, 52.72422 ], [ 13.57871, 52.72428 ], [ 13.5789, 52.72423 ], [ 13.57897, 52.72413 ], [ 13.57888, 52.72401 ], [ 13.57872, 52.72397 ] ] ] } },
{ "type": "Feature", "properties": { "boden": "60 % mittel, mäßig frisch (M2) · 20 % kräftig, mäßig frisch (K2) · 20 % ziemlich arm, mäßig frisch (Z2)" }, "geometry": { "type": "Polygon", "coordinates": [ [ [ 13.58002, 52.72625 ], [ 13.58035, 52.7254 ], [ 13.58045, 52.7254 ], [ 13.57971, 52.72501 ], [ 13.57907, 52.72442 ], [ 13.57897, 52.72408 ], [ 13.57929, 52.7238 ], [ 13.57933, 52.72363 ], [ 13.57912, 52.72343 ], [ 13.57849, 52.72319 ], [ 13.57843, 52.72298 ], [ 13.57808, 52.72301 ], [ 13.57785, 52.72299 ], [ 13.57764, 52.72291 ], [ 13.57714, 52.72263 ], [ 13.57685, 52.72229 ], [ 13.57671, 52.72224 ], [ 13.57664, 52.72225 ], [ 13.57631, 52.7226 ], [ 13.57609, 52.72273 ], [ 13.57527, 52.72281 ], [ 13.57484, 52.72277 ], [ 13.57318, 52.72234 ], [ 13.57231, 52.7222 ], [ 13.57235, 52.72229 ], [ 13.57279, 52.72257 ], [ 13.57295, 52.72281 ], [ 13.57307, 52.72286 ], [ 13.57307, 52.72303 ], [ 13.5732, 52.72319 ], [ 13.57355, 52.72337 ], [ 13.57401, 52.72351 ], [ 13.57474, 52.72362 ], [ 13.57504, 52.7236 ], [ 13.57516, 52.72349 ], [ 13.57518, 52.72338 ], [ 13.57505, 52.72341 ], [ 13.57489, 52.72338 ], [ 13.57481, 52.72326 ], [ 13.5749, 52.72314 ], [ 13.57506, 52.72311 ], [ 13.57526, 52.72319 ], [ 13.57554, 52.72301 ], [ 13.57619, 52.72282 ], [ 13.57651, 52.7229 ], [ 13.5773, 52.72298 ], [ 13.57761, 52.72307 ], [ 13.57776, 52.72328 ], [ 13.57764, 52.72343 ], [ 13.57739, 52.72359 ], [ 13.57694, 52.72368 ], [ 13.57647, 52.72353 ], [ 13.57612, 52.72349 ], [ 13.57589, 52.72357 ], [ 13.57594, 52.72376 ], [ 13.57631, 52.72401 ], [ 13.57665, 52.72408 ], [ 13.57718, 52.72403 ], [ 13.57759, 52.72381 ], [ 13.5778, 52.72381 ], [ 13.57797, 52.72387 ], [ 13.57836, 52.72408 ], [ 13.57847, 52.72421 ], [ 13.57857, 52.7244 ], [ 13.57856, 52.72486 ], [ 13.57862, 52.72498 ], [ 13.57889, 52.72512 ], [ 13.57964, 52.72533 ], [ 13.57967, 52.72538 ], [ 13.57955, 52.72547 ], [ 13.57978, 52.72555 ], [ 13.57993, 52.72567 ], [ 13.57989, 52.7258 ], [ 13.57972, 52.72594 ], [ 13.57892, 52.72608 ], [ 13.57887, 52.72612 ], [ 13.57892, 52.72623 ], [ 13.57936, 52.72635 ], [ 13.57986, 52.72633 ], [ 13.58002, 52.72625 ] ], [ [ 13.57934, 52.72497 ], [ 13.57928, 52.72507 ], [ 13.57909, 52.72512 ], [ 13.5789, 52.72507 ], [ 13.57884, 52.72497 ], [ 13.57893, 52.72485 ], [ 13.5791, 52.72482 ], [ 13.57926, 52.72486 ], [ 13.57934, 52.72497 ] ], [ [ 13.57897, 52.72413 ], [ 13.5789, 52.72423 ], [ 13.57871, 52.72428 ], [ 13.57852, 52.72422 ], [ 13.57846, 52.72412 ], [ 13.57856, 52.72401 ], [ 13.57872, 52.72397 ], [ 13.57888, 52.72401 ], [ 13.57897, 52.72413 ] ] ] } },
{ "type": "Feature", "properties": { "boden": "60 % mittel, trocken (vermutet) (M3) · 20 % kräftig, trocken (vermutet) (K3) · 20 % ziemlich arm, trocken (vermutet) (Z3)" }, "geometry": { "type": "Polygon", "coordinates": [ [ [ 13.57781, 52.72407 ], [ 13.57766, 52.72408 ], [ 13.57733, 52.72422 ], [ 13.57715, 52.72437 ], [ 13.57717, 52.72447 ], [ 13.57735, 52.72452 ], [ 13.57767, 52.72454 ], [ 13.57806, 52.72451 ], [ 13.5782, 52.72446 ], [ 13.57826, 52.72432 ], [ 13.57817, 52.72421 ], [ 13.57781, 52.72407 ] ] ] } },
{ "type": "Feature", "properties": { "boden": "60 % mittel, trocken (vermutet) (M3) · 20 % kräftig, trocken (vermutet) (K3) · 20 % ziemlich arm, trocken (vermutet) (Z3)" }, "geometry": { "type": "Polygon", "coordinates": [ [ [ 13.57962, 52.72403 ], [ 13.57944, 52.72411 ], [ 13.5794, 52.72429 ], [ 13.57952, 52.72458 ], [ 13.57971, 52.7247 ], [ 13.57993, 52.72457 ], [ 13.57996, 52.72443 ], [ 13.57985, 52.72423 ], [ 13.57962, 52.72403 ] ] ] } },
{ "type": "Feature", "properties": { "boden": "60 % mittel, mäßig frisch (M2) · 20 % kräftig, mäßig frisch (K2) · 20 % ziemlich arm, mäßig frisch (Z2)" }, "geometry": { "type": "Polygon", "coordinates": [ [ [ 13.58036, 52.72462 ], [ 13.58018, 52.72463 ], [ 13.58013, 52.72476 ], [ 13.58044, 52.72501 ], [ 13.58063, 52.72506 ], [ 13.58059, 52.72471 ], [ 13.58036, 52.72462 ] ] ] } },
{ "type": "Feature", "properties": { "boden": "60 % mittel, mäßig frisch (M2) · 20 % kräftig, mäßig frisch (K2) · 20 % ziemlich arm, mäßig frisch (Z2)" }, "geometry": { "type": "Polygon", "coordinates": [ [ [ 13.5791, 52.72482 ], [ 13.57893, 52.72485 ], [ 13.57884, 52.72497 ], [ 13.5789, 52.72507 ], [ 13.57909, 52.72512 ], [ 13.57928, 52.72507 ], [ 13.57934, 52.72497 ], [ 13.57926, 52.72486 ], [ 13.5791, 52.72482 ] ] ] } },
{ "type": "Feature", "properties": { "boden": "60 % mittel, mäßig frisch (M2) · 20 % kräftig, mäßig frisch (K2) · 20 % ziemlich arm, mäßig frisch (Z2)" }, "geometry": { "type": "Polygon", "coordinates": [ [ [ 13.57861, 52.72605 ], [ 13.57845, 52.72608 ], [ 13.57826, 52.72602 ], [ 13.5782, 52.72592 ], [ 13.57829, 52.72581 ], [ 13.57839, 52.72579 ], [ 13.57784, 52.72533 ], [ 13.57771, 52.72498 ], [ 13.57758, 52.72485 ], [ 13.57729, 52.72477 ], [ 13.57691, 52.72478 ], [ 13.5768, 52.7249 ], [ 13.57681, 52.72509 ], [ 13.57693, 52.72541 ], [ 13.57705, 52.72551 ], [ 13.57685, 52.72579 ], [ 13.57686, 52.72595 ], [ 13.57692, 52.726 ], [ 13.57758, 52.72616 ], [ 13.57835, 52.7262 ], [ 13.5786, 52.72626 ], [ 13.57861, 52.72605 ] ] ] } },
{ "type": "Feature", "properties": { "boden": "60 % mittel, trocken (vermutet) (M3) · 20 % kräftig, trocken (vermutet) (K3) · 20 % ziemlich arm, trocken (vermutet) (Z3)" }, "geometry": { "type": "Polygon", "coordinates": [ [ [ 13.57907, 52.7255 ], [ 13.57881, 52.72555 ], [ 13.57877, 52.7256 ], [ 13.57889, 52.72579 ], [ 13.57926, 52.72582 ], [ 13.57946, 52.72579 ], [ 13.57984, 52.72565 ], [ 13.5797, 52.72554 ], [ 13.57907, 52.7255 ] ] ] } },
{ "type": "Feature", "properties": { "boden": "60 % mittel, mäßig frisch (M2) · 20 % kräftig, mäßig frisch (K2) · 20 % ziemlich arm, mäßig frisch (Z2)" }, "geometry": { "type": "Polygon", "coordinates": [ [ [ 13.5787, 52.72593 ], [ 13.57862, 52.72581 ], [ 13.57846, 52.72577 ], [ 13.57829, 52.72581 ], [ 13.5782, 52.72592 ], [ 13.57826, 52.72602 ], [ 13.57845, 52.72608 ], [ 13.57861, 52.72605 ], [ 13.5787, 52.72593 ] ] ] } },
{ "type": "Feature", "properties": { "boden": "60 % mittel, mäßig frisch (M2) · 20 % kräftig, mäßig frisch (K2) · 20 % ziemlich arm, mäßig frisch (Z2)" }, "geometry": { "type": "Polygon", "coordinates": [ [ [ 13.5786, 52.72626 ], [ 13.57835, 52.7262 ], [ 13.57758, 52.72616 ], [ 13.57802, 52.72632 ], [ 13.57852, 52.72632 ], [ 13.5786, 52.72626 ] ] ] } },
{ "type": "Feature", "properties": { "boden": "60 % mittel, trocken (vermutet) (M3) · 20 % kräftig, trocken (vermutet) (K3) · 20 % ziemlich arm, trocken (vermutet) (Z3)" }, "geometry": { "type": "Polygon", "coordinates": [ [ [ 13.576, 52.72602 ], [ 13.57586, 52.72611 ], [ 13.5756, 52.72647 ], [ 13.57562, 52.72658 ], [ 13.57577, 52.72669 ], [ 13.57602, 52.72664 ], [ 13.57619, 52.72655 ], [ 13.57628, 52.72643 ], [ 13.57628, 52.72628 ], [ 13.576, 52.72602 ] ] ] } },
{ "type": "Feature", "properties": { "boden": "60 % mittel, mäßig frisch (M2) · 20 % kräftig, mäßig frisch (K2) · 20 % ziemlich arm, mäßig frisch (Z2)" }, "geometry": { "type": "Polygon", "coordinates": [ [ [ 13.5783, 52.7268 ], [ 13.57855, 52.72672 ], [ 13.57864, 52.7266 ], [ 13.57869, 52.7264 ], [ 13.5786, 52.72626 ], [ 13.57852, 52.72632 ], [ 13.57836, 52.72634 ], [ 13.57802, 52.72632 ], [ 13.57758, 52.72616 ], [ 13.57738, 52.72616 ], [ 13.57722, 52.72619 ], [ 13.57711, 52.72626 ], [ 13.57703, 52.72636 ], [ 13.57713, 52.72666 ], [ 13.57739, 52.72659 ], [ 13.57766, 52.72658 ], [ 13.5778, 52.72665 ], [ 13.57777, 52.72682 ], [ 13.5783, 52.7268 ] ] ] } },
{ "type": "Feature", "properties": { "boden": "60 % mittel, mäßig frisch (M2) · 20 % kräftig, mäßig frisch (K2) · 20 % ziemlich arm, mäßig frisch (Z2)" }, "geometry": { "type": "Polygon", "coordinates": [ [ [ 13.57719, 52.72673 ], [ 13.57755, 52.72681 ], [ 13.57777, 52.72682 ], [ 13.5778, 52.72665 ], [ 13.57766, 52.72658 ], [ 13.57739, 52.72659 ], [ 13.57713, 52.72666 ], [ 13.57719, 52.72673 ] ] ] } },
{ "type": "Feature", "properties": { "boden": "60 % mittel, trocken (vermutet) (M3) · 20 % kräftig, trocken (vermutet) (K3) · 20 % ziemlich arm, trocken (vermutet) (Z3)" }, "geometry": { "type": "Polygon", "coordinates": [ [ [ 13.58097, 52.72708 ], [ 13.58119, 52.72662 ], [ 13.58038, 52.7266 ], [ 13.58024, 52.72669 ], [ 13.58033, 52.72703 ], [ 13.58067, 52.72708 ], [ 13.58097, 52.72708 ] ] ] } },
{ "type": "Feature", "properties": { "boden": "60 % mittel, mäßig frisch (M2) · 20 % kräftig, mäßig frisch (K2) · 20 % ziemlich arm, mäßig frisch (Z2)" }, "geometry": { "type": "Polygon", "coordinates": [ [ [ 13.58031, 52.72686 ], [ 13.58024, 52.72669 ], [ 13.58038, 52.7266 ], [ 13.57968, 52.72655 ], [ 13.57939, 52.72677 ], [ 13.57938, 52.7271 ], [ 13.57976, 52.72719 ], [ 13.58013, 52.72716 ], [ 13.58029, 52.7271 ], [ 13.58031, 52.72686 ] ] ] } },
{ "type": "Feature", "properties": { "boden": "60 % mittel, trocken (vermutet) (M3) · 20 % kräftig, trocken (vermutet) (K3) · 20 % ziemlich arm, trocken (vermutet) (Z3)" }, "geometry": { "type": "Polygon", "coordinates": [ [ [ 13.57936, 52.72717 ], [ 13.57937, 52.72674 ], [ 13.57921, 52.72661 ], [ 13.57897, 52.72656 ], [ 13.57893, 52.72651 ], [ 13.57865, 52.72657 ], [ 13.57855, 52.72672 ], [ 13.57821, 52.72681 ], [ 13.57758, 52.72724 ], [ 13.57752, 52.72735 ], [ 13.57772, 52.72737 ], [ 13.57837, 52.72728 ], [ 13.57893, 52.72742 ], [ 13.57915, 52.72742 ], [ 13.57929, 52.72732 ], [ 13.57936, 52.72717 ] ] ] } },
{ "type": "Feature", "properties": { "boden": "60 % mittel, trocken (vermutet) (M3) · 20 % kräftig, trocken (vermutet) (K3) · 20 % ziemlich arm, trocken (vermutet) (Z3)" }, "geometry": { "type": "Polygon", "coordinates": [ [ [ 13.57568, 52.72772 ], [ 13.57571, 52.72761 ], [ 13.57561, 52.72748 ], [ 13.57539, 52.7273 ], [ 13.5751, 52.72718 ], [ 13.57438, 52.72714 ], [ 13.57415, 52.72731 ], [ 13.57415, 52.72796 ], [ 13.57426, 52.72795 ], [ 13.57451, 52.7278 ], [ 13.57494, 52.72795 ], [ 13.57526, 52.72796 ], [ 13.57546, 52.72789 ], [ 13.57568, 52.72772 ] ] ] } },
{ "type": "Feature", "properties": { "boden": "60 % mittel, mäßig frisch (M2) · 20 % kräftig, mäßig frisch (K2) · 20 % ziemlich arm, mäßig frisch (Z2)" }, "geometry": { "type": "Polygon", "coordinates": [ [ [ 13.58187, 52.72762 ], [ 13.58155, 52.72761 ], [ 13.58145, 52.72773 ], [ 13.58151, 52.72783 ], [ 13.5817, 52.72788 ], [ 13.5819, 52.72783 ], [ 13.58196, 52.72773 ], [ 13.58187, 52.72762 ] ] ] } },
{ "type": "Feature", "properties": { "boden": "60 % mittel, mäßig frisch (M2) · 20 % kräftig, mäßig frisch (K2) · 20 % ziemlich arm, mäßig frisch (Z2)" }, "geometry": { "type": "Polygon", "coordinates": [ [ [ 13.5779, 52.72777 ], [ 13.57781, 52.72765 ], [ 13.57765, 52.72761 ], [ 13.57749, 52.72765 ], [ 13.5774, 52.72776 ], [ 13.57748, 52.72788 ], [ 13.57764, 52.72792 ], [ 13.57784, 52.72787 ], [ 13.5779, 52.72777 ] ] ] } },
{ "type": "Feature", "properties": { "boden": "40 % ziemlich arm, mäßig frisch (Z2) · 20 % ziemlich arm, mäßig frisch (Z2) · 40 % mittel, mäßig frisch (M2)" }, "geometry": { "type": "Polygon", "coordinates": [ [ [ 13.58811, 52.72607 ], [ 13.58817, 52.72597 ], [ 13.58808, 52.72585 ], [ 13.58792, 52.72582 ], [ 13.58776, 52.72585 ], [ 13.58767, 52.72597 ], [ 13.58772, 52.72606 ], [ 13.58791, 52.72612 ], [ 13.58811, 52.72607 ] ] ] } },
{ "type": "Feature", "properties": { "boden": "40 % ziemlich arm, trocken (vermutet) (Z3) · 20 % ziemlich arm, trocken (vermutet) (Z3) · 40 % mittel, trocken (vermutet) (M3)" }, "geometry": { "type": "Polygon", "coordinates": [ [ [ 13.58859, 52.72637 ], [ 13.5883, 52.72619 ], [ 13.58808, 52.72612 ], [ 13.58766, 52.72613 ], [ 13.5875, 52.72622 ], [ 13.5875, 52.72637 ], [ 13.58767, 52.72653 ], [ 13.58802, 52.72674 ], [ 13.5884, 52.72685 ], [ 13.58866, 52.72683 ], [ 13.58859, 52.72637 ] ] ] } },
{ "type": "Feature", "properties": { "boden": "40 % ziemlich arm, mäßig frisch (Z2) · 20 % ziemlich arm, mäßig frisch (Z2) · 40 % mittel, mäßig frisch (M2)" }, "geometry": { "type": "Polygon", "coordinates": [ [ [ 13.58822, 52.72723 ], [ 13.58785, 52.72683 ], [ 13.58745, 52.7266 ], [ 13.58703, 52.72643 ], [ 13.5871, 52.72627 ], [ 13.58705, 52.72623 ], [ 13.58685, 52.72625 ], [ 13.58665, 52.72635 ], [ 13.58629, 52.72639 ], [ 13.58601, 52.72649 ], [ 13.58556, 52.72652 ], [ 13.58573, 52.72659 ], [ 13.58615, 52.72661 ], [ 13.58703, 52.72657 ], [ 13.58811, 52.72724 ], [ 13.58822, 52.72723 ] ] ] } },
{ "type": "Feature", "properties": { "boden": "70 % mittel, trocken (vermutet) (M3) · 30 % ziemlich arm, trocken (vermutet) (Z3)" }, "geometry": { "type": "Polygon", "coordinates": [ [ [ 13.59643, 52.73243 ], [ 13.59623, 52.73249 ], [ 13.59619, 52.73277 ], [ 13.59633, 52.73314 ], [ 13.59649, 52.7332 ], [ 13.59663, 52.73311 ], [ 13.59669, 52.73274 ], [ 13.59662, 52.73256 ], [ 13.59643, 52.73243 ] ] ] } },
{ "type": "Feature", "properties": { "boden": "70 % mittel, trocken (vermutet) (M3) · 30 % ziemlich arm, trocken (vermutet) (Z3)" }, "geometry": { "type": "Polygon", "coordinates": [ [ [ 13.59485, 52.73311 ], [ 13.59436, 52.73353 ], [ 13.59441, 52.73361 ], [ 13.59463, 52.73367 ], [ 13.59575, 52.73341 ], [ 13.59602, 52.73329 ], [ 13.59608, 52.73317 ], [ 13.59577, 52.73294 ], [ 13.59553, 52.73304 ], [ 13.59519, 52.73304 ], [ 13.59485, 52.73311 ] ] ] } },
{ "type": "Feature", "properties": { "boden": "70 % mittel, mäßig frisch (M2) · 30 % ziemlich arm, mäßig frisch (Z2)" }, "geometry": { "type": "Polygon", "coordinates": [ [ [ 13.59593, 52.73383 ], [ 13.59638, 52.73395 ], [ 13.59678, 52.73395 ], [ 13.59712, 52.73377 ], [ 13.59717, 52.73354 ], [ 13.59707, 52.73348 ], [ 13.59685, 52.73346 ], [ 13.59624, 52.7335 ], [ 13.5956, 52.73364 ], [ 13.59461, 52.73395 ], [ 13.59464, 52.73399 ], [ 13.59488, 52.73401 ], [ 13.59593, 52.73383 ] ] ] } },
{ "type": "Feature", "properties": { "boden": "70 % mittel, trocken (vermutet) (M3) · 30 % ziemlich arm, trocken (vermutet) (Z3)" }, "geometry": { "type": "Polygon", "coordinates": [ [ [ 13.59281, 52.73356 ], [ 13.59251, 52.73358 ], [ 13.59175, 52.7339 ], [ 13.59139, 52.73397 ], [ 13.5912, 52.73412 ], [ 13.59125, 52.73424 ], [ 13.5915, 52.73429 ], [ 13.59252, 52.73405 ], [ 13.59279, 52.73386 ], [ 13.59281, 52.73356 ] ] ] } },
{ "type": "Feature", "properties": { "boden": "70 % mittel, mäßig frisch (M2) · 30 % ziemlich arm, mäßig frisch (Z2)" }, "geometry": { "type": "Polygon", "coordinates": [ [ [ 13.59308, 52.73442 ], [ 13.59306, 52.73434 ], [ 13.59322, 52.73432 ], [ 13.59325, 52.73365 ], [ 13.59298, 52.73345 ], [ 13.59221, 52.73331 ], [ 13.59211, 52.7337 ], [ 13.59079, 52.73416 ], [ 13.59122, 52.73431 ], [ 13.59104, 52.7344 ], [ 13.59099, 52.73465 ], [ 13.59116, 52.73461 ], [ 13.5916, 52.73461 ], [ 13.59217, 52.73435 ], [ 13.59269, 52.73421 ], [ 13.59291, 52.73423 ], [ 13.59287, 52.73445 ], [ 13.59308, 52.73442 ] ], [ [ 13.59281, 52.73356 ], [ 13.59279, 52.73386 ], [ 13.59252, 52.73405 ], [ 13.5915, 52.73429 ], [ 13.59125, 52.73424 ], [ 13.5912, 52.73412 ], [ 13.59139, 52.73397 ], [ 13.59175, 52.7339 ], [ 13.59251, 52.73358 ], [ 13.59281, 52.73356 ] ] ] } },
{ "type": "Feature", "properties": { "boden": "70 % mittel, trocken (vermutet) (M3) · 30 % ziemlich arm, trocken (vermutet) (Z3)" }, "geometry": { "type": "Polygon", "coordinates": [ [ [ 13.59548, 52.73406 ], [ 13.59483, 52.73422 ], [ 13.59458, 52.73435 ], [ 13.59453, 52.73454 ], [ 13.59461, 52.73464 ], [ 13.59494, 52.73471 ], [ 13.59513, 52.7347 ], [ 13.59541, 52.73457 ], [ 13.59553, 52.73443 ], [ 13.59556, 52.73419 ], [ 13.59548, 52.73406 ] ] ] } },
{ "type": "Feature", "properties": { "boden": "70 % mittel, mäßig frisch (M2) · 30 % ziemlich arm, mäßig frisch (Z2)" }, "geometry": { "type": "Polygon", "coordinates": [ [ [ 13.59287, 52.73445 ], [ 13.59291, 52.73423 ], [ 13.59269, 52.73421 ], [ 13.59217, 52.73435 ], [ 13.59173, 52.73457 ], [ 13.59147, 52.73462 ], [ 13.59116, 52.73461 ], [ 13.59099, 52.73465 ], [ 13.59098, 52.73472 ], [ 13.59143, 52.73468 ], [ 13.59165, 52.7348 ], [ 13.5923, 52.73455 ], [ 13.59287, 52.73445 ] ] ] } },
{ "type": "Feature", "properties": { "boden": "60 % mittel, trocken (vermutet) (M3) · 20 % kräftig, trocken (vermutet) (K3) · 20 % ziemlich arm, trocken (vermutet) (Z3)" }, "geometry": { "type": "Polygon", "coordinates": [ [ [ 13.57942, 52.73113 ], [ 13.57926, 52.73116 ], [ 13.5787, 52.73148 ], [ 13.57876, 52.73157 ], [ 13.57927, 52.73176 ], [ 13.57936, 52.73175 ], [ 13.57949, 52.73152 ], [ 13.57951, 52.73118 ], [ 13.57942, 52.73113 ] ] ] } },
{ "type": "Feature", "properties": { "boden": "60 % mittel, mäßig frisch (M2) · 20 % kräftig, mäßig frisch (K2) · 20 % ziemlich arm, mäßig frisch (Z2)" }, "geometry": { "type": "Polygon", "coordinates": [ [ [ 13.57797, 52.73113 ], [ 13.57776, 52.73115 ], [ 13.57759, 52.73131 ], [ 13.57727, 52.73142 ], [ 13.57711, 52.7316 ], [ 13.57709, 52.73169 ], [ 13.57715, 52.73176 ], [ 13.57727, 52.73175 ], [ 13.57763, 52.73149 ], [ 13.57825, 52.73122 ], [ 13.57821, 52.73116 ], [ 13.57797, 52.73113 ] ] ] } },
{ "type": "Feature", "properties": { "boden": "60 % mittel, trocken (vermutet) (M3) · 20 % kräftig, trocken (vermutet) (K3) · 20 % ziemlich arm, trocken (vermutet) (Z3)" }, "geometry": { "type": "Polygon", "coordinates": [ [ [ 13.58133, 52.73134 ], [ 13.58131, 52.73115 ], [ 13.58119, 52.73113 ], [ 13.5811, 52.7312 ], [ 13.58109, 52.73141 ], [ 13.58085, 52.7314 ], [ 13.58063, 52.73158 ], [ 13.58054, 52.73173 ], [ 13.58058, 52.73182 ], [ 13.58075, 52.73188 ], [ 13.58108, 52.7318 ], [ 13.58126, 52.73162 ], [ 13.58133, 52.73134 ] ] ] } },
{ "type": "Feature", "properties": { "boden": "60 % mittel, trocken (vermutet) (M3) · 20 % kräftig, trocken (vermutet) (K3) · 20 % ziemlich arm, trocken (vermutet) (Z3)" }, "geometry": { "type": "Polygon", "coordinates": [ [ [ 13.57243, 52.73099 ], [ 13.57192, 52.73114 ], [ 13.57166, 52.73139 ], [ 13.57168, 52.73156 ], [ 13.57179, 52.7317 ], [ 13.57207, 52.73183 ], [ 13.57223, 52.73172 ], [ 13.57253, 52.73133 ], [ 13.57256, 52.73116 ], [ 13.57243, 52.73099 ] ] ] } },
{ "type": "Feature", "properties": { "boden": "60 % mittel, mäßig frisch (M2) · 20 % kräftig, mäßig frisch (K2) · 20 % ziemlich arm, mäßig frisch (Z2)" }, "geometry": { "type": "Polygon", "coordinates": [ [ [ 13.57454, 52.73214 ], [ 13.57523, 52.73223 ], [ 13.57547, 52.73225 ], [ 13.57556, 52.73221 ], [ 13.57576, 52.73179 ], [ 13.57598, 52.7317 ], [ 13.57647, 52.73168 ], [ 13.57668, 52.73156 ], [ 13.57704, 52.73121 ], [ 13.57705, 52.73105 ], [ 13.57694, 52.73099 ], [ 13.57672, 52.73099 ], [ 13.57658, 52.73112 ], [ 13.57638, 52.7312 ], [ 13.57577, 52.73132 ], [ 13.57431, 52.73173 ], [ 13.57376, 52.73182 ], [ 13.57354, 52.73174 ], [ 13.57346, 52.73158 ], [ 13.57359, 52.73147 ], [ 13.57398, 52.73132 ], [ 13.57421, 52.73106 ], [ 13.57432, 52.73065 ], [ 13.57424, 52.73057 ], [ 13.57411, 52.73058 ], [ 13.57348, 52.73095 ], [ 13.5732, 52.73142 ], [ 13.57291, 52.73155 ], [ 13.57261, 52.73197 ], [ 13.57227, 52.73215 ], [ 13.57264, 52.73225 ], [ 13.57288, 52.73238 ], [ 13.57322, 52.73244 ], [ 13.57339, 52.73258 ], [ 13.5738, 52.73226 ], [ 13.57416, 52.73217 ], [ 13.57454, 52.73214 ] ] ] } },
{ "type": "Feature", "properties": { "boden": "60 % mittel, mäßig frisch (M2) · 20 % kräftig, mäßig frisch (K2) · 20 % ziemlich arm, mäßig frisch (Z2)" }, "geometry": { "type": "Polygon", "coordinates": [ [ [ 13.57163, 52.73213 ], [ 13.57188, 52.73212 ], [ 13.57146, 52.73184 ], [ 13.57078, 52.73155 ], [ 13.5705, 52.73127 ], [ 13.57031, 52.73123 ], [ 13.57012, 52.73128 ], [ 13.57004, 52.73135 ], [ 13.57007, 52.73144 ], [ 13.57066, 52.73166 ], [ 13.57082, 52.73191 ], [ 13.57118, 52.73217 ], [ 13.57141, 52.7322 ], [ 13.57163, 52.73213 ] ] ] } },
{ "type": "Feature", "properties": { "boden": "60 % mittel, trocken (vermutet) (M3) · 20 % kräftig, trocken (vermutet) (K3) · 20 % ziemlich arm, trocken (vermutet) (Z3)" }, "geometry": { "type": "Polygon", "coordinates": [ [ [ 13.57626, 52.73185 ], [ 13.57603, 52.7319 ], [ 13.57598, 52.73198 ], [ 13.57613, 52.7322 ], [ 13.57626, 52.73224 ], [ 13.5764, 52.7322 ], [ 13.5765, 52.73199 ], [ 13.57644, 52.73188 ], [ 13.57626, 52.73185 ] ] ] } },
{ "type": "Feature", "properties": { "boden": "60 % mittel, trocken (vermutet) (M3) · 20 % kräftig, trocken (vermutet) (K3) · 20 % ziemlich arm, trocken (vermutet) (Z3)" }, "geometry": { "type": "Polygon", "coordinates": [ [ [ 13.57003, 52.73187 ], [ 13.5697, 52.73206 ], [ 13.56965, 52.73224 ], [ 13.56985, 52.73238 ], [ 13.57013, 52.73241 ], [ 13.57031, 52.73237 ], [ 13.57044, 52.73229 ], [ 13.57048, 52.73209 ], [ 13.57039, 52.73199 ], [ 13.57003, 52.73187 ] ] ] } },
{ "type": "Feature", "properties": { "boden": "60 % mittel, trocken (vermutet) (M3) · 20 % kräftig, trocken (vermutet) (K3) · 20 % ziemlich arm, trocken (vermutet) (Z3)" }, "geometry": { "type": "Polygon", "coordinates": [ [ [ 13.58018, 52.73208 ], [ 13.57978, 52.73223 ], [ 13.5797, 52.73234 ], [ 13.57972, 52.73244 ], [ 13.57981, 52.73249 ], [ 13.57994, 52.73251 ], [ 13.58018, 52.7324 ], [ 13.58028, 52.73221 ], [ 13.58018, 52.73208 ] ] ] } },
{ "type": "Feature", "properties": { "boden": "60 % mittel, mäßig frisch (M2) · 20 % kräftig, mäßig frisch (K2) · 20 % ziemlich arm, mäßig frisch (Z2)" }, "geometry": { "type": "Polygon", "coordinates": [ [ [ 13.57856, 52.73185 ], [ 13.57792, 52.73197 ], [ 13.57756, 52.73214 ], [ 13.57685, 52.73235 ], [ 13.57668, 52.73252 ], [ 13.57663, 52.73273 ], [ 13.57636, 52.73308 ], [ 13.57638, 52.73317 ], [ 13.57654, 52.73316 ], [ 13.57665, 52.7331 ], [ 13.57729, 52.73263 ], [ 13.5779, 52.73233 ], [ 13.5783, 52.73222 ], [ 13.57856, 52.73185 ] ] ] } },
{ "type": "Feature", "properties": { "boden": "100 % mittel, mäßig frisch (M2)" }, "geometry": { "type": "Polygon", "coordinates": [ [ [ 13.59915, 52.73191 ], [ 13.59876, 52.73175 ], [ 13.59856, 52.73172 ], [ 13.59856, 52.7319 ], [ 13.59872, 52.73206 ], [ 13.59899, 52.73205 ], [ 13.59914, 52.73196 ], [ 13.59915, 52.73191 ] ] ] } },
{ "type": "Feature", "properties": { "boden": "100 % mittel, trocken (vermutet) (M3)" }, "geometry": { "type": "Polygon", "coordinates": [ [ [ 13.59831, 52.73171 ], [ 13.59767, 52.73179 ], [ 13.59773, 52.73209 ], [ 13.59789, 52.73221 ], [ 13.59808, 52.73221 ], [ 13.59822, 52.73214 ], [ 13.59831, 52.73171 ] ] ] } },
{ "type": "Feature", "properties": { "boden": "100 % mittel, trocken (vermutet) (M3)" }, "geometry": { "type": "Polygon", "coordinates": [ [ [ 13.59974, 52.73252 ], [ 13.59954, 52.73239 ], [ 13.59947, 52.73228 ], [ 13.59933, 52.73242 ], [ 13.59935, 52.73252 ], [ 13.59964, 52.73276 ], [ 13.59994, 52.73288 ], [ 13.60026, 52.73279 ], [ 13.6005, 52.73284 ], [ 13.60134, 52.73285 ], [ 13.60184, 52.73296 ], [ 13.60212, 52.73293 ], [ 13.60205, 52.73285 ], [ 13.60181, 52.73273 ], [ 13.6014, 52.7327 ], [ 13.60095, 52.73256 ], [ 13.60059, 52.73255 ], [ 13.6001, 52.73265 ], [ 13.59974, 52.73252 ] ] ] } },
{ "type": "Feature", "properties": { "boden": "100 % kräftig, mäßig frisch (K2)" }, "geometry": { "type": "Polygon", "coordinates": [ [ [ 13.60486, 52.7342 ], [ 13.60468, 52.73414 ], [ 13.60474, 52.73398 ], [ 13.60496, 52.73388 ], [ 13.60514, 52.73387 ], [ 13.60526, 52.73344 ], [ 13.60484, 52.7318 ], [ 13.60437, 52.73139 ], [ 13.60356, 52.73148 ], [ 13.60322, 52.73162 ], [ 13.60291, 52.73185 ], [ 13.60272, 52.73227 ], [ 13.60256, 52.733 ], [ 13.60276, 52.73393 ], [ 13.60353, 52.73387 ], [ 13.60397, 52.73406 ], [ 13.60414, 52.73422 ], [ 13.60486, 52.7342 ] ] ] } },
{ "type": "Feature", "properties": { "boden": "100 % mittel, trocken (vermutet) (M3)" }, "geometry": { "type": "Polygon", "coordinates": [ [ [ 13.6073, 52.73273 ], [ 13.6065, 52.73269 ], [ 13.60633, 52.73264 ], [ 13.60623, 52.73273 ], [ 13.60634, 52.73289 ], [ 13.60654, 52.733 ], [ 13.6072, 52.73321 ], [ 13.60748, 52.7331 ], [ 13.6076, 52.73296 ], [ 13.60755, 52.73284 ], [ 13.6073, 52.73273 ] ] ] } },
{ "type": "Feature", "properties": { "boden": "100 % mittel, trocken (vermutet) (M3)" }, "geometry": { "type": "Polygon", "coordinates": [ [ [ 13.60013, 52.73312 ], [ 13.59986, 52.73316 ], [ 13.59972, 52.73328 ], [ 13.59962, 52.7335 ], [ 13.59971, 52.7336 ], [ 13.60032, 52.73365 ], [ 13.6007, 52.73351 ], [ 13.60084, 52.73342 ], [ 13.60089, 52.73331 ], [ 13.60074, 52.73321 ], [ 13.60013, 52.73312 ] ] ] } },
{ "type": "Feature", "properties": { "boden": "100 % kräftig, mäßig frisch (K2)" }, "geometry": { "type": "Polygon", "coordinates": [ [ [ 13.6049, 52.7342 ], [ 13.60514, 52.73387 ], [ 13.60482, 52.73392 ], [ 13.60468, 52.73414 ], [ 13.6049, 52.7342 ] ] ] } },
{ "type": "Feature", "properties": { "boden": "100 % kräftig, mäßig frisch (K2)" }, "geometry": { "type": "Polygon", "coordinates": [ [ [ 13.60414, 52.73422 ], [ 13.60397, 52.73406 ], [ 13.60353, 52.73387 ], [ 13.60276, 52.73393 ], [ 13.60352, 52.73419 ], [ 13.60414, 52.73422 ] ] ] } },
{ "type": "Feature", "properties": { "boden": "100 % mittel, mäßig frisch (M2)" }, "geometry": { "type": "Polygon", "coordinates": [ [ [ 13.60514, 52.73387 ], [ 13.6049, 52.7342 ], [ 13.60534, 52.73419 ], [ 13.60568, 52.73428 ], [ 13.60608, 52.73428 ], [ 13.6058, 52.73407 ], [ 13.6054, 52.73392 ], [ 13.60514, 52.73387 ] ] ] } },
{ "type": "Feature", "properties": { "boden": "70 % mittel, mäßig frisch (M2) · 30 % ziemlich arm, mäßig frisch (Z2)" }, "geometry": { "type": "Polygon", "coordinates": [ [ [ 13.598, 52.7342 ], [ 13.59781, 52.73423 ], [ 13.59757, 52.73437 ], [ 13.5974, 52.73455 ], [ 13.59725, 52.73483 ], [ 13.59729, 52.73488 ], [ 13.59774, 52.73481 ], [ 13.59788, 52.73473 ], [ 13.5981, 52.73437 ], [ 13.598, 52.7342 ] ] ] } },
{ "type": "Feature", "properties": { "boden": "60 % mittel, trocken (vermutet) (M3) · 20 % kräftig, trocken (vermutet) (K3) · 20 % ziemlich arm, trocken (vermutet) (Z3)" }, "geometry": { "type": "Polygon", "coordinates": [ [ [ 13.57441, 52.73237 ], [ 13.57426, 52.73237 ], [ 13.57406, 52.73246 ], [ 13.57426, 52.73268 ], [ 13.57448, 52.73274 ], [ 13.57479, 52.73276 ], [ 13.57489, 52.73272 ], [ 13.57495, 52.73263 ], [ 13.57487, 52.73256 ], [ 13.57441, 52.73237 ] ] ] } },
{ "type": "Feature", "properties": { "boden": "60 % mittel, mäßig frisch (M2) · 20 % kräftig, mäßig frisch (K2) · 20 % ziemlich arm, mäßig frisch (Z2)" }, "geometry": { "type": "Polygon", "coordinates": [ [ [ 13.58036, 52.73344 ], [ 13.58017, 52.73335 ], [ 13.58014, 52.73323 ], [ 13.58159, 52.7319 ], [ 13.5814, 52.7319 ], [ 13.58096, 52.73205 ], [ 13.58053, 52.73252 ], [ 13.58014, 52.7328 ], [ 13.58005, 52.73307 ], [ 13.58009, 52.73362 ], [ 13.58022, 52.73377 ], [ 13.58036, 52.73379 ], [ 13.58036, 52.73344 ] ] ] } },
{ "type": "Feature", "properties": { "boden": "100 % kräftig, nass (OK3)" }, "geometry": { "type": "Polygon", "coordinates": [ [ [ 13.58014, 52.73323 ], [ 13.58017, 52.73335 ], [ 13.58036, 52.73344 ], [ 13.58078, 52.73339 ], [ 13.58145, 52.73316 ], [ 13.58179, 52.73288 ], [ 13.5818, 52.73265 ], [ 13.58144, 52.7326 ], [ 13.58121, 52.73251 ], [ 13.5811, 52.73235 ], [ 13.58014, 52.73323 ] ] ] } },
{ "type": "Feature", "properties": { "boden": "60 % mittel, trocken (vermutet) (M3) · 20 % kräftig, trocken (vermutet) (K3) · 20 % ziemlich arm, trocken (vermutet) (Z3)" }, "geometry": { "type": "Polygon", "coordinates": [ [ [ 13.57161, 52.73253 ], [ 13.5714, 52.7326 ], [ 13.57126, 52.73288 ], [ 13.57119, 52.73339 ], [ 13.57123, 52.73352 ], [ 13.57131, 52.73355 ], [ 13.57159, 52.73354 ], [ 13.5722, 52.73341 ], [ 13.57236, 52.73304 ], [ 13.57234, 52.73286 ], [ 13.57227, 52.73282 ], [ 13.572, 52.73273 ], [ 13.57179, 52.73257 ], [ 13.57161, 52.73253 ] ] ] } },
{ "type": "Feature", "properties": { "boden": "60 % mittel, trocken (vermutet) (M3) · 20 % kräftig, trocken (vermutet) (K3) · 20 % ziemlich arm, trocken (vermutet) (Z3)" }, "geometry": { "type": "Polygon", "coordinates": [ [ [ 13.57855, 52.73257 ], [ 13.578, 52.73264 ], [ 13.57767, 52.73285 ], [ 13.57739, 52.73294 ], [ 13.57719, 52.73321 ], [ 13.57668, 52.73355 ], [ 13.57658, 52.73366 ], [ 13.57662, 52.73371 ], [ 13.57676, 52.73372 ], [ 13.57786, 52.73316 ], [ 13.57879, 52.73283 ], [ 13.57888, 52.73264 ], [ 13.57855, 52.73257 ] ] ] } },
{ "type": "Feature", "properties": { "boden": "60 % mittel, trocken (vermutet) (M3) · 20 % kräftig, trocken (vermutet) (K3) · 20 % ziemlich arm, trocken (vermutet) (Z3)" }, "geometry": { "type": "Polygon", "coordinates": [ [ [ 13.57434, 52.73321 ], [ 13.57405, 52.7333 ], [ 13.57397, 52.73338 ], [ 13.57404, 52.73348 ], [ 13.57428, 52.73348 ], [ 13.57452, 52.73341 ], [ 13.57455, 52.73329 ], [ 13.57446, 52.73321 ], [ 13.57434, 52.73321 ] ] ] } },
{ "type": "Feature", "properties": { "boden": "60 % mittel, mäßig frisch (M2) · 20 % kräftig, mäßig frisch (K2) · 20 % ziemlich arm, mäßig frisch (Z2)" }, "geometry": { "type": "Polygon", "coordinates": [ [ [ 13.57281, 52.73406 ], [ 13.5732, 52.73393 ], [ 13.57347, 52.73376 ], [ 13.57356, 52.73359 ], [ 13.57356, 52.73315 ], [ 13.57383, 52.73296 ], [ 13.57388, 52.73284 ], [ 13.57381, 52.73276 ], [ 13.5737, 52.73273 ], [ 13.57347, 52.73278 ], [ 13.57336, 52.73312 ], [ 13.57293, 52.73338 ], [ 13.57241, 52.7338 ], [ 13.57223, 52.73388 ], [ 13.57154, 52.73396 ], [ 13.57185, 52.73407 ], [ 13.57247, 52.73407 ], [ 13.5728, 52.73415 ], [ 13.57281, 52.73406 ] ] ] } },
{ "type": "Feature", "properties": { "boden": "60 % mittel, mäßig frisch (M2) · 20 % kräftig, mäßig frisch (K2) · 20 % ziemlich arm, mäßig frisch (Z2)" }, "geometry": { "type": "Polygon", "coordinates": [ [ [ 13.57749, 52.73395 ], [ 13.5773, 52.734 ], [ 13.57684, 52.73431 ], [ 13.57636, 52.73451 ], [ 13.57625, 52.73462 ], [ 13.57631, 52.73469 ], [ 13.57662, 52.73473 ], [ 13.57676, 52.7347 ], [ 13.57733, 52.7344 ], [ 13.57769, 52.73407 ], [ 13.57765, 52.73399 ], [ 13.57749, 52.73395 ] ] ] } },
{ "type": "Feature", "properties": { "boden": "60 % mittel, trocken (vermutet) (M3) · 20 % kräftig, trocken (vermutet) (K3) · 20 % ziemlich arm, trocken (vermutet) (Z3)" }, "geometry": { "type": "Polygon", "coordinates": [ [ [ 13.57814, 52.73496 ], [ 13.57861, 52.73456 ], [ 13.57967, 52.73444 ], [ 13.57962, 52.73424 ], [ 13.57883, 52.73406 ], [ 13.57835, 52.73409 ], [ 13.57816, 52.73416 ], [ 13.57789, 52.73437 ], [ 13.57764, 52.73468 ], [ 13.5772, 52.73487 ], [ 13.57689, 52.73494 ], [ 13.5764, 52.73495 ], [ 13.57587, 52.73502 ], [ 13.57518, 52.73526 ], [ 13.57493, 52.7353 ], [ 13.57486, 52.73524 ], [ 13.57491, 52.73513 ], [ 13.57527, 52.7349 ], [ 13.57517, 52.73476 ], [ 13.57475, 52.73479 ], [ 13.57439, 52.73494 ], [ 13.57405, 52.73502 ], [ 13.57381, 52.73493 ], [ 13.57359, 52.73456 ], [ 13.57342, 52.73449 ], [ 13.57303, 52.73449 ], [ 13.57252, 52.73439 ], [ 13.57189, 52.73439 ], [ 13.57122, 52.73433 ], [ 13.57103, 52.73436 ], [ 13.57095, 52.73443 ], [ 13.57107, 52.73475 ], [ 13.57125, 52.73483 ], [ 13.57257, 52.73505 ], [ 13.57347, 52.73512 ], [ 13.57381, 52.7352 ], [ 13.57423, 52.73539 ], [ 13.57492, 52.7354 ], [ 13.57535, 52.73551 ], [ 13.57562, 52.73548 ], [ 13.57614, 52.73532 ], [ 13.57703, 52.7353 ], [ 13.57814, 52.73496 ] ] ] } },
{ "type": "Feature", "properties": { "boden": "100 % mittel, trocken (vermutet) (M3)" }, "geometry": { "type": "Polygon", "coordinates": [ [ [ 13.57861, 52.73456 ], [ 13.57814, 52.73496 ], [ 13.57703, 52.7353 ], [ 13.57742, 52.73526 ], [ 13.57792, 52.73511 ], [ 13.57825, 52.73494 ], [ 13.57861, 52.73459 ], [ 13.57946, 52.73456 ], [ 13.57958, 52.73454 ], [ 13.57967, 52.73444 ], [ 13.57861, 52.73456 ] ] ] } },
{ "type": "Feature", "properties": { "boden": "70 % mittel, trocken (vermutet) (M3) · 30 % ziemlich arm, trocken (vermutet) (Z3)" }, "geometry": { "type": "Polygon", "coordinates": [ [ [ 13.60519, 52.7344 ], [ 13.60477, 52.73448 ], [ 13.60455, 52.73458 ], [ 13.60449, 52.73467 ], [ 13.60478, 52.73482 ], [ 13.60523, 52.73494 ], [ 13.60546, 52.7348 ], [ 13.60549, 52.73467 ], [ 13.60541, 52.73452 ], [ 13.60519, 52.7344 ] ] ] } },
{ "type": "Feature", "properties": { "boden": "70 % mittel, trocken (vermutet) (M3) · 30 % ziemlich arm, trocken (vermutet) (Z3)" }, "geometry": { "type": "Polygon", "coordinates": [ [ [ 13.59905, 52.7352 ], [ 13.59949, 52.73521 ], [ 13.59966, 52.73517 ], [ 13.59979, 52.73509 ], [ 13.59989, 52.73461 ], [ 13.59984, 52.73442 ], [ 13.59972, 52.73436 ], [ 13.59937, 52.73431 ], [ 13.59877, 52.73457 ], [ 13.59852, 52.73462 ], [ 13.59791, 52.73496 ], [ 13.59779, 52.7351 ], [ 13.59787, 52.73522 ], [ 13.59807, 52.73528 ], [ 13.59905, 52.7352 ] ] ] } },
{ "type": "Feature", "properties": { "boden": "70 % mittel, mäßig frisch (M2) · 30 % ziemlich arm, mäßig frisch (Z2)" }, "geometry": { "type": "Polygon", "coordinates": [ [ [ 13.60585, 52.73493 ], [ 13.60567, 52.73488 ], [ 13.60549, 52.73493 ], [ 13.60542, 52.73503 ], [ 13.60546, 52.73511 ], [ 13.60589, 52.73499 ], [ 13.60585, 52.73493 ] ] ] } },
{ "type": "Feature", "properties": { "boden": "70 % mittel, mäßig frisch (M2) · 30 % ziemlich arm, mäßig frisch (Z2)" }, "geometry": { "type": "Polygon", "coordinates": [ [ [ 13.60589, 52.73499 ], [ 13.60546, 52.73511 ], [ 13.60549, 52.73514 ], [ 13.60566, 52.73519 ], [ 13.60584, 52.73515 ], [ 13.60592, 52.73504 ], [ 13.60589, 52.73499 ] ] ] } },
{ "type": "Feature", "properties": { "boden": "70 % mittel, trocken (vermutet) (M3) · 30 % ziemlich arm, trocken (vermutet) (Z3)" }, "geometry": { "type": "Polygon", "coordinates": [ [ [ 13.60398, 52.73547 ], [ 13.60341, 52.7354 ], [ 13.60326, 52.73519 ], [ 13.60212, 52.7346 ], [ 13.60184, 52.73454 ], [ 13.60172, 52.73454 ], [ 13.60165, 52.73459 ], [ 13.603, 52.73542 ], [ 13.60357, 52.73565 ], [ 13.60404, 52.73596 ], [ 13.60429, 52.736 ], [ 13.60521, 52.73588 ], [ 13.60517, 52.73578 ], [ 13.60501, 52.73572 ], [ 13.60461, 52.73567 ], [ 13.60398, 52.73547 ] ] ] } },
{ "type": "Feature", "properties": { "boden": "70 % mittel, mäßig frisch (M2) · 30 % ziemlich arm, mäßig frisch (Z2)" }, "geometry": { "type": "Polygon", "coordinates": [ [ [ 13.60589, 52.73499 ], [ 13.60584, 52.73515 ], [ 13.60566, 52.73519 ], [ 13.60546, 52.73511 ], [ 13.60501, 52.73507 ], [ 13.60437, 52.73476 ], [ 13.60401, 52.73451 ], [ 13.60421, 52.73437 ], [ 13.60414, 52.73422 ], [ 13.60352, 52.73419 ], [ 13.60276, 52.73393 ], [ 13.60083, 52.73383 ], [ 13.60051, 52.73389 ], [ 13.5997, 52.73394 ], [ 13.59952, 52.73404 ], [ 13.59965, 52.73417 ], [ 13.60019, 52.73442 ], [ 13.60022, 52.73453 ], [ 13.60006, 52.73491 ], [ 13.60011, 52.73506 ], [ 13.60021, 52.73512 ], [ 13.60065, 52.73514 ], [ 13.60108, 52.735 ], [ 13.60117, 52.73484 ], [ 13.60108, 52.7346 ], [ 13.60116, 52.73449 ], [ 13.60135, 52.7344 ], [ 13.60163, 52.73438 ], [ 13.60223, 52.73446 ], [ 13.60243, 52.73455 ], [ 13.60278, 52.73481 ], [ 13.60335, 52.7349 ], [ 13.60368, 52.73504 ], [ 13.60424, 52.73546 ], [ 13.60443, 52.7355 ], [ 13.60458, 52.73544 ], [ 13.605, 52.73547 ], [ 13.60537, 52.73561 ], [ 13.60583, 52.73615 ], [ 13.60606, 52.73667 ], [ 13.60621, 52.73679 ], [ 13.60639, 52.73678 ], [ 13.60668, 52.73663 ], [ 13.60674, 52.73653 ], [ 13.6068, 52.73623 ], [ 13.60675, 52.73584 ], [ 13.60656, 52.73553 ], [ 13.60624, 52.73518 ], [ 13.60616, 52.73492 ], [ 13.60602, 52.73491 ], [ 13.60589, 52.73499 ] ] ] } },
{ "type": "Feature", "properties": { "boden": "70 % mittel, mäßig frisch (M2) · 30 % ziemlich arm, mäßig frisch (Z2)" }, "geometry": { "type": "Polygon", "coordinates": [ [ [ 13.6017, 52.73496 ], [ 13.60141, 52.73499 ], [ 13.6014, 52.73518 ], [ 13.60214, 52.73577 ], [ 13.60231, 52.73611 ], [ 13.6027, 52.73645 ], [ 13.60281, 52.73648 ], [ 13.60317, 52.73645 ], [ 13.60327, 52.73631 ], [ 13.60274, 52.73588 ], [ 13.60267, 52.73561 ], [ 13.60239, 52.73524 ], [ 13.60203, 52.735 ], [ 13.6017, 52.73496 ] ] ] } },
{ "type": "Feature", "properties": { "boden": "70 % mittel, mäßig frisch (M2) · 30 % ziemlich arm, mäßig frisch (Z2)" }, "geometry": { "type": "Polygon", "coordinates": [ [ [ 13.5989, 52.73548 ], [ 13.59819, 52.73557 ], [ 13.59811, 52.73561 ], [ 13.59813, 52.73572 ], [ 13.59837, 52.73587 ], [ 13.59863, 52.73589 ], [ 13.59924, 52.73573 ], [ 13.59944, 52.73561 ], [ 13.59942, 52.73552 ], [ 13.59932, 52.73549 ], [ 13.5989, 52.73548 ] ] ] } },
{ "type": "Feature", "properties": { "boden": "70 % mittel, trocken (vermutet) (M3) · 30 % ziemlich arm, trocken (vermutet) (Z3)" }, "geometry": { "type": "Polygon", "coordinates": [ [ [ 13.60093, 52.7354 ], [ 13.60068, 52.73542 ], [ 13.60059, 52.73547 ], [ 13.60065, 52.73554 ], [ 13.60102, 52.73568 ], [ 13.60102, 52.73588 ], [ 13.6011, 52.73601 ], [ 13.60142, 52.73623 ], [ 13.60155, 52.73628 ], [ 13.6018, 52.73627 ], [ 13.60187, 52.7361 ], [ 13.60179, 52.73595 ], [ 13.60117, 52.73545 ], [ 13.60093, 52.7354 ] ] ] } },
{ "type": "Feature", "properties": { "boden": "70 % mittel, mäßig frisch (M2) · 30 % ziemlich arm, mäßig frisch (Z2)" }, "geometry": { "type": "Polygon", "coordinates": [ [ [ 13.60486, 52.73608 ], [ 13.60457, 52.73613 ], [ 13.60459, 52.7363 ], [ 13.60489, 52.73644 ], [ 13.60525, 52.7364 ], [ 13.60532, 52.73634 ], [ 13.60529, 52.73625 ], [ 13.60516, 52.73615 ], [ 13.60486, 52.73608 ] ] ] } },
{ "type": "Feature", "properties": { "boden": "60 % ziemlich arm, mäßig frisch (Z2) · 40 % ziemlich arm, mäßig frisch (Z2)" }, "geometry": { "type": "Polygon", "coordinates": [ [ [ 13.52868, 52.70628 ], [ 13.52822, 52.70583 ], [ 13.52802, 52.70548 ], [ 13.528, 52.7053 ], [ 13.52841, 52.70425 ], [ 13.52874, 52.70268 ], [ 13.52879, 52.70125 ], [ 13.52871, 52.70077 ], [ 13.52009, 52.70066 ], [ 13.51959, 52.71539 ], [ 13.52288, 52.71367 ], [ 13.52346, 52.71349 ], [ 13.52464, 52.7128 ], [ 13.52502, 52.71253 ], [ 13.52533, 52.71222 ], [ 13.52665, 52.7104 ], [ 13.52773, 52.70865 ], [ 13.52883, 52.70745 ], [ 13.52954, 52.70697 ], [ 13.52868, 52.70628 ] ] ] } },
{ "type": "Feature", "properties": { "boden": "100 % mittel, mäßig frisch (M2)" }, "geometry": { "type": "Polygon", "coordinates": [ [ [ 13.51936, 52.72218 ], [ 13.52067, 52.72223 ], [ 13.52139, 52.72236 ], [ 13.52207, 52.72258 ], [ 13.52385, 52.72337 ], [ 13.52358, 52.72272 ], [ 13.52366, 52.72233 ], [ 13.52347, 52.72084 ], [ 13.52354, 52.72019 ], [ 13.52382, 52.71968 ], [ 13.52382, 52.71811 ], [ 13.52377, 52.71808 ], [ 13.5238, 52.71801 ], [ 13.52565, 52.71661 ], [ 13.5251, 52.7162 ], [ 13.52586, 52.71571 ], [ 13.5265, 52.71604 ], [ 13.52834, 52.71502 ], [ 13.53046, 52.71393 ], [ 13.53243, 52.7126 ], [ 13.53356, 52.71158 ], [ 13.53566, 52.70902 ], [ 13.53612, 52.70859 ], [ 13.53632, 52.70856 ], [ 13.53638, 52.70866 ], [ 13.53526, 52.71011 ], [ 13.54045, 52.71123 ], [ 13.54124, 52.71128 ], [ 13.54196, 52.71118 ], [ 13.54177, 52.71019 ], [ 13.54157, 52.70964 ], [ 13.54163, 52.70917 ], [ 13.54188, 52.70866 ], [ 13.54197, 52.70809 ], [ 13.54072, 52.70731 ], [ 13.53852, 52.70693 ], [ 13.53993, 52.70562 ], [ 13.54038, 52.70501 ], [ 13.53992, 52.70493 ], [ 13.53966, 52.70474 ], [ 13.53911, 52.70552 ], [ 13.53826, 52.70537 ], [ 13.53787, 52.7062 ], [ 13.5384, 52.7063 ], [ 13.5367, 52.70801 ], [ 13.53466, 52.70729 ], [ 13.53505, 52.70678 ], [ 13.53511, 52.70637 ], [ 13.53197, 52.70588 ], [ 13.5308, 52.70634 ], [ 13.52992, 52.70675 ], [ 13.52883, 52.70745 ], [ 13.52773, 52.70865 ], [ 13.52665, 52.7104 ], [ 13.52556, 52.71194 ], [ 13.52502, 52.71253 ], [ 13.52464, 52.7128 ], [ 13.52346, 52.71349 ], [ 13.52288, 52.71367 ], [ 13.51959, 52.71539 ], [ 13.51936, 52.72218 ] ] ] } },
{ "type": "Feature", "properties": { "boden": "50 % ziemlich arm, trocken (vermutet) (Z3) · 50 % arm, trocken (vermutet) (A3)" }, "geometry": { "type": "Polygon", "coordinates": [ [ [ 13.56928, 52.70144 ], [ 13.56911, 52.70161 ], [ 13.56883, 52.70197 ], [ 13.56874, 52.7022 ], [ 13.56866, 52.7022 ], [ 13.56855, 52.70212 ], [ 13.56848, 52.70221 ], [ 13.5678, 52.70241 ], [ 13.56786, 52.70246 ], [ 13.56845, 52.70265 ], [ 13.56889, 52.70272 ], [ 13.56904, 52.70247 ], [ 13.56928, 52.70144 ] ] ] } },
{ "type": "Feature", "properties": { "boden": "50 % ziemlich arm, trocken (vermutet) (Z3) · 50 % arm, trocken (vermutet) (A3)" }, "geometry": { "type": "Polygon", "coordinates": [ [ [ 13.56717, 52.70227 ], [ 13.56686, 52.70222 ], [ 13.56642, 52.70232 ], [ 13.56589, 52.70232 ], [ 13.56565, 52.7024 ], [ 13.56583, 52.70254 ], [ 13.56621, 52.7026 ], [ 13.56644, 52.70255 ], [ 13.56717, 52.70227 ] ] ] } },
{ "type": "Feature", "properties": { "boden": "50 % ziemlich arm, mäßig frisch (Z2) · 50 % arm, mäßig frisch (A2)" }, "geometry": { "type": "Polygon", "coordinates": [ [ [ 13.56551, 52.70342 ], [ 13.56569, 52.70326 ], [ 13.56678, 52.70343 ], [ 13.56715, 52.70329 ], [ 13.56742, 52.70324 ], [ 13.56771, 52.70327 ], [ 13.56794, 52.70336 ], [ 13.5681, 52.70331 ], [ 13.56856, 52.70331 ], [ 13.56885, 52.7028 ], [ 13.56841, 52.7027 ], [ 13.56727, 52.70261 ], [ 13.56616, 52.70273 ], [ 13.56523, 52.70262 ], [ 13.56515, 52.70269 ], [ 13.56515, 52.70281 ], [ 13.56484, 52.70288 ], [ 13.5647, 52.70287 ], [ 13.56451, 52.70277 ], [ 13.56418, 52.70277 ], [ 13.56408, 52.70282 ], [ 13.56385, 52.70312 ], [ 13.56397, 52.70334 ], [ 13.56374, 52.7038 ], [ 13.56376, 52.70396 ], [ 13.56396, 52.70418 ], [ 13.56417, 52.70425 ], [ 13.56428, 52.70424 ], [ 13.5642, 52.70396 ], [ 13.56424, 52.70345 ], [ 13.56434, 52.70321 ], [ 13.56449, 52.70313 ], [ 13.56474, 52.70306 ], [ 13.56508, 52.70305 ], [ 13.5651, 52.70357 ], [ 13.56516, 52.70333 ], [ 13.56527, 52.70326 ], [ 13.56535, 52.70325 ], [ 13.56551, 52.70342 ] ] ] } },
{ "type": "Feature", "properties": { "boden": "50 % ziemlich arm, mäßig frisch (Z2) · 50 % arm, mäßig frisch (A2)" }, "geometry": { "type": "Polygon", "coordinates": [ [ [ 13.5681, 52.70331 ], [ 13.56794, 52.70336 ], [ 13.56771, 52.70327 ], [ 13.56742, 52.70324 ], [ 13.56715, 52.70329 ], [ 13.56678, 52.70343 ], [ 13.56834, 52.70368 ], [ 13.56856, 52.70331 ], [ 13.5681, 52.70331 ] ] ] } },
{ "type": "Feature", "properties": { "boden": "50 % ziemlich arm, trocken (vermutet) (Z3) · 50 % arm, trocken (vermutet) (A3)" }, "geometry": { "type": "Polygon", "coordinates": [ [ [ 13.56745, 52.70503 ], [ 13.56653, 52.70478 ], [ 13.56564, 52.70462 ], [ 13.56495, 52.70459 ], [ 13.56437, 52.70463 ], [ 13.56449, 52.70467 ], [ 13.56516, 52.70468 ], [ 13.56557, 52.70478 ], [ 13.56605, 52.7048 ], [ 13.56665, 52.70525 ], [ 13.56691, 52.70532 ], [ 13.56726, 52.7053 ], [ 13.56745, 52.70503 ] ] ] } },
{ "type": "Feature", "properties": { "boden": "50 % ziemlich arm, mäßig frisch (Z2) · 50 % arm, mäßig frisch (A2)" }, "geometry": { "type": "Polygon", "coordinates": [ [ [ 13.56255, 52.71121 ], [ 13.56412, 52.7092 ], [ 13.56633, 52.70659 ], [ 13.56694, 52.70582 ], [ 13.56726, 52.7053 ], [ 13.56691, 52.70532 ], [ 13.56665, 52.70525 ], [ 13.56618, 52.70486 ], [ 13.56597, 52.70478 ], [ 13.56557, 52.70478 ], [ 13.56503, 52.70467 ], [ 13.56425, 52.70464 ], [ 13.56431, 52.70425 ], [ 13.56551, 52.70342 ], [ 13.56535, 52.70325 ], [ 13.56527, 52.70326 ], [ 13.56516, 52.70333 ], [ 13.5651, 52.70357 ], [ 13.56505, 52.70329 ], [ 13.56511, 52.70308 ], [ 13.56503, 52.70304 ], [ 13.56474, 52.70306 ], [ 13.56434, 52.70321 ], [ 13.5642, 52.70367 ], [ 13.56428, 52.70424 ], [ 13.56406, 52.70423 ], [ 13.56381, 52.70405 ], [ 13.56374, 52.7038 ], [ 13.56397, 52.70334 ], [ 13.56386, 52.70318 ], [ 13.56389, 52.70305 ], [ 13.56412, 52.70279 ], [ 13.56451, 52.70277 ], [ 13.5647, 52.70287 ], [ 13.56502, 52.70285 ], [ 13.56515, 52.70281 ], [ 13.56515, 52.70269 ], [ 13.56523, 52.70262 ], [ 13.56616, 52.70273 ], [ 13.56697, 52.70262 ], [ 13.56765, 52.70262 ], [ 13.56841, 52.7027 ], [ 13.56885, 52.7028 ], [ 13.56889, 52.70272 ], [ 13.56808, 52.70256 ], [ 13.5678, 52.70241 ], [ 13.56848, 52.70221 ], [ 13.56855, 52.70212 ], [ 13.56866, 52.7022 ], [ 13.56874, 52.7022 ], [ 13.56883, 52.70197 ], [ 13.56911, 52.70161 ], [ 13.56921, 52.70156 ], [ 13.56932, 52.70127 ], [ 13.55616, 52.70111 ], [ 13.55551, 52.70216 ], [ 13.55522, 52.703 ], [ 13.55496, 52.70334 ], [ 13.55471, 52.70352 ], [ 13.55448, 52.70365 ], [ 13.55394, 52.7038 ], [ 13.55389, 52.70398 ], [ 13.55271, 52.70387 ], [ 13.5525, 52.70434 ], [ 13.55221, 52.7043 ], [ 13.55235, 52.7039 ], [ 13.55223, 52.70382 ], [ 13.55176, 52.70371 ], [ 13.55163, 52.7038 ], [ 13.55032, 52.70634 ], [ 13.54956, 52.70765 ], [ 13.54925, 52.70841 ], [ 13.54855, 52.70952 ], [ 13.54796, 52.71082 ], [ 13.54846, 52.71078 ], [ 13.54885, 52.7108 ], [ 13.5498, 52.71104 ], [ 13.54987, 52.71084 ], [ 13.55048, 52.711 ], [ 13.5535, 52.71107 ], [ 13.55747, 52.71166 ], [ 13.55825, 52.71171 ], [ 13.55917, 52.7117 ], [ 13.56134, 52.71147 ], [ 13.56255, 52.71121 ] ], [ [ 13.55015, 52.70815 ], [ 13.55022, 52.70828 ], [ 13.55043, 52.7084 ], [ 13.54997, 52.70829 ], [ 13.5497, 52.70816 ], [ 13.54976, 52.70811 ], [ 13.55, 52.70808 ], [ 13.55015, 52.70815 ] ], [ [ 13.56208, 52.70761 ], [ 13.56218, 52.7077 ], [ 13.56214, 52.70787 ], [ 13.56196, 52.70793 ], [ 13.56176, 52.70791 ], [ 13.56161, 52.70773 ], [ 13.56161, 52.70757 ], [ 13.56187, 52.70754 ], [ 13.56208, 52.70761 ] ], [ [ 13.56644, 52.70255 ], [ 13.56621, 52.7026 ], [ 13.56601, 52.70259 ], [ 13.56583, 52.70254 ], [ 13.56565, 52.7024 ], [ 13.56589, 52.70232 ], [ 13.56642, 52.70232 ], [ 13.56676, 52.70223 ], [ 13.56716, 52.70225 ], [ 13.56644, 52.70255 ] ] ] } },
{ "type": "Feature", "properties": { "boden": "50 % ziemlich arm, trocken (vermutet) (Z3) · 50 % arm, trocken (vermutet) (A3)" }, "geometry": { "type": "Polygon", "coordinates": [ [ [ 13.56187, 52.70754 ], [ 13.56161, 52.70757 ], [ 13.56158, 52.70763 ], [ 13.56172, 52.70789 ], [ 13.56184, 52.70793 ], [ 13.56209, 52.7079 ], [ 13.56219, 52.70779 ], [ 13.56208, 52.70761 ], [ 13.56187, 52.70754 ] ] ] } },
{ "type": "Feature", "properties": { "boden": "100 % mittel, mäßig frisch (M2)" }, "geometry": { "type": "Polygon", "coordinates": [ [ [ 13.56199, 52.71135 ], [ 13.56021, 52.7116 ], [ 13.55917, 52.7117 ], [ 13.55825, 52.71171 ], [ 13.55747, 52.71166 ], [ 13.5535, 52.71107 ], [ 13.55048, 52.711 ], [ 13.54987, 52.71084 ], [ 13.5498, 52.71104 ], [ 13.5519, 52.71165 ], [ 13.5537, 52.71205 ], [ 13.55494, 52.71246 ], [ 13.55636, 52.71285 ], [ 13.5573, 52.71305 ], [ 13.55817, 52.71346 ], [ 13.55904, 52.71368 ], [ 13.56071, 52.71237 ], [ 13.56194, 52.71167 ], [ 13.56255, 52.71121 ], [ 13.56199, 52.71135 ] ] ] } },
{ "type": "Feature", "properties": { "boden": "60 % mittel, mäßig frisch (M2) · 20 % kräftig, mäßig frisch (K2) · 20 % ziemlich arm, mäßig frisch (Z2)" }, "geometry": { "type": "Polygon", "coordinates": [ [ [ 13.56813, 52.72934 ], [ 13.56799, 52.72939 ], [ 13.56804, 52.72999 ], [ 13.56848, 52.73033 ], [ 13.56862, 52.73036 ], [ 13.56883, 52.73035 ], [ 13.56876, 52.73021 ], [ 13.56879, 52.73012 ], [ 13.56864, 52.72996 ], [ 13.56864, 52.72972 ], [ 13.56854, 52.72957 ], [ 13.5683, 52.72939 ], [ 13.56813, 52.72934 ] ] ] } },
{ "type": "Feature", "properties": { "boden": "100 % mittel, mäßig frisch (M+2)" }, "geometry": { "type": "Polygon", "coordinates": [ [ [ 13.56759, 52.72993 ], [ 13.56719, 52.72991 ], [ 13.56678, 52.73001 ], [ 13.56668, 52.73012 ], [ 13.56665, 52.73032 ], [ 13.56681, 52.73054 ], [ 13.56705, 52.73059 ], [ 13.56749, 52.73059 ], [ 13.56772, 52.73052 ], [ 13.56779, 52.73037 ], [ 13.56759, 52.72993 ] ] ] } },
{ "type": "Feature", "properties": { "boden": "60 % mittel, mäßig frisch (M2) · 20 % kräftig, mäßig frisch (K2) · 20 % ziemlich arm, mäßig frisch (Z2)" }, "geometry": { "type": "Polygon", "coordinates": [ [ [ 13.57779, 52.7276 ], [ 13.57802, 52.72797 ], [ 13.5782, 52.72807 ], [ 13.57838, 52.72808 ], [ 13.57867, 52.72798 ], [ 13.57873, 52.7279 ], [ 13.5787, 52.72774 ], [ 13.57861, 52.72759 ], [ 13.57844, 52.72749 ], [ 13.57809, 52.72748 ], [ 13.5779, 52.72752 ], [ 13.57779, 52.7276 ] ] ] } },
{ "type": "Feature", "properties": { "boden": "60 % mittel, mäßig frisch (M2) · 20 % kräftig, mäßig frisch (K2) · 20 % ziemlich arm, mäßig frisch (Z2)" }, "geometry": { "type": "Polygon", "coordinates": [ [ [ 13.5795, 52.72781 ], [ 13.57921, 52.72786 ], [ 13.579, 52.72798 ], [ 13.57895, 52.72812 ], [ 13.57906, 52.72826 ], [ 13.57921, 52.72826 ], [ 13.57955, 52.72806 ], [ 13.57962, 52.72786 ], [ 13.5795, 52.72781 ] ] ] } },
{ "type": "Feature", "properties": { "boden": "100 % mittel, mäßig frisch (M+2)" }, "geometry": { "type": "Polygon", "coordinates": [ [ [ 13.56779, 52.73037 ], [ 13.56772, 52.73052 ], [ 13.56749, 52.73059 ], [ 13.56705, 52.73059 ], [ 13.56681, 52.73054 ], [ 13.5667, 52.73044 ], [ 13.56665, 52.73032 ], [ 13.56668, 52.73012 ], [ 13.56678, 52.73001 ], [ 13.56719, 52.72991 ], [ 13.56759, 52.72993 ], [ 13.56693, 52.7287 ], [ 13.56718, 52.72865 ], [ 13.56749, 52.7294 ], [ 13.5683, 52.72905 ], [ 13.56931, 52.72873 ], [ 13.57144, 52.72824 ], [ 13.57327, 52.72768 ], [ 13.5738, 52.72746 ], [ 13.57454, 52.72693 ], [ 13.57484, 52.72654 ], [ 13.575, 52.72611 ], [ 13.57484, 52.72533 ], [ 13.57425, 52.72488 ], [ 13.57349, 52.7245 ], [ 13.57261, 52.7242 ], [ 13.57175, 52.7241 ], [ 13.57133, 52.72411 ], [ 13.57082, 52.72423 ], [ 13.56958, 52.72491 ], [ 13.56818, 52.72512 ], [ 13.5676, 52.72533 ], [ 13.56715, 52.72643 ], [ 13.56708, 52.72647 ], [ 13.56689, 52.72645 ], [ 13.56489, 52.72663 ], [ 13.56524, 52.72872 ], [ 13.56531, 52.72987 ], [ 13.56555, 52.73137 ], [ 13.56717, 52.73165 ], [ 13.56818, 52.73175 ], [ 13.56829, 52.7317 ], [ 13.56844, 52.73173 ], [ 13.56779, 52.73037 ] ], [ [ 13.56663, 52.73103 ], [ 13.56657, 52.73113 ], [ 13.56637, 52.73118 ], [ 13.56618, 52.73112 ], [ 13.56613, 52.73102 ], [ 13.56622, 52.73091 ], [ 13.56638, 52.73087 ], [ 13.56658, 52.73093 ], [ 13.56663, 52.73103 ] ] ] } },
{ "type": "Feature", "properties": { "boden": "60 % mittel, mäßig frisch (M2) · 20 % kräftig, mäßig frisch (K2) · 20 % ziemlich arm, mäßig frisch (Z2)" }, "geometry": { "type": "Polygon", "coordinates": [ [ [ 13.57761, 52.72835 ], [ 13.57734, 52.72805 ], [ 13.5773, 52.72789 ], [ 13.57737, 52.72766 ], [ 13.57728, 52.72728 ], [ 13.57738, 52.72711 ], [ 13.57777, 52.72682 ], [ 13.57755, 52.72681 ], [ 13.57719, 52.72673 ], [ 13.57713, 52.72666 ], [ 13.57678, 52.72684 ], [ 13.57658, 52.727 ], [ 13.57639, 52.72729 ], [ 13.57627, 52.72764 ], [ 13.57572, 52.72823 ], [ 13.57588, 52.72836 ], [ 13.57635, 52.72851 ], [ 13.57635, 52.72868 ], [ 13.57616, 52.72884 ], [ 13.57555, 52.72895 ], [ 13.57513, 52.72914 ], [ 13.57496, 52.72934 ], [ 13.57491, 52.72951 ], [ 13.57491, 52.72962 ], [ 13.57501, 52.72975 ], [ 13.57527, 52.7298 ], [ 13.57557, 52.72977 ], [ 13.57596, 52.72928 ], [ 13.57628, 52.72907 ], [ 13.5766, 52.72918 ], [ 13.57667, 52.72925 ], [ 13.57654, 52.72982 ], [ 13.57682, 52.72985 ], [ 13.57698, 52.72979 ], [ 13.5771, 52.7295 ], [ 13.577, 52.72927 ], [ 13.57736, 52.72906 ], [ 13.57783, 52.72853 ], [ 13.57776, 52.72843 ], [ 13.57761, 52.72835 ] ] ] } },
{ "type": "Feature", "properties": { "boden": "60 % mittel, trocken (vermutet) (M3) · 20 % kräftig, trocken (vermutet) (K3) · 20 % ziemlich arm, trocken (vermutet) (Z3)" }, "geometry": { "type": "Polygon", "coordinates": [ [ [ 13.58024, 52.72776 ], [ 13.58004, 52.72786 ], [ 13.57969, 52.72836 ], [ 13.57985, 52.72851 ], [ 13.58057, 52.7289 ], [ 13.58069, 52.72894 ], [ 13.5812, 52.72886 ], [ 13.58134, 52.72878 ], [ 13.58134, 52.72862 ], [ 13.58108, 52.72834 ], [ 13.58074, 52.72809 ], [ 13.58052, 52.72782 ], [ 13.58024, 52.72776 ] ] ] } },
{ "type": "Feature", "properties": { "boden": "60 % mittel, mäßig frisch (M2) · 20 % kräftig, mäßig frisch (K2) · 20 % ziemlich arm, mäßig frisch (Z2)" }, "geometry": { "type": "Polygon", "coordinates": [ [ [ 13.57793, 52.72847 ], [ 13.57812, 52.72842 ], [ 13.57819, 52.72833 ], [ 13.5781, 52.72821 ], [ 13.57794, 52.72817 ], [ 13.57778, 52.7282 ], [ 13.57768, 52.72832 ], [ 13.57774, 52.72842 ], [ 13.57793, 52.72847 ] ] ] } },
{ "type": "Feature", "properties": { "boden": "60 % mittel, mäßig frisch (M2) · 20 % kräftig, mäßig frisch (K2) · 20 % ziemlich arm, mäßig frisch (Z2)" }, "geometry": { "type": "Polygon", "coordinates": [ [ [ 13.58217, 52.72954 ], [ 13.58214, 52.72918 ], [ 13.5824, 52.72876 ], [ 13.58249, 52.72878 ], [ 13.58257, 52.72863 ], [ 13.58212, 52.72817 ], [ 13.5827, 52.72755 ], [ 13.58184, 52.72761 ], [ 13.58196, 52.72773 ], [ 13.5819, 52.72783 ], [ 13.5817, 52.72788 ], [ 13.58151, 52.72783 ], [ 13.58145, 52.72773 ], [ 13.58162, 52.7276 ], [ 13.58129, 52.72756 ], [ 13.58114, 52.72758 ], [ 13.58107, 52.72777 ], [ 13.58113, 52.72794 ], [ 13.58171, 52.72821 ], [ 13.58179, 52.7283 ], [ 13.58187, 52.72862 ], [ 13.5818, 52.72882 ], [ 13.58143, 52.72925 ], [ 13.58199, 52.72985 ], [ 13.58209, 52.7298 ], [ 13.58217, 52.72954 ] ] ] } },
{ "type": "Feature", "properties": { "boden": "60 % mittel, trocken (vermutet) (M3) · 20 % kräftig, trocken (vermutet) (K3) · 20 % ziemlich arm, trocken (vermutet) (Z3)" }, "geometry": { "type": "Polygon", "coordinates": [ [ [ 13.57012, 52.72854 ], [ 13.5701, 52.72862 ], [ 13.57039, 52.72871 ], [ 13.5706, 52.7287 ], [ 13.57071, 52.72863 ], [ 13.57066, 52.72855 ], [ 13.57045, 52.72851 ], [ 13.57012, 52.72854 ] ] ] } },
{ "type": "Feature", "properties": { "boden": "60 % mittel, mäßig frisch (M2) · 20 % kräftig, mäßig frisch (K2) · 20 % ziemlich arm, mäßig frisch (Z2)" }, "geometry": { "type": "Polygon", "coordinates": [ [ [ 13.57939, 52.72873 ], [ 13.5792, 52.72904 ], [ 13.57917, 52.72927 ], [ 13.57922, 52.72937 ], [ 13.57932, 52.72942 ], [ 13.57964, 52.72933 ], [ 13.57976, 52.72913 ], [ 13.57974, 52.72887 ], [ 13.57951, 52.72874 ], [ 13.57939, 52.72873 ] ] ] } },
{ "type": "Feature", "properties": { "boden": "60 % mittel, trocken (vermutet) (M3) · 20 % kräftig, trocken (vermutet) (K3) · 20 % ziemlich arm, trocken (vermutet) (Z3)" }, "geometry": { "type": "Polygon", "coordinates": [ [ [ 13.56939, 52.72882 ], [ 13.56909, 52.72886 ], [ 13.56904, 52.72901 ], [ 13.56927, 52.7293 ], [ 13.56944, 52.72941 ], [ 13.56966, 52.72948 ], [ 13.56979, 52.72946 ], [ 13.57029, 52.72926 ], [ 13.5704, 52.72917 ], [ 13.57031, 52.72903 ], [ 13.57004, 52.72892 ], [ 13.56973, 52.72884 ], [ 13.56939, 52.72882 ] ] ] } },
{ "type": "Feature", "properties": { "boden": "60 % mittel, mäßig frisch (M2) · 20 % kräftig, mäßig frisch (K2) · 20 % ziemlich arm, mäßig frisch (Z2)" }, "geometry": { "type": "Polygon", "coordinates": [ [ [ 13.57309, 52.73603 ], [ 13.57231, 52.736 ], [ 13.57208, 52.73586 ], [ 13.57209, 52.73557 ], [ 13.57239, 52.73554 ], [ 13.5732, 52.73576 ], [ 13.57394, 52.7358 ], [ 13.57418, 52.73593 ], [ 13.57558, 52.7356 ], [ 13.57659, 52.73543 ], [ 13.57703, 52.7353 ], [ 13.57614, 52.73532 ], [ 13.57562, 52.73548 ], [ 13.57535, 52.73551 ], [ 13.57492, 52.7354 ], [ 13.57423, 52.73539 ], [ 13.57381, 52.7352 ], [ 13.57347, 52.73512 ], [ 13.57257, 52.73505 ], [ 13.57125, 52.73483 ], [ 13.57107, 52.73475 ], [ 13.57095, 52.73456 ], [ 13.57098, 52.73439 ], [ 13.57122, 52.73433 ], [ 13.57189, 52.73439 ], [ 13.57252, 52.73439 ], [ 13.57303, 52.73449 ], [ 13.57342, 52.73449 ], [ 13.57359, 52.73456 ], [ 13.57371, 52.73482 ], [ 13.57395, 52.73501 ], [ 13.57416, 52.73501 ], [ 13.57475, 52.73479 ], [ 13.57517, 52.73476 ], [ 13.57527, 52.7349 ], [ 13.57491, 52.73513 ], [ 13.57486, 52.73524 ], [ 13.57493, 52.7353 ], [ 13.57518, 52.73526 ], [ 13.57587, 52.73502 ], [ 13.5764, 52.73495 ], [ 13.57689, 52.73494 ], [ 13.5772, 52.73487 ], [ 13.57764, 52.73468 ], [ 13.57789, 52.73437 ], [ 13.57816, 52.73416 ], [ 13.57835, 52.73409 ], [ 13.57883, 52.73406 ], [ 13.57936, 52.73416 ], [ 13.57962, 52.73424 ], [ 13.57967, 52.73444 ], [ 13.58014, 52.73439 ], [ 13.58037, 52.7339 ], [ 13.58037, 52.73378 ], [ 13.58022, 52.73377 ], [ 13.58009, 52.73362 ], [ 13.58005, 52.73307 ], [ 13.58014, 52.7328 ], [ 13.58053, 52.73252 ], [ 13.58096, 52.73205 ], [ 13.5814, 52.7319 ], [ 13.58159, 52.7319 ], [ 13.58186, 52.73166 ], [ 13.58179, 52.73109 ], [ 13.58185, 52.73107 ], [ 13.58176, 52.73095 ], [ 13.58192, 52.73054 ], [ 13.58168, 52.73054 ], [ 13.58152, 52.73046 ], [ 13.58117, 52.73042 ], [ 13.58095, 52.73026 ], [ 13.58069, 52.73019 ], [ 13.58121, 52.73023 ], [ 13.58156, 52.73021 ], [ 13.58191, 52.73012 ], [ 13.58212, 52.73 ], [ 13.5822, 52.73011 ], [ 13.58234, 52.72992 ], [ 13.58219, 52.72957 ], [ 13.58209, 52.7298 ], [ 13.58199, 52.72985 ], [ 13.58143, 52.72925 ], [ 13.5818, 52.72882 ], [ 13.58187, 52.72862 ], [ 13.58179, 52.7283 ], [ 13.58171, 52.72821 ], [ 13.58122, 52.72801 ], [ 13.58108, 52.72786 ], [ 13.5811, 52.72761 ], [ 13.58129, 52.72756 ], [ 13.5808, 52.72744 ], [ 13.58097, 52.72708 ], [ 13.58032, 52.72702 ], [ 13.58029, 52.7271 ], [ 13.58013, 52.72716 ], [ 13.57976, 52.72719 ], [ 13.57956, 52.72717 ], [ 13.57938, 52.7271 ], [ 13.57938, 52.72705 ], [ 13.57929, 52.72732 ], [ 13.57908, 52.72743 ], [ 13.57837, 52.72728 ], [ 13.57772, 52.72737 ], [ 13.57752, 52.72735 ], [ 13.57758, 52.72724 ], [ 13.57821, 52.72681 ], [ 13.57777, 52.72682 ], [ 13.57731, 52.72719 ], [ 13.57727, 52.72737 ], [ 13.57737, 52.72766 ], [ 13.5773, 52.72789 ], [ 13.57734, 52.72805 ], [ 13.57746, 52.72823 ], [ 13.57761, 52.72835 ], [ 13.57774, 52.72842 ], [ 13.57768, 52.72832 ], [ 13.57778, 52.7282 ], [ 13.57794, 52.72817 ], [ 13.5781, 52.72821 ], [ 13.57819, 52.72833 ], [ 13.57812, 52.72842 ], [ 13.57793, 52.72847 ], [ 13.57776, 52.72843 ], [ 13.57783, 52.72853 ], [ 13.57736, 52.72906 ], [ 13.577, 52.72927 ], [ 13.5771, 52.7295 ], [ 13.57698, 52.72979 ], [ 13.57682, 52.72985 ], [ 13.57654, 52.72982 ], [ 13.57667, 52.72925 ], [ 13.5766, 52.72918 ], [ 13.57628, 52.72907 ], [ 13.57596, 52.72928 ], [ 13.57557, 52.72977 ], [ 13.57527, 52.7298 ], [ 13.57501, 52.72975 ], [ 13.57491, 52.72962 ], [ 13.57491, 52.72951 ], [ 13.57496, 52.72934 ], [ 13.57513, 52.72914 ], [ 13.57555, 52.72895 ], [ 13.57616, 52.72884 ], [ 13.57635, 52.72868 ], [ 13.57635, 52.72851 ], [ 13.57588, 52.72836 ], [ 13.57572, 52.72823 ], [ 13.57627, 52.72764 ], [ 13.57639, 52.72729 ], [ 13.57658, 52.727 ], [ 13.57678, 52.72684 ], [ 13.57713, 52.72666 ], [ 13.57703, 52.72636 ], [ 13.57711, 52.72626 ], [ 13.57722, 52.72619 ], [ 13.57758, 52.72616 ], [ 13.57704, 52.72604 ], [ 13.57686, 52.72595 ], [ 13.57685, 52.72579 ], [ 13.57705, 52.72551 ], [ 13.57688, 52.72533 ], [ 13.57682, 52.72484 ], [ 13.57691, 52.72478 ], [ 13.57729, 52.72477 ], [ 13.57766, 52.72491 ], [ 13.57795, 52.72546 ], [ 13.57839, 52.72579 ], [ 13.57862, 52.72581 ], [ 13.5787, 52.72593 ], [ 13.57862, 52.72603 ], [ 13.5786, 52.72626 ], [ 13.57869, 52.7264 ], [ 13.57865, 52.72657 ], [ 13.57893, 52.72651 ], [ 13.57897, 52.72656 ], [ 13.57921, 52.72661 ], [ 13.57939, 52.7268 ], [ 13.57946, 52.72668 ], [ 13.57968, 52.72655 ], [ 13.57986, 52.72658 ], [ 13.58002, 52.72625 ], [ 13.57971, 52.72636 ], [ 13.57936, 52.72635 ], [ 13.57902, 52.72628 ], [ 13.57887, 52.72618 ], [ 13.57887, 52.72612 ], [ 13.57903, 52.72605 ], [ 13.57972, 52.72594 ], [ 13.57989, 52.7258 ], [ 13.57993, 52.72567 ], [ 13.57978, 52.72555 ], [ 13.57955, 52.72547 ], [ 13.57967, 52.72538 ], [ 13.57964, 52.72533 ], [ 13.57889, 52.72512 ], [ 13.57862, 52.72498 ], [ 13.57856, 52.72486 ], [ 13.57857, 52.7244 ], [ 13.57847, 52.72421 ], [ 13.57836, 52.72408 ], [ 13.57797, 52.72387 ], [ 13.5778, 52.72381 ], [ 13.57759, 52.72381 ], [ 13.57718, 52.72403 ], [ 13.57665, 52.72408 ], [ 13.57631, 52.72401 ], [ 13.57594, 52.72376 ], [ 13.57589, 52.72357 ], [ 13.57612, 52.72349 ], [ 13.57647, 52.72353 ], [ 13.57694, 52.72368 ], [ 13.57739, 52.72359 ], [ 13.57764, 52.72343 ], [ 13.57776, 52.72328 ], [ 13.57761, 52.72307 ], [ 13.5773, 52.72298 ], [ 13.57651, 52.7229 ], [ 13.57619, 52.72282 ], [ 13.57576, 52.72293 ], [ 13.57537, 52.7231 ], [ 13.57526, 52.72319 ], [ 13.57531, 52.72326 ], [ 13.57525, 52.72336 ], [ 13.57518, 52.72338 ], [ 13.57516, 52.72349 ], [ 13.57504, 52.7236 ], [ 13.57474, 52.72362 ], [ 13.57401, 52.72351 ], [ 13.57355, 52.72337 ], [ 13.5732, 52.72319 ], [ 13.57307, 52.72303 ], [ 13.57307, 52.72286 ], [ 13.57295, 52.72281 ], [ 13.57279, 52.72257 ], [ 13.57235, 52.72229 ], [ 13.57231, 52.7222 ], [ 13.57215, 52.72218 ], [ 13.57191, 52.72219 ], [ 13.5723, 52.72264 ], [ 13.57254, 52.72275 ], [ 13.57275, 52.72279 ], [ 13.57269, 52.72289 ], [ 13.57272, 52.72306 ], [ 13.57293, 52.72332 ], [ 13.57322, 52.72352 ], [ 13.57394, 52.72372 ], [ 13.57477, 52.72381 ], [ 13.57597, 52.72427 ], [ 13.57603, 52.72439 ], [ 13.57557, 52.72475 ], [ 13.57558, 52.72491 ], [ 13.57577, 52.72504 ], [ 13.57625, 52.72513 ], [ 13.57637, 52.7252 ], [ 13.57645, 52.72533 ], [ 13.57602, 52.72564 ], [ 13.57591, 52.72567 ], [ 13.57582, 52.72564 ], [ 13.57566, 52.72545 ], [ 13.57531, 52.72518 ], [ 13.5747, 52.72496 ], [ 13.57453, 52.72454 ], [ 13.57435, 52.72436 ], [ 13.57321, 52.72395 ], [ 13.57232, 52.72357 ], [ 13.57166, 52.72302 ], [ 13.57158, 52.72272 ], [ 13.5716, 52.72223 ], [ 13.57153, 52.72225 ], [ 13.57048, 52.72302 ], [ 13.57029, 52.72328 ], [ 13.57021, 52.72389 ], [ 13.57029, 52.72454 ], [ 13.57082, 52.72423 ], [ 13.57109, 52.72415 ], [ 13.57175, 52.7241 ], [ 13.57261, 52.7242 ], [ 13.57349, 52.7245 ], [ 13.57425, 52.72488 ], [ 13.57484, 52.72533 ], [ 13.575, 52.72611 ], [ 13.57484, 52.72654 ], [ 13.57454, 52.72693 ], [ 13.5736, 52.72756 ], [ 13.57144, 52.72824 ], [ 13.57019, 52.72853 ], [ 13.57066, 52.72855 ], [ 13.57071, 52.72863 ], [ 13.5706, 52.7287 ], [ 13.57018, 52.72868 ], [ 13.57008, 52.72859 ], [ 13.57012, 52.72854 ], [ 13.56931, 52.72873 ], [ 13.5683, 52.72905 ], [ 13.56749, 52.7294 ], [ 13.56729, 52.72933 ], [ 13.56971, 52.73437 ], [ 13.5699, 52.73499 ], [ 13.5695, 52.73667 ], [ 13.56995, 52.73656 ], [ 13.57187, 52.73634 ], [ 13.57226, 52.73624 ], [ 13.57286, 52.73624 ], [ 13.57343, 52.73611 ], [ 13.57309, 52.73603 ] ], [ [ 13.57115, 52.73057 ], [ 13.57115, 52.73072 ], [ 13.57105, 52.73077 ], [ 13.57091, 52.73078 ], [ 13.57078, 52.73068 ], [ 13.57076, 52.73057 ], [ 13.57081, 52.73051 ], [ 13.57103, 52.73051 ], [ 13.57115, 52.73057 ] ], [ [ 13.57467, 52.73004 ], [ 13.57463, 52.73013 ], [ 13.57453, 52.73019 ], [ 13.57433, 52.7302 ], [ 13.5742, 52.73015 ], [ 13.57425, 52.73001 ], [ 13.57436, 52.72996 ], [ 13.5746, 52.72999 ], [ 13.57467, 52.73004 ] ], [ [ 13.57638, 52.72328 ], [ 13.57635, 52.72336 ], [ 13.57605, 52.72334 ], [ 13.57578, 52.72325 ], [ 13.57588, 52.72312 ], [ 13.57613, 52.7231 ], [ 13.57638, 52.72328 ] ], [ [ 13.57455, 52.73329 ], [ 13.57452, 52.73341 ], [ 13.57428, 52.73348 ], [ 13.57399, 52.73345 ], [ 13.57397, 52.73338 ], [ 13.57405, 52.7333 ], [ 13.57434, 52.73321 ], [ 13.57446, 52.73321 ], [ 13.57455, 52.73329 ] ], [ [ 13.57937, 52.73057 ], [ 13.57934, 52.73061 ], [ 13.57918, 52.73063 ], [ 13.57907, 52.73059 ], [ 13.57903, 52.73034 ], [ 13.57911, 52.73021 ], [ 13.57929, 52.73021 ], [ 13.57937, 52.73057 ] ], [ [ 13.57612, 52.73099 ], [ 13.57595, 52.73105 ], [ 13.57556, 52.73104 ], [ 13.57538, 52.73094 ], [ 13.5756, 52.73084 ], [ 13.57603, 52.73085 ], [ 13.57612, 52.73099 ] ], [ [ 13.58051, 52.73034 ], [ 13.58048, 52.73046 ], [ 13.58039, 52.73051 ], [ 13.58017, 52.73046 ], [ 13.57988, 52.73016 ], [ 13.57998, 52.73014 ], [ 13.58026, 52.73019 ], [ 13.58051, 52.73034 ] ], [ [ 13.57649, 52.73192 ], [ 13.57648, 52.73208 ], [ 13.5764, 52.7322 ], [ 13.57619, 52.73223 ], [ 13.57602, 52.73208 ], [ 13.57598, 52.73198 ], [ 13.57603, 52.7319 ], [ 13.57637, 52.73185 ], [ 13.57649, 52.73192 ] ], [ [ 13.58028, 52.73221 ], [ 13.58018, 52.7324 ], [ 13.57994, 52.73251 ], [ 13.57981, 52.73249 ], [ 13.57972, 52.73244 ], [ 13.5797, 52.73234 ], [ 13.57978, 52.73223 ], [ 13.58003, 52.73211 ], [ 13.58018, 52.73208 ], [ 13.58028, 52.73221 ] ], [ [ 13.58142, 52.72971 ], [ 13.58158, 52.72989 ], [ 13.58154, 52.72997 ], [ 13.58137, 52.73001 ], [ 13.58121, 52.72997 ], [ 13.58096, 52.72971 ], [ 13.58091, 52.72958 ], [ 13.581, 52.72956 ], [ 13.58142, 52.72971 ] ], [ [ 13.57962, 52.72786 ], [ 13.57955, 52.72806 ], [ 13.57921, 52.72826 ], [ 13.57906, 52.72826 ], [ 13.57895, 52.72812 ], [ 13.579, 52.72798 ], [ 13.57921, 52.72786 ], [ 13.57958, 52.72782 ], [ 13.57962, 52.72786 ] ], [ [ 13.57495, 52.73263 ], [ 13.57479, 52.73276 ], [ 13.57448, 52.73274 ], [ 13.57426, 52.73268 ], [ 13.57407, 52.7325 ], [ 13.57408, 52.73242 ], [ 13.57426, 52.73237 ], [ 13.57458, 52.73241 ], [ 13.57495, 52.73263 ] ], [ [ 13.5797, 52.72554 ], [ 13.57984, 52.72565 ], [ 13.57946, 52.72579 ], [ 13.57926, 52.72582 ], [ 13.57885, 52.72576 ], [ 13.57877, 52.7256 ], [ 13.57881, 52.72555 ], [ 13.57907, 52.7255 ], [ 13.5797, 52.72554 ] ], [ [ 13.57825, 52.73122 ], [ 13.57812, 52.73131 ], [ 13.57763, 52.73149 ], [ 13.57727, 52.73175 ], [ 13.57715, 52.73176 ], [ 13.57709, 52.73169 ], [ 13.57711, 52.7316 ], [ 13.57727, 52.73142 ], [ 13.57759, 52.73131 ], [ 13.57776, 52.73115 ], [ 13.57797, 52.73113 ], [ 13.57821, 52.73116 ], [ 13.57825, 52.73122 ] ], [ [ 13.57628, 52.72628 ], [ 13.57628, 52.72643 ], [ 13.57619, 52.72655 ], [ 13.57602, 52.72664 ], [ 13.57577, 52.72669 ], [ 13.57562, 52.72658 ], [ 13.5756, 52.72647 ], [ 13.57586, 52.72611 ], [ 13.57597, 52.72603 ], [ 13.57605, 52.72603 ], [ 13.57628, 52.72628 ] ], [ [ 13.57974, 52.72887 ], [ 13.57976, 52.72913 ], [ 13.57964, 52.72933 ], [ 13.57932, 52.72942 ], [ 13.57922, 52.72937 ], [ 13.57917, 52.72927 ], [ 13.5792, 52.72904 ], [ 13.57932, 52.7288 ], [ 13.57939, 52.72873 ], [ 13.57951, 52.72874 ], [ 13.57974, 52.72887 ] ], [ [ 13.57949, 52.73152 ], [ 13.57936, 52.73175 ], [ 13.57927, 52.73176 ], [ 13.57876, 52.73157 ], [ 13.5787, 52.73148 ], [ 13.57887, 52.73136 ], [ 13.57926, 52.73116 ], [ 13.57942, 52.73113 ], [ 13.57951, 52.73118 ], [ 13.57949, 52.73152 ] ], [ [ 13.58108, 52.7318 ], [ 13.58084, 52.73187 ], [ 13.58068, 52.73187 ], [ 13.58054, 52.73176 ], [ 13.58063, 52.73158 ], [ 13.5808, 52.73142 ], [ 13.58096, 52.73138 ], [ 13.58109, 52.73141 ], [ 13.5811, 52.7312 ], [ 13.58126, 52.73112 ], [ 13.58133, 52.73134 ], [ 13.58126, 52.73162 ], [ 13.58108, 52.7318 ] ], [ [ 13.57788, 52.73028 ], [ 13.57797, 52.73056 ], [ 13.57781, 52.73059 ], [ 13.57737, 52.73053 ], [ 13.57742, 52.73034 ], [ 13.57731, 52.73024 ], [ 13.5775, 52.73009 ], [ 13.57799, 52.72995 ], [ 13.5783, 52.72998 ], [ 13.57788, 52.73028 ] ], [ [ 13.57048, 52.73209 ], [ 13.57044, 52.73229 ], [ 13.57031, 52.73237 ], [ 13.57013, 52.73241 ], [ 13.56985, 52.73238 ], [ 13.56965, 52.73224 ], [ 13.5697, 52.73206 ], [ 13.57, 52.73187 ], [ 13.57022, 52.73192 ], [ 13.57048, 52.73209 ] ], [ [ 13.57817, 52.72421 ], [ 13.57826, 52.72432 ], [ 13.5782, 52.72446 ], [ 13.57806, 52.72451 ], [ 13.57767, 52.72454 ], [ 13.57735, 52.72452 ], [ 13.57717, 52.72447 ], [ 13.57715, 52.72437 ], [ 13.5775, 52.72413 ], [ 13.57766, 52.72408 ], [ 13.57795, 52.72409 ], [ 13.57817, 52.72421 ] ], [ [ 13.58066, 52.73101 ], [ 13.58061, 52.73119 ], [ 13.58037, 52.73135 ], [ 13.5803, 52.73155 ], [ 13.58018, 52.73162 ], [ 13.58001, 52.73164 ], [ 13.57986, 52.7315 ], [ 13.57985, 52.73138 ], [ 13.57998, 52.73096 ], [ 13.58011, 52.73083 ], [ 13.58024, 52.73078 ], [ 13.58045, 52.7308 ], [ 13.58066, 52.73101 ] ], [ [ 13.57769, 52.73407 ], [ 13.5776, 52.7342 ], [ 13.57693, 52.73463 ], [ 13.57662, 52.73473 ], [ 13.57631, 52.73469 ], [ 13.57628, 52.73457 ], [ 13.57698, 52.73423 ], [ 13.5773, 52.734 ], [ 13.57749, 52.73395 ], [ 13.57765, 52.73399 ], [ 13.57769, 52.73407 ] ], [ [ 13.57256, 52.73116 ], [ 13.57253, 52.73133 ], [ 13.57223, 52.73172 ], [ 13.57207, 52.73183 ], [ 13.57179, 52.7317 ], [ 13.57168, 52.73156 ], [ 13.57166, 52.73139 ], [ 13.57192, 52.73114 ], [ 13.57234, 52.73099 ], [ 13.57248, 52.73101 ], [ 13.57256, 52.73116 ] ], [ [ 13.56854, 52.72957 ], [ 13.56864, 52.72972 ], [ 13.56862, 52.72991 ], [ 13.56879, 52.73012 ], [ 13.56876, 52.73021 ], [ 13.56883, 52.73035 ], [ 13.56862, 52.73036 ], [ 13.56848, 52.73033 ], [ 13.56804, 52.72999 ], [ 13.56799, 52.72939 ], [ 13.568, 52.72935 ], [ 13.56823, 52.72936 ], [ 13.56854, 52.72957 ] ], [ [ 13.57764, 52.72792 ], [ 13.57748, 52.72788 ], [ 13.5774, 52.72776 ], [ 13.57749, 52.72765 ], [ 13.57765, 52.72761 ], [ 13.57779, 52.72764 ], [ 13.5779, 52.72752 ], [ 13.57833, 52.72747 ], [ 13.57861, 52.72759 ], [ 13.57873, 52.7279 ], [ 13.57854, 52.72805 ], [ 13.57838, 52.72808 ], [ 13.57811, 52.72803 ], [ 13.57788, 52.72781 ], [ 13.57784, 52.72787 ], [ 13.57764, 52.72792 ] ], [ [ 13.57118, 52.73217 ], [ 13.57099, 52.73205 ], [ 13.57066, 52.73166 ], [ 13.57007, 52.73144 ], [ 13.57004, 52.73135 ], [ 13.57012, 52.73128 ], [ 13.57031, 52.73123 ], [ 13.5705, 52.73127 ], [ 13.57078, 52.73155 ], [ 13.57146, 52.73184 ], [ 13.57188, 52.73212 ], [ 13.57163, 52.73213 ], [ 13.57141, 52.7322 ], [ 13.57118, 52.73217 ] ], [ [ 13.57031, 52.72903 ], [ 13.5704, 52.72917 ], [ 13.57002, 52.72938 ], [ 13.56966, 52.72948 ], [ 13.56927, 52.7293 ], [ 13.56903, 52.72892 ], [ 13.56921, 52.72883 ], [ 13.56973, 52.72884 ], [ 13.57031, 52.72903 ] ], [ [ 13.57888, 52.73264 ], [ 13.57886, 52.73275 ], [ 13.57873, 52.73286 ], [ 13.57786, 52.73316 ], [ 13.57676, 52.73372 ], [ 13.57662, 52.73371 ], [ 13.57658, 52.73366 ], [ 13.57668, 52.73355 ], [ 13.57719, 52.73321 ], [ 13.57739, 52.73294 ], [ 13.57767, 52.73285 ], [ 13.578, 52.73264 ], [ 13.57833, 52.73258 ], [ 13.57871, 52.73258 ], [ 13.57888, 52.73264 ] ], [ [ 13.5783, 52.73222 ], [ 13.5779, 52.73233 ], [ 13.57729, 52.73263 ], [ 13.57665, 52.7331 ], [ 13.57654, 52.73316 ], [ 13.57638, 52.73317 ], [ 13.57636, 52.73308 ], [ 13.57663, 52.73273 ], [ 13.57668, 52.73252 ], [ 13.57685, 52.73235 ], [ 13.57756, 52.73214 ], [ 13.57792, 52.73197 ], [ 13.5782, 52.73192 ], [ 13.57837, 52.73184 ], [ 13.57856, 52.73185 ], [ 13.5783, 52.73222 ] ], [ [ 13.572, 52.73273 ], [ 13.57234, 52.73286 ], [ 13.57236, 52.73304 ], [ 13.57224, 52.73336 ], [ 13.57209, 52.73345 ], [ 13.57159, 52.73354 ], [ 13.57131, 52.73355 ], [ 13.57123, 52.73352 ], [ 13.57119, 52.73339 ], [ 13.57132, 52.73271 ], [ 13.57149, 52.73254 ], [ 13.5717, 52.73254 ], [ 13.572, 52.73273 ] ], [ [ 13.57247, 52.73407 ], [ 13.57185, 52.73407 ], [ 13.57154, 52.73396 ], [ 13.57223, 52.73388 ], [ 13.57241, 52.7338 ], [ 13.57293, 52.73338 ], [ 13.57336, 52.73312 ], [ 13.57347, 52.73278 ], [ 13.5737, 52.73273 ], [ 13.57381, 52.73276 ], [ 13.57388, 52.73284 ], [ 13.57383, 52.73296 ], [ 13.57356, 52.73315 ], [ 13.57356, 52.73359 ], [ 13.57347, 52.73376 ], [ 13.5732, 52.73393 ], [ 13.57281, 52.73406 ], [ 13.5728, 52.73415 ], [ 13.57247, 52.73407 ] ], [ [ 13.57526, 52.72796 ], [ 13.57494, 52.72795 ], [ 13.57451, 52.7278 ], [ 13.57426, 52.72795 ], [ 13.57415, 52.72796 ], [ 13.57411, 52.7279 ], [ 13.57419, 52.72762 ], [ 13.57413, 52.72742 ], [ 13.57423, 52.72723 ], [ 13.57438, 52.72714 ], [ 13.57493, 52.72714 ], [ 13.57539, 52.7273 ], [ 13.57571, 52.72761 ], [ 13.57568, 52.72772 ], [ 13.57546, 52.72789 ], [ 13.57526, 52.72796 ] ], [ [ 13.58052, 52.72782 ], [ 13.58074, 52.72809 ], [ 13.58108, 52.72834 ], [ 13.58134, 52.72862 ], [ 13.58134, 52.72878 ], [ 13.58098, 52.72891 ], [ 13.58069, 52.72894 ], [ 13.58057, 52.7289 ], [ 13.57985, 52.72851 ], [ 13.57969, 52.72836 ], [ 13.58008, 52.72781 ], [ 13.58035, 52.72777 ], [ 13.58052, 52.72782 ] ], [ [ 13.57368, 52.73232 ], [ 13.57339, 52.73258 ], [ 13.57322, 52.73244 ], [ 13.57288, 52.73238 ], [ 13.57264, 52.73225 ], [ 13.57227, 52.73215 ], [ 13.57261, 52.73197 ], [ 13.57291, 52.73155 ], [ 13.5732, 52.73142 ], [ 13.57348, 52.73095 ], [ 13.57411, 52.73058 ], [ 13.57424, 52.73057 ], [ 13.57432, 52.73065 ], [ 13.57421, 52.73106 ], [ 13.57398, 52.73132 ], [ 13.57359, 52.73147 ], [ 13.57346, 52.73158 ], [ 13.57354, 52.73174 ], [ 13.57376, 52.73182 ], [ 13.57431, 52.73173 ], [ 13.57577, 52.73132 ], [ 13.57638, 52.7312 ], [ 13.57658, 52.73112 ], [ 13.57672, 52.73099 ], [ 13.57694, 52.73099 ], [ 13.57705, 52.73105 ], [ 13.57704, 52.73121 ], [ 13.57668, 52.73156 ], [ 13.57647, 52.73168 ], [ 13.57585, 52.73173 ], [ 13.5757, 52.7319 ], [ 13.57562, 52.73214 ], [ 13.57547, 52.73225 ], [ 13.57454, 52.73214 ], [ 13.57416, 52.73217 ], [ 13.57368, 52.73232 ] ] ] } },
{ "type": "Feature", "properties": { "boden": "60 % mittel, trocken (vermutet) (M3) · 20 % kräftig, trocken (vermutet) (K3) · 20 % ziemlich arm, trocken (vermutet) (Z3)" }, "geometry": { "type": "Polygon", "coordinates": [ [ [ 13.58094, 52.72956 ], [ 13.58096, 52.72971 ], [ 13.58121, 52.72997 ], [ 13.58137, 52.73001 ], [ 13.58154, 52.72997 ], [ 13.58158, 52.72989 ], [ 13.58142, 52.72971 ], [ 13.58094, 52.72956 ] ] ] } },
{ "type": "Feature", "properties": { "boden": "60 % mittel, mäßig frisch (M2) · 20 % kräftig, mäßig frisch (K2) · 20 % ziemlich arm, mäßig frisch (Z2)" }, "geometry": { "type": "Polygon", "coordinates": [ [ [ 13.57444, 52.72996 ], [ 13.57425, 52.73001 ], [ 13.57419, 52.73009 ], [ 13.5742, 52.73015 ], [ 13.57433, 52.7302 ], [ 13.57453, 52.73019 ], [ 13.57463, 52.73013 ], [ 13.57467, 52.73004 ], [ 13.57444, 52.72996 ] ] ] } },
{ "type": "Feature", "properties": { "boden": "60 % mittel, mäßig frisch (M2) · 20 % kräftig, mäßig frisch (K2) · 20 % ziemlich arm, mäßig frisch (Z2)" }, "geometry": { "type": "Polygon", "coordinates": [ [ [ 13.58197, 52.73045 ], [ 13.58189, 52.73045 ], [ 13.58197, 52.7303 ], [ 13.5822, 52.73011 ], [ 13.58212, 52.73 ], [ 13.58191, 52.73012 ], [ 13.58156, 52.73021 ], [ 13.58121, 52.73023 ], [ 13.58069, 52.73019 ], [ 13.58095, 52.73026 ], [ 13.58117, 52.73042 ], [ 13.58152, 52.73046 ], [ 13.58168, 52.73054 ], [ 13.58192, 52.73054 ], [ 13.58197, 52.73045 ] ] ] } },
{ "type": "Feature", "properties": { "boden": "60 % mittel, trocken (vermutet) (M3) · 20 % kräftig, trocken (vermutet) (K3) · 20 % ziemlich arm, trocken (vermutet) (Z3)" }, "geometry": { "type": "Polygon", "coordinates": [ [ [ 13.5783, 52.72998 ], [ 13.57799, 52.72995 ], [ 13.5775, 52.73009 ], [ 13.57731, 52.73024 ], [ 13.57742, 52.73034 ], [ 13.57737, 52.73053 ], [ 13.57781, 52.73059 ], [ 13.57797, 52.73056 ], [ 13.57788, 52.73028 ], [ 13.578, 52.73016 ], [ 13.57827, 52.73002 ], [ 13.5783, 52.72998 ] ] ] } },
{ "type": "Feature", "properties": { "boden": "60 % mittel, trocken (vermutet) (M3) · 20 % kräftig, trocken (vermutet) (K3) · 20 % ziemlich arm, trocken (vermutet) (Z3)" }, "geometry": { "type": "Polygon", "coordinates": [ [ [ 13.57998, 52.73014 ], [ 13.57988, 52.73016 ], [ 13.57997, 52.73031 ], [ 13.58017, 52.73046 ], [ 13.58032, 52.73051 ], [ 13.58045, 52.73049 ], [ 13.58051, 52.73034 ], [ 13.58047, 52.73028 ], [ 13.58026, 52.73019 ], [ 13.57998, 52.73014 ] ] ] } },
{ "type": "Feature", "properties": { "boden": "60 % mittel, mäßig frisch (M2) · 20 % kräftig, mäßig frisch (K2) · 20 % ziemlich arm, mäßig frisch (Z2)" }, "geometry": { "type": "Polygon", "coordinates": [ [ [ 13.57925, 52.73019 ], [ 13.57911, 52.73021 ], [ 13.57903, 52.73034 ], [ 13.57907, 52.73059 ], [ 13.57918, 52.73063 ], [ 13.57934, 52.73061 ], [ 13.57937, 52.73057 ], [ 13.57925, 52.73019 ] ] ] } },
{ "type": "Feature", "properties": { "boden": "60 % mittel, mäßig frisch (M2) · 20 % kräftig, mäßig frisch (K2) · 20 % ziemlich arm, mäßig frisch (Z2)" }, "geometry": { "type": "Polygon", "coordinates": [ [ [ 13.57094, 52.7305 ], [ 13.57081, 52.73051 ], [ 13.57076, 52.73057 ], [ 13.57078, 52.73068 ], [ 13.57091, 52.73078 ], [ 13.57105, 52.73077 ], [ 13.57115, 52.73072 ], [ 13.57117, 52.73062 ], [ 13.57094, 52.7305 ] ] ] } },
{ "type": "Feature", "properties": { "boden": "60 % mittel, trocken (vermutet) (M3) · 20 % kräftig, trocken (vermutet) (K3) · 20 % ziemlich arm, trocken (vermutet) (Z3)" }, "geometry": { "type": "Polygon", "coordinates": [ [ [ 13.57596, 52.73083 ], [ 13.57549, 52.73085 ], [ 13.57538, 52.73094 ], [ 13.57556, 52.73104 ], [ 13.57595, 52.73105 ], [ 13.57612, 52.73099 ], [ 13.57609, 52.7309 ], [ 13.57596, 52.73083 ] ] ] } },
{ "type": "Feature", "properties": { "boden": "60 % mittel, mäßig frisch (M2) · 20 % kräftig, mäßig frisch (K2) · 20 % ziemlich arm, mäßig frisch (Z2)" }, "geometry": { "type": "Polygon", "coordinates": [ [ [ 13.58038, 52.73078 ], [ 13.58011, 52.73083 ], [ 13.57998, 52.73096 ], [ 13.57985, 52.73138 ], [ 13.57986, 52.7315 ], [ 13.58001, 52.73164 ], [ 13.58018, 52.73162 ], [ 13.5803, 52.73155 ], [ 13.58037, 52.73135 ], [ 13.58061, 52.73119 ], [ 13.58066, 52.73107 ], [ 13.58057, 52.73088 ], [ 13.58038, 52.73078 ] ] ] } },
{ "type": "Feature", "properties": { "boden": "50 % ziemlich arm, trocken (vermutet) (Z3) · 50 % arm, trocken (vermutet) (A3)" }, "geometry": { "type": "Polygon", "coordinates": [ [ [ 13.55008, 52.7081 ], [ 13.54976, 52.70811 ], [ 13.5497, 52.70816 ], [ 13.54997, 52.70829 ], [ 13.55043, 52.7084 ], [ 13.55022, 52.70828 ], [ 13.55008, 52.7081 ] ] ] } },
{ "type": "Feature", "properties": { "boden": "50 % ziemlich arm, mäßig frisch (Z2) · 50 % arm, mäßig frisch (A2)" }, "geometry": { "type": "Polygon", "coordinates": [ [ [ 13.54791, 52.70843 ], [ 13.54755, 52.70837 ], [ 13.54748, 52.70848 ], [ 13.54747, 52.70866 ], [ 13.54762, 52.70873 ], [ 13.54821, 52.70871 ], [ 13.54832, 52.70865 ], [ 13.54834, 52.70845 ], [ 13.54827, 52.70837 ], [ 13.54792, 52.70839 ], [ 13.54791, 52.70843 ] ] ] } },
{ "type": "Feature", "properties": { "boden": "50 % ziemlich arm, mäßig frisch (Z2) · 50 % arm, mäßig frisch (A2)" }, "geometry": { "type": "Polygon", "coordinates": [ [ [ 13.54231, 52.7095 ], [ 13.54231, 52.70962 ], [ 13.54248, 52.70987 ], [ 13.54277, 52.7099 ], [ 13.54276, 52.70976 ], [ 13.54231, 52.7095 ] ] ] } },
{ "type": "Feature", "properties": { "boden": "50 % ziemlich arm, trocken (vermutet) (Z3) · 50 % arm, trocken (vermutet) (A3)" }, "geometry": { "type": "Polygon", "coordinates": [ [ [ 13.54643, 52.71083 ], [ 13.54618, 52.71086 ], [ 13.5459, 52.71096 ], [ 13.54576, 52.71106 ], [ 13.54578, 52.7111 ], [ 13.54603, 52.71112 ], [ 13.54631, 52.71106 ], [ 13.54648, 52.71093 ], [ 13.5465, 52.71086 ], [ 13.54643, 52.71083 ] ] ] } },
{ "type": "Feature", "properties": { "boden": "50 % ziemlich arm, mäßig frisch (Z2) · 50 % arm, mäßig frisch (A2)" }, "geometry": { "type": "Polygon", "coordinates": [ [ [ 13.54674, 52.71068 ], [ 13.54586, 52.71065 ], [ 13.54533, 52.71069 ], [ 13.54294, 52.71118 ], [ 13.54196, 52.71118 ], [ 13.54124, 52.71128 ], [ 13.54045, 52.71123 ], [ 13.54636, 52.71251 ], [ 13.54652, 52.71217 ], [ 13.5474, 52.71079 ], [ 13.54674, 52.71068 ] ], [ [ 13.54648, 52.71093 ], [ 13.54622, 52.71109 ], [ 13.54592, 52.71112 ], [ 13.54576, 52.71106 ], [ 13.54618, 52.71086 ], [ 13.54643, 52.71083 ], [ 13.5465, 52.71086 ], [ 13.54648, 52.71093 ] ] ] } },
{ "type": "Feature", "properties": { "boden": "100 % mittel, mäßig frisch (M2)" }, "geometry": { "type": "Polygon", "coordinates": [ [ [ 13.54045, 52.72588 ], [ 13.53971, 52.72588 ], [ 13.53892, 52.72599 ], [ 13.53831, 52.72614 ], [ 13.53771, 52.7264 ], [ 13.53647, 52.72713 ], [ 13.53596, 52.72752 ], [ 13.5358, 52.72755 ], [ 13.53646, 52.72799 ], [ 13.53767, 52.7284 ], [ 13.53825, 52.72818 ], [ 13.53834, 52.7282 ], [ 13.5384, 52.72831 ], [ 13.53941, 52.72771 ], [ 13.53928, 52.7277 ], [ 13.53922, 52.72761 ], [ 13.53989, 52.72693 ], [ 13.54035, 52.72616 ], [ 13.54045, 52.72588 ] ] ] } },
{ "type": "Feature", "properties": { "boden": "100 % mittel, mäßig frisch (M2)" }, "geometry": { "type": "Polygon", "coordinates": [ [ [ 13.54925, 52.75026 ], [ 13.55064, 52.74957 ], [ 13.55106, 52.74925 ], [ 13.55187, 52.74813 ], [ 13.55261, 52.74666 ], [ 13.55262, 52.74637 ], [ 13.55312, 52.74548 ], [ 13.5539, 52.74378 ], [ 13.55418, 52.74337 ], [ 13.55438, 52.74317 ], [ 13.55481, 52.74292 ], [ 13.55571, 52.74265 ], [ 13.55589, 52.74245 ], [ 13.55605, 52.74219 ], [ 13.55548, 52.741 ], [ 13.55579, 52.74041 ], [ 13.5568, 52.73949 ], [ 13.55724, 52.73917 ], [ 13.55876, 52.73821 ], [ 13.55982, 52.73771 ], [ 13.56096, 52.73666 ], [ 13.56123, 52.73629 ], [ 13.56149, 52.73558 ], [ 13.56154, 52.73482 ], [ 13.56164, 52.73444 ], [ 13.55898, 52.73371 ], [ 13.5589, 52.73402 ], [ 13.55903, 52.73432 ], [ 13.55926, 52.73476 ], [ 13.55961, 52.73513 ], [ 13.55999, 52.73578 ], [ 13.55998, 52.73636 ], [ 13.55975, 52.73654 ], [ 13.55956, 52.7366 ], [ 13.55918, 52.73648 ], [ 13.55829, 52.73568 ], [ 13.55785, 52.73537 ], [ 13.55744, 52.73518 ], [ 13.5568, 52.73519 ], [ 13.55618, 52.73528 ], [ 13.55585, 52.73538 ], [ 13.55547, 52.73542 ], [ 13.55519, 52.7354 ], [ 13.55495, 52.7353 ], [ 13.55458, 52.73488 ], [ 13.55435, 52.73443 ], [ 13.55423, 52.73388 ], [ 13.55421, 52.73357 ], [ 13.55437, 52.73305 ], [ 13.55449, 52.73272 ], [ 13.55471, 52.7325 ], [ 13.55102, 52.7314 ], [ 13.54848, 52.73083 ], [ 13.54788, 52.7306 ], [ 13.54729, 52.73 ], [ 13.54719, 52.73 ], [ 13.54692, 52.72911 ], [ 13.54699, 52.72861 ], [ 13.54736, 52.72793 ], [ 13.54771, 52.72756 ], [ 13.54823, 52.72589 ], [ 13.54902, 52.724 ], [ 13.55036, 52.72229 ], [ 13.55118, 52.7217 ], [ 13.55537, 52.71746 ], [ 13.55899, 52.71367 ], [ 13.55817, 52.71346 ], [ 13.5573, 52.71305 ], [ 13.55636, 52.71285 ], [ 13.55494, 52.71246 ], [ 13.5537, 52.71205 ], [ 13.5519, 52.71165 ], [ 13.54933, 52.7109 ], [ 13.54885, 52.7108 ], [ 13.54846, 52.71078 ], [ 13.54796, 52.71082 ], [ 13.54755, 52.71148 ], [ 13.54595, 52.71455 ], [ 13.54367, 52.71862 ], [ 13.54264, 52.72089 ], [ 13.54208, 52.72331 ], [ 13.54225, 52.72418 ], [ 13.54314, 52.72556 ], [ 13.5434, 52.72613 ], [ 13.54339, 52.72683 ], [ 13.5429, 52.72753 ], [ 13.54209, 52.72804 ], [ 13.5408, 52.72845 ], [ 13.54063, 52.72891 ], [ 13.5405, 52.7289 ], [ 13.5403, 52.7306 ], [ 13.54066, 52.73046 ], [ 13.54104, 52.73044 ], [ 13.54178, 52.7305 ], [ 13.54216, 52.73059 ], [ 13.54279, 52.73087 ], [ 13.5429, 52.73104 ], [ 13.54287, 52.73122 ], [ 13.54266, 52.73142 ], [ 13.54235, 52.73151 ], [ 13.54163, 52.73154 ], [ 13.5409, 52.73148 ], [ 13.54061, 52.73133 ], [ 13.54028, 52.73105 ], [ 13.54024, 52.73211 ], [ 13.54045, 52.73476 ], [ 13.54071, 52.7368 ], [ 13.54138, 52.74139 ], [ 13.54188, 52.7438 ], [ 13.54195, 52.74379 ], [ 13.54186, 52.74351 ], [ 13.54201, 52.74331 ], [ 13.54212, 52.74328 ], [ 13.54223, 52.74332 ], [ 13.54228, 52.74344 ], [ 13.54222, 52.74375 ], [ 13.54241, 52.74373 ], [ 13.54325, 52.74311 ], [ 13.54345, 52.7432 ], [ 13.54358, 52.74291 ], [ 13.5437, 52.74311 ], [ 13.5436, 52.74347 ], [ 13.54336, 52.74366 ], [ 13.54293, 52.74381 ], [ 13.54286, 52.74379 ], [ 13.54273, 52.74388 ], [ 13.54191, 52.74394 ], [ 13.54194, 52.74509 ], [ 13.54217, 52.74626 ], [ 13.54231, 52.7462 ], [ 13.54269, 52.7463 ], [ 13.54305, 52.74662 ], [ 13.54308, 52.74676 ], [ 13.54302, 52.74685 ], [ 13.54285, 52.74692 ], [ 13.54246, 52.74698 ], [ 13.54231, 52.74694 ], [ 13.54228, 52.74715 ], [ 13.5424, 52.74755 ], [ 13.54257, 52.7488 ], [ 13.543, 52.74877 ], [ 13.54466, 52.7491 ], [ 13.54614, 52.74969 ], [ 13.54742, 52.75054 ], [ 13.54925, 52.75026 ] ], [ [ 13.54664, 52.74902 ], [ 13.54646, 52.74914 ], [ 13.54646, 52.74924 ], [ 13.54638, 52.74928 ], [ 13.54598, 52.74927 ], [ 13.5458, 52.74914 ], [ 13.54581, 52.74899 ], [ 13.54593, 52.74892 ], [ 13.54618, 52.74892 ], [ 13.54664, 52.74902 ] ], [ [ 13.55068, 52.74859 ], [ 13.55093, 52.74888 ], [ 13.55095, 52.74905 ], [ 13.55041, 52.7488 ], [ 13.55026, 52.74863 ], [ 13.55025, 52.7485 ], [ 13.55038, 52.74847 ], [ 13.55068, 52.74859 ] ], [ [ 13.55267, 52.73784 ], [ 13.55289, 52.73802 ], [ 13.55284, 52.73814 ], [ 13.55262, 52.7382 ], [ 13.55254, 52.73818 ], [ 13.5524, 52.73803 ], [ 13.55236, 52.73777 ], [ 13.55267, 52.73784 ] ], [ [ 13.55825, 52.73734 ], [ 13.55848, 52.73755 ], [ 13.55849, 52.73767 ], [ 13.55838, 52.73774 ], [ 13.55786, 52.73775 ], [ 13.55755, 52.73763 ], [ 13.55747, 52.73754 ], [ 13.55755, 52.7374 ], [ 13.55775, 52.73732 ], [ 13.55795, 52.73727 ], [ 13.55825, 52.73734 ] ], [ [ 13.5457, 52.73391 ], [ 13.54573, 52.73399 ], [ 13.54551, 52.73405 ], [ 13.54509, 52.73406 ], [ 13.54495, 52.73395 ], [ 13.54517, 52.73389 ], [ 13.54557, 52.73387 ], [ 13.5457, 52.73391 ] ], [ [ 13.54797, 52.71911 ], [ 13.54823, 52.71919 ], [ 13.54836, 52.71908 ], [ 13.54995, 52.71966 ], [ 13.54894, 52.72093 ], [ 13.54699, 52.72039 ], [ 13.54797, 52.71911 ] ] ] } },
{ "type": "Feature", "properties": { "boden": "100 % arm, mäßig frisch (A2)" }, "geometry": { "type": "Polygon", "coordinates": [ [ [ 13.54028, 52.73105 ], [ 13.54061, 52.73133 ], [ 13.5409, 52.73148 ], [ 13.54163, 52.73154 ], [ 13.54235, 52.73151 ], [ 13.54266, 52.73142 ], [ 13.54283, 52.73128 ], [ 13.5429, 52.73104 ], [ 13.54279, 52.73087 ], [ 13.54216, 52.73059 ], [ 13.54178, 52.7305 ], [ 13.54104, 52.73044 ], [ 13.54066, 52.73046 ], [ 13.5403, 52.7306 ], [ 13.54028, 52.73105 ] ] ] } },
{ "type": "Feature", "properties": { "boden": "100 % mittel, mäßig frisch (M2)" }, "geometry": { "type": "Polygon", "coordinates": [ [ [ 13.54557, 52.73387 ], [ 13.54517, 52.73389 ], [ 13.54495, 52.73395 ], [ 13.54509, 52.73406 ], [ 13.54551, 52.73405 ], [ 13.54573, 52.73399 ], [ 13.5457, 52.73391 ], [ 13.54557, 52.73387 ] ] ] } },
{ "type": "Feature", "properties": { "boden": "100 % mittel, trocken (vermutet) (M3)" }, "geometry": { "type": "Polygon", "coordinates": [ [ [ 13.53826, 52.7422 ], [ 13.53818, 52.74224 ], [ 13.53818, 52.74239 ], [ 13.5383, 52.74265 ], [ 13.53858, 52.7427 ], [ 13.53873, 52.74267 ], [ 13.53882, 52.74257 ], [ 13.53877, 52.74247 ], [ 13.53841, 52.74223 ], [ 13.53826, 52.7422 ] ] ] } },
{ "type": "Feature", "properties": { "boden": "40 % mittel, trocken (vermutet) (M3) · 30 % ziemlich arm, trocken (vermutet) (Z3) · 30 % ziemlich arm, trocken (vermutet) (Z3)" }, "geometry": { "type": "Polygon", "coordinates": [ [ [ 13.5203, 52.72521 ], [ 13.51982, 52.7252 ], [ 13.51968, 52.72524 ], [ 13.51959, 52.72535 ], [ 13.51967, 52.7254 ], [ 13.52, 52.72542 ], [ 13.52006, 52.72532 ], [ 13.5203, 52.72521 ] ] ] } },
{ "type": "Feature", "properties": { "boden": "40 % mittel, trocken (vermutet) (M3) · 30 % ziemlich arm, trocken (vermutet) (Z3) · 30 % ziemlich arm, trocken (vermutet) (Z3)" }, "geometry": { "type": "Polygon", "coordinates": [ [ [ 13.5212, 52.7253 ], [ 13.52078, 52.72527 ], [ 13.52083, 52.72536 ], [ 13.52103, 52.72548 ], [ 13.52135, 52.7255 ], [ 13.52134, 52.72537 ], [ 13.5212, 52.7253 ] ] ] } },
{ "type": "Feature", "properties": { "boden": "40 % mittel, mäßig frisch (M2) · 30 % ziemlich arm, mäßig frisch (Z2) · 30 % ziemlich arm, mäßig frisch (Z2)" }, "geometry": { "type": "Polygon", "coordinates": [ [ [ 13.52461, 52.72901 ], [ 13.52457, 52.7281 ], [ 13.52422, 52.72769 ], [ 13.52352, 52.72652 ], [ 13.52349, 52.72632 ], [ 13.52337, 52.72527 ], [ 13.52364, 52.72464 ], [ 13.524, 52.72407 ], [ 13.52394, 52.72357 ], [ 13.52385, 52.72337 ], [ 13.52207, 52.72258 ], [ 13.52139, 52.72236 ], [ 13.52067, 52.72223 ], [ 13.51936, 52.72218 ], [ 13.51922, 52.7263 ], [ 13.51996, 52.72625 ], [ 13.5202, 52.72626 ], [ 13.52035, 52.72633 ], [ 13.52033, 52.72654 ], [ 13.5198, 52.72711 ], [ 13.51973, 52.72733 ], [ 13.5198, 52.72769 ], [ 13.52003, 52.72816 ], [ 13.52037, 52.72848 ], [ 13.52461, 52.72901 ] ], [ [ 13.5212, 52.7253 ], [ 13.52134, 52.72537 ], [ 13.52138, 52.72547 ], [ 13.52129, 52.72551 ], [ 13.52103, 52.72548 ], [ 13.52078, 52.72527 ], [ 13.5212, 52.7253 ] ], [ [ 13.52011, 52.72528 ], [ 13.51994, 52.72543 ], [ 13.51967, 52.7254 ], [ 13.51959, 52.72535 ], [ 13.51968, 52.72524 ], [ 13.51982, 52.7252 ], [ 13.5203, 52.72521 ], [ 13.52011, 52.72528 ] ] ] } },
{ "type": "Feature", "properties": { "boden": "100 % arm, trocken (vermutet) (A3)" }, "geometry": { "type": "Polygon", "coordinates": [ [ [ 13.52458, 52.72569 ], [ 13.52533, 52.72576 ], [ 13.52549, 52.72568 ], [ 13.52565, 52.72568 ], [ 13.52569, 52.72559 ], [ 13.52548, 52.7255 ], [ 13.52495, 52.7255 ], [ 13.52389, 52.7257 ], [ 13.52398, 52.72577 ], [ 13.52413, 52.72579 ], [ 13.52458, 52.72569 ] ] ] } },
{ "type": "Feature", "properties": { "boden": "40 % ziemlich arm, mäßig frisch (Z2) · 30 % ziemlich arm, mäßig frisch (Z2) · 30 % mittel, mäßig frisch (M2)" }, "geometry": { "type": "Polygon", "coordinates": [ [ [ 13.53579, 52.72907 ], [ 13.53573, 52.7289 ], [ 13.53625, 52.72881 ], [ 13.53767, 52.7284 ], [ 13.53646, 52.72799 ], [ 13.5358, 52.72755 ], [ 13.53596, 52.72752 ], [ 13.53647, 52.72713 ], [ 13.53771, 52.7264 ], [ 13.53831, 52.72614 ], [ 13.53892, 52.72599 ], [ 13.53971, 52.72588 ], [ 13.54045, 52.72588 ], [ 13.54096, 52.72434 ], [ 13.54014, 52.72436 ], [ 13.53898, 52.72449 ], [ 13.53851, 52.72445 ], [ 13.53786, 52.72423 ], [ 13.53769, 52.72406 ], [ 13.5358, 52.72304 ], [ 13.53538, 52.72288 ], [ 13.53501, 52.72279 ], [ 13.53474, 52.72278 ], [ 13.53411, 52.72293 ], [ 13.53385, 52.72303 ], [ 13.53362, 52.72329 ], [ 13.53319, 52.72359 ], [ 13.5327, 52.72369 ], [ 13.53156, 52.72363 ], [ 13.5298, 52.72326 ], [ 13.52931, 52.72325 ], [ 13.52905, 52.7233 ], [ 13.52881, 52.72316 ], [ 13.52841, 52.72274 ], [ 13.52392, 52.72352 ], [ 13.524, 52.72407 ], [ 13.52364, 52.72464 ], [ 13.52337, 52.72527 ], [ 13.52338, 52.72539 ], [ 13.52428, 52.72541 ], [ 13.52455, 52.72536 ], [ 13.52487, 52.72521 ], [ 13.52517, 52.72488 ], [ 13.52545, 52.7243 ], [ 13.52593, 52.72383 ], [ 13.52655, 52.72357 ], [ 13.52695, 52.72347 ], [ 13.52775, 52.72347 ], [ 13.52876, 52.72379 ], [ 13.52894, 52.724 ], [ 13.5289, 52.72413 ], [ 13.52865, 52.72441 ], [ 13.52774, 52.72477 ], [ 13.52753, 52.72492 ], [ 13.52745, 52.72502 ], [ 13.52751, 52.72515 ], [ 13.5279, 52.72532 ], [ 13.5281, 52.72534 ], [ 13.52878, 52.72519 ], [ 13.529, 52.72517 ], [ 13.52914, 52.72522 ], [ 13.52906, 52.72544 ], [ 13.52853, 52.72569 ], [ 13.52788, 52.72595 ], [ 13.52738, 52.72603 ], [ 13.5263, 52.72644 ], [ 13.52547, 52.72618 ], [ 13.52505, 52.72615 ], [ 13.52349, 52.72632 ], [ 13.52352, 52.72652 ], [ 13.52422, 52.72769 ], [ 13.52457, 52.7281 ], [ 13.52461, 52.72895 ], [ 13.52689, 52.72923 ], [ 13.52723, 52.7294 ], [ 13.52798, 52.72954 ], [ 13.52797, 52.72964 ], [ 13.52456, 52.72934 ], [ 13.52431, 52.72966 ], [ 13.52605, 52.73019 ], [ 13.52694, 52.73039 ], [ 13.528, 52.73053 ], [ 13.52882, 52.73054 ], [ 13.52951, 52.73048 ], [ 13.53303, 52.72992 ], [ 13.53448, 52.72975 ], [ 13.53534, 52.72958 ], [ 13.53573, 52.72946 ], [ 13.53606, 52.72923 ], [ 13.53579, 52.72907 ] ] ] } },
{ "type": "Feature", "properties": { "boden": "100 % mittel, mäßig frisch (M2)" }, "geometry": { "type": "Polygon", "coordinates": [ [ [ 13.5195, 52.73129 ], [ 13.51952, 52.7311 ], [ 13.51943, 52.73097 ], [ 13.51928, 52.73084 ], [ 13.51907, 52.73077 ], [ 13.51906, 52.73102 ], [ 13.51938, 52.73103 ], [ 13.5195, 52.73129 ] ] ] } },
{ "type": "Feature", "properties": { "boden": "100 % mittel, mäßig frisch (M2)" }, "geometry": { "type": "Polygon", "coordinates": [ [ [ 13.53101, 52.73669 ], [ 13.53057, 52.7368 ], [ 13.53053, 52.73689 ], [ 13.53058, 52.73695 ], [ 13.53078, 52.73695 ], [ 13.53096, 52.73688 ], [ 13.53109, 52.73672 ], [ 13.53101, 52.73669 ] ] ] } },
{ "type": "Feature", "properties": { "boden": "100 % mittel, mäßig frisch (M2)" }, "geometry": { "type": "Polygon", "coordinates": [ [ [ 13.5226, 52.7386 ], [ 13.52253, 52.73847 ], [ 13.52229, 52.73843 ], [ 13.52195, 52.73854 ], [ 13.5218, 52.73867 ], [ 13.52192, 52.73888 ], [ 13.52215, 52.73891 ], [ 13.52216, 52.7386 ], [ 13.5226, 52.7386 ] ] ] } },
{ "type": "Feature", "properties": { "boden": "100 % mittel, mäßig frisch (M2)" }, "geometry": { "type": "Polygon", "coordinates": [ [ [ 13.52227, 52.73901 ], [ 13.52198, 52.73886 ], [ 13.52182, 52.7389 ], [ 13.52173, 52.73901 ], [ 13.52178, 52.73911 ], [ 13.52197, 52.73917 ], [ 13.52217, 52.73912 ], [ 13.52227, 52.73901 ] ] ] } },
{ "type": "Feature", "properties": { "boden": "100 % mittel, mäßig frisch (M+2)" }, "geometry": { "type": "Polygon", "coordinates": [ [ [ 13.56638, 52.73087 ], [ 13.56622, 52.73091 ], [ 13.56613, 52.73102 ], [ 13.56618, 52.73112 ], [ 13.56637, 52.73118 ], [ 13.56657, 52.73113 ], [ 13.56663, 52.73103 ], [ 13.56658, 52.73093 ], [ 13.56638, 52.73087 ] ] ] } },
{ "type": "Feature", "properties": { "boden": "100 % mittel, mäßig frisch (M2)" }, "geometry": { "type": "Polygon", "coordinates": [ [ [ 13.55898, 52.73371 ], [ 13.55471, 52.7325 ], [ 13.55449, 52.73272 ], [ 13.55421, 52.73357 ], [ 13.55423, 52.73388 ], [ 13.55435, 52.73443 ], [ 13.55458, 52.73488 ], [ 13.55482, 52.73518 ], [ 13.55495, 52.7353 ], [ 13.55519, 52.7354 ], [ 13.55547, 52.73542 ], [ 13.5568, 52.73519 ], [ 13.55744, 52.73518 ], [ 13.55785, 52.73537 ], [ 13.55829, 52.73568 ], [ 13.55918, 52.73648 ], [ 13.55956, 52.7366 ], [ 13.55975, 52.73654 ], [ 13.55998, 52.73636 ], [ 13.55999, 52.73578 ], [ 13.55961, 52.73513 ], [ 13.55926, 52.73476 ], [ 13.55903, 52.73432 ], [ 13.5589, 52.73402 ], [ 13.55898, 52.73371 ] ] ] } },
{ "type": "Feature", "properties": { "boden": "100 % mittel, mäßig frisch (M2)" }, "geometry": { "type": "Polygon", "coordinates": [ [ [ 13.56871, 52.73664 ], [ 13.56226, 52.7346 ], [ 13.56164, 52.73444 ], [ 13.56154, 52.73482 ], [ 13.5615, 52.73553 ], [ 13.56206, 52.73664 ], [ 13.56207, 52.73712 ], [ 13.5623, 52.7374 ], [ 13.56253, 52.73747 ], [ 13.56362, 52.73753 ], [ 13.56411, 52.73765 ], [ 13.56478, 52.73759 ], [ 13.56676, 52.73712 ], [ 13.56686, 52.73701 ], [ 13.56871, 52.73664 ] ] ] } },
{ "type": "Feature", "properties": { "boden": "100 % mittel, mäßig frisch (M2)" }, "geometry": { "type": "Polygon", "coordinates": [ [ [ 13.56849, 52.73673 ], [ 13.568, 52.73682 ], [ 13.56788, 52.73688 ], [ 13.56806, 52.73698 ], [ 13.56836, 52.737 ], [ 13.56884, 52.73688 ], [ 13.56886, 52.73682 ], [ 13.56872, 52.73674 ], [ 13.56849, 52.73673 ] ] ] } },
{ "type": "Feature", "properties": { "boden": "100 % mittel, trocken (vermutet) (M3)" }, "geometry": { "type": "Polygon", "coordinates": [ [ [ 13.55795, 52.73727 ], [ 13.55755, 52.7374 ], [ 13.55747, 52.73749 ], [ 13.55755, 52.73763 ], [ 13.55798, 52.73777 ], [ 13.55838, 52.73774 ], [ 13.55849, 52.73767 ], [ 13.55839, 52.73744 ], [ 13.5581, 52.73728 ], [ 13.55795, 52.73727 ] ] ] } },
{ "type": "Feature", "properties": { "boden": "100 % mittel, mäßig frisch (M2)" }, "geometry": { "type": "Polygon", "coordinates": [ [ [ 13.56593, 52.73753 ], [ 13.56558, 52.7376 ], [ 13.56558, 52.7377 ], [ 13.56589, 52.73773 ], [ 13.56627, 52.73767 ], [ 13.56619, 52.73756 ], [ 13.56593, 52.73753 ] ] ] } },
{ "type": "Feature", "properties": { "boden": "100 % mittel, trocken (vermutet) (M3)" }, "geometry": { "type": "Polygon", "coordinates": [ [ [ 13.55241, 52.73776 ], [ 13.55234, 52.73782 ], [ 13.55246, 52.73812 ], [ 13.55254, 52.73818 ], [ 13.55271, 52.73819 ], [ 13.55284, 52.73814 ], [ 13.55289, 52.73802 ], [ 13.55267, 52.73784 ], [ 13.55241, 52.73776 ] ] ] } },
{ "type": "Feature", "properties": { "boden": "100 % mittel, mäßig frisch (M2)" }, "geometry": { "type": "Polygon", "coordinates": [ [ [ 13.5596, 52.73796 ], [ 13.55936, 52.73799 ], [ 13.55919, 52.73811 ], [ 13.55936, 52.73834 ], [ 13.55964, 52.73839 ], [ 13.55986, 52.73833 ], [ 13.55992, 52.73818 ], [ 13.5598, 52.738 ], [ 13.5596, 52.73796 ] ] ] } },
{ "type": "Feature", "properties": { "boden": "100 % mittel, trocken (vermutet) (M3)" }, "geometry": { "type": "Polygon", "coordinates": [ [ [ 13.56421, 52.73842 ], [ 13.56407, 52.73846 ], [ 13.56423, 52.73866 ], [ 13.56441, 52.7387 ], [ 13.56468, 52.73865 ], [ 13.56449, 52.73848 ], [ 13.56421, 52.73842 ] ] ] } },
{ "type": "Feature", "properties": { "boden": "100 % mittel, mäßig frisch (M2)" }, "geometry": { "type": "Polygon", "coordinates": [ [ [ 13.56294, 52.73859 ], [ 13.56241, 52.73868 ], [ 13.56235, 52.73877 ], [ 13.56279, 52.73892 ], [ 13.56304, 52.73892 ], [ 13.56325, 52.73882 ], [ 13.56327, 52.73876 ], [ 13.56314, 52.73863 ], [ 13.56294, 52.73859 ] ] ] } },
{ "type": "Feature", "properties": { "boden": "100 % mittel, mäßig frisch (M2)" }, "geometry": { "type": "Polygon", "coordinates": [ [ [ 13.53788, 52.74861 ], [ 13.53881, 52.7475 ], [ 13.5386, 52.74717 ], [ 13.53802, 52.74678 ], [ 13.53686, 52.74642 ], [ 13.53658, 52.74581 ], [ 13.5366, 52.74559 ], [ 13.5364, 52.74534 ], [ 13.53643, 52.74513 ], [ 13.53656, 52.74506 ], [ 13.53671, 52.74505 ], [ 13.53687, 52.74479 ], [ 13.537, 52.74473 ], [ 13.5371, 52.74475 ], [ 13.53766, 52.74532 ], [ 13.53779, 52.74576 ], [ 13.53837, 52.7462 ], [ 13.5388, 52.74647 ], [ 13.53911, 52.74659 ], [ 13.53961, 52.74665 ], [ 13.5398, 52.74658 ], [ 13.54027, 52.74612 ], [ 13.54097, 52.74505 ], [ 13.54102, 52.7448 ], [ 13.54095, 52.74442 ], [ 13.5413, 52.74413 ], [ 13.5413, 52.74396 ], [ 13.54108, 52.744 ], [ 13.54095, 52.74407 ], [ 13.54096, 52.74402 ], [ 13.54082, 52.74394 ], [ 13.54128, 52.74378 ], [ 13.54095, 52.74118 ], [ 13.54006, 52.7357 ], [ 13.53985, 52.73344 ], [ 13.53979, 52.73186 ], [ 13.53966, 52.73103 ], [ 13.53951, 52.7305 ], [ 13.53869, 52.73004 ], [ 13.5378, 52.72966 ], [ 13.53694, 52.72945 ], [ 13.53637, 52.72937 ], [ 13.53606, 52.72923 ], [ 13.53573, 52.72946 ], [ 13.53534, 52.72958 ], [ 13.53448, 52.72975 ], [ 13.53303, 52.72992 ], [ 13.52951, 52.73048 ], [ 13.52882, 52.73054 ], [ 13.528, 52.73053 ], [ 13.52694, 52.73039 ], [ 13.52605, 52.73019 ], [ 13.52431, 52.72966 ], [ 13.52344, 52.73058 ], [ 13.52296, 52.73123 ], [ 13.52294, 52.73209 ], [ 13.52279, 52.7325 ], [ 13.52292, 52.73382 ], [ 13.5231, 52.7343 ], [ 13.52315, 52.73477 ], [ 13.52341, 52.73552 ], [ 13.52365, 52.73668 ], [ 13.52372, 52.73722 ], [ 13.52367, 52.73747 ], [ 13.52405, 52.73831 ], [ 13.5239, 52.73967 ], [ 13.52388, 52.74052 ], [ 13.52341, 52.74097 ], [ 13.52219, 52.74184 ], [ 13.52141, 52.74258 ], [ 13.52622, 52.74493 ], [ 13.52716, 52.74562 ], [ 13.52772, 52.74612 ], [ 13.52793, 52.74645 ], [ 13.52805, 52.74593 ], [ 13.52795, 52.74547 ], [ 13.52746, 52.74452 ], [ 13.52729, 52.74393 ], [ 13.52737, 52.74338 ], [ 13.52768, 52.74315 ], [ 13.52788, 52.7429 ], [ 13.52774, 52.74188 ], [ 13.52797, 52.7415 ], [ 13.52832, 52.74126 ], [ 13.52867, 52.74111 ], [ 13.5295, 52.74099 ], [ 13.52973, 52.741 ], [ 13.52998, 52.74109 ], [ 13.53019, 52.74121 ], [ 13.53058, 52.7417 ], [ 13.5308, 52.74183 ], [ 13.53124, 52.74199 ], [ 13.53191, 52.74207 ], [ 13.53216, 52.74221 ], [ 13.53225, 52.74252 ], [ 13.53202, 52.74286 ], [ 13.53144, 52.74335 ], [ 13.53107, 52.74354 ], [ 13.52989, 52.74397 ], [ 13.52958, 52.74416 ], [ 13.52949, 52.74428 ], [ 13.52938, 52.74474 ], [ 13.52949, 52.74497 ], [ 13.52951, 52.74564 ], [ 13.52991, 52.74545 ], [ 13.53026, 52.74542 ], [ 13.53031, 52.74553 ], [ 13.53014, 52.74566 ], [ 13.52951, 52.74568 ], [ 13.52924, 52.74707 ], [ 13.52921, 52.74757 ], [ 13.52935, 52.74778 ], [ 13.53006, 52.74814 ], [ 13.53363, 52.74933 ], [ 13.53475, 52.74913 ], [ 13.53589, 52.7491 ], [ 13.53631, 52.74918 ], [ 13.5368, 52.74944 ], [ 13.53693, 52.74957 ], [ 13.5371, 52.74987 ], [ 13.53717, 52.75025 ], [ 13.53746, 52.7497 ], [ 13.53788, 52.74861 ] ], [ [ 13.53638, 52.74373 ], [ 13.53662, 52.74396 ], [ 13.53672, 52.74418 ], [ 13.53648, 52.74414 ], [ 13.53605, 52.74397 ], [ 13.53583, 52.74383 ], [ 13.53574, 52.74367 ], [ 13.53577, 52.7436 ], [ 13.53589, 52.74359 ], [ 13.53638, 52.74373 ] ], [ [ 13.5341, 52.74223 ], [ 13.53439, 52.74247 ], [ 13.53438, 52.74263 ], [ 13.53424, 52.74271 ], [ 13.53413, 52.7427 ], [ 13.53407, 52.74265 ], [ 13.53395, 52.74223 ], [ 13.5341, 52.74223 ] ], [ [ 13.53862, 52.74235 ], [ 13.53882, 52.74257 ], [ 13.53879, 52.74264 ], [ 13.53858, 52.7427 ], [ 13.53837, 52.74269 ], [ 13.53825, 52.74259 ], [ 13.53818, 52.74224 ], [ 13.53826, 52.7422 ], [ 13.53862, 52.74235 ] ], [ [ 13.53109, 52.73672 ], [ 13.53096, 52.73688 ], [ 13.53078, 52.73695 ], [ 13.53058, 52.73695 ], [ 13.53053, 52.73685 ], [ 13.53064, 52.73677 ], [ 13.53101, 52.73669 ], [ 13.53109, 52.73672 ] ] ] } },
{ "type": "Feature", "properties": { "boden": "100 % mittel, trocken (vermutet) (M3)" }, "geometry": { "type": "Polygon", "coordinates": [ [ [ 13.51891, 52.74032 ], [ 13.51874, 52.74033 ], [ 13.51874, 52.74054 ], [ 13.51898, 52.74046 ], [ 13.51902, 52.74036 ], [ 13.51891, 52.74032 ] ] ] } },
{ "type": "Feature", "properties": { "boden": "50 % ziemlich arm, trocken (vermutet) (Z3) · 50 % mittel, trocken (vermutet) (M3)" }, "geometry": { "type": "Polygon", "coordinates": [ [ [ 13.52973, 52.74197 ], [ 13.52918, 52.74207 ], [ 13.52899, 52.74225 ], [ 13.52903, 52.74246 ], [ 13.52951, 52.7428 ], [ 13.52978, 52.74288 ], [ 13.53041, 52.74295 ], [ 13.53076, 52.74284 ], [ 13.53139, 52.74274 ], [ 13.53132, 52.74256 ], [ 13.53095, 52.74231 ], [ 13.53056, 52.74212 ], [ 13.53015, 52.742 ], [ 13.52973, 52.74197 ] ] ] } },
{ "type": "Feature", "properties": { "boden": "100 % mittel, mäßig frisch (M2)" }, "geometry": { "type": "Polygon", "coordinates": [ [ [ 13.51919, 52.74533 ], [ 13.51983, 52.74434 ], [ 13.52064, 52.74335 ], [ 13.52152, 52.74249 ], [ 13.51992, 52.74242 ], [ 13.51868, 52.74221 ], [ 13.51859, 52.7449 ], [ 13.51909, 52.74535 ], [ 13.51882, 52.74538 ], [ 13.51857, 52.74535 ], [ 13.51857, 52.74539 ], [ 13.5191, 52.74571 ], [ 13.51926, 52.74567 ], [ 13.51919, 52.74533 ] ] ] } },
{ "type": "Feature", "properties": { "boden": "100 % mittel, trocken (vermutet) (M3)" }, "geometry": { "type": "Polygon", "coordinates": [ [ [ 13.51857, 52.74535 ], [ 13.51904, 52.74537 ], [ 13.51908, 52.7453 ], [ 13.51859, 52.7449 ], [ 13.51857, 52.74535 ] ] ] } },
{ "type": "Feature", "properties": { "boden": "100 % mittel, mäßig frisch (M2)" }, "geometry": { "type": "Polygon", "coordinates": [ [ [ 13.5724, 52.73849 ], [ 13.57201, 52.7384 ], [ 13.57177, 52.73822 ], [ 13.57174, 52.73814 ], [ 13.57201, 52.73808 ], [ 13.57237, 52.73808 ], [ 13.57261, 52.73812 ], [ 13.57286, 52.73624 ], [ 13.57182, 52.73648 ], [ 13.56922, 52.7368 ], [ 13.56913, 52.73718 ], [ 13.56762, 52.73793 ], [ 13.56649, 52.73834 ], [ 13.56524, 52.73873 ], [ 13.56451, 52.73902 ], [ 13.56414, 52.73927 ], [ 13.5642, 52.73968 ], [ 13.56459, 52.74012 ], [ 13.56499, 52.74041 ], [ 13.56534, 52.74058 ], [ 13.56711, 52.74102 ], [ 13.56843, 52.74143 ], [ 13.57088, 52.74159 ], [ 13.57135, 52.7417 ], [ 13.57224, 52.74204 ], [ 13.57237, 52.74104 ], [ 13.57219, 52.74111 ], [ 13.57256, 52.73847 ], [ 13.5724, 52.73849 ] ] ] } },
{ "type": "Feature", "properties": { "boden": "100 % mittel, trocken (vermutet) (M3)" }, "geometry": { "type": "Polygon", "coordinates": [ [ [ 13.56206, 52.73949 ], [ 13.5617, 52.73944 ], [ 13.56144, 52.73923 ], [ 13.56121, 52.73919 ], [ 13.56079, 52.73925 ], [ 13.56074, 52.73936 ], [ 13.56095, 52.73961 ], [ 13.56136, 52.73989 ], [ 13.5618, 52.73998 ], [ 13.56215, 52.73992 ], [ 13.56216, 52.73961 ], [ 13.56206, 52.73949 ] ] ] } },
{ "type": "Feature", "properties": { "boden": "100 % mittel, mäßig frisch (M2)" }, "geometry": { "type": "Polygon", "coordinates": [ [ [ 13.55978, 52.74065 ], [ 13.55962, 52.74069 ], [ 13.55953, 52.7408 ], [ 13.55958, 52.7409 ], [ 13.55977, 52.74096 ], [ 13.55997, 52.74091 ], [ 13.56003, 52.74081 ], [ 13.55997, 52.74071 ], [ 13.55978, 52.74065 ] ] ] } },
{ "type": "Feature", "properties": { "boden": "100 % mittel, trocken (vermutet) (M3)" }, "geometry": { "type": "Polygon", "coordinates": [ [ [ 13.56594, 52.74117 ], [ 13.56562, 52.74122 ], [ 13.56559, 52.74134 ], [ 13.56568, 52.74148 ], [ 13.56607, 52.7416 ], [ 13.5665, 52.74157 ], [ 13.56653, 52.74148 ], [ 13.56645, 52.74135 ], [ 13.56631, 52.74126 ], [ 13.56594, 52.74117 ] ] ] } },
{ "type": "Feature", "properties": { "boden": "100 % ziemlich arm, trocken (vermutet) (Z3)" }, "geometry": { "type": "Polygon", "coordinates": [ [ [ 13.56202, 52.74136 ], [ 13.56196, 52.74139 ], [ 13.56194, 52.74163 ], [ 13.56161, 52.74174 ], [ 13.56143, 52.74191 ], [ 13.56143, 52.74209 ], [ 13.56154, 52.74217 ], [ 13.56181, 52.74214 ], [ 13.56186, 52.74181 ], [ 13.56222, 52.74152 ], [ 13.56219, 52.74143 ], [ 13.56202, 52.74136 ] ] ] } },
{ "type": "Feature", "properties": { "boden": "100 % ziemlich arm, trocken (vermutet) (Z3)" }, "geometry": { "type": "Polygon", "coordinates": [ [ [ 13.56266, 52.74279 ], [ 13.56234, 52.74287 ], [ 13.56225, 52.74301 ], [ 13.56228, 52.74313 ], [ 13.56274, 52.74309 ], [ 13.56294, 52.743 ], [ 13.56291, 52.74285 ], [ 13.56266, 52.74279 ] ] ] } },
{ "type": "Feature", "properties": { "boden": "100 % ziemlich arm, mäßig frisch (Z2)" }, "geometry": { "type": "Polygon", "coordinates": [ [ [ 13.56478, 52.74419 ], [ 13.56577, 52.74293 ], [ 13.56582, 52.74267 ], [ 13.56586, 52.74226 ], [ 13.56577, 52.74183 ], [ 13.56438, 52.74088 ], [ 13.56392, 52.74071 ], [ 13.56338, 52.74066 ], [ 13.5627, 52.74083 ], [ 13.56183, 52.74129 ], [ 13.56145, 52.74162 ], [ 13.56109, 52.74228 ], [ 13.56098, 52.74363 ], [ 13.5615, 52.74473 ], [ 13.56191, 52.74584 ], [ 13.5638, 52.74549 ], [ 13.56446, 52.74542 ], [ 13.5644, 52.74528 ], [ 13.56478, 52.74419 ] ], [ [ 13.56291, 52.74285 ], [ 13.56296, 52.74292 ], [ 13.56289, 52.74304 ], [ 13.56253, 52.74313 ], [ 13.56228, 52.74313 ], [ 13.56225, 52.74301 ], [ 13.56234, 52.74287 ], [ 13.56266, 52.74279 ], [ 13.56291, 52.74285 ] ], [ [ 13.56209, 52.74137 ], [ 13.56222, 52.74152 ], [ 13.56182, 52.74188 ], [ 13.56181, 52.74214 ], [ 13.56154, 52.74217 ], [ 13.56142, 52.74202 ], [ 13.56149, 52.74181 ], [ 13.56194, 52.74163 ], [ 13.56196, 52.74139 ], [ 13.56209, 52.74137 ] ] ] } },
{ "type": "Feature", "properties": { "boden": "100 % mittel, mäßig frisch (M+2)" }, "geometry": { "type": "Polygon", "coordinates": [ [ [ 13.55684, 52.74556 ], [ 13.55742, 52.7454 ], [ 13.55867, 52.74471 ], [ 13.55897, 52.74434 ], [ 13.55902, 52.74418 ], [ 13.55896, 52.74402 ], [ 13.55874, 52.7438 ], [ 13.55852, 52.74367 ], [ 13.55812, 52.74352 ], [ 13.55729, 52.74336 ], [ 13.55638, 52.74328 ], [ 13.55564, 52.74281 ], [ 13.55535, 52.74275 ], [ 13.55481, 52.74292 ], [ 13.55438, 52.74317 ], [ 13.5539, 52.74378 ], [ 13.55397, 52.74411 ], [ 13.55442, 52.74486 ], [ 13.55508, 52.7454 ], [ 13.55555, 52.7456 ], [ 13.55593, 52.74562 ], [ 13.55585, 52.74543 ], [ 13.55611, 52.74527 ], [ 13.55634, 52.74548 ], [ 13.55635, 52.74559 ], [ 13.55684, 52.74556 ] ] ] } },
{ "type": "Feature", "properties": { "boden": "100 % mittel, trocken (vermutet) (M+3)" }, "geometry": { "type": "Polygon", "coordinates": [ [ [ 13.55634, 52.74548 ], [ 13.55611, 52.74527 ], [ 13.55585, 52.74543 ], [ 13.55593, 52.74562 ], [ 13.55635, 52.74559 ], [ 13.55634, 52.74548 ] ] ] } },
{ "type": "Feature", "properties": { "boden": "100 % mittel, mäßig frisch (M2)" }, "geometry": { "type": "Polygon", "coordinates": [ [ [ 13.56111, 52.74605 ], [ 13.56043, 52.74606 ], [ 13.56032, 52.74613 ], [ 13.56059, 52.74627 ], [ 13.56291, 52.74682 ], [ 13.56359, 52.74691 ], [ 13.56383, 52.74684 ], [ 13.56381, 52.74663 ], [ 13.56341, 52.74647 ], [ 13.56191, 52.74622 ], [ 13.56153, 52.74609 ], [ 13.56111, 52.74605 ] ] ] } },
{ "type": "Feature", "properties": { "boden": "100 % mittel, trocken (vermutet) (M3)" }, "geometry": { "type": "Polygon", "coordinates": [ [ [ 13.53404, 52.74222 ], [ 13.53395, 52.74223 ], [ 13.53396, 52.74228 ], [ 13.53407, 52.74265 ], [ 13.53413, 52.7427 ], [ 13.53424, 52.74271 ], [ 13.53438, 52.74263 ], [ 13.53439, 52.74247 ], [ 13.5343, 52.74236 ], [ 13.53404, 52.74222 ] ] ] } },
{ "type": "Feature", "properties": { "boden": "100 % mittel, mäßig frisch (M2)" }, "geometry": { "type": "Polygon", "coordinates": [ [ [ 13.54352, 52.74323 ], [ 13.54337, 52.74344 ], [ 13.54286, 52.7438 ], [ 13.54336, 52.74366 ], [ 13.5436, 52.74347 ], [ 13.5437, 52.74311 ], [ 13.54358, 52.74291 ], [ 13.54345, 52.7432 ], [ 13.54352, 52.74323 ] ] ] } },
{ "type": "Feature", "properties": { "boden": "100 % mittel, trocken (vermutet) (M3)" }, "geometry": { "type": "Polygon", "coordinates": [ [ [ 13.54227, 52.74354 ], [ 13.54223, 52.74332 ], [ 13.54212, 52.74328 ], [ 13.54201, 52.74331 ], [ 13.54186, 52.74351 ], [ 13.54195, 52.74379 ], [ 13.54222, 52.74375 ], [ 13.54227, 52.74354 ] ] ] } },
{ "type": "Feature", "properties": { "boden": "100 % mittel, trocken (vermutet) (M3)" }, "geometry": { "type": "Polygon", "coordinates": [ [ [ 13.53589, 52.74359 ], [ 13.53577, 52.7436 ], [ 13.53574, 52.74367 ], [ 13.53583, 52.74383 ], [ 13.53605, 52.74397 ], [ 13.53648, 52.74414 ], [ 13.53672, 52.74418 ], [ 13.53662, 52.74396 ], [ 13.53638, 52.74373 ], [ 13.53589, 52.74359 ] ] ] } },
{ "type": "Feature", "properties": { "boden": "100 % mittel, mäßig frisch (M2)" }, "geometry": { "type": "Polygon", "coordinates": [ [ [ 13.53656, 52.74506 ], [ 13.53643, 52.74513 ], [ 13.5364, 52.74534 ], [ 13.5366, 52.74559 ], [ 13.53671, 52.74505 ], [ 13.53656, 52.74506 ] ] ] } },
{ "type": "Feature", "properties": { "boden": "40 % mittel, mäßig frisch (M2) · 30 % mittel, mäßig frisch (M2) · 30 % mittel, mäßig frisch (M2)" }, "geometry": { "type": "Polygon", "coordinates": [ [ [ 13.53671, 52.74505 ], [ 13.53698, 52.74509 ], [ 13.53728, 52.74532 ], [ 13.53731, 52.74554 ], [ 13.53748, 52.7457 ], [ 13.53832, 52.74616 ], [ 13.53779, 52.74576 ], [ 13.53766, 52.74532 ], [ 13.5371, 52.74475 ], [ 13.537, 52.74473 ], [ 13.53687, 52.74479 ], [ 13.53671, 52.74505 ] ] ] } },
{ "type": "Feature", "properties": { "boden": "40 % mittel, mäßig frisch (M2) · 30 % mittel, mäßig frisch (M2) · 30 % mittel, mäßig frisch (M2)" }, "geometry": { "type": "Polygon", "coordinates": [ [ [ 13.5387, 52.7464 ], [ 13.53748, 52.7457 ], [ 13.53731, 52.74554 ], [ 13.53728, 52.74532 ], [ 13.53698, 52.74509 ], [ 13.53671, 52.74505 ], [ 13.5366, 52.74559 ], [ 13.53672, 52.74565 ], [ 13.53706, 52.74608 ], [ 13.53732, 52.74628 ], [ 13.53774, 52.74649 ], [ 13.53801, 52.74655 ], [ 13.53865, 52.74654 ], [ 13.53874, 52.74646 ], [ 13.5387, 52.7464 ] ] ] } },
{ "type": "Feature", "properties": { "boden": "40 % mittel, mäßig frisch (M2) · 30 % mittel, mäßig frisch (M2) · 30 % mittel, mäßig frisch (M2)" }, "geometry": { "type": "Polygon", "coordinates": [ [ [ 13.54161, 52.74636 ], [ 13.54158, 52.74599 ], [ 13.54146, 52.74575 ], [ 13.5412, 52.74554 ], [ 13.54092, 52.74542 ], [ 13.54087, 52.74548 ], [ 13.54091, 52.74567 ], [ 13.54114, 52.74609 ], [ 13.54155, 52.74639 ], [ 13.54161, 52.74636 ] ] ] } },
{ "type": "Feature", "properties": { "boden": "100 % mittel, mäßig frisch (M2)" }, "geometry": { "type": "Polygon", "coordinates": [ [ [ 13.54234, 52.74675 ], [ 13.54231, 52.74694 ], [ 13.54246, 52.74698 ], [ 13.54285, 52.74692 ], [ 13.54302, 52.74685 ], [ 13.54308, 52.74676 ], [ 13.54305, 52.74662 ], [ 13.54269, 52.7463 ], [ 13.54231, 52.7462 ], [ 13.54217, 52.74626 ], [ 13.54234, 52.74675 ] ] ] } },
{ "type": "Feature", "properties": { "boden": "40 % mittel, mäßig frisch (M2) · 30 % mittel, mäßig frisch (M2) · 30 % mittel, mäßig frisch (M2)" }, "geometry": { "type": "Polygon", "coordinates": [ [ [ 13.53857, 52.74776 ], [ 13.53862, 52.74789 ], [ 13.53877, 52.74802 ], [ 13.53899, 52.74812 ], [ 13.53918, 52.74815 ], [ 13.53937, 52.74811 ], [ 13.53958, 52.74799 ], [ 13.53979, 52.74775 ], [ 13.53972, 52.74763 ], [ 13.53962, 52.74758 ], [ 13.53905, 52.74754 ], [ 13.53877, 52.74755 ], [ 13.53857, 52.74776 ] ] ] } },
{ "type": "Feature", "properties": { "boden": "100 % mittel, mäßig frisch (M2)" }, "geometry": { "type": "Polygon", "coordinates": [ [ [ 13.56573, 52.75797 ], [ 13.5673, 52.75734 ], [ 13.56813, 52.75736 ], [ 13.56944, 52.75748 ], [ 13.57013, 52.75727 ], [ 13.57166, 52.75604 ], [ 13.57188, 52.75541 ], [ 13.57194, 52.75493 ], [ 13.57241, 52.75422 ], [ 13.57235, 52.75403 ], [ 13.57191, 52.75371 ], [ 13.57186, 52.75355 ], [ 13.57275, 52.75361 ], [ 13.57285, 52.75363 ], [ 13.57324, 52.7537 ], [ 13.57416, 52.75317 ], [ 13.57468, 52.75276 ], [ 13.57523, 52.75172 ], [ 13.57497, 52.75191 ], [ 13.57464, 52.75136 ], [ 13.57498, 52.75119 ], [ 13.57534, 52.75116 ], [ 13.57545, 52.75119 ], [ 13.57561, 52.75074 ], [ 13.5757, 52.75066 ], [ 13.57618, 52.75048 ], [ 13.57603, 52.7505 ], [ 13.57574, 52.75046 ], [ 13.57571, 52.75036 ], [ 13.57581, 52.75027 ], [ 13.57604, 52.7502 ], [ 13.57647, 52.75016 ], [ 13.57652, 52.75026 ], [ 13.57647, 52.75035 ], [ 13.57692, 52.7499 ], [ 13.57637, 52.75003 ], [ 13.57542, 52.75003 ], [ 13.57471, 52.74988 ], [ 13.57381, 52.7495 ], [ 13.57166, 52.74892 ], [ 13.57128, 52.74876 ], [ 13.57092, 52.74842 ], [ 13.57091, 52.74831 ], [ 13.57112, 52.7481 ], [ 13.57225, 52.74783 ], [ 13.57277, 52.74781 ], [ 13.57369, 52.74809 ], [ 13.57563, 52.74803 ], [ 13.57572, 52.74797 ], [ 13.57592, 52.74578 ], [ 13.57498, 52.74559 ], [ 13.57174, 52.74581 ], [ 13.57181, 52.74527 ], [ 13.5683, 52.74531 ], [ 13.56856, 52.74341 ], [ 13.56842, 52.74271 ], [ 13.57216, 52.74261 ], [ 13.57224, 52.74204 ], [ 13.57135, 52.7417 ], [ 13.57088, 52.74159 ], [ 13.56843, 52.74143 ], [ 13.56711, 52.74102 ], [ 13.56534, 52.74058 ], [ 13.56499, 52.74041 ], [ 13.56459, 52.74012 ], [ 13.5642, 52.73968 ], [ 13.56414, 52.73927 ], [ 13.56451, 52.73902 ], [ 13.56524, 52.73873 ], [ 13.56649, 52.73834 ], [ 13.56762, 52.73793 ], [ 13.56913, 52.73718 ], [ 13.56922, 52.7368 ], [ 13.56871, 52.73664 ], [ 13.56686, 52.73701 ], [ 13.56676, 52.73712 ], [ 13.56478, 52.73759 ], [ 13.56411, 52.73765 ], [ 13.56362, 52.73753 ], [ 13.56253, 52.73747 ], [ 13.5623, 52.7374 ], [ 13.5621, 52.73719 ], [ 13.56202, 52.73691 ], [ 13.56206, 52.73664 ], [ 13.5615, 52.73553 ], [ 13.56123, 52.73629 ], [ 13.56096, 52.73666 ], [ 13.56037, 52.73724 ], [ 13.55982, 52.73771 ], [ 13.55876, 52.73821 ], [ 13.55794, 52.7387 ], [ 13.5568, 52.73949 ], [ 13.55579, 52.74041 ], [ 13.55548, 52.741 ], [ 13.55605, 52.74219 ], [ 13.55571, 52.74265 ], [ 13.55535, 52.74275 ], [ 13.55564, 52.74281 ], [ 13.55638, 52.74328 ], [ 13.55729, 52.74336 ], [ 13.55812, 52.74352 ], [ 13.55852, 52.74367 ], [ 13.55874, 52.7438 ], [ 13.55896, 52.74402 ], [ 13.55902, 52.74418 ], [ 13.55897, 52.74434 ], [ 13.55867, 52.74471 ], [ 13.55742, 52.7454 ], [ 13.5572, 52.74547 ], [ 13.55684, 52.74556 ], [ 13.55593, 52.74562 ], [ 13.55555, 52.7456 ], [ 13.55508, 52.7454 ], [ 13.55442, 52.74486 ], [ 13.55397, 52.74411 ], [ 13.5539, 52.74378 ], [ 13.55312, 52.74548 ], [ 13.55262, 52.74637 ], [ 13.55261, 52.74666 ], [ 13.55187, 52.74813 ], [ 13.55106, 52.74925 ], [ 13.55064, 52.74957 ], [ 13.55025, 52.74979 ], [ 13.54925, 52.75026 ], [ 13.5488, 52.75033 ], [ 13.54933, 52.75043 ], [ 13.55006, 52.75094 ], [ 13.55087, 52.75138 ], [ 13.55188, 52.75166 ], [ 13.55288, 52.75208 ], [ 13.55316, 52.75227 ], [ 13.55336, 52.75269 ], [ 13.55338, 52.75289 ], [ 13.55364, 52.75313 ], [ 13.55402, 52.75336 ], [ 13.55659, 52.75458 ], [ 13.5564, 52.75462 ], [ 13.55682, 52.75462 ], [ 13.55739, 52.75474 ], [ 13.55799, 52.75495 ], [ 13.55841, 52.75517 ], [ 13.55918, 52.7557 ], [ 13.55954, 52.75607 ], [ 13.55976, 52.75645 ], [ 13.56148, 52.75505 ], [ 13.56018, 52.75394 ], [ 13.56012, 52.75379 ], [ 13.55835, 52.75387 ], [ 13.55807, 52.75244 ], [ 13.55995, 52.75236 ], [ 13.56339, 52.75237 ], [ 13.56345, 52.75285 ], [ 13.56426, 52.75282 ], [ 13.56411, 52.75328 ], [ 13.5658, 52.75332 ], [ 13.56595, 52.7529 ], [ 13.56619, 52.75291 ], [ 13.56551, 52.75535 ], [ 13.56524, 52.75535 ], [ 13.5651, 52.75573 ], [ 13.56514, 52.75601 ], [ 13.56542, 52.75605 ], [ 13.56548, 52.75544 ], [ 13.56701, 52.75558 ], [ 13.56693, 52.75596 ], [ 13.56789, 52.75602 ], [ 13.56851, 52.75531 ], [ 13.56898, 52.75466 ], [ 13.56926, 52.75471 ], [ 13.56681, 52.75727 ], [ 13.56573, 52.75797 ] ], [ [ 13.57267, 52.75353 ], [ 13.57265, 52.75344 ], [ 13.57324, 52.75309 ], [ 13.57418, 52.75264 ], [ 13.57441, 52.75257 ], [ 13.57457, 52.75258 ], [ 13.57455, 52.75274 ], [ 13.57446, 52.75281 ], [ 13.57344, 52.75338 ], [ 13.57319, 52.75361 ], [ 13.57285, 52.75363 ], [ 13.57267, 52.75353 ] ], [ [ 13.56737, 52.74835 ], [ 13.5676, 52.74834 ], [ 13.56749, 52.74864 ], [ 13.56728, 52.7485 ], [ 13.56737, 52.74835 ] ], [ [ 13.56308, 52.75035 ], [ 13.56316, 52.75047 ], [ 13.5631, 52.75057 ], [ 13.56291, 52.75062 ], [ 13.56271, 52.75056 ], [ 13.56266, 52.75046 ], [ 13.56275, 52.75035 ], [ 13.56292, 52.75032 ], [ 13.56308, 52.75035 ] ], [ [ 13.56657, 52.75194 ], [ 13.56666, 52.75206 ], [ 13.56659, 52.75216 ], [ 13.5664, 52.75221 ], [ 13.56624, 52.75217 ], [ 13.56615, 52.75206 ], [ 13.56625, 52.75194 ], [ 13.56641, 52.75191 ], [ 13.56657, 52.75194 ] ], [ [ 13.55997, 52.74071 ], [ 13.56003, 52.74081 ], [ 13.55997, 52.74091 ], [ 13.55977, 52.74096 ], [ 13.55958, 52.7409 ], [ 13.55953, 52.7408 ], [ 13.55962, 52.74069 ], [ 13.55978, 52.74065 ], [ 13.55997, 52.74071 ] ], [ [ 13.56603, 52.73753 ], [ 13.56619, 52.73756 ], [ 13.56627, 52.73767 ], [ 13.56589, 52.73773 ], [ 13.56558, 52.7377 ], [ 13.56558, 52.7376 ], [ 13.56568, 52.73756 ], [ 13.56603, 52.73753 ] ], [ [ 13.56435, 52.73843 ], [ 13.5646, 52.73854 ], [ 13.56465, 52.73866 ], [ 13.56441, 52.7387 ], [ 13.56416, 52.73862 ], [ 13.56408, 52.73843 ], [ 13.56435, 52.73843 ] ], [ [ 13.55897, 52.75432 ], [ 13.55911, 52.75435 ], [ 13.55917, 52.75443 ], [ 13.55912, 52.75462 ], [ 13.55904, 52.75466 ], [ 13.55885, 52.75461 ], [ 13.55854, 52.75439 ], [ 13.55864, 52.75434 ], [ 13.55897, 52.75432 ] ], [ [ 13.55601, 52.75276 ], [ 13.55646, 52.75291 ], [ 13.55651, 52.75296 ], [ 13.55647, 52.75306 ], [ 13.55613, 52.75309 ], [ 13.55591, 52.75302 ], [ 13.55579, 52.75277 ], [ 13.55601, 52.75276 ] ], [ [ 13.56872, 52.73674 ], [ 13.56886, 52.73682 ], [ 13.56884, 52.73688 ], [ 13.56861, 52.73696 ], [ 13.56806, 52.73698 ], [ 13.56788, 52.73688 ], [ 13.568, 52.73682 ], [ 13.56849, 52.73673 ], [ 13.56872, 52.73674 ] ], [ [ 13.56314, 52.73863 ], [ 13.56327, 52.73876 ], [ 13.56325, 52.73882 ], [ 13.56304, 52.73892 ], [ 13.56279, 52.73892 ], [ 13.56235, 52.73877 ], [ 13.56241, 52.73868 ], [ 13.56284, 52.73859 ], [ 13.56314, 52.73863 ] ], [ [ 13.57373, 52.75033 ], [ 13.57405, 52.75041 ], [ 13.57429, 52.75054 ], [ 13.57396, 52.75058 ], [ 13.57341, 52.75059 ], [ 13.57317, 52.75052 ], [ 13.57311, 52.75045 ], [ 13.57315, 52.75037 ], [ 13.57331, 52.75032 ], [ 13.57373, 52.75033 ] ], [ [ 13.55972, 52.73796 ], [ 13.55992, 52.73818 ], [ 13.55986, 52.73833 ], [ 13.55964, 52.73839 ], [ 13.55944, 52.73837 ], [ 13.55923, 52.73822 ], [ 13.55919, 52.73811 ], [ 13.55936, 52.73799 ], [ 13.55972, 52.73796 ] ], [ [ 13.57022, 52.74916 ], [ 13.57043, 52.74927 ], [ 13.57051, 52.7494 ], [ 13.57052, 52.74964 ], [ 13.57047, 52.74966 ], [ 13.57029, 52.74967 ], [ 13.5701, 52.74962 ], [ 13.56995, 52.74946 ], [ 13.56987, 52.74928 ], [ 13.5699, 52.74915 ], [ 13.57022, 52.74916 ] ], [ [ 13.56349, 52.74948 ], [ 13.56363, 52.74953 ], [ 13.56366, 52.74961 ], [ 13.56328, 52.74984 ], [ 13.56297, 52.74994 ], [ 13.56275, 52.74989 ], [ 13.56263, 52.74979 ], [ 13.56262, 52.74975 ], [ 13.56273, 52.74967 ], [ 13.56299, 52.74955 ], [ 13.56326, 52.74948 ], [ 13.56349, 52.74948 ] ], [ [ 13.56613, 52.7412 ], [ 13.56645, 52.74135 ], [ 13.56653, 52.74153 ], [ 13.56642, 52.74159 ], [ 13.56607, 52.7416 ], [ 13.56568, 52.74148 ], [ 13.56561, 52.74139 ], [ 13.5656, 52.74125 ], [ 13.56571, 52.74118 ], [ 13.56613, 52.7412 ] ], [ [ 13.56, 52.74652 ], [ 13.56069, 52.74658 ], [ 13.56182, 52.74687 ], [ 13.56223, 52.74713 ], [ 13.56225, 52.74721 ], [ 13.56204, 52.74721 ], [ 13.56079, 52.74697 ], [ 13.56043, 52.7468 ], [ 13.55993, 52.74665 ], [ 13.55986, 52.74658 ], [ 13.56, 52.74652 ] ], [ [ 13.57208, 52.7471 ], [ 13.5727, 52.74737 ], [ 13.57283, 52.74752 ], [ 13.57288, 52.74771 ], [ 13.5728, 52.74781 ], [ 13.57245, 52.74772 ], [ 13.57191, 52.74742 ], [ 13.57137, 52.74722 ], [ 13.57102, 52.74704 ], [ 13.57095, 52.74693 ], [ 13.57122, 52.74685 ], [ 13.57131, 52.74697 ], [ 13.57148, 52.74705 ], [ 13.57188, 52.74695 ], [ 13.57208, 52.7471 ] ], [ [ 13.56206, 52.73949 ], [ 13.56216, 52.73961 ], [ 13.56215, 52.73992 ], [ 13.5618, 52.73998 ], [ 13.56136, 52.73989 ], [ 13.56095, 52.73961 ], [ 13.56074, 52.73936 ], [ 13.56079, 52.73925 ], [ 13.56121, 52.73919 ], [ 13.56144, 52.73923 ], [ 13.56179, 52.73947 ], [ 13.56206, 52.73949 ] ], [ [ 13.56153, 52.74609 ], [ 13.56191, 52.74622 ], [ 13.56304, 52.7464 ], [ 13.56366, 52.74654 ], [ 13.56381, 52.74663 ], [ 13.56383, 52.74684 ], [ 13.56359, 52.74691 ], [ 13.56291, 52.74682 ], [ 13.56059, 52.74627 ], [ 13.56032, 52.74613 ], [ 13.56043, 52.74606 ], [ 13.56111, 52.74605 ], [ 13.56153, 52.74609 ] ], [ [ 13.57212, 52.75394 ], [ 13.57223, 52.754 ], [ 13.57225, 52.75412 ], [ 13.5718, 52.75491 ], [ 13.57166, 52.7555 ], [ 13.57157, 52.75562 ], [ 13.57154, 52.756 ], [ 13.57096, 52.7564 ], [ 13.57067, 52.75677 ], [ 13.57042, 52.75697 ], [ 13.56996, 52.75719 ], [ 13.56964, 52.7572 ], [ 13.56952, 52.7571 ], [ 13.56961, 52.75698 ], [ 13.57029, 52.75653 ], [ 13.57137, 52.75565 ], [ 13.57099, 52.7553 ], [ 13.57097, 52.75511 ], [ 13.57126, 52.7547 ], [ 13.57145, 52.75419 ], [ 13.57178, 52.75397 ], [ 13.57197, 52.75392 ], [ 13.57212, 52.75394 ] ], [ [ 13.55358, 52.74851 ], [ 13.5542, 52.74829 ], [ 13.55431, 52.74828 ], [ 13.55529, 52.7487 ], [ 13.55539, 52.74859 ], [ 13.55575, 52.74844 ], [ 13.55679, 52.74815 ], [ 13.55761, 52.74801 ], [ 13.55768, 52.74792 ], [ 13.55785, 52.74789 ], [ 13.55801, 52.74792 ], [ 13.55806, 52.748 ], [ 13.55848, 52.74803 ], [ 13.5586, 52.74809 ], [ 13.55858, 52.74835 ], [ 13.55873, 52.74846 ], [ 13.55891, 52.74852 ], [ 13.55884, 52.74856 ], [ 13.55882, 52.74875 ], [ 13.55791, 52.74868 ], [ 13.55696, 52.7487 ], [ 13.55647, 52.74875 ], [ 13.55619, 52.74887 ], [ 13.55558, 52.7489 ], [ 13.55585, 52.74911 ], [ 13.55592, 52.74899 ], [ 13.55667, 52.7489 ], [ 13.5581, 52.74897 ], [ 13.55878, 52.74915 ], [ 13.55892, 52.74924 ], [ 13.55892, 52.74933 ], [ 13.55866, 52.74949 ], [ 13.55846, 52.74954 ], [ 13.55822, 52.74955 ], [ 13.55751, 52.74938 ], [ 13.55632, 52.74937 ], [ 13.55602, 52.74927 ], [ 13.55613, 52.74951 ], [ 13.55609, 52.74974 ], [ 13.5558, 52.75033 ], [ 13.55543, 52.75059 ], [ 13.55485, 52.7507 ], [ 13.55455, 52.7507 ], [ 13.55399, 52.75054 ], [ 13.55309, 52.7501 ], [ 13.55254, 52.74995 ], [ 13.55228, 52.74968 ], [ 13.55235, 52.749 ], [ 13.55269, 52.74865 ], [ 13.55358, 52.74851 ] ], [ [ 13.56478, 52.74419 ], [ 13.5644, 52.74528 ], [ 13.56446, 52.74542 ], [ 13.5638, 52.74549 ], [ 13.56191, 52.74584 ], [ 13.5615, 52.74473 ], [ 13.56098, 52.74363 ], [ 13.56109, 52.74228 ], [ 13.56145, 52.74162 ], [ 13.56183, 52.74129 ], [ 13.5627, 52.74083 ], [ 13.56338, 52.74066 ], [ 13.56392, 52.74071 ], [ 13.56438, 52.74088 ], [ 13.56577, 52.74183 ], [ 13.56586, 52.74226 ], [ 13.56577, 52.74293 ], [ 13.56478, 52.74419 ] ] ] } },
{ "type": "Feature", "properties": { "boden": "100 % mittel, trocken (vermutet) (M3)" }, "geometry": { "type": "Polygon", "coordinates": [ [ [ 13.56011, 52.74651 ], [ 13.55987, 52.74656 ], [ 13.55993, 52.74665 ], [ 13.56043, 52.7468 ], [ 13.56079, 52.74697 ], [ 13.56204, 52.74721 ], [ 13.56225, 52.74721 ], [ 13.56223, 52.74713 ], [ 13.56182, 52.74687 ], [ 13.56069, 52.74658 ], [ 13.56011, 52.74651 ] ] ] } },
{ "type": "Feature", "properties": { "boden": "100 % mittel, mäßig frisch (M2)" }, "geometry": { "type": "Polygon", "coordinates": [ [ [ 13.55801, 52.74792 ], [ 13.55785, 52.74789 ], [ 13.55768, 52.74792 ], [ 13.55759, 52.74804 ], [ 13.55765, 52.74814 ], [ 13.55782, 52.74819 ], [ 13.55792, 52.74814 ], [ 13.55806, 52.748 ], [ 13.55801, 52.74792 ] ] ] } },
{ "type": "Feature", "properties": { "boden": "100 % mittel, mäßig frisch (M2)" }, "geometry": { "type": "Polygon", "coordinates": [ [ [ 13.55806, 52.748 ], [ 13.55782, 52.74819 ], [ 13.55765, 52.74814 ], [ 13.55761, 52.74801 ], [ 13.55679, 52.74815 ], [ 13.55575, 52.74844 ], [ 13.55539, 52.74859 ], [ 13.55529, 52.7487 ], [ 13.55558, 52.7489 ], [ 13.55575, 52.74891 ], [ 13.55619, 52.74887 ], [ 13.55647, 52.74875 ], [ 13.55696, 52.7487 ], [ 13.55791, 52.74868 ], [ 13.55882, 52.74875 ], [ 13.55884, 52.74856 ], [ 13.55891, 52.74852 ], [ 13.55873, 52.74846 ], [ 13.55858, 52.74835 ], [ 13.5586, 52.74809 ], [ 13.55848, 52.74803 ], [ 13.55806, 52.748 ] ], [ [ 13.55664, 52.74863 ], [ 13.55663, 52.74857 ], [ 13.55711, 52.74833 ], [ 13.55741, 52.74833 ], [ 13.55774, 52.74823 ], [ 13.55779, 52.74851 ], [ 13.55757, 52.74862 ], [ 13.55664, 52.74863 ] ] ] } },
{ "type": "Feature", "properties": { "boden": "100 % kräftig, trocken (vermutet) (K3)" }, "geometry": { "type": "Polygon", "coordinates": [ [ [ 13.55431, 52.74828 ], [ 13.5542, 52.74829 ], [ 13.55402, 52.74838 ], [ 13.55401, 52.74859 ], [ 13.5543, 52.7488 ], [ 13.55454, 52.74884 ], [ 13.55484, 52.74866 ], [ 13.55484, 52.74849 ], [ 13.55431, 52.74828 ] ] ] } },
{ "type": "Feature", "properties": { "boden": "100 % mittel, trocken (vermutet) (M3)" }, "geometry": { "type": "Polygon", "coordinates": [ [ [ 13.55602, 52.74927 ], [ 13.55632, 52.74937 ], [ 13.55751, 52.74938 ], [ 13.55822, 52.74955 ], [ 13.55846, 52.74954 ], [ 13.55866, 52.74949 ], [ 13.55886, 52.74939 ], [ 13.55894, 52.74928 ], [ 13.55878, 52.74915 ], [ 13.5581, 52.74897 ], [ 13.55667, 52.7489 ], [ 13.55592, 52.74899 ], [ 13.55585, 52.74911 ], [ 13.55602, 52.74927 ] ] ] } },
{ "type": "Feature", "properties": { "boden": "100 % kräftig, mäßig frisch (K2)" }, "geometry": { "type": "Polygon", "coordinates": [ [ [ 13.55369, 52.74903 ], [ 13.55352, 52.74905 ], [ 13.55328, 52.74922 ], [ 13.55325, 52.74939 ], [ 13.5533, 52.74951 ], [ 13.55342, 52.74957 ], [ 13.55391, 52.74956 ], [ 13.55418, 52.7494 ], [ 13.55421, 52.74916 ], [ 13.55411, 52.74909 ], [ 13.55369, 52.74903 ] ] ] } },
{ "type": "Feature", "properties": { "boden": "100 % kräftig, mäßig frisch (K2)" }, "geometry": { "type": "Polygon", "coordinates": [ [ [ 13.55609, 52.74934 ], [ 13.55516, 52.74861 ], [ 13.55484, 52.74849 ], [ 13.55484, 52.74866 ], [ 13.55465, 52.7488 ], [ 13.55443, 52.74885 ], [ 13.5543, 52.7488 ], [ 13.55401, 52.74859 ], [ 13.55402, 52.74838 ], [ 13.55358, 52.74851 ], [ 13.55269, 52.74865 ], [ 13.55235, 52.749 ], [ 13.55228, 52.74968 ], [ 13.55254, 52.74995 ], [ 13.55309, 52.7501 ], [ 13.55425, 52.75064 ], [ 13.55455, 52.7507 ], [ 13.55522, 52.75065 ], [ 13.55543, 52.75059 ], [ 13.5558, 52.75033 ], [ 13.55609, 52.74974 ], [ 13.55609, 52.74934 ] ], [ [ 13.55411, 52.74909 ], [ 13.55424, 52.74924 ], [ 13.55409, 52.74948 ], [ 13.55391, 52.74956 ], [ 13.55368, 52.74959 ], [ 13.55342, 52.74957 ], [ 13.5533, 52.74951 ], [ 13.55328, 52.74922 ], [ 13.55352, 52.74905 ], [ 13.55369, 52.74903 ], [ 13.55411, 52.74909 ] ] ] } },
{ "type": "Feature", "properties": { "boden": "100 % mittel, trocken (vermutet) (M3)" }, "geometry": { "type": "Polygon", "coordinates": [ [ [ 13.56338, 52.74947 ], [ 13.56299, 52.74955 ], [ 13.56273, 52.74967 ], [ 13.56262, 52.74975 ], [ 13.56275, 52.74989 ], [ 13.56297, 52.74994 ], [ 13.56354, 52.74972 ], [ 13.56366, 52.74957 ], [ 13.56358, 52.7495 ], [ 13.56338, 52.74947 ] ] ] } },
{ "type": "Feature", "properties": { "boden": "100 % mittel, mäßig frisch (M2)" }, "geometry": { "type": "Polygon", "coordinates": [ [ [ 13.56292, 52.75032 ], [ 13.56275, 52.75035 ], [ 13.56266, 52.75046 ], [ 13.56271, 52.75056 ], [ 13.56291, 52.75062 ], [ 13.5631, 52.75057 ], [ 13.56316, 52.75047 ], [ 13.56308, 52.75035 ], [ 13.56292, 52.75032 ] ] ] } },
{ "type": "Feature", "properties": { "boden": "100 % mittel, mäßig frisch (M2)" }, "geometry": { "type": "Polygon", "coordinates": [ [ [ 13.52037, 52.72848 ], [ 13.52003, 52.72816 ], [ 13.5198, 52.72769 ], [ 13.51973, 52.72733 ], [ 13.5198, 52.72711 ], [ 13.52033, 52.72654 ], [ 13.52035, 52.72633 ], [ 13.5202, 52.72626 ], [ 13.51996, 52.72625 ], [ 13.51922, 52.7263 ], [ 13.51915, 52.72832 ], [ 13.52037, 52.72848 ] ] ] } },
{ "type": "Feature", "properties": { "boden": "100 % mittel, mäßig frisch (M2)" }, "geometry": { "type": "Polygon", "coordinates": [ [ [ 13.52456, 52.72934 ], [ 13.51914, 52.72861 ], [ 13.51907, 52.73077 ], [ 13.51928, 52.73084 ], [ 13.51943, 52.73097 ], [ 13.51953, 52.73123 ], [ 13.51943, 52.73146 ], [ 13.51915, 52.73143 ], [ 13.51905, 52.73138 ], [ 13.51874, 52.74033 ], [ 13.51891, 52.74032 ], [ 13.51902, 52.74036 ], [ 13.51898, 52.74046 ], [ 13.51874, 52.74054 ], [ 13.51868, 52.74221 ], [ 13.51911, 52.74231 ], [ 13.51992, 52.74242 ], [ 13.52152, 52.74249 ], [ 13.52219, 52.74184 ], [ 13.52341, 52.74097 ], [ 13.52388, 52.74052 ], [ 13.5239, 52.73967 ], [ 13.52405, 52.73831 ], [ 13.52367, 52.73747 ], [ 13.52372, 52.73722 ], [ 13.52365, 52.73668 ], [ 13.52341, 52.73552 ], [ 13.52315, 52.73477 ], [ 13.5231, 52.7343 ], [ 13.52292, 52.73382 ], [ 13.52279, 52.7325 ], [ 13.52294, 52.73209 ], [ 13.52296, 52.73123 ], [ 13.52344, 52.73058 ], [ 13.52408, 52.72995 ], [ 13.52456, 52.72934 ] ], [ [ 13.52268, 52.7386 ], [ 13.52283, 52.73871 ], [ 13.52279, 52.73904 ], [ 13.52271, 52.73909 ], [ 13.52247, 52.73915 ], [ 13.52227, 52.73901 ], [ 13.52217, 52.73912 ], [ 13.52197, 52.73917 ], [ 13.52178, 52.73911 ], [ 13.52173, 52.73901 ], [ 13.52182, 52.7389 ], [ 13.52192, 52.73888 ], [ 13.5218, 52.73867 ], [ 13.52195, 52.73854 ], [ 13.52221, 52.73844 ], [ 13.52243, 52.73844 ], [ 13.52259, 52.73853 ], [ 13.5226, 52.7386 ], [ 13.52268, 52.7386 ] ] ] } },
{ "type": "Feature", "properties": { "boden": "80 % arm, mäßig frisch (A2v) · 20 % mittel, mäßig frisch (M2)" }, "geometry": { "type": "Polygon", "coordinates": [ [ [ 13.5188, 52.74578 ], [ 13.51856, 52.74578 ], [ 13.51856, 52.74584 ], [ 13.5188, 52.74578 ] ] ] } },
{ "type": "Feature", "properties": { "boden": "70 % mittel, mäßig frisch (M2) · 30 % ziemlich arm, mäßig frisch (Z2)" }, "geometry": { "type": "Polygon", "coordinates": [ [ [ 13.59619, 52.73435 ], [ 13.59601, 52.73441 ], [ 13.59563, 52.73479 ], [ 13.59585, 52.73481 ], [ 13.5963, 52.73473 ], [ 13.59641, 52.73461 ], [ 13.5964, 52.73448 ], [ 13.59632, 52.73439 ], [ 13.59619, 52.73435 ] ] ] } },
{ "type": "Feature", "properties": { "boden": "100 % mittel, trocken (vermutet) (M3)" }, "geometry": { "type": "Polygon", "coordinates": [ [ [ 13.58647, 52.73459 ], [ 13.58635, 52.73463 ], [ 13.58626, 52.7349 ], [ 13.58632, 52.735 ], [ 13.58645, 52.73502 ], [ 13.58659, 52.73497 ], [ 13.58666, 52.73477 ], [ 13.5866, 52.73466 ], [ 13.58647, 52.73459 ] ] ] } },
{ "type": "Feature", "properties": { "boden": "100 % mittel, mäßig frisch (M2)" }, "geometry": { "type": "Polygon", "coordinates": [ [ [ 13.5869, 52.73537 ], [ 13.5897, 52.73489 ], [ 13.58918, 52.73487 ], [ 13.58882, 52.73481 ], [ 13.58783, 52.73446 ], [ 13.58678, 52.73433 ], [ 13.58576, 52.73454 ], [ 13.58507, 52.73464 ], [ 13.58486, 52.73458 ], [ 13.58434, 52.73458 ], [ 13.58429, 52.73496 ], [ 13.58436, 52.73499 ], [ 13.58435, 52.73505 ], [ 13.58486, 52.73509 ], [ 13.5854, 52.73537 ], [ 13.5859, 52.73539 ], [ 13.5869, 52.73537 ] ], [ [ 13.58554, 52.73466 ], [ 13.58596, 52.73508 ], [ 13.58593, 52.73509 ], [ 13.58569, 52.73508 ], [ 13.58549, 52.73499 ], [ 13.58545, 52.73468 ], [ 13.58554, 52.73466 ] ], [ [ 13.58664, 52.73471 ], [ 13.58659, 52.73497 ], [ 13.58645, 52.73502 ], [ 13.58632, 52.735 ], [ 13.58626, 52.7349 ], [ 13.58635, 52.73463 ], [ 13.58647, 52.73459 ], [ 13.58664, 52.73471 ] ] ] } },
{ "type": "Feature", "properties": { "boden": "100 % mittel, trocken (vermutet) (M3)" }, "geometry": { "type": "Polygon", "coordinates": [ [ [ 13.58549, 52.73466 ], [ 13.58543, 52.73481 ], [ 13.58549, 52.73499 ], [ 13.58569, 52.73508 ], [ 13.58596, 52.73508 ], [ 13.58564, 52.73472 ], [ 13.58549, 52.73466 ] ] ] } },
{ "type": "Feature", "properties": { "boden": "70 % mittel, mäßig frisch (M2) · 30 % ziemlich arm, mäßig frisch (Z2)" }, "geometry": { "type": "Polygon", "coordinates": [ [ [ 13.59437, 52.73487 ], [ 13.59421, 52.7349 ], [ 13.59413, 52.73501 ], [ 13.59466, 52.73544 ], [ 13.59476, 52.73583 ], [ 13.59492, 52.73595 ], [ 13.59507, 52.73581 ], [ 13.59482, 52.73546 ], [ 13.59494, 52.7352 ], [ 13.59467, 52.73496 ], [ 13.59437, 52.73487 ] ] ] } },
{ "type": "Feature", "properties": { "boden": "70 % mittel, trocken (vermutet) (M3) · 30 % ziemlich arm, trocken (vermutet) (Z3)" }, "geometry": { "type": "Polygon", "coordinates": [ [ [ 13.5905, 52.73626 ], [ 13.59002, 52.7363 ], [ 13.58985, 52.737 ], [ 13.59001, 52.73716 ], [ 13.59021, 52.73715 ], [ 13.59055, 52.73666 ], [ 13.59102, 52.73647 ], [ 13.59103, 52.73629 ], [ 13.5905, 52.73626 ] ] ] } },
{ "type": "Feature", "properties": { "boden": "70 % mittel, trocken (vermutet) (M3) · 30 % ziemlich arm, trocken (vermutet) (Z3)" }, "geometry": { "type": "Polygon", "coordinates": [ [ [ 13.5938, 52.73561 ], [ 13.59341, 52.73601 ], [ 13.59271, 52.73617 ], [ 13.59248, 52.73628 ], [ 13.59238, 52.73661 ], [ 13.59273, 52.73682 ], [ 13.59299, 52.73685 ], [ 13.59328, 52.73671 ], [ 13.59365, 52.73639 ], [ 13.59384, 52.73633 ], [ 13.59399, 52.73634 ], [ 13.59409, 52.73641 ], [ 13.5941, 52.7365 ], [ 13.59393, 52.7368 ], [ 13.59425, 52.73709 ], [ 13.59436, 52.73745 ], [ 13.59466, 52.73778 ], [ 13.59472, 52.73814 ], [ 13.59486, 52.73821 ], [ 13.59521, 52.73818 ], [ 13.59543, 52.73811 ], [ 13.59572, 52.73786 ], [ 13.59557, 52.73747 ], [ 13.59502, 52.7372 ], [ 13.59475, 52.73696 ], [ 13.59465, 52.73624 ], [ 13.59451, 52.73608 ], [ 13.59422, 52.73548 ], [ 13.59415, 52.73544 ], [ 13.59401, 52.73544 ], [ 13.59383, 52.73552 ], [ 13.5938, 52.73561 ] ] ] } },
{ "type": "Feature", "properties": { "boden": "70 % mittel, mäßig frisch (M2) · 30 % ziemlich arm, mäßig frisch (Z2)" }, "geometry": { "type": "Polygon", "coordinates": [ [ [ 13.59676, 52.7371 ], [ 13.5968, 52.73688 ], [ 13.59659, 52.73655 ], [ 13.59628, 52.73659 ], [ 13.59578, 52.73637 ], [ 13.59549, 52.73632 ], [ 13.59507, 52.73641 ], [ 13.59497, 52.73668 ], [ 13.59499, 52.73687 ], [ 13.59515, 52.73703 ], [ 13.5954, 52.73715 ], [ 13.59576, 52.73723 ], [ 13.5961, 52.73737 ], [ 13.59643, 52.7373 ], [ 13.59676, 52.7371 ] ], [ [ 13.59678, 52.73698 ], [ 13.59671, 52.73708 ], [ 13.59653, 52.73712 ], [ 13.59635, 52.73708 ], [ 13.59628, 52.73697 ], [ 13.59636, 52.73686 ], [ 13.59654, 52.73682 ], [ 13.59671, 52.73687 ], [ 13.59678, 52.73698 ] ] ] } },
{ "type": "Feature", "properties": { "boden": "70 % mittel, trocken (vermutet) (M3) · 30 % ziemlich arm, trocken (vermutet) (Z3)" }, "geometry": { "type": "Polygon", "coordinates": [ [ [ 13.58875, 52.73658 ], [ 13.5877, 52.73658 ], [ 13.58769, 52.73663 ], [ 13.58801, 52.73694 ], [ 13.58833, 52.73706 ], [ 13.58858, 52.73706 ], [ 13.58874, 52.73702 ], [ 13.58886, 52.73684 ], [ 13.58875, 52.73658 ] ] ] } },
{ "type": "Feature", "properties": { "boden": "70 % mittel, mäßig frisch (M2) · 30 % ziemlich arm, mäßig frisch (Z2)" }, "geometry": { "type": "Polygon", "coordinates": [ [ [ 13.59654, 52.73682 ], [ 13.59636, 52.73686 ], [ 13.59628, 52.73697 ], [ 13.59635, 52.73708 ], [ 13.59653, 52.73712 ], [ 13.59671, 52.73708 ], [ 13.59678, 52.73698 ], [ 13.59671, 52.73687 ], [ 13.59654, 52.73682 ] ] ] } },
{ "type": "Feature", "properties": { "boden": "100 % ziemlich arm, mäßig frisch (Z2)" }, "geometry": { "type": "Polygon", "coordinates": [ [ [ 13.58385, 52.73492 ], [ 13.58154, 52.73478 ], [ 13.58064, 52.73456 ], [ 13.58014, 52.73439 ], [ 13.57999, 52.7344 ], [ 13.58003, 52.73464 ], [ 13.58058, 52.73509 ], [ 13.58127, 52.73542 ], [ 13.58186, 52.73558 ], [ 13.58216, 52.73561 ], [ 13.58219, 52.73531 ], [ 13.58228, 52.73524 ], [ 13.58264, 52.73521 ], [ 13.58293, 52.73525 ], [ 13.58311, 52.73538 ], [ 13.58315, 52.73553 ], [ 13.58306, 52.73568 ], [ 13.58353, 52.7357 ], [ 13.58367, 52.73545 ], [ 13.58397, 52.73526 ], [ 13.58419, 52.73505 ], [ 13.58385, 52.73492 ] ] ] } },
{ "type": "Feature", "properties": { "boden": "100 % ziemlich arm, mäßig frisch (Z2)" }, "geometry": { "type": "Polygon", "coordinates": [ [ [ 13.58406, 52.7352 ], [ 13.58367, 52.73545 ], [ 13.58353, 52.7357 ], [ 13.58389, 52.73571 ], [ 13.58405, 52.73546 ], [ 13.58434, 52.73518 ], [ 13.58429, 52.73509 ], [ 13.58419, 52.73505 ], [ 13.58406, 52.7352 ] ] ] } },
{ "type": "Feature", "properties": { "boden": "100 % ziemlich arm, trocken (vermutet) (Z3)" }, "geometry": { "type": "Polygon", "coordinates": [ [ [ 13.58216, 52.73561 ], [ 13.58307, 52.73567 ], [ 13.58315, 52.73553 ], [ 13.58311, 52.73538 ], [ 13.58293, 52.73525 ], [ 13.58243, 52.73521 ], [ 13.58219, 52.73531 ], [ 13.58216, 52.73561 ] ] ] } },
{ "type": "Feature", "properties": { "boden": "100 % mittel, mäßig frisch (M2)" }, "geometry": { "type": "Polygon", "coordinates": [ [ [ 13.57666, 52.73545 ], [ 13.57642, 52.73547 ], [ 13.5762, 52.73555 ], [ 13.57596, 52.7358 ], [ 13.57598, 52.73591 ], [ 13.57619, 52.73611 ], [ 13.57647, 52.73619 ], [ 13.57688, 52.73619 ], [ 13.57724, 52.73613 ], [ 13.57763, 52.73589 ], [ 13.57762, 52.73572 ], [ 13.57747, 52.73562 ], [ 13.57666, 52.73545 ] ] ] } },
{ "type": "Feature", "properties": { "boden": "60 % mittel, mäßig frisch (M2) · 20 % kräftig, mäßig frisch (K2) · 20 % ziemlich arm, mäßig frisch (Z2)" }, "geometry": { "type": "Polygon", "coordinates": [ [ [ 13.57418, 52.73593 ], [ 13.57376, 52.73577 ], [ 13.5732, 52.73576 ], [ 13.57239, 52.73554 ], [ 13.57209, 52.73557 ], [ 13.57204, 52.73571 ], [ 13.57208, 52.73586 ], [ 13.57231, 52.736 ], [ 13.57309, 52.73603 ], [ 13.57343, 52.73611 ], [ 13.57418, 52.73593 ] ] ] } },
{ "type": "Feature", "properties": { "boden": "100 % mittel, trocken (vermutet) (M3)" }, "geometry": { "type": "Polygon", "coordinates": [ [ [ 13.58306, 52.73568 ], [ 13.58216, 52.73561 ], [ 13.58197, 52.73625 ], [ 13.58209, 52.73651 ], [ 13.58227, 52.73648 ], [ 13.58249, 52.73638 ], [ 13.5827, 52.73604 ], [ 13.58306, 52.73568 ] ] ] } },
{ "type": "Feature", "properties": { "boden": "100 % mittel, trocken (vermutet) (M3)" }, "geometry": { "type": "Polygon", "coordinates": [ [ [ 13.57789, 52.73635 ], [ 13.57776, 52.73632 ], [ 13.57701, 52.73645 ], [ 13.5763, 52.73646 ], [ 13.57599, 52.73637 ], [ 13.57521, 52.73597 ], [ 13.57503, 52.73596 ], [ 13.57492, 52.73602 ], [ 13.57503, 52.7362 ], [ 13.57511, 52.73652 ], [ 13.57526, 52.73661 ], [ 13.57558, 52.73668 ], [ 13.57639, 52.73671 ], [ 13.577, 52.73665 ], [ 13.57754, 52.73652 ], [ 13.57789, 52.73639 ], [ 13.57789, 52.73635 ] ] ] } },
{ "type": "Feature", "properties": { "boden": "100 % mittel, mäßig frisch (M2)" }, "geometry": { "type": "Polygon", "coordinates": [ [ [ 13.57418, 52.73593 ], [ 13.57343, 52.73611 ], [ 13.57384, 52.73633 ], [ 13.57433, 52.73696 ], [ 13.5744, 52.73699 ], [ 13.57476, 52.73698 ], [ 13.57474, 52.7371 ], [ 13.57486, 52.73711 ], [ 13.57525, 52.73697 ], [ 13.57519, 52.73691 ], [ 13.57477, 52.73677 ], [ 13.57464, 52.73647 ], [ 13.57418, 52.73593 ] ] ] } },
{ "type": "Feature", "properties": { "boden": "100 % mittel, mäßig frisch (M2)" }, "geometry": { "type": "Polygon", "coordinates": [ [ [ 13.5744, 52.73699 ], [ 13.574, 52.73651 ], [ 13.57372, 52.73625 ], [ 13.57343, 52.73611 ], [ 13.57286, 52.73624 ], [ 13.57283, 52.73649 ], [ 13.57383, 52.73654 ], [ 13.57406, 52.737 ], [ 13.5744, 52.73699 ] ] ] } },
{ "type": "Feature", "properties": { "boden": "100 % mittel, mäßig frisch (M2)" }, "geometry": { "type": "Polygon", "coordinates": [ [ [ 13.57804, 52.738 ], [ 13.57727, 52.73815 ], [ 13.57752, 52.73742 ], [ 13.57776, 52.73732 ], [ 13.57789, 52.73639 ], [ 13.57728, 52.7366 ], [ 13.5767, 52.73669 ], [ 13.57543, 52.73666 ], [ 13.57511, 52.73652 ], [ 13.57503, 52.7362 ], [ 13.57492, 52.73602 ], [ 13.57498, 52.73597 ], [ 13.57521, 52.73597 ], [ 13.57599, 52.73637 ], [ 13.5763, 52.73646 ], [ 13.57701, 52.73645 ], [ 13.57776, 52.73632 ], [ 13.5779, 52.73634 ], [ 13.57786, 52.73566 ], [ 13.57791, 52.73518 ], [ 13.57884, 52.73511 ], [ 13.5787, 52.73688 ], [ 13.57928, 52.7369 ], [ 13.57929, 52.73726 ], [ 13.58052, 52.73727 ], [ 13.58052, 52.73737 ], [ 13.58147, 52.73699 ], [ 13.58172, 52.73703 ], [ 13.58189, 52.73721 ], [ 13.58186, 52.73732 ], [ 13.58163, 52.73742 ], [ 13.58113, 52.73751 ], [ 13.58024, 52.73754 ], [ 13.58006, 52.73764 ], [ 13.5797, 52.73798 ], [ 13.58043, 52.73788 ], [ 13.58208, 52.7375 ], [ 13.58218, 52.73738 ], [ 13.58207, 52.73703 ], [ 13.58217, 52.73673 ], [ 13.58278, 52.73636 ], [ 13.58287, 52.73626 ], [ 13.58332, 52.73605 ], [ 13.58353, 52.7357 ], [ 13.58306, 52.73568 ], [ 13.5827, 52.73604 ], [ 13.58249, 52.73638 ], [ 13.58227, 52.73648 ], [ 13.58209, 52.73651 ], [ 13.58197, 52.73625 ], [ 13.58216, 52.73561 ], [ 13.58127, 52.73542 ], [ 13.58058, 52.73509 ], [ 13.58003, 52.73464 ], [ 13.57999, 52.7344 ], [ 13.57967, 52.73444 ], [ 13.57958, 52.73454 ], [ 13.57946, 52.73456 ], [ 13.57861, 52.73459 ], [ 13.57825, 52.73494 ], [ 13.57767, 52.73519 ], [ 13.57558, 52.7356 ], [ 13.57418, 52.73593 ], [ 13.57464, 52.73647 ], [ 13.57477, 52.73677 ], [ 13.57525, 52.73695 ], [ 13.57508, 52.73706 ], [ 13.57474, 52.7371 ], [ 13.57474, 52.73715 ], [ 13.57606, 52.73719 ], [ 13.57595, 52.73919 ], [ 13.57661, 52.73896 ], [ 13.5776, 52.73844 ], [ 13.57837, 52.73828 ], [ 13.57821, 52.73793 ], [ 13.57804, 52.738 ] ], [ [ 13.57762, 52.73687 ], [ 13.57767, 52.73696 ], [ 13.57759, 52.73719 ], [ 13.57689, 52.73764 ], [ 13.57679, 52.73768 ], [ 13.57663, 52.73767 ], [ 13.57636, 52.73755 ], [ 13.57614, 52.73732 ], [ 13.5761, 52.73713 ], [ 13.57624, 52.73693 ], [ 13.57672, 52.73684 ], [ 13.57727, 52.7368 ], [ 13.57762, 52.73687 ] ], [ [ 13.57666, 52.73545 ], [ 13.57747, 52.73562 ], [ 13.57762, 52.73572 ], [ 13.57763, 52.73589 ], [ 13.57738, 52.73608 ], [ 13.57707, 52.73617 ], [ 13.57666, 52.7362 ], [ 13.57619, 52.73611 ], [ 13.57598, 52.73591 ], [ 13.57596, 52.7358 ], [ 13.5762, 52.73555 ], [ 13.57642, 52.73547 ], [ 13.57666, 52.73545 ] ] ] } },
{ "type": "Feature", "properties": { "boden": "70 % mittel, trocken (vermutet) (M3) · 30 % ziemlich arm, trocken (vermutet) (Z3)" }, "geometry": { "type": "Polygon", "coordinates": [ [ [ 13.60667, 52.73707 ], [ 13.60664, 52.73702 ], [ 13.60637, 52.73696 ], [ 13.60555, 52.73666 ], [ 13.60523, 52.73664 ], [ 13.60472, 52.7367 ], [ 13.60458, 52.73665 ], [ 13.6041, 52.73624 ], [ 13.60399, 52.73622 ], [ 13.60379, 52.73627 ], [ 13.60353, 52.73647 ], [ 13.6035, 52.73676 ], [ 13.60359, 52.73689 ], [ 13.60396, 52.73709 ], [ 13.60468, 52.73711 ], [ 13.60498, 52.73717 ], [ 13.60614, 52.73725 ], [ 13.60636, 52.73733 ], [ 13.60641, 52.73719 ], [ 13.60667, 52.73707 ] ] ] } },
{ "type": "Feature", "properties": { "boden": "70 % mittel, trocken (vermutet) (M3) · 30 % ziemlich arm, trocken (vermutet) (Z3)" }, "geometry": { "type": "Polygon", "coordinates": [ [ [ 13.60224, 52.7367 ], [ 13.60192, 52.73686 ], [ 13.6019, 52.73696 ], [ 13.60207, 52.7371 ], [ 13.60229, 52.73705 ], [ 13.60244, 52.73691 ], [ 13.6024, 52.73674 ], [ 13.60224, 52.7367 ] ] ] } },
{ "type": "Feature", "properties": { "boden": "70 % mittel, mäßig frisch (M2) · 30 % ziemlich arm, mäßig frisch (Z2)" }, "geometry": { "type": "Polygon", "coordinates": [ [ [ 13.60145, 52.73693 ], [ 13.60152, 52.73678 ], [ 13.60137, 52.73674 ], [ 13.60086, 52.73691 ], [ 13.59952, 52.7369 ], [ 13.59939, 52.73694 ], [ 13.59882, 52.73733 ], [ 13.59876, 52.73746 ], [ 13.59888, 52.73746 ], [ 13.59961, 52.7372 ], [ 13.60076, 52.73713 ], [ 13.60114, 52.73707 ], [ 13.60145, 52.73693 ] ] ] } },
{ "type": "Feature", "properties": { "boden": "70 % mittel, mäßig frisch (M2) · 30 % ziemlich arm, mäßig frisch (Z2)" }, "geometry": { "type": "Polygon", "coordinates": [ [ [ 13.60307, 52.73695 ], [ 13.6029, 52.73703 ], [ 13.60248, 52.73742 ], [ 13.60197, 52.73769 ], [ 13.60202, 52.73778 ], [ 13.60223, 52.7378 ], [ 13.60267, 52.73768 ], [ 13.60327, 52.73765 ], [ 13.60352, 52.73757 ], [ 13.60361, 52.73739 ], [ 13.60354, 52.73726 ], [ 13.60322, 52.73699 ], [ 13.60307, 52.73695 ] ] ] } },
{ "type": "Feature", "properties": { "boden": "70 % mittel, mäßig frisch (M2) · 30 % ziemlich arm, mäßig frisch (Z2)" }, "geometry": { "type": "Polygon", "coordinates": [ [ [ 13.60401, 52.73858 ], [ 13.60415, 52.7383 ], [ 13.60536, 52.73809 ], [ 13.60589, 52.73824 ], [ 13.60664, 52.73789 ], [ 13.60689, 52.73763 ], [ 13.60702, 52.73733 ], [ 13.60749, 52.73716 ], [ 13.60783, 52.73667 ], [ 13.60846, 52.73691 ], [ 13.60833, 52.73708 ], [ 13.60934, 52.73685 ], [ 13.60946, 52.73671 ], [ 13.60943, 52.73654 ], [ 13.60898, 52.73634 ], [ 13.60856, 52.73625 ], [ 13.60812, 52.73623 ], [ 13.60768, 52.73629 ], [ 13.60751, 52.73643 ], [ 13.60742, 52.73665 ], [ 13.6072, 52.73694 ], [ 13.60648, 52.73759 ], [ 13.60536, 52.73771 ], [ 13.60489, 52.73784 ], [ 13.60446, 52.73786 ], [ 13.604, 52.73805 ], [ 13.60369, 52.73844 ], [ 13.60347, 52.73859 ], [ 13.60319, 52.73869 ], [ 13.60265, 52.73874 ], [ 13.60256, 52.73878 ], [ 13.60279, 52.73886 ], [ 13.60346, 52.73886 ], [ 13.60401, 52.73858 ] ] ] } },
{ "type": "Feature", "properties": { "boden": "70 % mittel, trocken (vermutet) (M3) · 30 % ziemlich arm, trocken (vermutet) (Z3)" }, "geometry": { "type": "Polygon", "coordinates": [ [ [ 13.60434, 52.73749 ], [ 13.60402, 52.7376 ], [ 13.60398, 52.73773 ], [ 13.60438, 52.73774 ], [ 13.60485, 52.73764 ], [ 13.60485, 52.73758 ], [ 13.6047, 52.73753 ], [ 13.60434, 52.73749 ] ] ] } },
{ "type": "Feature", "properties": { "boden": "70 % mittel, mäßig frisch (M2) · 30 % ziemlich arm, mäßig frisch (Z2)" }, "geometry": { "type": "Polygon", "coordinates": [ [ [ 13.59802, 52.73778 ], [ 13.59794, 52.73789 ], [ 13.59801, 52.738 ], [ 13.59814, 52.73803 ], [ 13.59824, 52.73793 ], [ 13.59825, 52.73778 ], [ 13.5982, 52.73774 ], [ 13.59802, 52.73778 ] ] ] } },
{ "type": "Feature", "properties": { "boden": "70 % mittel, mäßig frisch (M2) · 30 % ziemlich arm, mäßig frisch (Z2)" }, "geometry": { "type": "Polygon", "coordinates": [ [ [ 13.5982, 52.73774 ], [ 13.59824, 52.73793 ], [ 13.59814, 52.73803 ], [ 13.59819, 52.73805 ], [ 13.59837, 52.738 ], [ 13.59844, 52.7379 ], [ 13.59837, 52.73779 ], [ 13.5982, 52.73774 ] ] ] } },
{ "type": "Feature", "properties": { "boden": "70 % mittel, trocken (vermutet) (M3) · 30 % ziemlich arm, trocken (vermutet) (Z3)" }, "geometry": { "type": "Polygon", "coordinates": [ [ [ 13.60306, 52.73799 ], [ 13.60235, 52.73804 ], [ 13.60218, 52.73808 ], [ 13.60219, 52.73812 ], [ 13.60232, 52.73817 ], [ 13.60331, 52.73822 ], [ 13.60334, 52.73808 ], [ 13.60306, 52.73799 ] ] ] } },
{ "type": "Feature", "properties": { "boden": "70 % mittel, mäßig frisch (M2) · 30 % ziemlich arm, mäßig frisch (Z2)" }, "geometry": { "type": "Polygon", "coordinates": [ [ [ 13.60071, 52.7379 ], [ 13.60054, 52.73795 ], [ 13.60038, 52.73821 ], [ 13.60043, 52.73844 ], [ 13.60072, 52.7386 ], [ 13.60087, 52.73853 ], [ 13.60096, 52.73803 ], [ 13.6009, 52.73795 ], [ 13.60071, 52.7379 ] ] ] } },
{ "type": "Feature", "properties": { "boden": "70 % mittel, mäßig frisch (M2) · 30 % ziemlich arm, mäßig frisch (Z2)" }, "geometry": { "type": "Polygon", "coordinates": [ [ [ 13.59365, 52.73702 ], [ 13.59346, 52.73705 ], [ 13.59343, 52.73713 ], [ 13.59356, 52.73733 ], [ 13.59372, 52.73735 ], [ 13.59389, 52.73729 ], [ 13.59391, 52.73721 ], [ 13.59378, 52.73706 ], [ 13.59365, 52.73702 ] ] ] } },
{ "type": "Feature", "properties": { "boden": "70 % mittel, trocken (vermutet) (M3) · 30 % ziemlich arm, trocken (vermutet) (Z3)" }, "geometry": { "type": "Polygon", "coordinates": [ [ [ 13.59289, 52.73737 ], [ 13.5923, 52.73743 ], [ 13.5922, 52.73752 ], [ 13.59319, 52.7379 ], [ 13.59339, 52.73787 ], [ 13.59369, 52.73776 ], [ 13.59347, 52.73753 ], [ 13.59289, 52.73737 ] ] ] } },
{ "type": "Feature", "properties": { "boden": "70 % mittel, trocken (vermutet) (M3) · 30 % ziemlich arm, trocken (vermutet) (Z3)" }, "geometry": { "type": "Polygon", "coordinates": [ [ [ 13.59703, 52.73747 ], [ 13.59659, 52.73753 ], [ 13.59625, 52.73763 ], [ 13.596, 52.73778 ], [ 13.59598, 52.73791 ], [ 13.5961, 52.73799 ], [ 13.59644, 52.73801 ], [ 13.59719, 52.73773 ], [ 13.5973, 52.73764 ], [ 13.59728, 52.73754 ], [ 13.59703, 52.73747 ] ] ] } },
{ "type": "Feature", "properties": { "boden": "70 % mittel, trocken (vermutet) (M3) · 30 % ziemlich arm, trocken (vermutet) (Z3)" }, "geometry": { "type": "Polygon", "coordinates": [ [ [ 13.59175, 52.73833 ], [ 13.59202, 52.73828 ], [ 13.59209, 52.73815 ], [ 13.59197, 52.73798 ], [ 13.5915, 52.73767 ], [ 13.59144, 52.73759 ], [ 13.59127, 52.73759 ], [ 13.5911, 52.73769 ], [ 13.59103, 52.73797 ], [ 13.59175, 52.73833 ] ] ] } },
{ "type": "Feature", "properties": { "boden": "70 % mittel, mäßig frisch (M2) · 30 % ziemlich arm, mäßig frisch (Z2)" }, "geometry": { "type": "Polygon", "coordinates": [ [ [ 13.58946, 52.73799 ], [ 13.58982, 52.73816 ], [ 13.58985, 52.73815 ], [ 13.58992, 52.73805 ], [ 13.58985, 52.73794 ], [ 13.58968, 52.73789 ], [ 13.5895, 52.73793 ], [ 13.58946, 52.73799 ] ] ] } },
{ "type": "Feature", "properties": { "boden": "70 % mittel, mäßig frisch (M2) · 30 % ziemlich arm, mäßig frisch (Z2)" }, "geometry": { "type": "Polygon", "coordinates": [ [ [ 13.58971, 52.73807 ], [ 13.58946, 52.73799 ], [ 13.58942, 52.73804 ], [ 13.58949, 52.73815 ], [ 13.58967, 52.7382 ], [ 13.58982, 52.73816 ], [ 13.58971, 52.73807 ] ] ] } },
{ "type": "Feature", "properties": { "boden": "70 % mittel, trocken (vermutet) (M3) · 30 % ziemlich arm, trocken (vermutet) (Z3)" }, "geometry": { "type": "Polygon", "coordinates": [ [ [ 13.59417, 52.73799 ], [ 13.59407, 52.73802 ], [ 13.59412, 52.73821 ], [ 13.59427, 52.7383 ], [ 13.59445, 52.73832 ], [ 13.59445, 52.73817 ], [ 13.59434, 52.73805 ], [ 13.59417, 52.73799 ] ] ] } },
{ "type": "Feature", "properties": { "boden": "70 % mittel, mäßig frisch (M2) · 30 % ziemlich arm, mäßig frisch (Z2)" }, "geometry": { "type": "Polygon", "coordinates": [ [ [ 13.59041, 52.73762 ], [ 13.58931, 52.73757 ], [ 13.58883, 52.73768 ], [ 13.58876, 52.73777 ], [ 13.58876, 52.73785 ], [ 13.58893, 52.73793 ], [ 13.58946, 52.73799 ], [ 13.5895, 52.73793 ], [ 13.58968, 52.73789 ], [ 13.58985, 52.73794 ], [ 13.58992, 52.73805 ], [ 13.58973, 52.73834 ], [ 13.58978, 52.73848 ], [ 13.58997, 52.73865 ], [ 13.59025, 52.73864 ], [ 13.59036, 52.73852 ], [ 13.59042, 52.73814 ], [ 13.59066, 52.73782 ], [ 13.59064, 52.73776 ], [ 13.59041, 52.73762 ] ] ] } },
{ "type": "Feature", "properties": { "boden": "70 % mittel, trocken (vermutet) (M3) · 30 % ziemlich arm, trocken (vermutet) (Z3)" }, "geometry": { "type": "Polygon", "coordinates": [ [ [ 13.59103, 52.73797 ], [ 13.59116, 52.73829 ], [ 13.59143, 52.73836 ], [ 13.59175, 52.73833 ], [ 13.59103, 52.73797 ] ] ] } },
{ "type": "Feature", "properties": { "boden": "70 % mittel, mäßig frisch (M2) · 30 % ziemlich arm, mäßig frisch (Z2)" }, "geometry": { "type": "Polygon", "coordinates": [ [ [ 13.59801, 52.738 ], [ 13.59794, 52.73789 ], [ 13.59802, 52.73778 ], [ 13.59818, 52.73773 ], [ 13.59806, 52.73774 ], [ 13.59753, 52.73794 ], [ 13.59692, 52.73807 ], [ 13.59659, 52.73823 ], [ 13.59623, 52.73826 ], [ 13.59548, 52.73844 ], [ 13.59509, 52.73844 ], [ 13.59464, 52.73854 ], [ 13.59391, 52.73861 ], [ 13.59378, 52.73868 ], [ 13.59374, 52.73885 ], [ 13.5938, 52.73907 ], [ 13.59399, 52.73916 ], [ 13.59492, 52.73907 ], [ 13.5962, 52.73911 ], [ 13.59635, 52.7388 ], [ 13.59686, 52.73863 ], [ 13.59704, 52.73861 ], [ 13.59763, 52.73869 ], [ 13.59799, 52.73862 ], [ 13.59809, 52.73844 ], [ 13.598, 52.73818 ], [ 13.59814, 52.73803 ], [ 13.59801, 52.738 ] ] ] } },
{ "type": "Feature", "properties": { "boden": "70 % mittel, trocken (vermutet) (M3) · 30 % ziemlich arm, trocken (vermutet) (Z3)" }, "geometry": { "type": "Polygon", "coordinates": [ [ [ 13.59269, 52.7388 ], [ 13.59226, 52.73906 ], [ 13.59187, 52.73917 ], [ 13.5915, 52.73921 ], [ 13.59138, 52.73928 ], [ 13.59279, 52.7393 ], [ 13.59291, 52.73911 ], [ 13.59309, 52.739 ], [ 13.59269, 52.7388 ] ] ] } },
{ "type": "Feature", "properties": { "boden": "70 % mittel, mäßig frisch (M2) · 30 % ziemlich arm, mäßig frisch (Z2)" }, "geometry": { "type": "Polygon", "coordinates": [ [ [ 13.59115, 52.73937 ], [ 13.59097, 52.73942 ], [ 13.59089, 52.73952 ], [ 13.59096, 52.73963 ], [ 13.59114, 52.73968 ], [ 13.59132, 52.73964 ], [ 13.59139, 52.73953 ], [ 13.59132, 52.73942 ], [ 13.59115, 52.73937 ] ] ] } },
{ "type": "Feature", "properties": { "boden": "70 % mittel, trocken (vermutet) (M3) · 30 % ziemlich arm, trocken (vermutet) (Z3)" }, "geometry": { "type": "Polygon", "coordinates": [ [ [ 13.59484, 52.73994 ], [ 13.59517, 52.73959 ], [ 13.59514, 52.73945 ], [ 13.59508, 52.73939 ], [ 13.59465, 52.73936 ], [ 13.5945, 52.7394 ], [ 13.59428, 52.73961 ], [ 13.59484, 52.73994 ] ] ] } },
{ "type": "Feature", "properties": { "boden": "70 % mittel, mäßig frisch (M2) · 30 % ziemlich arm, mäßig frisch (Z2)" }, "geometry": { "type": "Polygon", "coordinates": [ [ [ 13.59341, 52.73972 ], [ 13.59342, 52.73949 ], [ 13.59325, 52.73949 ], [ 13.59266, 52.73962 ], [ 13.59221, 52.73955 ], [ 13.59185, 52.73955 ], [ 13.59158, 52.73966 ], [ 13.59155, 52.73979 ], [ 13.59178, 52.73993 ], [ 13.59244, 52.74001 ], [ 13.59288, 52.74 ], [ 13.59329, 52.73985 ], [ 13.59341, 52.73972 ] ] ] } },
{ "type": "Feature", "properties": { "boden": "70 % mittel, trocken (vermutet) (M3) · 30 % ziemlich arm, trocken (vermutet) (Z3)" }, "geometry": { "type": "Polygon", "coordinates": [ [ [ 13.59045, 52.73982 ], [ 13.59016, 52.7399 ], [ 13.59012, 52.74006 ], [ 13.59023, 52.74017 ], [ 13.59048, 52.74017 ], [ 13.59066, 52.74009 ], [ 13.59062, 52.73987 ], [ 13.59045, 52.73982 ] ] ] } },
{ "type": "Feature", "properties": { "boden": "70 % mittel, trocken (vermutet) (M3) · 30 % ziemlich arm, trocken (vermutet) (Z3)" }, "geometry": { "type": "Polygon", "coordinates": [ [ [ 13.58795, 52.73938 ], [ 13.58766, 52.73951 ], [ 13.58721, 52.73989 ], [ 13.58696, 52.74033 ], [ 13.58779, 52.74048 ], [ 13.58882, 52.74081 ], [ 13.58906, 52.7408 ], [ 13.5892, 52.74071 ], [ 13.58912, 52.74054 ], [ 13.58831, 52.7404 ], [ 13.58804, 52.7403 ], [ 13.58802, 52.74 ], [ 13.58817, 52.7397 ], [ 13.58807, 52.73944 ], [ 13.58795, 52.73938 ] ] ] } },
{ "type": "Feature", "properties": { "boden": "70 % mittel, trocken (vermutet) (M3) · 30 % ziemlich arm, trocken (vermutet) (Z3)" }, "geometry": { "type": "Polygon", "coordinates": [ [ [ 13.59428, 52.73961 ], [ 13.59408, 52.73987 ], [ 13.59375, 52.7401 ], [ 13.59399, 52.74035 ], [ 13.59338, 52.74095 ], [ 13.59353, 52.741 ], [ 13.59404, 52.741 ], [ 13.59439, 52.74095 ], [ 13.59451, 52.74088 ], [ 13.59463, 52.74071 ], [ 13.59468, 52.74018 ], [ 13.59484, 52.73994 ], [ 13.59428, 52.73961 ] ] ] } },
{ "type": "Feature", "properties": { "boden": "70 % mittel, mäßig frisch (M2) · 30 % ziemlich arm, mäßig frisch (Z2)" }, "geometry": { "type": "Polygon", "coordinates": [ [ [ 13.58887, 52.74284 ], [ 13.5886, 52.74287 ], [ 13.58864, 52.74272 ], [ 13.58918, 52.74246 ], [ 13.58965, 52.74235 ], [ 13.59003, 52.74241 ], [ 13.59048, 52.74267 ], [ 13.59033, 52.74275 ], [ 13.59015, 52.74274 ], [ 13.5907, 52.74284 ], [ 13.59159, 52.7426 ], [ 13.59144, 52.74173 ], [ 13.59125, 52.74135 ], [ 13.59102, 52.74111 ], [ 13.59051, 52.74091 ], [ 13.58975, 52.7407 ], [ 13.58967, 52.74059 ], [ 13.58966, 52.74047 ], [ 13.58973, 52.7404 ], [ 13.58998, 52.74043 ], [ 13.59036, 52.74055 ], [ 13.59091, 52.74036 ], [ 13.59112, 52.74033 ], [ 13.59187, 52.74036 ], [ 13.59202, 52.74043 ], [ 13.59194, 52.74054 ], [ 13.59199, 52.74072 ], [ 13.5922, 52.741 ], [ 13.59232, 52.74108 ], [ 13.59434, 52.74121 ], [ 13.59459, 52.74126 ], [ 13.59484, 52.74123 ], [ 13.59502, 52.74154 ], [ 13.59586, 52.74058 ], [ 13.59484, 52.73994 ], [ 13.59468, 52.74018 ], [ 13.59466, 52.74063 ], [ 13.59451, 52.74088 ], [ 13.59439, 52.74095 ], [ 13.59404, 52.741 ], [ 13.5934, 52.74097 ], [ 13.59399, 52.74035 ], [ 13.59375, 52.7401 ], [ 13.59408, 52.73987 ], [ 13.59428, 52.73961 ], [ 13.59309, 52.739 ], [ 13.59291, 52.73911 ], [ 13.59279, 52.7393 ], [ 13.59138, 52.73928 ], [ 13.5915, 52.73921 ], [ 13.59187, 52.73917 ], [ 13.59226, 52.73906 ], [ 13.59269, 52.7388 ], [ 13.59175, 52.73833 ], [ 13.59143, 52.73836 ], [ 13.59116, 52.73829 ], [ 13.59103, 52.73797 ], [ 13.59064, 52.73776 ], [ 13.59064, 52.73788 ], [ 13.59042, 52.73814 ], [ 13.59032, 52.7386 ], [ 13.59008, 52.73866 ], [ 13.58989, 52.73862 ], [ 13.58978, 52.73848 ], [ 13.58973, 52.73834 ], [ 13.58982, 52.73816 ], [ 13.58967, 52.7382 ], [ 13.58949, 52.73815 ], [ 13.58942, 52.73804 ], [ 13.58946, 52.73799 ], [ 13.5888, 52.73788 ], [ 13.58876, 52.73777 ], [ 13.58883, 52.73768 ], [ 13.58853, 52.73776 ], [ 13.58818, 52.73816 ], [ 13.58772, 52.73926 ], [ 13.5867, 52.74044 ], [ 13.58663, 52.7406 ], [ 13.58679, 52.74117 ], [ 13.58654, 52.74223 ], [ 13.5862, 52.74255 ], [ 13.5857, 52.74283 ], [ 13.58545, 52.74305 ], [ 13.58579, 52.74306 ], [ 13.58596, 52.74279 ], [ 13.58607, 52.74273 ], [ 13.58637, 52.74269 ], [ 13.5866, 52.74273 ], [ 13.58658, 52.74283 ], [ 13.58676, 52.74308 ], [ 13.58837, 52.74313 ], [ 13.58882, 52.74328 ], [ 13.58874, 52.74296 ], [ 13.58887, 52.74284 ] ], [ [ 13.59043, 52.74129 ], [ 13.5906, 52.74141 ], [ 13.59072, 52.74164 ], [ 13.59073, 52.74187 ], [ 13.59061, 52.7421 ], [ 13.59033, 52.74221 ], [ 13.59013, 52.74221 ], [ 13.5894, 52.74207 ], [ 13.58932, 52.74195 ], [ 13.5898, 52.74146 ], [ 13.59011, 52.74128 ], [ 13.59043, 52.74129 ] ], [ [ 13.58841, 52.74207 ], [ 13.58795, 52.7416 ], [ 13.58771, 52.7415 ], [ 13.58766, 52.74136 ], [ 13.58791, 52.74083 ], [ 13.58943, 52.74133 ], [ 13.58891, 52.74169 ], [ 13.58855, 52.74206 ], [ 13.58841, 52.74207 ] ], [ [ 13.58807, 52.73944 ], [ 13.58816, 52.73976 ], [ 13.58802, 52.74 ], [ 13.58804, 52.7403 ], [ 13.58831, 52.7404 ], [ 13.58912, 52.74054 ], [ 13.5892, 52.74071 ], [ 13.58906, 52.7408 ], [ 13.58882, 52.74081 ], [ 13.58779, 52.74048 ], [ 13.58696, 52.74033 ], [ 13.58721, 52.73989 ], [ 13.58766, 52.73951 ], [ 13.58788, 52.73939 ], [ 13.58795, 52.73938 ], [ 13.58807, 52.73944 ] ], [ [ 13.59062, 52.73987 ], [ 13.59068, 52.74002 ], [ 13.59059, 52.74014 ], [ 13.59034, 52.74018 ], [ 13.59015, 52.74013 ], [ 13.59012, 52.73997 ], [ 13.59022, 52.73985 ], [ 13.59045, 52.73982 ], [ 13.59062, 52.73987 ] ], [ [ 13.59329, 52.73985 ], [ 13.59288, 52.74 ], [ 13.59244, 52.74001 ], [ 13.59167, 52.7399 ], [ 13.59154, 52.73973 ], [ 13.59168, 52.73959 ], [ 13.59185, 52.73955 ], [ 13.59221, 52.73955 ], [ 13.59266, 52.73962 ], [ 13.59307, 52.73952 ], [ 13.59342, 52.73949 ], [ 13.59341, 52.73972 ], [ 13.59329, 52.73985 ] ], [ [ 13.59139, 52.73953 ], [ 13.59132, 52.73964 ], [ 13.59114, 52.73968 ], [ 13.59096, 52.73963 ], [ 13.59089, 52.73952 ], [ 13.59097, 52.73942 ], [ 13.59115, 52.73937 ], [ 13.59132, 52.73942 ], [ 13.59139, 52.73953 ] ] ] } },
{ "type": "Feature", "properties": { "boden": "70 % mittel, mäßig frisch (M2) · 30 % ziemlich arm, mäßig frisch (Z2)" }, "geometry": { "type": "Polygon", "coordinates": [ [ [ 13.59502, 52.74154 ], [ 13.59484, 52.74123 ], [ 13.59459, 52.74126 ], [ 13.59434, 52.74121 ], [ 13.59232, 52.74108 ], [ 13.5922, 52.741 ], [ 13.59199, 52.74072 ], [ 13.59194, 52.74054 ], [ 13.59202, 52.74043 ], [ 13.59187, 52.74036 ], [ 13.59112, 52.74033 ], [ 13.59091, 52.74036 ], [ 13.59036, 52.74055 ], [ 13.5898, 52.74039 ], [ 13.58966, 52.74047 ], [ 13.58975, 52.7407 ], [ 13.59051, 52.74091 ], [ 13.59102, 52.74111 ], [ 13.59062, 52.74068 ], [ 13.59111, 52.74047 ], [ 13.59156, 52.74041 ], [ 13.59214, 52.7411 ], [ 13.59239, 52.74122 ], [ 13.59348, 52.74131 ], [ 13.5935, 52.74141 ], [ 13.59414, 52.74148 ], [ 13.5946, 52.74162 ], [ 13.59478, 52.74182 ], [ 13.59502, 52.74154 ] ] ] } },
{ "type": "Feature", "properties": { "boden": "70 % mittel, trocken (vermutet) (M3) · 30 % ziemlich arm, trocken (vermutet) (Z3)" }, "geometry": { "type": "Polygon", "coordinates": [ [ [ 13.59021, 52.74127 ], [ 13.59001, 52.74132 ], [ 13.5898, 52.74146 ], [ 13.58932, 52.74195 ], [ 13.5894, 52.74207 ], [ 13.5897, 52.74214 ], [ 13.59033, 52.74221 ], [ 13.59061, 52.7421 ], [ 13.59074, 52.74176 ], [ 13.5906, 52.74141 ], [ 13.59043, 52.74129 ], [ 13.59021, 52.74127 ] ] ] } },
{ "type": "Feature", "properties": { "boden": "70 % mittel, trocken (vermutet) (M3) · 30 % ziemlich arm, trocken (vermutet) (Z3)" }, "geometry": { "type": "Polygon", "coordinates": [ [ [ 13.59917, 52.73806 ], [ 13.59892, 52.73812 ], [ 13.59857, 52.73832 ], [ 13.59847, 52.73847 ], [ 13.59854, 52.73857 ], [ 13.59891, 52.73857 ], [ 13.59965, 52.73841 ], [ 13.59951, 52.73823 ], [ 13.59917, 52.73806 ] ] ] } },
{ "type": "Feature", "properties": { "boden": "70 % mittel, mäßig frisch (M2) · 30 % ziemlich arm, mäßig frisch (Z2)" }, "geometry": { "type": "Polygon", "coordinates": [ [ [ 13.60027, 52.73902 ], [ 13.59992, 52.73912 ], [ 13.59981, 52.73922 ], [ 13.59982, 52.73933 ], [ 13.59992, 52.7394 ], [ 13.60032, 52.73939 ], [ 13.60073, 52.73929 ], [ 13.60086, 52.73921 ], [ 13.60072, 52.73911 ], [ 13.60027, 52.73902 ] ] ] } },
{ "type": "Feature", "properties": { "boden": "70 % mittel, trocken (vermutet) (M3) · 30 % ziemlich arm, trocken (vermutet) (Z3)" }, "geometry": { "type": "Polygon", "coordinates": [ [ [ 13.59829, 52.73934 ], [ 13.59889, 52.73938 ], [ 13.59912, 52.73935 ], [ 13.59858, 52.7392 ], [ 13.59843, 52.73889 ], [ 13.59778, 52.73887 ], [ 13.59717, 52.7388 ], [ 13.5968, 52.73885 ], [ 13.59678, 52.73911 ], [ 13.59651, 52.73931 ], [ 13.59653, 52.73939 ], [ 13.59665, 52.73947 ], [ 13.59707, 52.73956 ], [ 13.59741, 52.73954 ], [ 13.59829, 52.73934 ] ] ] } },
{ "type": "Feature", "properties": { "boden": "70 % mittel, trocken (vermutet) (M3) · 30 % ziemlich arm, trocken (vermutet) (Z3)" }, "geometry": { "type": "Polygon", "coordinates": [ [ [ 13.60427, 52.73925 ], [ 13.60354, 52.73922 ], [ 13.60327, 52.73928 ], [ 13.60323, 52.73933 ], [ 13.60332, 52.73946 ], [ 13.6036, 52.73959 ], [ 13.60373, 52.7396 ], [ 13.60404, 52.73956 ], [ 13.60451, 52.73939 ], [ 13.60427, 52.73925 ] ] ] } },
{ "type": "Feature", "properties": { "boden": "70 % mittel, trocken (vermutet) (M3) · 30 % ziemlich arm, trocken (vermutet) (Z3)" }, "geometry": { "type": "Polygon", "coordinates": [ [ [ 13.60581, 52.73968 ], [ 13.60548, 52.73968 ], [ 13.60508, 52.73957 ], [ 13.60499, 52.73958 ], [ 13.60495, 52.73963 ], [ 13.60498, 52.73975 ], [ 13.60523, 52.73983 ], [ 13.60561, 52.73982 ], [ 13.60574, 52.73979 ], [ 13.60581, 52.73968 ] ] ] } },
{ "type": "Feature", "properties": { "boden": "70 % mittel, mäßig frisch (M2) · 30 % ziemlich arm, mäßig frisch (Z2)" }, "geometry": { "type": "Polygon", "coordinates": [ [ [ 13.5989, 52.73991 ], [ 13.59862, 52.73995 ], [ 13.59859, 52.74004 ], [ 13.59868, 52.74022 ], [ 13.59897, 52.74034 ], [ 13.59932, 52.74033 ], [ 13.59948, 52.74027 ], [ 13.59956, 52.74019 ], [ 13.59947, 52.74003 ], [ 13.5989, 52.73991 ] ] ] } },
{ "type": "Feature", "properties": { "boden": "70 % mittel, trocken (vermutet) (M3) · 30 % ziemlich arm, trocken (vermutet) (Z3)" }, "geometry": { "type": "Polygon", "coordinates": [ [ [ 13.6048, 52.74015 ], [ 13.60473, 52.74016 ], [ 13.60452, 52.74043 ], [ 13.6041, 52.74067 ], [ 13.60414, 52.74073 ], [ 13.6043, 52.74075 ], [ 13.60482, 52.74054 ], [ 13.6049, 52.74037 ], [ 13.6048, 52.74015 ] ] ] } },
{ "type": "Feature", "properties": { "boden": "70 % mittel, mäßig frisch (M2) · 30 % ziemlich arm, mäßig frisch (Z2)" }, "geometry": { "type": "Polygon", "coordinates": [ [ [ 13.60665, 52.74 ], [ 13.60647, 52.74009 ], [ 13.6062, 52.74015 ], [ 13.60615, 52.74026 ], [ 13.60599, 52.74031 ], [ 13.60591, 52.7404 ], [ 13.60598, 52.74065 ], [ 13.60564, 52.7408 ], [ 13.60531, 52.74085 ], [ 13.60517, 52.74094 ], [ 13.60521, 52.74121 ], [ 13.60535, 52.74134 ], [ 13.60556, 52.74142 ], [ 13.60563, 52.74142 ], [ 13.6056, 52.74135 ], [ 13.60587, 52.74113 ], [ 13.6056, 52.74102 ], [ 13.60614, 52.74078 ], [ 13.60615, 52.74055 ], [ 13.6067, 52.74003 ], [ 13.60665, 52.74 ] ] ] } },
{ "type": "Feature", "properties": { "boden": "70 % mittel, trocken (vermutet) (M3) · 30 % ziemlich arm, trocken (vermutet) (Z3)" }, "geometry": { "type": "Polygon", "coordinates": [ [ [ 13.59706, 52.74016 ], [ 13.59686, 52.74019 ], [ 13.59678, 52.74027 ], [ 13.59705, 52.74056 ], [ 13.59706, 52.7408 ], [ 13.59682, 52.74092 ], [ 13.59613, 52.74107 ], [ 13.59608, 52.74117 ], [ 13.59613, 52.74126 ], [ 13.59626, 52.74132 ], [ 13.5966, 52.74125 ], [ 13.5977, 52.74086 ], [ 13.59814, 52.74079 ], [ 13.59833, 52.74068 ], [ 13.59822, 52.74058 ], [ 13.59754, 52.74034 ], [ 13.59725, 52.74019 ], [ 13.59706, 52.74016 ] ] ] } },
{ "type": "Feature", "properties": { "boden": "70 % mittel, mäßig frisch (M2) · 30 % ziemlich arm, mäßig frisch (Z2)" }, "geometry": { "type": "Polygon", "coordinates": [ [ [ 13.60781, 52.74829 ], [ 13.60782, 52.74813 ], [ 13.60816, 52.74799 ], [ 13.60831, 52.74803 ], [ 13.60856, 52.74774 ], [ 13.60847, 52.74744 ], [ 13.60832, 52.74727 ], [ 13.60862, 52.74707 ], [ 13.60873, 52.74664 ], [ 13.60855, 52.74661 ], [ 13.60851, 52.74642 ], [ 13.60857, 52.74628 ], [ 13.60877, 52.74612 ], [ 13.60914, 52.74605 ], [ 13.60954, 52.74606 ], [ 13.60985, 52.74617 ], [ 13.60985, 52.74623 ], [ 13.60967, 52.74634 ], [ 13.61086, 52.74647 ], [ 13.61086, 52.74624 ], [ 13.61043, 52.74582 ], [ 13.6101, 52.7456 ], [ 13.61023, 52.74551 ], [ 13.61025, 52.745 ], [ 13.6101, 52.74495 ], [ 13.60999, 52.74484 ], [ 13.60997, 52.74464 ], [ 13.61006, 52.74449 ], [ 13.61059, 52.74408 ], [ 13.61057, 52.74399 ], [ 13.60988, 52.74394 ], [ 13.60983, 52.74404 ], [ 13.60941, 52.74432 ], [ 13.60921, 52.74466 ], [ 13.60888, 52.7446 ], [ 13.60874, 52.74453 ], [ 13.60878, 52.74431 ], [ 13.60893, 52.74419 ], [ 13.60952, 52.74392 ], [ 13.60926, 52.74385 ], [ 13.60912, 52.74368 ], [ 13.60888, 52.74371 ], [ 13.60879, 52.74315 ], [ 13.60825, 52.74307 ], [ 13.60828, 52.74317 ], [ 13.60819, 52.74337 ], [ 13.60804, 52.74347 ], [ 13.60761, 52.74359 ], [ 13.60759, 52.7437 ], [ 13.6077, 52.74386 ], [ 13.6076, 52.74396 ], [ 13.60667, 52.74429 ], [ 13.60621, 52.74434 ], [ 13.60612, 52.74431 ], [ 13.60605, 52.74416 ], [ 13.60628, 52.74404 ], [ 13.60656, 52.7437 ], [ 13.607, 52.74352 ], [ 13.6071, 52.7434 ], [ 13.60744, 52.7432 ], [ 13.60634, 52.74349 ], [ 13.6059, 52.74352 ], [ 13.6057, 52.7434 ], [ 13.60602, 52.74323 ], [ 13.60605, 52.74288 ], [ 13.6062, 52.74272 ], [ 13.60673, 52.74252 ], [ 13.60663, 52.74234 ], [ 13.60599, 52.74203 ], [ 13.60577, 52.74179 ], [ 13.60563, 52.74142 ], [ 13.60527, 52.74128 ], [ 13.60515, 52.74102 ], [ 13.60522, 52.74089 ], [ 13.60564, 52.7408 ], [ 13.60598, 52.74065 ], [ 13.60591, 52.7404 ], [ 13.60599, 52.74031 ], [ 13.60615, 52.74026 ], [ 13.6062, 52.74015 ], [ 13.60671, 52.74 ], [ 13.60682, 52.73973 ], [ 13.60661, 52.73933 ], [ 13.60624, 52.73927 ], [ 13.60589, 52.73938 ], [ 13.6055, 52.73934 ], [ 13.60503, 52.73893 ], [ 13.6044, 52.73887 ], [ 13.60394, 52.73894 ], [ 13.60331, 52.73893 ], [ 13.60346, 52.73886 ], [ 13.60279, 52.73886 ], [ 13.60256, 52.73878 ], [ 13.60265, 52.73874 ], [ 13.60319, 52.73869 ], [ 13.60347, 52.73859 ], [ 13.60369, 52.73844 ], [ 13.604, 52.73805 ], [ 13.60446, 52.73786 ], [ 13.60489, 52.73784 ], [ 13.60536, 52.73771 ], [ 13.60648, 52.73759 ], [ 13.6072, 52.73694 ], [ 13.60742, 52.73665 ], [ 13.60751, 52.73643 ], [ 13.60768, 52.73629 ], [ 13.60812, 52.73623 ], [ 13.60856, 52.73625 ], [ 13.60898, 52.73634 ], [ 13.60943, 52.73654 ], [ 13.60946, 52.73671 ], [ 13.60934, 52.73685 ], [ 13.60913, 52.73692 ], [ 13.60833, 52.73708 ], [ 13.6082, 52.73725 ], [ 13.60843, 52.73771 ], [ 13.60882, 52.73795 ], [ 13.60892, 52.73794 ], [ 13.60923, 52.73806 ], [ 13.60948, 52.73825 ], [ 13.60946, 52.73829 ], [ 13.60932, 52.73831 ], [ 13.60889, 52.73814 ], [ 13.60886, 52.73863 ], [ 13.60866, 52.73895 ], [ 13.60838, 52.73916 ], [ 13.60826, 52.73918 ], [ 13.60795, 52.74006 ], [ 13.60925, 52.74057 ], [ 13.60959, 52.74063 ], [ 13.60979, 52.74061 ], [ 13.61003, 52.74046 ], [ 13.61134, 52.73836 ], [ 13.61167, 52.73802 ], [ 13.61203, 52.73785 ], [ 13.60877, 52.73502 ], [ 13.60829, 52.73479 ], [ 13.6082, 52.73494 ], [ 13.6081, 52.73492 ], [ 13.60534, 52.73419 ], [ 13.60414, 52.73422 ], [ 13.60421, 52.73437 ], [ 13.60401, 52.73451 ], [ 13.60437, 52.73476 ], [ 13.60501, 52.73507 ], [ 13.60546, 52.73511 ], [ 13.60542, 52.73503 ], [ 13.60549, 52.73493 ], [ 13.60567, 52.73488 ], [ 13.60585, 52.73493 ], [ 13.60589, 52.73499 ], [ 13.60602, 52.73491 ], [ 13.60616, 52.73492 ], [ 13.60624, 52.73518 ], [ 13.60667, 52.73568 ], [ 13.6068, 52.73623 ], [ 13.60668, 52.73663 ], [ 13.60639, 52.73678 ], [ 13.60621, 52.73679 ], [ 13.60606, 52.73667 ], [ 13.60583, 52.73615 ], [ 13.60565, 52.73598 ], [ 13.60557, 52.7358 ], [ 13.60524, 52.73554 ], [ 13.60476, 52.73544 ], [ 13.60458, 52.73544 ], [ 13.60443, 52.7355 ], [ 13.60424, 52.73546 ], [ 13.60399, 52.73524 ], [ 13.60352, 52.73496 ], [ 13.60278, 52.73481 ], [ 13.60243, 52.73455 ], [ 13.60223, 52.73446 ], [ 13.60163, 52.73438 ], [ 13.60135, 52.7344 ], [ 13.60116, 52.73449 ], [ 13.60108, 52.7346 ], [ 13.60117, 52.73484 ], [ 13.60108, 52.735 ], [ 13.60065, 52.73514 ], [ 13.60021, 52.73512 ], [ 13.60011, 52.73506 ], [ 13.60006, 52.73491 ], [ 13.60022, 52.73453 ], [ 13.60019, 52.73442 ], [ 13.59965, 52.73417 ], [ 13.59952, 52.73404 ], [ 13.5997, 52.73394 ], [ 13.60051, 52.73389 ], [ 13.60083, 52.73383 ], [ 13.60275, 52.73393 ], [ 13.60086, 52.73364 ], [ 13.59924, 52.73374 ], [ 13.59886, 52.73368 ], [ 13.59844, 52.73357 ], [ 13.59765, 52.73326 ], [ 13.59757, 52.73328 ], [ 13.59743, 52.73316 ], [ 13.59716, 52.7326 ], [ 13.59649, 52.73244 ], [ 13.59662, 52.73256 ], [ 13.59669, 52.73274 ], [ 13.59667, 52.733 ], [ 13.59657, 52.73317 ], [ 13.5964, 52.73319 ], [ 13.59626, 52.73305 ], [ 13.59619, 52.73277 ], [ 13.59623, 52.73249 ], [ 13.5959, 52.73262 ], [ 13.59562, 52.73281 ], [ 13.59485, 52.73311 ], [ 13.59519, 52.73304 ], [ 13.59553, 52.73304 ], [ 13.59577, 52.73294 ], [ 13.59608, 52.73317 ], [ 13.59602, 52.73329 ], [ 13.59575, 52.73341 ], [ 13.59482, 52.73366 ], [ 13.59454, 52.73366 ], [ 13.59441, 52.73361 ], [ 13.59436, 52.73351 ], [ 13.59402, 52.73396 ], [ 13.59413, 52.73429 ], [ 13.59312, 52.7344 ], [ 13.59365, 52.73538 ], [ 13.59382, 52.73548 ], [ 13.59381, 52.73553 ], [ 13.59401, 52.73544 ], [ 13.59415, 52.73544 ], [ 13.59429, 52.73556 ], [ 13.59445, 52.73598 ], [ 13.59465, 52.73624 ], [ 13.5947, 52.73683 ], [ 13.59482, 52.73706 ], [ 13.59557, 52.73747 ], [ 13.59572, 52.73786 ], [ 13.59543, 52.73811 ], [ 13.59496, 52.73821 ], [ 13.59472, 52.73814 ], [ 13.59466, 52.73778 ], [ 13.59436, 52.73745 ], [ 13.59425, 52.73709 ], [ 13.59393, 52.7368 ], [ 13.5941, 52.7365 ], [ 13.59409, 52.73641 ], [ 13.59399, 52.73634 ], [ 13.59384, 52.73633 ], [ 13.59365, 52.73639 ], [ 13.59309, 52.73682 ], [ 13.59287, 52.73685 ], [ 13.59259, 52.73676 ], [ 13.59238, 52.73661 ], [ 13.59248, 52.73628 ], [ 13.59214, 52.73643 ], [ 13.59199, 52.73644 ], [ 13.59149, 52.73659 ], [ 13.59142, 52.73655 ], [ 13.59137, 52.73631 ], [ 13.59103, 52.73629 ], [ 13.59098, 52.73651 ], [ 13.59055, 52.73666 ], [ 13.59029, 52.7371 ], [ 13.59012, 52.73717 ], [ 13.58993, 52.73712 ], [ 13.58985, 52.737 ], [ 13.59002, 52.7363 ], [ 13.5899, 52.73632 ], [ 13.58965, 52.73654 ], [ 13.58943, 52.73723 ], [ 13.58929, 52.73724 ], [ 13.58904, 52.73666 ], [ 13.58876, 52.73658 ], [ 13.58885, 52.7367 ], [ 13.5888, 52.73698 ], [ 13.58867, 52.73705 ], [ 13.58833, 52.73706 ], [ 13.58818, 52.73702 ], [ 13.58784, 52.73682 ], [ 13.5877, 52.73658 ], [ 13.58752, 52.73658 ], [ 13.58739, 52.73635 ], [ 13.58705, 52.73626 ], [ 13.58699, 52.73632 ], [ 13.58702, 52.73641 ], [ 13.58748, 52.73707 ], [ 13.58756, 52.73737 ], [ 13.58728, 52.73826 ], [ 13.58756, 52.73922 ], [ 13.58762, 52.73925 ], [ 13.58772, 52.73926 ], [ 13.58818, 52.73816 ], [ 13.58853, 52.73776 ], [ 13.58931, 52.73757 ], [ 13.59041, 52.73762 ], [ 13.59103, 52.73797 ], [ 13.5911, 52.73769 ], [ 13.59121, 52.73761 ], [ 13.5914, 52.73758 ], [ 13.59197, 52.73798 ], [ 13.59209, 52.73815 ], [ 13.59202, 52.73828 ], [ 13.59175, 52.73833 ], [ 13.59428, 52.73961 ], [ 13.5945, 52.7394 ], [ 13.59465, 52.73936 ], [ 13.59508, 52.73939 ], [ 13.59514, 52.73945 ], [ 13.59517, 52.73959 ], [ 13.59484, 52.73994 ], [ 13.59586, 52.74058 ], [ 13.59502, 52.74154 ], [ 13.5955, 52.74184 ], [ 13.59566, 52.74199 ], [ 13.59577, 52.74241 ], [ 13.59612, 52.74255 ], [ 13.5962, 52.74266 ], [ 13.59586, 52.74266 ], [ 13.59573, 52.74283 ], [ 13.59582, 52.74311 ], [ 13.59524, 52.74435 ], [ 13.59606, 52.74446 ], [ 13.59608, 52.74437 ], [ 13.5963, 52.74436 ], [ 13.59695, 52.74444 ], [ 13.59729, 52.7443 ], [ 13.59737, 52.74403 ], [ 13.59765, 52.74382 ], [ 13.59777, 52.74362 ], [ 13.59769, 52.74339 ], [ 13.59728, 52.74328 ], [ 13.59713, 52.74304 ], [ 13.5971, 52.74273 ], [ 13.59745, 52.74202 ], [ 13.59698, 52.74231 ], [ 13.59678, 52.74233 ], [ 13.59644, 52.74225 ], [ 13.59638, 52.74213 ], [ 13.5964, 52.74191 ], [ 13.59657, 52.74177 ], [ 13.59681, 52.74174 ], [ 13.59737, 52.74181 ], [ 13.59753, 52.7419 ], [ 13.5979, 52.74148 ], [ 13.59882, 52.74104 ], [ 13.59907, 52.74105 ], [ 13.5993, 52.74118 ], [ 13.59967, 52.74193 ], [ 13.60005, 52.74224 ], [ 13.60034, 52.74217 ], [ 13.60064, 52.74217 ], [ 13.60079, 52.7422 ], [ 13.60093, 52.74231 ], [ 13.60095, 52.74263 ], [ 13.60056, 52.74284 ], [ 13.60031, 52.74317 ], [ 13.59991, 52.74341 ], [ 13.60013, 52.74343 ], [ 13.60011, 52.74375 ], [ 13.60037, 52.74414 ], [ 13.60065, 52.74433 ], [ 13.60171, 52.74421 ], [ 13.60207, 52.7441 ], [ 13.60255, 52.74405 ], [ 13.60284, 52.74407 ], [ 13.60279, 52.74441 ], [ 13.60239, 52.74484 ], [ 13.60212, 52.74543 ], [ 13.60233, 52.746 ], [ 13.60304, 52.74672 ], [ 13.60303, 52.74702 ], [ 13.60289, 52.74735 ], [ 13.60267, 52.74756 ], [ 13.60236, 52.74769 ], [ 13.60276, 52.7478 ], [ 13.60304, 52.7476 ], [ 13.6033, 52.74749 ], [ 13.60366, 52.7475 ], [ 13.60376, 52.74755 ], [ 13.60383, 52.74779 ], [ 13.60372, 52.7479 ], [ 13.60337, 52.74806 ], [ 13.60431, 52.74873 ], [ 13.60468, 52.74915 ], [ 13.60484, 52.74953 ], [ 13.60502, 52.74946 ], [ 13.60575, 52.74943 ], [ 13.60685, 52.74972 ], [ 13.60691, 52.74961 ], [ 13.60714, 52.74953 ], [ 13.6074, 52.7497 ], [ 13.60746, 52.74991 ], [ 13.60846, 52.75017 ], [ 13.60836, 52.75005 ], [ 13.60827, 52.74958 ], [ 13.60829, 52.74945 ], [ 13.60848, 52.74918 ], [ 13.60843, 52.74902 ], [ 13.60781, 52.74829 ] ], [ [ 13.60682, 52.7482 ], [ 13.60695, 52.74831 ], [ 13.607, 52.74859 ], [ 13.60689, 52.74872 ], [ 13.60674, 52.74875 ], [ 13.60652, 52.74867 ], [ 13.60633, 52.7483 ], [ 13.60611, 52.74817 ], [ 13.60627, 52.7481 ], [ 13.60652, 52.7481 ], [ 13.60682, 52.7482 ] ], [ [ 13.60676, 52.74637 ], [ 13.6069, 52.74653 ], [ 13.60682, 52.74672 ], [ 13.60683, 52.74699 ], [ 13.60658, 52.74713 ], [ 13.60631, 52.74711 ], [ 13.60613, 52.74701 ], [ 13.60612, 52.74693 ], [ 13.60632, 52.74669 ], [ 13.60631, 52.74638 ], [ 13.60655, 52.7463 ], [ 13.60676, 52.74637 ] ], [ [ 13.60611, 52.74577 ], [ 13.60612, 52.74588 ], [ 13.60595, 52.7461 ], [ 13.60567, 52.74626 ], [ 13.60557, 52.74626 ], [ 13.6055, 52.74621 ], [ 13.60569, 52.74585 ], [ 13.60585, 52.74575 ], [ 13.60602, 52.74572 ], [ 13.60611, 52.74577 ] ], [ [ 13.60457, 52.74577 ], [ 13.60449, 52.74602 ], [ 13.60426, 52.74611 ], [ 13.60396, 52.74613 ], [ 13.60371, 52.74607 ], [ 13.60367, 52.74585 ], [ 13.60353, 52.74572 ], [ 13.60321, 52.74584 ], [ 13.60298, 52.74575 ], [ 13.6029, 52.74559 ], [ 13.60286, 52.74533 ], [ 13.603, 52.74508 ], [ 13.60351, 52.7448 ], [ 13.60389, 52.74444 ], [ 13.604, 52.74458 ], [ 13.604, 52.7448 ], [ 13.60374, 52.74524 ], [ 13.60374, 52.74542 ], [ 13.60398, 52.7456 ], [ 13.60444, 52.74569 ], [ 13.60457, 52.74577 ] ], [ [ 13.60769, 52.74534 ], [ 13.60772, 52.74543 ], [ 13.60758, 52.74553 ], [ 13.60729, 52.74556 ], [ 13.60721, 52.74537 ], [ 13.60728, 52.7453 ], [ 13.60758, 52.74528 ], [ 13.60769, 52.74534 ] ], [ [ 13.59754, 52.74034 ], [ 13.59822, 52.74058 ], [ 13.59833, 52.74068 ], [ 13.59823, 52.74076 ], [ 13.5977, 52.74086 ], [ 13.5964, 52.7413 ], [ 13.59626, 52.74132 ], [ 13.59613, 52.74126 ], [ 13.59608, 52.74117 ], [ 13.59613, 52.74107 ], [ 13.59682, 52.74092 ], [ 13.59706, 52.7408 ], [ 13.59705, 52.74056 ], [ 13.59678, 52.74024 ], [ 13.59706, 52.74016 ], [ 13.59725, 52.74019 ], [ 13.59754, 52.74034 ] ], [ [ 13.6049, 52.74037 ], [ 13.60482, 52.74054 ], [ 13.60451, 52.74069 ], [ 13.6043, 52.74075 ], [ 13.60414, 52.74073 ], [ 13.6041, 52.74067 ], [ 13.60452, 52.74043 ], [ 13.60473, 52.74016 ], [ 13.6048, 52.74015 ], [ 13.60485, 52.7402 ], [ 13.6049, 52.74037 ] ], [ [ 13.59934, 52.73998 ], [ 13.59955, 52.74011 ], [ 13.59956, 52.74019 ], [ 13.59932, 52.74033 ], [ 13.59897, 52.74034 ], [ 13.59868, 52.74022 ], [ 13.59859, 52.74004 ], [ 13.59867, 52.73992 ], [ 13.5989, 52.73991 ], [ 13.59934, 52.73998 ] ], [ [ 13.59654, 52.74302 ], [ 13.59643, 52.74318 ], [ 13.59638, 52.74342 ], [ 13.59659, 52.74378 ], [ 13.59647, 52.74387 ], [ 13.59615, 52.74395 ], [ 13.59593, 52.74376 ], [ 13.59595, 52.74342 ], [ 13.59618, 52.74302 ], [ 13.5963, 52.74299 ], [ 13.59654, 52.74302 ] ], [ [ 13.60574, 52.73979 ], [ 13.60523, 52.73983 ], [ 13.60498, 52.73975 ], [ 13.60495, 52.73963 ], [ 13.60499, 52.73958 ], [ 13.60508, 52.73957 ], [ 13.60548, 52.73968 ], [ 13.60581, 52.73968 ], [ 13.60574, 52.73979 ] ], [ [ 13.60427, 52.73925 ], [ 13.60451, 52.73939 ], [ 13.60437, 52.73945 ], [ 13.60373, 52.7396 ], [ 13.6034, 52.73951 ], [ 13.60323, 52.73933 ], [ 13.60337, 52.73924 ], [ 13.60398, 52.73921 ], [ 13.60427, 52.73925 ] ], [ [ 13.60072, 52.73911 ], [ 13.60086, 52.73921 ], [ 13.60073, 52.73929 ], [ 13.6002, 52.73941 ], [ 13.59992, 52.7394 ], [ 13.59982, 52.73933 ], [ 13.59981, 52.73922 ], [ 13.6001, 52.73905 ], [ 13.60027, 52.73902 ], [ 13.60072, 52.73911 ] ], [ [ 13.59808, 52.73941 ], [ 13.59766, 52.73946 ], [ 13.59741, 52.73954 ], [ 13.59707, 52.73956 ], [ 13.59665, 52.73947 ], [ 13.59653, 52.73939 ], [ 13.59651, 52.73931 ], [ 13.59678, 52.73911 ], [ 13.5968, 52.73885 ], [ 13.59717, 52.7388 ], [ 13.59778, 52.73887 ], [ 13.59843, 52.73889 ], [ 13.59858, 52.7392 ], [ 13.59912, 52.73935 ], [ 13.59889, 52.73938 ], [ 13.59829, 52.73934 ], [ 13.59808, 52.73941 ] ], [ [ 13.59837, 52.73779 ], [ 13.59844, 52.7379 ], [ 13.59837, 52.738 ], [ 13.59814, 52.73803 ], [ 13.59802, 52.73814 ], [ 13.59809, 52.73851 ], [ 13.59789, 52.73866 ], [ 13.59763, 52.73869 ], [ 13.59704, 52.73861 ], [ 13.59686, 52.73863 ], [ 13.59635, 52.7388 ], [ 13.5962, 52.73911 ], [ 13.59492, 52.73907 ], [ 13.59399, 52.73916 ], [ 13.5938, 52.73907 ], [ 13.59374, 52.73885 ], [ 13.59378, 52.73868 ], [ 13.59391, 52.73861 ], [ 13.59464, 52.73854 ], [ 13.59509, 52.73844 ], [ 13.59561, 52.73842 ], [ 13.59623, 52.73826 ], [ 13.59659, 52.73823 ], [ 13.59692, 52.73807 ], [ 13.59767, 52.73791 ], [ 13.59806, 52.73774 ], [ 13.59818, 52.73773 ], [ 13.59837, 52.73779 ] ], [ [ 13.59728, 52.73754 ], [ 13.5973, 52.73764 ], [ 13.59719, 52.73773 ], [ 13.59644, 52.73801 ], [ 13.5961, 52.73799 ], [ 13.59598, 52.73791 ], [ 13.59606, 52.73771 ], [ 13.59659, 52.73753 ], [ 13.59703, 52.73747 ], [ 13.59728, 52.73754 ] ], [ [ 13.59992, 52.73718 ], [ 13.60084, 52.73722 ], [ 13.60127, 52.73745 ], [ 13.60074, 52.73757 ], [ 13.6003, 52.73787 ], [ 13.59936, 52.73788 ], [ 13.5989, 52.73802 ], [ 13.59862, 52.7378 ], [ 13.59866, 52.73767 ], [ 13.59992, 52.73718 ] ], [ [ 13.6009, 52.73795 ], [ 13.60096, 52.73803 ], [ 13.60087, 52.73853 ], [ 13.60079, 52.73859 ], [ 13.60065, 52.73859 ], [ 13.60043, 52.73844 ], [ 13.60038, 52.73821 ], [ 13.60054, 52.73795 ], [ 13.60071, 52.7379 ], [ 13.6009, 52.73795 ] ], [ [ 13.59933, 52.73811 ], [ 13.59965, 52.73838 ], [ 13.59958, 52.73845 ], [ 13.59891, 52.73857 ], [ 13.59869, 52.73858 ], [ 13.59847, 52.73853 ], [ 13.59867, 52.73825 ], [ 13.5991, 52.73806 ], [ 13.59933, 52.73811 ] ], [ [ 13.60331, 52.73805 ], [ 13.60336, 52.73814 ], [ 13.60331, 52.73822 ], [ 13.60232, 52.73817 ], [ 13.60218, 52.73808 ], [ 13.60273, 52.738 ], [ 13.60306, 52.73799 ], [ 13.60331, 52.73805 ] ], [ [ 13.60338, 52.7371 ], [ 13.60361, 52.73739 ], [ 13.60352, 52.73757 ], [ 13.60327, 52.73765 ], [ 13.60267, 52.73768 ], [ 13.60223, 52.7378 ], [ 13.60202, 52.73778 ], [ 13.60197, 52.73769 ], [ 13.60248, 52.73742 ], [ 13.60299, 52.73697 ], [ 13.60307, 52.73695 ], [ 13.60322, 52.73699 ], [ 13.60338, 52.7371 ] ], [ [ 13.6024, 52.73674 ], [ 13.60244, 52.73691 ], [ 13.60239, 52.73699 ], [ 13.60218, 52.7371 ], [ 13.60207, 52.7371 ], [ 13.6019, 52.73696 ], [ 13.60192, 52.73686 ], [ 13.60224, 52.7367 ], [ 13.6024, 52.73674 ] ], [ [ 13.59643, 52.7373 ], [ 13.5961, 52.73737 ], [ 13.59576, 52.73723 ], [ 13.5954, 52.73715 ], [ 13.59515, 52.73703 ], [ 13.59496, 52.73678 ], [ 13.595, 52.73652 ], [ 13.59513, 52.73638 ], [ 13.59534, 52.73633 ], [ 13.59564, 52.73634 ], [ 13.59628, 52.73659 ], [ 13.59659, 52.73655 ], [ 13.59664, 52.73658 ], [ 13.5968, 52.737 ], [ 13.59668, 52.73718 ], [ 13.59643, 52.7373 ] ], [ [ 13.60114, 52.73707 ], [ 13.59961, 52.7372 ], [ 13.59888, 52.73746 ], [ 13.59876, 52.73746 ], [ 13.59874, 52.73743 ], [ 13.59939, 52.73694 ], [ 13.59952, 52.7369 ], [ 13.60086, 52.73691 ], [ 13.60121, 52.73678 ], [ 13.60149, 52.73675 ], [ 13.60145, 52.73693 ], [ 13.60114, 52.73707 ] ], [ [ 13.60641, 52.73719 ], [ 13.60636, 52.73733 ], [ 13.60614, 52.73725 ], [ 13.60498, 52.73717 ], [ 13.60468, 52.73711 ], [ 13.60396, 52.73709 ], [ 13.60359, 52.73689 ], [ 13.6035, 52.73676 ], [ 13.60353, 52.73647 ], [ 13.60379, 52.73627 ], [ 13.60399, 52.73622 ], [ 13.6041, 52.73624 ], [ 13.60458, 52.73665 ], [ 13.60472, 52.7367 ], [ 13.60523, 52.73664 ], [ 13.60555, 52.73666 ], [ 13.60637, 52.73696 ], [ 13.60664, 52.73702 ], [ 13.60667, 52.73707 ], [ 13.60641, 52.73719 ] ], [ [ 13.60508, 52.73611 ], [ 13.60529, 52.73625 ], [ 13.6053, 52.73637 ], [ 13.6051, 52.73644 ], [ 13.60489, 52.73644 ], [ 13.60472, 52.73639 ], [ 13.60454, 52.73621 ], [ 13.60457, 52.73613 ], [ 13.60486, 52.73608 ], [ 13.60508, 52.73611 ] ], [ [ 13.60215, 52.73505 ], [ 13.60261, 52.7355 ], [ 13.60281, 52.73597 ], [ 13.60327, 52.73631 ], [ 13.60317, 52.73645 ], [ 13.60281, 52.73648 ], [ 13.60261, 52.73639 ], [ 13.60231, 52.73611 ], [ 13.60214, 52.73577 ], [ 13.60158, 52.73536 ], [ 13.60137, 52.7351 ], [ 13.60141, 52.73499 ], [ 13.60148, 52.73497 ], [ 13.6017, 52.73496 ], [ 13.60215, 52.73505 ] ], [ [ 13.59966, 52.73517 ], [ 13.59797, 52.73527 ], [ 13.59779, 52.7351 ], [ 13.59791, 52.73496 ], [ 13.59839, 52.73467 ], [ 13.59937, 52.73431 ], [ 13.59972, 52.73436 ], [ 13.59984, 52.73442 ], [ 13.59986, 52.73495 ], [ 13.59966, 52.73517 ] ], [ [ 13.5981, 52.7343 ], [ 13.59803, 52.73455 ], [ 13.59788, 52.73473 ], [ 13.59774, 52.73481 ], [ 13.59729, 52.73488 ], [ 13.59725, 52.73483 ], [ 13.5974, 52.73455 ], [ 13.59757, 52.73437 ], [ 13.59792, 52.7342 ], [ 13.598, 52.7342 ], [ 13.5981, 52.7343 ] ], [ [ 13.59556, 52.73419 ], [ 13.59553, 52.73443 ], [ 13.59541, 52.73457 ], [ 13.59521, 52.73468 ], [ 13.59494, 52.73471 ], [ 13.59461, 52.73464 ], [ 13.59452, 52.73442 ], [ 13.59468, 52.73429 ], [ 13.59534, 52.73407 ], [ 13.59548, 52.73406 ], [ 13.59556, 52.73419 ] ], [ [ 13.59632, 52.73439 ], [ 13.59641, 52.73461 ], [ 13.5963, 52.73473 ], [ 13.59585, 52.73481 ], [ 13.59563, 52.73479 ], [ 13.59579, 52.73459 ], [ 13.59611, 52.73437 ], [ 13.59632, 52.73439 ] ], [ [ 13.59467, 52.73496 ], [ 13.59494, 52.7352 ], [ 13.59482, 52.73546 ], [ 13.59507, 52.73581 ], [ 13.59492, 52.73595 ], [ 13.59476, 52.73583 ], [ 13.59466, 52.73544 ], [ 13.59413, 52.73501 ], [ 13.59421, 52.7349 ], [ 13.59437, 52.73487 ], [ 13.59467, 52.73496 ] ], [ [ 13.60117, 52.73545 ], [ 13.60179, 52.73595 ], [ 13.60187, 52.7361 ], [ 13.60184, 52.73623 ], [ 13.60173, 52.73629 ], [ 13.60155, 52.73628 ], [ 13.60136, 52.7362 ], [ 13.60105, 52.73594 ], [ 13.60097, 52.73563 ], [ 13.60065, 52.73554 ], [ 13.60059, 52.73547 ], [ 13.60068, 52.73542 ], [ 13.60093, 52.7354 ], [ 13.60117, 52.73545 ] ], [ [ 13.59942, 52.73552 ], [ 13.59944, 52.73561 ], [ 13.59937, 52.73567 ], [ 13.59863, 52.73589 ], [ 13.59837, 52.73587 ], [ 13.59813, 52.73572 ], [ 13.59811, 52.73561 ], [ 13.59835, 52.73553 ], [ 13.5989, 52.73548 ], [ 13.59942, 52.73552 ] ], [ [ 13.60398, 52.73547 ], [ 13.60461, 52.73567 ], [ 13.60501, 52.73572 ], [ 13.60517, 52.73578 ], [ 13.60521, 52.73588 ], [ 13.60429, 52.736 ], [ 13.60404, 52.73596 ], [ 13.60357, 52.73565 ], [ 13.603, 52.73542 ], [ 13.60165, 52.73459 ], [ 13.60172, 52.73454 ], [ 13.60184, 52.73454 ], [ 13.60212, 52.7346 ], [ 13.60326, 52.73519 ], [ 13.60341, 52.7354 ], [ 13.60398, 52.73547 ] ], [ [ 13.6047, 52.73753 ], [ 13.60487, 52.73761 ], [ 13.60472, 52.7377 ], [ 13.60438, 52.73774 ], [ 13.60398, 52.73773 ], [ 13.60402, 52.7376 ], [ 13.60419, 52.73751 ], [ 13.60434, 52.73749 ], [ 13.6047, 52.73753 ] ], [ [ 13.59445, 52.73817 ], [ 13.59445, 52.73832 ], [ 13.59427, 52.7383 ], [ 13.59412, 52.73821 ], [ 13.59407, 52.73802 ], [ 13.59417, 52.73799 ], [ 13.59434, 52.73805 ], [ 13.59445, 52.73817 ] ], [ [ 13.5933, 52.73746 ], [ 13.59361, 52.73763 ], [ 13.59369, 52.73776 ], [ 13.59339, 52.73787 ], [ 13.59319, 52.7379 ], [ 13.5922, 52.73752 ], [ 13.5923, 52.73743 ], [ 13.59266, 52.73737 ], [ 13.59289, 52.73737 ], [ 13.5933, 52.73746 ] ], [ [ 13.59365, 52.73702 ], [ 13.59387, 52.73713 ], [ 13.59389, 52.73729 ], [ 13.59372, 52.73735 ], [ 13.59356, 52.73733 ], [ 13.59343, 52.73713 ], [ 13.59346, 52.73705 ], [ 13.59365, 52.73702 ] ], [ [ 13.59593, 52.73383 ], [ 13.59488, 52.73401 ], [ 13.59464, 52.73399 ], [ 13.59461, 52.73395 ], [ 13.5956, 52.73364 ], [ 13.59624, 52.7335 ], [ 13.59685, 52.73346 ], [ 13.59707, 52.73348 ], [ 13.59717, 52.73354 ], [ 13.59712, 52.73377 ], [ 13.59678, 52.73395 ], [ 13.59638, 52.73395 ], [ 13.59593, 52.73383 ] ], [ [ 13.60541, 52.73452 ], [ 13.60549, 52.73473 ], [ 13.60534, 52.73489 ], [ 13.60523, 52.73494 ], [ 13.60478, 52.73482 ], [ 13.60449, 52.73467 ], [ 13.60455, 52.73458 ], [ 13.605, 52.73441 ], [ 13.60527, 52.73442 ], [ 13.60541, 52.73452 ] ], [ [ 13.61083, 52.73782 ], [ 13.61106, 52.73792 ], [ 13.61108, 52.73801 ], [ 13.61089, 52.73859 ], [ 13.61077, 52.73877 ], [ 13.61061, 52.73889 ], [ 13.61044, 52.73894 ], [ 13.60988, 52.73887 ], [ 13.60979, 52.73867 ], [ 13.61003, 52.73849 ], [ 13.61009, 52.73836 ], [ 13.60998, 52.73805 ], [ 13.61024, 52.73792 ], [ 13.61037, 52.73774 ], [ 13.61083, 52.73782 ] ], [ [ 13.60888, 52.73937 ], [ 13.60927, 52.73959 ], [ 13.60972, 52.73973 ], [ 13.60971, 52.73986 ], [ 13.60954, 52.74018 ], [ 13.60949, 52.74051 ], [ 13.60939, 52.74057 ], [ 13.60923, 52.74045 ], [ 13.60915, 52.74022 ], [ 13.60851, 52.7399 ], [ 13.60835, 52.73972 ], [ 13.60841, 52.73942 ], [ 13.60866, 52.73933 ], [ 13.60888, 52.73937 ] ], [ [ 13.61, 52.73955 ], [ 13.60993, 52.73966 ], [ 13.60975, 52.7397 ], [ 13.60957, 52.73965 ], [ 13.6095, 52.73954 ], [ 13.60958, 52.73944 ], [ 13.60976, 52.73939 ], [ 13.60993, 52.73944 ], [ 13.61, 52.73955 ] ] ] } },
{ "type": "Feature", "properties": { "boden": "100 % mittel, mäßig frisch (M2)" }, "geometry": { "type": "Polygon", "coordinates": [ [ [ 13.58353, 52.7357 ], [ 13.58332, 52.73605 ], [ 13.58287, 52.73626 ], [ 13.58278, 52.73636 ], [ 13.58217, 52.73673 ], [ 13.58207, 52.73703 ], [ 13.58218, 52.73738 ], [ 13.58208, 52.7375 ], [ 13.58043, 52.73788 ], [ 13.57983, 52.73794 ], [ 13.57965, 52.73802 ], [ 13.58072, 52.73812 ], [ 13.58104, 52.738 ], [ 13.5819, 52.73785 ], [ 13.58234, 52.73757 ], [ 13.58228, 52.73732 ], [ 13.58236, 52.73714 ], [ 13.58258, 52.73694 ], [ 13.58358, 52.7363 ], [ 13.58377, 52.7361 ], [ 13.58389, 52.73571 ], [ 13.58353, 52.7357 ] ] ] } },
{ "type": "Feature", "properties": { "boden": "100 % mittel, trocken (vermutet) (M3)" }, "geometry": { "type": "Polygon", "coordinates": [ [ [ 13.58147, 52.73699 ], [ 13.58024, 52.73754 ], [ 13.58113, 52.73751 ], [ 13.58163, 52.73742 ], [ 13.58186, 52.73732 ], [ 13.58189, 52.73721 ], [ 13.58172, 52.73703 ], [ 13.58147, 52.73699 ] ] ] } },
{ "type": "Feature", "properties": { "boden": "100 % mittel, mäßig frisch (M2)" }, "geometry": { "type": "Polygon", "coordinates": [ [ [ 13.57727, 52.7368 ], [ 13.57636, 52.73689 ], [ 13.57611, 52.73704 ], [ 13.57614, 52.73732 ], [ 13.57627, 52.73748 ], [ 13.57663, 52.73767 ], [ 13.57679, 52.73768 ], [ 13.57689, 52.73764 ], [ 13.57759, 52.73719 ], [ 13.57767, 52.73696 ], [ 13.57762, 52.73687 ], [ 13.57727, 52.7368 ] ] ] } },
{ "type": "Feature", "properties": { "boden": "100 % mittel, mäßig frisch (M2)" }, "geometry": { "type": "Polygon", "coordinates": [ [ [ 13.57823, 52.73734 ], [ 13.57776, 52.73732 ], [ 13.57752, 52.73742 ], [ 13.57727, 52.73815 ], [ 13.57804, 52.738 ], [ 13.57821, 52.73793 ], [ 13.57823, 52.73734 ] ] ] } },
{ "type": "Feature", "properties": { "boden": "100 % mittel, mäßig frisch (M2)" }, "geometry": { "type": "Polygon", "coordinates": [ [ [ 13.57261, 52.73812 ], [ 13.57237, 52.73808 ], [ 13.57201, 52.73808 ], [ 13.57174, 52.73814 ], [ 13.57177, 52.73822 ], [ 13.57201, 52.7384 ], [ 13.5724, 52.73849 ], [ 13.57256, 52.73847 ], [ 13.57261, 52.73812 ] ] ] } },
{ "type": "Feature", "properties": { "boden": "100 % mittel, trocken (vermutet) (M3)" }, "geometry": { "type": "Polygon", "coordinates": [ [ [ 13.5839, 52.74297 ], [ 13.58368, 52.74327 ], [ 13.58373, 52.74342 ], [ 13.58387, 52.74349 ], [ 13.58434, 52.74344 ], [ 13.58448, 52.74329 ], [ 13.5845, 52.74315 ], [ 13.58443, 52.74305 ], [ 13.58411, 52.74296 ], [ 13.5839, 52.74297 ] ] ] } },
{ "type": "Feature", "properties": { "boden": "50 % mittel, trocken (vermutet) (M3) · 50 % kräftig, trocken (vermutet) (K3)" }, "geometry": { "type": "Polygon", "coordinates": [ [ [ 13.57076, 52.74412 ], [ 13.57092, 52.74412 ], [ 13.57107, 52.74382 ], [ 13.57067, 52.74384 ], [ 13.57054, 52.74411 ], [ 13.57038, 52.7442 ], [ 13.57076, 52.74412 ] ] ] } },
{ "type": "Feature", "properties": { "boden": "50 % mittel, mäßig frisch (M2) · 50 % kräftig, mäßig frisch (K2)" }, "geometry": { "type": "Polygon", "coordinates": [ [ [ 13.57592, 52.74578 ], [ 13.57602, 52.74436 ], [ 13.57194, 52.74433 ], [ 13.57204, 52.74355 ], [ 13.56922, 52.7436 ], [ 13.56912, 52.74299 ], [ 13.57054, 52.74299 ], [ 13.57054, 52.74265 ], [ 13.56842, 52.74271 ], [ 13.56856, 52.74341 ], [ 13.5683, 52.74531 ], [ 13.57181, 52.74527 ], [ 13.57174, 52.74581 ], [ 13.57498, 52.74559 ], [ 13.57592, 52.74578 ] ], [ [ 13.57076, 52.74412 ], [ 13.57038, 52.7442 ], [ 13.57054, 52.74411 ], [ 13.57067, 52.74384 ], [ 13.57107, 52.74382 ], [ 13.57092, 52.74412 ], [ 13.57076, 52.74412 ] ] ] } },
{ "type": "Feature", "properties": { "boden": "100 % kräftig, mäßig frisch (K2)" }, "geometry": { "type": "Polygon", "coordinates": [ [ [ 13.57829, 52.7451 ], [ 13.57857, 52.74549 ], [ 13.5787, 52.74581 ], [ 13.57974, 52.74613 ], [ 13.58022, 52.74615 ], [ 13.5804, 52.74609 ], [ 13.58115, 52.74549 ], [ 13.58128, 52.74531 ], [ 13.58129, 52.74513 ], [ 13.57829, 52.7451 ] ] ] } },
{ "type": "Feature", "properties": { "boden": "50 % mittel, trocken (vermutet) (M3) · 50 % kräftig, trocken (vermutet) (K3)" }, "geometry": { "type": "Polygon", "coordinates": [ [ [ 13.58386, 52.74626 ], [ 13.58339, 52.74639 ], [ 13.58329, 52.74648 ], [ 13.58329, 52.74658 ], [ 13.5834, 52.74658 ], [ 13.58385, 52.74639 ], [ 13.58416, 52.74634 ], [ 13.58386, 52.74626 ] ] ] } },
{ "type": "Feature", "properties": { "boden": "70 % mittel, mäßig frisch (M2) · 30 % ziemlich arm, mäßig frisch (Z2)" }, "geometry": { "type": "Polygon", "coordinates": [ [ [ 13.60866, 52.74235 ], [ 13.60818, 52.74242 ], [ 13.60784, 52.74267 ], [ 13.60778, 52.74299 ], [ 13.60822, 52.74295 ], [ 13.60878, 52.74309 ], [ 13.60866, 52.74235 ] ] ] } },
{ "type": "Feature", "properties": { "boden": "70 % mittel, trocken (vermutet) (M3) · 30 % ziemlich arm, trocken (vermutet) (Z3)" }, "geometry": { "type": "Polygon", "coordinates": [ [ [ 13.60955, 52.74393 ], [ 13.60893, 52.74419 ], [ 13.60878, 52.74431 ], [ 13.60874, 52.74453 ], [ 13.60888, 52.7446 ], [ 13.60921, 52.74466 ], [ 13.60941, 52.74432 ], [ 13.60983, 52.74404 ], [ 13.60989, 52.74396 ], [ 13.60955, 52.74393 ] ] ] } },
{ "type": "Feature", "properties": { "boden": "70 % mittel, mäßig frisch (M2) · 30 % ziemlich arm, mäßig frisch (Z2)" }, "geometry": { "type": "Polygon", "coordinates": [ [ [ 13.61056, 52.74408 ], [ 13.61006, 52.74449 ], [ 13.60997, 52.74464 ], [ 13.61002, 52.74488 ], [ 13.61025, 52.745 ], [ 13.61026, 52.74485 ], [ 13.61053, 52.74459 ], [ 13.61063, 52.74425 ], [ 13.61056, 52.74408 ] ] ] } },
{ "type": "Feature", "properties": { "boden": "100 % ziemlich arm, mäßig frisch (Z2)" }, "geometry": { "type": "Polygon", "coordinates": [ [ [ 13.61344, 52.74527 ], [ 13.61363, 52.74546 ], [ 13.61385, 52.74557 ], [ 13.61407, 52.74558 ], [ 13.61424, 52.74553 ], [ 13.6141, 52.74539 ], [ 13.61385, 52.74528 ], [ 13.61362, 52.74522 ], [ 13.61344, 52.74527 ] ] ] } },
{ "type": "Feature", "properties": { "boden": "70 % mittel, mäßig frisch (M2) · 30 % ziemlich arm, mäßig frisch (Z2)" }, "geometry": { "type": "Polygon", "coordinates": [ [ [ 13.60758, 52.74528 ], [ 13.60735, 52.74529 ], [ 13.60721, 52.74537 ], [ 13.60723, 52.74549 ], [ 13.60734, 52.74558 ], [ 13.60749, 52.74557 ], [ 13.6077, 52.74547 ], [ 13.60769, 52.74534 ], [ 13.60758, 52.74528 ] ] ] } },
{ "type": "Feature", "properties": { "boden": "100 % ziemlich arm, mäßig frisch (Z2)" }, "geometry": { "type": "Polygon", "coordinates": [ [ [ 13.61148, 52.74526 ], [ 13.6111, 52.74508 ], [ 13.61072, 52.74511 ], [ 13.61064, 52.7452 ], [ 13.61129, 52.74549 ], [ 13.61156, 52.74566 ], [ 13.61161, 52.74591 ], [ 13.61143, 52.74607 ], [ 13.61145, 52.7462 ], [ 13.6119, 52.74575 ], [ 13.61203, 52.74547 ], [ 13.61198, 52.74539 ], [ 13.61172, 52.74529 ], [ 13.61148, 52.74526 ] ] ] } },
{ "type": "Feature", "properties": { "boden": "100 % ziemlich arm, trocken (vermutet) (Z3)" }, "geometry": { "type": "Polygon", "coordinates": [ [ [ 13.61256, 52.74609 ], [ 13.61274, 52.74613 ], [ 13.61281, 52.74624 ], [ 13.61275, 52.74633 ], [ 13.61289, 52.74651 ], [ 13.61306, 52.74656 ], [ 13.61316, 52.74655 ], [ 13.61319, 52.74635 ], [ 13.61293, 52.74623 ], [ 13.61286, 52.74595 ], [ 13.61273, 52.74582 ], [ 13.61258, 52.74586 ], [ 13.6125, 52.74595 ], [ 13.61244, 52.74611 ], [ 13.61256, 52.74609 ] ] ] } },
{ "type": "Feature", "properties": { "boden": "100 % ziemlich arm, trocken (vermutet) (Z3)" }, "geometry": { "type": "Polygon", "coordinates": [ [ [ 13.61244, 52.74612 ], [ 13.61252, 52.7462 ], [ 13.61275, 52.74633 ], [ 13.61281, 52.74624 ], [ 13.61274, 52.74613 ], [ 13.61256, 52.74609 ], [ 13.61244, 52.74612 ] ] ] } },
{ "type": "Feature", "properties": { "boden": "100 % ziemlich arm, mäßig frisch (Z2)" }, "geometry": { "type": "Polygon", "coordinates": [ [ [ 13.61273, 52.74635 ], [ 13.61244, 52.74611 ], [ 13.61238, 52.74613 ], [ 13.6123, 52.74624 ], [ 13.61237, 52.74635 ], [ 13.61255, 52.74639 ], [ 13.61273, 52.74635 ] ] ] } },
{ "type": "Feature", "properties": { "boden": "70 % mittel, mäßig frisch (M2) · 30 % ziemlich arm, mäßig frisch (Z2)" }, "geometry": { "type": "Polygon", "coordinates": [ [ [ 13.60889, 52.74648 ], [ 13.60967, 52.74634 ], [ 13.60985, 52.74623 ], [ 13.60985, 52.74617 ], [ 13.60954, 52.74606 ], [ 13.6089, 52.74607 ], [ 13.60857, 52.74628 ], [ 13.60851, 52.74642 ], [ 13.60855, 52.74661 ], [ 13.60873, 52.74664 ], [ 13.60889, 52.74648 ] ] ] } },
{ "type": "Feature", "properties": { "boden": "70 % mittel, trocken (vermutet) (M3) · 30 % ziemlich arm, trocken (vermutet) (Z3)" }, "geometry": { "type": "Polygon", "coordinates": [ [ [ 13.59753, 52.7419 ], [ 13.59748, 52.74184 ], [ 13.59721, 52.74178 ], [ 13.59681, 52.74174 ], [ 13.59657, 52.74177 ], [ 13.5964, 52.74191 ], [ 13.59639, 52.74219 ], [ 13.59652, 52.74229 ], [ 13.59698, 52.74231 ], [ 13.59745, 52.74202 ], [ 13.59753, 52.7419 ] ] ] } },
{ "type": "Feature", "properties": { "boden": "70 % mittel, mäßig frisch (M2) · 30 % ziemlich arm, mäßig frisch (Z2)" }, "geometry": { "type": "Polygon", "coordinates": [ [ [ 13.59478, 52.74182 ], [ 13.59495, 52.74191 ], [ 13.59573, 52.74283 ], [ 13.59586, 52.74266 ], [ 13.5962, 52.74266 ], [ 13.59612, 52.74255 ], [ 13.59577, 52.74241 ], [ 13.59566, 52.74199 ], [ 13.5955, 52.74184 ], [ 13.59502, 52.74154 ], [ 13.59478, 52.74182 ] ] ] } },
{ "type": "Feature", "properties": { "boden": "70 % mittel, mäßig frisch (M2) · 30 % ziemlich arm, mäßig frisch (Z2)" }, "geometry": { "type": "Polygon", "coordinates": [ [ [ 13.58892, 52.74276 ], [ 13.58918, 52.74267 ], [ 13.5896, 52.74264 ], [ 13.59015, 52.74274 ], [ 13.59033, 52.74275 ], [ 13.59048, 52.74267 ], [ 13.59003, 52.74241 ], [ 13.58965, 52.74235 ], [ 13.58935, 52.74241 ], [ 13.58883, 52.74261 ], [ 13.58864, 52.74272 ], [ 13.5886, 52.74287 ], [ 13.58877, 52.74288 ], [ 13.58892, 52.74276 ] ] ] } },
{ "type": "Feature", "properties": { "boden": "70 % mittel, trocken (vermutet) (M3) · 30 % ziemlich arm, trocken (vermutet) (Z3)" }, "geometry": { "type": "Polygon", "coordinates": [ [ [ 13.58676, 52.74308 ], [ 13.58658, 52.74283 ], [ 13.5866, 52.74273 ], [ 13.58637, 52.74269 ], [ 13.58607, 52.74273 ], [ 13.58596, 52.74279 ], [ 13.58579, 52.74306 ], [ 13.58676, 52.74308 ] ] ] } },
{ "type": "Feature", "properties": { "boden": "100 % kräftig, trocken (vermutet) (K3)" }, "geometry": { "type": "Polygon", "coordinates": [ [ [ 13.58579, 52.74306 ], [ 13.58575, 52.74318 ], [ 13.58582, 52.74327 ], [ 13.58616, 52.74341 ], [ 13.58652, 52.74348 ], [ 13.58674, 52.74334 ], [ 13.58676, 52.74308 ], [ 13.58579, 52.74306 ] ] ] } },
{ "type": "Feature", "properties": { "boden": "70 % mittel, trocken (vermutet) (M3) · 30 % ziemlich arm, trocken (vermutet) (Z3)" }, "geometry": { "type": "Polygon", "coordinates": [ [ [ 13.5963, 52.74299 ], [ 13.59618, 52.74302 ], [ 13.59607, 52.74316 ], [ 13.59591, 52.74355 ], [ 13.59593, 52.74376 ], [ 13.59615, 52.74395 ], [ 13.59647, 52.74387 ], [ 13.59659, 52.74378 ], [ 13.59638, 52.74342 ], [ 13.59643, 52.74318 ], [ 13.59654, 52.74302 ], [ 13.5963, 52.74299 ] ] ] } },
{ "type": "Feature", "properties": { "boden": "100 % kräftig, mäßig frisch (K2)" }, "geometry": { "type": "Polygon", "coordinates": [ [ [ 13.58676, 52.74308 ], [ 13.58674, 52.74334 ], [ 13.58663, 52.74344 ], [ 13.58646, 52.74348 ], [ 13.58582, 52.74327 ], [ 13.58575, 52.74318 ], [ 13.58579, 52.74306 ], [ 13.58545, 52.74305 ], [ 13.58554, 52.74348 ], [ 13.58606, 52.74389 ], [ 13.58729, 52.74383 ], [ 13.58765, 52.74376 ], [ 13.58793, 52.74363 ], [ 13.58838, 52.74329 ], [ 13.58837, 52.74313 ], [ 13.58676, 52.74308 ] ] ] } },
{ "type": "Feature", "properties": { "boden": "70 % ziemlich arm, trocken (vermutet) (Z3) · 30 % mittel, trocken (vermutet) (M3)" }, "geometry": { "type": "Polygon", "coordinates": [ [ [ 13.58724, 52.74447 ], [ 13.58695, 52.74455 ], [ 13.58686, 52.74462 ], [ 13.58693, 52.74472 ], [ 13.58728, 52.74482 ], [ 13.58763, 52.74477 ], [ 13.58755, 52.7446 ], [ 13.58742, 52.74451 ], [ 13.58724, 52.74447 ] ] ] } },
{ "type": "Feature", "properties": { "boden": "100 % mittel, mäßig frisch (M2)" }, "geometry": { "type": "Polygon", "coordinates": [ [ [ 13.58563, 52.74554 ], [ 13.58553, 52.74507 ], [ 13.58559, 52.74491 ], [ 13.58618, 52.74471 ], [ 13.58622, 52.74454 ], [ 13.58606, 52.74389 ], [ 13.58554, 52.74348 ], [ 13.58545, 52.74305 ], [ 13.5857, 52.74283 ], [ 13.5862, 52.74255 ], [ 13.58586, 52.74249 ], [ 13.58527, 52.74289 ], [ 13.5849, 52.74303 ], [ 13.58452, 52.74304 ], [ 13.58424, 52.74293 ], [ 13.58399, 52.74296 ], [ 13.58428, 52.74299 ], [ 13.58443, 52.74305 ], [ 13.5845, 52.74315 ], [ 13.58448, 52.74329 ], [ 13.58434, 52.74344 ], [ 13.58387, 52.74349 ], [ 13.58373, 52.74342 ], [ 13.58368, 52.74327 ], [ 13.58343, 52.74348 ], [ 13.58328, 52.74423 ], [ 13.58346, 52.74448 ], [ 13.5834, 52.74452 ], [ 13.58385, 52.745 ], [ 13.58397, 52.74504 ], [ 13.58411, 52.74519 ], [ 13.58414, 52.74533 ], [ 13.58444, 52.74566 ], [ 13.58539, 52.74627 ], [ 13.58536, 52.74639 ], [ 13.58559, 52.74648 ], [ 13.58544, 52.74656 ], [ 13.5854, 52.74688 ], [ 13.58559, 52.74706 ], [ 13.58589, 52.74651 ], [ 13.58582, 52.74593 ], [ 13.58563, 52.74554 ] ] ] } },
{ "type": "Feature", "properties": { "boden": "70 % ziemlich arm, trocken (vermutet) (Z3) · 30 % mittel, trocken (vermutet) (M3)" }, "geometry": { "type": "Polygon", "coordinates": [ [ [ 13.58563, 52.74554 ], [ 13.5863, 52.74579 ], [ 13.58655, 52.74574 ], [ 13.58652, 52.74552 ], [ 13.58631, 52.74528 ], [ 13.58611, 52.74517 ], [ 13.58572, 52.7452 ], [ 13.58559, 52.74526 ], [ 13.58563, 52.74554 ] ] ] } },
{ "type": "Feature", "properties": { "boden": "100 % kräftig, trocken (vermutet) (K3)" }, "geometry": { "type": "Polygon", "coordinates": [ [ [ 13.59886, 52.74203 ], [ 13.59838, 52.74212 ], [ 13.59835, 52.74221 ], [ 13.5984, 52.74228 ], [ 13.59861, 52.74234 ], [ 13.59891, 52.74228 ], [ 13.59906, 52.74217 ], [ 13.59899, 52.74206 ], [ 13.59886, 52.74203 ] ] ] } },
{ "type": "Feature", "properties": { "boden": "100 % kräftig, mäßig frisch (K2)" }, "geometry": { "type": "Polygon", "coordinates": [ [ [ 13.60005, 52.74224 ], [ 13.59956, 52.74179 ], [ 13.59947, 52.74145 ], [ 13.5993, 52.74118 ], [ 13.59907, 52.74105 ], [ 13.59882, 52.74104 ], [ 13.5979, 52.74148 ], [ 13.59756, 52.74186 ], [ 13.59731, 52.74223 ], [ 13.5971, 52.74273 ], [ 13.59713, 52.74304 ], [ 13.59728, 52.74328 ], [ 13.59769, 52.74339 ], [ 13.59765, 52.74325 ], [ 13.59774, 52.74305 ], [ 13.59814, 52.74286 ], [ 13.59865, 52.74292 ], [ 13.59926, 52.74283 ], [ 13.59965, 52.74273 ], [ 13.60005, 52.74224 ] ], [ [ 13.59899, 52.74206 ], [ 13.59906, 52.74217 ], [ 13.59891, 52.74228 ], [ 13.59861, 52.74234 ], [ 13.5984, 52.74228 ], [ 13.59835, 52.74216 ], [ 13.59845, 52.74209 ], [ 13.59886, 52.74203 ], [ 13.59899, 52.74206 ] ] ] } },
{ "type": "Feature", "properties": { "boden": "70 % mittel, mäßig frisch (M2) · 30 % ziemlich arm, mäßig frisch (Z2)" }, "geometry": { "type": "Polygon", "coordinates": [ [ [ 13.60005, 52.74224 ], [ 13.60058, 52.74265 ], [ 13.60057, 52.74283 ], [ 13.60095, 52.74263 ], [ 13.60098, 52.74257 ], [ 13.60093, 52.74231 ], [ 13.60079, 52.7422 ], [ 13.60034, 52.74217 ], [ 13.60005, 52.74224 ] ] ] } },
{ "type": "Feature", "properties": { "boden": "100 % kräftig, mäßig frisch (K2)" }, "geometry": { "type": "Polygon", "coordinates": [ [ [ 13.59992, 52.7434 ], [ 13.60031, 52.74317 ], [ 13.60059, 52.74279 ], [ 13.60058, 52.74265 ], [ 13.60045, 52.74252 ], [ 13.60005, 52.74224 ], [ 13.59965, 52.74273 ], [ 13.59926, 52.74283 ], [ 13.59865, 52.74292 ], [ 13.59814, 52.74286 ], [ 13.59796, 52.74291 ], [ 13.59768, 52.74314 ], [ 13.59769, 52.74339 ], [ 13.59797, 52.74348 ], [ 13.59829, 52.74367 ], [ 13.59834, 52.74383 ], [ 13.59864, 52.74361 ], [ 13.59915, 52.74358 ], [ 13.59973, 52.74339 ], [ 13.59992, 52.7434 ] ] ] } },
{ "type": "Feature", "properties": { "boden": "70 % mittel, trocken (vermutet) (M3) · 30 % ziemlich arm, trocken (vermutet) (Z3)" }, "geometry": { "type": "Polygon", "coordinates": [ [ [ 13.60825, 52.74307 ], [ 13.60784, 52.74307 ], [ 13.60744, 52.7432 ], [ 13.6071, 52.7434 ], [ 13.607, 52.74352 ], [ 13.60656, 52.7437 ], [ 13.60628, 52.74404 ], [ 13.60605, 52.74416 ], [ 13.60612, 52.74431 ], [ 13.60621, 52.74434 ], [ 13.60667, 52.74429 ], [ 13.6076, 52.74396 ], [ 13.6077, 52.74386 ], [ 13.60759, 52.7437 ], [ 13.60761, 52.74359 ], [ 13.60804, 52.74347 ], [ 13.60825, 52.74331 ], [ 13.60825, 52.74307 ] ] ] } },
{ "type": "Feature", "properties": { "boden": "70 % mittel, mäßig frisch (M2) · 30 % ziemlich arm, mäßig frisch (Z2)" }, "geometry": { "type": "Polygon", "coordinates": [ [ [ 13.59829, 52.74367 ], [ 13.59797, 52.74348 ], [ 13.59769, 52.74339 ], [ 13.59777, 52.74362 ], [ 13.59773, 52.74373 ], [ 13.59737, 52.74403 ], [ 13.59729, 52.7443 ], [ 13.59695, 52.74444 ], [ 13.5963, 52.74436 ], [ 13.59608, 52.74437 ], [ 13.59606, 52.74446 ], [ 13.59725, 52.74456 ], [ 13.59809, 52.74412 ], [ 13.59834, 52.74383 ], [ 13.59829, 52.74367 ] ] ] } },
{ "type": "Feature", "properties": { "boden": "70 % mittel, mäßig frisch (M2) · 30 % ziemlich arm, mäßig frisch (Z2)" }, "geometry": { "type": "Polygon", "coordinates": [ [ [ 13.60171, 52.74421 ], [ 13.60241, 52.74427 ], [ 13.60259, 52.74437 ], [ 13.60269, 52.74451 ], [ 13.60279, 52.74441 ], [ 13.60284, 52.74407 ], [ 13.60255, 52.74405 ], [ 13.60207, 52.7441 ], [ 13.60171, 52.74421 ] ] ] } },
{ "type": "Feature", "properties": { "boden": "70 % mittel, trocken (vermutet) (M3) · 30 % ziemlich arm, trocken (vermutet) (Z3)" }, "geometry": { "type": "Polygon", "coordinates": [ [ [ 13.60444, 52.74569 ], [ 13.60398, 52.7456 ], [ 13.60374, 52.74542 ], [ 13.60374, 52.74524 ], [ 13.604, 52.7448 ], [ 13.604, 52.74458 ], [ 13.60389, 52.74444 ], [ 13.60351, 52.7448 ], [ 13.603, 52.74508 ], [ 13.60286, 52.74533 ], [ 13.6029, 52.74559 ], [ 13.60298, 52.74575 ], [ 13.60321, 52.74584 ], [ 13.60353, 52.74572 ], [ 13.60367, 52.74585 ], [ 13.60371, 52.74607 ], [ 13.60396, 52.74613 ], [ 13.60426, 52.74611 ], [ 13.60449, 52.74602 ], [ 13.60457, 52.74577 ], [ 13.60444, 52.74569 ] ] ] } },
{ "type": "Feature", "properties": { "boden": "70 % mittel, trocken (vermutet) (M3) · 30 % ziemlich arm, trocken (vermutet) (Z3)" }, "geometry": { "type": "Polygon", "coordinates": [ [ [ 13.60602, 52.74572 ], [ 13.60585, 52.74575 ], [ 13.60569, 52.74585 ], [ 13.6055, 52.74621 ], [ 13.60557, 52.74626 ], [ 13.60583, 52.74619 ], [ 13.60606, 52.746 ], [ 13.60611, 52.74577 ], [ 13.60602, 52.74572 ] ] ] } },
{ "type": "Feature", "properties": { "boden": "100 % mittel, nass (OM2)" }, "geometry": { "type": "Polygon", "coordinates": [ [ [ 13.60168, 52.74804 ], [ 13.60267, 52.74756 ], [ 13.60289, 52.74735 ], [ 13.60303, 52.74702 ], [ 13.60304, 52.74672 ], [ 13.60233, 52.746 ], [ 13.60212, 52.74543 ], [ 13.60239, 52.74484 ], [ 13.60267, 52.74457 ], [ 13.60259, 52.74437 ], [ 13.60241, 52.74427 ], [ 13.60223, 52.74423 ], [ 13.60166, 52.74421 ], [ 13.60065, 52.74433 ], [ 13.60074, 52.74438 ], [ 13.60077, 52.74455 ], [ 13.59945, 52.7446 ], [ 13.59791, 52.7455 ], [ 13.59814, 52.74567 ], [ 13.60022, 52.74546 ], [ 13.60092, 52.74558 ], [ 13.60134, 52.74672 ], [ 13.60039, 52.74696 ], [ 13.60025, 52.7469 ], [ 13.60029, 52.74701 ], [ 13.59982, 52.74734 ], [ 13.59918, 52.74752 ], [ 13.59961, 52.74794 ], [ 13.59969, 52.74789 ], [ 13.60088, 52.74808 ], [ 13.60115, 52.748 ], [ 13.60148, 52.7478 ], [ 13.60168, 52.74804 ] ] ] } },
{ "type": "Feature", "properties": { "boden": "70 % ziemlich arm, mäßig frisch (Z2) · 30 % mittel, mäßig frisch (M2)" }, "geometry": { "type": "Polygon", "coordinates": [ [ [ 13.58728, 52.74793 ], [ 13.58705, 52.74782 ], [ 13.58699, 52.74754 ], [ 13.58666, 52.74745 ], [ 13.58644, 52.74729 ], [ 13.58639, 52.74698 ], [ 13.58612, 52.74676 ], [ 13.58619, 52.74661 ], [ 13.58632, 52.74654 ], [ 13.58655, 52.74651 ], [ 13.58686, 52.74621 ], [ 13.58722, 52.74599 ], [ 13.58806, 52.7457 ], [ 13.58841, 52.74566 ], [ 13.58889, 52.74583 ], [ 13.58909, 52.74603 ], [ 13.58906, 52.74636 ], [ 13.58863, 52.7467 ], [ 13.58814, 52.74737 ], [ 13.58791, 52.74748 ], [ 13.58819, 52.74762 ], [ 13.58841, 52.74764 ], [ 13.58828, 52.74768 ], [ 13.58858, 52.7476 ], [ 13.5894, 52.74692 ], [ 13.59047, 52.74621 ], [ 13.59014, 52.74601 ], [ 13.5902, 52.74597 ], [ 13.59006, 52.7453 ], [ 13.58978, 52.74454 ], [ 13.58944, 52.74464 ], [ 13.58888, 52.74528 ], [ 13.58841, 52.74552 ], [ 13.58802, 52.74543 ], [ 13.58784, 52.74448 ], [ 13.58822, 52.74437 ], [ 13.58875, 52.74402 ], [ 13.58882, 52.74328 ], [ 13.58837, 52.74313 ], [ 13.58838, 52.74329 ], [ 13.58793, 52.74363 ], [ 13.58765, 52.74376 ], [ 13.58729, 52.74383 ], [ 13.58606, 52.74389 ], [ 13.58622, 52.74434 ], [ 13.58618, 52.74471 ], [ 13.58559, 52.74491 ], [ 13.58553, 52.74507 ], [ 13.58557, 52.74528 ], [ 13.58572, 52.7452 ], [ 13.58601, 52.74516 ], [ 13.58621, 52.74521 ], [ 13.58652, 52.74552 ], [ 13.58658, 52.74565 ], [ 13.58649, 52.74578 ], [ 13.5863, 52.74579 ], [ 13.58564, 52.74557 ], [ 13.58582, 52.74593 ], [ 13.58589, 52.74651 ], [ 13.58559, 52.74706 ], [ 13.58605, 52.74732 ], [ 13.58617, 52.74754 ], [ 13.58689, 52.74805 ], [ 13.58728, 52.74793 ] ], [ [ 13.58742, 52.74451 ], [ 13.58764, 52.74473 ], [ 13.5875, 52.74481 ], [ 13.58709, 52.74479 ], [ 13.58686, 52.74465 ], [ 13.58695, 52.74455 ], [ 13.58714, 52.74449 ], [ 13.58742, 52.74451 ] ], [ [ 13.58961, 52.74627 ], [ 13.58974, 52.74638 ], [ 13.58953, 52.74654 ], [ 13.58944, 52.7467 ], [ 13.58922, 52.74655 ], [ 13.58918, 52.74633 ], [ 13.58929, 52.74621 ], [ 13.58961, 52.74627 ] ] ] } },
{ "type": "Feature", "properties": { "boden": "70 % mittel, trocken (vermutet) (M3) · 30 % mittel, trocken (vermutet) (M3)" }, "geometry": { "type": "Polygon", "coordinates": [ [ [ 13.59489, 52.74599 ], [ 13.59458, 52.74616 ], [ 13.59451, 52.74625 ], [ 13.5946, 52.74642 ], [ 13.59474, 52.74646 ], [ 13.59484, 52.74643 ], [ 13.59497, 52.74618 ], [ 13.59498, 52.74599 ], [ 13.59489, 52.74599 ] ] ] } },
{ "type": "Feature", "properties": { "boden": "70 % mittel, trocken (vermutet) (M3) · 30 % mittel, trocken (vermutet) (M3)" }, "geometry": { "type": "Polygon", "coordinates": [ [ [ 13.59406, 52.74549 ], [ 13.59359, 52.74553 ], [ 13.59292, 52.74579 ], [ 13.59263, 52.74594 ], [ 13.5926, 52.74621 ], [ 13.59273, 52.74667 ], [ 13.59296, 52.74698 ], [ 13.59311, 52.74703 ], [ 13.59341, 52.74699 ], [ 13.59362, 52.74689 ], [ 13.59359, 52.74651 ], [ 13.59367, 52.74624 ], [ 13.59416, 52.74569 ], [ 13.59413, 52.74555 ], [ 13.59406, 52.74549 ] ] ] } },
{ "type": "Feature", "properties": { "boden": "70 % mittel, trocken (vermutet) (M3) · 30 % mittel, trocken (vermutet) (M3)" }, "geometry": { "type": "Polygon", "coordinates": [ [ [ 13.59597, 52.74608 ], [ 13.5958, 52.7461 ], [ 13.59573, 52.74616 ], [ 13.59571, 52.74642 ], [ 13.59577, 52.74652 ], [ 13.59613, 52.74662 ], [ 13.5965, 52.74661 ], [ 13.59673, 52.74638 ], [ 13.59669, 52.74628 ], [ 13.59651, 52.74615 ], [ 13.59597, 52.74608 ] ] ] } },
{ "type": "Feature", "properties": { "boden": "70 % ziemlich arm, mäßig frisch (Z2) · 30 % mittel, mäßig frisch (M2)" }, "geometry": { "type": "Polygon", "coordinates": [ [ [ 13.58929, 52.74621 ], [ 13.58917, 52.74641 ], [ 13.58922, 52.74655 ], [ 13.58944, 52.7467 ], [ 13.58949, 52.74658 ], [ 13.58975, 52.74634 ], [ 13.58961, 52.74627 ], [ 13.58929, 52.74621 ] ] ] } },
{ "type": "Feature", "properties": { "boden": "100 % reich, trocken (vermutet) (R3)" }, "geometry": { "type": "Polygon", "coordinates": [ [ [ 13.58655, 52.74651 ], [ 13.58639, 52.74698 ], [ 13.58677, 52.74714 ], [ 13.58718, 52.74719 ], [ 13.58779, 52.7471 ], [ 13.588, 52.7468 ], [ 13.58845, 52.7465 ], [ 13.58862, 52.74622 ], [ 13.58864, 52.74602 ], [ 13.58857, 52.74598 ], [ 13.58832, 52.74601 ], [ 13.58771, 52.74633 ], [ 13.58725, 52.7465 ], [ 13.58655, 52.74651 ] ] ] } },
{ "type": "Feature", "properties": { "boden": "100 % reich, mäßig frisch (R2)" }, "geometry": { "type": "Polygon", "coordinates": [ [ [ 13.58814, 52.74737 ], [ 13.58863, 52.7467 ], [ 13.58906, 52.74636 ], [ 13.58911, 52.74624 ], [ 13.58909, 52.74603 ], [ 13.58889, 52.74583 ], [ 13.58841, 52.74566 ], [ 13.58806, 52.7457 ], [ 13.58722, 52.74599 ], [ 13.58686, 52.74621 ], [ 13.58655, 52.74651 ], [ 13.58725, 52.7465 ], [ 13.58771, 52.74633 ], [ 13.58832, 52.74601 ], [ 13.58857, 52.74598 ], [ 13.58865, 52.7461 ], [ 13.58845, 52.7465 ], [ 13.588, 52.7468 ], [ 13.58779, 52.7471 ], [ 13.58718, 52.74719 ], [ 13.58697, 52.74718 ], [ 13.58658, 52.74708 ], [ 13.58639, 52.74698 ], [ 13.58637, 52.74707 ], [ 13.58644, 52.74729 ], [ 13.58666, 52.74745 ], [ 13.587, 52.74754 ], [ 13.58743, 52.74756 ], [ 13.58787, 52.74751 ], [ 13.58814, 52.74737 ] ] ] } },
{ "type": "Feature", "properties": { "boden": "70 % mittel, trocken (vermutet) (M3) · 30 % mittel, trocken (vermutet) (M3)" }, "geometry": { "type": "Polygon", "coordinates": [ [ [ 13.59066, 52.74647 ], [ 13.59057, 52.74663 ], [ 13.59065, 52.74691 ], [ 13.59098, 52.74703 ], [ 13.59121, 52.74706 ], [ 13.59138, 52.74702 ], [ 13.59152, 52.74686 ], [ 13.59149, 52.74679 ], [ 13.59099, 52.74651 ], [ 13.59066, 52.74647 ] ] ] } },
{ "type": "Feature", "properties": { "boden": "70 % mittel, mäßig frisch (M2) · 30 % mittel, mäßig frisch (M2)" }, "geometry": { "type": "Polygon", "coordinates": [ [ [ 13.59185, 52.74689 ], [ 13.5914, 52.74653 ], [ 13.59047, 52.74621 ], [ 13.5903, 52.74666 ], [ 13.59058, 52.747 ], [ 13.59079, 52.74707 ], [ 13.5913, 52.74713 ], [ 13.59179, 52.74732 ], [ 13.59185, 52.7472 ], [ 13.59178, 52.74697 ], [ 13.59185, 52.74689 ] ], [ [ 13.59099, 52.74651 ], [ 13.59149, 52.74679 ], [ 13.59148, 52.74694 ], [ 13.59131, 52.74705 ], [ 13.59098, 52.74703 ], [ 13.59078, 52.74697 ], [ 13.59061, 52.74686 ], [ 13.5906, 52.74651 ], [ 13.59066, 52.74647 ], [ 13.59099, 52.74651 ] ] ] } },
{ "type": "Feature", "properties": { "boden": "70 % ziemlich arm, trocken (vermutet) (Z3) · 30 % mittel, trocken (vermutet) (M3)" }, "geometry": { "type": "Polygon", "coordinates": [ [ [ 13.58632, 52.74654 ], [ 13.58619, 52.74661 ], [ 13.58612, 52.74676 ], [ 13.58639, 52.74698 ], [ 13.58655, 52.74651 ], [ 13.58632, 52.74654 ] ] ] } },
{ "type": "Feature", "properties": { "boden": "70 % mittel, mäßig frisch (M2) · 30 % mittel, mäßig frisch (M2)" }, "geometry": { "type": "Polygon", "coordinates": [ [ [ 13.59209, 52.74713 ], [ 13.59185, 52.74689 ], [ 13.59178, 52.74697 ], [ 13.59185, 52.7472 ], [ 13.59179, 52.74732 ], [ 13.59193, 52.7474 ], [ 13.592, 52.74738 ], [ 13.59201, 52.7472 ], [ 13.59209, 52.74713 ] ] ] } },
{ "type": "Feature", "properties": { "boden": "70 % mittel, mäßig frisch (M2) · 30 % mittel, mäßig frisch (M2)" }, "geometry": { "type": "Polygon", "coordinates": [ [ [ 13.59572, 52.7498 ], [ 13.59556, 52.74958 ], [ 13.59563, 52.74947 ], [ 13.59602, 52.74929 ], [ 13.59648, 52.74874 ], [ 13.59626, 52.74869 ], [ 13.59616, 52.74861 ], [ 13.59647, 52.7483 ], [ 13.59684, 52.74815 ], [ 13.59704, 52.74816 ], [ 13.5972, 52.74823 ], [ 13.59724, 52.74846 ], [ 13.59793, 52.74843 ], [ 13.59835, 52.74834 ], [ 13.59857, 52.74818 ], [ 13.59867, 52.74799 ], [ 13.59856, 52.74751 ], [ 13.59864, 52.74739 ], [ 13.59884, 52.74736 ], [ 13.59905, 52.7474 ], [ 13.59918, 52.74752 ], [ 13.59982, 52.74734 ], [ 13.60029, 52.74701 ], [ 13.60025, 52.7469 ], [ 13.59969, 52.74658 ], [ 13.59934, 52.74602 ], [ 13.59928, 52.74582 ], [ 13.59842, 52.74564 ], [ 13.59862, 52.74582 ], [ 13.59828, 52.74604 ], [ 13.59811, 52.74609 ], [ 13.59747, 52.7461 ], [ 13.59638, 52.74577 ], [ 13.59606, 52.74551 ], [ 13.59512, 52.74536 ], [ 13.59524, 52.74505 ], [ 13.59515, 52.74504 ], [ 13.59517, 52.74484 ], [ 13.59493, 52.74451 ], [ 13.59442, 52.74467 ], [ 13.59409, 52.74509 ], [ 13.59329, 52.74529 ], [ 13.59246, 52.74561 ], [ 13.59208, 52.74606 ], [ 13.59235, 52.74648 ], [ 13.59239, 52.7472 ], [ 13.59234, 52.74722 ], [ 13.5921, 52.74713 ], [ 13.59201, 52.7472 ], [ 13.592, 52.74738 ], [ 13.59193, 52.7474 ], [ 13.59212, 52.74757 ], [ 13.59236, 52.74764 ], [ 13.59261, 52.74763 ], [ 13.59279, 52.74758 ], [ 13.59291, 52.7474 ], [ 13.59334, 52.74722 ], [ 13.59394, 52.74711 ], [ 13.59422, 52.74714 ], [ 13.59432, 52.74742 ], [ 13.59427, 52.74756 ], [ 13.5941, 52.74763 ], [ 13.59415, 52.74768 ], [ 13.59363, 52.74906 ], [ 13.59382, 52.74927 ], [ 13.5945, 52.74977 ], [ 13.59476, 52.74984 ], [ 13.5951, 52.74986 ], [ 13.59516, 52.74993 ], [ 13.59573, 52.74997 ], [ 13.59587, 52.74985 ], [ 13.59572, 52.7498 ] ], [ [ 13.59504, 52.74805 ], [ 13.5952, 52.74823 ], [ 13.59514, 52.74845 ], [ 13.59498, 52.74856 ], [ 13.59468, 52.74856 ], [ 13.59449, 52.74839 ], [ 13.59454, 52.7481 ], [ 13.59475, 52.74801 ], [ 13.59504, 52.74805 ] ], [ [ 13.59801, 52.7464 ], [ 13.59801, 52.74656 ], [ 13.59785, 52.74677 ], [ 13.59783, 52.7471 ], [ 13.59758, 52.7473 ], [ 13.59722, 52.74737 ], [ 13.59677, 52.74739 ], [ 13.59643, 52.74734 ], [ 13.59621, 52.74722 ], [ 13.59611, 52.74708 ], [ 13.59631, 52.7469 ], [ 13.59721, 52.74676 ], [ 13.5974, 52.74668 ], [ 13.59771, 52.74643 ], [ 13.59791, 52.74636 ], [ 13.59801, 52.7464 ] ], [ [ 13.59651, 52.74615 ], [ 13.59669, 52.74628 ], [ 13.59673, 52.74638 ], [ 13.59658, 52.74657 ], [ 13.59627, 52.74664 ], [ 13.5959, 52.74658 ], [ 13.59577, 52.74652 ], [ 13.5957, 52.74627 ], [ 13.5958, 52.7461 ], [ 13.59627, 52.7461 ], [ 13.59651, 52.74615 ] ], [ [ 13.59499, 52.74609 ], [ 13.59484, 52.74643 ], [ 13.59474, 52.74646 ], [ 13.5946, 52.74642 ], [ 13.59451, 52.74625 ], [ 13.59458, 52.74616 ], [ 13.59489, 52.74599 ], [ 13.59498, 52.74599 ], [ 13.59499, 52.74609 ] ], [ [ 13.59406, 52.74549 ], [ 13.59416, 52.74569 ], [ 13.59361, 52.74637 ], [ 13.59362, 52.74689 ], [ 13.59341, 52.74699 ], [ 13.59311, 52.74703 ], [ 13.59296, 52.74698 ], [ 13.59273, 52.74667 ], [ 13.5926, 52.74621 ], [ 13.59263, 52.74594 ], [ 13.59292, 52.74579 ], [ 13.59359, 52.74553 ], [ 13.59392, 52.74548 ], [ 13.59406, 52.74549 ] ] ] } },
{ "type": "Feature", "properties": { "boden": "70 % mittel, mäßig frisch (M2) · 30 % mittel, mäßig frisch (M2)" }, "geometry": { "type": "Polygon", "coordinates": [ [ [ 13.5935, 52.74739 ], [ 13.59376, 52.74736 ], [ 13.59393, 52.7474 ], [ 13.5941, 52.74763 ], [ 13.59427, 52.74756 ], [ 13.59432, 52.74742 ], [ 13.59428, 52.74718 ], [ 13.59415, 52.74711 ], [ 13.59394, 52.74711 ], [ 13.59334, 52.74722 ], [ 13.59291, 52.7474 ], [ 13.59279, 52.74758 ], [ 13.5935, 52.74739 ] ] ] } },
{ "type": "Feature", "properties": { "boden": "100 % kräftig, nass (OK2)" }, "geometry": { "type": "Polygon", "coordinates": [ [ [ 13.59393, 52.7474 ], [ 13.59376, 52.74736 ], [ 13.5935, 52.74739 ], [ 13.59261, 52.74763 ], [ 13.59236, 52.74764 ], [ 13.59212, 52.74757 ], [ 13.59193, 52.7474 ], [ 13.59161, 52.74723 ], [ 13.59058, 52.747 ], [ 13.5903, 52.74666 ], [ 13.59047, 52.74621 ], [ 13.58915, 52.74714 ], [ 13.59009, 52.74777 ], [ 13.59095, 52.74818 ], [ 13.59234, 52.74865 ], [ 13.59271, 52.74901 ], [ 13.59347, 52.74895 ], [ 13.59363, 52.74906 ], [ 13.59415, 52.74768 ], [ 13.59393, 52.7474 ] ] ] } },
{ "type": "Feature", "properties": { "boden": "70 % ziemlich arm, mäßig frisch (Z2) · 30 % mittel, mäßig frisch (M2)" }, "geometry": { "type": "Polygon", "coordinates": [ [ [ 13.58688, 52.74805 ], [ 13.58617, 52.74754 ], [ 13.58594, 52.74724 ], [ 13.58551, 52.74702 ], [ 13.58552, 52.74715 ], [ 13.58596, 52.74737 ], [ 13.58591, 52.74758 ], [ 13.58648, 52.74795 ], [ 13.5864, 52.74801 ], [ 13.5866, 52.74815 ], [ 13.58688, 52.74805 ] ] ] } },
{ "type": "Feature", "properties": { "boden": "70 % ziemlich arm, mäßig frisch (Z2) · 30 % mittel, mäßig frisch (M2)" }, "geometry": { "type": "Polygon", "coordinates": [ [ [ 13.58721, 52.74793 ], [ 13.58841, 52.74764 ], [ 13.58819, 52.74762 ], [ 13.58791, 52.74748 ], [ 13.58743, 52.74756 ], [ 13.58699, 52.74755 ], [ 13.58705, 52.74782 ], [ 13.58721, 52.74793 ] ] ] } },
{ "type": "Feature", "properties": { "boden": "70 % mittel, trocken (vermutet) (M3) · 30 % mittel, trocken (vermutet) (M3)" }, "geometry": { "type": "Polygon", "coordinates": [ [ [ 13.59475, 52.74801 ], [ 13.59459, 52.74805 ], [ 13.5945, 52.74815 ], [ 13.59449, 52.74839 ], [ 13.59459, 52.74852 ], [ 13.59489, 52.74858 ], [ 13.59514, 52.74845 ], [ 13.5952, 52.74823 ], [ 13.59504, 52.74805 ], [ 13.59475, 52.74801 ] ] ] } },
{ "type": "Feature", "properties": { "boden": "70 % mittel, mäßig frisch (M2) · 30 % mittel, mäßig frisch (M2)" }, "geometry": { "type": "Polygon", "coordinates": [ [ [ 13.5963, 52.74869 ], [ 13.59623, 52.74858 ], [ 13.59631, 52.74847 ], [ 13.59649, 52.74843 ], [ 13.59666, 52.74848 ], [ 13.59673, 52.74857 ], [ 13.59724, 52.74846 ], [ 13.5972, 52.74823 ], [ 13.59711, 52.74817 ], [ 13.59684, 52.74815 ], [ 13.59647, 52.7483 ], [ 13.59616, 52.74861 ], [ 13.59626, 52.74869 ], [ 13.59648, 52.74873 ], [ 13.5963, 52.74869 ] ] ] } },
{ "type": "Feature", "properties": { "boden": "100 % ziemlich arm, mäßig frisch (Z2)" }, "geometry": { "type": "Polygon", "coordinates": [ [ [ 13.59182, 52.74925 ], [ 13.59231, 52.74924 ], [ 13.59271, 52.74901 ], [ 13.59234, 52.74865 ], [ 13.59095, 52.74818 ], [ 13.59009, 52.74777 ], [ 13.58915, 52.74714 ], [ 13.58858, 52.7476 ], [ 13.58961, 52.74817 ], [ 13.58964, 52.74827 ], [ 13.58974, 52.74823 ], [ 13.58985, 52.74826 ], [ 13.59003, 52.74856 ], [ 13.59086, 52.74877 ], [ 13.59126, 52.74902 ], [ 13.5911, 52.74911 ], [ 13.59093, 52.74914 ], [ 13.59045, 52.74902 ], [ 13.59029, 52.74909 ], [ 13.59011, 52.74925 ], [ 13.58993, 52.74929 ], [ 13.5898, 52.74926 ], [ 13.58992, 52.7497 ], [ 13.59099, 52.7494 ], [ 13.59182, 52.74925 ] ] ] } },
{ "type": "Feature", "properties": { "boden": "70 % mittel, mäßig frisch (M2) · 30 % mittel, mäßig frisch (M2)" }, "geometry": { "type": "Polygon", "coordinates": [ [ [ 13.59666, 52.74848 ], [ 13.59649, 52.74843 ], [ 13.59631, 52.74847 ], [ 13.59623, 52.74858 ], [ 13.5963, 52.74869 ], [ 13.59648, 52.74873 ], [ 13.59673, 52.74857 ], [ 13.59666, 52.74848 ] ] ] } },
{ "type": "Feature", "properties": { "boden": "70 % mittel, mäßig frisch (M2) · 30 % ziemlich arm, mäßig frisch (Z2)" }, "geometry": { "type": "Polygon", "coordinates": [ [ [ 13.60655, 52.7463 ], [ 13.60631, 52.74638 ], [ 13.60632, 52.74669 ], [ 13.60612, 52.74693 ], [ 13.6062, 52.74707 ], [ 13.60645, 52.74713 ], [ 13.60668, 52.7471 ], [ 13.60683, 52.74699 ], [ 13.60682, 52.74672 ], [ 13.6069, 52.74653 ], [ 13.60676, 52.74637 ], [ 13.60655, 52.7463 ] ] ] } },
{ "type": "Feature", "properties": { "boden": "70 % mittel, trocken (vermutet) (M3) · 30 % mittel, trocken (vermutet) (M3)" }, "geometry": { "type": "Polygon", "coordinates": [ [ [ 13.59791, 52.74636 ], [ 13.59757, 52.7465 ], [ 13.5974, 52.74668 ], [ 13.59721, 52.74676 ], [ 13.59631, 52.7469 ], [ 13.59611, 52.74708 ], [ 13.59621, 52.74722 ], [ 13.59643, 52.74734 ], [ 13.59677, 52.74739 ], [ 13.59742, 52.74734 ], [ 13.5977, 52.74724 ], [ 13.59783, 52.7471 ], [ 13.59785, 52.74677 ], [ 13.59801, 52.74656 ], [ 13.59801, 52.7464 ], [ 13.59791, 52.74636 ] ] ] } },
{ "type": "Feature", "properties": { "boden": "70 % mittel, trocken (vermutet) (M3) · 30 % ziemlich arm, trocken (vermutet) (Z3)" }, "geometry": { "type": "Polygon", "coordinates": [ [ [ 13.60276, 52.7478 ], [ 13.60337, 52.74806 ], [ 13.60353, 52.74801 ], [ 13.60383, 52.74779 ], [ 13.60376, 52.74755 ], [ 13.60351, 52.74747 ], [ 13.60318, 52.74753 ], [ 13.60276, 52.7478 ] ] ] } },
{ "type": "Feature", "properties": { "boden": "100 % mittel, trocken (vermutet) (M3)" }, "geometry": { "type": "Polygon", "coordinates": [ [ [ 13.60336, 52.74805 ], [ 13.60276, 52.7478 ], [ 13.60248, 52.74807 ], [ 13.60262, 52.74812 ], [ 13.60297, 52.74812 ], [ 13.60336, 52.74805 ] ] ] } },
{ "type": "Feature", "properties": { "boden": "70 % mittel, trocken (vermutet) (M3) · 30 % ziemlich arm, trocken (vermutet) (Z3)" }, "geometry": { "type": "Polygon", "coordinates": [ [ [ 13.60652, 52.7481 ], [ 13.60627, 52.7481 ], [ 13.60611, 52.74817 ], [ 13.60633, 52.7483 ], [ 13.60652, 52.74867 ], [ 13.60679, 52.74876 ], [ 13.60689, 52.74872 ], [ 13.607, 52.74859 ], [ 13.60695, 52.74831 ], [ 13.60673, 52.74815 ], [ 13.60652, 52.7481 ] ] ] } },
{ "type": "Feature", "properties": { "boden": "100 % mittel, frisch (M1)" }, "geometry": { "type": "Polygon", "coordinates": [ [ [ 13.59883, 52.7484 ], [ 13.59961, 52.74794 ], [ 13.59905, 52.7474 ], [ 13.59884, 52.74736 ], [ 13.59864, 52.74739 ], [ 13.59856, 52.74751 ], [ 13.59867, 52.74799 ], [ 13.59857, 52.74818 ], [ 13.59835, 52.74834 ], [ 13.59793, 52.74843 ], [ 13.59747, 52.74843 ], [ 13.59711, 52.74847 ], [ 13.59673, 52.74857 ], [ 13.59653, 52.74869 ], [ 13.59602, 52.74929 ], [ 13.59609, 52.74937 ], [ 13.59621, 52.74941 ], [ 13.5971, 52.74895 ], [ 13.59762, 52.74879 ], [ 13.5978, 52.74877 ], [ 13.5984, 52.74885 ], [ 13.59883, 52.7484 ] ] ] } },
{ "type": "Feature", "properties": { "boden": "100 % mittel, mäßig frisch (M2)" }, "geometry": { "type": "Polygon", "coordinates": [ [ [ 13.60148, 52.7478 ], [ 13.60115, 52.748 ], [ 13.60088, 52.74808 ], [ 13.60016, 52.74797 ], [ 13.60055, 52.74855 ], [ 13.60109, 52.74876 ], [ 13.60144, 52.74911 ], [ 13.60168, 52.74891 ], [ 13.60198, 52.74846 ], [ 13.60148, 52.7478 ] ] ] } },
{ "type": "Feature", "properties": { "boden": "100 % mittel, mäßig frisch (M2)" }, "geometry": { "type": "Polygon", "coordinates": [ [ [ 13.60381, 52.74836 ], [ 13.60336, 52.74836 ], [ 13.60302, 52.74842 ], [ 13.60283, 52.74848 ], [ 13.60279, 52.7486 ], [ 13.60298, 52.74873 ], [ 13.60314, 52.74874 ], [ 13.60349, 52.74868 ], [ 13.60388, 52.7485 ], [ 13.60391, 52.74843 ], [ 13.60381, 52.74836 ] ] ] } },
{ "type": "Feature", "properties": { "boden": "100 % kräftig, nass (OK2)" }, "geometry": { "type": "Polygon", "coordinates": [ [ [ 13.59944, 52.74852 ], [ 13.59972, 52.74839 ], [ 13.60037, 52.74957 ], [ 13.60107, 52.74959 ], [ 13.60128, 52.74952 ], [ 13.60144, 52.74911 ], [ 13.60109, 52.74876 ], [ 13.60055, 52.74855 ], [ 13.60016, 52.74797 ], [ 13.59969, 52.74789 ], [ 13.59883, 52.7484 ], [ 13.5984, 52.74885 ], [ 13.59858, 52.74925 ], [ 13.59888, 52.7495 ], [ 13.5996, 52.74958 ], [ 13.59944, 52.74852 ] ] ] } },
{ "type": "Feature", "properties": { "boden": "100 % mittel, mäßig frisch (M2)" }, "geometry": { "type": "Polygon", "coordinates": [ [ [ 13.60468, 52.74915 ], [ 13.60431, 52.74873 ], [ 13.60391, 52.74843 ], [ 13.60372, 52.7486 ], [ 13.60349, 52.74868 ], [ 13.60314, 52.74874 ], [ 13.60287, 52.74868 ], [ 13.60277, 52.74852 ], [ 13.60283, 52.74848 ], [ 13.60336, 52.74836 ], [ 13.60381, 52.74836 ], [ 13.60337, 52.74806 ], [ 13.60297, 52.74812 ], [ 13.6025, 52.74809 ], [ 13.60276, 52.7478 ], [ 13.60236, 52.74769 ], [ 13.60168, 52.74804 ], [ 13.60198, 52.74846 ], [ 13.60168, 52.74891 ], [ 13.60144, 52.74911 ], [ 13.60128, 52.74952 ], [ 13.60167, 52.74966 ], [ 13.60228, 52.74962 ], [ 13.60297, 52.74955 ], [ 13.60361, 52.74939 ], [ 13.60402, 52.75005 ], [ 13.60464, 52.75014 ], [ 13.60489, 52.75026 ], [ 13.60465, 52.75 ], [ 13.60458, 52.74985 ], [ 13.60463, 52.74968 ], [ 13.60484, 52.74953 ], [ 13.60468, 52.74915 ] ], [ [ 13.60214, 52.7495 ], [ 13.60199, 52.74942 ], [ 13.60193, 52.74922 ], [ 13.60207, 52.74904 ], [ 13.60242, 52.74894 ], [ 13.60267, 52.74893 ], [ 13.60324, 52.74905 ], [ 13.60326, 52.7492 ], [ 13.60304, 52.74941 ], [ 13.60287, 52.74945 ], [ 13.60254, 52.74945 ], [ 13.60214, 52.7495 ] ] ] } },
{ "type": "Feature", "properties": { "boden": "50 % mittel, trocken (vermutet) (M3) · 50 % kräftig, trocken (vermutet) (K3)" }, "geometry": { "type": "Polygon", "coordinates": [ [ [ 13.58204, 52.74636 ], [ 13.58171, 52.74633 ], [ 13.58164, 52.74641 ], [ 13.58192, 52.74669 ], [ 13.58204, 52.74671 ], [ 13.58211, 52.74666 ], [ 13.5821, 52.74644 ], [ 13.58204, 52.74636 ] ] ] } },
{ "type": "Feature", "properties": { "boden": "50 % mittel, mäßig frisch (M2) · 50 % kräftig, mäßig frisch (K2)" }, "geometry": { "type": "Polygon", "coordinates": [ [ [ 13.58398, 52.74737 ], [ 13.58384, 52.74747 ], [ 13.58371, 52.74748 ], [ 13.58361, 52.74748 ], [ 13.58339, 52.74735 ], [ 13.5834, 52.74706 ], [ 13.58358, 52.74684 ], [ 13.58372, 52.74675 ], [ 13.58399, 52.74669 ], [ 13.58479, 52.74668 ], [ 13.58489, 52.74652 ], [ 13.58448, 52.74627 ], [ 13.58342, 52.74599 ], [ 13.58323, 52.74554 ], [ 13.58346, 52.74529 ], [ 13.58335, 52.74497 ], [ 13.58342, 52.74496 ], [ 13.58342, 52.74488 ], [ 13.58318, 52.74503 ], [ 13.58317, 52.74517 ], [ 13.58129, 52.74513 ], [ 13.58128, 52.74531 ], [ 13.58115, 52.74549 ], [ 13.58062, 52.74595 ], [ 13.58022, 52.74615 ], [ 13.57974, 52.74613 ], [ 13.5787, 52.74581 ], [ 13.57857, 52.74549 ], [ 13.57829, 52.7451 ], [ 13.57594, 52.74507 ], [ 13.57583, 52.74642 ], [ 13.58022, 52.74667 ], [ 13.5805, 52.74664 ], [ 13.5816, 52.74668 ], [ 13.58152, 52.74825 ], [ 13.58381, 52.7482 ], [ 13.58586, 52.74821 ], [ 13.58497, 52.74701 ], [ 13.58419, 52.74709 ], [ 13.58398, 52.74737 ] ], [ [ 13.5821, 52.74644 ], [ 13.58211, 52.74666 ], [ 13.58199, 52.74671 ], [ 13.58168, 52.74648 ], [ 13.58165, 52.74636 ], [ 13.58191, 52.74632 ], [ 13.58204, 52.74636 ], [ 13.5821, 52.74644 ] ], [ [ 13.58417, 52.74632 ], [ 13.58373, 52.74643 ], [ 13.5834, 52.74658 ], [ 13.58329, 52.74658 ], [ 13.58333, 52.74643 ], [ 13.58352, 52.74633 ], [ 13.58374, 52.74632 ], [ 13.58386, 52.74626 ], [ 13.58417, 52.74632 ] ] ] } },
{ "type": "Feature", "properties": { "boden": "50 % mittel, mäßig frisch (M2) · 50 % kräftig, mäßig frisch (K2)" }, "geometry": { "type": "Polygon", "coordinates": [ [ [ 13.58384, 52.74712 ], [ 13.58385, 52.74682 ], [ 13.58457, 52.74668 ], [ 13.58399, 52.74669 ], [ 13.58372, 52.74675 ], [ 13.58358, 52.74684 ], [ 13.5834, 52.74706 ], [ 13.58337, 52.74731 ], [ 13.58345, 52.74741 ], [ 13.58361, 52.74748 ], [ 13.58384, 52.74747 ], [ 13.58398, 52.74737 ], [ 13.58419, 52.74709 ], [ 13.58384, 52.74712 ] ] ] } },
{ "type": "Feature", "properties": { "boden": "100 % mittel, trocken (vermutet) (M3)" }, "geometry": { "type": "Polygon", "coordinates": [ [ [ 13.57193, 52.74696 ], [ 13.57178, 52.74696 ], [ 13.5716, 52.74705 ], [ 13.57148, 52.74705 ], [ 13.57131, 52.74697 ], [ 13.57122, 52.74685 ], [ 13.57095, 52.74693 ], [ 13.57102, 52.74704 ], [ 13.57137, 52.74722 ], [ 13.57191, 52.74742 ], [ 13.57245, 52.74772 ], [ 13.5728, 52.74781 ], [ 13.57288, 52.74771 ], [ 13.57283, 52.74752 ], [ 13.5727, 52.74737 ], [ 13.57214, 52.74713 ], [ 13.57193, 52.74696 ] ] ] } },
{ "type": "Feature", "properties": { "boden": "100 % mittel, mäßig frisch (M2)" }, "geometry": { "type": "Polygon", "coordinates": [ [ [ 13.57369, 52.74809 ], [ 13.57277, 52.74781 ], [ 13.57225, 52.74783 ], [ 13.57112, 52.7481 ], [ 13.57091, 52.74831 ], [ 13.57092, 52.74842 ], [ 13.57128, 52.74876 ], [ 13.57166, 52.74892 ], [ 13.57381, 52.7495 ], [ 13.57471, 52.74988 ], [ 13.57533, 52.75 ], [ 13.57563, 52.74803 ], [ 13.57369, 52.74809 ] ] ] } },
{ "type": "Feature", "properties": { "boden": "100 % mittel, mäßig frisch (M2)" }, "geometry": { "type": "Polygon", "coordinates": [ [ [ 13.56996, 52.74913 ], [ 13.56987, 52.74928 ], [ 13.56999, 52.74953 ], [ 13.5701, 52.74962 ], [ 13.57029, 52.74967 ], [ 13.57047, 52.74966 ], [ 13.57053, 52.74956 ], [ 13.57043, 52.74927 ], [ 13.57022, 52.74916 ], [ 13.56996, 52.74913 ] ] ] } },
{ "type": "Feature", "properties": { "boden": "50 % mittel, trocken (vermutet) (M3) · 30 % ziemlich arm, trocken (vermutet) (Z3) · 20 % kräftig, trocken (vermutet) (K3)" }, "geometry": { "type": "Polygon", "coordinates": [ [ [ 13.58228, 52.75032 ], [ 13.58157, 52.7502 ], [ 13.58115, 52.75018 ], [ 13.58097, 52.75025 ], [ 13.581, 52.75033 ], [ 13.58124, 52.75048 ], [ 13.58163, 52.75057 ], [ 13.5819, 52.75057 ], [ 13.58224, 52.75046 ], [ 13.58228, 52.75032 ] ] ] } },
{ "type": "Feature", "properties": { "boden": "100 % mittel, trocken (vermutet) (M3)" }, "geometry": { "type": "Polygon", "coordinates": [ [ [ 13.57603, 52.7505 ], [ 13.57647, 52.75035 ], [ 13.57652, 52.75026 ], [ 13.57647, 52.75016 ], [ 13.57604, 52.7502 ], [ 13.57581, 52.75027 ], [ 13.57571, 52.75036 ], [ 13.5758, 52.75049 ], [ 13.57603, 52.7505 ] ] ] } },
{ "type": "Feature", "properties": { "boden": "100 % mittel, mäßig frisch (M2)" }, "geometry": { "type": "Polygon", "coordinates": [ [ [ 13.57358, 52.75032 ], [ 13.57315, 52.75037 ], [ 13.57317, 52.75052 ], [ 13.57341, 52.75059 ], [ 13.57396, 52.75058 ], [ 13.57429, 52.75054 ], [ 13.57405, 52.75041 ], [ 13.57358, 52.75032 ] ] ] } },
{ "type": "Feature", "properties": { "boden": "50 % mittel, mäßig frisch (M2) · 30 % ziemlich arm, mäßig frisch (Z2) · 20 % kräftig, mäßig frisch (K2)" }, "geometry": { "type": "Polygon", "coordinates": [ [ [ 13.57623, 52.75122 ], [ 13.57694, 52.75043 ], [ 13.57781, 52.7502 ], [ 13.57907, 52.75009 ], [ 13.5801, 52.75031 ], [ 13.58084, 52.75054 ], [ 13.5818, 52.75103 ], [ 13.58267, 52.75097 ], [ 13.58352, 52.75099 ], [ 13.58397, 52.75073 ], [ 13.58341, 52.75062 ], [ 13.58282, 52.75059 ], [ 13.58193, 52.75069 ], [ 13.58153, 52.75066 ], [ 13.58088, 52.75048 ], [ 13.57994, 52.75007 ], [ 13.57963, 52.75002 ], [ 13.5787, 52.74999 ], [ 13.57758, 52.75003 ], [ 13.57704, 52.75013 ], [ 13.5767, 52.75042 ], [ 13.5762, 52.75065 ], [ 13.57616, 52.75085 ], [ 13.57586, 52.75105 ], [ 13.5758, 52.75128 ], [ 13.57544, 52.75187 ], [ 13.57555, 52.75169 ], [ 13.57576, 52.75163 ], [ 13.57604, 52.75163 ], [ 13.57623, 52.75122 ] ] ] } },
{ "type": "Feature", "properties": { "boden": "100 % mittel, mäßig frisch (M2)" }, "geometry": { "type": "Polygon", "coordinates": [ [ [ 13.58768, 52.74856 ], [ 13.58745, 52.74863 ], [ 13.58751, 52.74871 ], [ 13.58767, 52.74874 ], [ 13.58784, 52.7487 ], [ 13.58768, 52.74856 ] ] ] } },
{ "type": "Feature", "properties": { "boden": "100 % ziemlich arm, trocken (vermutet) (Z3)" }, "geometry": { "type": "Polygon", "coordinates": [ [ [ 13.58964, 52.74827 ], [ 13.58981, 52.74902 ], [ 13.58994, 52.74899 ], [ 13.59012, 52.74903 ], [ 13.59019, 52.74914 ], [ 13.59012, 52.74923 ], [ 13.59029, 52.74909 ], [ 13.59045, 52.74902 ], [ 13.59084, 52.74913 ], [ 13.5911, 52.74911 ], [ 13.59125, 52.74905 ], [ 13.59117, 52.74894 ], [ 13.59086, 52.74877 ], [ 13.59003, 52.74856 ], [ 13.58985, 52.74826 ], [ 13.58974, 52.74823 ], [ 13.58964, 52.74827 ] ] ] } },
{ "type": "Feature", "properties": { "boden": "100 % kräftig, nass (OK2)" }, "geometry": { "type": "Polygon", "coordinates": [ [ [ 13.58994, 52.74975 ], [ 13.5898, 52.74926 ], [ 13.58978, 52.74872 ], [ 13.58961, 52.74817 ], [ 13.58858, 52.7476 ], [ 13.58706, 52.74799 ], [ 13.5866, 52.74815 ], [ 13.58678, 52.74816 ], [ 13.58685, 52.7481 ], [ 13.5871, 52.74814 ], [ 13.5872, 52.74837 ], [ 13.58792, 52.74849 ], [ 13.58851, 52.74845 ], [ 13.58856, 52.74833 ], [ 13.58876, 52.74836 ], [ 13.5892, 52.74829 ], [ 13.58946, 52.74858 ], [ 13.58951, 52.74896 ], [ 13.58922, 52.74956 ], [ 13.58921, 52.74984 ], [ 13.58931, 52.74994 ], [ 13.58956, 52.7499 ], [ 13.58994, 52.74975 ] ] ] } },
{ "type": "Feature", "properties": { "boden": "100 % ziemlich arm, trocken (vermutet) (Z3)" }, "geometry": { "type": "Polygon", "coordinates": [ [ [ 13.59019, 52.74914 ], [ 13.59012, 52.74903 ], [ 13.58994, 52.74899 ], [ 13.58978, 52.74902 ], [ 13.5898, 52.74926 ], [ 13.58993, 52.74929 ], [ 13.59011, 52.74925 ], [ 13.59019, 52.74914 ] ] ] } },
{ "type": "Feature", "properties": { "boden": "100 % mittel, trocken (vermutet) (M3)" }, "geometry": { "type": "Polygon", "coordinates": [ [ [ 13.58643, 52.74885 ], [ 13.58614, 52.74888 ], [ 13.58602, 52.74898 ], [ 13.58608, 52.74928 ], [ 13.5863, 52.74939 ], [ 13.58651, 52.74936 ], [ 13.58668, 52.74914 ], [ 13.58661, 52.74892 ], [ 13.58643, 52.74885 ] ] ] } },
{ "type": "Feature", "properties": { "boden": "100 % ziemlich arm, mäßig frisch (Z2)" }, "geometry": { "type": "Polygon", "coordinates": [ [ [ 13.59172, 52.74928 ], [ 13.59136, 52.74932 ], [ 13.59013, 52.74963 ], [ 13.58992, 52.7497 ], [ 13.58994, 52.74978 ], [ 13.59116, 52.74951 ], [ 13.59172, 52.74928 ] ] ] } },
{ "type": "Feature", "properties": { "boden": "100 % mittel, mäßig frisch (M2)" }, "geometry": { "type": "Polygon", "coordinates": [ [ [ 13.58509, 52.75073 ], [ 13.58491, 52.7507 ], [ 13.58499, 52.75053 ], [ 13.58536, 52.75026 ], [ 13.58575, 52.75013 ], [ 13.58697, 52.74989 ], [ 13.58683, 52.74975 ], [ 13.58612, 52.74974 ], [ 13.58582, 52.74962 ], [ 13.58568, 52.74905 ], [ 13.5856, 52.74895 ], [ 13.58534, 52.74912 ], [ 13.58506, 52.74946 ], [ 13.58482, 52.75013 ], [ 13.58452, 52.75058 ], [ 13.58462, 52.75073 ], [ 13.58488, 52.75084 ], [ 13.58515, 52.75086 ], [ 13.58509, 52.75073 ] ] ] } },
{ "type": "Feature", "properties": { "boden": "100 % mittel, mäßig frisch (M2)" }, "geometry": { "type": "Polygon", "coordinates": [ [ [ 13.58502, 52.75087 ], [ 13.58462, 52.75073 ], [ 13.58452, 52.75058 ], [ 13.58482, 52.75013 ], [ 13.58506, 52.74946 ], [ 13.58548, 52.749 ], [ 13.5856, 52.74895 ], [ 13.58564, 52.74897 ], [ 13.58582, 52.74962 ], [ 13.58612, 52.74974 ], [ 13.58683, 52.74975 ], [ 13.58697, 52.74989 ], [ 13.58779, 52.74972 ], [ 13.58796, 52.74881 ], [ 13.58784, 52.7487 ], [ 13.58767, 52.74874 ], [ 13.58751, 52.74871 ], [ 13.58745, 52.74863 ], [ 13.58715, 52.74873 ], [ 13.58679, 52.74867 ], [ 13.58622, 52.74834 ], [ 13.58495, 52.74911 ], [ 13.58431, 52.75054 ], [ 13.58397, 52.75073 ], [ 13.5842, 52.75083 ], [ 13.58432, 52.75116 ], [ 13.58418, 52.75122 ], [ 13.58474, 52.7518 ], [ 13.58601, 52.7516 ], [ 13.58658, 52.75125 ], [ 13.5869, 52.75092 ], [ 13.58659, 52.75091 ], [ 13.58635, 52.75102 ], [ 13.58585, 52.7509 ], [ 13.58542, 52.75099 ], [ 13.58515, 52.75086 ], [ 13.58502, 52.75087 ] ], [ [ 13.58612, 52.75109 ], [ 13.58615, 52.75129 ], [ 13.58602, 52.7514 ], [ 13.58579, 52.7515 ], [ 13.58554, 52.75154 ], [ 13.5851, 52.75148 ], [ 13.58502, 52.75128 ], [ 13.58525, 52.75113 ], [ 13.58565, 52.75104 ], [ 13.58585, 52.75103 ], [ 13.58612, 52.75109 ] ], [ [ 13.58661, 52.74892 ], [ 13.58669, 52.74903 ], [ 13.58661, 52.74927 ], [ 13.58651, 52.74936 ], [ 13.58637, 52.7494 ], [ 13.58618, 52.74936 ], [ 13.58605, 52.74922 ], [ 13.586, 52.74905 ], [ 13.58607, 52.74892 ], [ 13.58643, 52.74885 ], [ 13.58661, 52.74892 ] ] ] } },
{ "type": "Feature", "properties": { "boden": "100 % kräftig, nass (OK2)" }, "geometry": { "type": "Polygon", "coordinates": [ [ [ 13.59755, 52.74971 ], [ 13.59742, 52.74953 ], [ 13.59722, 52.74953 ], [ 13.59648, 52.74985 ], [ 13.59587, 52.74985 ], [ 13.59573, 52.74997 ], [ 13.596, 52.75018 ], [ 13.59591, 52.75037 ], [ 13.596, 52.7505 ], [ 13.59608, 52.75115 ], [ 13.59635, 52.75147 ], [ 13.59632, 52.75166 ], [ 13.5969, 52.75121 ], [ 13.59699, 52.75024 ], [ 13.59736, 52.7499 ], [ 13.59756, 52.74995 ], [ 13.59755, 52.74971 ] ] ] } },
{ "type": "Feature", "properties": { "boden": "100 % mittel, mäßig frisch (M2)" }, "geometry": { "type": "Polygon", "coordinates": [ [ [ 13.58352, 52.75099 ], [ 13.58418, 52.75122 ], [ 13.58432, 52.75116 ], [ 13.5842, 52.75083 ], [ 13.58397, 52.75073 ], [ 13.58352, 52.75099 ] ] ] } },
{ "type": "Feature", "properties": { "boden": "100 % mittel, trocken (vermutet) (M3)" }, "geometry": { "type": "Polygon", "coordinates": [ [ [ 13.60254, 52.74945 ], [ 13.60287, 52.74945 ], [ 13.60304, 52.74941 ], [ 13.60326, 52.7492 ], [ 13.60324, 52.74905 ], [ 13.60267, 52.74893 ], [ 13.60242, 52.74894 ], [ 13.60207, 52.74904 ], [ 13.60193, 52.74922 ], [ 13.60206, 52.74947 ], [ 13.6023, 52.74951 ], [ 13.60254, 52.74945 ] ] ] } },
{ "type": "Feature", "properties": { "boden": "100 % ziemlich arm, mäßig frisch (Z2)" }, "geometry": { "type": "Polygon", "coordinates": [ [ [ 13.59858, 52.74925 ], [ 13.5984, 52.74885 ], [ 13.5978, 52.74877 ], [ 13.59762, 52.74879 ], [ 13.5971, 52.74895 ], [ 13.59621, 52.74941 ], [ 13.59602, 52.74929 ], [ 13.59563, 52.74947 ], [ 13.59556, 52.74958 ], [ 13.59572, 52.7498 ], [ 13.59609, 52.74988 ], [ 13.59648, 52.74985 ], [ 13.59722, 52.74953 ], [ 13.59742, 52.74953 ], [ 13.59755, 52.74971 ], [ 13.59757, 52.75028 ], [ 13.59847, 52.75023 ], [ 13.59873, 52.75017 ], [ 13.59893, 52.75003 ], [ 13.59897, 52.74989 ], [ 13.59888, 52.7495 ], [ 13.59858, 52.74925 ] ] ] } },
{ "type": "Feature", "properties": { "boden": "100 % ziemlich arm, mäßig frisch (Z2)" }, "geometry": { "type": "Polygon", "coordinates": [ [ [ 13.60749, 52.74992 ], [ 13.60744, 52.75005 ], [ 13.6072, 52.7501 ], [ 13.60707, 52.75006 ], [ 13.60688, 52.74987 ], [ 13.60685, 52.74972 ], [ 13.60561, 52.74942 ], [ 13.60502, 52.74946 ], [ 13.60478, 52.74955 ], [ 13.60463, 52.74968 ], [ 13.60458, 52.74985 ], [ 13.60465, 52.75 ], [ 13.60489, 52.75026 ], [ 13.60544, 52.75053 ], [ 13.60554, 52.75044 ], [ 13.60585, 52.75043 ], [ 13.60674, 52.75053 ], [ 13.6076, 52.75053 ], [ 13.60772, 52.75055 ], [ 13.60804, 52.75084 ], [ 13.60842, 52.75087 ], [ 13.6085, 52.75058 ], [ 13.60867, 52.75041 ], [ 13.60846, 52.75017 ], [ 13.60749, 52.74992 ] ] ] } },
{ "type": "Feature", "properties": { "boden": "100 % mittel, trocken (vermutet) (M3)" }, "geometry": { "type": "Polygon", "coordinates": [ [ [ 13.60029, 52.75079 ], [ 13.60129, 52.75019 ], [ 13.60055, 52.75005 ], [ 13.60026, 52.75006 ], [ 13.59974, 52.74998 ], [ 13.59944, 52.75002 ], [ 13.59913, 52.75016 ], [ 13.59887, 52.75033 ], [ 13.59875, 52.75049 ], [ 13.59887, 52.75068 ], [ 13.599, 52.75075 ], [ 13.60014, 52.75081 ], [ 13.60029, 52.75079 ] ] ] } },
{ "type": "Feature", "properties": { "boden": "40 % mittel, trocken (vermutet) (M3) · 30 % mittel, trocken (vermutet) (M3) · 30 % mittel, trocken (vermutet) (M3)" }, "geometry": { "type": "Polygon", "coordinates": [ [ [ 13.60129, 52.75019 ], [ 13.60061, 52.75056 ], [ 13.60029, 52.75079 ], [ 13.60151, 52.75059 ], [ 13.60182, 52.75048 ], [ 13.6018, 52.75038 ], [ 13.60171, 52.75032 ], [ 13.60129, 52.75019 ] ] ] } },
{ "type": "Feature", "properties": { "boden": "100 % mittel, mäßig frisch (M2)" }, "geometry": { "type": "Polygon", "coordinates": [ [ [ 13.59769, 52.75139 ], [ 13.59929, 52.75133 ], [ 13.59946, 52.75148 ], [ 13.60029, 52.75079 ], [ 13.59925, 52.75077 ], [ 13.599, 52.75075 ], [ 13.59887, 52.75068 ], [ 13.59875, 52.75056 ], [ 13.59879, 52.75041 ], [ 13.59913, 52.75016 ], [ 13.59944, 52.75002 ], [ 13.59974, 52.74998 ], [ 13.60002, 52.75 ], [ 13.60129, 52.75019 ], [ 13.60163, 52.75004 ], [ 13.60181, 52.75004 ], [ 13.60219, 52.74992 ], [ 13.60264, 52.74985 ], [ 13.60312, 52.74986 ], [ 13.60402, 52.75005 ], [ 13.60361, 52.74939 ], [ 13.60297, 52.74955 ], [ 13.60167, 52.74966 ], [ 13.60128, 52.74952 ], [ 13.60107, 52.74959 ], [ 13.60037, 52.74957 ], [ 13.59985, 52.74967 ], [ 13.5996, 52.74958 ], [ 13.59888, 52.7495 ], [ 13.59897, 52.74989 ], [ 13.59893, 52.75003 ], [ 13.59873, 52.75017 ], [ 13.59805, 52.75027 ], [ 13.59757, 52.75028 ], [ 13.59758, 52.75045 ], [ 13.59727, 52.75129 ], [ 13.59696, 52.75159 ], [ 13.59769, 52.75139 ] ] ] } },
{ "type": "Feature", "properties": { "boden": "100 % ziemlich arm, mäßig frisch (Z2)" }, "geometry": { "type": "Polygon", "coordinates": [ [ [ 13.60804, 52.75084 ], [ 13.60772, 52.75055 ], [ 13.6076, 52.75053 ], [ 13.60674, 52.75053 ], [ 13.60585, 52.75043 ], [ 13.60554, 52.75044 ], [ 13.60544, 52.75052 ], [ 13.60584, 52.75089 ], [ 13.60606, 52.75078 ], [ 13.60623, 52.75084 ], [ 13.60718, 52.75078 ], [ 13.60804, 52.75084 ] ] ] } },
{ "type": "Feature", "properties": { "boden": "100 % kräftig, nass (OK2)" }, "geometry": { "type": "Polygon", "coordinates": [ [ [ 13.60227, 52.75119 ], [ 13.60373, 52.75063 ], [ 13.60392, 52.75052 ], [ 13.60396, 52.75043 ], [ 13.60388, 52.75037 ], [ 13.60324, 52.75032 ], [ 13.603, 52.75042 ], [ 13.60263, 52.75071 ], [ 13.60207, 52.75093 ], [ 13.60167, 52.75099 ], [ 13.60148, 52.75113 ], [ 13.60144, 52.75124 ], [ 13.60149, 52.7513 ], [ 13.60173, 52.75129 ], [ 13.60227, 52.75119 ] ] ] } },
{ "type": "Feature", "properties": { "boden": "40 % mittel, mäßig frisch (M2) · 30 % mittel, mäßig frisch (M2) · 30 % mittel, mäßig frisch (M2)" }, "geometry": { "type": "Polygon", "coordinates": [ [ [ 13.60407, 52.75053 ], [ 13.60379, 52.75073 ], [ 13.60339, 52.75087 ], [ 13.60211, 52.75122 ], [ 13.60151, 52.75151 ], [ 13.60106, 52.75166 ], [ 13.60069, 52.75174 ], [ 13.60057, 52.75172 ], [ 13.6, 52.75133 ], [ 13.59997, 52.75123 ], [ 13.60002, 52.75118 ], [ 13.60077, 52.7509 ], [ 13.60219, 52.75058 ], [ 13.60328, 52.75015 ], [ 13.60405, 52.75009 ], [ 13.60402, 52.75005 ], [ 13.60312, 52.74986 ], [ 13.60264, 52.74985 ], [ 13.60219, 52.74992 ], [ 13.60181, 52.75004 ], [ 13.60163, 52.75004 ], [ 13.60129, 52.75019 ], [ 13.60171, 52.75032 ], [ 13.6018, 52.75038 ], [ 13.60182, 52.75048 ], [ 13.60151, 52.75059 ], [ 13.60029, 52.75079 ], [ 13.59946, 52.75148 ], [ 13.59956, 52.75157 ], [ 13.60043, 52.75185 ], [ 13.60066, 52.75187 ], [ 13.60163, 52.75166 ], [ 13.6022, 52.7514 ], [ 13.60342, 52.75116 ], [ 13.60388, 52.751 ], [ 13.60407, 52.75053 ] ] ] } },
{ "type": "Feature", "properties": { "boden": "40 % mittel, mäßig frisch (M2) · 30 % mittel, mäßig frisch (M2) · 30 % mittel, mäßig frisch (M2)" }, "geometry": { "type": "Polygon", "coordinates": [ [ [ 13.60211, 52.75122 ], [ 13.60149, 52.7513 ], [ 13.60144, 52.75124 ], [ 13.60148, 52.75113 ], [ 13.60167, 52.75099 ], [ 13.60207, 52.75093 ], [ 13.60263, 52.75071 ], [ 13.603, 52.75042 ], [ 13.60324, 52.75032 ], [ 13.60388, 52.75037 ], [ 13.60396, 52.75043 ], [ 13.60392, 52.75052 ], [ 13.60373, 52.75063 ], [ 13.60254, 52.75108 ], [ 13.60379, 52.75073 ], [ 13.60407, 52.75053 ], [ 13.60417, 52.75028 ], [ 13.60405, 52.75009 ], [ 13.60328, 52.75015 ], [ 13.60219, 52.75058 ], [ 13.60077, 52.7509 ], [ 13.60002, 52.75118 ], [ 13.59996, 52.75128 ], [ 13.60037, 52.75162 ], [ 13.60069, 52.75174 ], [ 13.60151, 52.75151 ], [ 13.60211, 52.75122 ] ] ] } },
{ "type": "Feature", "properties": { "boden": "50 % mittel, trocken (vermutet) (M3) · 30 % ziemlich arm, trocken (vermutet) (Z3) · 20 % kräftig, trocken (vermutet) (K3)" }, "geometry": { "type": "Polygon", "coordinates": [ [ [ 13.57545, 52.75119 ], [ 13.57501, 52.75164 ], [ 13.5752, 52.75171 ], [ 13.57555, 52.75139 ], [ 13.57556, 52.75126 ], [ 13.57545, 52.75119 ] ] ] } },
{ "type": "Feature", "properties": { "boden": "100 % mittel, trocken (vermutet) (M3)" }, "geometry": { "type": "Polygon", "coordinates": [ [ [ 13.57501, 52.75164 ], [ 13.57519, 52.75144 ], [ 13.57544, 52.75118 ], [ 13.57498, 52.75119 ], [ 13.57464, 52.75136 ], [ 13.57497, 52.75191 ], [ 13.5752, 52.75171 ], [ 13.57501, 52.75164 ] ] ] } },
{ "type": "Feature", "properties": { "boden": "50 % mittel, mäßig frisch (M2) · 30 % ziemlich arm, mäßig frisch (Z2) · 20 % kräftig, mäßig frisch (K2)" }, "geometry": { "type": "Polygon", "coordinates": [ [ [ 13.57508, 52.75248 ], [ 13.57546, 52.75175 ], [ 13.5758, 52.75128 ], [ 13.57586, 52.75105 ], [ 13.57616, 52.75085 ], [ 13.5762, 52.75065 ], [ 13.5767, 52.75042 ], [ 13.57704, 52.75013 ], [ 13.57724, 52.75007 ], [ 13.5787, 52.74999 ], [ 13.57963, 52.75002 ], [ 13.57994, 52.75007 ], [ 13.58088, 52.75048 ], [ 13.5818, 52.75069 ], [ 13.58282, 52.75059 ], [ 13.58341, 52.75062 ], [ 13.58397, 52.75073 ], [ 13.58431, 52.75054 ], [ 13.58228, 52.75032 ], [ 13.5823, 52.75039 ], [ 13.5821, 52.75053 ], [ 13.5819, 52.75057 ], [ 13.58149, 52.75055 ], [ 13.58124, 52.75048 ], [ 13.581, 52.75033 ], [ 13.58097, 52.75025 ], [ 13.58115, 52.75018 ], [ 13.58157, 52.7502 ], [ 13.58061, 52.75002 ], [ 13.57987, 52.7498 ], [ 13.57945, 52.74978 ], [ 13.57851, 52.74984 ], [ 13.5779, 52.74981 ], [ 13.57692, 52.7499 ], [ 13.57653, 52.75032 ], [ 13.5757, 52.75066 ], [ 13.57561, 52.75074 ], [ 13.57545, 52.75119 ], [ 13.57556, 52.75126 ], [ 13.57555, 52.75139 ], [ 13.5752, 52.75171 ], [ 13.57468, 52.75276 ], [ 13.57386, 52.75334 ], [ 13.57476, 52.75285 ], [ 13.57508, 52.75248 ] ] ] } },
{ "type": "Feature", "properties": { "boden": "50 % mittel, mäßig frisch (M2) · 30 % ziemlich arm, mäßig frisch (Z2) · 20 % kräftig, mäßig frisch (K2)" }, "geometry": { "type": "Polygon", "coordinates": [ [ [ 13.57604, 52.75163 ], [ 13.57576, 52.75163 ], [ 13.57555, 52.75169 ], [ 13.57512, 52.75236 ], [ 13.57508, 52.75248 ], [ 13.57523, 52.75258 ], [ 13.57559, 52.7526 ], [ 13.57604, 52.75163 ] ] ] } },
{ "type": "Feature", "properties": { "boden": "100 % mittel, mäßig frisch (M2)" }, "geometry": { "type": "Polygon", "coordinates": [ [ [ 13.57856, 52.75241 ], [ 13.57895, 52.75205 ], [ 13.57925, 52.75201 ], [ 13.57974, 52.75229 ], [ 13.57982, 52.75227 ], [ 13.57956, 52.75194 ], [ 13.57921, 52.75184 ], [ 13.57868, 52.75199 ], [ 13.57835, 52.75237 ], [ 13.57836, 52.75263 ], [ 13.57855, 52.75269 ], [ 13.57856, 52.75241 ] ] ] } },
{ "type": "Feature", "properties": { "boden": "100 % mittel, mäßig frisch (M2)" }, "geometry": { "type": "Polygon", "coordinates": [ [ [ 13.57974, 52.75229 ], [ 13.57925, 52.75201 ], [ 13.57895, 52.75205 ], [ 13.57856, 52.75241 ], [ 13.57857, 52.75268 ], [ 13.57882, 52.7525 ], [ 13.57974, 52.75229 ] ] ] } },
{ "type": "Feature", "properties": { "boden": "100 % mittel, mäßig frisch (M2)" }, "geometry": { "type": "Polygon", "coordinates": [ [ [ 13.57891, 52.75262 ], [ 13.5788, 52.75286 ], [ 13.57908, 52.75274 ], [ 13.5794, 52.75273 ], [ 13.57966, 52.75256 ], [ 13.5797, 52.75244 ], [ 13.57891, 52.75262 ] ] ] } },
{ "type": "Feature", "properties": { "boden": "100 % mittel, trocken (vermutet) (M3)" }, "geometry": { "type": "Polygon", "coordinates": [ [ [ 13.57924, 52.75286 ], [ 13.57914, 52.75295 ], [ 13.57918, 52.75316 ], [ 13.57926, 52.75321 ], [ 13.57954, 52.75321 ], [ 13.57959, 52.75318 ], [ 13.57954, 52.75312 ], [ 13.57938, 52.75307 ], [ 13.57941, 52.75289 ], [ 13.57924, 52.75286 ] ] ] } },
{ "type": "Feature", "properties": { "boden": "100 % mittel, trocken (vermutet) (M3)" }, "geometry": { "type": "Polygon", "coordinates": [ [ [ 13.58617, 52.75361 ], [ 13.58549, 52.75345 ], [ 13.58532, 52.75331 ], [ 13.58502, 52.75331 ], [ 13.58455, 52.75315 ], [ 13.58401, 52.75272 ], [ 13.58382, 52.75264 ], [ 13.58368, 52.75268 ], [ 13.58341, 52.75297 ], [ 13.58311, 52.75305 ], [ 13.5828, 52.75307 ], [ 13.58238, 52.75299 ], [ 13.58179, 52.75267 ], [ 13.58139, 52.75256 ], [ 13.58075, 52.75276 ], [ 13.57999, 52.75316 ], [ 13.5801, 52.75324 ], [ 13.58031, 52.75329 ], [ 13.58169, 52.75353 ], [ 13.58218, 52.75372 ], [ 13.58226, 52.75369 ], [ 13.58225, 52.75358 ], [ 13.58197, 52.75341 ], [ 13.58262, 52.75341 ], [ 13.58388, 52.7535 ], [ 13.58446, 52.75368 ], [ 13.585, 52.75373 ], [ 13.58584, 52.75374 ], [ 13.5868, 52.75366 ], [ 13.58617, 52.75361 ] ] ] } },
{ "type": "Feature", "properties": { "boden": "100 % mittel, trocken (vermutet) (M3)" }, "geometry": { "type": "Polygon", "coordinates": [ [ [ 13.57285, 52.75363 ], [ 13.57319, 52.75361 ], [ 13.57344, 52.75338 ], [ 13.57446, 52.75281 ], [ 13.57455, 52.75274 ], [ 13.57457, 52.75258 ], [ 13.57441, 52.75257 ], [ 13.57418, 52.75264 ], [ 13.57324, 52.75309 ], [ 13.57265, 52.75344 ], [ 13.57267, 52.75353 ], [ 13.57285, 52.75363 ] ] ] } },
{ "type": "Feature", "properties": { "boden": "30 % mittel, trocken (vermutet) (M3) · 40 % mittel, trocken (vermutet) (M3) · 30 % mittel, trocken (vermutet) (M3)" }, "geometry": { "type": "Polygon", "coordinates": [ [ [ 13.60388, 52.751 ], [ 13.60356, 52.75205 ], [ 13.60436, 52.75184 ], [ 13.6055, 52.75179 ], [ 13.60559, 52.75159 ], [ 13.60557, 52.75113 ], [ 13.60535, 52.75082 ], [ 13.60478, 52.75044 ], [ 13.60456, 52.75047 ], [ 13.60441, 52.75055 ], [ 13.60412, 52.7509 ], [ 13.60388, 52.751 ] ] ] } },
{ "type": "Feature", "properties": { "boden": "40 % kräftig, mäßig frisch (K2) · 40 % mittel, mäßig frisch (M2) · 20 % mittel, mäßig frisch (M+2)" }, "geometry": { "type": "Polygon", "coordinates": [ [ [ 13.59929, 52.75133 ], [ 13.59858, 52.75134 ], [ 13.59917, 52.75152 ], [ 13.59956, 52.75157 ], [ 13.59929, 52.75133 ] ] ] } },
{ "type": "Feature", "properties": { "boden": "40 % mittel, trocken (vermutet) (M3) · 30 % mittel, trocken (vermutet) (M3) · 30 % mittel, trocken (vermutet) (M3)" }, "geometry": { "type": "Polygon", "coordinates": [ [ [ 13.60356, 52.75205 ], [ 13.60388, 52.751 ], [ 13.60342, 52.75116 ], [ 13.6022, 52.7514 ], [ 13.60163, 52.75166 ], [ 13.60066, 52.75187 ], [ 13.60043, 52.75185 ], [ 13.59956, 52.75157 ], [ 13.60023, 52.75216 ], [ 13.60031, 52.75214 ], [ 13.60116, 52.75229 ], [ 13.60113, 52.75232 ], [ 13.60178, 52.75252 ], [ 13.60253, 52.75217 ], [ 13.60356, 52.75205 ] ] ] } },
{ "type": "Feature", "properties": { "boden": "30 % mittel, mäßig frisch (M2) · 40 % mittel, mäßig frisch (M2) · 30 % mittel, mäßig frisch (M2)" }, "geometry": { "type": "Polygon", "coordinates": [ [ [ 13.60642, 52.75234 ], [ 13.60602, 52.75222 ], [ 13.60599, 52.75201 ], [ 13.60616, 52.75168 ], [ 13.6061, 52.75119 ], [ 13.60544, 52.75053 ], [ 13.60577, 52.75095 ], [ 13.60587, 52.75127 ], [ 13.60554, 52.75215 ], [ 13.60496, 52.75268 ], [ 13.60487, 52.75283 ], [ 13.60486, 52.75309 ], [ 13.60499, 52.75321 ], [ 13.60551, 52.75321 ], [ 13.60585, 52.75309 ], [ 13.60616, 52.75253 ], [ 13.60642, 52.75234 ] ] ] } },
{ "type": "Feature", "properties": { "boden": "40 % kräftig, trocken (vermutet) (K3) · 40 % mittel, trocken (vermutet) (M3) · 20 % mittel, trocken (vermutet) (M+3)" }, "geometry": { "type": "Polygon", "coordinates": [ [ [ 13.59934, 52.75208 ], [ 13.60023, 52.75216 ], [ 13.59956, 52.75157 ], [ 13.59917, 52.75152 ], [ 13.59858, 52.75134 ], [ 13.598, 52.75137 ], [ 13.59756, 52.75161 ], [ 13.59717, 52.75174 ], [ 13.59686, 52.75199 ], [ 13.5967, 52.75203 ], [ 13.59605, 52.7524 ], [ 13.59623, 52.75245 ], [ 13.59655, 52.75246 ], [ 13.59695, 52.7524 ], [ 13.598, 52.7521 ], [ 13.59829, 52.75209 ], [ 13.59889, 52.75215 ], [ 13.59934, 52.75208 ] ] ] } },
{ "type": "Feature", "properties": { "boden": "30 % mittel, trocken (vermutet) (M3) · 40 % mittel, trocken (vermutet) (M3) · 30 % mittel, trocken (vermutet) (M3)" }, "geometry": { "type": "Polygon", "coordinates": [ [ [ 13.60749, 52.75267 ], [ 13.60706, 52.75254 ], [ 13.60689, 52.7526 ], [ 13.60672, 52.75254 ], [ 13.6066, 52.75255 ], [ 13.60645, 52.75287 ], [ 13.60647, 52.75295 ], [ 13.60684, 52.75301 ], [ 13.60743, 52.75291 ], [ 13.60756, 52.75276 ], [ 13.60749, 52.75267 ] ] ] } },
{ "type": "Feature", "properties": { "boden": "40 % mittel, trocken (vermutet) (M3) · 30 % mittel, trocken (vermutet) (M3) · 30 % mittel, trocken (vermutet) (M3)" }, "geometry": { "type": "Polygon", "coordinates": [ [ [ 13.6015, 52.75297 ], [ 13.60119, 52.75305 ], [ 13.60104, 52.75315 ], [ 13.60104, 52.7532 ], [ 13.60145, 52.75315 ], [ 13.60168, 52.75305 ], [ 13.60172, 52.75299 ], [ 13.6015, 52.75297 ] ] ] } },
{ "type": "Feature", "properties": { "boden": "30 % mittel, mäßig frisch (M2) · 40 % mittel, mäßig frisch (M2) · 30 % mittel, mäßig frisch (M2)" }, "geometry": { "type": "Polygon", "coordinates": [ [ [ 13.60493, 52.75485 ], [ 13.60516, 52.75454 ], [ 13.60565, 52.75408 ], [ 13.60603, 52.75385 ], [ 13.6062, 52.75384 ], [ 13.60632, 52.75395 ], [ 13.60632, 52.75406 ], [ 13.60594, 52.75425 ], [ 13.60573, 52.75464 ], [ 13.60673, 52.75421 ], [ 13.60695, 52.75387 ], [ 13.60704, 52.75388 ], [ 13.607, 52.75381 ], [ 13.6066, 52.75357 ], [ 13.60653, 52.75347 ], [ 13.60663, 52.7533 ], [ 13.60676, 52.75327 ], [ 13.60706, 52.75331 ], [ 13.60709, 52.75362 ], [ 13.60724, 52.75378 ], [ 13.60794, 52.75389 ], [ 13.60838, 52.7533 ], [ 13.60795, 52.75286 ], [ 13.60776, 52.75254 ], [ 13.60735, 52.75254 ], [ 13.60642, 52.75234 ], [ 13.60616, 52.75253 ], [ 13.60594, 52.75298 ], [ 13.60575, 52.75315 ], [ 13.60524, 52.75323 ], [ 13.60499, 52.75321 ], [ 13.60491, 52.75316 ], [ 13.60484, 52.753 ], [ 13.60487, 52.75283 ], [ 13.60496, 52.75268 ], [ 13.60554, 52.75215 ], [ 13.60584, 52.75144 ], [ 13.60585, 52.75111 ], [ 13.60541, 52.75049 ], [ 13.60464, 52.75014 ], [ 13.60402, 52.75005 ], [ 13.60417, 52.75028 ], [ 13.60388, 52.751 ], [ 13.60412, 52.7509 ], [ 13.60441, 52.75055 ], [ 13.60456, 52.75047 ], [ 13.60478, 52.75044 ], [ 13.60516, 52.75067 ], [ 13.60548, 52.75097 ], [ 13.60561, 52.75129 ], [ 13.60559, 52.75159 ], [ 13.6055, 52.75179 ], [ 13.60541, 52.75181 ], [ 13.60436, 52.75184 ], [ 13.60356, 52.75205 ], [ 13.60315, 52.75338 ], [ 13.6028, 52.7536 ], [ 13.60221, 52.75385 ], [ 13.60197, 52.75423 ], [ 13.60188, 52.75459 ], [ 13.60213, 52.75472 ], [ 13.60242, 52.75501 ], [ 13.60215, 52.75622 ], [ 13.60222, 52.75631 ], [ 13.6027, 52.75614 ], [ 13.60296, 52.75613 ], [ 13.60315, 52.75618 ], [ 13.60295, 52.75638 ], [ 13.60261, 52.75655 ], [ 13.60279, 52.75654 ], [ 13.60307, 52.7564 ], [ 13.60349, 52.75573 ], [ 13.60399, 52.75511 ], [ 13.60493, 52.75485 ] ], [ [ 13.60348, 52.75452 ], [ 13.60381, 52.75464 ], [ 13.60384, 52.75471 ], [ 13.60378, 52.75477 ], [ 13.60335, 52.75491 ], [ 13.60312, 52.7551 ], [ 13.60345, 52.75545 ], [ 13.60347, 52.75558 ], [ 13.60334, 52.75566 ], [ 13.60292, 52.75562 ], [ 13.60272, 52.75551 ], [ 13.60264, 52.75535 ], [ 13.60271, 52.75501 ], [ 13.60264, 52.75467 ], [ 13.60308, 52.75452 ], [ 13.60348, 52.75452 ] ], [ [ 13.60485, 52.75362 ], [ 13.60508, 52.75388 ], [ 13.60517, 52.75409 ], [ 13.60516, 52.75433 ], [ 13.60506, 52.75442 ], [ 13.60474, 52.75455 ], [ 13.60438, 52.75457 ], [ 13.60397, 52.75437 ], [ 13.60374, 52.75412 ], [ 13.60416, 52.75366 ], [ 13.60439, 52.75353 ], [ 13.60461, 52.7535 ], [ 13.60485, 52.75362 ] ], [ [ 13.60579, 52.75338 ], [ 13.60571, 52.75349 ], [ 13.60553, 52.75353 ], [ 13.60535, 52.75348 ], [ 13.60528, 52.75337 ], [ 13.60536, 52.75327 ], [ 13.60554, 52.75322 ], [ 13.60572, 52.75327 ], [ 13.60579, 52.75338 ] ], [ [ 13.60432, 52.75285 ], [ 13.6043, 52.75291 ], [ 13.60409, 52.75296 ], [ 13.60393, 52.75305 ], [ 13.60355, 52.75358 ], [ 13.6033, 52.75378 ], [ 13.60287, 52.75397 ], [ 13.60277, 52.75394 ], [ 13.60271, 52.75384 ], [ 13.60332, 52.75347 ], [ 13.60339, 52.75307 ], [ 13.60354, 52.75287 ], [ 13.60389, 52.75281 ], [ 13.60432, 52.75285 ] ], [ [ 13.60749, 52.75267 ], [ 13.60756, 52.75282 ], [ 13.6073, 52.75295 ], [ 13.60684, 52.75301 ], [ 13.60647, 52.75295 ], [ 13.60656, 52.7526 ], [ 13.60666, 52.75253 ], [ 13.60689, 52.7526 ], [ 13.60706, 52.75254 ], [ 13.60725, 52.75256 ], [ 13.60749, 52.75267 ] ] ] } },
{ "type": "Feature", "properties": { "boden": "30 % mittel, mäßig frisch (M2) · 40 % mittel, mäßig frisch (M2) · 30 % mittel, mäßig frisch (M2)" }, "geometry": { "type": "Polygon", "coordinates": [ [ [ 13.60554, 52.75322 ], [ 13.60536, 52.75327 ], [ 13.60528, 52.75337 ], [ 13.60535, 52.75348 ], [ 13.60553, 52.75353 ], [ 13.60571, 52.75349 ], [ 13.60579, 52.75338 ], [ 13.60572, 52.75327 ], [ 13.60554, 52.75322 ] ] ] } },
{ "type": "Feature", "properties": { "boden": "30 % mittel, trocken (vermutet) (M3) · 40 % mittel, trocken (vermutet) (M3) · 30 % mittel, trocken (vermutet) (M3)" }, "geometry": { "type": "Polygon", "coordinates": [ [ [ 13.60418, 52.75282 ], [ 13.60365, 52.75283 ], [ 13.60346, 52.75294 ], [ 13.60332, 52.75347 ], [ 13.60271, 52.75384 ], [ 13.60277, 52.75394 ], [ 13.60287, 52.75397 ], [ 13.6033, 52.75378 ], [ 13.60355, 52.75358 ], [ 13.60393, 52.75305 ], [ 13.60434, 52.75287 ], [ 13.60418, 52.75282 ] ] ] } },
{ "type": "Feature", "properties": { "boden": "100 % mittel, trocken (vermutet) (M3)" }, "geometry": { "type": "Polygon", "coordinates": [ [ [ 13.58585, 52.75103 ], [ 13.58565, 52.75104 ], [ 13.58513, 52.75118 ], [ 13.58502, 52.75128 ], [ 13.5851, 52.75148 ], [ 13.58554, 52.75154 ], [ 13.58602, 52.7514 ], [ 13.58615, 52.75129 ], [ 13.58617, 52.75117 ], [ 13.58612, 52.75109 ], [ 13.58585, 52.75103 ] ] ] } },
{ "type": "Feature", "properties": { "boden": "40 % kräftig, mäßig frisch (K2) · 40 % mittel, mäßig frisch (M2) · 20 % mittel, mäßig frisch (M+2)" }, "geometry": { "type": "Polygon", "coordinates": [ [ [ 13.59654, 52.75268 ], [ 13.59889, 52.75215 ], [ 13.59829, 52.75209 ], [ 13.598, 52.7521 ], [ 13.59674, 52.75244 ], [ 13.59607, 52.75242 ], [ 13.59614, 52.75232 ], [ 13.5967, 52.75203 ], [ 13.59686, 52.75199 ], [ 13.59717, 52.75174 ], [ 13.59756, 52.75161 ], [ 13.598, 52.75137 ], [ 13.59769, 52.75139 ], [ 13.59696, 52.75159 ], [ 13.59657, 52.75191 ], [ 13.59527, 52.75256 ], [ 13.5941, 52.75264 ], [ 13.59416, 52.75287 ], [ 13.59445, 52.75272 ], [ 13.59501, 52.75276 ], [ 13.59574, 52.75254 ], [ 13.59654, 52.75268 ] ] ] } },
{ "type": "Feature", "properties": { "boden": "40 % kräftig, trocken (vermutet) (K3) · 40 % mittel, trocken (vermutet) (M3) · 20 % mittel, trocken (vermutet) (M+3)" }, "geometry": { "type": "Polygon", "coordinates": [ [ [ 13.59506, 52.75315 ], [ 13.59591, 52.75279 ], [ 13.59654, 52.75268 ], [ 13.59574, 52.75254 ], [ 13.59501, 52.75276 ], [ 13.59445, 52.75272 ], [ 13.59416, 52.75287 ], [ 13.59386, 52.75317 ], [ 13.59392, 52.75339 ], [ 13.5941, 52.75344 ], [ 13.59426, 52.75332 ], [ 13.59452, 52.75324 ], [ 13.59495, 52.75329 ], [ 13.59506, 52.75315 ] ] ] } },
{ "type": "Feature", "properties": { "boden": "100 % mittel, mäßig frisch (M2)" }, "geometry": { "type": "Polygon", "coordinates": [ [ [ 13.58465, 52.75267 ], [ 13.5845, 52.75276 ], [ 13.58459, 52.75291 ], [ 13.58482, 52.75303 ], [ 13.58513, 52.75308 ], [ 13.58512, 52.75296 ], [ 13.58496, 52.75291 ], [ 13.58465, 52.75267 ] ] ] } },
{ "type": "Feature", "properties": { "boden": "40 % kräftig, mäßig frisch (K2) · 40 % mittel, mäßig frisch (M2) · 20 % mittel, mäßig frisch (M+2)" }, "geometry": { "type": "Polygon", "coordinates": [ [ [ 13.59465, 52.75324 ], [ 13.59439, 52.75327 ], [ 13.5941, 52.75344 ], [ 13.5947, 52.75359 ], [ 13.59495, 52.75329 ], [ 13.59465, 52.75324 ] ] ] } },
{ "type": "Feature", "properties": { "boden": "40 % kräftig, trocken (vermutet) (K3) · 40 % mittel, trocken (vermutet) (M3) · 20 % mittel, trocken (vermutet) (M+3)" }, "geometry": { "type": "Polygon", "coordinates": [ [ [ 13.5911, 52.75375 ], [ 13.5915, 52.75422 ], [ 13.59198, 52.75506 ], [ 13.592, 52.75465 ], [ 13.59191, 52.75436 ], [ 13.59146, 52.75364 ], [ 13.59147, 52.75286 ], [ 13.59132, 52.75273 ], [ 13.59112, 52.75269 ], [ 13.59083, 52.75274 ], [ 13.5911, 52.75375 ] ] ] } },
{ "type": "Feature", "properties": { "boden": "100 % mittel, mäßig frisch (M2)" }, "geometry": { "type": "Polygon", "coordinates": [ [ [ 13.58393, 52.7537 ], [ 13.58377, 52.75374 ], [ 13.58368, 52.75385 ], [ 13.58373, 52.75395 ], [ 13.58392, 52.75401 ], [ 13.58409, 52.75398 ], [ 13.58418, 52.75386 ], [ 13.58409, 52.75374 ], [ 13.58393, 52.7537 ] ] ] } },
{ "type": "Feature", "properties": { "boden": "40 % kräftig, trocken (vermutet) (K3) · 40 % mittel, trocken (vermutet) (M3) · 20 % mittel, trocken (vermutet) (M+3)" }, "geometry": { "type": "Polygon", "coordinates": [ [ [ 13.59299, 52.75313 ], [ 13.5931, 52.75369 ], [ 13.59327, 52.75395 ], [ 13.59349, 52.75413 ], [ 13.59362, 52.75448 ], [ 13.59354, 52.75526 ], [ 13.59341, 52.75552 ], [ 13.59319, 52.75569 ], [ 13.59317, 52.75582 ], [ 13.59336, 52.75592 ], [ 13.5937, 52.75595 ], [ 13.59388, 52.75467 ], [ 13.59419, 52.75439 ], [ 13.59364, 52.75392 ], [ 13.59299, 52.75313 ] ] ] } },
{ "type": "Feature", "properties": { "boden": "40 % kräftig, mäßig frisch (K2) · 40 % mittel, mäßig frisch (M2) · 20 % mittel, mäßig frisch (M+2)" }, "geometry": { "type": "Polygon", "coordinates": [ [ [ 13.5937, 52.75595 ], [ 13.59336, 52.75592 ], [ 13.59317, 52.75582 ], [ 13.59319, 52.75569 ], [ 13.59341, 52.75552 ], [ 13.59354, 52.75526 ], [ 13.59362, 52.75448 ], [ 13.59349, 52.75413 ], [ 13.59327, 52.75395 ], [ 13.5931, 52.75369 ], [ 13.59299, 52.75313 ], [ 13.59286, 52.75298 ], [ 13.59255, 52.75304 ], [ 13.59314, 52.7542 ], [ 13.59312, 52.7544 ], [ 13.59293, 52.75454 ], [ 13.59291, 52.75463 ], [ 13.59324, 52.75546 ], [ 13.59302, 52.75589 ], [ 13.59319, 52.75604 ], [ 13.59362, 52.75611 ], [ 13.59367, 52.75611 ], [ 13.5937, 52.75595 ] ] ] } },
{ "type": "Feature", "properties": { "boden": "40 % kräftig, mäßig frisch (K2) · 40 % mittel, mäßig frisch (M2) · 20 % mittel, mäßig frisch (M+2)" }, "geometry": { "type": "Polygon", "coordinates": [ [ [ 13.59296, 52.75651 ], [ 13.59279, 52.7563 ], [ 13.59265, 52.75595 ], [ 13.5928, 52.7556 ], [ 13.59282, 52.7554 ], [ 13.59239, 52.75412 ], [ 13.59209, 52.75374 ], [ 13.59172, 52.753 ], [ 13.59161, 52.75346 ], [ 13.59204, 52.75431 ], [ 13.59219, 52.75522 ], [ 13.59183, 52.75555 ], [ 13.59167, 52.75601 ], [ 13.5915, 52.75614 ], [ 13.59149, 52.7563 ], [ 13.59163, 52.75645 ], [ 13.59183, 52.75652 ], [ 13.59313, 52.75658 ], [ 13.59296, 52.75651 ] ] ] } },
{ "type": "Feature", "properties": { "boden": "30 % mittel, mäßig frisch (M2) · 40 % mittel, mäßig frisch (M2) · 30 % mittel, mäßig frisch (M2)" }, "geometry": { "type": "Polygon", "coordinates": [ [ [ 13.60653, 52.75347 ], [ 13.6066, 52.75357 ], [ 13.60677, 52.75362 ], [ 13.60695, 52.75358 ], [ 13.60703, 52.75347 ], [ 13.60696, 52.75336 ], [ 13.60678, 52.75332 ], [ 13.6066, 52.75336 ], [ 13.60653, 52.75347 ] ] ] } },
{ "type": "Feature", "properties": { "boden": "40 % mittel, mäßig frisch (M2) · 30 % mittel, mäßig frisch (M2) · 30 % mittel, mäßig frisch (M2)" }, "geometry": { "type": "Polygon", "coordinates": [ [ [ 13.6031, 52.75338 ], [ 13.60301, 52.75307 ], [ 13.60274, 52.75292 ], [ 13.60223, 52.75304 ], [ 13.60161, 52.75333 ], [ 13.60138, 52.75353 ], [ 13.60113, 52.75399 ], [ 13.60115, 52.75423 ], [ 13.60133, 52.75457 ], [ 13.60149, 52.75453 ], [ 13.60188, 52.75459 ], [ 13.60197, 52.75423 ], [ 13.60221, 52.75385 ], [ 13.6028, 52.7536 ], [ 13.6031, 52.75338 ] ] ] } },
{ "type": "Feature", "properties": { "boden": "30 % mittel, mäßig frisch (M2) · 40 % mittel, mäßig frisch (M2) · 30 % mittel, mäßig frisch (M2)" }, "geometry": { "type": "Polygon", "coordinates": [ [ [ 13.60461, 52.7535 ], [ 13.60439, 52.75353 ], [ 13.60416, 52.75366 ], [ 13.60374, 52.75412 ], [ 13.60397, 52.75437 ], [ 13.60416, 52.75449 ], [ 13.6045, 52.75458 ], [ 13.60474, 52.75455 ], [ 13.60506, 52.75442 ], [ 13.60518, 52.75427 ], [ 13.60502, 52.75378 ], [ 13.60485, 52.75362 ], [ 13.60461, 52.7535 ] ] ] } },
{ "type": "Feature", "properties": { "boden": "40 % mittel, mäßig frisch (M2) · 30 % mittel, mäßig frisch (M2) · 30 % mittel, mäßig frisch (M2)" }, "geometry": { "type": "Polygon", "coordinates": [ [ [ 13.60074, 52.75537 ], [ 13.60089, 52.75501 ], [ 13.60131, 52.75466 ], [ 13.60112, 52.75411 ], [ 13.60123, 52.75375 ], [ 13.60138, 52.75353 ], [ 13.60161, 52.75333 ], [ 13.60199, 52.75313 ], [ 13.60261, 52.75293 ], [ 13.60274, 52.75292 ], [ 13.60296, 52.75302 ], [ 13.60307, 52.75319 ], [ 13.60307, 52.75342 ], [ 13.60315, 52.75338 ], [ 13.60356, 52.75205 ], [ 13.60253, 52.75217 ], [ 13.60178, 52.75252 ], [ 13.60113, 52.75232 ], [ 13.59845, 52.75502 ], [ 13.5983, 52.75567 ], [ 13.59906, 52.75569 ], [ 13.59954, 52.75579 ], [ 13.60019, 52.75579 ], [ 13.60035, 52.75584 ], [ 13.59997, 52.75603 ], [ 13.59954, 52.75612 ], [ 13.59892, 52.75615 ], [ 13.59819, 52.75613 ], [ 13.59815, 52.75627 ], [ 13.59942, 52.75626 ], [ 13.59986, 52.75615 ], [ 13.60024, 52.75595 ], [ 13.60062, 52.75564 ], [ 13.60079, 52.75546 ], [ 13.60074, 52.75537 ] ], [ [ 13.60052, 52.75472 ], [ 13.60051, 52.7549 ], [ 13.60017, 52.75518 ], [ 13.59994, 52.75527 ], [ 13.59963, 52.75529 ], [ 13.59937, 52.75536 ], [ 13.59909, 52.75533 ], [ 13.59904, 52.75515 ], [ 13.59913, 52.75502 ], [ 13.59964, 52.75494 ], [ 13.60022, 52.75469 ], [ 13.60052, 52.75472 ] ], [ [ 13.6, 52.75455 ], [ 13.59992, 52.75466 ], [ 13.59974, 52.7547 ], [ 13.59957, 52.75465 ], [ 13.5995, 52.75455 ], [ 13.59958, 52.75444 ], [ 13.59975, 52.7544 ], [ 13.59993, 52.75444 ], [ 13.6, 52.75455 ] ], [ [ 13.60172, 52.75299 ], [ 13.60145, 52.75315 ], [ 13.60104, 52.7532 ], [ 13.60104, 52.75315 ], [ 13.60129, 52.75301 ], [ 13.6015, 52.75297 ], [ 13.60172, 52.75299 ] ] ] } },
{ "type": "Feature", "properties": { "boden": "30 % mittel, trocken (vermutet) (M3) · 40 % mittel, trocken (vermutet) (M3) · 30 % mittel, trocken (vermutet) (M3)" }, "geometry": { "type": "Polygon", "coordinates": [ [ [ 13.60573, 52.75464 ], [ 13.60594, 52.75425 ], [ 13.60632, 52.75406 ], [ 13.60632, 52.75395 ], [ 13.6062, 52.75384 ], [ 13.60592, 52.7539 ], [ 13.60565, 52.75408 ], [ 13.60516, 52.75454 ], [ 13.60494, 52.75487 ], [ 13.60573, 52.75464 ] ] ] } },
{ "type": "Feature", "properties": { "boden": "40 % mittel, mäßig frisch (M2) · 30 % mittel, mäßig frisch (M2) · 30 % mittel, mäßig frisch (M2)" }, "geometry": { "type": "Polygon", "coordinates": [ [ [ 13.59975, 52.7544 ], [ 13.59958, 52.75444 ], [ 13.5995, 52.75455 ], [ 13.59957, 52.75465 ], [ 13.59974, 52.7547 ], [ 13.59992, 52.75466 ], [ 13.6, 52.75455 ], [ 13.59993, 52.75444 ], [ 13.59975, 52.7544 ] ] ] } },
{ "type": "Feature", "properties": { "boden": "40 % kräftig, trocken (vermutet) (K3) · 40 % mittel, trocken (vermutet) (M3) · 20 % mittel, trocken (vermutet) (M+3)" }, "geometry": { "type": "Polygon", "coordinates": [ [ [ 13.60573, 52.75464 ], [ 13.60494, 52.75487 ], [ 13.60511, 52.755 ], [ 13.60536, 52.755 ], [ 13.60557, 52.75492 ], [ 13.60573, 52.75464 ] ] ] } },
{ "type": "Feature", "properties": { "boden": "40 % mittel, trocken (vermutet) (M3) · 30 % mittel, trocken (vermutet) (M3) · 30 % mittel, trocken (vermutet) (M3)" }, "geometry": { "type": "Polygon", "coordinates": [ [ [ 13.60033, 52.75468 ], [ 13.6001, 52.75472 ], [ 13.59964, 52.75494 ], [ 13.59913, 52.75502 ], [ 13.59904, 52.75515 ], [ 13.59909, 52.75533 ], [ 13.59937, 52.75536 ], [ 13.59963, 52.75529 ], [ 13.59994, 52.75527 ], [ 13.60017, 52.75518 ], [ 13.60037, 52.75505 ], [ 13.60055, 52.75482 ], [ 13.60052, 52.75472 ], [ 13.60033, 52.75468 ] ] ] } },
{ "type": "Feature", "properties": { "boden": "30 % mittel, trocken (vermutet) (M3) · 40 % mittel, trocken (vermutet) (M3) · 30 % mittel, trocken (vermutet) (M3)" }, "geometry": { "type": "Polygon", "coordinates": [ [ [ 13.60321, 52.75451 ], [ 13.60282, 52.75458 ], [ 13.60261, 52.75473 ], [ 13.6027, 52.75493 ], [ 13.60263, 52.75526 ], [ 13.60272, 52.75551 ], [ 13.60292, 52.75562 ], [ 13.60322, 52.75566 ], [ 13.60343, 52.75563 ], [ 13.60345, 52.75545 ], [ 13.60312, 52.7551 ], [ 13.60335, 52.75491 ], [ 13.60378, 52.75477 ], [ 13.60384, 52.75471 ], [ 13.60368, 52.75457 ], [ 13.60321, 52.75451 ] ] ] } },
{ "type": "Feature", "properties": { "boden": "40 % mittel, mäßig frisch (M2) · 30 % mittel, mäßig frisch (M2) · 30 % mittel, mäßig frisch (M2)" }, "geometry": { "type": "Polygon", "coordinates": [ [ [ 13.6011, 52.75483 ], [ 13.60075, 52.75524 ], [ 13.60079, 52.75546 ], [ 13.60104, 52.75512 ], [ 13.6011, 52.75483 ] ] ] } },
{ "type": "Feature", "properties": { "boden": "100 % kräftig, mäßig frisch (K2)" }, "geometry": { "type": "Polygon", "coordinates": [ [ [ 13.61139, 52.70248 ], [ 13.61226, 52.70241 ], [ 13.61268, 52.70244 ], [ 13.61346, 52.7027 ], [ 13.6144, 52.70288 ], [ 13.61457, 52.70284 ], [ 13.61466, 52.70273 ], [ 13.61462, 52.70249 ], [ 13.61449, 52.70242 ], [ 13.61293, 52.70212 ], [ 13.61267, 52.70202 ], [ 13.61233, 52.70178 ], [ 13.61082, 52.70176 ], [ 13.61139, 52.70248 ] ], [ [ 13.61182, 52.70227 ], [ 13.61176, 52.70237 ], [ 13.61157, 52.70242 ], [ 13.61141, 52.70238 ], [ 13.61132, 52.70226 ], [ 13.61141, 52.70215 ], [ 13.61158, 52.70211 ], [ 13.61174, 52.70215 ], [ 13.61182, 52.70227 ] ] ] } },
{ "type": "Feature", "properties": { "boden": "100 % kräftig, mäßig frisch (K2)" }, "geometry": { "type": "Polygon", "coordinates": [ [ [ 13.61158, 52.70211 ], [ 13.61141, 52.70215 ], [ 13.61132, 52.70226 ], [ 13.61141, 52.70238 ], [ 13.61157, 52.70242 ], [ 13.61176, 52.70237 ], [ 13.61182, 52.70227 ], [ 13.61174, 52.70215 ], [ 13.61158, 52.70211 ] ] ] } },
{ "type": "Feature", "properties": { "boden": "60 % ziemlich arm, mäßig frisch (Z2) · 40 % arm, mäßig frisch (A2)" }, "geometry": { "type": "Polygon", "coordinates": [ [ [ 13.61432, 52.70605 ], [ 13.61509, 52.7055 ], [ 13.61595, 52.70528 ], [ 13.61657, 52.70529 ], [ 13.61712, 52.70539 ], [ 13.6176, 52.70556 ], [ 13.61809, 52.70583 ], [ 13.61871, 52.70635 ], [ 13.61885, 52.70618 ], [ 13.62116, 52.70671 ], [ 13.6218, 52.70581 ], [ 13.6221, 52.70555 ], [ 13.6225, 52.70531 ], [ 13.62116, 52.70389 ], [ 13.61901, 52.70186 ], [ 13.61233, 52.70178 ], [ 13.61267, 52.70202 ], [ 13.61293, 52.70212 ], [ 13.61449, 52.70242 ], [ 13.61462, 52.70249 ], [ 13.61466, 52.70261 ], [ 13.61466, 52.70273 ], [ 13.61449, 52.70287 ], [ 13.61346, 52.7027 ], [ 13.61268, 52.70244 ], [ 13.61226, 52.70241 ], [ 13.61139, 52.70248 ], [ 13.61136, 52.70273 ], [ 13.61165, 52.70313 ], [ 13.61159, 52.70376 ], [ 13.61107, 52.70442 ], [ 13.6109, 52.70454 ], [ 13.61094, 52.70529 ], [ 13.61073, 52.70576 ], [ 13.61087, 52.70579 ], [ 13.61165, 52.70622 ], [ 13.61204, 52.70635 ], [ 13.61276, 52.70639 ], [ 13.61299, 52.70647 ], [ 13.6138, 52.70709 ], [ 13.61387, 52.70708 ], [ 13.6139, 52.70658 ], [ 13.61432, 52.70605 ] ] ] } },
{ "type": "Feature", "properties": { "boden": "100 % mittel, mäßig frisch (M2)" }, "geometry": { "type": "Polygon", "coordinates": [ [ [ 13.61839, 52.70605 ], [ 13.6176, 52.70556 ], [ 13.61712, 52.70539 ], [ 13.61657, 52.70529 ], [ 13.61595, 52.70528 ], [ 13.61509, 52.7055 ], [ 13.61444, 52.70594 ], [ 13.61406, 52.70637 ], [ 13.61551, 52.70845 ], [ 13.61657, 52.70741 ], [ 13.61585, 52.70727 ], [ 13.61627, 52.70679 ], [ 13.61657, 52.70632 ], [ 13.61673, 52.70632 ], [ 13.61711, 52.70646 ], [ 13.6184, 52.70673 ], [ 13.61871, 52.70635 ], [ 13.61839, 52.70605 ] ] ] } },
{ "type": "Feature", "properties": { "boden": "100 % ziemlich arm, mäßig frisch (Z2)" }, "geometry": { "type": "Polygon", "coordinates": [ [ [ 13.61573, 52.70877 ], [ 13.61406, 52.70637 ], [ 13.6139, 52.70658 ], [ 13.61387, 52.70708 ], [ 13.6138, 52.70709 ], [ 13.61299, 52.70647 ], [ 13.61276, 52.70639 ], [ 13.61204, 52.70635 ], [ 13.61165, 52.70622 ], [ 13.61087, 52.70579 ], [ 13.61073, 52.70576 ], [ 13.61022, 52.70623 ], [ 13.60956, 52.70637 ], [ 13.60915, 52.7065 ], [ 13.60865, 52.70693 ], [ 13.60853, 52.70735 ], [ 13.60859, 52.70748 ], [ 13.60876, 52.70759 ], [ 13.60949, 52.70783 ], [ 13.61156, 52.70809 ], [ 13.61204, 52.70834 ], [ 13.61204, 52.70842 ], [ 13.61232, 52.70835 ], [ 13.61261, 52.70834 ], [ 13.61295, 52.7084 ], [ 13.61328, 52.70853 ], [ 13.61355, 52.70843 ], [ 13.61399, 52.70835 ], [ 13.61438, 52.7084 ], [ 13.61535, 52.70876 ], [ 13.61573, 52.70877 ] ] ] } },
{ "type": "Feature", "properties": { "boden": "100 % mittel, mäßig frisch (M2)" }, "geometry": { "type": "Polygon", "coordinates": [ [ [ 13.6158, 52.70988 ], [ 13.61563, 52.70992 ], [ 13.61554, 52.71003 ], [ 13.61563, 52.71015 ], [ 13.61579, 52.71019 ], [ 13.61598, 52.71014 ], [ 13.61604, 52.71004 ], [ 13.61596, 52.70992 ], [ 13.6158, 52.70988 ] ] ] } },
{ "type": "Feature", "properties": { "boden": "60 % ziemlich arm, mäßig frisch (Z2) · 40 % arm, mäßig frisch (A2)" }, "geometry": { "type": "Polygon", "coordinates": [ [ [ 13.61583, 52.71343 ], [ 13.61565, 52.7123 ], [ 13.61539, 52.71178 ], [ 13.61475, 52.7109 ], [ 13.61447, 52.71036 ], [ 13.61471, 52.70994 ], [ 13.61492, 52.70975 ], [ 13.61497, 52.70957 ], [ 13.61485, 52.7094 ], [ 13.61418, 52.70907 ], [ 13.61328, 52.70853 ], [ 13.61295, 52.7084 ], [ 13.61261, 52.70834 ], [ 13.61232, 52.70835 ], [ 13.61204, 52.70842 ], [ 13.61172, 52.70862 ], [ 13.61145, 52.70898 ], [ 13.61135, 52.70953 ], [ 13.61107, 52.70967 ], [ 13.61086, 52.70972 ], [ 13.61032, 52.70972 ], [ 13.60961, 52.70958 ], [ 13.60917, 52.70964 ], [ 13.60918, 52.70983 ], [ 13.60928, 52.70992 ], [ 13.61078, 52.71032 ], [ 13.61153, 52.71074 ], [ 13.61171, 52.71088 ], [ 13.61184, 52.71107 ], [ 13.61185, 52.71147 ], [ 13.61176, 52.71162 ], [ 13.61146, 52.71185 ], [ 13.61383, 52.71259 ], [ 13.61375, 52.71265 ], [ 13.61399, 52.71273 ], [ 13.61414, 52.71328 ], [ 13.61434, 52.71352 ], [ 13.61469, 52.71374 ], [ 13.61517, 52.71387 ], [ 13.61543, 52.71386 ], [ 13.61568, 52.71374 ], [ 13.61583, 52.71343 ] ] ] } },
{ "type": "Feature", "properties": { "boden": "100 % mittel, mäßig frisch (M2)" }, "geometry": { "type": "Polygon", "coordinates": [ [ [ 13.61559, 52.70879 ], [ 13.61504, 52.70866 ], [ 13.61438, 52.7084 ], [ 13.61399, 52.70835 ], [ 13.61355, 52.70843 ], [ 13.61328, 52.70853 ], [ 13.61418, 52.70907 ], [ 13.61485, 52.7094 ], [ 13.61497, 52.70957 ], [ 13.61492, 52.70975 ], [ 13.61471, 52.70994 ], [ 13.61447, 52.71036 ], [ 13.61475, 52.7109 ], [ 13.61539, 52.71178 ], [ 13.61565, 52.7123 ], [ 13.61582, 52.71327 ], [ 13.61868, 52.71421 ], [ 13.61894, 52.71377 ], [ 13.61784, 52.71205 ], [ 13.61813, 52.71185 ], [ 13.61735, 52.71058 ], [ 13.61685, 52.71043 ], [ 13.61573, 52.70877 ], [ 13.61559, 52.70879 ] ], [ [ 13.61604, 52.71004 ], [ 13.61598, 52.71014 ], [ 13.61579, 52.71019 ], [ 13.61563, 52.71015 ], [ 13.61554, 52.71003 ], [ 13.61563, 52.70992 ], [ 13.6158, 52.70988 ], [ 13.61596, 52.70992 ], [ 13.61604, 52.71004 ] ], [ [ 13.61631, 52.71137 ], [ 13.61624, 52.71147 ], [ 13.61605, 52.71152 ], [ 13.61586, 52.71146 ], [ 13.6158, 52.71136 ], [ 13.6159, 52.71125 ], [ 13.61606, 52.71121 ], [ 13.61622, 52.71125 ], [ 13.61631, 52.71137 ] ], [ [ 13.6175, 52.71249 ], [ 13.61744, 52.71259 ], [ 13.61724, 52.71264 ], [ 13.61705, 52.71259 ], [ 13.617, 52.71249 ], [ 13.61709, 52.71237 ], [ 13.61725, 52.71234 ], [ 13.61741, 52.71238 ], [ 13.6175, 52.71249 ] ] ] } },
{ "type": "Feature", "properties": { "boden": "40 % mittel, mäßig frisch (M2) · 30 % mittel, mäßig frisch (M2) · 30 % mittel, mäßig frisch (M+2)" }, "geometry": { "type": "Polygon", "coordinates": [ [ [ 13.64598, 52.7024 ], [ 13.64599, 52.70237 ], [ 13.64423, 52.70235 ], [ 13.6443, 52.70215 ], [ 13.64314, 52.70214 ], [ 13.64297, 52.70224 ], [ 13.64268, 52.70227 ], [ 13.64181, 52.70227 ], [ 13.6413, 52.70211 ], [ 13.63904, 52.70209 ], [ 13.63839, 52.70212 ], [ 13.63873, 52.70229 ], [ 13.64074, 52.70297 ], [ 13.64292, 52.7034 ], [ 13.64344, 52.70289 ], [ 13.64372, 52.70278 ], [ 13.64505, 52.70278 ], [ 13.64561, 52.70272 ], [ 13.64677, 52.7024 ], [ 13.64598, 52.7024 ] ] ] } },
{ "type": "Feature", "properties": { "boden": "60 % mittel, mäßig frisch (M2) · 40 % ziemlich arm, mäßig frisch (Z2)" }, "geometry": { "type": "Polygon", "coordinates": [ [ [ 13.6413, 52.70211 ], [ 13.64181, 52.70227 ], [ 13.64268, 52.70227 ], [ 13.64297, 52.70224 ], [ 13.64314, 52.70214 ], [ 13.6413, 52.70211 ] ] ] } },
{ "type": "Feature", "properties": { "boden": "100 % mittel, mäßig frisch (M+2)" }, "geometry": { "type": "Polygon", "coordinates": [ [ [ 13.64656, 52.7031 ], [ 13.64647, 52.70335 ], [ 13.64575, 52.70381 ], [ 13.64873, 52.70505 ], [ 13.64938, 52.70342 ], [ 13.65007, 52.70285 ], [ 13.65009, 52.70267 ], [ 13.65057, 52.70222 ], [ 13.64888, 52.7022 ], [ 13.64872, 52.70235 ], [ 13.64734, 52.70286 ], [ 13.64684, 52.70319 ], [ 13.64673, 52.703 ], [ 13.64656, 52.7031 ] ] ] } },
{ "type": "Feature", "properties": { "boden": "100 % mittel, mäßig frisch (M+2)" }, "geometry": { "type": "Polygon", "coordinates": [ [ [ 13.66394, 52.70523 ], [ 13.6633, 52.70595 ], [ 13.66242, 52.70678 ], [ 13.66197, 52.70702 ], [ 13.66341, 52.70775 ], [ 13.66362, 52.7078 ], [ 13.6639, 52.70784 ], [ 13.66465, 52.70779 ], [ 13.66508, 52.70782 ], [ 13.66523, 52.70788 ], [ 13.66689, 52.70816 ], [ 13.66706, 52.70789 ], [ 13.66726, 52.70775 ], [ 13.66788, 52.70754 ], [ 13.6679, 52.70686 ], [ 13.66394, 52.70523 ] ] ] } },
{ "type": "Feature", "properties": { "boden": "40 % mittel, mäßig frisch (M+2) · 30 % ziemlich arm, mäßig frisch (Z2) · 30 % mittel, mäßig frisch (M+2)" }, "geometry": { "type": "Polygon", "coordinates": [ [ [ 13.66042, 52.70775 ], [ 13.65985, 52.70778 ], [ 13.65876, 52.70773 ], [ 13.65648, 52.7068 ], [ 13.65543, 52.70778 ], [ 13.6603, 52.70962 ], [ 13.66121, 52.7084 ], [ 13.66139, 52.70781 ], [ 13.66042, 52.70775 ] ] ] } },
{ "type": "Feature", "properties": { "boden": "100 % arm, trocken (vermutet) (A3)" }, "geometry": { "type": "Polygon", "coordinates": [ [ [ 13.66785, 52.70833 ], [ 13.66781, 52.70837 ], [ 13.66785, 52.70846 ], [ 13.66785, 52.70833 ] ] ] } },
{ "type": "Feature", "properties": { "boden": "40 % mittel, mäßig frisch (M+2) · 30 % ziemlich arm, mäßig frisch (Z2) · 30 % mittel, mäßig frisch (M+2)" }, "geometry": { "type": "Polygon", "coordinates": [ [ [ 13.65883, 52.71023 ], [ 13.65842, 52.71087 ], [ 13.65971, 52.71093 ], [ 13.6603, 52.71016 ], [ 13.66033, 52.70995 ], [ 13.65883, 52.71023 ] ] ] } },
{ "type": "Feature", "properties": { "boden": "100 % mittel, mäßig frisch (M2)" }, "geometry": { "type": "Polygon", "coordinates": [ [ [ 13.6644, 52.71211 ], [ 13.66333, 52.71147 ], [ 13.66312, 52.71126 ], [ 13.66299, 52.71104 ], [ 13.6629, 52.71035 ], [ 13.66279, 52.71013 ], [ 13.66261, 52.70998 ], [ 13.66235, 52.70988 ], [ 13.66109, 52.70965 ], [ 13.66083, 52.70967 ], [ 13.66064, 52.70975 ], [ 13.66054, 52.70983 ], [ 13.66044, 52.71016 ], [ 13.66057, 52.7106 ], [ 13.6608, 52.71091 ], [ 13.66147, 52.71155 ], [ 13.66153, 52.71177 ], [ 13.66357, 52.71251 ], [ 13.66405, 52.71233 ], [ 13.66505, 52.71261 ], [ 13.66525, 52.7125 ], [ 13.6644, 52.71211 ] ] ] } },
{ "type": "Feature", "properties": { "boden": "60 % kräftig, mäßig frisch (K2) · 40 % mittel, mäßig frisch (M2)" }, "geometry": { "type": "Polygon", "coordinates": [ [ [ 13.66259, 52.71744 ], [ 13.66317, 52.71667 ], [ 13.66318, 52.71658 ], [ 13.66297, 52.71627 ], [ 13.66179, 52.71628 ], [ 13.66141, 52.71634 ], [ 13.66105, 52.71646 ], [ 13.66038, 52.71696 ], [ 13.66018, 52.7173 ], [ 13.66007, 52.7177 ], [ 13.66013, 52.71782 ], [ 13.66066, 52.71807 ], [ 13.66091, 52.71812 ], [ 13.66177, 52.71816 ], [ 13.66223, 52.71811 ], [ 13.66291, 52.71796 ], [ 13.66259, 52.71744 ] ] ] } },
{ "type": "Feature", "properties": { "boden": "100 % arm, mäßig frisch (A2)" }, "geometry": { "type": "Polygon", "coordinates": [ [ [ 13.65483, 52.71798 ], [ 13.6546, 52.71882 ], [ 13.65523, 52.71897 ], [ 13.65556, 52.71915 ], [ 13.65615, 52.71958 ], [ 13.65662, 52.72001 ], [ 13.65702, 52.71964 ], [ 13.6583, 52.72008 ], [ 13.65837, 52.71989 ], [ 13.65815, 52.71947 ], [ 13.65782, 52.71916 ], [ 13.65715, 52.71882 ], [ 13.65579, 52.71826 ], [ 13.65503, 52.71807 ], [ 13.65483, 52.71798 ] ] ] } },
{ "type": "Feature", "properties": { "boden": "50 % ziemlich arm, mäßig frisch (Z2) · 50 % ziemlich arm, mäßig frisch (Z2)" }, "geometry": { "type": "Polygon", "coordinates": [ [ [ 13.66691, 52.71948 ], [ 13.66616, 52.71933 ], [ 13.66314, 52.71831 ], [ 13.66291, 52.71796 ], [ 13.66223, 52.71811 ], [ 13.66177, 52.71816 ], [ 13.66123, 52.71815 ], [ 13.66066, 52.71807 ], [ 13.66013, 52.71782 ], [ 13.66008, 52.71757 ], [ 13.66038, 52.71696 ], [ 13.66105, 52.71646 ], [ 13.66141, 52.71634 ], [ 13.66179, 52.71628 ], [ 13.66297, 52.71627 ], [ 13.66269, 52.71587 ], [ 13.66322, 52.715 ], [ 13.66273, 52.71479 ], [ 13.66252, 52.71513 ], [ 13.66139, 52.71476 ], [ 13.66034, 52.71394 ], [ 13.65889, 52.714 ], [ 13.65796, 52.71432 ], [ 13.65722, 52.71572 ], [ 13.65689, 52.71578 ], [ 13.65611, 52.71666 ], [ 13.65534, 52.71719 ], [ 13.65483, 52.71798 ], [ 13.65624, 52.71842 ], [ 13.65749, 52.71898 ], [ 13.65802, 52.71931 ], [ 13.65837, 52.71989 ], [ 13.6583, 52.72008 ], [ 13.65849, 52.72016 ], [ 13.65834, 52.72082 ], [ 13.65944, 52.72011 ], [ 13.66096, 52.71923 ], [ 13.66164, 52.71967 ], [ 13.65844, 52.72153 ], [ 13.65845, 52.72177 ], [ 13.65868, 52.7222 ], [ 13.65875, 52.72281 ], [ 13.65913, 52.72321 ], [ 13.65936, 52.7236 ], [ 13.6596, 52.72408 ], [ 13.65969, 52.72442 ], [ 13.66033, 52.72429 ], [ 13.66053, 52.72445 ], [ 13.66081, 52.72438 ], [ 13.66148, 52.72452 ], [ 13.66272, 52.72459 ], [ 13.6632, 52.72493 ], [ 13.66344, 52.72486 ], [ 13.66378, 52.72514 ], [ 13.66535, 52.72521 ], [ 13.66597, 52.72514 ], [ 13.66639, 52.72497 ], [ 13.66673, 52.72526 ], [ 13.66714, 52.72509 ], [ 13.66734, 52.72526 ], [ 13.66751, 52.71951 ], [ 13.66691, 52.71948 ] ], [ [ 13.6622, 52.72042 ], [ 13.66278, 52.72086 ], [ 13.6633, 52.72062 ], [ 13.6629, 52.72029 ], [ 13.66278, 52.72008 ], [ 13.66306, 52.72001 ], [ 13.66341, 52.72045 ], [ 13.66377, 52.72073 ], [ 13.6646, 52.72117 ], [ 13.6645, 52.72127 ], [ 13.66317, 52.72194 ], [ 13.66185, 52.72092 ], [ 13.66172, 52.72068 ], [ 13.6618, 52.72053 ], [ 13.6622, 52.72042 ] ] ] } },
{ "type": "Feature", "properties": { "boden": "100 % mittel, mäßig frisch (M+2)" }, "geometry": { "type": "Polygon", "coordinates": [ [ [ 13.64695, 52.70245 ], [ 13.64677, 52.7024 ], [ 13.64561, 52.70272 ], [ 13.64505, 52.70278 ], [ 13.64372, 52.70278 ], [ 13.64344, 52.70289 ], [ 13.64292, 52.7034 ], [ 13.64394, 52.70354 ], [ 13.64508, 52.70356 ], [ 13.64575, 52.70381 ], [ 13.64647, 52.70335 ], [ 13.64656, 52.7031 ], [ 13.64673, 52.703 ], [ 13.64695, 52.70245 ] ] ] } },
{ "type": "Feature", "properties": { "boden": "100 % mittel, mäßig frisch (M+2)" }, "geometry": { "type": "Polygon", "coordinates": [ [ [ 13.65073, 52.71221 ], [ 13.64885, 52.71257 ], [ 13.6492, 52.71307 ], [ 13.65035, 52.71285 ], [ 13.65073, 52.71221 ] ] ] } },
{ "type": "Feature", "properties": { "boden": "100 % mittel, mäßig frisch (M+2)" }, "geometry": { "type": "Polygon", "coordinates": [ [ [ 13.64611, 52.71367 ], [ 13.64879, 52.71315 ], [ 13.64853, 52.71263 ], [ 13.64543, 52.71324 ], [ 13.64611, 52.71367 ] ] ] } },
{ "type": "Feature", "properties": { "boden": "100 % ziemlich arm, mäßig frisch (Z2)" }, "geometry": { "type": "Polygon", "coordinates": [ [ [ 13.64543, 52.71324 ], [ 13.64266, 52.71377 ], [ 13.64294, 52.71429 ], [ 13.64611, 52.71367 ], [ 13.64543, 52.71324 ] ] ] } },
{ "type": "Feature", "properties": { "boden": "100 % ziemlich arm, mäßig frisch (Z+2)" }, "geometry": { "type": "Polygon", "coordinates": [ [ [ 13.64647, 52.71509 ], [ 13.64355, 52.71568 ], [ 13.64396, 52.71644 ], [ 13.64696, 52.71594 ], [ 13.64647, 52.71509 ] ] ] } },
{ "type": "Feature", "properties": { "boden": "100 % arm, mäßig frisch (A2)" }, "geometry": { "type": "Polygon", "coordinates": [ [ [ 13.6522, 52.71623 ], [ 13.65202, 52.71627 ], [ 13.65194, 52.71638 ], [ 13.65201, 52.71648 ], [ 13.65219, 52.71653 ], [ 13.65237, 52.71649 ], [ 13.65245, 52.71638 ], [ 13.65237, 52.71627 ], [ 13.6522, 52.71623 ] ] ] } },
{ "type": "Feature", "properties": { "boden": "100 % mittel, frisch (M1)" }, "geometry": { "type": "Polygon", "coordinates": [ [ [ 13.64225, 52.71735 ], [ 13.64195, 52.7171 ], [ 13.642, 52.71675 ], [ 13.64264, 52.71641 ], [ 13.64286, 52.71644 ], [ 13.64284, 52.71669 ], [ 13.64351, 52.71654 ], [ 13.64214, 52.7155 ], [ 13.64096, 52.71605 ], [ 13.64144, 52.7164 ], [ 13.64076, 52.71671 ], [ 13.64186, 52.71766 ], [ 13.64207, 52.71762 ], [ 13.64225, 52.71735 ] ] ] } },
{ "type": "Feature", "properties": { "boden": "100 % ziemlich arm, mäßig frisch (Z2)" }, "geometry": { "type": "Polygon", "coordinates": [ [ [ 13.64615, 52.71716 ], [ 13.64764, 52.71697 ], [ 13.64988, 52.71658 ], [ 13.65125, 52.71626 ], [ 13.65102, 52.7158 ], [ 13.64732, 52.71653 ], [ 13.64696, 52.71594 ], [ 13.64396, 52.71644 ], [ 13.64451, 52.71653 ], [ 13.64508, 52.7168 ], [ 13.64546, 52.71716 ], [ 13.64563, 52.71752 ], [ 13.64611, 52.71723 ], [ 13.64615, 52.71716 ] ] ] } },
{ "type": "Feature", "properties": { "boden": "50 % ziemlich arm, mäßig frisch (Z2) · 50 % ziemlich arm, mäßig frisch (Z2)" }, "geometry": { "type": "Polygon", "coordinates": [ [ [ 13.65539, 52.71615 ], [ 13.65471, 52.71607 ], [ 13.65439, 52.71566 ], [ 13.65225, 52.71606 ], [ 13.65312, 52.71633 ], [ 13.65336, 52.71648 ], [ 13.65358, 52.7167 ], [ 13.65376, 52.71737 ], [ 13.65391, 52.71763 ], [ 13.65422, 52.71785 ], [ 13.65483, 52.71798 ], [ 13.65534, 52.71719 ], [ 13.65611, 52.71666 ], [ 13.65689, 52.71578 ], [ 13.65539, 52.71615 ] ] ] } },
{ "type": "Feature", "properties": { "boden": "100 % mittel, nass (NM2)" }, "geometry": { "type": "Polygon", "coordinates": [ [ [ 13.64284, 52.71669 ], [ 13.64258, 52.71802 ], [ 13.64298, 52.7183 ], [ 13.64283, 52.71863 ], [ 13.64265, 52.71879 ], [ 13.64265, 52.71893 ], [ 13.64238, 52.71915 ], [ 13.64273, 52.71982 ], [ 13.643, 52.71959 ], [ 13.64305, 52.71939 ], [ 13.64299, 52.71892 ], [ 13.6432, 52.71859 ], [ 13.64322, 52.71827 ], [ 13.643, 52.7179 ], [ 13.64305, 52.71726 ], [ 13.64328, 52.71658 ], [ 13.64284, 52.71669 ] ] ] } },
{ "type": "Feature", "properties": { "boden": "100 % arm, mäßig frisch (A2)" }, "geometry": { "type": "Polygon", "coordinates": [ [ [ 13.66788, 52.70754 ], [ 13.66726, 52.70775 ], [ 13.66706, 52.70789 ], [ 13.66689, 52.70816 ], [ 13.66686, 52.70834 ], [ 13.66712, 52.7095 ], [ 13.66781, 52.70968 ], [ 13.66788, 52.70754 ] ] ] } },
{ "type": "Feature", "properties": { "boden": "40 % mittel, mäßig frisch (M+2) · 30 % ziemlich arm, mäßig frisch (Z2) · 30 % mittel, mäßig frisch (M+2)" }, "geometry": { "type": "Polygon", "coordinates": [ [ [ 13.66712, 52.7095 ], [ 13.6669, 52.70855 ], [ 13.66689, 52.70816 ], [ 13.66523, 52.70788 ], [ 13.66508, 52.70782 ], [ 13.66465, 52.70779 ], [ 13.6639, 52.70784 ], [ 13.66362, 52.7078 ], [ 13.66341, 52.70775 ], [ 13.66197, 52.70702 ], [ 13.6616, 52.70721 ], [ 13.66121, 52.7084 ], [ 13.6603, 52.70962 ], [ 13.66012, 52.70999 ], [ 13.66033, 52.70995 ], [ 13.6603, 52.71016 ], [ 13.65971, 52.71093 ], [ 13.65954, 52.71092 ], [ 13.65948, 52.71105 ], [ 13.66153, 52.71177 ], [ 13.66147, 52.71155 ], [ 13.6608, 52.71091 ], [ 13.66057, 52.7106 ], [ 13.66044, 52.71016 ], [ 13.66048, 52.70995 ], [ 13.66064, 52.70975 ], [ 13.66083, 52.70967 ], [ 13.66109, 52.70965 ], [ 13.66235, 52.70988 ], [ 13.66261, 52.70998 ], [ 13.66279, 52.71013 ], [ 13.6629, 52.71035 ], [ 13.66299, 52.71104 ], [ 13.66333, 52.71147 ], [ 13.6644, 52.71211 ], [ 13.6655, 52.71262 ], [ 13.6677, 52.7135 ], [ 13.66781, 52.70968 ], [ 13.66712, 52.7095 ] ] ] } },
{ "type": "Feature", "properties": { "boden": "100 % mittel, mäßig frisch (M2)" }, "geometry": { "type": "Polygon", "coordinates": [ [ [ 13.62604, 52.71045 ], [ 13.6241, 52.70943 ], [ 13.62373, 52.70916 ], [ 13.623, 52.70819 ], [ 13.62287, 52.70756 ], [ 13.62288, 52.70729 ], [ 13.62297, 52.70712 ], [ 13.62338, 52.70702 ], [ 13.62376, 52.70702 ], [ 13.62434, 52.7071 ], [ 13.62381, 52.70661 ], [ 13.62343, 52.70612 ], [ 13.62306, 52.70586 ], [ 13.6225, 52.70531 ], [ 13.6221, 52.70555 ], [ 13.62152, 52.70614 ], [ 13.62116, 52.70671 ], [ 13.62144, 52.70677 ], [ 13.6211, 52.70734 ], [ 13.62574, 52.71198 ], [ 13.62684, 52.71129 ], [ 13.62604, 52.71045 ] ] ] } },
{ "type": "Feature", "properties": { "boden": "60 % ziemlich arm, mäßig frisch (Z2) · 40 % arm, mäßig frisch (A2)" }, "geometry": { "type": "Polygon", "coordinates": [ [ [ 13.62692, 52.70911 ], [ 13.62654, 52.7085 ], [ 13.62446, 52.70723 ], [ 13.62434, 52.7071 ], [ 13.62376, 52.70702 ], [ 13.62338, 52.70702 ], [ 13.62297, 52.70712 ], [ 13.62288, 52.70729 ], [ 13.62287, 52.70756 ], [ 13.623, 52.70819 ], [ 13.62373, 52.70916 ], [ 13.6241, 52.70943 ], [ 13.62604, 52.71045 ], [ 13.62584, 52.71006 ], [ 13.62579, 52.70966 ], [ 13.62594, 52.70948 ], [ 13.6262, 52.70932 ], [ 13.62656, 52.70918 ], [ 13.62692, 52.70911 ] ] ] } },
{ "type": "Feature", "properties": { "boden": "100 % ziemlich arm, mäßig frisch (Z2)" }, "geometry": { "type": "Polygon", "coordinates": [ [ [ 13.62887, 52.70999 ], [ 13.62898, 52.71009 ], [ 13.62914, 52.71005 ], [ 13.6292, 52.70995 ], [ 13.6291, 52.70983 ], [ 13.62887, 52.70999 ] ] ] } },
{ "type": "Feature", "properties": { "boden": "100 % mittel, mäßig frisch (M2)" }, "geometry": { "type": "Polygon", "coordinates": [ [ [ 13.62656, 52.70918 ], [ 13.6262, 52.70932 ], [ 13.62594, 52.70948 ], [ 13.62579, 52.70966 ], [ 13.62584, 52.71006 ], [ 13.62604, 52.71045 ], [ 13.62684, 52.71129 ], [ 13.62841, 52.71034 ], [ 13.62805, 52.71009 ], [ 13.62819, 52.71001 ], [ 13.62699, 52.70924 ], [ 13.62692, 52.70911 ], [ 13.62656, 52.70918 ] ] ] } },
{ "type": "Feature", "properties": { "boden": "100 % kräftig, mäßig frisch (K2)" }, "geometry": { "type": "Polygon", "coordinates": [ [ [ 13.63839, 52.70212 ], [ 13.63893, 52.7021 ], [ 13.63904, 52.70209 ], [ 13.63821, 52.70208 ], [ 13.63839, 52.70212 ] ] ] } },
{ "type": "Feature", "properties": { "boden": "100 % ziemlich arm, mäßig frisch (Z2)" }, "geometry": { "type": "Polygon", "coordinates": [ [ [ 13.6292, 52.70995 ], [ 13.62914, 52.71005 ], [ 13.62898, 52.71009 ], [ 13.63006, 52.71109 ], [ 13.63029, 52.71087 ], [ 13.63066, 52.71092 ], [ 13.63064, 52.71069 ], [ 13.63071, 52.71059 ], [ 13.63119, 52.71036 ], [ 13.62945, 52.7096 ], [ 13.6291, 52.70983 ], [ 13.6292, 52.70995 ] ] ] } },
{ "type": "Feature", "properties": { "boden": "100 % mittel, mäßig frisch (M2)" }, "geometry": { "type": "Polygon", "coordinates": [ [ [ 13.63595, 52.71265 ], [ 13.63728, 52.71311 ], [ 13.63823, 52.71273 ], [ 13.63505, 52.71165 ], [ 13.63475, 52.71277 ], [ 13.63379, 52.7125 ], [ 13.63307, 52.71332 ], [ 13.63419, 52.71428 ], [ 13.63527, 52.71391 ], [ 13.63469, 52.71366 ], [ 13.63595, 52.71265 ] ] ] } },
{ "type": "Feature", "properties": { "boden": "100 % ziemlich arm, mäßig frisch (Z2)" }, "geometry": { "type": "Polygon", "coordinates": [ [ [ 13.64199, 52.7139 ], [ 13.64049, 52.7142 ], [ 13.64113, 52.71465 ], [ 13.64224, 52.71443 ], [ 13.64199, 52.7139 ] ] ] } },
{ "type": "Feature", "properties": { "boden": "100 % mittel, mäßig frisch (M2)" }, "geometry": { "type": "Polygon", "coordinates": [ [ [ 13.61606, 52.71121 ], [ 13.6159, 52.71125 ], [ 13.6158, 52.71136 ], [ 13.61586, 52.71146 ], [ 13.61605, 52.71152 ], [ 13.61624, 52.71147 ], [ 13.61631, 52.71137 ], [ 13.61622, 52.71125 ], [ 13.61606, 52.71121 ] ] ] } },
{ "type": "Feature", "properties": { "boden": "100 % mittel, mäßig frisch (M2)" }, "geometry": { "type": "Polygon", "coordinates": [ [ [ 13.61725, 52.71234 ], [ 13.61709, 52.71237 ], [ 13.617, 52.71249 ], [ 13.61705, 52.71259 ], [ 13.61724, 52.71264 ], [ 13.61744, 52.71259 ], [ 13.6175, 52.71249 ], [ 13.61741, 52.71238 ], [ 13.61725, 52.71234 ] ] ] } },
{ "type": "Feature", "properties": { "boden": "50 % ziemlich arm, mäßig frisch (Z2) · 50 % ziemlich arm, mäßig frisch (Z2)" }, "geometry": { "type": "Polygon", "coordinates": [ [ [ 13.61533, 52.71454 ], [ 13.61734, 52.71377 ], [ 13.61582, 52.71327 ], [ 13.6158, 52.71355 ], [ 13.61568, 52.71374 ], [ 13.61543, 52.71386 ], [ 13.61517, 52.71387 ], [ 13.61494, 52.71383 ], [ 13.61469, 52.71374 ], [ 13.61434, 52.71352 ], [ 13.61409, 52.71318 ], [ 13.61399, 52.71273 ], [ 13.61375, 52.71265 ], [ 13.61383, 52.71259 ], [ 13.61146, 52.71185 ], [ 13.61046, 52.71185 ], [ 13.61008, 52.71193 ], [ 13.60986, 52.71202 ], [ 13.6097, 52.7122 ], [ 13.60962, 52.71247 ], [ 13.60989, 52.7133 ], [ 13.60948, 52.7133 ], [ 13.60949, 52.71338 ], [ 13.60937, 52.71339 ], [ 13.61049, 52.71565 ], [ 13.61042, 52.71583 ], [ 13.61134, 52.71477 ], [ 13.61195, 52.71464 ], [ 13.61306, 52.71429 ], [ 13.61384, 52.71414 ], [ 13.61448, 52.71477 ], [ 13.61533, 52.71454 ] ] ] } },
{ "type": "Feature", "properties": { "boden": "100 % ziemlich arm, mäßig frisch (Z+2)" }, "geometry": { "type": "Polygon", "coordinates": [ [ [ 13.61384, 52.71414 ], [ 13.61306, 52.71429 ], [ 13.61195, 52.71464 ], [ 13.61134, 52.71477 ], [ 13.61042, 52.71583 ], [ 13.61035, 52.71602 ], [ 13.611, 52.71572 ], [ 13.61448, 52.71477 ], [ 13.61384, 52.71414 ] ] ] } },
{ "type": "Feature", "properties": { "boden": "100 % mittel, mäßig frisch (M2)" }, "geometry": { "type": "Polygon", "coordinates": [ [ [ 13.61564, 52.72657 ], [ 13.61483, 52.72761 ], [ 13.61285, 52.72695 ], [ 13.61372, 52.72544 ], [ 13.61281, 52.72593 ], [ 13.61254, 52.72559 ], [ 13.61208, 52.72565 ], [ 13.61185, 52.72518 ], [ 13.61118, 52.72533 ], [ 13.61121, 52.72576 ], [ 13.61138, 52.72645 ], [ 13.61184, 52.72727 ], [ 13.61213, 52.72766 ], [ 13.61291, 52.72849 ], [ 13.61431, 52.72978 ], [ 13.61476, 52.72912 ], [ 13.61514, 52.72869 ], [ 13.61665, 52.72765 ], [ 13.61679, 52.72683 ], [ 13.61564, 52.72657 ] ] ] } },
{ "type": "Feature", "properties": { "boden": "100 % ziemlich arm, trocken (vermutet) (Z3)" }, "geometry": { "type": "Polygon", "coordinates": [ [ [ 13.61013, 52.72902 ], [ 13.60979, 52.7291 ], [ 13.60969, 52.72921 ], [ 13.60964, 52.7294 ], [ 13.60998, 52.72986 ], [ 13.61014, 52.72992 ], [ 13.61042, 52.72994 ], [ 13.61052, 52.72969 ], [ 13.6108, 52.7295 ], [ 13.61081, 52.72923 ], [ 13.61064, 52.72907 ], [ 13.61013, 52.72902 ] ] ] } },
{ "type": "Feature", "properties": { "boden": "100 % ziemlich arm, mäßig frisch (Z2)" }, "geometry": { "type": "Polygon", "coordinates": [ [ [ 13.61207, 52.73103 ], [ 13.61236, 52.72927 ], [ 13.61231, 52.72894 ], [ 13.61216, 52.72877 ], [ 13.61163, 52.72856 ], [ 13.61113, 52.72852 ], [ 13.60927, 52.72898 ], [ 13.60834, 52.72943 ], [ 13.6079, 52.72984 ], [ 13.60786, 52.73021 ], [ 13.60817, 52.7309 ], [ 13.60882, 52.73168 ], [ 13.60901, 52.73176 ], [ 13.6097, 52.73189 ], [ 13.61085, 52.73178 ], [ 13.61158, 52.73157 ], [ 13.61182, 52.73139 ], [ 13.61207, 52.73103 ] ], [ [ 13.61043, 52.7311 ], [ 13.61063, 52.73075 ], [ 13.61165, 52.7309 ], [ 13.61187, 52.73131 ], [ 13.61043, 52.7311 ] ], [ [ 13.6086, 52.72996 ], [ 13.60879, 52.73008 ], [ 13.60871, 52.73031 ], [ 13.6084, 52.73053 ], [ 13.6082, 52.73053 ], [ 13.60799, 52.73036 ], [ 13.60795, 52.73019 ], [ 13.60803, 52.73008 ], [ 13.60827, 52.72995 ], [ 13.6086, 52.72996 ] ], [ [ 13.61043, 52.72903 ], [ 13.61072, 52.72911 ], [ 13.61081, 52.72923 ], [ 13.61082, 52.72941 ], [ 13.61075, 52.72956 ], [ 13.61048, 52.72974 ], [ 13.61047, 52.72991 ], [ 13.61034, 52.72994 ], [ 13.60998, 52.72986 ], [ 13.60968, 52.72951 ], [ 13.60964, 52.72934 ], [ 13.60969, 52.72921 ], [ 13.60988, 52.72906 ], [ 13.61013, 52.72902 ], [ 13.61043, 52.72903 ] ] ] } },
{ "type": "Feature", "properties": { "boden": "100 % ziemlich arm, trocken (vermutet) (Z3)" }, "geometry": { "type": "Polygon", "coordinates": [ [ [ 13.60845, 52.72994 ], [ 13.60827, 52.72995 ], [ 13.60811, 52.73002 ], [ 13.60795, 52.73019 ], [ 13.60799, 52.73036 ], [ 13.6083, 52.73055 ], [ 13.60851, 52.73048 ], [ 13.6088, 52.73018 ], [ 13.60872, 52.73 ], [ 13.60845, 52.72994 ] ] ] } },
{ "type": "Feature", "properties": { "boden": "100 % mittel, trocken (vermutet) (M3)" }, "geometry": { "type": "Polygon", "coordinates": [ [ [ 13.61642, 52.7321 ], [ 13.61652, 52.73196 ], [ 13.61649, 52.73187 ], [ 13.61634, 52.73179 ], [ 13.61619, 52.73179 ], [ 13.61604, 52.73191 ], [ 13.61605, 52.73206 ], [ 13.61618, 52.73214 ], [ 13.61642, 52.7321 ] ] ] } },
{ "type": "Feature", "properties": { "boden": "50 % mittel, frisch (M1) · 30 % kräftig, nass (NK2) · 20 % kräftig, frisch (K1)" }, "geometry": { "type": "Polygon", "coordinates": [ [ [ 13.61637, 52.73378 ], [ 13.61592, 52.73326 ], [ 13.61555, 52.73269 ], [ 13.61569, 52.73204 ], [ 13.61525, 52.73135 ], [ 13.61497, 52.73104 ], [ 13.61481, 52.73052 ], [ 13.61501, 52.72995 ], [ 13.61581, 52.7287 ], [ 13.61706, 52.72777 ], [ 13.61724, 52.72758 ], [ 13.6173, 52.72725 ], [ 13.6169, 52.72715 ], [ 13.61691, 52.72702 ], [ 13.61679, 52.72683 ], [ 13.61665, 52.72765 ], [ 13.61514, 52.72869 ], [ 13.61476, 52.72912 ], [ 13.61431, 52.72978 ], [ 13.6141, 52.73027 ], [ 13.61427, 52.731 ], [ 13.61421, 52.73102 ], [ 13.61466, 52.73149 ], [ 13.61453, 52.73233 ], [ 13.61458, 52.73258 ], [ 13.61499, 52.73314 ], [ 13.61552, 52.73361 ], [ 13.61589, 52.73405 ], [ 13.61647, 52.7354 ], [ 13.61651, 52.73545 ], [ 13.61674, 52.73547 ], [ 13.61674, 52.73551 ], [ 13.61654, 52.73558 ], [ 13.61667, 52.73565 ], [ 13.61663, 52.73571 ], [ 13.61672, 52.73573 ], [ 13.61654, 52.73583 ], [ 13.61648, 52.73595 ], [ 13.61665, 52.73614 ], [ 13.61664, 52.7364 ], [ 13.61698, 52.73656 ], [ 13.61724, 52.73696 ], [ 13.61761, 52.73708 ], [ 13.6176, 52.73724 ], [ 13.61769, 52.73742 ], [ 13.61757, 52.73748 ], [ 13.6177, 52.73759 ], [ 13.61743, 52.73778 ], [ 13.6177, 52.73792 ], [ 13.61847, 52.73719 ], [ 13.6179, 52.73681 ], [ 13.61754, 52.73642 ], [ 13.61705, 52.73624 ], [ 13.61704, 52.73605 ], [ 13.61673, 52.73591 ], [ 13.6173, 52.73587 ], [ 13.61741, 52.73582 ], [ 13.61738, 52.73565 ], [ 13.617, 52.73481 ], [ 13.61687, 52.73469 ], [ 13.61668, 52.73464 ], [ 13.61623, 52.73423 ], [ 13.61631, 52.73409 ], [ 13.61655, 52.73391 ], [ 13.61637, 52.73378 ] ] ] } },
{ "type": "Feature", "properties": { "boden": "100 % mittel, frisch (M1)" }, "geometry": { "type": "Polygon", "coordinates": [ [ [ 13.64065, 52.7161 ], [ 13.64051, 52.71597 ], [ 13.64058, 52.71587 ], [ 13.64076, 52.71582 ], [ 13.64094, 52.71587 ], [ 13.64099, 52.71596 ], [ 13.642, 52.71551 ], [ 13.64152, 52.71517 ], [ 13.63984, 52.7157 ], [ 13.64045, 52.71619 ], [ 13.64065, 52.7161 ] ] ] } },
{ "type": "Feature", "properties": { "boden": "100 % mittel, frisch (M1)" }, "geometry": { "type": "Polygon", "coordinates": [ [ [ 13.64094, 52.71587 ], [ 13.64076, 52.71582 ], [ 13.64058, 52.71587 ], [ 13.64051, 52.71597 ], [ 13.64058, 52.71608 ], [ 13.64065, 52.7161 ], [ 13.64099, 52.71596 ], [ 13.64094, 52.71587 ] ] ] } },
{ "type": "Feature", "properties": { "boden": "100 % kräftig, mäßig frisch (K2)" }, "geometry": { "type": "Polygon", "coordinates": [ [ [ 13.63845, 52.71716 ], [ 13.63703, 52.71778 ], [ 13.63759, 52.71833 ], [ 13.63962, 52.71747 ], [ 13.63893, 52.71725 ], [ 13.63845, 52.71716 ] ] ] } },
{ "type": "Feature", "properties": { "boden": "100 % mittel, frisch (M+1)" }, "geometry": { "type": "Polygon", "coordinates": [ [ [ 13.64207, 52.71762 ], [ 13.64149, 52.71777 ], [ 13.64121, 52.71755 ], [ 13.64052, 52.71742 ], [ 13.64013, 52.71752 ], [ 13.63985, 52.71762 ], [ 13.64032, 52.71803 ], [ 13.63812, 52.71884 ], [ 13.63816, 52.719 ], [ 13.63942, 52.72026 ], [ 13.63942, 52.72042 ], [ 13.63991, 52.7209 ], [ 13.64224, 52.71995 ], [ 13.64223, 52.71977 ], [ 13.64231, 52.71964 ], [ 13.64202, 52.71906 ], [ 13.6421, 52.71848 ], [ 13.642, 52.71831 ], [ 13.64192, 52.71796 ], [ 13.64209, 52.71784 ], [ 13.64207, 52.71762 ] ] ] } },
{ "type": "Feature", "properties": { "boden": "100 % ziemlich arm, mäßig frisch (Z2)" }, "geometry": { "type": "Polygon", "coordinates": [ [ [ 13.63311, 52.73733 ], [ 13.63355, 52.73783 ], [ 13.63408, 52.73758 ], [ 13.63414, 52.7374 ], [ 13.6345, 52.73749 ], [ 13.63483, 52.73776 ], [ 13.63625, 52.73812 ], [ 13.63661, 52.73813 ], [ 13.63727, 52.7383 ], [ 13.63631, 52.7366 ], [ 13.6358, 52.73691 ], [ 13.6353, 52.73712 ], [ 13.63461, 52.73723 ], [ 13.63429, 52.73699 ], [ 13.63352, 52.73729 ], [ 13.63311, 52.73733 ] ] ] } },
{ "type": "Feature", "properties": { "boden": "100 % mittel, mäßig frisch (M2)" }, "geometry": { "type": "Polygon", "coordinates": [ [ [ 13.63148, 52.73833 ], [ 13.63196, 52.73829 ], [ 13.63216, 52.73838 ], [ 13.63239, 52.73825 ], [ 13.63241, 52.73814 ], [ 13.63262, 52.7379 ], [ 13.63306, 52.73793 ], [ 13.63315, 52.738 ], [ 13.63355, 52.73783 ], [ 13.63347, 52.73774 ], [ 13.63271, 52.7378 ], [ 13.63253, 52.73785 ], [ 13.6321, 52.73809 ], [ 13.63191, 52.73813 ], [ 13.63117, 52.73816 ], [ 13.63123, 52.73862 ], [ 13.63149, 52.7386 ], [ 13.63148, 52.73833 ] ] ] } },
{ "type": "Feature", "properties": { "boden": "100 % mittel, mäßig frisch (M2)" }, "geometry": { "type": "Polygon", "coordinates": [ [ [ 13.63123, 52.73862 ], [ 13.63116, 52.73888 ], [ 13.62997, 52.73897 ], [ 13.6295, 52.7389 ], [ 13.62894, 52.73896 ], [ 13.62885, 52.739 ], [ 13.62861, 52.73928 ], [ 13.62816, 52.73939 ], [ 13.62829, 52.73951 ], [ 13.62864, 52.73945 ], [ 13.62897, 52.73933 ], [ 13.62899, 52.73916 ], [ 13.62931, 52.73906 ], [ 13.62967, 52.73904 ], [ 13.6298, 52.73912 ], [ 13.63043, 52.73904 ], [ 13.63118, 52.73901 ], [ 13.6315, 52.73885 ], [ 13.63149, 52.7386 ], [ 13.63123, 52.73862 ] ] ] } },
{ "type": "Feature", "properties": { "boden": "50 % mittel, mäßig frisch (M2) · 30 % ziemlich arm, mäßig frisch (Z2) · 20 % kräftig, mäßig frisch (K2)" }, "geometry": { "type": "Polygon", "coordinates": [ [ [ 13.63292, 52.74223 ], [ 13.63247, 52.74234 ], [ 13.63246, 52.74223 ], [ 13.63102, 52.74286 ], [ 13.63155, 52.7428 ], [ 13.63233, 52.74253 ], [ 13.63292, 52.74223 ] ] ] } },
{ "type": "Feature", "properties": { "boden": "50 % mittel, trocken (vermutet) (M3) · 30 % ziemlich arm, trocken (vermutet) (Z3) · 20 % kräftig, trocken (vermutet) (K3)" }, "geometry": { "type": "Polygon", "coordinates": [ [ [ 13.63362, 52.74249 ], [ 13.63424, 52.74314 ], [ 13.63417, 52.74285 ], [ 13.63359, 52.74227 ], [ 13.63346, 52.74221 ], [ 13.63293, 52.74223 ], [ 13.63233, 52.74253 ], [ 13.63155, 52.7428 ], [ 13.63102, 52.74286 ], [ 13.63054, 52.74307 ], [ 13.63056, 52.74324 ], [ 13.63113, 52.74352 ], [ 13.63125, 52.74317 ], [ 13.6315, 52.74297 ], [ 13.63194, 52.74275 ], [ 13.63242, 52.74264 ], [ 13.63362, 52.74249 ] ] ] } },
{ "type": "Feature", "properties": { "boden": "50 % mittel, mäßig frisch (M2) · 30 % ziemlich arm, mäßig frisch (Z2) · 20 % kräftig, mäßig frisch (K2)" }, "geometry": { "type": "Polygon", "coordinates": [ [ [ 13.63359, 52.74227 ], [ 13.63417, 52.74285 ], [ 13.63424, 52.74314 ], [ 13.63436, 52.74327 ], [ 13.63468, 52.74412 ], [ 13.63504, 52.74407 ], [ 13.63476, 52.74321 ], [ 13.63408, 52.74241 ], [ 13.63386, 52.74229 ], [ 13.63346, 52.74221 ], [ 13.63359, 52.74227 ] ] ] } },
{ "type": "Feature", "properties": { "boden": "100 % ziemlich arm, mäßig frisch (Z2)" }, "geometry": { "type": "Polygon", "coordinates": [ [ [ 13.61497, 52.73104 ], [ 13.61525, 52.73135 ], [ 13.61569, 52.73204 ], [ 13.61609, 52.73107 ], [ 13.61629, 52.73089 ], [ 13.61764, 52.73021 ], [ 13.61843, 52.7292 ], [ 13.61867, 52.7288 ], [ 13.61961, 52.72775 ], [ 13.61973, 52.72754 ], [ 13.6197, 52.72689 ], [ 13.61977, 52.72668 ], [ 13.61993, 52.72648 ], [ 13.62034, 52.72615 ], [ 13.62124, 52.72569 ], [ 13.62215, 52.72535 ], [ 13.62242, 52.72454 ], [ 13.62108, 52.72497 ], [ 13.61966, 52.72577 ], [ 13.61926, 52.7255 ], [ 13.61781, 52.72608 ], [ 13.61733, 52.72635 ], [ 13.61724, 52.72758 ], [ 13.61706, 52.72777 ], [ 13.61581, 52.7287 ], [ 13.61555, 52.72908 ], [ 13.61501, 52.72995 ], [ 13.61481, 52.73052 ], [ 13.61484, 52.73074 ], [ 13.61497, 52.73104 ] ], [ [ 13.61491, 52.73035 ], [ 13.61521, 52.73036 ], [ 13.61542, 52.73067 ], [ 13.61554, 52.7307 ], [ 13.61573, 52.73087 ], [ 13.61578, 52.73103 ], [ 13.61511, 52.73098 ], [ 13.61518, 52.73083 ], [ 13.615, 52.7308 ], [ 13.61501, 52.73075 ], [ 13.61484, 52.73074 ], [ 13.61491, 52.73035 ] ] ] } },
{ "type": "Feature", "properties": { "boden": "100 % mittel, mäßig frisch (M2)" }, "geometry": { "type": "Polygon", "coordinates": [ [ [ 13.61618, 52.73214 ], [ 13.61605, 52.73206 ], [ 13.61604, 52.73191 ], [ 13.61619, 52.73179 ], [ 13.61634, 52.73179 ], [ 13.61649, 52.73187 ], [ 13.61649, 52.73203 ], [ 13.61634, 52.73213 ], [ 13.6165, 52.73211 ], [ 13.61674, 52.73127 ], [ 13.61964, 52.7315 ], [ 13.61997, 52.73057 ], [ 13.61882, 52.73045 ], [ 13.62065, 52.72827 ], [ 13.62064, 52.72787 ], [ 13.6204, 52.7275 ], [ 13.62049, 52.72721 ], [ 13.62156, 52.7273 ], [ 13.62181, 52.72632 ], [ 13.62159, 52.72609 ], [ 13.62188, 52.72572 ], [ 13.62202, 52.72574 ], [ 13.62215, 52.72535 ], [ 13.62124, 52.72569 ], [ 13.62034, 52.72615 ], [ 13.61993, 52.72648 ], [ 13.61977, 52.72668 ], [ 13.6197, 52.72689 ], [ 13.61973, 52.72754 ], [ 13.61961, 52.72775 ], [ 13.61867, 52.7288 ], [ 13.61843, 52.7292 ], [ 13.61764, 52.73021 ], [ 13.61629, 52.73089 ], [ 13.61609, 52.73107 ], [ 13.61561, 52.73226 ], [ 13.61555, 52.73269 ], [ 13.61581, 52.73308 ], [ 13.61658, 52.7336 ], [ 13.61659, 52.73353 ], [ 13.61605, 52.73311 ], [ 13.61601, 52.73216 ], [ 13.61618, 52.73214 ] ] ] } },
{ "type": "Feature", "properties": { "boden": "100 % ziemlich arm, mäßig frisch (Z2)" }, "geometry": { "type": "Polygon", "coordinates": [ [ [ 13.61631, 52.73622 ], [ 13.61642, 52.73649 ], [ 13.61695, 52.73715 ], [ 13.61702, 52.73756 ], [ 13.61745, 52.73778 ], [ 13.6177, 52.73759 ], [ 13.61757, 52.73748 ], [ 13.61769, 52.73742 ], [ 13.6176, 52.73724 ], [ 13.61761, 52.73708 ], [ 13.61724, 52.73696 ], [ 13.61698, 52.73656 ], [ 13.61664, 52.7364 ], [ 13.61663, 52.7362 ], [ 13.61631, 52.73622 ] ] ] } },
{ "type": "Feature", "properties": { "boden": "100 % mittel, trocken (vermutet) (M3)" }, "geometry": { "type": "Polygon", "coordinates": [ [ [ 13.62034, 52.73738 ], [ 13.6202, 52.73739 ], [ 13.62008, 52.73753 ], [ 13.62051, 52.73764 ], [ 13.62059, 52.73784 ], [ 13.62065, 52.73786 ], [ 13.62057, 52.73749 ], [ 13.62034, 52.73738 ] ] ] } },
{ "type": "Feature", "properties": { "boden": "100 % mittel, trocken (vermutet) (M3)" }, "geometry": { "type": "Polygon", "coordinates": [ [ [ 13.61816, 52.73785 ], [ 13.61855, 52.73796 ], [ 13.61844, 52.73769 ], [ 13.61847, 52.73753 ], [ 13.61836, 52.73748 ], [ 13.6183, 52.73749 ], [ 13.61816, 52.73785 ] ] ] } },
{ "type": "Feature", "properties": { "boden": "100 % mittel, mäßig frisch (M2)" }, "geometry": { "type": "Polygon", "coordinates": [ [ [ 13.62611, 52.73933 ], [ 13.62531, 52.7391 ], [ 13.62523, 52.73904 ], [ 13.62523, 52.73895 ], [ 13.62684, 52.73904 ], [ 13.62738, 52.73917 ], [ 13.62753, 52.73916 ], [ 13.6272, 52.73874 ], [ 13.62685, 52.73881 ], [ 13.62563, 52.73853 ], [ 13.62567, 52.73841 ], [ 13.62596, 52.73824 ], [ 13.62688, 52.73798 ], [ 13.62781, 52.73783 ], [ 13.62797, 52.73784 ], [ 13.62792, 52.7379 ], [ 13.6305, 52.73775 ], [ 13.6312, 52.73845 ], [ 13.63117, 52.73816 ], [ 13.63191, 52.73813 ], [ 13.6321, 52.73809 ], [ 13.63253, 52.73785 ], [ 13.63271, 52.7378 ], [ 13.63347, 52.73774 ], [ 13.63239, 52.73663 ], [ 13.63092, 52.73719 ], [ 13.6298, 52.73612 ], [ 13.629, 52.73646 ], [ 13.62923, 52.73674 ], [ 13.62838, 52.73679 ], [ 13.62847, 52.73692 ], [ 13.62601, 52.73729 ], [ 13.62486, 52.73635 ], [ 13.62425, 52.73653 ], [ 13.62397, 52.73638 ], [ 13.62334, 52.73672 ], [ 13.62363, 52.73731 ], [ 13.6227, 52.73734 ], [ 13.62243, 52.73704 ], [ 13.6208, 52.73758 ], [ 13.61959, 52.73645 ], [ 13.61932, 52.73678 ], [ 13.61844, 52.7373 ], [ 13.61795, 52.73783 ], [ 13.61817, 52.73787 ], [ 13.6183, 52.73749 ], [ 13.61844, 52.73749 ], [ 13.61844, 52.73769 ], [ 13.61855, 52.73796 ], [ 13.62091, 52.7386 ], [ 13.62134, 52.73838 ], [ 13.62165, 52.73831 ], [ 13.62206, 52.73831 ], [ 13.62211, 52.73857 ], [ 13.62178, 52.73884 ], [ 13.62155, 52.73895 ], [ 13.62225, 52.73943 ], [ 13.62268, 52.73964 ], [ 13.62345, 52.73988 ], [ 13.62417, 52.73989 ], [ 13.62447, 52.73984 ], [ 13.62611, 52.73933 ] ], [ [ 13.62448, 52.7387 ], [ 13.62331, 52.73898 ], [ 13.6231, 52.73896 ], [ 13.62298, 52.73888 ], [ 13.62293, 52.73875 ], [ 13.62296, 52.7387 ], [ 13.6232, 52.73864 ], [ 13.62421, 52.73867 ], [ 13.62451, 52.73853 ], [ 13.62451, 52.73833 ], [ 13.62506, 52.73837 ], [ 13.62492, 52.7385 ], [ 13.62456, 52.73859 ], [ 13.62448, 52.7387 ] ], [ [ 13.61991, 52.73788 ], [ 13.61991, 52.73805 ], [ 13.61977, 52.73814 ], [ 13.6194, 52.73813 ], [ 13.61928, 52.73809 ], [ 13.61915, 52.73795 ], [ 13.61915, 52.73787 ], [ 13.61929, 52.73782 ], [ 13.61991, 52.73788 ] ], [ [ 13.62051, 52.73743 ], [ 13.62062, 52.73758 ], [ 13.62065, 52.73786 ], [ 13.62059, 52.73784 ], [ 13.62051, 52.73764 ], [ 13.62008, 52.73753 ], [ 13.6202, 52.73739 ], [ 13.62034, 52.73738 ], [ 13.62051, 52.73743 ] ] ] } },
{ "type": "Feature", "properties": { "boden": "100 % mittel, mäßig frisch (M2)" }, "geometry": { "type": "Polygon", "coordinates": [ [ [ 13.61943, 52.73782 ], [ 13.61915, 52.73787 ], [ 13.61928, 52.73809 ], [ 13.61955, 52.73815 ], [ 13.61987, 52.73809 ], [ 13.61991, 52.73788 ], [ 13.61943, 52.73782 ] ] ] } },
{ "type": "Feature", "properties": { "boden": "100 % ziemlich arm, trocken (vermutet) (Z3)" }, "geometry": { "type": "Polygon", "coordinates": [ [ [ 13.61855, 52.73796 ], [ 13.61817, 52.73787 ], [ 13.61841, 52.73835 ], [ 13.61853, 52.7384 ], [ 13.61861, 52.73829 ], [ 13.61861, 52.73811 ], [ 13.61855, 52.73796 ] ] ] } },
{ "type": "Feature", "properties": { "boden": "100 % mittel, trocken (vermutet) (M3)" }, "geometry": { "type": "Polygon", "coordinates": [ [ [ 13.6267, 52.73808 ], [ 13.62792, 52.7379 ], [ 13.62797, 52.73784 ], [ 13.62746, 52.73786 ], [ 13.6262, 52.73815 ], [ 13.62578, 52.73833 ], [ 13.62567, 52.73841 ], [ 13.62563, 52.73853 ], [ 13.62685, 52.73881 ], [ 13.62713, 52.73878 ], [ 13.6272, 52.73874 ], [ 13.6267, 52.73808 ] ] ] } },
{ "type": "Feature", "properties": { "boden": "100 % mittel, mäßig frisch (M2)" }, "geometry": { "type": "Polygon", "coordinates": [ [ [ 13.62093, 52.73861 ], [ 13.62155, 52.73895 ], [ 13.62178, 52.73884 ], [ 13.62211, 52.73857 ], [ 13.62206, 52.73831 ], [ 13.62165, 52.73831 ], [ 13.62134, 52.73838 ], [ 13.62093, 52.73861 ] ] ] } },
{ "type": "Feature", "properties": { "boden": "100 % mittel, trocken (vermutet) (M3)" }, "geometry": { "type": "Polygon", "coordinates": [ [ [ 13.61369, 52.73266 ], [ 13.61352, 52.73271 ], [ 13.61345, 52.73294 ], [ 13.61355, 52.73301 ], [ 13.61377, 52.73297 ], [ 13.61391, 52.73288 ], [ 13.61388, 52.73276 ], [ 13.6138, 52.73267 ], [ 13.61369, 52.73266 ] ] ] } },
{ "type": "Feature", "properties": { "boden": "100 % mittel, mäßig frisch (M2)" }, "geometry": { "type": "Polygon", "coordinates": [ [ [ 13.61658, 52.7336 ], [ 13.61581, 52.73308 ], [ 13.61637, 52.73378 ], [ 13.61655, 52.73391 ], [ 13.61658, 52.7336 ] ] ] } },
{ "type": "Feature", "properties": { "boden": "100 % mittel, trocken (vermutet) (M3)" }, "geometry": { "type": "Polygon", "coordinates": [ [ [ 13.61381, 52.73465 ], [ 13.61328, 52.73474 ], [ 13.61319, 52.73482 ], [ 13.61357, 52.73491 ], [ 13.61376, 52.73491 ], [ 13.61396, 52.73475 ], [ 13.61393, 52.73469 ], [ 13.61381, 52.73465 ] ] ] } },
{ "type": "Feature", "properties": { "boden": "100 % mittel, mäßig frisch (M2)" }, "geometry": { "type": "Polygon", "coordinates": [ [ [ 13.61665, 52.73614 ], [ 13.61648, 52.73595 ], [ 13.61654, 52.73583 ], [ 13.61672, 52.73573 ], [ 13.61663, 52.73571 ], [ 13.61667, 52.73565 ], [ 13.61654, 52.73558 ], [ 13.61674, 52.73551 ], [ 13.61674, 52.73547 ], [ 13.61651, 52.73545 ], [ 13.61647, 52.7354 ], [ 13.61589, 52.73405 ], [ 13.61578, 52.73391 ], [ 13.61577, 52.73405 ], [ 13.61567, 52.73419 ], [ 13.61581, 52.73425 ], [ 13.61594, 52.73459 ], [ 13.6161, 52.73474 ], [ 13.61608, 52.73507 ], [ 13.61623, 52.73557 ], [ 13.61621, 52.73612 ], [ 13.61631, 52.73622 ], [ 13.61663, 52.7362 ], [ 13.61665, 52.73614 ] ] ] } },
{ "type": "Feature", "properties": { "boden": "100 % ziemlich arm, mäßig frisch (Z2)" }, "geometry": { "type": "Polygon", "coordinates": [ [ [ 13.61631, 52.73622 ], [ 13.61525, 52.73633 ], [ 13.61336, 52.73645 ], [ 13.61272, 52.73654 ], [ 13.61253, 52.73662 ], [ 13.6125, 52.73682 ], [ 13.61258, 52.73695 ], [ 13.61299, 52.73705 ], [ 13.6141, 52.73705 ], [ 13.61475, 52.73713 ], [ 13.61496, 52.73724 ], [ 13.61512, 52.73752 ], [ 13.61613, 52.73739 ], [ 13.61621, 52.73745 ], [ 13.6164, 52.73734 ], [ 13.61673, 52.7374 ], [ 13.61702, 52.73756 ], [ 13.61695, 52.73715 ], [ 13.61642, 52.73649 ], [ 13.61631, 52.73622 ] ] ] } },
{ "type": "Feature", "properties": { "boden": "100 % mittel, mäßig frisch (M2)" }, "geometry": { "type": "Polygon", "coordinates": [ [ [ 13.61281, 52.73754 ], [ 13.6127, 52.73739 ], [ 13.61255, 52.73731 ], [ 13.61218, 52.73725 ], [ 13.61217, 52.73744 ], [ 13.61249, 52.73778 ], [ 13.61304, 52.73769 ], [ 13.61281, 52.73754 ] ] ] } },
{ "type": "Feature", "properties": { "boden": "70 % mittel, mäßig frisch (M2) · 30 % ziemlich arm, mäßig frisch (Z2)" }, "geometry": { "type": "Polygon", "coordinates": [ [ [ 13.60884, 52.73794 ], [ 13.60895, 52.73819 ], [ 13.60932, 52.73831 ], [ 13.60946, 52.73829 ], [ 13.60945, 52.73819 ], [ 13.60923, 52.73806 ], [ 13.60884, 52.73794 ] ] ] } },
{ "type": "Feature", "properties": { "boden": "70 % mittel, trocken (vermutet) (M3) · 30 % ziemlich arm, trocken (vermutet) (Z3)" }, "geometry": { "type": "Polygon", "coordinates": [ [ [ 13.61101, 52.73789 ], [ 13.61037, 52.73774 ], [ 13.61024, 52.73792 ], [ 13.60998, 52.73805 ], [ 13.61008, 52.73843 ], [ 13.60979, 52.73867 ], [ 13.60988, 52.73887 ], [ 13.61044, 52.73894 ], [ 13.61061, 52.73889 ], [ 13.61089, 52.73859 ], [ 13.61108, 52.73801 ], [ 13.61101, 52.73789 ] ] ] } },
{ "type": "Feature", "properties": { "boden": "70 % mittel, mäßig frisch (M2) · 30 % ziemlich arm, mäßig frisch (Z2)" }, "geometry": { "type": "Polygon", "coordinates": [ [ [ 13.60976, 52.73939 ], [ 13.60958, 52.73944 ], [ 13.6095, 52.73954 ], [ 13.60957, 52.73965 ], [ 13.60975, 52.7397 ], [ 13.60993, 52.73966 ], [ 13.61, 52.73955 ], [ 13.60993, 52.73944 ], [ 13.60976, 52.73939 ] ] ] } },
{ "type": "Feature", "properties": { "boden": "70 % mittel, trocken (vermutet) (M3) · 30 % ziemlich arm, trocken (vermutet) (Z3)" }, "geometry": { "type": "Polygon", "coordinates": [ [ [ 13.60866, 52.73933 ], [ 13.60841, 52.73942 ], [ 13.60837, 52.73948 ], [ 13.6084, 52.73982 ], [ 13.60915, 52.74022 ], [ 13.60923, 52.74045 ], [ 13.60939, 52.74057 ], [ 13.60949, 52.74051 ], [ 13.60954, 52.74018 ], [ 13.60971, 52.73986 ], [ 13.60972, 52.73973 ], [ 13.60927, 52.73959 ], [ 13.60888, 52.73937 ], [ 13.60866, 52.73933 ] ] ] } },
{ "type": "Feature", "properties": { "boden": "100 % mittel, mäßig frisch (M2)" }, "geometry": { "type": "Polygon", "coordinates": [ [ [ 13.62451, 52.73868 ], [ 13.62461, 52.73856 ], [ 13.62492, 52.7385 ], [ 13.62504, 52.7384 ], [ 13.62502, 52.73834 ], [ 13.62451, 52.73833 ], [ 13.62451, 52.73853 ], [ 13.62421, 52.73867 ], [ 13.6232, 52.73864 ], [ 13.62296, 52.7387 ], [ 13.62293, 52.73875 ], [ 13.62298, 52.73888 ], [ 13.6231, 52.73896 ], [ 13.62331, 52.73898 ], [ 13.62451, 52.73868 ] ] ] } },
{ "type": "Feature", "properties": { "boden": "100 % ziemlich arm, mäßig frisch (Z2)" }, "geometry": { "type": "Polygon", "coordinates": [ [ [ 13.62093, 52.73861 ], [ 13.62078, 52.73872 ], [ 13.62089, 52.73883 ], [ 13.62132, 52.73899 ], [ 13.62155, 52.73895 ], [ 13.62093, 52.73861 ] ] ] } },
{ "type": "Feature", "properties": { "boden": "100 % mittel, mäßig frisch (M2)" }, "geometry": { "type": "Polygon", "coordinates": [ [ [ 13.62738, 52.73917 ], [ 13.62684, 52.73904 ], [ 13.62528, 52.73893 ], [ 13.62521, 52.73899 ], [ 13.62523, 52.73904 ], [ 13.62545, 52.73916 ], [ 13.62611, 52.73933 ], [ 13.62665, 52.73919 ], [ 13.62738, 52.73917 ] ] ] } },
{ "type": "Feature", "properties": { "boden": "100 % ziemlich arm, trocken (vermutet) (Z3)" }, "geometry": { "type": "Polygon", "coordinates": [ [ [ 13.62026, 52.73851 ], [ 13.61925, 52.73868 ], [ 13.61903, 52.73877 ], [ 13.61897, 52.73885 ], [ 13.61907, 52.73905 ], [ 13.61895, 52.73934 ], [ 13.61897, 52.73951 ], [ 13.61913, 52.73963 ], [ 13.61936, 52.73967 ], [ 13.61943, 52.73964 ], [ 13.61954, 52.73939 ], [ 13.61942, 52.73908 ], [ 13.62013, 52.73891 ], [ 13.62032, 52.73863 ], [ 13.62026, 52.73851 ] ] ] } },
{ "type": "Feature", "properties": { "boden": "100 % mittel, mäßig frisch (M2)" }, "geometry": { "type": "Polygon", "coordinates": [ [ [ 13.62778, 52.73951 ], [ 13.62789, 52.7394 ], [ 13.62761, 52.73927 ], [ 13.62753, 52.73916 ], [ 13.62665, 52.73919 ], [ 13.62611, 52.73933 ], [ 13.62668, 52.73959 ], [ 13.62671, 52.73948 ], [ 13.62728, 52.73959 ], [ 13.62744, 52.73951 ], [ 13.62775, 52.73962 ], [ 13.62784, 52.7396 ], [ 13.62778, 52.73951 ] ] ] } },
{ "type": "Feature", "properties": { "boden": "100 % mittel, mäßig frisch (M2)" }, "geometry": { "type": "Polygon", "coordinates": [ [ [ 13.62822, 52.73941 ], [ 13.62797, 52.73943 ], [ 13.62786, 52.7394 ], [ 13.62778, 52.73951 ], [ 13.62784, 52.7396 ], [ 13.62829, 52.73951 ], [ 13.62822, 52.73941 ] ] ] } },
{ "type": "Feature", "properties": { "boden": "100 % ziemlich arm, mäßig frisch (Z2)" }, "geometry": { "type": "Polygon", "coordinates": [ [ [ 13.62499, 52.73969 ], [ 13.62417, 52.73989 ], [ 13.62345, 52.73988 ], [ 13.62268, 52.73964 ], [ 13.62225, 52.73943 ], [ 13.62155, 52.73895 ], [ 13.62132, 52.73899 ], [ 13.62089, 52.73883 ], [ 13.62078, 52.73872 ], [ 13.62091, 52.7386 ], [ 13.61855, 52.73796 ], [ 13.61861, 52.73829 ], [ 13.61857, 52.73839 ], [ 13.61847, 52.73839 ], [ 13.61817, 52.73787 ], [ 13.61795, 52.73783 ], [ 13.61776, 52.73809 ], [ 13.61789, 52.73852 ], [ 13.61808, 52.7387 ], [ 13.61837, 52.73923 ], [ 13.61819, 52.73953 ], [ 13.61831, 52.73977 ], [ 13.61801, 52.73984 ], [ 13.61874, 52.74121 ], [ 13.6198, 52.74106 ], [ 13.62104, 52.74064 ], [ 13.62254, 52.74051 ], [ 13.62326, 52.7406 ], [ 13.62424, 52.74055 ], [ 13.62447, 52.7405 ], [ 13.62476, 52.74026 ], [ 13.62516, 52.73973 ], [ 13.62545, 52.73953 ], [ 13.62499, 52.73969 ] ], [ [ 13.62441, 52.74014 ], [ 13.62454, 52.74023 ], [ 13.62455, 52.74031 ], [ 13.62408, 52.7404 ], [ 13.62321, 52.74042 ], [ 13.62307, 52.74029 ], [ 13.62316, 52.74017 ], [ 13.62349, 52.74008 ], [ 13.62383, 52.74007 ], [ 13.62441, 52.74014 ] ], [ [ 13.62032, 52.73863 ], [ 13.62013, 52.73891 ], [ 13.61942, 52.73908 ], [ 13.61954, 52.73939 ], [ 13.61949, 52.73957 ], [ 13.61936, 52.73967 ], [ 13.61913, 52.73963 ], [ 13.61897, 52.73951 ], [ 13.61895, 52.73934 ], [ 13.61907, 52.73905 ], [ 13.61897, 52.73885 ], [ 13.61903, 52.73877 ], [ 13.61925, 52.73868 ], [ 13.62016, 52.73851 ], [ 13.62032, 52.73855 ], [ 13.62032, 52.73863 ] ] ] } },
{ "type": "Feature", "properties": { "boden": "100 % ziemlich arm, trocken (vermutet) (Z3)" }, "geometry": { "type": "Polygon", "coordinates": [ [ [ 13.62383, 52.74007 ], [ 13.62349, 52.74008 ], [ 13.62316, 52.74017 ], [ 13.62307, 52.74025 ], [ 13.62311, 52.74037 ], [ 13.62333, 52.74043 ], [ 13.62408, 52.7404 ], [ 13.62455, 52.74031 ], [ 13.62454, 52.74023 ], [ 13.62441, 52.74014 ], [ 13.62383, 52.74007 ] ] ] } },
{ "type": "Feature", "properties": { "boden": "100 % mittel, mäßig frisch (M2)" }, "geometry": { "type": "Polygon", "coordinates": [ [ [ 13.62665, 52.73959 ], [ 13.62611, 52.73933 ], [ 13.62545, 52.73953 ], [ 13.62516, 52.73973 ], [ 13.62476, 52.74026 ], [ 13.62447, 52.7405 ], [ 13.62424, 52.74055 ], [ 13.62326, 52.7406 ], [ 13.62254, 52.74051 ], [ 13.62104, 52.74064 ], [ 13.6198, 52.74106 ], [ 13.61874, 52.74121 ], [ 13.61881, 52.74134 ], [ 13.61939, 52.74131 ], [ 13.61957, 52.74164 ], [ 13.61986, 52.74168 ], [ 13.61993, 52.74153 ], [ 13.62014, 52.74158 ], [ 13.62003, 52.74118 ], [ 13.62089, 52.74106 ], [ 13.62099, 52.74111 ], [ 13.62222, 52.74096 ], [ 13.62226, 52.7409 ], [ 13.62293, 52.74092 ], [ 13.62296, 52.74096 ], [ 13.62309, 52.74092 ], [ 13.6233, 52.74098 ], [ 13.62364, 52.74118 ], [ 13.62423, 52.74117 ], [ 13.62491, 52.74145 ], [ 13.62611, 52.74144 ], [ 13.62588, 52.74066 ], [ 13.62531, 52.7401 ], [ 13.62539, 52.74 ], [ 13.62588, 52.73973 ], [ 13.6261, 52.7399 ], [ 13.62661, 52.7398 ], [ 13.62665, 52.73959 ] ] ] } },
{ "type": "Feature", "properties": { "boden": "100 % kräftig, nass (OK2)" }, "geometry": { "type": "Polygon", "coordinates": [ [ [ 13.62273, 52.74161 ], [ 13.62154, 52.74167 ], [ 13.62084, 52.74167 ], [ 13.6213, 52.74192 ], [ 13.62324, 52.74198 ], [ 13.62312, 52.74179 ], [ 13.6228, 52.74177 ], [ 13.62273, 52.74161 ] ] ] } },
{ "type": "Feature", "properties": { "boden": "100 % kräftig, nass (OK2)" }, "geometry": { "type": "Polygon", "coordinates": [ [ [ 13.62224, 52.74344 ], [ 13.62301, 52.74345 ], [ 13.62326, 52.74224 ], [ 13.62246, 52.74219 ], [ 13.62204, 52.74336 ], [ 13.62224, 52.74344 ] ] ] } },
{ "type": "Feature", "properties": { "boden": "100 % mittel, mäßig frisch (M2g)" }, "geometry": { "type": "Polygon", "coordinates": [ [ [ 13.62204, 52.74454 ], [ 13.62212, 52.74405 ], [ 13.62209, 52.74399 ], [ 13.62182, 52.7439 ], [ 13.62183, 52.74375 ], [ 13.62185, 52.74364 ], [ 13.6222, 52.7437 ], [ 13.62224, 52.74344 ], [ 13.62204, 52.74336 ], [ 13.62145, 52.74269 ], [ 13.62081, 52.7426 ], [ 13.6207, 52.74285 ], [ 13.62139, 52.74307 ], [ 13.62143, 52.74313 ], [ 13.62123, 52.74323 ], [ 13.62108, 52.74323 ], [ 13.62104, 52.74311 ], [ 13.62078, 52.74316 ], [ 13.62072, 52.7433 ], [ 13.62085, 52.74344 ], [ 13.62143, 52.7438 ], [ 13.62152, 52.74405 ], [ 13.62134, 52.74419 ], [ 13.62122, 52.74413 ], [ 13.62119, 52.74432 ], [ 13.62144, 52.74443 ], [ 13.62193, 52.74451 ], [ 13.62191, 52.74497 ], [ 13.62216, 52.74472 ], [ 13.62204, 52.74454 ] ] ] } },
{ "type": "Feature", "properties": { "boden": "100 % mittel, mäßig frisch (M2g)" }, "geometry": { "type": "Polygon", "coordinates": [ [ [ 13.6184, 52.7441 ], [ 13.61822, 52.74415 ], [ 13.61815, 52.74425 ], [ 13.61822, 52.74436 ], [ 13.61839, 52.74441 ], [ 13.61857, 52.74437 ], [ 13.61865, 52.74426 ], [ 13.61858, 52.74415 ], [ 13.6184, 52.7441 ] ] ] } },
{ "type": "Feature", "properties": { "boden": "100 % mittel, mäßig frisch (M2g)" }, "geometry": { "type": "Polygon", "coordinates": [ [ [ 13.61849, 52.74546 ], [ 13.61914, 52.74575 ], [ 13.62042, 52.74578 ], [ 13.62116, 52.7455 ], [ 13.62097, 52.74539 ], [ 13.62073, 52.74447 ], [ 13.62039, 52.74427 ], [ 13.6203, 52.74401 ], [ 13.61964, 52.7436 ], [ 13.61938, 52.74332 ], [ 13.61951, 52.74318 ], [ 13.6201, 52.74341 ], [ 13.62021, 52.74335 ], [ 13.62001, 52.74311 ], [ 13.61984, 52.74307 ], [ 13.61973, 52.74293 ], [ 13.61873, 52.74282 ], [ 13.61882, 52.74325 ], [ 13.61781, 52.74383 ], [ 13.61794, 52.74392 ], [ 13.61668, 52.74462 ], [ 13.61653, 52.74481 ], [ 13.61629, 52.74481 ], [ 13.61636, 52.74498 ], [ 13.61685, 52.74531 ], [ 13.6171, 52.74538 ], [ 13.61735, 52.74554 ], [ 13.61787, 52.74562 ], [ 13.61849, 52.74546 ] ], [ [ 13.61865, 52.74426 ], [ 13.61857, 52.74437 ], [ 13.61839, 52.74441 ], [ 13.61822, 52.74436 ], [ 13.61815, 52.74425 ], [ 13.61822, 52.74415 ], [ 13.6184, 52.7441 ], [ 13.61858, 52.74415 ], [ 13.61865, 52.74426 ] ] ] } },
{ "type": "Feature", "properties": { "boden": "40 % ziemlich arm, trocken (vermutet) (Z3) · 30 % mittel, trocken (vermutet) (M3) · 30 % mittel, trocken (vermutet) (M3)" }, "geometry": { "type": "Polygon", "coordinates": [ [ [ 13.62562, 52.74472 ], [ 13.6256, 52.74454 ], [ 13.62525, 52.74455 ], [ 13.62509, 52.74474 ], [ 13.62457, 52.74472 ], [ 13.62447, 52.74475 ], [ 13.62443, 52.7449 ], [ 13.62459, 52.74503 ], [ 13.62482, 52.74511 ], [ 13.62515, 52.74516 ], [ 13.6253, 52.74514 ], [ 13.62552, 52.74498 ], [ 13.62562, 52.74472 ] ] ] } },
{ "type": "Feature", "properties": { "boden": "100 % ziemlich arm, mäßig frisch (Z2g)" }, "geometry": { "type": "Polygon", "coordinates": [ [ [ 13.61787, 52.74562 ], [ 13.61766, 52.74654 ], [ 13.61806, 52.74678 ], [ 13.61835, 52.74655 ], [ 13.61856, 52.74624 ], [ 13.61829, 52.74558 ], [ 13.61849, 52.74546 ], [ 13.61787, 52.74562 ] ] ] } },
{ "type": "Feature", "properties": { "boden": "40 % ziemlich arm, mäßig frisch (Z2) · 30 % mittel, mäßig frisch (M2) · 30 % mittel, mäßig frisch (M2)" }, "geometry": { "type": "Polygon", "coordinates": [ [ [ 13.62517, 52.74614 ], [ 13.62499, 52.74618 ], [ 13.62492, 52.74629 ], [ 13.62499, 52.7464 ], [ 13.62516, 52.74644 ], [ 13.62534, 52.7464 ], [ 13.62542, 52.74629 ], [ 13.62535, 52.74618 ], [ 13.62517, 52.74614 ] ] ] } },
{ "type": "Feature", "properties": { "boden": "100 % ziemlich arm, frisch (Z1)" }, "geometry": { "type": "Polygon", "coordinates": [ [ [ 13.61695, 52.74637 ], [ 13.61658, 52.74637 ], [ 13.6166, 52.74679 ], [ 13.61645, 52.74727 ], [ 13.61697, 52.74714 ], [ 13.61722, 52.74673 ], [ 13.61717, 52.74656 ], [ 13.61695, 52.74637 ] ] ] } },
{ "type": "Feature", "properties": { "boden": "40 % ziemlich arm, mäßig frisch (Z2) · 30 % mittel, mäßig frisch (M2) · 30 % mittel, mäßig frisch (M2)" }, "geometry": { "type": "Polygon", "coordinates": [ [ [ 13.6272, 52.74756 ], [ 13.6266, 52.74723 ], [ 13.62702, 52.74694 ], [ 13.62713, 52.74668 ], [ 13.62705, 52.74618 ], [ 13.62745, 52.74559 ], [ 13.62713, 52.74564 ], [ 13.62681, 52.74582 ], [ 13.62637, 52.74567 ], [ 13.62621, 52.74545 ], [ 13.62642, 52.74506 ], [ 13.62602, 52.74465 ], [ 13.62556, 52.74451 ], [ 13.62523, 52.74454 ], [ 13.62493, 52.74462 ], [ 13.6247, 52.74456 ], [ 13.62452, 52.74465 ], [ 13.6241, 52.7447 ], [ 13.6239, 52.7449 ], [ 13.62325, 52.74477 ], [ 13.62249, 52.74491 ], [ 13.62216, 52.74472 ], [ 13.62191, 52.74497 ], [ 13.62123, 52.74545 ], [ 13.6219, 52.74566 ], [ 13.62178, 52.74581 ], [ 13.62171, 52.74619 ], [ 13.62205, 52.74631 ], [ 13.62301, 52.74642 ], [ 13.62458, 52.74648 ], [ 13.62511, 52.74668 ], [ 13.625, 52.74729 ], [ 13.62509, 52.74771 ], [ 13.62491, 52.7477 ], [ 13.62492, 52.74962 ], [ 13.62519, 52.74965 ], [ 13.62545, 52.74863 ], [ 13.62602, 52.74845 ], [ 13.62628, 52.7482 ], [ 13.62721, 52.74766 ], [ 13.6272, 52.74756 ] ], [ [ 13.62542, 52.74629 ], [ 13.62534, 52.7464 ], [ 13.62516, 52.74644 ], [ 13.62499, 52.7464 ], [ 13.62492, 52.74629 ], [ 13.62499, 52.74618 ], [ 13.62517, 52.74614 ], [ 13.62535, 52.74618 ], [ 13.62542, 52.74629 ] ], [ [ 13.62542, 52.74508 ], [ 13.62515, 52.74516 ], [ 13.62469, 52.74507 ], [ 13.62443, 52.7449 ], [ 13.62447, 52.74475 ], [ 13.62466, 52.74472 ], [ 13.62501, 52.74475 ], [ 13.62513, 52.7447 ], [ 13.62525, 52.74455 ], [ 13.6256, 52.74454 ], [ 13.62562, 52.74472 ], [ 13.62542, 52.74508 ] ] ] } },
{ "type": "Feature", "properties": { "boden": "100 % kräftig, nass (OK2)" }, "geometry": { "type": "Polygon", "coordinates": [ [ [ 13.61775, 52.74661 ], [ 13.61717, 52.74708 ], [ 13.61693, 52.74743 ], [ 13.61702, 52.74751 ], [ 13.61777, 52.7472 ], [ 13.61806, 52.74678 ], [ 13.61775, 52.74661 ] ] ] } },
{ "type": "Feature", "properties": { "boden": "100 % ziemlich arm, mäßig frisch (Z2)" }, "geometry": { "type": "Polygon", "coordinates": [ [ [ 13.61282, 52.74839 ], [ 13.61296, 52.74777 ], [ 13.61278, 52.74799 ], [ 13.61264, 52.74801 ], [ 13.61242, 52.74796 ], [ 13.61224, 52.74785 ], [ 13.61221, 52.74768 ], [ 13.61262, 52.74716 ], [ 13.61285, 52.74706 ], [ 13.61325, 52.74706 ], [ 13.61361, 52.74659 ], [ 13.61386, 52.74648 ], [ 13.61407, 52.74647 ], [ 13.61437, 52.7466 ], [ 13.61461, 52.7469 ], [ 13.6149, 52.74687 ], [ 13.61505, 52.74714 ], [ 13.61521, 52.74728 ], [ 13.61536, 52.74732 ], [ 13.61551, 52.74729 ], [ 13.61539, 52.74689 ], [ 13.6151, 52.74649 ], [ 13.61499, 52.74607 ], [ 13.61568, 52.74583 ], [ 13.61481, 52.74518 ], [ 13.61434, 52.74541 ], [ 13.61432, 52.74482 ], [ 13.6138, 52.74517 ], [ 13.61362, 52.74522 ], [ 13.6142, 52.74545 ], [ 13.61424, 52.74553 ], [ 13.61407, 52.74558 ], [ 13.61374, 52.74553 ], [ 13.61344, 52.74527 ], [ 13.61293, 52.74541 ], [ 13.61172, 52.74529 ], [ 13.61198, 52.74539 ], [ 13.612, 52.74559 ], [ 13.6116, 52.74609 ], [ 13.61145, 52.7462 ], [ 13.61143, 52.74607 ], [ 13.61161, 52.74591 ], [ 13.61156, 52.74566 ], [ 13.61129, 52.74549 ], [ 13.61064, 52.7452 ], [ 13.61055, 52.74532 ], [ 13.61114, 52.7455 ], [ 13.61143, 52.74579 ], [ 13.61126, 52.74624 ], [ 13.61169, 52.7462 ], [ 13.61211, 52.74648 ], [ 13.61231, 52.7471 ], [ 13.6123, 52.74737 ], [ 13.612, 52.74784 ], [ 13.61223, 52.74822 ], [ 13.61253, 52.74842 ], [ 13.61282, 52.74839 ] ], [ [ 13.61273, 52.74635 ], [ 13.61255, 52.74639 ], [ 13.61237, 52.74635 ], [ 13.6123, 52.74624 ], [ 13.61265, 52.74581 ], [ 13.61286, 52.74595 ], [ 13.61293, 52.74623 ], [ 13.61319, 52.74635 ], [ 13.61316, 52.74655 ], [ 13.61293, 52.74653 ], [ 13.61284, 52.74639 ], [ 13.61273, 52.74635 ] ] ] } },
{ "type": "Feature", "properties": { "boden": "100 % mittel, mäßig frisch (M2)" }, "geometry": { "type": "Polygon", "coordinates": [ [ [ 13.61461, 52.7469 ], [ 13.61437, 52.7466 ], [ 13.61407, 52.74647 ], [ 13.61386, 52.74648 ], [ 13.61361, 52.74659 ], [ 13.61325, 52.74706 ], [ 13.61337, 52.7471 ], [ 13.61349, 52.74697 ], [ 13.61392, 52.74703 ], [ 13.61461, 52.7469 ] ] ] } },
{ "type": "Feature", "properties": { "boden": "100 % mittel, mäßig frisch (M2)" }, "geometry": { "type": "Polygon", "coordinates": [ [ [ 13.61499, 52.74607 ], [ 13.6151, 52.74649 ], [ 13.61539, 52.74689 ], [ 13.61551, 52.74729 ], [ 13.61536, 52.74732 ], [ 13.61521, 52.74728 ], [ 13.61505, 52.74714 ], [ 13.61518, 52.74738 ], [ 13.61542, 52.74759 ], [ 13.61627, 52.74729 ], [ 13.61624, 52.74695 ], [ 13.61632, 52.74631 ], [ 13.61623, 52.74617 ], [ 13.61531, 52.74607 ], [ 13.61499, 52.74607 ] ] ] } },
{ "type": "Feature", "properties": { "boden": "100 % mittel, trocken (vermutet) (M3)" }, "geometry": { "type": "Polygon", "coordinates": [ [ [ 13.61331, 52.74717 ], [ 13.61337, 52.7471 ], [ 13.61325, 52.74706 ], [ 13.61296, 52.74777 ], [ 13.61314, 52.74754 ], [ 13.61344, 52.74735 ], [ 13.61331, 52.74717 ] ] ] } },
{ "type": "Feature", "properties": { "boden": "100 % ziemlich arm, trocken (vermutet) (Z3)" }, "geometry": { "type": "Polygon", "coordinates": [ [ [ 13.61296, 52.74777 ], [ 13.61325, 52.74706 ], [ 13.61285, 52.74706 ], [ 13.61273, 52.7471 ], [ 13.61254, 52.74725 ], [ 13.61221, 52.74768 ], [ 13.61224, 52.74785 ], [ 13.61242, 52.74796 ], [ 13.61264, 52.74801 ], [ 13.61278, 52.74799 ], [ 13.61296, 52.74777 ] ] ] } },
{ "type": "Feature", "properties": { "boden": "100 % mittel, mäßig frisch (M2)" }, "geometry": { "type": "Polygon", "coordinates": [ [ [ 13.61407, 52.74772 ], [ 13.61472, 52.74762 ], [ 13.61459, 52.74736 ], [ 13.61352, 52.74746 ], [ 13.61344, 52.74735 ], [ 13.61314, 52.74754 ], [ 13.61296, 52.74777 ], [ 13.61282, 52.74839 ], [ 13.61342, 52.74834 ], [ 13.61354, 52.74811 ], [ 13.61407, 52.74772 ] ] ] } },
{ "type": "Feature", "properties": { "boden": "100 % mittel, trocken (vermutet) (M3)" }, "geometry": { "type": "Polygon", "coordinates": [ [ [ 13.61453, 52.74779 ], [ 13.61442, 52.74784 ], [ 13.61441, 52.748 ], [ 13.61448, 52.74828 ], [ 13.61458, 52.74834 ], [ 13.61468, 52.74827 ], [ 13.61478, 52.74802 ], [ 13.61472, 52.74788 ], [ 13.61453, 52.74779 ] ] ] } },
{ "type": "Feature", "properties": { "boden": "70 % mittel, mäßig frisch (M2) · 30 % ziemlich arm, mäßig frisch (Z2)" }, "geometry": { "type": "Polygon", "coordinates": [ [ [ 13.60826, 52.74799 ], [ 13.60801, 52.74803 ], [ 13.60782, 52.74813 ], [ 13.60778, 52.74823 ], [ 13.6079, 52.74834 ], [ 13.60788, 52.74831 ], [ 13.60811, 52.7482 ], [ 13.60831, 52.74803 ], [ 13.60826, 52.74799 ] ] ] } },
{ "type": "Feature", "properties": { "boden": "100 % mittel, trocken (vermutet) (M3)" }, "geometry": { "type": "Polygon", "coordinates": [ [ [ 13.61428, 52.74849 ], [ 13.61418, 52.7485 ], [ 13.61411, 52.74857 ], [ 13.61409, 52.74906 ], [ 13.6144, 52.74872 ], [ 13.61439, 52.74859 ], [ 13.61428, 52.74849 ] ] ] } },
{ "type": "Feature", "properties": { "boden": "100 % mittel, mäßig frisch (M2)" }, "geometry": { "type": "Polygon", "coordinates": [ [ [ 13.61589, 52.74866 ], [ 13.61571, 52.7487 ], [ 13.61563, 52.74881 ], [ 13.6157, 52.74892 ], [ 13.61588, 52.74896 ], [ 13.61606, 52.74892 ], [ 13.61613, 52.74881 ], [ 13.61606, 52.74871 ], [ 13.61589, 52.74866 ] ] ] } },
{ "type": "Feature", "properties": { "boden": "100 % mittel, mäßig frisch (M2)" }, "geometry": { "type": "Polygon", "coordinates": [ [ [ 13.61978, 52.74756 ], [ 13.6196, 52.7476 ], [ 13.61953, 52.74771 ], [ 13.6196, 52.74781 ], [ 13.61977, 52.74786 ], [ 13.61995, 52.74782 ], [ 13.62003, 52.74771 ], [ 13.61996, 52.7476 ], [ 13.61978, 52.74756 ] ] ] } },
{ "type": "Feature", "properties": { "boden": "100 % ziemlich arm, trocken (vermutet) (Z3)" }, "geometry": { "type": "Polygon", "coordinates": [ [ [ 13.61734, 52.74776 ], [ 13.61702, 52.74793 ], [ 13.61708, 52.7481 ], [ 13.61726, 52.74809 ], [ 13.61791, 52.74776 ], [ 13.61848, 52.74756 ], [ 13.61868, 52.74741 ], [ 13.6186, 52.74738 ], [ 13.6184, 52.74741 ], [ 13.61734, 52.74776 ] ] ] } },
{ "type": "Feature", "properties": { "boden": "100 % reich, nass (OR2)" }, "geometry": { "type": "Polygon", "coordinates": [ [ [ 13.62738, 52.74754 ], [ 13.62628, 52.7482 ], [ 13.62602, 52.74845 ], [ 13.62545, 52.74863 ], [ 13.62519, 52.74965 ], [ 13.62492, 52.74962 ], [ 13.62488, 52.74885 ], [ 13.62364, 52.74884 ], [ 13.62356, 52.74969 ], [ 13.62407, 52.75016 ], [ 13.62741, 52.75005 ], [ 13.62752, 52.74989 ], [ 13.62755, 52.74931 ], [ 13.62771, 52.74932 ], [ 13.62796, 52.74761 ], [ 13.62738, 52.74754 ] ] ] } },
{ "type": "Feature", "properties": { "boden": "100 % mittel, mäßig frisch (M2)" }, "geometry": { "type": "Polygon", "coordinates": [ [ [ 13.61616, 52.75066 ], [ 13.61645, 52.75029 ], [ 13.61687, 52.74997 ], [ 13.61697, 52.74995 ], [ 13.61726, 52.75005 ], [ 13.61743, 52.74996 ], [ 13.61771, 52.74988 ], [ 13.61796, 52.74987 ], [ 13.61799, 52.74971 ], [ 13.61863, 52.74903 ], [ 13.61884, 52.74856 ], [ 13.61891, 52.74798 ], [ 13.62012, 52.74806 ], [ 13.6204, 52.74746 ], [ 13.62024, 52.74743 ], [ 13.6201, 52.74752 ], [ 13.62006, 52.74746 ], [ 13.61994, 52.7475 ], [ 13.61965, 52.74743 ], [ 13.61929, 52.74747 ], [ 13.61897, 52.7473 ], [ 13.61799, 52.74861 ], [ 13.6173, 52.74929 ], [ 13.61615, 52.75011 ], [ 13.61603, 52.75035 ], [ 13.616, 52.75068 ], [ 13.61609, 52.75089 ], [ 13.61616, 52.75066 ] ], [ [ 13.62003, 52.74771 ], [ 13.61995, 52.74782 ], [ 13.61977, 52.74786 ], [ 13.6196, 52.74781 ], [ 13.61953, 52.74771 ], [ 13.6196, 52.7476 ], [ 13.61978, 52.74756 ], [ 13.61996, 52.7476 ], [ 13.62003, 52.74771 ] ] ] } },
{ "type": "Feature", "properties": { "boden": "100 % mittel, trocken (vermutet) (M3)" }, "geometry": { "type": "Polygon", "coordinates": [ [ [ 13.62481, 52.75105 ], [ 13.62499, 52.75106 ], [ 13.62519, 52.75089 ], [ 13.62503, 52.75072 ], [ 13.62476, 52.75063 ], [ 13.62454, 52.75068 ], [ 13.62429, 52.75103 ], [ 13.6243, 52.7511 ], [ 13.62442, 52.75115 ], [ 13.62481, 52.75105 ] ] ] } },
{ "type": "Feature", "properties": { "boden": "100 % mittel, trocken (vermutet) (M3)" }, "geometry": { "type": "Polygon", "coordinates": [ [ [ 13.62308, 52.75124 ], [ 13.62276, 52.75132 ], [ 13.62265, 52.75144 ], [ 13.6227, 52.75156 ], [ 13.62283, 52.75163 ], [ 13.62313, 52.75162 ], [ 13.62346, 52.75148 ], [ 13.62334, 52.75136 ], [ 13.62308, 52.75124 ] ] ] } },
{ "type": "Feature", "properties": { "boden": "100 % mittel, mäßig frisch (M2)" }, "geometry": { "type": "Polygon", "coordinates": [ [ [ 13.62466, 52.75217 ], [ 13.62599, 52.75179 ], [ 13.62605, 52.75136 ], [ 13.62573, 52.75114 ], [ 13.62566, 52.75089 ], [ 13.62547, 52.75079 ], [ 13.62455, 52.75051 ], [ 13.62354, 52.75122 ], [ 13.62269, 52.75113 ], [ 13.62273, 52.75133 ], [ 13.62242, 52.75132 ], [ 13.6222, 52.75126 ], [ 13.6225, 52.75184 ], [ 13.62231, 52.75238 ], [ 13.62144, 52.75239 ], [ 13.62139, 52.75255 ], [ 13.62165, 52.75275 ], [ 13.62165, 52.75303 ], [ 13.62247, 52.75308 ], [ 13.62274, 52.75296 ], [ 13.62297, 52.75285 ], [ 13.62307, 52.75245 ], [ 13.62327, 52.75246 ], [ 13.62327, 52.75224 ], [ 13.6239, 52.75196 ], [ 13.62436, 52.75204 ], [ 13.62466, 52.75217 ] ], [ [ 13.62203, 52.75276 ], [ 13.6221, 52.75286 ], [ 13.6218, 52.75283 ], [ 13.62166, 52.75274 ], [ 13.62161, 52.75258 ], [ 13.62166, 52.75254 ], [ 13.6218, 52.7526 ], [ 13.62203, 52.75276 ] ], [ [ 13.62334, 52.75136 ], [ 13.62346, 52.75148 ], [ 13.62313, 52.75162 ], [ 13.62292, 52.75165 ], [ 13.6227, 52.75156 ], [ 13.62265, 52.75144 ], [ 13.6227, 52.75136 ], [ 13.6229, 52.75126 ], [ 13.62308, 52.75124 ], [ 13.62334, 52.75136 ] ], [ [ 13.62442, 52.75115 ], [ 13.6243, 52.7511 ], [ 13.62429, 52.75103 ], [ 13.62443, 52.75079 ], [ 13.62462, 52.75065 ], [ 13.62487, 52.75065 ], [ 13.62517, 52.75084 ], [ 13.62517, 52.75095 ], [ 13.62499, 52.75106 ], [ 13.62481, 52.75105 ], [ 13.62442, 52.75115 ] ] ] } },
{ "type": "Feature", "properties": { "boden": "100 % mittel, mäßig frisch (M2)" }, "geometry": { "type": "Polygon", "coordinates": [ [ [ 13.62599, 52.75179 ], [ 13.6248, 52.75211 ], [ 13.62466, 52.75217 ], [ 13.6248, 52.75226 ], [ 13.62519, 52.75217 ], [ 13.62582, 52.75196 ], [ 13.62599, 52.75179 ] ] ] } },
{ "type": "Feature", "properties": { "boden": "100 % mittel, trocken (vermutet) (M3)" }, "geometry": { "type": "Polygon", "coordinates": [ [ [ 13.62166, 52.75254 ], [ 13.62162, 52.75267 ], [ 13.62172, 52.75279 ], [ 13.6221, 52.75286 ], [ 13.62203, 52.75276 ], [ 13.62166, 52.75254 ] ] ] } },
{ "type": "Feature", "properties": { "boden": "100 % mittel, trocken (vermutet) (M3)" }, "geometry": { "type": "Polygon", "coordinates": [ [ [ 13.62483, 52.75306 ], [ 13.62514, 52.75322 ], [ 13.62577, 52.75286 ], [ 13.62603, 52.75277 ], [ 13.62609, 52.75252 ], [ 13.62599, 52.75234 ], [ 13.62579, 52.75236 ], [ 13.62564, 52.75256 ], [ 13.62539, 52.75271 ], [ 13.62467, 52.75284 ], [ 13.62483, 52.75306 ] ] ] } },
{ "type": "Feature", "properties": { "boden": "100 % arm, mäßig frisch (A2)" }, "geometry": { "type": "Polygon", "coordinates": [ [ [ 13.65288, 52.72027 ], [ 13.6535, 52.71921 ], [ 13.65367, 52.71907 ], [ 13.65394, 52.71891 ], [ 13.6546, 52.71882 ], [ 13.65483, 52.71798 ], [ 13.65422, 52.71785 ], [ 13.65391, 52.71763 ], [ 13.65376, 52.71737 ], [ 13.65358, 52.7167 ], [ 13.65312, 52.71633 ], [ 13.65225, 52.71606 ], [ 13.64988, 52.71658 ], [ 13.64764, 52.71697 ], [ 13.64615, 52.71716 ], [ 13.64611, 52.71728 ], [ 13.64623, 52.71739 ], [ 13.64781, 52.71789 ], [ 13.64822, 52.71828 ], [ 13.64837, 52.71863 ], [ 13.6484, 52.71894 ], [ 13.64833, 52.71919 ], [ 13.64806, 52.71967 ], [ 13.64748, 52.72016 ], [ 13.64761, 52.72042 ], [ 13.64796, 52.72057 ], [ 13.64955, 52.72099 ], [ 13.64918, 52.72046 ], [ 13.64914, 52.72017 ], [ 13.64931, 52.72003 ], [ 13.64968, 52.71999 ], [ 13.6503, 52.71966 ], [ 13.65085, 52.71976 ], [ 13.65222, 52.72028 ], [ 13.65246, 52.72032 ], [ 13.65288, 52.72027 ] ], [ [ 13.65096, 52.71895 ], [ 13.65088, 52.71906 ], [ 13.6507, 52.7191 ], [ 13.65053, 52.71906 ], [ 13.65046, 52.71895 ], [ 13.65053, 52.71884 ], [ 13.65071, 52.7188 ], [ 13.65089, 52.71884 ], [ 13.65096, 52.71895 ] ], [ [ 13.65245, 52.71638 ], [ 13.65237, 52.71649 ], [ 13.65219, 52.71653 ], [ 13.65201, 52.71648 ], [ 13.65194, 52.71638 ], [ 13.65202, 52.71627 ], [ 13.6522, 52.71623 ], [ 13.65237, 52.71627 ], [ 13.65245, 52.71638 ] ] ] } },
{ "type": "Feature", "properties": { "boden": "100 % ziemlich arm, mäßig frisch (Z2g)" }, "geometry": { "type": "Polygon", "coordinates": [ [ [ 13.64822, 52.71828 ], [ 13.64781, 52.71789 ], [ 13.64623, 52.71739 ], [ 13.64611, 52.71723 ], [ 13.64563, 52.71752 ], [ 13.64558, 52.71769 ], [ 13.64481, 52.71867 ], [ 13.64468, 52.71892 ], [ 13.64471, 52.71989 ], [ 13.64463, 52.72 ], [ 13.6477, 52.71892 ], [ 13.6481, 52.71854 ], [ 13.64819, 52.71839 ], [ 13.64822, 52.71828 ] ] ] } },
{ "type": "Feature", "properties": { "boden": "100 % arm, mäßig frisch (A2)" }, "geometry": { "type": "Polygon", "coordinates": [ [ [ 13.65071, 52.7188 ], [ 13.65053, 52.71884 ], [ 13.65046, 52.71895 ], [ 13.65053, 52.71906 ], [ 13.6507, 52.7191 ], [ 13.65088, 52.71906 ], [ 13.65096, 52.71895 ], [ 13.65089, 52.71884 ], [ 13.65071, 52.7188 ] ] ] } },
{ "type": "Feature", "properties": { "boden": "100 % ziemlich arm, frisch (Z1)" }, "geometry": { "type": "Polygon", "coordinates": [ [ [ 13.6437, 52.72158 ], [ 13.64378, 52.72092 ], [ 13.64369, 52.72076 ], [ 13.64356, 52.72072 ], [ 13.64304, 52.72078 ], [ 13.64296, 52.72074 ], [ 13.643, 52.72046 ], [ 13.64307, 52.72037 ], [ 13.64343, 52.72017 ], [ 13.64443, 52.72015 ], [ 13.64447, 52.72006 ], [ 13.64463, 52.72 ], [ 13.64471, 52.71989 ], [ 13.64468, 52.71892 ], [ 13.64507, 52.71828 ], [ 13.64531, 52.71807 ], [ 13.64558, 52.71769 ], [ 13.64563, 52.71752 ], [ 13.64546, 52.71716 ], [ 13.64508, 52.7168 ], [ 13.64451, 52.71653 ], [ 13.64396, 52.71644 ], [ 13.64397, 52.71652 ], [ 13.64358, 52.7166 ], [ 13.64351, 52.71654 ], [ 13.64328, 52.71658 ], [ 13.64305, 52.71726 ], [ 13.643, 52.7179 ], [ 13.64322, 52.71827 ], [ 13.6432, 52.71859 ], [ 13.64299, 52.71892 ], [ 13.64305, 52.71939 ], [ 13.643, 52.71959 ], [ 13.64273, 52.71982 ], [ 13.64281, 52.72009 ], [ 13.64262, 52.72017 ], [ 13.64251, 52.72064 ], [ 13.64314, 52.72102 ], [ 13.64332, 52.72172 ], [ 13.6437, 52.72158 ] ] ] } },
{ "type": "Feature", "properties": { "boden": "50 % ziemlich arm, mäßig frisch (Z2) · 50 % ziemlich arm, mäßig frisch (Z2)" }, "geometry": { "type": "Polygon", "coordinates": [ [ [ 13.6546, 52.71882 ], [ 13.65394, 52.71891 ], [ 13.6535, 52.71921 ], [ 13.65292, 52.7202 ], [ 13.65425, 52.71935 ], [ 13.6546, 52.71882 ] ] ] } },
{ "type": "Feature", "properties": { "boden": "50 % ziemlich arm, mäßig frisch (Z2) · 50 % ziemlich arm, mäßig frisch (Z2)" }, "geometry": { "type": "Polygon", "coordinates": [ [ [ 13.64997, 52.71992 ], [ 13.64979, 52.71996 ], [ 13.64971, 52.72007 ], [ 13.64978, 52.72018 ], [ 13.64996, 52.72022 ], [ 13.65014, 52.72018 ], [ 13.65021, 52.72007 ], [ 13.65014, 52.71996 ], [ 13.64997, 52.71992 ] ] ] } },
{ "type": "Feature", "properties": { "boden": "100 % ziemlich arm, mäßig frisch (Z2)" }, "geometry": { "type": "Polygon", "coordinates": [ [ [ 13.64955, 52.72099 ], [ 13.64796, 52.72057 ], [ 13.64761, 52.72042 ], [ 13.64749, 52.72027 ], [ 13.64754, 52.72007 ], [ 13.64806, 52.71967 ], [ 13.64833, 52.71919 ], [ 13.6484, 52.71894 ], [ 13.64837, 52.71863 ], [ 13.64822, 52.71828 ], [ 13.6481, 52.71854 ], [ 13.6477, 52.71892 ], [ 13.64447, 52.72006 ], [ 13.64443, 52.72015 ], [ 13.64448, 52.7202 ], [ 13.64484, 52.72033 ], [ 13.645, 52.72056 ], [ 13.64511, 52.72094 ], [ 13.6461, 52.7215 ], [ 13.64845, 52.72256 ], [ 13.64973, 52.7211 ], [ 13.64955, 52.72099 ] ], [ [ 13.64859, 52.72125 ], [ 13.64851, 52.72135 ], [ 13.64833, 52.7214 ], [ 13.64815, 52.72135 ], [ 13.64808, 52.72124 ], [ 13.64816, 52.72113 ], [ 13.64834, 52.72109 ], [ 13.64852, 52.72114 ], [ 13.64859, 52.72125 ] ] ] } },
{ "type": "Feature", "properties": { "boden": "50 % ziemlich arm, mäßig frisch (Z2) · 50 % ziemlich arm, mäßig frisch (Z2)" }, "geometry": { "type": "Polygon", "coordinates": [ [ [ 13.65181, 52.72116 ], [ 13.65288, 52.72027 ], [ 13.65246, 52.72032 ], [ 13.65222, 52.72028 ], [ 13.65124, 52.71989 ], [ 13.65052, 52.71968 ], [ 13.6503, 52.71966 ], [ 13.6502, 52.7197 ], [ 13.64968, 52.71999 ], [ 13.64931, 52.72003 ], [ 13.64914, 52.72017 ], [ 13.64918, 52.72046 ], [ 13.64955, 52.72099 ], [ 13.64973, 52.7211 ], [ 13.64987, 52.72095 ], [ 13.65115, 52.72187 ], [ 13.65147, 52.7216 ], [ 13.65181, 52.72116 ] ], [ [ 13.6513, 52.72097 ], [ 13.65123, 52.72108 ], [ 13.65105, 52.72112 ], [ 13.65087, 52.72107 ], [ 13.6508, 52.72096 ], [ 13.65088, 52.72086 ], [ 13.65106, 52.72081 ], [ 13.65123, 52.72086 ], [ 13.6513, 52.72097 ] ], [ [ 13.65021, 52.72007 ], [ 13.65014, 52.72018 ], [ 13.64996, 52.72022 ], [ 13.64978, 52.72018 ], [ 13.64971, 52.72007 ], [ 13.64979, 52.71996 ], [ 13.64997, 52.71992 ], [ 13.65014, 52.71996 ], [ 13.65021, 52.72007 ] ] ] } },
{ "type": "Feature", "properties": { "boden": "100 % ziemlich arm, mäßig frisch (Z2g)" }, "geometry": { "type": "Polygon", "coordinates": [ [ [ 13.64511, 52.72094 ], [ 13.645, 52.72056 ], [ 13.64484, 52.72033 ], [ 13.64443, 52.72015 ], [ 13.64343, 52.72017 ], [ 13.64307, 52.72037 ], [ 13.643, 52.72046 ], [ 13.64294, 52.72069 ], [ 13.64304, 52.72078 ], [ 13.64356, 52.72072 ], [ 13.64369, 52.72076 ], [ 13.64378, 52.72092 ], [ 13.6437, 52.72158 ], [ 13.64522, 52.72099 ], [ 13.64511, 52.72094 ] ] ] } },
{ "type": "Feature", "properties": { "boden": "50 % ziemlich arm, mäßig frisch (Z2) · 50 % ziemlich arm, mäßig frisch (Z2)" }, "geometry": { "type": "Polygon", "coordinates": [ [ [ 13.65106, 52.72081 ], [ 13.65088, 52.72086 ], [ 13.6508, 52.72096 ], [ 13.65087, 52.72107 ], [ 13.65105, 52.72112 ], [ 13.65123, 52.72108 ], [ 13.6513, 52.72097 ], [ 13.65123, 52.72086 ], [ 13.65106, 52.72081 ] ] ] } },
{ "type": "Feature", "properties": { "boden": "100 % ziemlich arm, mäßig frisch (Z2)" }, "geometry": { "type": "Polygon", "coordinates": [ [ [ 13.64834, 52.72109 ], [ 13.64816, 52.72113 ], [ 13.64808, 52.72124 ], [ 13.64815, 52.72135 ], [ 13.64833, 52.7214 ], [ 13.64851, 52.72135 ], [ 13.64859, 52.72125 ], [ 13.64852, 52.72114 ], [ 13.64834, 52.72109 ] ] ] } },
{ "type": "Feature", "properties": { "boden": "50 % ziemlich arm, mäßig frisch (Z2) · 50 % ziemlich arm, mäßig frisch (Z2)" }, "geometry": { "type": "Polygon", "coordinates": [ [ [ 13.65261, 52.72053 ], [ 13.65181, 52.72116 ], [ 13.65492, 52.72242 ], [ 13.65643, 52.72206 ], [ 13.65261, 52.72053 ] ] ] } },
{ "type": "Feature", "properties": { "boden": "60 % mittel, mäßig frisch (M2) · 40 % ziemlich arm, mäßig frisch (Z2)" }, "geometry": { "type": "Polygon", "coordinates": [ [ [ 13.64573, 52.72609 ], [ 13.64552, 52.72599 ], [ 13.64512, 52.72601 ], [ 13.64547, 52.72638 ], [ 13.64632, 52.72629 ], [ 13.64639, 52.72638 ], [ 13.64702, 52.72653 ], [ 13.6473, 52.72619 ], [ 13.64573, 52.72609 ] ] ] } },
{ "type": "Feature", "properties": { "boden": "60 % mittel, mäßig frisch (M2) · 40 % ziemlich arm, mäßig frisch (Z2)" }, "geometry": { "type": "Polygon", "coordinates": [ [ [ 13.64745, 52.72602 ], [ 13.64696, 52.72662 ], [ 13.64733, 52.72675 ], [ 13.6476, 52.72721 ], [ 13.64773, 52.72722 ], [ 13.64764, 52.72747 ], [ 13.64747, 52.7275 ], [ 13.64702, 52.72794 ], [ 13.64752, 52.72839 ], [ 13.64763, 52.72819 ], [ 13.64774, 52.72821 ], [ 13.6477, 52.7284 ], [ 13.64778, 52.72856 ], [ 13.64801, 52.72878 ], [ 13.64837, 52.72856 ], [ 13.64909, 52.72758 ], [ 13.64999, 52.72731 ], [ 13.64903, 52.72668 ], [ 13.64745, 52.72602 ] ] ] } },
{ "type": "Feature", "properties": { "boden": "60 % mittel, mäßig frisch (M2) · 40 % ziemlich arm, mäßig frisch (Z2)" }, "geometry": { "type": "Polygon", "coordinates": [ [ [ 13.64832, 52.73087 ], [ 13.64864, 52.73089 ], [ 13.64958, 52.73078 ], [ 13.64756, 52.72876 ], [ 13.64672, 52.72806 ], [ 13.64609, 52.72852 ], [ 13.64582, 52.72892 ], [ 13.64556, 52.72903 ], [ 13.64529, 52.72898 ], [ 13.64524, 52.72902 ], [ 13.64561, 52.72928 ], [ 13.64656, 52.72972 ], [ 13.64639, 52.72987 ], [ 13.64618, 52.72977 ], [ 13.64625, 52.73029 ], [ 13.64662, 52.73093 ], [ 13.64708, 52.73117 ], [ 13.64832, 52.73087 ] ] ] } },
{ "type": "Feature", "properties": { "boden": "100 % mittel, mäßig frisch (M2g)" }, "geometry": { "type": "Polygon", "coordinates": [ [ [ 13.64933, 52.73798 ], [ 13.64908, 52.73807 ], [ 13.64915, 52.73817 ], [ 13.64932, 52.73822 ], [ 13.6495, 52.73818 ], [ 13.64958, 52.73807 ], [ 13.64951, 52.73796 ], [ 13.64933, 52.73792 ], [ 13.64933, 52.73798 ] ] ] } },
{ "type": "Feature", "properties": { "boden": "100 % mittel, mäßig frisch (M2g)" }, "geometry": { "type": "Polygon", "coordinates": [ [ [ 13.64933, 52.73792 ], [ 13.64951, 52.73796 ], [ 13.64958, 52.73807 ], [ 13.6495, 52.73818 ], [ 13.64932, 52.73822 ], [ 13.64915, 52.73817 ], [ 13.6491, 52.73803 ], [ 13.64837, 52.73819 ], [ 13.64818, 52.73795 ], [ 13.64751, 52.73819 ], [ 13.64625, 52.73848 ], [ 13.64497, 52.73886 ], [ 13.64443, 52.73885 ], [ 13.64442, 52.73893 ], [ 13.64396, 52.73925 ], [ 13.64363, 52.73941 ], [ 13.64375, 52.73965 ], [ 13.64381, 52.7395 ], [ 13.64455, 52.73927 ], [ 13.6446, 52.73939 ], [ 13.64489, 52.73941 ], [ 13.64533, 52.73901 ], [ 13.64581, 52.73905 ], [ 13.64591, 52.73928 ], [ 13.64588, 52.73963 ], [ 13.64569, 52.74001 ], [ 13.64538, 52.74042 ], [ 13.64568, 52.74043 ], [ 13.64623, 52.74025 ], [ 13.64661, 52.74007 ], [ 13.64681, 52.7397 ], [ 13.64683, 52.73916 ], [ 13.64756, 52.7387 ], [ 13.64785, 52.73864 ], [ 13.64841, 52.73883 ], [ 13.64853, 52.739 ], [ 13.64833, 52.73917 ], [ 13.64848, 52.73934 ], [ 13.64803, 52.73936 ], [ 13.64797, 52.73951 ], [ 13.64755, 52.73963 ], [ 13.64749, 52.73978 ], [ 13.64723, 52.7398 ], [ 13.64693, 52.73995 ], [ 13.64716, 52.74019 ], [ 13.64725, 52.74021 ], [ 13.64762, 52.74072 ], [ 13.64863, 52.74091 ], [ 13.6493, 52.74126 ], [ 13.65309, 52.74041 ], [ 13.6529, 52.74005 ], [ 13.65202, 52.73911 ], [ 13.65186, 52.73907 ], [ 13.65084, 52.73783 ], [ 13.65061, 52.73742 ], [ 13.64914, 52.73769 ], [ 13.64933, 52.73792 ] ] ] } },
{ "type": "Feature", "properties": { "boden": "100 % mittel, mäßig frisch (M2g)" }, "geometry": { "type": "Polygon", "coordinates": [ [ [ 13.64376, 52.74124 ], [ 13.64358, 52.74128 ], [ 13.6435, 52.74139 ], [ 13.64357, 52.7415 ], [ 13.64375, 52.74154 ], [ 13.64393, 52.7415 ], [ 13.644, 52.74139 ], [ 13.64393, 52.74128 ], [ 13.64376, 52.74124 ] ] ] } },
{ "type": "Feature", "properties": { "boden": "100 % mittel, mäßig frisch (M2g)" }, "geometry": { "type": "Polygon", "coordinates": [ [ [ 13.64479, 52.74107 ], [ 13.6443, 52.74091 ], [ 13.64371, 52.74082 ], [ 13.64255, 52.74145 ], [ 13.64249, 52.74183 ], [ 13.64275, 52.74252 ], [ 13.64375, 52.74175 ], [ 13.64479, 52.74107 ] ], [ [ 13.644, 52.74139 ], [ 13.64393, 52.7415 ], [ 13.64375, 52.74154 ], [ 13.64357, 52.7415 ], [ 13.6435, 52.74139 ], [ 13.64358, 52.74128 ], [ 13.64376, 52.74124 ], [ 13.64393, 52.74128 ], [ 13.644, 52.74139 ] ] ] } },
{ "type": "Feature", "properties": { "boden": "100 % ziemlich arm, mäßig frisch (Z2g)" }, "geometry": { "type": "Polygon", "coordinates": [ [ [ 13.64523, 52.74431 ], [ 13.64682, 52.74398 ], [ 13.64744, 52.74411 ], [ 13.6478, 52.74407 ], [ 13.64791, 52.74397 ], [ 13.64796, 52.74356 ], [ 13.64814, 52.74341 ], [ 13.64874, 52.74328 ], [ 13.64873, 52.7432 ], [ 13.64709, 52.74331 ], [ 13.64615, 52.74321 ], [ 13.64598, 52.743 ], [ 13.64639, 52.7429 ], [ 13.64626, 52.74273 ], [ 13.6462, 52.74253 ], [ 13.64598, 52.74235 ], [ 13.6457, 52.74235 ], [ 13.64539, 52.74242 ], [ 13.64504, 52.74274 ], [ 13.64456, 52.74296 ], [ 13.64458, 52.74334 ], [ 13.64406, 52.74339 ], [ 13.64385, 52.74354 ], [ 13.6439, 52.74403 ], [ 13.64318, 52.74412 ], [ 13.64323, 52.74437 ], [ 13.64448, 52.74438 ], [ 13.64523, 52.74431 ] ], [ [ 13.64444, 52.74414 ], [ 13.64436, 52.74425 ], [ 13.64418, 52.74429 ], [ 13.644, 52.74424 ], [ 13.64393, 52.74413 ], [ 13.64401, 52.74403 ], [ 13.64419, 52.74399 ], [ 13.64437, 52.74403 ], [ 13.64444, 52.74414 ] ] ] } },
{ "type": "Feature", "properties": { "boden": "50 % ziemlich arm, mäßig frisch (Z2) · 50 % ziemlich arm, mäßig frisch (Z2)" }, "geometry": { "type": "Polygon", "coordinates": [ [ [ 13.65615, 52.71958 ], [ 13.65556, 52.71915 ], [ 13.65523, 52.71897 ], [ 13.6546, 52.71882 ], [ 13.65425, 52.71935 ], [ 13.65292, 52.7202 ], [ 13.65288, 52.72027 ], [ 13.65312, 52.72035 ], [ 13.65333, 52.72031 ], [ 13.6586, 52.72239 ], [ 13.65832, 52.7217 ], [ 13.65585, 52.72073 ], [ 13.65662, 52.72001 ], [ 13.65615, 52.71958 ] ] ] } },
{ "type": "Feature", "properties": { "boden": "100 % mittel, mäßig frisch (M2)" }, "geometry": { "type": "Polygon", "coordinates": [ [ [ 13.6596, 52.72408 ], [ 13.65913, 52.72321 ], [ 13.65875, 52.72281 ], [ 13.65877, 52.72297 ], [ 13.65643, 52.72206 ], [ 13.65492, 52.72242 ], [ 13.65546, 52.72263 ], [ 13.65512, 52.72298 ], [ 13.657, 52.72375 ], [ 13.65741, 52.72343 ], [ 13.65889, 52.72402 ], [ 13.65907, 52.72455 ], [ 13.65969, 52.72442 ], [ 13.6596, 52.72408 ] ] ] } },
{ "type": "Feature", "properties": { "boden": "60 % ziemlich arm, mäßig frisch (Z2) · 40 % mittel, mäßig frisch (M2)" }, "geometry": { "type": "Polygon", "coordinates": [ [ [ 13.66499, 52.7462 ], [ 13.66368, 52.74493 ], [ 13.66207, 52.7432 ], [ 13.66142, 52.74439 ], [ 13.66041, 52.74518 ], [ 13.66023, 52.7456 ], [ 13.66036, 52.74568 ], [ 13.66036, 52.74588 ], [ 13.66022, 52.74655 ], [ 13.66062, 52.7469 ], [ 13.66086, 52.74707 ], [ 13.66114, 52.74717 ], [ 13.66166, 52.74727 ], [ 13.66214, 52.74724 ], [ 13.66265, 52.74714 ], [ 13.6629, 52.74702 ], [ 13.66303, 52.74687 ], [ 13.66325, 52.74638 ], [ 13.6635, 52.74627 ], [ 13.66439, 52.74617 ], [ 13.66499, 52.7462 ] ], [ [ 13.66196, 52.74437 ], [ 13.66236, 52.74464 ], [ 13.66184, 52.74498 ], [ 13.66154, 52.74468 ], [ 13.66196, 52.74437 ] ] ] } },
{ "type": "Feature", "properties": { "boden": "60 % ziemlich arm, frisch (Z1) · 40 % ziemlich arm, mäßig frisch (Z2g)" }, "geometry": { "type": "Polygon", "coordinates": [ [ [ 13.65053, 52.74747 ], [ 13.65269, 52.74693 ], [ 13.65532, 52.74683 ], [ 13.65718, 52.74574 ], [ 13.65823, 52.74627 ], [ 13.65867, 52.7464 ], [ 13.6588, 52.74649 ], [ 13.6591, 52.74651 ], [ 13.65925, 52.7463 ], [ 13.6591, 52.74625 ], [ 13.65934, 52.74583 ], [ 13.65897, 52.74572 ], [ 13.65912, 52.74515 ], [ 13.65755, 52.74481 ], [ 13.65584, 52.74552 ], [ 13.65566, 52.74554 ], [ 13.65669, 52.7451 ], [ 13.655, 52.74535 ], [ 13.65507, 52.74548 ], [ 13.65166, 52.74589 ], [ 13.65053, 52.74747 ] ] ] } },
{ "type": "Feature", "properties": { "boden": "100 % ziemlich arm, frisch (Z1)" }, "geometry": { "type": "Polygon", "coordinates": [ [ [ 13.66439, 52.74617 ], [ 13.6635, 52.74627 ], [ 13.66325, 52.74638 ], [ 13.66303, 52.74687 ], [ 13.6629, 52.74702 ], [ 13.66265, 52.74714 ], [ 13.66214, 52.74724 ], [ 13.66166, 52.74727 ], [ 13.66114, 52.74717 ], [ 13.66086, 52.74707 ], [ 13.66062, 52.7469 ], [ 13.66022, 52.74655 ], [ 13.65996, 52.74666 ], [ 13.66067, 52.74721 ], [ 13.66053, 52.74742 ], [ 13.66206, 52.74746 ], [ 13.6649, 52.7474 ], [ 13.66638, 52.74754 ], [ 13.66499, 52.7462 ], [ 13.66439, 52.74617 ] ] ] } },
{ "type": "Feature", "properties": { "boden": "100 % ziemlich arm, frisch (Z1)" }, "geometry": { "type": "Polygon", "coordinates": [ [ [ 13.66536, 52.74802 ], [ 13.66665, 52.7478 ], [ 13.66638, 52.74754 ], [ 13.6649, 52.7474 ], [ 13.66206, 52.74746 ], [ 13.66053, 52.74742 ], [ 13.66033, 52.74771 ], [ 13.66038, 52.74797 ], [ 13.66061, 52.74814 ], [ 13.66258, 52.74846 ], [ 13.66242, 52.74876 ], [ 13.6626, 52.74872 ], [ 13.66295, 52.74884 ], [ 13.66375, 52.74899 ], [ 13.66573, 52.74839 ], [ 13.66536, 52.74802 ] ] ] } },
{ "type": "Feature", "properties": { "boden": "100 % mittel, mäßig frisch (M2)" }, "geometry": { "type": "Polygon", "coordinates": [ [ [ 13.66573, 52.74839 ], [ 13.66375, 52.74899 ], [ 13.6639, 52.74913 ], [ 13.66413, 52.74908 ], [ 13.66545, 52.74943 ], [ 13.66571, 52.74928 ], [ 13.66661, 52.749 ], [ 13.66662, 52.74886 ], [ 13.66626, 52.74893 ], [ 13.66573, 52.74839 ] ] ] } },
{ "type": "Feature", "properties": { "boden": "100 % mittel, mäßig frisch (M2)" }, "geometry": { "type": "Polygon", "coordinates": [ [ [ 13.6666, 52.74931 ], [ 13.66605, 52.74955 ], [ 13.66603, 52.74963 ], [ 13.66658, 52.75001 ], [ 13.6666, 52.74931 ] ] ] } },
{ "type": "Feature", "properties": { "boden": "100 % ziemlich arm, mäßig frisch (Z2g)" }, "geometry": { "type": "Polygon", "coordinates": [ [ [ 13.6565, 52.74968 ], [ 13.65581, 52.74978 ], [ 13.65584, 52.74992 ], [ 13.65569, 52.75011 ], [ 13.65601, 52.75013 ], [ 13.65616, 52.75027 ], [ 13.65631, 52.75019 ], [ 13.6565, 52.74968 ] ] ] } },
{ "type": "Feature", "properties": { "boden": "100 % ziemlich arm, mäßig frisch (Z2g)" }, "geometry": { "type": "Polygon", "coordinates": [ [ [ 13.65495, 52.74935 ], [ 13.65468, 52.74897 ], [ 13.65415, 52.74906 ], [ 13.65393, 52.7494 ], [ 13.65338, 52.74997 ], [ 13.65345, 52.75015 ], [ 13.65398, 52.75025 ], [ 13.6541, 52.75044 ], [ 13.65453, 52.75072 ], [ 13.65494, 52.75114 ], [ 13.6551, 52.75116 ], [ 13.65533, 52.75107 ], [ 13.6554, 52.75081 ], [ 13.65516, 52.74982 ], [ 13.65495, 52.74935 ] ] ] } },
{ "type": "Feature", "properties": { "boden": "70 % mittel, mäßig frisch (M2) · 30 % mittel, mäßig frisch (M2)" }, "geometry": { "type": "Polygon", "coordinates": [ [ [ 13.66224, 52.76064 ], [ 13.66238, 52.76084 ], [ 13.66299, 52.76092 ], [ 13.66316, 52.76112 ], [ 13.66376, 52.76228 ], [ 13.66407, 52.76224 ], [ 13.66436, 52.76193 ], [ 13.66484, 52.7618 ], [ 13.66623, 52.76158 ], [ 13.6663, 52.75917 ], [ 13.66224, 52.76064 ] ] ] } },
{ "type": "Feature", "properties": { "boden": "100 % ziemlich arm, mäßig frisch (Z2g)" }, "geometry": { "type": "Polygon", "coordinates": [ [ [ 13.64419, 52.74399 ], [ 13.64401, 52.74403 ], [ 13.64393, 52.74413 ], [ 13.644, 52.74424 ], [ 13.64418, 52.74429 ], [ 13.64436, 52.74425 ], [ 13.64444, 52.74414 ], [ 13.64437, 52.74403 ], [ 13.64419, 52.74399 ] ] ] } },
{ "type": "Feature", "properties": { "boden": "100 % ziemlich arm, mäßig frisch (Z2g)" }, "geometry": { "type": "Polygon", "coordinates": [ [ [ 13.64616, 52.74543 ], [ 13.64634, 52.74468 ], [ 13.64538, 52.74485 ], [ 13.64405, 52.74475 ], [ 13.64363, 52.74462 ], [ 13.64402, 52.74583 ], [ 13.64647, 52.74571 ], [ 13.64616, 52.74543 ] ] ] } },
{ "type": "Feature", "properties": { "boden": "100 % ziemlich arm, mäßig frisch (Z2)" }, "geometry": { "type": "Polygon", "coordinates": [ [ [ 13.65053, 52.74747 ], [ 13.65166, 52.74589 ], [ 13.65146, 52.74586 ], [ 13.65276, 52.74393 ], [ 13.65122, 52.74414 ], [ 13.65067, 52.74426 ], [ 13.6504, 52.74386 ], [ 13.64994, 52.74396 ], [ 13.64966, 52.74397 ], [ 13.6495, 52.74372 ], [ 13.64927, 52.74362 ], [ 13.64833, 52.74383 ], [ 13.64792, 52.74412 ], [ 13.64685, 52.74429 ], [ 13.64658, 52.74489 ], [ 13.6463, 52.74485 ], [ 13.64616, 52.74543 ], [ 13.64669, 52.74591 ], [ 13.64705, 52.74593 ], [ 13.64714, 52.74624 ], [ 13.64734, 52.74622 ], [ 13.64752, 52.74687 ], [ 13.64708, 52.74701 ], [ 13.64702, 52.74721 ], [ 13.64717, 52.74728 ], [ 13.64715, 52.74733 ], [ 13.64734, 52.74734 ], [ 13.64836, 52.74673 ], [ 13.64872, 52.74688 ], [ 13.64898, 52.74716 ], [ 13.64833, 52.74752 ], [ 13.6482, 52.74771 ], [ 13.64843, 52.74797 ], [ 13.65016, 52.74776 ], [ 13.65037, 52.74748 ], [ 13.65053, 52.74747 ] ] ] } },
{ "type": "Feature", "properties": { "boden": "100 % mittel, mäßig frisch (M2)" }, "geometry": { "type": "Polygon", "coordinates": [ [ [ 13.64647, 52.74571 ], [ 13.64372, 52.74586 ], [ 13.64322, 52.74618 ], [ 13.64328, 52.74643 ], [ 13.64523, 52.74621 ], [ 13.64529, 52.74655 ], [ 13.64379, 52.74671 ], [ 13.64436, 52.74834 ], [ 13.64558, 52.74764 ], [ 13.64634, 52.74761 ], [ 13.64673, 52.74746 ], [ 13.64653, 52.7473 ], [ 13.64681, 52.74703 ], [ 13.64583, 52.74647 ], [ 13.64571, 52.74626 ], [ 13.64581, 52.74619 ], [ 13.64633, 52.74612 ], [ 13.64657, 52.74592 ], [ 13.64669, 52.74591 ], [ 13.64647, 52.74571 ] ] ] } },
{ "type": "Feature", "properties": { "boden": "100 % ziemlich arm, mäßig frisch (Z2)" }, "geometry": { "type": "Polygon", "coordinates": [ [ [ 13.65411, 52.74689 ], [ 13.65566, 52.74769 ], [ 13.65543, 52.74785 ], [ 13.65485, 52.74761 ], [ 13.65359, 52.74742 ], [ 13.65337, 52.74744 ], [ 13.65273, 52.74716 ], [ 13.65234, 52.74721 ], [ 13.65222, 52.74705 ], [ 13.65068, 52.74743 ], [ 13.65084, 52.74758 ], [ 13.65045, 52.74776 ], [ 13.65025, 52.74802 ], [ 13.65001, 52.74808 ], [ 13.64967, 52.74856 ], [ 13.65289, 52.74805 ], [ 13.65291, 52.74795 ], [ 13.65399, 52.74783 ], [ 13.65394, 52.74797 ], [ 13.65405, 52.74816 ], [ 13.65526, 52.74804 ], [ 13.65574, 52.74815 ], [ 13.65555, 52.74835 ], [ 13.65473, 52.74891 ], [ 13.65594, 52.74875 ], [ 13.65618, 52.74838 ], [ 13.65605, 52.74836 ], [ 13.65634, 52.74774 ], [ 13.65651, 52.74778 ], [ 13.65668, 52.74775 ], [ 13.65644, 52.74703 ], [ 13.65596, 52.74695 ], [ 13.65516, 52.74707 ], [ 13.6547, 52.74686 ], [ 13.65411, 52.74689 ] ], [ [ 13.65104, 52.74792 ], [ 13.65096, 52.74803 ], [ 13.65078, 52.74807 ], [ 13.65061, 52.74803 ], [ 13.65054, 52.74792 ], [ 13.65061, 52.74781 ], [ 13.65079, 52.74777 ], [ 13.65097, 52.74781 ], [ 13.65104, 52.74792 ] ] ] } },
{ "type": "Feature", "properties": { "boden": "100 % ziemlich arm, mäßig frisch (Z2)" }, "geometry": { "type": "Polygon", "coordinates": [ [ [ 13.65079, 52.74777 ], [ 13.65061, 52.74781 ], [ 13.65054, 52.74792 ], [ 13.65061, 52.74803 ], [ 13.65078, 52.74807 ], [ 13.65096, 52.74803 ], [ 13.65104, 52.74792 ], [ 13.65097, 52.74781 ], [ 13.65079, 52.74777 ] ] ] } },
{ "type": "Feature", "properties": { "boden": "100 % mittel, mäßig frisch (M2)" }, "geometry": { "type": "Polygon", "coordinates": [ [ [ 13.64716, 52.74881 ], [ 13.64871, 52.74856 ], [ 13.64867, 52.74845 ], [ 13.64709, 52.74847 ], [ 13.64618, 52.74892 ], [ 13.64557, 52.74893 ], [ 13.645, 52.74879 ], [ 13.64436, 52.74893 ], [ 13.64479, 52.74989 ], [ 13.64649, 52.74969 ], [ 13.64638, 52.74947 ], [ 13.64608, 52.74944 ], [ 13.64603, 52.74928 ], [ 13.64688, 52.74919 ], [ 13.64693, 52.74901 ], [ 13.64721, 52.74899 ], [ 13.64716, 52.74881 ] ] ] } },
{ "type": "Feature", "properties": { "boden": "100 % mittel, mäßig frisch (M2)" }, "geometry": { "type": "Polygon", "coordinates": [ [ [ 13.65345, 52.75066 ], [ 13.65302, 52.75057 ], [ 13.65281, 52.75036 ], [ 13.6534, 52.74953 ], [ 13.65338, 52.74947 ], [ 13.65382, 52.74912 ], [ 13.65318, 52.74922 ], [ 13.65277, 52.74971 ], [ 13.65235, 52.75038 ], [ 13.65112, 52.75043 ], [ 13.65128, 52.75123 ], [ 13.65199, 52.75119 ], [ 13.652, 52.75128 ], [ 13.65256, 52.75133 ], [ 13.65316, 52.75144 ], [ 13.65392, 52.75164 ], [ 13.65437, 52.75129 ], [ 13.65441, 52.75115 ], [ 13.65432, 52.751 ], [ 13.65373, 52.7506 ], [ 13.65345, 52.75066 ] ] ] } },
{ "type": "Feature", "properties": { "boden": "100 % ziemlich arm, mäßig frisch (Z2)" }, "geometry": { "type": "Polygon", "coordinates": [ [ [ 13.65155, 52.75332 ], [ 13.65166, 52.75295 ], [ 13.65187, 52.7527 ], [ 13.65257, 52.75229 ], [ 13.65301, 52.75211 ], [ 13.65392, 52.75164 ], [ 13.65316, 52.75144 ], [ 13.65256, 52.75133 ], [ 13.652, 52.75128 ], [ 13.65209, 52.752 ], [ 13.64939, 52.75248 ], [ 13.64941, 52.75291 ], [ 13.64954, 52.75309 ], [ 13.64875, 52.75323 ], [ 13.64862, 52.75341 ], [ 13.64903, 52.75352 ], [ 13.65107, 52.75323 ], [ 13.65115, 52.75346 ], [ 13.65155, 52.75332 ] ] ] } },
{ "type": "Feature", "properties": { "boden": "100 % ziemlich arm, frisch (Z1)" }, "geometry": { "type": "Polygon", "coordinates": [ [ [ 13.65257, 52.75229 ], [ 13.65187, 52.7527 ], [ 13.65158, 52.75312 ], [ 13.65155, 52.75332 ], [ 13.65208, 52.75473 ], [ 13.65203, 52.75492 ], [ 13.65186, 52.75511 ], [ 13.65145, 52.75535 ], [ 13.65066, 52.75562 ], [ 13.651, 52.75584 ], [ 13.65173, 52.75544 ], [ 13.65206, 52.75536 ], [ 13.65266, 52.75505 ], [ 13.65284, 52.75488 ], [ 13.65288, 52.75457 ], [ 13.65273, 52.75414 ], [ 13.65278, 52.75403 ], [ 13.65229, 52.75352 ], [ 13.65219, 52.75331 ], [ 13.65181, 52.75315 ], [ 13.6518, 52.7531 ], [ 13.65213, 52.75273 ], [ 13.65238, 52.75274 ], [ 13.65226, 52.75261 ], [ 13.65301, 52.75211 ], [ 13.65257, 52.75229 ] ] ] } },
{ "type": "Feature", "properties": { "boden": "100 % mittel, mäßig frisch (M2)" }, "geometry": { "type": "Polygon", "coordinates": [ [ [ 13.61425, 52.74988 ], [ 13.6158, 52.74933 ], [ 13.61607, 52.74911 ], [ 13.61616, 52.74891 ], [ 13.61615, 52.74868 ], [ 13.61507, 52.74799 ], [ 13.61472, 52.74762 ], [ 13.61407, 52.74772 ], [ 13.61382, 52.7479 ], [ 13.61397, 52.74797 ], [ 13.61393, 52.74821 ], [ 13.61357, 52.74835 ], [ 13.61375, 52.74861 ], [ 13.61367, 52.74959 ], [ 13.61299, 52.74989 ], [ 13.61298, 52.75024 ], [ 13.61425, 52.74988 ] ], [ [ 13.61439, 52.74859 ], [ 13.6144, 52.74872 ], [ 13.61431, 52.74887 ], [ 13.61409, 52.74906 ], [ 13.61411, 52.74857 ], [ 13.61418, 52.7485 ], [ 13.61428, 52.74849 ], [ 13.61439, 52.74859 ] ], [ [ 13.61613, 52.74881 ], [ 13.61606, 52.74892 ], [ 13.61588, 52.74896 ], [ 13.6157, 52.74892 ], [ 13.61563, 52.74881 ], [ 13.61571, 52.7487 ], [ 13.61589, 52.74866 ], [ 13.61606, 52.74871 ], [ 13.61613, 52.74881 ] ], [ [ 13.61476, 52.74794 ], [ 13.61476, 52.7481 ], [ 13.61468, 52.74827 ], [ 13.61458, 52.74834 ], [ 13.61445, 52.74822 ], [ 13.61444, 52.7478 ], [ 13.61453, 52.74779 ], [ 13.61476, 52.74794 ] ] ] } },
{ "type": "Feature", "properties": { "boden": "100 % ziemlich arm, mäßig frisch (Z2)" }, "geometry": { "type": "Polygon", "coordinates": [ [ [ 13.616, 52.75068 ], [ 13.61603, 52.75035 ], [ 13.61615, 52.75011 ], [ 13.6173, 52.74929 ], [ 13.61799, 52.74861 ], [ 13.61897, 52.7473 ], [ 13.61889, 52.74728 ], [ 13.61873, 52.74736 ], [ 13.61832, 52.74733 ], [ 13.61749, 52.74769 ], [ 13.6184, 52.74741 ], [ 13.6186, 52.74738 ], [ 13.61868, 52.74741 ], [ 13.61848, 52.74756 ], [ 13.61791, 52.74776 ], [ 13.61726, 52.74809 ], [ 13.61708, 52.7481 ], [ 13.61702, 52.74793 ], [ 13.61674, 52.74812 ], [ 13.61673, 52.74842 ], [ 13.61619, 52.74839 ], [ 13.61638, 52.74857 ], [ 13.61615, 52.74868 ], [ 13.61616, 52.74891 ], [ 13.61607, 52.74911 ], [ 13.6158, 52.74933 ], [ 13.61544, 52.74948 ], [ 13.61425, 52.74988 ], [ 13.61442, 52.74985 ], [ 13.61459, 52.74989 ], [ 13.61466, 52.75 ], [ 13.61459, 52.75011 ], [ 13.61441, 52.75015 ], [ 13.61423, 52.7501 ], [ 13.61416, 52.74999 ], [ 13.61424, 52.74989 ], [ 13.61298, 52.75024 ], [ 13.61297, 52.75052 ], [ 13.61343, 52.75071 ], [ 13.61348, 52.75137 ], [ 13.61362, 52.75201 ], [ 13.61437, 52.7521 ], [ 13.6142, 52.75185 ], [ 13.61381, 52.75156 ], [ 13.61377, 52.75113 ], [ 13.61383, 52.75091 ], [ 13.61396, 52.7508 ], [ 13.61426, 52.75072 ], [ 13.61457, 52.7507 ], [ 13.61463, 52.75072 ], [ 13.61462, 52.75155 ], [ 13.61493, 52.7519 ], [ 13.61537, 52.75214 ], [ 13.61543, 52.75222 ], [ 13.61579, 52.75224 ], [ 13.61617, 52.75213 ], [ 13.61636, 52.75195 ], [ 13.61647, 52.7516 ], [ 13.616, 52.75068 ] ] ] } },
{ "type": "Feature", "properties": { "boden": "70 % mittel, trocken (vermutet) (M3) · 30 % ziemlich arm, trocken (vermutet) (Z3)" }, "geometry": { "type": "Polygon", "coordinates": [ [ [ 13.60746, 52.74991 ], [ 13.6073, 52.7496 ], [ 13.60719, 52.74954 ], [ 13.60703, 52.74953 ], [ 13.60691, 52.74961 ], [ 13.60685, 52.74972 ], [ 13.60746, 52.74991 ] ] ] } },
{ "type": "Feature", "properties": { "boden": "100 % ziemlich arm, trocken (vermutet) (Z3)" }, "geometry": { "type": "Polygon", "coordinates": [ [ [ 13.60685, 52.74972 ], [ 13.60688, 52.74987 ], [ 13.60707, 52.75006 ], [ 13.6072, 52.7501 ], [ 13.60739, 52.75008 ], [ 13.60746, 52.74991 ], [ 13.60685, 52.74972 ] ] ] } },
{ "type": "Feature", "properties": { "boden": "100 % ziemlich arm, mäßig frisch (Z2)" }, "geometry": { "type": "Polygon", "coordinates": [ [ [ 13.61424, 52.74989 ], [ 13.61416, 52.74999 ], [ 13.61423, 52.7501 ], [ 13.61441, 52.75015 ], [ 13.61459, 52.75011 ], [ 13.61466, 52.75 ], [ 13.61459, 52.74989 ], [ 13.61442, 52.74985 ], [ 13.61424, 52.74989 ] ] ] } },
{ "type": "Feature", "properties": { "boden": "100 % ziemlich arm, trocken (vermutet) (Z3)" }, "geometry": { "type": "Polygon", "coordinates": [ [ [ 13.61437, 52.7521 ], [ 13.61543, 52.75222 ], [ 13.61537, 52.75214 ], [ 13.61493, 52.7519 ], [ 13.61462, 52.75155 ], [ 13.61463, 52.75072 ], [ 13.61426, 52.75072 ], [ 13.61405, 52.75076 ], [ 13.61383, 52.75091 ], [ 13.61377, 52.75113 ], [ 13.61381, 52.75156 ], [ 13.6142, 52.75185 ], [ 13.61437, 52.7521 ] ] ] } },
{ "type": "Feature", "properties": { "boden": "40 % ziemlich arm, trocken (vermutet) (Z3) · 30 % mittel, trocken (vermutet) (M3) · 30 % mittel, trocken (vermutet) (M3)" }, "geometry": { "type": "Polygon", "coordinates": [ [ [ 13.61543, 52.75222 ], [ 13.61437, 52.7521 ], [ 13.61446, 52.75253 ], [ 13.61457, 52.75267 ], [ 13.61474, 52.75265 ], [ 13.6153, 52.75237 ], [ 13.61543, 52.75222 ] ] ] } },
{ "type": "Feature", "properties": { "boden": "40 % ziemlich arm, mäßig frisch (Z2) · 30 % mittel, mäßig frisch (M2) · 30 % mittel, mäßig frisch (M2)" }, "geometry": { "type": "Polygon", "coordinates": [ [ [ 13.61609, 52.75089 ], [ 13.61647, 52.7516 ], [ 13.61636, 52.75195 ], [ 13.61617, 52.75213 ], [ 13.61579, 52.75224 ], [ 13.61543, 52.75222 ], [ 13.6153, 52.75237 ], [ 13.615, 52.75254 ], [ 13.61474, 52.75265 ], [ 13.61457, 52.75267 ], [ 13.61446, 52.75253 ], [ 13.61437, 52.7521 ], [ 13.61362, 52.75201 ], [ 13.61376, 52.75265 ], [ 13.61362, 52.75388 ], [ 13.61327, 52.75379 ], [ 13.61291, 52.75362 ], [ 13.61288, 52.75416 ], [ 13.61273, 52.75431 ], [ 13.61204, 52.75454 ], [ 13.6119, 52.75463 ], [ 13.61188, 52.75491 ], [ 13.61204, 52.75503 ], [ 13.61236, 52.7551 ], [ 13.61276, 52.75511 ], [ 13.61284, 52.75488 ], [ 13.61304, 52.75463 ], [ 13.61345, 52.75452 ], [ 13.61361, 52.75461 ], [ 13.61376, 52.75498 ], [ 13.6137, 52.75504 ], [ 13.61366, 52.75497 ], [ 13.61357, 52.75495 ], [ 13.6133, 52.75511 ], [ 13.6142, 52.75513 ], [ 13.61448, 52.75508 ], [ 13.61496, 52.75491 ], [ 13.61534, 52.75457 ], [ 13.6155, 52.75349 ], [ 13.61617, 52.75303 ], [ 13.61676, 52.7521 ], [ 13.61724, 52.75155 ], [ 13.61706, 52.75093 ], [ 13.61649, 52.75097 ], [ 13.61625, 52.75085 ], [ 13.61617, 52.75067 ], [ 13.61609, 52.75089 ] ], [ [ 13.61397, 52.75407 ], [ 13.61383, 52.75373 ], [ 13.61392, 52.75336 ], [ 13.6141, 52.75329 ], [ 13.61448, 52.7536 ], [ 13.61492, 52.75423 ], [ 13.61482, 52.75453 ], [ 13.61459, 52.75467 ], [ 13.6143, 52.75476 ], [ 13.61413, 52.75473 ], [ 13.61401, 52.75462 ], [ 13.61397, 52.75407 ] ] ] } },
{ "type": "Feature", "properties": { "boden": "30 % mittel, mäßig frisch (M2) · 40 % mittel, mäßig frisch (M2) · 30 % mittel, mäßig frisch (M2)" }, "geometry": { "type": "Polygon", "coordinates": [ [ [ 13.60742, 52.75383 ], [ 13.60713, 52.75371 ], [ 13.60706, 52.75331 ], [ 13.60676, 52.75327 ], [ 13.60663, 52.7533 ], [ 13.60654, 52.75344 ], [ 13.6066, 52.75336 ], [ 13.60678, 52.75332 ], [ 13.60696, 52.75336 ], [ 13.60703, 52.75347 ], [ 13.60695, 52.75358 ], [ 13.60677, 52.75362 ], [ 13.6066, 52.75357 ], [ 13.607, 52.75381 ], [ 13.60704, 52.75388 ], [ 13.60786, 52.754 ], [ 13.60794, 52.75389 ], [ 13.60742, 52.75383 ] ] ] } },
{ "type": "Feature", "properties": { "boden": "40 % ziemlich arm, trocken (vermutet) (Z3) · 30 % mittel, trocken (vermutet) (M3) · 30 % mittel, trocken (vermutet) (M3)" }, "geometry": { "type": "Polygon", "coordinates": [ [ [ 13.61405, 52.75396 ], [ 13.61423, 52.75392 ], [ 13.61441, 52.75397 ], [ 13.61448, 52.75407 ], [ 13.6144, 52.75418 ], [ 13.61422, 52.75422 ], [ 13.61404, 52.75418 ], [ 13.61399, 52.7541 ], [ 13.61401, 52.75462 ], [ 13.61413, 52.75473 ], [ 13.6143, 52.75476 ], [ 13.61459, 52.75467 ], [ 13.61482, 52.75453 ], [ 13.61492, 52.75423 ], [ 13.61448, 52.7536 ], [ 13.6142, 52.75335 ], [ 13.61403, 52.75329 ], [ 13.61389, 52.75343 ], [ 13.61383, 52.75373 ], [ 13.61398, 52.75406 ], [ 13.61405, 52.75396 ] ] ] } },
{ "type": "Feature", "properties": { "boden": "100 % mittel, mäßig frisch (M2)" }, "geometry": { "type": "Polygon", "coordinates": [ [ [ 13.62467, 52.75284 ], [ 13.62539, 52.75271 ], [ 13.62564, 52.75256 ], [ 13.62579, 52.75236 ], [ 13.62599, 52.75234 ], [ 13.62609, 52.75252 ], [ 13.62603, 52.75277 ], [ 13.62577, 52.75286 ], [ 13.62514, 52.75322 ], [ 13.6258, 52.75356 ], [ 13.62599, 52.75348 ], [ 13.62635, 52.75357 ], [ 13.62677, 52.75339 ], [ 13.62698, 52.75322 ], [ 13.62701, 52.75299 ], [ 13.62669, 52.75235 ], [ 13.62644, 52.75216 ], [ 13.62598, 52.7521 ], [ 13.62439, 52.75264 ], [ 13.62467, 52.75284 ] ] ] } },
{ "type": "Feature", "properties": { "boden": "100 % mittel, trocken (vermutet) (M3)" }, "geometry": { "type": "Polygon", "coordinates": [ [ [ 13.61884, 52.75488 ], [ 13.61898, 52.7551 ], [ 13.61925, 52.75514 ], [ 13.61983, 52.755 ], [ 13.62, 52.75486 ], [ 13.62, 52.75474 ], [ 13.61974, 52.75462 ], [ 13.61934, 52.75464 ], [ 13.61884, 52.75488 ] ] ] } },
{ "type": "Feature", "properties": { "boden": "100 % reich, nass (OR3)" }, "geometry": { "type": "Polygon", "coordinates": [ [ [ 13.62057, 52.75561 ], [ 13.62084, 52.75617 ], [ 13.62074, 52.75654 ], [ 13.62102, 52.75676 ], [ 13.62152, 52.75686 ], [ 13.62234, 52.75676 ], [ 13.62229, 52.75673 ], [ 13.62277, 52.75633 ], [ 13.62255, 52.75585 ], [ 13.6215, 52.75456 ], [ 13.62257, 52.75351 ], [ 13.6214, 52.75398 ], [ 13.62125, 52.75415 ], [ 13.62107, 52.7541 ], [ 13.62101, 52.754 ], [ 13.6209, 52.75405 ], [ 13.62076, 52.75403 ], [ 13.62081, 52.75417 ], [ 13.62057, 52.75448 ], [ 13.62071, 52.75532 ], [ 13.62057, 52.75561 ] ] ] } },
{ "type": "Feature", "properties": { "boden": "100 % mittel, trocken (vermutet) (M3)" }, "geometry": { "type": "Polygon", "coordinates": [ [ [ 13.6174, 52.75497 ], [ 13.61711, 52.75502 ], [ 13.6169, 52.75522 ], [ 13.6181, 52.75565 ], [ 13.61844, 52.75561 ], [ 13.61858, 52.75548 ], [ 13.61856, 52.75539 ], [ 13.61816, 52.7553 ], [ 13.61764, 52.75502 ], [ 13.6174, 52.75497 ] ] ] } },
{ "type": "Feature", "properties": { "boden": "100 % mittel, mäßig frisch (M2)" }, "geometry": { "type": "Polygon", "coordinates": [ [ [ 13.61655, 52.75526 ], [ 13.61638, 52.7553 ], [ 13.6163, 52.75541 ], [ 13.61637, 52.75552 ], [ 13.61654, 52.75556 ], [ 13.61672, 52.75552 ], [ 13.6168, 52.75541 ], [ 13.61673, 52.7553 ], [ 13.61655, 52.75526 ] ] ] } },
{ "type": "Feature", "properties": { "boden": "100 % mittel, mäßig frisch (M2)" }, "geometry": { "type": "Polygon", "coordinates": [ [ [ 13.62059, 52.75556 ], [ 13.62056, 52.75544 ], [ 13.6204, 52.75537 ], [ 13.62025, 52.7554 ], [ 13.62003, 52.75526 ], [ 13.62029, 52.75486 ], [ 13.62028, 52.75469 ], [ 13.62002, 52.75456 ], [ 13.61966, 52.75455 ], [ 13.61954, 52.75449 ], [ 13.61924, 52.75465 ], [ 13.61974, 52.75462 ], [ 13.61993, 52.75468 ], [ 13.62002, 52.75482 ], [ 13.61983, 52.755 ], [ 13.61959, 52.75508 ], [ 13.6191, 52.75514 ], [ 13.6189, 52.75502 ], [ 13.61884, 52.75488 ], [ 13.61829, 52.75521 ], [ 13.6172, 52.75483 ], [ 13.61719, 52.75475 ], [ 13.61689, 52.75476 ], [ 13.61631, 52.75517 ], [ 13.6159, 52.75523 ], [ 13.61565, 52.75532 ], [ 13.61553, 52.75546 ], [ 13.61552, 52.75562 ], [ 13.61731, 52.75581 ], [ 13.61795, 52.75599 ], [ 13.61875, 52.75628 ], [ 13.61933, 52.75672 ], [ 13.61948, 52.7569 ], [ 13.62007, 52.75595 ], [ 13.62059, 52.75556 ] ], [ [ 13.61764, 52.75502 ], [ 13.61816, 52.7553 ], [ 13.61856, 52.75539 ], [ 13.61858, 52.75548 ], [ 13.61844, 52.75561 ], [ 13.6181, 52.75565 ], [ 13.6169, 52.75522 ], [ 13.61711, 52.75502 ], [ 13.6174, 52.75497 ], [ 13.61764, 52.75502 ] ], [ [ 13.6168, 52.75541 ], [ 13.61672, 52.75552 ], [ 13.61654, 52.75556 ], [ 13.61637, 52.75552 ], [ 13.6163, 52.75541 ], [ 13.61638, 52.7553 ], [ 13.61655, 52.75526 ], [ 13.61673, 52.7553 ], [ 13.6168, 52.75541 ] ] ] } },
{ "type": "Feature", "properties": { "boden": "100 % ziemlich arm, mäßig frisch (Z2)" }, "geometry": { "type": "Polygon", "coordinates": [ [ [ 13.61854, 52.75625 ], [ 13.61836, 52.75629 ], [ 13.61828, 52.7564 ], [ 13.61835, 52.75651 ], [ 13.61853, 52.75655 ], [ 13.61871, 52.75651 ], [ 13.61878, 52.7564 ], [ 13.61871, 52.75629 ], [ 13.61854, 52.75625 ] ] ] } },
{ "type": "Feature", "properties": { "boden": "100 % ziemlich arm, trocken (vermutet) (Z3)" }, "geometry": { "type": "Polygon", "coordinates": [ [ [ 13.61691, 52.75629 ], [ 13.61669, 52.75632 ], [ 13.61673, 52.75646 ], [ 13.61701, 52.7565 ], [ 13.61731, 52.75644 ], [ 13.61722, 52.75633 ], [ 13.61691, 52.75629 ] ] ] } },
{ "type": "Feature", "properties": { "boden": "100 % ziemlich arm, mäßig frisch (Z2)" }, "geometry": { "type": "Polygon", "coordinates": [ [ [ 13.61917, 52.75833 ], [ 13.61935, 52.75837 ], [ 13.6199, 52.75837 ], [ 13.62001, 52.75815 ], [ 13.6206, 52.75773 ], [ 13.62073, 52.75775 ], [ 13.62076, 52.75783 ], [ 13.62101, 52.75794 ], [ 13.6211, 52.75821 ], [ 13.62173, 52.75808 ], [ 13.62156, 52.75754 ], [ 13.62121, 52.75722 ], [ 13.6211, 52.75726 ], [ 13.6203, 52.75696 ], [ 13.6196, 52.75697 ], [ 13.61875, 52.75628 ], [ 13.61795, 52.75599 ], [ 13.61731, 52.75581 ], [ 13.61604, 52.75569 ], [ 13.61595, 52.75642 ], [ 13.61701, 52.75694 ], [ 13.61767, 52.75659 ], [ 13.61826, 52.75701 ], [ 13.6172, 52.75795 ], [ 13.61671, 52.7581 ], [ 13.61544, 52.75757 ], [ 13.6149, 52.7578 ], [ 13.6146, 52.75843 ], [ 13.61416, 52.75842 ], [ 13.61447, 52.7586 ], [ 13.6149, 52.7587 ], [ 13.61546, 52.75862 ], [ 13.61599, 52.7586 ], [ 13.61627, 52.75885 ], [ 13.61655, 52.75891 ], [ 13.61756, 52.75866 ], [ 13.61756, 52.75848 ], [ 13.61782, 52.75832 ], [ 13.61917, 52.75833 ] ], [ [ 13.61575, 52.75809 ], [ 13.61578, 52.75819 ], [ 13.61562, 52.75832 ], [ 13.61522, 52.75841 ], [ 13.61497, 52.75843 ], [ 13.61489, 52.75839 ], [ 13.61487, 52.75831 ], [ 13.61497, 52.7582 ], [ 13.61541, 52.75796 ], [ 13.61559, 52.75796 ], [ 13.61575, 52.75809 ] ], [ [ 13.61965, 52.75735 ], [ 13.61974, 52.75744 ], [ 13.61969, 52.75754 ], [ 13.61959, 52.75759 ], [ 13.61945, 52.75757 ], [ 13.61935, 52.7575 ], [ 13.61933, 52.75732 ], [ 13.61965, 52.75735 ] ], [ [ 13.61878, 52.7564 ], [ 13.61871, 52.75651 ], [ 13.61853, 52.75655 ], [ 13.61835, 52.75651 ], [ 13.61828, 52.7564 ], [ 13.61836, 52.75629 ], [ 13.61854, 52.75625 ], [ 13.61871, 52.75629 ], [ 13.61878, 52.7564 ] ], [ [ 13.61722, 52.75633 ], [ 13.61731, 52.75644 ], [ 13.61701, 52.7565 ], [ 13.61673, 52.75646 ], [ 13.61666, 52.75637 ], [ 13.61674, 52.75631 ], [ 13.61691, 52.75629 ], [ 13.61722, 52.75633 ] ] ] } },
{ "type": "Feature", "properties": { "boden": "100 % ziemlich arm, trocken (vermutet) (Z3)" }, "geometry": { "type": "Polygon", "coordinates": [ [ [ 13.61938, 52.75731 ], [ 13.6193, 52.75739 ], [ 13.61935, 52.7575 ], [ 13.61945, 52.75757 ], [ 13.61964, 52.75758 ], [ 13.61973, 52.7574 ], [ 13.61965, 52.75735 ], [ 13.61938, 52.75731 ] ] ] } },
{ "type": "Feature", "properties": { "boden": "40 % ziemlich arm, trocken (vermutet) (Z3) · 30 % mittel, trocken (vermutet) (M3) · 30 % mittel, trocken (vermutet) (M3)" }, "geometry": { "type": "Polygon", "coordinates": [ [ [ 13.61397, 52.75407 ], [ 13.61404, 52.75418 ], [ 13.61422, 52.75422 ], [ 13.6144, 52.75418 ], [ 13.61448, 52.75407 ], [ 13.61441, 52.75397 ], [ 13.61423, 52.75392 ], [ 13.61405, 52.75396 ], [ 13.61397, 52.75407 ] ] ] } },
{ "type": "Feature", "properties": { "boden": "60 % ziemlich arm, trocken (vermutet) (Z3) · 40 % mittel, trocken (vermutet) (M3)" }, "geometry": { "type": "Polygon", "coordinates": [ [ [ 13.61172, 52.75481 ], [ 13.61118, 52.75462 ], [ 13.61166, 52.7541 ], [ 13.61177, 52.75356 ], [ 13.61164, 52.75348 ], [ 13.61112, 52.75349 ], [ 13.61082, 52.75356 ], [ 13.61073, 52.75368 ], [ 13.61075, 52.75397 ], [ 13.6109, 52.75409 ], [ 13.6109, 52.75417 ], [ 13.61079, 52.75423 ], [ 13.61035, 52.75423 ], [ 13.61025, 52.75445 ], [ 13.61122, 52.75546 ], [ 13.61157, 52.75555 ], [ 13.61193, 52.75551 ], [ 13.61203, 52.75543 ], [ 13.61212, 52.75523 ], [ 13.61197, 52.75498 ], [ 13.61172, 52.75481 ] ] ] } },
{ "type": "Feature", "properties": { "boden": "40 % ziemlich arm, mäßig frisch (Z2) · 30 % mittel, mäßig frisch (M2) · 30 % mittel, mäßig frisch (M2)" }, "geometry": { "type": "Polygon", "coordinates": [ [ [ 13.6133, 52.75511 ], [ 13.61357, 52.75495 ], [ 13.61366, 52.75497 ], [ 13.6137, 52.75504 ], [ 13.61376, 52.75498 ], [ 13.61361, 52.75461 ], [ 13.61345, 52.75452 ], [ 13.61304, 52.75463 ], [ 13.61284, 52.75488 ], [ 13.61276, 52.75511 ], [ 13.6133, 52.75511 ] ] ] } },
{ "type": "Feature", "properties": { "boden": "60 % ziemlich arm, mäßig frisch (Z2) · 40 % mittel, mäßig frisch (M2)" }, "geometry": { "type": "Polygon", "coordinates": [ [ [ 13.61009, 52.75542 ], [ 13.61062, 52.75574 ], [ 13.6106, 52.75584 ], [ 13.61074, 52.75587 ], [ 13.61088, 52.75584 ], [ 13.61114, 52.7559 ], [ 13.61115, 52.75579 ], [ 13.61103, 52.75563 ], [ 13.61042, 52.75528 ], [ 13.61024, 52.75497 ], [ 13.60996, 52.75482 ], [ 13.60987, 52.7549 ], [ 13.60989, 52.75504 ], [ 13.61009, 52.75542 ] ] ] } },
{ "type": "Feature", "properties": { "boden": "60 % ziemlich arm, mäßig frisch (Z2) · 40 % mittel, mäßig frisch (M2)" }, "geometry": { "type": "Polygon", "coordinates": [ [ [ 13.61188, 52.75491 ], [ 13.6119, 52.75463 ], [ 13.61204, 52.75454 ], [ 13.61273, 52.75431 ], [ 13.61288, 52.75416 ], [ 13.61291, 52.75362 ], [ 13.61242, 52.75363 ], [ 13.61165, 52.75309 ], [ 13.61133, 52.75299 ], [ 13.61107, 52.75313 ], [ 13.61082, 52.75338 ], [ 13.61031, 52.75349 ], [ 13.60964, 52.75434 ], [ 13.60952, 52.75472 ], [ 13.60991, 52.75507 ], [ 13.61, 52.75523 ], [ 13.60987, 52.7549 ], [ 13.60996, 52.75482 ], [ 13.61024, 52.75497 ], [ 13.61042, 52.75528 ], [ 13.61103, 52.75563 ], [ 13.61115, 52.75579 ], [ 13.61114, 52.7559 ], [ 13.61088, 52.75584 ], [ 13.61074, 52.75587 ], [ 13.61098, 52.75592 ], [ 13.6112, 52.75655 ], [ 13.6115, 52.75661 ], [ 13.61187, 52.75652 ], [ 13.61244, 52.75654 ], [ 13.61242, 52.75628 ], [ 13.6121, 52.75626 ], [ 13.61192, 52.75618 ], [ 13.61191, 52.75606 ], [ 13.61201, 52.75603 ], [ 13.61238, 52.75602 ], [ 13.61255, 52.75603 ], [ 13.6127, 52.75611 ], [ 13.61318, 52.75611 ], [ 13.61329, 52.75616 ], [ 13.61334, 52.75628 ], [ 13.61333, 52.75645 ], [ 13.61387, 52.75672 ], [ 13.61402, 52.75695 ], [ 13.61423, 52.75709 ], [ 13.61468, 52.75724 ], [ 13.61489, 52.75718 ], [ 13.61507, 52.75705 ], [ 13.61514, 52.75704 ], [ 13.61529, 52.75715 ], [ 13.61518, 52.7573 ], [ 13.61496, 52.75739 ], [ 13.61467, 52.75743 ], [ 13.61429, 52.75727 ], [ 13.61376, 52.75713 ], [ 13.61383, 52.7573 ], [ 13.61393, 52.75738 ], [ 13.61424, 52.75747 ], [ 13.61511, 52.75743 ], [ 13.61631, 52.75794 ], [ 13.61631, 52.75774 ], [ 13.61654, 52.75738 ], [ 13.61659, 52.75707 ], [ 13.6161, 52.75685 ], [ 13.61557, 52.75685 ], [ 13.61537, 52.75675 ], [ 13.61544, 52.75658 ], [ 13.61575, 52.75626 ], [ 13.61564, 52.75609 ], [ 13.61564, 52.75598 ], [ 13.61543, 52.75594 ], [ 13.61536, 52.75583 ], [ 13.61544, 52.75573 ], [ 13.61562, 52.75569 ], [ 13.61581, 52.75576 ], [ 13.61604, 52.75569 ], [ 13.61552, 52.75562 ], [ 13.61537, 52.7557 ], [ 13.61503, 52.75557 ], [ 13.6142, 52.75557 ], [ 13.61398, 52.7555 ], [ 13.61368, 52.75512 ], [ 13.61236, 52.7551 ], [ 13.61204, 52.75503 ], [ 13.61197, 52.75498 ], [ 13.61188, 52.75491 ] ], [ [ 13.61205, 52.75506 ], [ 13.6121, 52.75531 ], [ 13.61193, 52.75551 ], [ 13.61157, 52.75555 ], [ 13.61132, 52.75552 ], [ 13.6103, 52.75454 ], [ 13.61025, 52.75438 ], [ 13.61035, 52.75423 ], [ 13.61079, 52.75423 ], [ 13.6109, 52.75417 ], [ 13.61071, 52.75384 ], [ 13.61082, 52.75356 ], [ 13.61143, 52.75346 ], [ 13.61172, 52.7535 ], [ 13.61178, 52.75366 ], [ 13.61166, 52.7541 ], [ 13.61118, 52.75462 ], [ 13.61172, 52.75481 ], [ 13.61205, 52.75506 ] ], [ [ 13.6145, 52.75586 ], [ 13.6149, 52.75589 ], [ 13.61504, 52.75595 ], [ 13.61505, 52.75634 ], [ 13.6149, 52.7569 ], [ 13.61479, 52.75688 ], [ 13.61434, 52.75662 ], [ 13.61363, 52.75641 ], [ 13.61347, 52.75626 ], [ 13.61348, 52.75607 ], [ 13.61365, 52.75592 ], [ 13.6145, 52.75586 ] ] ] } },
{ "type": "Feature", "properties": { "boden": "60 % ziemlich arm, mäßig frisch (Z2) · 40 % mittel, mäßig frisch (M2)" }, "geometry": { "type": "Polygon", "coordinates": [ [ [ 13.61579, 52.75595 ], [ 13.61587, 52.75584 ], [ 13.6158, 52.75573 ], [ 13.61562, 52.75569 ], [ 13.61544, 52.75573 ], [ 13.61536, 52.75583 ], [ 13.61543, 52.75594 ], [ 13.61561, 52.75599 ], [ 13.61579, 52.75595 ] ] ] } },
{ "type": "Feature", "properties": { "boden": "60 % ziemlich arm, trocken (vermutet) (Z3) · 40 % mittel, trocken (vermutet) (M3)" }, "geometry": { "type": "Polygon", "coordinates": [ [ [ 13.61266, 52.75607 ], [ 13.61216, 52.75601 ], [ 13.61191, 52.75606 ], [ 13.61188, 52.75611 ], [ 13.61199, 52.75623 ], [ 13.61242, 52.75628 ], [ 13.61252, 52.75616 ], [ 13.6127, 52.75611 ], [ 13.61266, 52.75607 ] ] ] } },
{ "type": "Feature", "properties": { "boden": "60 % ziemlich arm, mäßig frisch (Z2) · 40 % mittel, mäßig frisch (M2)" }, "geometry": { "type": "Polygon", "coordinates": [ [ [ 13.61569, 52.75683 ], [ 13.61577, 52.75633 ], [ 13.61595, 52.75642 ], [ 13.616, 52.7557 ], [ 13.61581, 52.75576 ], [ 13.61587, 52.75584 ], [ 13.61579, 52.75595 ], [ 13.61564, 52.75598 ], [ 13.61564, 52.75609 ], [ 13.61575, 52.75626 ], [ 13.61537, 52.75668 ], [ 13.61542, 52.7568 ], [ 13.61557, 52.75685 ], [ 13.61588, 52.75684 ], [ 13.61569, 52.75683 ] ] ] } },
{ "type": "Feature", "properties": { "boden": "60 % ziemlich arm, mäßig frisch (Z2) · 40 % mittel, mäßig frisch (M2)" }, "geometry": { "type": "Polygon", "coordinates": [ [ [ 13.61331, 52.75643 ], [ 13.61329, 52.75616 ], [ 13.61318, 52.75611 ], [ 13.61265, 52.75611 ], [ 13.61242, 52.75623 ], [ 13.61244, 52.75654 ], [ 13.61273, 52.75647 ], [ 13.61294, 52.75616 ], [ 13.61321, 52.75621 ], [ 13.61331, 52.75643 ] ] ] } },
{ "type": "Feature", "properties": { "boden": "100 % mittel, trocken (vermutet) (M3)" }, "geometry": { "type": "Polygon", "coordinates": [ [ [ 13.60935, 52.7558 ], [ 13.60901, 52.75596 ], [ 13.60886, 52.7562 ], [ 13.60899, 52.75658 ], [ 13.60917, 52.75675 ], [ 13.60936, 52.7568 ], [ 13.60987, 52.75656 ], [ 13.61031, 52.75621 ], [ 13.60981, 52.75592 ], [ 13.60935, 52.7558 ] ] ] } },
{ "type": "Feature", "properties": { "boden": "100 % mittel, mäßig frisch (M2)" }, "geometry": { "type": "Polygon", "coordinates": [ [ [ 13.6311, 52.74367 ], [ 13.63148, 52.7447 ], [ 13.63158, 52.74521 ], [ 13.63157, 52.74455 ], [ 13.63143, 52.74383 ], [ 13.63113, 52.74352 ], [ 13.6311, 52.74367 ] ] ] } },
{ "type": "Feature", "properties": { "boden": "50 % mittel, mäßig frisch (M2) · 30 % ziemlich arm, mäßig frisch (Z2) · 20 % kräftig, mäßig frisch (K2)" }, "geometry": { "type": "Polygon", "coordinates": [ [ [ 13.63099, 52.7446 ], [ 13.631, 52.74448 ], [ 13.63087, 52.74434 ], [ 13.63076, 52.74432 ], [ 13.63054, 52.74435 ], [ 13.63058, 52.7445 ], [ 13.63074, 52.74464 ], [ 13.63099, 52.7446 ] ] ] } },
{ "type": "Feature", "properties": { "boden": "100 % mittel, trocken (vermutet) (M3)" }, "geometry": { "type": "Polygon", "coordinates": [ [ [ 13.63242, 52.74264 ], [ 13.63194, 52.74275 ], [ 13.6315, 52.74297 ], [ 13.63125, 52.74317 ], [ 13.63115, 52.74341 ], [ 13.63113, 52.74352 ], [ 13.63143, 52.74383 ], [ 13.63152, 52.74412 ], [ 13.63158, 52.74512 ], [ 13.63156, 52.74635 ], [ 13.63164, 52.74688 ], [ 13.63193, 52.74681 ], [ 13.63208, 52.74668 ], [ 13.63225, 52.74623 ], [ 13.63216, 52.74586 ], [ 13.63215, 52.7451 ], [ 13.63207, 52.74495 ], [ 13.63215, 52.74441 ], [ 13.63202, 52.74406 ], [ 13.63187, 52.74387 ], [ 13.63186, 52.74361 ], [ 13.63208, 52.74329 ], [ 13.63254, 52.74302 ], [ 13.63242, 52.74264 ] ] ] } },
{ "type": "Feature", "properties": { "boden": "100 % mittel, mäßig frisch (M2)" }, "geometry": { "type": "Polygon", "coordinates": [ [ [ 13.63254, 52.74302 ], [ 13.63197, 52.7434 ], [ 13.63186, 52.74361 ], [ 13.63187, 52.74387 ], [ 13.63202, 52.74406 ], [ 13.63215, 52.74441 ], [ 13.63207, 52.74495 ], [ 13.63215, 52.7451 ], [ 13.63216, 52.74586 ], [ 13.63225, 52.74623 ], [ 13.63208, 52.74668 ], [ 13.63193, 52.74681 ], [ 13.63164, 52.74688 ], [ 13.63157, 52.74619 ], [ 13.63139, 52.74728 ], [ 13.6337, 52.74706 ], [ 13.63264, 52.74411 ], [ 13.6328, 52.74408 ], [ 13.6326, 52.74355 ], [ 13.63271, 52.74354 ], [ 13.63254, 52.74302 ] ] ] } },
{ "type": "Feature", "properties": { "boden": "50 % mittel, mäßig frisch (M2) · 30 % ziemlich arm, mäßig frisch (Z2) · 20 % kräftig, mäßig frisch (K2)" }, "geometry": { "type": "Polygon", "coordinates": [ [ [ 13.63086, 52.74855 ], [ 13.63068, 52.74826 ], [ 13.63061, 52.74784 ], [ 13.63076, 52.74762 ], [ 13.63109, 52.74738 ], [ 13.6314, 52.74726 ], [ 13.63157, 52.74619 ], [ 13.63158, 52.74521 ], [ 13.63148, 52.7447 ], [ 13.63117, 52.74396 ], [ 13.63113, 52.74352 ], [ 13.63058, 52.74327 ], [ 13.63054, 52.74307 ], [ 13.63007, 52.74331 ], [ 13.63001, 52.74353 ], [ 13.62979, 52.7435 ], [ 13.6295, 52.74354 ], [ 13.63038, 52.74471 ], [ 13.63074, 52.74464 ], [ 13.63058, 52.7445 ], [ 13.63054, 52.74435 ], [ 13.63076, 52.74432 ], [ 13.63096, 52.7444 ], [ 13.63101, 52.74457 ], [ 13.63093, 52.74463 ], [ 13.6311, 52.74479 ], [ 13.63092, 52.74522 ], [ 13.63055, 52.74515 ], [ 13.62987, 52.74594 ], [ 13.62963, 52.7459 ], [ 13.62958, 52.74573 ], [ 13.62923, 52.74563 ], [ 13.62928, 52.74544 ], [ 13.62915, 52.74543 ], [ 13.62895, 52.74566 ], [ 13.63064, 52.7467 ], [ 13.63034, 52.74815 ], [ 13.63052, 52.74867 ], [ 13.63052, 52.74858 ], [ 13.63061, 52.74854 ], [ 13.63154, 52.74931 ], [ 13.63259, 52.74994 ], [ 13.63388, 52.7512 ], [ 13.63428, 52.75129 ], [ 13.63441, 52.75124 ], [ 13.63381, 52.75083 ], [ 13.6328, 52.74994 ], [ 13.63188, 52.74935 ], [ 13.63086, 52.74855 ] ] ] } },
{ "type": "Feature", "properties": { "boden": "50 % mittel, trocken (vermutet) (M3) · 30 % ziemlich arm, trocken (vermutet) (Z3) · 20 % kräftig, trocken (vermutet) (K3)" }, "geometry": { "type": "Polygon", "coordinates": [ [ [ 13.6314, 52.74726 ], [ 13.63109, 52.74738 ], [ 13.63076, 52.74762 ], [ 13.63061, 52.74784 ], [ 13.63068, 52.74826 ], [ 13.63092, 52.74859 ], [ 13.63084, 52.74809 ], [ 13.6309, 52.74776 ], [ 13.6315, 52.74758 ], [ 13.6314, 52.74726 ] ] ] } },
{ "type": "Feature", "properties": { "boden": "50 % mittel, mäßig frisch (M2) · 30 % ziemlich arm, mäßig frisch (Z2) · 20 % kräftig, mäßig frisch (K2)" }, "geometry": { "type": "Polygon", "coordinates": [ [ [ 13.63424, 52.75128 ], [ 13.63388, 52.7512 ], [ 13.63259, 52.74994 ], [ 13.63154, 52.74931 ], [ 13.63071, 52.74861 ], [ 13.63061, 52.74854 ], [ 13.63054, 52.74855 ], [ 13.63054, 52.74871 ], [ 13.63147, 52.74946 ], [ 13.63261, 52.75019 ], [ 13.63345, 52.75093 ], [ 13.63405, 52.75138 ], [ 13.63424, 52.75128 ] ] ] } },
{ "type": "Feature", "properties": { "boden": "50 % mittel, mäßig frisch (M2) · 30 % ziemlich arm, mäßig frisch (Z2) · 20 % kräftig, mäßig frisch (K2)" }, "geometry": { "type": "Polygon", "coordinates": [ [ [ 13.63526, 52.75167 ], [ 13.63501, 52.75175 ], [ 13.63406, 52.75139 ], [ 13.63402, 52.75162 ], [ 13.63481, 52.75192 ], [ 13.63518, 52.75225 ], [ 13.63549, 52.75221 ], [ 13.63601, 52.75259 ], [ 13.63625, 52.75233 ], [ 13.63526, 52.75167 ] ] ] } },
{ "type": "Feature", "properties": { "boden": "100 % kräftig, nass (OK2)" }, "geometry": { "type": "Polygon", "coordinates": [ [ [ 13.63126, 52.7686 ], [ 13.63136, 52.76906 ], [ 13.63169, 52.76908 ], [ 13.63209, 52.76903 ], [ 13.63204, 52.76892 ], [ 13.63181, 52.76876 ], [ 13.63126, 52.7686 ] ] ] } },
{ "type": "Feature", "properties": { "boden": "100 % kräftig, nass (OK2)" }, "geometry": { "type": "Polygon", "coordinates": [ [ [ 13.63142, 52.77136 ], [ 13.63125, 52.77105 ], [ 13.63083, 52.77089 ], [ 13.63127, 52.77026 ], [ 13.63144, 52.76959 ], [ 13.63134, 52.76955 ], [ 13.63111, 52.76957 ], [ 13.63122, 52.76946 ], [ 13.63116, 52.76938 ], [ 13.63104, 52.76936 ], [ 13.63105, 52.76907 ], [ 13.62926, 52.76906 ], [ 13.62865, 52.76911 ], [ 13.62867, 52.7694 ], [ 13.62982, 52.76936 ], [ 13.6299, 52.76944 ], [ 13.62987, 52.76955 ], [ 13.63015, 52.76961 ], [ 13.62993, 52.76979 ], [ 13.63006, 52.76992 ], [ 13.62988, 52.77004 ], [ 13.62997, 52.77014 ], [ 13.62884, 52.77041 ], [ 13.62973, 52.77177 ], [ 13.62949, 52.77189 ], [ 13.62957, 52.77202 ], [ 13.62978, 52.7721 ], [ 13.63025, 52.77214 ], [ 13.6308, 52.77245 ], [ 13.63142, 52.77136 ] ] ] } },
{ "type": "Feature", "properties": { "boden": "60 % ziemlich arm, trocken (vermutet) (Z3) · 40 % mittel, trocken (vermutet) (M3)" }, "geometry": { "type": "Polygon", "coordinates": [ [ [ 13.61421, 52.75586 ], [ 13.61379, 52.75589 ], [ 13.61358, 52.75596 ], [ 13.61346, 52.75613 ], [ 13.61351, 52.75631 ], [ 13.61363, 52.75641 ], [ 13.61434, 52.75662 ], [ 13.61479, 52.75688 ], [ 13.6149, 52.7569 ], [ 13.61505, 52.75634 ], [ 13.61504, 52.75595 ], [ 13.6149, 52.75589 ], [ 13.61421, 52.75586 ] ] ] } },
{ "type": "Feature", "properties": { "boden": "60 % ziemlich arm, mäßig frisch (Z2) · 40 % mittel, mäßig frisch (M2)" }, "geometry": { "type": "Polygon", "coordinates": [ [ [ 13.61327, 52.75664 ], [ 13.61321, 52.75621 ], [ 13.61294, 52.75616 ], [ 13.61273, 52.75647 ], [ 13.61244, 52.75654 ], [ 13.6125, 52.75663 ], [ 13.61273, 52.75658 ], [ 13.61318, 52.75659 ], [ 13.61327, 52.75664 ] ] ] } },
{ "type": "Feature", "properties": { "boden": "100 % mittel, mäßig frisch (M2)" }, "geometry": { "type": "Polygon", "coordinates": [ [ [ 13.61012, 52.75695 ], [ 13.61021, 52.75676 ], [ 13.61055, 52.75659 ], [ 13.6112, 52.75655 ], [ 13.61098, 52.75592 ], [ 13.6106, 52.75584 ], [ 13.61008, 52.75589 ], [ 13.60936, 52.75566 ], [ 13.60893, 52.75572 ], [ 13.60865, 52.75584 ], [ 13.6083, 52.75628 ], [ 13.60863, 52.75671 ], [ 13.60855, 52.7569 ], [ 13.60909, 52.75723 ], [ 13.60929, 52.75725 ], [ 13.60972, 52.75715 ], [ 13.61012, 52.75695 ] ], [ [ 13.60981, 52.75592 ], [ 13.61031, 52.75621 ], [ 13.60987, 52.75656 ], [ 13.60956, 52.75673 ], [ 13.60927, 52.75679 ], [ 13.60899, 52.75658 ], [ 13.60888, 52.75638 ], [ 13.60886, 52.7562 ], [ 13.60894, 52.75604 ], [ 13.60919, 52.75585 ], [ 13.60935, 52.7558 ], [ 13.60981, 52.75592 ] ] ] } },
{ "type": "Feature", "properties": { "boden": "60 % ziemlich arm, mäßig frisch (Z2) · 40 % mittel, mäßig frisch (M2)" }, "geometry": { "type": "Polygon", "coordinates": [ [ [ 13.61244, 52.75654 ], [ 13.61187, 52.75652 ], [ 13.6115, 52.75661 ], [ 13.6112, 52.75655 ], [ 13.61124, 52.75668 ], [ 13.61164, 52.75673 ], [ 13.61194, 52.75666 ], [ 13.6125, 52.75663 ], [ 13.61244, 52.75654 ] ] ] } },
{ "type": "Feature", "properties": { "boden": "100 % mittel, mäßig frisch (M2)" }, "geometry": { "type": "Polygon", "coordinates": [ [ [ 13.6112, 52.75655 ], [ 13.61055, 52.75659 ], [ 13.61021, 52.75676 ], [ 13.61007, 52.75698 ], [ 13.61079, 52.75664 ], [ 13.61124, 52.75668 ], [ 13.6112, 52.75655 ] ] ] } },
{ "type": "Feature", "properties": { "boden": "60 % ziemlich arm, mäßig frisch (Z2) · 40 % mittel, mäßig frisch (M2)" }, "geometry": { "type": "Polygon", "coordinates": [ [ [ 13.61327, 52.75664 ], [ 13.61363, 52.7568 ], [ 13.61376, 52.75713 ], [ 13.61429, 52.75727 ], [ 13.61448, 52.75738 ], [ 13.61467, 52.75743 ], [ 13.61496, 52.75739 ], [ 13.61529, 52.75719 ], [ 13.61514, 52.75704 ], [ 13.61474, 52.75724 ], [ 13.61454, 52.75722 ], [ 13.61408, 52.75701 ], [ 13.61387, 52.75672 ], [ 13.61331, 52.75643 ], [ 13.61327, 52.75664 ] ] ] } },
{ "type": "Feature", "properties": { "boden": "100 % mittel, mäßig frisch (M2)" }, "geometry": { "type": "Polygon", "coordinates": [ [ [ 13.60849, 52.75695 ], [ 13.60836, 52.75701 ], [ 13.60898, 52.75737 ], [ 13.60932, 52.75731 ], [ 13.609, 52.75728 ], [ 13.60849, 52.75695 ] ] ] } },
{ "type": "Feature", "properties": { "boden": "100 % mittel, mäßig frisch (M2)" }, "geometry": { "type": "Polygon", "coordinates": [ [ [ 13.60948, 52.75741 ], [ 13.60906, 52.75744 ], [ 13.60963, 52.7577 ], [ 13.60967, 52.75749 ], [ 13.60948, 52.75741 ] ] ] } },
{ "type": "Feature", "properties": { "boden": "100 % ziemlich arm, trocken (vermutet) (Z3)" }, "geometry": { "type": "Polygon", "coordinates": [ [ [ 13.61549, 52.75794 ], [ 13.61497, 52.7582 ], [ 13.61487, 52.75831 ], [ 13.61489, 52.75839 ], [ 13.61497, 52.75843 ], [ 13.61544, 52.75838 ], [ 13.61575, 52.75824 ], [ 13.61575, 52.75809 ], [ 13.61559, 52.75796 ], [ 13.61549, 52.75794 ] ] ] } },
{ "type": "Feature", "properties": { "boden": "100 % kräftig, nass (OK2)" }, "geometry": { "type": "Polygon", "coordinates": [ [ [ 13.61447, 52.7586 ], [ 13.61416, 52.75842 ], [ 13.61349, 52.75842 ], [ 13.61297, 52.75857 ], [ 13.61309, 52.7587 ], [ 13.61323, 52.75869 ], [ 13.61331, 52.75877 ], [ 13.61319, 52.75889 ], [ 13.61346, 52.7589 ], [ 13.6135, 52.75894 ], [ 13.61327, 52.75921 ], [ 13.6149, 52.7587 ], [ 13.61447, 52.7586 ] ] ] } },
{ "type": "Feature", "properties": { "boden": "100 % ziemlich arm, trocken (vermutet) (Z3)" }, "geometry": { "type": "Polygon", "coordinates": [ [ [ 13.62109, 52.75819 ], [ 13.62101, 52.75794 ], [ 13.62076, 52.75783 ], [ 13.62073, 52.75775 ], [ 13.6206, 52.75773 ], [ 13.62001, 52.75815 ], [ 13.6199, 52.75837 ], [ 13.62054, 52.75838 ], [ 13.6206, 52.75831 ], [ 13.62109, 52.75819 ] ] ] } },
{ "type": "Feature", "properties": { "boden": "100 % ziemlich arm, trocken (vermutet) (Z3)" }, "geometry": { "type": "Polygon", "coordinates": [ [ [ 13.6206, 52.75831 ], [ 13.62054, 52.75838 ], [ 13.6199, 52.75837 ], [ 13.61975, 52.7585 ], [ 13.6191, 52.75875 ], [ 13.619, 52.7589 ], [ 13.61904, 52.75898 ], [ 13.61941, 52.75905 ], [ 13.6197, 52.75902 ], [ 13.62035, 52.75868 ], [ 13.62107, 52.7588 ], [ 13.62128, 52.75879 ], [ 13.6213, 52.75859 ], [ 13.6211, 52.75821 ], [ 13.6206, 52.75831 ] ] ] } },
{ "type": "Feature", "properties": { "boden": "100 % ziemlich arm, mäßig frisch (Z2)" }, "geometry": { "type": "Polygon", "coordinates": [ [ [ 13.6211, 52.75821 ], [ 13.6213, 52.75859 ], [ 13.62128, 52.75879 ], [ 13.62107, 52.7588 ], [ 13.62035, 52.75868 ], [ 13.61983, 52.75898 ], [ 13.61956, 52.75904 ], [ 13.61904, 52.75898 ], [ 13.61903, 52.75882 ], [ 13.61928, 52.75867 ], [ 13.61975, 52.7585 ], [ 13.6199, 52.75837 ], [ 13.61869, 52.75833 ], [ 13.61859, 52.7586 ], [ 13.61874, 52.75923 ], [ 13.61928, 52.75957 ], [ 13.62134, 52.75976 ], [ 13.62122, 52.75957 ], [ 13.62137, 52.75949 ], [ 13.62204, 52.75956 ], [ 13.62195, 52.7594 ], [ 13.62224, 52.75851 ], [ 13.62207, 52.75831 ], [ 13.62173, 52.75808 ], [ 13.6211, 52.75821 ] ], [ [ 13.62192, 52.75911 ], [ 13.62179, 52.75925 ], [ 13.62158, 52.75935 ], [ 13.62118, 52.75945 ], [ 13.62119, 52.75939 ], [ 13.62182, 52.75897 ], [ 13.62191, 52.75898 ], [ 13.62192, 52.75911 ] ], [ [ 13.61952, 52.75921 ], [ 13.61965, 52.75934 ], [ 13.61957, 52.75944 ], [ 13.61944, 52.75945 ], [ 13.61914, 52.75932 ], [ 13.61925, 52.75921 ], [ 13.61939, 52.75918 ], [ 13.61952, 52.75921 ] ] ] } },
{ "type": "Feature", "properties": { "boden": "100 % ziemlich arm, mäßig frisch (Z2)" }, "geometry": { "type": "Polygon", "coordinates": [ [ [ 13.62188, 52.75896 ], [ 13.62165, 52.75905 ], [ 13.62142, 52.75927 ], [ 13.62119, 52.75939 ], [ 13.62118, 52.75945 ], [ 13.62131, 52.75944 ], [ 13.62179, 52.75925 ], [ 13.62192, 52.75911 ], [ 13.62188, 52.75896 ] ] ] } },
{ "type": "Feature", "properties": { "boden": "100 % ziemlich arm, mäßig frisch (Z2)" }, "geometry": { "type": "Polygon", "coordinates": [ [ [ 13.61939, 52.75918 ], [ 13.61919, 52.75923 ], [ 13.61914, 52.75932 ], [ 13.61944, 52.75945 ], [ 13.61957, 52.75944 ], [ 13.61964, 52.7594 ], [ 13.61961, 52.75927 ], [ 13.61939, 52.75918 ] ] ] } },
{ "type": "Feature", "properties": { "boden": "100 % kräftig, nass (OK2)" }, "geometry": { "type": "Polygon", "coordinates": [ [ [ 13.62691, 52.77294 ], [ 13.62684, 52.77283 ], [ 13.62692, 52.77272 ], [ 13.6271, 52.77268 ], [ 13.62727, 52.77273 ], [ 13.62731, 52.77279 ], [ 13.62812, 52.77241 ], [ 13.6287, 52.77234 ], [ 13.62903, 52.77254 ], [ 13.62909, 52.77283 ], [ 13.62886, 52.77319 ], [ 13.62846, 52.77342 ], [ 13.62831, 52.77371 ], [ 13.6285, 52.77376 ], [ 13.62928, 52.77371 ], [ 13.62975, 52.77357 ], [ 13.62979, 52.77333 ], [ 13.63011, 52.77303 ], [ 13.63005, 52.77215 ], [ 13.62974, 52.77215 ], [ 13.62955, 52.77209 ], [ 13.62945, 52.77198 ], [ 13.62934, 52.77139 ], [ 13.62877, 52.77044 ], [ 13.62845, 52.77053 ], [ 13.62796, 52.77053 ], [ 13.62757, 52.77036 ], [ 13.62751, 52.77097 ], [ 13.62707, 52.77093 ], [ 13.62669, 52.77074 ], [ 13.62641, 52.77064 ], [ 13.6263, 52.77065 ], [ 13.62627, 52.77079 ], [ 13.62613, 52.77092 ], [ 13.62622, 52.77111 ], [ 13.62575, 52.77126 ], [ 13.62552, 52.77129 ], [ 13.62538, 52.77137 ], [ 13.62513, 52.77189 ], [ 13.62548, 52.77185 ], [ 13.62594, 52.77188 ], [ 13.6265, 52.77208 ], [ 13.62664, 52.77215 ], [ 13.6268, 52.77241 ], [ 13.62693, 52.7725 ], [ 13.62692, 52.77263 ], [ 13.62646, 52.77301 ], [ 13.62603, 52.7732 ], [ 13.62595, 52.77329 ], [ 13.62512, 52.77338 ], [ 13.62466, 52.77322 ], [ 13.62463, 52.77324 ], [ 13.62526, 52.77356 ], [ 13.62575, 52.77355 ], [ 13.62642, 52.77336 ], [ 13.62703, 52.77297 ], [ 13.62691, 52.77294 ] ], [ [ 13.62843, 52.77152 ], [ 13.62842, 52.77206 ], [ 13.62834, 52.77215 ], [ 13.62817, 52.77222 ], [ 13.62771, 52.77221 ], [ 13.62758, 52.77216 ], [ 13.62747, 52.77206 ], [ 13.62745, 52.77153 ], [ 13.62753, 52.77139 ], [ 13.6277, 52.77131 ], [ 13.62821, 52.77128 ], [ 13.62836, 52.77137 ], [ 13.62843, 52.77152 ] ] ] } },
{ "type": "Feature", "properties": { "boden": "100 % kräftig, nass (OK2)" }, "geometry": { "type": "Polygon", "coordinates": [ [ [ 13.62727, 52.77273 ], [ 13.6271, 52.77268 ], [ 13.62692, 52.77272 ], [ 13.62684, 52.77283 ], [ 13.62691, 52.77294 ], [ 13.62703, 52.77297 ], [ 13.62731, 52.77279 ], [ 13.62727, 52.77273 ] ] ] } },
{ "type": "Feature", "properties": { "boden": "100 % mittel, trocken (vermutet) (MC3)" }, "geometry": { "type": "Polygon", "coordinates": [ [ [ 13.62007, 52.77386 ], [ 13.61995, 52.77371 ], [ 13.61959, 52.77372 ], [ 13.61944, 52.77386 ], [ 13.61923, 52.77389 ], [ 13.61911, 52.77402 ], [ 13.61899, 52.77433 ], [ 13.61905, 52.77438 ], [ 13.61918, 52.77438 ], [ 13.61993, 52.77417 ], [ 13.62, 52.77411 ], [ 13.62007, 52.77386 ] ] ] } },
{ "type": "Feature", "properties": { "boden": "100 % mittel, mäßig frisch (MC2)" }, "geometry": { "type": "Polygon", "coordinates": [ [ [ 13.62, 52.77411 ], [ 13.61959, 52.77428 ], [ 13.61918, 52.77438 ], [ 13.61905, 52.77438 ], [ 13.61899, 52.77433 ], [ 13.61911, 52.77402 ], [ 13.61923, 52.77389 ], [ 13.61944, 52.77386 ], [ 13.61959, 52.77372 ], [ 13.61995, 52.77371 ], [ 13.62007, 52.77386 ], [ 13.62016, 52.77348 ], [ 13.61996, 52.77349 ], [ 13.61987, 52.77354 ], [ 13.61965, 52.77352 ], [ 13.6193, 52.77366 ], [ 13.61874, 52.77416 ], [ 13.61827, 52.77574 ], [ 13.6196, 52.77571 ], [ 13.62, 52.77411 ] ] ] } },
{ "type": "Feature", "properties": { "boden": "60 % arm, trocken (vermutet) (A3) · 40 % ziemlich arm, trocken (vermutet) (Z3)" }, "geometry": { "type": "Polygon", "coordinates": [ [ [ 13.62237, 52.77503 ], [ 13.62232, 52.77547 ], [ 13.62216, 52.77546 ], [ 13.62237, 52.77553 ], [ 13.62256, 52.77546 ], [ 13.62271, 52.77523 ], [ 13.62263, 52.77513 ], [ 13.62237, 52.77503 ] ] ] } },
{ "type": "Feature", "properties": { "boden": "100 % mittel, mäßig frisch (M2)" }, "geometry": { "type": "Polygon", "coordinates": [ [ [ 13.64847, 52.75689 ], [ 13.64904, 52.75689 ], [ 13.64896, 52.75651 ], [ 13.65044, 52.75548 ], [ 13.65066, 52.75562 ], [ 13.65109, 52.75549 ], [ 13.65145, 52.75535 ], [ 13.65186, 52.75511 ], [ 13.65203, 52.75492 ], [ 13.65208, 52.75473 ], [ 13.65199, 52.7544 ], [ 13.65155, 52.75332 ], [ 13.65115, 52.75346 ], [ 13.64958, 52.75378 ], [ 13.64958, 52.75403 ], [ 13.64917, 52.75427 ], [ 13.64944, 52.75464 ], [ 13.6492, 52.75469 ], [ 13.64967, 52.75584 ], [ 13.64895, 52.75636 ], [ 13.64836, 52.75652 ], [ 13.6481, 52.75588 ], [ 13.64756, 52.75604 ], [ 13.64805, 52.75716 ], [ 13.64851, 52.75701 ], [ 13.64847, 52.75689 ] ] ] } },
{ "type": "Feature", "properties": { "boden": "100 % mittel, mäßig frisch (M2)" }, "geometry": { "type": "Polygon", "coordinates": [ [ [ 13.64805, 52.75716 ], [ 13.64813, 52.75733 ], [ 13.64862, 52.75729 ], [ 13.64851, 52.75701 ], [ 13.64805, 52.75716 ] ] ] } },
{ "type": "Feature", "properties": { "boden": "60 % ziemlich arm, mäßig frisch (Z2) · 40 % mittel, mäßig frisch (M2)" }, "geometry": { "type": "Polygon", "coordinates": [ [ [ 13.64754, 52.77509 ], [ 13.64745, 52.77536 ], [ 13.64758, 52.77542 ], [ 13.64822, 52.77541 ], [ 13.6483, 52.77513 ], [ 13.64754, 52.77509 ] ] ] } },
{ "type": "Feature", "properties": { "boden": "60 % mittel, mäßig frisch (M2) · 40 % mittel, mäßig frisch (M2)" }, "geometry": { "type": "Polygon", "coordinates": [ [ [ 13.6483, 52.77513 ], [ 13.64822, 52.77541 ], [ 13.64809, 52.77543 ], [ 13.64758, 52.77542 ], [ 13.64745, 52.77536 ], [ 13.64743, 52.77529 ], [ 13.64754, 52.77509 ], [ 13.64582, 52.77508 ], [ 13.64572, 52.77492 ], [ 13.64291, 52.77496 ], [ 13.64243, 52.77505 ], [ 13.64183, 52.7751 ], [ 13.64174, 52.77532 ], [ 13.64183, 52.77676 ], [ 13.64634, 52.78054 ], [ 13.64589, 52.77982 ], [ 13.64629, 52.77965 ], [ 13.64648, 52.77878 ], [ 13.64528, 52.77901 ], [ 13.64496, 52.77855 ], [ 13.64448, 52.77736 ], [ 13.64531, 52.77692 ], [ 13.64675, 52.77646 ], [ 13.64769, 52.77639 ], [ 13.6521, 52.77756 ], [ 13.6537, 52.77734 ], [ 13.65391, 52.77727 ], [ 13.65323, 52.77536 ], [ 13.65318, 52.77501 ], [ 13.65114, 52.77516 ], [ 13.65105, 52.77492 ], [ 13.65074, 52.77495 ], [ 13.65057, 52.7748 ], [ 13.65031, 52.77471 ], [ 13.64945, 52.77469 ], [ 13.64882, 52.77461 ], [ 13.64848, 52.7747 ], [ 13.64841, 52.77478 ], [ 13.64858, 52.77508 ], [ 13.64846, 52.77514 ], [ 13.6483, 52.77513 ] ] ] } },
{ "type": "Feature", "properties": { "boden": "60 % mittel, mäßig frisch (M2) · 40 % mittel, mäßig frisch (M2)" }, "geometry": { "type": "Polygon", "coordinates": [ [ [ 13.64753, 52.79024 ], [ 13.64852, 52.78997 ], [ 13.65007, 52.78976 ], [ 13.65177, 52.78943 ], [ 13.65397, 52.78927 ], [ 13.65544, 52.78904 ], [ 13.65686, 52.78899 ], [ 13.65773, 52.78901 ], [ 13.65767, 52.7886 ], [ 13.65739, 52.78786 ], [ 13.65766, 52.78779 ], [ 13.65723, 52.78668 ], [ 13.65728, 52.7866 ], [ 13.65724, 52.78653 ], [ 13.65715, 52.78651 ], [ 13.6565, 52.78465 ], [ 13.65627, 52.78426 ], [ 13.65632, 52.78417 ], [ 13.6561, 52.78368 ], [ 13.65601, 52.78324 ], [ 13.65573, 52.78275 ], [ 13.65534, 52.78151 ], [ 13.65497, 52.78063 ], [ 13.65492, 52.7802 ], [ 13.65462, 52.7802 ], [ 13.65452, 52.77995 ], [ 13.65417, 52.77994 ], [ 13.6536, 52.77964 ], [ 13.65355, 52.77949 ], [ 13.65386, 52.77941 ], [ 13.65437, 52.77937 ], [ 13.65412, 52.77874 ], [ 13.65211, 52.77919 ], [ 13.65106, 52.77936 ], [ 13.65131, 52.78003 ], [ 13.64751, 52.78052 ], [ 13.64735, 52.78037 ], [ 13.64634, 52.78054 ], [ 13.64599, 52.78024 ], [ 13.6459, 52.78033 ], [ 13.64373, 52.78069 ], [ 13.64328, 52.78061 ], [ 13.64259, 52.78063 ], [ 13.63995, 52.7811 ], [ 13.64067, 52.77974 ], [ 13.63931, 52.78003 ], [ 13.63939, 52.78051 ], [ 13.63594, 52.78112 ], [ 13.63536, 52.78029 ], [ 13.6335, 52.78031 ], [ 13.63352, 52.77993 ], [ 13.63212, 52.77983 ], [ 13.63116, 52.77984 ], [ 13.63072, 52.7799 ], [ 13.62935, 52.78023 ], [ 13.62901, 52.78025 ], [ 13.62878, 52.78052 ], [ 13.62869, 52.78075 ], [ 13.62872, 52.78107 ], [ 13.62965, 52.78091 ], [ 13.62999, 52.78091 ], [ 13.63051, 52.78101 ], [ 13.63085, 52.78116 ], [ 13.63118, 52.78142 ], [ 13.63138, 52.78168 ], [ 13.63147, 52.78198 ], [ 13.63114, 52.78264 ], [ 13.63112, 52.78286 ], [ 13.631, 52.783 ], [ 13.63063, 52.78325 ], [ 13.62915, 52.78387 ], [ 13.62979, 52.7843 ], [ 13.62979, 52.78454 ], [ 13.63035, 52.78472 ], [ 13.63186, 52.78489 ], [ 13.63198, 52.78531 ], [ 13.63163, 52.78632 ], [ 13.63224, 52.78674 ], [ 13.63358, 52.78721 ], [ 13.63575, 52.78743 ], [ 13.63603, 52.78751 ], [ 13.63622, 52.78761 ], [ 13.63633, 52.78797 ], [ 13.63622, 52.78894 ], [ 13.63639, 52.78915 ], [ 13.63667, 52.78934 ], [ 13.63729, 52.78953 ], [ 13.63762, 52.78955 ], [ 13.63909, 52.78934 ], [ 13.63975, 52.78921 ], [ 13.64004, 52.78911 ], [ 13.64019, 52.78887 ], [ 13.64016, 52.78866 ], [ 13.6395, 52.78769 ], [ 13.63934, 52.78736 ], [ 13.63934, 52.78713 ], [ 13.63956, 52.78689 ], [ 13.63981, 52.78676 ], [ 13.64116, 52.78652 ], [ 13.64216, 52.7865 ], [ 13.64272, 52.78666 ], [ 13.64346, 52.78723 ], [ 13.64427, 52.78775 ], [ 13.6453, 52.78818 ], [ 13.64568, 52.78838 ], [ 13.64591, 52.78857 ], [ 13.64599, 52.78881 ], [ 13.64595, 52.78899 ], [ 13.64581, 52.78915 ], [ 13.6455, 52.78932 ], [ 13.64499, 52.78947 ], [ 13.64487, 52.78959 ], [ 13.64488, 52.78984 ], [ 13.64503, 52.78999 ], [ 13.64553, 52.79024 ], [ 13.64625, 52.79037 ], [ 13.64753, 52.79024 ] ], [ [ 13.64613, 52.78549 ], [ 13.64612, 52.78576 ], [ 13.64589, 52.7859 ], [ 13.64538, 52.78592 ], [ 13.64516, 52.78578 ], [ 13.64513, 52.78548 ], [ 13.64527, 52.78536 ], [ 13.64595, 52.78533 ], [ 13.64606, 52.78538 ], [ 13.64613, 52.78549 ] ], [ [ 13.63253, 52.78406 ], [ 13.63262, 52.78434 ], [ 13.63256, 52.78444 ], [ 13.63237, 52.78451 ], [ 13.63219, 52.78452 ], [ 13.632, 52.78446 ], [ 13.63192, 52.78418 ], [ 13.63202, 52.78408 ], [ 13.63243, 52.78404 ], [ 13.63253, 52.78406 ] ] ] } },
{ "type": "Feature", "properties": { "boden": "60 % ziemlich arm, mäßig frisch (Z2) · 40 % mittel, mäßig frisch (M2)" }, "geometry": { "type": "Polygon", "coordinates": [ [ [ 13.64595, 52.78533 ], [ 13.64527, 52.78536 ], [ 13.64513, 52.78548 ], [ 13.64516, 52.78578 ], [ 13.64525, 52.78587 ], [ 13.64538, 52.78592 ], [ 13.64589, 52.7859 ], [ 13.64603, 52.78584 ], [ 13.64612, 52.78576 ], [ 13.64613, 52.78549 ], [ 13.64606, 52.78538 ], [ 13.64595, 52.78533 ] ] ] } },
{ "type": "Feature", "properties": { "boden": "100 % ziemlich arm, mäßig frisch (Z2)" }, "geometry": { "type": "Polygon", "coordinates": [ [ [ 13.64196, 52.79113 ], [ 13.64241, 52.79122 ], [ 13.64281, 52.7912 ], [ 13.64467, 52.79077 ], [ 13.64634, 52.79051 ], [ 13.6467, 52.79035 ], [ 13.64625, 52.79037 ], [ 13.64553, 52.79024 ], [ 13.64503, 52.78999 ], [ 13.64488, 52.78984 ], [ 13.64487, 52.78959 ], [ 13.64499, 52.78947 ], [ 13.6455, 52.78932 ], [ 13.64581, 52.78915 ], [ 13.64595, 52.78899 ], [ 13.64598, 52.7887 ], [ 13.64568, 52.78838 ], [ 13.64427, 52.78775 ], [ 13.64346, 52.78723 ], [ 13.64272, 52.78666 ], [ 13.64216, 52.7865 ], [ 13.64184, 52.78648 ], [ 13.64116, 52.78652 ], [ 13.63981, 52.78676 ], [ 13.63956, 52.78689 ], [ 13.63934, 52.78713 ], [ 13.63934, 52.78736 ], [ 13.6395, 52.78769 ], [ 13.64016, 52.78866 ], [ 13.64019, 52.78887 ], [ 13.64004, 52.78911 ], [ 13.63975, 52.78921 ], [ 13.63909, 52.78934 ], [ 13.63762, 52.78955 ], [ 13.63729, 52.78953 ], [ 13.63697, 52.78945 ], [ 13.63667, 52.78934 ], [ 13.63639, 52.78915 ], [ 13.63632, 52.7898 ], [ 13.63611, 52.7906 ], [ 13.63582, 52.79119 ], [ 13.63639, 52.7909 ], [ 13.63779, 52.79042 ], [ 13.63824, 52.79038 ], [ 13.63862, 52.79041 ], [ 13.64006, 52.79076 ], [ 13.64113, 52.79084 ], [ 13.64196, 52.79113 ] ] ] } },
{ "type": "Feature", "properties": { "boden": "100 % mittel, mäßig frisch (M2)" }, "geometry": { "type": "Polygon", "coordinates": [ [ [ 13.65194, 52.79035 ], [ 13.65236, 52.79046 ], [ 13.65265, 52.7903 ], [ 13.65339, 52.79019 ], [ 13.65354, 52.79027 ], [ 13.65357, 52.79038 ], [ 13.65324, 52.79061 ], [ 13.6532, 52.79072 ], [ 13.65325, 52.79084 ], [ 13.6535, 52.79091 ], [ 13.65525, 52.79085 ], [ 13.65554, 52.79078 ], [ 13.65558, 52.79066 ], [ 13.65527, 52.79021 ], [ 13.65499, 52.79015 ], [ 13.65476, 52.78987 ], [ 13.65447, 52.78987 ], [ 13.65434, 52.78982 ], [ 13.65399, 52.78952 ], [ 13.65445, 52.78951 ], [ 13.65454, 52.78941 ], [ 13.65469, 52.78937 ], [ 13.65631, 52.78939 ], [ 13.65714, 52.78945 ], [ 13.65728, 52.78952 ], [ 13.65775, 52.7895 ], [ 13.65796, 52.78943 ], [ 13.65773, 52.78901 ], [ 13.65686, 52.78899 ], [ 13.65544, 52.78904 ], [ 13.65397, 52.78927 ], [ 13.65177, 52.78943 ], [ 13.65007, 52.78976 ], [ 13.64852, 52.78997 ], [ 13.64753, 52.79024 ], [ 13.6467, 52.79035 ], [ 13.64634, 52.79051 ], [ 13.64467, 52.79077 ], [ 13.64399, 52.79091 ], [ 13.6448, 52.79078 ], [ 13.64537, 52.7909 ], [ 13.64575, 52.79091 ], [ 13.64669, 52.79073 ], [ 13.64825, 52.79067 ], [ 13.6499, 52.79048 ], [ 13.65073, 52.79033 ], [ 13.6511, 52.79033 ], [ 13.65137, 52.79018 ], [ 13.65158, 52.79014 ], [ 13.65189, 52.79016 ], [ 13.652, 52.79023 ], [ 13.65194, 52.79035 ] ] ] } },
{ "type": "Feature", "properties": { "boden": "100 % arm, trocken (vermutet) (A3)" }, "geometry": { "type": "Polygon", "coordinates": [ [ [ 13.65193, 52.79034 ], [ 13.65157, 52.79033 ], [ 13.65121, 52.79037 ], [ 13.65015, 52.79061 ], [ 13.64753, 52.79109 ], [ 13.64879, 52.79093 ], [ 13.65041, 52.79084 ], [ 13.65118, 52.79061 ], [ 13.6517, 52.7905 ], [ 13.65193, 52.79034 ] ] ] } },
{ "type": "Feature", "properties": { "boden": "100 % mittel, trocken (vermutet) (M3)" }, "geometry": { "type": "Polygon", "coordinates": [ [ [ 13.64721, 52.79115 ], [ 13.65015, 52.79061 ], [ 13.65121, 52.79037 ], [ 13.65157, 52.79033 ], [ 13.65194, 52.79035 ], [ 13.65198, 52.7902 ], [ 13.65158, 52.79014 ], [ 13.65137, 52.79018 ], [ 13.6511, 52.79033 ], [ 13.65073, 52.79033 ], [ 13.6499, 52.79048 ], [ 13.64825, 52.79067 ], [ 13.64669, 52.79073 ], [ 13.64575, 52.79091 ], [ 13.64537, 52.7909 ], [ 13.6449, 52.79079 ], [ 13.64465, 52.79078 ], [ 13.64305, 52.79115 ], [ 13.64305, 52.7912 ], [ 13.64327, 52.79126 ], [ 13.64414, 52.79121 ], [ 13.6461, 52.79124 ], [ 13.64721, 52.79115 ] ] ] } },
{ "type": "Feature", "properties": { "boden": "100 % kräftig, nass (OK2)" }, "geometry": { "type": "Polygon", "coordinates": [ [ [ 13.63048, 52.77368 ], [ 13.63059, 52.77376 ], [ 13.63109, 52.77373 ], [ 13.63171, 52.77359 ], [ 13.63211, 52.77335 ], [ 13.63321, 52.77305 ], [ 13.63418, 52.77288 ], [ 13.63594, 52.7723 ], [ 13.63609, 52.77209 ], [ 13.63597, 52.77169 ], [ 13.63517, 52.77069 ], [ 13.63477, 52.76975 ], [ 13.63489, 52.76946 ], [ 13.63375, 52.76899 ], [ 13.63336, 52.76935 ], [ 13.6338, 52.7698 ], [ 13.63401, 52.77022 ], [ 13.63403, 52.7704 ], [ 13.63395, 52.77061 ], [ 13.63349, 52.77098 ], [ 13.63345, 52.77134 ], [ 13.63318, 52.77159 ], [ 13.633, 52.77193 ], [ 13.63273, 52.7722 ], [ 13.63159, 52.77288 ], [ 13.63151, 52.77288 ], [ 13.63047, 52.77341 ], [ 13.62978, 52.77369 ], [ 13.62989, 52.77384 ], [ 13.63048, 52.77368 ] ] ] } },
{ "type": "Feature", "properties": { "boden": "100 % kräftig, nass (OK2)" }, "geometry": { "type": "Polygon", "coordinates": [ [ [ 13.62821, 52.77128 ], [ 13.6277, 52.77131 ], [ 13.62753, 52.77139 ], [ 13.62745, 52.77153 ], [ 13.62747, 52.77206 ], [ 13.62771, 52.77221 ], [ 13.62817, 52.77222 ], [ 13.62834, 52.77215 ], [ 13.62842, 52.77206 ], [ 13.62843, 52.77152 ], [ 13.62836, 52.77137 ], [ 13.62821, 52.77128 ] ] ] } },
{ "type": "Feature", "properties": { "boden": "100 % ziemlich arm, mäßig frisch (Z2)" }, "geometry": { "type": "Polygon", "coordinates": [ [ [ 13.62944, 52.7767 ], [ 13.62918, 52.77693 ], [ 13.62963, 52.77716 ], [ 13.62944, 52.7767 ] ] ] } },
{ "type": "Feature", "properties": { "boden": "100 % ziemlich arm, trocken (vermutet) (Z3)" }, "geometry": { "type": "Polygon", "coordinates": [ [ [ 13.62963, 52.77716 ], [ 13.62918, 52.77693 ], [ 13.62941, 52.77676 ], [ 13.62941, 52.77662 ], [ 13.62879, 52.77656 ], [ 13.62879, 52.77674 ], [ 13.62891, 52.77686 ], [ 13.62885, 52.77703 ], [ 13.62902, 52.77729 ], [ 13.62906, 52.77723 ], [ 13.62955, 52.77723 ], [ 13.62967, 52.77727 ], [ 13.62963, 52.77716 ] ] ] } },
{ "type": "Feature", "properties": { "boden": "100 % ziemlich arm, trocken (vermutet) (Z3)" }, "geometry": { "type": "Polygon", "coordinates": [ [ [ 13.62829, 52.77699 ], [ 13.62804, 52.77704 ], [ 13.62799, 52.77713 ], [ 13.62821, 52.77734 ], [ 13.62824, 52.77756 ], [ 13.62844, 52.77762 ], [ 13.62845, 52.77746 ], [ 13.62831, 52.77732 ], [ 13.62843, 52.77707 ], [ 13.62829, 52.77699 ] ] ] } },
{ "type": "Feature", "properties": { "boden": "100 % ziemlich arm, mäßig frisch (Z2)" }, "geometry": { "type": "Polygon", "coordinates": [ [ [ 13.63159, 52.77702 ], [ 13.62978, 52.77713 ], [ 13.62991, 52.77783 ], [ 13.63161, 52.77759 ], [ 13.63159, 52.77702 ] ] ] } },
{ "type": "Feature", "properties": { "boden": "100 % ziemlich arm, trocken (vermutet) (Z3)" }, "geometry": { "type": "Polygon", "coordinates": [ [ [ 13.62967, 52.77727 ], [ 13.62955, 52.77723 ], [ 13.62906, 52.77723 ], [ 13.62898, 52.77734 ], [ 13.62906, 52.77769 ], [ 13.62953, 52.77747 ], [ 13.6297, 52.77734 ], [ 13.62967, 52.77727 ] ] ] } },
{ "type": "Feature", "properties": { "boden": "100 % ziemlich arm, mäßig frisch (Z2)" }, "geometry": { "type": "Polygon", "coordinates": [ [ [ 13.6297, 52.77734 ], [ 13.6291, 52.77769 ], [ 13.62903, 52.77768 ], [ 13.62906, 52.77761 ], [ 13.62899, 52.77753 ], [ 13.62899, 52.77783 ], [ 13.6291, 52.77794 ], [ 13.62977, 52.77786 ], [ 13.6297, 52.77734 ] ] ] } },
{ "type": "Feature", "properties": { "boden": "100 % ziemlich arm, mäßig frisch (Z2)" }, "geometry": { "type": "Polygon", "coordinates": [ [ [ 13.62676, 52.779 ], [ 13.62644, 52.77893 ], [ 13.62635, 52.77887 ], [ 13.62633, 52.77876 ], [ 13.62646, 52.77868 ], [ 13.62712, 52.77854 ], [ 13.62769, 52.7785 ], [ 13.62824, 52.77852 ], [ 13.62838, 52.7786 ], [ 13.62829, 52.77882 ], [ 13.62922, 52.77866 ], [ 13.62894, 52.77795 ], [ 13.6291, 52.77794 ], [ 13.62899, 52.77783 ], [ 13.62902, 52.77724 ], [ 13.62885, 52.77703 ], [ 13.62891, 52.77686 ], [ 13.62879, 52.77674 ], [ 13.62879, 52.77656 ], [ 13.62837, 52.7765 ], [ 13.62764, 52.77665 ], [ 13.62766, 52.77687 ], [ 13.62759, 52.77709 ], [ 13.62727, 52.77763 ], [ 13.62681, 52.77789 ], [ 13.62752, 52.77808 ], [ 13.62764, 52.77818 ], [ 13.62739, 52.77826 ], [ 13.62687, 52.77827 ], [ 13.62635, 52.77843 ], [ 13.62602, 52.77871 ], [ 13.6259, 52.779 ], [ 13.62673, 52.77914 ], [ 13.62721, 52.77903 ], [ 13.62676, 52.779 ] ], [ [ 13.62841, 52.77702 ], [ 13.62842, 52.77719 ], [ 13.62831, 52.77732 ], [ 13.62845, 52.77746 ], [ 13.62844, 52.77762 ], [ 13.62824, 52.77756 ], [ 13.62821, 52.77734 ], [ 13.62799, 52.77713 ], [ 13.62813, 52.77701 ], [ 13.62829, 52.77699 ], [ 13.62841, 52.77702 ] ] ] } },
{ "type": "Feature", "properties": { "boden": "100 % ziemlich arm, trocken (vermutet) (Z3)" }, "geometry": { "type": "Polygon", "coordinates": [ [ [ 13.6283, 52.77881 ], [ 13.62838, 52.7786 ], [ 13.62833, 52.77855 ], [ 13.62808, 52.7785 ], [ 13.62769, 52.7785 ], [ 13.6268, 52.77859 ], [ 13.62646, 52.77868 ], [ 13.62633, 52.77876 ], [ 13.62633, 52.77884 ], [ 13.62644, 52.77893 ], [ 13.62661, 52.77898 ], [ 13.62721, 52.77903 ], [ 13.6283, 52.77881 ] ] ] } },
{ "type": "Feature", "properties": { "boden": "60 % arm, trocken (vermutet) (A3) · 40 % ziemlich arm, trocken (vermutet) (Z3)" }, "geometry": { "type": "Polygon", "coordinates": [ [ [ 13.62004, 52.77605 ], [ 13.61932, 52.77592 ], [ 13.61921, 52.77603 ], [ 13.61881, 52.77602 ], [ 13.61856, 52.77612 ], [ 13.61863, 52.77616 ], [ 13.61924, 52.77622 ], [ 13.61953, 52.77634 ], [ 13.62004, 52.77636 ], [ 13.62018, 52.77626 ], [ 13.62019, 52.77612 ], [ 13.62004, 52.77605 ] ] ] } },
{ "type": "Feature", "properties": { "boden": "100 % ziemlich arm, mäßig frisch (Z2)" }, "geometry": { "type": "Polygon", "coordinates": [ [ [ 13.62505, 52.77641 ], [ 13.62456, 52.77635 ], [ 13.62416, 52.77655 ], [ 13.62416, 52.77661 ], [ 13.62455, 52.77652 ], [ 13.62506, 52.77656 ], [ 13.62505, 52.77641 ] ] ] } },
{ "type": "Feature", "properties": { "boden": "100 % ziemlich arm, mäßig frisch (Z2)" }, "geometry": { "type": "Polygon", "coordinates": [ [ [ 13.62505, 52.77641 ], [ 13.62506, 52.77656 ], [ 13.62552, 52.77663 ], [ 13.62607, 52.77654 ], [ 13.62505, 52.77641 ] ] ] } },
{ "type": "Feature", "properties": { "boden": "60 % arm, mäßig frisch (A2) · 40 % ziemlich arm, mäßig frisch (Z2)" }, "geometry": { "type": "Polygon", "coordinates": [ [ [ 13.61605, 52.7768 ], [ 13.61639, 52.77691 ], [ 13.61656, 52.77708 ], [ 13.61662, 52.77721 ], [ 13.61646, 52.77732 ], [ 13.61628, 52.77731 ], [ 13.61607, 52.77721 ], [ 13.61588, 52.77687 ], [ 13.616, 52.7768 ], [ 13.6159, 52.7768 ], [ 13.6158, 52.77668 ], [ 13.61593, 52.77646 ], [ 13.61588, 52.77631 ], [ 13.61597, 52.77619 ], [ 13.61664, 52.77601 ], [ 13.61684, 52.776 ], [ 13.6171, 52.77606 ], [ 13.61756, 52.77627 ], [ 13.61831, 52.77639 ], [ 13.61897, 52.77644 ], [ 13.61926, 52.77652 ], [ 13.62009, 52.77654 ], [ 13.62102, 52.77677 ], [ 13.62128, 52.7768 ], [ 13.62142, 52.7768 ], [ 13.62134, 52.77673 ], [ 13.62135, 52.77646 ], [ 13.62143, 52.77636 ], [ 13.62156, 52.77632 ], [ 13.62196, 52.77631 ], [ 13.62215, 52.77637 ], [ 13.62224, 52.77647 ], [ 13.62223, 52.77681 ], [ 13.62276, 52.77681 ], [ 13.6229, 52.77725 ], [ 13.62307, 52.77689 ], [ 13.62327, 52.77686 ], [ 13.62368, 52.77611 ], [ 13.62287, 52.7759 ], [ 13.62316, 52.77519 ], [ 13.62246, 52.77505 ], [ 13.62263, 52.77513 ], [ 13.6227, 52.77529 ], [ 13.62256, 52.77546 ], [ 13.62237, 52.77553 ], [ 13.62216, 52.77546 ], [ 13.62172, 52.77543 ], [ 13.62173, 52.77517 ], [ 13.62141, 52.77514 ], [ 13.62134, 52.77554 ], [ 13.62051, 52.77545 ], [ 13.62065, 52.7747 ], [ 13.62048, 52.77469 ], [ 13.62042, 52.77481 ], [ 13.62029, 52.77479 ], [ 13.6202, 52.7753 ], [ 13.61995, 52.77527 ], [ 13.61983, 52.77572 ], [ 13.61764, 52.77572 ], [ 13.61652, 52.77586 ], [ 13.61574, 52.77575 ], [ 13.61493, 52.77528 ], [ 13.61502, 52.77595 ], [ 13.61495, 52.77765 ], [ 13.61661, 52.77796 ], [ 13.617, 52.77819 ], [ 13.61723, 52.77821 ], [ 13.61764, 52.77804 ], [ 13.61791, 52.77798 ], [ 13.61818, 52.77809 ], [ 13.61892, 52.77763 ], [ 13.61861, 52.77758 ], [ 13.61831, 52.77741 ], [ 13.61807, 52.7771 ], [ 13.61759, 52.77692 ], [ 13.61689, 52.77677 ], [ 13.61655, 52.77677 ], [ 13.61651, 52.7767 ], [ 13.61605, 52.7768 ] ], [ [ 13.62013, 52.77608 ], [ 13.62018, 52.77626 ], [ 13.61992, 52.77638 ], [ 13.61953, 52.77634 ], [ 13.61924, 52.77622 ], [ 13.61863, 52.77616 ], [ 13.61856, 52.77612 ], [ 13.61881, 52.77602 ], [ 13.61921, 52.77603 ], [ 13.61937, 52.77591 ], [ 13.62013, 52.77608 ] ] ] } },
{ "type": "Feature", "properties": { "boden": "60 % arm, mäßig frisch (A2) · 40 % ziemlich arm, mäßig frisch (Z2)" }, "geometry": { "type": "Polygon", "coordinates": [ [ [ 13.62172, 52.77682 ], [ 13.62182, 52.77674 ], [ 13.62223, 52.77681 ], [ 13.62224, 52.77647 ], [ 13.62215, 52.77637 ], [ 13.62196, 52.77631 ], [ 13.62156, 52.77632 ], [ 13.62143, 52.77636 ], [ 13.62135, 52.77646 ], [ 13.62134, 52.77673 ], [ 13.62142, 52.7768 ], [ 13.62172, 52.77682 ] ] ] } },
{ "type": "Feature", "properties": { "boden": "100 % ziemlich arm, trocken (vermutet) (Z3)" }, "geometry": { "type": "Polygon", "coordinates": [ [ [ 13.62506, 52.77656 ], [ 13.6244, 52.77654 ], [ 13.62416, 52.77661 ], [ 13.62418, 52.77668 ], [ 13.6244, 52.77675 ], [ 13.62481, 52.77674 ], [ 13.62506, 52.77663 ], [ 13.62506, 52.77656 ] ] ] } },
{ "type": "Feature", "properties": { "boden": "60 % arm, mäßig frisch (A2) · 40 % ziemlich arm, mäßig frisch (Z2)" }, "geometry": { "type": "Polygon", "coordinates": [ [ [ 13.62172, 52.77682 ], [ 13.62102, 52.77677 ], [ 13.62009, 52.77654 ], [ 13.61926, 52.77652 ], [ 13.61897, 52.77644 ], [ 13.61831, 52.77639 ], [ 13.61756, 52.77627 ], [ 13.61805, 52.77639 ], [ 13.6192, 52.77654 ], [ 13.62008, 52.7766 ], [ 13.62096, 52.77681 ], [ 13.6213, 52.77697 ], [ 13.62172, 52.77682 ] ] ] } },
{ "type": "Feature", "properties": { "boden": "100 % ziemlich arm, trocken (vermutet) (Z3)" }, "geometry": { "type": "Polygon", "coordinates": [ [ [ 13.62607, 52.77654 ], [ 13.62564, 52.77663 ], [ 13.62506, 52.77656 ], [ 13.62499, 52.7767 ], [ 13.62481, 52.77674 ], [ 13.6244, 52.77675 ], [ 13.62418, 52.77668 ], [ 13.62416, 52.77661 ], [ 13.6238, 52.7768 ], [ 13.62352, 52.77687 ], [ 13.62341, 52.77696 ], [ 13.6234, 52.77708 ], [ 13.6237, 52.77731 ], [ 13.62386, 52.77735 ], [ 13.62404, 52.77755 ], [ 13.62427, 52.77759 ], [ 13.62503, 52.77727 ], [ 13.6256, 52.77714 ], [ 13.6262, 52.77691 ], [ 13.62642, 52.77677 ], [ 13.62649, 52.7766 ], [ 13.62607, 52.77654 ] ] ] } },
{ "type": "Feature", "properties": { "boden": "60 % arm, trocken (vermutet) (A3) · 40 % ziemlich arm, trocken (vermutet) (Z3)" }, "geometry": { "type": "Polygon", "coordinates": [ [ [ 13.61602, 52.7768 ], [ 13.61588, 52.77687 ], [ 13.61607, 52.77721 ], [ 13.61628, 52.77731 ], [ 13.61646, 52.77732 ], [ 13.61662, 52.77721 ], [ 13.61656, 52.77708 ], [ 13.61625, 52.77683 ], [ 13.61602, 52.7768 ] ] ] } },
{ "type": "Feature", "properties": { "boden": "100 % ziemlich arm, mäßig frisch (Z2)" }, "geometry": { "type": "Polygon", "coordinates": [ [ [ 13.62632, 52.77705 ], [ 13.62674, 52.77691 ], [ 13.62688, 52.77665 ], [ 13.62648, 52.7766 ], [ 13.62642, 52.77677 ], [ 13.6262, 52.77691 ], [ 13.6256, 52.77714 ], [ 13.62503, 52.77727 ], [ 13.62449, 52.77753 ], [ 13.62427, 52.77759 ], [ 13.6241, 52.77758 ], [ 13.62386, 52.77735 ], [ 13.62346, 52.77715 ], [ 13.62339, 52.77702 ], [ 13.62352, 52.77687 ], [ 13.6238, 52.7768 ], [ 13.62416, 52.77661 ], [ 13.62416, 52.77655 ], [ 13.62318, 52.77691 ], [ 13.62292, 52.77735 ], [ 13.62297, 52.7775 ], [ 13.62293, 52.77755 ], [ 13.62353, 52.77789 ], [ 13.62433, 52.77784 ], [ 13.62449, 52.77778 ], [ 13.62487, 52.77747 ], [ 13.62542, 52.77728 ], [ 13.62584, 52.77708 ], [ 13.62621, 52.777 ], [ 13.62632, 52.77705 ] ] ] } },
{ "type": "Feature", "properties": { "boden": "100 % ziemlich arm, mäßig frisch (Z2)" }, "geometry": { "type": "Polygon", "coordinates": [ [ [ 13.62621, 52.777 ], [ 13.62584, 52.77708 ], [ 13.62542, 52.77728 ], [ 13.62487, 52.77747 ], [ 13.62441, 52.77783 ], [ 13.62353, 52.77789 ], [ 13.62435, 52.7779 ], [ 13.62435, 52.778 ], [ 13.62455, 52.77801 ], [ 13.6248, 52.77797 ], [ 13.62494, 52.77789 ], [ 13.62515, 52.77785 ], [ 13.62564, 52.77742 ], [ 13.62557, 52.77732 ], [ 13.62586, 52.77711 ], [ 13.62621, 52.777 ] ] ] } },
{ "type": "Feature", "properties": { "boden": "100 % arm, trocken (vermutet) (A3)" }, "geometry": { "type": "Polygon", "coordinates": [ [ [ 13.62187, 52.77784 ], [ 13.62162, 52.77768 ], [ 13.62121, 52.77765 ], [ 13.62114, 52.77766 ], [ 13.62126, 52.77774 ], [ 13.62124, 52.77784 ], [ 13.62091, 52.7778 ], [ 13.62081, 52.77783 ], [ 13.62078, 52.77791 ], [ 13.62114, 52.77796 ], [ 13.62132, 52.77794 ], [ 13.62144, 52.77784 ], [ 13.62153, 52.77786 ], [ 13.62159, 52.778 ], [ 13.62181, 52.77801 ], [ 13.62193, 52.77796 ], [ 13.62187, 52.77784 ] ] ] } },
{ "type": "Feature", "properties": { "boden": "100 % ziemlich arm, mäßig frisch (Z2)" }, "geometry": { "type": "Polygon", "coordinates": [ [ [ 13.62669, 52.77802 ], [ 13.62713, 52.77812 ], [ 13.62687, 52.77827 ], [ 13.62739, 52.77826 ], [ 13.62764, 52.77818 ], [ 13.62752, 52.77808 ], [ 13.62681, 52.77789 ], [ 13.62669, 52.77802 ] ] ] } },
{ "type": "Feature", "properties": { "boden": "100 % arm, mäßig frisch (A2)" }, "geometry": { "type": "Polygon", "coordinates": [ [ [ 13.62288, 52.77762 ], [ 13.62258, 52.77774 ], [ 13.62206, 52.77778 ], [ 13.62156, 52.77756 ], [ 13.62081, 52.77757 ], [ 13.62025, 52.77789 ], [ 13.62033, 52.77812 ], [ 13.6205, 52.77811 ], [ 13.6208, 52.77818 ], [ 13.62085, 52.77826 ], [ 13.6211, 52.77823 ], [ 13.62143, 52.77839 ], [ 13.6214, 52.77851 ], [ 13.62174, 52.77853 ], [ 13.62248, 52.77845 ], [ 13.62288, 52.77762 ] ], [ [ 13.62191, 52.77798 ], [ 13.62159, 52.778 ], [ 13.62153, 52.77786 ], [ 13.62144, 52.77784 ], [ 13.62132, 52.77794 ], [ 13.62114, 52.77796 ], [ 13.62081, 52.77793 ], [ 13.62078, 52.77788 ], [ 13.62091, 52.7778 ], [ 13.62124, 52.77784 ], [ 13.62126, 52.77774 ], [ 13.62114, 52.77766 ], [ 13.62139, 52.77765 ], [ 13.62176, 52.77774 ], [ 13.62187, 52.77784 ], [ 13.62191, 52.77798 ] ] ] } },
{ "type": "Feature", "properties": { "boden": "60 % mittel, trocken (vermutet) (M3) · 40 % mittel, trocken (vermutet) (M3)" }, "geometry": { "type": "Polygon", "coordinates": [ [ [ 13.61714, 52.77976 ], [ 13.61701, 52.77979 ], [ 13.61705, 52.77986 ], [ 13.61787, 52.78031 ], [ 13.61814, 52.78039 ], [ 13.61838, 52.78038 ], [ 13.61833, 52.78015 ], [ 13.61822, 52.78002 ], [ 13.61785, 52.77988 ], [ 13.61714, 52.77976 ] ] ] } },
{ "type": "Feature", "properties": { "boden": "100 % mittel, mäßig frisch (M2)" }, "geometry": { "type": "Polygon", "coordinates": [ [ [ 13.62442, 52.78069 ], [ 13.62462, 52.78071 ], [ 13.62458, 52.7801 ], [ 13.62419, 52.77978 ], [ 13.62316, 52.77949 ], [ 13.62323, 52.77964 ], [ 13.62285, 52.78035 ], [ 13.62391, 52.78128 ], [ 13.62393, 52.78241 ], [ 13.62426, 52.78196 ], [ 13.62415, 52.78171 ], [ 13.62508, 52.78159 ], [ 13.62513, 52.78105 ], [ 13.62436, 52.78102 ], [ 13.62442, 52.78069 ] ] ] } },
{ "type": "Feature", "properties": { "boden": "100 % mittel, mäßig frisch (M2)" }, "geometry": { "type": "Polygon", "coordinates": [ [ [ 13.62383, 52.78204 ], [ 13.62348, 52.78217 ], [ 13.62379, 52.78231 ], [ 13.62383, 52.78204 ] ] ] } },
{ "type": "Feature", "properties": { "boden": "60 % mittel, mäßig frisch (M2) · 40 % mittel, mäßig frisch (M2)" }, "geometry": { "type": "Polygon", "coordinates": [ [ [ 13.6186, 52.7828 ], [ 13.61812, 52.78282 ], [ 13.61805, 52.78288 ], [ 13.61811, 52.78317 ], [ 13.61833, 52.78325 ], [ 13.61874, 52.78326 ], [ 13.61888, 52.78323 ], [ 13.61893, 52.78306 ], [ 13.61882, 52.7829 ], [ 13.6186, 52.7828 ] ] ] } },
{ "type": "Feature", "properties": { "boden": "60 % mittel, trocken (vermutet) (M3) · 40 % mittel, trocken (vermutet) (M3)" }, "geometry": { "type": "Polygon", "coordinates": [ [ [ 13.61903, 52.78356 ], [ 13.61835, 52.78384 ], [ 13.61912, 52.78412 ], [ 13.61945, 52.78416 ], [ 13.61952, 52.7841 ], [ 13.61953, 52.78391 ], [ 13.61938, 52.78362 ], [ 13.61903, 52.78356 ] ] ] } },
{ "type": "Feature", "properties": { "boden": "60 % mittel, mäßig frisch (M2) · 40 % mittel, mäßig frisch (M2)" }, "geometry": { "type": "Polygon", "coordinates": [ [ [ 13.61741, 52.78471 ], [ 13.61743, 52.78439 ], [ 13.61819, 52.78449 ], [ 13.61873, 52.78472 ], [ 13.61898, 52.78475 ], [ 13.61923, 52.78486 ], [ 13.61934, 52.78476 ], [ 13.61962, 52.78481 ], [ 13.61968, 52.78469 ], [ 13.61994, 52.78458 ], [ 13.6192, 52.78468 ], [ 13.61861, 52.78441 ], [ 13.61774, 52.78414 ], [ 13.61756, 52.78398 ], [ 13.61722, 52.78382 ], [ 13.61675, 52.78385 ], [ 13.61665, 52.78396 ], [ 13.61728, 52.78446 ], [ 13.61741, 52.78471 ] ] ] } },
{ "type": "Feature", "properties": { "boden": "100 % ziemlich arm, frisch (Z1)" }, "geometry": { "type": "Polygon", "coordinates": [ [ [ 13.6554, 52.75081 ], [ 13.65533, 52.75107 ], [ 13.6551, 52.75116 ], [ 13.65494, 52.75114 ], [ 13.65453, 52.75072 ], [ 13.6541, 52.75044 ], [ 13.65395, 52.75056 ], [ 13.65373, 52.7506 ], [ 13.65432, 52.751 ], [ 13.65441, 52.75115 ], [ 13.65437, 52.75129 ], [ 13.65392, 52.75164 ], [ 13.65304, 52.75209 ], [ 13.65454, 52.75184 ], [ 13.65463, 52.75169 ], [ 13.65512, 52.75137 ], [ 13.65528, 52.75145 ], [ 13.65582, 52.75112 ], [ 13.65583, 52.75099 ], [ 13.65575, 52.75102 ], [ 13.6557, 52.75041 ], [ 13.65549, 52.75029 ], [ 13.6555, 52.75008 ], [ 13.65567, 52.74989 ], [ 13.65567, 52.74978 ], [ 13.65516, 52.74982 ], [ 13.6554, 52.75081 ] ] ] } },
{ "type": "Feature", "properties": { "boden": "100 % mittel, mäßig frisch (M2)" }, "geometry": { "type": "Polygon", "coordinates": [ [ [ 13.66632, 52.75437 ], [ 13.66645, 52.7545 ], [ 13.66652, 52.75205 ], [ 13.66515, 52.75252 ], [ 13.66279, 52.75342 ], [ 13.66447, 52.75507 ], [ 13.66632, 52.75437 ] ] ] } },
{ "type": "Feature", "properties": { "boden": "100 % ziemlich arm, mäßig frisch (Z2)" }, "geometry": { "type": "Polygon", "coordinates": [ [ [ 13.66481, 52.77133 ], [ 13.66101, 52.77137 ], [ 13.66136, 52.77319 ], [ 13.66214, 52.77331 ], [ 13.66221, 52.77307 ], [ 13.66235, 52.77288 ], [ 13.66262, 52.7727 ], [ 13.6633, 52.77243 ], [ 13.66412, 52.77222 ], [ 13.66494, 52.77194 ], [ 13.66555, 52.77162 ], [ 13.66589, 52.77138 ], [ 13.66481, 52.77133 ] ] ] } },
{ "type": "Feature", "properties": { "boden": "100 % mittel, mäßig frisch (M2)" }, "geometry": { "type": "Polygon", "coordinates": [ [ [ 13.66589, 52.77138 ], [ 13.66555, 52.77162 ], [ 13.66494, 52.77194 ], [ 13.66412, 52.77222 ], [ 13.6633, 52.77243 ], [ 13.66262, 52.7727 ], [ 13.66235, 52.77288 ], [ 13.66221, 52.77307 ], [ 13.66214, 52.77331 ], [ 13.66458, 52.7737 ], [ 13.66541, 52.77392 ], [ 13.66531, 52.77303 ], [ 13.66588, 52.77288 ], [ 13.66589, 52.77138 ] ] ] } },
{ "type": "Feature", "properties": { "boden": "90 % ziemlich arm, mäßig frisch (Z2) · 10 % mittel, mäßig frisch (M2)" }, "geometry": { "type": "Polygon", "coordinates": [ [ [ 13.66508, 52.78703 ], [ 13.66545, 52.78717 ], [ 13.66545, 52.78699 ], [ 13.66508, 52.78703 ] ] ] } },
{ "type": "Feature", "properties": { "boden": "100 % mittel, trocken (vermutet) (M3)" }, "geometry": { "type": "Polygon", "coordinates": [ [ [ 13.6548, 52.78972 ], [ 13.65503, 52.7896 ], [ 13.65556, 52.78951 ], [ 13.65622, 52.78948 ], [ 13.65728, 52.78952 ], [ 13.65714, 52.78945 ], [ 13.65631, 52.78939 ], [ 13.65469, 52.78937 ], [ 13.65454, 52.78941 ], [ 13.65445, 52.78951 ], [ 13.65399, 52.78952 ], [ 13.65447, 52.78987 ], [ 13.65476, 52.78987 ], [ 13.6548, 52.78972 ] ] ] } },
{ "type": "Feature", "properties": { "boden": "100 % arm, trocken (vermutet) (A3)" }, "geometry": { "type": "Polygon", "coordinates": [ [ [ 13.65728, 52.78952 ], [ 13.65622, 52.78948 ], [ 13.65556, 52.78951 ], [ 13.65503, 52.7896 ], [ 13.6548, 52.78972 ], [ 13.65476, 52.78987 ], [ 13.65671, 52.78982 ], [ 13.65721, 52.78961 ], [ 13.65735, 52.7896 ], [ 13.65728, 52.78952 ] ] ] } },
{ "type": "Feature", "properties": { "boden": "100 % arm, mäßig frisch (A2)" }, "geometry": { "type": "Polygon", "coordinates": [ [ [ 13.65715, 52.78991 ], [ 13.65807, 52.79003 ], [ 13.65835, 52.79 ], [ 13.65796, 52.78943 ], [ 13.65775, 52.7895 ], [ 13.65728, 52.78952 ], [ 13.65735, 52.7896 ], [ 13.65721, 52.78961 ], [ 13.65671, 52.78982 ], [ 13.65476, 52.78987 ], [ 13.65499, 52.79015 ], [ 13.65527, 52.79021 ], [ 13.65528, 52.79007 ], [ 13.6554, 52.78996 ], [ 13.65631, 52.78996 ], [ 13.65715, 52.78991 ] ] ] } },
{ "type": "Feature", "properties": { "boden": "100 % mittel, mäßig frisch (M2)" }, "geometry": { "type": "Polygon", "coordinates": [ [ [ 13.65753, 52.78995 ], [ 13.65715, 52.78991 ], [ 13.65653, 52.79 ], [ 13.65549, 52.79003 ], [ 13.65542, 52.79009 ], [ 13.65549, 52.79038 ], [ 13.65619, 52.79035 ], [ 13.65722, 52.79014 ], [ 13.65752, 52.79001 ], [ 13.65753, 52.78995 ] ] ] } },
{ "type": "Feature", "properties": { "boden": "80 % arm, mäßig frisch (A2v) · 20 % mittel, mäßig frisch (M2)" }, "geometry": { "type": "Polygon", "coordinates": [ [ [ 13.5191, 52.74571 ], [ 13.51858, 52.74539 ], [ 13.51857, 52.74539 ], [ 13.51856, 52.74578 ], [ 13.5188, 52.74578 ], [ 13.5191, 52.74571 ] ] ] } },
{ "type": "Feature", "properties": { "boden": "100 % mittel, mäßig frisch (M2)" }, "geometry": { "type": "Polygon", "coordinates": [ [ [ 13.52699, 52.74732 ], [ 13.52771, 52.74689 ], [ 13.52793, 52.74645 ], [ 13.52772, 52.74612 ], [ 13.52716, 52.74562 ], [ 13.52622, 52.74493 ], [ 13.52141, 52.74258 ], [ 13.52064, 52.74335 ], [ 13.51983, 52.74434 ], [ 13.51919, 52.74533 ], [ 13.51922, 52.7455 ], [ 13.51982, 52.74609 ], [ 13.52051, 52.7465 ], [ 13.52109, 52.74677 ], [ 13.52141, 52.7467 ], [ 13.5216, 52.74671 ], [ 13.52181, 52.74656 ], [ 13.52197, 52.74652 ], [ 13.52255, 52.74695 ], [ 13.52287, 52.74708 ], [ 13.52335, 52.74706 ], [ 13.52401, 52.74689 ], [ 13.52425, 52.74687 ], [ 13.52443, 52.74692 ], [ 13.52447, 52.74726 ], [ 13.52442, 52.74744 ], [ 13.52432, 52.74755 ], [ 13.52412, 52.74759 ], [ 13.52315, 52.74754 ], [ 13.52321, 52.74756 ], [ 13.52482, 52.74766 ], [ 13.52504, 52.74748 ], [ 13.52536, 52.74736 ], [ 13.52579, 52.74728 ], [ 13.52604, 52.74726 ], [ 13.52699, 52.74732 ] ] ] } },
{ "type": "Feature", "properties": { "boden": "100 % mittel, mäßig frisch (M2)" }, "geometry": { "type": "Polygon", "coordinates": [ [ [ 13.52951, 52.74568 ], [ 13.52991, 52.74569 ], [ 13.53021, 52.74564 ], [ 13.53031, 52.74553 ], [ 13.53029, 52.74545 ], [ 13.53017, 52.74542 ], [ 13.52991, 52.74545 ], [ 13.52963, 52.74556 ], [ 13.52951, 52.74568 ] ] ] } },
{ "type": "Feature", "properties": { "boden": "80 % arm, mäßig frisch (A2v) · 20 % mittel, mäßig frisch (M2)" }, "geometry": { "type": "Polygon", "coordinates": [ [ [ 13.51964, 52.74592 ], [ 13.51922, 52.7455 ], [ 13.51926, 52.74567 ], [ 13.5188, 52.74578 ], [ 13.51937, 52.74591 ], [ 13.51964, 52.74592 ] ] ] } },
{ "type": "Feature", "properties": { "boden": "50 % ziemlich arm, mäßig frisch (Z2) · 50 % mittel, mäßig frisch (M2)" }, "geometry": { "type": "Polygon", "coordinates": [ [ [ 13.5371, 52.74987 ], [ 13.5368, 52.74944 ], [ 13.53631, 52.74918 ], [ 13.53589, 52.7491 ], [ 13.53475, 52.74913 ], [ 13.53363, 52.74933 ], [ 13.53006, 52.74814 ], [ 13.52935, 52.74778 ], [ 13.52924, 52.74767 ], [ 13.52924, 52.74707 ], [ 13.52951, 52.74573 ], [ 13.52949, 52.74497 ], [ 13.52938, 52.74474 ], [ 13.52949, 52.74428 ], [ 13.52958, 52.74416 ], [ 13.52989, 52.74397 ], [ 13.53107, 52.74354 ], [ 13.53144, 52.74335 ], [ 13.53202, 52.74286 ], [ 13.53225, 52.74252 ], [ 13.53216, 52.74221 ], [ 13.53191, 52.74207 ], [ 13.53124, 52.74199 ], [ 13.5308, 52.74183 ], [ 13.53058, 52.7417 ], [ 13.53019, 52.74121 ], [ 13.52998, 52.74109 ], [ 13.52973, 52.741 ], [ 13.5295, 52.74099 ], [ 13.52867, 52.74111 ], [ 13.52832, 52.74126 ], [ 13.52797, 52.7415 ], [ 13.52774, 52.74188 ], [ 13.52788, 52.7429 ], [ 13.52768, 52.74315 ], [ 13.52737, 52.74338 ], [ 13.52731, 52.74359 ], [ 13.52732, 52.74418 ], [ 13.52795, 52.74547 ], [ 13.52805, 52.74593 ], [ 13.52797, 52.74637 ], [ 13.52771, 52.74689 ], [ 13.52699, 52.74732 ], [ 13.52747, 52.74795 ], [ 13.52838, 52.74793 ], [ 13.52864, 52.74799 ], [ 13.5292, 52.74832 ], [ 13.52951, 52.74859 ], [ 13.53002, 52.74923 ], [ 13.53003, 52.74961 ], [ 13.53032, 52.74991 ], [ 13.53036, 52.74987 ], [ 13.53045, 52.74992 ], [ 13.53076, 52.75034 ], [ 13.5309, 52.75071 ], [ 13.53087, 52.75108 ], [ 13.53266, 52.75139 ], [ 13.5329, 52.75129 ], [ 13.5333, 52.75127 ], [ 13.53331, 52.75136 ], [ 13.53316, 52.75146 ], [ 13.53397, 52.75162 ], [ 13.53377, 52.75127 ], [ 13.53381, 52.75123 ], [ 13.53401, 52.75124 ], [ 13.53445, 52.75151 ], [ 13.53455, 52.75162 ], [ 13.53445, 52.75171 ], [ 13.53582, 52.75197 ], [ 13.53629, 52.75196 ], [ 13.53663, 52.7517 ], [ 13.53708, 52.75081 ], [ 13.53717, 52.75025 ], [ 13.5371, 52.74987 ] ], [ [ 13.53559, 52.75113 ], [ 13.53572, 52.75135 ], [ 13.5355, 52.75142 ], [ 13.53512, 52.75139 ], [ 13.53493, 52.75126 ], [ 13.535, 52.75114 ], [ 13.5351, 52.7511 ], [ 13.53559, 52.75113 ] ], [ [ 13.52821, 52.74706 ], [ 13.52812, 52.74739 ], [ 13.52788, 52.74744 ], [ 13.52776, 52.74733 ], [ 13.5278, 52.74723 ], [ 13.52806, 52.74706 ], [ 13.52821, 52.74706 ] ], [ [ 13.53015, 52.742 ], [ 13.53056, 52.74212 ], [ 13.53095, 52.74231 ], [ 13.53132, 52.74256 ], [ 13.53139, 52.74274 ], [ 13.53076, 52.74284 ], [ 13.53041, 52.74295 ], [ 13.52965, 52.74285 ], [ 13.52937, 52.74272 ], [ 13.52896, 52.74236 ], [ 13.52908, 52.74212 ], [ 13.52932, 52.74202 ], [ 13.52973, 52.74197 ], [ 13.53015, 52.742 ] ] ] } },
{ "type": "Feature", "properties": { "boden": "80 % arm, mäßig frisch (A2v) · 20 % mittel, mäßig frisch (M2)" }, "geometry": { "type": "Polygon", "coordinates": [ [ [ 13.52604, 52.74726 ], [ 13.52536, 52.74736 ], [ 13.52504, 52.74748 ], [ 13.52482, 52.74766 ], [ 13.52453, 52.74766 ], [ 13.52265, 52.74753 ], [ 13.52222, 52.7474 ], [ 13.51987, 52.74725 ], [ 13.5196, 52.74714 ], [ 13.51955, 52.74708 ], [ 13.51967, 52.74694 ], [ 13.52109, 52.74677 ], [ 13.52051, 52.7465 ], [ 13.51968, 52.74596 ], [ 13.51901, 52.74605 ], [ 13.51884, 52.74609 ], [ 13.51874, 52.74616 ], [ 13.51878, 52.74642 ], [ 13.51916, 52.74682 ], [ 13.5193, 52.74686 ], [ 13.51974, 52.74679 ], [ 13.51971, 52.74688 ], [ 13.51952, 52.74693 ], [ 13.51936, 52.74703 ], [ 13.51936, 52.74719 ], [ 13.51956, 52.7473 ], [ 13.51997, 52.74738 ], [ 13.52148, 52.74751 ], [ 13.52276, 52.74773 ], [ 13.52363, 52.74777 ], [ 13.52414, 52.74788 ], [ 13.52462, 52.74792 ], [ 13.52494, 52.74788 ], [ 13.52553, 52.74788 ], [ 13.5258, 52.74753 ], [ 13.5262, 52.74746 ], [ 13.52659, 52.74729 ], [ 13.52604, 52.74726 ] ] ] } },
{ "type": "Feature", "properties": { "boden": "100 % mittel, trocken (vermutet) (M3)" }, "geometry": { "type": "Polygon", "coordinates": [ [ [ 13.52109, 52.74677 ], [ 13.52315, 52.74754 ], [ 13.52412, 52.74759 ], [ 13.52432, 52.74755 ], [ 13.52442, 52.74744 ], [ 13.52447, 52.74704 ], [ 13.52439, 52.7469 ], [ 13.52401, 52.74689 ], [ 13.52335, 52.74706 ], [ 13.52287, 52.74708 ], [ 13.52255, 52.74695 ], [ 13.52197, 52.74652 ], [ 13.52181, 52.74656 ], [ 13.5216, 52.74671 ], [ 13.52141, 52.7467 ], [ 13.52109, 52.74677 ] ] ] } },
{ "type": "Feature", "properties": { "boden": "80 % arm, trocken (vermutet) (A3v) · 20 % mittel, trocken (vermutet) (M3)" }, "geometry": { "type": "Polygon", "coordinates": [ [ [ 13.52315, 52.74754 ], [ 13.52109, 52.74677 ], [ 13.51978, 52.74691 ], [ 13.51961, 52.74698 ], [ 13.51955, 52.74708 ], [ 13.5196, 52.74714 ], [ 13.51987, 52.74725 ], [ 13.52222, 52.7474 ], [ 13.52265, 52.74753 ], [ 13.52315, 52.74754 ] ] ] } },
{ "type": "Feature", "properties": { "boden": "50 % ziemlich arm, trocken (vermutet) (Z3) · 50 % mittel, trocken (vermutet) (M3)" }, "geometry": { "type": "Polygon", "coordinates": [ [ [ 13.52812, 52.74704 ], [ 13.5278, 52.74723 ], [ 13.52776, 52.74733 ], [ 13.52788, 52.74744 ], [ 13.52812, 52.74739 ], [ 13.52823, 52.7471 ], [ 13.52812, 52.74704 ] ] ] } },
{ "type": "Feature", "properties": { "boden": "80 % arm, trocken (vermutet) (A3v) · 20 % mittel, trocken (vermutet) (M3)" }, "geometry": { "type": "Polygon", "coordinates": [ [ [ 13.5279, 52.74843 ], [ 13.52713, 52.74752 ], [ 13.52678, 52.74766 ], [ 13.52641, 52.74787 ], [ 13.52633, 52.74797 ], [ 13.52638, 52.74803 ], [ 13.52651, 52.74811 ], [ 13.52808, 52.74855 ], [ 13.5279, 52.74843 ] ] ] } },
{ "type": "Feature", "properties": { "boden": "80 % arm, mäßig frisch (A2v) · 20 % mittel, mäßig frisch (M2)" }, "geometry": { "type": "Polygon", "coordinates": [ [ [ 13.52702, 52.74739 ], [ 13.52699, 52.74732 ], [ 13.52659, 52.74729 ], [ 13.5262, 52.74746 ], [ 13.5258, 52.74753 ], [ 13.52553, 52.74788 ], [ 13.52494, 52.74788 ], [ 13.52462, 52.74792 ], [ 13.52414, 52.74788 ], [ 13.52363, 52.74777 ], [ 13.52276, 52.74773 ], [ 13.52148, 52.74751 ], [ 13.51997, 52.74738 ], [ 13.51956, 52.7473 ], [ 13.51936, 52.74719 ], [ 13.51936, 52.74703 ], [ 13.51952, 52.74693 ], [ 13.51971, 52.74688 ], [ 13.51974, 52.74679 ], [ 13.5193, 52.74686 ], [ 13.51916, 52.74682 ], [ 13.5189, 52.7466 ], [ 13.51872, 52.74627 ], [ 13.51874, 52.74616 ], [ 13.51884, 52.74609 ], [ 13.51968, 52.74596 ], [ 13.51964, 52.74592 ], [ 13.51937, 52.74591 ], [ 13.51897, 52.7458 ], [ 13.5188, 52.74578 ], [ 13.51856, 52.74584 ], [ 13.51854, 52.74647 ], [ 13.519, 52.74714 ], [ 13.51928, 52.74739 ], [ 13.51977, 52.74765 ], [ 13.52141, 52.74791 ], [ 13.52362, 52.74847 ], [ 13.52436, 52.74844 ], [ 13.52572, 52.7483 ], [ 13.52595, 52.74833 ], [ 13.52611, 52.74849 ], [ 13.52636, 52.7486 ], [ 13.52685, 52.74866 ], [ 13.52739, 52.7488 ], [ 13.52817, 52.74911 ], [ 13.52852, 52.74939 ], [ 13.5287, 52.74967 ], [ 13.52902, 52.74994 ], [ 13.5295, 52.75029 ], [ 13.52988, 52.75047 ], [ 13.53005, 52.75068 ], [ 13.52999, 52.75095 ], [ 13.53017, 52.75097 ], [ 13.53019, 52.75053 ], [ 13.53008, 52.75031 ], [ 13.52925, 52.74958 ], [ 13.52904, 52.74911 ], [ 13.52883, 52.74895 ], [ 13.52817, 52.74864 ], [ 13.52653, 52.74822 ], [ 13.52628, 52.74807 ], [ 13.52626, 52.74796 ], [ 13.52636, 52.74778 ], [ 13.52702, 52.74739 ] ] ] } },
{ "type": "Feature", "properties": { "boden": "50 % ziemlich arm, trocken (vermutet) (Z3) · 50 % mittel, trocken (vermutet) (M3)" }, "geometry": { "type": "Polygon", "coordinates": [ [ [ 13.52747, 52.74795 ], [ 13.5279, 52.74843 ], [ 13.52823, 52.74865 ], [ 13.52934, 52.74912 ], [ 13.52976, 52.74936 ], [ 13.53003, 52.74961 ], [ 13.53005, 52.74939 ], [ 13.52992, 52.74905 ], [ 13.52951, 52.74859 ], [ 13.52891, 52.74812 ], [ 13.52864, 52.74799 ], [ 13.52838, 52.74793 ], [ 13.52747, 52.74795 ] ] ] } },
{ "type": "Feature", "properties": { "boden": "80 % arm, mäßig frisch (A2v) · 20 % mittel, mäßig frisch (M2)" }, "geometry": { "type": "Polygon", "coordinates": [ [ [ 13.5303, 52.74987 ], [ 13.53003, 52.74961 ], [ 13.52989, 52.74961 ], [ 13.52971, 52.74952 ], [ 13.52898, 52.74897 ], [ 13.52808, 52.74855 ], [ 13.52651, 52.74811 ], [ 13.52638, 52.74803 ], [ 13.52633, 52.74797 ], [ 13.52641, 52.74787 ], [ 13.52678, 52.74766 ], [ 13.52713, 52.74752 ], [ 13.52702, 52.74739 ], [ 13.52673, 52.74758 ], [ 13.52654, 52.74765 ], [ 13.52636, 52.74778 ], [ 13.52626, 52.74796 ], [ 13.52628, 52.74807 ], [ 13.52638, 52.74816 ], [ 13.52817, 52.74864 ], [ 13.52883, 52.74895 ], [ 13.52904, 52.74911 ], [ 13.52925, 52.74958 ], [ 13.53008, 52.75031 ], [ 13.53019, 52.75053 ], [ 13.53017, 52.75097 ], [ 13.53032, 52.751 ], [ 13.53034, 52.75043 ], [ 13.53026, 52.75023 ], [ 13.5303, 52.74987 ] ] ] } },
{ "type": "Feature", "properties": { "boden": "80 % arm, trocken (vermutet) (A3v) · 20 % mittel, trocken (vermutet) (M3)" }, "geometry": { "type": "Polygon", "coordinates": [ [ [ 13.52976, 52.74936 ], [ 13.52934, 52.74912 ], [ 13.52898, 52.74897 ], [ 13.52971, 52.74952 ], [ 13.53001, 52.74963 ], [ 13.52976, 52.74936 ] ] ] } },
{ "type": "Feature", "properties": { "boden": "100 % ziemlich arm, mäßig frisch (Z2)" }, "geometry": { "type": "Polygon", "coordinates": [ [ [ 13.52305, 52.75039 ], [ 13.52256, 52.75026 ], [ 13.52227, 52.74998 ], [ 13.52219, 52.75008 ], [ 13.52225, 52.75026 ], [ 13.5226, 52.75038 ], [ 13.52305, 52.75039 ] ] ] } },
{ "type": "Feature", "properties": { "boden": "50 % ziemlich arm, trocken (vermutet) (Z3) · 50 % mittel, trocken (vermutet) (M3)" }, "geometry": { "type": "Polygon", "coordinates": [ [ [ 13.53066, 52.7505 ], [ 13.53074, 52.75078 ], [ 13.53067, 52.75105 ], [ 13.53087, 52.75108 ], [ 13.5309, 52.75071 ], [ 13.53076, 52.75034 ], [ 13.53056, 52.75004 ], [ 13.53036, 52.74987 ], [ 13.53032, 52.74991 ], [ 13.53066, 52.7505 ] ] ] } },
{ "type": "Feature", "properties": { "boden": "80 % arm, trocken (vermutet) (A3v) · 20 % mittel, trocken (vermutet) (M3)" }, "geometry": { "type": "Polygon", "coordinates": [ [ [ 13.5303, 52.74993 ], [ 13.53026, 52.75023 ], [ 13.53034, 52.75043 ], [ 13.53032, 52.751 ], [ 13.53067, 52.75105 ], [ 13.53074, 52.75078 ], [ 13.53066, 52.7505 ], [ 13.5303, 52.74993 ] ] ] } },
{ "type": "Feature", "properties": { "boden": "100 % mittel, trocken (vermutet) (M3)" }, "geometry": { "type": "Polygon", "coordinates": [ [ [ 13.55068, 52.74859 ], [ 13.5503, 52.74848 ], [ 13.55024, 52.74856 ], [ 13.55031, 52.74872 ], [ 13.55073, 52.74898 ], [ 13.55095, 52.74905 ], [ 13.55093, 52.74888 ], [ 13.55083, 52.74873 ], [ 13.55068, 52.74859 ] ] ] } },
{ "type": "Feature", "properties": { "boden": "100 % mittel, trocken (vermutet) (M3)" }, "geometry": { "type": "Polygon", "coordinates": [ [ [ 13.54618, 52.74892 ], [ 13.54585, 52.74895 ], [ 13.54579, 52.74904 ], [ 13.54584, 52.7492 ], [ 13.54608, 52.74929 ], [ 13.54643, 52.74927 ], [ 13.54646, 52.74914 ], [ 13.54664, 52.74902 ], [ 13.54618, 52.74892 ] ] ] } },
{ "type": "Feature", "properties": { "boden": "40 % mittel, trocken (vermutet) (M3) · 30 % mittel, trocken (vermutet) (M3) · 30 % mittel, trocken (vermutet) (M3)" }, "geometry": { "type": "Polygon", "coordinates": [ [ [ 13.5405, 52.74924 ], [ 13.54029, 52.74926 ], [ 13.5401, 52.74935 ], [ 13.53996, 52.74952 ], [ 13.53999, 52.7497 ], [ 13.54018, 52.74993 ], [ 13.54045, 52.75003 ], [ 13.54067, 52.74988 ], [ 13.54083, 52.74944 ], [ 13.5408, 52.7493 ], [ 13.5405, 52.74924 ] ] ] } },
{ "type": "Feature", "properties": { "boden": "100 % mittel, mäßig frisch (M2)" }, "geometry": { "type": "Polygon", "coordinates": [ [ [ 13.54742, 52.75054 ], [ 13.54614, 52.74969 ], [ 13.54466, 52.7491 ], [ 13.543, 52.74877 ], [ 13.54257, 52.7488 ], [ 13.54291, 52.75043 ], [ 13.54354, 52.75034 ], [ 13.54418, 52.75041 ], [ 13.54452, 52.75061 ], [ 13.54548, 52.75083 ], [ 13.54742, 52.75054 ] ], [ [ 13.54381, 52.75015 ], [ 13.54375, 52.75025 ], [ 13.54355, 52.7503 ], [ 13.54336, 52.75025 ], [ 13.54331, 52.75015 ], [ 13.5434, 52.75003 ], [ 13.54356, 52.75 ], [ 13.54372, 52.75003 ], [ 13.54381, 52.75015 ] ] ] } },
{ "type": "Feature", "properties": { "boden": "40 % mittel, mäßig frisch (M2) · 30 % mittel, mäßig frisch (M2) · 30 % mittel, mäßig frisch (M2)" }, "geometry": { "type": "Polygon", "coordinates": [ [ [ 13.54205, 52.75006 ], [ 13.54222, 52.75 ], [ 13.54218, 52.74971 ], [ 13.54203, 52.74946 ], [ 13.54181, 52.74935 ], [ 13.54136, 52.74935 ], [ 13.54119, 52.74946 ], [ 13.54114, 52.74971 ], [ 13.54121, 52.74985 ], [ 13.5414, 52.75001 ], [ 13.54175, 52.75019 ], [ 13.54216, 52.7502 ], [ 13.5422, 52.75015 ], [ 13.54205, 52.75006 ] ] ] } },
{ "type": "Feature", "properties": { "boden": "100 % mittel, mäßig frisch (M2)" }, "geometry": { "type": "Polygon", "coordinates": [ [ [ 13.54356, 52.75 ], [ 13.5434, 52.75003 ], [ 13.54331, 52.75015 ], [ 13.54336, 52.75025 ], [ 13.54355, 52.7503 ], [ 13.54375, 52.75025 ], [ 13.54381, 52.75015 ], [ 13.54372, 52.75003 ], [ 13.54356, 52.75 ] ] ] } },
{ "type": "Feature", "properties": { "boden": "40 % mittel, mäßig frisch (M2) · 30 % mittel, mäßig frisch (M2) · 30 % mittel, mäßig frisch (M2)" }, "geometry": { "type": "Polygon", "coordinates": [ [ [ 13.5406, 52.75052 ], [ 13.54051, 52.75056 ], [ 13.54045, 52.75069 ], [ 13.54053, 52.7511 ], [ 13.54075, 52.751 ], [ 13.54087, 52.75081 ], [ 13.54082, 52.75058 ], [ 13.5406, 52.75052 ] ] ] } },
{ "type": "Feature", "properties": { "boden": "40 % mittel, mäßig frisch (M2) · 30 % mittel, mäßig frisch (M2) · 30 % mittel, mäßig frisch (M2)" }, "geometry": { "type": "Polygon", "coordinates": [ [ [ 13.54158, 52.75055 ], [ 13.5414, 52.75058 ], [ 13.54131, 52.7507 ], [ 13.54144, 52.75145 ], [ 13.54164, 52.75168 ], [ 13.542, 52.75178 ], [ 13.54219, 52.75177 ], [ 13.54237, 52.75156 ], [ 13.54232, 52.75141 ], [ 13.54203, 52.75114 ], [ 13.54209, 52.75102 ], [ 13.54209, 52.75075 ], [ 13.54196, 52.7506 ], [ 13.54158, 52.75055 ] ] ] } },
{ "type": "Feature", "properties": { "boden": "40 % mittel, mäßig frisch (M2) · 30 % mittel, mäßig frisch (M2) · 30 % mittel, mäßig frisch (M2)" }, "geometry": { "type": "Polygon", "coordinates": [ [ [ 13.5442, 52.75832 ], [ 13.54465, 52.75792 ], [ 13.54474, 52.75791 ], [ 13.54435, 52.75694 ], [ 13.54416, 52.75675 ], [ 13.54388, 52.75616 ], [ 13.54381, 52.75584 ], [ 13.54363, 52.7556 ], [ 13.54362, 52.7553 ], [ 13.54328, 52.75459 ], [ 13.54316, 52.75457 ], [ 13.54278, 52.75438 ], [ 13.54224, 52.75425 ], [ 13.54195, 52.75402 ], [ 13.54143, 52.75388 ], [ 13.54128, 52.75377 ], [ 13.54118, 52.75353 ], [ 13.54119, 52.75334 ], [ 13.54126, 52.75327 ], [ 13.54144, 52.75339 ], [ 13.54178, 52.75348 ], [ 13.54224, 52.75388 ], [ 13.54288, 52.75413 ], [ 13.54317, 52.7543 ], [ 13.54309, 52.75384 ], [ 13.54293, 52.75352 ], [ 13.54271, 52.75255 ], [ 13.54252, 52.75229 ], [ 13.54255, 52.75196 ], [ 13.54227, 52.75019 ], [ 13.5422, 52.75015 ], [ 13.54209, 52.75023 ], [ 13.54191, 52.75022 ], [ 13.54159, 52.75013 ], [ 13.54121, 52.74985 ], [ 13.54114, 52.74971 ], [ 13.54119, 52.74946 ], [ 13.54136, 52.74935 ], [ 13.54154, 52.74934 ], [ 13.54193, 52.74939 ], [ 13.54211, 52.74954 ], [ 13.54218, 52.74971 ], [ 13.54206, 52.74925 ], [ 13.54203, 52.74864 ], [ 13.54185, 52.74812 ], [ 13.54165, 52.74678 ], [ 13.54172, 52.74663 ], [ 13.54161, 52.74636 ], [ 13.54155, 52.74639 ], [ 13.54144, 52.74635 ], [ 13.54114, 52.74609 ], [ 13.54096, 52.74581 ], [ 13.54087, 52.74548 ], [ 13.54092, 52.74542 ], [ 13.54134, 52.74563 ], [ 13.54158, 52.74599 ], [ 13.54152, 52.74491 ], [ 13.5413, 52.74413 ], [ 13.54124, 52.74413 ], [ 13.54095, 52.74442 ], [ 13.54102, 52.7448 ], [ 13.54097, 52.74505 ], [ 13.54027, 52.74612 ], [ 13.5398, 52.74658 ], [ 13.53961, 52.74665 ], [ 13.53911, 52.74659 ], [ 13.5387, 52.7464 ], [ 13.53872, 52.7465 ], [ 13.53852, 52.74656 ], [ 13.53817, 52.74656 ], [ 13.53774, 52.74649 ], [ 13.53746, 52.74637 ], [ 13.53706, 52.74608 ], [ 13.53672, 52.74565 ], [ 13.5366, 52.74559 ], [ 13.53658, 52.74581 ], [ 13.53686, 52.74642 ], [ 13.53802, 52.74678 ], [ 13.5386, 52.74717 ], [ 13.53881, 52.7475 ], [ 13.53877, 52.74755 ], [ 13.53948, 52.74756 ], [ 13.53978, 52.74768 ], [ 13.53976, 52.74782 ], [ 13.53958, 52.74799 ], [ 13.53937, 52.74811 ], [ 13.53918, 52.74815 ], [ 13.53899, 52.74812 ], [ 13.53877, 52.74802 ], [ 13.53862, 52.74789 ], [ 13.53857, 52.74776 ], [ 13.53809, 52.74834 ], [ 13.53822, 52.74887 ], [ 13.53923, 52.74986 ], [ 13.54007, 52.75223 ], [ 13.54085, 52.75348 ], [ 13.54174, 52.75464 ], [ 13.54227, 52.75573 ], [ 13.54328, 52.75755 ], [ 13.54342, 52.75798 ], [ 13.54341, 52.75826 ], [ 13.5433, 52.75832 ], [ 13.5442, 52.75832 ] ], [ [ 13.54427, 52.75735 ], [ 13.54434, 52.75749 ], [ 13.54433, 52.75781 ], [ 13.54423, 52.75796 ], [ 13.54398, 52.75805 ], [ 13.54392, 52.75802 ], [ 13.54376, 52.75746 ], [ 13.54379, 52.7574 ], [ 13.54397, 52.75731 ], [ 13.54415, 52.7573 ], [ 13.54427, 52.75735 ] ], [ [ 13.54341, 52.75585 ], [ 13.54364, 52.7561 ], [ 13.54375, 52.75634 ], [ 13.54374, 52.75644 ], [ 13.54362, 52.75661 ], [ 13.54355, 52.75663 ], [ 13.543, 52.75631 ], [ 13.54274, 52.7561 ], [ 13.54266, 52.75595 ], [ 13.54278, 52.75585 ], [ 13.5431, 52.75577 ], [ 13.54341, 52.75585 ] ], [ [ 13.54272, 52.75466 ], [ 13.54317, 52.75479 ], [ 13.54323, 52.75502 ], [ 13.54301, 52.75503 ], [ 13.54282, 52.75486 ], [ 13.54216, 52.75473 ], [ 13.54196, 52.75464 ], [ 13.54202, 52.75456 ], [ 13.54272, 52.75466 ] ], [ [ 13.54228, 52.75204 ], [ 13.54238, 52.75223 ], [ 13.54221, 52.75244 ], [ 13.5419, 52.75259 ], [ 13.54165, 52.75264 ], [ 13.5415, 52.75273 ], [ 13.54149, 52.75237 ], [ 13.54161, 52.75209 ], [ 13.5419, 52.752 ], [ 13.54228, 52.75204 ] ], [ [ 13.54196, 52.7506 ], [ 13.5421, 52.75086 ], [ 13.54203, 52.75114 ], [ 13.54236, 52.75148 ], [ 13.54235, 52.75164 ], [ 13.54219, 52.75177 ], [ 13.54177, 52.75173 ], [ 13.54153, 52.75159 ], [ 13.54132, 52.75102 ], [ 13.54134, 52.75062 ], [ 13.54158, 52.75055 ], [ 13.54196, 52.7506 ] ], [ [ 13.54082, 52.75058 ], [ 13.54085, 52.75088 ], [ 13.54075, 52.751 ], [ 13.54053, 52.7511 ], [ 13.54046, 52.75085 ], [ 13.54051, 52.75056 ], [ 13.5406, 52.75052 ], [ 13.54082, 52.75058 ] ], [ [ 13.5408, 52.7493 ], [ 13.54076, 52.74973 ], [ 13.54067, 52.74988 ], [ 13.5405, 52.75001 ], [ 13.54034, 52.75002 ], [ 13.54018, 52.74993 ], [ 13.53999, 52.7497 ], [ 13.53996, 52.74952 ], [ 13.5401, 52.74935 ], [ 13.54029, 52.74926 ], [ 13.5405, 52.74924 ], [ 13.5408, 52.7493 ] ] ] } },
{ "type": "Feature", "properties": { "boden": "50 % ziemlich arm, mäßig frisch (Z2) · 50 % mittel, mäßig frisch (M2)" }, "geometry": { "type": "Polygon", "coordinates": [ [ [ 13.53528, 52.75109 ], [ 13.535, 52.75114 ], [ 13.53494, 52.75122 ], [ 13.53499, 52.75132 ], [ 13.53529, 52.75143 ], [ 13.53565, 52.75139 ], [ 13.53572, 52.75135 ], [ 13.53565, 52.75117 ], [ 13.53551, 52.7511 ], [ 13.53528, 52.75109 ] ] ] } },
{ "type": "Feature", "properties": { "boden": "100 % ziemlich arm, trocken (vermutet) (Z3)" }, "geometry": { "type": "Polygon", "coordinates": [ [ [ 13.52128, 52.75048 ], [ 13.52151, 52.75051 ], [ 13.52184, 52.75075 ], [ 13.52235, 52.75095 ], [ 13.52278, 52.75095 ], [ 13.52358, 52.75108 ], [ 13.5245, 52.75103 ], [ 13.52499, 52.75109 ], [ 13.52532, 52.75127 ], [ 13.52549, 52.75149 ], [ 13.52549, 52.75166 ], [ 13.5253, 52.75179 ], [ 13.52532, 52.75186 ], [ 13.5256, 52.75206 ], [ 13.52584, 52.75215 ], [ 13.52607, 52.75216 ], [ 13.52621, 52.75211 ], [ 13.52623, 52.75199 ], [ 13.52613, 52.75181 ], [ 13.52614, 52.75124 ], [ 13.52607, 52.75106 ], [ 13.52579, 52.7507 ], [ 13.52537, 52.75047 ], [ 13.52511, 52.75042 ], [ 13.52455, 52.75043 ], [ 13.52358, 52.75057 ], [ 13.5232, 52.75057 ], [ 13.52239, 52.75039 ], [ 13.52172, 52.75004 ], [ 13.52128, 52.75048 ] ] ] } },
{ "type": "Feature", "properties": { "boden": "80 % arm, trocken (vermutet) (A3v) · 20 % mittel, trocken (vermutet) (M3)" }, "geometry": { "type": "Polygon", "coordinates": [ [ [ 13.53052, 52.75143 ], [ 13.53067, 52.75105 ], [ 13.53032, 52.751 ], [ 13.53024, 52.75137 ], [ 13.53052, 52.75143 ] ] ] } },
{ "type": "Feature", "properties": { "boden": "50 % ziemlich arm, mäßig frisch (Z2) · 50 % mittel, mäßig frisch (M2)" }, "geometry": { "type": "Polygon", "coordinates": [ [ [ 13.53314, 52.75146 ], [ 13.53331, 52.75136 ], [ 13.5333, 52.75127 ], [ 13.5329, 52.75129 ], [ 13.53266, 52.75139 ], [ 13.53314, 52.75146 ] ] ] } },
{ "type": "Feature", "properties": { "boden": "100 % ziemlich arm, mäßig frisch (Z2)" }, "geometry": { "type": "Polygon", "coordinates": [ [ [ 13.52633, 52.75069 ], [ 13.52595, 52.75041 ], [ 13.52586, 52.75043 ], [ 13.52721, 52.75197 ], [ 13.52749, 52.75221 ], [ 13.52756, 52.75222 ], [ 13.52746, 52.75184 ], [ 13.52633, 52.75069 ] ] ] } },
{ "type": "Feature", "properties": { "boden": "100 % mittel, mäßig frisch (M2)" }, "geometry": { "type": "Polygon", "coordinates": [ [ [ 13.53314, 52.75146 ], [ 13.53266, 52.75139 ], [ 13.53221, 52.7515 ], [ 13.53217, 52.75155 ], [ 13.53232, 52.75161 ], [ 13.53301, 52.75153 ], [ 13.53314, 52.75146 ] ] ] } },
{ "type": "Feature", "properties": { "boden": "100 % ziemlich arm, mäßig frisch (Z2)" }, "geometry": { "type": "Polygon", "coordinates": [ [ [ 13.5261, 52.7532 ], [ 13.52594, 52.75311 ], [ 13.52596, 52.75303 ], [ 13.52613, 52.75297 ], [ 13.52655, 52.75294 ], [ 13.52687, 52.75285 ], [ 13.5273, 52.7528 ], [ 13.52743, 52.75284 ], [ 13.52735, 52.75292 ], [ 13.52826, 52.75265 ], [ 13.52746, 52.75184 ], [ 13.52756, 52.75222 ], [ 13.52749, 52.75221 ], [ 13.52721, 52.75197 ], [ 13.52588, 52.75046 ], [ 13.52586, 52.75043 ], [ 13.52595, 52.75041 ], [ 13.52553, 52.75024 ], [ 13.52491, 52.75022 ], [ 13.52364, 52.75043 ], [ 13.5226, 52.75038 ], [ 13.5222, 52.75021 ], [ 13.52219, 52.75008 ], [ 13.52227, 52.75004 ], [ 13.52227, 52.74998 ], [ 13.52187, 52.74989 ], [ 13.52172, 52.75004 ], [ 13.52222, 52.75032 ], [ 13.52283, 52.7505 ], [ 13.52334, 52.75058 ], [ 13.52358, 52.75057 ], [ 13.52455, 52.75043 ], [ 13.52511, 52.75042 ], [ 13.5256, 52.75056 ], [ 13.52579, 52.7507 ], [ 13.52614, 52.75124 ], [ 13.52613, 52.75181 ], [ 13.52623, 52.75199 ], [ 13.52621, 52.75211 ], [ 13.52596, 52.75217 ], [ 13.5256, 52.75206 ], [ 13.52532, 52.75186 ], [ 13.5253, 52.75179 ], [ 13.52549, 52.75166 ], [ 13.52549, 52.75149 ], [ 13.52532, 52.75127 ], [ 13.52499, 52.75109 ], [ 13.5245, 52.75103 ], [ 13.52358, 52.75108 ], [ 13.52278, 52.75095 ], [ 13.52235, 52.75095 ], [ 13.52184, 52.75075 ], [ 13.52151, 52.75051 ], [ 13.52125, 52.75051 ], [ 13.52132, 52.75081 ], [ 13.52148, 52.75102 ], [ 13.52193, 52.75138 ], [ 13.52217, 52.75147 ], [ 13.52243, 52.75149 ], [ 13.52306, 52.75142 ], [ 13.52337, 52.75146 ], [ 13.52376, 52.75161 ], [ 13.52403, 52.75179 ], [ 13.52458, 52.75195 ], [ 13.52477, 52.75211 ], [ 13.52502, 52.75246 ], [ 13.52512, 52.75272 ], [ 13.52511, 52.75286 ], [ 13.52504, 52.75287 ], [ 13.5254, 52.7532 ], [ 13.52569, 52.75333 ], [ 13.52626, 52.7532 ], [ 13.5261, 52.7532 ] ] ] } },
{ "type": "Feature", "properties": { "boden": "50 % mittel, mäßig frisch (M2) · 30 % ziemlich arm, mäßig frisch (Z2) · 20 % kräftig, mäßig frisch (K2)" }, "geometry": { "type": "Polygon", "coordinates": [ [ [ 13.51833, 52.75262 ], [ 13.51879, 52.75265 ], [ 13.51886, 52.75258 ], [ 13.51865, 52.75237 ], [ 13.51834, 52.75224 ], [ 13.51833, 52.75262 ] ] ] } },
{ "type": "Feature", "properties": { "boden": "50 % mittel, mäßig frisch (M2) · 30 % ziemlich arm, mäßig frisch (Z2) · 20 % kräftig, mäßig frisch (K2)" }, "geometry": { "type": "Polygon", "coordinates": [ [ [ 13.51961, 52.75296 ], [ 13.51936, 52.75289 ], [ 13.5192, 52.75277 ], [ 13.51918, 52.75272 ], [ 13.5196, 52.75255 ], [ 13.51923, 52.75226 ], [ 13.51835, 52.75198 ], [ 13.51834, 52.75224 ], [ 13.51865, 52.75237 ], [ 13.51886, 52.75258 ], [ 13.51879, 52.75265 ], [ 13.51859, 52.75267 ], [ 13.51833, 52.75262 ], [ 13.51832, 52.7528 ], [ 13.51963, 52.75315 ], [ 13.51982, 52.75296 ], [ 13.51961, 52.75296 ] ] ] } },
{ "type": "Feature", "properties": { "boden": "100 % ziemlich arm, mäßig frisch (Z2)" }, "geometry": { "type": "Polygon", "coordinates": [ [ [ 13.52201, 52.75145 ], [ 13.52198, 52.75163 ], [ 13.52227, 52.7517 ], [ 13.5225, 52.75161 ], [ 13.52291, 52.75165 ], [ 13.52388, 52.75189 ], [ 13.52439, 52.75216 ], [ 13.52483, 52.75257 ], [ 13.52501, 52.75285 ], [ 13.52511, 52.75286 ], [ 13.52502, 52.75246 ], [ 13.52477, 52.75211 ], [ 13.52458, 52.75195 ], [ 13.52403, 52.75179 ], [ 13.52376, 52.75161 ], [ 13.52337, 52.75146 ], [ 13.52306, 52.75142 ], [ 13.52243, 52.75149 ], [ 13.52217, 52.75147 ], [ 13.52193, 52.75138 ], [ 13.52201, 52.75145 ] ] ] } },
{ "type": "Feature", "properties": { "boden": "50 % ziemlich arm, mäßig frisch (Z2) · 50 % mittel, mäßig frisch (M2)" }, "geometry": { "type": "Polygon", "coordinates": [ [ [ 13.53397, 52.75162 ], [ 13.53445, 52.75171 ], [ 13.53455, 52.75162 ], [ 13.53411, 52.75128 ], [ 13.53381, 52.75123 ], [ 13.53377, 52.75127 ], [ 13.53381, 52.75142 ], [ 13.53397, 52.75162 ] ] ] } },
{ "type": "Feature", "properties": { "boden": "40 % mittel, mäßig frisch (M2) · 30 % mittel, mäßig frisch (M2) · 30 % mittel, mäßig frisch (M2)" }, "geometry": { "type": "Polygon", "coordinates": [ [ [ 13.54383, 52.75089 ], [ 13.54341, 52.75097 ], [ 13.54336, 52.75122 ], [ 13.54353, 52.75151 ], [ 13.54392, 52.75174 ], [ 13.54394, 52.75195 ], [ 13.54379, 52.75217 ], [ 13.54397, 52.75228 ], [ 13.54409, 52.75228 ], [ 13.54427, 52.75218 ], [ 13.54489, 52.75205 ], [ 13.54495, 52.75197 ], [ 13.54494, 52.75166 ], [ 13.54504, 52.75137 ], [ 13.54499, 52.7512 ], [ 13.54478, 52.75106 ], [ 13.54438, 52.75095 ], [ 13.54383, 52.75089 ] ] ] } },
{ "type": "Feature", "properties": { "boden": "40 % mittel, trocken (vermutet) (M3) · 30 % mittel, trocken (vermutet) (M3) · 30 % mittel, trocken (vermutet) (M3)" }, "geometry": { "type": "Polygon", "coordinates": [ [ [ 13.54307, 52.75157 ], [ 13.54337, 52.75192 ], [ 13.54328, 52.75215 ], [ 13.54337, 52.75217 ], [ 13.54352, 52.75195 ], [ 13.54351, 52.75186 ], [ 13.54322, 52.75156 ], [ 13.54312, 52.75152 ], [ 13.54307, 52.75157 ] ] ] } },
{ "type": "Feature", "properties": { "boden": "40 % mittel, mäßig frisch (M2) · 30 % mittel, mäßig frisch (M2) · 30 % mittel, mäßig frisch (M2)" }, "geometry": { "type": "Polygon", "coordinates": [ [ [ 13.54775, 52.7524 ], [ 13.54642, 52.7521 ], [ 13.54637, 52.75202 ], [ 13.54647, 52.75187 ], [ 13.54691, 52.75178 ], [ 13.54751, 52.75181 ], [ 13.54805, 52.75202 ], [ 13.54826, 52.75218 ], [ 13.54832, 52.75233 ], [ 13.54848, 52.75237 ], [ 13.54882, 52.75228 ], [ 13.54916, 52.75207 ], [ 13.5492, 52.75185 ], [ 13.54912, 52.75169 ], [ 13.54894, 52.75164 ], [ 13.54832, 52.75166 ], [ 13.54805, 52.75154 ], [ 13.54759, 52.75144 ], [ 13.5475, 52.75129 ], [ 13.54749, 52.75102 ], [ 13.54739, 52.75093 ], [ 13.54719, 52.75088 ], [ 13.5467, 52.75088 ], [ 13.54647, 52.75092 ], [ 13.54628, 52.75105 ], [ 13.54614, 52.75129 ], [ 13.54596, 52.75146 ], [ 13.54586, 52.75169 ], [ 13.54552, 52.75196 ], [ 13.54545, 52.75216 ], [ 13.54551, 52.75245 ], [ 13.54558, 52.75253 ], [ 13.54591, 52.75255 ], [ 13.54625, 52.75252 ], [ 13.54688, 52.7524 ], [ 13.54715, 52.75245 ], [ 13.5473, 52.75263 ], [ 13.54712, 52.7529 ], [ 13.54711, 52.75317 ], [ 13.54717, 52.75327 ], [ 13.54734, 52.7533 ], [ 13.54793, 52.75318 ], [ 13.54805, 52.75308 ], [ 13.5481, 52.75264 ], [ 13.54795, 52.75249 ], [ 13.54775, 52.7524 ] ] ] } },
{ "type": "Feature", "properties": { "boden": "40 % mittel, trocken (vermutet) (M3) · 30 % mittel, trocken (vermutet) (M3) · 30 % mittel, trocken (vermutet) (M3)" }, "geometry": { "type": "Polygon", "coordinates": [ [ [ 13.54203, 52.752 ], [ 13.54169, 52.75204 ], [ 13.54155, 52.75216 ], [ 13.54149, 52.75237 ], [ 13.5415, 52.75273 ], [ 13.54165, 52.75264 ], [ 13.5419, 52.75259 ], [ 13.54221, 52.75244 ], [ 13.54235, 52.7523 ], [ 13.54235, 52.75209 ], [ 13.54203, 52.752 ] ] ] } },
{ "type": "Feature", "properties": { "boden": "100 % mittel, trocken (vermutet) (M3)" }, "geometry": { "type": "Polygon", "coordinates": [ [ [ 13.55038, 52.75226 ], [ 13.55116, 52.75259 ], [ 13.55169, 52.7529 ], [ 13.55187, 52.75261 ], [ 13.55208, 52.75243 ], [ 13.55197, 52.7523 ], [ 13.55179, 52.75226 ], [ 13.55128, 52.75231 ], [ 13.55068, 52.7523 ], [ 13.55013, 52.75207 ], [ 13.55038, 52.75226 ] ] ] } },
{ "type": "Feature", "properties": { "boden": "40 % mittel, trocken (vermutet) (M3) · 30 % mittel, trocken (vermutet) (M3) · 30 % mittel, trocken (vermutet) (M3)" }, "geometry": { "type": "Polygon", "coordinates": [ [ [ 13.55155, 52.75279 ], [ 13.55038, 52.75226 ], [ 13.55013, 52.75207 ], [ 13.54985, 52.75203 ], [ 13.54978, 52.75206 ], [ 13.54966, 52.75229 ], [ 13.54978, 52.75238 ], [ 13.55039, 52.7526 ], [ 13.55104, 52.75305 ], [ 13.55141, 52.75305 ], [ 13.55163, 52.75297 ], [ 13.55169, 52.7529 ], [ 13.55155, 52.75279 ] ] ] } },
{ "type": "Feature", "properties": { "boden": "40 % mittel, trocken (vermutet) (M3) · 30 % mittel, trocken (vermutet) (M3) · 30 % mittel, trocken (vermutet) (M3)" }, "geometry": { "type": "Polygon", "coordinates": [ [ [ 13.54668, 52.75265 ], [ 13.54617, 52.7527 ], [ 13.546, 52.75278 ], [ 13.54681, 52.75321 ], [ 13.5468, 52.75277 ], [ 13.54668, 52.75265 ] ] ] } },
{ "type": "Feature", "properties": { "boden": "40 % mittel, mäßig frisch (M2) · 30 % mittel, mäßig frisch (M2) · 30 % mittel, mäßig frisch (M2)" }, "geometry": { "type": "Polygon", "coordinates": [ [ [ 13.55108, 52.75346 ], [ 13.55092, 52.75336 ], [ 13.55089, 52.75316 ], [ 13.55058, 52.75291 ], [ 13.55023, 52.7528 ], [ 13.54949, 52.75278 ], [ 13.5492, 52.75261 ], [ 13.54911, 52.75284 ], [ 13.54969, 52.75348 ], [ 13.54918, 52.75345 ], [ 13.54911, 52.75354 ], [ 13.54944, 52.75387 ], [ 13.54985, 52.75414 ], [ 13.55023, 52.75428 ], [ 13.55042, 52.75426 ], [ 13.55119, 52.75367 ], [ 13.55108, 52.75346 ] ] ] } },
{ "type": "Feature", "properties": { "boden": "100 % mittel, mäßig frisch (M2)" }, "geometry": { "type": "Polygon", "coordinates": [ [ [ 13.53788, 52.74861 ], [ 13.53746, 52.7497 ], [ 13.53715, 52.7503 ], [ 13.53708, 52.75081 ], [ 13.53663, 52.7517 ], [ 13.53629, 52.75196 ], [ 13.53582, 52.75197 ], [ 13.53316, 52.75146 ], [ 13.53301, 52.75153 ], [ 13.53232, 52.75161 ], [ 13.53221, 52.75158 ], [ 13.53217, 52.75152 ], [ 13.53266, 52.75139 ], [ 13.53067, 52.75105 ], [ 13.53036, 52.75176 ], [ 13.53069, 52.75172 ], [ 13.53083, 52.75182 ], [ 13.53095, 52.75212 ], [ 13.53097, 52.75248 ], [ 13.53107, 52.75266 ], [ 13.53105, 52.75282 ], [ 13.531, 52.75287 ], [ 13.53077, 52.7529 ], [ 13.53046, 52.75283 ], [ 13.53059, 52.75264 ], [ 13.53043, 52.75256 ], [ 13.53039, 52.75245 ], [ 13.53026, 52.75238 ], [ 13.53024, 52.752 ], [ 13.52973, 52.75307 ], [ 13.5296, 52.75348 ], [ 13.52968, 52.75375 ], [ 13.52988, 52.75372 ], [ 13.52996, 52.75374 ], [ 13.53041, 52.75398 ], [ 13.53101, 52.75439 ], [ 13.53159, 52.75493 ], [ 13.53231, 52.75548 ], [ 13.5335, 52.75607 ], [ 13.53416, 52.75654 ], [ 13.53484, 52.75694 ], [ 13.53522, 52.75715 ], [ 13.53582, 52.75737 ], [ 13.53608, 52.75757 ], [ 13.53678, 52.75761 ], [ 13.54024, 52.75817 ], [ 13.54031, 52.75816 ], [ 13.53969, 52.75804 ], [ 13.53954, 52.75795 ], [ 13.53955, 52.75791 ], [ 13.54016, 52.75774 ], [ 13.54064, 52.75769 ], [ 13.54093, 52.75771 ], [ 13.54141, 52.75789 ], [ 13.54145, 52.758 ], [ 13.54139, 52.75807 ], [ 13.5418, 52.75811 ], [ 13.54195, 52.75821 ], [ 13.54307, 52.75825 ], [ 13.5433, 52.75832 ], [ 13.54341, 52.75826 ], [ 13.54342, 52.75798 ], [ 13.54328, 52.75755 ], [ 13.54227, 52.75573 ], [ 13.54174, 52.75464 ], [ 13.54085, 52.75348 ], [ 13.54007, 52.75223 ], [ 13.53923, 52.74986 ], [ 13.53822, 52.74887 ], [ 13.53809, 52.74834 ], [ 13.53788, 52.74861 ] ], [ [ 13.54016, 52.75315 ], [ 13.54037, 52.75338 ], [ 13.54036, 52.75358 ], [ 13.54013, 52.75349 ], [ 13.54005, 52.75339 ], [ 13.54001, 52.75314 ], [ 13.54016, 52.75315 ] ], [ [ 13.53998, 52.75477 ], [ 13.53995, 52.75489 ], [ 13.53972, 52.75497 ], [ 13.53936, 52.755 ], [ 13.53909, 52.75494 ], [ 13.5389, 52.75481 ], [ 13.53882, 52.75466 ], [ 13.53889, 52.7546 ], [ 13.5392, 52.75457 ], [ 13.53945, 52.75463 ], [ 13.5398, 52.75463 ], [ 13.53998, 52.75477 ] ], [ [ 13.53913, 52.75533 ], [ 13.53913, 52.75546 ], [ 13.53879, 52.75552 ], [ 13.53847, 52.75547 ], [ 13.53771, 52.75519 ], [ 13.53735, 52.75516 ], [ 13.53673, 52.75537 ], [ 13.53653, 52.75534 ], [ 13.53651, 52.75526 ], [ 13.53671, 52.75506 ], [ 13.53713, 52.75484 ], [ 13.53726, 52.75491 ], [ 13.53849, 52.75498 ], [ 13.5388, 52.75509 ], [ 13.53913, 52.75533 ] ] ] } },
{ "type": "Feature", "properties": { "boden": "100 % mittel, trocken (vermutet) (M3)" }, "geometry": { "type": "Polygon", "coordinates": [ [ [ 13.53041, 52.75173 ], [ 13.53024, 52.752 ], [ 13.53026, 52.75238 ], [ 13.53039, 52.75245 ], [ 13.53043, 52.75256 ], [ 13.53059, 52.75264 ], [ 13.53046, 52.75283 ], [ 13.53061, 52.75289 ], [ 13.5309, 52.75289 ], [ 13.53105, 52.75282 ], [ 13.53107, 52.75266 ], [ 13.53097, 52.75248 ], [ 13.53095, 52.75212 ], [ 13.53083, 52.75182 ], [ 13.53069, 52.75172 ], [ 13.53041, 52.75173 ] ] ] } },
{ "type": "Feature", "properties": { "boden": "80 % arm, mäßig frisch (A2v) · 20 % mittel, mäßig frisch (M2)" }, "geometry": { "type": "Polygon", "coordinates": [ [ [ 13.52976, 52.75408 ], [ 13.5296, 52.75348 ], [ 13.52973, 52.75307 ], [ 13.53052, 52.75143 ], [ 13.53024, 52.75137 ], [ 13.53032, 52.751 ], [ 13.52999, 52.75095 ], [ 13.52964, 52.75177 ], [ 13.52975, 52.75234 ], [ 13.52915, 52.75276 ], [ 13.52816, 52.75316 ], [ 13.52801, 52.7533 ], [ 13.52801, 52.7535 ], [ 13.52814, 52.75366 ], [ 13.52904, 52.75419 ], [ 13.52976, 52.75408 ] ] ] } },
{ "type": "Feature", "properties": { "boden": "100 % mittel, mäßig frisch (M2)" }, "geometry": { "type": "Polygon", "coordinates": [ [ [ 13.51912, 52.75359 ], [ 13.51831, 52.75328 ], [ 13.5183, 52.75358 ], [ 13.51892, 52.75373 ], [ 13.51912, 52.75359 ] ] ] } },
{ "type": "Feature", "properties": { "boden": "100 % mittel, mäßig frisch (M2)" }, "geometry": { "type": "Polygon", "coordinates": [ [ [ 13.51832, 52.7528 ], [ 13.51831, 52.75316 ], [ 13.51925, 52.75316 ], [ 13.51956, 52.75321 ], [ 13.51963, 52.75315 ], [ 13.51832, 52.7528 ] ] ] } },
{ "type": "Feature", "properties": { "boden": "50 % mittel, mäßig frisch (M2) · 30 % ziemlich arm, mäßig frisch (Z2) · 20 % kräftig, mäßig frisch (K2)" }, "geometry": { "type": "Polygon", "coordinates": [ [ [ 13.51967, 52.75279 ], [ 13.51986, 52.75267 ], [ 13.5196, 52.75255 ], [ 13.51918, 52.75272 ], [ 13.51936, 52.75289 ], [ 13.51961, 52.75296 ], [ 13.51981, 52.75294 ], [ 13.51967, 52.75279 ] ] ] } },
{ "type": "Feature", "properties": { "boden": "100 % mittel, trocken (vermutet) (M3)" }, "geometry": { "type": "Polygon", "coordinates": [ [ [ 13.51925, 52.75316 ], [ 13.51831, 52.75316 ], [ 13.51831, 52.75328 ], [ 13.51912, 52.75359 ], [ 13.51956, 52.75321 ], [ 13.51925, 52.75316 ] ] ] } },
{ "type": "Feature", "properties": { "boden": "100 % ziemlich arm, mäßig frisch (Z2)" }, "geometry": { "type": "Polygon", "coordinates": [ [ [ 13.52626, 52.7532 ], [ 13.52735, 52.75292 ], [ 13.52743, 52.75284 ], [ 13.52713, 52.75281 ], [ 13.52655, 52.75294 ], [ 13.52613, 52.75297 ], [ 13.52596, 52.75303 ], [ 13.52594, 52.75311 ], [ 13.52601, 52.75318 ], [ 13.52626, 52.7532 ] ] ] } },
{ "type": "Feature", "properties": { "boden": "100 % mittel, mäßig frisch (M2)" }, "geometry": { "type": "Polygon", "coordinates": [ [ [ 13.52966, 52.75387 ], [ 13.52976, 52.75408 ], [ 13.53003, 52.75403 ], [ 13.53163, 52.75507 ], [ 13.53198, 52.75525 ], [ 13.53139, 52.7547 ], [ 13.53041, 52.75398 ], [ 13.52988, 52.75372 ], [ 13.52974, 52.75373 ], [ 13.52966, 52.75387 ] ] ] } },
{ "type": "Feature", "properties": { "boden": "100 % mittel, mäßig frisch (M2)" }, "geometry": { "type": "Polygon", "coordinates": [ [ [ 13.52635, 52.75511 ], [ 13.52426, 52.7546 ], [ 13.5236, 52.75434 ], [ 13.52277, 52.75422 ], [ 13.52237, 52.75442 ], [ 13.52383, 52.75463 ], [ 13.52427, 52.75478 ], [ 13.52443, 52.75489 ], [ 13.52546, 52.75516 ], [ 13.52641, 52.75518 ], [ 13.52635, 52.75511 ] ] ] } },
{ "type": "Feature", "properties": { "boden": "100 % mittel, trocken (vermutet) (M3)" }, "geometry": { "type": "Polygon", "coordinates": [ [ [ 13.52642, 52.75519 ], [ 13.52535, 52.75514 ], [ 13.52443, 52.75489 ], [ 13.52427, 52.75478 ], [ 13.52383, 52.75463 ], [ 13.52336, 52.75453 ], [ 13.52237, 52.75442 ], [ 13.52212, 52.75454 ], [ 13.52328, 52.75481 ], [ 13.52285, 52.7552 ], [ 13.52316, 52.75546 ], [ 13.52341, 52.75549 ], [ 13.52397, 52.75545 ], [ 13.52465, 52.75546 ], [ 13.52563, 52.7556 ], [ 13.52592, 52.7556 ], [ 13.52623, 52.75553 ], [ 13.52636, 52.75559 ], [ 13.52642, 52.75574 ], [ 13.52674, 52.75593 ], [ 13.52728, 52.75612 ], [ 13.52751, 52.75615 ], [ 13.52755, 52.75612 ], [ 13.52742, 52.75592 ], [ 13.52672, 52.75571 ], [ 13.52654, 52.75562 ], [ 13.52654, 52.75526 ], [ 13.52642, 52.75519 ] ] ] } },
{ "type": "Feature", "properties": { "boden": "100 % mittel, mäßig frisch (M2)" }, "geometry": { "type": "Polygon", "coordinates": [ [ [ 13.56641, 52.75191 ], [ 13.56625, 52.75194 ], [ 13.56615, 52.75206 ], [ 13.56624, 52.75217 ], [ 13.5664, 52.75221 ], [ 13.56659, 52.75216 ], [ 13.56666, 52.75206 ], [ 13.56657, 52.75194 ], [ 13.56641, 52.75191 ] ] ] } },
{ "type": "Feature", "properties": { "boden": "100 % mittel, mäßig frisch (M2)" }, "geometry": { "type": "Polygon", "coordinates": [ [ [ 13.55659, 52.75458 ], [ 13.55402, 52.75336 ], [ 13.55364, 52.75313 ], [ 13.55338, 52.75289 ], [ 13.55336, 52.75269 ], [ 13.55316, 52.75227 ], [ 13.55302, 52.75216 ], [ 13.55188, 52.75166 ], [ 13.55087, 52.75138 ], [ 13.55006, 52.75094 ], [ 13.54933, 52.75043 ], [ 13.5488, 52.75033 ], [ 13.54742, 52.75054 ], [ 13.54779, 52.75081 ], [ 13.54915, 52.75137 ], [ 13.55013, 52.75207 ], [ 13.55053, 52.75227 ], [ 13.55086, 52.75231 ], [ 13.55179, 52.75226 ], [ 13.55197, 52.7523 ], [ 13.55208, 52.75243 ], [ 13.55187, 52.75261 ], [ 13.55169, 52.7529 ], [ 13.55214, 52.75334 ], [ 13.55275, 52.75443 ], [ 13.55301, 52.75443 ], [ 13.55316, 52.75451 ], [ 13.55313, 52.75482 ], [ 13.55389, 52.75529 ], [ 13.55401, 52.75494 ], [ 13.55453, 52.75473 ], [ 13.55659, 52.75458 ] ] ] } },
{ "type": "Feature", "properties": { "boden": "100 % mittel, trocken (vermutet) (M3)" }, "geometry": { "type": "Polygon", "coordinates": [ [ [ 13.55587, 52.75275 ], [ 13.55578, 52.75284 ], [ 13.55601, 52.75307 ], [ 13.55628, 52.7531 ], [ 13.55647, 52.75306 ], [ 13.55651, 52.75296 ], [ 13.55636, 52.75285 ], [ 13.55587, 52.75275 ] ] ] } },
{ "type": "Feature", "properties": { "boden": "100 % mittel, trocken (vermutet) (M3)" }, "geometry": { "type": "Polygon", "coordinates": [ [ [ 13.55886, 52.75432 ], [ 13.55864, 52.75434 ], [ 13.55854, 52.75439 ], [ 13.55885, 52.75461 ], [ 13.55904, 52.75466 ], [ 13.55912, 52.75462 ], [ 13.55917, 52.75443 ], [ 13.55911, 52.75435 ], [ 13.55886, 52.75432 ] ] ] } },
{ "type": "Feature", "properties": { "boden": "100 % mittel, trocken (vermutet) (M3)" }, "geometry": { "type": "Polygon", "coordinates": [ [ [ 13.55284, 52.75459 ], [ 13.55304, 52.75476 ], [ 13.55313, 52.75482 ], [ 13.55316, 52.75451 ], [ 13.55301, 52.75443 ], [ 13.55275, 52.75443 ], [ 13.55284, 52.75459 ] ] ] } },
{ "type": "Feature", "properties": { "boden": "40 % mittel, trocken (vermutet) (M3) · 30 % mittel, trocken (vermutet) (M3) · 30 % mittel, trocken (vermutet) (M3)" }, "geometry": { "type": "Polygon", "coordinates": [ [ [ 13.55313, 52.75482 ], [ 13.55284, 52.75459 ], [ 13.55275, 52.75443 ], [ 13.55271, 52.75443 ], [ 13.5526, 52.75464 ], [ 13.55265, 52.75484 ], [ 13.55285, 52.7549 ], [ 13.55299, 52.75489 ], [ 13.55313, 52.75482 ] ] ] } },
{ "type": "Feature", "properties": { "boden": "40 % mittel, mäßig frisch (M2) · 30 % mittel, mäßig frisch (M2) · 30 % mittel, mäßig frisch (M2)" }, "geometry": { "type": "Polygon", "coordinates": [ [ [ 13.55315, 52.7556 ], [ 13.55342, 52.75513 ], [ 13.55339, 52.75509 ], [ 13.55328, 52.7551 ], [ 13.55304, 52.75524 ], [ 13.55284, 52.75523 ], [ 13.5524, 52.755 ], [ 13.5521, 52.7547 ], [ 13.55185, 52.75461 ], [ 13.55174, 52.75464 ], [ 13.55156, 52.75507 ], [ 13.55139, 52.75525 ], [ 13.5515, 52.7554 ], [ 13.55172, 52.75545 ], [ 13.55225, 52.75545 ], [ 13.55267, 52.75561 ], [ 13.55304, 52.75566 ], [ 13.55315, 52.7556 ] ] ] } },
{ "type": "Feature", "properties": { "boden": "100 % mittel, trocken (vermutet) (M3)" }, "geometry": { "type": "Polygon", "coordinates": [ [ [ 13.55409, 52.75633 ], [ 13.55431, 52.75612 ], [ 13.55431, 52.75603 ], [ 13.55403, 52.75615 ], [ 13.55385, 52.7564 ], [ 13.55347, 52.75662 ], [ 13.55331, 52.75696 ], [ 13.55397, 52.75662 ], [ 13.55408, 52.7565 ], [ 13.55409, 52.75633 ] ] ] } },
{ "type": "Feature", "properties": { "boden": "100 % mittel, mäßig frisch (M2)" }, "geometry": { "type": "Polygon", "coordinates": [ [ [ 13.55966, 52.75624 ], [ 13.55918, 52.7557 ], [ 13.55889, 52.75547 ], [ 13.55799, 52.75495 ], [ 13.55739, 52.75474 ], [ 13.55682, 52.75462 ], [ 13.5564, 52.75462 ], [ 13.55453, 52.75473 ], [ 13.55401, 52.75494 ], [ 13.55389, 52.75529 ], [ 13.55449, 52.7556 ], [ 13.55447, 52.75599 ], [ 13.55408, 52.7565 ], [ 13.55411, 52.7566 ], [ 13.55401, 52.75681 ], [ 13.55335, 52.75731 ], [ 13.55302, 52.75772 ], [ 13.55279, 52.75811 ], [ 13.55281, 52.75819 ], [ 13.55294, 52.75833 ], [ 13.55317, 52.7584 ], [ 13.55384, 52.75848 ], [ 13.55391, 52.75851 ], [ 13.5539, 52.75859 ], [ 13.55411, 52.75862 ], [ 13.55589, 52.75861 ], [ 13.55888, 52.75882 ], [ 13.55976, 52.75645 ], [ 13.55966, 52.75624 ] ] ] } },
{ "type": "Feature", "properties": { "boden": "100 % mittel, mäßig frisch (M2)" }, "geometry": { "type": "Polygon", "coordinates": [ [ [ 13.55283, 52.75628 ], [ 13.5521, 52.75707 ], [ 13.55161, 52.75765 ], [ 13.55228, 52.7573 ], [ 13.55248, 52.75714 ], [ 13.55278, 52.75675 ], [ 13.55288, 52.75635 ], [ 13.55283, 52.75628 ] ] ] } },
{ "type": "Feature", "properties": { "boden": "100 % mittel, trocken (vermutet) (M3)" }, "geometry": { "type": "Polygon", "coordinates": [ [ [ 13.54004, 52.75312 ], [ 13.54005, 52.75339 ], [ 13.54013, 52.75349 ], [ 13.54036, 52.75358 ], [ 13.54031, 52.75326 ], [ 13.54004, 52.75312 ] ] ] } },
{ "type": "Feature", "properties": { "boden": "40 % mittel, mäßig frisch (M2) · 30 % mittel, mäßig frisch (M2) · 30 % mittel, mäßig frisch (M2)" }, "geometry": { "type": "Polygon", "coordinates": [ [ [ 13.54587, 52.75297 ], [ 13.54537, 52.75305 ], [ 13.54529, 52.7531 ], [ 13.54528, 52.75325 ], [ 13.54535, 52.75335 ], [ 13.54549, 52.75349 ], [ 13.54603, 52.75379 ], [ 13.54644, 52.75391 ], [ 13.54663, 52.75392 ], [ 13.54675, 52.75383 ], [ 13.54678, 52.75362 ], [ 13.54672, 52.7534 ], [ 13.54636, 52.75311 ], [ 13.54587, 52.75297 ] ] ] } },
{ "type": "Feature", "properties": { "boden": "40 % mittel, mäßig frisch (M2) · 30 % mittel, mäßig frisch (M2) · 30 % mittel, mäßig frisch (M2)" }, "geometry": { "type": "Polygon", "coordinates": [ [ [ 13.54379, 52.75359 ], [ 13.54384, 52.75406 ], [ 13.54405, 52.75444 ], [ 13.54407, 52.7549 ], [ 13.54479, 52.75465 ], [ 13.54479, 52.7542 ], [ 13.54454, 52.75365 ], [ 13.5447, 52.75339 ], [ 13.54468, 52.75313 ], [ 13.54448, 52.75292 ], [ 13.54394, 52.7526 ], [ 13.54346, 52.75312 ], [ 13.5435, 52.75324 ], [ 13.54362, 52.75327 ], [ 13.5437, 52.75336 ], [ 13.5436, 52.75345 ], [ 13.54379, 52.75359 ] ] ] } },
{ "type": "Feature", "properties": { "boden": "40 % mittel, trocken (vermutet) (M3) · 30 % mittel, trocken (vermutet) (M3) · 30 % mittel, trocken (vermutet) (M3)" }, "geometry": { "type": "Polygon", "coordinates": [ [ [ 13.54503, 52.75338 ], [ 13.54493, 52.75352 ], [ 13.54495, 52.7537 ], [ 13.5451, 52.75412 ], [ 13.5453, 52.75432 ], [ 13.54542, 52.75437 ], [ 13.54569, 52.75438 ], [ 13.54582, 52.75431 ], [ 13.5458, 52.75401 ], [ 13.54545, 52.75362 ], [ 13.54503, 52.75338 ] ] ] } },
{ "type": "Feature", "properties": { "boden": "40 % mittel, mäßig frisch (M2) · 30 % mittel, mäßig frisch (M2) · 30 % mittel, mäßig frisch (M2)" }, "geometry": { "type": "Polygon", "coordinates": [ [ [ 13.54328, 52.75459 ], [ 13.54317, 52.7543 ], [ 13.54305, 52.75422 ], [ 13.54224, 52.75388 ], [ 13.54178, 52.75348 ], [ 13.54144, 52.75339 ], [ 13.54123, 52.75327 ], [ 13.54122, 52.75367 ], [ 13.54143, 52.75388 ], [ 13.54195, 52.75402 ], [ 13.54216, 52.75422 ], [ 13.54278, 52.75438 ], [ 13.54324, 52.7546 ], [ 13.54328, 52.75459 ] ] ] } },
{ "type": "Feature", "properties": { "boden": "40 % mittel, mäßig frisch (M2) · 30 % mittel, mäßig frisch (M2) · 30 % mittel, mäßig frisch (M2)" }, "geometry": { "type": "Polygon", "coordinates": [ [ [ 13.55161, 52.75765 ], [ 13.55126, 52.75777 ], [ 13.55105, 52.75771 ], [ 13.55082, 52.75741 ], [ 13.55085, 52.75725 ], [ 13.55109, 52.75706 ], [ 13.55138, 52.75693 ], [ 13.55173, 52.75685 ], [ 13.55196, 52.75686 ], [ 13.55222, 52.75694 ], [ 13.55345, 52.75553 ], [ 13.55389, 52.75529 ], [ 13.55313, 52.75482 ], [ 13.55299, 52.75489 ], [ 13.55285, 52.7549 ], [ 13.55265, 52.75484 ], [ 13.5526, 52.75464 ], [ 13.55266, 52.75445 ], [ 13.55275, 52.75443 ], [ 13.55214, 52.75334 ], [ 13.55192, 52.75309 ], [ 13.55169, 52.7529 ], [ 13.55141, 52.75305 ], [ 13.55104, 52.75305 ], [ 13.55039, 52.7526 ], [ 13.54978, 52.75238 ], [ 13.54964, 52.75224 ], [ 13.54978, 52.75206 ], [ 13.54985, 52.75203 ], [ 13.55013, 52.75207 ], [ 13.54915, 52.75137 ], [ 13.54779, 52.75081 ], [ 13.54742, 52.75054 ], [ 13.54548, 52.75083 ], [ 13.54452, 52.75061 ], [ 13.54418, 52.75041 ], [ 13.54354, 52.75034 ], [ 13.54291, 52.75043 ], [ 13.54286, 52.75073 ], [ 13.54301, 52.75093 ], [ 13.54307, 52.75154 ], [ 13.54322, 52.75156 ], [ 13.54336, 52.75166 ], [ 13.54351, 52.75186 ], [ 13.54344, 52.75211 ], [ 13.54337, 52.75217 ], [ 13.54328, 52.75215 ], [ 13.54318, 52.75245 ], [ 13.54335, 52.75302 ], [ 13.54358, 52.75344 ], [ 13.54368, 52.75342 ], [ 13.5437, 52.75336 ], [ 13.54362, 52.75327 ], [ 13.5435, 52.75324 ], [ 13.54346, 52.75312 ], [ 13.54394, 52.7526 ], [ 13.54448, 52.75292 ], [ 13.54472, 52.75322 ], [ 13.54467, 52.75347 ], [ 13.54454, 52.75365 ], [ 13.54479, 52.7542 ], [ 13.54479, 52.75465 ], [ 13.54407, 52.7549 ], [ 13.54408, 52.75505 ], [ 13.54443, 52.75566 ], [ 13.54438, 52.75539 ], [ 13.54443, 52.75524 ], [ 13.54454, 52.75511 ], [ 13.54488, 52.75489 ], [ 13.54524, 52.75477 ], [ 13.54568, 52.75474 ], [ 13.54579, 52.75478 ], [ 13.54587, 52.75493 ], [ 13.54588, 52.75508 ], [ 13.54555, 52.75532 ], [ 13.54521, 52.75585 ], [ 13.54486, 52.75601 ], [ 13.54471, 52.75604 ], [ 13.54476, 52.75617 ], [ 13.54504, 52.75608 ], [ 13.54543, 52.75587 ], [ 13.54555, 52.75575 ], [ 13.54578, 52.75531 ], [ 13.54617, 52.75512 ], [ 13.5462, 52.75494 ], [ 13.54594, 52.75457 ], [ 13.54611, 52.75432 ], [ 13.54612, 52.75413 ], [ 13.54619, 52.75404 ], [ 13.54643, 52.75404 ], [ 13.54697, 52.75422 ], [ 13.54735, 52.75422 ], [ 13.5477, 52.75426 ], [ 13.54789, 52.75434 ], [ 13.54808, 52.75451 ], [ 13.54804, 52.75466 ], [ 13.54778, 52.75487 ], [ 13.54684, 52.75509 ], [ 13.54647, 52.75527 ], [ 13.54618, 52.75579 ], [ 13.54615, 52.75628 ], [ 13.54601, 52.75655 ], [ 13.54527, 52.75677 ], [ 13.54509, 52.75678 ], [ 13.54486, 52.75668 ], [ 13.5453, 52.75751 ], [ 13.54568, 52.75796 ], [ 13.54587, 52.75856 ], [ 13.54627, 52.75898 ], [ 13.54772, 52.75891 ], [ 13.54814, 52.75881 ], [ 13.54847, 52.75819 ], [ 13.54911, 52.7576 ], [ 13.54963, 52.75683 ], [ 13.54994, 52.75668 ], [ 13.55039, 52.75668 ], [ 13.55057, 52.75675 ], [ 13.55042, 52.75693 ], [ 13.54993, 52.75724 ], [ 13.54969, 52.75768 ], [ 13.55007, 52.75845 ], [ 13.55054, 52.7585 ], [ 13.55094, 52.75843 ], [ 13.55161, 52.75765 ] ], [ [ 13.55054, 52.7579 ], [ 13.55049, 52.75813 ], [ 13.55043, 52.75819 ], [ 13.55035, 52.75818 ], [ 13.5502, 52.75801 ], [ 13.55025, 52.7578 ], [ 13.55048, 52.75777 ], [ 13.55054, 52.7579 ] ], [ [ 13.54875, 52.75761 ], [ 13.54823, 52.75805 ], [ 13.54796, 52.75853 ], [ 13.54781, 52.75868 ], [ 13.54759, 52.75875 ], [ 13.54727, 52.75877 ], [ 13.54667, 52.7587 ], [ 13.5466, 52.75841 ], [ 13.54719, 52.75829 ], [ 13.54764, 52.75808 ], [ 13.54816, 52.7577 ], [ 13.54819, 52.75754 ], [ 13.54814, 52.75741 ], [ 13.54802, 52.75732 ], [ 13.54747, 52.75727 ], [ 13.5472, 52.75732 ], [ 13.54699, 52.75754 ], [ 13.54692, 52.7579 ], [ 13.54684, 52.75797 ], [ 13.54652, 52.75738 ], [ 13.54625, 52.75709 ], [ 13.54623, 52.75697 ], [ 13.5463, 52.75692 ], [ 13.54668, 52.75681 ], [ 13.54778, 52.75666 ], [ 13.54813, 52.7565 ], [ 13.54842, 52.75648 ], [ 13.54864, 52.75668 ], [ 13.54894, 52.75677 ], [ 13.54865, 52.75689 ], [ 13.54859, 52.75699 ], [ 13.54877, 52.75752 ], [ 13.54875, 52.75761 ] ], [ [ 13.54919, 52.75393 ], [ 13.54949, 52.75445 ], [ 13.5493, 52.75481 ], [ 13.54939, 52.75534 ], [ 13.54923, 52.75593 ], [ 13.54948, 52.75629 ], [ 13.54946, 52.75642 ], [ 13.54934, 52.75652 ], [ 13.54924, 52.75649 ], [ 13.54914, 52.75629 ], [ 13.54901, 52.75618 ], [ 13.54846, 52.75609 ], [ 13.54814, 52.7556 ], [ 13.54803, 52.75531 ], [ 13.54808, 52.75503 ], [ 13.54852, 52.7548 ], [ 13.54874, 52.75458 ], [ 13.54877, 52.75427 ], [ 13.54867, 52.75407 ], [ 13.54824, 52.75377 ], [ 13.54801, 52.75389 ], [ 13.54754, 52.75373 ], [ 13.5474, 52.75362 ], [ 13.54749, 52.75357 ], [ 13.54788, 52.75351 ], [ 13.54841, 52.75362 ], [ 13.54873, 52.75362 ], [ 13.54894, 52.75371 ], [ 13.54919, 52.75393 ] ], [ [ 13.5512, 52.75362 ], [ 13.55109, 52.75376 ], [ 13.55042, 52.75426 ], [ 13.55023, 52.75428 ], [ 13.54985, 52.75414 ], [ 13.54944, 52.75387 ], [ 13.54911, 52.75354 ], [ 13.54918, 52.75345 ], [ 13.54969, 52.75348 ], [ 13.54911, 52.75284 ], [ 13.5492, 52.75261 ], [ 13.54949, 52.75278 ], [ 13.55023, 52.7528 ], [ 13.55058, 52.75291 ], [ 13.55089, 52.75316 ], [ 13.55092, 52.75336 ], [ 13.55116, 52.75352 ], [ 13.5512, 52.75362 ] ], [ [ 13.54806, 52.75257 ], [ 13.54811, 52.75284 ], [ 13.548, 52.75314 ], [ 13.54727, 52.7533 ], [ 13.54717, 52.75327 ], [ 13.54711, 52.75317 ], [ 13.54712, 52.7529 ], [ 13.5473, 52.75263 ], [ 13.54715, 52.75245 ], [ 13.54688, 52.7524 ], [ 13.54625, 52.75252 ], [ 13.54558, 52.75253 ], [ 13.54545, 52.75216 ], [ 13.54552, 52.75196 ], [ 13.54586, 52.75169 ], [ 13.54596, 52.75146 ], [ 13.54614, 52.75129 ], [ 13.54628, 52.75105 ], [ 13.54647, 52.75092 ], [ 13.5467, 52.75088 ], [ 13.54719, 52.75088 ], [ 13.54739, 52.75093 ], [ 13.54749, 52.75102 ], [ 13.5475, 52.75129 ], [ 13.54759, 52.75144 ], [ 13.54805, 52.75154 ], [ 13.54832, 52.75166 ], [ 13.54894, 52.75164 ], [ 13.54912, 52.75169 ], [ 13.5492, 52.75185 ], [ 13.54916, 52.75207 ], [ 13.54882, 52.75228 ], [ 13.54848, 52.75237 ], [ 13.54832, 52.75233 ], [ 13.54826, 52.75218 ], [ 13.54805, 52.75202 ], [ 13.54751, 52.75181 ], [ 13.54691, 52.75178 ], [ 13.54647, 52.75187 ], [ 13.54637, 52.75202 ], [ 13.54642, 52.7521 ], [ 13.54775, 52.7524 ], [ 13.54806, 52.75257 ] ], [ [ 13.54438, 52.75095 ], [ 13.54478, 52.75106 ], [ 13.54499, 52.7512 ], [ 13.54504, 52.75144 ], [ 13.54494, 52.75166 ], [ 13.54495, 52.75197 ], [ 13.54489, 52.75205 ], [ 13.54474, 52.7521 ], [ 13.54427, 52.75218 ], [ 13.54409, 52.75228 ], [ 13.54397, 52.75228 ], [ 13.54379, 52.75217 ], [ 13.54394, 52.75195 ], [ 13.54392, 52.75174 ], [ 13.54345, 52.75143 ], [ 13.54335, 52.75105 ], [ 13.54341, 52.75097 ], [ 13.54357, 52.75092 ], [ 13.54383, 52.75089 ], [ 13.54438, 52.75095 ] ], [ [ 13.54675, 52.75269 ], [ 13.54683, 52.75287 ], [ 13.54681, 52.75321 ], [ 13.546, 52.75278 ], [ 13.54639, 52.75265 ], [ 13.54659, 52.75264 ], [ 13.54675, 52.75269 ] ], [ [ 13.54626, 52.75306 ], [ 13.54656, 52.75323 ], [ 13.54672, 52.7534 ], [ 13.54678, 52.75362 ], [ 13.54675, 52.75383 ], [ 13.54663, 52.75392 ], [ 13.54644, 52.75391 ], [ 13.54603, 52.75379 ], [ 13.54549, 52.75349 ], [ 13.54528, 52.75325 ], [ 13.54529, 52.7531 ], [ 13.54571, 52.75298 ], [ 13.54587, 52.75297 ], [ 13.54626, 52.75306 ] ], [ [ 13.54545, 52.75362 ], [ 13.5458, 52.75401 ], [ 13.54582, 52.75431 ], [ 13.54569, 52.75438 ], [ 13.54542, 52.75437 ], [ 13.5453, 52.75432 ], [ 13.5451, 52.75412 ], [ 13.54495, 52.7537 ], [ 13.54499, 52.75339 ], [ 13.54509, 52.7534 ], [ 13.54545, 52.75362 ] ], [ [ 13.54702, 52.7555 ], [ 13.54706, 52.75566 ], [ 13.54721, 52.75579 ], [ 13.54719, 52.75589 ], [ 13.54694, 52.75599 ], [ 13.54654, 52.75602 ], [ 13.54649, 52.75592 ], [ 13.54663, 52.75551 ], [ 13.54679, 52.75547 ], [ 13.54702, 52.7555 ] ], [ [ 13.55041, 52.75536 ], [ 13.55047, 52.75548 ], [ 13.55036, 52.75582 ], [ 13.55022, 52.75592 ], [ 13.55007, 52.75596 ], [ 13.54993, 52.75593 ], [ 13.54984, 52.75581 ], [ 13.54983, 52.75559 ], [ 13.54992, 52.75535 ], [ 13.55019, 52.75527 ], [ 13.55041, 52.75536 ] ], [ [ 13.5531, 52.75564 ], [ 13.55289, 52.75565 ], [ 13.55225, 52.75545 ], [ 13.55172, 52.75545 ], [ 13.55143, 52.75535 ], [ 13.55139, 52.75525 ], [ 13.55156, 52.75507 ], [ 13.55166, 52.75474 ], [ 13.55179, 52.75461 ], [ 13.55193, 52.75462 ], [ 13.5521, 52.7547 ], [ 13.5524, 52.755 ], [ 13.55284, 52.75523 ], [ 13.55304, 52.75524 ], [ 13.55328, 52.7551 ], [ 13.55342, 52.7551 ], [ 13.5531, 52.75564 ] ], [ [ 13.54603, 52.75729 ], [ 13.54609, 52.7574 ], [ 13.54602, 52.7577 ], [ 13.54596, 52.75775 ], [ 13.54584, 52.75774 ], [ 13.5456, 52.75761 ], [ 13.54552, 52.75746 ], [ 13.54551, 52.75724 ], [ 13.54566, 52.75715 ], [ 13.54576, 52.75715 ], [ 13.54603, 52.75729 ] ] ] } },
{ "type": "Feature", "properties": { "boden": "40 % mittel, trocken (vermutet) (M3) · 30 % mittel, trocken (vermutet) (M3) · 30 % mittel, trocken (vermutet) (M3)" }, "geometry": { "type": "Polygon", "coordinates": [ [ [ 13.54202, 52.75456 ], [ 13.54198, 52.75467 ], [ 13.54282, 52.75486 ], [ 13.54301, 52.75503 ], [ 13.54323, 52.75502 ], [ 13.54323, 52.75486 ], [ 13.54307, 52.75475 ], [ 13.54202, 52.75456 ] ] ] } },
{ "type": "Feature", "properties": { "boden": "100 % mittel, mäßig frisch (M2)" }, "geometry": { "type": "Polygon", "coordinates": [ [ [ 13.5398, 52.75463 ], [ 13.53905, 52.75457 ], [ 13.53889, 52.7546 ], [ 13.53882, 52.7547 ], [ 13.53909, 52.75494 ], [ 13.53953, 52.755 ], [ 13.54, 52.75485 ], [ 13.53992, 52.75469 ], [ 13.5398, 52.75463 ] ] ] } },
{ "type": "Feature", "properties": { "boden": "40 % mittel, trocken (vermutet) (M3) · 30 % mittel, trocken (vermutet) (M3) · 30 % mittel, trocken (vermutet) (M3)" }, "geometry": { "type": "Polygon", "coordinates": [ [ [ 13.54894, 52.75371 ], [ 13.54873, 52.75362 ], [ 13.54841, 52.75362 ], [ 13.54788, 52.75351 ], [ 13.54749, 52.75357 ], [ 13.5474, 52.75362 ], [ 13.54754, 52.75373 ], [ 13.54801, 52.75389 ], [ 13.54824, 52.75377 ], [ 13.54867, 52.75407 ], [ 13.54877, 52.75427 ], [ 13.54874, 52.75458 ], [ 13.54852, 52.7548 ], [ 13.54808, 52.75503 ], [ 13.54803, 52.75531 ], [ 13.54814, 52.7556 ], [ 13.54846, 52.75609 ], [ 13.54901, 52.75618 ], [ 13.54914, 52.75629 ], [ 13.54924, 52.75649 ], [ 13.54934, 52.75652 ], [ 13.54946, 52.75642 ], [ 13.54948, 52.75629 ], [ 13.54923, 52.75593 ], [ 13.54939, 52.75534 ], [ 13.5493, 52.75481 ], [ 13.54949, 52.75445 ], [ 13.54919, 52.75393 ], [ 13.54894, 52.75371 ] ] ] } },
{ "type": "Feature", "properties": { "boden": "100 % mittel, trocken (vermutet) (M3)" }, "geometry": { "type": "Polygon", "coordinates": [ [ [ 13.5388, 52.75509 ], [ 13.53849, 52.75498 ], [ 13.53726, 52.75491 ], [ 13.5371, 52.75484 ], [ 13.53671, 52.75506 ], [ 13.53651, 52.75526 ], [ 13.53653, 52.75534 ], [ 13.53673, 52.75537 ], [ 13.53729, 52.75518 ], [ 13.53746, 52.75516 ], [ 13.53783, 52.75522 ], [ 13.53847, 52.75547 ], [ 13.53894, 52.7555 ], [ 13.53913, 52.75546 ], [ 13.53916, 52.75538 ], [ 13.5388, 52.75509 ] ] ] } },
{ "type": "Feature", "properties": { "boden": "40 % mittel, trocken (vermutet) (M3) · 30 % mittel, trocken (vermutet) (M3) · 30 % mittel, trocken (vermutet) (M3)" }, "geometry": { "type": "Polygon", "coordinates": [ [ [ 13.54447, 52.75572 ], [ 13.54471, 52.75604 ], [ 13.54486, 52.75601 ], [ 13.54521, 52.75585 ], [ 13.54555, 52.75532 ], [ 13.54588, 52.75508 ], [ 13.54587, 52.75493 ], [ 13.54576, 52.75476 ], [ 13.54524, 52.75477 ], [ 13.54506, 52.75482 ], [ 13.54454, 52.75511 ], [ 13.54438, 52.75539 ], [ 13.54447, 52.75572 ] ] ] } },
{ "type": "Feature", "properties": { "boden": "40 % mittel, mäßig frisch (M2) · 30 % mittel, mäßig frisch (M2) · 30 % mittel, mäßig frisch (M2)" }, "geometry": { "type": "Polygon", "coordinates": [ [ [ 13.54476, 52.75617 ], [ 13.54486, 52.75668 ], [ 13.54509, 52.75678 ], [ 13.54587, 52.75662 ], [ 13.54601, 52.75655 ], [ 13.54615, 52.75628 ], [ 13.54618, 52.75579 ], [ 13.54647, 52.75527 ], [ 13.54684, 52.75509 ], [ 13.54714, 52.75505 ], [ 13.54788, 52.75482 ], [ 13.54808, 52.75458 ], [ 13.54805, 52.75444 ], [ 13.54789, 52.75434 ], [ 13.54759, 52.75424 ], [ 13.54697, 52.75422 ], [ 13.54643, 52.75404 ], [ 13.54619, 52.75404 ], [ 13.54612, 52.75413 ], [ 13.54611, 52.75432 ], [ 13.54594, 52.75457 ], [ 13.5462, 52.75494 ], [ 13.54621, 52.75506 ], [ 13.54611, 52.75517 ], [ 13.54578, 52.75531 ], [ 13.54555, 52.75575 ], [ 13.54543, 52.75587 ], [ 13.54504, 52.75608 ], [ 13.54476, 52.75617 ] ], [ [ 13.5468, 52.75442 ], [ 13.5473, 52.75448 ], [ 13.54764, 52.75458 ], [ 13.54756, 52.75477 ], [ 13.54709, 52.75475 ], [ 13.54696, 52.75479 ], [ 13.54687, 52.75488 ], [ 13.54672, 52.75488 ], [ 13.54641, 52.75452 ], [ 13.54643, 52.75448 ], [ 13.5468, 52.75442 ] ] ] } },
{ "type": "Feature", "properties": { "boden": "40 % mittel, mäßig frisch (M2) · 30 % mittel, mäßig frisch (M2) · 30 % mittel, mäßig frisch (M2)" }, "geometry": { "type": "Polygon", "coordinates": [ [ [ 13.55019, 52.75527 ], [ 13.54992, 52.75535 ], [ 13.54983, 52.75559 ], [ 13.54987, 52.75588 ], [ 13.55007, 52.75596 ], [ 13.55022, 52.75592 ], [ 13.55036, 52.75582 ], [ 13.55044, 52.75566 ], [ 13.55041, 52.75536 ], [ 13.55019, 52.75527 ] ] ] } },
{ "type": "Feature", "properties": { "boden": "40 % mittel, trocken (vermutet) (M3) · 30 % mittel, trocken (vermutet) (M3) · 30 % mittel, trocken (vermutet) (M3)" }, "geometry": { "type": "Polygon", "coordinates": [ [ [ 13.54679, 52.75547 ], [ 13.54663, 52.75551 ], [ 13.54654, 52.75566 ], [ 13.54649, 52.75592 ], [ 13.54654, 52.75602 ], [ 13.54694, 52.75599 ], [ 13.54722, 52.75586 ], [ 13.54706, 52.75566 ], [ 13.54702, 52.7555 ], [ 13.54679, 52.75547 ] ] ] } },
{ "type": "Feature", "properties": { "boden": "40 % mittel, trocken (vermutet) (M3) · 30 % mittel, trocken (vermutet) (M3) · 30 % mittel, trocken (vermutet) (M3)" }, "geometry": { "type": "Polygon", "coordinates": [ [ [ 13.5431, 52.75577 ], [ 13.54278, 52.75585 ], [ 13.54269, 52.7559 ], [ 13.54267, 52.75602 ], [ 13.543, 52.75631 ], [ 13.54355, 52.75663 ], [ 13.54362, 52.75661 ], [ 13.54374, 52.75644 ], [ 13.54364, 52.7561 ], [ 13.54341, 52.75585 ], [ 13.5431, 52.75577 ] ] ] } },
{ "type": "Feature", "properties": { "boden": "100 % mittel, mäßig frisch (M2)" }, "geometry": { "type": "Polygon", "coordinates": [ [ [ 13.54512, 52.75844 ], [ 13.54499, 52.75836 ], [ 13.54494, 52.75842 ], [ 13.54471, 52.75851 ], [ 13.5442, 52.7586 ], [ 13.54387, 52.7586 ], [ 13.54375, 52.75856 ], [ 13.54372, 52.75849 ], [ 13.5442, 52.75832 ], [ 13.5433, 52.75832 ], [ 13.54307, 52.75825 ], [ 13.54195, 52.75821 ], [ 13.5418, 52.75811 ], [ 13.54139, 52.75807 ], [ 13.54101, 52.75821 ], [ 13.54024, 52.75817 ], [ 13.53678, 52.75761 ], [ 13.53608, 52.75757 ], [ 13.53582, 52.75737 ], [ 13.53522, 52.75715 ], [ 13.53484, 52.75694 ], [ 13.53416, 52.75654 ], [ 13.5335, 52.75607 ], [ 13.53281, 52.75571 ], [ 13.53321, 52.75609 ], [ 13.53334, 52.75631 ], [ 13.53313, 52.75638 ], [ 13.53394, 52.75689 ], [ 13.53478, 52.75736 ], [ 13.53511, 52.75731 ], [ 13.53551, 52.75752 ], [ 13.53612, 52.75765 ], [ 13.53659, 52.75781 ], [ 13.53741, 52.75801 ], [ 13.53748, 52.75811 ], [ 13.5371, 52.75826 ], [ 13.53737, 52.75833 ], [ 13.53803, 52.75839 ], [ 13.53905, 52.75838 ], [ 13.53887, 52.75827 ], [ 13.53789, 52.7581 ], [ 13.53799, 52.75802 ], [ 13.53831, 52.758 ], [ 13.53969, 52.75817 ], [ 13.54015, 52.75831 ], [ 13.5414, 52.75839 ], [ 13.54236, 52.75853 ], [ 13.54289, 52.75852 ], [ 13.54275, 52.7584 ], [ 13.54283, 52.75837 ], [ 13.54328, 52.75854 ], [ 13.54346, 52.75874 ], [ 13.54357, 52.75878 ], [ 13.54439, 52.75882 ], [ 13.54458, 52.75886 ], [ 13.54519, 52.75865 ], [ 13.54512, 52.75844 ] ] ] } },
{ "type": "Feature", "properties": { "boden": "40 % mittel, mäßig frisch (M2) · 30 % mittel, mäßig frisch (M2) · 30 % mittel, mäßig frisch (M2)" }, "geometry": { "type": "Polygon", "coordinates": [ [ [ 13.54576, 52.75715 ], [ 13.54553, 52.7572 ], [ 13.54552, 52.75746 ], [ 13.5456, 52.75761 ], [ 13.54576, 52.75771 ], [ 13.54596, 52.75775 ], [ 13.54609, 52.7574 ], [ 13.54603, 52.75729 ], [ 13.54576, 52.75715 ] ] ] } },
{ "type": "Feature", "properties": { "boden": "40 % mittel, trocken (vermutet) (M3) · 30 % mittel, trocken (vermutet) (M3) · 30 % mittel, trocken (vermutet) (M3)" }, "geometry": { "type": "Polygon", "coordinates": [ [ [ 13.54877, 52.75752 ], [ 13.54859, 52.75699 ], [ 13.54865, 52.75689 ], [ 13.54894, 52.75677 ], [ 13.54864, 52.75668 ], [ 13.54847, 52.75651 ], [ 13.54829, 52.75646 ], [ 13.54778, 52.75666 ], [ 13.54668, 52.75681 ], [ 13.54623, 52.75697 ], [ 13.54625, 52.75709 ], [ 13.54652, 52.75738 ], [ 13.54684, 52.75797 ], [ 13.54692, 52.7579 ], [ 13.54699, 52.75754 ], [ 13.5472, 52.75732 ], [ 13.54747, 52.75727 ], [ 13.54802, 52.75732 ], [ 13.54814, 52.75741 ], [ 13.54819, 52.75754 ], [ 13.54816, 52.7577 ], [ 13.54764, 52.75808 ], [ 13.54719, 52.75829 ], [ 13.5466, 52.75841 ], [ 13.54667, 52.7587 ], [ 13.54727, 52.75877 ], [ 13.54759, 52.75875 ], [ 13.54781, 52.75868 ], [ 13.54796, 52.75853 ], [ 13.54823, 52.75805 ], [ 13.54875, 52.75761 ], [ 13.54877, 52.75752 ] ] ] } },
{ "type": "Feature", "properties": { "boden": "40 % mittel, mäßig frisch (M2) · 30 % mittel, mäßig frisch (M2) · 30 % mittel, mäßig frisch (M2)" }, "geometry": { "type": "Polygon", "coordinates": [ [ [ 13.54415, 52.7573 ], [ 13.54386, 52.75735 ], [ 13.54376, 52.75746 ], [ 13.54392, 52.75802 ], [ 13.54398, 52.75805 ], [ 13.54423, 52.75796 ], [ 13.54433, 52.75781 ], [ 13.54434, 52.75749 ], [ 13.54427, 52.75735 ], [ 13.54415, 52.7573 ] ] ] } },
{ "type": "Feature", "properties": { "boden": "40 % mittel, mäßig frisch (M2) · 30 % mittel, mäßig frisch (M2) · 30 % mittel, mäßig frisch (M2)" }, "geometry": { "type": "Polygon", "coordinates": [ [ [ 13.55084, 52.75856 ], [ 13.55094, 52.75843 ], [ 13.55054, 52.7585 ], [ 13.55007, 52.75845 ], [ 13.54999, 52.75838 ], [ 13.54995, 52.75814 ], [ 13.54975, 52.75785 ], [ 13.54969, 52.75768 ], [ 13.54993, 52.75724 ], [ 13.55055, 52.75683 ], [ 13.55052, 52.7567 ], [ 13.55006, 52.75666 ], [ 13.54983, 52.75671 ], [ 13.54963, 52.75683 ], [ 13.54911, 52.7576 ], [ 13.54836, 52.75832 ], [ 13.54814, 52.75881 ], [ 13.54772, 52.75891 ], [ 13.54627, 52.75898 ], [ 13.54633, 52.75904 ], [ 13.54855, 52.75895 ], [ 13.55084, 52.75856 ] ] ] } },
{ "type": "Feature", "properties": { "boden": "100 % mittel, mäßig frisch (M2)" }, "geometry": { "type": "Polygon", "coordinates": [ [ [ 13.55811, 52.75883 ], [ 13.55883, 52.75896 ], [ 13.55888, 52.75882 ], [ 13.55589, 52.75861 ], [ 13.55564, 52.75862 ], [ 13.55569, 52.7587 ], [ 13.55563, 52.75878 ], [ 13.55546, 52.75884 ], [ 13.55514, 52.75875 ], [ 13.55512, 52.75869 ], [ 13.55521, 52.75863 ], [ 13.5539, 52.75859 ], [ 13.55376, 52.75868 ], [ 13.55347, 52.75871 ], [ 13.55258, 52.75869 ], [ 13.55211, 52.75874 ], [ 13.55197, 52.7587 ], [ 13.55186, 52.75851 ], [ 13.55187, 52.7583 ], [ 13.55211, 52.75778 ], [ 13.55253, 52.75769 ], [ 13.55259, 52.75761 ], [ 13.55278, 52.75754 ], [ 13.55331, 52.75696 ], [ 13.55347, 52.75662 ], [ 13.55385, 52.7564 ], [ 13.55403, 52.75615 ], [ 13.55431, 52.75603 ], [ 13.55431, 52.75612 ], [ 13.55409, 52.75633 ], [ 13.55408, 52.7565 ], [ 13.55447, 52.75599 ], [ 13.55449, 52.7556 ], [ 13.55389, 52.75529 ], [ 13.55345, 52.75553 ], [ 13.5528, 52.7563 ], [ 13.55287, 52.7563 ], [ 13.55288, 52.75635 ], [ 13.55286, 52.75656 ], [ 13.55278, 52.75675 ], [ 13.55248, 52.75714 ], [ 13.55228, 52.7573 ], [ 13.55161, 52.75765 ], [ 13.55077, 52.75859 ], [ 13.55118, 52.75859 ], [ 13.55174, 52.7587 ], [ 13.55196, 52.7588 ], [ 13.55234, 52.75884 ], [ 13.5545, 52.75894 ], [ 13.55523, 52.75905 ], [ 13.55591, 52.75903 ], [ 13.55657, 52.75895 ], [ 13.55765, 52.75897 ], [ 13.55809, 52.75907 ], [ 13.55811, 52.75883 ] ] ] } },
{ "type": "Feature", "properties": { "boden": "40 % mittel, mäßig frisch (M2) · 30 % mittel, mäßig frisch (M2) · 30 % mittel, mäßig frisch (M2)" }, "geometry": { "type": "Polygon", "coordinates": [ [ [ 13.55161, 52.75765 ], [ 13.55222, 52.75694 ], [ 13.55196, 52.75686 ], [ 13.55173, 52.75685 ], [ 13.55138, 52.75693 ], [ 13.55109, 52.75706 ], [ 13.55081, 52.75732 ], [ 13.55087, 52.75752 ], [ 13.55105, 52.75771 ], [ 13.55126, 52.75777 ], [ 13.55161, 52.75765 ] ] ] } },
{ "type": "Feature", "properties": { "boden": "100 % mittel, trocken (vermutet) (M3)" }, "geometry": { "type": "Polygon", "coordinates": [ [ [ 13.55397, 52.75662 ], [ 13.55329, 52.75697 ], [ 13.55257, 52.75778 ], [ 13.55243, 52.75809 ], [ 13.55271, 52.75839 ], [ 13.55319, 52.7585 ], [ 13.5539, 52.75859 ], [ 13.55391, 52.75851 ], [ 13.55384, 52.75848 ], [ 13.55317, 52.7584 ], [ 13.55294, 52.75833 ], [ 13.55279, 52.75811 ], [ 13.55335, 52.75731 ], [ 13.55401, 52.75681 ], [ 13.55411, 52.7566 ], [ 13.55408, 52.7565 ], [ 13.55397, 52.75662 ] ] ] } },
{ "type": "Feature", "properties": { "boden": "100 % mittel, trocken (vermutet) (M3)" }, "geometry": { "type": "Polygon", "coordinates": [ [ [ 13.55319, 52.7585 ], [ 13.55271, 52.75839 ], [ 13.55246, 52.75817 ], [ 13.55246, 52.75794 ], [ 13.55278, 52.75754 ], [ 13.55259, 52.75761 ], [ 13.55253, 52.75769 ], [ 13.55211, 52.75778 ], [ 13.5519, 52.75818 ], [ 13.55186, 52.75851 ], [ 13.55197, 52.7587 ], [ 13.55211, 52.75874 ], [ 13.55258, 52.75869 ], [ 13.55363, 52.7587 ], [ 13.5539, 52.75859 ], [ 13.55319, 52.7585 ] ] ] } },
{ "type": "Feature", "properties": { "boden": "100 % mittel, trocken (vermutet) (M3)" }, "geometry": { "type": "Polygon", "coordinates": [ [ [ 13.55521, 52.75863 ], [ 13.55512, 52.75869 ], [ 13.55514, 52.75875 ], [ 13.55532, 52.75883 ], [ 13.55552, 52.75883 ], [ 13.55569, 52.7587 ], [ 13.55564, 52.75862 ], [ 13.55521, 52.75863 ] ] ] } },
{ "type": "Feature", "properties": { "boden": "100 % mittel, mäßig frisch (M2)" }, "geometry": { "type": "Polygon", "coordinates": [ [ [ 13.55882, 52.75902 ], [ 13.55877, 52.75913 ], [ 13.5591, 52.75911 ], [ 13.55997, 52.75925 ], [ 13.56013, 52.75919 ], [ 13.55882, 52.75902 ] ] ] } },
{ "type": "Feature", "properties": { "boden": "100 % mittel, mäßig frisch (M2)" }, "geometry": { "type": "Polygon", "coordinates": [ [ [ 13.55765, 52.75897 ], [ 13.55657, 52.75895 ], [ 13.55591, 52.75903 ], [ 13.55523, 52.75905 ], [ 13.5545, 52.75894 ], [ 13.55196, 52.7588 ], [ 13.55344, 52.75946 ], [ 13.55463, 52.75936 ], [ 13.55583, 52.7595 ], [ 13.55687, 52.75956 ], [ 13.55685, 52.75908 ], [ 13.55739, 52.75904 ], [ 13.55808, 52.75922 ], [ 13.55809, 52.75907 ], [ 13.55765, 52.75897 ] ] ] } },
{ "type": "Feature", "properties": { "boden": "100 % mittel, mäßig frisch (M2)" }, "geometry": { "type": "Polygon", "coordinates": [ [ [ 13.55719, 52.76141 ], [ 13.55733, 52.76144 ], [ 13.55757, 52.76136 ], [ 13.55731, 52.76108 ], [ 13.55867, 52.76091 ], [ 13.55829, 52.76074 ], [ 13.5572, 52.76098 ], [ 13.55666, 52.76102 ], [ 13.55635, 52.76111 ], [ 13.55616, 52.76106 ], [ 13.556, 52.76109 ], [ 13.55616, 52.76113 ], [ 13.55623, 52.76124 ], [ 13.55616, 52.76135 ], [ 13.55598, 52.76139 ], [ 13.5558, 52.76135 ], [ 13.55573, 52.76124 ], [ 13.5558, 52.76114 ], [ 13.55493, 52.76109 ], [ 13.55507, 52.76125 ], [ 13.55537, 52.76129 ], [ 13.55531, 52.76136 ], [ 13.55561, 52.76139 ], [ 13.55588, 52.76147 ], [ 13.55627, 52.76144 ], [ 13.55661, 52.76149 ], [ 13.55657, 52.76131 ], [ 13.55666, 52.76126 ], [ 13.55676, 52.76131 ], [ 13.55695, 52.76159 ], [ 13.55719, 52.76153 ], [ 13.55719, 52.76141 ] ] ] } },
{ "type": "Feature", "properties": { "boden": "100 % mittel, mäßig frisch (M2)" }, "geometry": { "type": "Polygon", "coordinates": [ [ [ 13.55228, 52.76109 ], [ 13.55318, 52.7611 ], [ 13.55299, 52.76102 ], [ 13.55224, 52.76105 ], [ 13.55155, 52.76122 ], [ 13.55228, 52.76109 ] ] ] } },
{ "type": "Feature", "properties": { "boden": "100 % mittel, mäßig frisch (M2)" }, "geometry": { "type": "Polygon", "coordinates": [ [ [ 13.5558, 52.76114 ], [ 13.55573, 52.76124 ], [ 13.5558, 52.76135 ], [ 13.55598, 52.76139 ], [ 13.55616, 52.76135 ], [ 13.55623, 52.76124 ], [ 13.55616, 52.76113 ], [ 13.556, 52.76109 ], [ 13.5558, 52.76114 ] ] ] } },
{ "type": "Feature", "properties": { "boden": "50 % ziemlich arm, mäßig frisch (Z2) · 30 % arm, mäßig frisch (A2) · 20 % mittel, mäßig frisch (M2)" }, "geometry": { "type": "Polygon", "coordinates": [ [ [ 13.51936, 52.76068 ], [ 13.51807, 52.76012 ], [ 13.51803, 52.7615 ], [ 13.51819, 52.7616 ], [ 13.51823, 52.76174 ], [ 13.51819, 52.76181 ], [ 13.51802, 52.76182 ], [ 13.51801, 52.76204 ], [ 13.51811, 52.76215 ], [ 13.5185, 52.76229 ], [ 13.51887, 52.76234 ], [ 13.51929, 52.76229 ], [ 13.51951, 52.76221 ], [ 13.51947, 52.76186 ], [ 13.51901, 52.76153 ], [ 13.51888, 52.76132 ], [ 13.51894, 52.76113 ], [ 13.51936, 52.76068 ] ] ] } },
{ "type": "Feature", "properties": { "boden": "100 % mittel, mäßig frisch (M2)" }, "geometry": { "type": "Polygon", "coordinates": [ [ [ 13.53483, 52.75736 ], [ 13.53514, 52.75739 ], [ 13.5351, 52.75757 ], [ 13.53599, 52.75795 ], [ 13.5371, 52.75826 ], [ 13.53748, 52.75811 ], [ 13.53741, 52.75801 ], [ 13.53659, 52.75781 ], [ 13.53612, 52.75765 ], [ 13.53551, 52.75752 ], [ 13.53511, 52.75731 ], [ 13.53483, 52.75736 ] ] ] } },
{ "type": "Feature", "properties": { "boden": "40 % mittel, trocken (vermutet) (M3) · 30 % mittel, trocken (vermutet) (M3) · 30 % mittel, trocken (vermutet) (M3)" }, "geometry": { "type": "Polygon", "coordinates": [ [ [ 13.55048, 52.75777 ], [ 13.55031, 52.75777 ], [ 13.5502, 52.75789 ], [ 13.55025, 52.75811 ], [ 13.55043, 52.75819 ], [ 13.55054, 52.7579 ], [ 13.55048, 52.75777 ] ] ] } },
{ "type": "Feature", "properties": { "boden": "100 % mittel, trocken (vermutet) (M3)" }, "geometry": { "type": "Polygon", "coordinates": [ [ [ 13.54145, 52.758 ], [ 13.54141, 52.75789 ], [ 13.54123, 52.75779 ], [ 13.54064, 52.75769 ], [ 13.53976, 52.75782 ], [ 13.53962, 52.75786 ], [ 13.53954, 52.75795 ], [ 13.53984, 52.75808 ], [ 13.54031, 52.75816 ], [ 13.54101, 52.75804 ], [ 13.54139, 52.75807 ], [ 13.54145, 52.758 ] ] ] } },
{ "type": "Feature", "properties": { "boden": "40 % mittel, trocken (vermutet) (M3) · 30 % mittel, trocken (vermutet) (M3) · 30 % mittel, trocken (vermutet) (M3)" }, "geometry": { "type": "Polygon", "coordinates": [ [ [ 13.5447, 52.7579 ], [ 13.54448, 52.75814 ], [ 13.5442, 52.75832 ], [ 13.54505, 52.75836 ], [ 13.5447, 52.7579 ] ] ] } },
{ "type": "Feature", "properties": { "boden": "100 % mittel, trocken (vermutet) (M3)" }, "geometry": { "type": "Polygon", "coordinates": [ [ [ 13.54139, 52.75807 ], [ 13.54101, 52.75804 ], [ 13.54031, 52.75816 ], [ 13.54101, 52.75821 ], [ 13.54139, 52.75807 ] ] ] } },
{ "type": "Feature", "properties": { "boden": "100 % mittel, mäßig frisch (M2)" }, "geometry": { "type": "Polygon", "coordinates": [ [ [ 13.54346, 52.75874 ], [ 13.54328, 52.75854 ], [ 13.54283, 52.75837 ], [ 13.54275, 52.7584 ], [ 13.54289, 52.75852 ], [ 13.54236, 52.75853 ], [ 13.5414, 52.75839 ], [ 13.54015, 52.75831 ], [ 13.53969, 52.75817 ], [ 13.53831, 52.758 ], [ 13.53799, 52.75802 ], [ 13.53789, 52.7581 ], [ 13.53887, 52.75827 ], [ 13.53905, 52.75838 ], [ 13.53948, 52.75838 ], [ 13.53976, 52.75849 ], [ 13.54136, 52.75866 ], [ 13.54357, 52.75878 ], [ 13.54346, 52.75874 ] ] ] } },
{ "type": "Feature", "properties": { "boden": "100 % mittel, trocken (vermutet) (M3)" }, "geometry": { "type": "Polygon", "coordinates": [ [ [ 13.54476, 52.75833 ], [ 13.5442, 52.75832 ], [ 13.54376, 52.75846 ], [ 13.54371, 52.75852 ], [ 13.54387, 52.7586 ], [ 13.5442, 52.7586 ], [ 13.54471, 52.75851 ], [ 13.54499, 52.75838 ], [ 13.54476, 52.75833 ] ] ] } },
{ "type": "Feature", "properties": { "boden": "100 % mittel, mäßig frisch (M2)" }, "geometry": { "type": "Polygon", "coordinates": [ [ [ 13.54515, 52.75847 ], [ 13.54519, 52.75865 ], [ 13.54469, 52.75884 ], [ 13.54458, 52.75886 ], [ 13.54439, 52.75882 ], [ 13.54409, 52.75882 ], [ 13.54546, 52.75896 ], [ 13.54544, 52.75871 ], [ 13.54515, 52.75847 ] ] ] } },
{ "type": "Feature", "properties": { "boden": "100 % mittel, trocken (vermutet) (M3)" }, "geometry": { "type": "Polygon", "coordinates": [ [ [ 13.53518, 52.75959 ], [ 13.53446, 52.75945 ], [ 13.53376, 52.75923 ], [ 13.53352, 52.75905 ], [ 13.5335, 52.75887 ], [ 13.53323, 52.75876 ], [ 13.53301, 52.75877 ], [ 13.53274, 52.75902 ], [ 13.53272, 52.75919 ], [ 13.53288, 52.75943 ], [ 13.5335, 52.75984 ], [ 13.53482, 52.75998 ], [ 13.5343, 52.75973 ], [ 13.53518, 52.75959 ] ] ] } },
{ "type": "Feature", "properties": { "boden": "100 % ziemlich arm, trocken (vermutet) (Z3)" }, "geometry": { "type": "Polygon", "coordinates": [ [ [ 13.5343, 52.75973 ], [ 13.53484, 52.75999 ], [ 13.53525, 52.76008 ], [ 13.53569, 52.76011 ], [ 13.53661, 52.75985 ], [ 13.53653, 52.75976 ], [ 13.53638, 52.75972 ], [ 13.53518, 52.75959 ], [ 13.5343, 52.75973 ] ] ] } },
{ "type": "Feature", "properties": { "boden": "100 % mittel, trocken (vermutet) (M3)" }, "geometry": { "type": "Polygon", "coordinates": [ [ [ 13.57669, 52.75576 ], [ 13.57592, 52.75592 ], [ 13.57569, 52.75615 ], [ 13.57522, 52.75645 ], [ 13.57537, 52.75697 ], [ 13.57537, 52.75751 ], [ 13.57562, 52.75771 ], [ 13.57573, 52.75772 ], [ 13.57582, 52.75767 ], [ 13.57616, 52.75694 ], [ 13.57672, 52.75643 ], [ 13.57721, 52.7557 ], [ 13.57669, 52.75576 ] ] ] } },
{ "type": "Feature", "properties": { "boden": "50 % mittel, mäßig frisch (M2) · 30 % ziemlich arm, mäßig frisch (Z2) · 20 % kräftig, mäßig frisch (K2)" }, "geometry": { "type": "Polygon", "coordinates": [ [ [ 13.57166, 52.75604 ], [ 13.57013, 52.75727 ], [ 13.56944, 52.75748 ], [ 13.56813, 52.75736 ], [ 13.5673, 52.75734 ], [ 13.56589, 52.75794 ], [ 13.56676, 52.75776 ], [ 13.56794, 52.75744 ], [ 13.56835, 52.75748 ], [ 13.56877, 52.75764 ], [ 13.57012, 52.75739 ], [ 13.57043, 52.75739 ], [ 13.5709, 52.75748 ], [ 13.5711, 52.75746 ], [ 13.57125, 52.75739 ], [ 13.57135, 52.75721 ], [ 13.57099, 52.75699 ], [ 13.57096, 52.75676 ], [ 13.57113, 52.75653 ], [ 13.57153, 52.75626 ], [ 13.5717, 52.75608 ], [ 13.57174, 52.75579 ], [ 13.57166, 52.75604 ] ] ] } },
{ "type": "Feature", "properties": { "boden": "100 % kräftig, nass (OK3)" }, "geometry": { "type": "Polygon", "coordinates": [ [ [ 13.57475, 52.75768 ], [ 13.57471, 52.7571 ], [ 13.57459, 52.75693 ], [ 13.57446, 52.75685 ], [ 13.57371, 52.75793 ], [ 13.57416, 52.75802 ], [ 13.57438, 52.75797 ], [ 13.57462, 52.75786 ], [ 13.57475, 52.75768 ] ] ] } },
{ "type": "Feature", "properties": { "boden": "100 % mittel, mäßig frisch (M2)" }, "geometry": { "type": "Polygon", "coordinates": [ [ [ 13.5747, 52.75711 ], [ 13.57475, 52.75768 ], [ 13.57467, 52.75778 ], [ 13.57506, 52.75769 ], [ 13.57515, 52.75756 ], [ 13.57507, 52.75742 ], [ 13.5747, 52.75711 ] ] ] } },
{ "type": "Feature", "properties": { "boden": "100 % mittel, mäßig frisch (M2)" }, "geometry": { "type": "Polygon", "coordinates": [ [ [ 13.57002, 52.75976 ], [ 13.57034, 52.75972 ], [ 13.57049, 52.75978 ], [ 13.57055, 52.76006 ], [ 13.57007, 52.76014 ], [ 13.57012, 52.7602 ], [ 13.57161, 52.75986 ], [ 13.57123, 52.7596 ], [ 13.57098, 52.75952 ], [ 13.57065, 52.7595 ], [ 13.5706, 52.75946 ], [ 13.57093, 52.75929 ], [ 13.57177, 52.75918 ], [ 13.57229, 52.75896 ], [ 13.57287, 52.75894 ], [ 13.57312, 52.7587 ], [ 13.57365, 52.75843 ], [ 13.57405, 52.75835 ], [ 13.57416, 52.75837 ], [ 13.57459, 52.75868 ], [ 13.57462, 52.75879 ], [ 13.57413, 52.759 ], [ 13.57338, 52.75942 ], [ 13.57605, 52.7594 ], [ 13.58119, 52.75558 ], [ 13.58271, 52.75518 ], [ 13.58206, 52.755 ], [ 13.58155, 52.75492 ], [ 13.58059, 52.75492 ], [ 13.57912, 52.75513 ], [ 13.57858, 52.75527 ], [ 13.57739, 52.75568 ], [ 13.57721, 52.7557 ], [ 13.57672, 52.75643 ], [ 13.57616, 52.75694 ], [ 13.5759, 52.75754 ], [ 13.57573, 52.75772 ], [ 13.57552, 52.75766 ], [ 13.57537, 52.75751 ], [ 13.57537, 52.75697 ], [ 13.57522, 52.75645 ], [ 13.57499, 52.75663 ], [ 13.57471, 52.7571 ], [ 13.57511, 52.75745 ], [ 13.57515, 52.75756 ], [ 13.57506, 52.75769 ], [ 13.57467, 52.75778 ], [ 13.57462, 52.75786 ], [ 13.57416, 52.75802 ], [ 13.57371, 52.75793 ], [ 13.57315, 52.75829 ], [ 13.57281, 52.75869 ], [ 13.57215, 52.759 ], [ 13.56992, 52.75951 ], [ 13.56872, 52.76005 ], [ 13.56825, 52.76017 ], [ 13.56726, 52.76029 ], [ 13.56822, 52.76065 ], [ 13.56834, 52.76053 ], [ 13.56831, 52.76042 ], [ 13.56925, 52.76001 ], [ 13.56981, 52.75981 ], [ 13.56984, 52.75985 ], [ 13.57002, 52.75976 ] ], [ [ 13.57578, 52.75799 ], [ 13.57579, 52.75823 ], [ 13.57555, 52.75846 ], [ 13.57518, 52.7586 ], [ 13.57479, 52.75864 ], [ 13.57453, 52.75832 ], [ 13.57449, 52.7582 ], [ 13.57473, 52.75809 ], [ 13.57528, 52.75797 ], [ 13.57569, 52.75795 ], [ 13.57578, 52.75799 ] ] ] } },
{ "type": "Feature", "properties": { "boden": "100 % mittel, trocken (vermutet) (M3)" }, "geometry": { "type": "Polygon", "coordinates": [ [ [ 13.57552, 52.75794 ], [ 13.57497, 52.75803 ], [ 13.57449, 52.7582 ], [ 13.57453, 52.75832 ], [ 13.57479, 52.75864 ], [ 13.57501, 52.75864 ], [ 13.57545, 52.75851 ], [ 13.57574, 52.75831 ], [ 13.57578, 52.75799 ], [ 13.57552, 52.75794 ] ] ] } },
{ "type": "Feature", "properties": { "boden": "100 % kräftig, nass (OK3)" }, "geometry": { "type": "Polygon", "coordinates": [ [ [ 13.57252, 52.75834 ], [ 13.57207, 52.75826 ], [ 13.57155, 52.7576 ], [ 13.57089, 52.7577 ], [ 13.56985, 52.75766 ], [ 13.56921, 52.75795 ], [ 13.56879, 52.75803 ], [ 13.56833, 52.75804 ], [ 13.56777, 52.75828 ], [ 13.5674, 52.75836 ], [ 13.56721, 52.75864 ], [ 13.56657, 52.75893 ], [ 13.56661, 52.75952 ], [ 13.56699, 52.75991 ], [ 13.56726, 52.76029 ], [ 13.56825, 52.76017 ], [ 13.56872, 52.76005 ], [ 13.56913, 52.75989 ], [ 13.56992, 52.75951 ], [ 13.57215, 52.759 ], [ 13.57281, 52.75869 ], [ 13.57315, 52.75829 ], [ 13.57252, 52.75834 ] ] ] } },
{ "type": "Feature", "properties": { "boden": "100 % mittel, trocken (vermutet) (M3)" }, "geometry": { "type": "Polygon", "coordinates": [ [ [ 13.57338, 52.75942 ], [ 13.57413, 52.759 ], [ 13.57462, 52.75879 ], [ 13.57459, 52.75868 ], [ 13.57416, 52.75837 ], [ 13.57391, 52.75836 ], [ 13.57365, 52.75843 ], [ 13.57312, 52.7587 ], [ 13.57287, 52.75894 ], [ 13.57229, 52.75896 ], [ 13.57177, 52.75918 ], [ 13.57093, 52.75929 ], [ 13.5706, 52.75948 ], [ 13.57098, 52.75952 ], [ 13.57123, 52.7596 ], [ 13.57161, 52.75986 ], [ 13.57209, 52.75964 ], [ 13.57312, 52.75942 ], [ 13.57338, 52.75942 ] ] ] } },
{ "type": "Feature", "properties": { "boden": "100 % mittel, mäßig frisch (M2)" }, "geometry": { "type": "Polygon", "coordinates": [ [ [ 13.57007, 52.76014 ], [ 13.57055, 52.76006 ], [ 13.57049, 52.75978 ], [ 13.57034, 52.75972 ], [ 13.57002, 52.75976 ], [ 13.56984, 52.75985 ], [ 13.57007, 52.76014 ] ] ] } },
{ "type": "Feature", "properties": { "boden": "100 % mittel, mäßig frisch (M2)" }, "geometry": { "type": "Polygon", "coordinates": [ [ [ 13.56766, 52.76472 ], [ 13.56792, 52.76474 ], [ 13.56816, 52.76486 ], [ 13.56829, 52.76478 ], [ 13.56852, 52.76451 ], [ 13.56855, 52.76435 ], [ 13.56852, 52.7642 ], [ 13.56842, 52.7641 ], [ 13.56814, 52.76409 ], [ 13.56793, 52.76413 ], [ 13.56746, 52.76433 ], [ 13.56745, 52.76422 ], [ 13.56753, 52.76411 ], [ 13.56708, 52.76429 ], [ 13.56705, 52.76439 ], [ 13.56747, 52.76451 ], [ 13.56758, 52.76458 ], [ 13.56732, 52.76526 ], [ 13.56748, 52.76505 ], [ 13.56749, 52.7649 ], [ 13.5676, 52.76484 ], [ 13.56766, 52.76472 ] ] ] } },
{ "type": "Feature", "properties": { "boden": "100 % mittel, mäßig frisch (M2)" }, "geometry": { "type": "Polygon", "coordinates": [ [ [ 13.52808, 52.75641 ], [ 13.5266, 52.75671 ], [ 13.52614, 52.75691 ], [ 13.52603, 52.75711 ], [ 13.5262, 52.7571 ], [ 13.52703, 52.75682 ], [ 13.52802, 52.7566 ], [ 13.52811, 52.75655 ], [ 13.52813, 52.75644 ], [ 13.52808, 52.75641 ] ] ] } },
{ "type": "Feature", "properties": { "boden": "100 % mittel, mäßig frisch (M2)" }, "geometry": { "type": "Polygon", "coordinates": [ [ [ 13.5277, 52.75717 ], [ 13.52761, 52.75705 ], [ 13.52745, 52.75701 ], [ 13.52729, 52.75705 ], [ 13.52719, 52.75716 ], [ 13.52728, 52.75728 ], [ 13.52744, 52.75732 ], [ 13.52763, 52.75727 ], [ 13.5277, 52.75717 ] ] ] } },
{ "type": "Feature", "properties": { "boden": "100 % mittel, trocken (vermutet) (M3)" }, "geometry": { "type": "Polygon", "coordinates": [ [ [ 13.52761, 52.75705 ], [ 13.5277, 52.75725 ], [ 13.52792, 52.75743 ], [ 13.52819, 52.75779 ], [ 13.5289, 52.7582 ], [ 13.52998, 52.75864 ], [ 13.53028, 52.75898 ], [ 13.53052, 52.75907 ], [ 13.53079, 52.75926 ], [ 13.53141, 52.75958 ], [ 13.53195, 52.75971 ], [ 13.53193, 52.75951 ], [ 13.53184, 52.75947 ], [ 13.53159, 52.75949 ], [ 13.53149, 52.75935 ], [ 13.53053, 52.75871 ], [ 13.53039, 52.75856 ], [ 13.52943, 52.75805 ], [ 13.52841, 52.75736 ], [ 13.52819, 52.75708 ], [ 13.52815, 52.75678 ], [ 13.52785, 52.75673 ], [ 13.52752, 52.75685 ], [ 13.52749, 52.75698 ], [ 13.52761, 52.75705 ] ] ] } },
{ "type": "Feature", "properties": { "boden": "100 % mittel, mäßig frisch (M2)" }, "geometry": { "type": "Polygon", "coordinates": [ [ [ 13.52091, 52.75659 ], [ 13.52052, 52.75629 ], [ 13.51991, 52.75608 ], [ 13.51947, 52.75601 ], [ 13.51914, 52.75608 ], [ 13.51818, 52.75683 ], [ 13.51807, 52.76012 ], [ 13.51936, 52.76068 ], [ 13.51997, 52.76084 ], [ 13.52162, 52.76057 ], [ 13.52186, 52.7603 ], [ 13.52215, 52.76018 ], [ 13.52247, 52.76024 ], [ 13.52091, 52.75659 ] ] ] } },
{ "type": "Feature", "properties": { "boden": "100 % mittel, mäßig frisch (M2)" }, "geometry": { "type": "Polygon", "coordinates": [ [ [ 13.53918, 52.76276 ], [ 13.53866, 52.7629 ], [ 13.53798, 52.7633 ], [ 13.53768, 52.76341 ], [ 13.53736, 52.76343 ], [ 13.53715, 52.76339 ], [ 13.5369, 52.76327 ], [ 13.53683, 52.76319 ], [ 13.53693, 52.76304 ], [ 13.5371, 52.763 ], [ 13.53757, 52.763 ], [ 13.53794, 52.76293 ], [ 13.53847, 52.7627 ], [ 13.53873, 52.76247 ], [ 13.53722, 52.76188 ], [ 13.53667, 52.76161 ], [ 13.53631, 52.76185 ], [ 13.5358, 52.76201 ], [ 13.53547, 52.76219 ], [ 13.53529, 52.76222 ], [ 13.53509, 52.76217 ], [ 13.53496, 52.76202 ], [ 13.53495, 52.7617 ], [ 13.53514, 52.76144 ], [ 13.53533, 52.76133 ], [ 13.53573, 52.76133 ], [ 13.53596, 52.76128 ], [ 13.53616, 52.76102 ], [ 13.53635, 52.76106 ], [ 13.53629, 52.76073 ], [ 13.53616, 52.76048 ], [ 13.53594, 52.7603 ], [ 13.53482, 52.75998 ], [ 13.53362, 52.75986 ], [ 13.53336, 52.75979 ], [ 13.53322, 52.75964 ], [ 13.53288, 52.75943 ], [ 13.53272, 52.75919 ], [ 13.53274, 52.75902 ], [ 13.53301, 52.75877 ], [ 13.53323, 52.75876 ], [ 13.5335, 52.75887 ], [ 13.53358, 52.75914 ], [ 13.53446, 52.75945 ], [ 13.53518, 52.75959 ], [ 13.53617, 52.75943 ], [ 13.53524, 52.75923 ], [ 13.53473, 52.75908 ], [ 13.53475, 52.75904 ], [ 13.53297, 52.75846 ], [ 13.53265, 52.75859 ], [ 13.53238, 52.75941 ], [ 13.53169, 52.75911 ], [ 13.5315, 52.75891 ], [ 13.53081, 52.75861 ], [ 13.52901, 52.75742 ], [ 13.52789, 52.75606 ], [ 13.52827, 52.75603 ], [ 13.52726, 52.75552 ], [ 13.52652, 52.75523 ], [ 13.52654, 52.75562 ], [ 13.52672, 52.75571 ], [ 13.52742, 52.75592 ], [ 13.52755, 52.75612 ], [ 13.52751, 52.75615 ], [ 13.52728, 52.75612 ], [ 13.52674, 52.75593 ], [ 13.52642, 52.75574 ], [ 13.52636, 52.75559 ], [ 13.52623, 52.75553 ], [ 13.52592, 52.7556 ], [ 13.52563, 52.7556 ], [ 13.52465, 52.75546 ], [ 13.52327, 52.75549 ], [ 13.52307, 52.75541 ], [ 13.52285, 52.7552 ], [ 13.52184, 52.75618 ], [ 13.52278, 52.75648 ], [ 13.52271, 52.75654 ], [ 13.52562, 52.75748 ], [ 13.52399, 52.75911 ], [ 13.5226, 52.76037 ], [ 13.52345, 52.76034 ], [ 13.52469, 52.76041 ], [ 13.52477, 52.76035 ], [ 13.52461, 52.75977 ], [ 13.52488, 52.75967 ], [ 13.52555, 52.75957 ], [ 13.52575, 52.75962 ], [ 13.52591, 52.76043 ], [ 13.52606, 52.76057 ], [ 13.52635, 52.76066 ], [ 13.52706, 52.76069 ], [ 13.5285, 52.76062 ], [ 13.52901, 52.76063 ], [ 13.53198, 52.76015 ], [ 13.53296, 52.76022 ], [ 13.5342, 52.76318 ], [ 13.53474, 52.76305 ], [ 13.53507, 52.7631 ], [ 13.5349, 52.76331 ], [ 13.53434, 52.76349 ], [ 13.53468, 52.76427 ], [ 13.53733, 52.76396 ], [ 13.53883, 52.76468 ], [ 13.53932, 52.76484 ], [ 13.53997, 52.76475 ], [ 13.54018, 52.76463 ], [ 13.54025, 52.76444 ], [ 13.54013, 52.76423 ], [ 13.5395, 52.76359 ], [ 13.53946, 52.76304 ], [ 13.5393, 52.7628 ], [ 13.53918, 52.76276 ] ], [ [ 13.53737, 52.76363 ], [ 13.53752, 52.76381 ], [ 13.53741, 52.76391 ], [ 13.53724, 52.76392 ], [ 13.53706, 52.76386 ], [ 13.53684, 52.76366 ], [ 13.53686, 52.76362 ], [ 13.53707, 52.76358 ], [ 13.53737, 52.76363 ] ], [ [ 13.53623, 52.76285 ], [ 13.53654, 52.76298 ], [ 13.53556, 52.76303 ], [ 13.53522, 52.76298 ], [ 13.53505, 52.76287 ], [ 13.53535, 52.76275 ], [ 13.53559, 52.76273 ], [ 13.53623, 52.76285 ] ], [ [ 13.53721, 52.76225 ], [ 13.5373, 52.76242 ], [ 13.5371, 52.76265 ], [ 13.53688, 52.76273 ], [ 13.53664, 52.76267 ], [ 13.53656, 52.76253 ], [ 13.53675, 52.76231 ], [ 13.53697, 52.76221 ], [ 13.53721, 52.76225 ] ], [ [ 13.53438, 52.76065 ], [ 13.53444, 52.76077 ], [ 13.53415, 52.7608 ], [ 13.53404, 52.76072 ], [ 13.53399, 52.76056 ], [ 13.53415, 52.76053 ], [ 13.53438, 52.76065 ] ], [ [ 13.52763, 52.75727 ], [ 13.52744, 52.75732 ], [ 13.52728, 52.75728 ], [ 13.52719, 52.75716 ], [ 13.52729, 52.75705 ], [ 13.52745, 52.75701 ], [ 13.52757, 52.75704 ], [ 13.52749, 52.75698 ], [ 13.52752, 52.75685 ], [ 13.52797, 52.75672 ], [ 13.52815, 52.75678 ], [ 13.52819, 52.75708 ], [ 13.52841, 52.75736 ], [ 13.52943, 52.75805 ], [ 13.53039, 52.75856 ], [ 13.53053, 52.75871 ], [ 13.53149, 52.75935 ], [ 13.53159, 52.75949 ], [ 13.53184, 52.75947 ], [ 13.53193, 52.75951 ], [ 13.53195, 52.75971 ], [ 13.53141, 52.75958 ], [ 13.53028, 52.75898 ], [ 13.52998, 52.75864 ], [ 13.5289, 52.7582 ], [ 13.52819, 52.75779 ], [ 13.52768, 52.7572 ], [ 13.52763, 52.75727 ] ], [ [ 13.52811, 52.75655 ], [ 13.52786, 52.75665 ], [ 13.52703, 52.75682 ], [ 13.5262, 52.7571 ], [ 13.52603, 52.75711 ], [ 13.52614, 52.75691 ], [ 13.5266, 52.75671 ], [ 13.52784, 52.75643 ], [ 13.52808, 52.75641 ], [ 13.52813, 52.75644 ], [ 13.52811, 52.75655 ] ] ] } },
{ "type": "Feature", "properties": { "boden": "100 % arm, trocken (vermutet) (A3)" }, "geometry": { "type": "Polygon", "coordinates": [ [ [ 13.53244, 52.76027 ], [ 13.53228, 52.76029 ], [ 13.53213, 52.76046 ], [ 13.5321, 52.76069 ], [ 13.53217, 52.76095 ], [ 13.53244, 52.76115 ], [ 13.53264, 52.76112 ], [ 13.53285, 52.761 ], [ 13.53301, 52.76084 ], [ 13.53306, 52.76065 ], [ 13.53287, 52.76044 ], [ 13.53244, 52.76027 ] ] ] } },
{ "type": "Feature", "properties": { "boden": "100 % arm, trocken (vermutet) (A3)" }, "geometry": { "type": "Polygon", "coordinates": [ [ [ 13.52684, 52.76077 ], [ 13.52637, 52.76087 ], [ 13.52609, 52.76101 ], [ 13.52633, 52.76109 ], [ 13.52682, 52.76115 ], [ 13.52697, 52.76105 ], [ 13.52702, 52.76093 ], [ 13.52701, 52.76083 ], [ 13.52684, 52.76077 ] ] ] } },
{ "type": "Feature", "properties": { "boden": "100 % arm, mäßig frisch (A2)" }, "geometry": { "type": "Polygon", "coordinates": [ [ [ 13.52351, 52.7608 ], [ 13.52334, 52.76084 ], [ 13.52325, 52.76095 ], [ 13.52331, 52.76105 ], [ 13.5235, 52.76111 ], [ 13.52369, 52.76106 ], [ 13.52375, 52.76096 ], [ 13.52367, 52.76084 ], [ 13.52351, 52.7608 ] ] ] } },
{ "type": "Feature", "properties": { "boden": "100 % arm, mäßig frisch (A2)" }, "geometry": { "type": "Polygon", "coordinates": [ [ [ 13.5327, 52.76121 ], [ 13.53253, 52.76125 ], [ 13.53244, 52.76136 ], [ 13.5325, 52.76146 ], [ 13.53269, 52.76152 ], [ 13.53288, 52.76147 ], [ 13.53294, 52.76137 ], [ 13.53286, 52.76125 ], [ 13.5327, 52.76121 ] ] ] } },
{ "type": "Feature", "properties": { "boden": "100 % arm, mäßig frisch (A2)" }, "geometry": { "type": "Polygon", "coordinates": [ [ [ 13.53054, 52.76132 ], [ 13.53038, 52.76135 ], [ 13.53028, 52.76147 ], [ 13.53037, 52.76159 ], [ 13.53053, 52.76163 ], [ 13.53073, 52.76157 ], [ 13.53079, 52.76148 ], [ 13.53073, 52.76138 ], [ 13.53054, 52.76132 ] ] ] } },
{ "type": "Feature", "properties": { "boden": "100 % ziemlich arm, trocken (vermutet) (Z3)" }, "geometry": { "type": "Polygon", "coordinates": [ [ [ 13.53918, 52.7601 ], [ 13.539, 52.76011 ], [ 13.53825, 52.76031 ], [ 13.53804, 52.76046 ], [ 13.53792, 52.76048 ], [ 13.53793, 52.76055 ], [ 13.53836, 52.76064 ], [ 13.53875, 52.76061 ], [ 13.5394, 52.76047 ], [ 13.53959, 52.76036 ], [ 13.53959, 52.76031 ], [ 13.53953, 52.76021 ], [ 13.53918, 52.7601 ] ] ] } },
{ "type": "Feature", "properties": { "boden": "100 % mittel, mäßig frisch (M2)" }, "geometry": { "type": "Polygon", "coordinates": [ [ [ 13.54661, 52.76033 ], [ 13.54596, 52.76034 ], [ 13.54565, 52.76044 ], [ 13.54616, 52.76059 ], [ 13.54626, 52.76057 ], [ 13.54647, 52.76067 ], [ 13.54684, 52.76067 ], [ 13.54661, 52.76033 ] ] ] } },
{ "type": "Feature", "properties": { "boden": "100 % ziemlich arm, mäßig frisch (Z2)" }, "geometry": { "type": "Polygon", "coordinates": [ [ [ 13.5437, 52.76041 ], [ 13.54353, 52.76054 ], [ 13.54359, 52.76064 ], [ 13.54378, 52.76069 ], [ 13.54397, 52.76064 ], [ 13.54404, 52.76054 ], [ 13.54396, 52.76044 ], [ 13.5437, 52.76041 ] ] ] } },
{ "type": "Feature", "properties": { "boden": "100 % mittel, mäßig frisch (M2)" }, "geometry": { "type": "Polygon", "coordinates": [ [ [ 13.54816, 52.7607 ], [ 13.54736, 52.76058 ], [ 13.54748, 52.76078 ], [ 13.54772, 52.7608 ], [ 13.54793, 52.76089 ], [ 13.54811, 52.76085 ], [ 13.54816, 52.7607 ] ] ] } },
{ "type": "Feature", "properties": { "boden": "100 % mittel, mäßig frisch (M2)" }, "geometry": { "type": "Polygon", "coordinates": [ [ [ 13.53408, 52.76052 ], [ 13.53399, 52.76056 ], [ 13.53409, 52.76077 ], [ 13.53423, 52.76081 ], [ 13.53444, 52.76077 ], [ 13.53438, 52.76065 ], [ 13.53408, 52.76052 ] ] ] } },
{ "type": "Feature", "properties": { "boden": "100 % ziemlich arm, mäßig frisch (Z2)" }, "geometry": { "type": "Polygon", "coordinates": [ [ [ 13.54445, 52.76097 ], [ 13.54433, 52.76058 ], [ 13.54418, 52.7606 ], [ 13.54413, 52.76079 ], [ 13.54425, 52.76104 ], [ 13.54445, 52.76097 ] ] ] } },
{ "type": "Feature", "properties": { "boden": "100 % mittel, mäßig frisch (M2)" }, "geometry": { "type": "Polygon", "coordinates": [ [ [ 13.54948, 52.76095 ], [ 13.54907, 52.76084 ], [ 13.54898, 52.76095 ], [ 13.54905, 52.76106 ], [ 13.54922, 52.7611 ], [ 13.5494, 52.76106 ], [ 13.54948, 52.76095 ] ] ] } },
{ "type": "Feature", "properties": { "boden": "100 % mittel, mäßig frisch (M2)" }, "geometry": { "type": "Polygon", "coordinates": [ [ [ 13.55426, 52.76144 ], [ 13.55406, 52.76113 ], [ 13.55416, 52.76106 ], [ 13.55364, 52.76108 ], [ 13.55364, 52.76115 ], [ 13.55253, 52.76116 ], [ 13.55246, 52.76128 ], [ 13.55228, 52.76132 ], [ 13.5521, 52.76127 ], [ 13.55205, 52.7612 ], [ 13.55152, 52.7613 ], [ 13.55101, 52.76134 ], [ 13.55059, 52.76124 ], [ 13.55053, 52.7611 ], [ 13.5503, 52.76108 ], [ 13.55005, 52.76099 ], [ 13.5499, 52.76104 ], [ 13.54973, 52.76089 ], [ 13.54955, 52.76095 ], [ 13.54946, 52.76093 ], [ 13.5494, 52.76106 ], [ 13.54922, 52.7611 ], [ 13.54905, 52.76106 ], [ 13.54898, 52.76095 ], [ 13.54907, 52.76084 ], [ 13.54816, 52.7607 ], [ 13.54811, 52.76085 ], [ 13.54793, 52.76089 ], [ 13.54774, 52.76084 ], [ 13.548, 52.76129 ], [ 13.54818, 52.76133 ], [ 13.54812, 52.76116 ], [ 13.54817, 52.76107 ], [ 13.54846, 52.76107 ], [ 13.54894, 52.7612 ], [ 13.54874, 52.76134 ], [ 13.54848, 52.7614 ], [ 13.54898, 52.76149 ], [ 13.54888, 52.76145 ], [ 13.54889, 52.76139 ], [ 13.54915, 52.76132 ], [ 13.5506, 52.76143 ], [ 13.55216, 52.76143 ], [ 13.55244, 52.76137 ], [ 13.55265, 52.76125 ], [ 13.55278, 52.76124 ], [ 13.55315, 52.7614 ], [ 13.55331, 52.76135 ], [ 13.55383, 52.76134 ], [ 13.55426, 52.76144 ] ] ] } },
{ "type": "Feature", "properties": { "boden": "100 % ziemlich arm, trocken (vermutet) (Z3)" }, "geometry": { "type": "Polygon", "coordinates": [ [ [ 13.54343, 52.76157 ], [ 13.54381, 52.76114 ], [ 13.54378, 52.76081 ], [ 13.54357, 52.76067 ], [ 13.54318, 52.76059 ], [ 13.54286, 52.76061 ], [ 13.54248, 52.76094 ], [ 13.54225, 52.76094 ], [ 13.54194, 52.76087 ], [ 13.54177, 52.7609 ], [ 13.54159, 52.76107 ], [ 13.54148, 52.76141 ], [ 13.54082, 52.76111 ], [ 13.54014, 52.76096 ], [ 13.53967, 52.761 ], [ 13.53957, 52.76113 ], [ 13.53963, 52.76137 ], [ 13.53982, 52.76147 ], [ 13.54062, 52.76158 ], [ 13.5421, 52.76158 ], [ 13.54267, 52.76154 ], [ 13.54328, 52.76162 ], [ 13.54343, 52.76157 ] ] ] } },
{ "type": "Feature", "properties": { "boden": "100 % mittel, trocken (vermutet) (M3)" }, "geometry": { "type": "Polygon", "coordinates": [ [ [ 13.54818, 52.76133 ], [ 13.54856, 52.7614 ], [ 13.54874, 52.76134 ], [ 13.5489, 52.76126 ], [ 13.54893, 52.76118 ], [ 13.54846, 52.76107 ], [ 13.54817, 52.76107 ], [ 13.54812, 52.76116 ], [ 13.54818, 52.76133 ] ] ] } },
{ "type": "Feature", "properties": { "boden": "100 % mittel, trocken (vermutet) (M3)" }, "geometry": { "type": "Polygon", "coordinates": [ [ [ 13.54704, 52.76099 ], [ 13.54693, 52.761 ], [ 13.54679, 52.76093 ], [ 13.54651, 52.76106 ], [ 13.54598, 52.76109 ], [ 13.54568, 52.76107 ], [ 13.54538, 52.76098 ], [ 13.54512, 52.76083 ], [ 13.54492, 52.76099 ], [ 13.54487, 52.76126 ], [ 13.54503, 52.76143 ], [ 13.54554, 52.76161 ], [ 13.54614, 52.76161 ], [ 13.54636, 52.76155 ], [ 13.54647, 52.76135 ], [ 13.5466, 52.76128 ], [ 13.54732, 52.76128 ], [ 13.54704, 52.76099 ] ] ] } },
{ "type": "Feature", "properties": { "boden": "100 % ziemlich arm, trocken (vermutet) (Z3)" }, "geometry": { "type": "Polygon", "coordinates": [ [ [ 13.53635, 52.76106 ], [ 13.53651, 52.76151 ], [ 13.53667, 52.76161 ], [ 13.53675, 52.76147 ], [ 13.53674, 52.76132 ], [ 13.53635, 52.76106 ] ] ] } },
{ "type": "Feature", "properties": { "boden": "100 % ziemlich arm, mäßig frisch (Z2)" }, "geometry": { "type": "Polygon", "coordinates": [ [ [ 13.54465, 52.76145 ], [ 13.54446, 52.76143 ], [ 13.54429, 52.76146 ], [ 13.54423, 52.76155 ], [ 13.5444, 52.76179 ], [ 13.54454, 52.76187 ], [ 13.54476, 52.76188 ], [ 13.54488, 52.76185 ], [ 13.54465, 52.76145 ] ] ] } },
{ "type": "Feature", "properties": { "boden": "100 % mittel, trocken (vermutet) (M3)" }, "geometry": { "type": "Polygon", "coordinates": [ [ [ 13.53651, 52.76151 ], [ 13.53635, 52.76106 ], [ 13.53623, 52.76102 ], [ 13.53611, 52.76104 ], [ 13.53605, 52.7612 ], [ 13.53589, 52.7613 ], [ 13.53533, 52.76133 ], [ 13.53514, 52.76144 ], [ 13.53495, 52.7617 ], [ 13.53496, 52.76202 ], [ 13.53509, 52.76217 ], [ 13.53529, 52.76222 ], [ 13.53547, 52.76219 ], [ 13.5358, 52.76201 ], [ 13.53631, 52.76185 ], [ 13.53667, 52.76161 ], [ 13.53651, 52.76151 ] ] ] } },
{ "type": "Feature", "properties": { "boden": "100 % ziemlich arm, mäßig frisch (Z2)" }, "geometry": { "type": "Polygon", "coordinates": [ [ [ 13.53832, 52.76152 ], [ 13.53772, 52.76158 ], [ 13.5378, 52.76193 ], [ 13.53847, 52.76184 ], [ 13.53832, 52.76152 ] ] ] } },
{ "type": "Feature", "properties": { "boden": "100 % mittel, mäßig frisch (M2)" }, "geometry": { "type": "Polygon", "coordinates": [ [ [ 13.54556, 52.76179 ], [ 13.54547, 52.7619 ], [ 13.54549, 52.76203 ], [ 13.54566, 52.76218 ], [ 13.54599, 52.76225 ], [ 13.54625, 52.7622 ], [ 13.54627, 52.76213 ], [ 13.54604, 52.76187 ], [ 13.54556, 52.76179 ] ] ] } },
{ "type": "Feature", "properties": { "boden": "100 % mittel, trocken (vermutet) (M3)" }, "geometry": { "type": "Polygon", "coordinates": [ [ [ 13.54794, 52.76213 ], [ 13.54764, 52.76177 ], [ 13.54756, 52.76176 ], [ 13.54727, 52.76219 ], [ 13.54728, 52.76229 ], [ 13.54736, 52.76233 ], [ 13.54754, 52.76234 ], [ 13.54785, 52.7622 ], [ 13.54794, 52.76213 ] ] ] } },
{ "type": "Feature", "properties": { "boden": "100 % mittel, mäßig frisch (M2)" }, "geometry": { "type": "Polygon", "coordinates": [ [ [ 13.5495, 52.76177 ], [ 13.54901, 52.76177 ], [ 13.549, 52.76193 ], [ 13.5491, 52.76205 ], [ 13.54945, 52.76224 ], [ 13.54978, 52.76257 ], [ 13.55026, 52.76272 ], [ 13.5504, 52.76271 ], [ 13.55046, 52.76256 ], [ 13.5504, 52.76237 ], [ 13.5501, 52.76202 ], [ 13.54972, 52.76178 ], [ 13.54948, 52.76172 ], [ 13.5495, 52.76177 ] ] ] } },
{ "type": "Feature", "properties": { "boden": "100 % mittel, trocken (vermutet) (M3)" }, "geometry": { "type": "Polygon", "coordinates": [ [ [ 13.53697, 52.76221 ], [ 13.53675, 52.76231 ], [ 13.53656, 52.76253 ], [ 13.53664, 52.76267 ], [ 13.53688, 52.76273 ], [ 13.5371, 52.76265 ], [ 13.5373, 52.76242 ], [ 13.53721, 52.76225 ], [ 13.53697, 52.76221 ] ] ] } },
{ "type": "Feature", "properties": { "boden": "100 % ziemlich arm, trocken (vermutet) (Z3)" }, "geometry": { "type": "Polygon", "coordinates": [ [ [ 13.53909, 52.76261 ], [ 13.53926, 52.76276 ], [ 13.53952, 52.7628 ], [ 13.53961, 52.76276 ], [ 13.53959, 52.76265 ], [ 13.53937, 52.76258 ], [ 13.53891, 52.76233 ], [ 13.53873, 52.76247 ], [ 13.53909, 52.76261 ] ] ] } },
{ "type": "Feature", "properties": { "boden": "50 % ziemlich arm, mäßig frisch (Z2) · 30 % arm, mäßig frisch (A2) · 20 % mittel, mäßig frisch (M2)" }, "geometry": { "type": "Polygon", "coordinates": [ [ [ 13.51802, 52.76182 ], [ 13.51819, 52.76181 ], [ 13.51823, 52.76174 ], [ 13.51819, 52.7616 ], [ 13.51803, 52.7615 ], [ 13.51802, 52.76182 ] ] ] } },
{ "type": "Feature", "properties": { "boden": "100 % arm, trocken (vermutet) (A3)" }, "geometry": { "type": "Polygon", "coordinates": [ [ [ 13.53287, 52.76162 ], [ 13.53273, 52.76167 ], [ 13.53282, 52.76181 ], [ 13.53333, 52.76191 ], [ 13.53354, 52.7619 ], [ 13.53339, 52.76176 ], [ 13.53311, 52.76165 ], [ 13.53287, 52.76162 ] ] ] } },
{ "type": "Feature", "properties": { "boden": "100 % arm, mäßig frisch (A2)" }, "geometry": { "type": "Polygon", "coordinates": [ [ [ 13.52413, 52.7617 ], [ 13.52397, 52.76173 ], [ 13.52387, 52.76185 ], [ 13.52393, 52.76195 ], [ 13.52412, 52.76201 ], [ 13.52432, 52.76195 ], [ 13.52438, 52.76186 ], [ 13.52432, 52.76176 ], [ 13.52413, 52.7617 ] ] ] } },
{ "type": "Feature", "properties": { "boden": "100 % arm, mäßig frisch (A2)" }, "geometry": { "type": "Polygon", "coordinates": [ [ [ 13.51986, 52.76318 ], [ 13.5229, 52.76381 ], [ 13.52424, 52.76401 ], [ 13.52559, 52.76409 ], [ 13.52622, 52.76401 ], [ 13.52734, 52.76376 ], [ 13.52696, 52.76356 ], [ 13.52722, 52.76324 ], [ 13.52736, 52.7632 ], [ 13.52758, 52.7632 ], [ 13.5278, 52.76328 ], [ 13.52819, 52.76361 ], [ 13.52873, 52.76365 ], [ 13.52926, 52.76383 ], [ 13.52971, 52.76387 ], [ 13.53017, 52.76366 ], [ 13.53033, 52.76368 ], [ 13.53142, 52.76403 ], [ 13.53171, 52.76393 ], [ 13.53165, 52.76379 ], [ 13.53172, 52.76369 ], [ 13.53224, 52.76346 ], [ 13.53361, 52.7633 ], [ 13.53425, 52.7633 ], [ 13.53296, 52.76022 ], [ 13.53198, 52.76015 ], [ 13.52901, 52.76063 ], [ 13.5285, 52.76062 ], [ 13.52706, 52.76069 ], [ 13.52635, 52.76066 ], [ 13.52606, 52.76057 ], [ 13.52591, 52.76043 ], [ 13.52575, 52.75962 ], [ 13.52555, 52.75957 ], [ 13.52488, 52.75967 ], [ 13.52461, 52.75977 ], [ 13.52477, 52.76035 ], [ 13.52469, 52.76041 ], [ 13.52345, 52.76034 ], [ 13.5226, 52.76037 ], [ 13.52247, 52.76024 ], [ 13.52215, 52.76018 ], [ 13.52186, 52.7603 ], [ 13.52162, 52.76057 ], [ 13.51997, 52.76084 ], [ 13.51936, 52.76068 ], [ 13.51894, 52.76113 ], [ 13.51888, 52.76132 ], [ 13.51901, 52.76153 ], [ 13.51947, 52.76186 ], [ 13.51951, 52.76221 ], [ 13.51929, 52.76229 ], [ 13.51887, 52.76234 ], [ 13.5185, 52.76229 ], [ 13.51811, 52.76215 ], [ 13.51801, 52.76204 ], [ 13.51798, 52.76281 ], [ 13.51812, 52.76284 ], [ 13.5182, 52.76296 ], [ 13.51814, 52.76306 ], [ 13.51797, 52.7631 ], [ 13.51794, 52.76398 ], [ 13.51873, 52.76422 ], [ 13.51986, 52.76318 ] ], [ [ 13.52292, 52.76321 ], [ 13.52286, 52.76331 ], [ 13.52267, 52.76336 ], [ 13.52251, 52.76332 ], [ 13.52242, 52.7632 ], [ 13.52251, 52.76309 ], [ 13.52268, 52.76305 ], [ 13.52284, 52.76309 ], [ 13.52292, 52.76321 ] ], [ [ 13.51931, 52.76293 ], [ 13.51924, 52.76302 ], [ 13.51905, 52.76308 ], [ 13.51886, 52.76302 ], [ 13.5188, 52.76292 ], [ 13.5189, 52.7628 ], [ 13.51906, 52.76277 ], [ 13.51922, 52.76281 ], [ 13.51931, 52.76293 ] ], [ [ 13.52978, 52.76284 ], [ 13.52972, 52.76294 ], [ 13.52952, 52.76299 ], [ 13.52933, 52.76294 ], [ 13.52928, 52.76284 ], [ 13.52937, 52.76272 ], [ 13.52953, 52.76269 ], [ 13.5297, 52.76272 ], [ 13.52978, 52.76284 ] ], [ [ 13.52724, 52.76251 ], [ 13.52715, 52.76262 ], [ 13.52698, 52.76266 ], [ 13.52682, 52.76262 ], [ 13.52674, 52.7625 ], [ 13.52683, 52.76238 ], [ 13.52699, 52.76235 ], [ 13.52719, 52.76241 ], [ 13.52724, 52.76251 ] ], [ [ 13.52281, 52.76239 ], [ 13.52275, 52.76249 ], [ 13.52256, 52.76254 ], [ 13.52237, 52.76248 ], [ 13.52231, 52.76238 ], [ 13.5224, 52.76227 ], [ 13.52257, 52.76223 ], [ 13.52273, 52.76227 ], [ 13.52281, 52.76239 ] ], [ [ 13.52019, 52.7625 ], [ 13.51977, 52.76229 ], [ 13.51992, 52.76212 ], [ 13.52044, 52.76227 ], [ 13.52019, 52.7625 ] ], [ [ 13.53271, 52.76243 ], [ 13.53264, 52.76253 ], [ 13.53245, 52.76258 ], [ 13.53226, 52.76252 ], [ 13.5322, 52.76243 ], [ 13.5323, 52.76231 ], [ 13.53246, 52.76228 ], [ 13.53262, 52.76231 ], [ 13.53271, 52.76243 ] ], [ [ 13.53152, 52.76254 ], [ 13.53143, 52.76266 ], [ 13.53126, 52.76269 ], [ 13.53107, 52.76263 ], [ 13.53102, 52.76253 ], [ 13.53111, 52.76242 ], [ 13.53127, 52.76238 ], [ 13.53146, 52.76244 ], [ 13.53152, 52.76254 ] ], [ [ 13.52438, 52.76186 ], [ 13.52432, 52.76195 ], [ 13.52412, 52.76201 ], [ 13.52393, 52.76195 ], [ 13.52387, 52.76185 ], [ 13.52397, 52.76173 ], [ 13.52413, 52.7617 ], [ 13.52432, 52.76176 ], [ 13.52438, 52.76186 ] ], [ [ 13.53311, 52.76165 ], [ 13.53348, 52.7618 ], [ 13.53354, 52.7619 ], [ 13.53289, 52.76183 ], [ 13.53276, 52.76176 ], [ 13.53273, 52.76167 ], [ 13.53287, 52.76162 ], [ 13.53311, 52.76165 ] ], [ [ 13.53079, 52.76148 ], [ 13.53073, 52.76157 ], [ 13.53053, 52.76163 ], [ 13.53037, 52.76159 ], [ 13.53028, 52.76147 ], [ 13.53038, 52.76135 ], [ 13.53054, 52.76132 ], [ 13.53073, 52.76138 ], [ 13.53079, 52.76148 ] ], [ [ 13.53294, 52.76137 ], [ 13.53288, 52.76147 ], [ 13.53269, 52.76152 ], [ 13.5325, 52.76146 ], [ 13.53244, 52.76136 ], [ 13.53253, 52.76125 ], [ 13.5327, 52.76121 ], [ 13.53286, 52.76125 ], [ 13.53294, 52.76137 ] ], [ [ 13.52701, 52.76083 ], [ 13.52697, 52.76105 ], [ 13.52682, 52.76115 ], [ 13.52633, 52.76109 ], [ 13.52609, 52.76101 ], [ 13.52623, 52.76092 ], [ 13.52671, 52.76078 ], [ 13.52692, 52.76077 ], [ 13.52701, 52.76083 ] ], [ [ 13.52375, 52.76096 ], [ 13.52369, 52.76106 ], [ 13.5235, 52.76111 ], [ 13.52331, 52.76105 ], [ 13.52325, 52.76095 ], [ 13.52334, 52.76084 ], [ 13.52351, 52.7608 ], [ 13.52367, 52.76084 ], [ 13.52375, 52.76096 ] ], [ [ 13.53287, 52.76044 ], [ 13.53306, 52.76065 ], [ 13.53301, 52.76084 ], [ 13.53285, 52.761 ], [ 13.53264, 52.76112 ], [ 13.53244, 52.76115 ], [ 13.53228, 52.76107 ], [ 13.53213, 52.76087 ], [ 13.53213, 52.76046 ], [ 13.53228, 52.76029 ], [ 13.53237, 52.76027 ], [ 13.53262, 52.76032 ], [ 13.53287, 52.76044 ] ], [ [ 13.52459, 52.76374 ], [ 13.52468, 52.76383 ], [ 13.52455, 52.76388 ], [ 13.52433, 52.76388 ], [ 13.52414, 52.76383 ], [ 13.52409, 52.76377 ], [ 13.52413, 52.76372 ], [ 13.52432, 52.76368 ], [ 13.52459, 52.76374 ] ] ] } },
{ "type": "Feature", "properties": { "boden": "100 % arm, mäßig frisch (A2)" }, "geometry": { "type": "Polygon", "coordinates": [ [ [ 13.53246, 52.76228 ], [ 13.5323, 52.76231 ], [ 13.5322, 52.76243 ], [ 13.53226, 52.76252 ], [ 13.53245, 52.76258 ], [ 13.53264, 52.76253 ], [ 13.53271, 52.76243 ], [ 13.53262, 52.76231 ], [ 13.53246, 52.76228 ] ] ] } },
{ "type": "Feature", "properties": { "boden": "100 % arm, mäßig frisch (A2)" }, "geometry": { "type": "Polygon", "coordinates": [ [ [ 13.52257, 52.76223 ], [ 13.5224, 52.76227 ], [ 13.52231, 52.76238 ], [ 13.52237, 52.76248 ], [ 13.52256, 52.76254 ], [ 13.52275, 52.76249 ], [ 13.52281, 52.76239 ], [ 13.52273, 52.76227 ], [ 13.52257, 52.76223 ] ] ] } },
{ "type": "Feature", "properties": { "boden": "100 % arm, mäßig frisch (A2)" }, "geometry": { "type": "Polygon", "coordinates": [ [ [ 13.53127, 52.76238 ], [ 13.53111, 52.76242 ], [ 13.53102, 52.76253 ], [ 13.53107, 52.76263 ], [ 13.53126, 52.76269 ], [ 13.53143, 52.76266 ], [ 13.53152, 52.76254 ], [ 13.53146, 52.76244 ], [ 13.53127, 52.76238 ] ] ] } },
{ "type": "Feature", "properties": { "boden": "100 % arm, mäßig frisch (A2)" }, "geometry": { "type": "Polygon", "coordinates": [ [ [ 13.52699, 52.76235 ], [ 13.52683, 52.76238 ], [ 13.52674, 52.7625 ], [ 13.52682, 52.76262 ], [ 13.52698, 52.76266 ], [ 13.52715, 52.76262 ], [ 13.52724, 52.76251 ], [ 13.52719, 52.76241 ], [ 13.52699, 52.76235 ] ] ] } },
{ "type": "Feature", "properties": { "boden": "100 % arm, mäßig frisch (A2)" }, "geometry": { "type": "Polygon", "coordinates": [ [ [ 13.52953, 52.76269 ], [ 13.52937, 52.76272 ], [ 13.52928, 52.76284 ], [ 13.52933, 52.76294 ], [ 13.52952, 52.76299 ], [ 13.52972, 52.76294 ], [ 13.52978, 52.76284 ], [ 13.5297, 52.76272 ], [ 13.52953, 52.76269 ] ] ] } },
{ "type": "Feature", "properties": { "boden": "100 % mittel, trocken (vermutet) (M3)" }, "geometry": { "type": "Polygon", "coordinates": [ [ [ 13.54603, 52.76244 ], [ 13.54539, 52.76244 ], [ 13.54502, 52.76239 ], [ 13.54501, 52.76241 ], [ 13.54538, 52.76291 ], [ 13.54563, 52.76299 ], [ 13.54609, 52.76297 ], [ 13.54632, 52.76283 ], [ 13.54635, 52.76262 ], [ 13.54603, 52.76244 ] ] ] } },
{ "type": "Feature", "properties": { "boden": "100 % mittel, mäßig frisch (M2)" }, "geometry": { "type": "Polygon", "coordinates": [ [ [ 13.53559, 52.76273 ], [ 13.53535, 52.76275 ], [ 13.53505, 52.76287 ], [ 13.53522, 52.76298 ], [ 13.53556, 52.76303 ], [ 13.53654, 52.76298 ], [ 13.53623, 52.76285 ], [ 13.53559, 52.76273 ] ] ] } },
{ "type": "Feature", "properties": { "boden": "100 % mittel, trocken (vermutet) (M3)" }, "geometry": { "type": "Polygon", "coordinates": [ [ [ 13.53909, 52.76261 ], [ 13.53873, 52.76247 ], [ 13.53847, 52.7627 ], [ 13.53814, 52.76286 ], [ 13.53757, 52.763 ], [ 13.537, 52.76301 ], [ 13.53683, 52.76321 ], [ 13.53715, 52.76339 ], [ 13.53736, 52.76343 ], [ 13.53768, 52.76341 ], [ 13.53798, 52.7633 ], [ 13.53866, 52.7629 ], [ 13.53926, 52.76276 ], [ 13.53909, 52.76261 ] ] ] } },
{ "type": "Feature", "properties": { "boden": "100 % ziemlich arm, mäßig frisch (Z2)" }, "geometry": { "type": "Polygon", "coordinates": [ [ [ 13.54716, 52.76316 ], [ 13.54699, 52.76319 ], [ 13.54692, 52.76328 ], [ 13.54721, 52.76345 ], [ 13.54734, 52.76341 ], [ 13.5474, 52.76332 ], [ 13.54732, 52.7632 ], [ 13.54716, 52.76316 ] ] ] } },
{ "type": "Feature", "properties": { "boden": "100 % ziemlich arm, mäßig frisch (Z2)" }, "geometry": { "type": "Polygon", "coordinates": [ [ [ 13.54768, 52.76312 ], [ 13.54755, 52.76278 ], [ 13.54744, 52.76272 ], [ 13.54702, 52.7628 ], [ 13.54679, 52.76296 ], [ 13.54661, 52.76316 ], [ 13.54666, 52.7633 ], [ 13.54725, 52.76389 ], [ 13.5475, 52.76391 ], [ 13.54764, 52.76385 ], [ 13.54768, 52.76312 ] ], [ [ 13.5474, 52.76332 ], [ 13.54734, 52.76341 ], [ 13.54721, 52.76345 ], [ 13.54692, 52.76328 ], [ 13.54699, 52.76319 ], [ 13.54716, 52.76316 ], [ 13.54732, 52.7632 ], [ 13.5474, 52.76332 ] ] ] } },
{ "type": "Feature", "properties": { "boden": "100 % mittel, mäßig frisch (M2)" }, "geometry": { "type": "Polygon", "coordinates": [ [ [ 13.54937, 52.76349 ], [ 13.54897, 52.76311 ], [ 13.54863, 52.76333 ], [ 13.54856, 52.76345 ], [ 13.54874, 52.76362 ], [ 13.54905, 52.76369 ], [ 13.54937, 52.76349 ] ] ] } },
{ "type": "Feature", "properties": { "boden": "100 % mittel, mäßig frisch (M2)" }, "geometry": { "type": "Polygon", "coordinates": [ [ [ 13.5342, 52.76318 ], [ 13.53434, 52.76349 ], [ 13.53452, 52.76346 ], [ 13.5349, 52.76331 ], [ 13.53507, 52.7631 ], [ 13.53491, 52.76305 ], [ 13.53452, 52.76308 ], [ 13.5342, 52.76318 ] ] ] } },
{ "type": "Feature", "properties": { "boden": "100 % mittel, mäßig frisch (M2)" }, "geometry": { "type": "Polygon", "coordinates": [ [ [ 13.55041, 52.76385 ], [ 13.55111, 52.76368 ], [ 13.55126, 52.76361 ], [ 13.5513, 52.76353 ], [ 13.55098, 52.76351 ], [ 13.55064, 52.76356 ], [ 13.55027, 52.76373 ], [ 13.55041, 52.76385 ] ] ] } },
{ "type": "Feature", "properties": { "boden": "100 % ziemlich arm, trocken (vermutet) (Z3)" }, "geometry": { "type": "Polygon", "coordinates": [ [ [ 13.5483, 52.76368 ], [ 13.54817, 52.76366 ], [ 13.5481, 52.7637 ], [ 13.548, 52.76387 ], [ 13.54807, 52.76394 ], [ 13.54832, 52.76403 ], [ 13.5483, 52.76368 ] ] ] } },
{ "type": "Feature", "properties": { "boden": "100 % mittel, trocken (vermutet) (M3)" }, "geometry": { "type": "Polygon", "coordinates": [ [ [ 13.54614, 52.76344 ], [ 13.54577, 52.76374 ], [ 13.54559, 52.76383 ], [ 13.54533, 52.76387 ], [ 13.54448, 52.76388 ], [ 13.54481, 52.76419 ], [ 13.54569, 52.76424 ], [ 13.54614, 52.76373 ], [ 13.54621, 52.76346 ], [ 13.54614, 52.76344 ] ] ] } },
{ "type": "Feature", "properties": { "boden": "100 % mittel, mäßig frisch (M2)" }, "geometry": { "type": "Polygon", "coordinates": [ [ [ 13.55507, 52.76125 ], [ 13.55493, 52.76109 ], [ 13.55434, 52.76105 ], [ 13.55416, 52.76106 ], [ 13.55406, 52.76113 ], [ 13.55426, 52.76144 ], [ 13.55434, 52.76115 ], [ 13.55507, 52.76125 ] ] ] } },
{ "type": "Feature", "properties": { "boden": "100 % mittel, mäßig frisch (M2)" }, "geometry": { "type": "Polygon", "coordinates": [ [ [ 13.55254, 52.76117 ], [ 13.55205, 52.7612 ], [ 13.5521, 52.76127 ], [ 13.55228, 52.76132 ], [ 13.55246, 52.76128 ], [ 13.55254, 52.76117 ] ] ] } },
{ "type": "Feature", "properties": { "boden": "80 % ziemlich arm, mäßig frisch (Z2) · 20 % ziemlich arm, frisch (Z1)" }, "geometry": { "type": "Polygon", "coordinates": [ [ [ 13.55434, 52.76115 ], [ 13.55426, 52.76144 ], [ 13.5546, 52.76162 ], [ 13.55493, 52.76154 ], [ 13.55507, 52.76141 ], [ 13.55507, 52.76125 ], [ 13.55434, 52.76115 ] ] ] } },
{ "type": "Feature", "properties": { "boden": "80 % ziemlich arm, trocken (vermutet) (Z3) · 20 % ziemlich arm, frisch (Z1)" }, "geometry": { "type": "Polygon", "coordinates": [ [ [ 13.55537, 52.76129 ], [ 13.55507, 52.76125 ], [ 13.55507, 52.76141 ], [ 13.55478, 52.76159 ], [ 13.5546, 52.76162 ], [ 13.55426, 52.76144 ], [ 13.55416, 52.76182 ], [ 13.55423, 52.76191 ], [ 13.55495, 52.7619 ], [ 13.55505, 52.76168 ], [ 13.55537, 52.76129 ] ] ] } },
{ "type": "Feature", "properties": { "boden": "100 % mittel, trocken (vermutet) (M3)" }, "geometry": { "type": "Polygon", "coordinates": [ [ [ 13.55721, 52.76185 ], [ 13.55719, 52.76153 ], [ 13.55695, 52.76159 ], [ 13.55676, 52.76131 ], [ 13.55666, 52.76126 ], [ 13.55657, 52.76131 ], [ 13.55661, 52.76149 ], [ 13.55627, 52.76144 ], [ 13.55588, 52.76147 ], [ 13.55561, 52.76139 ], [ 13.55531, 52.76136 ], [ 13.55495, 52.7619 ], [ 13.55423, 52.76191 ], [ 13.55416, 52.76182 ], [ 13.55426, 52.76144 ], [ 13.55422, 52.76142 ], [ 13.55383, 52.76134 ], [ 13.55331, 52.76135 ], [ 13.55315, 52.7614 ], [ 13.55278, 52.76124 ], [ 13.55265, 52.76125 ], [ 13.55244, 52.76137 ], [ 13.55216, 52.76143 ], [ 13.5506, 52.76143 ], [ 13.54915, 52.76132 ], [ 13.54894, 52.76136 ], [ 13.54888, 52.76145 ], [ 13.5501, 52.76177 ], [ 13.55045, 52.76195 ], [ 13.55073, 52.7622 ], [ 13.55082, 52.76217 ], [ 13.5508, 52.76195 ], [ 13.55087, 52.76181 ], [ 13.55111, 52.76175 ], [ 13.55132, 52.76176 ], [ 13.5519, 52.76187 ], [ 13.55293, 52.76218 ], [ 13.55308, 52.76228 ], [ 13.55319, 52.76245 ], [ 13.55329, 52.76248 ], [ 13.55366, 52.76234 ], [ 13.55409, 52.76226 ], [ 13.55516, 52.76224 ], [ 13.55667, 52.76211 ], [ 13.55707, 52.76212 ], [ 13.55721, 52.76185 ] ] ] } },
{ "type": "Feature", "properties": { "boden": "100 % mittel, trocken (vermutet) (M3)" }, "geometry": { "type": "Polygon", "coordinates": [ [ [ 13.55395, 52.76298 ], [ 13.5533, 52.76296 ], [ 13.55323, 52.76332 ], [ 13.55335, 52.76338 ], [ 13.55367, 52.76338 ], [ 13.55396, 52.76311 ], [ 13.554, 52.76302 ], [ 13.55395, 52.76298 ] ] ] } },
{ "type": "Feature", "properties": { "boden": "100 % mittel, mäßig frisch (M2)" }, "geometry": { "type": "Polygon", "coordinates": [ [ [ 13.55257, 52.76301 ], [ 13.55236, 52.76307 ], [ 13.55229, 52.76313 ], [ 13.55232, 52.76323 ], [ 13.55204, 52.7634 ], [ 13.55205, 52.76345 ], [ 13.55221, 52.76345 ], [ 13.55243, 52.76336 ], [ 13.55273, 52.76317 ], [ 13.55272, 52.76307 ], [ 13.55257, 52.76301 ] ] ] } },
{ "type": "Feature", "properties": { "boden": "100 % mittel, trocken (vermutet) (M3)" }, "geometry": { "type": "Polygon", "coordinates": [ [ [ 13.55333, 52.7637 ], [ 13.55302, 52.76376 ], [ 13.55257, 52.76392 ], [ 13.5524, 52.76404 ], [ 13.55241, 52.76409 ], [ 13.55255, 52.76413 ], [ 13.55281, 52.7641 ], [ 13.55314, 52.764 ], [ 13.55333, 52.76385 ], [ 13.55338, 52.76373 ], [ 13.55333, 52.7637 ] ] ] } },
{ "type": "Feature", "properties": { "boden": "100 % mittel, mäßig frisch (M2)" }, "geometry": { "type": "Polygon", "coordinates": [ [ [ 13.5585, 52.76525 ], [ 13.55832, 52.76529 ], [ 13.55825, 52.7654 ], [ 13.55832, 52.76551 ], [ 13.55849, 52.76555 ], [ 13.55867, 52.76551 ], [ 13.55875, 52.76541 ], [ 13.55868, 52.7653 ], [ 13.5585, 52.76525 ] ] ] } },
{ "type": "Feature", "properties": { "boden": "100 % mittel, trocken (vermutet) (M3)" }, "geometry": { "type": "Polygon", "coordinates": [ [ [ 13.55293, 52.76519 ], [ 13.55264, 52.76523 ], [ 13.55255, 52.76531 ], [ 13.55257, 52.76536 ], [ 13.55316, 52.76577 ], [ 13.5533, 52.76584 ], [ 13.55343, 52.76585 ], [ 13.55346, 52.76577 ], [ 13.55329, 52.76545 ], [ 13.55311, 52.76527 ], [ 13.55293, 52.76519 ] ] ] } },
{ "type": "Feature", "properties": { "boden": "100 % arm, mäßig frisch (A2)" }, "geometry": { "type": "Polygon", "coordinates": [ [ [ 13.51906, 52.76277 ], [ 13.5189, 52.7628 ], [ 13.5188, 52.76292 ], [ 13.51886, 52.76302 ], [ 13.51905, 52.76308 ], [ 13.51924, 52.76302 ], [ 13.51931, 52.76293 ], [ 13.51922, 52.76281 ], [ 13.51906, 52.76277 ] ] ] } },
{ "type": "Feature", "properties": { "boden": "100 % arm, mäßig frisch (A2)" }, "geometry": { "type": "Polygon", "coordinates": [ [ [ 13.51798, 52.76281 ], [ 13.51797, 52.7631 ], [ 13.51814, 52.76306 ], [ 13.5182, 52.76296 ], [ 13.51812, 52.76284 ], [ 13.51798, 52.76281 ] ] ] } },
{ "type": "Feature", "properties": { "boden": "100 % arm, mäßig frisch (A2)" }, "geometry": { "type": "Polygon", "coordinates": [ [ [ 13.52268, 52.76305 ], [ 13.52251, 52.76309 ], [ 13.52242, 52.7632 ], [ 13.52251, 52.76332 ], [ 13.52267, 52.76336 ], [ 13.52286, 52.76331 ], [ 13.52292, 52.76321 ], [ 13.52284, 52.76309 ], [ 13.52268, 52.76305 ] ] ] } },
{ "type": "Feature", "properties": { "boden": "100 % arm, mäßig frisch (A2)" }, "geometry": { "type": "Polygon", "coordinates": [ [ [ 13.52819, 52.76361 ], [ 13.5278, 52.76328 ], [ 13.52747, 52.76319 ], [ 13.52722, 52.76324 ], [ 13.52696, 52.76356 ], [ 13.52734, 52.76376 ], [ 13.52784, 52.76363 ], [ 13.52819, 52.76361 ] ] ] } },
{ "type": "Feature", "properties": { "boden": "100 % arm, mäßig frisch (A2)" }, "geometry": { "type": "Polygon", "coordinates": [ [ [ 13.53297, 52.76339 ], [ 13.53224, 52.76346 ], [ 13.53193, 52.76358 ], [ 13.53165, 52.76379 ], [ 13.53171, 52.76393 ], [ 13.53245, 52.76358 ], [ 13.53297, 52.76339 ] ] ] } },
{ "type": "Feature", "properties": { "boden": "60 % mittel, mäßig frisch (M2) · 40 % ziemlich arm, mäßig frisch (Z2)" }, "geometry": { "type": "Polygon", "coordinates": [ [ [ 13.53297, 52.76339 ], [ 13.53171, 52.76393 ], [ 13.53178, 52.76403 ], [ 13.53163, 52.76409 ], [ 13.53163, 52.76415 ], [ 13.53187, 52.76414 ], [ 13.53227, 52.76425 ], [ 13.53263, 52.7642 ], [ 13.53269, 52.76414 ], [ 13.53264, 52.76406 ], [ 13.53247, 52.76402 ], [ 13.5323, 52.76407 ], [ 13.53205, 52.76405 ], [ 13.532, 52.76399 ], [ 13.53224, 52.76382 ], [ 13.5332, 52.76367 ], [ 13.53348, 52.76351 ], [ 13.5332, 52.76341 ], [ 13.53297, 52.76339 ] ] ] } },
{ "type": "Feature", "properties": { "boden": "60 % mittel, mäßig frisch (M2) · 40 % ziemlich arm, mäßig frisch (Z2)" }, "geometry": { "type": "Polygon", "coordinates": [ [ [ 13.52784, 52.76363 ], [ 13.52734, 52.76376 ], [ 13.52773, 52.76392 ], [ 13.52824, 52.76371 ], [ 13.52819, 52.76361 ], [ 13.52784, 52.76363 ] ] ] } },
{ "type": "Feature", "properties": { "boden": "100 % arm, mäßig frisch (A2)" }, "geometry": { "type": "Polygon", "coordinates": [ [ [ 13.52432, 52.76368 ], [ 13.52413, 52.76372 ], [ 13.52414, 52.76383 ], [ 13.52433, 52.76388 ], [ 13.52455, 52.76388 ], [ 13.52468, 52.76383 ], [ 13.52459, 52.76374 ], [ 13.52432, 52.76368 ] ] ] } },
{ "type": "Feature", "properties": { "boden": "60 % mittel, trocken (vermutet) (M3) · 40 % ziemlich arm, trocken (vermutet) (Z3)" }, "geometry": { "type": "Polygon", "coordinates": [ [ [ 13.52989, 52.76397 ], [ 13.52868, 52.76392 ], [ 13.52861, 52.76396 ], [ 13.52864, 52.76417 ], [ 13.52874, 52.76428 ], [ 13.52944, 52.76443 ], [ 13.52981, 52.76444 ], [ 13.53014, 52.76441 ], [ 13.53041, 52.76428 ], [ 13.53041, 52.76416 ], [ 13.53026, 52.76405 ], [ 13.52989, 52.76397 ] ] ] } },
{ "type": "Feature", "properties": { "boden": "100 % mittel, mäßig frisch (M2)" }, "geometry": { "type": "Polygon", "coordinates": [ [ [ 13.53707, 52.76358 ], [ 13.53686, 52.76362 ], [ 13.53688, 52.76372 ], [ 13.53706, 52.76386 ], [ 13.53724, 52.76392 ], [ 13.53741, 52.76391 ], [ 13.53752, 52.76381 ], [ 13.53749, 52.76372 ], [ 13.53728, 52.7636 ], [ 13.53707, 52.76358 ] ] ] } },
{ "type": "Feature", "properties": { "boden": "100 % ziemlich arm, trocken (vermutet) (Z3)" }, "geometry": { "type": "Polygon", "coordinates": [ [ [ 13.54614, 52.76373 ], [ 13.54569, 52.76424 ], [ 13.54686, 52.76444 ], [ 13.54701, 52.76442 ], [ 13.547, 52.76419 ], [ 13.54682, 52.76395 ], [ 13.54621, 52.76346 ], [ 13.54614, 52.76373 ] ] ] } },
{ "type": "Feature", "properties": { "boden": "100 % ziemlich arm, trocken (vermutet) (Z3)" }, "geometry": { "type": "Polygon", "coordinates": [ [ [ 13.54448, 52.76388 ], [ 13.54398, 52.76396 ], [ 13.54378, 52.76406 ], [ 13.54374, 52.76415 ], [ 13.54481, 52.76419 ], [ 13.54448, 52.76388 ] ] ] } },
{ "type": "Feature", "properties": { "boden": "100 % ziemlich arm, trocken (vermutet) (Z3)" }, "geometry": { "type": "Polygon", "coordinates": [ [ [ 13.54254, 52.76387 ], [ 13.54207, 52.76391 ], [ 13.54197, 52.76397 ], [ 13.54202, 52.76417 ], [ 13.54214, 52.76424 ], [ 13.54252, 52.76426 ], [ 13.54317, 52.76408 ], [ 13.54304, 52.76391 ], [ 13.54254, 52.76387 ] ] ] } },
{ "type": "Feature", "properties": { "boden": "100 % mittel, mäßig frisch (M2)" }, "geometry": { "type": "Polygon", "coordinates": [ [ [ 13.54949, 52.76439 ], [ 13.54964, 52.76436 ], [ 13.5497, 52.76427 ], [ 13.54962, 52.76415 ], [ 13.54951, 52.76412 ], [ 13.54949, 52.76439 ] ] ] } },
{ "type": "Feature", "properties": { "boden": "100 % mittel, mäßig frisch (M2)" }, "geometry": { "type": "Polygon", "coordinates": [ [ [ 13.54945, 52.76442 ], [ 13.54951, 52.76412 ], [ 13.54946, 52.76411 ], [ 13.54929, 52.76415 ], [ 13.5492, 52.76426 ], [ 13.54925, 52.76436 ], [ 13.54945, 52.76442 ] ] ] } },
{ "type": "Feature", "properties": { "boden": "60 % mittel, mäßig frisch (M2) · 40 % ziemlich arm, mäßig frisch (Z2)" }, "geometry": { "type": "Polygon", "coordinates": [ [ [ 13.53414, 52.76387 ], [ 13.53378, 52.76386 ], [ 13.53313, 52.76409 ], [ 13.53313, 52.7643 ], [ 13.5333, 52.76446 ], [ 13.53355, 52.76451 ], [ 13.53386, 52.7645 ], [ 13.53408, 52.76443 ], [ 13.53422, 52.76431 ], [ 13.53431, 52.76396 ], [ 13.53414, 52.76387 ] ] ] } },
{ "type": "Feature", "properties": { "boden": "100 % mittel, mäßig frisch (M2)" }, "geometry": { "type": "Polygon", "coordinates": [ [ [ 13.54569, 52.76424 ], [ 13.54481, 52.76419 ], [ 13.54497, 52.7644 ], [ 13.5452, 52.76447 ], [ 13.54541, 52.76444 ], [ 13.54559, 52.76436 ], [ 13.54569, 52.76424 ] ] ] } },
{ "type": "Feature", "properties": { "boden": "100 % ziemlich arm, mäßig frisch (Z2)" }, "geometry": { "type": "Polygon", "coordinates": [ [ [ 13.54829, 52.76421 ], [ 13.54776, 52.76414 ], [ 13.54765, 52.76416 ], [ 13.54754, 52.76427 ], [ 13.54776, 52.76464 ], [ 13.54795, 52.76476 ], [ 13.54829, 52.76421 ] ] ] } },
{ "type": "Feature", "properties": { "boden": "100 % mittel, mäßig frisch (M2)" }, "geometry": { "type": "Polygon", "coordinates": [ [ [ 13.54829, 52.76421 ], [ 13.54795, 52.76476 ], [ 13.5484, 52.76473 ], [ 13.54854, 52.76466 ], [ 13.54864, 52.76439 ], [ 13.54848, 52.76427 ], [ 13.54829, 52.76421 ] ] ] } },
{ "type": "Feature", "properties": { "boden": "40 % kräftig, mäßig frisch (K2) · 40 % mittel, mäßig frisch (M2) · 20 % mittel, mäßig frisch (M+2)" }, "geometry": { "type": "Polygon", "coordinates": [ [ [ 13.602, 52.75465 ], [ 13.60212, 52.7548 ], [ 13.60216, 52.75495 ], [ 13.60201, 52.75525 ], [ 13.60201, 52.75542 ], [ 13.60222, 52.75575 ], [ 13.60242, 52.75501 ], [ 13.60229, 52.75486 ], [ 13.602, 52.75465 ] ] ] } },
{ "type": "Feature", "properties": { "boden": "40 % kräftig, mäßig frisch (K2) · 40 % mittel, mäßig frisch (M2) · 20 % mittel, mäßig frisch (M+2)" }, "geometry": { "type": "Polygon", "coordinates": [ [ [ 13.60173, 52.75606 ], [ 13.60181, 52.75536 ], [ 13.60178, 52.75491 ], [ 13.60188, 52.75459 ], [ 13.60149, 52.75453 ], [ 13.60133, 52.75457 ], [ 13.60125, 52.75474 ], [ 13.6011, 52.75483 ], [ 13.60104, 52.75512 ], [ 13.60079, 52.75546 ], [ 13.60116, 52.75574 ], [ 13.60125, 52.75592 ], [ 13.60124, 52.75611 ], [ 13.60113, 52.75616 ], [ 13.60047, 52.75625 ], [ 13.60042, 52.75664 ], [ 13.6003, 52.75675 ], [ 13.59943, 52.75639 ], [ 13.59815, 52.75629 ], [ 13.59557, 52.75591 ], [ 13.59506, 52.75616 ], [ 13.59421, 52.75622 ], [ 13.59319, 52.75604 ], [ 13.59302, 52.75589 ], [ 13.59321, 52.75557 ], [ 13.59323, 52.75532 ], [ 13.59291, 52.75463 ], [ 13.59293, 52.75454 ], [ 13.59312, 52.7544 ], [ 13.59311, 52.75408 ], [ 13.59267, 52.75335 ], [ 13.59255, 52.75304 ], [ 13.5923, 52.75308 ], [ 13.5925, 52.754 ], [ 13.59239, 52.75412 ], [ 13.59239, 52.75424 ], [ 13.59282, 52.7554 ], [ 13.5928, 52.7556 ], [ 13.59265, 52.75595 ], [ 13.59279, 52.7563 ], [ 13.59296, 52.75651 ], [ 13.59338, 52.75669 ], [ 13.5939, 52.75675 ], [ 13.59427, 52.75657 ], [ 13.59464, 52.75646 ], [ 13.59542, 52.75646 ], [ 13.59562, 52.75651 ], [ 13.59577, 52.7564 ], [ 13.59594, 52.75636 ], [ 13.59671, 52.75653 ], [ 13.5971, 52.75674 ], [ 13.598, 52.75676 ], [ 13.59826, 52.75683 ], [ 13.59899, 52.75691 ], [ 13.59958, 52.75718 ], [ 13.5998, 52.75733 ], [ 13.6004, 52.75744 ], [ 13.60042, 52.75695 ], [ 13.60084, 52.75684 ], [ 13.60136, 52.75623 ], [ 13.60158, 52.75618 ], [ 13.60173, 52.75606 ] ] ] } },
{ "type": "Feature", "properties": { "boden": "40 % kräftig, mäßig frisch (K2) · 40 % mittel, mäßig frisch (M2) · 20 % mittel, mäßig frisch (M+2)" }, "geometry": { "type": "Polygon", "coordinates": [ [ [ 13.60222, 52.75575 ], [ 13.60201, 52.75542 ], [ 13.60215, 52.75485 ], [ 13.602, 52.75465 ], [ 13.60188, 52.75459 ], [ 13.60178, 52.75491 ], [ 13.60181, 52.75536 ], [ 13.60173, 52.75606 ], [ 13.60158, 52.75618 ], [ 13.60168, 52.75626 ], [ 13.60182, 52.75616 ], [ 13.60214, 52.75609 ], [ 13.60222, 52.75575 ] ] ] } },
{ "type": "Feature", "properties": { "boden": "40 % kräftig, mäßig frisch (K2) · 40 % mittel, mäßig frisch (M2) · 20 % mittel, mäßig frisch (M+2)" }, "geometry": { "type": "Polygon", "coordinates": [ [ [ 13.60274, 52.7568 ], [ 13.60312, 52.75653 ], [ 13.60344, 52.75642 ], [ 13.60362, 52.75614 ], [ 13.60402, 52.75583 ], [ 13.60408, 52.75566 ], [ 13.60405, 52.75541 ], [ 13.60424, 52.75524 ], [ 13.60456, 52.75519 ], [ 13.60497, 52.75518 ], [ 13.60564, 52.75526 ], [ 13.60608, 52.75517 ], [ 13.60623, 52.75524 ], [ 13.60619, 52.75503 ], [ 13.60673, 52.75421 ], [ 13.60573, 52.75464 ], [ 13.60564, 52.75484 ], [ 13.60547, 52.75498 ], [ 13.60511, 52.755 ], [ 13.60494, 52.75487 ], [ 13.60422, 52.75502 ], [ 13.60399, 52.75511 ], [ 13.60349, 52.75573 ], [ 13.60307, 52.7564 ], [ 13.60279, 52.75654 ], [ 13.60254, 52.75654 ], [ 13.60221, 52.7563 ], [ 13.60214, 52.75609 ], [ 13.60173, 52.75621 ], [ 13.60168, 52.75626 ], [ 13.60245, 52.75678 ], [ 13.60274, 52.7568 ] ] ] } },
{ "type": "Feature", "properties": { "boden": "40 % kräftig, mäßig frisch (K2) · 40 % mittel, mäßig frisch (M2) · 20 % mittel, mäßig frisch (M+2)" }, "geometry": { "type": "Polygon", "coordinates": [ [ [ 13.60621, 52.75522 ], [ 13.60608, 52.75517 ], [ 13.60564, 52.75526 ], [ 13.60497, 52.75518 ], [ 13.60456, 52.75519 ], [ 13.60424, 52.75524 ], [ 13.60405, 52.75541 ], [ 13.60408, 52.75566 ], [ 13.60402, 52.75583 ], [ 13.6037, 52.75606 ], [ 13.60353, 52.75631 ], [ 13.60385, 52.7562 ], [ 13.60453, 52.75557 ], [ 13.60456, 52.75527 ], [ 13.60464, 52.75523 ], [ 13.60581, 52.75548 ], [ 13.60625, 52.75536 ], [ 13.60621, 52.75522 ] ] ] } },
{ "type": "Feature", "properties": { "boden": "40 % mittel, trocken (vermutet) (M3) · 30 % mittel, trocken (vermutet) (M3) · 30 % mittel, trocken (vermutet) (M3)" }, "geometry": { "type": "Polygon", "coordinates": [ [ [ 13.59819, 52.75613 ], [ 13.59892, 52.75615 ], [ 13.59954, 52.75612 ], [ 13.59997, 52.75603 ], [ 13.60035, 52.75581 ], [ 13.59954, 52.75579 ], [ 13.59906, 52.75569 ], [ 13.5983, 52.75567 ], [ 13.59819, 52.75613 ] ] ] } },
{ "type": "Feature", "properties": { "boden": "40 % kräftig, mäßig frisch (K2) · 40 % mittel, mäßig frisch (M2) · 20 % mittel, mäßig frisch (M+2)" }, "geometry": { "type": "Polygon", "coordinates": [ [ [ 13.60079, 52.75546 ], [ 13.60024, 52.75595 ], [ 13.59986, 52.75615 ], [ 13.59942, 52.75626 ], [ 13.5983, 52.75628 ], [ 13.59943, 52.75639 ], [ 13.60013, 52.75671 ], [ 13.60036, 52.75674 ], [ 13.60047, 52.75625 ], [ 13.60113, 52.75616 ], [ 13.60126, 52.75606 ], [ 13.60116, 52.75574 ], [ 13.60079, 52.75546 ] ] ] } },
{ "type": "Feature", "properties": { "boden": "30 % mittel, trocken (vermutet) (M3) · 40 % mittel, trocken (vermutet) (M3) · 30 % mittel, trocken (vermutet) (M3)" }, "geometry": { "type": "Polygon", "coordinates": [ [ [ 13.60254, 52.75654 ], [ 13.6027, 52.75652 ], [ 13.60295, 52.75638 ], [ 13.60312, 52.75626 ], [ 13.60312, 52.75616 ], [ 13.6027, 52.75614 ], [ 13.60222, 52.75631 ], [ 13.60254, 52.75654 ] ] ] } },
{ "type": "Feature", "properties": { "boden": "40 % kräftig, mäßig frisch (K2) · 40 % mittel, mäßig frisch (M2) · 20 % mittel, mäßig frisch (M+2)" }, "geometry": { "type": "Polygon", "coordinates": [ [ [ 13.60349, 52.75638 ], [ 13.60312, 52.75653 ], [ 13.60274, 52.7568 ], [ 13.60323, 52.75681 ], [ 13.60336, 52.7565 ], [ 13.60356, 52.75645 ], [ 13.60349, 52.75638 ] ] ] } },
{ "type": "Feature", "properties": { "boden": "100 % kräftig, nass (OK3)" }, "geometry": { "type": "Polygon", "coordinates": [ [ [ 13.60537, 52.75703 ], [ 13.60645, 52.75717 ], [ 13.60641, 52.75687 ], [ 13.60602, 52.75693 ], [ 13.60565, 52.75634 ], [ 13.60526, 52.75632 ], [ 13.60502, 52.75639 ], [ 13.6053, 52.75683 ], [ 13.60513, 52.75695 ], [ 13.60537, 52.75703 ] ] ] } },
{ "type": "Feature", "properties": { "boden": "100 % mittel, mäßig frisch (M2)" }, "geometry": { "type": "Polygon", "coordinates": [ [ [ 13.58127, 52.75358 ], [ 13.58105, 52.75344 ], [ 13.58081, 52.75341 ], [ 13.58027, 52.75356 ], [ 13.58032, 52.75359 ], [ 13.58054, 52.75356 ], [ 13.58088, 52.75366 ], [ 13.58121, 52.75363 ], [ 13.58127, 52.75358 ] ] ] } },
{ "type": "Feature", "properties": { "boden": "50 % mittel, mäßig frisch (M2) · 30 % ziemlich arm, mäßig frisch (Z2) · 20 % kräftig, mäßig frisch (K2)" }, "geometry": { "type": "Polygon", "coordinates": [ [ [ 13.57324, 52.7537 ], [ 13.57275, 52.75361 ], [ 13.57222, 52.75357 ], [ 13.57268, 52.75374 ], [ 13.57304, 52.75379 ], [ 13.57326, 52.75371 ], [ 13.57352, 52.75354 ], [ 13.57324, 52.7537 ] ] ] } },
{ "type": "Feature", "properties": { "boden": "100 % mittel, mäßig frisch (M2)" }, "geometry": { "type": "Polygon", "coordinates": [ [ [ 13.57186, 52.75355 ], [ 13.57191, 52.75371 ], [ 13.57235, 52.75403 ], [ 13.57226, 52.7537 ], [ 13.57186, 52.75355 ] ] ] } },
{ "type": "Feature", "properties": { "boden": "100 % mittel, mäßig frisch (M2)" }, "geometry": { "type": "Polygon", "coordinates": [ [ [ 13.57758, 52.75433 ], [ 13.57705, 52.75467 ], [ 13.57784, 52.75437 ], [ 13.57794, 52.75416 ], [ 13.57826, 52.75402 ], [ 13.57835, 52.75376 ], [ 13.57816, 52.75378 ], [ 13.57758, 52.75433 ] ] ] } },
{ "type": "Feature", "properties": { "boden": "100 % mittel, mäßig frisch (M2)" }, "geometry": { "type": "Polygon", "coordinates": [ [ [ 13.57499, 52.75663 ], [ 13.57569, 52.75615 ], [ 13.57592, 52.75592 ], [ 13.57641, 52.75582 ], [ 13.57641, 52.75575 ], [ 13.57633, 52.75565 ], [ 13.57605, 52.75558 ], [ 13.57555, 52.75581 ], [ 13.5754, 52.75582 ], [ 13.57532, 52.75561 ], [ 13.57541, 52.75541 ], [ 13.57556, 52.75537 ], [ 13.57604, 52.75538 ], [ 13.57629, 52.75533 ], [ 13.57693, 52.75505 ], [ 13.57794, 52.75442 ], [ 13.57838, 52.75406 ], [ 13.57873, 52.75359 ], [ 13.5789, 52.75352 ], [ 13.57913, 52.75353 ], [ 13.57939, 52.75348 ], [ 13.57951, 52.75351 ], [ 13.57958, 52.7536 ], [ 13.5795, 52.75387 ], [ 13.57958, 52.75393 ], [ 13.57979, 52.75396 ], [ 13.57975, 52.75412 ], [ 13.57953, 52.75425 ], [ 13.57897, 52.75445 ], [ 13.57856, 52.7548 ], [ 13.57807, 52.75513 ], [ 13.57762, 52.75532 ], [ 13.57721, 52.7557 ], [ 13.57739, 52.75568 ], [ 13.57858, 52.75527 ], [ 13.57912, 52.75513 ], [ 13.58059, 52.75492 ], [ 13.58155, 52.75492 ], [ 13.58206, 52.755 ], [ 13.58271, 52.75518 ], [ 13.58799, 52.75378 ], [ 13.5868, 52.75366 ], [ 13.58584, 52.75374 ], [ 13.585, 52.75373 ], [ 13.58446, 52.75368 ], [ 13.58388, 52.7535 ], [ 13.58262, 52.75341 ], [ 13.58197, 52.75341 ], [ 13.58225, 52.75358 ], [ 13.58226, 52.75369 ], [ 13.58218, 52.75372 ], [ 13.58169, 52.75353 ], [ 13.58031, 52.75329 ], [ 13.5801, 52.75324 ], [ 13.57999, 52.75316 ], [ 13.58075, 52.75276 ], [ 13.58139, 52.75256 ], [ 13.58179, 52.75267 ], [ 13.58238, 52.75299 ], [ 13.5828, 52.75307 ], [ 13.58311, 52.75305 ], [ 13.58341, 52.75297 ], [ 13.58368, 52.75268 ], [ 13.58382, 52.75264 ], [ 13.58401, 52.75272 ], [ 13.58447, 52.75312 ], [ 13.58502, 52.75331 ], [ 13.58532, 52.75331 ], [ 13.58513, 52.75308 ], [ 13.58482, 52.75303 ], [ 13.58459, 52.75291 ], [ 13.5845, 52.75276 ], [ 13.58465, 52.75267 ], [ 13.58431, 52.75241 ], [ 13.58364, 52.75215 ], [ 13.58281, 52.75202 ], [ 13.58179, 52.75201 ], [ 13.58084, 52.75229 ], [ 13.58016, 52.75228 ], [ 13.5797, 52.75244 ], [ 13.57966, 52.75256 ], [ 13.5794, 52.75273 ], [ 13.57908, 52.75274 ], [ 13.5788, 52.75286 ], [ 13.57873, 52.75313 ], [ 13.57816, 52.75378 ], [ 13.57835, 52.75376 ], [ 13.57826, 52.75402 ], [ 13.57794, 52.75416 ], [ 13.57784, 52.75437 ], [ 13.57705, 52.75467 ], [ 13.57641, 52.75507 ], [ 13.57538, 52.75535 ], [ 13.57497, 52.75617 ], [ 13.57471, 52.75641 ], [ 13.57446, 52.75685 ], [ 13.57459, 52.75693 ], [ 13.57471, 52.7571 ], [ 13.57499, 52.75663 ] ], [ [ 13.58121, 52.75363 ], [ 13.58088, 52.75366 ], [ 13.58054, 52.75356 ], [ 13.58032, 52.75359 ], [ 13.58027, 52.75356 ], [ 13.58059, 52.75344 ], [ 13.5809, 52.75341 ], [ 13.58123, 52.75352 ], [ 13.58127, 52.75358 ], [ 13.58121, 52.75363 ] ], [ [ 13.57941, 52.75289 ], [ 13.57938, 52.75307 ], [ 13.57954, 52.75312 ], [ 13.57959, 52.75318 ], [ 13.57943, 52.75323 ], [ 13.57926, 52.75321 ], [ 13.57913, 52.75308 ], [ 13.57919, 52.75287 ], [ 13.57941, 52.75289 ] ], [ [ 13.58418, 52.75386 ], [ 13.58409, 52.75398 ], [ 13.58392, 52.75401 ], [ 13.58373, 52.75395 ], [ 13.58368, 52.75385 ], [ 13.58377, 52.75374 ], [ 13.58393, 52.7537 ], [ 13.58409, 52.75374 ], [ 13.58418, 52.75386 ] ] ] } },
{ "type": "Feature", "properties": { "boden": "100 % mittel, trocken (vermutet) (M3)" }, "geometry": { "type": "Polygon", "coordinates": [ [ [ 13.57641, 52.75582 ], [ 13.57721, 52.7557 ], [ 13.57762, 52.75532 ], [ 13.57807, 52.75513 ], [ 13.57856, 52.7548 ], [ 13.57897, 52.75445 ], [ 13.57953, 52.75425 ], [ 13.57975, 52.75412 ], [ 13.57979, 52.75396 ], [ 13.57958, 52.75393 ], [ 13.5795, 52.75387 ], [ 13.57958, 52.7536 ], [ 13.57951, 52.75351 ], [ 13.57939, 52.75348 ], [ 13.57913, 52.75353 ], [ 13.5789, 52.75352 ], [ 13.57873, 52.75359 ], [ 13.57838, 52.75406 ], [ 13.57783, 52.7545 ], [ 13.57659, 52.75522 ], [ 13.57604, 52.75538 ], [ 13.57556, 52.75537 ], [ 13.57541, 52.75541 ], [ 13.57534, 52.75549 ], [ 13.57534, 52.75572 ], [ 13.57546, 52.75583 ], [ 13.57605, 52.75558 ], [ 13.57633, 52.75565 ], [ 13.57641, 52.75582 ] ] ] } },
{ "type": "Feature", "properties": { "boden": "100 % mittel, mäßig frisch (M2)" }, "geometry": { "type": "Polygon", "coordinates": [ [ [ 13.57232, 52.75442 ], [ 13.57205, 52.75469 ], [ 13.57194, 52.75493 ], [ 13.57188, 52.75541 ], [ 13.57232, 52.75442 ] ] ] } },
{ "type": "Feature", "properties": { "boden": "100 % mittel, trocken (vermutet) (M3)" }, "geometry": { "type": "Polygon", "coordinates": [ [ [ 13.57197, 52.75392 ], [ 13.57163, 52.75404 ], [ 13.57145, 52.75419 ], [ 13.57126, 52.7547 ], [ 13.57097, 52.75511 ], [ 13.57099, 52.7553 ], [ 13.57137, 52.75565 ], [ 13.57029, 52.75653 ], [ 13.56961, 52.75698 ], [ 13.56952, 52.7571 ], [ 13.56964, 52.7572 ], [ 13.56996, 52.75719 ], [ 13.57042, 52.75697 ], [ 13.57067, 52.75677 ], [ 13.57096, 52.7564 ], [ 13.57154, 52.756 ], [ 13.57157, 52.75562 ], [ 13.57166, 52.7555 ], [ 13.5718, 52.75491 ], [ 13.57225, 52.75412 ], [ 13.57223, 52.754 ], [ 13.57212, 52.75394 ], [ 13.57197, 52.75392 ] ] ] } },
{ "type": "Feature", "properties": { "boden": "50 % mittel, mäßig frisch (M2) · 30 % ziemlich arm, mäßig frisch (Z2) · 20 % kräftig, mäßig frisch (K2)" }, "geometry": { "type": "Polygon", "coordinates": [ [ [ 13.57253, 52.75469 ], [ 13.57239, 52.75479 ], [ 13.57237, 52.75495 ], [ 13.57205, 52.75556 ], [ 13.57195, 52.75603 ], [ 13.57174, 52.75638 ], [ 13.57119, 52.75672 ], [ 13.57121, 52.75688 ], [ 13.57137, 52.75696 ], [ 13.57174, 52.75697 ], [ 13.57191, 52.75644 ], [ 13.57227, 52.75615 ], [ 13.57254, 52.75508 ], [ 13.57273, 52.75466 ], [ 13.57253, 52.75469 ] ] ] } },
{ "type": "Feature", "properties": { "boden": "50 % mittel, mäßig frisch (M2) · 30 % ziemlich arm, mäßig frisch (Z2) · 20 % kräftig, mäßig frisch (K2)" }, "geometry": { "type": "Polygon", "coordinates": [ [ [ 13.56777, 52.75828 ], [ 13.56833, 52.75804 ], [ 13.56879, 52.75803 ], [ 13.56921, 52.75795 ], [ 13.56985, 52.75766 ], [ 13.57089, 52.7577 ], [ 13.57155, 52.7576 ], [ 13.57174, 52.75697 ], [ 13.57137, 52.75696 ], [ 13.57121, 52.75688 ], [ 13.57119, 52.75672 ], [ 13.57174, 52.75638 ], [ 13.57195, 52.75603 ], [ 13.57205, 52.75556 ], [ 13.57237, 52.75495 ], [ 13.57239, 52.75479 ], [ 13.57253, 52.75469 ], [ 13.57273, 52.75466 ], [ 13.57277, 52.75456 ], [ 13.57354, 52.75391 ], [ 13.57498, 52.75326 ], [ 13.57545, 52.75289 ], [ 13.57559, 52.7526 ], [ 13.57523, 52.75258 ], [ 13.57509, 52.75249 ], [ 13.57493, 52.7527 ], [ 13.57456, 52.75299 ], [ 13.57315, 52.75376 ], [ 13.57282, 52.75377 ], [ 13.57222, 52.75357 ], [ 13.57186, 52.75355 ], [ 13.57226, 52.7537 ], [ 13.57241, 52.75422 ], [ 13.57182, 52.75555 ], [ 13.57175, 52.756 ], [ 13.57153, 52.75626 ], [ 13.57106, 52.7566 ], [ 13.57096, 52.75676 ], [ 13.57099, 52.75699 ], [ 13.57135, 52.75721 ], [ 13.57125, 52.75739 ], [ 13.5711, 52.75746 ], [ 13.5709, 52.75748 ], [ 13.57043, 52.75739 ], [ 13.57012, 52.75739 ], [ 13.56877, 52.75764 ], [ 13.56835, 52.75748 ], [ 13.56794, 52.75744 ], [ 13.56676, 52.75776 ], [ 13.56573, 52.75797 ], [ 13.56558, 52.75807 ], [ 13.56464, 52.75843 ], [ 13.56328, 52.75939 ], [ 13.56385, 52.75955 ], [ 13.56433, 52.75982 ], [ 13.56431, 52.75909 ], [ 13.56479, 52.75874 ], [ 13.56533, 52.7585 ], [ 13.56685, 52.75818 ], [ 13.56746, 52.75814 ], [ 13.5674, 52.75836 ], [ 13.56777, 52.75828 ] ] ] } },
{ "type": "Feature", "properties": { "boden": "40 % kräftig, trocken (vermutet) (K3) · 40 % mittel, trocken (vermutet) (M3) · 20 % mittel, trocken (vermutet) (M+3)" }, "geometry": { "type": "Polygon", "coordinates": [ [ [ 13.59114, 52.7555 ], [ 13.5912, 52.75566 ], [ 13.5913, 52.7557 ], [ 13.59138, 52.75568 ], [ 13.59177, 52.75539 ], [ 13.5919, 52.75522 ], [ 13.59114, 52.7555 ] ] ] } },
{ "type": "Feature", "properties": { "boden": "40 % kräftig, mäßig frisch (K2) · 40 % mittel, mäßig frisch (M2) · 20 % mittel, mäßig frisch (M+2)" }, "geometry": { "type": "Polygon", "coordinates": [ [ [ 13.59099, 52.75573 ], [ 13.59047, 52.75581 ], [ 13.59083, 52.75609 ], [ 13.5912, 52.75611 ], [ 13.5913, 52.756 ], [ 13.59099, 52.75569 ], [ 13.59099, 52.75573 ] ] ] } },
{ "type": "Feature", "properties": { "boden": "40 % kräftig, mäßig frisch (K2) · 40 % mittel, mäßig frisch (M2) · 20 % mittel, mäßig frisch (M+2)" }, "geometry": { "type": "Polygon", "coordinates": [ [ [ 13.59416, 52.75923 ], [ 13.59437, 52.75909 ], [ 13.59488, 52.759 ], [ 13.59446, 52.75863 ], [ 13.59436, 52.75878 ], [ 13.59418, 52.75882 ], [ 13.59401, 52.75878 ], [ 13.59363, 52.75823 ], [ 13.59332, 52.75814 ], [ 13.5929, 52.7581 ], [ 13.59277, 52.758 ], [ 13.59279, 52.75774 ], [ 13.59312, 52.75755 ], [ 13.59353, 52.75753 ], [ 13.5938, 52.7577 ], [ 13.5937, 52.75703 ], [ 13.59338, 52.75669 ], [ 13.59313, 52.75658 ], [ 13.59183, 52.75652 ], [ 13.59163, 52.75645 ], [ 13.59149, 52.7563 ], [ 13.5915, 52.75614 ], [ 13.59167, 52.75601 ], [ 13.59183, 52.75555 ], [ 13.59219, 52.75522 ], [ 13.59215, 52.75478 ], [ 13.59204, 52.75431 ], [ 13.59161, 52.75346 ], [ 13.5917, 52.75294 ], [ 13.59156, 52.7528 ], [ 13.59114, 52.75266 ], [ 13.59081, 52.75267 ], [ 13.59083, 52.75274 ], [ 13.59112, 52.75269 ], [ 13.59132, 52.75273 ], [ 13.59147, 52.75286 ], [ 13.59146, 52.75364 ], [ 13.59191, 52.75436 ], [ 13.59203, 52.75517 ], [ 13.5919, 52.75522 ], [ 13.59177, 52.75539 ], [ 13.59138, 52.75568 ], [ 13.5913, 52.7557 ], [ 13.5912, 52.75566 ], [ 13.59111, 52.75553 ], [ 13.59101, 52.75561 ], [ 13.59099, 52.75569 ], [ 13.5913, 52.756 ], [ 13.5912, 52.75611 ], [ 13.59083, 52.75609 ], [ 13.59153, 52.75656 ], [ 13.59242, 52.75693 ], [ 13.59262, 52.75687 ], [ 13.59298, 52.75687 ], [ 13.59324, 52.75693 ], [ 13.5933, 52.75699 ], [ 13.59328, 52.75723 ], [ 13.59314, 52.75732 ], [ 13.59292, 52.75738 ], [ 13.59254, 52.75796 ], [ 13.59258, 52.7582 ], [ 13.59281, 52.75878 ], [ 13.5931, 52.75918 ], [ 13.59348, 52.75937 ], [ 13.59374, 52.75941 ], [ 13.59408, 52.75939 ], [ 13.59416, 52.75923 ] ] ] } },
{ "type": "Feature", "properties": { "boden": "40 % kräftig, trocken (vermutet) (K3) · 40 % mittel, trocken (vermutet) (M3) · 20 % mittel, trocken (vermutet) (M+3)" }, "geometry": { "type": "Polygon", "coordinates": [ [ [ 13.59242, 52.75693 ], [ 13.59303, 52.75721 ], [ 13.59292, 52.75738 ], [ 13.59314, 52.75732 ], [ 13.59328, 52.75723 ], [ 13.5933, 52.75699 ], [ 13.59324, 52.75693 ], [ 13.59298, 52.75687 ], [ 13.59246, 52.75689 ], [ 13.59242, 52.75693 ] ] ] } },
{ "type": "Feature", "properties": { "boden": "40 % kräftig, mäßig frisch (K2) · 40 % mittel, mäßig frisch (M2) · 20 % mittel, mäßig frisch (M+2)" }, "geometry": { "type": "Polygon", "coordinates": [ [ [ 13.5938, 52.7577 ], [ 13.59353, 52.75753 ], [ 13.59332, 52.75752 ], [ 13.59303, 52.75758 ], [ 13.59276, 52.75779 ], [ 13.59282, 52.75806 ], [ 13.59363, 52.75823 ], [ 13.59348, 52.75804 ], [ 13.59355, 52.75793 ], [ 13.59373, 52.75789 ], [ 13.59387, 52.75793 ], [ 13.5938, 52.7577 ] ] ] } },
{ "type": "Feature", "properties": { "boden": "40 % kräftig, mäßig frisch (K2) · 40 % mittel, mäßig frisch (M2) · 20 % mittel, mäßig frisch (M+2)" }, "geometry": { "type": "Polygon", "coordinates": [ [ [ 13.59373, 52.75789 ], [ 13.59355, 52.75793 ], [ 13.59348, 52.75804 ], [ 13.59355, 52.75815 ], [ 13.59363, 52.75823 ], [ 13.59404, 52.75838 ], [ 13.59425, 52.75841 ], [ 13.59395, 52.75811 ], [ 13.59387, 52.75793 ], [ 13.59373, 52.75789 ] ] ] } },
{ "type": "Feature", "properties": { "boden": "40 % kräftig, mäßig frisch (K2) · 40 % mittel, mäßig frisch (M2) · 20 % mittel, mäßig frisch (M+2)" }, "geometry": { "type": "Polygon", "coordinates": [ [ [ 13.59425, 52.75841 ], [ 13.59404, 52.75838 ], [ 13.59363, 52.75823 ], [ 13.59401, 52.75878 ], [ 13.59418, 52.75882 ], [ 13.59436, 52.75878 ], [ 13.59446, 52.75863 ], [ 13.59425, 52.75841 ] ] ] } },
{ "type": "Feature", "properties": { "boden": "40 % kräftig, mäßig frisch (K2) · 40 % mittel, mäßig frisch (M2) · 20 % mittel, mäßig frisch (M+2)" }, "geometry": { "type": "Polygon", "coordinates": [ [ [ 13.59513, 52.75934 ], [ 13.59507, 52.75911 ], [ 13.59486, 52.759 ], [ 13.59437, 52.75909 ], [ 13.59416, 52.75923 ], [ 13.59408, 52.75939 ], [ 13.59513, 52.75934 ] ] ] } },
{ "type": "Feature", "properties": { "boden": "100 % mittel, mäßig frisch (M2)" }, "geometry": { "type": "Polygon", "coordinates": [ [ [ 13.59463, 52.75965 ], [ 13.59469, 52.75946 ], [ 13.59487, 52.75941 ], [ 13.59505, 52.75946 ], [ 13.5951, 52.75954 ], [ 13.59512, 52.75935 ], [ 13.59408, 52.75939 ], [ 13.59407, 52.75955 ], [ 13.59416, 52.75963 ], [ 13.59432, 52.75967 ], [ 13.59463, 52.75965 ] ] ] } },
{ "type": "Feature", "properties": { "boden": "100 % mittel, mäßig frisch (M2)" }, "geometry": { "type": "Polygon", "coordinates": [ [ [ 13.59505, 52.75946 ], [ 13.59487, 52.75941 ], [ 13.59469, 52.75946 ], [ 13.59462, 52.75956 ], [ 13.59466, 52.75964 ], [ 13.59505, 52.75957 ], [ 13.59505, 52.75946 ] ] ] } },
{ "type": "Feature", "properties": { "boden": "40 % kräftig, mäßig frisch (K2) · 40 % mittel, mäßig frisch (M2) · 20 % mittel, mäßig frisch (M+2)" }, "geometry": { "type": "Polygon", "coordinates": [ [ [ 13.5939, 52.75675 ], [ 13.59446, 52.7568 ], [ 13.59457, 52.75662 ], [ 13.59487, 52.75652 ], [ 13.59531, 52.75648 ], [ 13.59565, 52.75654 ], [ 13.5958, 52.75644 ], [ 13.59599, 52.75641 ], [ 13.59649, 52.7565 ], [ 13.59688, 52.75673 ], [ 13.59713, 52.7568 ], [ 13.59802, 52.75681 ], [ 13.59887, 52.75694 ], [ 13.59932, 52.75705 ], [ 13.59899, 52.75691 ], [ 13.59862, 52.75685 ], [ 13.59826, 52.75683 ], [ 13.598, 52.75676 ], [ 13.5971, 52.75674 ], [ 13.59671, 52.75653 ], [ 13.59594, 52.75636 ], [ 13.59577, 52.7564 ], [ 13.59562, 52.75651 ], [ 13.59542, 52.75646 ], [ 13.59464, 52.75646 ], [ 13.59427, 52.75657 ], [ 13.5939, 52.75675 ] ] ] } },
{ "type": "Feature", "properties": { "boden": "40 % kräftig, trocken (vermutet) (K3) · 40 % mittel, trocken (vermutet) (M3) · 20 % mittel, trocken (vermutet) (M+3)" }, "geometry": { "type": "Polygon", "coordinates": [ [ [ 13.59914, 52.75699 ], [ 13.59802, 52.75681 ], [ 13.59713, 52.7568 ], [ 13.59688, 52.75673 ], [ 13.59649, 52.7565 ], [ 13.59599, 52.75641 ], [ 13.5958, 52.75644 ], [ 13.59565, 52.75654 ], [ 13.59531, 52.75648 ], [ 13.59487, 52.75652 ], [ 13.59457, 52.75662 ], [ 13.59446, 52.7568 ], [ 13.59901, 52.75719 ], [ 13.5998, 52.75733 ], [ 13.59958, 52.75718 ], [ 13.59914, 52.75699 ] ] ] } },
{ "type": "Feature", "properties": { "boden": "60 % mittel, trocken (vermutet) (M3) · 20 % kräftig, trocken (vermutet) (K3) · 20 % ziemlich arm, trocken (vermutet) (Z3)" }, "geometry": { "type": "Polygon", "coordinates": [ [ [ 13.6063, 52.75735 ], [ 13.60624, 52.75724 ], [ 13.6061, 52.75718 ], [ 13.60579, 52.75717 ], [ 13.60459, 52.75686 ], [ 13.60418, 52.75691 ], [ 13.60401, 52.75701 ], [ 13.60393, 52.75714 ], [ 13.60397, 52.75729 ], [ 13.60416, 52.75748 ], [ 13.6043, 52.75753 ], [ 13.60458, 52.75753 ], [ 13.60512, 52.75738 ], [ 13.60534, 52.75743 ], [ 13.60566, 52.7576 ], [ 13.60582, 52.75759 ], [ 13.60618, 52.75746 ], [ 13.6063, 52.75735 ] ] ] } },
{ "type": "Feature", "properties": { "boden": "100 % mittel, trocken (vermutet) (M3)" }, "geometry": { "type": "Polygon", "coordinates": [ [ [ 13.60092, 52.75801 ], [ 13.6004, 52.75812 ], [ 13.59987, 52.75834 ], [ 13.59967, 52.75857 ], [ 13.59974, 52.75869 ], [ 13.60036, 52.75878 ], [ 13.6006, 52.75876 ], [ 13.60097, 52.75863 ], [ 13.60127, 52.75834 ], [ 13.60131, 52.75822 ], [ 13.60117, 52.75805 ], [ 13.60092, 52.75801 ] ] ] } },
{ "type": "Feature", "properties": { "boden": "60 % mittel, trocken (vermutet) (M3) · 20 % kräftig, trocken (vermutet) (K3) · 20 % ziemlich arm, trocken (vermutet) (Z3)" }, "geometry": { "type": "Polygon", "coordinates": [ [ [ 13.60449, 52.75804 ], [ 13.60379, 52.75811 ], [ 13.60341, 52.75825 ], [ 13.6033, 52.75862 ], [ 13.60334, 52.75889 ], [ 13.6036, 52.75884 ], [ 13.60404, 52.75867 ], [ 13.6044, 52.75846 ], [ 13.60456, 52.75822 ], [ 13.60455, 52.75807 ], [ 13.60449, 52.75804 ] ] ] } },
{ "type": "Feature", "properties": { "boden": "60 % mittel, mäßig frisch (M2) · 20 % kräftig, mäßig frisch (K2) · 20 % ziemlich arm, mäßig frisch (Z2)" }, "geometry": { "type": "Polygon", "coordinates": [ [ [ 13.60618, 52.75853 ], [ 13.60573, 52.75847 ], [ 13.60557, 52.75851 ], [ 13.60526, 52.75871 ], [ 13.60528, 52.75906 ], [ 13.60562, 52.75952 ], [ 13.60549, 52.75908 ], [ 13.60551, 52.75892 ], [ 13.60575, 52.75871 ], [ 13.60616, 52.75854 ], [ 13.6062, 52.75855 ], [ 13.60618, 52.75853 ] ] ] } },
{ "type": "Feature", "properties": { "boden": "100 % mittel, mäßig frisch (M2)" }, "geometry": { "type": "Polygon", "coordinates": [ [ [ 13.6003, 52.76043 ], [ 13.60066, 52.75985 ], [ 13.60057, 52.75978 ], [ 13.60018, 52.75996 ], [ 13.60003, 52.75997 ], [ 13.5999, 52.75991 ], [ 13.59983, 52.75979 ], [ 13.59989, 52.75954 ], [ 13.60027, 52.75924 ], [ 13.6006, 52.75914 ], [ 13.60109, 52.75909 ], [ 13.60166, 52.7589 ], [ 13.6019, 52.75872 ], [ 13.60151, 52.75764 ], [ 13.60044, 52.75781 ], [ 13.60044, 52.75789 ], [ 13.59993, 52.75812 ], [ 13.59947, 52.75851 ], [ 13.59937, 52.75871 ], [ 13.59959, 52.75932 ], [ 13.5995, 52.75981 ], [ 13.59936, 52.76 ], [ 13.59875, 52.76039 ], [ 13.59859, 52.76044 ], [ 13.59905, 52.76047 ], [ 13.59985, 52.76042 ], [ 13.60034, 52.76014 ], [ 13.6004, 52.76016 ], [ 13.6004, 52.76025 ], [ 13.6003, 52.76043 ] ], [ [ 13.60117, 52.75805 ], [ 13.60131, 52.75822 ], [ 13.60127, 52.75834 ], [ 13.60097, 52.75863 ], [ 13.6008, 52.75871 ], [ 13.6006, 52.75876 ], [ 13.60008, 52.75876 ], [ 13.59987, 52.75873 ], [ 13.59967, 52.75864 ], [ 13.59973, 52.75845 ], [ 13.60009, 52.75823 ], [ 13.60069, 52.75804 ], [ 13.60092, 52.75801 ], [ 13.60117, 52.75805 ] ] ] } },
{ "type": "Feature", "properties": { "boden": "100 % ziemlich arm, nass (OZ1)" }, "geometry": { "type": "Polygon", "coordinates": [ [ [ 13.60674, 52.75987 ], [ 13.60657, 52.75961 ], [ 13.6066, 52.75924 ], [ 13.60639, 52.75864 ], [ 13.60616, 52.75854 ], [ 13.60575, 52.75871 ], [ 13.60551, 52.75892 ], [ 13.60549, 52.75908 ], [ 13.60562, 52.75953 ], [ 13.60578, 52.75984 ], [ 13.60632, 52.76013 ], [ 13.60674, 52.75987 ] ] ] } },
{ "type": "Feature", "properties": { "boden": "100 % mittel, mäßig frisch (M2)" }, "geometry": { "type": "Polygon", "coordinates": [ [ [ 13.6005, 52.75961 ], [ 13.60061, 52.75943 ], [ 13.60109, 52.7593 ], [ 13.60162, 52.75908 ], [ 13.60192, 52.7588 ], [ 13.6019, 52.75872 ], [ 13.60166, 52.7589 ], [ 13.60109, 52.75909 ], [ 13.60043, 52.75918 ], [ 13.60012, 52.75932 ], [ 13.59983, 52.75963 ], [ 13.59983, 52.75979 ], [ 13.5999, 52.75991 ], [ 13.60003, 52.75997 ], [ 13.60018, 52.75996 ], [ 13.60057, 52.75978 ], [ 13.6005, 52.75961 ] ] ] } },
{ "type": "Feature", "properties": { "boden": "60 % mittel, trocken (vermutet) (M3) · 20 % kräftig, trocken (vermutet) (K3) · 20 % ziemlich arm, trocken (vermutet) (Z3)" }, "geometry": { "type": "Polygon", "coordinates": [ [ [ 13.60289, 52.75917 ], [ 13.6025, 52.75929 ], [ 13.60232, 52.75943 ], [ 13.60223, 52.75965 ], [ 13.60232, 52.75982 ], [ 13.60251, 52.75985 ], [ 13.60272, 52.75983 ], [ 13.60305, 52.75955 ], [ 13.60308, 52.75929 ], [ 13.60304, 52.75922 ], [ 13.60289, 52.75917 ] ] ] } },
{ "type": "Feature", "properties": { "boden": "100 % mittel, mäßig frisch (M2)" }, "geometry": { "type": "Polygon", "coordinates": [ [ [ 13.59875, 52.76039 ], [ 13.59936, 52.76 ], [ 13.5995, 52.75981 ], [ 13.59959, 52.75932 ], [ 13.59937, 52.75871 ], [ 13.59921, 52.75941 ], [ 13.59892, 52.75977 ], [ 13.59507, 52.75911 ], [ 13.59512, 52.75935 ], [ 13.59527, 52.75951 ], [ 13.59528, 52.75943 ], [ 13.59543, 52.75939 ], [ 13.59589, 52.75956 ], [ 13.596, 52.75965 ], [ 13.59592, 52.75975 ], [ 13.5958, 52.75976 ], [ 13.59534, 52.75964 ], [ 13.59552, 52.76005 ], [ 13.59567, 52.76003 ], [ 13.5966, 52.76019 ], [ 13.59778, 52.76017 ], [ 13.59823, 52.76025 ], [ 13.59845, 52.76033 ], [ 13.59857, 52.76045 ], [ 13.59875, 52.76039 ] ], [ [ 13.59773, 52.75965 ], [ 13.5979, 52.75984 ], [ 13.5978, 52.75998 ], [ 13.59751, 52.76002 ], [ 13.59697, 52.75996 ], [ 13.59705, 52.75984 ], [ 13.59745, 52.75963 ], [ 13.59773, 52.75965 ] ] ] } },
{ "type": "Feature", "properties": { "boden": "60 % mittel, trocken (vermutet) (M3) · 20 % kräftig, trocken (vermutet) (K3) · 20 % ziemlich arm, trocken (vermutet) (Z3)" }, "geometry": { "type": "Polygon", "coordinates": [ [ [ 13.6047, 52.75927 ], [ 13.60442, 52.75932 ], [ 13.60409, 52.75949 ], [ 13.60431, 52.75982 ], [ 13.60427, 52.76024 ], [ 13.6043, 52.76034 ], [ 13.60449, 52.76047 ], [ 13.60476, 52.76053 ], [ 13.60511, 52.76053 ], [ 13.60536, 52.76041 ], [ 13.60544, 52.76015 ], [ 13.60542, 52.76002 ], [ 13.60521, 52.75979 ], [ 13.60482, 52.75952 ], [ 13.60479, 52.7593 ], [ 13.6047, 52.75927 ] ] ] } },
{ "type": "Feature", "properties": { "boden": "100 % mittel, mäßig frisch (M2)" }, "geometry": { "type": "Polygon", "coordinates": [ [ [ 13.59753, 52.75962 ], [ 13.59725, 52.75971 ], [ 13.59705, 52.75984 ], [ 13.59697, 52.75996 ], [ 13.59751, 52.76002 ], [ 13.59787, 52.75994 ], [ 13.59784, 52.75974 ], [ 13.59773, 52.75965 ], [ 13.59753, 52.75962 ] ] ] } },
{ "type": "Feature", "properties": { "boden": "60 % mittel, mäßig frisch (M2) · 20 % kräftig, mäßig frisch (K2) · 20 % ziemlich arm, mäßig frisch (Z2)" }, "geometry": { "type": "Polygon", "coordinates": [ [ [ 13.60347, 52.75966 ], [ 13.60326, 52.75975 ], [ 13.60311, 52.75993 ], [ 13.60319, 52.76009 ], [ 13.60347, 52.76016 ], [ 13.60384, 52.76005 ], [ 13.60393, 52.75986 ], [ 13.60379, 52.75973 ], [ 13.60347, 52.75966 ] ] ] } },
{ "type": "Feature", "properties": { "boden": "100 % mittel, mäßig frisch (M2)" }, "geometry": { "type": "Polygon", "coordinates": [ [ [ 13.60035, 52.76037 ], [ 13.60038, 52.76015 ], [ 13.59985, 52.76042 ], [ 13.59905, 52.76047 ], [ 13.59859, 52.76044 ], [ 13.59862, 52.76073 ], [ 13.5992, 52.76073 ], [ 13.5998, 52.76063 ], [ 13.60035, 52.76037 ] ] ] } },
{ "type": "Feature", "properties": { "boden": "60 % mittel, mäßig frisch (M2) · 20 % kräftig, mäßig frisch (K2) · 20 % ziemlich arm, mäßig frisch (Z2)" }, "geometry": { "type": "Polygon", "coordinates": [ [ [ 13.60811, 52.76361 ], [ 13.60794, 52.76348 ], [ 13.60798, 52.76338 ], [ 13.60842, 52.76307 ], [ 13.60905, 52.76301 ], [ 13.60951, 52.7628 ], [ 13.60962, 52.76262 ], [ 13.60988, 52.76141 ], [ 13.61065, 52.76072 ], [ 13.61061, 52.76059 ], [ 13.61033, 52.76026 ], [ 13.60978, 52.76001 ], [ 13.60847, 52.76019 ], [ 13.60803, 52.75953 ], [ 13.60779, 52.75931 ], [ 13.60814, 52.75873 ], [ 13.60736, 52.7581 ], [ 13.60713, 52.75779 ], [ 13.60645, 52.75717 ], [ 13.60537, 52.75703 ], [ 13.6045, 52.75675 ], [ 13.60419, 52.75675 ], [ 13.60392, 52.75684 ], [ 13.60353, 52.75718 ], [ 13.60369, 52.75747 ], [ 13.60347, 52.75785 ], [ 13.60331, 52.75786 ], [ 13.6032, 52.75783 ], [ 13.60306, 52.75739 ], [ 13.60293, 52.75727 ], [ 13.60168, 52.75759 ], [ 13.60254, 52.75857 ], [ 13.60247, 52.7589 ], [ 13.60205, 52.75922 ], [ 13.60178, 52.75976 ], [ 13.60107, 52.75998 ], [ 13.60066, 52.75985 ], [ 13.60035, 52.7604 ], [ 13.60047, 52.76053 ], [ 13.60043, 52.7611 ], [ 13.60074, 52.76115 ], [ 13.60092, 52.76163 ], [ 13.60102, 52.76172 ], [ 13.60167, 52.76151 ], [ 13.60184, 52.76134 ], [ 13.60199, 52.76135 ], [ 13.60205, 52.76153 ], [ 13.60167, 52.76182 ], [ 13.60204, 52.76186 ], [ 13.60273, 52.76205 ], [ 13.60278, 52.76211 ], [ 13.60272, 52.76226 ], [ 13.60295, 52.76237 ], [ 13.6022, 52.76258 ], [ 13.60244, 52.76256 ], [ 13.60265, 52.76262 ], [ 13.60267, 52.7629 ], [ 13.60255, 52.76298 ], [ 13.6022, 52.76297 ], [ 13.6019, 52.76304 ], [ 13.60177, 52.76315 ], [ 13.6017, 52.76349 ], [ 13.60175, 52.76353 ], [ 13.60409, 52.76337 ], [ 13.60582, 52.76359 ], [ 13.60625, 52.76381 ], [ 13.60712, 52.76391 ], [ 13.60799, 52.76435 ], [ 13.60793, 52.76389 ], [ 13.60811, 52.76361 ] ], [ [ 13.60606, 52.76231 ], [ 13.6058, 52.76229 ], [ 13.60563, 52.76202 ], [ 13.6055, 52.76194 ], [ 13.60482, 52.762 ], [ 13.60433, 52.76221 ], [ 13.60417, 52.76219 ], [ 13.60415, 52.76213 ], [ 13.60439, 52.76178 ], [ 13.60466, 52.76169 ], [ 13.60512, 52.76161 ], [ 13.60536, 52.76151 ], [ 13.6054, 52.76142 ], [ 13.60516, 52.76134 ], [ 13.6052, 52.76124 ], [ 13.60538, 52.76125 ], [ 13.60549, 52.76134 ], [ 13.60595, 52.7614 ], [ 13.60629, 52.76151 ], [ 13.60658, 52.7614 ], [ 13.6072, 52.76128 ], [ 13.60751, 52.76128 ], [ 13.60756, 52.76132 ], [ 13.60747, 52.76145 ], [ 13.60667, 52.76184 ], [ 13.60629, 52.76221 ], [ 13.6065, 52.76226 ], [ 13.60642, 52.76254 ], [ 13.60652, 52.76274 ], [ 13.60679, 52.76289 ], [ 13.60668, 52.76344 ], [ 13.60659, 52.76362 ], [ 13.6064, 52.76371 ], [ 13.60613, 52.76332 ], [ 13.60569, 52.76312 ], [ 13.60606, 52.76231 ] ], [ [ 13.60785, 52.76267 ], [ 13.60792, 52.7629 ], [ 13.60777, 52.76317 ], [ 13.60765, 52.76318 ], [ 13.60756, 52.76315 ], [ 13.60751, 52.76302 ], [ 13.60741, 52.76295 ], [ 13.60735, 52.76272 ], [ 13.60738, 52.76258 ], [ 13.60751, 52.76254 ], [ 13.60785, 52.76267 ] ], [ [ 13.60898, 52.76135 ], [ 13.6092, 52.76152 ], [ 13.60924, 52.76177 ], [ 13.60908, 52.76204 ], [ 13.60883, 52.76217 ], [ 13.60848, 52.76172 ], [ 13.60845, 52.76146 ], [ 13.60864, 52.76134 ], [ 13.60898, 52.76135 ] ], [ [ 13.60671, 52.76056 ], [ 13.60696, 52.76067 ], [ 13.60701, 52.76074 ], [ 13.60681, 52.76108 ], [ 13.60657, 52.76122 ], [ 13.60635, 52.76125 ], [ 13.6061, 52.76122 ], [ 13.60584, 52.76111 ], [ 13.60559, 52.76089 ], [ 13.60568, 52.7606 ], [ 13.60616, 52.76052 ], [ 13.60671, 52.76056 ] ], [ [ 13.60479, 52.7593 ], [ 13.60482, 52.75952 ], [ 13.60521, 52.75979 ], [ 13.60542, 52.76002 ], [ 13.60544, 52.76015 ], [ 13.60536, 52.76041 ], [ 13.60511, 52.76053 ], [ 13.60476, 52.76053 ], [ 13.60449, 52.76047 ], [ 13.6043, 52.76034 ], [ 13.60427, 52.76024 ], [ 13.60431, 52.75982 ], [ 13.60409, 52.75949 ], [ 13.60419, 52.7594 ], [ 13.60462, 52.75927 ], [ 13.60479, 52.7593 ] ], [ [ 13.60304, 52.75922 ], [ 13.60309, 52.75948 ], [ 13.60299, 52.75962 ], [ 13.60272, 52.75983 ], [ 13.60251, 52.75985 ], [ 13.60232, 52.75982 ], [ 13.60223, 52.75965 ], [ 13.60232, 52.75943 ], [ 13.60268, 52.75922 ], [ 13.60289, 52.75917 ], [ 13.60304, 52.75922 ] ], [ [ 13.60379, 52.75973 ], [ 13.60393, 52.75986 ], [ 13.60384, 52.76005 ], [ 13.60347, 52.76016 ], [ 13.60319, 52.76009 ], [ 13.60311, 52.75993 ], [ 13.60326, 52.75975 ], [ 13.60347, 52.75966 ], [ 13.60379, 52.75973 ] ], [ [ 13.60251, 52.76017 ], [ 13.6028, 52.7604 ], [ 13.60277, 52.76046 ], [ 13.60251, 52.76057 ], [ 13.6025, 52.76106 ], [ 13.60241, 52.76115 ], [ 13.60194, 52.76118 ], [ 13.6013, 52.76113 ], [ 13.60106, 52.76106 ], [ 13.601, 52.76097 ], [ 13.60112, 52.76077 ], [ 13.6013, 52.76057 ], [ 13.6016, 52.76038 ], [ 13.60223, 52.76015 ], [ 13.60251, 52.76017 ] ], [ [ 13.60639, 52.75864 ], [ 13.6066, 52.75924 ], [ 13.60657, 52.75961 ], [ 13.60674, 52.75987 ], [ 13.6072, 52.76011 ], [ 13.60725, 52.76017 ], [ 13.60718, 52.76028 ], [ 13.60694, 52.76023 ], [ 13.60671, 52.76007 ], [ 13.60654, 52.76002 ], [ 13.60632, 52.76013 ], [ 13.60598, 52.75997 ], [ 13.60578, 52.75984 ], [ 13.60562, 52.75952 ], [ 13.60528, 52.75906 ], [ 13.60526, 52.75871 ], [ 13.60557, 52.75851 ], [ 13.60573, 52.75847 ], [ 13.60603, 52.75849 ], [ 13.60639, 52.75864 ] ], [ [ 13.60458, 52.75813 ], [ 13.6045, 52.75834 ], [ 13.60424, 52.75857 ], [ 13.6036, 52.75884 ], [ 13.60334, 52.75889 ], [ 13.6033, 52.75862 ], [ 13.60336, 52.75833 ], [ 13.60348, 52.75819 ], [ 13.60412, 52.75806 ], [ 13.60449, 52.75804 ], [ 13.60458, 52.75813 ] ], [ [ 13.60719, 52.75845 ], [ 13.60726, 52.75859 ], [ 13.60716, 52.759 ], [ 13.60718, 52.75939 ], [ 13.60714, 52.75952 ], [ 13.60701, 52.75953 ], [ 13.60691, 52.75949 ], [ 13.60682, 52.75926 ], [ 13.60675, 52.75839 ], [ 13.60693, 52.75833 ], [ 13.60719, 52.75845 ] ], [ [ 13.60816, 52.76034 ], [ 13.60808, 52.76045 ], [ 13.6079, 52.76049 ], [ 13.60772, 52.76044 ], [ 13.60765, 52.76034 ], [ 13.60773, 52.76023 ], [ 13.60791, 52.76019 ], [ 13.60809, 52.76023 ], [ 13.60816, 52.76034 ] ], [ [ 13.60822, 52.76046 ], [ 13.60824, 52.76057 ], [ 13.60811, 52.76094 ], [ 13.60779, 52.76084 ], [ 13.60788, 52.76069 ], [ 13.60777, 52.76057 ], [ 13.60822, 52.76046 ] ], [ [ 13.6099, 52.76041 ], [ 13.61001, 52.76052 ], [ 13.61003, 52.76066 ], [ 13.60987, 52.76076 ], [ 13.60936, 52.7608 ], [ 13.60908, 52.76071 ], [ 13.60899, 52.76063 ], [ 13.60903, 52.76042 ], [ 13.60931, 52.76023 ], [ 13.6095, 52.76023 ], [ 13.6099, 52.76041 ] ], [ [ 13.60618, 52.75746 ], [ 13.60582, 52.75759 ], [ 13.60566, 52.7576 ], [ 13.60534, 52.75743 ], [ 13.60512, 52.75738 ], [ 13.60458, 52.75753 ], [ 13.6043, 52.75753 ], [ 13.60416, 52.75748 ], [ 13.60397, 52.75729 ], [ 13.60395, 52.75707 ], [ 13.60418, 52.75691 ], [ 13.60442, 52.75685 ], [ 13.6048, 52.7569 ], [ 13.60579, 52.75717 ], [ 13.6061, 52.75718 ], [ 13.6063, 52.75729 ], [ 13.60618, 52.75746 ] ] ] } },
{ "type": "Feature", "properties": { "boden": "100 % ziemlich arm, trocken (vermutet) (Z3)" }, "geometry": { "type": "Polygon", "coordinates": [ [ [ 13.59714, 52.76029 ], [ 13.59667, 52.76042 ], [ 13.5965, 52.7606 ], [ 13.59653, 52.76078 ], [ 13.59678, 52.7609 ], [ 13.59716, 52.76089 ], [ 13.5974, 52.76072 ], [ 13.59756, 52.76045 ], [ 13.59755, 52.76035 ], [ 13.59714, 52.76029 ] ] ] } },
{ "type": "Feature", "properties": { "boden": "60 % mittel, trocken (vermutet) (M3) · 20 % kräftig, trocken (vermutet) (K3) · 20 % ziemlich arm, trocken (vermutet) (Z3)" }, "geometry": { "type": "Polygon", "coordinates": [ [ [ 13.60244, 52.76015 ], [ 13.60223, 52.76015 ], [ 13.60195, 52.76023 ], [ 13.6013, 52.76057 ], [ 13.601, 52.76097 ], [ 13.60106, 52.76106 ], [ 13.6013, 52.76113 ], [ 13.60194, 52.76118 ], [ 13.6023, 52.76117 ], [ 13.60247, 52.76111 ], [ 13.60251, 52.76057 ], [ 13.60277, 52.76046 ], [ 13.6028, 52.7604 ], [ 13.60244, 52.76015 ] ] ] } },
{ "type": "Feature", "properties": { "boden": "100 % ziemlich arm, mäßig frisch (Z2)" }, "geometry": { "type": "Polygon", "coordinates": [ [ [ 13.59762, 52.76101 ], [ 13.59813, 52.76049 ], [ 13.59828, 52.76044 ], [ 13.59856, 52.76043 ], [ 13.59845, 52.76033 ], [ 13.59778, 52.76017 ], [ 13.5966, 52.76019 ], [ 13.59567, 52.76003 ], [ 13.59552, 52.76005 ], [ 13.59588, 52.76074 ], [ 13.59632, 52.76117 ], [ 13.59733, 52.76109 ], [ 13.59762, 52.76101 ] ], [ [ 13.59714, 52.76029 ], [ 13.59755, 52.76035 ], [ 13.59756, 52.76045 ], [ 13.59729, 52.76083 ], [ 13.59698, 52.76091 ], [ 13.59663, 52.76086 ], [ 13.59653, 52.76078 ], [ 13.5965, 52.7606 ], [ 13.59667, 52.76042 ], [ 13.59714, 52.76029 ] ] ] } },
{ "type": "Feature", "properties": { "boden": "100 % ziemlich arm, mäßig frisch (Z2)" }, "geometry": { "type": "Polygon", "coordinates": [ [ [ 13.59862, 52.76073 ], [ 13.59856, 52.76043 ], [ 13.59828, 52.76044 ], [ 13.59813, 52.76049 ], [ 13.59762, 52.76101 ], [ 13.59862, 52.76073 ] ] ] } },
{ "type": "Feature", "properties": { "boden": "60 % mittel, trocken (vermutet) (M3) · 20 % kräftig, trocken (vermutet) (K3) · 20 % ziemlich arm, trocken (vermutet) (Z3)" }, "geometry": { "type": "Polygon", "coordinates": [ [ [ 13.60616, 52.76052 ], [ 13.60568, 52.7606 ], [ 13.60559, 52.76089 ], [ 13.60584, 52.76111 ], [ 13.6061, 52.76122 ], [ 13.60635, 52.76125 ], [ 13.60657, 52.76122 ], [ 13.60681, 52.76108 ], [ 13.60701, 52.76074 ], [ 13.60696, 52.76067 ], [ 13.60671, 52.76056 ], [ 13.60616, 52.76052 ] ] ] } },
{ "type": "Feature", "properties": { "boden": "60 % mittel, mäßig frisch (M2) · 20 % kräftig, mäßig frisch (K2) · 20 % ziemlich arm, mäßig frisch (Z2)" }, "geometry": { "type": "Polygon", "coordinates": [ [ [ 13.59847, 52.76169 ], [ 13.59835, 52.76126 ], [ 13.59862, 52.76073 ], [ 13.59733, 52.76109 ], [ 13.59816, 52.7621 ], [ 13.59848, 52.76197 ], [ 13.59857, 52.76189 ], [ 13.59862, 52.76172 ], [ 13.59847, 52.76169 ] ] ] } },
{ "type": "Feature", "properties": { "boden": "100 % ziemlich arm, nass (OZ1)" }, "geometry": { "type": "Polygon", "coordinates": [ [ [ 13.60295, 52.76237 ], [ 13.60222, 52.76204 ], [ 13.60134, 52.76201 ], [ 13.60118, 52.7619 ], [ 13.60092, 52.76163 ], [ 13.60074, 52.76115 ], [ 13.60043, 52.7611 ], [ 13.60047, 52.76053 ], [ 13.60035, 52.7604 ], [ 13.5998, 52.76063 ], [ 13.5992, 52.76073 ], [ 13.59862, 52.76073 ], [ 13.59835, 52.76126 ], [ 13.59847, 52.76169 ], [ 13.59866, 52.76173 ], [ 13.59881, 52.762 ], [ 13.59906, 52.762 ], [ 13.59919, 52.76214 ], [ 13.60039, 52.76262 ], [ 13.60075, 52.76272 ], [ 13.60194, 52.76265 ], [ 13.60295, 52.76237 ] ] ] } },
{ "type": "Feature", "properties": { "boden": "60 % mittel, mäßig frisch (M2) · 20 % kräftig, mäßig frisch (K2) · 20 % ziemlich arm, mäßig frisch (Z2)" }, "geometry": { "type": "Polygon", "coordinates": [ [ [ 13.60629, 52.76221 ], [ 13.60667, 52.76184 ], [ 13.60747, 52.76145 ], [ 13.60756, 52.76132 ], [ 13.60751, 52.76128 ], [ 13.6072, 52.76128 ], [ 13.60658, 52.7614 ], [ 13.60629, 52.76151 ], [ 13.60595, 52.7614 ], [ 13.60549, 52.76134 ], [ 13.60538, 52.76125 ], [ 13.6052, 52.76124 ], [ 13.60516, 52.76134 ], [ 13.6054, 52.76142 ], [ 13.60536, 52.76151 ], [ 13.60512, 52.76161 ], [ 13.60466, 52.76169 ], [ 13.60439, 52.76178 ], [ 13.60415, 52.76213 ], [ 13.60417, 52.76219 ], [ 13.60433, 52.76221 ], [ 13.60482, 52.762 ], [ 13.60541, 52.76193 ], [ 13.60555, 52.76196 ], [ 13.60563, 52.76202 ], [ 13.6058, 52.76229 ], [ 13.60606, 52.76231 ], [ 13.60629, 52.76221 ] ] ] } },
{ "type": "Feature", "properties": { "boden": "100 % mittel, mäßig frisch (M2)" }, "geometry": { "type": "Polygon", "coordinates": [ [ [ 13.59816, 52.7621 ], [ 13.59754, 52.76135 ], [ 13.59767, 52.76176 ], [ 13.59793, 52.76206 ], [ 13.59806, 52.76212 ], [ 13.59816, 52.7621 ] ] ] } },
{ "type": "Feature", "properties": { "boden": "60 % mittel, mäßig frisch (M2) · 20 % kräftig, mäßig frisch (K2) · 20 % ziemlich arm, mäßig frisch (Z2)" }, "geometry": { "type": "Polygon", "coordinates": [ [ [ 13.60104, 52.7617 ], [ 13.60134, 52.76201 ], [ 13.60222, 52.76204 ], [ 13.60272, 52.76226 ], [ 13.60277, 52.76225 ], [ 13.60278, 52.76211 ], [ 13.60265, 52.76202 ], [ 13.60204, 52.76186 ], [ 13.60167, 52.76182 ], [ 13.60205, 52.76153 ], [ 13.60205, 52.76142 ], [ 13.60194, 52.76133 ], [ 13.60184, 52.76134 ], [ 13.60157, 52.76156 ], [ 13.60104, 52.7617 ] ] ] } },
{ "type": "Feature", "properties": { "boden": "60 % mittel, mäßig frisch (M2) · 20 % kräftig, mäßig frisch (K2) · 20 % ziemlich arm, mäßig frisch (Z2)" }, "geometry": { "type": "Polygon", "coordinates": [ [ [ 13.60086, 52.76359 ], [ 13.60019, 52.76344 ], [ 13.60003, 52.76335 ], [ 13.59982, 52.76304 ], [ 13.59981, 52.76292 ], [ 13.5999, 52.76284 ], [ 13.60007, 52.76281 ], [ 13.60073, 52.76287 ], [ 13.60134, 52.76299 ], [ 13.6022, 52.76258 ], [ 13.60194, 52.76265 ], [ 13.60075, 52.76272 ], [ 13.60039, 52.76262 ], [ 13.59919, 52.76214 ], [ 13.59906, 52.762 ], [ 13.59881, 52.762 ], [ 13.59862, 52.76172 ], [ 13.59848, 52.76197 ], [ 13.59816, 52.7621 ], [ 13.59867, 52.76289 ], [ 13.59876, 52.7635 ], [ 13.59999, 52.76364 ], [ 13.60086, 52.76359 ] ] ] } },
{ "type": "Feature", "properties": { "boden": "100 % ziemlich arm, nass (OZ1)" }, "geometry": { "type": "Polygon", "coordinates": [ [ [ 13.60606, 52.76231 ], [ 13.60569, 52.76312 ], [ 13.60613, 52.76332 ], [ 13.6064, 52.76371 ], [ 13.60659, 52.76362 ], [ 13.60668, 52.76344 ], [ 13.60679, 52.76289 ], [ 13.60652, 52.76274 ], [ 13.60642, 52.76254 ], [ 13.6065, 52.76226 ], [ 13.6063, 52.7622 ], [ 13.60606, 52.76231 ] ] ] } },
{ "type": "Feature", "properties": { "boden": "100 % mittel, mäßig frisch (M2)" }, "geometry": { "type": "Polygon", "coordinates": [ [ [ 13.59867, 52.76289 ], [ 13.59816, 52.7621 ], [ 13.59806, 52.76212 ], [ 13.59793, 52.76206 ], [ 13.59767, 52.76176 ], [ 13.59754, 52.76135 ], [ 13.59733, 52.76109 ], [ 13.59632, 52.76117 ], [ 13.59738, 52.76191 ], [ 13.59834, 52.76368 ], [ 13.59801, 52.76475 ], [ 13.59864, 52.76481 ], [ 13.59897, 52.76368 ], [ 13.59876, 52.7635 ], [ 13.59867, 52.76289 ] ] ] } },
{ "type": "Feature", "properties": { "boden": "60 % mittel, trocken (vermutet) (M3) · 20 % kräftig, trocken (vermutet) (K3) · 20 % ziemlich arm, trocken (vermutet) (Z3)" }, "geometry": { "type": "Polygon", "coordinates": [ [ [ 13.6017, 52.76349 ], [ 13.60177, 52.76315 ], [ 13.6019, 52.76304 ], [ 13.6022, 52.76297 ], [ 13.60255, 52.76298 ], [ 13.60267, 52.7629 ], [ 13.6027, 52.76269 ], [ 13.60257, 52.76258 ], [ 13.6022, 52.76258 ], [ 13.60134, 52.76299 ], [ 13.60073, 52.76287 ], [ 13.60007, 52.76281 ], [ 13.5999, 52.76284 ], [ 13.59981, 52.76292 ], [ 13.59982, 52.76304 ], [ 13.60003, 52.76335 ], [ 13.60038, 52.76351 ], [ 13.60086, 52.76359 ], [ 13.60175, 52.76353 ], [ 13.6017, 52.76349 ] ] ] } },
{ "type": "Feature", "properties": { "boden": "100 % mittel, mäßig frisch (M2)" }, "geometry": { "type": "Polygon", "coordinates": [ [ [ 13.59532, 52.75959 ], [ 13.59542, 52.75969 ], [ 13.59572, 52.75975 ], [ 13.59592, 52.75975 ], [ 13.596, 52.75968 ], [ 13.59589, 52.75956 ], [ 13.59543, 52.75939 ], [ 13.59528, 52.75943 ], [ 13.59532, 52.75959 ] ] ] } },
{ "type": "Feature", "properties": { "boden": "100 % mittel, mäßig frisch (M2)" }, "geometry": { "type": "Polygon", "coordinates": [ [ [ 13.59509, 52.75955 ], [ 13.59466, 52.75964 ], [ 13.59469, 52.75967 ], [ 13.59486, 52.75972 ], [ 13.59504, 52.75967 ], [ 13.59509, 52.75955 ] ] ] } },
{ "type": "Feature", "properties": { "boden": "100 % kräftig, mäßig frisch (K2)" }, "geometry": { "type": "Polygon", "coordinates": [ [ [ 13.59456, 52.76016 ], [ 13.59386, 52.76016 ], [ 13.59419, 52.76055 ], [ 13.59478, 52.76053 ], [ 13.59456, 52.76016 ] ] ] } },
{ "type": "Feature", "properties": { "boden": "100 % kräftig, mäßig frisch (K2)" }, "geometry": { "type": "Polygon", "coordinates": [ [ [ 13.5964, 52.76122 ], [ 13.59596, 52.76082 ], [ 13.59486, 52.76084 ], [ 13.59474, 52.76095 ], [ 13.59478, 52.76119 ], [ 13.59461, 52.76124 ], [ 13.59458, 52.76131 ], [ 13.59458, 52.76146 ], [ 13.59468, 52.76166 ], [ 13.59614, 52.7613 ], [ 13.5964, 52.76122 ] ] ] } },
{ "type": "Feature", "properties": { "boden": "100 % mittel, mäßig frisch (M2)" }, "geometry": { "type": "Polygon", "coordinates": [ [ [ 13.59285, 52.76147 ], [ 13.59239, 52.76153 ], [ 13.59205, 52.76171 ], [ 13.59186, 52.76198 ], [ 13.59194, 52.76212 ], [ 13.59228, 52.7621 ], [ 13.59273, 52.76191 ], [ 13.59288, 52.76177 ], [ 13.59295, 52.76161 ], [ 13.59285, 52.76147 ] ] ] } },
{ "type": "Feature", "properties": { "boden": "100 % mittel, mäßig frisch (M2)" }, "geometry": { "type": "Polygon", "coordinates": [ [ [ 13.59218, 52.76426 ], [ 13.59205, 52.76412 ], [ 13.59196, 52.76341 ], [ 13.59156, 52.76334 ], [ 13.59277, 52.7624 ], [ 13.59311, 52.76251 ], [ 13.59335, 52.76231 ], [ 13.59468, 52.76166 ], [ 13.59458, 52.76146 ], [ 13.59458, 52.76131 ], [ 13.59461, 52.76124 ], [ 13.59478, 52.76119 ], [ 13.59474, 52.76095 ], [ 13.59481, 52.76086 ], [ 13.59596, 52.76082 ], [ 13.59517, 52.75935 ], [ 13.59504, 52.75967 ], [ 13.59486, 52.75972 ], [ 13.59466, 52.75964 ], [ 13.59432, 52.75967 ], [ 13.59416, 52.75963 ], [ 13.59407, 52.75955 ], [ 13.59408, 52.75939 ], [ 13.59348, 52.75937 ], [ 13.5909, 52.75958 ], [ 13.58975, 52.75987 ], [ 13.58786, 52.76024 ], [ 13.58383, 52.76035 ], [ 13.58325, 52.76324 ], [ 13.58398, 52.76331 ], [ 13.58405, 52.76413 ], [ 13.58422, 52.76483 ], [ 13.5846, 52.76513 ], [ 13.58923, 52.76674 ], [ 13.58939, 52.76646 ], [ 13.58966, 52.76618 ], [ 13.59041, 52.76582 ], [ 13.59103, 52.76529 ], [ 13.59158, 52.76507 ], [ 13.59212, 52.76504 ], [ 13.59218, 52.76426 ] ], [ [ 13.59295, 52.76155 ], [ 13.59288, 52.76177 ], [ 13.59273, 52.76191 ], [ 13.59228, 52.7621 ], [ 13.59194, 52.76212 ], [ 13.59186, 52.76198 ], [ 13.59192, 52.76187 ], [ 13.59226, 52.76157 ], [ 13.59285, 52.76147 ], [ 13.59295, 52.76155 ] ], [ [ 13.59419, 52.76055 ], [ 13.59386, 52.76016 ], [ 13.59456, 52.76016 ], [ 13.59478, 52.76053 ], [ 13.59419, 52.76055 ] ] ] } },
{ "type": "Feature", "properties": { "boden": "100 % ziemlich arm, mäßig frisch (Z2)" }, "geometry": { "type": "Polygon", "coordinates": [ [ [ 13.59212, 52.76504 ], [ 13.59158, 52.76507 ], [ 13.59103, 52.76529 ], [ 13.59041, 52.76582 ], [ 13.58966, 52.76618 ], [ 13.58939, 52.76646 ], [ 13.58923, 52.76674 ], [ 13.59031, 52.76712 ], [ 13.58919, 52.76838 ], [ 13.59117, 52.7674 ], [ 13.5921, 52.76535 ], [ 13.59212, 52.76504 ] ] ] } },
{ "type": "Feature", "properties": { "boden": "100 % ziemlich arm, trocken (vermutet) (Z3)" }, "geometry": { "type": "Polygon", "coordinates": [ [ [ 13.5949, 52.76806 ], [ 13.5942, 52.76816 ], [ 13.59412, 52.76822 ], [ 13.59405, 52.76842 ], [ 13.59426, 52.76846 ], [ 13.59461, 52.76839 ], [ 13.59503, 52.76816 ], [ 13.59506, 52.76809 ], [ 13.5949, 52.76806 ] ] ] } },
{ "type": "Feature", "properties": { "boden": "100 % mittel, mäßig frisch (M2)" }, "geometry": { "type": "Polygon", "coordinates": [ [ [ 13.58525, 52.76875 ], [ 13.58557, 52.76883 ], [ 13.58585, 52.76883 ], [ 13.58657, 52.76865 ], [ 13.58525, 52.76875 ] ] ] } },
{ "type": "Feature", "properties": { "boden": "100 % ziemlich arm, mäßig frisch (Z2)" }, "geometry": { "type": "Polygon", "coordinates": [ [ [ 13.59584, 52.76866 ], [ 13.59512, 52.76863 ], [ 13.59412, 52.76879 ], [ 13.59375, 52.76872 ], [ 13.59359, 52.76884 ], [ 13.59321, 52.76891 ], [ 13.59312, 52.769 ], [ 13.59379, 52.76899 ], [ 13.59429, 52.76908 ], [ 13.59544, 52.76915 ], [ 13.59533, 52.76912 ], [ 13.59526, 52.76901 ], [ 13.59533, 52.7689 ], [ 13.59551, 52.76886 ], [ 13.59569, 52.76891 ], [ 13.59575, 52.76899 ], [ 13.59584, 52.76866 ] ] ] } },
{ "type": "Feature", "properties": { "boden": "60 % mittel, trocken (vermutet) (M3) · 20 % kräftig, trocken (vermutet) (K3) · 20 % ziemlich arm, trocken (vermutet) (Z3)" }, "geometry": { "type": "Polygon", "coordinates": [ [ [ 13.60693, 52.75833 ], [ 13.60675, 52.75839 ], [ 13.60682, 52.75926 ], [ 13.60691, 52.75949 ], [ 13.6071, 52.75953 ], [ 13.60718, 52.75939 ], [ 13.60716, 52.759 ], [ 13.60726, 52.75859 ], [ 13.60719, 52.75845 ], [ 13.60693, 52.75833 ] ] ] } },
{ "type": "Feature", "properties": { "boden": "60 % mittel, mäßig frisch (M2) · 20 % kräftig, mäßig frisch (K2) · 20 % ziemlich arm, mäßig frisch (Z2)" }, "geometry": { "type": "Polygon", "coordinates": [ [ [ 13.60654, 52.76002 ], [ 13.60671, 52.76007 ], [ 13.60694, 52.76023 ], [ 13.60711, 52.76028 ], [ 13.60722, 52.76027 ], [ 13.6072, 52.76011 ], [ 13.60674, 52.75987 ], [ 13.60654, 52.76002 ] ] ] } },
{ "type": "Feature", "properties": { "boden": "60 % mittel, mäßig frisch (M2) · 20 % kräftig, mäßig frisch (K2) · 20 % ziemlich arm, mäßig frisch (Z2)" }, "geometry": { "type": "Polygon", "coordinates": [ [ [ 13.60791, 52.76019 ], [ 13.60773, 52.76023 ], [ 13.60765, 52.76034 ], [ 13.60772, 52.76044 ], [ 13.6079, 52.76049 ], [ 13.60808, 52.76045 ], [ 13.60816, 52.76034 ], [ 13.60809, 52.76023 ], [ 13.60791, 52.76019 ] ] ] } },
{ "type": "Feature", "properties": { "boden": "60 % mittel, trocken (vermutet) (M3) · 20 % kräftig, trocken (vermutet) (K3) · 20 % ziemlich arm, trocken (vermutet) (Z3)" }, "geometry": { "type": "Polygon", "coordinates": [ [ [ 13.6095, 52.76023 ], [ 13.60931, 52.76023 ], [ 13.60916, 52.7603 ], [ 13.60899, 52.76048 ], [ 13.60899, 52.76063 ], [ 13.60908, 52.76071 ], [ 13.60936, 52.7608 ], [ 13.60987, 52.76076 ], [ 13.61003, 52.76066 ], [ 13.61001, 52.76052 ], [ 13.6099, 52.76041 ], [ 13.6095, 52.76023 ] ] ] } },
{ "type": "Feature", "properties": { "boden": "60 % mittel, trocken (vermutet) (M3) · 20 % kräftig, trocken (vermutet) (K3) · 20 % ziemlich arm, trocken (vermutet) (Z3)" }, "geometry": { "type": "Polygon", "coordinates": [ [ [ 13.60876, 52.76132 ], [ 13.60852, 52.76139 ], [ 13.60844, 52.76158 ], [ 13.60868, 52.76204 ], [ 13.60888, 52.76218 ], [ 13.60908, 52.76204 ], [ 13.60921, 52.76186 ], [ 13.60925, 52.76168 ], [ 13.6092, 52.76152 ], [ 13.60907, 52.76139 ], [ 13.60876, 52.76132 ] ] ] } },
{ "type": "Feature", "properties": { "boden": "60 % mittel, trocken (vermutet) (M3) · 20 % kräftig, trocken (vermutet) (K3) · 20 % ziemlich arm, trocken (vermutet) (Z3)" }, "geometry": { "type": "Polygon", "coordinates": [ [ [ 13.60751, 52.76254 ], [ 13.60738, 52.76258 ], [ 13.60735, 52.76272 ], [ 13.60741, 52.76295 ], [ 13.60751, 52.76302 ], [ 13.60756, 52.76315 ], [ 13.60765, 52.76318 ], [ 13.60777, 52.76317 ], [ 13.60784, 52.76308 ], [ 13.60793, 52.76281 ], [ 13.60785, 52.76267 ], [ 13.60751, 52.76254 ] ] ] } },
{ "type": "Feature", "properties": { "boden": "60 % mittel, mäßig frisch (M2) · 20 % kräftig, mäßig frisch (K2) · 20 % ziemlich arm, mäßig frisch (Z2)" }, "geometry": { "type": "Polygon", "coordinates": [ [ [ 13.60905, 52.76301 ], [ 13.60842, 52.76307 ], [ 13.6081, 52.76328 ], [ 13.60794, 52.76348 ], [ 13.608, 52.76357 ], [ 13.60811, 52.76361 ], [ 13.60834, 52.76324 ], [ 13.6085, 52.76314 ], [ 13.60905, 52.76301 ] ] ] } },
{ "type": "Feature", "properties": { "boden": "100 % ziemlich arm, trocken (vermutet) (Z3)" }, "geometry": { "type": "Polygon", "coordinates": [ [ [ 13.61447, 52.76868 ], [ 13.61403, 52.76872 ], [ 13.61352, 52.76854 ], [ 13.61343, 52.76862 ], [ 13.61366, 52.76882 ], [ 13.61403, 52.76876 ], [ 13.61446, 52.76874 ], [ 13.61447, 52.76868 ] ] ] } },
{ "type": "Feature", "properties": { "boden": "100 % ziemlich arm, mäßig frisch (Z2)" }, "geometry": { "type": "Polygon", "coordinates": [ [ [ 13.61367, 52.76881 ], [ 13.61343, 52.76865 ], [ 13.61352, 52.76854 ], [ 13.61403, 52.76872 ], [ 13.61443, 52.76867 ], [ 13.61446, 52.76874 ], [ 13.61455, 52.76874 ], [ 13.6142, 52.76839 ], [ 13.61389, 52.76841 ], [ 13.61358, 52.7682 ], [ 13.61289, 52.76797 ], [ 13.6119, 52.76801 ], [ 13.61191, 52.76805 ], [ 13.61176, 52.76807 ], [ 13.61186, 52.7685 ], [ 13.61286, 52.7691 ], [ 13.61202, 52.7697 ], [ 13.61236, 52.77062 ], [ 13.61298, 52.7708 ], [ 13.61381, 52.77067 ], [ 13.61344, 52.77043 ], [ 13.61378, 52.77003 ], [ 13.61356, 52.76988 ], [ 13.61294, 52.77013 ], [ 13.61274, 52.76994 ], [ 13.61256, 52.76954 ], [ 13.61336, 52.76928 ], [ 13.61324, 52.76886 ], [ 13.61367, 52.76881 ] ] ] } },
{ "type": "Feature", "properties": { "boden": "100 % arm, mäßig frisch (A2)" }, "geometry": { "type": "Polygon", "coordinates": [ [ [ 13.60713, 52.77192 ], [ 13.60842, 52.77149 ], [ 13.60869, 52.77144 ], [ 13.60892, 52.77146 ], [ 13.60889, 52.77154 ], [ 13.6099, 52.77145 ], [ 13.61104, 52.77093 ], [ 13.61062, 52.77047 ], [ 13.61058, 52.77005 ], [ 13.60933, 52.76878 ], [ 13.60854, 52.76893 ], [ 13.60874, 52.76938 ], [ 13.60931, 52.76929 ], [ 13.60999, 52.7707 ], [ 13.60872, 52.77085 ], [ 13.60581, 52.77135 ], [ 13.60562, 52.77098 ], [ 13.60531, 52.77104 ], [ 13.60543, 52.77138 ], [ 13.60509, 52.77146 ], [ 13.60511, 52.77171 ], [ 13.60403, 52.77173 ], [ 13.60402, 52.77223 ], [ 13.60395, 52.77257 ], [ 13.60367, 52.77271 ], [ 13.60353, 52.77273 ], [ 13.60387, 52.77279 ], [ 13.60426, 52.77275 ], [ 13.60489, 52.77286 ], [ 13.60605, 52.77276 ], [ 13.60658, 52.77263 ], [ 13.60682, 52.77237 ], [ 13.60713, 52.77192 ] ] ] } },
{ "type": "Feature", "properties": { "boden": "60 % mittel, trocken (vermutet) (M3) · 20 % kräftig, trocken (vermutet) (K3) · 20 % ziemlich arm, trocken (vermutet) (Z3)" }, "geometry": { "type": "Polygon", "coordinates": [ [ [ 13.60175, 52.76353 ], [ 13.60086, 52.76359 ], [ 13.60156, 52.76387 ], [ 13.60182, 52.76389 ], [ 13.60198, 52.76384 ], [ 13.60198, 52.76363 ], [ 13.60175, 52.76353 ] ] ] } },
{ "type": "Feature", "properties": { "boden": "60 % mittel, mäßig frisch (M2) · 20 % kräftig, mäßig frisch (K2) · 20 % ziemlich arm, mäßig frisch (Z2)" }, "geometry": { "type": "Polygon", "coordinates": [ [ [ 13.60306, 52.76361 ], [ 13.60276, 52.76366 ], [ 13.60279, 52.76375 ], [ 13.60294, 52.76383 ], [ 13.60345, 52.76394 ], [ 13.60361, 52.76393 ], [ 13.60377, 52.76385 ], [ 13.60347, 52.76368 ], [ 13.60306, 52.76361 ] ] ] } },
{ "type": "Feature", "properties": { "boden": "60 % mittel, mäßig frisch (M2) · 20 % kräftig, mäßig frisch (K2) · 20 % ziemlich arm, mäßig frisch (Z2)" }, "geometry": { "type": "Polygon", "coordinates": [ [ [ 13.60625, 52.76381 ], [ 13.60582, 52.76359 ], [ 13.60409, 52.76337 ], [ 13.60175, 52.76353 ], [ 13.60198, 52.76363 ], [ 13.60202, 52.76373 ], [ 13.60198, 52.76384 ], [ 13.60182, 52.76389 ], [ 13.60143, 52.76383 ], [ 13.60086, 52.76359 ], [ 13.59999, 52.76364 ], [ 13.59876, 52.7635 ], [ 13.59897, 52.76368 ], [ 13.59864, 52.76481 ], [ 13.60637, 52.76554 ], [ 13.60655, 52.76498 ], [ 13.60678, 52.76486 ], [ 13.60687, 52.76401 ], [ 13.60712, 52.76391 ], [ 13.60625, 52.76381 ] ], [ [ 13.60243, 52.76444 ], [ 13.60247, 52.76455 ], [ 13.60215, 52.76473 ], [ 13.60168, 52.76482 ], [ 13.60147, 52.76476 ], [ 13.60147, 52.76459 ], [ 13.60176, 52.76443 ], [ 13.60204, 52.76437 ], [ 13.60243, 52.76444 ] ], [ [ 13.60033, 52.76447 ], [ 13.60053, 52.76462 ], [ 13.60044, 52.76469 ], [ 13.59986, 52.76475 ], [ 13.59973, 52.76471 ], [ 13.5997, 52.76458 ], [ 13.5998, 52.76444 ], [ 13.60004, 52.76441 ], [ 13.60033, 52.76447 ] ], [ [ 13.60354, 52.76481 ], [ 13.60357, 52.76494 ], [ 13.60347, 52.76498 ], [ 13.6029, 52.76507 ], [ 13.6027, 52.76506 ], [ 13.60265, 52.76502 ], [ 13.60274, 52.7649 ], [ 13.60314, 52.76473 ], [ 13.60342, 52.76475 ], [ 13.60354, 52.76481 ] ], [ [ 13.60347, 52.76368 ], [ 13.6037, 52.76378 ], [ 13.60377, 52.76385 ], [ 13.60372, 52.7639 ], [ 13.60334, 52.76393 ], [ 13.60294, 52.76383 ], [ 13.60275, 52.7637 ], [ 13.60281, 52.76364 ], [ 13.60306, 52.76361 ], [ 13.60347, 52.76368 ] ] ] } },
{ "type": "Feature", "properties": { "boden": "60 % mittel, mäßig frisch (M2) · 20 % kräftig, mäßig frisch (K2) · 20 % ziemlich arm, mäßig frisch (Z2)" }, "geometry": { "type": "Polygon", "coordinates": [ [ [ 13.60204, 52.76437 ], [ 13.60176, 52.76443 ], [ 13.60147, 52.76459 ], [ 13.60143, 52.76467 ], [ 13.60153, 52.7648 ], [ 13.60185, 52.76481 ], [ 13.60215, 52.76473 ], [ 13.60247, 52.76455 ], [ 13.60243, 52.76444 ], [ 13.60204, 52.76437 ] ] ] } },
{ "type": "Feature", "properties": { "boden": "60 % mittel, mäßig frisch (M2) · 20 % kräftig, mäßig frisch (K2) · 20 % ziemlich arm, mäßig frisch (Z2)" }, "geometry": { "type": "Polygon", "coordinates": [ [ [ 13.60004, 52.76441 ], [ 13.5998, 52.76444 ], [ 13.59973, 52.76449 ], [ 13.59973, 52.76471 ], [ 13.59979, 52.76475 ], [ 13.60031, 52.76472 ], [ 13.60051, 52.76466 ], [ 13.60045, 52.76453 ], [ 13.60033, 52.76447 ], [ 13.60004, 52.76441 ] ] ] } },
{ "type": "Feature", "properties": { "boden": "60 % mittel, trocken (vermutet) (M3) · 20 % kräftig, trocken (vermutet) (K3) · 20 % ziemlich arm, trocken (vermutet) (Z3)" }, "geometry": { "type": "Polygon", "coordinates": [ [ [ 13.60322, 52.76472 ], [ 13.60274, 52.7649 ], [ 13.60265, 52.76499 ], [ 13.6027, 52.76506 ], [ 13.6029, 52.76507 ], [ 13.60357, 52.76494 ], [ 13.60354, 52.76481 ], [ 13.60322, 52.76472 ] ] ] } },
{ "type": "Feature", "properties": { "boden": "100 % ziemlich arm, mäßig frisch (Z2)" }, "geometry": { "type": "Polygon", "coordinates": [ [ [ 13.59969, 52.76989 ], [ 13.60007, 52.7697 ], [ 13.59983, 52.7697 ], [ 13.59959, 52.76976 ], [ 13.59933, 52.76999 ], [ 13.59952, 52.76995 ], [ 13.5997, 52.76996 ], [ 13.59969, 52.76989 ] ] ] } },
{ "type": "Feature", "properties": { "boden": "100 % ziemlich arm, mäßig frisch (Z2)" }, "geometry": { "type": "Polygon", "coordinates": [ [ [ 13.60149, 52.76971 ], [ 13.60054, 52.76981 ], [ 13.60135, 52.77025 ], [ 13.60177, 52.77008 ], [ 13.60149, 52.76971 ] ] ] } },
{ "type": "Feature", "properties": { "boden": "100 % ziemlich arm, mäßig frisch (Z2)" }, "geometry": { "type": "Polygon", "coordinates": [ [ [ 13.59963, 52.77082 ], [ 13.59956, 52.77071 ], [ 13.59938, 52.77066 ], [ 13.5992, 52.77071 ], [ 13.59912, 52.77081 ], [ 13.59919, 52.77092 ], [ 13.59937, 52.77097 ], [ 13.59955, 52.77093 ], [ 13.59963, 52.77082 ] ] ] } },
{ "type": "Feature", "properties": { "boden": "100 % ziemlich arm, trocken (vermutet) (Z3)" }, "geometry": { "type": "Polygon", "coordinates": [ [ [ 13.59674, 52.7706 ], [ 13.59743, 52.77137 ], [ 13.59782, 52.77103 ], [ 13.59791, 52.77088 ], [ 13.59784, 52.77069 ], [ 13.59744, 52.77051 ], [ 13.59675, 52.77041 ], [ 13.59639, 52.77048 ], [ 13.59626, 52.77066 ], [ 13.59674, 52.7706 ] ] ] } },
{ "type": "Feature", "properties": { "boden": "100 % ziemlich arm, mäßig frisch (Z2)" }, "geometry": { "type": "Polygon", "coordinates": [ [ [ 13.5957, 52.76915 ], [ 13.59569, 52.76891 ], [ 13.59551, 52.76886 ], [ 13.59533, 52.7689 ], [ 13.59526, 52.76901 ], [ 13.59533, 52.76912 ], [ 13.5955, 52.76916 ], [ 13.5957, 52.76915 ] ] ] } },
{ "type": "Feature", "properties": { "boden": "100 % ziemlich arm, trocken (vermutet) (Z3)" }, "geometry": { "type": "Polygon", "coordinates": [ [ [ 13.59034, 52.76889 ], [ 13.59007, 52.76891 ], [ 13.5899, 52.76897 ], [ 13.58995, 52.76914 ], [ 13.5902, 52.76919 ], [ 13.5906, 52.76915 ], [ 13.59057, 52.76894 ], [ 13.59034, 52.76889 ] ] ] } },
{ "type": "Feature", "properties": { "boden": "100 % mittel, mäßig frisch (M2)" }, "geometry": { "type": "Polygon", "coordinates": [ [ [ 13.58726, 52.76859 ], [ 13.58657, 52.76865 ], [ 13.58585, 52.76883 ], [ 13.58557, 52.76883 ], [ 13.58525, 52.76875 ], [ 13.58449, 52.76881 ], [ 13.58434, 52.76898 ], [ 13.58431, 52.76912 ], [ 13.58441, 52.76961 ], [ 13.58455, 52.76982 ], [ 13.58483, 52.76991 ], [ 13.58468, 52.76984 ], [ 13.58478, 52.76944 ], [ 13.585, 52.76938 ], [ 13.58534, 52.7696 ], [ 13.58532, 52.76975 ], [ 13.58485, 52.76991 ], [ 13.58519, 52.76991 ], [ 13.58536, 52.76983 ], [ 13.58585, 52.76947 ], [ 13.58608, 52.76922 ], [ 13.58621, 52.76897 ], [ 13.58669, 52.76885 ], [ 13.58726, 52.76859 ] ] ] } },
{ "type": "Feature", "properties": { "boden": "Keine Bodengruppe kartiert" }, "geometry": { "type": "Polygon", "coordinates": [ [ [ 13.59459, 52.7693 ], [ 13.59329, 52.76917 ], [ 13.59359, 52.77006 ], [ 13.59423, 52.77068 ], [ 13.59538, 52.77032 ], [ 13.59539, 52.77023 ], [ 13.59459, 52.7693 ] ], [ [ 13.59417, 52.77022 ], [ 13.59433, 52.77027 ], [ 13.59437, 52.77035 ], [ 13.59431, 52.77055 ], [ 13.59421, 52.77055 ], [ 13.59408, 52.77049 ], [ 13.59401, 52.77019 ], [ 13.59395, 52.77012 ], [ 13.59383, 52.77011 ], [ 13.59384, 52.77006 ], [ 13.59408, 52.77003 ], [ 13.59406, 52.77012 ], [ 13.59417, 52.77022 ] ] ] } },
{ "type": "Feature", "properties": { "boden": "100 % ziemlich arm, mäßig frisch (Z2)" }, "geometry": { "type": "Polygon", "coordinates": [ [ [ 13.58837, 52.77064 ], [ 13.58876, 52.76987 ], [ 13.58952, 52.76916 ], [ 13.58911, 52.76845 ], [ 13.5884, 52.76908 ], [ 13.58753, 52.77 ], [ 13.58752, 52.77025 ], [ 13.58721, 52.77044 ], [ 13.58732, 52.77109 ], [ 13.58745, 52.7713 ], [ 13.58795, 52.77171 ], [ 13.58803, 52.77171 ], [ 13.58837, 52.77064 ] ] ] } },
{ "type": "Feature", "properties": { "boden": "Keine Bodengruppe kartiert" }, "geometry": { "type": "Polygon", "coordinates": [ [ [ 13.59406, 52.77012 ], [ 13.59408, 52.77003 ], [ 13.59382, 52.77008 ], [ 13.59399, 52.77014 ], [ 13.59408, 52.77049 ], [ 13.59421, 52.77055 ], [ 13.59431, 52.77055 ], [ 13.59438, 52.77044 ], [ 13.59433, 52.77027 ], [ 13.59417, 52.77022 ], [ 13.59406, 52.77012 ] ] ] } },
{ "type": "Feature", "properties": { "boden": "100 % ziemlich arm, trocken (vermutet) (Z3)" }, "geometry": { "type": "Polygon", "coordinates": [ [ [ 13.59251, 52.77032 ], [ 13.59233, 52.77034 ], [ 13.5925, 52.77044 ], [ 13.59278, 52.77051 ], [ 13.59311, 52.77053 ], [ 13.59333, 52.77048 ], [ 13.59325, 52.7704 ], [ 13.59305, 52.77036 ], [ 13.59251, 52.77032 ] ] ] } },
{ "type": "Feature", "properties": { "boden": "100 % ziemlich arm, mäßig frisch (Z2)" }, "geometry": { "type": "Polygon", "coordinates": [ [ [ 13.5957, 52.76915 ], [ 13.59429, 52.76908 ], [ 13.59379, 52.76899 ], [ 13.59323, 52.76902 ], [ 13.59312, 52.76896 ], [ 13.59359, 52.76884 ], [ 13.59375, 52.76872 ], [ 13.59412, 52.76879 ], [ 13.59512, 52.76863 ], [ 13.59584, 52.76866 ], [ 13.59656, 52.76666 ], [ 13.59679, 52.7654 ], [ 13.59732, 52.76534 ], [ 13.59749, 52.76478 ], [ 13.5947, 52.7645 ], [ 13.59436, 52.76575 ], [ 13.5921, 52.76535 ], [ 13.59117, 52.7674 ], [ 13.58911, 52.76845 ], [ 13.58952, 52.76916 ], [ 13.58876, 52.76987 ], [ 13.58837, 52.77064 ], [ 13.58803, 52.77171 ], [ 13.59003, 52.77145 ], [ 13.59063, 52.77152 ], [ 13.59098, 52.77169 ], [ 13.59399, 52.77075 ], [ 13.59435, 52.77107 ], [ 13.59508, 52.77082 ], [ 13.59626, 52.77066 ], [ 13.59633, 52.77053 ], [ 13.59648, 52.77044 ], [ 13.59675, 52.77041 ], [ 13.59744, 52.77051 ], [ 13.59784, 52.77069 ], [ 13.59791, 52.77088 ], [ 13.59767, 52.7712 ], [ 13.59743, 52.77137 ], [ 13.59752, 52.77147 ], [ 13.59649, 52.77195 ], [ 13.59621, 52.77218 ], [ 13.59581, 52.77238 ], [ 13.59521, 52.77188 ], [ 13.59449, 52.77218 ], [ 13.59483, 52.77248 ], [ 13.59467, 52.7726 ], [ 13.59531, 52.77321 ], [ 13.59492, 52.77344 ], [ 13.59517, 52.77365 ], [ 13.59544, 52.77357 ], [ 13.5957, 52.77314 ], [ 13.59562, 52.77299 ], [ 13.59567, 52.77296 ], [ 13.59554, 52.77293 ], [ 13.59547, 52.77282 ], [ 13.59555, 52.77271 ], [ 13.59573, 52.77267 ], [ 13.5959, 52.77272 ], [ 13.59596, 52.7728 ], [ 13.59624, 52.77267 ], [ 13.59654, 52.77264 ], [ 13.59686, 52.77268 ], [ 13.59753, 52.77331 ], [ 13.59773, 52.77334 ], [ 13.59787, 52.77362 ], [ 13.59824, 52.77406 ], [ 13.59869, 52.77423 ], [ 13.59893, 52.77464 ], [ 13.59893, 52.77471 ], [ 13.59882, 52.77476 ], [ 13.59823, 52.77458 ], [ 13.59849, 52.7749 ], [ 13.59704, 52.7755 ], [ 13.59767, 52.77606 ], [ 13.5976, 52.77609 ], [ 13.59764, 52.77613 ], [ 13.59808, 52.77624 ], [ 13.59818, 52.77602 ], [ 13.5984, 52.77606 ], [ 13.59956, 52.77609 ], [ 13.5999, 52.77621 ], [ 13.59991, 52.77627 ], [ 13.5998, 52.77638 ], [ 13.59988, 52.77645 ], [ 13.60007, 52.77644 ], [ 13.60038, 52.77633 ], [ 13.60061, 52.77633 ], [ 13.6008, 52.77637 ], [ 13.60089, 52.77644 ], [ 13.60074, 52.77663 ], [ 13.60115, 52.77657 ], [ 13.6018, 52.77586 ], [ 13.60187, 52.7756 ], [ 13.60127, 52.77466 ], [ 13.60105, 52.77443 ], [ 13.60105, 52.77417 ], [ 13.60078, 52.77441 ], [ 13.60033, 52.77432 ], [ 13.60017, 52.77443 ], [ 13.60005, 52.77445 ], [ 13.60002, 52.77456 ], [ 13.59993, 52.77456 ], [ 13.59993, 52.77447 ], [ 13.59952, 52.77428 ], [ 13.59927, 52.774 ], [ 13.59844, 52.7736 ], [ 13.59832, 52.77347 ], [ 13.59827, 52.77304 ], [ 13.59791, 52.77285 ], [ 13.59784, 52.77276 ], [ 13.59792, 52.7727 ], [ 13.59806, 52.77281 ], [ 13.59814, 52.7728 ], [ 13.59803, 52.77239 ], [ 13.59785, 52.77233 ], [ 13.59734, 52.77242 ], [ 13.59722, 52.77232 ], [ 13.59714, 52.77209 ], [ 13.59737, 52.77172 ], [ 13.59855, 52.77079 ], [ 13.59856, 52.77062 ], [ 13.59894, 52.7707 ], [ 13.59914, 52.77084 ], [ 13.5992, 52.77071 ], [ 13.59938, 52.77066 ], [ 13.59956, 52.77071 ], [ 13.59963, 52.77082 ], [ 13.59958, 52.77088 ], [ 13.59974, 52.77087 ], [ 13.59983, 52.77094 ], [ 13.6, 52.77085 ], [ 13.60011, 52.77066 ], [ 13.5998, 52.77024 ], [ 13.5997, 52.76996 ], [ 13.59952, 52.76995 ], [ 13.59933, 52.76999 ], [ 13.59959, 52.76976 ], [ 13.6001, 52.76968 ], [ 13.59984, 52.76969 ], [ 13.59887, 52.76985 ], [ 13.59833, 52.77 ], [ 13.59863, 52.77042 ], [ 13.59832, 52.77047 ], [ 13.59798, 52.77016 ], [ 13.59686, 52.77022 ], [ 13.59667, 52.77002 ], [ 13.59539, 52.77023 ], [ 13.5957, 52.76915 ] ], [ [ 13.59538, 52.77032 ], [ 13.59423, 52.77068 ], [ 13.59359, 52.77006 ], [ 13.59329, 52.76917 ], [ 13.59459, 52.7693 ], [ 13.59539, 52.77023 ], [ 13.59538, 52.77032 ] ], [ [ 13.59251, 52.77032 ], [ 13.59325, 52.7704 ], [ 13.5933, 52.77051 ], [ 13.59278, 52.77051 ], [ 13.5925, 52.77044 ], [ 13.59233, 52.77034 ], [ 13.59251, 52.77032 ] ], [ [ 13.59049, 52.7689 ], [ 13.59063, 52.7691 ], [ 13.59051, 52.76918 ], [ 13.59005, 52.76917 ], [ 13.58989, 52.76909 ], [ 13.58988, 52.76902 ], [ 13.58997, 52.76893 ], [ 13.59049, 52.7689 ] ], [ [ 13.59473, 52.76807 ], [ 13.59506, 52.76809 ], [ 13.59503, 52.76816 ], [ 13.59461, 52.76839 ], [ 13.59426, 52.76846 ], [ 13.59405, 52.76842 ], [ 13.59412, 52.76822 ], [ 13.5942, 52.76816 ], [ 13.59473, 52.76807 ] ], [ [ 13.6005, 52.77573 ], [ 13.59956, 52.77572 ], [ 13.59917, 52.77566 ], [ 13.59842, 52.77569 ], [ 13.59797, 52.77552 ], [ 13.59821, 52.77552 ], [ 13.59842, 52.77544 ], [ 13.59875, 52.775 ], [ 13.59889, 52.77489 ], [ 13.59926, 52.77485 ], [ 13.60042, 52.77504 ], [ 13.60088, 52.77521 ], [ 13.60133, 52.7753 ], [ 13.60135, 52.7754 ], [ 13.60122, 52.77552 ], [ 13.60092, 52.77565 ], [ 13.6005, 52.77573 ] ] ] } },
{ "type": "Feature", "properties": { "boden": "100 % mittel, trocken (vermutet) (M3)" }, "geometry": { "type": "Polygon", "coordinates": [ [ [ 13.58639, 52.76966 ], [ 13.58612, 52.76973 ], [ 13.58555, 52.77021 ], [ 13.58555, 52.77049 ], [ 13.58546, 52.77073 ], [ 13.58506, 52.77099 ], [ 13.58496, 52.77112 ], [ 13.58501, 52.77135 ], [ 13.5852, 52.7715 ], [ 13.58557, 52.77149 ], [ 13.58591, 52.77134 ], [ 13.5869, 52.77015 ], [ 13.58693, 52.77 ], [ 13.58684, 52.76976 ], [ 13.58664, 52.76966 ], [ 13.58639, 52.76966 ] ] ] } },
{ "type": "Feature", "properties": { "boden": "100 % mittel, trocken (vermutet) (M3)" }, "geometry": { "type": "Polygon", "coordinates": [ [ [ 13.58636, 52.77177 ], [ 13.5863, 52.7719 ], [ 13.58637, 52.77202 ], [ 13.58656, 52.77207 ], [ 13.58688, 52.77203 ], [ 13.58689, 52.77194 ], [ 13.58678, 52.77185 ], [ 13.58636, 52.77177 ] ] ] } },
{ "type": "Feature", "properties": { "boden": "100 % mittel, mäßig frisch (M2)" }, "geometry": { "type": "Polygon", "coordinates": [ [ [ 13.55202, 52.76565 ], [ 13.55159, 52.76544 ], [ 13.55008, 52.76428 ], [ 13.55005, 52.76403 ], [ 13.54987, 52.76383 ], [ 13.54948, 52.7639 ], [ 13.54951, 52.76412 ], [ 13.54962, 52.76415 ], [ 13.5497, 52.76427 ], [ 13.54964, 52.76436 ], [ 13.54949, 52.76441 ], [ 13.54951, 52.76451 ], [ 13.55003, 52.76461 ], [ 13.55018, 52.76474 ], [ 13.55017, 52.7649 ], [ 13.54995, 52.76518 ], [ 13.55001, 52.76533 ], [ 13.55037, 52.76539 ], [ 13.55062, 52.76531 ], [ 13.55098, 52.76527 ], [ 13.55122, 52.76544 ], [ 13.5514, 52.76572 ], [ 13.55161, 52.76581 ], [ 13.55202, 52.76565 ] ] ] } },
{ "type": "Feature", "properties": { "boden": "100 % ziemlich arm, mäßig frisch (Z2)" }, "geometry": { "type": "Polygon", "coordinates": [ [ [ 13.54235, 52.76459 ], [ 13.54239, 52.76475 ], [ 13.54234, 52.7649 ], [ 13.54254, 52.76485 ], [ 13.5426, 52.76475 ], [ 13.54251, 52.76463 ], [ 13.54235, 52.76459 ] ] ] } },
{ "type": "Feature", "properties": { "boden": "100 % ziemlich arm, mäßig frisch (Z2)" }, "geometry": { "type": "Polygon", "coordinates": [ [ [ 13.54219, 52.76463 ], [ 13.54209, 52.76474 ], [ 13.54215, 52.76484 ], [ 13.54232, 52.76489 ], [ 13.54239, 52.76475 ], [ 13.54231, 52.7646 ], [ 13.54219, 52.76463 ] ] ] } },
{ "type": "Feature", "properties": { "boden": "60 % mittel, trocken (vermutet) (M3) · 40 % ziemlich arm, trocken (vermutet) (Z3)" }, "geometry": { "type": "Polygon", "coordinates": [ [ [ 13.53475, 52.76442 ], [ 13.53455, 52.76445 ], [ 13.53449, 52.76458 ], [ 13.53451, 52.76482 ], [ 13.53461, 52.76491 ], [ 13.53499, 52.76499 ], [ 13.53475, 52.76442 ] ] ] } },
{ "type": "Feature", "properties": { "boden": "100 % ziemlich arm, trocken (vermutet) (Z3)" }, "geometry": { "type": "Polygon", "coordinates": [ [ [ 13.53499, 52.76499 ], [ 13.53529, 52.76505 ], [ 13.53563, 52.76502 ], [ 13.53573, 52.76496 ], [ 13.53571, 52.76484 ], [ 13.53492, 52.76446 ], [ 13.53475, 52.76442 ], [ 13.53499, 52.76499 ] ] ] } },
{ "type": "Feature", "properties": { "boden": "100 % mittel, trocken (vermutet) (M3)" }, "geometry": { "type": "Polygon", "coordinates": [ [ [ 13.54921, 52.76474 ], [ 13.54888, 52.76479 ], [ 13.54878, 52.76492 ], [ 13.54882, 52.76503 ], [ 13.54897, 52.76516 ], [ 13.5491, 52.76519 ], [ 13.54937, 52.76514 ], [ 13.54951, 52.76496 ], [ 13.54949, 52.7648 ], [ 13.54921, 52.76474 ] ] ] } },
{ "type": "Feature", "properties": { "boden": "100 % ziemlich arm, mäßig frisch (Z2)" }, "geometry": { "type": "Polygon", "coordinates": [ [ [ 13.54251, 52.76463 ], [ 13.5426, 52.76475 ], [ 13.54254, 52.76485 ], [ 13.54234, 52.7649 ], [ 13.54215, 52.76484 ], [ 13.54209, 52.76474 ], [ 13.54215, 52.76467 ], [ 13.54177, 52.76483 ], [ 13.54103, 52.76527 ], [ 13.5408, 52.76551 ], [ 13.54068, 52.76574 ], [ 13.54045, 52.76592 ], [ 13.54048, 52.76603 ], [ 13.54058, 52.76609 ], [ 13.54122, 52.76602 ], [ 13.54155, 52.76592 ], [ 13.54174, 52.76581 ], [ 13.54191, 52.76525 ], [ 13.54199, 52.76516 ], [ 13.54271, 52.76502 ], [ 13.5438, 52.76472 ], [ 13.54407, 52.7647 ], [ 13.54454, 52.76476 ], [ 13.54553, 52.76515 ], [ 13.54582, 52.76513 ], [ 13.54619, 52.76502 ], [ 13.54671, 52.76495 ], [ 13.5469, 52.76491 ], [ 13.54699, 52.76483 ], [ 13.54699, 52.76473 ], [ 13.54687, 52.76463 ], [ 13.54646, 52.76449 ], [ 13.54559, 52.76444 ], [ 13.54512, 52.76448 ], [ 13.54449, 52.76432 ], [ 13.54404, 52.76438 ], [ 13.54324, 52.76436 ], [ 13.54269, 52.76447 ], [ 13.54235, 52.7646 ], [ 13.54251, 52.76463 ] ] ] } },
{ "type": "Feature", "properties": { "boden": "100 % ziemlich arm, trocken (vermutet) (Z3)" }, "geometry": { "type": "Polygon", "coordinates": [ [ [ 13.5441, 52.76555 ], [ 13.5451, 52.76557 ], [ 13.5452, 52.76546 ], [ 13.54465, 52.76499 ], [ 13.54435, 52.76491 ], [ 13.54391, 52.76488 ], [ 13.54246, 52.76518 ], [ 13.54223, 52.76532 ], [ 13.54226, 52.76556 ], [ 13.54247, 52.76566 ], [ 13.54307, 52.76566 ], [ 13.5441, 52.76555 ] ] ] } },
{ "type": "Feature", "properties": { "boden": "100 % mittel, mäßig frisch (M2)" }, "geometry": { "type": "Polygon", "coordinates": [ [ [ 13.55278, 52.76914 ], [ 13.55225, 52.76891 ], [ 13.55157, 52.76875 ], [ 13.55158, 52.76879 ], [ 13.55143, 52.76876 ], [ 13.55133, 52.76867 ], [ 13.5513, 52.76841 ], [ 13.55144, 52.76828 ], [ 13.55135, 52.76816 ], [ 13.55138, 52.76793 ], [ 13.55156, 52.76784 ], [ 13.5519, 52.76776 ], [ 13.55197, 52.76763 ], [ 13.5518, 52.76758 ], [ 13.5514, 52.76758 ], [ 13.55131, 52.76772 ], [ 13.55108, 52.76772 ], [ 13.55079, 52.76699 ], [ 13.55058, 52.76681 ], [ 13.55035, 52.76674 ], [ 13.5501, 52.7665 ], [ 13.54998, 52.76611 ], [ 13.55009, 52.76601 ], [ 13.55054, 52.76592 ], [ 13.55093, 52.76599 ], [ 13.55125, 52.76647 ], [ 13.55156, 52.76668 ], [ 13.55156, 52.76682 ], [ 13.5514, 52.767 ], [ 13.55152, 52.76712 ], [ 13.55242, 52.76722 ], [ 13.55288, 52.76741 ], [ 13.55385, 52.76764 ], [ 13.55497, 52.7682 ], [ 13.5549, 52.76787 ], [ 13.55514, 52.76775 ], [ 13.55478, 52.7675 ], [ 13.5544, 52.76733 ], [ 13.55439, 52.76739 ], [ 13.55424, 52.76743 ], [ 13.5537, 52.76727 ], [ 13.55305, 52.76723 ], [ 13.55223, 52.76699 ], [ 13.55206, 52.76681 ], [ 13.55201, 52.76659 ], [ 13.55228, 52.76629 ], [ 13.55237, 52.76594 ], [ 13.55202, 52.76565 ], [ 13.55161, 52.76581 ], [ 13.5514, 52.76572 ], [ 13.55122, 52.76544 ], [ 13.55098, 52.76527 ], [ 13.55068, 52.76532 ], [ 13.55078, 52.76535 ], [ 13.55087, 52.76546 ], [ 13.55081, 52.76556 ], [ 13.55061, 52.76561 ], [ 13.55045, 52.76558 ], [ 13.55037, 52.76546 ], [ 13.55043, 52.76538 ], [ 13.55017, 52.76538 ], [ 13.55001, 52.76533 ], [ 13.54995, 52.76518 ], [ 13.55017, 52.7649 ], [ 13.55013, 52.76466 ], [ 13.55003, 52.76461 ], [ 13.54955, 52.76453 ], [ 13.54949, 52.76441 ], [ 13.54925, 52.76436 ], [ 13.5492, 52.76426 ], [ 13.54929, 52.76415 ], [ 13.54951, 52.76412 ], [ 13.54948, 52.7639 ], [ 13.54987, 52.76383 ], [ 13.54951, 52.7635 ], [ 13.54938, 52.76346 ], [ 13.54905, 52.76369 ], [ 13.54883, 52.76365 ], [ 13.54861, 52.76354 ], [ 13.54856, 52.76345 ], [ 13.54863, 52.76333 ], [ 13.54897, 52.76311 ], [ 13.54794, 52.76209 ], [ 13.54785, 52.7622 ], [ 13.54758, 52.76233 ], [ 13.54736, 52.76233 ], [ 13.54728, 52.76229 ], [ 13.54727, 52.76219 ], [ 13.54747, 52.76182 ], [ 13.54756, 52.76176 ], [ 13.54764, 52.76177 ], [ 13.54729, 52.7614 ], [ 13.54739, 52.76135 ], [ 13.54732, 52.76128 ], [ 13.5466, 52.76128 ], [ 13.54647, 52.76135 ], [ 13.54636, 52.76155 ], [ 13.5459, 52.76163 ], [ 13.54554, 52.76161 ], [ 13.54522, 52.76152 ], [ 13.54496, 52.76138 ], [ 13.54487, 52.76126 ], [ 13.54492, 52.76099 ], [ 13.54512, 52.76083 ], [ 13.54538, 52.76098 ], [ 13.54568, 52.76107 ], [ 13.54598, 52.76109 ], [ 13.54651, 52.76106 ], [ 13.54679, 52.76093 ], [ 13.54693, 52.761 ], [ 13.54704, 52.76099 ], [ 13.54695, 52.76089 ], [ 13.54611, 52.76076 ], [ 13.54526, 52.76053 ], [ 13.54432, 52.76047 ], [ 13.54454, 52.76124 ], [ 13.54494, 52.76197 ], [ 13.5449, 52.76235 ], [ 13.54455, 52.76257 ], [ 13.54427, 52.7626 ], [ 13.5422, 52.7625 ], [ 13.54198, 52.76257 ], [ 13.54186, 52.76268 ], [ 13.54185, 52.76284 ], [ 13.542, 52.76309 ], [ 13.54223, 52.76325 ], [ 13.54257, 52.76337 ], [ 13.54345, 52.76358 ], [ 13.54402, 52.76364 ], [ 13.54434, 52.76376 ], [ 13.54448, 52.76388 ], [ 13.54533, 52.76387 ], [ 13.54559, 52.76383 ], [ 13.54577, 52.76374 ], [ 13.54614, 52.76344 ], [ 13.54621, 52.76346 ], [ 13.5464, 52.76289 ], [ 13.54721, 52.76264 ], [ 13.54782, 52.76266 ], [ 13.54811, 52.76278 ], [ 13.54819, 52.76297 ], [ 13.54831, 52.76349 ], [ 13.54829, 52.76421 ], [ 13.54848, 52.76427 ], [ 13.54864, 52.76439 ], [ 13.54854, 52.76466 ], [ 13.5484, 52.76473 ], [ 13.54795, 52.76476 ], [ 13.5478, 52.76504 ], [ 13.54799, 52.76511 ], [ 13.54845, 52.76552 ], [ 13.54878, 52.76541 ], [ 13.5491, 52.76541 ], [ 13.54967, 52.76553 ], [ 13.54967, 52.7657 ], [ 13.54932, 52.76587 ], [ 13.54906, 52.76588 ], [ 13.54857, 52.76566 ], [ 13.54807, 52.76564 ], [ 13.54774, 52.76545 ], [ 13.54762, 52.76531 ], [ 13.54731, 52.76567 ], [ 13.54744, 52.76569 ], [ 13.54759, 52.76579 ], [ 13.5476, 52.76585 ], [ 13.54748, 52.76593 ], [ 13.54707, 52.76596 ], [ 13.54655, 52.76698 ], [ 13.54676, 52.76705 ], [ 13.54682, 52.76716 ], [ 13.54677, 52.76739 ], [ 13.54671, 52.76745 ], [ 13.54644, 52.76734 ], [ 13.5463, 52.76766 ], [ 13.5464, 52.76785 ], [ 13.54668, 52.76811 ], [ 13.54681, 52.76843 ], [ 13.54692, 52.76846 ], [ 13.54719, 52.76883 ], [ 13.54748, 52.76897 ], [ 13.54836, 52.76903 ], [ 13.5489, 52.76914 ], [ 13.5493, 52.76904 ], [ 13.54973, 52.76878 ], [ 13.54999, 52.7688 ], [ 13.55005, 52.76885 ], [ 13.54996, 52.76898 ], [ 13.55004, 52.7691 ], [ 13.54998, 52.7692 ], [ 13.54978, 52.76925 ], [ 13.54959, 52.76919 ], [ 13.54955, 52.76907 ], [ 13.54919, 52.7692 ], [ 13.54991, 52.76957 ], [ 13.55031, 52.76995 ], [ 13.55045, 52.76986 ], [ 13.5506, 52.76984 ], [ 13.55087, 52.76993 ], [ 13.55093, 52.77002 ], [ 13.55087, 52.77024 ], [ 13.55106, 52.7703 ], [ 13.55154, 52.77018 ], [ 13.55185, 52.77015 ], [ 13.55203, 52.77006 ], [ 13.55229, 52.76973 ], [ 13.5529, 52.76933 ], [ 13.55278, 52.76914 ] ], [ [ 13.55164, 52.7696 ], [ 13.55158, 52.76969 ], [ 13.5515, 52.7697 ], [ 13.55089, 52.76937 ], [ 13.55052, 52.76928 ], [ 13.55042, 52.76915 ], [ 13.5505, 52.76888 ], [ 13.55073, 52.76888 ], [ 13.55139, 52.76925 ], [ 13.55157, 52.76942 ], [ 13.55164, 52.7696 ] ], [ [ 13.54739, 52.76821 ], [ 13.54718, 52.76826 ], [ 13.54708, 52.76819 ], [ 13.547, 52.76794 ], [ 13.54712, 52.7678 ], [ 13.54735, 52.76771 ], [ 13.54748, 52.76755 ], [ 13.54756, 52.76692 ], [ 13.54748, 52.76686 ], [ 13.54704, 52.76679 ], [ 13.54694, 52.76673 ], [ 13.54708, 52.76661 ], [ 13.54746, 52.76651 ], [ 13.54787, 52.76631 ], [ 13.54811, 52.76628 ], [ 13.54835, 52.76632 ], [ 13.54854, 52.76641 ], [ 13.54881, 52.76669 ], [ 13.54861, 52.76698 ], [ 13.54814, 52.76702 ], [ 13.54802, 52.76713 ], [ 13.54819, 52.76719 ], [ 13.54864, 52.76718 ], [ 13.54896, 52.76724 ], [ 13.54927, 52.76748 ], [ 13.54932, 52.7676 ], [ 13.54919, 52.76768 ], [ 13.54924, 52.76776 ], [ 13.54899, 52.76801 ], [ 13.54797, 52.76804 ], [ 13.54764, 52.76846 ], [ 13.54739, 52.76821 ] ], [ [ 13.54976, 52.7666 ], [ 13.55018, 52.76709 ], [ 13.55016, 52.76719 ], [ 13.55007, 52.76724 ], [ 13.54986, 52.76723 ], [ 13.54906, 52.76688 ], [ 13.54909, 52.76673 ], [ 13.54942, 52.76652 ], [ 13.54958, 52.7665 ], [ 13.54976, 52.7666 ] ], [ [ 13.54949, 52.7648 ], [ 13.54951, 52.76496 ], [ 13.54937, 52.76514 ], [ 13.5491, 52.76519 ], [ 13.54897, 52.76516 ], [ 13.54882, 52.76503 ], [ 13.54878, 52.76492 ], [ 13.54888, 52.76479 ], [ 13.54921, 52.76474 ], [ 13.54949, 52.7648 ] ], [ [ 13.54635, 52.76262 ], [ 13.54637, 52.76273 ], [ 13.54624, 52.76291 ], [ 13.54609, 52.76297 ], [ 13.54563, 52.76299 ], [ 13.54538, 52.76291 ], [ 13.54501, 52.76241 ], [ 13.54603, 52.76244 ], [ 13.54635, 52.76262 ] ], [ [ 13.54604, 52.76187 ], [ 13.54628, 52.76217 ], [ 13.54599, 52.76225 ], [ 13.54566, 52.76218 ], [ 13.54549, 52.76203 ], [ 13.54547, 52.7619 ], [ 13.54556, 52.76179 ], [ 13.54604, 52.76187 ] ] ] } },
{ "type": "Feature", "properties": { "boden": "100 % mittel, mäßig frisch (M2)" }, "geometry": { "type": "Polygon", "coordinates": [ [ [ 13.55062, 52.76531 ], [ 13.55046, 52.76534 ], [ 13.55037, 52.76546 ], [ 13.55045, 52.76558 ], [ 13.55061, 52.76561 ], [ 13.55081, 52.76556 ], [ 13.55087, 52.76546 ], [ 13.55078, 52.76535 ], [ 13.55062, 52.76531 ] ] ] } },
{ "type": "Feature", "properties": { "boden": "60 % mittel, mäßig frisch (M2) · 40 % ziemlich arm, mäßig frisch (Z2)" }, "geometry": { "type": "Polygon", "coordinates": [ [ [ 13.53113, 52.76421 ], [ 13.53066, 52.76431 ], [ 13.53049, 52.76448 ], [ 13.53056, 52.7647 ], [ 13.53102, 52.76486 ], [ 13.53126, 52.76483 ], [ 13.53132, 52.76469 ], [ 13.53124, 52.76432 ], [ 13.53113, 52.76421 ] ] ] } },
{ "type": "Feature", "properties": { "boden": "60 % mittel, trocken (vermutet) (M3) · 40 % ziemlich arm, trocken (vermutet) (Z3)" }, "geometry": { "type": "Polygon", "coordinates": [ [ [ 13.52638, 52.76459 ], [ 13.52702, 52.76463 ], [ 13.52707, 52.7646 ], [ 13.52674, 52.76439 ], [ 13.5267, 52.76431 ], [ 13.52652, 52.76429 ], [ 13.52614, 52.7644 ], [ 13.52606, 52.76458 ], [ 13.52594, 52.76466 ], [ 13.52608, 52.76471 ], [ 13.52638, 52.76459 ] ] ] } },
{ "type": "Feature", "properties": { "boden": "100 % mittel, trocken (vermutet) (M3)" }, "geometry": { "type": "Polygon", "coordinates": [ [ [ 13.52461, 52.76477 ], [ 13.52439, 52.76446 ], [ 13.52336, 52.76444 ], [ 13.52301, 52.76434 ], [ 13.52238, 52.76426 ], [ 13.52176, 52.76405 ], [ 13.52135, 52.76413 ], [ 13.52126, 52.76434 ], [ 13.52139, 52.76462 ], [ 13.52173, 52.76473 ], [ 13.52214, 52.76465 ], [ 13.52249, 52.76466 ], [ 13.52281, 52.76455 ], [ 13.52327, 52.76455 ], [ 13.52373, 52.76482 ], [ 13.52393, 52.76514 ], [ 13.52438, 52.76503 ], [ 13.5246, 52.76487 ], [ 13.52461, 52.76477 ] ] ] } },
{ "type": "Feature", "properties": { "boden": "60 % mittel, mäßig frisch (M2) · 40 % ziemlich arm, mäßig frisch (Z2)" }, "geometry": { "type": "Polygon", "coordinates": [ [ [ 13.53237, 52.76449 ], [ 13.53224, 52.76454 ], [ 13.53209, 52.76472 ], [ 13.53217, 52.76491 ], [ 13.53239, 52.76497 ], [ 13.53282, 52.76491 ], [ 13.53289, 52.76486 ], [ 13.53285, 52.76467 ], [ 13.53259, 52.76452 ], [ 13.53237, 52.76449 ] ] ] } },
{ "type": "Feature", "properties": { "boden": "60 % mittel, mäßig frisch (M2) · 40 % ziemlich arm, mäßig frisch (Z2)" }, "geometry": { "type": "Polygon", "coordinates": [ [ [ 13.52839, 52.76449 ], [ 13.52806, 52.7645 ], [ 13.52775, 52.76456 ], [ 13.52762, 52.76462 ], [ 13.52762, 52.76474 ], [ 13.5278, 52.76497 ], [ 13.52853, 52.76506 ], [ 13.52912, 52.76522 ], [ 13.52936, 52.7652 ], [ 13.52954, 52.76513 ], [ 13.52973, 52.76485 ], [ 13.52971, 52.76477 ], [ 13.5296, 52.7647 ], [ 13.52839, 52.76449 ] ] ] } },
{ "type": "Feature", "properties": { "boden": "60 % mittel, trocken (vermutet) (M3) · 40 % ziemlich arm, trocken (vermutet) (Z3)" }, "geometry": { "type": "Polygon", "coordinates": [ [ [ 13.52643, 52.76491 ], [ 13.52632, 52.76494 ], [ 13.52634, 52.76499 ], [ 13.5266, 52.76516 ], [ 13.52672, 52.76517 ], [ 13.52689, 52.76513 ], [ 13.52685, 52.76503 ], [ 13.52665, 52.76494 ], [ 13.52643, 52.76491 ] ] ] } },
{ "type": "Feature", "properties": { "boden": "60 % mittel, trocken (vermutet) (M3) · 40 % ziemlich arm, trocken (vermutet) (Z3)" }, "geometry": { "type": "Polygon", "coordinates": [ [ [ 13.5332, 52.76473 ], [ 13.5331, 52.76491 ], [ 13.53288, 52.76508 ], [ 13.53233, 52.76527 ], [ 13.53163, 52.76541 ], [ 13.53152, 52.7656 ], [ 13.53162, 52.76576 ], [ 13.53202, 52.76579 ], [ 13.53295, 52.7657 ], [ 13.53393, 52.76569 ], [ 13.53404, 52.76566 ], [ 13.53407, 52.7656 ], [ 13.53396, 52.76546 ], [ 13.53371, 52.7653 ], [ 13.53359, 52.7649 ], [ 13.5332, 52.76473 ] ] ] } },
{ "type": "Feature", "properties": { "boden": "60 % mittel, trocken (vermutet) (M3) · 40 % ziemlich arm, trocken (vermutet) (Z3)" }, "geometry": { "type": "Polygon", "coordinates": [ [ [ 13.53078, 52.76511 ], [ 13.53019, 52.76512 ], [ 13.52994, 52.7652 ], [ 13.52979, 52.76542 ], [ 13.52985, 52.76557 ], [ 13.53011, 52.76557 ], [ 13.53092, 52.76537 ], [ 13.53097, 52.76526 ], [ 13.53089, 52.76516 ], [ 13.53078, 52.76511 ] ] ] } },
{ "type": "Feature", "properties": { "boden": "100 % mittel, mäßig frisch (M2)" }, "geometry": { "type": "Polygon", "coordinates": [ [ [ 13.52317, 52.76496 ], [ 13.52304, 52.76501 ], [ 13.52288, 52.7652 ], [ 13.52285, 52.76533 ], [ 13.52294, 52.76555 ], [ 13.52302, 52.76559 ], [ 13.52325, 52.76548 ], [ 13.52339, 52.76519 ], [ 13.5234, 52.76502 ], [ 13.52317, 52.76496 ] ] ] } },
{ "type": "Feature", "properties": { "boden": "100 % mittel, mäßig frisch (M2)" }, "geometry": { "type": "Polygon", "coordinates": [ [ [ 13.52656, 52.76735 ], [ 13.52665, 52.76714 ], [ 13.52661, 52.76599 ], [ 13.52678, 52.7656 ], [ 13.52678, 52.76541 ], [ 13.52609, 52.76512 ], [ 13.52533, 52.76498 ], [ 13.52511, 52.7648 ], [ 13.52499, 52.76452 ], [ 13.52424, 52.76401 ], [ 13.5229, 52.76381 ], [ 13.51986, 52.76318 ], [ 13.51889, 52.76407 ], [ 13.51905, 52.7644 ], [ 13.51946, 52.7648 ], [ 13.51975, 52.76543 ], [ 13.5217, 52.76568 ], [ 13.52394, 52.76581 ], [ 13.52428, 52.76592 ], [ 13.52446, 52.76609 ], [ 13.52478, 52.76676 ], [ 13.52527, 52.76722 ], [ 13.52592, 52.7675 ], [ 13.52637, 52.76749 ], [ 13.52656, 52.76735 ] ], [ [ 13.5234, 52.76502 ], [ 13.52334, 52.76535 ], [ 13.52325, 52.76548 ], [ 13.52302, 52.76559 ], [ 13.52294, 52.76555 ], [ 13.52285, 52.76533 ], [ 13.52292, 52.76513 ], [ 13.52317, 52.76496 ], [ 13.5234, 52.76502 ] ], [ [ 13.52461, 52.76477 ], [ 13.52452, 52.76495 ], [ 13.52438, 52.76503 ], [ 13.52393, 52.76514 ], [ 13.52373, 52.76482 ], [ 13.52327, 52.76455 ], [ 13.52281, 52.76455 ], [ 13.52249, 52.76466 ], [ 13.52214, 52.76465 ], [ 13.52173, 52.76473 ], [ 13.52149, 52.76468 ], [ 13.52127, 52.76445 ], [ 13.5213, 52.76418 ], [ 13.52158, 52.76405 ], [ 13.52176, 52.76405 ], [ 13.52238, 52.76426 ], [ 13.52301, 52.76434 ], [ 13.52336, 52.76444 ], [ 13.52439, 52.76446 ], [ 13.52461, 52.76477 ] ] ] } },
{ "type": "Feature", "properties": { "boden": "100 % mittel, mäßig frisch (M2)" }, "geometry": { "type": "Polygon", "coordinates": [ [ [ 13.5478, 52.76504 ], [ 13.54762, 52.76531 ], [ 13.54766, 52.76538 ], [ 13.54807, 52.76564 ], [ 13.54857, 52.76566 ], [ 13.54894, 52.76584 ], [ 13.54919, 52.7659 ], [ 13.54967, 52.7657 ], [ 13.54967, 52.76553 ], [ 13.54932, 52.76543 ], [ 13.54878, 52.76541 ], [ 13.54845, 52.76552 ], [ 13.54799, 52.76511 ], [ 13.5478, 52.76504 ] ] ] } },
{ "type": "Feature", "properties": { "boden": "60 % mittel, mäßig frisch (M2) · 40 % ziemlich arm, mäßig frisch (Z2)" }, "geometry": { "type": "Polygon", "coordinates": [ [ [ 13.53506, 52.76514 ], [ 13.53421, 52.76496 ], [ 13.53401, 52.76505 ], [ 13.53395, 52.76518 ], [ 13.5341, 52.7653 ], [ 13.53467, 52.76557 ], [ 13.53529, 52.76566 ], [ 13.53506, 52.76514 ] ] ] } },
{ "type": "Feature", "properties": { "boden": "100 % mittel, trocken (vermutet) (M3)" }, "geometry": { "type": "Polygon", "coordinates": [ [ [ 13.54731, 52.76567 ], [ 13.54707, 52.76596 ], [ 13.54748, 52.76593 ], [ 13.5476, 52.76585 ], [ 13.54759, 52.76579 ], [ 13.54744, 52.76569 ], [ 13.54731, 52.76567 ] ] ] } },
{ "type": "Feature", "properties": { "boden": "100 % ziemlich arm, mäßig frisch (Z2)" }, "geometry": { "type": "Polygon", "coordinates": [ [ [ 13.53506, 52.76514 ], [ 13.53529, 52.76566 ], [ 13.5361, 52.76574 ], [ 13.53647, 52.76595 ], [ 13.53651, 52.7659 ], [ 13.53667, 52.76587 ], [ 13.53683, 52.76591 ], [ 13.53692, 52.76602 ], [ 13.53678, 52.76614 ], [ 13.5371, 52.76624 ], [ 13.53746, 52.76626 ], [ 13.53808, 52.76616 ], [ 13.53885, 52.76623 ], [ 13.53969, 52.76624 ], [ 13.54005, 52.76616 ], [ 13.53992, 52.76601 ], [ 13.53954, 52.76589 ], [ 13.5376, 52.76577 ], [ 13.53709, 52.76544 ], [ 13.53549, 52.76524 ], [ 13.53506, 52.76514 ] ] ] } },
{ "type": "Feature", "properties": { "boden": "100 % ziemlich arm, trocken (vermutet) (Z3)" }, "geometry": { "type": "Polygon", "coordinates": [ [ [ 13.5467, 52.76629 ], [ 13.54731, 52.76567 ], [ 13.54656, 52.76544 ], [ 13.54648, 52.76554 ], [ 13.54657, 52.76567 ], [ 13.54654, 52.76587 ], [ 13.54641, 52.76602 ], [ 13.54604, 52.76628 ], [ 13.54603, 52.76643 ], [ 13.54614, 52.76653 ], [ 13.54659, 52.76653 ], [ 13.5467, 52.76629 ] ] ] } },
{ "type": "Feature", "properties": { "boden": "100 % ziemlich arm, mäßig frisch (Z2)" }, "geometry": { "type": "Polygon", "coordinates": [ [ [ 13.53686, 52.76612 ], [ 13.53692, 52.76602 ], [ 13.53683, 52.76591 ], [ 13.53667, 52.76587 ], [ 13.53651, 52.7659 ], [ 13.53641, 52.76602 ], [ 13.53647, 52.76612 ], [ 13.53666, 52.76617 ], [ 13.53686, 52.76612 ] ] ] } },
{ "type": "Feature", "properties": { "boden": "100 % ziemlich arm, mäßig frisch (Z2)" }, "geometry": { "type": "Polygon", "coordinates": [ [ [ 13.54521, 52.76611 ], [ 13.54489, 52.76622 ], [ 13.54481, 52.76636 ], [ 13.54481, 52.76671 ], [ 13.54488, 52.76687 ], [ 13.54507, 52.76695 ], [ 13.54527, 52.76686 ], [ 13.54539, 52.76672 ], [ 13.54554, 52.76641 ], [ 13.54546, 52.7662 ], [ 13.54521, 52.76611 ] ] ] } },
{ "type": "Feature", "properties": { "boden": "100 % ziemlich arm, trocken (vermutet) (Z3)" }, "geometry": { "type": "Polygon", "coordinates": [ [ [ 13.53678, 52.76682 ], [ 13.53727, 52.76679 ], [ 13.5376, 52.76666 ], [ 13.53651, 52.76629 ], [ 13.53596, 52.76602 ], [ 13.53563, 52.76607 ], [ 13.53571, 52.76624 ], [ 13.53602, 52.76647 ], [ 13.53636, 52.76662 ], [ 13.53636, 52.76684 ], [ 13.53643, 52.76693 ], [ 13.53678, 52.76682 ] ] ] } },
{ "type": "Feature", "properties": { "boden": "100 % mittel, mäßig frisch (M2)" }, "geometry": { "type": "Polygon", "coordinates": [ [ [ 13.54874, 52.76679 ], [ 13.54881, 52.76669 ], [ 13.54872, 52.76657 ], [ 13.54856, 52.76654 ], [ 13.5484, 52.76657 ], [ 13.5483, 52.76669 ], [ 13.54839, 52.7668 ], [ 13.54855, 52.76684 ], [ 13.54874, 52.76679 ] ] ] } },
{ "type": "Feature", "properties": { "boden": "100 % ziemlich arm, trocken (vermutet) (Z3)" }, "geometry": { "type": "Polygon", "coordinates": [ [ [ 13.53919, 52.76671 ], [ 13.53977, 52.76653 ], [ 13.53883, 52.76651 ], [ 13.53841, 52.7666 ], [ 13.53818, 52.76671 ], [ 13.53831, 52.76675 ], [ 13.53919, 52.76671 ] ] ] } },
{ "type": "Feature", "properties": { "boden": "60 % mittel, trocken (vermutet) (M3) · 40 % ziemlich arm, trocken (vermutet) (Z3)" }, "geometry": { "type": "Polygon", "coordinates": [ [ [ 13.52911, 52.76542 ], [ 13.52894, 52.76541 ], [ 13.52821, 52.76521 ], [ 13.52785, 52.76517 ], [ 13.52767, 52.76523 ], [ 13.52782, 52.76549 ], [ 13.52799, 52.76564 ], [ 13.52843, 52.76572 ], [ 13.52878, 52.76587 ], [ 13.52908, 52.76581 ], [ 13.52941, 52.76563 ], [ 13.52936, 52.76555 ], [ 13.52911, 52.76542 ] ] ] } },
{ "type": "Feature", "properties": { "boden": "60 % mittel, mäßig frisch (M2) · 40 % ziemlich arm, mäßig frisch (Z2)" }, "geometry": { "type": "Polygon", "coordinates": [ [ [ 13.5228, 52.76574 ], [ 13.52216, 52.76571 ], [ 13.52162, 52.76588 ], [ 13.52193, 52.76601 ], [ 13.52246, 52.76601 ], [ 13.52273, 52.76591 ], [ 13.52281, 52.7658 ], [ 13.5228, 52.76574 ] ] ] } },
{ "type": "Feature", "properties": { "boden": "100 % mittel, mäßig frisch (M2)" }, "geometry": { "type": "Polygon", "coordinates": [ [ [ 13.51786, 52.76648 ], [ 13.51813, 52.76641 ], [ 13.51821, 52.76609 ], [ 13.5185, 52.76579 ], [ 13.51856, 52.76579 ], [ 13.51861, 52.76609 ], [ 13.51881, 52.76631 ], [ 13.51941, 52.76614 ], [ 13.51973, 52.76584 ], [ 13.51977, 52.7655 ], [ 13.51946, 52.7648 ], [ 13.51905, 52.7644 ], [ 13.51889, 52.76407 ], [ 13.51873, 52.76422 ], [ 13.51794, 52.76398 ], [ 13.51786, 52.76648 ] ] ] } },
{ "type": "Feature", "properties": { "boden": "60 % mittel, mäßig frisch (M2) · 40 % ziemlich arm, mäßig frisch (Z2)" }, "geometry": { "type": "Polygon", "coordinates": [ [ [ 13.5329, 52.766 ], [ 13.53236, 52.76605 ], [ 13.53226, 52.7661 ], [ 13.53226, 52.76619 ], [ 13.53255, 52.76627 ], [ 13.53295, 52.76624 ], [ 13.53309, 52.76617 ], [ 13.53315, 52.76607 ], [ 13.53312, 52.76603 ], [ 13.5329, 52.766 ] ] ] } },
{ "type": "Feature", "properties": { "boden": "100 % mittel, mäßig frisch (M2)" }, "geometry": { "type": "Polygon", "coordinates": [ [ [ 13.51879, 52.7663 ], [ 13.51861, 52.76609 ], [ 13.51856, 52.76579 ], [ 13.5185, 52.76579 ], [ 13.51821, 52.76609 ], [ 13.51813, 52.76641 ], [ 13.51879, 52.7663 ] ] ] } },
{ "type": "Feature", "properties": { "boden": "60 % mittel, mäßig frisch (M2) · 40 % ziemlich arm, mäßig frisch (Z2)" }, "geometry": { "type": "Polygon", "coordinates": [ [ [ 13.52773, 52.76598 ], [ 13.5274, 52.76608 ], [ 13.52714, 52.76623 ], [ 13.52704, 52.76635 ], [ 13.52719, 52.76656 ], [ 13.52745, 52.76675 ], [ 13.52773, 52.76685 ], [ 13.52799, 52.7668 ], [ 13.52815, 52.76669 ], [ 13.52819, 52.76657 ], [ 13.52791, 52.76606 ], [ 13.52773, 52.76598 ] ] ] } },
{ "type": "Feature", "properties": { "boden": "60 % mittel, trocken (vermutet) (M3) · 40 % ziemlich arm, trocken (vermutet) (Z3)" }, "geometry": { "type": "Polygon", "coordinates": [ [ [ 13.52974, 52.76626 ], [ 13.52924, 52.76634 ], [ 13.52902, 52.76663 ], [ 13.52917, 52.76663 ], [ 13.52962, 52.76638 ], [ 13.52974, 52.76626 ] ] ] } },
{ "type": "Feature", "properties": { "boden": "60 % mittel, trocken (vermutet) (M3) · 40 % ziemlich arm, trocken (vermutet) (Z3)" }, "geometry": { "type": "Polygon", "coordinates": [ [ [ 13.52263, 52.76661 ], [ 13.52283, 52.7667 ], [ 13.52296, 52.76671 ], [ 13.52326, 52.7666 ], [ 13.5234, 52.76646 ], [ 13.52356, 52.76601 ], [ 13.52344, 52.76596 ], [ 13.52329, 52.76596 ], [ 13.52323, 52.76612 ], [ 13.52281, 52.76626 ], [ 13.52248, 52.76629 ], [ 13.52211, 52.76623 ], [ 13.52181, 52.76633 ], [ 13.52175, 52.76646 ], [ 13.52179, 52.76666 ], [ 13.522, 52.76678 ], [ 13.52222, 52.76678 ], [ 13.52263, 52.76661 ] ] ] } },
{ "type": "Feature", "properties": { "boden": "60 % mittel, mäßig frisch (M2) · 40 % ziemlich arm, mäßig frisch (Z2)" }, "geometry": { "type": "Polygon", "coordinates": [ [ [ 13.51881, 52.76631 ], [ 13.51813, 52.76641 ], [ 13.51819, 52.76665 ], [ 13.5185, 52.76678 ], [ 13.5189, 52.76677 ], [ 13.5191, 52.76671 ], [ 13.51911, 52.76655 ], [ 13.51881, 52.76631 ] ] ] } },
{ "type": "Feature", "properties": { "boden": "60 % mittel, mäßig frisch (M2) · 40 % ziemlich arm, mäßig frisch (Z2)" }, "geometry": { "type": "Polygon", "coordinates": [ [ [ 13.52388, 52.76669 ], [ 13.52357, 52.76676 ], [ 13.52342, 52.76691 ], [ 13.5235, 52.76702 ], [ 13.52365, 52.76703 ], [ 13.52387, 52.76698 ], [ 13.52396, 52.76686 ], [ 13.52388, 52.76669 ] ] ] } },
{ "type": "Feature", "properties": { "boden": "100 % mittel, trocken (vermutet) (M3)" }, "geometry": { "type": "Polygon", "coordinates": [ [ [ 13.56668, 52.76667 ], [ 13.56606, 52.76666 ], [ 13.56595, 52.76685 ], [ 13.5661, 52.7669 ], [ 13.56651, 52.7669 ], [ 13.56668, 52.76667 ] ] ] } },
{ "type": "Feature", "properties": { "boden": "100 % mittel, trocken (vermutet) (M3)" }, "geometry": { "type": "Polygon", "coordinates": [ [ [ 13.5544, 52.76733 ], [ 13.55309, 52.76654 ], [ 13.55237, 52.76594 ], [ 13.55228, 52.76629 ], [ 13.55201, 52.76659 ], [ 13.55206, 52.76681 ], [ 13.55223, 52.76699 ], [ 13.55305, 52.76723 ], [ 13.5537, 52.76727 ], [ 13.55431, 52.76744 ], [ 13.5544, 52.76733 ] ] ] } },
{ "type": "Feature", "properties": { "boden": "100 % mittel, trocken (vermutet) (M3)" }, "geometry": { "type": "Polygon", "coordinates": [ [ [ 13.56644, 52.76707 ], [ 13.56633, 52.76709 ], [ 13.56622, 52.7672 ], [ 13.56595, 52.76786 ], [ 13.56603, 52.76796 ], [ 13.56632, 52.76786 ], [ 13.56648, 52.76765 ], [ 13.56659, 52.76728 ], [ 13.56644, 52.76707 ] ] ] } },
{ "type": "Feature", "properties": { "boden": "100 % mittel, mäßig frisch (M2)" }, "geometry": { "type": "Polygon", "coordinates": [ [ [ 13.55497, 52.7682 ], [ 13.55385, 52.76764 ], [ 13.55288, 52.76741 ], [ 13.55242, 52.76722 ], [ 13.55166, 52.76715 ], [ 13.55144, 52.76709 ], [ 13.5514, 52.767 ], [ 13.55156, 52.76682 ], [ 13.55156, 52.76668 ], [ 13.55125, 52.76647 ], [ 13.55106, 52.76613 ], [ 13.55083, 52.76594 ], [ 13.55054, 52.76592 ], [ 13.55021, 52.76597 ], [ 13.55002, 52.76605 ], [ 13.55003, 52.76638 ], [ 13.55019, 52.76661 ], [ 13.55035, 52.76673 ], [ 13.55009, 52.7662 ], [ 13.55084, 52.76607 ], [ 13.55098, 52.76609 ], [ 13.55095, 52.76676 ], [ 13.55139, 52.76745 ], [ 13.5514, 52.76758 ], [ 13.5518, 52.76758 ], [ 13.55197, 52.76763 ], [ 13.5519, 52.76776 ], [ 13.55145, 52.76788 ], [ 13.55134, 52.768 ], [ 13.55136, 52.76821 ], [ 13.55144, 52.76828 ], [ 13.5513, 52.76841 ], [ 13.55128, 52.76853 ], [ 13.55143, 52.76876 ], [ 13.55158, 52.76879 ], [ 13.55157, 52.76875 ], [ 13.55142, 52.76871 ], [ 13.5519, 52.76819 ], [ 13.55188, 52.768 ], [ 13.55294, 52.7679 ], [ 13.55364, 52.76809 ], [ 13.55387, 52.7684 ], [ 13.55384, 52.76858 ], [ 13.55421, 52.76855 ], [ 13.55489, 52.76866 ], [ 13.55522, 52.76883 ], [ 13.55606, 52.76909 ], [ 13.55604, 52.76898 ], [ 13.5559, 52.76888 ], [ 13.55568, 52.76876 ], [ 13.55537, 52.76867 ], [ 13.55497, 52.7682 ] ] ] } },
{ "type": "Feature", "properties": { "boden": "100 % mittel, mäßig frisch (M2)" }, "geometry": { "type": "Polygon", "coordinates": [ [ [ 13.56232, 52.76767 ], [ 13.56286, 52.76823 ], [ 13.56288, 52.76808 ], [ 13.56306, 52.76792 ], [ 13.56332, 52.76781 ], [ 13.56398, 52.76766 ], [ 13.56413, 52.76755 ], [ 13.56414, 52.76741 ], [ 13.56405, 52.76734 ], [ 13.56388, 52.76732 ], [ 13.56367, 52.76741 ], [ 13.56343, 52.76742 ], [ 13.56332, 52.76749 ], [ 13.56316, 52.76746 ], [ 13.56311, 52.76754 ], [ 13.56286, 52.76747 ], [ 13.56261, 52.7675 ], [ 13.5622, 52.76762 ], [ 13.56232, 52.76767 ] ] ] } },
{ "type": "Feature", "properties": { "boden": "60 % ziemlich arm, mäßig frisch (Z2) · 40 % mittel, mäßig frisch (M2)" }, "geometry": { "type": "Polygon", "coordinates": [ [ [ 13.5549, 52.76787 ], [ 13.55497, 52.7682 ], [ 13.55538, 52.76829 ], [ 13.55602, 52.76835 ], [ 13.55514, 52.76775 ], [ 13.5549, 52.76787 ] ] ] } },
{ "type": "Feature", "properties": { "boden": "100 % mittel, trocken (vermutet) (M3)" }, "geometry": { "type": "Polygon", "coordinates": [ [ [ 13.5631, 52.76859 ], [ 13.56321, 52.76873 ], [ 13.56345, 52.76884 ], [ 13.56352, 52.76863 ], [ 13.56343, 52.76841 ], [ 13.56316, 52.76839 ], [ 13.56302, 52.76833 ], [ 13.5631, 52.76859 ] ] ] } },
{ "type": "Feature", "properties": { "boden": "100 % kräftig, nass (OK3)" }, "geometry": { "type": "Polygon", "coordinates": [ [ [ 13.55377, 52.76893 ], [ 13.55387, 52.7684 ], [ 13.55364, 52.76809 ], [ 13.55294, 52.7679 ], [ 13.55188, 52.768 ], [ 13.5519, 52.76819 ], [ 13.55142, 52.76871 ], [ 13.55225, 52.76891 ], [ 13.55278, 52.76914 ], [ 13.55377, 52.76893 ] ] ] } },
{ "type": "Feature", "properties": { "boden": "60 % ziemlich arm, mäßig frisch (Z2) · 40 % mittel, mäßig frisch (M2)" }, "geometry": { "type": "Polygon", "coordinates": [ [ [ 13.56305, 52.7691 ], [ 13.56315, 52.76865 ], [ 13.56286, 52.76823 ], [ 13.56284, 52.76835 ], [ 13.56264, 52.76836 ], [ 13.56258, 52.76847 ], [ 13.56237, 52.76859 ], [ 13.56237, 52.76864 ], [ 13.56256, 52.76888 ], [ 13.56287, 52.76909 ], [ 13.56305, 52.7691 ] ] ] } },
{ "type": "Feature", "properties": { "boden": "60 % ziemlich arm, mäßig frisch (Z2) · 40 % mittel, mäßig frisch (M2)" }, "geometry": { "type": "Polygon", "coordinates": [ [ [ 13.55634, 52.76857 ], [ 13.55619, 52.76853 ], [ 13.55612, 52.76856 ], [ 13.55626, 52.76898 ], [ 13.55646, 52.76904 ], [ 13.55663, 52.76902 ], [ 13.55667, 52.76895 ], [ 13.55661, 52.76878 ], [ 13.55634, 52.76857 ] ] ] } },
{ "type": "Feature", "properties": { "boden": "100 % mittel, trocken (vermutet) (M3)" }, "geometry": { "type": "Polygon", "coordinates": [ [ [ 13.54958, 52.7665 ], [ 13.54942, 52.76652 ], [ 13.54925, 52.7666 ], [ 13.54909, 52.76673 ], [ 13.54906, 52.76688 ], [ 13.54986, 52.76723 ], [ 13.55007, 52.76724 ], [ 13.55016, 52.76719 ], [ 13.55018, 52.76709 ], [ 13.55009, 52.76692 ], [ 13.54976, 52.7666 ], [ 13.54958, 52.7665 ] ] ] } },
{ "type": "Feature", "properties": { "boden": "100 % mittel, nass (OM2)" }, "geometry": { "type": "Polygon", "coordinates": [ [ [ 13.55139, 52.76745 ], [ 13.55095, 52.76676 ], [ 13.55098, 52.76609 ], [ 13.55084, 52.76607 ], [ 13.55009, 52.7662 ], [ 13.55035, 52.76674 ], [ 13.55058, 52.76681 ], [ 13.55079, 52.76699 ], [ 13.55108, 52.76772 ], [ 13.55131, 52.76772 ], [ 13.55141, 52.76764 ], [ 13.55139, 52.76745 ] ] ] } },
{ "type": "Feature", "properties": { "boden": "100 % mittel, trocken (vermutet) (M3)" }, "geometry": { "type": "Polygon", "coordinates": [ [ [ 13.54655, 52.76698 ], [ 13.54644, 52.76734 ], [ 13.54671, 52.76745 ], [ 13.54682, 52.76723 ], [ 13.54676, 52.76705 ], [ 13.54655, 52.76698 ] ] ] } },
{ "type": "Feature", "properties": { "boden": "100 % mittel, mäßig frisch (M2)" }, "geometry": { "type": "Polygon", "coordinates": [ [ [ 13.54728, 52.76811 ], [ 13.54785, 52.76786 ], [ 13.54794, 52.76746 ], [ 13.5487, 52.7673 ], [ 13.54903, 52.76742 ], [ 13.54919, 52.76768 ], [ 13.5493, 52.76764 ], [ 13.54927, 52.76748 ], [ 13.54896, 52.76724 ], [ 13.54864, 52.76718 ], [ 13.54819, 52.76719 ], [ 13.54802, 52.76713 ], [ 13.54814, 52.76702 ], [ 13.54856, 52.767 ], [ 13.54868, 52.7669 ], [ 13.5487, 52.7668 ], [ 13.54855, 52.76684 ], [ 13.54839, 52.7668 ], [ 13.5483, 52.76669 ], [ 13.5484, 52.76657 ], [ 13.54856, 52.76654 ], [ 13.54867, 52.76656 ], [ 13.54854, 52.76641 ], [ 13.54835, 52.76632 ], [ 13.54811, 52.76628 ], [ 13.54787, 52.76631 ], [ 13.54746, 52.76651 ], [ 13.54708, 52.76661 ], [ 13.54694, 52.76673 ], [ 13.54704, 52.76679 ], [ 13.54748, 52.76686 ], [ 13.54756, 52.76692 ], [ 13.54748, 52.76755 ], [ 13.54735, 52.76771 ], [ 13.54712, 52.7678 ], [ 13.547, 52.76794 ], [ 13.54701, 52.7681 ], [ 13.54718, 52.76826 ], [ 13.54739, 52.76821 ], [ 13.54728, 52.76811 ] ] ] } },
{ "type": "Feature", "properties": { "boden": "100 % ziemlich arm, mäßig frisch (Z2)" }, "geometry": { "type": "Polygon", "coordinates": [ [ [ 13.54494, 52.76707 ], [ 13.54476, 52.76721 ], [ 13.54472, 52.76741 ], [ 13.54485, 52.7677 ], [ 13.54509, 52.76775 ], [ 13.54526, 52.76763 ], [ 13.54534, 52.76741 ], [ 13.54529, 52.76725 ], [ 13.54515, 52.76713 ], [ 13.54494, 52.76707 ] ] ] } },
{ "type": "Feature", "properties": { "boden": "100 % ziemlich arm, trocken (vermutet) (Z3)" }, "geometry": { "type": "Polygon", "coordinates": [ [ [ 13.5362, 52.76765 ], [ 13.5365, 52.76766 ], [ 13.53669, 52.76761 ], [ 13.53693, 52.76745 ], [ 13.53691, 52.76737 ], [ 13.53661, 52.76733 ], [ 13.53637, 52.7675 ], [ 13.53615, 52.76755 ], [ 13.5362, 52.76765 ] ] ] } },
{ "type": "Feature", "properties": { "boden": "100 % ziemlich arm, nass (OZ2)" }, "geometry": { "type": "Polygon", "coordinates": [ [ [ 13.54821, 52.76755 ], [ 13.54804, 52.76758 ], [ 13.54795, 52.7677 ], [ 13.548, 52.76779 ], [ 13.5482, 52.76785 ], [ 13.54839, 52.7678 ], [ 13.54845, 52.7677 ], [ 13.54837, 52.76758 ], [ 13.54821, 52.76755 ] ] ] } },
{ "type": "Feature", "properties": { "boden": "100 % ziemlich arm, mäßig frisch (Z2)" }, "geometry": { "type": "Polygon", "coordinates": [ [ [ 13.55226, 52.77116 ], [ 13.55202, 52.77086 ], [ 13.55067, 52.77073 ], [ 13.55065, 52.77067 ], [ 13.55041, 52.77056 ], [ 13.55017, 52.77022 ], [ 13.55019, 52.77005 ], [ 13.55031, 52.76995 ], [ 13.54991, 52.76957 ], [ 13.54926, 52.76922 ], [ 13.5496, 52.76996 ], [ 13.54902, 52.7701 ], [ 13.54862, 52.76939 ], [ 13.54881, 52.76934 ], [ 13.54859, 52.76935 ], [ 13.54848, 52.7693 ], [ 13.54854, 52.76921 ], [ 13.5489, 52.76914 ], [ 13.54836, 52.76903 ], [ 13.54748, 52.76897 ], [ 13.54759, 52.76903 ], [ 13.54749, 52.76915 ], [ 13.54724, 52.76923 ], [ 13.54693, 52.76909 ], [ 13.54667, 52.76911 ], [ 13.54622, 52.76933 ], [ 13.54604, 52.76951 ], [ 13.54573, 52.76954 ], [ 13.54523, 52.76944 ], [ 13.54498, 52.76925 ], [ 13.54499, 52.76913 ], [ 13.54526, 52.7689 ], [ 13.54547, 52.76855 ], [ 13.54544, 52.76834 ], [ 13.54527, 52.76797 ], [ 13.54535, 52.76791 ], [ 13.54565, 52.76788 ], [ 13.54567, 52.76771 ], [ 13.54579, 52.76759 ], [ 13.54596, 52.76754 ], [ 13.54612, 52.76756 ], [ 13.5463, 52.76766 ], [ 13.54641, 52.76748 ], [ 13.54649, 52.7671 ], [ 13.54707, 52.76596 ], [ 13.54693, 52.76604 ], [ 13.5467, 52.76629 ], [ 13.54659, 52.76653 ], [ 13.54622, 52.76655 ], [ 13.54607, 52.76649 ], [ 13.54604, 52.76628 ], [ 13.54641, 52.76602 ], [ 13.54654, 52.76587 ], [ 13.54651, 52.76548 ], [ 13.54663, 52.76543 ], [ 13.54712, 52.76564 ], [ 13.54731, 52.76567 ], [ 13.54752, 52.76546 ], [ 13.54795, 52.76476 ], [ 13.54776, 52.76464 ], [ 13.5476, 52.76444 ], [ 13.54758, 52.76421 ], [ 13.54776, 52.76414 ], [ 13.54829, 52.76421 ], [ 13.54832, 52.76403 ], [ 13.54807, 52.76394 ], [ 13.548, 52.76387 ], [ 13.5481, 52.7637 ], [ 13.54817, 52.76366 ], [ 13.5483, 52.76368 ], [ 13.54831, 52.76349 ], [ 13.54811, 52.76278 ], [ 13.54767, 52.76263 ], [ 13.54721, 52.76264 ], [ 13.5464, 52.76289 ], [ 13.54633, 52.76296 ], [ 13.54621, 52.76346 ], [ 13.54682, 52.76395 ], [ 13.547, 52.76419 ], [ 13.54704, 52.76437 ], [ 13.54695, 52.76444 ], [ 13.54569, 52.76424 ], [ 13.54559, 52.76436 ], [ 13.54541, 52.76444 ], [ 13.5452, 52.76447 ], [ 13.54497, 52.7644 ], [ 13.54481, 52.76419 ], [ 13.54374, 52.76415 ], [ 13.54378, 52.76406 ], [ 13.54398, 52.76396 ], [ 13.54448, 52.76388 ], [ 13.54434, 52.76376 ], [ 13.54402, 52.76364 ], [ 13.54345, 52.76358 ], [ 13.54223, 52.76325 ], [ 13.542, 52.76309 ], [ 13.54185, 52.76284 ], [ 13.54186, 52.76268 ], [ 13.54198, 52.76257 ], [ 13.5422, 52.7625 ], [ 13.54427, 52.7626 ], [ 13.54455, 52.76257 ], [ 13.5449, 52.76235 ], [ 13.54494, 52.76197 ], [ 13.54488, 52.76185 ], [ 13.54454, 52.76187 ], [ 13.5444, 52.76179 ], [ 13.54423, 52.76155 ], [ 13.54429, 52.76146 ], [ 13.54446, 52.76143 ], [ 13.54465, 52.76145 ], [ 13.54445, 52.76097 ], [ 13.54425, 52.76104 ], [ 13.54414, 52.76089 ], [ 13.54415, 52.76065 ], [ 13.54424, 52.76058 ], [ 13.54434, 52.76058 ], [ 13.54432, 52.76047 ], [ 13.54396, 52.76044 ], [ 13.54404, 52.76054 ], [ 13.54397, 52.76064 ], [ 13.54378, 52.76069 ], [ 13.54359, 52.76064 ], [ 13.54353, 52.76054 ], [ 13.5437, 52.76041 ], [ 13.54287, 52.7603 ], [ 13.5409, 52.76029 ], [ 13.53948, 52.76001 ], [ 13.53863, 52.75998 ], [ 13.53617, 52.75943 ], [ 13.53518, 52.75959 ], [ 13.53616, 52.75968 ], [ 13.53661, 52.7598 ], [ 13.53654, 52.75989 ], [ 13.53569, 52.76011 ], [ 13.53525, 52.76008 ], [ 13.53484, 52.75999 ], [ 13.53594, 52.7603 ], [ 13.53608, 52.76039 ], [ 13.53629, 52.76073 ], [ 13.53635, 52.76106 ], [ 13.53674, 52.76132 ], [ 13.53675, 52.76147 ], [ 13.53667, 52.76161 ], [ 13.53722, 52.76188 ], [ 13.53873, 52.76247 ], [ 13.53895, 52.76233 ], [ 13.53928, 52.76254 ], [ 13.53962, 52.76268 ], [ 13.53957, 52.76279 ], [ 13.53926, 52.76276 ], [ 13.53946, 52.76304 ], [ 13.5395, 52.76359 ], [ 13.54013, 52.76423 ], [ 13.54025, 52.76444 ], [ 13.54018, 52.76463 ], [ 13.53997, 52.76475 ], [ 13.53932, 52.76484 ], [ 13.53883, 52.76468 ], [ 13.53733, 52.76396 ], [ 13.53468, 52.76427 ], [ 13.53475, 52.76442 ], [ 13.53492, 52.76446 ], [ 13.53571, 52.76484 ], [ 13.53573, 52.76496 ], [ 13.53563, 52.76502 ], [ 13.53529, 52.76505 ], [ 13.53499, 52.76499 ], [ 13.53506, 52.76514 ], [ 13.53549, 52.76524 ], [ 13.53709, 52.76544 ], [ 13.5376, 52.76577 ], [ 13.53954, 52.76589 ], [ 13.53977, 52.76594 ], [ 13.54006, 52.76612 ], [ 13.53999, 52.7662 ], [ 13.53969, 52.76624 ], [ 13.53885, 52.76623 ], [ 13.53808, 52.76616 ], [ 13.53729, 52.76626 ], [ 13.53647, 52.76612 ], [ 13.53642, 52.7659 ], [ 13.5361, 52.76574 ], [ 13.53529, 52.76566 ], [ 13.53615, 52.76755 ], [ 13.53637, 52.7675 ], [ 13.53668, 52.76732 ], [ 13.53685, 52.76735 ], [ 13.53693, 52.76741 ], [ 13.53669, 52.76761 ], [ 13.5365, 52.76766 ], [ 13.5362, 52.76765 ], [ 13.53674, 52.76891 ], [ 13.53711, 52.76838 ], [ 13.53837, 52.76706 ], [ 13.53919, 52.76671 ], [ 13.53831, 52.76675 ], [ 13.53818, 52.76671 ], [ 13.5382, 52.76668 ], [ 13.53859, 52.76654 ], [ 13.53883, 52.76651 ], [ 13.53977, 52.76653 ], [ 13.54046, 52.76638 ], [ 13.54068, 52.76641 ], [ 13.54222, 52.76808 ], [ 13.54262, 52.7686 ], [ 13.54384, 52.76972 ], [ 13.54458, 52.77009 ], [ 13.54484, 52.77035 ], [ 13.54503, 52.77099 ], [ 13.54559, 52.77166 ], [ 13.54728, 52.77278 ], [ 13.54755, 52.77325 ], [ 13.54777, 52.77395 ], [ 13.54767, 52.77424 ], [ 13.54742, 52.77462 ], [ 13.54739, 52.77521 ], [ 13.54757, 52.77557 ], [ 13.54761, 52.7759 ], [ 13.54781, 52.77584 ], [ 13.54788, 52.77572 ], [ 13.54752, 52.77542 ], [ 13.54751, 52.77534 ], [ 13.54779, 52.77532 ], [ 13.54818, 52.77542 ], [ 13.54824, 52.77557 ], [ 13.5481, 52.77572 ], [ 13.54825, 52.77581 ], [ 13.54842, 52.77583 ], [ 13.54867, 52.77577 ], [ 13.54879, 52.77555 ], [ 13.54903, 52.77539 ], [ 13.54909, 52.775 ], [ 13.54902, 52.77464 ], [ 13.54877, 52.77444 ], [ 13.5482, 52.7742 ], [ 13.54811, 52.77405 ], [ 13.54814, 52.77392 ], [ 13.54846, 52.77367 ], [ 13.54848, 52.77352 ], [ 13.54839, 52.77333 ], [ 13.54866, 52.77295 ], [ 13.54894, 52.77298 ], [ 13.54903, 52.77331 ], [ 13.54918, 52.77357 ], [ 13.54991, 52.7741 ], [ 13.55047, 52.7743 ], [ 13.55068, 52.77427 ], [ 13.55095, 52.7743 ], [ 13.55118, 52.77416 ], [ 13.55154, 52.7736 ], [ 13.55152, 52.77333 ], [ 13.55133, 52.77317 ], [ 13.55125, 52.77301 ], [ 13.55141, 52.77245 ], [ 13.55159, 52.7722 ], [ 13.55197, 52.77215 ], [ 13.55226, 52.77185 ], [ 13.55229, 52.77155 ], [ 13.55212, 52.77126 ], [ 13.55224, 52.77123 ], [ 13.55226, 52.77116 ] ], [ [ 13.55139, 52.77123 ], [ 13.55152, 52.77156 ], [ 13.55108, 52.77254 ], [ 13.55092, 52.77264 ], [ 13.55051, 52.77266 ], [ 13.55036, 52.77261 ], [ 13.55031, 52.77244 ], [ 13.55081, 52.77185 ], [ 13.55107, 52.77118 ], [ 13.5512, 52.77112 ], [ 13.55139, 52.77123 ] ], [ [ 13.54766, 52.77067 ], [ 13.54766, 52.77205 ], [ 13.54752, 52.77218 ], [ 13.54742, 52.77217 ], [ 13.54726, 52.77209 ], [ 13.54717, 52.77183 ], [ 13.54651, 52.7716 ], [ 13.54613, 52.77134 ], [ 13.54608, 52.77125 ], [ 13.54614, 52.77115 ], [ 13.54644, 52.771 ], [ 13.54664, 52.77096 ], [ 13.54689, 52.77101 ], [ 13.54717, 52.77119 ], [ 13.54718, 52.77075 ], [ 13.54698, 52.77081 ], [ 13.54673, 52.77076 ], [ 13.54662, 52.77081 ], [ 13.54599, 52.77078 ], [ 13.54608, 52.77074 ], [ 13.54652, 52.77075 ], [ 13.5468, 52.77059 ], [ 13.54628, 52.77015 ], [ 13.54632, 52.76993 ], [ 13.5465, 52.7698 ], [ 13.54669, 52.76977 ], [ 13.54704, 52.7698 ], [ 13.54734, 52.76996 ], [ 13.54744, 52.77011 ], [ 13.54797, 52.77032 ], [ 13.54766, 52.77067 ] ], [ [ 13.54956, 52.77038 ], [ 13.54977, 52.77072 ], [ 13.54972, 52.77085 ], [ 13.54957, 52.77089 ], [ 13.54921, 52.77088 ], [ 13.54876, 52.77067 ], [ 13.54867, 52.77056 ], [ 13.54872, 52.77036 ], [ 13.54878, 52.77034 ], [ 13.54926, 52.77029 ], [ 13.54956, 52.77038 ] ], [ [ 13.54874, 52.77072 ], [ 13.54867, 52.77082 ], [ 13.54848, 52.77087 ], [ 13.54832, 52.77084 ], [ 13.54823, 52.77072 ], [ 13.54833, 52.7706 ], [ 13.54849, 52.77057 ], [ 13.54865, 52.77061 ], [ 13.54874, 52.77072 ] ], [ [ 13.54765, 52.77238 ], [ 13.54733, 52.77236 ], [ 13.54678, 52.77223 ], [ 13.54669, 52.77206 ], [ 13.54673, 52.77201 ], [ 13.54698, 52.77204 ], [ 13.54737, 52.7722 ], [ 13.54757, 52.77218 ], [ 13.54813, 52.77164 ], [ 13.54831, 52.77127 ], [ 13.54846, 52.7712 ], [ 13.5488, 52.77118 ], [ 13.54907, 52.77145 ], [ 13.54892, 52.7717 ], [ 13.54845, 52.77211 ], [ 13.54765, 52.77238 ] ], [ [ 13.54952, 52.77262 ], [ 13.54878, 52.77278 ], [ 13.54844, 52.77264 ], [ 13.54831, 52.77244 ], [ 13.54854, 52.77223 ], [ 13.54898, 52.77199 ], [ 13.54958, 52.77188 ], [ 13.5502, 52.77166 ], [ 13.55037, 52.77166 ], [ 13.55043, 52.77177 ], [ 13.55024, 52.77221 ], [ 13.54989, 52.77248 ], [ 13.54952, 52.77262 ] ], [ [ 13.55052, 52.77334 ], [ 13.55062, 52.77353 ], [ 13.55059, 52.77365 ], [ 13.55048, 52.77372 ], [ 13.5502, 52.77369 ], [ 13.55009, 52.77362 ], [ 13.55011, 52.77346 ], [ 13.55041, 52.7733 ], [ 13.55052, 52.77334 ] ], [ [ 13.54818, 52.77479 ], [ 13.54817, 52.77497 ], [ 13.54803, 52.77503 ], [ 13.54783, 52.77487 ], [ 13.54783, 52.77472 ], [ 13.54798, 52.77468 ], [ 13.54818, 52.77479 ] ], [ [ 13.54498, 52.76859 ], [ 13.54499, 52.76879 ], [ 13.54474, 52.76885 ], [ 13.54459, 52.76882 ], [ 13.54453, 52.76873 ], [ 13.54456, 52.76862 ], [ 13.54469, 52.76853 ], [ 13.54482, 52.7685 ], [ 13.54498, 52.76859 ] ], [ [ 13.54515, 52.76713 ], [ 13.54529, 52.76725 ], [ 13.54534, 52.76741 ], [ 13.54526, 52.76763 ], [ 13.54515, 52.76773 ], [ 13.54501, 52.76775 ], [ 13.54485, 52.7677 ], [ 13.54476, 52.76756 ], [ 13.54473, 52.76727 ], [ 13.54484, 52.76712 ], [ 13.54494, 52.76707 ], [ 13.54515, 52.76713 ] ], [ [ 13.54546, 52.7662 ], [ 13.54554, 52.76641 ], [ 13.54539, 52.76672 ], [ 13.54514, 52.76694 ], [ 13.54501, 52.76695 ], [ 13.54488, 52.76687 ], [ 13.54481, 52.76671 ], [ 13.54481, 52.76636 ], [ 13.54489, 52.76622 ], [ 13.54521, 52.76611 ], [ 13.54546, 52.7662 ] ], [ [ 13.54219, 52.76463 ], [ 13.54324, 52.76436 ], [ 13.54404, 52.76438 ], [ 13.54449, 52.76432 ], [ 13.54512, 52.76448 ], [ 13.54559, 52.76444 ], [ 13.54646, 52.76449 ], [ 13.54687, 52.76463 ], [ 13.54699, 52.76473 ], [ 13.54699, 52.76483 ], [ 13.5469, 52.76491 ], [ 13.54671, 52.76495 ], [ 13.54619, 52.76502 ], [ 13.54582, 52.76513 ], [ 13.54553, 52.76515 ], [ 13.54454, 52.76476 ], [ 13.54407, 52.7647 ], [ 13.5438, 52.76472 ], [ 13.54271, 52.76502 ], [ 13.54199, 52.76516 ], [ 13.54191, 52.76525 ], [ 13.54174, 52.76581 ], [ 13.54155, 52.76592 ], [ 13.54122, 52.76602 ], [ 13.54058, 52.76609 ], [ 13.54048, 52.76603 ], [ 13.54045, 52.76592 ], [ 13.54068, 52.76574 ], [ 13.54088, 52.76539 ], [ 13.54123, 52.76513 ], [ 13.54219, 52.76463 ] ], [ [ 13.54387, 52.76556 ], [ 13.54264, 52.76568 ], [ 13.54234, 52.76562 ], [ 13.54222, 52.76547 ], [ 13.54228, 52.76527 ], [ 13.54246, 52.76518 ], [ 13.54391, 52.76488 ], [ 13.54435, 52.76491 ], [ 13.54465, 52.76499 ], [ 13.5452, 52.76546 ], [ 13.5451, 52.76557 ], [ 13.54387, 52.76556 ] ], [ [ 13.53678, 52.76682 ], [ 13.53643, 52.76693 ], [ 13.53637, 52.76688 ], [ 13.53636, 52.76662 ], [ 13.53602, 52.76647 ], [ 13.53571, 52.76624 ], [ 13.53563, 52.76607 ], [ 13.53596, 52.76602 ], [ 13.53651, 52.76629 ], [ 13.5376, 52.76666 ], [ 13.53727, 52.76679 ], [ 13.53678, 52.76682 ] ], [ [ 13.54304, 52.76391 ], [ 13.54317, 52.76408 ], [ 13.54252, 52.76426 ], [ 13.54214, 52.76424 ], [ 13.54195, 52.76406 ], [ 13.54197, 52.76397 ], [ 13.54207, 52.76391 ], [ 13.54226, 52.76388 ], [ 13.54304, 52.76391 ] ], [ [ 13.5378, 52.76193 ], [ 13.53772, 52.76158 ], [ 13.53832, 52.76152 ], [ 13.53847, 52.76184 ], [ 13.5378, 52.76193 ] ], [ [ 13.54337, 52.7616 ], [ 13.54267, 52.76154 ], [ 13.54172, 52.76159 ], [ 13.54015, 52.76154 ], [ 13.53982, 52.76147 ], [ 13.53963, 52.76137 ], [ 13.53957, 52.76113 ], [ 13.53967, 52.761 ], [ 13.54014, 52.76096 ], [ 13.54082, 52.76111 ], [ 13.54148, 52.76141 ], [ 13.54159, 52.76107 ], [ 13.54177, 52.7609 ], [ 13.54194, 52.76087 ], [ 13.54225, 52.76094 ], [ 13.54248, 52.76094 ], [ 13.54286, 52.76061 ], [ 13.54318, 52.76059 ], [ 13.5437, 52.76074 ], [ 13.54383, 52.76099 ], [ 13.54372, 52.76126 ], [ 13.54337, 52.7616 ] ], [ [ 13.53953, 52.76021 ], [ 13.53959, 52.76036 ], [ 13.53922, 52.76052 ], [ 13.53875, 52.76061 ], [ 13.53836, 52.76064 ], [ 13.53793, 52.76055 ], [ 13.53792, 52.76048 ], [ 13.53804, 52.76046 ], [ 13.53825, 52.76031 ], [ 13.539, 52.76011 ], [ 13.53918, 52.7601 ], [ 13.53953, 52.76021 ] ], [ [ 13.54763, 52.76291 ], [ 13.54764, 52.76385 ], [ 13.5475, 52.76391 ], [ 13.54717, 52.76385 ], [ 13.54661, 52.76321 ], [ 13.54679, 52.76296 ], [ 13.54702, 52.7628 ], [ 13.54729, 52.76273 ], [ 13.54744, 52.76272 ], [ 13.54755, 52.76278 ], [ 13.54763, 52.76291 ] ] ] } },
{ "type": "Feature", "properties": { "boden": "100 % ziemlich arm, nass (OZ2)" }, "geometry": { "type": "Polygon", "coordinates": [ [ [ 13.54903, 52.76742 ], [ 13.5487, 52.7673 ], [ 13.54794, 52.76746 ], [ 13.54785, 52.76786 ], [ 13.54728, 52.76811 ], [ 13.54764, 52.76846 ], [ 13.54797, 52.76804 ], [ 13.54899, 52.76801 ], [ 13.54924, 52.76776 ], [ 13.54903, 52.76742 ] ], [ [ 13.54845, 52.7677 ], [ 13.54839, 52.7678 ], [ 13.5482, 52.76785 ], [ 13.548, 52.76779 ], [ 13.54795, 52.7677 ], [ 13.54804, 52.76758 ], [ 13.54821, 52.76755 ], [ 13.54837, 52.76758 ], [ 13.54845, 52.7677 ] ] ] } },
{ "type": "Feature", "properties": { "boden": "100 % mittel, mäßig frisch (M2)" }, "geometry": { "type": "Polygon", "coordinates": [ [ [ 13.54676, 52.76827 ], [ 13.5463, 52.76766 ], [ 13.54612, 52.76778 ], [ 13.54557, 52.76795 ], [ 13.54538, 52.76809 ], [ 13.5459, 52.76865 ], [ 13.54661, 52.76837 ], [ 13.54681, 52.76843 ], [ 13.54676, 52.76827 ] ] ] } },
{ "type": "Feature", "properties": { "boden": "100 % ziemlich arm, mäßig frisch (Z2)" }, "geometry": { "type": "Polygon", "coordinates": [ [ [ 13.54622, 52.76933 ], [ 13.54605, 52.76942 ], [ 13.54575, 52.76915 ], [ 13.54576, 52.76888 ], [ 13.5459, 52.76865 ], [ 13.54538, 52.76809 ], [ 13.54557, 52.76795 ], [ 13.54612, 52.76778 ], [ 13.54629, 52.76767 ], [ 13.54612, 52.76756 ], [ 13.54596, 52.76754 ], [ 13.54573, 52.76762 ], [ 13.54565, 52.76788 ], [ 13.54535, 52.76791 ], [ 13.54527, 52.76797 ], [ 13.54544, 52.76834 ], [ 13.54547, 52.76855 ], [ 13.54526, 52.7689 ], [ 13.54496, 52.76921 ], [ 13.54506, 52.76934 ], [ 13.54545, 52.7695 ], [ 13.54596, 52.76953 ], [ 13.54609, 52.76947 ], [ 13.54622, 52.76933 ] ] ] } },
{ "type": "Feature", "properties": { "boden": "100 % ziemlich arm, trocken (vermutet) (Z3)" }, "geometry": { "type": "Polygon", "coordinates": [ [ [ 13.54482, 52.7685 ], [ 13.54456, 52.76862 ], [ 13.54455, 52.76878 ], [ 13.54465, 52.76884 ], [ 13.54493, 52.76882 ], [ 13.54502, 52.76874 ], [ 13.54498, 52.76859 ], [ 13.54482, 52.7685 ] ] ] } },
{ "type": "Feature", "properties": { "boden": "100 % ziemlich arm, nass (OZ2)" }, "geometry": { "type": "Polygon", "coordinates": [ [ [ 13.54667, 52.76911 ], [ 13.54693, 52.76909 ], [ 13.54724, 52.76923 ], [ 13.54749, 52.76915 ], [ 13.54759, 52.76903 ], [ 13.54719, 52.76883 ], [ 13.54692, 52.76846 ], [ 13.54661, 52.76837 ], [ 13.5459, 52.76865 ], [ 13.54576, 52.76888 ], [ 13.54575, 52.76915 ], [ 13.54605, 52.76942 ], [ 13.54667, 52.76911 ] ], [ [ 13.54649, 52.76899 ], [ 13.54643, 52.76909 ], [ 13.54623, 52.76914 ], [ 13.54607, 52.7691 ], [ 13.54599, 52.76899 ], [ 13.54608, 52.76887 ], [ 13.54624, 52.76884 ], [ 13.5464, 52.76887 ], [ 13.54649, 52.76899 ] ] ] } },
{ "type": "Feature", "properties": { "boden": "100 % mittel, mäßig frisch (M2)" }, "geometry": { "type": "Polygon", "coordinates": [ [ [ 13.54963, 52.76898 ], [ 13.54979, 52.76895 ], [ 13.54996, 52.76898 ], [ 13.55005, 52.76885 ], [ 13.54992, 52.76878 ], [ 13.54973, 52.76878 ], [ 13.5493, 52.76904 ], [ 13.5489, 52.76914 ], [ 13.54919, 52.7692 ], [ 13.54955, 52.76907 ], [ 13.54963, 52.76898 ] ] ] } },
{ "type": "Feature", "properties": { "boden": "100 % ziemlich arm, nass (OZ2)" }, "geometry": { "type": "Polygon", "coordinates": [ [ [ 13.54624, 52.76884 ], [ 13.54608, 52.76887 ], [ 13.54599, 52.76899 ], [ 13.54607, 52.7691 ], [ 13.54623, 52.76914 ], [ 13.54643, 52.76909 ], [ 13.54649, 52.76899 ], [ 13.5464, 52.76887 ], [ 13.54624, 52.76884 ] ] ] } },
{ "type": "Feature", "properties": { "boden": "100 % mittel, mäßig frisch (M2)" }, "geometry": { "type": "Polygon", "coordinates": [ [ [ 13.54996, 52.76898 ], [ 13.54979, 52.76895 ], [ 13.54963, 52.76898 ], [ 13.54954, 52.76909 ], [ 13.54959, 52.76919 ], [ 13.54978, 52.76925 ], [ 13.54998, 52.7692 ], [ 13.55004, 52.7691 ], [ 13.54996, 52.76898 ] ] ] } },
{ "type": "Feature", "properties": { "boden": "40 % ziemlich arm, trocken (vermutet) (Z3) · 30 % mittel, trocken (vermutet) (M3) · 30 % mittel, trocken (vermutet) (M3)" }, "geometry": { "type": "Polygon", "coordinates": [ [ [ 13.53309, 52.76877 ], [ 13.5329, 52.76885 ], [ 13.533, 52.769 ], [ 13.53314, 52.76902 ], [ 13.53335, 52.76898 ], [ 13.53335, 52.76886 ], [ 13.53309, 52.76877 ] ] ] } },
{ "type": "Feature", "properties": { "boden": "100 % mittel, trocken (vermutet) (M3)" }, "geometry": { "type": "Polygon", "coordinates": [ [ [ 13.55079, 52.76897 ], [ 13.55062, 52.76901 ], [ 13.55053, 52.76912 ], [ 13.55059, 52.76922 ], [ 13.55078, 52.76928 ], [ 13.55097, 52.76923 ], [ 13.55103, 52.76913 ], [ 13.55095, 52.76901 ], [ 13.55079, 52.76897 ] ] ] } },
{ "type": "Feature", "properties": { "boden": "40 % ziemlich arm, mäßig frisch (Z2) · 30 % mittel, mäßig frisch (M2) · 30 % mittel, mäßig frisch (M2)" }, "geometry": { "type": "Polygon", "coordinates": [ [ [ 13.53321, 52.76846 ], [ 13.53319, 52.76856 ], [ 13.53343, 52.76868 ], [ 13.53405, 52.76932 ], [ 13.53418, 52.76941 ], [ 13.53432, 52.76939 ], [ 13.53438, 52.76929 ], [ 13.53431, 52.76911 ], [ 13.53402, 52.7689 ], [ 13.53382, 52.76864 ], [ 13.53342, 52.76848 ], [ 13.53321, 52.76846 ] ] ] } },
{ "type": "Feature", "properties": { "boden": "100 % ziemlich arm, mäßig frisch (Z2)" }, "geometry": { "type": "Polygon", "coordinates": [ [ [ 13.54881, 52.76934 ], [ 13.54919, 52.7692 ], [ 13.5489, 52.76914 ], [ 13.54854, 52.76921 ], [ 13.54848, 52.7693 ], [ 13.54859, 52.76935 ], [ 13.54881, 52.76934 ] ] ] } },
{ "type": "Feature", "properties": { "boden": "60 % mittel, trocken (vermutet) (M3) · 40 % ziemlich arm, trocken (vermutet) (Z3)" }, "geometry": { "type": "Polygon", "coordinates": [ [ [ 13.51866, 52.76703 ], [ 13.51912, 52.76735 ], [ 13.51945, 52.76765 ], [ 13.51982, 52.76726 ], [ 13.51969, 52.76703 ], [ 13.51947, 52.76696 ], [ 13.51881, 52.76699 ], [ 13.51866, 52.76703 ] ] ] } },
{ "type": "Feature", "properties": { "boden": "100 % mittel, trocken (vermutet) (M3)" }, "geometry": { "type": "Polygon", "coordinates": [ [ [ 13.51944, 52.76762 ], [ 13.51912, 52.76735 ], [ 13.51862, 52.76704 ], [ 13.51852, 52.76712 ], [ 13.5185, 52.76724 ], [ 13.51874, 52.76759 ], [ 13.51895, 52.76769 ], [ 13.51922, 52.76774 ], [ 13.51941, 52.76771 ], [ 13.51944, 52.76762 ] ] ] } },
{ "type": "Feature", "properties": { "boden": "60 % mittel, mäßig frisch (M2) · 40 % ziemlich arm, mäßig frisch (Z2)" }, "geometry": { "type": "Polygon", "coordinates": [ [ [ 13.52078, 52.76906 ], [ 13.52022, 52.76818 ], [ 13.52022, 52.76782 ], [ 13.52081, 52.76741 ], [ 13.52092, 52.7676 ], [ 13.52063, 52.76788 ], [ 13.52067, 52.76793 ], [ 13.5207, 52.76786 ], [ 13.52095, 52.76779 ], [ 13.52102, 52.76772 ], [ 13.52099, 52.76702 ], [ 13.52105, 52.76684 ], [ 13.52123, 52.76687 ], [ 13.5213, 52.7671 ], [ 13.52159, 52.7673 ], [ 13.52169, 52.76733 ], [ 13.52188, 52.76729 ], [ 13.52207, 52.7671 ], [ 13.52195, 52.76699 ], [ 13.52162, 52.76689 ], [ 13.52136, 52.76676 ], [ 13.52117, 52.76639 ], [ 13.52068, 52.76623 ], [ 13.52037, 52.76594 ], [ 13.52005, 52.76584 ], [ 13.51993, 52.7659 ], [ 13.51984, 52.7661 ], [ 13.51943, 52.76657 ], [ 13.51956, 52.76672 ], [ 13.52029, 52.76698 ], [ 13.52042, 52.7671 ], [ 13.52025, 52.76733 ], [ 13.51991, 52.76747 ], [ 13.51975, 52.76764 ], [ 13.51972, 52.76844 ], [ 13.51981, 52.76865 ], [ 13.51996, 52.76877 ], [ 13.52026, 52.76885 ], [ 13.52078, 52.76914 ], [ 13.5209, 52.76916 ], [ 13.52109, 52.76912 ], [ 13.52078, 52.76906 ] ] ] } },
{ "type": "Feature", "properties": { "boden": "60 % mittel, mäßig frisch (M2) · 40 % ziemlich arm, mäßig frisch (Z2)" }, "geometry": { "type": "Polygon", "coordinates": [ [ [ 13.52637, 52.76749 ], [ 13.526, 52.7675 ], [ 13.52569, 52.76761 ], [ 13.52476, 52.76736 ], [ 13.52457, 52.76746 ], [ 13.52457, 52.76768 ], [ 13.52471, 52.76785 ], [ 13.52499, 52.76788 ], [ 13.52539, 52.76783 ], [ 13.52575, 52.76769 ], [ 13.52627, 52.76775 ], [ 13.52639, 52.76769 ], [ 13.52637, 52.76749 ] ] ] } },
{ "type": "Feature", "properties": { "boden": "60 % mittel, trocken (vermutet) (M3) · 40 % ziemlich arm, trocken (vermutet) (Z3)" }, "geometry": { "type": "Polygon", "coordinates": [ [ [ 13.52826, 52.76761 ], [ 13.52803, 52.76759 ], [ 13.52754, 52.76769 ], [ 13.52734, 52.76784 ], [ 13.52736, 52.76797 ], [ 13.52762, 52.76792 ], [ 13.5281, 52.76774 ], [ 13.52826, 52.76761 ] ] ] } },
{ "type": "Feature", "properties": { "boden": "60 % mittel, trocken (vermutet) (M3) · 40 % ziemlich arm, trocken (vermutet) (Z3)" }, "geometry": { "type": "Polygon", "coordinates": [ [ [ 13.5224, 52.76741 ], [ 13.52199, 52.76752 ], [ 13.52188, 52.76797 ], [ 13.5217, 52.76812 ], [ 13.52174, 52.76816 ], [ 13.52226, 52.76813 ], [ 13.52253, 52.76803 ], [ 13.52273, 52.76787 ], [ 13.52282, 52.76773 ], [ 13.5228, 52.7676 ], [ 13.52268, 52.7675 ], [ 13.5224, 52.76741 ] ] ] } },
{ "type": "Feature", "properties": { "boden": "60 % mittel, trocken (vermutet) (M3) · 40 % ziemlich arm, trocken (vermutet) (Z3)" }, "geometry": { "type": "Polygon", "coordinates": [ [ [ 13.52448, 52.76814 ], [ 13.5242, 52.76817 ], [ 13.52415, 52.76823 ], [ 13.52453, 52.76838 ], [ 13.52494, 52.76839 ], [ 13.52481, 52.7682 ], [ 13.52448, 52.76814 ] ] ] } },
{ "type": "Feature", "properties": { "boden": "50 % kräftig, nass (OK2) · 50 % kräftig, nass (OK3)" }, "geometry": { "type": "Polygon", "coordinates": [ [ [ 13.52267, 52.76876 ], [ 13.52108, 52.76849 ], [ 13.52063, 52.76788 ], [ 13.52092, 52.7676 ], [ 13.52081, 52.76741 ], [ 13.52022, 52.76782 ], [ 13.52022, 52.76818 ], [ 13.52078, 52.76906 ], [ 13.52119, 52.76914 ], [ 13.52198, 52.76896 ], [ 13.52236, 52.7692 ], [ 13.52266, 52.76907 ], [ 13.52267, 52.76876 ] ] ] } },
{ "type": "Feature", "properties": { "boden": "40 % ziemlich arm, mäßig frisch (Z2) · 30 % mittel, mäßig frisch (M2) · 30 % mittel, mäßig frisch (M2)" }, "geometry": { "type": "Polygon", "coordinates": [ [ [ 13.53674, 52.76891 ], [ 13.53539, 52.76588 ], [ 13.5342, 52.76622 ], [ 13.53202, 52.76669 ], [ 13.52916, 52.76709 ], [ 13.52883, 52.76718 ], [ 13.52808, 52.76777 ], [ 13.52698, 52.7682 ], [ 13.52594, 52.7683 ], [ 13.5255, 52.76825 ], [ 13.52544, 52.76842 ], [ 13.52602, 52.76832 ], [ 13.5261, 52.76843 ], [ 13.52593, 52.7687 ], [ 13.52598, 52.76899 ], [ 13.52593, 52.7692 ], [ 13.52574, 52.76937 ], [ 13.52549, 52.76948 ], [ 13.52533, 52.76945 ], [ 13.5253, 52.76938 ], [ 13.5253, 52.7691 ], [ 13.52551, 52.7688 ], [ 13.52534, 52.76869 ], [ 13.52526, 52.76921 ], [ 13.52532, 52.76972 ], [ 13.52523, 52.76991 ], [ 13.52531, 52.7701 ], [ 13.52664, 52.77122 ], [ 13.5327, 52.77159 ], [ 13.5332, 52.77141 ], [ 13.53359, 52.77133 ], [ 13.5341, 52.77097 ], [ 13.53508, 52.77086 ], [ 13.53569, 52.77032 ], [ 13.53674, 52.76891 ] ], [ [ 13.53492, 52.76974 ], [ 13.53512, 52.76991 ], [ 13.53506, 52.76998 ], [ 13.53485, 52.77007 ], [ 13.53454, 52.77007 ], [ 13.53464, 52.7699 ], [ 13.53484, 52.76975 ], [ 13.53492, 52.76974 ] ], [ [ 13.53181, 52.76987 ], [ 13.53175, 52.76996 ], [ 13.53155, 52.77001 ], [ 13.53136, 52.76996 ], [ 13.53131, 52.76986 ], [ 13.5314, 52.76974 ], [ 13.53156, 52.76971 ], [ 13.53175, 52.76977 ], [ 13.53181, 52.76987 ] ], [ [ 13.52768, 52.76969 ], [ 13.52822, 52.7698 ], [ 13.52828, 52.76984 ], [ 13.52824, 52.7699 ], [ 13.52803, 52.77002 ], [ 13.52769, 52.77004 ], [ 13.5275, 52.76988 ], [ 13.52748, 52.76975 ], [ 13.52768, 52.76969 ] ], [ [ 13.53342, 52.76848 ], [ 13.53382, 52.76864 ], [ 13.53402, 52.7689 ], [ 13.53422, 52.76901 ], [ 13.53438, 52.76929 ], [ 13.53432, 52.76939 ], [ 13.53418, 52.76941 ], [ 13.53412, 52.76938 ], [ 13.53343, 52.76868 ], [ 13.53319, 52.76856 ], [ 13.53321, 52.76846 ], [ 13.53342, 52.76848 ] ], [ [ 13.53328, 52.76881 ], [ 13.53337, 52.76892 ], [ 13.53335, 52.76898 ], [ 13.53314, 52.76902 ], [ 13.533, 52.769 ], [ 13.53291, 52.76893 ], [ 13.53292, 52.76883 ], [ 13.53309, 52.76877 ], [ 13.53328, 52.76881 ] ] ] } },
{ "type": "Feature", "properties": { "boden": "40 % ziemlich arm, trocken (vermutet) (Z3) · 30 % mittel, trocken (vermutet) (M3) · 30 % mittel, trocken (vermutet) (M3)" }, "geometry": { "type": "Polygon", "coordinates": [ [ [ 13.52535, 52.76865 ], [ 13.52551, 52.7688 ], [ 13.5253, 52.7691 ], [ 13.5253, 52.76938 ], [ 13.52533, 52.76945 ], [ 13.52549, 52.76948 ], [ 13.52574, 52.76937 ], [ 13.52593, 52.7692 ], [ 13.52598, 52.76899 ], [ 13.52593, 52.7687 ], [ 13.52605, 52.76855 ], [ 13.52607, 52.76834 ], [ 13.52572, 52.76835 ], [ 13.52544, 52.76842 ], [ 13.52535, 52.76865 ] ] ] } },
{ "type": "Feature", "properties": { "boden": "100 % mittel, mäßig frisch (M2)" }, "geometry": { "type": "Polygon", "coordinates": [ [ [ 13.56816, 52.76485 ], [ 13.56792, 52.76474 ], [ 13.56766, 52.76472 ], [ 13.5676, 52.76484 ], [ 13.5677, 52.76481 ], [ 13.56799, 52.76492 ], [ 13.56816, 52.76485 ] ] ] } },
{ "type": "Feature", "properties": { "boden": "100 % mittel, mäßig frisch (M2)" }, "geometry": { "type": "Polygon", "coordinates": [ [ [ 13.56814, 52.76488 ], [ 13.56799, 52.76492 ], [ 13.5677, 52.76481 ], [ 13.5676, 52.76484 ], [ 13.56736, 52.76534 ], [ 13.56804, 52.76529 ], [ 13.56818, 52.76517 ], [ 13.56822, 52.765 ], [ 13.56814, 52.76488 ] ] ] } },
{ "type": "Feature", "properties": { "boden": "100 % mittel, trocken (vermutet) (M3)" }, "geometry": { "type": "Polygon", "coordinates": [ [ [ 13.57153, 52.76637 ], [ 13.57145, 52.76521 ], [ 13.57085, 52.76522 ], [ 13.57096, 52.76538 ], [ 13.57099, 52.76559 ], [ 13.57076, 52.76619 ], [ 13.57073, 52.76653 ], [ 13.57094, 52.76699 ], [ 13.57146, 52.76734 ], [ 13.57174, 52.76738 ], [ 13.57183, 52.76734 ], [ 13.57195, 52.76719 ], [ 13.57206, 52.7668 ], [ 13.57196, 52.76666 ], [ 13.57153, 52.76637 ] ] ] } },
{ "type": "Feature", "properties": { "boden": "100 % mittel, trocken (vermutet) (M3)" }, "geometry": { "type": "Polygon", "coordinates": [ [ [ 13.5732, 52.76768 ], [ 13.57214, 52.76751 ], [ 13.57212, 52.76755 ], [ 13.57263, 52.76786 ], [ 13.57295, 52.76797 ], [ 13.57328, 52.76798 ], [ 13.57345, 52.76792 ], [ 13.57336, 52.76776 ], [ 13.5732, 52.76768 ] ] ] } },
{ "type": "Feature", "properties": { "boden": "100 % mittel, mäßig frisch (M2)" }, "geometry": { "type": "Polygon", "coordinates": [ [ [ 13.56986, 52.76686 ], [ 13.57018, 52.76725 ], [ 13.57163, 52.76805 ], [ 13.57198, 52.76835 ], [ 13.57327, 52.76872 ], [ 13.57368, 52.76863 ], [ 13.57594, 52.76895 ], [ 13.576, 52.76906 ], [ 13.57619, 52.76902 ], [ 13.57677, 52.76908 ], [ 13.57676, 52.7692 ], [ 13.57751, 52.76903 ], [ 13.57798, 52.76898 ], [ 13.57875, 52.76913 ], [ 13.58006, 52.76921 ], [ 13.57992, 52.76909 ], [ 13.57999, 52.76897 ], [ 13.58027, 52.76888 ], [ 13.5805, 52.76888 ], [ 13.58117, 52.76908 ], [ 13.58134, 52.76928 ], [ 13.58159, 52.7692 ], [ 13.58242, 52.76906 ], [ 13.58275, 52.76896 ], [ 13.58293, 52.76882 ], [ 13.58293, 52.7687 ], [ 13.5826, 52.76854 ], [ 13.58196, 52.76856 ], [ 13.58125, 52.76868 ], [ 13.58099, 52.76861 ], [ 13.58076, 52.76841 ], [ 13.58068, 52.7684 ], [ 13.57948, 52.76861 ], [ 13.57801, 52.76871 ], [ 13.57686, 52.76862 ], [ 13.57628, 52.76844 ], [ 13.57573, 52.7685 ], [ 13.57561, 52.76829 ], [ 13.57531, 52.7682 ], [ 13.57329, 52.76815 ], [ 13.57251, 52.7679 ], [ 13.57179, 52.7676 ], [ 13.57064, 52.76697 ], [ 13.57018, 52.76701 ], [ 13.57005, 52.76697 ], [ 13.5699, 52.76683 ], [ 13.56986, 52.76686 ] ] ] } },
{ "type": "Feature", "properties": { "boden": "100 % mittel, mäßig frisch (M2)" }, "geometry": { "type": "Polygon", "coordinates": [ [ [ 13.57044, 52.76906 ], [ 13.5694, 52.76841 ], [ 13.56922, 52.76835 ], [ 13.56898, 52.76852 ], [ 13.56916, 52.76882 ], [ 13.56981, 52.76927 ], [ 13.57034, 52.76916 ], [ 13.57044, 52.76906 ] ] ] } },
{ "type": "Feature", "properties": { "boden": "100 % mittel, mäßig frisch (M2)" }, "geometry": { "type": "Polygon", "coordinates": [ [ [ 13.56907, 52.77128 ], [ 13.56949, 52.77112 ], [ 13.5693, 52.77089 ], [ 13.56876, 52.77045 ], [ 13.56802, 52.77008 ], [ 13.56737, 52.76963 ], [ 13.56723, 52.76937 ], [ 13.56719, 52.769 ], [ 13.56733, 52.76864 ], [ 13.56802, 52.76776 ], [ 13.56837, 52.76756 ], [ 13.56824, 52.76745 ], [ 13.56848, 52.76554 ], [ 13.56861, 52.76537 ], [ 13.56877, 52.76493 ], [ 13.56896, 52.76405 ], [ 13.56881, 52.76409 ], [ 13.56849, 52.76408 ], [ 13.56809, 52.76383 ], [ 13.56827, 52.76338 ], [ 13.56815, 52.76337 ], [ 13.56786, 52.76399 ], [ 13.56753, 52.76411 ], [ 13.56743, 52.76432 ], [ 13.56793, 52.76413 ], [ 13.56834, 52.76408 ], [ 13.56848, 52.76414 ], [ 13.56855, 52.76435 ], [ 13.56842, 52.76465 ], [ 13.56816, 52.76486 ], [ 13.56822, 52.765 ], [ 13.56818, 52.76517 ], [ 13.56804, 52.76529 ], [ 13.56736, 52.76534 ], [ 13.5676, 52.76484 ], [ 13.56749, 52.7649 ], [ 13.56748, 52.76505 ], [ 13.5673, 52.7653 ], [ 13.56734, 52.76558 ], [ 13.56773, 52.76571 ], [ 13.56789, 52.76584 ], [ 13.56796, 52.76603 ], [ 13.56753, 52.76704 ], [ 13.56718, 52.76724 ], [ 13.56678, 52.76783 ], [ 13.5663, 52.76837 ], [ 13.56603, 52.76851 ], [ 13.56547, 52.76855 ], [ 13.56539, 52.76859 ], [ 13.56592, 52.76883 ], [ 13.5658, 52.76923 ], [ 13.56579, 52.76962 ], [ 13.56617, 52.77045 ], [ 13.56664, 52.77088 ], [ 13.56735, 52.77117 ], [ 13.56761, 52.77135 ], [ 13.56785, 52.77175 ], [ 13.56797, 52.77238 ], [ 13.56843, 52.77297 ], [ 13.56884, 52.77306 ], [ 13.56928, 52.77333 ], [ 13.56961, 52.77366 ], [ 13.57011, 52.77431 ], [ 13.57031, 52.77447 ], [ 13.57159, 52.77495 ], [ 13.57206, 52.77503 ], [ 13.57248, 52.77515 ], [ 13.57028, 52.77437 ], [ 13.57038, 52.77416 ], [ 13.56954, 52.77333 ], [ 13.56879, 52.77284 ], [ 13.56836, 52.77198 ], [ 13.568, 52.77149 ], [ 13.56831, 52.7714 ], [ 13.56788, 52.77132 ], [ 13.56684, 52.77049 ], [ 13.56665, 52.76938 ], [ 13.56699, 52.76943 ], [ 13.56727, 52.76995 ], [ 13.56907, 52.77128 ] ] ] } },
{ "type": "Feature", "properties": { "boden": "100 % mittel, mäßig frisch (M2)" }, "geometry": { "type": "Polygon", "coordinates": [ [ [ 13.58236, 52.77553 ], [ 13.58263, 52.77529 ], [ 13.58271, 52.77508 ], [ 13.58272, 52.77483 ], [ 13.58284, 52.77468 ], [ 13.58298, 52.77465 ], [ 13.58342, 52.77473 ], [ 13.58353, 52.7749 ], [ 13.58491, 52.77408 ], [ 13.58731, 52.7732 ], [ 13.58709, 52.77319 ], [ 13.5865, 52.77301 ], [ 13.58615, 52.77313 ], [ 13.58516, 52.77328 ], [ 13.58464, 52.77321 ], [ 13.58449, 52.77315 ], [ 13.5843, 52.77295 ], [ 13.58423, 52.77273 ], [ 13.58423, 52.7724 ], [ 13.58437, 52.77232 ], [ 13.58491, 52.77224 ], [ 13.58521, 52.7721 ], [ 13.58535, 52.77216 ], [ 13.58529, 52.77258 ], [ 13.5854, 52.77268 ], [ 13.58607, 52.77266 ], [ 13.58716, 52.77253 ], [ 13.58783, 52.77263 ], [ 13.58803, 52.77171 ], [ 13.58788, 52.77169 ], [ 13.58745, 52.7713 ], [ 13.58732, 52.77109 ], [ 13.58721, 52.77044 ], [ 13.58752, 52.77025 ], [ 13.58753, 52.77 ], [ 13.5884, 52.76908 ], [ 13.58911, 52.76845 ], [ 13.58726, 52.76859 ], [ 13.58669, 52.76885 ], [ 13.58621, 52.76897 ], [ 13.58608, 52.76922 ], [ 13.58585, 52.76947 ], [ 13.58536, 52.76983 ], [ 13.58519, 52.76991 ], [ 13.58484, 52.76992 ], [ 13.58455, 52.76982 ], [ 13.58441, 52.76961 ], [ 13.58431, 52.76912 ], [ 13.58434, 52.76898 ], [ 13.58449, 52.76881 ], [ 13.58378, 52.76887 ], [ 13.58209, 52.76743 ], [ 13.58054, 52.76739 ], [ 13.57836, 52.76742 ], [ 13.57809, 52.76596 ], [ 13.57157, 52.766 ], [ 13.57154, 52.76583 ], [ 13.57153, 52.76637 ], [ 13.57196, 52.76666 ], [ 13.57206, 52.7668 ], [ 13.57195, 52.76719 ], [ 13.57183, 52.76734 ], [ 13.57166, 52.76738 ], [ 13.57146, 52.76734 ], [ 13.57122, 52.76721 ], [ 13.57094, 52.76699 ], [ 13.57077, 52.7667 ], [ 13.57076, 52.76619 ], [ 13.57099, 52.76559 ], [ 13.57096, 52.76538 ], [ 13.57085, 52.76522 ], [ 13.57012, 52.76524 ], [ 13.57017, 52.76569 ], [ 13.56985, 52.76613 ], [ 13.56986, 52.76683 ], [ 13.57005, 52.76697 ], [ 13.57018, 52.76701 ], [ 13.57064, 52.76697 ], [ 13.57179, 52.7676 ], [ 13.57309, 52.7681 ], [ 13.57363, 52.76817 ], [ 13.57531, 52.7682 ], [ 13.57561, 52.76829 ], [ 13.57573, 52.7685 ], [ 13.57628, 52.76844 ], [ 13.57686, 52.76862 ], [ 13.57777, 52.7687 ], [ 13.57948, 52.76861 ], [ 13.58068, 52.7684 ], [ 13.58076, 52.76841 ], [ 13.58099, 52.76861 ], [ 13.58125, 52.76868 ], [ 13.58196, 52.76856 ], [ 13.5826, 52.76854 ], [ 13.58279, 52.76861 ], [ 13.58295, 52.76876 ], [ 13.58275, 52.76896 ], [ 13.58242, 52.76906 ], [ 13.58159, 52.7692 ], [ 13.58134, 52.76928 ], [ 13.58134, 52.7695 ], [ 13.58116, 52.76958 ], [ 13.58085, 52.76956 ], [ 13.58006, 52.76921 ], [ 13.57875, 52.76913 ], [ 13.57815, 52.769 ], [ 13.57776, 52.76898 ], [ 13.57676, 52.7692 ], [ 13.57675, 52.7693 ], [ 13.57654, 52.76949 ], [ 13.57612, 52.76965 ], [ 13.57585, 52.76954 ], [ 13.57527, 52.76982 ], [ 13.57468, 52.76996 ], [ 13.57408, 52.76991 ], [ 13.57412, 52.76997 ], [ 13.57404, 52.77008 ], [ 13.57386, 52.77012 ], [ 13.57369, 52.77007 ], [ 13.57362, 52.76996 ], [ 13.57369, 52.76986 ], [ 13.57387, 52.76982 ], [ 13.57344, 52.76958 ], [ 13.57334, 52.76995 ], [ 13.57234, 52.76965 ], [ 13.57152, 52.76946 ], [ 13.57044, 52.76906 ], [ 13.57034, 52.76916 ], [ 13.5702, 52.76921 ], [ 13.56981, 52.76927 ], [ 13.56916, 52.76882 ], [ 13.56898, 52.76852 ], [ 13.56922, 52.76835 ], [ 13.5694, 52.76841 ], [ 13.56884, 52.76805 ], [ 13.56839, 52.76796 ], [ 13.56803, 52.76777 ], [ 13.56752, 52.76837 ], [ 13.56723, 52.76886 ], [ 13.56719, 52.769 ], [ 13.56729, 52.76953 ], [ 13.56802, 52.77008 ], [ 13.56876, 52.77045 ], [ 13.5693, 52.77089 ], [ 13.56949, 52.77112 ], [ 13.56955, 52.77109 ], [ 13.56884, 52.77042 ], [ 13.56832, 52.77019 ], [ 13.56793, 52.76977 ], [ 13.56778, 52.7695 ], [ 13.56754, 52.76864 ], [ 13.56769, 52.76847 ], [ 13.56798, 52.76835 ], [ 13.56815, 52.76822 ], [ 13.56832, 52.76821 ], [ 13.56848, 52.76832 ], [ 13.5687, 52.76878 ], [ 13.56871, 52.76902 ], [ 13.569, 52.76929 ], [ 13.56929, 52.76941 ], [ 13.56984, 52.76947 ], [ 13.56985, 52.7696 ], [ 13.56994, 52.76968 ], [ 13.57056, 52.76973 ], [ 13.57075, 52.76984 ], [ 13.57112, 52.76993 ], [ 13.57216, 52.77034 ], [ 13.57276, 52.77037 ], [ 13.57326, 52.77025 ], [ 13.57355, 52.77027 ], [ 13.57365, 52.77032 ], [ 13.57396, 52.77026 ], [ 13.57452, 52.77027 ], [ 13.57493, 52.77036 ], [ 13.5759, 52.76993 ], [ 13.57626, 52.76984 ], [ 13.57722, 52.76993 ], [ 13.57754, 52.77002 ], [ 13.57763, 52.77012 ], [ 13.57757, 52.77022 ], [ 13.57724, 52.77037 ], [ 13.57698, 52.77059 ], [ 13.57661, 52.77079 ], [ 13.57606, 52.77093 ], [ 13.5758, 52.77269 ], [ 13.57648, 52.77282 ], [ 13.5764, 52.77303 ], [ 13.57676, 52.77286 ], [ 13.5777, 52.77203 ], [ 13.57823, 52.77183 ], [ 13.57905, 52.77163 ], [ 13.57949, 52.77157 ], [ 13.57983, 52.77156 ], [ 13.5809, 52.77165 ], [ 13.58126, 52.77175 ], [ 13.58188, 52.77171 ], [ 13.58228, 52.77173 ], [ 13.58276, 52.77194 ], [ 13.58329, 52.77198 ], [ 13.58339, 52.77206 ], [ 13.58361, 52.7721 ], [ 13.58368, 52.77221 ], [ 13.5836, 52.77232 ], [ 13.58342, 52.77236 ], [ 13.58325, 52.77231 ], [ 13.58319, 52.77219 ], [ 13.58222, 52.77218 ], [ 13.5813, 52.77231 ], [ 13.5803, 52.7722 ], [ 13.58001, 52.77222 ], [ 13.57831, 52.77264 ], [ 13.5781, 52.77274 ], [ 13.57798, 52.77286 ], [ 13.57779, 52.77334 ], [ 13.57706, 52.77417 ], [ 13.57703, 52.77426 ], [ 13.57709, 52.77437 ], [ 13.5768, 52.77437 ], [ 13.57647, 52.77453 ], [ 13.57488, 52.77507 ], [ 13.57394, 52.77527 ], [ 13.57343, 52.77532 ], [ 13.57282, 52.77527 ], [ 13.57206, 52.77503 ], [ 13.57159, 52.77495 ], [ 13.57031, 52.77447 ], [ 13.57011, 52.77431 ], [ 13.56961, 52.77366 ], [ 13.56928, 52.77333 ], [ 13.56884, 52.77306 ], [ 13.56843, 52.77297 ], [ 13.56819, 52.77269 ], [ 13.56797, 52.77238 ], [ 13.56785, 52.77175 ], [ 13.56761, 52.77135 ], [ 13.56735, 52.77117 ], [ 13.56664, 52.77088 ], [ 13.56617, 52.77045 ], [ 13.56579, 52.76962 ], [ 13.5658, 52.76923 ], [ 13.56592, 52.76883 ], [ 13.56539, 52.76859 ], [ 13.56547, 52.76855 ], [ 13.56603, 52.76851 ], [ 13.5663, 52.76837 ], [ 13.56678, 52.76783 ], [ 13.56718, 52.76724 ], [ 13.56753, 52.76704 ], [ 13.56796, 52.76603 ], [ 13.56789, 52.76584 ], [ 13.56773, 52.76571 ], [ 13.56734, 52.76558 ], [ 13.5673, 52.7653 ], [ 13.56677, 52.76667 ], [ 13.56668, 52.76667 ], [ 13.56655, 52.76687 ], [ 13.56641, 52.76692 ], [ 13.56595, 52.76685 ], [ 13.56606, 52.76666 ], [ 13.56541, 52.76666 ], [ 13.5652, 52.76803 ], [ 13.56498, 52.76802 ], [ 13.56513, 52.76714 ], [ 13.56512, 52.76676 ], [ 13.5641, 52.76688 ], [ 13.56412, 52.76649 ], [ 13.56518, 52.76651 ], [ 13.56521, 52.76617 ], [ 13.56159, 52.76592 ], [ 13.56161, 52.76514 ], [ 13.55566, 52.76453 ], [ 13.55707, 52.76212 ], [ 13.55667, 52.76211 ], [ 13.55516, 52.76224 ], [ 13.55409, 52.76226 ], [ 13.55366, 52.76234 ], [ 13.55329, 52.76248 ], [ 13.55319, 52.76245 ], [ 13.55308, 52.76228 ], [ 13.55293, 52.76218 ], [ 13.5519, 52.76187 ], [ 13.55132, 52.76176 ], [ 13.55111, 52.76175 ], [ 13.55087, 52.76181 ], [ 13.5508, 52.76195 ], [ 13.55082, 52.76217 ], [ 13.55073, 52.7622 ], [ 13.55031, 52.76186 ], [ 13.54982, 52.76169 ], [ 13.54924, 52.76155 ], [ 13.54942, 52.76161 ], [ 13.54948, 52.76172 ], [ 13.54985, 52.76184 ], [ 13.55033, 52.76226 ], [ 13.55045, 52.76263 ], [ 13.5504, 52.76271 ], [ 13.55026, 52.76272 ], [ 13.54978, 52.76257 ], [ 13.54945, 52.76224 ], [ 13.5491, 52.76205 ], [ 13.549, 52.76193 ], [ 13.54901, 52.76177 ], [ 13.54887, 52.76177 ], [ 13.54877, 52.76208 ], [ 13.54895, 52.76237 ], [ 13.55033, 52.76363 ], [ 13.55024, 52.76371 ], [ 13.55027, 52.76373 ], [ 13.5508, 52.76352 ], [ 13.5513, 52.76353 ], [ 13.55126, 52.76361 ], [ 13.55111, 52.76368 ], [ 13.55041, 52.76385 ], [ 13.55045, 52.76389 ], [ 13.55065, 52.76385 ], [ 13.55076, 52.76411 ], [ 13.55222, 52.76522 ], [ 13.55276, 52.76551 ], [ 13.55404, 52.76644 ], [ 13.55497, 52.76723 ], [ 13.55554, 52.76758 ], [ 13.55598, 52.76742 ], [ 13.55629, 52.76739 ], [ 13.55688, 52.76745 ], [ 13.55801, 52.76769 ], [ 13.55841, 52.76769 ], [ 13.55894, 52.76754 ], [ 13.55971, 52.76725 ], [ 13.56007, 52.76718 ], [ 13.56113, 52.76721 ], [ 13.56171, 52.76737 ], [ 13.5622, 52.76762 ], [ 13.56239, 52.76755 ], [ 13.56286, 52.76747 ], [ 13.56311, 52.76754 ], [ 13.56316, 52.76746 ], [ 13.56332, 52.76749 ], [ 13.56343, 52.76742 ], [ 13.56367, 52.76741 ], [ 13.56388, 52.76732 ], [ 13.56411, 52.76736 ], [ 13.56415, 52.76747 ], [ 13.56407, 52.76761 ], [ 13.56386, 52.7677 ], [ 13.56332, 52.76781 ], [ 13.56306, 52.76792 ], [ 13.56285, 52.76814 ], [ 13.56286, 52.76823 ], [ 13.56304, 52.76846 ], [ 13.56302, 52.76833 ], [ 13.56316, 52.76839 ], [ 13.56343, 52.76841 ], [ 13.56352, 52.76863 ], [ 13.56351, 52.76877 ], [ 13.5634, 52.76884 ], [ 13.56315, 52.76865 ], [ 13.56305, 52.7691 ], [ 13.56331, 52.76898 ], [ 13.56347, 52.76899 ], [ 13.56361, 52.76907 ], [ 13.56371, 52.76927 ], [ 13.56356, 52.76946 ], [ 13.56356, 52.76956 ], [ 13.5632, 52.76952 ], [ 13.56288, 52.76964 ], [ 13.56286, 52.76973 ], [ 13.56306, 52.77014 ], [ 13.56365, 52.77057 ], [ 13.56445, 52.77102 ], [ 13.56458, 52.77094 ], [ 13.56471, 52.77106 ], [ 13.56481, 52.77134 ], [ 13.56501, 52.77157 ], [ 13.56457, 52.77147 ], [ 13.56445, 52.77163 ], [ 13.56461, 52.77156 ], [ 13.5649, 52.77166 ], [ 13.56598, 52.77286 ], [ 13.56608, 52.77283 ], [ 13.5667, 52.77352 ], [ 13.56671, 52.77372 ], [ 13.56632, 52.77413 ], [ 13.56628, 52.77427 ], [ 13.56642, 52.77447 ], [ 13.5683, 52.77579 ], [ 13.56912, 52.77533 ], [ 13.56866, 52.77479 ], [ 13.56924, 52.77459 ], [ 13.56838, 52.77386 ], [ 13.56818, 52.77335 ], [ 13.56801, 52.7731 ], [ 13.56754, 52.77296 ], [ 13.5674, 52.77274 ], [ 13.56701, 52.77242 ], [ 13.5666, 52.77189 ], [ 13.56571, 52.77125 ], [ 13.56529, 52.77033 ], [ 13.56528, 52.77006 ], [ 13.56537, 52.76993 ], [ 13.56556, 52.77001 ], [ 13.56568, 52.77016 ], [ 13.56568, 52.77046 ], [ 13.56574, 52.77056 ], [ 13.56694, 52.77136 ], [ 13.56739, 52.77175 ], [ 13.56755, 52.77196 ], [ 13.56769, 52.77241 ], [ 13.56823, 52.7731 ], [ 13.56896, 52.77363 ], [ 13.56995, 52.77458 ], [ 13.57007, 52.7746 ], [ 13.57024, 52.77456 ], [ 13.57072, 52.77493 ], [ 13.571, 52.77507 ], [ 13.57128, 52.77512 ], [ 13.57144, 52.77522 ], [ 13.57178, 52.77524 ], [ 13.57281, 52.7755 ], [ 13.57389, 52.77557 ], [ 13.57412, 52.77577 ], [ 13.57433, 52.7758 ], [ 13.5744, 52.77575 ], [ 13.57436, 52.77558 ], [ 13.57497, 52.77538 ], [ 13.57537, 52.77515 ], [ 13.57606, 52.77497 ], [ 13.57631, 52.77494 ], [ 13.57673, 52.77476 ], [ 13.57705, 52.77476 ], [ 13.57711, 52.7746 ], [ 13.57756, 52.77456 ], [ 13.57738, 52.7744 ], [ 13.57739, 52.77429 ], [ 13.57755, 52.77419 ], [ 13.57769, 52.77396 ], [ 13.578, 52.77388 ], [ 13.578, 52.77354 ], [ 13.57816, 52.77315 ], [ 13.57851, 52.77276 ], [ 13.5788, 52.77268 ], [ 13.57959, 52.77262 ], [ 13.58002, 52.77249 ], [ 13.58022, 52.77251 ], [ 13.58075, 52.77271 ], [ 13.58099, 52.77275 ], [ 13.58124, 52.7727 ], [ 13.58148, 52.77258 ], [ 13.58201, 52.7725 ], [ 13.58262, 52.77253 ], [ 13.58355, 52.77265 ], [ 13.58389, 52.7728 ], [ 13.58407, 52.77313 ], [ 13.58392, 52.77318 ], [ 13.58348, 52.77315 ], [ 13.58341, 52.77341 ], [ 13.58351, 52.77353 ], [ 13.58398, 52.77365 ], [ 13.5843, 52.77391 ], [ 13.58427, 52.774 ], [ 13.58401, 52.77405 ], [ 13.58389, 52.77413 ], [ 13.58355, 52.7741 ], [ 13.58356, 52.77385 ], [ 13.58339, 52.77366 ], [ 13.58294, 52.77347 ], [ 13.58254, 52.77338 ], [ 13.58238, 52.7734 ], [ 13.58221, 52.77357 ], [ 13.58199, 52.77367 ], [ 13.58134, 52.77374 ], [ 13.58103, 52.77385 ], [ 13.58087, 52.77334 ], [ 13.58074, 52.77319 ], [ 13.58027, 52.77312 ], [ 13.57982, 52.77315 ], [ 13.5795, 52.77331 ], [ 13.57932, 52.77385 ], [ 13.57875, 52.77412 ], [ 13.57816, 52.77476 ], [ 13.57771, 52.77491 ], [ 13.57696, 52.77536 ], [ 13.57928, 52.77696 ], [ 13.57956, 52.77686 ], [ 13.5802, 52.77633 ], [ 13.58236, 52.77553 ] ], [ [ 13.58065, 52.77519 ], [ 13.5806, 52.77541 ], [ 13.58021, 52.77543 ], [ 13.58016, 52.77519 ], [ 13.58027, 52.77504 ], [ 13.58048, 52.77503 ], [ 13.58065, 52.77519 ] ], [ [ 13.58216, 52.77508 ], [ 13.58223, 52.77522 ], [ 13.58206, 52.77537 ], [ 13.58164, 52.77546 ], [ 13.58143, 52.7754 ], [ 13.58136, 52.77528 ], [ 13.58149, 52.77514 ], [ 13.58186, 52.77505 ], [ 13.58216, 52.77508 ] ], [ [ 13.58491, 52.77348 ], [ 13.58512, 52.77359 ], [ 13.5856, 52.77365 ], [ 13.58567, 52.77371 ], [ 13.58556, 52.77378 ], [ 13.58544, 52.77378 ], [ 13.58515, 52.77368 ], [ 13.58474, 52.77361 ], [ 13.58462, 52.77354 ], [ 13.58459, 52.77345 ], [ 13.58465, 52.77342 ], [ 13.58491, 52.77348 ] ], [ [ 13.56536, 52.76905 ], [ 13.5653, 52.76941 ], [ 13.56522, 52.76949 ], [ 13.56508, 52.76936 ], [ 13.56505, 52.76904 ], [ 13.5652, 52.76895 ], [ 13.56531, 52.76894 ], [ 13.56536, 52.76905 ] ], [ [ 13.55311, 52.76527 ], [ 13.55341, 52.76563 ], [ 13.55343, 52.76585 ], [ 13.5533, 52.76584 ], [ 13.55316, 52.76577 ], [ 13.55255, 52.76531 ], [ 13.55276, 52.7652 ], [ 13.55293, 52.76519 ], [ 13.55311, 52.76527 ] ], [ [ 13.55875, 52.76541 ], [ 13.55867, 52.76551 ], [ 13.55849, 52.76555 ], [ 13.55832, 52.76551 ], [ 13.55825, 52.7654 ], [ 13.55832, 52.76529 ], [ 13.5585, 52.76525 ], [ 13.55868, 52.7653 ], [ 13.55875, 52.76541 ] ], [ [ 13.55333, 52.76385 ], [ 13.55305, 52.76404 ], [ 13.55255, 52.76413 ], [ 13.55241, 52.76409 ], [ 13.55245, 52.76399 ], [ 13.55302, 52.76376 ], [ 13.55333, 52.7637 ], [ 13.55338, 52.76373 ], [ 13.55333, 52.76385 ] ], [ [ 13.55272, 52.76307 ], [ 13.55273, 52.76317 ], [ 13.55243, 52.76336 ], [ 13.55221, 52.76345 ], [ 13.55205, 52.76345 ], [ 13.55204, 52.7634 ], [ 13.55232, 52.76323 ], [ 13.55229, 52.76313 ], [ 13.55236, 52.76307 ], [ 13.55257, 52.76301 ], [ 13.55272, 52.76307 ] ], [ [ 13.554, 52.76302 ], [ 13.55367, 52.76338 ], [ 13.55335, 52.76338 ], [ 13.55323, 52.76332 ], [ 13.55326, 52.76301 ], [ 13.55336, 52.76294 ], [ 13.55395, 52.76298 ], [ 13.554, 52.76302 ] ], [ [ 13.56658, 52.7672 ], [ 13.56658, 52.76738 ], [ 13.56641, 52.76777 ], [ 13.56622, 52.76792 ], [ 13.56597, 52.76795 ], [ 13.56598, 52.76776 ], [ 13.56622, 52.7672 ], [ 13.56633, 52.76709 ], [ 13.56644, 52.76707 ], [ 13.56658, 52.7672 ] ], [ [ 13.5867, 52.77182 ], [ 13.58689, 52.77194 ], [ 13.58688, 52.77203 ], [ 13.58656, 52.77207 ], [ 13.58637, 52.77202 ], [ 13.5863, 52.7719 ], [ 13.58633, 52.77178 ], [ 13.5867, 52.77182 ] ], [ [ 13.57651, 52.77224 ], [ 13.5764, 52.77252 ], [ 13.57616, 52.77256 ], [ 13.57604, 52.77252 ], [ 13.57596, 52.77241 ], [ 13.57602, 52.77223 ], [ 13.57639, 52.77218 ], [ 13.57651, 52.77224 ] ], [ [ 13.58221, 52.77097 ], [ 13.58241, 52.77105 ], [ 13.58252, 52.77117 ], [ 13.58249, 52.77127 ], [ 13.58205, 52.77132 ], [ 13.58157, 52.77147 ], [ 13.58119, 52.77153 ], [ 13.58046, 52.77144 ], [ 13.58032, 52.77132 ], [ 13.5804, 52.77105 ], [ 13.58019, 52.7705 ], [ 13.58026, 52.77027 ], [ 13.58043, 52.77017 ], [ 13.58054, 52.77016 ], [ 13.58109, 52.77054 ], [ 13.5812, 52.77067 ], [ 13.58118, 52.77072 ], [ 13.58093, 52.77075 ], [ 13.58096, 52.77088 ], [ 13.58169, 52.77096 ], [ 13.58221, 52.77097 ] ], [ [ 13.58675, 52.7697 ], [ 13.5869, 52.76986 ], [ 13.5869, 52.77015 ], [ 13.5866, 52.77046 ], [ 13.5862, 52.77102 ], [ 13.58591, 52.77134 ], [ 13.58569, 52.77146 ], [ 13.5852, 52.7715 ], [ 13.58501, 52.77135 ], [ 13.58496, 52.77112 ], [ 13.58506, 52.77099 ], [ 13.58546, 52.77073 ], [ 13.58555, 52.77049 ], [ 13.58555, 52.77021 ], [ 13.58619, 52.76969 ], [ 13.58639, 52.76966 ], [ 13.58675, 52.7697 ] ], [ [ 13.57937, 52.77002 ], [ 13.57951, 52.77021 ], [ 13.57941, 52.77033 ], [ 13.57908, 52.77039 ], [ 13.57891, 52.77035 ], [ 13.57882, 52.77024 ], [ 13.57888, 52.77007 ], [ 13.57915, 52.76996 ], [ 13.57937, 52.77002 ] ], [ [ 13.58311, 52.77027 ], [ 13.58338, 52.77056 ], [ 13.58337, 52.77068 ], [ 13.58323, 52.77074 ], [ 13.58263, 52.77071 ], [ 13.58223, 52.77053 ], [ 13.58212, 52.77042 ], [ 13.5821, 52.77031 ], [ 13.58225, 52.77023 ], [ 13.58297, 52.7702 ], [ 13.58311, 52.77027 ] ], [ [ 13.57955, 52.7707 ], [ 13.57961, 52.77082 ], [ 13.57955, 52.77114 ], [ 13.57941, 52.77128 ], [ 13.57863, 52.77116 ], [ 13.57822, 52.77104 ], [ 13.57857, 52.77085 ], [ 13.57867, 52.77071 ], [ 13.57882, 52.77065 ], [ 13.57914, 52.77064 ], [ 13.57955, 52.7707 ] ], [ [ 13.56786, 52.76827 ], [ 13.5677, 52.7682 ], [ 13.56804, 52.76786 ], [ 13.56832, 52.76802 ], [ 13.56786, 52.76827 ] ], [ [ 13.58227, 52.76965 ], [ 13.5822, 52.76976 ], [ 13.58203, 52.76981 ], [ 13.58175, 52.7698 ], [ 13.58167, 52.76976 ], [ 13.58178, 52.76961 ], [ 13.58208, 52.7696 ], [ 13.58227, 52.76965 ] ], [ [ 13.5732, 52.76768 ], [ 13.57336, 52.76776 ], [ 13.57345, 52.76792 ], [ 13.57328, 52.76798 ], [ 13.57295, 52.76797 ], [ 13.57263, 52.76786 ], [ 13.57212, 52.76755 ], [ 13.57214, 52.76751 ], [ 13.57228, 52.7675 ], [ 13.5732, 52.76768 ] ] ] } },
{ "type": "Feature", "properties": { "boden": "100 % mittel, trocken (vermutet) (M3)" }, "geometry": { "type": "Polygon", "coordinates": [ [ [ 13.56832, 52.77015 ], [ 13.56831, 52.76921 ], [ 13.57147, 52.77033 ], [ 13.5726, 52.77061 ], [ 13.57607, 52.77084 ], [ 13.57606, 52.77093 ], [ 13.57661, 52.77079 ], [ 13.57698, 52.77059 ], [ 13.57724, 52.77037 ], [ 13.57757, 52.77022 ], [ 13.57763, 52.77012 ], [ 13.57754, 52.77002 ], [ 13.57722, 52.76993 ], [ 13.57626, 52.76984 ], [ 13.5759, 52.76993 ], [ 13.57493, 52.77036 ], [ 13.57452, 52.77027 ], [ 13.57396, 52.77026 ], [ 13.57365, 52.77032 ], [ 13.57355, 52.77027 ], [ 13.57326, 52.77025 ], [ 13.57276, 52.77037 ], [ 13.57216, 52.77034 ], [ 13.57112, 52.76993 ], [ 13.57075, 52.76984 ], [ 13.57056, 52.76973 ], [ 13.56994, 52.76968 ], [ 13.56985, 52.7696 ], [ 13.56984, 52.76947 ], [ 13.56929, 52.76941 ], [ 13.569, 52.76929 ], [ 13.56871, 52.76902 ], [ 13.56863, 52.76856 ], [ 13.56848, 52.76832 ], [ 13.56832, 52.76821 ], [ 13.56809, 52.76824 ], [ 13.56798, 52.76835 ], [ 13.56769, 52.76847 ], [ 13.56754, 52.76864 ], [ 13.56778, 52.7695 ], [ 13.56793, 52.76977 ], [ 13.56832, 52.77015 ] ] ] } },
{ "type": "Feature", "properties": { "boden": "100 % mittel, trocken (vermutet) (M3)" }, "geometry": { "type": "Polygon", "coordinates": [ [ [ 13.58208, 52.7696 ], [ 13.58178, 52.76961 ], [ 13.58167, 52.76976 ], [ 13.58175, 52.7698 ], [ 13.58216, 52.76978 ], [ 13.58227, 52.76965 ], [ 13.58208, 52.7696 ] ] ] } },
{ "type": "Feature", "properties": { "boden": "60 % ziemlich arm, mäßig frisch (Z2) · 40 % mittel, mäßig frisch (M2)" }, "geometry": { "type": "Polygon", "coordinates": [ [ [ 13.55661, 52.76878 ], [ 13.55667, 52.76895 ], [ 13.55663, 52.76902 ], [ 13.55632, 52.76902 ], [ 13.55616, 52.76882 ], [ 13.55612, 52.76856 ], [ 13.55619, 52.76853 ], [ 13.55634, 52.76857 ], [ 13.55602, 52.76835 ], [ 13.55538, 52.76829 ], [ 13.55497, 52.7682 ], [ 13.55537, 52.76867 ], [ 13.55568, 52.76876 ], [ 13.5559, 52.76888 ], [ 13.55616, 52.76914 ], [ 13.55635, 52.76916 ], [ 13.55651, 52.76926 ], [ 13.55711, 52.76932 ], [ 13.55758, 52.76943 ], [ 13.55712, 52.76922 ], [ 13.55661, 52.76878 ] ] ] } },
{ "type": "Feature", "properties": { "boden": "60 % ziemlich arm, mäßig frisch (Z2) · 40 % mittel, mäßig frisch (M2)" }, "geometry": { "type": "Polygon", "coordinates": [ [ [ 13.55733, 52.76866 ], [ 13.55827, 52.76927 ], [ 13.55844, 52.76929 ], [ 13.55839, 52.76901 ], [ 13.55856, 52.76878 ], [ 13.55854, 52.76857 ], [ 13.55846, 52.76851 ], [ 13.55813, 52.76843 ], [ 13.55755, 52.76843 ], [ 13.55735, 52.76858 ], [ 13.55733, 52.76866 ] ] ] } },
{ "type": "Feature", "properties": { "boden": "100 % mittel, trocken (vermutet) (M3)" }, "geometry": { "type": "Polygon", "coordinates": [ [ [ 13.55449, 52.76879 ], [ 13.55425, 52.7689 ], [ 13.55426, 52.76904 ], [ 13.55436, 52.76911 ], [ 13.55448, 52.76911 ], [ 13.55473, 52.76901 ], [ 13.55479, 52.76894 ], [ 13.55462, 52.76882 ], [ 13.55449, 52.76879 ] ] ] } },
{ "type": "Feature", "properties": { "boden": "60 % ziemlich arm, mäßig frisch (Z2) · 40 % mittel, mäßig frisch (M2)" }, "geometry": { "type": "Polygon", "coordinates": [ [ [ 13.56288, 52.76964 ], [ 13.56305, 52.7691 ], [ 13.56287, 52.76909 ], [ 13.56272, 52.76901 ], [ 13.56237, 52.76864 ], [ 13.56237, 52.76859 ], [ 13.56258, 52.76847 ], [ 13.56264, 52.76836 ], [ 13.56284, 52.76835 ], [ 13.56286, 52.76823 ], [ 13.56232, 52.76767 ], [ 13.5622, 52.76762 ], [ 13.56198, 52.76776 ], [ 13.56197, 52.76787 ], [ 13.56179, 52.76799 ], [ 13.56111, 52.7682 ], [ 13.56039, 52.76835 ], [ 13.55957, 52.76861 ], [ 13.55919, 52.76865 ], [ 13.55897, 52.76883 ], [ 13.559, 52.76896 ], [ 13.5592, 52.76912 ], [ 13.55925, 52.76925 ], [ 13.55954, 52.76939 ], [ 13.5599, 52.76975 ], [ 13.56016, 52.76985 ], [ 13.56044, 52.77006 ], [ 13.56055, 52.77021 ], [ 13.56073, 52.77028 ], [ 13.56127, 52.77064 ], [ 13.56137, 52.77058 ], [ 13.56119, 52.77024 ], [ 13.56068, 52.76974 ], [ 13.56023, 52.76944 ], [ 13.56017, 52.76935 ], [ 13.55985, 52.76923 ], [ 13.56042, 52.76902 ], [ 13.56082, 52.76898 ], [ 13.5614, 52.7691 ], [ 13.56232, 52.76943 ], [ 13.56243, 52.76953 ], [ 13.56231, 52.76968 ], [ 13.56261, 52.76976 ], [ 13.56288, 52.76964 ] ] ] } },
{ "type": "Feature", "properties": { "boden": "100 % mittel, trocken (vermutet) (M3)" }, "geometry": { "type": "Polygon", "coordinates": [ [ [ 13.56531, 52.76894 ], [ 13.5652, 52.76895 ], [ 13.56505, 52.76904 ], [ 13.56508, 52.76936 ], [ 13.56522, 52.76949 ], [ 13.56533, 52.76931 ], [ 13.56531, 52.76894 ] ] ] } },
{ "type": "Feature", "properties": { "boden": "100 % mittel, mäßig frisch (M2)" }, "geometry": { "type": "Polygon", "coordinates": [ [ [ 13.56305, 52.7691 ], [ 13.56288, 52.76964 ], [ 13.5632, 52.76952 ], [ 13.56356, 52.76956 ], [ 13.56356, 52.76946 ], [ 13.56371, 52.76927 ], [ 13.56361, 52.76907 ], [ 13.56347, 52.76899 ], [ 13.5632, 52.76901 ], [ 13.56305, 52.7691 ] ] ] } },
{ "type": "Feature", "properties": { "boden": "100 % mittel, trocken (vermutet) (M3)" }, "geometry": { "type": "Polygon", "coordinates": [ [ [ 13.55139, 52.76925 ], [ 13.55073, 52.76888 ], [ 13.5505, 52.76888 ], [ 13.55046, 52.76891 ], [ 13.55042, 52.76915 ], [ 13.55052, 52.76928 ], [ 13.55089, 52.76937 ], [ 13.55138, 52.76966 ], [ 13.55158, 52.76969 ], [ 13.55164, 52.7696 ], [ 13.55157, 52.76942 ], [ 13.55139, 52.76925 ] ], [ [ 13.55103, 52.76913 ], [ 13.55097, 52.76923 ], [ 13.55078, 52.76928 ], [ 13.55059, 52.76922 ], [ 13.55053, 52.76912 ], [ 13.55062, 52.76901 ], [ 13.55079, 52.76897 ], [ 13.55095, 52.76901 ], [ 13.55103, 52.76913 ] ] ] } },
{ "type": "Feature", "properties": { "boden": "60 % ziemlich arm, trocken (vermutet) (Z3) · 40 % mittel, trocken (vermutet) (M3)" }, "geometry": { "type": "Polygon", "coordinates": [ [ [ 13.56294, 52.76991 ], [ 13.5626, 52.76985 ], [ 13.56171, 52.76949 ], [ 13.56089, 52.76924 ], [ 13.56066, 52.76914 ], [ 13.56086, 52.76903 ], [ 13.56059, 52.76904 ], [ 13.56051, 52.76914 ], [ 13.5603, 52.76921 ], [ 13.56025, 52.76938 ], [ 13.56069, 52.7697 ], [ 13.56087, 52.76991 ], [ 13.56151, 52.77014 ], [ 13.56197, 52.77014 ], [ 13.56194, 52.77008 ], [ 13.56177, 52.77001 ], [ 13.56189, 52.76992 ], [ 13.56275, 52.77002 ], [ 13.56299, 52.77 ], [ 13.56294, 52.76991 ] ] ] } },
{ "type": "Feature", "properties": { "boden": "60 % ziemlich arm, mäßig frisch (Z2) · 40 % mittel, mäßig frisch (M2)" }, "geometry": { "type": "Polygon", "coordinates": [ [ [ 13.56362, 52.77213 ], [ 13.56362, 52.77192 ], [ 13.56386, 52.77178 ], [ 13.56392, 52.7714 ], [ 13.56404, 52.77128 ], [ 13.56434, 52.7712 ], [ 13.56445, 52.77102 ], [ 13.56365, 52.77057 ], [ 13.56306, 52.77014 ], [ 13.56299, 52.77 ], [ 13.56241, 52.77 ], [ 13.56189, 52.76992 ], [ 13.56177, 52.77001 ], [ 13.56194, 52.77008 ], [ 13.56197, 52.77014 ], [ 13.56151, 52.77014 ], [ 13.56087, 52.76991 ], [ 13.56069, 52.7697 ], [ 13.56025, 52.76934 ], [ 13.5603, 52.76921 ], [ 13.56051, 52.76914 ], [ 13.56059, 52.76904 ], [ 13.56086, 52.76903 ], [ 13.56066, 52.76914 ], [ 13.56089, 52.76924 ], [ 13.56171, 52.76949 ], [ 13.5626, 52.76985 ], [ 13.56294, 52.76991 ], [ 13.56288, 52.76964 ], [ 13.56261, 52.76976 ], [ 13.5624, 52.76972 ], [ 13.56231, 52.76965 ], [ 13.56243, 52.76953 ], [ 13.56232, 52.76943 ], [ 13.5614, 52.7691 ], [ 13.56082, 52.76898 ], [ 13.56042, 52.76902 ], [ 13.55985, 52.76923 ], [ 13.56017, 52.76935 ], [ 13.56023, 52.76944 ], [ 13.56068, 52.76974 ], [ 13.56119, 52.77024 ], [ 13.56137, 52.77058 ], [ 13.56127, 52.77064 ], [ 13.56073, 52.77028 ], [ 13.56055, 52.77021 ], [ 13.56044, 52.77006 ], [ 13.56016, 52.76985 ], [ 13.5599, 52.76975 ], [ 13.55962, 52.76945 ], [ 13.55925, 52.76925 ], [ 13.55896, 52.76889 ], [ 13.55902, 52.76876 ], [ 13.55919, 52.76865 ], [ 13.55957, 52.76861 ], [ 13.56039, 52.76835 ], [ 13.56111, 52.7682 ], [ 13.56179, 52.76799 ], [ 13.56197, 52.76787 ], [ 13.56198, 52.76776 ], [ 13.5622, 52.76762 ], [ 13.56171, 52.76737 ], [ 13.56113, 52.76721 ], [ 13.56007, 52.76718 ], [ 13.55971, 52.76725 ], [ 13.55894, 52.76754 ], [ 13.55841, 52.76769 ], [ 13.55801, 52.76769 ], [ 13.55688, 52.76745 ], [ 13.55629, 52.76739 ], [ 13.55598, 52.76742 ], [ 13.55554, 52.76758 ], [ 13.55732, 52.76866 ], [ 13.55755, 52.76843 ], [ 13.55813, 52.76843 ], [ 13.55846, 52.76851 ], [ 13.55854, 52.76857 ], [ 13.55856, 52.76878 ], [ 13.55839, 52.76901 ], [ 13.55845, 52.76925 ], [ 13.5584, 52.7693 ], [ 13.55827, 52.76927 ], [ 13.55852, 52.76948 ], [ 13.55932, 52.76996 ], [ 13.56082, 52.77098 ], [ 13.56174, 52.77152 ], [ 13.56327, 52.77256 ], [ 13.56362, 52.77213 ] ], [ [ 13.56241, 52.77086 ], [ 13.5623, 52.77097 ], [ 13.56196, 52.77107 ], [ 13.56155, 52.77128 ], [ 13.56138, 52.77116 ], [ 13.56139, 52.7711 ], [ 13.56161, 52.77104 ], [ 13.56185, 52.77087 ], [ 13.56232, 52.77081 ], [ 13.56241, 52.77086 ] ], [ [ 13.56207, 52.77048 ], [ 13.56215, 52.77065 ], [ 13.56176, 52.7706 ], [ 13.56176, 52.77039 ], [ 13.56165, 52.77028 ], [ 13.56193, 52.77027 ], [ 13.5622, 52.77019 ], [ 13.56218, 52.77013 ], [ 13.56188, 52.77001 ], [ 13.56206, 52.76996 ], [ 13.56246, 52.7701 ], [ 13.56264, 52.7703 ], [ 13.5626, 52.77034 ], [ 13.5625, 52.77033 ], [ 13.56237, 52.77022 ], [ 13.56207, 52.77048 ] ] ] } },
{ "type": "Feature", "properties": { "boden": "60 % ziemlich arm, trocken (vermutet) (Z3) · 40 % mittel, trocken (vermutet) (M3)" }, "geometry": { "type": "Polygon", "coordinates": [ [ [ 13.55616, 52.76949 ], [ 13.55631, 52.76987 ], [ 13.55664, 52.7702 ], [ 13.55682, 52.77033 ], [ 13.55696, 52.77036 ], [ 13.55726, 52.77032 ], [ 13.55732, 52.77002 ], [ 13.5578, 52.76974 ], [ 13.55778, 52.76965 ], [ 13.55766, 52.76958 ], [ 13.55705, 52.76948 ], [ 13.55616, 52.76949 ] ] ] } },
{ "type": "Feature", "properties": { "boden": "100 % ziemlich arm, nass (OZ2)" }, "geometry": { "type": "Polygon", "coordinates": [ [ [ 13.54903, 52.76935 ], [ 13.54887, 52.76938 ], [ 13.54878, 52.7695 ], [ 13.54883, 52.76959 ], [ 13.54902, 52.76965 ], [ 13.54919, 52.76962 ], [ 13.54928, 52.7695 ], [ 13.5492, 52.76938 ], [ 13.54903, 52.76935 ] ] ] } },
{ "type": "Feature", "properties": { "boden": "100 % ziemlich arm, nass (OZ2)" }, "geometry": { "type": "Polygon", "coordinates": [ [ [ 13.54919, 52.7692 ], [ 13.54862, 52.76939 ], [ 13.54902, 52.7701 ], [ 13.5496, 52.76996 ], [ 13.54926, 52.76922 ], [ 13.54919, 52.7692 ] ], [ [ 13.54928, 52.7695 ], [ 13.54919, 52.76962 ], [ 13.54902, 52.76965 ], [ 13.54883, 52.76959 ], [ 13.54878, 52.7695 ], [ 13.54887, 52.76938 ], [ 13.54903, 52.76935 ], [ 13.5492, 52.76938 ], [ 13.54928, 52.7695 ] ] ] } },
{ "type": "Feature", "properties": { "boden": "40 % ziemlich arm, mäßig frisch (Z2) · 30 % mittel, mäßig frisch (M2) · 30 % mittel, mäßig frisch (M2)" }, "geometry": { "type": "Polygon", "coordinates": [ [ [ 13.53492, 52.76974 ], [ 13.53464, 52.7699 ], [ 13.53454, 52.77007 ], [ 13.53485, 52.77007 ], [ 13.5351, 52.76996 ], [ 13.53507, 52.76982 ], [ 13.53492, 52.76974 ] ] ] } },
{ "type": "Feature", "properties": { "boden": "100 % mittel, mäßig frisch (M2)" }, "geometry": { "type": "Polygon", "coordinates": [ [ [ 13.55087, 52.77024 ], [ 13.55093, 52.77002 ], [ 13.55087, 52.76993 ], [ 13.5506, 52.76984 ], [ 13.55037, 52.76989 ], [ 13.55031, 52.76995 ], [ 13.55049, 52.77011 ], [ 13.55062, 52.77039 ], [ 13.55065, 52.77028 ], [ 13.55076, 52.77023 ], [ 13.55087, 52.77024 ] ] ] } },
{ "type": "Feature", "properties": { "boden": "100 % ziemlich arm, mäßig frisch (Z2)" }, "geometry": { "type": "Polygon", "coordinates": [ [ [ 13.55049, 52.77011 ], [ 13.55031, 52.76995 ], [ 13.55019, 52.77005 ], [ 13.55017, 52.77022 ], [ 13.55035, 52.7705 ], [ 13.55065, 52.77067 ], [ 13.55062, 52.77039 ], [ 13.55049, 52.77011 ] ] ] } },
{ "type": "Feature", "properties": { "boden": "100 % ziemlich arm, mäßig frisch (Z2)" }, "geometry": { "type": "Polygon", "coordinates": [ [ [ 13.54723, 52.77072 ], [ 13.54725, 52.77062 ], [ 13.54744, 52.77057 ], [ 13.54683, 52.77029 ], [ 13.54678, 52.77006 ], [ 13.54734, 52.76996 ], [ 13.54704, 52.7698 ], [ 13.54669, 52.76977 ], [ 13.5465, 52.7698 ], [ 13.54632, 52.76993 ], [ 13.54628, 52.77015 ], [ 13.5468, 52.77059 ], [ 13.54652, 52.77075 ], [ 13.54608, 52.77074 ], [ 13.54599, 52.77078 ], [ 13.54662, 52.77081 ], [ 13.54673, 52.77076 ], [ 13.54698, 52.77081 ], [ 13.54711, 52.7708 ], [ 13.54723, 52.77072 ] ] ] } },
{ "type": "Feature", "properties": { "boden": "100 % mittel, nass (OM2)" }, "geometry": { "type": "Polygon", "coordinates": [ [ [ 13.54678, 52.77006 ], [ 13.54683, 52.77029 ], [ 13.54766, 52.77067 ], [ 13.54797, 52.77032 ], [ 13.54744, 52.77011 ], [ 13.54734, 52.76996 ], [ 13.54678, 52.77006 ] ] ] } },
{ "type": "Feature", "properties": { "boden": "100 % ziemlich arm, trocken (vermutet) (Z3)" }, "geometry": { "type": "Polygon", "coordinates": [ [ [ 13.54926, 52.77029 ], [ 13.54872, 52.77036 ], [ 13.54867, 52.77056 ], [ 13.54876, 52.77067 ], [ 13.54921, 52.77088 ], [ 13.5494, 52.7709 ], [ 13.54972, 52.77085 ], [ 13.54977, 52.77072 ], [ 13.54966, 52.77048 ], [ 13.54956, 52.77038 ], [ 13.54926, 52.77029 ] ] ] } },
{ "type": "Feature", "properties": { "boden": "100 % ziemlich arm, mäßig frisch (Z2)" }, "geometry": { "type": "Polygon", "coordinates": [ [ [ 13.54849, 52.77057 ], [ 13.54833, 52.7706 ], [ 13.54823, 52.77072 ], [ 13.54832, 52.77084 ], [ 13.54848, 52.77087 ], [ 13.54867, 52.77082 ], [ 13.54874, 52.77072 ], [ 13.54865, 52.77061 ], [ 13.54849, 52.77057 ] ] ] } },
{ "type": "Feature", "properties": { "boden": "100 % mittel, mäßig frisch (M2)" }, "geometry": { "type": "Polygon", "coordinates": [ [ [ 13.54744, 52.77057 ], [ 13.54723, 52.77064 ], [ 13.54717, 52.77119 ], [ 13.54751, 52.77121 ], [ 13.54767, 52.77128 ], [ 13.54766, 52.77067 ], [ 13.54744, 52.77057 ] ] ] } },
{ "type": "Feature", "properties": { "boden": "100 % mittel, mäßig frisch (M2)" }, "geometry": { "type": "Polygon", "coordinates": [ [ [ 13.51791, 52.76952 ], [ 13.5181, 52.76945 ], [ 13.51833, 52.76949 ], [ 13.51867, 52.76928 ], [ 13.51919, 52.76925 ], [ 13.51945, 52.76765 ], [ 13.5193, 52.76774 ], [ 13.51884, 52.76765 ], [ 13.5185, 52.76724 ], [ 13.51852, 52.76712 ], [ 13.51866, 52.76703 ], [ 13.51838, 52.76698 ], [ 13.51784, 52.76703 ], [ 13.51775, 52.76966 ], [ 13.51791, 52.76952 ] ] ] } },
{ "type": "Feature", "properties": { "boden": "60 % mittel, mäßig frisch (M2) · 40 % ziemlich arm, mäßig frisch (Z2)" }, "geometry": { "type": "Polygon", "coordinates": [ [ [ 13.52463, 52.76987 ], [ 13.52494, 52.76947 ], [ 13.52496, 52.76934 ], [ 13.52483, 52.76906 ], [ 13.52499, 52.76873 ], [ 13.52479, 52.7686 ], [ 13.52406, 52.76849 ], [ 13.52303, 52.76815 ], [ 13.52285, 52.76816 ], [ 13.52242, 52.76833 ], [ 13.52161, 52.76835 ], [ 13.52112, 52.76829 ], [ 13.52082, 52.76813 ], [ 13.52108, 52.76849 ], [ 13.52267, 52.76876 ], [ 13.52267, 52.7689 ], [ 13.52305, 52.76871 ], [ 13.5234, 52.76868 ], [ 13.52348, 52.76872 ], [ 13.52347, 52.76888 ], [ 13.52354, 52.76898 ], [ 13.52427, 52.76896 ], [ 13.52444, 52.76901 ], [ 13.52447, 52.76909 ], [ 13.5243, 52.76929 ], [ 13.52424, 52.76954 ], [ 13.52427, 52.76988 ], [ 13.5246, 52.76969 ], [ 13.52463, 52.76987 ] ] ] } },
{ "type": "Feature", "properties": { "boden": "60 % mittel, trocken (vermutet) (M3) · 40 % ziemlich arm, trocken (vermutet) (Z3)" }, "geometry": { "type": "Polygon", "coordinates": [ [ [ 13.5202, 52.76921 ], [ 13.52003, 52.76925 ], [ 13.52012, 52.76934 ], [ 13.5204, 52.76949 ], [ 13.52056, 52.76947 ], [ 13.52043, 52.76928 ], [ 13.5202, 52.76921 ] ] ] } },
{ "type": "Feature", "properties": { "boden": "100 % mittel, trocken (vermutet) (M3)" }, "geometry": { "type": "Polygon", "coordinates": [ [ [ 13.51919, 52.76925 ], [ 13.51867, 52.76928 ], [ 13.51833, 52.76949 ], [ 13.51866, 52.76954 ], [ 13.51904, 52.76947 ], [ 13.51918, 52.76928 ], [ 13.51919, 52.76925 ] ] ] } },
{ "type": "Feature", "properties": { "boden": "60 % mittel, trocken (vermutet) (M3) · 40 % ziemlich arm, trocken (vermutet) (Z3)" }, "geometry": { "type": "Polygon", "coordinates": [ [ [ 13.51919, 52.76925 ], [ 13.51904, 52.76947 ], [ 13.51866, 52.76954 ], [ 13.51833, 52.76949 ], [ 13.51832, 52.76958 ], [ 13.51878, 52.76974 ], [ 13.51936, 52.76984 ], [ 13.51939, 52.76947 ], [ 13.51959, 52.7693 ], [ 13.51919, 52.76925 ] ] ] } },
{ "type": "Feature", "properties": { "boden": "40 % ziemlich arm, mäßig frisch (Z2) · 30 % mittel, mäßig frisch (M2) · 30 % mittel, mäßig frisch (M2)" }, "geometry": { "type": "Polygon", "coordinates": [ [ [ 13.53156, 52.76971 ], [ 13.5314, 52.76974 ], [ 13.53131, 52.76986 ], [ 13.53136, 52.76996 ], [ 13.53155, 52.77001 ], [ 13.53175, 52.76996 ], [ 13.53181, 52.76987 ], [ 13.53175, 52.76977 ], [ 13.53156, 52.76971 ] ] ] } },
{ "type": "Feature", "properties": { "boden": "40 % ziemlich arm, mäßig frisch (Z2) · 30 % mittel, mäßig frisch (M2) · 30 % mittel, mäßig frisch (M2)" }, "geometry": { "type": "Polygon", "coordinates": [ [ [ 13.52768, 52.76969 ], [ 13.52748, 52.76975 ], [ 13.52747, 52.76983 ], [ 13.52769, 52.77004 ], [ 13.52803, 52.77002 ], [ 13.52824, 52.7699 ], [ 13.52828, 52.76984 ], [ 13.52822, 52.7698 ], [ 13.52768, 52.76969 ] ] ] } },
{ "type": "Feature", "properties": { "boden": "60 % mittel, trocken (vermutet) (M3) · 40 % ziemlich arm, trocken (vermutet) (Z3)" }, "geometry": { "type": "Polygon", "coordinates": [ [ [ 13.52165, 52.76936 ], [ 13.52107, 52.76949 ], [ 13.5209, 52.76957 ], [ 13.52112, 52.76985 ], [ 13.52134, 52.77003 ], [ 13.52145, 52.77037 ], [ 13.52158, 52.77041 ], [ 13.52177, 52.77038 ], [ 13.52213, 52.77023 ], [ 13.52233, 52.77009 ], [ 13.52252, 52.76985 ], [ 13.52251, 52.76979 ], [ 13.52225, 52.76967 ], [ 13.52193, 52.76939 ], [ 13.52165, 52.76936 ] ] ] } },
{ "type": "Feature", "properties": { "boden": "60 % mittel, mäßig frisch (M2) · 40 % ziemlich arm, mäßig frisch (Z2)" }, "geometry": { "type": "Polygon", "coordinates": [ [ [ 13.51798, 52.77182 ], [ 13.51833, 52.77176 ], [ 13.5197, 52.77182 ], [ 13.52064, 52.77176 ], [ 13.52105, 52.77184 ], [ 13.52119, 52.77198 ], [ 13.52115, 52.77203 ], [ 13.5204, 52.77231 ], [ 13.52035, 52.77268 ], [ 13.52023, 52.77288 ], [ 13.52047, 52.77317 ], [ 13.52074, 52.77336 ], [ 13.52099, 52.77396 ], [ 13.52191, 52.77382 ], [ 13.52243, 52.77336 ], [ 13.52241, 52.773 ], [ 13.52235, 52.77287 ], [ 13.52203, 52.7726 ], [ 13.52167, 52.77238 ], [ 13.52162, 52.77231 ], [ 13.5217, 52.77226 ], [ 13.52157, 52.77223 ], [ 13.52149, 52.77207 ], [ 13.52163, 52.77195 ], [ 13.52192, 52.77188 ], [ 13.52226, 52.7719 ], [ 13.52231, 52.77169 ], [ 13.52221, 52.77121 ], [ 13.52223, 52.77079 ], [ 13.52233, 52.77045 ], [ 13.52255, 52.77022 ], [ 13.52279, 52.77009 ], [ 13.52307, 52.76975 ], [ 13.52321, 52.76969 ], [ 13.52339, 52.76969 ], [ 13.5237, 52.76999 ], [ 13.52413, 52.76995 ], [ 13.52427, 52.76988 ], [ 13.52424, 52.76954 ], [ 13.5243, 52.76929 ], [ 13.52448, 52.76905 ], [ 13.52427, 52.76896 ], [ 13.52354, 52.76898 ], [ 13.52347, 52.76888 ], [ 13.52348, 52.76872 ], [ 13.5234, 52.76868 ], [ 13.52305, 52.76871 ], [ 13.52267, 52.7689 ], [ 13.52266, 52.76907 ], [ 13.52236, 52.7692 ], [ 13.52198, 52.76896 ], [ 13.52119, 52.76914 ], [ 13.52078, 52.76914 ], [ 13.52026, 52.76885 ], [ 13.51996, 52.76877 ], [ 13.51981, 52.76865 ], [ 13.51969, 52.76812 ], [ 13.51975, 52.76764 ], [ 13.51991, 52.76747 ], [ 13.52025, 52.76733 ], [ 13.52042, 52.7671 ], [ 13.52029, 52.76698 ], [ 13.51956, 52.76672 ], [ 13.51943, 52.76657 ], [ 13.51984, 52.7661 ], [ 13.51996, 52.76587 ], [ 13.52017, 52.76585 ], [ 13.52037, 52.76594 ], [ 13.52068, 52.76623 ], [ 13.52117, 52.76639 ], [ 13.52136, 52.76676 ], [ 13.52162, 52.76689 ], [ 13.52195, 52.76699 ], [ 13.52207, 52.7671 ], [ 13.52188, 52.76729 ], [ 13.52169, 52.76733 ], [ 13.52159, 52.7673 ], [ 13.5213, 52.7671 ], [ 13.52123, 52.76687 ], [ 13.52105, 52.76684 ], [ 13.52099, 52.76702 ], [ 13.52102, 52.76772 ], [ 13.52095, 52.76779 ], [ 13.5207, 52.76786 ], [ 13.52067, 52.76793 ], [ 13.52082, 52.76813 ], [ 13.52112, 52.76829 ], [ 13.52161, 52.76835 ], [ 13.52242, 52.76833 ], [ 13.52285, 52.76816 ], [ 13.52303, 52.76815 ], [ 13.52406, 52.76849 ], [ 13.52479, 52.7686 ], [ 13.52492, 52.76867 ], [ 13.525, 52.7688 ], [ 13.52483, 52.76906 ], [ 13.52494, 52.76927 ], [ 13.52494, 52.76947 ], [ 13.52463, 52.76987 ], [ 13.52468, 52.77017 ], [ 13.52495, 52.77071 ], [ 13.52563, 52.77121 ], [ 13.52604, 52.77116 ], [ 13.52664, 52.77122 ], [ 13.52531, 52.7701 ], [ 13.52523, 52.76991 ], [ 13.52532, 52.76972 ], [ 13.52526, 52.76921 ], [ 13.52535, 52.76865 ], [ 13.5255, 52.76825 ], [ 13.52594, 52.7683 ], [ 13.52698, 52.7682 ], [ 13.5281, 52.76774 ], [ 13.52742, 52.76798 ], [ 13.52736, 52.76797 ], [ 13.52734, 52.76784 ], [ 13.52744, 52.76774 ], [ 13.52779, 52.76762 ], [ 13.52826, 52.76761 ], [ 13.52883, 52.76718 ], [ 13.52916, 52.76709 ], [ 13.53202, 52.76669 ], [ 13.5342, 52.76622 ], [ 13.53539, 52.76588 ], [ 13.53529, 52.76566 ], [ 13.53467, 52.76557 ], [ 13.53445, 52.76549 ], [ 13.53395, 52.76518 ], [ 13.53401, 52.76505 ], [ 13.53421, 52.76496 ], [ 13.53506, 52.76514 ], [ 13.53499, 52.76499 ], [ 13.53461, 52.76491 ], [ 13.53451, 52.76482 ], [ 13.53449, 52.76458 ], [ 13.53455, 52.76445 ], [ 13.53475, 52.76442 ], [ 13.53425, 52.7633 ], [ 13.53361, 52.7633 ], [ 13.53297, 52.76339 ], [ 13.5334, 52.76346 ], [ 13.53348, 52.76351 ], [ 13.53345, 52.76355 ], [ 13.5332, 52.76367 ], [ 13.53238, 52.76378 ], [ 13.53212, 52.76387 ], [ 13.532, 52.76399 ], [ 13.53205, 52.76405 ], [ 13.5323, 52.76407 ], [ 13.53253, 52.76402 ], [ 13.53267, 52.76408 ], [ 13.53263, 52.7642 ], [ 13.53237, 52.76425 ], [ 13.53187, 52.76414 ], [ 13.53163, 52.76415 ], [ 13.53163, 52.76409 ], [ 13.53178, 52.76403 ], [ 13.53171, 52.76393 ], [ 13.53158, 52.764 ], [ 13.53129, 52.76401 ], [ 13.53033, 52.76368 ], [ 13.53017, 52.76366 ], [ 13.52971, 52.76387 ], [ 13.52926, 52.76383 ], [ 13.52873, 52.76365 ], [ 13.52835, 52.7636 ], [ 13.52819, 52.76361 ], [ 13.52822, 52.76372 ], [ 13.52773, 52.76392 ], [ 13.52734, 52.76376 ], [ 13.52622, 52.76401 ], [ 13.52559, 52.76409 ], [ 13.52424, 52.76401 ], [ 13.52499, 52.76452 ], [ 13.52511, 52.7648 ], [ 13.52533, 52.76498 ], [ 13.52609, 52.76512 ], [ 13.52678, 52.76541 ], [ 13.52678, 52.7656 ], [ 13.52661, 52.76599 ], [ 13.52665, 52.76714 ], [ 13.52656, 52.76735 ], [ 13.52637, 52.76749 ], [ 13.52639, 52.76769 ], [ 13.52627, 52.76775 ], [ 13.52575, 52.76769 ], [ 13.52539, 52.76783 ], [ 13.52499, 52.76788 ], [ 13.52478, 52.76787 ], [ 13.52465, 52.76781 ], [ 13.52456, 52.76759 ], [ 13.52457, 52.76746 ], [ 13.52467, 52.76738 ], [ 13.52492, 52.76739 ], [ 13.52513, 52.76749 ], [ 13.52569, 52.76761 ], [ 13.526, 52.7675 ], [ 13.52527, 52.76722 ], [ 13.52478, 52.76676 ], [ 13.52459, 52.7663 ], [ 13.52428, 52.76592 ], [ 13.52394, 52.76581 ], [ 13.5228, 52.76574 ], [ 13.52266, 52.76595 ], [ 13.52246, 52.76601 ], [ 13.52193, 52.76601 ], [ 13.52173, 52.76595 ], [ 13.52163, 52.76585 ], [ 13.52187, 52.76582 ], [ 13.52216, 52.76571 ], [ 13.51975, 52.76543 ], [ 13.51973, 52.76584 ], [ 13.51966, 52.76595 ], [ 13.51941, 52.76614 ], [ 13.51881, 52.76631 ], [ 13.51911, 52.76655 ], [ 13.5191, 52.76671 ], [ 13.5189, 52.76677 ], [ 13.51839, 52.76676 ], [ 13.51819, 52.76665 ], [ 13.51813, 52.76641 ], [ 13.51786, 52.76648 ], [ 13.51784, 52.76703 ], [ 13.51958, 52.76697 ], [ 13.51978, 52.76713 ], [ 13.51982, 52.76726 ], [ 13.51945, 52.76765 ], [ 13.51919, 52.76925 ], [ 13.51959, 52.7693 ], [ 13.51939, 52.76947 ], [ 13.51936, 52.76984 ], [ 13.51847, 52.76965 ], [ 13.51832, 52.76958 ], [ 13.51833, 52.76949 ], [ 13.5181, 52.76945 ], [ 13.51791, 52.76952 ], [ 13.51775, 52.76966 ], [ 13.51771, 52.7707 ], [ 13.51786, 52.77063 ], [ 13.51809, 52.77064 ], [ 13.51795, 52.77117 ], [ 13.51769, 52.77131 ], [ 13.51767, 52.77192 ], [ 13.51798, 52.77182 ] ], [ [ 13.52115, 52.7706 ], [ 13.52071, 52.7708 ], [ 13.52017, 52.77088 ], [ 13.51969, 52.77111 ], [ 13.51931, 52.77119 ], [ 13.51871, 52.7714 ], [ 13.51849, 52.77135 ], [ 13.51843, 52.77113 ], [ 13.51855, 52.77083 ], [ 13.51885, 52.77067 ], [ 13.51942, 52.77051 ], [ 13.51964, 52.77048 ], [ 13.52038, 52.77057 ], [ 13.52115, 52.77046 ], [ 13.52121, 52.77051 ], [ 13.52115, 52.7706 ] ], [ [ 13.51903, 52.77007 ], [ 13.51914, 52.77025 ], [ 13.51908, 52.77036 ], [ 13.51865, 52.77047 ], [ 13.5183, 52.77045 ], [ 13.51821, 52.77032 ], [ 13.5183, 52.77002 ], [ 13.51858, 52.76994 ], [ 13.51903, 52.77007 ] ], [ [ 13.52193, 52.76939 ], [ 13.52225, 52.76967 ], [ 13.52251, 52.76979 ], [ 13.52252, 52.76985 ], [ 13.52233, 52.77009 ], [ 13.52213, 52.77023 ], [ 13.52177, 52.77038 ], [ 13.52158, 52.77041 ], [ 13.52145, 52.77037 ], [ 13.52134, 52.77003 ], [ 13.52112, 52.76985 ], [ 13.5209, 52.76957 ], [ 13.52146, 52.76939 ], [ 13.52165, 52.76936 ], [ 13.52193, 52.76939 ] ], [ [ 13.52043, 52.76928 ], [ 13.52057, 52.76944 ], [ 13.52047, 52.7695 ], [ 13.52022, 52.76941 ], [ 13.52003, 52.76925 ], [ 13.5202, 52.76921 ], [ 13.52043, 52.76928 ] ], [ [ 13.52065, 52.77 ], [ 13.52057, 52.77019 ], [ 13.52035, 52.77027 ], [ 13.52025, 52.77026 ], [ 13.52017, 52.77016 ], [ 13.52029, 52.76998 ], [ 13.52048, 52.76994 ], [ 13.52065, 52.77 ] ], [ [ 13.52222, 52.76678 ], [ 13.522, 52.76678 ], [ 13.52179, 52.76666 ], [ 13.52175, 52.76646 ], [ 13.52181, 52.76633 ], [ 13.52211, 52.76623 ], [ 13.52248, 52.76629 ], [ 13.52281, 52.76626 ], [ 13.52323, 52.76612 ], [ 13.52329, 52.76596 ], [ 13.52344, 52.76596 ], [ 13.52356, 52.76601 ], [ 13.5234, 52.76646 ], [ 13.52326, 52.7666 ], [ 13.52296, 52.76671 ], [ 13.52256, 52.76662 ], [ 13.52222, 52.76678 ] ], [ [ 13.52396, 52.76686 ], [ 13.52387, 52.76698 ], [ 13.52376, 52.76702 ], [ 13.5235, 52.76702 ], [ 13.52342, 52.76698 ], [ 13.52342, 52.76691 ], [ 13.52357, 52.76676 ], [ 13.5237, 52.76671 ], [ 13.52393, 52.76671 ], [ 13.52396, 52.76686 ] ], [ [ 13.52268, 52.7675 ], [ 13.5228, 52.7676 ], [ 13.52282, 52.76773 ], [ 13.52253, 52.76803 ], [ 13.52211, 52.76816 ], [ 13.5217, 52.76815 ], [ 13.52188, 52.76797 ], [ 13.52199, 52.76752 ], [ 13.5224, 52.76741 ], [ 13.52268, 52.7675 ] ], [ [ 13.52481, 52.7682 ], [ 13.5249, 52.76829 ], [ 13.5249, 52.76841 ], [ 13.52453, 52.76838 ], [ 13.52415, 52.76823 ], [ 13.5242, 52.76817 ], [ 13.52448, 52.76814 ], [ 13.52481, 52.7682 ] ], [ [ 13.52791, 52.76606 ], [ 13.52816, 52.76645 ], [ 13.52819, 52.76663 ], [ 13.52799, 52.7668 ], [ 13.52773, 52.76685 ], [ 13.52745, 52.76675 ], [ 13.52719, 52.76656 ], [ 13.52704, 52.76635 ], [ 13.52714, 52.76623 ], [ 13.52764, 52.76599 ], [ 13.5278, 52.76599 ], [ 13.52791, 52.76606 ] ], [ [ 13.52974, 52.76626 ], [ 13.52917, 52.76663 ], [ 13.52902, 52.76663 ], [ 13.52924, 52.76634 ], [ 13.52966, 52.76625 ], [ 13.52974, 52.76626 ] ], [ [ 13.53312, 52.76603 ], [ 13.53309, 52.76617 ], [ 13.53276, 52.76627 ], [ 13.53236, 52.76624 ], [ 13.53224, 52.76616 ], [ 13.5323, 52.76608 ], [ 13.53257, 52.76602 ], [ 13.53312, 52.76603 ] ], [ [ 13.52936, 52.76555 ], [ 13.52941, 52.76563 ], [ 13.52934, 52.76569 ], [ 13.52908, 52.76581 ], [ 13.52878, 52.76587 ], [ 13.52843, 52.76572 ], [ 13.52799, 52.76564 ], [ 13.52782, 52.76549 ], [ 13.52767, 52.76523 ], [ 13.52785, 52.76517 ], [ 13.52821, 52.76521 ], [ 13.52894, 52.76541 ], [ 13.52911, 52.76542 ], [ 13.52936, 52.76555 ] ], [ [ 13.53078, 52.76511 ], [ 13.53097, 52.76526 ], [ 13.53092, 52.76537 ], [ 13.53011, 52.76557 ], [ 13.52992, 52.76558 ], [ 13.52981, 52.76553 ], [ 13.52984, 52.7653 ], [ 13.53001, 52.76517 ], [ 13.53051, 52.7651 ], [ 13.53078, 52.76511 ] ], [ [ 13.52866, 52.76452 ], [ 13.5296, 52.7647 ], [ 13.52971, 52.76477 ], [ 13.52973, 52.76485 ], [ 13.52954, 52.76513 ], [ 13.52936, 52.7652 ], [ 13.52912, 52.76522 ], [ 13.52853, 52.76506 ], [ 13.52787, 52.76499 ], [ 13.5277, 52.76489 ], [ 13.52762, 52.76474 ], [ 13.52768, 52.76458 ], [ 13.52806, 52.7645 ], [ 13.52866, 52.76452 ] ], [ [ 13.52628, 52.76462 ], [ 13.52608, 52.76471 ], [ 13.52594, 52.76466 ], [ 13.52606, 52.76458 ], [ 13.52614, 52.7644 ], [ 13.52626, 52.76434 ], [ 13.52663, 52.76429 ], [ 13.52707, 52.7646 ], [ 13.52702, 52.76463 ], [ 13.52664, 52.76459 ], [ 13.52628, 52.76462 ] ], [ [ 13.53124, 52.76432 ], [ 13.53132, 52.76469 ], [ 13.53126, 52.76483 ], [ 13.53102, 52.76486 ], [ 13.53068, 52.76476 ], [ 13.53052, 52.76466 ], [ 13.53049, 52.76455 ], [ 13.53058, 52.76436 ], [ 13.53097, 52.76422 ], [ 13.53113, 52.76421 ], [ 13.53124, 52.76432 ] ], [ [ 13.53011, 52.76401 ], [ 13.53036, 52.76411 ], [ 13.53041, 52.76428 ], [ 13.53014, 52.76441 ], [ 13.52981, 52.76444 ], [ 13.52944, 52.76443 ], [ 13.52874, 52.76428 ], [ 13.5286, 52.76405 ], [ 13.52868, 52.76392 ], [ 13.52926, 52.76393 ], [ 13.53011, 52.76401 ] ], [ [ 13.53274, 52.76458 ], [ 13.53289, 52.76477 ], [ 13.53282, 52.76491 ], [ 13.53239, 52.76497 ], [ 13.53217, 52.76491 ], [ 13.53209, 52.76472 ], [ 13.53224, 52.76454 ], [ 13.53237, 52.76449 ], [ 13.53274, 52.76458 ] ], [ [ 13.5332, 52.76473 ], [ 13.53359, 52.7649 ], [ 13.53371, 52.7653 ], [ 13.53396, 52.76546 ], [ 13.53407, 52.7656 ], [ 13.53404, 52.76566 ], [ 13.53393, 52.76569 ], [ 13.53295, 52.7657 ], [ 13.53202, 52.76579 ], [ 13.53162, 52.76576 ], [ 13.53152, 52.7656 ], [ 13.53163, 52.76541 ], [ 13.53233, 52.76527 ], [ 13.53288, 52.76508 ], [ 13.5331, 52.76491 ], [ 13.5332, 52.76473 ] ], [ [ 13.53425, 52.76391 ], [ 13.53431, 52.76396 ], [ 13.5343, 52.76414 ], [ 13.53408, 52.76443 ], [ 13.53386, 52.7645 ], [ 13.53355, 52.76451 ], [ 13.53322, 52.76442 ], [ 13.53309, 52.76414 ], [ 13.53319, 52.76405 ], [ 13.53378, 52.76386 ], [ 13.53425, 52.76391 ] ], [ [ 13.52685, 52.76503 ], [ 13.52689, 52.76513 ], [ 13.52672, 52.76517 ], [ 13.5266, 52.76516 ], [ 13.5264, 52.76505 ], [ 13.52632, 52.76494 ], [ 13.52643, 52.76491 ], [ 13.52665, 52.76494 ], [ 13.52685, 52.76503 ] ], [ [ 13.52198, 52.7727 ], [ 13.52186, 52.77296 ], [ 13.52165, 52.77315 ], [ 13.52137, 52.77315 ], [ 13.52104, 52.77308 ], [ 13.52106, 52.77288 ], [ 13.52122, 52.77278 ], [ 13.5218, 52.77265 ], [ 13.52198, 52.7727 ] ] ] } },
{ "type": "Feature", "properties": { "boden": "60 % mittel, mäßig frisch (M2) · 40 % ziemlich arm, mäßig frisch (Z2)" }, "geometry": { "type": "Polygon", "coordinates": [ [ [ 13.52048, 52.76994 ], [ 13.52035, 52.76995 ], [ 13.52019, 52.77007 ], [ 13.52017, 52.77016 ], [ 13.52025, 52.77026 ], [ 13.52046, 52.77025 ], [ 13.52065, 52.77012 ], [ 13.52065, 52.77 ], [ 13.52048, 52.76994 ] ] ] } },
{ "type": "Feature", "properties": { "boden": "100 % mittel, mäßig frisch (M2)" }, "geometry": { "type": "Polygon", "coordinates": [ [ [ 13.55213, 52.77026 ], [ 13.553, 52.76948 ], [ 13.5529, 52.76933 ], [ 13.55229, 52.76973 ], [ 13.55203, 52.77006 ], [ 13.55185, 52.77015 ], [ 13.55154, 52.77018 ], [ 13.55106, 52.7703 ], [ 13.55134, 52.77041 ], [ 13.55156, 52.77031 ], [ 13.55213, 52.77026 ] ] ] } },
{ "type": "Feature", "properties": { "boden": "100 % mittel, trocken (vermutet) (M3)" }, "geometry": { "type": "Polygon", "coordinates": [ [ [ 13.5551, 52.77011 ], [ 13.55576, 52.77011 ], [ 13.55584, 52.77005 ], [ 13.55572, 52.76997 ], [ 13.55532, 52.76999 ], [ 13.55513, 52.76985 ], [ 13.55486, 52.76979 ], [ 13.55477, 52.76984 ], [ 13.55461, 52.77023 ], [ 13.55469, 52.77025 ], [ 13.5551, 52.77011 ] ] ] } },
{ "type": "Feature", "properties": { "boden": "60 % ziemlich arm, mäßig frisch (Z2) · 40 % mittel, mäßig frisch (M2)" }, "geometry": { "type": "Polygon", "coordinates": [ [ [ 13.56233, 52.77024 ], [ 13.56242, 52.77023 ], [ 13.5625, 52.77033 ], [ 13.56263, 52.77033 ], [ 13.56259, 52.7702 ], [ 13.56226, 52.77001 ], [ 13.56206, 52.76996 ], [ 13.56188, 52.77001 ], [ 13.56221, 52.77015 ], [ 13.56193, 52.77027 ], [ 13.56165, 52.77028 ], [ 13.56176, 52.77039 ], [ 13.56176, 52.7706 ], [ 13.56215, 52.77065 ], [ 13.56207, 52.77048 ], [ 13.56233, 52.77024 ] ] ] } },
{ "type": "Feature", "properties": { "boden": "60 % kräftig, nass (OK3) · 20 % kräftig, nass (NK2) · 20 % mittel, nass (NM2)" }, "geometry": { "type": "Polygon", "coordinates": [ [ [ 13.55134, 52.77041 ], [ 13.55094, 52.77025 ], [ 13.55076, 52.77023 ], [ 13.55065, 52.77028 ], [ 13.55067, 52.77073 ], [ 13.55202, 52.77086 ], [ 13.55156, 52.77031 ], [ 13.55134, 52.77041 ] ] ] } },
{ "type": "Feature", "properties": { "boden": "60 % ziemlich arm, trocken (vermutet) (Z3) · 40 % mittel, trocken (vermutet) (M3)" }, "geometry": { "type": "Polygon", "coordinates": [ [ [ 13.56232, 52.77081 ], [ 13.56185, 52.77087 ], [ 13.56161, 52.77104 ], [ 13.56139, 52.7711 ], [ 13.56138, 52.77116 ], [ 13.56148, 52.77126 ], [ 13.56161, 52.77126 ], [ 13.56196, 52.77107 ], [ 13.5623, 52.77097 ], [ 13.56241, 52.77086 ], [ 13.56232, 52.77081 ] ] ] } },
{ "type": "Feature", "properties": { "boden": "100 % ziemlich arm, trocken (vermutet) (Z3)" }, "geometry": { "type": "Polygon", "coordinates": [ [ [ 13.55448, 52.77096 ], [ 13.55418, 52.77094 ], [ 13.55416, 52.77099 ], [ 13.55423, 52.77119 ], [ 13.55429, 52.77127 ], [ 13.55457, 52.77133 ], [ 13.55448, 52.77096 ] ] ] } },
{ "type": "Feature", "properties": { "boden": "100 % mittel, trocken (vermutet) (M3)" }, "geometry": { "type": "Polygon", "coordinates": [ [ [ 13.55457, 52.77133 ], [ 13.55481, 52.77136 ], [ 13.55504, 52.77131 ], [ 13.55509, 52.77115 ], [ 13.55501, 52.77104 ], [ 13.55448, 52.77096 ], [ 13.55457, 52.77133 ] ] ] } },
{ "type": "Feature", "properties": { "boden": "100 % mittel, mäßig frisch (M2)" }, "geometry": { "type": "Polygon", "coordinates": [ [ [ 13.56453, 52.77149 ], [ 13.56468, 52.77147 ], [ 13.56501, 52.77157 ], [ 13.56458, 52.77094 ], [ 13.56445, 52.77102 ], [ 13.56453, 52.77106 ], [ 13.56421, 52.7717 ], [ 13.56428, 52.77172 ], [ 13.56445, 52.77163 ], [ 13.56453, 52.77149 ] ] ] } },
{ "type": "Feature", "properties": { "boden": "60 % ziemlich arm, mäßig frisch (Z2) · 40 % mittel, mäßig frisch (M2)" }, "geometry": { "type": "Polygon", "coordinates": [ [ [ 13.55801, 52.76962 ], [ 13.55711, 52.76932 ], [ 13.55651, 52.76926 ], [ 13.55635, 52.76916 ], [ 13.55606, 52.76909 ], [ 13.55616, 52.76949 ], [ 13.55638, 52.76947 ], [ 13.55738, 52.76951 ], [ 13.55766, 52.76958 ], [ 13.55778, 52.76965 ], [ 13.5578, 52.76974 ], [ 13.55732, 52.77002 ], [ 13.55726, 52.77032 ], [ 13.55696, 52.77036 ], [ 13.55682, 52.77033 ], [ 13.55724, 52.77058 ], [ 13.55763, 52.77092 ], [ 13.55768, 52.77107 ], [ 13.55759, 52.77127 ], [ 13.55724, 52.77156 ], [ 13.55616, 52.77209 ], [ 13.55599, 52.77226 ], [ 13.55603, 52.77266 ], [ 13.55614, 52.77287 ], [ 13.55636, 52.77305 ], [ 13.55693, 52.77318 ], [ 13.55793, 52.77302 ], [ 13.55949, 52.77295 ], [ 13.56153, 52.77334 ], [ 13.56223, 52.7735 ], [ 13.56249, 52.77361 ], [ 13.56304, 52.77289 ], [ 13.56054, 52.77127 ], [ 13.55864, 52.77013 ], [ 13.55801, 52.76962 ] ], [ [ 13.55919, 52.77181 ], [ 13.5592, 52.77189 ], [ 13.55877, 52.77191 ], [ 13.55852, 52.77183 ], [ 13.55841, 52.77172 ], [ 13.55855, 52.77169 ], [ 13.55885, 52.77172 ], [ 13.55919, 52.77181 ] ] ] } },
{ "type": "Feature", "properties": { "boden": "60 % ziemlich arm, mäßig frisch (Z2) · 40 % mittel, mäßig frisch (M2)" }, "geometry": { "type": "Polygon", "coordinates": [ [ [ 13.56421, 52.7717 ], [ 13.56453, 52.77106 ], [ 13.56445, 52.77102 ], [ 13.56434, 52.7712 ], [ 13.56404, 52.77128 ], [ 13.56392, 52.7714 ], [ 13.56386, 52.77178 ], [ 13.56362, 52.77192 ], [ 13.56362, 52.77213 ], [ 13.56341, 52.7724 ], [ 13.5637, 52.77208 ], [ 13.56404, 52.77221 ], [ 13.56447, 52.77177 ], [ 13.56421, 52.7717 ] ] ] } },
{ "type": "Feature", "properties": { "boden": "60 % mittel, mäßig frisch (M2) · 40 % ziemlich arm, mäßig frisch (Z2)" }, "geometry": { "type": "Polygon", "coordinates": [ [ [ 13.51858, 52.76994 ], [ 13.51847, 52.76995 ], [ 13.51826, 52.77007 ], [ 13.51821, 52.77032 ], [ 13.5183, 52.77045 ], [ 13.5184, 52.77048 ], [ 13.519, 52.7704 ], [ 13.51913, 52.77031 ], [ 13.51913, 52.77018 ], [ 13.51903, 52.77007 ], [ 13.51858, 52.76994 ] ] ] } },
{ "type": "Feature", "properties": { "boden": "60 % mittel, mäßig frisch (M2) · 40 % ziemlich arm, mäßig frisch (Z2)" }, "geometry": { "type": "Polygon", "coordinates": [ [ [ 13.52255, 52.77022 ], [ 13.52233, 52.77045 ], [ 13.52223, 52.77079 ], [ 13.52221, 52.77121 ], [ 13.52231, 52.77169 ], [ 13.52256, 52.77058 ], [ 13.52279, 52.77009 ], [ 13.52255, 52.77022 ] ] ] } },
{ "type": "Feature", "properties": { "boden": "60 % mittel, trocken (vermutet) (M3) · 40 % ziemlich arm, trocken (vermutet) (Z3)" }, "geometry": { "type": "Polygon", "coordinates": [ [ [ 13.52121, 52.77051 ], [ 13.5211, 52.77045 ], [ 13.52082, 52.77053 ], [ 13.52038, 52.77057 ], [ 13.51952, 52.77049 ], [ 13.51885, 52.77067 ], [ 13.51849, 52.77091 ], [ 13.51843, 52.77113 ], [ 13.51849, 52.77135 ], [ 13.51871, 52.7714 ], [ 13.51931, 52.77119 ], [ 13.51969, 52.77111 ], [ 13.52017, 52.77088 ], [ 13.52083, 52.77077 ], [ 13.52115, 52.7706 ], [ 13.52121, 52.77051 ] ] ] } },
{ "type": "Feature", "properties": { "boden": "60 % mittel, mäßig frisch (M2) · 40 % ziemlich arm, mäßig frisch (Z2)" }, "geometry": { "type": "Polygon", "coordinates": [ [ [ 13.51809, 52.77064 ], [ 13.51786, 52.77063 ], [ 13.51771, 52.7707 ], [ 13.51769, 52.77131 ], [ 13.51785, 52.77126 ], [ 13.51802, 52.77104 ], [ 13.51808, 52.77077 ], [ 13.51809, 52.77064 ] ] ] } },
{ "type": "Feature", "properties": { "boden": "60 % kräftig, nass (OK3) · 40 % kräftig, nass (OK2)" }, "geometry": { "type": "Polygon", "coordinates": [ [ [ 13.52563, 52.77121 ], [ 13.52495, 52.77071 ], [ 13.52468, 52.77017 ], [ 13.5246, 52.76969 ], [ 13.52413, 52.76995 ], [ 13.5237, 52.76999 ], [ 13.52339, 52.76969 ], [ 13.52321, 52.76969 ], [ 13.52307, 52.76975 ], [ 13.52289, 52.76993 ], [ 13.52256, 52.77058 ], [ 13.52222, 52.77209 ], [ 13.52217, 52.77214 ], [ 13.52162, 52.77231 ], [ 13.52235, 52.77287 ], [ 13.52241, 52.773 ], [ 13.52243, 52.77336 ], [ 13.52191, 52.77382 ], [ 13.52212, 52.77378 ], [ 13.52264, 52.77354 ], [ 13.52327, 52.77315 ], [ 13.5238, 52.77277 ], [ 13.52428, 52.77218 ], [ 13.52496, 52.77249 ], [ 13.52535, 52.77243 ], [ 13.52553, 52.77199 ], [ 13.52604, 52.77116 ], [ 13.52563, 52.77121 ] ] ] } },
{ "type": "Feature", "properties": { "boden": "60 % mittel, mäßig frisch (M2) · 40 % ziemlich arm, mäßig frisch (Z2)" }, "geometry": { "type": "Polygon", "coordinates": [ [ [ 13.52224, 52.77189 ], [ 13.52192, 52.77188 ], [ 13.52163, 52.77195 ], [ 13.52149, 52.77207 ], [ 13.52157, 52.77223 ], [ 13.5217, 52.77226 ], [ 13.52217, 52.77214 ], [ 13.52224, 52.77189 ] ] ] } },
{ "type": "Feature", "properties": { "boden": "60 % mittel, mäßig frisch (M2) · 40 % ziemlich arm, mäßig frisch (Z2)" }, "geometry": { "type": "MultiPolygon", "coordinates": [ [ [ [ 13.51792, 52.77253 ], [ 13.51766, 52.77233 ], [ 13.51765, 52.77248 ], [ 13.51792, 52.77253 ] ] ], [ [ [ 13.51804, 52.77222 ], [ 13.51981, 52.77226 ], [ 13.52042, 52.77218 ], [ 13.5204, 52.77231 ], [ 13.52115, 52.77203 ], [ 13.52119, 52.77198 ], [ 13.52105, 52.77184 ], [ 13.52064, 52.77176 ], [ 13.5197, 52.77182 ], [ 13.51818, 52.77177 ], [ 13.51767, 52.77192 ], [ 13.51766, 52.7723 ], [ 13.51804, 52.77222 ] ] ] ] } },
{ "type": "Feature", "properties": { "boden": "60 % mittel, trocken (vermutet) (M3) · 40 % ziemlich arm, trocken (vermutet) (Z3)" }, "geometry": { "type": "Polygon", "coordinates": [ [ [ 13.5218, 52.77265 ], [ 13.52122, 52.77278 ], [ 13.52106, 52.77288 ], [ 13.52104, 52.77308 ], [ 13.52137, 52.77315 ], [ 13.52165, 52.77315 ], [ 13.52173, 52.7731 ], [ 13.52198, 52.77276 ], [ 13.52195, 52.77266 ], [ 13.5218, 52.77265 ] ] ] } },
{ "type": "Feature", "properties": { "boden": "60 % ziemlich arm, mäßig frisch (Z2) · 40 % mittel, mäßig frisch (M2)" }, "geometry": { "type": "Polygon", "coordinates": [ [ [ 13.55855, 52.77169 ], [ 13.55841, 52.77172 ], [ 13.55843, 52.77177 ], [ 13.55877, 52.77191 ], [ 13.55907, 52.77191 ], [ 13.55924, 52.77186 ], [ 13.55919, 52.77181 ], [ 13.55885, 52.77172 ], [ 13.55855, 52.77169 ] ] ] } },
{ "type": "Feature", "properties": { "boden": "100 % ziemlich arm, trocken (vermutet) (Z3)" }, "geometry": { "type": "Polygon", "coordinates": [ [ [ 13.5512, 52.77112 ], [ 13.55107, 52.77118 ], [ 13.55102, 52.77127 ], [ 13.55081, 52.77185 ], [ 13.55031, 52.77244 ], [ 13.55036, 52.77261 ], [ 13.55051, 52.77266 ], [ 13.551, 52.77262 ], [ 13.55127, 52.77223 ], [ 13.55152, 52.77156 ], [ 13.55139, 52.77123 ], [ 13.5512, 52.77112 ] ] ] } },
{ "type": "Feature", "properties": { "boden": "100 % mittel, trocken (vermutet) (M3)" }, "geometry": { "type": "Polygon", "coordinates": [ [ [ 13.55452, 52.77235 ], [ 13.55472, 52.77249 ], [ 13.55499, 52.77235 ], [ 13.55511, 52.77219 ], [ 13.55513, 52.77204 ], [ 13.55495, 52.77188 ], [ 13.55458, 52.77189 ], [ 13.55452, 52.77235 ] ] ] } },
{ "type": "Feature", "properties": { "boden": "100 % ziemlich arm, mäßig frisch (Z2)" }, "geometry": { "type": "Polygon", "coordinates": [ [ [ 13.55407, 52.77355 ], [ 13.5545, 52.77249 ], [ 13.55462, 52.77155 ], [ 13.55457, 52.77133 ], [ 13.55429, 52.77127 ], [ 13.55423, 52.77119 ], [ 13.55418, 52.77094 ], [ 13.55448, 52.77096 ], [ 13.55446, 52.77088 ], [ 13.55409, 52.76988 ], [ 13.55372, 52.7695 ], [ 13.55365, 52.77003 ], [ 13.55327, 52.77101 ], [ 13.55337, 52.77132 ], [ 13.55312, 52.77127 ], [ 13.5531, 52.7719 ], [ 13.55385, 52.77227 ], [ 13.55393, 52.77258 ], [ 13.55382, 52.77271 ], [ 13.55353, 52.77265 ], [ 13.55327, 52.77377 ], [ 13.55256, 52.77419 ], [ 13.55241, 52.77466 ], [ 13.55227, 52.77474 ], [ 13.55281, 52.77481 ], [ 13.55293, 52.77438 ], [ 13.55312, 52.77422 ], [ 13.55364, 52.7741 ], [ 13.55397, 52.7741 ], [ 13.55407, 52.77355 ] ] ] } },
{ "type": "Feature", "properties": { "boden": "100 % ziemlich arm, mäßig frisch (Z2)" }, "geometry": { "type": "Polygon", "coordinates": [ [ [ 13.5531, 52.77203 ], [ 13.55357, 52.77244 ], [ 13.55353, 52.77265 ], [ 13.55366, 52.7727 ], [ 13.55387, 52.77269 ], [ 13.55393, 52.77258 ], [ 13.55385, 52.77227 ], [ 13.5531, 52.7719 ], [ 13.5531, 52.77203 ] ] ] } },
{ "type": "Feature", "properties": { "boden": "60 % kräftig, nass (OK3) · 20 % kräftig, nass (NK2) · 20 % mittel, nass (NM2)" }, "geometry": { "type": "Polygon", "coordinates": [ [ [ 13.55241, 52.77466 ], [ 13.55256, 52.77419 ], [ 13.55327, 52.77377 ], [ 13.55357, 52.77244 ], [ 13.5531, 52.77203 ], [ 13.55312, 52.77127 ], [ 13.55337, 52.77132 ], [ 13.55327, 52.77101 ], [ 13.55365, 52.77003 ], [ 13.55377, 52.76893 ], [ 13.55278, 52.76914 ], [ 13.553, 52.76948 ], [ 13.55213, 52.77026 ], [ 13.55251, 52.77041 ], [ 13.55229, 52.77083 ], [ 13.55264, 52.7708 ], [ 13.55264, 52.77121 ], [ 13.55226, 52.77116 ], [ 13.55223, 52.77127 ], [ 13.55252, 52.77175 ], [ 13.55252, 52.77208 ], [ 13.55227, 52.77245 ], [ 13.55222, 52.77271 ], [ 13.55182, 52.77312 ], [ 13.55182, 52.77361 ], [ 13.55152, 52.77423 ], [ 13.55108, 52.77447 ], [ 13.55053, 52.77449 ], [ 13.55003, 52.7744 ], [ 13.54903, 52.77392 ], [ 13.54919, 52.77439 ], [ 13.54943, 52.77456 ], [ 13.54962, 52.77464 ], [ 13.54973, 52.77477 ], [ 13.54945, 52.77518 ], [ 13.54951, 52.77554 ], [ 13.54909, 52.77576 ], [ 13.54857, 52.77643 ], [ 13.5486, 52.7765 ], [ 13.54959, 52.77665 ], [ 13.54966, 52.77627 ], [ 13.5495, 52.77607 ], [ 13.55002, 52.7758 ], [ 13.55067, 52.77583 ], [ 13.55115, 52.77539 ], [ 13.55241, 52.77466 ] ] ] } },
{ "type": "Feature", "properties": { "boden": "100 % mittel, trocken (vermutet) (M3)" }, "geometry": { "type": "Polygon", "coordinates": [ [ [ 13.55625, 52.77296 ], [ 13.55611, 52.7728 ], [ 13.55598, 52.77296 ], [ 13.55569, 52.77316 ], [ 13.55562, 52.7734 ], [ 13.5557, 52.77348 ], [ 13.55619, 52.77305 ], [ 13.55625, 52.77296 ] ] ] } },
{ "type": "Feature", "properties": { "boden": "80 % ziemlich arm, mäßig frisch (Z2) · 20 % ziemlich arm, frisch (Z1)" }, "geometry": { "type": "Polygon", "coordinates": [ [ [ 13.5627, 52.77416 ], [ 13.56229, 52.77461 ], [ 13.56254, 52.77459 ], [ 13.56325, 52.77465 ], [ 13.56389, 52.77456 ], [ 13.5643, 52.77462 ], [ 13.5627, 52.77416 ] ] ] } },
{ "type": "Feature", "properties": { "boden": "100 % mittel, trocken (vermutet) (M3)" }, "geometry": { "type": "Polygon", "coordinates": [ [ [ 13.55547, 52.77386 ], [ 13.55534, 52.77396 ], [ 13.55532, 52.77443 ], [ 13.5552, 52.77464 ], [ 13.55528, 52.77477 ], [ 13.55541, 52.77479 ], [ 13.55551, 52.77424 ], [ 13.55578, 52.77394 ], [ 13.55566, 52.77387 ], [ 13.55547, 52.77386 ] ] ] } },
{ "type": "Feature", "properties": { "boden": "100 % mittel, trocken (vermutet) (M3)" }, "geometry": { "type": "Polygon", "coordinates": [ [ [ 13.55397, 52.7741 ], [ 13.55389, 52.77475 ], [ 13.55414, 52.77451 ], [ 13.55422, 52.77431 ], [ 13.55415, 52.77416 ], [ 13.55397, 52.7741 ] ] ] } },
{ "type": "Feature", "properties": { "boden": "100 % ziemlich arm, mäßig frisch (Z2)" }, "geometry": { "type": "Polygon", "coordinates": [ [ [ 13.54717, 52.77119 ], [ 13.54689, 52.77101 ], [ 13.54664, 52.77096 ], [ 13.54622, 52.7711 ], [ 13.54608, 52.77125 ], [ 13.54628, 52.77146 ], [ 13.54651, 52.7716 ], [ 13.54717, 52.77183 ], [ 13.54717, 52.77119 ] ] ] } },
{ "type": "Feature", "properties": { "boden": "100 % mittel, mäßig frisch (M2)" }, "geometry": { "type": "Polygon", "coordinates": [ [ [ 13.5476, 52.77181 ], [ 13.54763, 52.77124 ], [ 13.54717, 52.77119 ], [ 13.54717, 52.77183 ], [ 13.54746, 52.77186 ], [ 13.5476, 52.77181 ] ] ] } },
{ "type": "Feature", "properties": { "boden": "100 % ziemlich arm, trocken (vermutet) (Z3)" }, "geometry": { "type": "Polygon", "coordinates": [ [ [ 13.54759, 52.77239 ], [ 13.54845, 52.77211 ], [ 13.54907, 52.7715 ], [ 13.5488, 52.77118 ], [ 13.54846, 52.7712 ], [ 13.54831, 52.77127 ], [ 13.54813, 52.77164 ], [ 13.54757, 52.77218 ], [ 13.54737, 52.7722 ], [ 13.54683, 52.772 ], [ 13.54673, 52.77201 ], [ 13.54669, 52.77206 ], [ 13.54678, 52.77223 ], [ 13.54759, 52.77239 ] ] ] } },
{ "type": "Feature", "properties": { "boden": "100 % mittel, mäßig frisch (M2)" }, "geometry": { "type": "Polygon", "coordinates": [ [ [ 13.5476, 52.77181 ], [ 13.54746, 52.77186 ], [ 13.54717, 52.77183 ], [ 13.54726, 52.77209 ], [ 13.54742, 52.77217 ], [ 13.54752, 52.77218 ], [ 13.54766, 52.77205 ], [ 13.54765, 52.77172 ], [ 13.5476, 52.77181 ] ] ] } },
{ "type": "Feature", "properties": { "boden": "100 % ziemlich arm, mäßig frisch (Z2)" }, "geometry": { "type": "Polygon", "coordinates": [ [ [ 13.55003, 52.77239 ], [ 13.55024, 52.77221 ], [ 13.55037, 52.77199 ], [ 13.55041, 52.7717 ], [ 13.5503, 52.77165 ], [ 13.54942, 52.77192 ], [ 13.54898, 52.77199 ], [ 13.54854, 52.77223 ], [ 13.54831, 52.77244 ], [ 13.54844, 52.77264 ], [ 13.54878, 52.77278 ], [ 13.54952, 52.77262 ], [ 13.55003, 52.77239 ] ], [ [ 13.54919, 52.77224 ], [ 13.5491, 52.77235 ], [ 13.54893, 52.77239 ], [ 13.54874, 52.77233 ], [ 13.54869, 52.77223 ], [ 13.54878, 52.77212 ], [ 13.54894, 52.77208 ], [ 13.5491, 52.77212 ], [ 13.54919, 52.77224 ] ] ] } },
{ "type": "Feature", "properties": { "boden": "100 % ziemlich arm, mäßig frisch (Z2)" }, "geometry": { "type": "Polygon", "coordinates": [ [ [ 13.54894, 52.77208 ], [ 13.54878, 52.77212 ], [ 13.54869, 52.77223 ], [ 13.54874, 52.77233 ], [ 13.54893, 52.77239 ], [ 13.5491, 52.77235 ], [ 13.54919, 52.77224 ], [ 13.5491, 52.77212 ], [ 13.54894, 52.77208 ] ] ] } },
{ "type": "Feature", "properties": { "boden": "100 % ziemlich arm, trocken (vermutet) (Z3)" }, "geometry": { "type": "Polygon", "coordinates": [ [ [ 13.55041, 52.7733 ], [ 13.55011, 52.77346 ], [ 13.55008, 52.77356 ], [ 13.5502, 52.77369 ], [ 13.55039, 52.77373 ], [ 13.55054, 52.7737 ], [ 13.55062, 52.77353 ], [ 13.55052, 52.77334 ], [ 13.55041, 52.7733 ] ] ] } },
{ "type": "Feature", "properties": { "boden": "100 % ziemlich arm, mäßig frisch (Z2)" }, "geometry": { "type": "Polygon", "coordinates": [ [ [ 13.54872, 52.77699 ], [ 13.54857, 52.77643 ], [ 13.54909, 52.77576 ], [ 13.54951, 52.77554 ], [ 13.54945, 52.77518 ], [ 13.54973, 52.77477 ], [ 13.54962, 52.77464 ], [ 13.54943, 52.77456 ], [ 13.54919, 52.77439 ], [ 13.54903, 52.77392 ], [ 13.55003, 52.7744 ], [ 13.55053, 52.77449 ], [ 13.55108, 52.77447 ], [ 13.55152, 52.77423 ], [ 13.55182, 52.77361 ], [ 13.55182, 52.77312 ], [ 13.55222, 52.77271 ], [ 13.55227, 52.77245 ], [ 13.55252, 52.77208 ], [ 13.55252, 52.77175 ], [ 13.55224, 52.77123 ], [ 13.55212, 52.77126 ], [ 13.55229, 52.77155 ], [ 13.55226, 52.77185 ], [ 13.55197, 52.77215 ], [ 13.55159, 52.7722 ], [ 13.55141, 52.77245 ], [ 13.55125, 52.77301 ], [ 13.55133, 52.77317 ], [ 13.55152, 52.77333 ], [ 13.55154, 52.7736 ], [ 13.55131, 52.774 ], [ 13.55106, 52.77426 ], [ 13.55095, 52.7743 ], [ 13.55068, 52.77427 ], [ 13.55047, 52.7743 ], [ 13.54991, 52.7741 ], [ 13.54918, 52.77357 ], [ 13.54903, 52.77331 ], [ 13.54894, 52.77298 ], [ 13.54866, 52.77295 ], [ 13.54855, 52.77307 ], [ 13.54839, 52.77333 ], [ 13.54848, 52.77352 ], [ 13.54846, 52.77367 ], [ 13.54814, 52.77392 ], [ 13.54811, 52.77405 ], [ 13.5482, 52.7742 ], [ 13.54877, 52.77444 ], [ 13.54902, 52.77464 ], [ 13.54909, 52.775 ], [ 13.54903, 52.77539 ], [ 13.54879, 52.77555 ], [ 13.54867, 52.77577 ], [ 13.54842, 52.77583 ], [ 13.54825, 52.77581 ], [ 13.5481, 52.77572 ], [ 13.54824, 52.77557 ], [ 13.54818, 52.77542 ], [ 13.54779, 52.77532 ], [ 13.54751, 52.77534 ], [ 13.54752, 52.77542 ], [ 13.54782, 52.77564 ], [ 13.54788, 52.77579 ], [ 13.54761, 52.7759 ], [ 13.54762, 52.77608 ], [ 13.54744, 52.77664 ], [ 13.54787, 52.77681 ], [ 13.54852, 52.77686 ], [ 13.54872, 52.77699 ] ] ] } },
{ "type": "Feature", "properties": { "boden": "100 % ziemlich arm, trocken (vermutet) (Z3)" }, "geometry": { "type": "Polygon", "coordinates": [ [ [ 13.54798, 52.77468 ], [ 13.54783, 52.77472 ], [ 13.54783, 52.77487 ], [ 13.5479, 52.77498 ], [ 13.54809, 52.77503 ], [ 13.54819, 52.77484 ], [ 13.54809, 52.77472 ], [ 13.54798, 52.77468 ] ] ] } },
{ "type": "Feature", "properties": { "boden": "100 % ziemlich arm, mäßig frisch (Z2)" }, "geometry": { "type": "Polygon", "coordinates": [ [ [ 13.54728, 52.77711 ], [ 13.54727, 52.77774 ], [ 13.54752, 52.77758 ], [ 13.54789, 52.7775 ], [ 13.54814, 52.77736 ], [ 13.54795, 52.77733 ], [ 13.54744, 52.77742 ], [ 13.54728, 52.77711 ] ] ] } },
{ "type": "Feature", "properties": { "boden": "100 % ziemlich arm, trocken (vermutet) (Z3)" }, "geometry": { "type": "Polygon", "coordinates": [ [ [ 13.55389, 52.77478 ], [ 13.55397, 52.7741 ], [ 13.55364, 52.7741 ], [ 13.55312, 52.77422 ], [ 13.55293, 52.77438 ], [ 13.55281, 52.77481 ], [ 13.55321, 52.77487 ], [ 13.55357, 52.77485 ], [ 13.55389, 52.77478 ] ] ] } },
{ "type": "Feature", "properties": { "boden": "100 % mittel, mäßig frisch (M2)" }, "geometry": { "type": "Polygon", "coordinates": [ [ [ 13.56026, 52.77953 ], [ 13.56102, 52.77809 ], [ 13.56145, 52.77777 ], [ 13.56192, 52.77755 ], [ 13.56123, 52.77758 ], [ 13.56116, 52.77753 ], [ 13.56117, 52.77742 ], [ 13.56137, 52.77736 ], [ 13.56218, 52.77731 ], [ 13.56316, 52.77693 ], [ 13.56369, 52.77655 ], [ 13.56428, 52.77627 ], [ 13.5642, 52.77591 ], [ 13.56433, 52.77573 ], [ 13.56409, 52.77566 ], [ 13.56395, 52.77556 ], [ 13.5641, 52.77586 ], [ 13.564, 52.77609 ], [ 13.56181, 52.77648 ], [ 13.56101, 52.77656 ], [ 13.56104, 52.77621 ], [ 13.56128, 52.77572 ], [ 13.5627, 52.77416 ], [ 13.56216, 52.77404 ], [ 13.56249, 52.77361 ], [ 13.56223, 52.7735 ], [ 13.56153, 52.77334 ], [ 13.55949, 52.77295 ], [ 13.55793, 52.77302 ], [ 13.55693, 52.77318 ], [ 13.55636, 52.77305 ], [ 13.55625, 52.77296 ], [ 13.55585, 52.7734 ], [ 13.5557, 52.77348 ], [ 13.55564, 52.77344 ], [ 13.55562, 52.77328 ], [ 13.55569, 52.77316 ], [ 13.55598, 52.77296 ], [ 13.55611, 52.7728 ], [ 13.55598, 52.77249 ], [ 13.55599, 52.77226 ], [ 13.55616, 52.77209 ], [ 13.55724, 52.77156 ], [ 13.55759, 52.77127 ], [ 13.55768, 52.77107 ], [ 13.55763, 52.77092 ], [ 13.55724, 52.77058 ], [ 13.55664, 52.7702 ], [ 13.55631, 52.76987 ], [ 13.55606, 52.76909 ], [ 13.55522, 52.76883 ], [ 13.55489, 52.76866 ], [ 13.55421, 52.76855 ], [ 13.55387, 52.76857 ], [ 13.55372, 52.7695 ], [ 13.55409, 52.76988 ], [ 13.55448, 52.77096 ], [ 13.55501, 52.77104 ], [ 13.55509, 52.77115 ], [ 13.55509, 52.77124 ], [ 13.55495, 52.77134 ], [ 13.55457, 52.77133 ], [ 13.55462, 52.77155 ], [ 13.55458, 52.77189 ], [ 13.55495, 52.77188 ], [ 13.55513, 52.77204 ], [ 13.55511, 52.77219 ], [ 13.5548, 52.77247 ], [ 13.55464, 52.77247 ], [ 13.55452, 52.77235 ], [ 13.55407, 52.77355 ], [ 13.55397, 52.7741 ], [ 13.5542, 52.77423 ], [ 13.55419, 52.77441 ], [ 13.55389, 52.77478 ], [ 13.55541, 52.77532 ], [ 13.55568, 52.77551 ], [ 13.55717, 52.77602 ], [ 13.55744, 52.77628 ], [ 13.55738, 52.77661 ], [ 13.55705, 52.7771 ], [ 13.55755, 52.77823 ], [ 13.55845, 52.77808 ], [ 13.55872, 52.7782 ], [ 13.55862, 52.7783 ], [ 13.55799, 52.77988 ], [ 13.55745, 52.78024 ], [ 13.55705, 52.78036 ], [ 13.55688, 52.78072 ], [ 13.55685, 52.78103 ], [ 13.55765, 52.78073 ], [ 13.55792, 52.7807 ], [ 13.55866, 52.78042 ], [ 13.55932, 52.78027 ], [ 13.55899, 52.78002 ], [ 13.55988, 52.77982 ], [ 13.56039, 52.77964 ], [ 13.56026, 52.77953 ] ], [ [ 13.56011, 52.77879 ], [ 13.56005, 52.77889 ], [ 13.55985, 52.77894 ], [ 13.55966, 52.77888 ], [ 13.55961, 52.77878 ], [ 13.5597, 52.77867 ], [ 13.55986, 52.77863 ], [ 13.56002, 52.77867 ], [ 13.56011, 52.77879 ] ], [ [ 13.55929, 52.77878 ], [ 13.5592, 52.77889 ], [ 13.55903, 52.77893 ], [ 13.55884, 52.77887 ], [ 13.55879, 52.77877 ], [ 13.55888, 52.77866 ], [ 13.55905, 52.77862 ], [ 13.55921, 52.77866 ], [ 13.55929, 52.77878 ] ], [ [ 13.55992, 52.77818 ], [ 13.55985, 52.77828 ], [ 13.55966, 52.77833 ], [ 13.55947, 52.77827 ], [ 13.55941, 52.77818 ], [ 13.55951, 52.77806 ], [ 13.55967, 52.77803 ], [ 13.55983, 52.77806 ], [ 13.55992, 52.77818 ] ], [ [ 13.56026, 52.77765 ], [ 13.56014, 52.77777 ], [ 13.55981, 52.7779 ], [ 13.55945, 52.77798 ], [ 13.55933, 52.77793 ], [ 13.55932, 52.77789 ], [ 13.55949, 52.7778 ], [ 13.55988, 52.77764 ], [ 13.56017, 52.77757 ], [ 13.56026, 52.77765 ] ], [ [ 13.56194, 52.77721 ], [ 13.56171, 52.77726 ], [ 13.56135, 52.77722 ], [ 13.56112, 52.77709 ], [ 13.56095, 52.7771 ], [ 13.5609, 52.77703 ], [ 13.56115, 52.77683 ], [ 13.56146, 52.77683 ], [ 13.56194, 52.77675 ], [ 13.56225, 52.77675 ], [ 13.56235, 52.7768 ], [ 13.56236, 52.77692 ], [ 13.56256, 52.77704 ], [ 13.56256, 52.77714 ], [ 13.56243, 52.77721 ], [ 13.5622, 52.77723 ], [ 13.56221, 52.7771 ], [ 13.56212, 52.77706 ], [ 13.56194, 52.77721 ] ], [ [ 13.55577, 52.77391 ], [ 13.55574, 52.77403 ], [ 13.55547, 52.77433 ], [ 13.55546, 52.77477 ], [ 13.55528, 52.77477 ], [ 13.5552, 52.77464 ], [ 13.55532, 52.77443 ], [ 13.55534, 52.77396 ], [ 13.55547, 52.77386 ], [ 13.55577, 52.77391 ] ], [ [ 13.56171, 52.77411 ], [ 13.56176, 52.7743 ], [ 13.56127, 52.77437 ], [ 13.5612, 52.77419 ], [ 13.56171, 52.77411 ] ], [ [ 13.55469, 52.77025 ], [ 13.55461, 52.77019 ], [ 13.55477, 52.76984 ], [ 13.55486, 52.76979 ], [ 13.55513, 52.76985 ], [ 13.55532, 52.76999 ], [ 13.55572, 52.76997 ], [ 13.55584, 52.77005 ], [ 13.55576, 52.77011 ], [ 13.5551, 52.77011 ], [ 13.55469, 52.77025 ] ], [ [ 13.55462, 52.76882 ], [ 13.55479, 52.76894 ], [ 13.55473, 52.76901 ], [ 13.55448, 52.76911 ], [ 13.55436, 52.76911 ], [ 13.55426, 52.76904 ], [ 13.55425, 52.7689 ], [ 13.55443, 52.7688 ], [ 13.55462, 52.76882 ] ] ] } },
{ "type": "Feature", "properties": { "boden": "100 % arm, trocken (vermutet) (A3)" }, "geometry": { "type": "Polygon", "coordinates": [ [ [ 13.55357, 52.77485 ], [ 13.55321, 52.77487 ], [ 13.55281, 52.77481 ], [ 13.55262, 52.775 ], [ 13.55267, 52.77527 ], [ 13.55286, 52.77535 ], [ 13.55303, 52.77533 ], [ 13.55325, 52.77507 ], [ 13.55352, 52.77498 ], [ 13.55383, 52.7748 ], [ 13.55357, 52.77485 ] ] ] } },
{ "type": "Feature", "properties": { "boden": "80 % ziemlich arm, mäßig frisch (Z2) · 20 % ziemlich arm, frisch (Z1)" }, "geometry": { "type": "Polygon", "coordinates": [ [ [ 13.56409, 52.77458 ], [ 13.56356, 52.77458 ], [ 13.56325, 52.77465 ], [ 13.56254, 52.77459 ], [ 13.56229, 52.77461 ], [ 13.56172, 52.77557 ], [ 13.56133, 52.77598 ], [ 13.56126, 52.77617 ], [ 13.56133, 52.77633 ], [ 13.56142, 52.77637 ], [ 13.56171, 52.77637 ], [ 13.5621, 52.77624 ], [ 13.56232, 52.77603 ], [ 13.56237, 52.77588 ], [ 13.5626, 52.77574 ], [ 13.56281, 52.77546 ], [ 13.5631, 52.77533 ], [ 13.56311, 52.77501 ], [ 13.56334, 52.77489 ], [ 13.56355, 52.77488 ], [ 13.56378, 52.77492 ], [ 13.56423, 52.7752 ], [ 13.56456, 52.77533 ], [ 13.56431, 52.77558 ], [ 13.56431, 52.77565 ], [ 13.56461, 52.77558 ], [ 13.56489, 52.77542 ], [ 13.56507, 52.77517 ], [ 13.56504, 52.77497 ], [ 13.56476, 52.77478 ], [ 13.56409, 52.77458 ] ] ] } },
{ "type": "Feature", "properties": { "boden": "80 % ziemlich arm, mäßig frisch (Z2) · 20 % ziemlich arm, frisch (Z1)" }, "geometry": { "type": "MultiPolygon", "coordinates": [ [ [ [ 13.56463, 52.7756 ], [ 13.56478, 52.77548 ], [ 13.56461, 52.77558 ], [ 13.56431, 52.77565 ], [ 13.56431, 52.77558 ], [ 13.56456, 52.77533 ], [ 13.56423, 52.7752 ], [ 13.56378, 52.77492 ], [ 13.56355, 52.77488 ], [ 13.56334, 52.77489 ], [ 13.56311, 52.77501 ], [ 13.5631, 52.77533 ], [ 13.56281, 52.77546 ], [ 13.5626, 52.77574 ], [ 13.56237, 52.77588 ], [ 13.56232, 52.77603 ], [ 13.5621, 52.77624 ], [ 13.56186, 52.77635 ], [ 13.56142, 52.77637 ], [ 13.56127, 52.77626 ], [ 13.56128, 52.77608 ], [ 13.56172, 52.77557 ], [ 13.56217, 52.77474 ], [ 13.56128, 52.77572 ], [ 13.56104, 52.77621 ], [ 13.56101, 52.77656 ], [ 13.56181, 52.77648 ], [ 13.564, 52.77609 ], [ 13.5641, 52.77586 ], [ 13.56395, 52.77556 ], [ 13.56409, 52.77566 ], [ 13.56433, 52.77573 ], [ 13.56463, 52.7756 ] ] ], [ [ [ 13.56493, 52.77546 ], [ 13.56492, 52.77559 ], [ 13.56466, 52.77587 ], [ 13.56478, 52.77592 ], [ 13.56525, 52.77571 ], [ 13.56554, 52.77551 ], [ 13.56596, 52.77506 ], [ 13.5643, 52.77462 ], [ 13.56476, 52.77478 ], [ 13.56504, 52.77497 ], [ 13.56507, 52.77517 ], [ 13.56489, 52.77542 ], [ 13.56478, 52.77548 ], [ 13.56493, 52.77546 ] ] ] ] } },
{ "type": "Feature", "properties": { "boden": "80 % ziemlich arm, trocken (vermutet) (Z3) · 20 % ziemlich arm, frisch (Z1)" }, "geometry": { "type": "Polygon", "coordinates": [ [ [ 13.56466, 52.77587 ], [ 13.56492, 52.77559 ], [ 13.56493, 52.77546 ], [ 13.56478, 52.77548 ], [ 13.56433, 52.77573 ], [ 13.56466, 52.77587 ] ] ] } },
{ "type": "Feature", "properties": { "boden": "100 % mittel, mäßig frisch (M2)" }, "geometry": { "type": "Polygon", "coordinates": [ [ [ 13.56815, 52.77625 ], [ 13.56782, 52.77632 ], [ 13.56693, 52.77622 ], [ 13.56683, 52.77612 ], [ 13.5668, 52.77594 ], [ 13.56694, 52.77574 ], [ 13.5672, 52.77559 ], [ 13.56657, 52.77518 ], [ 13.56596, 52.77506 ], [ 13.56554, 52.77551 ], [ 13.56525, 52.77571 ], [ 13.56478, 52.77592 ], [ 13.56466, 52.77587 ], [ 13.56441, 52.77625 ], [ 13.56507, 52.77628 ], [ 13.56561, 52.77636 ], [ 13.56618, 52.77662 ], [ 13.56667, 52.77637 ], [ 13.5672, 52.77682 ], [ 13.56822, 52.77627 ], [ 13.56815, 52.77625 ] ] ] } },
{ "type": "Feature", "properties": { "boden": "100 % mittel, trocken (vermutet) (M3)" }, "geometry": { "type": "Polygon", "coordinates": [ [ [ 13.56441, 52.77625 ], [ 13.56466, 52.77587 ], [ 13.56433, 52.77573 ], [ 13.5642, 52.77591 ], [ 13.56429, 52.77626 ], [ 13.56441, 52.77625 ] ] ] } },
{ "type": "Feature", "properties": { "boden": "100 % arm, mäßig frisch (A2)" }, "geometry": { "type": "Polygon", "coordinates": [ [ [ 13.5517, 52.77615 ], [ 13.55131, 52.77631 ], [ 13.55116, 52.77648 ], [ 13.55127, 52.7766 ], [ 13.55168, 52.77673 ], [ 13.55201, 52.77665 ], [ 13.55207, 52.77654 ], [ 13.55198, 52.77621 ], [ 13.5517, 52.77615 ] ] ] } },
{ "type": "Feature", "properties": { "boden": "100 % arm, mäßig frisch (A2)" }, "geometry": { "type": "Polygon", "coordinates": [ [ [ 13.55742, 52.77784 ], [ 13.55719, 52.77749 ], [ 13.55705, 52.7771 ], [ 13.55738, 52.77661 ], [ 13.55744, 52.77628 ], [ 13.55731, 52.77612 ], [ 13.55687, 52.77589 ], [ 13.55568, 52.77551 ], [ 13.55541, 52.77532 ], [ 13.55389, 52.77478 ], [ 13.55352, 52.77498 ], [ 13.55325, 52.77507 ], [ 13.55295, 52.77535 ], [ 13.55267, 52.77527 ], [ 13.55262, 52.7752 ], [ 13.55266, 52.77492 ], [ 13.55281, 52.77481 ], [ 13.55227, 52.77474 ], [ 13.55115, 52.77539 ], [ 13.55067, 52.77583 ], [ 13.55002, 52.7758 ], [ 13.5495, 52.77607 ], [ 13.54966, 52.77627 ], [ 13.54959, 52.77665 ], [ 13.55001, 52.77702 ], [ 13.5506, 52.7773 ], [ 13.55053, 52.77721 ], [ 13.55056, 52.77703 ], [ 13.55075, 52.77697 ], [ 13.55103, 52.77697 ], [ 13.5513, 52.77702 ], [ 13.55169, 52.77717 ], [ 13.55174, 52.77723 ], [ 13.55166, 52.77738 ], [ 13.55327, 52.77728 ], [ 13.55349, 52.77755 ], [ 13.55469, 52.77808 ], [ 13.55642, 52.77847 ], [ 13.5567, 52.77847 ], [ 13.55744, 52.77833 ], [ 13.55755, 52.77823 ], [ 13.55742, 52.77784 ] ], [ [ 13.55339, 52.77615 ], [ 13.55368, 52.7763 ], [ 13.55383, 52.77644 ], [ 13.55412, 52.77651 ], [ 13.55426, 52.77666 ], [ 13.55422, 52.77677 ], [ 13.5539, 52.77693 ], [ 13.55384, 52.77705 ], [ 13.55367, 52.77718 ], [ 13.55342, 52.77723 ], [ 13.55319, 52.77717 ], [ 13.55336, 52.777 ], [ 13.5532, 52.77688 ], [ 13.5531, 52.77668 ], [ 13.55276, 52.77648 ], [ 13.55264, 52.77635 ], [ 13.55259, 52.77616 ], [ 13.55265, 52.7761 ], [ 13.55304, 52.77606 ], [ 13.55327, 52.77598 ], [ 13.55339, 52.77615 ] ], [ [ 13.55198, 52.77621 ], [ 13.55207, 52.77654 ], [ 13.55201, 52.77665 ], [ 13.55168, 52.77673 ], [ 13.55127, 52.7766 ], [ 13.55116, 52.77648 ], [ 13.55142, 52.77625 ], [ 13.5517, 52.77615 ], [ 13.55198, 52.77621 ] ] ] } },
{ "type": "Feature", "properties": { "boden": "100 % arm, trocken (vermutet) (A3)" }, "geometry": { "type": "Polygon", "coordinates": [ [ [ 13.55327, 52.77598 ], [ 13.55304, 52.77606 ], [ 13.55265, 52.7761 ], [ 13.55259, 52.77616 ], [ 13.55264, 52.77635 ], [ 13.55276, 52.77648 ], [ 13.5531, 52.77668 ], [ 13.5532, 52.77688 ], [ 13.55336, 52.777 ], [ 13.55319, 52.77717 ], [ 13.55342, 52.77723 ], [ 13.55367, 52.77718 ], [ 13.55384, 52.77705 ], [ 13.5539, 52.77693 ], [ 13.55422, 52.77677 ], [ 13.55426, 52.77666 ], [ 13.55412, 52.77651 ], [ 13.55383, 52.77644 ], [ 13.55368, 52.7763 ], [ 13.55343, 52.77619 ], [ 13.55327, 52.77598 ] ] ] } },
{ "type": "Feature", "properties": { "boden": "100 % ziemlich arm, trocken (vermutet) (Z3)" }, "geometry": { "type": "Polygon", "coordinates": [ [ [ 13.56441, 52.77625 ], [ 13.56402, 52.77637 ], [ 13.56315, 52.777 ], [ 13.56192, 52.77755 ], [ 13.56242, 52.77751 ], [ 13.5629, 52.77738 ], [ 13.56359, 52.77708 ], [ 13.564, 52.77684 ], [ 13.56424, 52.77662 ], [ 13.56441, 52.77625 ] ] ] } },
{ "type": "Feature", "properties": { "boden": "100 % mittel, trocken (vermutet) (M3)" }, "geometry": { "type": "Polygon", "coordinates": [ [ [ 13.56192, 52.77755 ], [ 13.56315, 52.777 ], [ 13.56402, 52.77637 ], [ 13.56316, 52.77693 ], [ 13.56281, 52.7771 ], [ 13.56218, 52.77731 ], [ 13.56169, 52.77732 ], [ 13.56125, 52.77739 ], [ 13.56114, 52.77747 ], [ 13.56116, 52.77753 ], [ 13.56123, 52.77758 ], [ 13.56192, 52.77755 ] ] ] } },
{ "type": "Feature", "properties": { "boden": "100 % mittel, mäßig frisch (M2)" }, "geometry": { "type": "Polygon", "coordinates": [ [ [ 13.56212, 52.77706 ], [ 13.56221, 52.7771 ], [ 13.56219, 52.77722 ], [ 13.56225, 52.77724 ], [ 13.56251, 52.77718 ], [ 13.56258, 52.77709 ], [ 13.5625, 52.77696 ], [ 13.56235, 52.7769 ], [ 13.56235, 52.7768 ], [ 13.56216, 52.77674 ], [ 13.56146, 52.77683 ], [ 13.56115, 52.77683 ], [ 13.5609, 52.77703 ], [ 13.56095, 52.7771 ], [ 13.56112, 52.77709 ], [ 13.56135, 52.77722 ], [ 13.56157, 52.77726 ], [ 13.5619, 52.77724 ], [ 13.56212, 52.77706 ] ] ] } },
{ "type": "Feature", "properties": { "boden": "100 % arm, trocken (vermutet) (A3)" }, "geometry": { "type": "Polygon", "coordinates": [ [ [ 13.55174, 52.77723 ], [ 13.5513, 52.77702 ], [ 13.55103, 52.77697 ], [ 13.55064, 52.777 ], [ 13.55052, 52.77709 ], [ 13.5506, 52.7773 ], [ 13.55111, 52.77743 ], [ 13.55166, 52.77738 ], [ 13.55174, 52.77723 ] ] ] } },
{ "type": "Feature", "properties": { "boden": "100 % ziemlich arm, trocken (vermutet) (Z3)" }, "geometry": { "type": "Polygon", "coordinates": [ [ [ 13.55111, 52.77743 ], [ 13.5513, 52.7775 ], [ 13.55151, 52.7777 ], [ 13.55168, 52.77771 ], [ 13.55172, 52.77763 ], [ 13.55166, 52.77738 ], [ 13.55111, 52.77743 ] ] ] } },
{ "type": "Feature", "properties": { "boden": "100 % mittel, mäßig frisch (M2)" }, "geometry": { "type": "Polygon", "coordinates": [ [ [ 13.56017, 52.77757 ], [ 13.55949, 52.7778 ], [ 13.55932, 52.77789 ], [ 13.55933, 52.77793 ], [ 13.55953, 52.77797 ], [ 13.56, 52.77783 ], [ 13.56022, 52.77771 ], [ 13.56024, 52.77759 ], [ 13.56017, 52.77757 ] ] ] } },
{ "type": "Feature", "properties": { "boden": "100 % ziemlich arm, mäßig frisch (Z2)" }, "geometry": { "type": "Polygon", "coordinates": [ [ [ 13.56618, 52.77662 ], [ 13.56561, 52.77636 ], [ 13.56507, 52.77628 ], [ 13.56441, 52.77625 ], [ 13.56424, 52.77662 ], [ 13.564, 52.77684 ], [ 13.56359, 52.77708 ], [ 13.5629, 52.77738 ], [ 13.56242, 52.77751 ], [ 13.56192, 52.77755 ], [ 13.56145, 52.77777 ], [ 13.56102, 52.77809 ], [ 13.56084, 52.77838 ], [ 13.56072, 52.77873 ], [ 13.56026, 52.77953 ], [ 13.56039, 52.77964 ], [ 13.5621, 52.77889 ], [ 13.56618, 52.77662 ] ] ] } },
{ "type": "Feature", "properties": { "boden": "100 % mittel, mäßig frisch (M2)" }, "geometry": { "type": "Polygon", "coordinates": [ [ [ 13.55967, 52.77803 ], [ 13.55951, 52.77806 ], [ 13.55941, 52.77818 ], [ 13.55947, 52.77827 ], [ 13.55966, 52.77833 ], [ 13.55985, 52.77828 ], [ 13.55992, 52.77818 ], [ 13.55983, 52.77806 ], [ 13.55967, 52.77803 ] ] ] } },
{ "type": "Feature", "properties": { "boden": "100 % mittel, mäßig frisch (M2)" }, "geometry": { "type": "Polygon", "coordinates": [ [ [ 13.55905, 52.77862 ], [ 13.55888, 52.77866 ], [ 13.55879, 52.77877 ], [ 13.55884, 52.77887 ], [ 13.55903, 52.77893 ], [ 13.5592, 52.77889 ], [ 13.55929, 52.77878 ], [ 13.55921, 52.77866 ], [ 13.55905, 52.77862 ] ] ] } },
{ "type": "Feature", "properties": { "boden": "40 % ziemlich arm, mäßig frisch (Z2) · 30 % ziemlich arm, mäßig frisch (Z2) · 30 % mittel, mäßig frisch (M2)" }, "geometry": { "type": "Polygon", "coordinates": [ [ [ 13.52084, 52.77774 ], [ 13.52053, 52.77781 ], [ 13.52031, 52.77794 ], [ 13.52032, 52.77811 ], [ 13.52052, 52.77822 ], [ 13.52087, 52.77823 ], [ 13.52156, 52.77808 ], [ 13.52174, 52.77786 ], [ 13.52084, 52.77774 ] ] ] } },
{ "type": "Feature", "properties": { "boden": "40 % ziemlich arm, mäßig frisch (Z2) · 30 % ziemlich arm, mäßig frisch (Z2) · 30 % mittel, mäßig frisch (M2)" }, "geometry": { "type": "Polygon", "coordinates": [ [ [ 13.5181, 52.77809 ], [ 13.51827, 52.77801 ], [ 13.51821, 52.77781 ], [ 13.51805, 52.77771 ], [ 13.51781, 52.77766 ], [ 13.51748, 52.77769 ], [ 13.51746, 52.77824 ], [ 13.5181, 52.77809 ] ] ] } },
{ "type": "Feature", "properties": { "boden": "100 % ziemlich arm, mäßig frisch (Z2)" }, "geometry": { "type": "Polygon", "coordinates": [ [ [ 13.53035, 52.77882 ], [ 13.53072, 52.77874 ], [ 13.52978, 52.77669 ], [ 13.52946, 52.77673 ], [ 13.5287, 52.77746 ], [ 13.52863, 52.7779 ], [ 13.52798, 52.77906 ], [ 13.52693, 52.77937 ], [ 13.52688, 52.77935 ], [ 13.52667, 52.7795 ], [ 13.52651, 52.77955 ], [ 13.52615, 52.77948 ], [ 13.52607, 52.77941 ], [ 13.52606, 52.77934 ], [ 13.52621, 52.77921 ], [ 13.52641, 52.77911 ], [ 13.52499, 52.77838 ], [ 13.52411, 52.77817 ], [ 13.52442, 52.77846 ], [ 13.52486, 52.77956 ], [ 13.52593, 52.78012 ], [ 13.53008, 52.77939 ], [ 13.53035, 52.77882 ] ] ] } },
{ "type": "Feature", "properties": { "boden": "100 % mittel, mäßig frisch (M2)" }, "geometry": { "type": "Polygon", "coordinates": [ [ [ 13.55986, 52.77863 ], [ 13.5597, 52.77867 ], [ 13.55961, 52.77878 ], [ 13.55966, 52.77888 ], [ 13.55985, 52.77894 ], [ 13.56005, 52.77889 ], [ 13.56011, 52.77879 ], [ 13.56002, 52.77867 ], [ 13.55986, 52.77863 ] ] ] } },
{ "type": "Feature", "properties": { "boden": "100 % ziemlich arm, mäßig frisch (Z2)" }, "geometry": { "type": "Polygon", "coordinates": [ [ [ 13.55744, 52.77833 ], [ 13.5567, 52.77847 ], [ 13.55642, 52.77847 ], [ 13.55486, 52.77815 ], [ 13.55349, 52.77755 ], [ 13.55327, 52.77728 ], [ 13.55166, 52.77738 ], [ 13.55172, 52.77763 ], [ 13.55168, 52.77771 ], [ 13.55156, 52.77773 ], [ 13.55119, 52.77745 ], [ 13.55066, 52.77733 ], [ 13.55001, 52.77702 ], [ 13.54959, 52.77665 ], [ 13.54987, 52.77744 ], [ 13.55006, 52.77748 ], [ 13.55025, 52.77774 ], [ 13.55052, 52.77792 ], [ 13.55081, 52.77806 ], [ 13.55132, 52.77814 ], [ 13.55216, 52.77808 ], [ 13.55252, 52.77798 ], [ 13.55275, 52.77799 ], [ 13.55283, 52.77802 ], [ 13.55285, 52.77815 ], [ 13.55337, 52.77833 ], [ 13.55359, 52.77846 ], [ 13.55357, 52.77867 ], [ 13.55366, 52.7788 ], [ 13.55414, 52.77903 ], [ 13.55455, 52.77912 ], [ 13.55457, 52.77943 ], [ 13.55468, 52.77945 ], [ 13.55479, 52.7794 ], [ 13.55478, 52.77947 ], [ 13.55503, 52.77965 ], [ 13.55529, 52.78007 ], [ 13.55529, 52.78025 ], [ 13.55556, 52.78057 ], [ 13.55545, 52.78074 ], [ 13.55583, 52.78072 ], [ 13.556, 52.78078 ], [ 13.55568, 52.78017 ], [ 13.55564, 52.77996 ], [ 13.55568, 52.77979 ], [ 13.55601, 52.77953 ], [ 13.55618, 52.77971 ], [ 13.55668, 52.77999 ], [ 13.5568, 52.78011 ], [ 13.55656, 52.78095 ], [ 13.55685, 52.78103 ], [ 13.55688, 52.78072 ], [ 13.55705, 52.78036 ], [ 13.55745, 52.78024 ], [ 13.55799, 52.77988 ], [ 13.55862, 52.7783 ], [ 13.55872, 52.7782 ], [ 13.55845, 52.77808 ], [ 13.55755, 52.77823 ], [ 13.55744, 52.77833 ] ] ] } },
{ "type": "Feature", "properties": { "boden": "100 % ziemlich arm, mäßig frisch (Z2)" }, "geometry": { "type": "Polygon", "coordinates": [ [ [ 13.55545, 52.78074 ], [ 13.55556, 52.78057 ], [ 13.55529, 52.78025 ], [ 13.55529, 52.78007 ], [ 13.55503, 52.77965 ], [ 13.55478, 52.77947 ], [ 13.55479, 52.7794 ], [ 13.55468, 52.77945 ], [ 13.55457, 52.77943 ], [ 13.55455, 52.77912 ], [ 13.55414, 52.77903 ], [ 13.55366, 52.7788 ], [ 13.55357, 52.77867 ], [ 13.55359, 52.77846 ], [ 13.55351, 52.77839 ], [ 13.55285, 52.77815 ], [ 13.55283, 52.77802 ], [ 13.55267, 52.77797 ], [ 13.55216, 52.77808 ], [ 13.55132, 52.77814 ], [ 13.55081, 52.77806 ], [ 13.55025, 52.77774 ], [ 13.55006, 52.77748 ], [ 13.54987, 52.77744 ], [ 13.54996, 52.7777 ], [ 13.55076, 52.77823 ], [ 13.55101, 52.77831 ], [ 13.55204, 52.77835 ], [ 13.55219, 52.77854 ], [ 13.55251, 52.77852 ], [ 13.55284, 52.77856 ], [ 13.553, 52.77862 ], [ 13.55406, 52.77945 ], [ 13.55373, 52.77956 ], [ 13.55381, 52.77965 ], [ 13.55366, 52.77975 ], [ 13.55385, 52.77985 ], [ 13.55402, 52.78003 ], [ 13.55451, 52.77986 ], [ 13.55514, 52.78076 ], [ 13.55545, 52.78074 ] ] ] } },
{ "type": "Feature", "properties": { "boden": "100 % ziemlich arm, mäßig frisch (Z2)" }, "geometry": { "type": "Polygon", "coordinates": [ [ [ 13.55365, 52.77976 ], [ 13.55348, 52.78002 ], [ 13.55402, 52.78003 ], [ 13.55385, 52.77985 ], [ 13.55365, 52.77976 ] ] ] } },
{ "type": "Feature", "properties": { "boden": "100 % ziemlich arm, trocken (vermutet) (Z3)" }, "geometry": { "type": "Polygon", "coordinates": [ [ [ 13.55656, 52.78095 ], [ 13.5568, 52.78011 ], [ 13.55668, 52.77999 ], [ 13.55618, 52.77971 ], [ 13.55601, 52.77953 ], [ 13.55568, 52.77979 ], [ 13.55568, 52.78017 ], [ 13.556, 52.78078 ], [ 13.55656, 52.78095 ] ] ] } },
{ "type": "Feature", "properties": { "boden": "100 % ziemlich arm, trocken (vermutet) (Z3)" }, "geometry": { "type": "Polygon", "coordinates": [ [ [ 13.556, 52.78078 ], [ 13.55595, 52.78112 ], [ 13.55645, 52.78123 ], [ 13.55656, 52.78095 ], [ 13.556, 52.78078 ] ] ] } },
{ "type": "Feature", "properties": { "boden": "100 % ziemlich arm, mäßig frisch (Z2)" }, "geometry": { "type": "Polygon", "coordinates": [ [ [ 13.55514, 52.78076 ], [ 13.55493, 52.78088 ], [ 13.5549, 52.78124 ], [ 13.55529, 52.78134 ], [ 13.55538, 52.7812 ], [ 13.55545, 52.78074 ], [ 13.55514, 52.78076 ] ] ] } },
{ "type": "Feature", "properties": { "boden": "100 % ziemlich arm, mäßig frisch (Z2)" }, "geometry": { "type": "Polygon", "coordinates": [ [ [ 13.55598, 52.78104 ], [ 13.556, 52.78078 ], [ 13.55583, 52.78072 ], [ 13.55545, 52.78074 ], [ 13.55538, 52.7812 ], [ 13.55529, 52.78134 ], [ 13.55575, 52.78145 ], [ 13.55598, 52.78104 ] ] ] } },
{ "type": "Feature", "properties": { "boden": "100 % ziemlich arm, mäßig frisch (Z2)" }, "geometry": { "type": "Polygon", "coordinates": [ [ [ 13.55656, 52.78095 ], [ 13.55645, 52.78123 ], [ 13.55688, 52.78133 ], [ 13.55695, 52.78125 ], [ 13.55685, 52.78103 ], [ 13.55656, 52.78095 ] ] ] } },
{ "type": "Feature", "properties": { "boden": "100 % mittel, mäßig frisch (M2)" }, "geometry": { "type": "Polygon", "coordinates": [ [ [ 13.55878, 52.78339 ], [ 13.5597, 52.78203 ], [ 13.56095, 52.78297 ], [ 13.56229, 52.78233 ], [ 13.56163, 52.78186 ], [ 13.56214, 52.7816 ], [ 13.5611, 52.78083 ], [ 13.56116, 52.7808 ], [ 13.56039, 52.77964 ], [ 13.55988, 52.77982 ], [ 13.55899, 52.78002 ], [ 13.55932, 52.78027 ], [ 13.55866, 52.78042 ], [ 13.55792, 52.7807 ], [ 13.55765, 52.78073 ], [ 13.55685, 52.78103 ], [ 13.55695, 52.78125 ], [ 13.55688, 52.78133 ], [ 13.55761, 52.78149 ], [ 13.55685, 52.78305 ], [ 13.55776, 52.78367 ], [ 13.55878, 52.78339 ] ] ] } },
{ "type": "Feature", "properties": { "boden": "60 % mittel, mäßig frisch (M2) · 40 % ziemlich arm, mäßig frisch (Z2)" }, "geometry": { "type": "Polygon", "coordinates": [ [ [ 13.51765, 52.77248 ], [ 13.51763, 52.77322 ], [ 13.51833, 52.77305 ], [ 13.51841, 52.77291 ], [ 13.51792, 52.77253 ], [ 13.51765, 52.77248 ] ] ] } },
{ "type": "Feature", "properties": { "boden": "50 % ziemlich arm, mäßig frisch (Z2) · 50 % ziemlich arm, mäßig frisch (Z2)" }, "geometry": { "type": "Polygon", "coordinates": [ [ [ 13.52033, 52.77409 ], [ 13.51963, 52.77433 ], [ 13.51904, 52.77445 ], [ 13.51879, 52.77459 ], [ 13.51921, 52.77463 ], [ 13.51945, 52.77452 ], [ 13.51983, 52.77443 ], [ 13.52033, 52.77409 ] ] ] } },
{ "type": "Feature", "properties": { "boden": "50 % ziemlich arm, trocken (vermutet) (Z3) · 50 % ziemlich arm, trocken (vermutet) (Z3)" }, "geometry": { "type": "Polygon", "coordinates": [ [ [ 13.51965, 52.77471 ], [ 13.51974, 52.77459 ], [ 13.51991, 52.77456 ], [ 13.52007, 52.7746 ], [ 13.52014, 52.7747 ], [ 13.52029, 52.77468 ], [ 13.52033, 52.77409 ], [ 13.51983, 52.77443 ], [ 13.51945, 52.77452 ], [ 13.51921, 52.77463 ], [ 13.51879, 52.77459 ], [ 13.51856, 52.77471 ], [ 13.51811, 52.77485 ], [ 13.51839, 52.77481 ], [ 13.51878, 52.77487 ], [ 13.51926, 52.77486 ], [ 13.51969, 52.77477 ], [ 13.51965, 52.77471 ] ] ] } },
{ "type": "Feature", "properties": { "boden": "50 % ziemlich arm, trocken (vermutet) (Z3) · 50 % ziemlich arm, trocken (vermutet) (Z3)" }, "geometry": { "type": "Polygon", "coordinates": [ [ [ 13.52013, 52.77469 ], [ 13.52007, 52.7746 ], [ 13.51991, 52.77456 ], [ 13.51974, 52.77459 ], [ 13.51965, 52.77471 ], [ 13.51971, 52.77479 ], [ 13.52013, 52.77469 ] ] ] } },
{ "type": "Feature", "properties": { "boden": "50 % ziemlich arm, mäßig frisch (Z2) · 50 % ziemlich arm, mäßig frisch (Z2)" }, "geometry": { "type": "Polygon", "coordinates": [ [ [ 13.51969, 52.77477 ], [ 13.51926, 52.77486 ], [ 13.51878, 52.77487 ], [ 13.51839, 52.77481 ], [ 13.51811, 52.77485 ], [ 13.51757, 52.77505 ], [ 13.51756, 52.7753 ], [ 13.51971, 52.77479 ], [ 13.51969, 52.77477 ] ] ] } },
{ "type": "Feature", "properties": { "boden": "50 % ziemlich arm, trocken (vermutet) (Z3) · 50 % ziemlich arm, trocken (vermutet) (Z3)" }, "geometry": { "type": "Polygon", "coordinates": [ [ [ 13.51757, 52.77505 ], [ 13.51811, 52.77485 ], [ 13.51757, 52.77501 ], [ 13.51757, 52.77505 ] ] ] } },
{ "type": "Feature", "properties": { "boden": "Keine Bodengruppe kartiert" }, "geometry": { "type": "Polygon", "coordinates": [ [ [ 13.52029, 52.77468 ], [ 13.51756, 52.7753 ], [ 13.51755, 52.77559 ], [ 13.51869, 52.77528 ], [ 13.52027, 52.77495 ], [ 13.52029, 52.77468 ] ] ] } },
{ "type": "Feature", "properties": { "boden": "40 % ziemlich arm, trocken (vermutet) (Z3) · 30 % ziemlich arm, trocken (vermutet) (Z3) · 30 % mittel, trocken (vermutet) (M3)" }, "geometry": { "type": "Polygon", "coordinates": [ [ [ 13.52247, 52.77796 ], [ 13.52258, 52.77808 ], [ 13.52255, 52.77813 ], [ 13.52206, 52.7783 ], [ 13.52153, 52.77839 ], [ 13.5214, 52.77846 ], [ 13.52136, 52.77866 ], [ 13.52152, 52.77881 ], [ 13.52172, 52.77887 ], [ 13.52223, 52.77887 ], [ 13.52248, 52.77879 ], [ 13.52266, 52.77866 ], [ 13.52285, 52.77841 ], [ 13.52281, 52.77801 ], [ 13.52247, 52.77796 ] ] ] } },
{ "type": "Feature", "properties": { "boden": "40 % ziemlich arm, mäßig frisch (Z2) · 30 % ziemlich arm, mäßig frisch (Z2) · 30 % mittel, mäßig frisch (M2)" }, "geometry": { "type": "Polygon", "coordinates": [ [ [ 13.52433, 52.77837 ], [ 13.52372, 52.77836 ], [ 13.52369, 52.77843 ], [ 13.52377, 52.77849 ], [ 13.52448, 52.77863 ], [ 13.52433, 52.77837 ] ] ] } },
{ "type": "Feature", "properties": { "boden": "40 % ziemlich arm, trocken (vermutet) (Z3) · 30 % ziemlich arm, trocken (vermutet) (Z3) · 30 % mittel, trocken (vermutet) (M3)" }, "geometry": { "type": "Polygon", "coordinates": [ [ [ 13.51831, 52.77833 ], [ 13.51762, 52.77845 ], [ 13.51759, 52.77849 ], [ 13.51767, 52.77859 ], [ 13.51782, 52.77859 ], [ 13.51808, 52.77844 ], [ 13.51829, 52.77837 ], [ 13.51831, 52.77833 ] ] ] } },
{ "type": "Feature", "properties": { "boden": "40 % ziemlich arm, trocken (vermutet) (Z3) · 30 % ziemlich arm, trocken (vermutet) (Z3) · 30 % mittel, trocken (vermutet) (M3)" }, "geometry": { "type": "Polygon", "coordinates": [ [ [ 13.51999, 52.77838 ], [ 13.51962, 52.77846 ], [ 13.51956, 52.7786 ], [ 13.51963, 52.77866 ], [ 13.51979, 52.77867 ], [ 13.51995, 52.77862 ], [ 13.52009, 52.77843 ], [ 13.51999, 52.77838 ] ] ] } },
{ "type": "Feature", "properties": { "boden": "40 % ziemlich arm, mäßig frisch (Z2) · 30 % ziemlich arm, mäßig frisch (Z2) · 30 % mittel, mäßig frisch (M2)" }, "geometry": { "type": "Polygon", "coordinates": [ [ [ 13.52035, 52.77907 ], [ 13.52084, 52.77911 ], [ 13.52104, 52.77908 ], [ 13.52105, 52.77881 ], [ 13.52092, 52.77848 ], [ 13.52086, 52.77847 ], [ 13.5207, 52.77855 ], [ 13.52018, 52.77896 ], [ 13.51963, 52.77896 ], [ 13.51953, 52.779 ], [ 13.5195, 52.7791 ], [ 13.51957, 52.77917 ], [ 13.51979, 52.77918 ], [ 13.52035, 52.77907 ] ] ] } },
{ "type": "Feature", "properties": { "boden": "100 % ziemlich arm, trocken (vermutet) (Z3)" }, "geometry": { "type": "Polygon", "coordinates": [ [ [ 13.52641, 52.77911 ], [ 13.52621, 52.77921 ], [ 13.52606, 52.77934 ], [ 13.52607, 52.77941 ], [ 13.52615, 52.77948 ], [ 13.52651, 52.77955 ], [ 13.52667, 52.7795 ], [ 13.52688, 52.77935 ], [ 13.52641, 52.77911 ] ] ] } },
{ "type": "Feature", "properties": { "boden": "40 % ziemlich arm, mäßig frisch (Z2) · 30 % ziemlich arm, mäßig frisch (Z2) · 30 % mittel, mäßig frisch (M2)" }, "geometry": { "type": "Polygon", "coordinates": [ [ [ 13.52593, 52.78012 ], [ 13.52479, 52.77947 ], [ 13.52448, 52.77863 ], [ 13.52377, 52.77849 ], [ 13.52369, 52.77843 ], [ 13.52372, 52.77836 ], [ 13.52382, 52.77834 ], [ 13.52433, 52.77837 ], [ 13.52411, 52.77817 ], [ 13.52281, 52.77801 ], [ 13.52285, 52.77841 ], [ 13.52266, 52.77866 ], [ 13.52248, 52.77879 ], [ 13.52223, 52.77887 ], [ 13.52172, 52.77887 ], [ 13.52152, 52.77881 ], [ 13.52136, 52.77866 ], [ 13.5214, 52.77846 ], [ 13.52153, 52.77839 ], [ 13.52206, 52.7783 ], [ 13.52255, 52.77813 ], [ 13.52258, 52.77808 ], [ 13.52247, 52.77796 ], [ 13.52174, 52.77786 ], [ 13.52156, 52.77808 ], [ 13.52112, 52.77819 ], [ 13.52068, 52.77824 ], [ 13.5204, 52.77818 ], [ 13.52027, 52.77803 ], [ 13.52044, 52.77785 ], [ 13.52084, 52.77774 ], [ 13.51813, 52.77744 ], [ 13.51749, 52.77741 ], [ 13.51748, 52.77769 ], [ 13.51781, 52.77766 ], [ 13.51805, 52.77771 ], [ 13.51829, 52.77792 ], [ 13.51827, 52.77801 ], [ 13.5181, 52.77809 ], [ 13.51746, 52.77824 ], [ 13.51737, 52.78094 ], [ 13.5177, 52.78141 ], [ 13.52593, 52.78012 ] ], [ [ 13.51777, 52.78073 ], [ 13.51771, 52.78064 ], [ 13.5178, 52.78034 ], [ 13.51844, 52.78038 ], [ 13.51856, 52.78043 ], [ 13.51847, 52.78069 ], [ 13.51833, 52.78076 ], [ 13.51799, 52.78081 ], [ 13.51777, 52.78073 ] ], [ [ 13.51858, 52.77941 ], [ 13.51915, 52.7796 ], [ 13.51908, 52.77969 ], [ 13.51885, 52.77974 ], [ 13.51798, 52.77974 ], [ 13.51776, 52.77965 ], [ 13.5177, 52.77957 ], [ 13.51787, 52.77942 ], [ 13.51807, 52.77938 ], [ 13.51858, 52.77941 ] ], [ [ 13.52009, 52.77843 ], [ 13.51987, 52.77866 ], [ 13.51963, 52.77866 ], [ 13.51956, 52.7786 ], [ 13.51962, 52.77846 ], [ 13.51971, 52.77842 ], [ 13.51999, 52.77838 ], [ 13.52009, 52.77843 ] ], [ [ 13.51831, 52.77833 ], [ 13.51808, 52.77844 ], [ 13.51782, 52.77859 ], [ 13.51767, 52.77859 ], [ 13.51761, 52.77854 ], [ 13.51762, 52.77845 ], [ 13.51784, 52.77838 ], [ 13.51817, 52.77833 ], [ 13.51831, 52.77833 ] ], [ [ 13.51979, 52.77918 ], [ 13.51952, 52.77914 ], [ 13.51953, 52.779 ], [ 13.51963, 52.77896 ], [ 13.52018, 52.77896 ], [ 13.5207, 52.77855 ], [ 13.52086, 52.77847 ], [ 13.52092, 52.77848 ], [ 13.52105, 52.77881 ], [ 13.52104, 52.77908 ], [ 13.52084, 52.77911 ], [ 13.52035, 52.77907 ], [ 13.51979, 52.77918 ] ] ] } },
{ "type": "Feature", "properties": { "boden": "40 % ziemlich arm, trocken (vermutet) (Z3) · 30 % ziemlich arm, trocken (vermutet) (Z3) · 30 % mittel, trocken (vermutet) (M3)" }, "geometry": { "type": "Polygon", "coordinates": [ [ [ 13.51834, 52.77938 ], [ 13.51787, 52.77942 ], [ 13.51774, 52.77949 ], [ 13.5177, 52.77957 ], [ 13.51776, 52.77965 ], [ 13.51798, 52.77974 ], [ 13.51826, 52.77977 ], [ 13.51885, 52.77974 ], [ 13.51908, 52.77969 ], [ 13.51916, 52.77963 ], [ 13.51858, 52.77941 ], [ 13.51834, 52.77938 ] ] ] } },
{ "type": "Feature", "properties": { "boden": "100 % mittel, mäßig frisch (M2)" }, "geometry": { "type": "Polygon", "coordinates": [ [ [ 13.57412, 52.76997 ], [ 13.57387, 52.76982 ], [ 13.57369, 52.76986 ], [ 13.57362, 52.76996 ], [ 13.57369, 52.77007 ], [ 13.57386, 52.77012 ], [ 13.57404, 52.77008 ], [ 13.57412, 52.76997 ] ] ] } },
{ "type": "Feature", "properties": { "boden": "100 % mittel, mäßig frisch (M2)" }, "geometry": { "type": "Polygon", "coordinates": [ [ [ 13.57915, 52.76996 ], [ 13.57884, 52.77012 ], [ 13.57886, 52.77031 ], [ 13.57898, 52.77038 ], [ 13.57941, 52.77033 ], [ 13.57951, 52.77021 ], [ 13.57937, 52.77002 ], [ 13.57915, 52.76996 ] ] ] } },
{ "type": "Feature", "properties": { "boden": "100 % mittel, mäßig frisch (M2)" }, "geometry": { "type": "Polygon", "coordinates": [ [ [ 13.58297, 52.7702 ], [ 13.58215, 52.77026 ], [ 13.58212, 52.77042 ], [ 13.58223, 52.77053 ], [ 13.58263, 52.77071 ], [ 13.5831, 52.77075 ], [ 13.58332, 52.77072 ], [ 13.58339, 52.77063 ], [ 13.5833, 52.77044 ], [ 13.58297, 52.7702 ] ] ] } },
{ "type": "Feature", "properties": { "boden": "100 % mittel, trocken (vermutet) (M3)" }, "geometry": { "type": "Polygon", "coordinates": [ [ [ 13.58144, 52.77091 ], [ 13.5811, 52.77092 ], [ 13.58096, 52.77088 ], [ 13.58093, 52.77075 ], [ 13.58114, 52.77074 ], [ 13.5812, 52.77067 ], [ 13.58071, 52.77024 ], [ 13.58054, 52.77016 ], [ 13.58043, 52.77017 ], [ 13.58026, 52.77027 ], [ 13.58019, 52.7705 ], [ 13.58027, 52.77079 ], [ 13.5804, 52.77099 ], [ 13.58032, 52.77132 ], [ 13.58038, 52.77141 ], [ 13.58076, 52.7715 ], [ 13.58119, 52.77153 ], [ 13.58253, 52.77125 ], [ 13.58252, 52.77117 ], [ 13.58232, 52.771 ], [ 13.58169, 52.77096 ], [ 13.58144, 52.77091 ] ] ] } },
{ "type": "Feature", "properties": { "boden": "100 % mittel, trocken (vermutet) (M3)" }, "geometry": { "type": "Polygon", "coordinates": [ [ [ 13.57941, 52.77066 ], [ 13.57872, 52.77067 ], [ 13.57857, 52.77085 ], [ 13.57822, 52.77104 ], [ 13.57913, 52.77126 ], [ 13.57946, 52.77126 ], [ 13.57955, 52.77114 ], [ 13.57959, 52.77075 ], [ 13.57941, 52.77066 ] ] ] } },
{ "type": "Feature", "properties": { "boden": "100 % mittel, mäßig frisch (M2)" }, "geometry": { "type": "Polygon", "coordinates": [ [ [ 13.5699, 52.77147 ], [ 13.56955, 52.77109 ], [ 13.56949, 52.77112 ], [ 13.56967, 52.77134 ], [ 13.56973, 52.77161 ], [ 13.5699, 52.77147 ] ] ] } },
{ "type": "Feature", "properties": { "boden": "100 % mittel, mäßig frisch (M2)" }, "geometry": { "type": "Polygon", "coordinates": [ [ [ 13.56967, 52.77134 ], [ 13.56949, 52.77112 ], [ 13.56907, 52.77128 ], [ 13.56937, 52.77164 ], [ 13.56946, 52.77165 ], [ 13.56973, 52.77161 ], [ 13.56967, 52.77134 ] ] ] } },
{ "type": "Feature", "properties": { "boden": "100 % mittel, mäßig frisch (M2)" }, "geometry": { "type": "Polygon", "coordinates": [ [ [ 13.5697, 52.77162 ], [ 13.56937, 52.77164 ], [ 13.57001, 52.77249 ], [ 13.56986, 52.77229 ], [ 13.56986, 52.77204 ], [ 13.56971, 52.77194 ], [ 13.5697, 52.77162 ] ] ] } },
{ "type": "Feature", "properties": { "boden": "100 % mittel, trocken (vermutet) (M3)" }, "geometry": { "type": "Polygon", "coordinates": [ [ [ 13.57639, 52.77218 ], [ 13.57612, 52.77219 ], [ 13.57596, 52.77233 ], [ 13.57604, 52.77252 ], [ 13.57616, 52.77256 ], [ 13.57633, 52.77255 ], [ 13.57646, 52.77247 ], [ 13.57651, 52.77224 ], [ 13.57639, 52.77218 ] ] ] } },
{ "type": "Feature", "properties": { "boden": "100 % mittel, mäßig frisch (M2)" }, "geometry": { "type": "Polygon", "coordinates": [ [ [ 13.57778, 52.77228 ], [ 13.5776, 52.77232 ], [ 13.57752, 52.77243 ], [ 13.57759, 52.77254 ], [ 13.57777, 52.77259 ], [ 13.57795, 52.77254 ], [ 13.57802, 52.77244 ], [ 13.57795, 52.77233 ], [ 13.57778, 52.77228 ] ] ] } },
{ "type": "Feature", "properties": { "boden": "100 % mittel, mäßig frisch (M2)" }, "geometry": { "type": "Polygon", "coordinates": [ [ [ 13.59039, 52.77197 ], [ 13.59047, 52.77185 ], [ 13.59098, 52.77169 ], [ 13.59085, 52.77159 ], [ 13.59033, 52.77146 ], [ 13.58959, 52.77148 ], [ 13.58803, 52.77171 ], [ 13.58783, 52.77263 ], [ 13.58837, 52.77245 ], [ 13.58935, 52.7723 ], [ 13.58979, 52.77216 ], [ 13.59029, 52.77227 ], [ 13.59091, 52.77228 ], [ 13.59039, 52.77197 ] ] ] } },
{ "type": "Feature", "properties": { "boden": "100 % mittel, mäßig frisch (M2)" }, "geometry": { "type": "Polygon", "coordinates": [ [ [ 13.58325, 52.7721 ], [ 13.58318, 52.7722 ], [ 13.58325, 52.77231 ], [ 13.58342, 52.77236 ], [ 13.5836, 52.77232 ], [ 13.58368, 52.77221 ], [ 13.58361, 52.7721 ], [ 13.58343, 52.77205 ], [ 13.58325, 52.7721 ] ] ] } },
{ "type": "Feature", "properties": { "boden": "100 % mittel, mäßig frisch (M2)" }, "geometry": { "type": "Polygon", "coordinates": [ [ [ 13.58933, 52.77246 ], [ 13.58915, 52.7725 ], [ 13.58908, 52.77261 ], [ 13.58915, 52.77272 ], [ 13.58932, 52.77276 ], [ 13.5895, 52.77272 ], [ 13.58958, 52.77261 ], [ 13.58951, 52.77251 ], [ 13.58933, 52.77246 ] ] ] } },
{ "type": "Feature", "properties": { "boden": "100 % ziemlich arm, mäßig frisch (Z2)" }, "geometry": { "type": "Polygon", "coordinates": [ [ [ 13.5959, 52.77272 ], [ 13.59573, 52.77267 ], [ 13.59555, 52.77271 ], [ 13.59547, 52.77282 ], [ 13.59554, 52.77293 ], [ 13.59567, 52.77296 ], [ 13.59596, 52.7728 ], [ 13.5959, 52.77272 ] ] ] } },
{ "type": "Feature", "properties": { "boden": "100 % mittel, mäßig frisch (M2)" }, "geometry": { "type": "Polygon", "coordinates": [ [ [ 13.58737, 52.7732 ], [ 13.58767, 52.77314 ], [ 13.58783, 52.77263 ], [ 13.58716, 52.77253 ], [ 13.58607, 52.77266 ], [ 13.5854, 52.77268 ], [ 13.58529, 52.77258 ], [ 13.58535, 52.77216 ], [ 13.58521, 52.7721 ], [ 13.58491, 52.77224 ], [ 13.58437, 52.77232 ], [ 13.58423, 52.7724 ], [ 13.58423, 52.77273 ], [ 13.5843, 52.77295 ], [ 13.58449, 52.77315 ], [ 13.58464, 52.77321 ], [ 13.58516, 52.77328 ], [ 13.58615, 52.77313 ], [ 13.5865, 52.77301 ], [ 13.58709, 52.77319 ], [ 13.58737, 52.7732 ] ], [ [ 13.58527, 52.77305 ], [ 13.5852, 52.77316 ], [ 13.58502, 52.7732 ], [ 13.58484, 52.77315 ], [ 13.58477, 52.77304 ], [ 13.58485, 52.77294 ], [ 13.58503, 52.77289 ], [ 13.5852, 52.77294 ], [ 13.58527, 52.77305 ] ] ] } },
{ "type": "Feature", "properties": { "boden": "100 % mittel, mäßig frisch (M2)" }, "geometry": { "type": "Polygon", "coordinates": [ [ [ 13.59005, 52.77262 ], [ 13.58987, 52.77266 ], [ 13.58979, 52.77277 ], [ 13.58986, 52.77288 ], [ 13.59004, 52.77292 ], [ 13.59022, 52.77288 ], [ 13.5903, 52.77278 ], [ 13.59022, 52.77267 ], [ 13.59005, 52.77262 ] ] ] } },
{ "type": "Feature", "properties": { "boden": "100 % mittel, mäßig frisch (M2)" }, "geometry": { "type": "Polygon", "coordinates": [ [ [ 13.59315, 52.77207 ], [ 13.59236, 52.77233 ], [ 13.59382, 52.77361 ], [ 13.59443, 52.77332 ], [ 13.59315, 52.77207 ] ] ] } },
{ "type": "Feature", "properties": { "boden": "100 % mittel, mäßig frisch (M2)" }, "geometry": { "type": "Polygon", "coordinates": [ [ [ 13.59146, 52.77263 ], [ 13.59086, 52.77258 ], [ 13.59074, 52.77271 ], [ 13.59081, 52.773 ], [ 13.59096, 52.77306 ], [ 13.59154, 52.77307 ], [ 13.59162, 52.773 ], [ 13.59165, 52.77276 ], [ 13.59146, 52.77263 ] ] ] } },
{ "type": "Feature", "properties": { "boden": "100 % mittel, mäßig frisch (M2)" }, "geometry": { "type": "Polygon", "coordinates": [ [ [ 13.58964, 52.77313 ], [ 13.58945, 52.77283 ], [ 13.58906, 52.77274 ], [ 13.58892, 52.77277 ], [ 13.58861, 52.77301 ], [ 13.58844, 52.77308 ], [ 13.58774, 52.77313 ], [ 13.58764, 52.77317 ], [ 13.58783, 52.77336 ], [ 13.58855, 52.77337 ], [ 13.58929, 52.77329 ], [ 13.58992, 52.77316 ], [ 13.58964, 52.77313 ] ] ] } },
{ "type": "Feature", "properties": { "boden": "100 % mittel, mäßig frisch (M2)" }, "geometry": { "type": "Polygon", "coordinates": [ [ [ 13.58503, 52.77289 ], [ 13.58485, 52.77294 ], [ 13.58477, 52.77304 ], [ 13.58484, 52.77315 ], [ 13.58502, 52.7732 ], [ 13.5852, 52.77316 ], [ 13.58527, 52.77305 ], [ 13.5852, 52.77294 ], [ 13.58503, 52.77289 ] ] ] } },
{ "type": "Feature", "properties": { "boden": "100 % mittel, trocken (vermutet) (M3)" }, "geometry": { "type": "Polygon", "coordinates": [ [ [ 13.57696, 52.77536 ], [ 13.57771, 52.77491 ], [ 13.57816, 52.77476 ], [ 13.57875, 52.77412 ], [ 13.57932, 52.77385 ], [ 13.5795, 52.77331 ], [ 13.57982, 52.77315 ], [ 13.58027, 52.77312 ], [ 13.58074, 52.77319 ], [ 13.58087, 52.77334 ], [ 13.58103, 52.77385 ], [ 13.58134, 52.77374 ], [ 13.58199, 52.77367 ], [ 13.58221, 52.77357 ], [ 13.58238, 52.7734 ], [ 13.58254, 52.77338 ], [ 13.58294, 52.77347 ], [ 13.58339, 52.77366 ], [ 13.58356, 52.77385 ], [ 13.58355, 52.7741 ], [ 13.58389, 52.77413 ], [ 13.58401, 52.77405 ], [ 13.58427, 52.774 ], [ 13.5843, 52.77391 ], [ 13.58398, 52.77365 ], [ 13.58351, 52.77353 ], [ 13.58341, 52.77341 ], [ 13.58348, 52.77315 ], [ 13.58392, 52.77318 ], [ 13.58407, 52.77313 ], [ 13.58389, 52.7728 ], [ 13.58355, 52.77265 ], [ 13.58262, 52.77253 ], [ 13.58201, 52.7725 ], [ 13.58148, 52.77258 ], [ 13.58124, 52.7727 ], [ 13.58087, 52.77274 ], [ 13.58022, 52.77251 ], [ 13.58002, 52.77249 ], [ 13.57959, 52.77262 ], [ 13.5788, 52.77268 ], [ 13.57851, 52.77276 ], [ 13.57816, 52.77315 ], [ 13.578, 52.77354 ], [ 13.578, 52.77388 ], [ 13.57769, 52.77396 ], [ 13.57755, 52.77419 ], [ 13.57739, 52.77429 ], [ 13.57738, 52.7744 ], [ 13.57756, 52.77456 ], [ 13.57711, 52.7746 ], [ 13.57705, 52.77476 ], [ 13.57673, 52.77476 ], [ 13.57631, 52.77494 ], [ 13.57606, 52.77497 ], [ 13.57537, 52.77515 ], [ 13.57497, 52.77538 ], [ 13.57436, 52.77558 ], [ 13.5744, 52.77575 ], [ 13.57424, 52.77581 ], [ 13.57412, 52.77577 ], [ 13.57389, 52.77557 ], [ 13.57281, 52.7755 ], [ 13.57178, 52.77524 ], [ 13.57144, 52.77522 ], [ 13.57128, 52.77512 ], [ 13.571, 52.77507 ], [ 13.57072, 52.77493 ], [ 13.57024, 52.77456 ], [ 13.57007, 52.7746 ], [ 13.56995, 52.77458 ], [ 13.56896, 52.77363 ], [ 13.56823, 52.7731 ], [ 13.56802, 52.77288 ], [ 13.56769, 52.77241 ], [ 13.56755, 52.77196 ], [ 13.56739, 52.77175 ], [ 13.56694, 52.77136 ], [ 13.56574, 52.77056 ], [ 13.56564, 52.77008 ], [ 13.56545, 52.76994 ], [ 13.56537, 52.76993 ], [ 13.56531, 52.76997 ], [ 13.56532, 52.77045 ], [ 13.56571, 52.77125 ], [ 13.5666, 52.77189 ], [ 13.56701, 52.77242 ], [ 13.5674, 52.77274 ], [ 13.56754, 52.77296 ], [ 13.56801, 52.7731 ], [ 13.56818, 52.77335 ], [ 13.56829, 52.77372 ], [ 13.56851, 52.774 ], [ 13.56924, 52.77459 ], [ 13.56971, 52.77442 ], [ 13.57076, 52.77531 ], [ 13.57171, 52.77558 ], [ 13.57323, 52.77587 ], [ 13.57382, 52.77574 ], [ 13.57423, 52.77589 ], [ 13.57651, 52.77508 ], [ 13.57696, 52.77536 ] ] ] } },
{ "type": "Feature", "properties": { "boden": "100 % mittel, mäßig frisch (M2)" }, "geometry": { "type": "Polygon", "coordinates": [ [ [ 13.57604, 52.77333 ], [ 13.57545, 52.77373 ], [ 13.57405, 52.77424 ], [ 13.57336, 52.77427 ], [ 13.57268, 52.7741 ], [ 13.5721, 52.77382 ], [ 13.57132, 52.77312 ], [ 13.5699, 52.77147 ], [ 13.56973, 52.77161 ], [ 13.5697, 52.77189 ], [ 13.56986, 52.77204 ], [ 13.56986, 52.77229 ], [ 13.57011, 52.77259 ], [ 13.57053, 52.77276 ], [ 13.57046, 52.77282 ], [ 13.57047, 52.77296 ], [ 13.57083, 52.77337 ], [ 13.57158, 52.77387 ], [ 13.57188, 52.77393 ], [ 13.57217, 52.77409 ], [ 13.57258, 52.77423 ], [ 13.57287, 52.77438 ], [ 13.57332, 52.77447 ], [ 13.5739, 52.77444 ], [ 13.57422, 52.77427 ], [ 13.57543, 52.77381 ], [ 13.5757, 52.77366 ], [ 13.57604, 52.77333 ] ] ] } },
{ "type": "Feature", "properties": { "boden": "100 % mittel, mäßig frisch (M2)" }, "geometry": { "type": "MultiPolygon", "coordinates": [ [ [ [ 13.58339, 52.77206 ], [ 13.58329, 52.77198 ], [ 13.58276, 52.77194 ], [ 13.58228, 52.77173 ], [ 13.58188, 52.77171 ], [ 13.58126, 52.77175 ], [ 13.5809, 52.77165 ], [ 13.57983, 52.77156 ], [ 13.57915, 52.77161 ], [ 13.57823, 52.77183 ], [ 13.57787, 52.77195 ], [ 13.57753, 52.77213 ], [ 13.5769, 52.77275 ], [ 13.5764, 52.77303 ], [ 13.57635, 52.77315 ], [ 13.57543, 52.77381 ], [ 13.57422, 52.77427 ], [ 13.5739, 52.77444 ], [ 13.57363, 52.77448 ], [ 13.57332, 52.77447 ], [ 13.57287, 52.77438 ], [ 13.57258, 52.77423 ], [ 13.57217, 52.77409 ], [ 13.57188, 52.77393 ], [ 13.57158, 52.77387 ], [ 13.57083, 52.77337 ], [ 13.57065, 52.7732 ], [ 13.57082, 52.77339 ], [ 13.57223, 52.77448 ], [ 13.57299, 52.77474 ], [ 13.57371, 52.77484 ], [ 13.57453, 52.77473 ], [ 13.57598, 52.77408 ], [ 13.57598, 52.77422 ], [ 13.57619, 52.77407 ], [ 13.57629, 52.77386 ], [ 13.57645, 52.77384 ], [ 13.57662, 52.77391 ], [ 13.57671, 52.77398 ], [ 13.57664, 52.77408 ], [ 13.5765, 52.77413 ], [ 13.57635, 52.77442 ], [ 13.57617, 52.77446 ], [ 13.57598, 52.7744 ], [ 13.57599, 52.77469 ], [ 13.57647, 52.77453 ], [ 13.5768, 52.77437 ], [ 13.57709, 52.77437 ], [ 13.57703, 52.77426 ], [ 13.57706, 52.77417 ], [ 13.57779, 52.77334 ], [ 13.57798, 52.77286 ], [ 13.5781, 52.77274 ], [ 13.57831, 52.77264 ], [ 13.58001, 52.77222 ], [ 13.5803, 52.7722 ], [ 13.5813, 52.77231 ], [ 13.58222, 52.77218 ], [ 13.58319, 52.77219 ], [ 13.58325, 52.7721 ], [ 13.58339, 52.77206 ] ], [ [ 13.57802, 52.77244 ], [ 13.57795, 52.77254 ], [ 13.57777, 52.77259 ], [ 13.57759, 52.77254 ], [ 13.57752, 52.77243 ], [ 13.5776, 52.77232 ], [ 13.57778, 52.77228 ], [ 13.57795, 52.77233 ], [ 13.57802, 52.77244 ] ] ], [ [ [ 13.57045, 52.77288 ], [ 13.5705, 52.77273 ], [ 13.5702, 52.77264 ], [ 13.57006, 52.77254 ], [ 13.57065, 52.7732 ], [ 13.57045, 52.77288 ] ] ] ] } },
{ "type": "Feature", "properties": { "boden": "100 % mittel, mäßig frisch (M2)" }, "geometry": { "type": "Polygon", "coordinates": [ [ [ 13.57598, 52.7744 ], [ 13.57617, 52.77446 ], [ 13.57635, 52.77442 ], [ 13.5765, 52.77413 ], [ 13.57664, 52.77408 ], [ 13.57671, 52.77398 ], [ 13.57645, 52.77384 ], [ 13.57629, 52.77386 ], [ 13.57619, 52.77407 ], [ 13.57598, 52.77422 ], [ 13.57598, 52.7744 ] ] ] } },
{ "type": "Feature", "properties": { "boden": "100 % mittel, trocken (vermutet) (M3)" }, "geometry": { "type": "Polygon", "coordinates": [ [ [ 13.58353, 52.77483 ], [ 13.58331, 52.77469 ], [ 13.58284, 52.77468 ], [ 13.58272, 52.77483 ], [ 13.58271, 52.77508 ], [ 13.58263, 52.77529 ], [ 13.58246, 52.77546 ], [ 13.58209, 52.77565 ], [ 13.58257, 52.77548 ], [ 13.58353, 52.7749 ], [ 13.58353, 52.77483 ] ] ] } },
{ "type": "Feature", "properties": { "boden": "100 % mittel, mäßig frisch (M2)" }, "geometry": { "type": "Polygon", "coordinates": [ [ [ 13.58186, 52.77505 ], [ 13.58166, 52.77508 ], [ 13.58139, 52.77521 ], [ 13.58143, 52.7754 ], [ 13.58164, 52.77546 ], [ 13.58184, 52.77544 ], [ 13.5822, 52.77527 ], [ 13.58221, 52.77512 ], [ 13.58186, 52.77505 ] ] ] } },
{ "type": "Feature", "properties": { "boden": "100 % mittel, trocken (vermutet) (M3)" }, "geometry": { "type": "Polygon", "coordinates": [ [ [ 13.58048, 52.77503 ], [ 13.58022, 52.77507 ], [ 13.58016, 52.77519 ], [ 13.58017, 52.77535 ], [ 13.58021, 52.77543 ], [ 13.5803, 52.77545 ], [ 13.5806, 52.77541 ], [ 13.58068, 52.77528 ], [ 13.58065, 52.77519 ], [ 13.58048, 52.77503 ] ] ] } },
{ "type": "Feature", "properties": { "boden": "100 % mittel, trocken (vermutet) (M3)" }, "geometry": { "type": "Polygon", "coordinates": [ [ [ 13.58257, 52.77548 ], [ 13.58203, 52.77568 ], [ 13.58198, 52.77577 ], [ 13.58209, 52.77587 ], [ 13.58218, 52.77588 ], [ 13.58217, 52.77579 ], [ 13.58226, 52.77568 ], [ 13.58329, 52.77525 ], [ 13.58353, 52.7749 ], [ 13.58257, 52.77548 ] ] ] } },
{ "type": "Feature", "properties": { "boden": "100 % mittel, mäßig frisch (M2)" }, "geometry": { "type": "Polygon", "coordinates": [ [ [ 13.58668, 52.77821 ], [ 13.58607, 52.77742 ], [ 13.58565, 52.77651 ], [ 13.58568, 52.77612 ], [ 13.58578, 52.77591 ], [ 13.58536, 52.7759 ], [ 13.58501, 52.77603 ], [ 13.58481, 52.7762 ], [ 13.58458, 52.77657 ], [ 13.5845, 52.77658 ], [ 13.58434, 52.77649 ], [ 13.58425, 52.77634 ], [ 13.58424, 52.77609 ], [ 13.58434, 52.77595 ], [ 13.58432, 52.77584 ], [ 13.5845, 52.77571 ], [ 13.58489, 52.77567 ], [ 13.58553, 52.77548 ], [ 13.58595, 52.77559 ], [ 13.58622, 52.77529 ], [ 13.58675, 52.77488 ], [ 13.5863, 52.77476 ], [ 13.58558, 52.7747 ], [ 13.58533, 52.77464 ], [ 13.58521, 52.77454 ], [ 13.58516, 52.77433 ], [ 13.58532, 52.77423 ], [ 13.58608, 52.77411 ], [ 13.58616, 52.774 ], [ 13.58611, 52.77389 ], [ 13.58617, 52.77383 ], [ 13.58754, 52.77361 ], [ 13.58675, 52.77341 ], [ 13.58491, 52.77408 ], [ 13.58353, 52.7749 ], [ 13.58329, 52.77525 ], [ 13.58226, 52.77568 ], [ 13.58217, 52.77579 ], [ 13.58218, 52.77588 ], [ 13.58209, 52.77587 ], [ 13.58198, 52.77577 ], [ 13.58209, 52.77565 ], [ 13.5802, 52.77633 ], [ 13.57956, 52.77686 ], [ 13.57928, 52.77696 ], [ 13.57808, 52.77764 ], [ 13.57841, 52.77795 ], [ 13.57899, 52.77781 ], [ 13.58005, 52.77744 ], [ 13.58051, 52.77775 ], [ 13.5812, 52.77801 ], [ 13.58192, 52.7776 ], [ 13.58541, 52.77834 ], [ 13.58546, 52.77813 ], [ 13.58558, 52.77809 ], [ 13.58592, 52.7781 ], [ 13.58631, 52.7782 ], [ 13.58668, 52.77821 ] ], [ [ 13.5857, 52.7772 ], [ 13.5857, 52.77737 ], [ 13.58555, 52.77748 ], [ 13.58518, 52.77759 ], [ 13.5849, 52.77761 ], [ 13.58448, 52.77753 ], [ 13.58394, 52.77729 ], [ 13.58324, 52.7771 ], [ 13.5831, 52.77699 ], [ 13.58307, 52.77686 ], [ 13.58319, 52.77673 ], [ 13.58348, 52.77662 ], [ 13.58366, 52.77664 ], [ 13.58457, 52.77695 ], [ 13.58478, 52.77694 ], [ 13.58533, 52.77682 ], [ 13.58558, 52.77694 ], [ 13.5857, 52.7772 ] ], [ [ 13.57952, 52.77731 ], [ 13.57944, 52.77742 ], [ 13.57927, 52.77746 ], [ 13.57909, 52.77741 ], [ 13.57902, 52.77731 ], [ 13.5793, 52.77716 ], [ 13.57945, 52.7772 ], [ 13.57952, 52.77731 ] ], [ [ 13.57885, 52.77766 ], [ 13.57877, 52.77776 ], [ 13.57859, 52.7778 ], [ 13.57841, 52.77776 ], [ 13.57834, 52.77765 ], [ 13.57842, 52.77754 ], [ 13.5786, 52.7775 ], [ 13.57878, 52.77755 ], [ 13.57885, 52.77766 ] ] ] } },
{ "type": "Feature", "properties": { "boden": "100 % mittel, mäßig frisch (M2)" }, "geometry": { "type": "Polygon", "coordinates": [ [ [ 13.56825, 52.77626 ], [ 13.5672, 52.77559 ], [ 13.56687, 52.7758 ], [ 13.56679, 52.776 ], [ 13.56683, 52.77612 ], [ 13.56699, 52.77625 ], [ 13.56782, 52.77632 ], [ 13.56808, 52.77625 ], [ 13.56825, 52.77626 ] ] ] } },
{ "type": "Feature", "properties": { "boden": "100 % mittel, trocken (vermutet) (M3)" }, "geometry": { "type": "Polygon", "coordinates": [ [ [ 13.58465, 52.77342 ], [ 13.58459, 52.77345 ], [ 13.58462, 52.77354 ], [ 13.58474, 52.77361 ], [ 13.58515, 52.77368 ], [ 13.58544, 52.77378 ], [ 13.58556, 52.77378 ], [ 13.58567, 52.77371 ], [ 13.5856, 52.77365 ], [ 13.58521, 52.77361 ], [ 13.58491, 52.77348 ], [ 13.58465, 52.77342 ] ] ] } },
{ "type": "Feature", "properties": { "boden": "100 % ziemlich arm, mäßig frisch (Z2)" }, "geometry": { "type": "Polygon", "coordinates": [ [ [ 13.58981, 52.77346 ], [ 13.5897, 52.77343 ], [ 13.58924, 52.77342 ], [ 13.58911, 52.77349 ], [ 13.58905, 52.77356 ], [ 13.58912, 52.77389 ], [ 13.58964, 52.77393 ], [ 13.58978, 52.77389 ], [ 13.58981, 52.77346 ] ] ] } },
{ "type": "Feature", "properties": { "boden": "100 % mittel, mäßig frisch (M2)" }, "geometry": { "type": "Polygon", "coordinates": [ [ [ 13.59162, 52.773 ], [ 13.59154, 52.77307 ], [ 13.59137, 52.77309 ], [ 13.59096, 52.77306 ], [ 13.59081, 52.773 ], [ 13.59074, 52.77271 ], [ 13.59086, 52.77258 ], [ 13.59146, 52.77263 ], [ 13.59091, 52.77228 ], [ 13.59029, 52.77227 ], [ 13.58979, 52.77216 ], [ 13.58935, 52.7723 ], [ 13.58837, 52.77245 ], [ 13.58783, 52.77263 ], [ 13.58767, 52.77314 ], [ 13.58844, 52.77308 ], [ 13.58861, 52.77301 ], [ 13.58892, 52.77277 ], [ 13.58906, 52.77274 ], [ 13.58945, 52.77283 ], [ 13.58964, 52.77313 ], [ 13.58992, 52.77316 ], [ 13.59013, 52.77312 ], [ 13.59015, 52.77302 ], [ 13.59114, 52.77313 ], [ 13.59223, 52.77357 ], [ 13.59469, 52.77536 ], [ 13.59383, 52.7743 ], [ 13.59339, 52.77385 ], [ 13.59238, 52.77313 ], [ 13.59165, 52.77276 ], [ 13.59162, 52.773 ] ], [ [ 13.5903, 52.77278 ], [ 13.59022, 52.77288 ], [ 13.59004, 52.77292 ], [ 13.58986, 52.77288 ], [ 13.58979, 52.77277 ], [ 13.58987, 52.77266 ], [ 13.59005, 52.77262 ], [ 13.59022, 52.77267 ], [ 13.5903, 52.77278 ] ], [ [ 13.58958, 52.77261 ], [ 13.5895, 52.77272 ], [ 13.58932, 52.77276 ], [ 13.58915, 52.77272 ], [ 13.58908, 52.77261 ], [ 13.58915, 52.7725 ], [ 13.58933, 52.77246 ], [ 13.58951, 52.77251 ], [ 13.58958, 52.77261 ] ] ] } },
{ "type": "Feature", "properties": { "boden": "100 % ziemlich arm, mäßig frisch (Z2)" }, "geometry": { "type": "Polygon", "coordinates": [ [ [ 13.5918, 52.77376 ], [ 13.59176, 52.77369 ], [ 13.59154, 52.77369 ], [ 13.59145, 52.7736 ], [ 13.59117, 52.77357 ], [ 13.59013, 52.77312 ], [ 13.58992, 52.77316 ], [ 13.59029, 52.77324 ], [ 13.59092, 52.77352 ], [ 13.59178, 52.77382 ], [ 13.59214, 52.77406 ], [ 13.59262, 52.77427 ], [ 13.59342, 52.77487 ], [ 13.59311, 52.77452 ], [ 13.5918, 52.77376 ] ] ] } },
{ "type": "Feature", "properties": { "boden": "100 % mittel, trocken (vermutet) (M3)" }, "geometry": { "type": "Polygon", "coordinates": [ [ [ 13.58765, 52.77364 ], [ 13.5871, 52.77366 ], [ 13.58617, 52.77383 ], [ 13.58611, 52.77389 ], [ 13.58616, 52.774 ], [ 13.58608, 52.77411 ], [ 13.58521, 52.77427 ], [ 13.58516, 52.77433 ], [ 13.58521, 52.77454 ], [ 13.58533, 52.77464 ], [ 13.58558, 52.7747 ], [ 13.5863, 52.77476 ], [ 13.58675, 52.77488 ], [ 13.58699, 52.7747 ], [ 13.58741, 52.77451 ], [ 13.58812, 52.77431 ], [ 13.58822, 52.77418 ], [ 13.5882, 52.77402 ], [ 13.58797, 52.77381 ], [ 13.58765, 52.77364 ] ] ] } },
{ "type": "Feature", "properties": { "boden": "100 % ziemlich arm, mäßig frisch (Z2)" }, "geometry": { "type": "Polygon", "coordinates": [ [ [ 13.59229, 52.77462 ], [ 13.59302, 52.77512 ], [ 13.5932, 52.77508 ], [ 13.59328, 52.77497 ], [ 13.59321, 52.77486 ], [ 13.5928, 52.7748 ], [ 13.59273, 52.77476 ], [ 13.59281, 52.77458 ], [ 13.59274, 52.77447 ], [ 13.59257, 52.77442 ], [ 13.59239, 52.77446 ], [ 13.59229, 52.77462 ] ] ] } },
{ "type": "Feature", "properties": { "boden": "100 % ziemlich arm, mäßig frisch (Z2)" }, "geometry": { "type": "Polygon", "coordinates": [ [ [ 13.59229, 52.77462 ], [ 13.59207, 52.77485 ], [ 13.59214, 52.77496 ], [ 13.59232, 52.77501 ], [ 13.59259, 52.77496 ], [ 13.59301, 52.77512 ], [ 13.59229, 52.77462 ] ] ] } },
{ "type": "Feature", "properties": { "boden": "100 % ziemlich arm, trocken (vermutet) (Z3)" }, "geometry": { "type": "Polygon", "coordinates": [ [ [ 13.58981, 52.77358 ], [ 13.58978, 52.77389 ], [ 13.58964, 52.77393 ], [ 13.58912, 52.77389 ], [ 13.58906, 52.77376 ], [ 13.58884, 52.77355 ], [ 13.58863, 52.77349 ], [ 13.58782, 52.77355 ], [ 13.58754, 52.77361 ], [ 13.58797, 52.77381 ], [ 13.5882, 52.77402 ], [ 13.58822, 52.77418 ], [ 13.58812, 52.77431 ], [ 13.58741, 52.77451 ], [ 13.58699, 52.7747 ], [ 13.58675, 52.77488 ], [ 13.58704, 52.7749 ], [ 13.5875, 52.77481 ], [ 13.58777, 52.77491 ], [ 13.58805, 52.77494 ], [ 13.58817, 52.77481 ], [ 13.58856, 52.77482 ], [ 13.58904, 52.77475 ], [ 13.58941, 52.77478 ], [ 13.58969, 52.77486 ], [ 13.58974, 52.7751 ], [ 13.58988, 52.77492 ], [ 13.59003, 52.7749 ], [ 13.59019, 52.77494 ], [ 13.59099, 52.77599 ], [ 13.59111, 52.77627 ], [ 13.59143, 52.77625 ], [ 13.59146, 52.77613 ], [ 13.59124, 52.77581 ], [ 13.59081, 52.77545 ], [ 13.59038, 52.77498 ], [ 13.59021, 52.77467 ], [ 13.59016, 52.77429 ], [ 13.59032, 52.77424 ], [ 13.59045, 52.77427 ], [ 13.59111, 52.77466 ], [ 13.59123, 52.77467 ], [ 13.59125, 52.77455 ], [ 13.59077, 52.77412 ], [ 13.5902, 52.77384 ], [ 13.5901, 52.77367 ], [ 13.58995, 52.77358 ], [ 13.58981, 52.77358 ] ] ] } },
{ "type": "Feature", "properties": { "boden": "100 % kräftig, nass (OK3)" }, "geometry": { "type": "Polygon", "coordinates": [ [ [ 13.59469, 52.77536 ], [ 13.59223, 52.77357 ], [ 13.59189, 52.77377 ], [ 13.59311, 52.77452 ], [ 13.59366, 52.77515 ], [ 13.59364, 52.77536 ], [ 13.59391, 52.77567 ], [ 13.59354, 52.77567 ], [ 13.59303, 52.7755 ], [ 13.59243, 52.77511 ], [ 13.59231, 52.77519 ], [ 13.59291, 52.77591 ], [ 13.59411, 52.77672 ], [ 13.5952, 52.77597 ], [ 13.59469, 52.77536 ] ] ] } },
{ "type": "Feature", "properties": { "boden": "100 % ziemlich arm, mäßig frisch (Z2)" }, "geometry": { "type": "Polygon", "coordinates": [ [ [ 13.59291, 52.77591 ], [ 13.59231, 52.77519 ], [ 13.59243, 52.77511 ], [ 13.59303, 52.7755 ], [ 13.59354, 52.77567 ], [ 13.59367, 52.77567 ], [ 13.59301, 52.77512 ], [ 13.59259, 52.77496 ], [ 13.59232, 52.77501 ], [ 13.59214, 52.77496 ], [ 13.59207, 52.77485 ], [ 13.59229, 52.77462 ], [ 13.59167, 52.77419 ], [ 13.5915, 52.77414 ], [ 13.59142, 52.77417 ], [ 13.59141, 52.77436 ], [ 13.59157, 52.77476 ], [ 13.59191, 52.77526 ], [ 13.59263, 52.77604 ], [ 13.59324, 52.7765 ], [ 13.59362, 52.77659 ], [ 13.59387, 52.77655 ], [ 13.59291, 52.77591 ] ] ] } },
{ "type": "Feature", "properties": { "boden": "100 % ziemlich arm, mäßig frisch (Z2)" }, "geometry": { "type": "Polygon", "coordinates": [ [ [ 13.59974, 52.77413 ], [ 13.59925, 52.77373 ], [ 13.59841, 52.77272 ], [ 13.59815, 52.77174 ], [ 13.59828, 52.77155 ], [ 13.59883, 52.77114 ], [ 13.59984, 52.77092 ], [ 13.59974, 52.77087 ], [ 13.59958, 52.77088 ], [ 13.59955, 52.77093 ], [ 13.59937, 52.77097 ], [ 13.59919, 52.77092 ], [ 13.59894, 52.7707 ], [ 13.59856, 52.77062 ], [ 13.59855, 52.77079 ], [ 13.59763, 52.7715 ], [ 13.59721, 52.77192 ], [ 13.59714, 52.77209 ], [ 13.59722, 52.77232 ], [ 13.59734, 52.77242 ], [ 13.59785, 52.77233 ], [ 13.59798, 52.77236 ], [ 13.59812, 52.77259 ], [ 13.59814, 52.7728 ], [ 13.59806, 52.77281 ], [ 13.59789, 52.7727 ], [ 13.59785, 52.77281 ], [ 13.59827, 52.77304 ], [ 13.59829, 52.77338 ], [ 13.59844, 52.7736 ], [ 13.59927, 52.774 ], [ 13.59952, 52.77428 ], [ 13.59993, 52.77447 ], [ 13.59993, 52.77456 ], [ 13.60002, 52.77456 ], [ 13.60005, 52.77445 ], [ 13.60017, 52.77443 ], [ 13.60033, 52.77432 ], [ 13.59974, 52.77413 ] ] ] } },
{ "type": "Feature", "properties": { "boden": "100 % arm, mäßig frisch (A2)" }, "geometry": { "type": "Polygon", "coordinates": [ [ [ 13.60426, 52.77275 ], [ 13.60387, 52.77279 ], [ 13.60353, 52.77273 ], [ 13.60312, 52.77277 ], [ 13.60259, 52.77304 ], [ 13.60272, 52.77314 ], [ 13.60325, 52.77292 ], [ 13.6039, 52.77288 ], [ 13.60426, 52.77275 ] ] ] } },
{ "type": "Feature", "properties": { "boden": "100 % ziemlich arm, trocken (vermutet) (Z3)" }, "geometry": { "type": "Polygon", "coordinates": [ [ [ 13.59783, 52.77358 ], [ 13.5982, 52.77406 ], [ 13.59793, 52.77413 ], [ 13.59793, 52.77421 ], [ 13.59823, 52.77458 ], [ 13.59871, 52.77475 ], [ 13.59889, 52.77475 ], [ 13.59893, 52.77464 ], [ 13.59876, 52.7743 ], [ 13.59862, 52.77419 ], [ 13.59843, 52.77416 ], [ 13.59824, 52.77406 ], [ 13.59787, 52.77362 ], [ 13.59773, 52.77334 ], [ 13.59753, 52.77331 ], [ 13.59783, 52.77358 ] ] ] } },
{ "type": "Feature", "properties": { "boden": "100 % ziemlich arm, trocken (vermutet) (Z3)" }, "geometry": { "type": "Polygon", "coordinates": [ [ [ 13.60092, 52.77565 ], [ 13.60131, 52.77546 ], [ 13.60136, 52.77535 ], [ 13.60128, 52.77528 ], [ 13.60088, 52.77521 ], [ 13.60042, 52.77504 ], [ 13.59926, 52.77485 ], [ 13.59889, 52.77489 ], [ 13.59875, 52.775 ], [ 13.59842, 52.77544 ], [ 13.59821, 52.77552 ], [ 13.59797, 52.77552 ], [ 13.59829, 52.77567 ], [ 13.59856, 52.7757 ], [ 13.59917, 52.77566 ], [ 13.60026, 52.77574 ], [ 13.60092, 52.77565 ] ] ] } },
{ "type": "Feature", "properties": { "boden": "100 % ziemlich arm, mäßig frisch (Z2)" }, "geometry": { "type": "Polygon", "coordinates": [ [ [ 13.60078, 52.7766 ], [ 13.60089, 52.77649 ], [ 13.6008, 52.77637 ], [ 13.60038, 52.77633 ], [ 13.60007, 52.77644 ], [ 13.59988, 52.77645 ], [ 13.5998, 52.77638 ], [ 13.59991, 52.77627 ], [ 13.5999, 52.77621 ], [ 13.59956, 52.77609 ], [ 13.5984, 52.77606 ], [ 13.59818, 52.77602 ], [ 13.59808, 52.77624 ], [ 13.59772, 52.77617 ], [ 13.5976, 52.77609 ], [ 13.59713, 52.77625 ], [ 13.59743, 52.77653 ], [ 13.59874, 52.77648 ], [ 13.59973, 52.77659 ], [ 13.6002, 52.77659 ], [ 13.60064, 52.77664 ], [ 13.60078, 52.7766 ] ] ] } },
{ "type": "Feature", "properties": { "boden": "60 % ziemlich arm, mäßig frisch (Z2) · 40 % mittel, mäßig frisch (M2)" }, "geometry": { "type": "Polygon", "coordinates": [ [ [ 13.60409, 52.7783 ], [ 13.60353, 52.77824 ], [ 13.6034, 52.77831 ], [ 13.6035, 52.77861 ], [ 13.6036, 52.77865 ], [ 13.60411, 52.77861 ], [ 13.60409, 52.7783 ] ] ] } },
{ "type": "Feature", "properties": { "boden": "100 % ziemlich arm, mäßig frisch (Z2)" }, "geometry": { "type": "Polygon", "coordinates": [ [ [ 13.60202, 52.77935 ], [ 13.6016, 52.77949 ], [ 13.6012, 52.77954 ], [ 13.60084, 52.77953 ], [ 13.59909, 52.77904 ], [ 13.59868, 52.77882 ], [ 13.59763, 52.77845 ], [ 13.59669, 52.77802 ], [ 13.59663, 52.77779 ], [ 13.59647, 52.77796 ], [ 13.59645, 52.77824 ], [ 13.59755, 52.77872 ], [ 13.5987, 52.77903 ], [ 13.59905, 52.77921 ], [ 13.59978, 52.77947 ], [ 13.59993, 52.77958 ], [ 13.59975, 52.7796 ], [ 13.60008, 52.7797 ], [ 13.60059, 52.77976 ], [ 13.60152, 52.77975 ], [ 13.60194, 52.77965 ], [ 13.60219, 52.77951 ], [ 13.60234, 52.77934 ], [ 13.60202, 52.77935 ] ] ] } },
{ "type": "Feature", "properties": { "boden": "60 % mittel, trocken (vermutet) (M3) · 40 % mittel, trocken (vermutet) (M3)" }, "geometry": { "type": "Polygon", "coordinates": [ [ [ 13.59845, 52.77923 ], [ 13.59784, 52.779 ], [ 13.596, 52.77819 ], [ 13.59533, 52.77805 ], [ 13.59485, 52.778 ], [ 13.59529, 52.7782 ], [ 13.59577, 52.77827 ], [ 13.59646, 52.77846 ], [ 13.59691, 52.77865 ], [ 13.59764, 52.77906 ], [ 13.59826, 52.77928 ], [ 13.59928, 52.77954 ], [ 13.59975, 52.7796 ], [ 13.59845, 52.77923 ] ] ] } },
{ "type": "Feature", "properties": { "boden": "100 % ziemlich arm, trocken (vermutet) (Z3)" }, "geometry": { "type": "Polygon", "coordinates": [ [ [ 13.59643, 52.77838 ], [ 13.59784, 52.779 ], [ 13.59845, 52.77923 ], [ 13.59975, 52.7796 ], [ 13.59993, 52.77958 ], [ 13.59978, 52.77947 ], [ 13.59905, 52.77921 ], [ 13.5987, 52.77903 ], [ 13.59755, 52.77872 ], [ 13.59645, 52.77824 ], [ 13.59643, 52.77838 ] ] ] } },
{ "type": "Feature", "properties": { "boden": "60 % mittel, mäßig frisch (M2) · 40 % mittel, mäßig frisch (M2)" }, "geometry": { "type": "Polygon", "coordinates": [ [ [ 13.60427, 52.78044 ], [ 13.60407, 52.7805 ], [ 13.60409, 52.78062 ], [ 13.60431, 52.78067 ], [ 13.60456, 52.78067 ], [ 13.6047, 52.78062 ], [ 13.60455, 52.7805 ], [ 13.60427, 52.78044 ] ] ] } },
{ "type": "Feature", "properties": { "boden": "100 % mittel, trocken (vermutet) (M3)" }, "geometry": { "type": "Polygon", "coordinates": [ [ [ 13.58975, 52.77518 ], [ 13.59, 52.77542 ], [ 13.59016, 52.77572 ], [ 13.59065, 52.77601 ], [ 13.59081, 52.77605 ], [ 13.59089, 52.77622 ], [ 13.59111, 52.77627 ], [ 13.59099, 52.77599 ], [ 13.59019, 52.77494 ], [ 13.59003, 52.7749 ], [ 13.58988, 52.77492 ], [ 13.58974, 52.7751 ], [ 13.58975, 52.77518 ] ] ] } },
{ "type": "Feature", "properties": { "boden": "100 % ziemlich arm, mäßig frisch (Z2)" }, "geometry": { "type": "Polygon", "coordinates": [ [ [ 13.59663, 52.77779 ], [ 13.59411, 52.77672 ], [ 13.59387, 52.77655 ], [ 13.59345, 52.77658 ], [ 13.593, 52.77636 ], [ 13.5924, 52.77581 ], [ 13.59191, 52.77526 ], [ 13.59147, 52.77454 ], [ 13.59142, 52.77417 ], [ 13.5915, 52.77414 ], [ 13.59167, 52.77419 ], [ 13.59229, 52.77462 ], [ 13.59239, 52.77446 ], [ 13.59257, 52.77442 ], [ 13.59274, 52.77447 ], [ 13.59281, 52.77458 ], [ 13.59273, 52.77476 ], [ 13.5928, 52.7748 ], [ 13.59321, 52.77486 ], [ 13.59328, 52.77497 ], [ 13.5932, 52.77508 ], [ 13.59301, 52.77512 ], [ 13.59353, 52.77559 ], [ 13.59367, 52.77567 ], [ 13.59391, 52.77567 ], [ 13.59364, 52.77536 ], [ 13.59366, 52.77515 ], [ 13.59342, 52.77487 ], [ 13.59283, 52.77441 ], [ 13.59178, 52.77382 ], [ 13.59092, 52.77352 ], [ 13.59029, 52.77324 ], [ 13.58992, 52.77316 ], [ 13.58929, 52.77329 ], [ 13.58855, 52.77337 ], [ 13.58783, 52.77336 ], [ 13.58764, 52.77317 ], [ 13.58767, 52.77314 ], [ 13.58731, 52.7732 ], [ 13.58675, 52.77341 ], [ 13.58754, 52.77361 ], [ 13.58828, 52.7735 ], [ 13.58876, 52.7735 ], [ 13.58906, 52.77376 ], [ 13.58905, 52.77356 ], [ 13.58924, 52.77342 ], [ 13.5897, 52.77343 ], [ 13.58981, 52.77346 ], [ 13.58981, 52.77358 ], [ 13.58995, 52.77358 ], [ 13.5901, 52.77367 ], [ 13.5902, 52.77384 ], [ 13.59077, 52.77412 ], [ 13.59125, 52.77455 ], [ 13.59123, 52.77467 ], [ 13.59111, 52.77466 ], [ 13.59045, 52.77427 ], [ 13.59032, 52.77424 ], [ 13.59016, 52.77429 ], [ 13.59021, 52.77467 ], [ 13.59038, 52.77498 ], [ 13.59081, 52.77545 ], [ 13.59124, 52.77581 ], [ 13.59146, 52.77613 ], [ 13.59143, 52.77625 ], [ 13.59111, 52.77627 ], [ 13.5912, 52.77656 ], [ 13.59188, 52.77654 ], [ 13.5921, 52.77659 ], [ 13.59203, 52.77666 ], [ 13.59179, 52.77671 ], [ 13.59153, 52.77684 ], [ 13.59229, 52.77717 ], [ 13.59289, 52.77732 ], [ 13.5929, 52.77713 ], [ 13.59299, 52.77706 ], [ 13.59316, 52.77702 ], [ 13.59353, 52.77703 ], [ 13.59386, 52.77715 ], [ 13.59417, 52.77731 ], [ 13.59426, 52.77741 ], [ 13.59417, 52.77745 ], [ 13.59384, 52.77744 ], [ 13.59356, 52.77748 ], [ 13.59426, 52.77761 ], [ 13.59456, 52.77741 ], [ 13.59468, 52.77741 ], [ 13.59645, 52.77824 ], [ 13.59647, 52.77796 ], [ 13.59663, 52.77779 ] ] ] } },
{ "type": "Feature", "properties": { "boden": "100 % mittel, trocken (vermutet) (M3)" }, "geometry": { "type": "Polygon", "coordinates": [ [ [ 13.58578, 52.77591 ], [ 13.58595, 52.77559 ], [ 13.58553, 52.77548 ], [ 13.58489, 52.77567 ], [ 13.5845, 52.77571 ], [ 13.58438, 52.77577 ], [ 13.58423, 52.77624 ], [ 13.58441, 52.77655 ], [ 13.5845, 52.77658 ], [ 13.58465, 52.77653 ], [ 13.58481, 52.7762 ], [ 13.58501, 52.77603 ], [ 13.58536, 52.7759 ], [ 13.58578, 52.77591 ] ] ] } },
{ "type": "Feature", "properties": { "boden": "100 % ziemlich arm, mäßig frisch (Z2)" }, "geometry": { "type": "Polygon", "coordinates": [ [ [ 13.58974, 52.77493 ], [ 13.58962, 52.77482 ], [ 13.58904, 52.77475 ], [ 13.58856, 52.77482 ], [ 13.58817, 52.77481 ], [ 13.58805, 52.77494 ], [ 13.58777, 52.77491 ], [ 13.5875, 52.77481 ], [ 13.58704, 52.7749 ], [ 13.58675, 52.77488 ], [ 13.58602, 52.77548 ], [ 13.58568, 52.77612 ], [ 13.58565, 52.77651 ], [ 13.58607, 52.77742 ], [ 13.58668, 52.77821 ], [ 13.58762, 52.77826 ], [ 13.58702, 52.77785 ], [ 13.58714, 52.77755 ], [ 13.58852, 52.77722 ], [ 13.5889, 52.77705 ], [ 13.58916, 52.77683 ], [ 13.58946, 52.77563 ], [ 13.58974, 52.7751 ], [ 13.58974, 52.77493 ] ] ] } },
{ "type": "Feature", "properties": { "boden": "100 % ziemlich arm, trocken (vermutet) (Z3)" }, "geometry": { "type": "Polygon", "coordinates": [ [ [ 13.59125, 52.77672 ], [ 13.59153, 52.77684 ], [ 13.59179, 52.77671 ], [ 13.59203, 52.77666 ], [ 13.5921, 52.77659 ], [ 13.59188, 52.77654 ], [ 13.5912, 52.77656 ], [ 13.59125, 52.77672 ] ] ] } },
{ "type": "Feature", "properties": { "boden": "100 % mittel, trocken (vermutet) (M3)" }, "geometry": { "type": "Polygon", "coordinates": [ [ [ 13.59125, 52.77672 ], [ 13.5912, 52.77656 ], [ 13.59103, 52.77662 ], [ 13.59096, 52.77672 ], [ 13.59105, 52.77698 ], [ 13.59118, 52.77704 ], [ 13.59133, 52.777 ], [ 13.59153, 52.77684 ], [ 13.59125, 52.77672 ] ] ] } },
{ "type": "Feature", "properties": { "boden": "100 % mittel, mäßig frisch (M2)" }, "geometry": { "type": "Polygon", "coordinates": [ [ [ 13.58558, 52.77694 ], [ 13.58533, 52.77682 ], [ 13.58478, 52.77694 ], [ 13.58457, 52.77695 ], [ 13.58366, 52.77664 ], [ 13.58348, 52.77662 ], [ 13.58319, 52.77673 ], [ 13.58307, 52.77686 ], [ 13.5831, 52.77699 ], [ 13.58324, 52.7771 ], [ 13.58394, 52.77729 ], [ 13.58448, 52.77753 ], [ 13.5849, 52.77761 ], [ 13.58531, 52.77756 ], [ 13.58568, 52.7774 ], [ 13.5857, 52.7772 ], [ 13.58558, 52.77694 ] ] ] } },
{ "type": "Feature", "properties": { "boden": "100 % ziemlich arm, trocken (vermutet) (Z3)" }, "geometry": { "type": "Polygon", "coordinates": [ [ [ 13.59351, 52.77747 ], [ 13.59417, 52.77745 ], [ 13.59426, 52.77741 ], [ 13.59417, 52.77731 ], [ 13.59386, 52.77715 ], [ 13.59353, 52.77703 ], [ 13.59316, 52.77702 ], [ 13.59299, 52.77706 ], [ 13.5929, 52.77713 ], [ 13.59289, 52.77732 ], [ 13.59351, 52.77747 ] ] ] } },
{ "type": "Feature", "properties": { "boden": "100 % mittel, trocken (vermutet) (M3)" }, "geometry": { "type": "Polygon", "coordinates": [ [ [ 13.5944, 52.77763 ], [ 13.59424, 52.77762 ], [ 13.59419, 52.77778 ], [ 13.59426, 52.77794 ], [ 13.59449, 52.77799 ], [ 13.59483, 52.778 ], [ 13.5944, 52.77763 ] ] ] } },
{ "type": "Feature", "properties": { "boden": "100 % mittel, mäßig frisch (M2)" }, "geometry": { "type": "Polygon", "coordinates": [ [ [ 13.58892, 52.77754 ], [ 13.58866, 52.77755 ], [ 13.58845, 52.77762 ], [ 13.58843, 52.77771 ], [ 13.58902, 52.77798 ], [ 13.58928, 52.77802 ], [ 13.58947, 52.77798 ], [ 13.58953, 52.77788 ], [ 13.58948, 52.77773 ], [ 13.58933, 52.77763 ], [ 13.58892, 52.77754 ] ] ] } },
{ "type": "Feature", "properties": { "boden": "100 % arm, mäßig frisch (A2)" }, "geometry": { "type": "Polygon", "coordinates": [ [ [ 13.60894, 52.77149 ], [ 13.60888, 52.77145 ], [ 13.60869, 52.77144 ], [ 13.60842, 52.77149 ], [ 13.60774, 52.77174 ], [ 13.6072, 52.77188 ], [ 13.60714, 52.77195 ], [ 13.60798, 52.77179 ], [ 13.60821, 52.77167 ], [ 13.60889, 52.77154 ], [ 13.60894, 52.77149 ] ] ] } },
{ "type": "Feature", "properties": { "boden": "100 % ziemlich arm, mäßig frisch (Z2)" }, "geometry": { "type": "Polygon", "coordinates": [ [ [ 13.6143, 52.77291 ], [ 13.61192, 52.77283 ], [ 13.61178, 52.77296 ], [ 13.61179, 52.7732 ], [ 13.61307, 52.77347 ], [ 13.61306, 52.7737 ], [ 13.61423, 52.77378 ], [ 13.6142, 52.77345 ], [ 13.6143, 52.77291 ] ] ] } },
{ "type": "Feature", "properties": { "boden": "100 % ziemlich arm, mäßig frisch (Z2)" }, "geometry": { "type": "Polygon", "coordinates": [ [ [ 13.61305, 52.77379 ], [ 13.61305, 52.77402 ], [ 13.61327, 52.77411 ], [ 13.61316, 52.77447 ], [ 13.61449, 52.77455 ], [ 13.61428, 52.77386 ], [ 13.61305, 52.77379 ] ] ] } },
{ "type": "Feature", "properties": { "boden": "60 % ziemlich arm, mäßig frisch (Z2) · 40 % mittel, mäßig frisch (M2)" }, "geometry": { "type": "Polygon", "coordinates": [ [ [ 13.61608, 52.77838 ], [ 13.61584, 52.77814 ], [ 13.61545, 52.77813 ], [ 13.61522, 52.7782 ], [ 13.61508, 52.7783 ], [ 13.61509, 52.77856 ], [ 13.61541, 52.77872 ], [ 13.61586, 52.77872 ], [ 13.61602, 52.77868 ], [ 13.61607, 52.7786 ], [ 13.61608, 52.77838 ] ] ] } },
{ "type": "Feature", "properties": { "boden": "60 % mittel, mäßig frisch (M2) · 40 % mittel, mäßig frisch (M2)" }, "geometry": { "type": "Polygon", "coordinates": [ [ [ 13.60618, 52.78109 ], [ 13.6069, 52.7808 ], [ 13.60891, 52.78048 ], [ 13.6091, 52.78078 ], [ 13.60946, 52.78078 ], [ 13.60956, 52.78067 ], [ 13.60923, 52.78043 ], [ 13.60898, 52.78038 ], [ 13.60869, 52.78039 ], [ 13.60802, 52.78054 ], [ 13.60747, 52.78059 ], [ 13.6066, 52.78078 ], [ 13.60617, 52.78095 ], [ 13.60603, 52.78109 ], [ 13.60618, 52.78109 ] ] ] } },
{ "type": "Feature", "properties": { "boden": "60 % mittel, mäßig frisch (M2) · 40 % mittel, mäßig frisch (M2)" }, "geometry": { "type": "Polygon", "coordinates": [ [ [ 13.61038, 52.7806 ], [ 13.60989, 52.78065 ], [ 13.60987, 52.78078 ], [ 13.60999, 52.78091 ], [ 13.61013, 52.78097 ], [ 13.61039, 52.78097 ], [ 13.61068, 52.78087 ], [ 13.61073, 52.78074 ], [ 13.61038, 52.7806 ] ] ] } },
{ "type": "Feature", "properties": { "boden": "70 % arm, nass (OA4) · 30 % arm, nass (OA3)" }, "geometry": { "type": "Polygon", "coordinates": [ [ [ 13.60863, 52.78078 ], [ 13.60845, 52.78082 ], [ 13.60837, 52.78093 ], [ 13.60844, 52.78104 ], [ 13.60862, 52.78108 ], [ 13.6088, 52.78104 ], [ 13.60888, 52.78093 ], [ 13.60881, 52.78082 ], [ 13.60863, 52.78078 ] ] ] } },
{ "type": "Feature", "properties": { "boden": "60 % mittel, mäßig frisch (M2) · 40 % mittel, mäßig frisch (M2)" }, "geometry": { "type": "Polygon", "coordinates": [ [ [ 13.61066, 52.78136 ], [ 13.61045, 52.7814 ], [ 13.61063, 52.78156 ], [ 13.61093, 52.78165 ], [ 13.61114, 52.7816 ], [ 13.61115, 52.78151 ], [ 13.61108, 52.78145 ], [ 13.61066, 52.78136 ] ] ] } },
{ "type": "Feature", "properties": { "boden": "70 % arm, nass (OA4) · 30 % arm, nass (OA3)" }, "geometry": { "type": "Polygon", "coordinates": [ [ [ 13.60891, 52.78048 ], [ 13.6069, 52.7808 ], [ 13.60564, 52.78133 ], [ 13.60487, 52.78095 ], [ 13.60389, 52.78224 ], [ 13.60426, 52.7826 ], [ 13.60492, 52.78283 ], [ 13.60613, 52.78296 ], [ 13.60515, 52.78251 ], [ 13.60541, 52.78228 ], [ 13.60556, 52.78225 ], [ 13.60555, 52.78242 ], [ 13.60576, 52.78216 ], [ 13.6056, 52.78212 ], [ 13.60571, 52.78199 ], [ 13.60592, 52.78205 ], [ 13.6061, 52.7818 ], [ 13.60621, 52.78177 ], [ 13.60692, 52.78175 ], [ 13.60728, 52.78213 ], [ 13.60743, 52.78215 ], [ 13.60756, 52.78224 ], [ 13.60827, 52.78223 ], [ 13.60862, 52.78199 ], [ 13.6099, 52.78194 ], [ 13.61034, 52.78171 ], [ 13.61048, 52.78148 ], [ 13.61023, 52.78123 ], [ 13.60926, 52.78103 ], [ 13.60891, 52.78048 ] ], [ [ 13.60888, 52.78093 ], [ 13.6088, 52.78104 ], [ 13.60862, 52.78108 ], [ 13.60844, 52.78104 ], [ 13.60837, 52.78093 ], [ 13.60845, 52.78082 ], [ 13.60863, 52.78078 ], [ 13.60881, 52.78082 ], [ 13.60888, 52.78093 ] ] ] } },
{ "type": "Feature", "properties": { "boden": "60 % ziemlich arm, mäßig frisch (Z2) · 40 % mittel, mäßig frisch (M2)" }, "geometry": { "type": "Polygon", "coordinates": [ [ [ 13.60644, 52.78233 ], [ 13.60626, 52.78238 ], [ 13.60618, 52.78248 ], [ 13.60625, 52.78259 ], [ 13.60643, 52.78264 ], [ 13.60661, 52.7826 ], [ 13.60669, 52.78249 ], [ 13.60661, 52.78238 ], [ 13.60644, 52.78233 ] ] ] } },
{ "type": "Feature", "properties": { "boden": "100 % ziemlich arm, trocken (vermutet) (Z3)" }, "geometry": { "type": "Polygon", "coordinates": [ [ [ 13.59468, 52.77741 ], [ 13.59456, 52.77741 ], [ 13.59426, 52.77761 ], [ 13.5944, 52.77763 ], [ 13.59483, 52.778 ], [ 13.59533, 52.77805 ], [ 13.596, 52.77819 ], [ 13.59643, 52.77838 ], [ 13.59645, 52.77824 ], [ 13.59468, 52.77741 ] ] ] } },
{ "type": "Feature", "properties": { "boden": "100 % mittel, mäßig frisch (M2)" }, "geometry": { "type": "Polygon", "coordinates": [ [ [ 13.59042, 52.77991 ], [ 13.59094, 52.77992 ], [ 13.59179, 52.78016 ], [ 13.59209, 52.78017 ], [ 13.59245, 52.7801 ], [ 13.59262, 52.77999 ], [ 13.59302, 52.7793 ], [ 13.59323, 52.77909 ], [ 13.59199, 52.77921 ], [ 13.59112, 52.77937 ], [ 13.59066, 52.7794 ], [ 13.59003, 52.77936 ], [ 13.58989, 52.77925 ], [ 13.59094, 52.77914 ], [ 13.59156, 52.77894 ], [ 13.59206, 52.77895 ], [ 13.59229, 52.7789 ], [ 13.59308, 52.77886 ], [ 13.59315, 52.77878 ], [ 13.59299, 52.77849 ], [ 13.59365, 52.77872 ], [ 13.59455, 52.77821 ], [ 13.59483, 52.778 ], [ 13.59449, 52.77799 ], [ 13.59426, 52.77794 ], [ 13.59419, 52.77778 ], [ 13.59426, 52.77761 ], [ 13.59351, 52.77747 ], [ 13.59229, 52.77717 ], [ 13.59153, 52.77684 ], [ 13.59125, 52.77703 ], [ 13.59105, 52.77698 ], [ 13.59096, 52.77672 ], [ 13.59103, 52.77662 ], [ 13.5912, 52.77656 ], [ 13.59111, 52.77627 ], [ 13.59089, 52.77622 ], [ 13.59081, 52.77605 ], [ 13.59065, 52.77601 ], [ 13.59016, 52.77572 ], [ 13.58995, 52.77537 ], [ 13.58978, 52.77525 ], [ 13.58974, 52.7751 ], [ 13.58946, 52.77563 ], [ 13.58926, 52.77659 ], [ 13.58905, 52.77694 ], [ 13.58852, 52.77722 ], [ 13.58714, 52.77755 ], [ 13.58702, 52.77785 ], [ 13.58762, 52.77826 ], [ 13.58797, 52.77837 ], [ 13.58835, 52.77859 ], [ 13.58898, 52.77863 ], [ 13.58917, 52.77869 ], [ 13.58935, 52.77885 ], [ 13.5894, 52.77904 ], [ 13.58934, 52.7793 ], [ 13.58883, 52.77993 ], [ 13.58878, 52.78012 ], [ 13.58889, 52.78039 ], [ 13.58913, 52.7806 ], [ 13.58926, 52.78046 ], [ 13.58923, 52.78012 ], [ 13.58953, 52.7797 ], [ 13.58966, 52.77966 ], [ 13.59067, 52.77965 ], [ 13.59213, 52.77941 ], [ 13.5923, 52.7794 ], [ 13.59241, 52.77943 ], [ 13.59233, 52.77959 ], [ 13.5921, 52.77975 ], [ 13.59074, 52.77983 ], [ 13.59042, 52.77991 ] ], [ [ 13.58944, 52.77855 ], [ 13.58989, 52.77862 ], [ 13.58994, 52.77874 ], [ 13.5897, 52.77882 ], [ 13.58942, 52.7788 ], [ 13.58929, 52.77872 ], [ 13.58915, 52.77846 ], [ 13.58929, 52.77845 ], [ 13.58944, 52.77855 ] ], [ [ 13.58933, 52.77763 ], [ 13.58948, 52.77773 ], [ 13.58953, 52.77788 ], [ 13.58947, 52.77798 ], [ 13.58928, 52.77802 ], [ 13.58887, 52.77793 ], [ 13.58841, 52.77767 ], [ 13.58845, 52.77762 ], [ 13.58866, 52.77755 ], [ 13.58892, 52.77754 ], [ 13.58933, 52.77763 ] ] ] } },
{ "type": "Feature", "properties": { "boden": "100 % mittel, mäßig frisch (M2)" }, "geometry": { "type": "Polygon", "coordinates": [ [ [ 13.58649, 52.77821 ], [ 13.58592, 52.7781 ], [ 13.58558, 52.77809 ], [ 13.58546, 52.77813 ], [ 13.5854, 52.77833 ], [ 13.58718, 52.77871 ], [ 13.58668, 52.77821 ], [ 13.58649, 52.77821 ] ] ] } },
{ "type": "Feature", "properties": { "boden": "100 % mittel, trocken (vermutet) (M3)" }, "geometry": { "type": "Polygon", "coordinates": [ [ [ 13.58918, 52.77844 ], [ 13.58915, 52.77854 ], [ 13.58929, 52.77872 ], [ 13.58942, 52.7788 ], [ 13.5897, 52.77882 ], [ 13.58994, 52.77874 ], [ 13.58989, 52.77862 ], [ 13.58944, 52.77855 ], [ 13.58929, 52.77845 ], [ 13.58918, 52.77844 ] ] ] } },
{ "type": "Feature", "properties": { "boden": "60 % mittel, mäßig frisch (M2) · 40 % mittel, mäßig frisch (M2)" }, "geometry": { "type": "Polygon", "coordinates": [ [ [ 13.5933, 52.77903 ], [ 13.59335, 52.77909 ], [ 13.59423, 52.77908 ], [ 13.59449, 52.77904 ], [ 13.59425, 52.77887 ], [ 13.59365, 52.77872 ], [ 13.5933, 52.77903 ] ] ] } },
{ "type": "Feature", "properties": { "boden": "100 % ziemlich arm, mäßig frisch (Z2)" }, "geometry": { "type": "Polygon", "coordinates": [ [ [ 13.58561, 52.77896 ], [ 13.58569, 52.77886 ], [ 13.58562, 52.77875 ], [ 13.58544, 52.7787 ], [ 13.58527, 52.77874 ], [ 13.58519, 52.77885 ], [ 13.58526, 52.77896 ], [ 13.58543, 52.77901 ], [ 13.58561, 52.77896 ] ] ] } },
{ "type": "Feature", "properties": { "boden": "100 % mittel, mäßig frisch (M2)" }, "geometry": { "type": "Polygon", "coordinates": [ [ [ 13.59335, 52.77909 ], [ 13.5933, 52.77903 ], [ 13.59365, 52.77872 ], [ 13.59301, 52.77849 ], [ 13.59302, 52.77863 ], [ 13.59315, 52.77878 ], [ 13.59308, 52.77886 ], [ 13.59229, 52.7789 ], [ 13.59206, 52.77895 ], [ 13.59156, 52.77894 ], [ 13.59094, 52.77914 ], [ 13.58989, 52.77925 ], [ 13.59003, 52.77936 ], [ 13.59066, 52.7794 ], [ 13.59112, 52.77937 ], [ 13.59199, 52.77921 ], [ 13.59335, 52.77909 ] ] ] } },
{ "type": "Feature", "properties": { "boden": "100 % ziemlich arm, mäßig frisch (Z2)" }, "geometry": { "type": "Polygon", "coordinates": [ [ [ 13.58809, 52.77842 ], [ 13.5875, 52.77823 ], [ 13.58668, 52.77821 ], [ 13.58716, 52.77871 ], [ 13.58541, 52.77834 ], [ 13.58636, 52.77883 ], [ 13.58687, 52.77893 ], [ 13.58736, 52.77891 ], [ 13.58771, 52.77897 ], [ 13.58813, 52.77928 ], [ 13.58835, 52.77972 ], [ 13.58872, 52.77988 ], [ 13.58886, 52.77978 ], [ 13.58904, 52.7793 ], [ 13.58907, 52.77899 ], [ 13.589, 52.77885 ], [ 13.58882, 52.77871 ], [ 13.58861, 52.77863 ], [ 13.58841, 52.77863 ], [ 13.58809, 52.77842 ] ] ] } },
{ "type": "Feature", "properties": { "boden": "100 % ziemlich arm, trocken (vermutet) (Z3)" }, "geometry": { "type": "Polygon", "coordinates": [ [ [ 13.58575, 52.77894 ], [ 13.5855, 52.77902 ], [ 13.58544, 52.7792 ], [ 13.58563, 52.77934 ], [ 13.5859, 52.77938 ], [ 13.58652, 52.77939 ], [ 13.58675, 52.77937 ], [ 13.58681, 52.77932 ], [ 13.58676, 52.77923 ], [ 13.58656, 52.77914 ], [ 13.58602, 52.77899 ], [ 13.58575, 52.77894 ] ] ] } },
{ "type": "Feature", "properties": { "boden": "100 % ziemlich arm, trocken (vermutet) (Z3)" }, "geometry": { "type": "Polygon", "coordinates": [ [ [ 13.5875, 52.77908 ], [ 13.58738, 52.77911 ], [ 13.5873, 52.77921 ], [ 13.58735, 52.77939 ], [ 13.58754, 52.77969 ], [ 13.58768, 52.77979 ], [ 13.5879, 52.7798 ], [ 13.58791, 52.77946 ], [ 13.58782, 52.77927 ], [ 13.5875, 52.77908 ] ] ] } },
{ "type": "Feature", "properties": { "boden": "100 % ziemlich arm, mäßig frisch (Z2)" }, "geometry": { "type": "Polygon", "coordinates": [ [ [ 13.59372, 52.77992 ], [ 13.5937, 52.77948 ], [ 13.59335, 52.77909 ], [ 13.59323, 52.77909 ], [ 13.59302, 52.7793 ], [ 13.59262, 52.77999 ], [ 13.59231, 52.78013 ], [ 13.5923, 52.78039 ], [ 13.59294, 52.78023 ], [ 13.59356, 52.77991 ], [ 13.59372, 52.77992 ] ] ] } },
{ "type": "Feature", "properties": { "boden": "100 % mittel, trocken (vermutet) (M3)" }, "geometry": { "type": "Polygon", "coordinates": [ [ [ 13.59, 52.78055 ], [ 13.59008, 52.78019 ], [ 13.59044, 52.7799 ], [ 13.59074, 52.77983 ], [ 13.5921, 52.77975 ], [ 13.59233, 52.77959 ], [ 13.59241, 52.77943 ], [ 13.5923, 52.7794 ], [ 13.59213, 52.77941 ], [ 13.59067, 52.77965 ], [ 13.58966, 52.77966 ], [ 13.58953, 52.7797 ], [ 13.58923, 52.78012 ], [ 13.58926, 52.78046 ], [ 13.58913, 52.7806 ], [ 13.58944, 52.78078 ], [ 13.58965, 52.78079 ], [ 13.58982, 52.78073 ], [ 13.59, 52.78055 ] ] ] } },
{ "type": "Feature", "properties": { "boden": "60 % mittel, mäßig frisch (M2) · 40 % mittel, mäßig frisch (M2)" }, "geometry": { "type": "Polygon", "coordinates": [ [ [ 13.59372, 52.77992 ], [ 13.59352, 52.78034 ], [ 13.59281, 52.78076 ], [ 13.59366, 52.78054 ], [ 13.5938, 52.78044 ], [ 13.59388, 52.78028 ], [ 13.59389, 52.77997 ], [ 13.59372, 52.77992 ] ] ] } },
{ "type": "Feature", "properties": { "boden": "100 % ziemlich arm, mäßig frisch (Z2)" }, "geometry": { "type": "Polygon", "coordinates": [ [ [ 13.59292, 52.78071 ], [ 13.59352, 52.78034 ], [ 13.59372, 52.77992 ], [ 13.59356, 52.77991 ], [ 13.59294, 52.78023 ], [ 13.5923, 52.78039 ], [ 13.59197, 52.78101 ], [ 13.59292, 52.78071 ] ] ] } },
{ "type": "Feature", "properties": { "boden": "100 % ziemlich arm, mäßig frisch (Z2)" }, "geometry": { "type": "Polygon", "coordinates": [ [ [ 13.5919, 52.78111 ], [ 13.5923, 52.78046 ], [ 13.59231, 52.78013 ], [ 13.59209, 52.78017 ], [ 13.59179, 52.78016 ], [ 13.59127, 52.78001 ], [ 13.5911, 52.78004 ], [ 13.591, 52.78012 ], [ 13.59106, 52.78033 ], [ 13.59076, 52.78089 ], [ 13.59074, 52.78114 ], [ 13.5897, 52.78147 ], [ 13.58947, 52.78146 ], [ 13.58933, 52.78134 ], [ 13.58945, 52.78167 ], [ 13.59036, 52.78152 ], [ 13.5919, 52.78111 ] ] ] } },
{ "type": "Feature", "properties": { "boden": "100 % ziemlich arm, trocken (vermutet) (Z3)" }, "geometry": { "type": "Polygon", "coordinates": [ [ [ 13.58987, 52.78068 ], [ 13.58965, 52.78079 ], [ 13.58944, 52.78078 ], [ 13.58913, 52.7806 ], [ 13.58902, 52.78083 ], [ 13.5891, 52.7809 ], [ 13.58939, 52.78094 ], [ 13.58991, 52.78122 ], [ 13.59004, 52.78124 ], [ 13.59035, 52.78113 ], [ 13.59046, 52.78102 ], [ 13.59045, 52.7809 ], [ 13.59032, 52.78079 ], [ 13.58987, 52.78068 ] ] ] } },
{ "type": "Feature", "properties": { "boden": "100 % ziemlich arm, mäßig frisch (Z2)" }, "geometry": { "type": "Polygon", "coordinates": [ [ [ 13.58718, 52.78285 ], [ 13.5873, 52.78241 ], [ 13.58696, 52.78237 ], [ 13.58673, 52.78227 ], [ 13.58636, 52.7822 ], [ 13.58617, 52.78204 ], [ 13.58645, 52.78186 ], [ 13.58673, 52.78148 ], [ 13.58675, 52.78099 ], [ 13.58715, 52.78084 ], [ 13.58729, 52.78073 ], [ 13.58722, 52.78041 ], [ 13.58671, 52.78008 ], [ 13.58668, 52.77995 ], [ 13.58674, 52.77984 ], [ 13.58695, 52.77977 ], [ 13.58747, 52.78004 ], [ 13.5882, 52.78011 ], [ 13.58826, 52.78036 ], [ 13.5882, 52.78045 ], [ 13.58844, 52.78055 ], [ 13.58851, 52.78067 ], [ 13.58846, 52.78088 ], [ 13.58833, 52.78105 ], [ 13.58838, 52.78132 ], [ 13.58818, 52.78151 ], [ 13.58786, 52.78162 ], [ 13.58736, 52.78153 ], [ 13.58717, 52.78156 ], [ 13.5872, 52.78164 ], [ 13.58773, 52.78199 ], [ 13.58826, 52.7818 ], [ 13.5884, 52.78163 ], [ 13.58876, 52.7816 ], [ 13.58896, 52.78142 ], [ 13.58906, 52.78143 ], [ 13.58919, 52.7817 ], [ 13.58945, 52.78167 ], [ 13.58933, 52.78134 ], [ 13.58947, 52.78146 ], [ 13.5897, 52.78147 ], [ 13.59074, 52.78114 ], [ 13.59076, 52.78089 ], [ 13.59106, 52.78033 ], [ 13.591, 52.78012 ], [ 13.5911, 52.78004 ], [ 13.59127, 52.78001 ], [ 13.59069, 52.7799 ], [ 13.59042, 52.77991 ], [ 13.59019, 52.78006 ], [ 13.59008, 52.78019 ], [ 13.59, 52.78055 ], [ 13.58987, 52.78068 ], [ 13.5904, 52.78084 ], [ 13.59046, 52.78102 ], [ 13.59026, 52.78117 ], [ 13.59004, 52.78124 ], [ 13.58991, 52.78122 ], [ 13.5895, 52.78098 ], [ 13.58905, 52.78087 ], [ 13.58903, 52.78077 ], [ 13.58913, 52.7806 ], [ 13.5888, 52.78025 ], [ 13.58883, 52.77993 ], [ 13.58922, 52.7795 ], [ 13.5894, 52.77904 ], [ 13.58935, 52.77885 ], [ 13.58917, 52.77869 ], [ 13.58898, 52.77863 ], [ 13.58835, 52.77859 ], [ 13.58882, 52.77871 ], [ 13.589, 52.77885 ], [ 13.58907, 52.77899 ], [ 13.58904, 52.7793 ], [ 13.58886, 52.77978 ], [ 13.58872, 52.77988 ], [ 13.58835, 52.77972 ], [ 13.58813, 52.77928 ], [ 13.58771, 52.77897 ], [ 13.58736, 52.77891 ], [ 13.58687, 52.77893 ], [ 13.58636, 52.77883 ], [ 13.58541, 52.77834 ], [ 13.5835, 52.77792 ], [ 13.5852, 52.77934 ], [ 13.58358, 52.77979 ], [ 13.58494, 52.78098 ], [ 13.58531, 52.78101 ], [ 13.58568, 52.78122 ], [ 13.58575, 52.78138 ], [ 13.5858, 52.78236 ], [ 13.58609, 52.78232 ], [ 13.58628, 52.78235 ], [ 13.58636, 52.78243 ], [ 13.58635, 52.78254 ], [ 13.58613, 52.78282 ], [ 13.58575, 52.7831 ], [ 13.58564, 52.78336 ], [ 13.58544, 52.78349 ], [ 13.58517, 52.7836 ], [ 13.58485, 52.78364 ], [ 13.58434, 52.7836 ], [ 13.5847, 52.78392 ], [ 13.5851, 52.78407 ], [ 13.58586, 52.78379 ], [ 13.58613, 52.78328 ], [ 13.58651, 52.78314 ], [ 13.58673, 52.78292 ], [ 13.58698, 52.78285 ], [ 13.58718, 52.78285 ] ], [ [ 13.58775, 52.7792 ], [ 13.58791, 52.77946 ], [ 13.58793, 52.77975 ], [ 13.58782, 52.77981 ], [ 13.58768, 52.77979 ], [ 13.58754, 52.77969 ], [ 13.5873, 52.77921 ], [ 13.58738, 52.77911 ], [ 13.5875, 52.77908 ], [ 13.58775, 52.7792 ] ], [ [ 13.58543, 52.77901 ], [ 13.58526, 52.77896 ], [ 13.58519, 52.77885 ], [ 13.58527, 52.77874 ], [ 13.58544, 52.7787 ], [ 13.58562, 52.77875 ], [ 13.58569, 52.77886 ], [ 13.58562, 52.77895 ], [ 13.58602, 52.77899 ], [ 13.58656, 52.77914 ], [ 13.58676, 52.77923 ], [ 13.58681, 52.77932 ], [ 13.58675, 52.77937 ], [ 13.58652, 52.77939 ], [ 13.5859, 52.77938 ], [ 13.58563, 52.77934 ], [ 13.58544, 52.7792 ], [ 13.58554, 52.77898 ], [ 13.58543, 52.77901 ] ] ] } },
{ "type": "Feature", "properties": { "boden": "100 % ziemlich arm, mäßig frisch (Z2)" }, "geometry": { "type": "Polygon", "coordinates": [ [ [ 13.58773, 52.78199 ], [ 13.5872, 52.78164 ], [ 13.58717, 52.78156 ], [ 13.58736, 52.78153 ], [ 13.58786, 52.78162 ], [ 13.58818, 52.78151 ], [ 13.58838, 52.78132 ], [ 13.58833, 52.78105 ], [ 13.58846, 52.78088 ], [ 13.58851, 52.78067 ], [ 13.58844, 52.78055 ], [ 13.5882, 52.78045 ], [ 13.58826, 52.78036 ], [ 13.5882, 52.78011 ], [ 13.58762, 52.78009 ], [ 13.58732, 52.77997 ], [ 13.58706, 52.7798 ], [ 13.58686, 52.77977 ], [ 13.58674, 52.77984 ], [ 13.58668, 52.78002 ], [ 13.58678, 52.78015 ], [ 13.58722, 52.78041 ], [ 13.58729, 52.78073 ], [ 13.58715, 52.78084 ], [ 13.58675, 52.78099 ], [ 13.58673, 52.78148 ], [ 13.58645, 52.78186 ], [ 13.58617, 52.78204 ], [ 13.58636, 52.7822 ], [ 13.58673, 52.78227 ], [ 13.58696, 52.78237 ], [ 13.5873, 52.78241 ], [ 13.58752, 52.78213 ], [ 13.58773, 52.78199 ] ] ] } },
{ "type": "Feature", "properties": { "boden": "100 % ziemlich arm, trocken (vermutet) (Z3)" }, "geometry": { "type": "Polygon", "coordinates": [ [ [ 13.58919, 52.7817 ], [ 13.58902, 52.78141 ], [ 13.58876, 52.7816 ], [ 13.5884, 52.78163 ], [ 13.58826, 52.7818 ], [ 13.58919, 52.7817 ] ] ] } },
{ "type": "Feature", "properties": { "boden": "60 % mittel, mäßig frisch (M2) · 40 % mittel, mäßig frisch (M2)" }, "geometry": { "type": "Polygon", "coordinates": [ [ [ 13.59036, 52.78152 ], [ 13.58945, 52.78167 ], [ 13.58945, 52.78181 ], [ 13.58934, 52.78206 ], [ 13.58938, 52.78214 ], [ 13.58965, 52.78216 ], [ 13.58975, 52.78213 ], [ 13.5899, 52.78197 ], [ 13.59027, 52.78193 ], [ 13.59075, 52.7818 ], [ 13.59144, 52.78141 ], [ 13.59169, 52.78117 ], [ 13.59036, 52.78152 ] ] ] } },
{ "type": "Feature", "properties": { "boden": "100 % ziemlich arm, trocken (vermutet) (Z3)" }, "geometry": { "type": "Polygon", "coordinates": [ [ [ 13.58917, 52.7817 ], [ 13.58852, 52.78175 ], [ 13.58826, 52.7818 ], [ 13.58827, 52.78186 ], [ 13.58843, 52.78192 ], [ 13.58855, 52.78191 ], [ 13.58879, 52.78179 ], [ 13.58912, 52.78179 ], [ 13.58917, 52.7817 ] ] ] } },
{ "type": "Feature", "properties": { "boden": "100 % ziemlich arm, mäßig frisch (Z2)" }, "geometry": { "type": "Polygon", "coordinates": [ [ [ 13.58773, 52.78199 ], [ 13.58733, 52.78233 ], [ 13.5873, 52.78241 ], [ 13.58752, 52.78238 ], [ 13.58775, 52.78225 ], [ 13.58779, 52.78208 ], [ 13.58773, 52.78199 ] ] ] } },
{ "type": "Feature", "properties": { "boden": "100 % ziemlich arm, trocken (vermutet) (Z3)" }, "geometry": { "type": "Polygon", "coordinates": [ [ [ 13.5858, 52.78236 ], [ 13.58575, 52.7831 ], [ 13.58613, 52.78282 ], [ 13.58635, 52.78254 ], [ 13.58636, 52.78243 ], [ 13.58628, 52.78235 ], [ 13.58609, 52.78232 ], [ 13.5858, 52.78236 ] ] ] } },
{ "type": "Feature", "properties": { "boden": "100 % mittel, mäßig frisch (M2)" }, "geometry": { "type": "Polygon", "coordinates": [ [ [ 13.5834, 52.78349 ], [ 13.58485, 52.78364 ], [ 13.58517, 52.7836 ], [ 13.58564, 52.78336 ], [ 13.58573, 52.78324 ], [ 13.58575, 52.7831 ], [ 13.58529, 52.78332 ], [ 13.58507, 52.78333 ], [ 13.58502, 52.78329 ], [ 13.58555, 52.78248 ], [ 13.5858, 52.78236 ], [ 13.58575, 52.78138 ], [ 13.58568, 52.78122 ], [ 13.58531, 52.78101 ], [ 13.58494, 52.78098 ], [ 13.58532, 52.78132 ], [ 13.58463, 52.78161 ], [ 13.5852, 52.78207 ], [ 13.58347, 52.783 ], [ 13.58235, 52.78215 ], [ 13.57987, 52.78331 ], [ 13.5807, 52.78382 ], [ 13.58106, 52.78396 ], [ 13.58179, 52.78449 ], [ 13.58237, 52.78369 ], [ 13.58257, 52.78359 ], [ 13.58287, 52.7835 ], [ 13.5834, 52.78349 ] ] ] } },
{ "type": "Feature", "properties": { "boden": "100 % mittel, trocken (vermutet) (M3)" }, "geometry": { "type": "Polygon", "coordinates": [ [ [ 13.58575, 52.7831 ], [ 13.5858, 52.78236 ], [ 13.58555, 52.78248 ], [ 13.58545, 52.7826 ], [ 13.58502, 52.78325 ], [ 13.58507, 52.78333 ], [ 13.58529, 52.78332 ], [ 13.58575, 52.7831 ] ] ] } },
{ "type": "Feature", "properties": { "boden": "100 % ziemlich arm, mäßig frisch (Z2)" }, "geometry": { "type": "Polygon", "coordinates": [ [ [ 13.58741, 52.78336 ], [ 13.58737, 52.78294 ], [ 13.58718, 52.78285 ], [ 13.58721, 52.78336 ], [ 13.58741, 52.78336 ] ] ] } },
{ "type": "Feature", "properties": { "boden": "100 % ziemlich arm, mäßig frisch (Z2)" }, "geometry": { "type": "Polygon", "coordinates": [ [ [ 13.59041, 52.78246 ], [ 13.59001, 52.78248 ], [ 13.58927, 52.78269 ], [ 13.58906, 52.78263 ], [ 13.58888, 52.7825 ], [ 13.58886, 52.78235 ], [ 13.58912, 52.78179 ], [ 13.58879, 52.78179 ], [ 13.58843, 52.78192 ], [ 13.58827, 52.78186 ], [ 13.58826, 52.7818 ], [ 13.58773, 52.78199 ], [ 13.58779, 52.78208 ], [ 13.58775, 52.78225 ], [ 13.58752, 52.78238 ], [ 13.5873, 52.78241 ], [ 13.58723, 52.78258 ], [ 13.58718, 52.78285 ], [ 13.58737, 52.78294 ], [ 13.58742, 52.78305 ], [ 13.58741, 52.78336 ], [ 13.58777, 52.78347 ], [ 13.58958, 52.7849 ], [ 13.59012, 52.78422 ], [ 13.59096, 52.78251 ], [ 13.59041, 52.78246 ] ] ] } },
{ "type": "Feature", "properties": { "boden": "100 % ziemlich arm, mäßig frisch (Z2)" }, "geometry": { "type": "Polygon", "coordinates": [ [ [ 13.58565, 52.7843 ], [ 13.58616, 52.78404 ], [ 13.58657, 52.7836 ], [ 13.58721, 52.78336 ], [ 13.58718, 52.78285 ], [ 13.58698, 52.78285 ], [ 13.58673, 52.78292 ], [ 13.58651, 52.78314 ], [ 13.58613, 52.78328 ], [ 13.58586, 52.78379 ], [ 13.5851, 52.78407 ], [ 13.5847, 52.78392 ], [ 13.58434, 52.7836 ], [ 13.58397, 52.78356 ], [ 13.58392, 52.78359 ], [ 13.58391, 52.78385 ], [ 13.58418, 52.78445 ], [ 13.58535, 52.78436 ], [ 13.58565, 52.7843 ] ] ] } },
{ "type": "Feature", "properties": { "boden": "100 % mittel, mäßig frisch (M2)" }, "geometry": { "type": "Polygon", "coordinates": [ [ [ 13.58721, 52.78336 ], [ 13.58657, 52.7836 ], [ 13.58616, 52.78404 ], [ 13.58565, 52.7843 ], [ 13.58643, 52.78411 ], [ 13.58681, 52.78396 ], [ 13.58734, 52.78354 ], [ 13.58741, 52.78336 ], [ 13.58721, 52.78336 ] ] ] } },
{ "type": "Feature", "properties": { "boden": "100 % ziemlich arm, mäßig frisch (Z2)" }, "geometry": { "type": "Polygon", "coordinates": [ [ [ 13.58418, 52.78445 ], [ 13.58391, 52.78385 ], [ 13.58389, 52.78369 ], [ 13.58397, 52.78356 ], [ 13.5834, 52.78349 ], [ 13.58287, 52.7835 ], [ 13.58237, 52.78369 ], [ 13.58179, 52.78449 ], [ 13.58325, 52.78542 ], [ 13.58314, 52.78507 ], [ 13.58315, 52.78476 ], [ 13.5833, 52.78462 ], [ 13.58359, 52.78451 ], [ 13.58418, 52.78445 ] ] ] } },
{ "type": "Feature", "properties": { "boden": "100 % mittel, mäßig frisch (M2)" }, "geometry": { "type": "Polygon", "coordinates": [ [ [ 13.51721, 52.78541 ], [ 13.51735, 52.78513 ], [ 13.51723, 52.78508 ], [ 13.51721, 52.78541 ] ] ] } },
{ "type": "Feature", "properties": { "boden": "100 % mittel, trocken (vermutet) (M3)" }, "geometry": { "type": "Polygon", "coordinates": [ [ [ 13.52044, 52.78567 ], [ 13.52, 52.78582 ], [ 13.51991, 52.78589 ], [ 13.51998, 52.78602 ], [ 13.5202, 52.78601 ], [ 13.52063, 52.78585 ], [ 13.52069, 52.78573 ], [ 13.52061, 52.78568 ], [ 13.52044, 52.78567 ] ] ] } },
{ "type": "Feature", "properties": { "boden": "100 % kräftig, mäßig frisch (K2)" }, "geometry": { "type": "Polygon", "coordinates": [ [ [ 13.52136, 52.78554 ], [ 13.52008, 52.78635 ], [ 13.51979, 52.7867 ], [ 13.51978, 52.78712 ], [ 13.52003, 52.78729 ], [ 13.5207, 52.78741 ], [ 13.52132, 52.78581 ], [ 13.52159, 52.78554 ], [ 13.52136, 52.78554 ] ] ] } },
{ "type": "Feature", "properties": { "boden": "100 % kräftig, mäßig frisch (K2)" }, "geometry": { "type": "Polygon", "coordinates": [ [ [ 13.52347, 52.78613 ], [ 13.52328, 52.78579 ], [ 13.52213, 52.78544 ], [ 13.52169, 52.78543 ], [ 13.52132, 52.78581 ], [ 13.5207, 52.78741 ], [ 13.52143, 52.78744 ], [ 13.52224, 52.78756 ], [ 13.52424, 52.78723 ], [ 13.52459, 52.78722 ], [ 13.52507, 52.78709 ], [ 13.5253, 52.78682 ], [ 13.52536, 52.78658 ], [ 13.52347, 52.78613 ] ] ] } },
{ "type": "Feature", "properties": { "boden": "100 % ziemlich arm, mäßig frisch (Z2)" }, "geometry": { "type": "Polygon", "coordinates": [ [ [ 13.51808, 52.78704 ], [ 13.51792, 52.78708 ], [ 13.51782, 52.78719 ], [ 13.51788, 52.78729 ], [ 13.51807, 52.78735 ], [ 13.51826, 52.7873 ], [ 13.51833, 52.7872 ], [ 13.51827, 52.7871 ], [ 13.51808, 52.78704 ] ] ] } },
{ "type": "Feature", "properties": { "boden": "100 % ziemlich arm, mäßig frisch (Z2)" }, "geometry": { "type": "Polygon", "coordinates": [ [ [ 13.51709, 52.78898 ], [ 13.51824, 52.7888 ], [ 13.51885, 52.78852 ], [ 13.51928, 52.78819 ], [ 13.51942, 52.78799 ], [ 13.51945, 52.78776 ], [ 13.51939, 52.78764 ], [ 13.51901, 52.78735 ], [ 13.51811, 52.78692 ], [ 13.51763, 52.78676 ], [ 13.51717, 52.78671 ], [ 13.51709, 52.78898 ] ], [ [ 13.51833, 52.7872 ], [ 13.51826, 52.7873 ], [ 13.51807, 52.78735 ], [ 13.51788, 52.78729 ], [ 13.51782, 52.78719 ], [ 13.51792, 52.78708 ], [ 13.51808, 52.78704 ], [ 13.51827, 52.7871 ], [ 13.51833, 52.7872 ] ] ] } },
{ "type": "Feature", "properties": { "boden": "40 % ziemlich arm, mäßig frisch (Z2) · 30 % ziemlich arm, mäßig frisch (Z2) · 30 % mittel, mäßig frisch (M2)" }, "geometry": { "type": "Polygon", "coordinates": [ [ [ 13.51778, 52.78055 ], [ 13.51797, 52.78049 ], [ 13.51816, 52.78054 ], [ 13.51822, 52.78064 ], [ 13.51815, 52.78074 ], [ 13.51791, 52.78078 ], [ 13.51817, 52.7808 ], [ 13.51847, 52.78069 ], [ 13.51856, 52.78043 ], [ 13.51844, 52.78038 ], [ 13.51815, 52.78039 ], [ 13.51785, 52.78033 ], [ 13.51777, 52.78038 ], [ 13.51778, 52.78055 ] ] ] } },
{ "type": "Feature", "properties": { "boden": "40 % ziemlich arm, mäßig frisch (Z2) · 30 % ziemlich arm, mäßig frisch (Z2) · 30 % mittel, frisch (M1)" }, "geometry": { "type": "Polygon", "coordinates": [ [ [ 13.51771, 52.78064 ], [ 13.51777, 52.78073 ], [ 13.51796, 52.78079 ], [ 13.51815, 52.78074 ], [ 13.51822, 52.78064 ], [ 13.51816, 52.78054 ], [ 13.51797, 52.78049 ], [ 13.51781, 52.78052 ], [ 13.51771, 52.78064 ] ] ] } },
{ "type": "Feature", "properties": { "boden": "100 % mittel, trocken (vermutet) (M3)" }, "geometry": { "type": "Polygon", "coordinates": [ [ [ 13.52416, 52.78063 ], [ 13.52398, 52.78067 ], [ 13.52364, 52.78085 ], [ 13.52359, 52.78093 ], [ 13.52364, 52.781 ], [ 13.52382, 52.78107 ], [ 13.52424, 52.78111 ], [ 13.52453, 52.78109 ], [ 13.52486, 52.78103 ], [ 13.52503, 52.78095 ], [ 13.5249, 52.7808 ], [ 13.52467, 52.78071 ], [ 13.52416, 52.78063 ] ] ] } },
{ "type": "Feature", "properties": { "boden": "100 % mittel, trocken (vermutet) (M3)" }, "geometry": { "type": "Polygon", "coordinates": [ [ [ 13.51774, 52.7824 ], [ 13.51841, 52.78236 ], [ 13.51832, 52.78228 ], [ 13.51785, 52.78212 ], [ 13.51734, 52.78172 ], [ 13.5174, 52.78224 ], [ 13.51731, 52.78244 ], [ 13.51762, 52.78252 ], [ 13.51774, 52.7824 ] ] ] } },
{ "type": "Feature", "properties": { "boden": "40 % ziemlich arm, mäßig frisch (Z2) · 30 % ziemlich arm, mäßig frisch (Z2) · 30 % mittel, mäßig frisch (M2)" }, "geometry": { "type": "Polygon", "coordinates": [ [ [ 13.52974, 52.77968 ], [ 13.52947, 52.78003 ], [ 13.52933, 52.78036 ], [ 13.52884, 52.78088 ], [ 13.52846, 52.78121 ], [ 13.5282, 52.78154 ], [ 13.52767, 52.78187 ], [ 13.52563, 52.78179 ], [ 13.52517, 52.78166 ], [ 13.52409, 52.78194 ], [ 13.52337, 52.78242 ], [ 13.52326, 52.78259 ], [ 13.52318, 52.78376 ], [ 13.5239, 52.78397 ], [ 13.52427, 52.78417 ], [ 13.52778, 52.78495 ], [ 13.5296, 52.78005 ], [ 13.53005, 52.77946 ], [ 13.52974, 52.77968 ] ] ] } },
{ "type": "Feature", "properties": { "boden": "100 % mittel, trocken (vermutet) (M3)" }, "geometry": { "type": "Polygon", "coordinates": [ [ [ 13.51997, 52.78189 ], [ 13.51943, 52.78201 ], [ 13.51937, 52.78208 ], [ 13.51941, 52.78215 ], [ 13.51957, 52.78224 ], [ 13.5199, 52.7823 ], [ 13.52025, 52.78216 ], [ 13.52033, 52.78203 ], [ 13.52028, 52.78196 ], [ 13.51997, 52.78189 ] ] ] } },
{ "type": "Feature", "properties": { "boden": "100 % mittel, mäßig frisch (M2)" }, "geometry": { "type": "Polygon", "coordinates": [ [ [ 13.51729, 52.78313 ], [ 13.51748, 52.78308 ], [ 13.5173, 52.78284 ], [ 13.51729, 52.78313 ] ] ] } },
{ "type": "Feature", "properties": { "boden": "100 % mittel, mäßig frisch (M2)" }, "geometry": { "type": "Polygon", "coordinates": [ [ [ 13.52027, 52.78265 ], [ 13.52006, 52.78272 ], [ 13.52001, 52.78277 ], [ 13.52006, 52.78289 ], [ 13.52034, 52.78301 ], [ 13.52063, 52.78302 ], [ 13.52072, 52.78297 ], [ 13.52069, 52.78281 ], [ 13.52027, 52.78265 ] ] ] } },
{ "type": "Feature", "properties": { "boden": "100 % ziemlich arm, mäßig frisch (Z2)" }, "geometry": { "type": "Polygon", "coordinates": [ [ [ 13.5493, 52.77801 ], [ 13.54896, 52.77764 ], [ 13.54869, 52.77754 ], [ 13.54876, 52.77737 ], [ 13.54895, 52.77727 ], [ 13.54884, 52.77722 ], [ 13.54873, 52.7773 ], [ 13.54842, 52.7773 ], [ 13.54854, 52.77763 ], [ 13.54903, 52.77792 ], [ 13.54904, 52.77807 ], [ 13.54919, 52.77826 ], [ 13.54949, 52.77837 ], [ 13.54982, 52.77834 ], [ 13.5493, 52.77801 ] ] ] } },
{ "type": "Feature", "properties": { "boden": "100 % ziemlich arm, trocken (vermutet) (Z3)" }, "geometry": { "type": "Polygon", "coordinates": [ [ [ 13.54795, 52.77796 ], [ 13.54778, 52.778 ], [ 13.54778, 52.77811 ], [ 13.548, 52.77828 ], [ 13.54815, 52.77828 ], [ 13.54821, 52.77821 ], [ 13.54817, 52.77807 ], [ 13.54795, 52.77796 ] ] ] } },
{ "type": "Feature", "properties": { "boden": "100 % ziemlich arm, mäßig frisch (Z2)" }, "geometry": { "type": "Polygon", "coordinates": [ [ [ 13.55016, 52.7802 ], [ 13.54986, 52.77982 ], [ 13.54985, 52.77962 ], [ 13.5499, 52.77947 ], [ 13.55, 52.77943 ], [ 13.54994, 52.7792 ], [ 13.55052, 52.77901 ], [ 13.55041, 52.77884 ], [ 13.55078, 52.77852 ], [ 13.55024, 52.77857 ], [ 13.54984, 52.77833 ], [ 13.54949, 52.77837 ], [ 13.54927, 52.77831 ], [ 13.54904, 52.77807 ], [ 13.54903, 52.77792 ], [ 13.54861, 52.7777 ], [ 13.54851, 52.77756 ], [ 13.54842, 52.7773 ], [ 13.54873, 52.7773 ], [ 13.54884, 52.77722 ], [ 13.54897, 52.77726 ], [ 13.54872, 52.77699 ], [ 13.54852, 52.77686 ], [ 13.54787, 52.77681 ], [ 13.54744, 52.77664 ], [ 13.54728, 52.77711 ], [ 13.5474, 52.77739 ], [ 13.5475, 52.77743 ], [ 13.54795, 52.77733 ], [ 13.54814, 52.77736 ], [ 13.54789, 52.7775 ], [ 13.54752, 52.77758 ], [ 13.54727, 52.77774 ], [ 13.54752, 52.77855 ], [ 13.54768, 52.78012 ], [ 13.54787, 52.78067 ], [ 13.55016, 52.7802 ] ], [ [ 13.54812, 52.77801 ], [ 13.54821, 52.77821 ], [ 13.54807, 52.77829 ], [ 13.54786, 52.77818 ], [ 13.54776, 52.77804 ], [ 13.54784, 52.77797 ], [ 13.54812, 52.77801 ] ] ] } },
{ "type": "Feature", "properties": { "boden": "100 % ziemlich arm, mäßig frisch (Z2)" }, "geometry": { "type": "Polygon", "coordinates": [ [ [ 13.54996, 52.77944 ], [ 13.54985, 52.77962 ], [ 13.54986, 52.77982 ], [ 13.55012, 52.78007 ], [ 13.55016, 52.7802 ], [ 13.55049, 52.78013 ], [ 13.55038, 52.77994 ], [ 13.55012, 52.77998 ], [ 13.55014, 52.77988 ], [ 13.55005, 52.77988 ], [ 13.54996, 52.77944 ] ] ] } },
{ "type": "Feature", "properties": { "boden": "100 % ziemlich arm, mäßig frisch (Z2)" }, "geometry": { "type": "Polygon", "coordinates": [ [ [ 13.53817, 52.78675 ], [ 13.53836, 52.78656 ], [ 13.53834, 52.78643 ], [ 13.53819, 52.78629 ], [ 13.53793, 52.78618 ], [ 13.53724, 52.7865 ], [ 13.53674, 52.78665 ], [ 13.53692, 52.7867 ], [ 13.53788, 52.78679 ], [ 13.53807, 52.78672 ], [ 13.53817, 52.78675 ] ] ] } },
{ "type": "Feature", "properties": { "boden": "100 % ziemlich arm, mäßig frisch (Z2)" }, "geometry": { "type": "Polygon", "coordinates": [ [ [ 13.53807, 52.78672 ], [ 13.53791, 52.78676 ], [ 13.53782, 52.78687 ], [ 13.53787, 52.78697 ], [ 13.53806, 52.78703 ], [ 13.53826, 52.78698 ], [ 13.53832, 52.78688 ], [ 13.53823, 52.78676 ], [ 13.53807, 52.78672 ] ] ] } },
{ "type": "Feature", "properties": { "boden": "100 % ziemlich arm, trocken (vermutet) (Z3)" }, "geometry": { "type": "Polygon", "coordinates": [ [ [ 13.53664, 52.78708 ], [ 13.53638, 52.78714 ], [ 13.53632, 52.78724 ], [ 13.53657, 52.78729 ], [ 13.53691, 52.78726 ], [ 13.53681, 52.78712 ], [ 13.53664, 52.78708 ] ] ] } },
{ "type": "Feature", "properties": { "boden": "100 % ziemlich arm, mäßig frisch (Z2)" }, "geometry": { "type": "Polygon", "coordinates": [ [ [ 13.53538, 52.7896 ], [ 13.53876, 52.78975 ], [ 13.53787, 52.78785 ], [ 13.53956, 52.78564 ], [ 13.53826, 52.78561 ], [ 13.53722, 52.78552 ], [ 13.53585, 52.78534 ], [ 13.53429, 52.78526 ], [ 13.53076, 52.78488 ], [ 13.53041, 52.78564 ], [ 13.53144, 52.78592 ], [ 13.53174, 52.78739 ], [ 13.53538, 52.7896 ] ], [ [ 13.53693, 52.78723 ], [ 13.53685, 52.78728 ], [ 13.53657, 52.78729 ], [ 13.53632, 52.78724 ], [ 13.53638, 52.78714 ], [ 13.53664, 52.78708 ], [ 13.53681, 52.78712 ], [ 13.53693, 52.78723 ] ], [ [ 13.53788, 52.78679 ], [ 13.53692, 52.7867 ], [ 13.53674, 52.78665 ], [ 13.53724, 52.7865 ], [ 13.53793, 52.78618 ], [ 13.53804, 52.7862 ], [ 13.53819, 52.78629 ], [ 13.53837, 52.7865 ], [ 13.53827, 52.78668 ], [ 13.53817, 52.78675 ], [ 13.53832, 52.78688 ], [ 13.53826, 52.78698 ], [ 13.53806, 52.78703 ], [ 13.53787, 52.78697 ], [ 13.53782, 52.78687 ], [ 13.53788, 52.78679 ] ], [ [ 13.53213, 52.78529 ], [ 13.53207, 52.78539 ], [ 13.53187, 52.78544 ], [ 13.53168, 52.78539 ], [ 13.53162, 52.78529 ], [ 13.53172, 52.78517 ], [ 13.53188, 52.78514 ], [ 13.53204, 52.78518 ], [ 13.53213, 52.78529 ] ] ] } },
{ "type": "Feature", "properties": { "boden": "100 % kräftig, mäßig frisch (K2)" }, "geometry": { "type": "Polygon", "coordinates": [ [ [ 13.53538, 52.7896 ], [ 13.53368, 52.79074 ], [ 13.53731, 52.79078 ], [ 13.53737, 52.79073 ], [ 13.5376, 52.7907 ], [ 13.53769, 52.79043 ], [ 13.53648, 52.78964 ], [ 13.53538, 52.7896 ] ] ] } },
{ "type": "Feature", "properties": { "boden": "100 % mittel, trocken (vermutet) (M3)" }, "geometry": { "type": "Polygon", "coordinates": [ [ [ 13.52104, 52.78363 ], [ 13.52046, 52.78361 ], [ 13.5205, 52.78378 ], [ 13.52069, 52.78388 ], [ 13.52098, 52.78387 ], [ 13.5212, 52.78372 ], [ 13.52104, 52.78363 ] ] ] } },
{ "type": "Feature", "properties": { "boden": "100 % mittel, mäßig frisch (M2)" }, "geometry": { "type": "Polygon", "coordinates": [ [ [ 13.51852, 52.78344 ], [ 13.5184, 52.78352 ], [ 13.51841, 52.78383 ], [ 13.51847, 52.78395 ], [ 13.51875, 52.784 ], [ 13.5189, 52.78391 ], [ 13.51893, 52.78363 ], [ 13.5188, 52.78349 ], [ 13.51852, 52.78344 ] ] ] } },
{ "type": "Feature", "properties": { "boden": "100 % mittel, mäßig frisch (M2)" }, "geometry": { "type": "Polygon", "coordinates": [ [ [ 13.52003, 52.78729 ], [ 13.51978, 52.78712 ], [ 13.51979, 52.7867 ], [ 13.52008, 52.78635 ], [ 13.52141, 52.78551 ], [ 13.52157, 52.7853 ], [ 13.52167, 52.78502 ], [ 13.52156, 52.78444 ], [ 13.52169, 52.7841 ], [ 13.5219, 52.78386 ], [ 13.52224, 52.78372 ], [ 13.52254, 52.78368 ], [ 13.52318, 52.78376 ], [ 13.52322, 52.78373 ], [ 13.52326, 52.78259 ], [ 13.52337, 52.78242 ], [ 13.52409, 52.78194 ], [ 13.52517, 52.78166 ], [ 13.52563, 52.78179 ], [ 13.52767, 52.78187 ], [ 13.5282, 52.78154 ], [ 13.52846, 52.78121 ], [ 13.52884, 52.78088 ], [ 13.52933, 52.78036 ], [ 13.52947, 52.78003 ], [ 13.52974, 52.77968 ], [ 13.53005, 52.77946 ], [ 13.53008, 52.77939 ], [ 13.52593, 52.78012 ], [ 13.5177, 52.78141 ], [ 13.5188, 52.78253 ], [ 13.51896, 52.78349 ], [ 13.51906, 52.7852 ], [ 13.51959, 52.78768 ], [ 13.51975, 52.78793 ], [ 13.52055, 52.7885 ], [ 13.52066, 52.78844 ], [ 13.52053, 52.78784 ], [ 13.5207, 52.78741 ], [ 13.52003, 52.78729 ] ], [ [ 13.52069, 52.78573 ], [ 13.52063, 52.78585 ], [ 13.52045, 52.78594 ], [ 13.52004, 52.78603 ], [ 13.51992, 52.78597 ], [ 13.51991, 52.78589 ], [ 13.52, 52.78582 ], [ 13.52044, 52.78567 ], [ 13.52061, 52.78568 ], [ 13.52069, 52.78573 ] ], [ [ 13.52038, 52.78445 ], [ 13.52078, 52.78463 ], [ 13.52083, 52.78472 ], [ 13.52072, 52.78482 ], [ 13.52045, 52.78481 ], [ 13.52015, 52.78463 ], [ 13.5201, 52.78455 ], [ 13.52021, 52.78444 ], [ 13.52038, 52.78445 ] ], [ [ 13.52113, 52.78365 ], [ 13.5212, 52.78372 ], [ 13.52085, 52.7839 ], [ 13.52058, 52.78384 ], [ 13.52045, 52.7837 ], [ 13.52046, 52.78361 ], [ 13.52054, 52.7836 ], [ 13.52113, 52.78365 ] ], [ [ 13.52057, 52.78274 ], [ 13.52075, 52.78289 ], [ 13.52063, 52.78302 ], [ 13.52034, 52.78301 ], [ 13.52002, 52.78284 ], [ 13.52006, 52.78272 ], [ 13.52016, 52.78267 ], [ 13.52038, 52.78267 ], [ 13.52057, 52.78274 ] ], [ [ 13.52023, 52.78193 ], [ 13.52033, 52.78203 ], [ 13.5203, 52.78212 ], [ 13.52009, 52.78225 ], [ 13.5199, 52.7823 ], [ 13.51972, 52.78229 ], [ 13.51941, 52.78215 ], [ 13.51937, 52.78208 ], [ 13.51953, 52.78197 ], [ 13.51997, 52.78189 ], [ 13.52023, 52.78193 ] ], [ [ 13.52467, 52.78071 ], [ 13.52503, 52.7809 ], [ 13.52503, 52.78095 ], [ 13.52486, 52.78103 ], [ 13.52453, 52.78109 ], [ 13.52401, 52.7811 ], [ 13.52382, 52.78107 ], [ 13.52359, 52.78093 ], [ 13.52364, 52.78085 ], [ 13.52398, 52.78067 ], [ 13.52416, 52.78063 ], [ 13.52467, 52.78071 ] ] ] } },
{ "type": "Feature", "properties": { "boden": "100 % kräftig, mäßig frisch (K2)" }, "geometry": { "type": "Polygon", "coordinates": [ [ [ 13.5239, 52.78397 ], [ 13.52318, 52.78376 ], [ 13.52272, 52.7841 ], [ 13.52264, 52.78468 ], [ 13.52427, 52.78417 ], [ 13.5239, 52.78397 ] ] ] } },
{ "type": "Feature", "properties": { "boden": "100 % mittel, trocken (vermutet) (M3)" }, "geometry": { "type": "Polygon", "coordinates": [ [ [ 13.51728, 52.78351 ], [ 13.51726, 52.78399 ], [ 13.51744, 52.78391 ], [ 13.51753, 52.7838 ], [ 13.51749, 52.78363 ], [ 13.51728, 52.78351 ] ] ] } },
{ "type": "Feature", "properties": { "boden": "100 % kräftig, mäßig frisch (K2)" }, "geometry": { "type": "Polygon", "coordinates": [ [ [ 13.52169, 52.78543 ], [ 13.52222, 52.78541 ], [ 13.52242, 52.78488 ], [ 13.52264, 52.78468 ], [ 13.52272, 52.7841 ], [ 13.52318, 52.78376 ], [ 13.52254, 52.78368 ], [ 13.52224, 52.78372 ], [ 13.5219, 52.78386 ], [ 13.52169, 52.7841 ], [ 13.52156, 52.78444 ], [ 13.52167, 52.78502 ], [ 13.52157, 52.7853 ], [ 13.52136, 52.78554 ], [ 13.52159, 52.78554 ], [ 13.52169, 52.78543 ] ] ] } },
{ "type": "Feature", "properties": { "boden": "100 % mittel, mäßig frisch (M2)" }, "geometry": { "type": "Polygon", "coordinates": [ [ [ 13.52021, 52.78444 ], [ 13.5201, 52.78455 ], [ 13.52028, 52.78473 ], [ 13.52053, 52.78483 ], [ 13.52081, 52.78478 ], [ 13.52078, 52.78463 ], [ 13.52038, 52.78445 ], [ 13.52021, 52.78444 ] ] ] } },
{ "type": "Feature", "properties": { "boden": "100 % mittel, mäßig frisch (M2)" }, "geometry": { "type": "MultiPolygon", "coordinates": [ [ [ [ 13.5293, 52.78983 ], [ 13.52663, 52.78839 ], [ 13.52698, 52.7872 ], [ 13.5271, 52.787 ], [ 13.52536, 52.78658 ], [ 13.5253, 52.78682 ], [ 13.52507, 52.78709 ], [ 13.52459, 52.78722 ], [ 13.52424, 52.78723 ], [ 13.52224, 52.78756 ], [ 13.52143, 52.78744 ], [ 13.5207, 52.78741 ], [ 13.52053, 52.78784 ], [ 13.52066, 52.78844 ], [ 13.52055, 52.7885 ], [ 13.51975, 52.78793 ], [ 13.51959, 52.78768 ], [ 13.51906, 52.7852 ], [ 13.51896, 52.78349 ], [ 13.5188, 52.78253 ], [ 13.5177, 52.78141 ], [ 13.51737, 52.78094 ], [ 13.51734, 52.78172 ], [ 13.51785, 52.78212 ], [ 13.51832, 52.78228 ], [ 13.51841, 52.78236 ], [ 13.51774, 52.7824 ], [ 13.51762, 52.78252 ], [ 13.51731, 52.78244 ], [ 13.5173, 52.78284 ], [ 13.51748, 52.78308 ], [ 13.51729, 52.78313 ], [ 13.51728, 52.78351 ], [ 13.51749, 52.78363 ], [ 13.51753, 52.7838 ], [ 13.51744, 52.78391 ], [ 13.51726, 52.78399 ], [ 13.51723, 52.78508 ], [ 13.51735, 52.78513 ], [ 13.51721, 52.78541 ], [ 13.51717, 52.78671 ], [ 13.51763, 52.78676 ], [ 13.51811, 52.78692 ], [ 13.51901, 52.78735 ], [ 13.51939, 52.78764 ], [ 13.51945, 52.78776 ], [ 13.51942, 52.78799 ], [ 13.51928, 52.78819 ], [ 13.51854, 52.78869 ], [ 13.51824, 52.7888 ], [ 13.51709, 52.78898 ], [ 13.51709, 52.78904 ], [ 13.51909, 52.79043 ], [ 13.51967, 52.79053 ], [ 13.51987, 52.79037 ], [ 13.52039, 52.79014 ], [ 13.52132, 52.78999 ], [ 13.52196, 52.78999 ], [ 13.52356, 52.79016 ], [ 13.52405, 52.79033 ], [ 13.52466, 52.79063 ], [ 13.5267, 52.79065 ], [ 13.52671, 52.79052 ], [ 13.52769, 52.78972 ], [ 13.52805, 52.78965 ], [ 13.52903, 52.79008 ], [ 13.5293, 52.78983 ] ], [ [ 13.51941, 52.78886 ], [ 13.51947, 52.78896 ], [ 13.5194, 52.78906 ], [ 13.51921, 52.78911 ], [ 13.51902, 52.78905 ], [ 13.51896, 52.78896 ], [ 13.51906, 52.78884 ], [ 13.51922, 52.78881 ], [ 13.51941, 52.78886 ] ], [ [ 13.52646, 52.78859 ], [ 13.5264, 52.78869 ], [ 13.5262, 52.78874 ], [ 13.52601, 52.78868 ], [ 13.52596, 52.78859 ], [ 13.52605, 52.78847 ], [ 13.52621, 52.78844 ], [ 13.52638, 52.78847 ], [ 13.52646, 52.78859 ] ], [ [ 13.51889, 52.78353 ], [ 13.5189, 52.78391 ], [ 13.51875, 52.784 ], [ 13.51855, 52.78399 ], [ 13.51841, 52.78383 ], [ 13.5184, 52.78352 ], [ 13.51852, 52.78344 ], [ 13.51889, 52.78353 ] ] ], [ [ [ 13.51732, 52.78236 ], [ 13.5174, 52.78224 ], [ 13.51733, 52.78199 ], [ 13.51732, 52.78236 ] ] ] ] } },
{ "type": "Feature", "properties": { "boden": "100 % ziemlich arm, mäßig frisch (Z2)" }, "geometry": { "type": "Polygon", "coordinates": [ [ [ 13.53188, 52.78514 ], [ 13.53172, 52.78517 ], [ 13.53162, 52.78529 ], [ 13.53168, 52.78539 ], [ 13.53187, 52.78544 ], [ 13.53207, 52.78539 ], [ 13.53213, 52.78529 ], [ 13.53204, 52.78518 ], [ 13.53188, 52.78514 ] ] ] } },
{ "type": "Feature", "properties": { "boden": "100 % mittel, mäßig frisch (M2)" }, "geometry": { "type": "Polygon", "coordinates": [ [ [ 13.55655, 52.78779 ], [ 13.55572, 52.78771 ], [ 13.55559, 52.78763 ], [ 13.55557, 52.78742 ], [ 13.55609, 52.7874 ], [ 13.55651, 52.7875 ], [ 13.55698, 52.78748 ], [ 13.55709, 52.78755 ], [ 13.55742, 52.78745 ], [ 13.5574, 52.78756 ], [ 13.55725, 52.78765 ], [ 13.55745, 52.78758 ], [ 13.55777, 52.78721 ], [ 13.55689, 52.78647 ], [ 13.55753, 52.78623 ], [ 13.55665, 52.78519 ], [ 13.55661, 52.78501 ], [ 13.55706, 52.78482 ], [ 13.55764, 52.78542 ], [ 13.5632, 52.78298 ], [ 13.56229, 52.78233 ], [ 13.56095, 52.78297 ], [ 13.5597, 52.78203 ], [ 13.5592, 52.78286 ], [ 13.55878, 52.78339 ], [ 13.55928, 52.78376 ], [ 13.55737, 52.78473 ], [ 13.55621, 52.78376 ], [ 13.55567, 52.78482 ], [ 13.55593, 52.78481 ], [ 13.55548, 52.78589 ], [ 13.55517, 52.78675 ], [ 13.55549, 52.78806 ], [ 13.55564, 52.78807 ], [ 13.55688, 52.78776 ], [ 13.55655, 52.78779 ] ], [ [ 13.55599, 52.78644 ], [ 13.55592, 52.78669 ], [ 13.55632, 52.78682 ], [ 13.55642, 52.78697 ], [ 13.55639, 52.78714 ], [ 13.55628, 52.78723 ], [ 13.55599, 52.78724 ], [ 13.55567, 52.78716 ], [ 13.55549, 52.78706 ], [ 13.55533, 52.78682 ], [ 13.55535, 52.78646 ], [ 13.55544, 52.78636 ], [ 13.55537, 52.78628 ], [ 13.55553, 52.78629 ], [ 13.55565, 52.78622 ], [ 13.55549, 52.78591 ], [ 13.55557, 52.78583 ], [ 13.55593, 52.78568 ], [ 13.55604, 52.78572 ], [ 13.55609, 52.78586 ], [ 13.55578, 52.78624 ], [ 13.55599, 52.78644 ] ] ] } },
{ "type": "Feature", "properties": { "boden": "100 % mittel, trocken (vermutet) (M3)" }, "geometry": { "type": "Polygon", "coordinates": [ [ [ 13.55582, 52.78628 ], [ 13.5558, 52.78618 ], [ 13.55609, 52.78586 ], [ 13.55604, 52.78572 ], [ 13.55593, 52.78568 ], [ 13.55557, 52.78583 ], [ 13.55549, 52.78591 ], [ 13.55565, 52.78622 ], [ 13.55553, 52.78629 ], [ 13.55537, 52.78628 ], [ 13.55544, 52.78636 ], [ 13.55535, 52.78646 ], [ 13.55533, 52.78682 ], [ 13.55549, 52.78706 ], [ 13.55567, 52.78716 ], [ 13.55599, 52.78724 ], [ 13.55628, 52.78723 ], [ 13.55642, 52.78707 ], [ 13.55639, 52.78688 ], [ 13.55621, 52.78677 ], [ 13.55592, 52.78669 ], [ 13.55599, 52.78644 ], [ 13.55582, 52.78628 ] ] ] } },
{ "type": "Feature", "properties": { "boden": "100 % mittel, mäßig frisch (M2)" }, "geometry": { "type": "Polygon", "coordinates": [ [ [ 13.55707, 52.7877 ], [ 13.5574, 52.78756 ], [ 13.55742, 52.78745 ], [ 13.55709, 52.78755 ], [ 13.55698, 52.78748 ], [ 13.55651, 52.7875 ], [ 13.55609, 52.7874 ], [ 13.5557, 52.78739 ], [ 13.55557, 52.78742 ], [ 13.55554, 52.78747 ], [ 13.55559, 52.78763 ], [ 13.55572, 52.78771 ], [ 13.55655, 52.78779 ], [ 13.55707, 52.7877 ] ] ] } },
{ "type": "Feature", "properties": { "boden": "70 % ziemlich arm, mäßig frisch (Z2) · 20 % arm, mäßig frisch (A2) · 10 % mittel, mäßig frisch (M2)" }, "geometry": { "type": "Polygon", "coordinates": [ [ [ 13.55621, 52.78924 ], [ 13.55697, 52.78945 ], [ 13.5579, 52.78952 ], [ 13.55763, 52.78935 ], [ 13.55621, 52.78924 ] ] ] } },
{ "type": "Feature", "properties": { "boden": "70 % ziemlich arm, trocken (vermutet) (Z3) · 20 % arm, trocken (vermutet) (A3) · 10 % mittel, trocken (vermutet) (M3)" }, "geometry": { "type": "Polygon", "coordinates": [ [ [ 13.5586, 52.79007 ], [ 13.55848, 52.78999 ], [ 13.55745, 52.78969 ], [ 13.55666, 52.78965 ], [ 13.55675, 52.78982 ], [ 13.55708, 52.79003 ], [ 13.55734, 52.79017 ], [ 13.55779, 52.79032 ], [ 13.558, 52.79033 ], [ 13.55832, 52.79027 ], [ 13.55846, 52.79016 ], [ 13.55883, 52.79019 ], [ 13.55905, 52.79016 ], [ 13.5587, 52.79004 ], [ 13.5586, 52.79007 ] ] ] } },
{ "type": "Feature", "properties": { "boden": "70 % ziemlich arm, mäßig frisch (Z2) · 20 % arm, mäßig frisch (A2) · 10 % mittel, mäßig frisch (M2)" }, "geometry": { "type": "Polygon", "coordinates": [ [ [ 13.55637, 52.79 ], [ 13.55665, 52.79061 ], [ 13.55683, 52.79055 ], [ 13.55688, 52.79042 ], [ 13.55666, 52.7901 ], [ 13.55637, 52.79 ] ] ] } },
{ "type": "Feature", "properties": { "boden": "100 % mittel, mäßig frisch (M2)" }, "geometry": { "type": "Polygon", "coordinates": [ [ [ 13.56179, 52.79097 ], [ 13.56185, 52.79106 ], [ 13.56186, 52.79083 ], [ 13.56206, 52.79059 ], [ 13.562, 52.79051 ], [ 13.56144, 52.79053 ], [ 13.56115, 52.79063 ], [ 13.56179, 52.79097 ] ] ] } },
{ "type": "Feature", "properties": { "boden": "70 % ziemlich arm, trocken (vermutet) (Z3) · 20 % arm, trocken (vermutet) (A3) · 10 % mittel, trocken (vermutet) (M3)" }, "geometry": { "type": "Polygon", "coordinates": [ [ [ 13.55974, 52.79087 ], [ 13.55994, 52.79088 ], [ 13.55995, 52.79082 ], [ 13.55964, 52.79066 ], [ 13.55825, 52.7906 ], [ 13.55811, 52.79063 ], [ 13.55834, 52.79086 ], [ 13.55862, 52.79093 ], [ 13.55929, 52.79097 ], [ 13.55974, 52.79087 ] ] ] } },
{ "type": "Feature", "properties": { "boden": "70 % ziemlich arm, mäßig frisch (Z2) · 20 % arm, mäßig frisch (A2) · 10 % mittel, mäßig frisch (M2)" }, "geometry": { "type": "Polygon", "coordinates": [ [ [ 13.56179, 52.79097 ], [ 13.56115, 52.79063 ], [ 13.56089, 52.79083 ], [ 13.56104, 52.79107 ], [ 13.56186, 52.79108 ], [ 13.56179, 52.79097 ] ] ] } },
{ "type": "Feature", "properties": { "boden": "100 % mittel, mäßig frisch (M2)" }, "geometry": { "type": "MultiPolygon", "coordinates": [ [ [ [ 13.56625, 52.79075 ], [ 13.56543, 52.791 ], [ 13.56486, 52.79112 ], [ 13.56675, 52.79114 ], [ 13.56625, 52.79075 ] ] ], [ [ [ 13.56404, 52.7907 ], [ 13.56339, 52.79098 ], [ 13.56258, 52.79033 ], [ 13.5623, 52.79042 ], [ 13.56199, 52.79042 ], [ 13.56011, 52.79007 ], [ 13.56115, 52.79063 ], [ 13.56144, 52.79053 ], [ 13.56178, 52.79049 ], [ 13.56206, 52.79054 ], [ 13.56183, 52.79092 ], [ 13.56187, 52.79108 ], [ 13.5645, 52.79111 ], [ 13.56404, 52.7907 ] ] ] ] } },
{ "type": "Feature", "properties": { "boden": "100 % mittel, mäßig frisch (M2)" }, "geometry": { "type": "Polygon", "coordinates": [ [ [ 13.52621, 52.78844 ], [ 13.52605, 52.78847 ], [ 13.52596, 52.78859 ], [ 13.52601, 52.78868 ], [ 13.5262, 52.78874 ], [ 13.5264, 52.78869 ], [ 13.52646, 52.78859 ], [ 13.52638, 52.78847 ], [ 13.52621, 52.78844 ] ] ] } },
{ "type": "Feature", "properties": { "boden": "100 % mittel, mäßig frisch (M2)" }, "geometry": { "type": "Polygon", "coordinates": [ [ [ 13.51922, 52.78881 ], [ 13.51906, 52.78884 ], [ 13.51896, 52.78896 ], [ 13.51902, 52.78905 ], [ 13.51921, 52.78911 ], [ 13.5194, 52.78906 ], [ 13.51947, 52.78896 ], [ 13.51941, 52.78886 ], [ 13.51922, 52.78881 ] ] ] } },
{ "type": "Feature", "properties": { "boden": "100 % mittel, mäßig frisch (M2)" }, "geometry": { "type": "Polygon", "coordinates": [ [ [ 13.52903, 52.79008 ], [ 13.52982, 52.79044 ], [ 13.52956, 52.79069 ], [ 13.53077, 52.7907 ], [ 13.53086, 52.79066 ], [ 13.5293, 52.78983 ], [ 13.52903, 52.79008 ] ] ] } },
{ "type": "Feature", "properties": { "boden": "100 % ziemlich arm, trocken (vermutet) (Z3)" }, "geometry": { "type": "Polygon", "coordinates": [ [ [ 13.51706, 52.79052 ], [ 13.51704, 52.7905 ], [ 13.51704, 52.79053 ], [ 13.51706, 52.79052 ] ] ] } },
{ "type": "Feature", "properties": { "boden": "70 % ziemlich arm, trocken (vermutet) (Z3) · 20 % arm, trocken (vermutet) (A3) · 10 % mittel, trocken (vermutet) (M3)" }, "geometry": { "type": "Polygon", "coordinates": [ [ [ 13.55767, 52.79071 ], [ 13.55749, 52.79072 ], [ 13.55746, 52.79076 ], [ 13.55751, 52.79103 ], [ 13.55823, 52.79104 ], [ 13.55789, 52.79079 ], [ 13.55767, 52.79071 ] ] ] } },
{ "type": "Feature", "properties": { "boden": "70 % ziemlich arm, mäßig frisch (Z2) · 20 % arm, mäßig frisch (A2) · 10 % mittel, mäßig frisch (M2)" }, "geometry": { "type": "MultiPolygon", "coordinates": [ [ [ [ 13.56185, 52.79106 ], [ 13.56186, 52.79108 ], [ 13.56187, 52.79108 ], [ 13.56185, 52.79106 ] ] ], [ [ [ 13.56104, 52.79107 ], [ 13.56089, 52.79086 ], [ 13.56096, 52.79073 ], [ 13.56078, 52.79081 ], [ 13.56072, 52.79095 ], [ 13.56082, 52.79107 ], [ 13.56104, 52.79107 ] ] ] ] } },
{ "type": "Feature", "properties": { "boden": "100 % ziemlich arm, mäßig frisch (Z2)" }, "geometry": { "type": "MultiPolygon", "coordinates": [ [ [ [ 13.52405, 52.79033 ], [ 13.52356, 52.79016 ], [ 13.52301, 52.79008 ], [ 13.52196, 52.78999 ], [ 13.52132, 52.78999 ], [ 13.52039, 52.79014 ], [ 13.51987, 52.79037 ], [ 13.51967, 52.79053 ], [ 13.5199, 52.79057 ], [ 13.52466, 52.79063 ], [ 13.52405, 52.79033 ] ] ], [ [ [ 13.51778, 52.79054 ], [ 13.51705, 52.79037 ], [ 13.51707, 52.79053 ], [ 13.51778, 52.79054 ] ] ] ] } },
{ "type": "Feature", "properties": { "boden": "100 % mittel, mäßig frisch (M2)" }, "geometry": { "type": "MultiPolygon", "coordinates": [ [ [ [ 13.53898, 52.7908 ], [ 13.53949, 52.79066 ], [ 13.53953, 52.79075 ], [ 13.53958, 52.7906 ], [ 13.54015, 52.79063 ], [ 13.54037, 52.79052 ], [ 13.5404, 52.79043 ], [ 13.5403, 52.7904 ], [ 13.54036, 52.78977 ], [ 13.54001, 52.78957 ], [ 13.54015, 52.78935 ], [ 13.53997, 52.78921 ], [ 13.53909, 52.78983 ], [ 13.53907, 52.79 ], [ 13.53892, 52.79006 ], [ 13.53876, 52.78975 ], [ 13.53648, 52.78964 ], [ 13.53769, 52.79043 ], [ 13.5376, 52.7907 ], [ 13.53737, 52.79073 ], [ 13.53731, 52.79078 ], [ 13.53898, 52.7908 ] ] ], [ [ [ 13.53336, 52.79069 ], [ 13.53329, 52.79073 ], [ 13.53345, 52.79073 ], [ 13.53336, 52.79069 ] ] ] ] } },
{ "type": "Feature", "properties": { "boden": "100 % mittel, mäßig frisch (M2)" }, "geometry": { "type": "Polygon", "coordinates": [ [ [ 13.63354, 52.77954 ], [ 13.6329, 52.77939 ], [ 13.63302, 52.77919 ], [ 13.63255, 52.77911 ], [ 13.63252, 52.77888 ], [ 13.63097, 52.77875 ], [ 13.63013, 52.77941 ], [ 13.62971, 52.77917 ], [ 13.6296, 52.77927 ], [ 13.62908, 52.77935 ], [ 13.62881, 52.77944 ], [ 13.62879, 52.77955 ], [ 13.62899, 52.77975 ], [ 13.62901, 52.77986 ], [ 13.62887, 52.78001 ], [ 13.62864, 52.78004 ], [ 13.62855, 52.7801 ], [ 13.62842, 52.78004 ], [ 13.62818, 52.78004 ], [ 13.62783, 52.7801 ], [ 13.62854, 52.78023 ], [ 13.62903, 52.78025 ], [ 13.62935, 52.78023 ], [ 13.63072, 52.7799 ], [ 13.63116, 52.77984 ], [ 13.63212, 52.77983 ], [ 13.63352, 52.77993 ], [ 13.63354, 52.77954 ] ] ] } },
{ "type": "Feature", "properties": { "boden": "100 % mittel, mäßig frisch (M2)" }, "geometry": { "type": "Polygon", "coordinates": [ [ [ 13.62834, 52.77959 ], [ 13.62885, 52.77993 ], [ 13.62818, 52.78004 ], [ 13.62842, 52.78004 ], [ 13.62855, 52.7801 ], [ 13.62864, 52.78004 ], [ 13.62887, 52.78001 ], [ 13.62901, 52.77986 ], [ 13.62899, 52.77975 ], [ 13.62879, 52.77955 ], [ 13.62881, 52.77944 ], [ 13.62834, 52.77959 ] ] ] } },
{ "type": "Feature", "properties": { "boden": "100 % mittel, mäßig frisch (M2)" }, "geometry": { "type": "Polygon", "coordinates": [ [ [ 13.63799, 52.78014 ], [ 13.63662, 52.78047 ], [ 13.63632, 52.77988 ], [ 13.63522, 52.78005 ], [ 13.63594, 52.78112 ], [ 13.63828, 52.78071 ], [ 13.63799, 52.78014 ] ] ] } },
{ "type": "Feature", "properties": { "boden": "60 % mittel, mäßig frisch (M2) · 40 % mittel, mäßig frisch (M2)" }, "geometry": { "type": "Polygon", "coordinates": [ [ [ 13.62802, 52.78121 ], [ 13.62788, 52.78107 ], [ 13.62785, 52.78079 ], [ 13.62765, 52.78054 ], [ 13.62766, 52.78046 ], [ 13.62799, 52.78031 ], [ 13.62843, 52.78021 ], [ 13.62783, 52.7801 ], [ 13.62706, 52.78023 ], [ 13.62739, 52.78049 ], [ 13.62753, 52.7812 ], [ 13.62771, 52.78128 ], [ 13.62802, 52.78121 ] ] ] } },
{ "type": "Feature", "properties": { "boden": "60 % mittel, trocken (vermutet) (M3) · 40 % mittel, trocken (vermutet) (M3)" }, "geometry": { "type": "Polygon", "coordinates": [ [ [ 13.62872, 52.78107 ], [ 13.62869, 52.78075 ], [ 13.62878, 52.78052 ], [ 13.62901, 52.78025 ], [ 13.62843, 52.78021 ], [ 13.62777, 52.78038 ], [ 13.62766, 52.78046 ], [ 13.62765, 52.78054 ], [ 13.62785, 52.78079 ], [ 13.62788, 52.78107 ], [ 13.62797, 52.78119 ], [ 13.62872, 52.78107 ] ] ] } },
{ "type": "Feature", "properties": { "boden": "100 % ziemlich arm, trocken (vermutet) (Z3)" }, "geometry": { "type": "Polygon", "coordinates": [ [ [ 13.62802, 52.78121 ], [ 13.62837, 52.7813 ], [ 13.62852, 52.78139 ], [ 13.62853, 52.78185 ], [ 13.62859, 52.7819 ], [ 13.62881, 52.78192 ], [ 13.62888, 52.78189 ], [ 13.62896, 52.78161 ], [ 13.62891, 52.78139 ], [ 13.62872, 52.78107 ], [ 13.62802, 52.78121 ] ] ] } },
{ "type": "Feature", "properties": { "boden": "100 % ziemlich arm, mäßig frisch (Z2)" }, "geometry": { "type": "Polygon", "coordinates": [ [ [ 13.62771, 52.78128 ], [ 13.62821, 52.78148 ], [ 13.62826, 52.7818 ], [ 13.62831, 52.78202 ], [ 13.62898, 52.78251 ], [ 13.62902, 52.78282 ], [ 13.62916, 52.78267 ], [ 13.62913, 52.78257 ], [ 13.62831, 52.78191 ], [ 13.62827, 52.78143 ], [ 13.62815, 52.78132 ], [ 13.62794, 52.78124 ], [ 13.62771, 52.78128 ] ] ] } },
{ "type": "Feature", "properties": { "boden": "100 % ziemlich arm, mäßig frisch (Z2)" }, "geometry": { "type": "Polygon", "coordinates": [ [ [ 13.62872, 52.78107 ], [ 13.62891, 52.78139 ], [ 13.62896, 52.78161 ], [ 13.62892, 52.78183 ], [ 13.62881, 52.78192 ], [ 13.62859, 52.7819 ], [ 13.62853, 52.78185 ], [ 13.62856, 52.78151 ], [ 13.62848, 52.78135 ], [ 13.62802, 52.78121 ], [ 13.62792, 52.78123 ], [ 13.62815, 52.78132 ], [ 13.62827, 52.78143 ], [ 13.62833, 52.78157 ], [ 13.62827, 52.78181 ], [ 13.62841, 52.78203 ], [ 13.62913, 52.78257 ], [ 13.62916, 52.78267 ], [ 13.62902, 52.78282 ], [ 13.62912, 52.78321 ], [ 13.62898, 52.78337 ], [ 13.62897, 52.78376 ], [ 13.62915, 52.78387 ], [ 13.63063, 52.78325 ], [ 13.631, 52.783 ], [ 13.63112, 52.78286 ], [ 13.63114, 52.78264 ], [ 13.63147, 52.78198 ], [ 13.63138, 52.78168 ], [ 13.63118, 52.78142 ], [ 13.63085, 52.78116 ], [ 13.63051, 52.78101 ], [ 13.62999, 52.78091 ], [ 13.62965, 52.78091 ], [ 13.62872, 52.78107 ] ] ] } },
{ "type": "Feature", "properties": { "boden": "60 % mittel, mäßig frisch (M2) · 40 % mittel, mäßig frisch (M2)" }, "geometry": { "type": "Polygon", "coordinates": [ [ [ 13.63253, 52.78406 ], [ 13.63211, 52.78405 ], [ 13.63195, 52.78412 ], [ 13.63194, 52.78438 ], [ 13.63205, 52.78449 ], [ 13.63237, 52.78451 ], [ 13.63256, 52.78444 ], [ 13.63262, 52.78434 ], [ 13.63259, 52.78413 ], [ 13.63253, 52.78406 ] ] ] } },
{ "type": "Feature", "properties": { "boden": "100 % mittel, trocken (vermutet) (M3)" }, "geometry": { "type": "Polygon", "coordinates": [ [ [ 13.6329, 52.787 ], [ 13.63237, 52.7868 ], [ 13.63224, 52.78692 ], [ 13.63228, 52.78714 ], [ 13.63217, 52.7872 ], [ 13.63187, 52.78725 ], [ 13.6319, 52.78734 ], [ 13.63211, 52.78737 ], [ 13.63242, 52.78734 ], [ 13.63253, 52.78743 ], [ 13.63268, 52.7874 ], [ 13.63285, 52.78726 ], [ 13.6329, 52.787 ] ] ] } },
{ "type": "Feature", "properties": { "boden": "100 % mittel, mäßig frisch (M2)" }, "geometry": { "type": "Polygon", "coordinates": [ [ [ 13.62634, 52.78452 ], [ 13.62603, 52.78479 ], [ 13.6257, 52.78492 ], [ 13.62548, 52.78494 ], [ 13.62539, 52.7849 ], [ 13.62537, 52.78482 ], [ 13.62547, 52.78471 ], [ 13.62516, 52.78479 ], [ 13.6247, 52.78433 ], [ 13.62414, 52.78389 ], [ 13.62388, 52.78328 ], [ 13.62374, 52.78348 ], [ 13.62333, 52.78368 ], [ 13.62211, 52.78382 ], [ 13.62303, 52.78458 ], [ 13.62351, 52.7847 ], [ 13.6239, 52.78497 ], [ 13.62433, 52.78547 ], [ 13.62459, 52.7854 ], [ 13.62499, 52.78582 ], [ 13.62521, 52.78563 ], [ 13.62519, 52.78554 ], [ 13.62533, 52.78538 ], [ 13.62617, 52.78519 ], [ 13.62664, 52.78477 ], [ 13.62682, 52.78468 ], [ 13.62696, 52.78449 ], [ 13.6266, 52.78449 ], [ 13.62634, 52.78452 ] ] ] } },
{ "type": "Feature", "properties": { "boden": "100 % mittel, trocken (vermutet) (M3)" }, "geometry": { "type": "Polygon", "coordinates": [ [ [ 13.62606, 52.78455 ], [ 13.62547, 52.78471 ], [ 13.62537, 52.78482 ], [ 13.62539, 52.7849 ], [ 13.62548, 52.78494 ], [ 13.62585, 52.78488 ], [ 13.62634, 52.78452 ], [ 13.62606, 52.78455 ] ] ] } },
{ "type": "Feature", "properties": { "boden": "60 % mittel, trocken (vermutet) (M3) · 40 % mittel, trocken (vermutet) (M3)" }, "geometry": { "type": "Polygon", "coordinates": [ [ [ 13.61672, 52.78503 ], [ 13.61629, 52.78497 ], [ 13.61613, 52.78505 ], [ 13.61609, 52.78514 ], [ 13.61615, 52.78519 ], [ 13.61636, 52.78526 ], [ 13.6168, 52.78517 ], [ 13.61682, 52.78508 ], [ 13.61672, 52.78503 ] ] ] } },
{ "type": "Feature", "properties": { "boden": "100 % mittel, mäßig frisch (M2)" }, "geometry": { "type": "Polygon", "coordinates": [ [ [ 13.6219, 52.78777 ], [ 13.622, 52.78733 ], [ 13.62171, 52.78663 ], [ 13.62179, 52.78624 ], [ 13.62106, 52.78588 ], [ 13.62068, 52.78604 ], [ 13.62042, 52.78629 ], [ 13.62045, 52.78637 ], [ 13.62064, 52.78646 ], [ 13.62139, 52.78633 ], [ 13.62147, 52.78652 ], [ 13.6214, 52.78668 ], [ 13.62158, 52.78676 ], [ 13.62147, 52.78698 ], [ 13.6209, 52.78713 ], [ 13.62076, 52.78747 ], [ 13.62079, 52.78795 ], [ 13.62067, 52.7881 ], [ 13.62078, 52.78848 ], [ 13.62142, 52.78876 ], [ 13.62179, 52.78894 ], [ 13.62187, 52.78903 ], [ 13.62204, 52.78901 ], [ 13.62195, 52.78878 ], [ 13.62203, 52.78846 ], [ 13.62226, 52.78825 ], [ 13.6219, 52.78777 ] ], [ [ 13.62171, 52.78712 ], [ 13.6217, 52.78743 ], [ 13.62158, 52.7876 ], [ 13.62128, 52.78783 ], [ 13.62131, 52.7881 ], [ 13.62122, 52.78818 ], [ 13.62112, 52.78812 ], [ 13.62104, 52.78796 ], [ 13.62105, 52.78743 ], [ 13.62118, 52.78725 ], [ 13.62136, 52.78714 ], [ 13.62157, 52.78708 ], [ 13.62171, 52.78712 ] ] ] } },
{ "type": "Feature", "properties": { "boden": "100 % mittel, trocken (vermutet) (M3)" }, "geometry": { "type": "Polygon", "coordinates": [ [ [ 13.62166, 52.78709 ], [ 13.62136, 52.78714 ], [ 13.62118, 52.78725 ], [ 13.62105, 52.78743 ], [ 13.62104, 52.78796 ], [ 13.62112, 52.78812 ], [ 13.62122, 52.78818 ], [ 13.62131, 52.7881 ], [ 13.62128, 52.78783 ], [ 13.62158, 52.7876 ], [ 13.6217, 52.78743 ], [ 13.62173, 52.78719 ], [ 13.62166, 52.78709 ] ] ] } },
{ "type": "Feature", "properties": { "boden": "100 % ziemlich arm, frisch (Z1)" }, "geometry": { "type": "Polygon", "coordinates": [ [ [ 13.62358, 52.78886 ], [ 13.6234, 52.7889 ], [ 13.62332, 52.78901 ], [ 13.62339, 52.78911 ], [ 13.62357, 52.78916 ], [ 13.62375, 52.78912 ], [ 13.62383, 52.78901 ], [ 13.62376, 52.7889 ], [ 13.62358, 52.78886 ] ] ] } },
{ "type": "Feature", "properties": { "boden": "100 % ziemlich arm, frisch (Z1)" }, "geometry": { "type": "Polygon", "coordinates": [ [ [ 13.62458, 52.7893 ], [ 13.62442, 52.78926 ], [ 13.62424, 52.7893 ], [ 13.62416, 52.78941 ], [ 13.62423, 52.78952 ], [ 13.62441, 52.78957 ], [ 13.62459, 52.78952 ], [ 13.62463, 52.78946 ], [ 13.62458, 52.7893 ] ] ] } },
{ "type": "Feature", "properties": { "boden": "100 % ziemlich arm, frisch (Z1)" }, "geometry": { "type": "Polygon", "coordinates": [ [ [ 13.62215, 52.79101 ], [ 13.62208, 52.7909 ], [ 13.62216, 52.79079 ], [ 13.62234, 52.79075 ], [ 13.62252, 52.7908 ], [ 13.62259, 52.79091 ], [ 13.62252, 52.791 ], [ 13.62264, 52.79099 ], [ 13.62258, 52.79065 ], [ 13.62272, 52.79036 ], [ 13.62292, 52.79021 ], [ 13.62328, 52.78973 ], [ 13.62347, 52.78976 ], [ 13.62361, 52.78988 ], [ 13.62381, 52.78987 ], [ 13.62433, 52.78963 ], [ 13.6247, 52.78966 ], [ 13.62463, 52.78946 ], [ 13.62459, 52.78952 ], [ 13.62441, 52.78957 ], [ 13.62423, 52.78952 ], [ 13.62416, 52.78941 ], [ 13.62424, 52.7893 ], [ 13.62442, 52.78926 ], [ 13.62458, 52.7893 ], [ 13.62447, 52.78896 ], [ 13.62345, 52.78851 ], [ 13.62323, 52.78845 ], [ 13.62323, 52.78912 ], [ 13.62273, 52.78947 ], [ 13.6226, 52.78947 ], [ 13.62237, 52.78926 ], [ 13.62221, 52.78933 ], [ 13.62225, 52.78951 ], [ 13.62207, 52.78944 ], [ 13.62203, 52.78962 ], [ 13.62214, 52.78981 ], [ 13.62215, 52.79009 ], [ 13.62172, 52.79023 ], [ 13.62136, 52.79014 ], [ 13.62114, 52.79036 ], [ 13.62111, 52.79062 ], [ 13.62129, 52.79085 ], [ 13.62136, 52.79074 ], [ 13.62154, 52.7907 ], [ 13.62172, 52.79075 ], [ 13.62179, 52.79086 ], [ 13.62171, 52.79096 ], [ 13.62153, 52.791 ], [ 13.62134, 52.79093 ], [ 13.62134, 52.79107 ], [ 13.62215, 52.79101 ] ], [ [ 13.62383, 52.78901 ], [ 13.62375, 52.78912 ], [ 13.62357, 52.78916 ], [ 13.62339, 52.78911 ], [ 13.62332, 52.78901 ], [ 13.6234, 52.7889 ], [ 13.62358, 52.78886 ], [ 13.62376, 52.7889 ], [ 13.62383, 52.78901 ] ] ] } },
{ "type": "Feature", "properties": { "boden": "100 % ziemlich arm, frisch (Z1)" }, "geometry": { "type": "Polygon", "coordinates": [ [ [ 13.62129, 52.79085 ], [ 13.62136, 52.79096 ], [ 13.62153, 52.791 ], [ 13.62171, 52.79096 ], [ 13.62179, 52.79086 ], [ 13.62172, 52.79075 ], [ 13.62154, 52.7907 ], [ 13.62136, 52.79074 ], [ 13.62129, 52.79085 ] ] ] } },
{ "type": "Feature", "properties": { "boden": "100 % ziemlich arm, frisch (Z1)" }, "geometry": { "type": "Polygon", "coordinates": [ [ [ 13.62259, 52.79091 ], [ 13.62252, 52.7908 ], [ 13.62234, 52.79075 ], [ 13.62216, 52.79079 ], [ 13.62208, 52.7909 ], [ 13.62218, 52.79102 ], [ 13.62252, 52.791 ], [ 13.62259, 52.79091 ] ] ] } },
{ "type": "Feature", "properties": { "boden": "60 % mittel, trocken (vermutet) (M3) · 40 % mittel, trocken (vermutet) (M3)" }, "geometry": { "type": "Polygon", "coordinates": [ [ [ 13.60767, 52.78307 ], [ 13.60787, 52.78294 ], [ 13.60931, 52.78265 ], [ 13.61022, 52.78258 ], [ 13.61032, 52.78242 ], [ 13.61021, 52.78232 ], [ 13.60984, 52.78219 ], [ 13.60909, 52.78209 ], [ 13.60891, 52.78216 ], [ 13.60865, 52.78238 ], [ 13.60833, 52.78246 ], [ 13.60778, 52.78245 ], [ 13.60729, 52.78234 ], [ 13.60688, 52.78259 ], [ 13.60674, 52.78279 ], [ 13.60707, 52.78296 ], [ 13.60719, 52.78307 ], [ 13.60767, 52.78307 ] ] ] } },
{ "type": "Feature", "properties": { "boden": "100 % arm, nass (OA3)" }, "geometry": { "type": "Polygon", "coordinates": [ [ [ 13.60617, 52.78417 ], [ 13.60602, 52.78429 ], [ 13.60617, 52.78448 ], [ 13.6061, 52.78469 ], [ 13.60612, 52.78501 ], [ 13.6064, 52.78511 ], [ 13.60656, 52.7849 ], [ 13.60685, 52.78481 ], [ 13.60667, 52.78411 ], [ 13.60641, 52.7841 ], [ 13.60617, 52.78417 ] ] ] } },
{ "type": "Feature", "properties": { "boden": "60 % mittel, trocken (vermutet) (M3) · 40 % mittel, trocken (vermutet) (M3)" }, "geometry": { "type": "Polygon", "coordinates": [ [ [ 13.61321, 52.78553 ], [ 13.61279, 52.78555 ], [ 13.61267, 52.7856 ], [ 13.61268, 52.78566 ], [ 13.61282, 52.78572 ], [ 13.61326, 52.78572 ], [ 13.61344, 52.78563 ], [ 13.61339, 52.78556 ], [ 13.61321, 52.78553 ] ] ] } },
{ "type": "Feature", "properties": { "boden": "60 % mittel, mäßig frisch (M2) · 40 % mittel, mäßig frisch (M2)" }, "geometry": { "type": "Polygon", "coordinates": [ [ [ 13.617, 52.7858 ], [ 13.61715, 52.78562 ], [ 13.6171, 52.78559 ], [ 13.61677, 52.78557 ], [ 13.61653, 52.78575 ], [ 13.61621, 52.78578 ], [ 13.61446, 52.78577 ], [ 13.61388, 52.78595 ], [ 13.61328, 52.78595 ], [ 13.61305, 52.78601 ], [ 13.61293, 52.78613 ], [ 13.61273, 52.78618 ], [ 13.61167, 52.78626 ], [ 13.61175, 52.78658 ], [ 13.61292, 52.78645 ], [ 13.61545, 52.78593 ], [ 13.61644, 52.78591 ], [ 13.617, 52.7858 ] ] ] } },
{ "type": "Feature", "properties": { "boden": "100 % ziemlich arm, mäßig frisch (Z2)" }, "geometry": { "type": "Polygon", "coordinates": [ [ [ 13.61167, 52.78626 ], [ 13.6107, 52.78629 ], [ 13.6102, 52.78634 ], [ 13.61023, 52.78641 ], [ 13.61047, 52.78659 ], [ 13.61111, 52.78669 ], [ 13.61179, 52.78671 ], [ 13.61167, 52.78626 ] ] ] } },
{ "type": "Feature", "properties": { "boden": "100 % ziemlich arm, trocken (vermutet) (Z3)" }, "geometry": { "type": "Polygon", "coordinates": [ [ [ 13.61788, 52.78735 ], [ 13.61783, 52.78718 ], [ 13.61763, 52.78708 ], [ 13.61743, 52.78708 ], [ 13.61715, 52.7872 ], [ 13.61652, 52.78719 ], [ 13.61598, 52.78687 ], [ 13.61541, 52.7868 ], [ 13.61497, 52.78685 ], [ 13.61421, 52.78707 ], [ 13.6139, 52.78711 ], [ 13.61383, 52.78716 ], [ 13.61352, 52.78716 ], [ 13.61267, 52.7873 ], [ 13.61223, 52.78728 ], [ 13.61154, 52.78716 ], [ 13.61132, 52.78733 ], [ 13.61083, 52.78732 ], [ 13.61117, 52.78744 ], [ 13.61156, 52.7875 ], [ 13.61275, 52.78758 ], [ 13.61402, 52.78756 ], [ 13.61533, 52.78736 ], [ 13.6165, 52.78742 ], [ 13.61716, 52.78771 ], [ 13.61747, 52.78779 ], [ 13.61759, 52.78778 ], [ 13.61776, 52.78766 ], [ 13.61788, 52.78735 ] ] ] } },
{ "type": "Feature", "properties": { "boden": "100 % ziemlich arm, mäßig frisch (Z2)" }, "geometry": { "type": "Polygon", "coordinates": [ [ [ 13.60593, 52.78358 ], [ 13.60617, 52.78416 ], [ 13.60641, 52.7841 ], [ 13.60667, 52.78411 ], [ 13.60685, 52.78481 ], [ 13.60656, 52.7849 ], [ 13.6064, 52.78511 ], [ 13.60612, 52.78501 ], [ 13.60596, 52.78522 ], [ 13.60775, 52.78555 ], [ 13.60841, 52.78559 ], [ 13.60728, 52.78677 ], [ 13.60753, 52.78686 ], [ 13.6058, 52.78874 ], [ 13.60514, 52.78954 ], [ 13.60952, 52.79064 ], [ 13.61013, 52.79088 ], [ 13.61062, 52.79114 ], [ 13.61097, 52.79143 ], [ 13.61113, 52.79167 ], [ 13.61439, 52.79171 ], [ 13.61455, 52.79145 ], [ 13.6151, 52.79107 ], [ 13.61515, 52.79095 ], [ 13.61512, 52.79079 ], [ 13.61487, 52.79045 ], [ 13.61484, 52.79023 ], [ 13.6149, 52.79002 ], [ 13.61558, 52.78953 ], [ 13.61603, 52.78946 ], [ 13.61639, 52.78951 ], [ 13.61734, 52.78988 ], [ 13.61779, 52.78998 ], [ 13.61819, 52.79002 ], [ 13.61854, 52.79 ], [ 13.61877, 52.78992 ], [ 13.61908, 52.7897 ], [ 13.61949, 52.78933 ], [ 13.61903, 52.78848 ], [ 13.61876, 52.7875 ], [ 13.61795, 52.78703 ], [ 13.61724, 52.78703 ], [ 13.61664, 52.78692 ], [ 13.61605, 52.78669 ], [ 13.61465, 52.78678 ], [ 13.61377, 52.78698 ], [ 13.61274, 52.78698 ], [ 13.61192, 52.78679 ], [ 13.61179, 52.78671 ], [ 13.61111, 52.78669 ], [ 13.61047, 52.78659 ], [ 13.61023, 52.78641 ], [ 13.6102, 52.78634 ], [ 13.61037, 52.78631 ], [ 13.61167, 52.78626 ], [ 13.61165, 52.78617 ], [ 13.60954, 52.78583 ], [ 13.60924, 52.78488 ], [ 13.61067, 52.78324 ], [ 13.61052, 52.78306 ], [ 13.60985, 52.78295 ], [ 13.60932, 52.78291 ], [ 13.60871, 52.78293 ], [ 13.6078, 52.78307 ], [ 13.60718, 52.78307 ], [ 13.60492, 52.78283 ], [ 13.60527, 52.783 ], [ 13.60562, 52.78326 ], [ 13.60593, 52.78358 ] ], [ [ 13.60616, 52.7833 ], [ 13.60617, 52.78316 ], [ 13.60626, 52.78316 ], [ 13.60637, 52.78351 ], [ 13.60629, 52.78358 ], [ 13.60593, 52.78358 ], [ 13.60616, 52.7833 ] ], [ [ 13.61776, 52.78766 ], [ 13.61759, 52.78778 ], [ 13.61732, 52.78777 ], [ 13.6165, 52.78742 ], [ 13.61533, 52.78736 ], [ 13.61402, 52.78756 ], [ 13.61275, 52.78758 ], [ 13.61156, 52.7875 ], [ 13.61117, 52.78744 ], [ 13.61083, 52.78732 ], [ 13.61132, 52.78733 ], [ 13.61154, 52.78716 ], [ 13.61223, 52.78728 ], [ 13.61267, 52.7873 ], [ 13.61352, 52.78716 ], [ 13.61383, 52.78716 ], [ 13.6139, 52.78711 ], [ 13.61421, 52.78707 ], [ 13.61497, 52.78685 ], [ 13.61563, 52.7868 ], [ 13.61598, 52.78687 ], [ 13.61652, 52.78719 ], [ 13.61715, 52.7872 ], [ 13.61756, 52.78706 ], [ 13.61774, 52.78712 ], [ 13.61788, 52.78735 ], [ 13.61776, 52.78766 ] ] ] } },
{ "type": "Feature", "properties": { "boden": "70 % ziemlich arm, trocken (vermutet) (Z3) · 20 % arm, trocken (vermutet) (A3) · 10 % mittel, trocken (vermutet) (M3)" }, "geometry": { "type": "Polygon", "coordinates": [ [ [ 13.60475, 52.79017 ], [ 13.60488, 52.79023 ], [ 13.60557, 52.79036 ], [ 13.60596, 52.79055 ], [ 13.60636, 52.7908 ], [ 13.60727, 52.79154 ], [ 13.60754, 52.79163 ], [ 13.60804, 52.79163 ], [ 13.60807, 52.79127 ], [ 13.60789, 52.79091 ], [ 13.60763, 52.79073 ], [ 13.60687, 52.79043 ], [ 13.60626, 52.7901 ], [ 13.60588, 52.78998 ], [ 13.60534, 52.78996 ], [ 13.60487, 52.79007 ], [ 13.60475, 52.79017 ] ] ] } },
{ "type": "Feature", "properties": { "boden": "100 % ziemlich arm, trocken (vermutet) (Z3)" }, "geometry": { "type": "Polygon", "coordinates": [ [ [ 13.62935, 52.7871 ], [ 13.62828, 52.78689 ], [ 13.628, 52.78689 ], [ 13.62772, 52.78733 ], [ 13.62745, 52.7876 ], [ 13.62739, 52.78772 ], [ 13.62744, 52.7878 ], [ 13.62765, 52.78784 ], [ 13.62809, 52.7877 ], [ 13.62873, 52.78765 ], [ 13.62904, 52.78757 ], [ 13.62956, 52.78724 ], [ 13.62953, 52.78709 ], [ 13.62937, 52.78704 ], [ 13.62935, 52.7871 ] ] ] } },
{ "type": "Feature", "properties": { "boden": "100 % mittel, trocken (vermutet) (M3)" }, "geometry": { "type": "Polygon", "coordinates": [ [ [ 13.63176, 52.78754 ], [ 13.6314, 52.78761 ], [ 13.63129, 52.78772 ], [ 13.63105, 52.78829 ], [ 13.63109, 52.78854 ], [ 13.63121, 52.78867 ], [ 13.63139, 52.78867 ], [ 13.63173, 52.78852 ], [ 13.63202, 52.78822 ], [ 13.63212, 52.78798 ], [ 13.63215, 52.7877 ], [ 13.63196, 52.78757 ], [ 13.63176, 52.78754 ] ] ] } },
{ "type": "Feature", "properties": { "boden": "100 % ziemlich arm, mäßig frisch (Z2)" }, "geometry": { "type": "Polygon", "coordinates": [ [ [ 13.62938, 52.78701 ], [ 13.62958, 52.78713 ], [ 13.62956, 52.78724 ], [ 13.62904, 52.78757 ], [ 13.62873, 52.78765 ], [ 13.62809, 52.7877 ], [ 13.62782, 52.78781 ], [ 13.62756, 52.78784 ], [ 13.62744, 52.7878 ], [ 13.62739, 52.78772 ], [ 13.62779, 52.78724 ], [ 13.62792, 52.78695 ], [ 13.628, 52.78689 ], [ 13.62828, 52.78689 ], [ 13.628, 52.78683 ], [ 13.62752, 52.78741 ], [ 13.62729, 52.78745 ], [ 13.62687, 52.78786 ], [ 13.62681, 52.78845 ], [ 13.62667, 52.78874 ], [ 13.6263, 52.789 ], [ 13.62615, 52.78917 ], [ 13.6264, 52.7893 ], [ 13.62652, 52.78943 ], [ 13.62729, 52.78933 ], [ 13.62739, 52.7892 ], [ 13.62806, 52.78912 ], [ 13.62835, 52.78888 ], [ 13.62874, 52.78891 ], [ 13.62885, 52.78901 ], [ 13.6288, 52.78917 ], [ 13.6297, 52.7888 ], [ 13.62985, 52.78843 ], [ 13.62976, 52.78826 ], [ 13.62993, 52.78827 ], [ 13.6296, 52.78787 ], [ 13.62971, 52.78762 ], [ 13.62991, 52.78751 ], [ 13.62988, 52.78742 ], [ 13.63001, 52.7872 ], [ 13.62969, 52.78703 ], [ 13.62938, 52.78701 ] ], [ [ 13.6286, 52.7882 ], [ 13.62833, 52.7884 ], [ 13.62804, 52.78846 ], [ 13.62776, 52.78841 ], [ 13.62771, 52.78823 ], [ 13.6278, 52.78815 ], [ 13.62818, 52.78818 ], [ 13.62846, 52.78813 ], [ 13.6286, 52.7882 ] ] ] } },
{ "type": "Feature", "properties": { "boden": "100 % ziemlich arm, trocken (vermutet) (Z3)" }, "geometry": { "type": "Polygon", "coordinates": [ [ [ 13.62854, 52.78815 ], [ 13.62818, 52.78818 ], [ 13.6278, 52.78815 ], [ 13.62771, 52.78823 ], [ 13.62776, 52.78841 ], [ 13.62804, 52.78846 ], [ 13.62833, 52.7884 ], [ 13.62854, 52.78828 ], [ 13.6286, 52.7882 ], [ 13.62854, 52.78815 ] ] ] } },
{ "type": "Feature", "properties": { "boden": "100 % mittel, trocken (vermutet) (M3)" }, "geometry": { "type": "Polygon", "coordinates": [ [ [ 13.63243, 52.78958 ], [ 13.63207, 52.78956 ], [ 13.63173, 52.78931 ], [ 13.63157, 52.78937 ], [ 13.63154, 52.7896 ], [ 13.63163, 52.78975 ], [ 13.63192, 52.78995 ], [ 13.63222, 52.78987 ], [ 13.63244, 52.78967 ], [ 13.63243, 52.78958 ] ] ] } },
{ "type": "Feature", "properties": { "boden": "100 % mittel, mäßig frisch (M2)" }, "geometry": { "type": "Polygon", "coordinates": [ [ [ 13.63187, 52.79011 ], [ 13.63138, 52.78967 ], [ 13.63111, 52.78964 ], [ 13.63105, 52.78968 ], [ 13.63102, 52.78974 ], [ 13.63127, 52.79016 ], [ 13.63187, 52.79011 ] ] ] } },
{ "type": "Feature", "properties": { "boden": "100 % mittel, trocken (vermutet) (M3)" }, "geometry": { "type": "Polygon", "coordinates": [ [ [ 13.63098, 52.79017 ], [ 13.63084, 52.78994 ], [ 13.63086, 52.78977 ], [ 13.63047, 52.7899 ], [ 13.63029, 52.79025 ], [ 13.63098, 52.79017 ] ] ] } },
{ "type": "Feature", "properties": { "boden": "40 % mittel, trocken (vermutet) (M3) · 40 % ziemlich arm, trocken (vermutet) (Z3) · 20 % ziemlich arm, trocken (vermutet) (Z3)" }, "geometry": { "type": "Polygon", "coordinates": [ [ [ 13.63049, 52.79024 ], [ 13.62921, 52.79021 ], [ 13.62906, 52.79024 ], [ 13.62924, 52.79044 ], [ 13.62948, 52.79052 ], [ 13.63016, 52.79062 ], [ 13.6304, 52.79055 ], [ 13.63065, 52.79054 ], [ 13.63091, 52.79034 ], [ 13.63098, 52.79019 ], [ 13.63049, 52.79024 ] ] ] } },
{ "type": "Feature", "properties": { "boden": "40 % mittel, mäßig frisch (M2) · 40 % ziemlich arm, mäßig frisch (Z2) · 20 % ziemlich arm, mäßig frisch (Z2)" }, "geometry": { "type": "Polygon", "coordinates": [ [ [ 13.63193, 52.79022 ], [ 13.63183, 52.79054 ], [ 13.63168, 52.79065 ], [ 13.6315, 52.79095 ], [ 13.63141, 52.79101 ], [ 13.63131, 52.79101 ], [ 13.63128, 52.79106 ], [ 13.63155, 52.79115 ], [ 13.63187, 52.79104 ], [ 13.63218, 52.7912 ], [ 13.63199, 52.79104 ], [ 13.63209, 52.79024 ], [ 13.63198, 52.79014 ], [ 13.63188, 52.79012 ], [ 13.63193, 52.79022 ] ] ] } },
{ "type": "Feature", "properties": { "boden": "100 % mittel, mäßig frisch (M2)" }, "geometry": { "type": "Polygon", "coordinates": [ [ [ 13.63986, 52.79159 ], [ 13.64017, 52.79142 ], [ 13.63989, 52.79131 ], [ 13.63982, 52.7912 ], [ 13.64036, 52.79116 ], [ 13.64054, 52.79097 ], [ 13.64072, 52.79093 ], [ 13.64097, 52.79094 ], [ 13.64175, 52.79105 ], [ 13.64113, 52.79084 ], [ 13.64006, 52.79076 ], [ 13.63862, 52.79041 ], [ 13.63824, 52.79038 ], [ 13.63779, 52.79042 ], [ 13.63639, 52.7909 ], [ 13.63582, 52.79119 ], [ 13.63556, 52.79172 ], [ 13.63563, 52.79186 ], [ 13.63576, 52.79196 ], [ 13.6369, 52.79197 ], [ 13.63831, 52.79175 ], [ 13.6398, 52.79174 ], [ 13.63986, 52.79159 ] ] ] } },
{ "type": "Feature", "properties": { "boden": "100 % mittel, mäßig frisch (M2)" }, "geometry": { "type": "Polygon", "coordinates": [ [ [ 13.62266, 52.7918 ], [ 13.62322, 52.79142 ], [ 13.62307, 52.79129 ], [ 13.62264, 52.79099 ], [ 13.62134, 52.79107 ], [ 13.62106, 52.79114 ], [ 13.62022, 52.79061 ], [ 13.6204, 52.79025 ], [ 13.6196, 52.78952 ], [ 13.61949, 52.78933 ], [ 13.61877, 52.78992 ], [ 13.61841, 52.79003 ], [ 13.61779, 52.78998 ], [ 13.61734, 52.78988 ], [ 13.61639, 52.78951 ], [ 13.61603, 52.78946 ], [ 13.61558, 52.78953 ], [ 13.6149, 52.79002 ], [ 13.61484, 52.79023 ], [ 13.61487, 52.79045 ], [ 13.61512, 52.79079 ], [ 13.61515, 52.79095 ], [ 13.6151, 52.79107 ], [ 13.61455, 52.79145 ], [ 13.61439, 52.79171 ], [ 13.62266, 52.7918 ] ] ] } },
{ "type": "Feature", "properties": { "boden": "70 % ziemlich arm, mäßig frisch (Z2) · 20 % arm, mäßig frisch (A2) · 10 % mittel, mäßig frisch (M2)" }, "geometry": { "type": "Polygon", "coordinates": [ [ [ 13.62266, 52.7918 ], [ 13.62298, 52.79181 ], [ 13.62272, 52.79177 ], [ 13.62266, 52.7918 ] ] ] } },
{ "type": "Feature", "properties": { "boden": "70 % ziemlich arm, trocken (vermutet) (Z3) · 20 % arm, trocken (vermutet) (A3) · 10 % mittel, trocken (vermutet) (M3)" }, "geometry": { "type": "Polygon", "coordinates": [ [ [ 13.62524, 52.79183 ], [ 13.62438, 52.79173 ], [ 13.62384, 52.79182 ], [ 13.62524, 52.79183 ] ] ] } },
{ "type": "Feature", "properties": { "boden": "100 % mittel, trocken (vermutet) (M3)" }, "geometry": { "type": "Polygon", "coordinates": [ [ [ 13.63321, 52.79193 ], [ 13.63355, 52.79193 ], [ 13.63356, 52.79172 ], [ 13.63343, 52.7916 ], [ 13.63354, 52.79144 ], [ 13.63345, 52.79137 ], [ 13.63311, 52.7913 ], [ 13.63273, 52.7911 ], [ 13.63255, 52.79092 ], [ 13.63245, 52.79063 ], [ 13.63234, 52.79058 ], [ 13.63216, 52.79066 ], [ 13.63209, 52.79092 ], [ 13.63224, 52.79101 ], [ 13.63231, 52.79115 ], [ 13.63247, 52.79129 ], [ 13.63301, 52.79144 ], [ 13.63318, 52.79154 ], [ 13.63323, 52.79166 ], [ 13.63316, 52.79181 ], [ 13.63321, 52.79193 ] ] ] } },
{ "type": "Feature", "properties": { "boden": "40 % mittel, trocken (vermutet) (M3) · 40 % ziemlich arm, trocken (vermutet) (Z3) · 20 % ziemlich arm, trocken (vermutet) (Z3)" }, "geometry": { "type": "Polygon", "coordinates": [ [ [ 13.63023, 52.79088 ], [ 13.62984, 52.79126 ], [ 13.62976, 52.79141 ], [ 13.6298, 52.79156 ], [ 13.62989, 52.79163 ], [ 13.63017, 52.79168 ], [ 13.63086, 52.79167 ], [ 13.631, 52.79156 ], [ 13.63088, 52.79138 ], [ 13.63045, 52.79097 ], [ 13.63023, 52.79088 ] ] ] } },
{ "type": "Feature", "properties": { "boden": "40 % mittel, mäßig frisch (M2) · 40 % ziemlich arm, mäßig frisch (Z2) · 20 % ziemlich arm, mäßig frisch (Z2)" }, "geometry": { "type": "Polygon", "coordinates": [ [ [ 13.6329, 52.7916 ], [ 13.63251, 52.79147 ], [ 13.63218, 52.7912 ], [ 13.63187, 52.79104 ], [ 13.63155, 52.79115 ], [ 13.6313, 52.79108 ], [ 13.63131, 52.79101 ], [ 13.63141, 52.79101 ], [ 13.6315, 52.79095 ], [ 13.63168, 52.79065 ], [ 13.63183, 52.79054 ], [ 13.63193, 52.79022 ], [ 13.63188, 52.79012 ], [ 13.63178, 52.7901 ], [ 13.63127, 52.79016 ], [ 13.63126, 52.79028 ], [ 13.63084, 52.79059 ], [ 13.63062, 52.79091 ], [ 13.6308, 52.7911 ], [ 13.63124, 52.79126 ], [ 13.63153, 52.79146 ], [ 13.63146, 52.79157 ], [ 13.63118, 52.79172 ], [ 13.63117, 52.7918 ], [ 13.63144, 52.79166 ], [ 13.63153, 52.79186 ], [ 13.63198, 52.79191 ], [ 13.63292, 52.79192 ], [ 13.63295, 52.79168 ], [ 13.6329, 52.7916 ] ] ] } },
{ "type": "Feature", "properties": { "boden": "40 % mittel, mäßig frisch (M2) · 40 % ziemlich arm, mäßig frisch (Z2) · 20 % ziemlich arm, mäßig frisch (Z2)" }, "geometry": { "type": "MultiPolygon", "coordinates": [ [ [ [ 13.63321, 52.79193 ], [ 13.6331, 52.79169 ], [ 13.63295, 52.79167 ], [ 13.63292, 52.79192 ], [ 13.63321, 52.79193 ] ] ], [ [ [ 13.63198, 52.79191 ], [ 13.63148, 52.79184 ], [ 13.63144, 52.79166 ], [ 13.63117, 52.7918 ], [ 13.63118, 52.79172 ], [ 13.63146, 52.79157 ], [ 13.63153, 52.79146 ], [ 13.63124, 52.79126 ], [ 13.6308, 52.7911 ], [ 13.63062, 52.79091 ], [ 13.63084, 52.79059 ], [ 13.63126, 52.79028 ], [ 13.63127, 52.79016 ], [ 13.63098, 52.79019 ], [ 13.63091, 52.79034 ], [ 13.63065, 52.79054 ], [ 13.6304, 52.79055 ], [ 13.63016, 52.79062 ], [ 13.62965, 52.79056 ], [ 13.62924, 52.79044 ], [ 13.62906, 52.79024 ], [ 13.62921, 52.79021 ], [ 13.62873, 52.79024 ], [ 13.62874, 52.79071 ], [ 13.62899, 52.79096 ], [ 13.62905, 52.79171 ], [ 13.62892, 52.79188 ], [ 13.63198, 52.79191 ] ], [ [ 13.63045, 52.79097 ], [ 13.631, 52.79156 ], [ 13.63086, 52.79167 ], [ 13.63017, 52.79168 ], [ 13.62989, 52.79163 ], [ 13.6298, 52.79156 ], [ 13.62976, 52.79141 ], [ 13.63001, 52.79105 ], [ 13.63023, 52.79088 ], [ 13.63045, 52.79097 ] ] ] ] } },
{ "type": "Feature", "properties": { "boden": "70 % ziemlich arm, trocken (vermutet) (Z3) · 20 % arm, trocken (vermutet) (A3) · 10 % mittel, trocken (vermutet) (M3)" }, "geometry": { "type": "Polygon", "coordinates": [ [ [ 13.60925, 52.79133 ], [ 13.60917, 52.79135 ], [ 13.60918, 52.79141 ], [ 13.60946, 52.79165 ], [ 13.61032, 52.79166 ], [ 13.60973, 52.7914 ], [ 13.60925, 52.79133 ] ] ] } },
{ "type": "Feature", "properties": { "boden": "70 % ziemlich arm, mäßig frisch (Z2) · 20 % arm, mäßig frisch (A2) · 10 % mittel, mäßig frisch (M2)" }, "geometry": { "type": "Polygon", "coordinates": [ [ [ 13.60876, 52.79164 ], [ 13.60861, 52.79161 ], [ 13.60855, 52.79164 ], [ 13.60876, 52.79164 ] ] ] } },
{ "type": "Feature", "properties": { "boden": "70 % ziemlich arm, mäßig frisch (Z2) · 20 % arm, mäßig frisch (A2) · 10 % mittel, mäßig frisch (M2)" }, "geometry": { "type": "MultiPolygon", "coordinates": [ [ [ [ 13.62667, 52.79185 ], [ 13.62515, 52.79146 ], [ 13.62422, 52.79161 ], [ 13.62376, 52.79156 ], [ 13.62322, 52.79142 ], [ 13.62272, 52.79177 ], [ 13.62298, 52.79181 ], [ 13.62384, 52.79182 ], [ 13.62438, 52.79173 ], [ 13.62524, 52.79183 ], [ 13.62667, 52.79185 ] ] ], [ [ [ 13.61097, 52.79143 ], [ 13.61062, 52.79114 ], [ 13.61013, 52.79088 ], [ 13.60952, 52.79064 ], [ 13.60514, 52.78954 ], [ 13.60477, 52.79012 ], [ 13.605, 52.79003 ], [ 13.60534, 52.78996 ], [ 13.60588, 52.78998 ], [ 13.60626, 52.7901 ], [ 13.60687, 52.79043 ], [ 13.60763, 52.79073 ], [ 13.60789, 52.79091 ], [ 13.60804, 52.79113 ], [ 13.60804, 52.79163 ], [ 13.60855, 52.79164 ], [ 13.60861, 52.79161 ], [ 13.60946, 52.79165 ], [ 13.60918, 52.79141 ], [ 13.60917, 52.79135 ], [ 13.60925, 52.79133 ], [ 13.60973, 52.7914 ], [ 13.61032, 52.79166 ], [ 13.61113, 52.79167 ], [ 13.61097, 52.79143 ] ] ], [ [ [ 13.60727, 52.79154 ], [ 13.60636, 52.7908 ], [ 13.60596, 52.79055 ], [ 13.60557, 52.79036 ], [ 13.60475, 52.79018 ], [ 13.60449, 52.79112 ], [ 13.60403, 52.79159 ], [ 13.60754, 52.79163 ], [ 13.60727, 52.79154 ] ] ] ] } },
{ "type": "Feature", "properties": { "boden": "100 % mittel, mäßig frisch (M2)" }, "geometry": { "type": "Polygon", "coordinates": [ [ [ 13.65244, 52.79042 ], [ 13.65172, 52.79081 ], [ 13.65075, 52.79107 ], [ 13.64875, 52.79129 ], [ 13.64599, 52.7917 ], [ 13.6466, 52.79174 ], [ 13.64707, 52.79169 ], [ 13.64858, 52.79138 ], [ 13.65047, 52.79126 ], [ 13.65108, 52.79103 ], [ 13.65181, 52.79098 ], [ 13.6521, 52.79091 ], [ 13.653, 52.79061 ], [ 13.65319, 52.79039 ], [ 13.653, 52.79035 ], [ 13.65244, 52.79042 ] ] ] } },
{ "type": "Feature", "properties": { "boden": "100 % arm, mäßig frisch (A2)" }, "geometry": { "type": "Polygon", "coordinates": [ [ [ 13.65231, 52.79044 ], [ 13.65142, 52.79066 ], [ 13.6509, 52.79095 ], [ 13.64971, 52.79105 ], [ 13.64786, 52.79113 ], [ 13.64713, 52.79129 ], [ 13.64598, 52.79144 ], [ 13.6457, 52.79153 ], [ 13.64573, 52.79161 ], [ 13.64599, 52.7917 ], [ 13.64622, 52.79168 ], [ 13.64681, 52.79155 ], [ 13.64875, 52.79129 ], [ 13.65075, 52.79107 ], [ 13.65172, 52.79081 ], [ 13.65236, 52.79046 ], [ 13.65231, 52.79044 ] ] ] } },
{ "type": "Feature", "properties": { "boden": "100 % arm, mäßig frisch (A2)" }, "geometry": { "type": "Polygon", "coordinates": [ [ [ 13.64074, 52.79175 ], [ 13.6412, 52.79156 ], [ 13.64164, 52.79147 ], [ 13.64253, 52.79144 ], [ 13.64261, 52.79145 ], [ 13.64264, 52.79155 ], [ 13.64232, 52.79165 ], [ 13.64308, 52.79167 ], [ 13.64466, 52.79156 ], [ 13.64554, 52.79169 ], [ 13.64599, 52.7917 ], [ 13.64573, 52.79161 ], [ 13.6457, 52.79153 ], [ 13.64598, 52.79144 ], [ 13.64713, 52.79129 ], [ 13.64786, 52.79113 ], [ 13.64971, 52.79105 ], [ 13.6509, 52.79095 ], [ 13.65142, 52.79066 ], [ 13.65231, 52.79044 ], [ 13.65194, 52.79035 ], [ 13.6517, 52.7905 ], [ 13.65026, 52.79086 ], [ 13.64879, 52.79093 ], [ 13.64665, 52.79121 ], [ 13.64529, 52.79133 ], [ 13.64303, 52.79136 ], [ 13.64151, 52.7913 ], [ 13.64071, 52.7915 ], [ 13.64017, 52.79142 ], [ 13.63986, 52.79159 ], [ 13.6398, 52.79174 ], [ 13.64046, 52.79177 ], [ 13.64074, 52.79175 ] ], [ [ 13.64467, 52.79139 ], [ 13.64481, 52.79151 ], [ 13.64472, 52.79152 ], [ 13.64428, 52.79155 ], [ 13.64367, 52.79156 ], [ 13.64338, 52.79152 ], [ 13.64336, 52.79149 ], [ 13.64342, 52.79143 ], [ 13.64362, 52.79138 ], [ 13.64391, 52.79136 ], [ 13.64467, 52.79139 ] ] ] } },
{ "type": "Feature", "properties": { "boden": "100 % mittel, trocken (vermutet) (M3)" }, "geometry": { "type": "Polygon", "coordinates": [ [ [ 13.64222, 52.7913 ], [ 13.64249, 52.79121 ], [ 13.64196, 52.79113 ], [ 13.64175, 52.79105 ], [ 13.64072, 52.79093 ], [ 13.64054, 52.79097 ], [ 13.64036, 52.79116 ], [ 13.63981, 52.79122 ], [ 13.63989, 52.79131 ], [ 13.64017, 52.79142 ], [ 13.64082, 52.79129 ], [ 13.64222, 52.7913 ] ] ] } },
{ "type": "Feature", "properties": { "boden": "100 % mittel, mäßig frisch (M2)" }, "geometry": { "type": "Polygon", "coordinates": [ [ [ 13.6461, 52.79124 ], [ 13.64414, 52.79121 ], [ 13.64327, 52.79126 ], [ 13.64312, 52.79124 ], [ 13.64305, 52.79115 ], [ 13.64204, 52.79131 ], [ 13.64303, 52.79136 ], [ 13.64529, 52.79133 ], [ 13.64665, 52.79121 ], [ 13.6461, 52.79124 ] ] ] } },
{ "type": "Feature", "properties": { "boden": "100 % arm, trocken (vermutet) (A3)" }, "geometry": { "type": "Polygon", "coordinates": [ [ [ 13.64157, 52.79129 ], [ 13.64082, 52.79129 ], [ 13.64017, 52.79142 ], [ 13.64071, 52.7915 ], [ 13.64151, 52.7913 ], [ 13.64204, 52.79131 ], [ 13.64157, 52.79129 ] ] ] } },
{ "type": "Feature", "properties": { "boden": "100 % arm, mäßig frisch (A2)" }, "geometry": { "type": "Polygon", "coordinates": [ [ [ 13.64428, 52.79136 ], [ 13.64362, 52.79138 ], [ 13.64342, 52.79143 ], [ 13.64336, 52.79149 ], [ 13.64338, 52.79152 ], [ 13.64367, 52.79156 ], [ 13.64481, 52.79151 ], [ 13.64467, 52.79139 ], [ 13.64428, 52.79136 ] ] ] } },
{ "type": "Feature", "properties": { "boden": "100 % arm, mäßig frisch (A2)" }, "geometry": { "type": "Polygon", "coordinates": [ [ [ 13.64252, 52.79162 ], [ 13.64264, 52.79155 ], [ 13.64261, 52.79145 ], [ 13.64189, 52.79145 ], [ 13.6412, 52.79156 ], [ 13.64074, 52.79175 ], [ 13.64156, 52.79165 ], [ 13.64252, 52.79162 ] ] ] } },
{ "type": "Feature", "properties": { "boden": "100 % mittel, mäßig frisch (M2)" }, "geometry": { "type": "Polygon", "coordinates": [ [ [ 13.64232, 52.79165 ], [ 13.64156, 52.79165 ], [ 13.64073, 52.79175 ], [ 13.64083, 52.79183 ], [ 13.64106, 52.79183 ], [ 13.64139, 52.79175 ], [ 13.64232, 52.79165 ] ] ] } },
{ "type": "Feature", "properties": { "boden": "100 % mittel, mäßig frisch (M2)" }, "geometry": { "type": "MultiPolygon", "coordinates": [ [ [ [ 13.66331, 52.79227 ], [ 13.6618, 52.79166 ], [ 13.66123, 52.79137 ], [ 13.66052, 52.79111 ], [ 13.65934, 52.79053 ], [ 13.65885, 52.79021 ], [ 13.65835, 52.79 ], [ 13.65807, 52.79003 ], [ 13.65753, 52.78995 ], [ 13.65735, 52.7901 ], [ 13.65658, 52.79029 ], [ 13.65549, 52.79038 ], [ 13.65542, 52.79009 ], [ 13.65549, 52.79003 ], [ 13.65653, 52.79 ], [ 13.65696, 52.78992 ], [ 13.6554, 52.78996 ], [ 13.65528, 52.79007 ], [ 13.65527, 52.79021 ], [ 13.65558, 52.79066 ], [ 13.65554, 52.79078 ], [ 13.65525, 52.79085 ], [ 13.6538, 52.79091 ], [ 13.6535, 52.79091 ], [ 13.65325, 52.79084 ], [ 13.6532, 52.79072 ], [ 13.65324, 52.79061 ], [ 13.65357, 52.79038 ], [ 13.65354, 52.79027 ], [ 13.65339, 52.79019 ], [ 13.65265, 52.7903 ], [ 13.65244, 52.79042 ], [ 13.65317, 52.79037 ], [ 13.65314, 52.79051 ], [ 13.65289, 52.79066 ], [ 13.65197, 52.79095 ], [ 13.65108, 52.79103 ], [ 13.65047, 52.79126 ], [ 13.64858, 52.79138 ], [ 13.64707, 52.79169 ], [ 13.64621, 52.79173 ], [ 13.64554, 52.79169 ], [ 13.64466, 52.79156 ], [ 13.64308, 52.79167 ], [ 13.64232, 52.79165 ], [ 13.6409, 52.79184 ], [ 13.64074, 52.7918 ], [ 13.64074, 52.79175 ], [ 13.6388, 52.79173 ], [ 13.63831, 52.79175 ], [ 13.6369, 52.79197 ], [ 13.66331, 52.79227 ] ] ], [ [ [ 13.63563, 52.79186 ], [ 13.63556, 52.79172 ], [ 13.63611, 52.7906 ], [ 13.63632, 52.7898 ], [ 13.63639, 52.78915 ], [ 13.63622, 52.78894 ], [ 13.63633, 52.78797 ], [ 13.63622, 52.78761 ], [ 13.63603, 52.78751 ], [ 13.63575, 52.78743 ], [ 13.63396, 52.78728 ], [ 13.63358, 52.78721 ], [ 13.6329, 52.787 ], [ 13.63285, 52.78726 ], [ 13.63268, 52.7874 ], [ 13.63253, 52.78743 ], [ 13.63242, 52.78734 ], [ 13.63203, 52.78737 ], [ 13.6319, 52.78734 ], [ 13.63187, 52.78725 ], [ 13.63224, 52.78718 ], [ 13.63224, 52.78692 ], [ 13.63237, 52.7868 ], [ 13.63163, 52.78632 ], [ 13.63145, 52.78711 ], [ 13.63085, 52.788 ], [ 13.63089, 52.78865 ], [ 13.6308, 52.78922 ], [ 13.63047, 52.7899 ], [ 13.63086, 52.78977 ], [ 13.63084, 52.78994 ], [ 13.63098, 52.79019 ], [ 13.63127, 52.79016 ], [ 13.63102, 52.78974 ], [ 13.63105, 52.78968 ], [ 13.63127, 52.78964 ], [ 13.63148, 52.78972 ], [ 13.63165, 52.78995 ], [ 13.63209, 52.79024 ], [ 13.63199, 52.79104 ], [ 13.63251, 52.79147 ], [ 13.63281, 52.79155 ], [ 13.63295, 52.79167 ], [ 13.6331, 52.79169 ], [ 13.63316, 52.79181 ], [ 13.63323, 52.79166 ], [ 13.63318, 52.79154 ], [ 13.63301, 52.79144 ], [ 13.63247, 52.79129 ], [ 13.63231, 52.79115 ], [ 13.63224, 52.79101 ], [ 13.63209, 52.79092 ], [ 13.63216, 52.79066 ], [ 13.63234, 52.79058 ], [ 13.63245, 52.79063 ], [ 13.63255, 52.79092 ], [ 13.63273, 52.7911 ], [ 13.63311, 52.7913 ], [ 13.63351, 52.7914 ], [ 13.63353, 52.79152 ], [ 13.63343, 52.7916 ], [ 13.63356, 52.79172 ], [ 13.63355, 52.79193 ], [ 13.63576, 52.79196 ], [ 13.63563, 52.79186 ] ], [ [ 13.63246, 52.78962 ], [ 13.63222, 52.78987 ], [ 13.63192, 52.78995 ], [ 13.63163, 52.78975 ], [ 13.63154, 52.7896 ], [ 13.63157, 52.78937 ], [ 13.63173, 52.78931 ], [ 13.63207, 52.78956 ], [ 13.63243, 52.78958 ], [ 13.63246, 52.78962 ] ], [ [ 13.63208, 52.78763 ], [ 13.63217, 52.78778 ], [ 13.63194, 52.78834 ], [ 13.63173, 52.78852 ], [ 13.63139, 52.78867 ], [ 13.63121, 52.78867 ], [ 13.63109, 52.78854 ], [ 13.63105, 52.78829 ], [ 13.63129, 52.78772 ], [ 13.6314, 52.78761 ], [ 13.63157, 52.78755 ], [ 13.63176, 52.78754 ], [ 13.63208, 52.78763 ] ] ] ] } },
{ "type": "Feature", "properties": { "boden": "100 % mittel, mäßig frisch (M2)" }, "geometry": { "type": "Polygon", "coordinates": [ [ [ 13.5793, 52.77716 ], [ 13.57902, 52.77731 ], [ 13.57909, 52.77741 ], [ 13.57927, 52.77746 ], [ 13.57944, 52.77742 ], [ 13.57952, 52.77731 ], [ 13.57945, 52.7772 ], [ 13.5793, 52.77716 ] ] ] } },
{ "type": "Feature", "properties": { "boden": "100 % mittel, mäßig frisch (M2)" }, "geometry": { "type": "Polygon", "coordinates": [ [ [ 13.5786, 52.7775 ], [ 13.57842, 52.77754 ], [ 13.57834, 52.77765 ], [ 13.57841, 52.77776 ], [ 13.57859, 52.7778 ], [ 13.57877, 52.77776 ], [ 13.57885, 52.77766 ], [ 13.57878, 52.77755 ], [ 13.5786, 52.7775 ] ] ] } },
{ "type": "Feature", "properties": { "boden": "100 % mittel, mäßig frisch (M2)" }, "geometry": { "type": "Polygon", "coordinates": [ [ [ 13.58046, 52.78414 ], [ 13.5798, 52.78371 ], [ 13.58, 52.78405 ], [ 13.58024, 52.78415 ], [ 13.58046, 52.78414 ] ] ] } },
{ "type": "Feature", "properties": { "boden": "100 % mittel, mäßig frisch (M2)" }, "geometry": { "type": "Polygon", "coordinates": [ [ [ 13.57943, 52.78593 ], [ 13.57925, 52.78597 ], [ 13.57918, 52.78607 ], [ 13.57925, 52.78618 ], [ 13.57942, 52.78623 ], [ 13.5796, 52.78619 ], [ 13.57968, 52.78608 ], [ 13.57961, 52.78597 ], [ 13.57943, 52.78593 ] ] ] } },
{ "type": "Feature", "properties": { "boden": "100 % mittel, mäßig frisch (M2)" }, "geometry": { "type": "Polygon", "coordinates": [ [ [ 13.57156, 52.79038 ], [ 13.57185, 52.78972 ], [ 13.57263, 52.78888 ], [ 13.57347, 52.78838 ], [ 13.57526, 52.78765 ], [ 13.57946, 52.78652 ], [ 13.58032, 52.78617 ], [ 13.58075, 52.78587 ], [ 13.58102, 52.7856 ], [ 13.58159, 52.7848 ], [ 13.58125, 52.78453 ], [ 13.58045, 52.78412 ], [ 13.58039, 52.78416 ], [ 13.58024, 52.78415 ], [ 13.58, 52.78405 ], [ 13.5798, 52.78371 ], [ 13.57918, 52.78329 ], [ 13.57782, 52.78406 ], [ 13.57575, 52.78488 ], [ 13.57595, 52.78504 ], [ 13.57521, 52.78542 ], [ 13.57689, 52.78656 ], [ 13.5759, 52.78709 ], [ 13.57555, 52.78685 ], [ 13.57519, 52.787 ], [ 13.57487, 52.78734 ], [ 13.57402, 52.78771 ], [ 13.57317, 52.7871 ], [ 13.57297, 52.7872 ], [ 13.57235, 52.78776 ], [ 13.57175, 52.78791 ], [ 13.57058, 52.78855 ], [ 13.57137, 52.78908 ], [ 13.56841, 52.79039 ], [ 13.56947, 52.79112 ], [ 13.57002, 52.79077 ], [ 13.57156, 52.79038 ] ], [ [ 13.57968, 52.78608 ], [ 13.5796, 52.78619 ], [ 13.57942, 52.78623 ], [ 13.57925, 52.78618 ], [ 13.57918, 52.78607 ], [ 13.57925, 52.78597 ], [ 13.57943, 52.78593 ], [ 13.57961, 52.78597 ], [ 13.57968, 52.78608 ] ] ] } },
{ "type": "Feature", "properties": { "boden": "100 % ziemlich arm, mäßig frisch (Z2)" }, "geometry": { "type": "Polygon", "coordinates": [ [ [ 13.57712, 52.78738 ], [ 13.57694, 52.78742 ], [ 13.57687, 52.78753 ], [ 13.57694, 52.78763 ], [ 13.57711, 52.78768 ], [ 13.57729, 52.78764 ], [ 13.57737, 52.78753 ], [ 13.5773, 52.78742 ], [ 13.57712, 52.78738 ] ] ] } },
{ "type": "Feature", "properties": { "boden": "100 % ziemlich arm, mäßig frisch (Z2)" }, "geometry": { "type": "Polygon", "coordinates": [ [ [ 13.58252, 52.78857 ], [ 13.58253, 52.78838 ], [ 13.58186, 52.78769 ], [ 13.58211, 52.78751 ], [ 13.58204, 52.78747 ], [ 13.58227, 52.78734 ], [ 13.5837, 52.78695 ], [ 13.58386, 52.78682 ], [ 13.58392, 52.78663 ], [ 13.5839, 52.78629 ], [ 13.58365, 52.78611 ], [ 13.58349, 52.78621 ], [ 13.58328, 52.78621 ], [ 13.58323, 52.78604 ], [ 13.58341, 52.78599 ], [ 13.58159, 52.7848 ], [ 13.58102, 52.7856 ], [ 13.58075, 52.78587 ], [ 13.58032, 52.78617 ], [ 13.57892, 52.78669 ], [ 13.57526, 52.78765 ], [ 13.57347, 52.78838 ], [ 13.57263, 52.78888 ], [ 13.57226, 52.78925 ], [ 13.57185, 52.78972 ], [ 13.57156, 52.79038 ], [ 13.57445, 52.78963 ], [ 13.57548, 52.78915 ], [ 13.57634, 52.78885 ], [ 13.57717, 52.78879 ], [ 13.57938, 52.78902 ], [ 13.57978, 52.789 ], [ 13.58252, 52.78857 ] ], [ [ 13.57266, 52.78988 ], [ 13.57257, 52.78999 ], [ 13.57241, 52.79005 ], [ 13.57203, 52.79005 ], [ 13.57197, 52.79001 ], [ 13.57203, 52.78992 ], [ 13.57225, 52.78985 ], [ 13.57255, 52.78984 ], [ 13.57266, 52.78988 ] ], [ [ 13.57737, 52.78753 ], [ 13.57729, 52.78764 ], [ 13.57711, 52.78768 ], [ 13.57694, 52.78763 ], [ 13.57687, 52.78753 ], [ 13.57694, 52.78742 ], [ 13.57712, 52.78738 ], [ 13.5773, 52.78742 ], [ 13.57737, 52.78753 ] ] ] } },
{ "type": "Feature", "properties": { "boden": "70 % ziemlich arm, trocken (vermutet) (Z3) · 20 % arm, trocken (vermutet) (A3) · 10 % mittel, trocken (vermutet) (M3)" }, "geometry": { "type": "Polygon", "coordinates": [ [ [ 13.58065, 52.78965 ], [ 13.58056, 52.78948 ], [ 13.57994, 52.78939 ], [ 13.57979, 52.7893 ], [ 13.57953, 52.78925 ], [ 13.57851, 52.78921 ], [ 13.57839, 52.78923 ], [ 13.57834, 52.78928 ], [ 13.57859, 52.78946 ], [ 13.5795, 52.78951 ], [ 13.57997, 52.78964 ], [ 13.58029, 52.78963 ], [ 13.5806, 52.78968 ], [ 13.58065, 52.78965 ] ] ] } },
{ "type": "Feature", "properties": { "boden": "70 % ziemlich arm, trocken (vermutet) (Z3) · 20 % arm, trocken (vermutet) (A3) · 10 % mittel, trocken (vermutet) (M3)" }, "geometry": { "type": "Polygon", "coordinates": [ [ [ 13.5774, 52.78936 ], [ 13.57711, 52.7894 ], [ 13.57725, 52.78953 ], [ 13.57767, 52.78953 ], [ 13.57782, 52.78948 ], [ 13.57773, 52.78941 ], [ 13.5774, 52.78936 ] ] ] } },
{ "type": "Feature", "properties": { "boden": "70 % ziemlich arm, mäßig frisch (Z2) · 20 % arm, mäßig frisch (A2) · 10 % mittel, mäßig frisch (M2)" }, "geometry": { "type": "Polygon", "coordinates": [ [ [ 13.58189, 52.78953 ], [ 13.58143, 52.78958 ], [ 13.58117, 52.78972 ], [ 13.58093, 52.7902 ], [ 13.58102, 52.79028 ], [ 13.5814, 52.79022 ], [ 13.58169, 52.79011 ], [ 13.58224, 52.7898 ], [ 13.58226, 52.78963 ], [ 13.58212, 52.78956 ], [ 13.58189, 52.78953 ] ] ] } },
{ "type": "Feature", "properties": { "boden": "60 % mittel, mäßig frisch (M2) · 40 % mittel, mäßig frisch (M2)" }, "geometry": { "type": "Polygon", "coordinates": [ [ [ 13.61721, 52.78577 ], [ 13.61741, 52.78471 ], [ 13.61728, 52.78446 ], [ 13.61665, 52.78396 ], [ 13.61675, 52.78385 ], [ 13.61722, 52.78382 ], [ 13.61756, 52.78398 ], [ 13.61774, 52.78414 ], [ 13.61861, 52.78441 ], [ 13.6192, 52.78468 ], [ 13.61994, 52.78458 ], [ 13.61968, 52.78469 ], [ 13.61962, 52.78481 ], [ 13.61934, 52.78476 ], [ 13.61923, 52.78486 ], [ 13.61898, 52.78475 ], [ 13.61873, 52.78472 ], [ 13.61895, 52.78482 ], [ 13.61996, 52.78502 ], [ 13.62059, 52.78326 ], [ 13.62078, 52.78323 ], [ 13.62081, 52.78296 ], [ 13.62068, 52.78297 ], [ 13.62073, 52.78267 ], [ 13.62055, 52.78119 ], [ 13.61978, 52.7808 ], [ 13.61952, 52.77982 ], [ 13.61966, 52.77934 ], [ 13.61911, 52.7793 ], [ 13.61868, 52.77945 ], [ 13.61724, 52.77926 ], [ 13.61708, 52.77876 ], [ 13.61643, 52.77856 ], [ 13.61608, 52.77838 ], [ 13.61602, 52.77868 ], [ 13.61586, 52.77872 ], [ 13.61541, 52.77872 ], [ 13.61524, 52.77867 ], [ 13.61509, 52.77856 ], [ 13.61508, 52.7783 ], [ 13.61522, 52.7782 ], [ 13.61545, 52.77813 ], [ 13.61584, 52.77814 ], [ 13.61563, 52.77786 ], [ 13.61484, 52.77769 ], [ 13.61455, 52.77871 ], [ 13.61417, 52.77923 ], [ 13.61423, 52.77928 ], [ 13.61357, 52.77998 ], [ 13.61334, 52.77987 ], [ 13.61381, 52.77925 ], [ 13.61409, 52.77911 ], [ 13.61407, 52.77895 ], [ 13.61385, 52.77873 ], [ 13.61256, 52.77808 ], [ 13.61124, 52.77757 ], [ 13.61101, 52.77757 ], [ 13.60583, 52.77812 ], [ 13.60612, 52.77872 ], [ 13.60543, 52.77889 ], [ 13.60473, 52.77876 ], [ 13.60457, 52.77826 ], [ 13.60413, 52.7783 ], [ 13.60411, 52.77861 ], [ 13.6036, 52.77865 ], [ 13.6035, 52.77861 ], [ 13.6034, 52.77831 ], [ 13.60353, 52.77824 ], [ 13.60297, 52.77815 ], [ 13.60326, 52.77835 ], [ 13.60336, 52.77854 ], [ 13.60333, 52.77883 ], [ 13.60318, 52.77911 ], [ 13.60294, 52.77931 ], [ 13.60234, 52.77934 ], [ 13.60219, 52.77951 ], [ 13.60194, 52.77965 ], [ 13.60152, 52.77975 ], [ 13.60112, 52.77978 ], [ 13.60008, 52.7797 ], [ 13.59876, 52.77942 ], [ 13.59764, 52.77906 ], [ 13.59691, 52.77865 ], [ 13.59646, 52.77846 ], [ 13.59577, 52.77827 ], [ 13.59529, 52.7782 ], [ 13.59483, 52.778 ], [ 13.59455, 52.77821 ], [ 13.59365, 52.77872 ], [ 13.59425, 52.77887 ], [ 13.59441, 52.77895 ], [ 13.59448, 52.77906 ], [ 13.59335, 52.77909 ], [ 13.5937, 52.77948 ], [ 13.59372, 52.77992 ], [ 13.59389, 52.77997 ], [ 13.59388, 52.78028 ], [ 13.5938, 52.78044 ], [ 13.59366, 52.78054 ], [ 13.59201, 52.78099 ], [ 13.5919, 52.78111 ], [ 13.59169, 52.78117 ], [ 13.59144, 52.78141 ], [ 13.59107, 52.78165 ], [ 13.59059, 52.78185 ], [ 13.5899, 52.78197 ], [ 13.58975, 52.78213 ], [ 13.58965, 52.78216 ], [ 13.58934, 52.78211 ], [ 13.58945, 52.78167 ], [ 13.58917, 52.7817 ], [ 13.5889, 52.78219 ], [ 13.58888, 52.7825 ], [ 13.58906, 52.78263 ], [ 13.58927, 52.78269 ], [ 13.59001, 52.78248 ], [ 13.59041, 52.78246 ], [ 13.59096, 52.78251 ], [ 13.59392, 52.78305 ], [ 13.59475, 52.7826 ], [ 13.595, 52.78254 ], [ 13.59523, 52.78255 ], [ 13.59583, 52.78272 ], [ 13.59763, 52.7835 ], [ 13.59858, 52.78358 ], [ 13.59958, 52.78343 ], [ 13.60009, 52.78344 ], [ 13.60036, 52.78355 ], [ 13.60067, 52.78378 ], [ 13.60127, 52.78438 ], [ 13.60596, 52.78522 ], [ 13.60612, 52.78495 ], [ 13.60605, 52.78498 ], [ 13.60581, 52.78492 ], [ 13.60569, 52.78456 ], [ 13.60575, 52.78433 ], [ 13.60588, 52.78424 ], [ 13.60617, 52.78416 ], [ 13.60593, 52.78358 ], [ 13.60562, 52.78326 ], [ 13.60527, 52.783 ], [ 13.60426, 52.7826 ], [ 13.60389, 52.78224 ], [ 13.60487, 52.78095 ], [ 13.60564, 52.78133 ], [ 13.60618, 52.78109 ], [ 13.60603, 52.78109 ], [ 13.60606, 52.78101 ], [ 13.6066, 52.78078 ], [ 13.60747, 52.78059 ], [ 13.60802, 52.78054 ], [ 13.60869, 52.78039 ], [ 13.60898, 52.78038 ], [ 13.60923, 52.78043 ], [ 13.60956, 52.78067 ], [ 13.60946, 52.78078 ], [ 13.6091, 52.78078 ], [ 13.60926, 52.78103 ], [ 13.61023, 52.78123 ], [ 13.61048, 52.78148 ], [ 13.61034, 52.78171 ], [ 13.6099, 52.78194 ], [ 13.60862, 52.78199 ], [ 13.60827, 52.78223 ], [ 13.60756, 52.78224 ], [ 13.60743, 52.78215 ], [ 13.60728, 52.78213 ], [ 13.60692, 52.78175 ], [ 13.60621, 52.78177 ], [ 13.6061, 52.7818 ], [ 13.60592, 52.78205 ], [ 13.60571, 52.78199 ], [ 13.6056, 52.78212 ], [ 13.60576, 52.78216 ], [ 13.60555, 52.78242 ], [ 13.60556, 52.78225 ], [ 13.60541, 52.78228 ], [ 13.60515, 52.78251 ], [ 13.60613, 52.78296 ], [ 13.60719, 52.78307 ], [ 13.60707, 52.78296 ], [ 13.60682, 52.78285 ], [ 13.60674, 52.78274 ], [ 13.60688, 52.78259 ], [ 13.60729, 52.78234 ], [ 13.60778, 52.78245 ], [ 13.60833, 52.78246 ], [ 13.60865, 52.78238 ], [ 13.60891, 52.78216 ], [ 13.60909, 52.78209 ], [ 13.60984, 52.78219 ], [ 13.61029, 52.78237 ], [ 13.61029, 52.78255 ], [ 13.61022, 52.78258 ], [ 13.60931, 52.78265 ], [ 13.60857, 52.78278 ], [ 13.60787, 52.78294 ], [ 13.60767, 52.78307 ], [ 13.60871, 52.78293 ], [ 13.60932, 52.78291 ], [ 13.60985, 52.78295 ], [ 13.61052, 52.78306 ], [ 13.61067, 52.78324 ], [ 13.60924, 52.78488 ], [ 13.60954, 52.78583 ], [ 13.61165, 52.78617 ], [ 13.61167, 52.78626 ], [ 13.61273, 52.78618 ], [ 13.61293, 52.78613 ], [ 13.61315, 52.78597 ], [ 13.61358, 52.78593 ], [ 13.61388, 52.78595 ], [ 13.61446, 52.78577 ], [ 13.61608, 52.7858 ], [ 13.61653, 52.78575 ], [ 13.61669, 52.7856 ], [ 13.6169, 52.78557 ], [ 13.61715, 52.78562 ], [ 13.617, 52.7858 ], [ 13.61721, 52.78577 ] ], [ [ 13.61344, 52.78563 ], [ 13.61326, 52.78572 ], [ 13.61298, 52.78573 ], [ 13.61272, 52.7857 ], [ 13.61267, 52.7856 ], [ 13.61279, 52.78555 ], [ 13.61321, 52.78553 ], [ 13.61339, 52.78556 ], [ 13.61344, 52.78563 ] ], [ [ 13.61672, 52.78503 ], [ 13.61683, 52.78514 ], [ 13.61655, 52.78525 ], [ 13.61628, 52.78524 ], [ 13.61609, 52.78514 ], [ 13.61613, 52.78505 ], [ 13.61629, 52.78497 ], [ 13.61672, 52.78503 ] ], [ [ 13.61931, 52.78358 ], [ 13.61938, 52.78362 ], [ 13.61953, 52.78391 ], [ 13.61952, 52.7841 ], [ 13.61945, 52.78416 ], [ 13.61912, 52.78412 ], [ 13.61835, 52.78384 ], [ 13.6186, 52.78376 ], [ 13.61894, 52.78357 ], [ 13.61931, 52.78358 ] ], [ [ 13.61869, 52.78282 ], [ 13.61893, 52.78306 ], [ 13.61888, 52.78323 ], [ 13.61874, 52.78326 ], [ 13.6182, 52.78322 ], [ 13.61806, 52.7831 ], [ 13.61805, 52.78288 ], [ 13.61812, 52.78282 ], [ 13.61837, 52.78279 ], [ 13.61869, 52.78282 ] ], [ [ 13.60669, 52.78249 ], [ 13.60661, 52.7826 ], [ 13.60643, 52.78264 ], [ 13.60625, 52.78259 ], [ 13.60618, 52.78248 ], [ 13.60626, 52.78238 ], [ 13.60644, 52.78233 ], [ 13.60661, 52.78238 ], [ 13.60669, 52.78249 ] ], [ [ 13.61108, 52.78145 ], [ 13.61116, 52.78157 ], [ 13.61093, 52.78165 ], [ 13.61063, 52.78156 ], [ 13.61045, 52.7814 ], [ 13.6108, 52.78137 ], [ 13.61108, 52.78145 ] ], [ [ 13.61066, 52.78069 ], [ 13.61074, 52.7808 ], [ 13.61068, 52.78087 ], [ 13.61039, 52.78097 ], [ 13.61013, 52.78097 ], [ 13.60999, 52.78091 ], [ 13.60987, 52.78078 ], [ 13.60989, 52.78065 ], [ 13.61003, 52.7806 ], [ 13.61038, 52.7806 ], [ 13.61066, 52.78069 ] ], [ [ 13.60455, 52.7805 ], [ 13.6047, 52.78062 ], [ 13.60456, 52.78067 ], [ 13.60422, 52.78066 ], [ 13.60404, 52.78056 ], [ 13.60407, 52.7805 ], [ 13.60427, 52.78044 ], [ 13.60455, 52.7805 ] ], [ [ 13.61746, 52.77979 ], [ 13.61822, 52.78002 ], [ 13.6184, 52.78033 ], [ 13.61833, 52.7804 ], [ 13.61787, 52.78031 ], [ 13.61728, 52.78 ], [ 13.61701, 52.77979 ], [ 13.61714, 52.77976 ], [ 13.61746, 52.77979 ] ] ] } },
{ "type": "Feature", "properties": { "boden": "100 % ziemlich arm, mäßig frisch (Z2)" }, "geometry": { "type": "Polygon", "coordinates": [ [ [ 13.60127, 52.78438 ], [ 13.60067, 52.78378 ], [ 13.60036, 52.78355 ], [ 13.60009, 52.78344 ], [ 13.59958, 52.78343 ], [ 13.59858, 52.78358 ], [ 13.59763, 52.7835 ], [ 13.59583, 52.78272 ], [ 13.59523, 52.78255 ], [ 13.595, 52.78254 ], [ 13.59475, 52.7826 ], [ 13.59392, 52.78305 ], [ 13.60127, 52.78438 ] ] ] } },
{ "type": "Feature", "properties": { "boden": "60 % mittel, mäßig frisch (M2) · 40 % mittel, mäßig frisch (M2)" }, "geometry": { "type": "Polygon", "coordinates": [ [ [ 13.6061, 52.78469 ], [ 13.60617, 52.78448 ], [ 13.60602, 52.78429 ], [ 13.60617, 52.78416 ], [ 13.60588, 52.78424 ], [ 13.60571, 52.78439 ], [ 13.60572, 52.78476 ], [ 13.60578, 52.78489 ], [ 13.60591, 52.78497 ], [ 13.60612, 52.78495 ], [ 13.6061, 52.78469 ] ] ] } },
{ "type": "Feature", "properties": { "boden": "100 % mittel, mäßig frisch (M2)" }, "geometry": { "type": "Polygon", "coordinates": [ [ [ 13.58866, 52.78581 ], [ 13.58958, 52.7849 ], [ 13.58777, 52.78347 ], [ 13.58747, 52.78336 ], [ 13.58741, 52.78336 ], [ 13.58734, 52.78354 ], [ 13.58707, 52.7838 ], [ 13.58681, 52.78396 ], [ 13.58643, 52.78411 ], [ 13.58535, 52.78436 ], [ 13.58359, 52.78451 ], [ 13.5833, 52.78462 ], [ 13.58311, 52.78482 ], [ 13.58325, 52.78542 ], [ 13.58372, 52.78575 ], [ 13.58406, 52.78547 ], [ 13.5843, 52.78557 ], [ 13.5841, 52.78584 ], [ 13.58396, 52.78592 ], [ 13.5857, 52.78708 ], [ 13.58619, 52.78695 ], [ 13.58651, 52.78657 ], [ 13.5868, 52.78643 ], [ 13.58737, 52.7863 ], [ 13.58809, 52.78625 ], [ 13.58866, 52.78581 ] ] ] } },
{ "type": "Feature", "properties": { "boden": "100 % ziemlich arm, mäßig frisch (Z2)" }, "geometry": { "type": "Polygon", "coordinates": [ [ [ 13.58737, 52.7863 ], [ 13.5868, 52.78643 ], [ 13.58651, 52.78657 ], [ 13.58619, 52.78695 ], [ 13.5857, 52.78708 ], [ 13.58662, 52.78773 ], [ 13.5873, 52.78695 ], [ 13.58809, 52.78625 ], [ 13.58737, 52.7863 ] ] ] } },
{ "type": "Feature", "properties": { "boden": "100 % mittel, mäßig frisch (M2)" }, "geometry": { "type": "Polygon", "coordinates": [ [ [ 13.5843, 52.7884 ], [ 13.58488, 52.78741 ], [ 13.58523, 52.78723 ], [ 13.5839, 52.78629 ], [ 13.58392, 52.78663 ], [ 13.58386, 52.78682 ], [ 13.5837, 52.78695 ], [ 13.58227, 52.78734 ], [ 13.58204, 52.78747 ], [ 13.58211, 52.78751 ], [ 13.58186, 52.78769 ], [ 13.58253, 52.78838 ], [ 13.58252, 52.78857 ], [ 13.58375, 52.7884 ], [ 13.584, 52.78851 ], [ 13.5843, 52.7884 ] ] ] } },
{ "type": "Feature", "properties": { "boden": "100 % ziemlich arm, mäßig frisch (Z2)" }, "geometry": { "type": "Polygon", "coordinates": [ [ [ 13.58523, 52.78723 ], [ 13.58488, 52.78741 ], [ 13.5843, 52.7884 ], [ 13.58533, 52.78803 ], [ 13.58584, 52.78764 ], [ 13.58523, 52.78723 ] ] ] } },
{ "type": "Feature", "properties": { "boden": "70 % ziemlich arm, trocken (vermutet) (Z3) · 20 % arm, trocken (vermutet) (A3) · 10 % mittel, trocken (vermutet) (M3)" }, "geometry": { "type": "Polygon", "coordinates": [ [ [ 13.58694, 52.78842 ], [ 13.58699, 52.78835 ], [ 13.58687, 52.78829 ], [ 13.58653, 52.78826 ], [ 13.58591, 52.78845 ], [ 13.58499, 52.78844 ], [ 13.58477, 52.78847 ], [ 13.58468, 52.78855 ], [ 13.58488, 52.78864 ], [ 13.58533, 52.78867 ], [ 13.58602, 52.78853 ], [ 13.58641, 52.78852 ], [ 13.58694, 52.78842 ] ] ] } },
{ "type": "Feature", "properties": { "boden": "70 % ziemlich arm, trocken (vermutet) (Z3) · 20 % arm, trocken (vermutet) (A3) · 10 % mittel, trocken (vermutet) (M3)" }, "geometry": { "type": "Polygon", "coordinates": [ [ [ 13.58415, 52.78859 ], [ 13.58373, 52.78862 ], [ 13.58359, 52.78872 ], [ 13.5836, 52.78882 ], [ 13.58377, 52.78889 ], [ 13.58398, 52.78889 ], [ 13.58439, 52.78867 ], [ 13.58435, 52.78861 ], [ 13.58415, 52.78859 ] ] ] } },
{ "type": "Feature", "properties": { "boden": "70 % ziemlich arm, mäßig frisch (Z2) · 20 % arm, mäßig frisch (A2) · 10 % mittel, mäßig frisch (M2)" }, "geometry": { "type": "Polygon", "coordinates": [ [ [ 13.58811, 52.78907 ], [ 13.58707, 52.78902 ], [ 13.58689, 52.78913 ], [ 13.58694, 52.78919 ], [ 13.58719, 52.78925 ], [ 13.58749, 52.78925 ], [ 13.58774, 52.78923 ], [ 13.58803, 52.78914 ], [ 13.58818, 52.78919 ], [ 13.58819, 52.78929 ], [ 13.58833, 52.78929 ], [ 13.58851, 52.78935 ], [ 13.58811, 52.78907 ] ] ] } },
{ "type": "Feature", "properties": { "boden": "70 % ziemlich arm, mäßig frisch (Z2) · 20 % arm, mäßig frisch (A2) · 10 % mittel, mäßig frisch (M2)" }, "geometry": { "type": "Polygon", "coordinates": [ [ [ 13.58615, 52.7891 ], [ 13.58583, 52.78918 ], [ 13.58583, 52.78932 ], [ 13.586, 52.78936 ], [ 13.58642, 52.78929 ], [ 13.58647, 52.78922 ], [ 13.58638, 52.78914 ], [ 13.58615, 52.7891 ] ] ] } },
{ "type": "Feature", "properties": { "boden": "70 % ziemlich arm, mäßig frisch (Z2) · 20 % arm, mäßig frisch (A2) · 10 % mittel, mäßig frisch (M2)" }, "geometry": { "type": "Polygon", "coordinates": [ [ [ 13.5836, 52.78921 ], [ 13.58316, 52.78925 ], [ 13.58296, 52.78934 ], [ 13.58281, 52.78948 ], [ 13.58317, 52.78959 ], [ 13.58402, 52.78971 ], [ 13.58446, 52.78968 ], [ 13.58473, 52.78955 ], [ 13.58472, 52.78937 ], [ 13.58452, 52.78927 ], [ 13.5836, 52.78921 ] ] ] } },
{ "type": "Feature", "properties": { "boden": "70 % ziemlich arm, trocken (vermutet) (Z3) · 20 % arm, trocken (vermutet) (A3) · 10 % mittel, trocken (vermutet) (M3)" }, "geometry": { "type": "Polygon", "coordinates": [ [ [ 13.58311, 52.78984 ], [ 13.58307, 52.78994 ], [ 13.58319, 52.79048 ], [ 13.58315, 52.79084 ], [ 13.58308, 52.79109 ], [ 13.58286, 52.79134 ], [ 13.58351, 52.79134 ], [ 13.58378, 52.79095 ], [ 13.58384, 52.79047 ], [ 13.58376, 52.79024 ], [ 13.5836, 52.79005 ], [ 13.58311, 52.78984 ] ] ] } },
{ "type": "Feature", "properties": { "boden": "70 % ziemlich arm, mäßig frisch (Z2) · 20 % arm, mäßig frisch (A2) · 10 % mittel, mäßig frisch (M2)" }, "geometry": { "type": "Polygon", "coordinates": [ [ [ 13.57889, 52.78969 ], [ 13.57838, 52.78972 ], [ 13.57832, 52.78978 ], [ 13.57842, 52.79004 ], [ 13.5787, 52.79018 ], [ 13.57937, 52.79021 ], [ 13.57978, 52.79013 ], [ 13.57994, 52.79001 ], [ 13.57988, 52.78994 ], [ 13.57949, 52.78991 ], [ 13.57916, 52.78974 ], [ 13.57889, 52.78969 ] ] ] } },
{ "type": "Feature", "properties": { "boden": "100 % ziemlich arm, mäßig frisch (Z2)" }, "geometry": { "type": "Polygon", "coordinates": [ [ [ 13.57255, 52.78984 ], [ 13.57225, 52.78985 ], [ 13.57203, 52.78992 ], [ 13.57197, 52.79001 ], [ 13.57203, 52.79005 ], [ 13.57241, 52.79005 ], [ 13.57266, 52.78991 ], [ 13.57255, 52.78984 ] ] ] } },
{ "type": "Feature", "properties": { "boden": "70 % ziemlich arm, trocken (vermutet) (Z3) · 20 % arm, trocken (vermutet) (A3) · 10 % mittel, trocken (vermutet) (M3)" }, "geometry": { "type": "Polygon", "coordinates": [ [ [ 13.58012, 52.79121 ], [ 13.57996, 52.79121 ], [ 13.57984, 52.7913 ], [ 13.58019, 52.7913 ], [ 13.58012, 52.79121 ] ] ] } },
{ "type": "Feature", "properties": { "boden": "100 % ziemlich arm, mäßig frisch (Z2)" }, "geometry": { "type": "Polygon", "coordinates": [ [ [ 13.57694, 52.79125 ], [ 13.5773, 52.79063 ], [ 13.57727, 52.79051 ], [ 13.57682, 52.7904 ], [ 13.57643, 52.7904 ], [ 13.57253, 52.79101 ], [ 13.57206, 52.79121 ], [ 13.57694, 52.79125 ] ] ] } },
{ "type": "Feature", "properties": { "boden": "70 % ziemlich arm, trocken (vermutet) (Z3) · 20 % arm, trocken (vermutet) (A3) · 10 % mittel, trocken (vermutet) (M3)" }, "geometry": { "type": "Polygon", "coordinates": [ [ [ 13.58585, 52.79054 ], [ 13.58555, 52.79071 ], [ 13.58544, 52.79087 ], [ 13.58546, 52.79096 ], [ 13.58579, 52.79119 ], [ 13.58591, 52.79137 ], [ 13.58644, 52.79138 ], [ 13.58613, 52.7906 ], [ 13.58585, 52.79054 ] ] ] } },
{ "type": "Feature", "properties": { "boden": "70 % ziemlich arm, mäßig frisch (Z2) · 20 % arm, mäßig frisch (A2) · 10 % mittel, mäßig frisch (M2)" }, "geometry": { "type": "Polygon", "coordinates": [ [ [ 13.58433, 52.79085 ], [ 13.58412, 52.79091 ], [ 13.58389, 52.79135 ], [ 13.58433, 52.79135 ], [ 13.58441, 52.7913 ], [ 13.58451, 52.79112 ], [ 13.58449, 52.79101 ], [ 13.58433, 52.79085 ] ] ] } },
{ "type": "Feature", "properties": { "boden": "70 % ziemlich arm, mäßig frisch (Z2) · 20 % arm, mäßig frisch (A2) · 10 % mittel, mäßig frisch (M2)" }, "geometry": { "type": "Polygon", "coordinates": [ [ [ 13.591, 52.79098 ], [ 13.59051, 52.79143 ], [ 13.59181, 52.79144 ], [ 13.59177, 52.79141 ], [ 13.591, 52.79098 ] ] ] } },
{ "type": "Feature", "properties": { "boden": "70 % ziemlich arm, trocken (vermutet) (Z3) · 20 % arm, trocken (vermutet) (A3) · 10 % mittel, trocken (vermutet) (M3)" }, "geometry": { "type": "Polygon", "coordinates": [ [ [ 13.59044, 52.79067 ], [ 13.59048, 52.79083 ], [ 13.59028, 52.79088 ], [ 13.58993, 52.79106 ], [ 13.58955, 52.79141 ], [ 13.59033, 52.79142 ], [ 13.59067, 52.79092 ], [ 13.59062, 52.79077 ], [ 13.59044, 52.79067 ] ] ] } },
{ "type": "Feature", "properties": { "boden": "70 % ziemlich arm, mäßig frisch (Z2) · 20 % arm, mäßig frisch (A2) · 10 % mittel, mäßig frisch (M2)" }, "geometry": { "type": "MultiPolygon", "coordinates": [ [ [ [ 13.59177, 52.79141 ], [ 13.59181, 52.79144 ], [ 13.59182, 52.79144 ], [ 13.59177, 52.79141 ] ] ], [ [ [ 13.59051, 52.79143 ], [ 13.591, 52.79098 ], [ 13.59062, 52.79077 ], [ 13.59064, 52.79103 ], [ 13.59033, 52.79142 ], [ 13.59051, 52.79143 ] ] ], [ [ [ 13.58955, 52.79141 ], [ 13.58993, 52.79106 ], [ 13.59028, 52.79088 ], [ 13.59048, 52.79083 ], [ 13.59044, 52.79067 ], [ 13.58947, 52.79013 ], [ 13.58902, 52.7897 ], [ 13.58852, 52.78935 ], [ 13.58842, 52.78935 ], [ 13.58833, 52.78929 ], [ 13.58819, 52.78929 ], [ 13.58818, 52.78919 ], [ 13.58798, 52.78914 ], [ 13.58774, 52.78923 ], [ 13.58749, 52.78925 ], [ 13.58694, 52.78919 ], [ 13.58692, 52.78909 ], [ 13.58707, 52.78902 ], [ 13.58811, 52.78907 ], [ 13.58713, 52.78841 ], [ 13.58686, 52.78817 ], [ 13.58639, 52.788 ], [ 13.58584, 52.78764 ], [ 13.58533, 52.78803 ], [ 13.584, 52.78851 ], [ 13.58375, 52.7884 ], [ 13.58313, 52.78851 ], [ 13.58216, 52.7886 ], [ 13.57978, 52.789 ], [ 13.57938, 52.78902 ], [ 13.57717, 52.78879 ], [ 13.57634, 52.78885 ], [ 13.57548, 52.78915 ], [ 13.57445, 52.78963 ], [ 13.5735, 52.78991 ], [ 13.57002, 52.79077 ], [ 13.56942, 52.79117 ], [ 13.57206, 52.79121 ], [ 13.57253, 52.79101 ], [ 13.57643, 52.7904 ], [ 13.57682, 52.7904 ], [ 13.57727, 52.79051 ], [ 13.5773, 52.79063 ], [ 13.57704, 52.79099 ], [ 13.57694, 52.79126 ], [ 13.57984, 52.7913 ], [ 13.57996, 52.79121 ], [ 13.58008, 52.79119 ], [ 13.58019, 52.7913 ], [ 13.58286, 52.79134 ], [ 13.58308, 52.79109 ], [ 13.58315, 52.79084 ], [ 13.58319, 52.79048 ], [ 13.58307, 52.78994 ], [ 13.58311, 52.78984 ], [ 13.5836, 52.79005 ], [ 13.58376, 52.79024 ], [ 13.58384, 52.79047 ], [ 13.58378, 52.79095 ], [ 13.58351, 52.79134 ], [ 13.58389, 52.79135 ], [ 13.58412, 52.79091 ], [ 13.58433, 52.79085 ], [ 13.58446, 52.79093 ], [ 13.58451, 52.79112 ], [ 13.58433, 52.79135 ], [ 13.58591, 52.79137 ], [ 13.58579, 52.79119 ], [ 13.58546, 52.79096 ], [ 13.58544, 52.79087 ], [ 13.58563, 52.79064 ], [ 13.58585, 52.79054 ], [ 13.58613, 52.7906 ], [ 13.58644, 52.79138 ], [ 13.58955, 52.79141 ] ], [ [ 13.58226, 52.78963 ], [ 13.58224, 52.7898 ], [ 13.58169, 52.79011 ], [ 13.58108, 52.79029 ], [ 13.58096, 52.79026 ], [ 13.58109, 52.78983 ], [ 13.58129, 52.78964 ], [ 13.5816, 52.78955 ], [ 13.58189, 52.78953 ], [ 13.58212, 52.78956 ], [ 13.58226, 52.78963 ] ], [ [ 13.58063, 52.78967 ], [ 13.57997, 52.78964 ], [ 13.57933, 52.78949 ], [ 13.57859, 52.78946 ], [ 13.5784, 52.78937 ], [ 13.57835, 52.78925 ], [ 13.57895, 52.78922 ], [ 13.5797, 52.78927 ], [ 13.57994, 52.78939 ], [ 13.58056, 52.78948 ], [ 13.58063, 52.78967 ] ], [ [ 13.58452, 52.78927 ], [ 13.58472, 52.78937 ], [ 13.58476, 52.78949 ], [ 13.58467, 52.7896 ], [ 13.58446, 52.78968 ], [ 13.58419, 52.78971 ], [ 13.58364, 52.78967 ], [ 13.58281, 52.78948 ], [ 13.58296, 52.78934 ], [ 13.58316, 52.78925 ], [ 13.58344, 52.78921 ], [ 13.58452, 52.78927 ] ], [ [ 13.58638, 52.78914 ], [ 13.58646, 52.78926 ], [ 13.58633, 52.78932 ], [ 13.58593, 52.78935 ], [ 13.58578, 52.78927 ], [ 13.58593, 52.78914 ], [ 13.58615, 52.7891 ], [ 13.58638, 52.78914 ] ], [ [ 13.57773, 52.78941 ], [ 13.57782, 52.78948 ], [ 13.57777, 52.7895 ], [ 13.57737, 52.78955 ], [ 13.57717, 52.7895 ], [ 13.57711, 52.7894 ], [ 13.5774, 52.78936 ], [ 13.57773, 52.78941 ] ], [ [ 13.57926, 52.78978 ], [ 13.5794, 52.78988 ], [ 13.57988, 52.78994 ], [ 13.57994, 52.79001 ], [ 13.57968, 52.79016 ], [ 13.57899, 52.79022 ], [ 13.57859, 52.79014 ], [ 13.57842, 52.79004 ], [ 13.57833, 52.78989 ], [ 13.57838, 52.78972 ], [ 13.57856, 52.78969 ], [ 13.57889, 52.78969 ], [ 13.57926, 52.78978 ] ], [ [ 13.58435, 52.78861 ], [ 13.58439, 52.78867 ], [ 13.58433, 52.78873 ], [ 13.58393, 52.78891 ], [ 13.5836, 52.78882 ], [ 13.58359, 52.78872 ], [ 13.58373, 52.78862 ], [ 13.58415, 52.78859 ], [ 13.58435, 52.78861 ] ], [ [ 13.58641, 52.78852 ], [ 13.58602, 52.78853 ], [ 13.58548, 52.78866 ], [ 13.58518, 52.78867 ], [ 13.58488, 52.78864 ], [ 13.58471, 52.78859 ], [ 13.58467, 52.78852 ], [ 13.58499, 52.78844 ], [ 13.58591, 52.78845 ], [ 13.58653, 52.78826 ], [ 13.5868, 52.78827 ], [ 13.58699, 52.78835 ], [ 13.58694, 52.78842 ], [ 13.58641, 52.78852 ] ] ], [ [ [ 13.56072, 52.79095 ], [ 13.56078, 52.79081 ], [ 13.56115, 52.79063 ], [ 13.55984, 52.78994 ], [ 13.55943, 52.78983 ], [ 13.5587, 52.79004 ], [ 13.55904, 52.79013 ], [ 13.55899, 52.79018 ], [ 13.55846, 52.79016 ], [ 13.55841, 52.79024 ], [ 13.558, 52.79033 ], [ 13.55779, 52.79032 ], [ 13.55734, 52.79017 ], [ 13.55675, 52.78982 ], [ 13.55666, 52.78969 ], [ 13.55669, 52.78964 ], [ 13.55696, 52.78968 ], [ 13.55745, 52.78969 ], [ 13.55848, 52.78999 ], [ 13.55795, 52.78958 ], [ 13.55695, 52.78951 ], [ 13.55658, 52.78942 ], [ 13.55624, 52.78968 ], [ 13.55602, 52.78969 ], [ 13.55595, 52.78962 ], [ 13.55583, 52.78969 ], [ 13.55596, 52.78984 ], [ 13.55606, 52.78978 ], [ 13.55626, 52.78987 ], [ 13.55637, 52.79 ], [ 13.55656, 52.79004 ], [ 13.55684, 52.79032 ], [ 13.55688, 52.7905 ], [ 13.55665, 52.79061 ], [ 13.55681, 52.79102 ], [ 13.55751, 52.79103 ], [ 13.55746, 52.79076 ], [ 13.55749, 52.79072 ], [ 13.55767, 52.79071 ], [ 13.55789, 52.79079 ], [ 13.55823, 52.79104 ], [ 13.56082, 52.79107 ], [ 13.56072, 52.79095 ] ], [ [ 13.55974, 52.79087 ], [ 13.55929, 52.79097 ], [ 13.55862, 52.79093 ], [ 13.55834, 52.79086 ], [ 13.55811, 52.79063 ], [ 13.55825, 52.7906 ], [ 13.55964, 52.79066 ], [ 13.55988, 52.79075 ], [ 13.55997, 52.79087 ], [ 13.55974, 52.79087 ] ] ] ] } }
]
}
