{
"type": "FeatureCollection",
"name": "barnim_42_583_boden",
"crs": { "type": "name", "properties": { "name": "urn:ogc:def:crs:OGC:1.3:CRS84" } },
"xy_coordinate_resolution": 1e-05,
"features": [
{ "type": "Feature", "properties": { "boden": "100 % kräftig, mäßig frisch (K2)" }, "geometry": { "type": "Polygon", "coordinates": [ [ [ 13.81733, 52.65446 ], [ 13.81801, 52.65444 ], [ 13.81887, 52.65425 ], [ 13.81958, 52.65401 ], [ 13.82017, 52.65369 ], [ 13.81742, 52.65114 ], [ 13.81733, 52.65446 ] ] ] } },
{ "type": "Feature", "properties": { "boden": "100 % mittel, mäßig frisch (M2)" }, "geometry": { "type": "Polygon", "coordinates": [ [ [ 13.81809, 52.66283 ], [ 13.81792, 52.66244 ], [ 13.81716, 52.66098 ], [ 13.81711, 52.66285 ], [ 13.81809, 52.66283 ] ] ] } },
{ "type": "Feature", "properties": { "boden": "100 % mittel, mäßig frisch (M2)" }, "geometry": { "type": "MultiPolygon", "coordinates": [ [ [ [ 13.8286, 52.67607 ], [ 13.82788, 52.67651 ], [ 13.82708, 52.67603 ], [ 13.82651, 52.67636 ], [ 13.82746, 52.6769 ], [ 13.8263, 52.67764 ], [ 13.82542, 52.67694 ], [ 13.82591, 52.67666 ], [ 13.82521, 52.67623 ], [ 13.82659, 52.67525 ], [ 13.8262, 52.67502 ], [ 13.826, 52.67482 ], [ 13.82602, 52.67474 ], [ 13.82636, 52.67449 ], [ 13.82653, 52.67446 ], [ 13.82629, 52.67423 ], [ 13.82542, 52.67095 ], [ 13.82462, 52.6707 ], [ 13.82409, 52.67078 ], [ 13.82317, 52.6711 ], [ 13.82224, 52.67151 ], [ 13.82163, 52.67172 ], [ 13.82073, 52.67185 ], [ 13.82009, 52.6718 ], [ 13.81989, 52.6717 ], [ 13.81966, 52.67107 ], [ 13.81986, 52.67073 ], [ 13.82007, 52.67058 ], [ 13.82053, 52.67037 ], [ 13.82171, 52.67007 ], [ 13.8219, 52.66995 ], [ 13.82193, 52.66966 ], [ 13.82174, 52.66954 ], [ 13.82131, 52.66943 ], [ 13.82066, 52.6694 ], [ 13.81983, 52.66929 ], [ 13.81938, 52.6693 ], [ 13.81869, 52.66938 ], [ 13.81789, 52.66938 ], [ 13.81694, 52.66909 ], [ 13.81681, 52.6737 ], [ 13.81906, 52.67389 ], [ 13.81915, 52.67399 ], [ 13.81716, 52.67521 ], [ 13.81965, 52.67637 ], [ 13.82067, 52.67692 ], [ 13.82142, 52.67645 ], [ 13.8233, 52.67817 ], [ 13.82383, 52.6785 ], [ 13.8255, 52.6813 ], [ 13.82597, 52.68144 ], [ 13.82576, 52.68209 ], [ 13.82623, 52.68239 ], [ 13.82613, 52.68207 ], [ 13.82623, 52.68193 ], [ 13.82644, 52.68192 ], [ 13.82673, 52.68205 ], [ 13.82686, 52.68219 ], [ 13.82694, 52.68285 ], [ 13.82712, 52.68296 ], [ 13.82727, 52.68251 ], [ 13.82728, 52.68183 ], [ 13.82716, 52.68097 ], [ 13.82719, 52.68012 ], [ 13.82744, 52.67959 ], [ 13.82743, 52.67936 ], [ 13.82763, 52.67909 ], [ 13.82802, 52.67879 ], [ 13.82916, 52.67814 ], [ 13.82983, 52.6776 ], [ 13.83027, 52.67683 ], [ 13.8286, 52.67607 ] ], [ [ 13.8202, 52.6754 ], [ 13.82031, 52.67553 ], [ 13.81997, 52.67554 ], [ 13.8192, 52.67526 ], [ 13.81935, 52.6752 ], [ 13.8196, 52.67522 ], [ 13.8202, 52.6754 ] ] ], [ [ [ 13.81698, 52.66752 ], [ 13.81804, 52.66751 ], [ 13.81846, 52.66743 ], [ 13.81865, 52.66733 ], [ 13.81884, 52.66716 ], [ 13.81831, 52.66704 ], [ 13.81795, 52.66685 ], [ 13.81817, 52.66678 ], [ 13.81868, 52.66685 ], [ 13.81895, 52.66684 ], [ 13.81882, 52.66671 ], [ 13.81848, 52.66657 ], [ 13.81717, 52.66649 ], [ 13.81701, 52.66642 ], [ 13.81698, 52.66752 ] ] ] ] } },
{ "type": "Feature", "properties": { "boden": "100 % mittel, trocken (vermutet) (M3)" }, "geometry": { "type": "Polygon", "coordinates": [ [ [ 13.81935, 52.6752 ], [ 13.8192, 52.67526 ], [ 13.81929, 52.67531 ], [ 13.81957, 52.67537 ], [ 13.81997, 52.67554 ], [ 13.82031, 52.67553 ], [ 13.8202, 52.6754 ], [ 13.8196, 52.67522 ], [ 13.81935, 52.6752 ] ] ] } },
{ "type": "Feature", "properties": { "boden": "100 % mittel, mäßig frisch (M2)" }, "geometry": { "type": "Polygon", "coordinates": [ [ [ 13.82517, 52.6259 ], [ 13.82546, 52.62575 ], [ 13.82601, 52.62559 ], [ 13.82621, 52.62548 ], [ 13.82624, 52.62545 ], [ 13.82616, 52.6253 ], [ 13.82396, 52.62592 ], [ 13.82458, 52.62591 ], [ 13.82514, 52.62582 ], [ 13.82517, 52.6259 ] ] ] } },
{ "type": "Feature", "properties": { "boden": "100 % mittel, mäßig frisch (M2)" }, "geometry": { "type": "Polygon", "coordinates": [ [ [ 13.82626, 52.62547 ], [ 13.82601, 52.62559 ], [ 13.82546, 52.62575 ], [ 13.82527, 52.62588 ], [ 13.82633, 52.62559 ], [ 13.82626, 52.62547 ] ] ] } },
{ "type": "Feature", "properties": { "boden": "100 % mittel, mäßig frisch (M2)" }, "geometry": { "type": "Polygon", "coordinates": [ [ [ 13.82518, 52.6262 ], [ 13.82645, 52.62586 ], [ 13.82633, 52.62559 ], [ 13.82502, 52.62595 ], [ 13.8252, 52.62611 ], [ 13.82518, 52.6262 ] ] ] } },
{ "type": "Feature", "properties": { "boden": "100 % mittel, mäßig frisch (M2)" }, "geometry": { "type": "Polygon", "coordinates": [ [ [ 13.82547, 52.62701 ], [ 13.82498, 52.62675 ], [ 13.82474, 52.62671 ], [ 13.82455, 52.62654 ], [ 13.82471, 52.62644 ], [ 13.82522, 52.62638 ], [ 13.82528, 52.62625 ], [ 13.82562, 52.62608 ], [ 13.82414, 52.62647 ], [ 13.82456, 52.62705 ], [ 13.82485, 52.62685 ], [ 13.82496, 52.62683 ], [ 13.82525, 52.6269 ], [ 13.82547, 52.62701 ] ] ] } },
{ "type": "Feature", "properties": { "boden": "100 % mittel, nass (OM2)" }, "geometry": { "type": "Polygon", "coordinates": [ [ [ 13.8296, 52.62718 ], [ 13.82938, 52.62654 ], [ 13.82953, 52.62651 ], [ 13.82941, 52.62631 ], [ 13.82832, 52.62656 ], [ 13.82842, 52.62669 ], [ 13.8278, 52.62685 ], [ 13.82821, 52.6274 ], [ 13.82848, 52.62736 ], [ 13.82853, 52.62745 ], [ 13.8296, 52.62718 ] ] ] } },
{ "type": "Feature", "properties": { "boden": "100 % mittel, mäßig frisch (M2)" }, "geometry": { "type": "Polygon", "coordinates": [ [ [ 13.82562, 52.62608 ], [ 13.82528, 52.62625 ], [ 13.82522, 52.62638 ], [ 13.82471, 52.62644 ], [ 13.82455, 52.62654 ], [ 13.82474, 52.62671 ], [ 13.82498, 52.62675 ], [ 13.82535, 52.6269 ], [ 13.82555, 52.62709 ], [ 13.82575, 52.62709 ], [ 13.82611, 52.62699 ], [ 13.82626, 52.62706 ], [ 13.82653, 52.62763 ], [ 13.82564, 52.62773 ], [ 13.82514, 52.62794 ], [ 13.82526, 52.62812 ], [ 13.82601, 52.62783 ], [ 13.82635, 52.62776 ], [ 13.82651, 52.62779 ], [ 13.82655, 52.62791 ], [ 13.82647, 52.62803 ], [ 13.82584, 52.62821 ], [ 13.826, 52.62836 ], [ 13.82647, 52.62806 ], [ 13.82666, 52.62782 ], [ 13.82663, 52.62743 ], [ 13.82674, 52.62721 ], [ 13.82673, 52.62686 ], [ 13.82659, 52.62664 ], [ 13.82622, 52.62644 ], [ 13.82637, 52.62595 ], [ 13.82562, 52.62608 ] ] ] } },
{ "type": "Feature", "properties": { "boden": "100 % mittel, trocken (vermutet) (M3)" }, "geometry": { "type": "Polygon", "coordinates": [ [ [ 13.82544, 52.62698 ], [ 13.82496, 52.62683 ], [ 13.82485, 52.62685 ], [ 13.82456, 52.62705 ], [ 13.82482, 52.62744 ], [ 13.82555, 52.62751 ], [ 13.82586, 52.62746 ], [ 13.82596, 52.62739 ], [ 13.82598, 52.62723 ], [ 13.82548, 52.62715 ], [ 13.82544, 52.62698 ] ] ] } },
{ "type": "Feature", "properties": { "boden": "100 % mittel, mäßig frisch (M2)" }, "geometry": { "type": "Polygon", "coordinates": [ [ [ 13.82547, 52.62701 ], [ 13.82548, 52.62715 ], [ 13.82592, 52.62721 ], [ 13.82601, 52.62727 ], [ 13.82596, 52.62739 ], [ 13.82568, 52.6275 ], [ 13.82482, 52.62744 ], [ 13.82514, 52.62794 ], [ 13.82564, 52.62773 ], [ 13.82653, 52.62763 ], [ 13.82622, 52.62701 ], [ 13.82611, 52.62699 ], [ 13.82575, 52.62709 ], [ 13.82555, 52.62709 ], [ 13.82547, 52.62701 ] ] ] } },
{ "type": "Feature", "properties": { "boden": "100 % mittel, mäßig frisch (M2)" }, "geometry": { "type": "Polygon", "coordinates": [ [ [ 13.82555, 52.62798 ], [ 13.82584, 52.62821 ], [ 13.82647, 52.62803 ], [ 13.82655, 52.62791 ], [ 13.82651, 52.62779 ], [ 13.82635, 52.62776 ], [ 13.82601, 52.62783 ], [ 13.82555, 52.62798 ] ] ] } },
{ "type": "Feature", "properties": { "boden": "100 % mittel, mäßig frisch (M2)" }, "geometry": { "type": "Polygon", "coordinates": [ [ [ 13.82584, 52.62821 ], [ 13.82568, 52.62802 ], [ 13.82555, 52.62798 ], [ 13.82526, 52.62812 ], [ 13.82539, 52.62833 ], [ 13.82584, 52.62821 ] ] ] } },
{ "type": "Feature", "properties": { "boden": "100 % mittel, trocken (vermutet) (M3)" }, "geometry": { "type": "Polygon", "coordinates": [ [ [ 13.82761, 52.62813 ], [ 13.82743, 52.62816 ], [ 13.82738, 52.62832 ], [ 13.82748, 52.62844 ], [ 13.82779, 52.62855 ], [ 13.82784, 52.62846 ], [ 13.82777, 52.62827 ], [ 13.82761, 52.62813 ] ] ] } },
{ "type": "Feature", "properties": { "boden": "100 % mittel, mäßig frisch (M2)" }, "geometry": { "type": "Polygon", "coordinates": [ [ [ 13.82858, 52.62863 ], [ 13.82813, 52.62822 ], [ 13.8281, 52.6281 ], [ 13.82803, 52.62839 ], [ 13.82815, 52.62887 ], [ 13.82821, 52.62891 ], [ 13.82831, 52.62891 ], [ 13.82849, 52.62883 ], [ 13.82858, 52.62863 ] ] ] } },
{ "type": "Feature", "properties": { "boden": "100 % mittel, mäßig frisch (M2)" }, "geometry": { "type": "Polygon", "coordinates": [ [ [ 13.82699, 52.6284 ], [ 13.82666, 52.62839 ], [ 13.82615, 52.62876 ], [ 13.82604, 52.62887 ], [ 13.82606, 52.62892 ], [ 13.82627, 52.62892 ], [ 13.82678, 52.62866 ], [ 13.82701, 52.62846 ], [ 13.82699, 52.6284 ] ] ] } },
{ "type": "Feature", "properties": { "boden": "100 % mittel, mäßig frisch (M2)" }, "geometry": { "type": "Polygon", "coordinates": [ [ [ 13.83124, 52.63195 ], [ 13.83121, 52.63179 ], [ 13.83127, 52.6316 ], [ 13.83153, 52.63117 ], [ 13.83184, 52.63025 ], [ 13.83177, 52.63008 ], [ 13.8315, 52.62985 ], [ 13.83114, 52.62986 ], [ 13.83084, 52.62979 ], [ 13.83073, 52.62949 ], [ 13.83064, 52.62943 ], [ 13.83017, 52.62938 ], [ 13.82965, 52.62909 ], [ 13.82858, 52.62863 ], [ 13.82843, 52.62887 ], [ 13.82831, 52.62891 ], [ 13.82815, 52.62887 ], [ 13.82803, 52.62839 ], [ 13.8281, 52.6281 ], [ 13.82806, 52.6279 ], [ 13.82758, 52.62741 ], [ 13.82732, 52.62699 ], [ 13.82674, 52.62655 ], [ 13.82645, 52.62586 ], [ 13.82582, 52.62603 ], [ 13.82629, 52.62595 ], [ 13.82639, 52.626 ], [ 13.82622, 52.62644 ], [ 13.82659, 52.62664 ], [ 13.82673, 52.62686 ], [ 13.82674, 52.62721 ], [ 13.82663, 52.62743 ], [ 13.82666, 52.62782 ], [ 13.82647, 52.62806 ], [ 13.826, 52.62836 ], [ 13.82584, 52.62821 ], [ 13.82539, 52.62833 ], [ 13.82546, 52.62844 ], [ 13.8257, 52.62843 ], [ 13.82598, 52.62868 ], [ 13.82596, 52.62894 ], [ 13.82603, 52.62899 ], [ 13.82626, 52.62902 ], [ 13.82653, 52.62891 ], [ 13.82666, 52.62898 ], [ 13.82719, 52.62963 ], [ 13.82652, 52.62987 ], [ 13.82691, 52.63132 ], [ 13.82727, 52.63135 ], [ 13.82744, 52.63148 ], [ 13.82742, 52.63162 ], [ 13.8275, 52.63173 ], [ 13.82742, 52.63184 ], [ 13.82725, 52.63188 ], [ 13.82704, 52.63179 ], [ 13.82711, 52.63203 ], [ 13.82781, 52.63189 ], [ 13.82835, 52.63195 ], [ 13.82834, 52.63179 ], [ 13.82806, 52.63169 ], [ 13.82796, 52.63153 ], [ 13.82811, 52.6313 ], [ 13.82823, 52.63128 ], [ 13.8283, 52.63134 ], [ 13.82821, 52.63041 ], [ 13.82825, 52.62984 ], [ 13.82838, 52.62974 ], [ 13.8286, 52.62974 ], [ 13.82888, 52.62982 ], [ 13.82902, 52.62991 ], [ 13.82907, 52.62983 ], [ 13.82918, 52.62979 ], [ 13.82947, 52.63007 ], [ 13.82976, 52.63018 ], [ 13.82961, 52.63074 ], [ 13.82986, 52.63147 ], [ 13.8301, 52.63165 ], [ 13.83062, 52.63185 ], [ 13.83071, 52.63195 ], [ 13.83073, 52.63209 ], [ 13.83109, 52.63235 ], [ 13.83124, 52.63195 ] ], [ [ 13.82955, 52.62921 ], [ 13.82976, 52.62941 ], [ 13.82968, 52.62951 ], [ 13.82944, 52.62943 ], [ 13.82936, 52.62932 ], [ 13.8294, 52.62918 ], [ 13.82955, 52.62921 ] ], [ [ 13.8277, 52.62817 ], [ 13.82784, 52.62846 ], [ 13.82779, 52.62855 ], [ 13.82748, 52.62844 ], [ 13.82738, 52.62832 ], [ 13.82747, 52.62814 ], [ 13.8277, 52.62817 ] ], [ [ 13.82699, 52.6284 ], [ 13.82697, 52.62851 ], [ 13.82649, 52.62883 ], [ 13.82627, 52.62892 ], [ 13.82606, 52.62892 ], [ 13.82604, 52.62887 ], [ 13.82615, 52.62876 ], [ 13.82666, 52.62839 ], [ 13.82699, 52.6284 ] ], [ [ 13.8303, 52.63025 ], [ 13.83059, 52.63046 ], [ 13.83075, 52.6309 ], [ 13.83067, 52.63127 ], [ 13.83083, 52.63164 ], [ 13.83079, 52.6318 ], [ 13.83056, 52.63175 ], [ 13.83023, 52.63159 ], [ 13.83002, 52.6313 ], [ 13.82999, 52.63105 ], [ 13.83008, 52.63048 ], [ 13.83023, 52.63027 ], [ 13.8303, 52.63025 ] ], [ [ 13.82717, 52.62993 ], [ 13.82674, 52.62998 ], [ 13.82668, 52.62993 ], [ 13.828, 52.62933 ], [ 13.82769, 52.62926 ], [ 13.82774, 52.6292 ], [ 13.82822, 52.62903 ], [ 13.82837, 52.62907 ], [ 13.82846, 52.62917 ], [ 13.82851, 52.62938 ], [ 13.82878, 52.62942 ], [ 13.82881, 52.62956 ], [ 13.82742, 52.63 ], [ 13.82726, 52.63002 ], [ 13.82717, 52.62993 ] ], [ [ 13.82764, 52.62927 ], [ 13.82727, 52.62939 ], [ 13.82714, 52.62936 ], [ 13.82709, 52.62927 ], [ 13.82715, 52.62913 ], [ 13.82745, 52.6289 ], [ 13.8277, 52.62883 ], [ 13.82783, 52.62893 ], [ 13.82784, 52.62907 ], [ 13.82764, 52.62927 ] ] ] } },
{ "type": "Feature", "properties": { "boden": "100 % mittel, trocken (vermutet) (M3)" }, "geometry": { "type": "Polygon", "coordinates": [ [ [ 13.82784, 52.62907 ], [ 13.82776, 52.62885 ], [ 13.82763, 52.62883 ], [ 13.82745, 52.6289 ], [ 13.82715, 52.62913 ], [ 13.82709, 52.62927 ], [ 13.82714, 52.62936 ], [ 13.82727, 52.62939 ], [ 13.82745, 52.62936 ], [ 13.82774, 52.6292 ], [ 13.82784, 52.62907 ] ] ] } },
{ "type": "Feature", "properties": { "boden": "100 % mittel, trocken (vermutet) (M3)" }, "geometry": { "type": "Polygon", "coordinates": [ [ [ 13.82944, 52.62918 ], [ 13.82935, 52.62923 ], [ 13.82944, 52.62943 ], [ 13.82958, 52.62949 ], [ 13.82971, 52.6295 ], [ 13.82976, 52.62941 ], [ 13.82965, 52.62928 ], [ 13.82944, 52.62918 ] ] ] } },
{ "type": "Feature", "properties": { "boden": "100 % mittel, mäßig frisch (M2)" }, "geometry": { "type": "Polygon", "coordinates": [ [ [ 13.82722, 52.62981 ], [ 13.82741, 52.62967 ], [ 13.82851, 52.62938 ], [ 13.82846, 52.62917 ], [ 13.82837, 52.62907 ], [ 13.82822, 52.62903 ], [ 13.82774, 52.6292 ], [ 13.82769, 52.62926 ], [ 13.828, 52.62933 ], [ 13.82668, 52.62996 ], [ 13.82702, 52.62997 ], [ 13.82717, 52.62993 ], [ 13.82722, 52.62981 ] ] ] } },
{ "type": "Feature", "properties": { "boden": "100 % mittel, mäßig frisch (M2)" }, "geometry": { "type": "Polygon", "coordinates": [ [ [ 13.82849, 52.62938 ], [ 13.82741, 52.62967 ], [ 13.82722, 52.62981 ], [ 13.82717, 52.62993 ], [ 13.82783, 52.62972 ], [ 13.82846, 52.62963 ], [ 13.82842, 52.62954 ], [ 13.82849, 52.62938 ] ] ] } },
{ "type": "Feature", "properties": { "boden": "100 % mittel, mäßig frisch (M2)" }, "geometry": { "type": "Polygon", "coordinates": [ [ [ 13.82851, 52.62938 ], [ 13.82842, 52.62954 ], [ 13.82846, 52.62963 ], [ 13.82783, 52.62972 ], [ 13.82715, 52.62996 ], [ 13.82726, 52.63002 ], [ 13.82742, 52.63 ], [ 13.82881, 52.62956 ], [ 13.82883, 52.62949 ], [ 13.82868, 52.62938 ], [ 13.82851, 52.62938 ] ] ] } },
{ "type": "Feature", "properties": { "boden": "70 % mittel, trocken (vermutet) (M3) · 30 % kräftig, trocken (vermutet) (K3)" }, "geometry": { "type": "Polygon", "coordinates": [ [ [ 13.82825, 52.62984 ], [ 13.82822, 52.63034 ], [ 13.82849, 52.63032 ], [ 13.82861, 52.63024 ], [ 13.82864, 52.63013 ], [ 13.82854, 52.62984 ], [ 13.82844, 52.62978 ], [ 13.82825, 52.62984 ] ] ] } },
{ "type": "Feature", "properties": { "boden": "100 % mittel, mäßig frisch (M2)" }, "geometry": { "type": "Polygon", "coordinates": [ [ [ 13.82517, 52.6259 ], [ 13.82514, 52.62582 ], [ 13.82458, 52.62591 ], [ 13.82379, 52.62591 ], [ 13.82382, 52.626 ], [ 13.82455, 52.62598 ], [ 13.82517, 52.6259 ] ] ] } },
{ "type": "Feature", "properties": { "boden": "100 % mittel, trocken (vermutet) (M3)" }, "geometry": { "type": "Polygon", "coordinates": [ [ [ 13.82502, 52.62592 ], [ 13.82441, 52.62599 ], [ 13.82382, 52.626 ], [ 13.82398, 52.62623 ], [ 13.82502, 52.62592 ] ] ] } },
{ "type": "Feature", "properties": { "boden": "100 % mittel, trocken (vermutet) (M3)" }, "geometry": { "type": "Polygon", "coordinates": [ [ [ 13.8252, 52.62611 ], [ 13.82502, 52.62595 ], [ 13.82398, 52.62623 ], [ 13.82414, 52.62647 ], [ 13.82518, 52.6262 ], [ 13.8252, 52.62611 ] ] ] } },
{ "type": "Feature", "properties": { "boden": "100 % kräftig, mäßig frisch (K2)" }, "geometry": { "type": "Polygon", "coordinates": [ [ [ 13.82041, 52.63309 ], [ 13.82205, 52.63244 ], [ 13.82244, 52.63154 ], [ 13.82238, 52.63084 ], [ 13.82204, 52.63047 ], [ 13.82086, 52.63153 ], [ 13.82077, 52.63152 ], [ 13.81992, 52.63207 ], [ 13.81882, 52.633 ], [ 13.81899, 52.63309 ], [ 13.81897, 52.63321 ], [ 13.82041, 52.63309 ] ], [ [ 13.81978, 52.63293 ], [ 13.81976, 52.63306 ], [ 13.81954, 52.63309 ], [ 13.81935, 52.63304 ], [ 13.8194, 52.63287 ], [ 13.81968, 52.63286 ], [ 13.81978, 52.63293 ] ] ] } },
{ "type": "Feature", "properties": { "boden": "100 % kräftig, mäßig frisch (K2)" }, "geometry": { "type": "Polygon", "coordinates": [ [ [ 13.82205, 52.63244 ], [ 13.82145, 52.6327 ], [ 13.82041, 52.63309 ], [ 13.82109, 52.63302 ], [ 13.82149, 52.63294 ], [ 13.82205, 52.63244 ] ] ] } },
{ "type": "Feature", "properties": { "boden": "100 % kräftig, mäßig frisch (K2)" }, "geometry": { "type": "Polygon", "coordinates": [ [ [ 13.81968, 52.63286 ], [ 13.8194, 52.63287 ], [ 13.81935, 52.63304 ], [ 13.81954, 52.63309 ], [ 13.81976, 52.63306 ], [ 13.81978, 52.63293 ], [ 13.81968, 52.63286 ] ] ] } },
{ "type": "Feature", "properties": { "boden": "100 % kräftig, mäßig frisch (K2)" }, "geometry": { "type": "Polygon", "coordinates": [ [ [ 13.81866, 52.63304 ], [ 13.81789, 52.63366 ], [ 13.81788, 52.63402 ], [ 13.81812, 52.63387 ], [ 13.81881, 52.63315 ], [ 13.81866, 52.63304 ] ] ] } },
{ "type": "Feature", "properties": { "boden": "100 % kräftig, trocken (vermutet) (K3)" }, "geometry": { "type": "Polygon", "coordinates": [ [ [ 13.82526, 52.63366 ], [ 13.82437, 52.63343 ], [ 13.82366, 52.63351 ], [ 13.823, 52.63345 ], [ 13.82281, 52.63359 ], [ 13.82264, 52.63363 ], [ 13.82202, 52.63365 ], [ 13.82163, 52.63371 ], [ 13.82125, 52.63391 ], [ 13.82127, 52.63404 ], [ 13.8214, 52.63414 ], [ 13.82234, 52.63433 ], [ 13.82296, 52.63416 ], [ 13.82433, 52.63406 ], [ 13.8251, 52.63376 ], [ 13.82621, 52.63369 ], [ 13.82634, 52.63364 ], [ 13.82639, 52.63349 ], [ 13.82526, 52.63366 ] ] ] } },
{ "type": "Feature", "properties": { "boden": "100 % kräftig, mäßig frisch (K2)" }, "geometry": { "type": "Polygon", "coordinates": [ [ [ 13.82352, 52.63465 ], [ 13.82371, 52.63443 ], [ 13.82395, 52.63435 ], [ 13.82457, 52.63422 ], [ 13.8249, 52.63405 ], [ 13.82529, 52.63402 ], [ 13.82581, 52.63404 ], [ 13.82626, 52.63412 ], [ 13.82677, 52.63427 ], [ 13.82727, 52.63433 ], [ 13.82769, 52.63414 ], [ 13.82819, 52.634 ], [ 13.82836, 52.6335 ], [ 13.82814, 52.63338 ], [ 13.8274, 52.63323 ], [ 13.82743, 52.63333 ], [ 13.82639, 52.63349 ], [ 13.82634, 52.63364 ], [ 13.82621, 52.63369 ], [ 13.8251, 52.63376 ], [ 13.82483, 52.63384 ], [ 13.8245, 52.63401 ], [ 13.82411, 52.63409 ], [ 13.82296, 52.63416 ], [ 13.82234, 52.63433 ], [ 13.82134, 52.63411 ], [ 13.82125, 52.63391 ], [ 13.82136, 52.63382 ], [ 13.82177, 52.63367 ], [ 13.82264, 52.63363 ], [ 13.82281, 52.63359 ], [ 13.823, 52.63345 ], [ 13.82366, 52.63351 ], [ 13.82437, 52.63343 ], [ 13.82339, 52.63317 ], [ 13.8185, 52.63364 ], [ 13.81795, 52.63406 ], [ 13.81796, 52.63417 ], [ 13.819, 52.63487 ], [ 13.82146, 52.63478 ], [ 13.82352, 52.63465 ] ], [ [ 13.82135, 52.63435 ], [ 13.82145, 52.63443 ], [ 13.82142, 52.63453 ], [ 13.82117, 52.63465 ], [ 13.82072, 52.63468 ], [ 13.82015, 52.6346 ], [ 13.82012, 52.63454 ], [ 13.8206, 52.63437 ], [ 13.82094, 52.63432 ], [ 13.82135, 52.63435 ] ] ] } },
{ "type": "Feature", "properties": { "boden": "100 % kräftig, trocken (vermutet) (K3)" }, "geometry": { "type": "Polygon", "coordinates": [ [ [ 13.82094, 52.63432 ], [ 13.82027, 52.63448 ], [ 13.82012, 52.63454 ], [ 13.82015, 52.6346 ], [ 13.82072, 52.63468 ], [ 13.82104, 52.63467 ], [ 13.82137, 52.63458 ], [ 13.82145, 52.63443 ], [ 13.82142, 52.63439 ], [ 13.82124, 52.63433 ], [ 13.82094, 52.63432 ] ] ] } },
{ "type": "Feature", "properties": { "boden": "100 % mittel, mäßig frisch (M2)" }, "geometry": { "type": "Polygon", "coordinates": [ [ [ 13.82957, 52.63027 ], [ 13.82965, 52.63044 ], [ 13.82976, 52.63018 ], [ 13.82954, 52.63012 ], [ 13.82923, 52.62981 ], [ 13.82913, 52.62979 ], [ 13.82902, 52.62991 ], [ 13.82957, 52.63027 ] ] ] } },
{ "type": "Feature", "properties": { "boden": "70 % mittel, mäßig frisch (M2) · 30 % kräftig, mäßig frisch (K2)" }, "geometry": { "type": "Polygon", "coordinates": [ [ [ 13.82888, 52.62982 ], [ 13.8286, 52.62974 ], [ 13.82838, 52.62974 ], [ 13.82825, 52.62984 ], [ 13.82844, 52.62978 ], [ 13.82854, 52.62984 ], [ 13.82864, 52.63013 ], [ 13.82857, 52.63028 ], [ 13.82822, 52.63034 ], [ 13.82823, 52.63054 ], [ 13.82867, 52.63045 ], [ 13.82887, 52.63029 ], [ 13.82902, 52.62991 ], [ 13.82888, 52.62982 ] ] ] } },
{ "type": "Feature", "properties": { "boden": "100 % mittel, trocken (vermutet) (M3)" }, "geometry": { "type": "Polygon", "coordinates": [ [ [ 13.8303, 52.63025 ], [ 13.83016, 52.63034 ], [ 13.83005, 52.63059 ], [ 13.83002, 52.6313 ], [ 13.83023, 52.63159 ], [ 13.83056, 52.63175 ], [ 13.83079, 52.6318 ], [ 13.83083, 52.63164 ], [ 13.83067, 52.63127 ], [ 13.83075, 52.6309 ], [ 13.83059, 52.63046 ], [ 13.8303, 52.63025 ] ] ] } },
{ "type": "Feature", "properties": { "boden": "100 % mittel, mäßig frisch (M2)" }, "geometry": { "type": "Polygon", "coordinates": [ [ [ 13.83171, 52.63069 ], [ 13.83153, 52.63117 ], [ 13.83127, 52.6316 ], [ 13.83121, 52.63179 ], [ 13.83124, 52.63195 ], [ 13.83129, 52.63177 ], [ 13.8315, 52.63147 ], [ 13.83171, 52.63069 ] ] ] } },
{ "type": "Feature", "properties": { "boden": "70 % mittel, mäßig frisch (M2) · 30 % kräftig, mäßig frisch (K2)" }, "geometry": { "type": "Polygon", "coordinates": [ [ [ 13.82824, 52.63071 ], [ 13.82835, 52.63195 ], [ 13.82869, 52.63199 ], [ 13.82875, 52.63183 ], [ 13.82867, 52.63151 ], [ 13.82867, 52.63088 ], [ 13.82858, 52.63076 ], [ 13.82824, 52.63071 ] ] ] } },
{ "type": "Feature", "properties": { "boden": "100 % mittel, trocken (vermutet) (M3)" }, "geometry": { "type": "Polygon", "coordinates": [ [ [ 13.82742, 52.63162 ], [ 13.82744, 52.63148 ], [ 13.82727, 52.63135 ], [ 13.82691, 52.63132 ], [ 13.82702, 52.6317 ], [ 13.82708, 52.63162 ], [ 13.82725, 52.63157 ], [ 13.82742, 52.63162 ] ] ] } },
{ "type": "Feature", "properties": { "boden": "100 % mittel, mäßig frisch (M2)" }, "geometry": { "type": "Polygon", "coordinates": [ [ [ 13.8296, 52.63108 ], [ 13.82954, 52.63157 ], [ 13.82968, 52.63186 ], [ 13.83067, 52.63205 ], [ 13.83073, 52.63209 ], [ 13.83071, 52.63195 ], [ 13.83062, 52.63185 ], [ 13.82994, 52.63156 ], [ 13.82967, 52.631 ], [ 13.8296, 52.63108 ] ] ] } },
{ "type": "Feature", "properties": { "boden": "100 % mittel, trocken (vermutet) (M3)" }, "geometry": { "type": "Polygon", "coordinates": [ [ [ 13.82823, 52.63128 ], [ 13.82811, 52.6313 ], [ 13.82796, 52.63158 ], [ 13.82806, 52.63169 ], [ 13.82834, 52.63179 ], [ 13.8283, 52.63134 ], [ 13.82823, 52.63128 ] ] ] } },
{ "type": "Feature", "properties": { "boden": "100 % mittel, mäßig frisch (M2)" }, "geometry": { "type": "Polygon", "coordinates": [ [ [ 13.82725, 52.63157 ], [ 13.82708, 52.63162 ], [ 13.82702, 52.6317 ], [ 13.82707, 52.63183 ], [ 13.82725, 52.63188 ], [ 13.82742, 52.63184 ], [ 13.8275, 52.63173 ], [ 13.82743, 52.63162 ], [ 13.82725, 52.63157 ] ] ] } },
{ "type": "Feature", "properties": { "boden": "70 % mittel, mäßig frisch (M2) · 30 % kräftig, mäßig frisch (K2)" }, "geometry": { "type": "Polygon", "coordinates": [ [ [ 13.83067, 52.63205 ], [ 13.82968, 52.63186 ], [ 13.82954, 52.63157 ], [ 13.8296, 52.63108 ], [ 13.82967, 52.631 ], [ 13.82961, 52.63074 ], [ 13.82965, 52.63044 ], [ 13.82957, 52.63027 ], [ 13.82902, 52.62991 ], [ 13.82878, 52.63039 ], [ 13.82867, 52.63045 ], [ 13.82823, 52.63054 ], [ 13.82824, 52.63071 ], [ 13.82836, 52.63075 ], [ 13.82858, 52.63076 ], [ 13.82867, 52.63088 ], [ 13.82867, 52.63151 ], [ 13.82874, 52.63193 ], [ 13.82869, 52.63199 ], [ 13.82857, 52.632 ], [ 13.82835, 52.63195 ], [ 13.82839, 52.63229 ], [ 13.82842, 52.63239 ], [ 13.82916, 52.63242 ], [ 13.82927, 52.63246 ], [ 13.82924, 52.63264 ], [ 13.82904, 52.63281 ], [ 13.82952, 52.63292 ], [ 13.82998, 52.63323 ], [ 13.82995, 52.63329 ], [ 13.82959, 52.63333 ], [ 13.8298, 52.63372 ], [ 13.82994, 52.6336 ], [ 13.82994, 52.63342 ], [ 13.8301, 52.63327 ], [ 13.83004, 52.63268 ], [ 13.82994, 52.63254 ], [ 13.82976, 52.63245 ], [ 13.82949, 52.63239 ], [ 13.82938, 52.6323 ], [ 13.82952, 52.63216 ], [ 13.82974, 52.63207 ], [ 13.83011, 52.63205 ], [ 13.83063, 52.63211 ], [ 13.83073, 52.63209 ], [ 13.83067, 52.63205 ] ], [ [ 13.82964, 52.63195 ], [ 13.82956, 52.63206 ], [ 13.82938, 52.6321 ], [ 13.82921, 52.63205 ], [ 13.82914, 52.63195 ], [ 13.82921, 52.63184 ], [ 13.82939, 52.6318 ], [ 13.82957, 52.63184 ], [ 13.82964, 52.63195 ] ] ] } },
{ "type": "Feature", "properties": { "boden": "70 % mittel, frisch (M1) · 30 % kräftig, frisch (K1)" }, "geometry": { "type": "Polygon", "coordinates": [ [ [ 13.82939, 52.6318 ], [ 13.82921, 52.63184 ], [ 13.82914, 52.63195 ], [ 13.82921, 52.63205 ], [ 13.82938, 52.6321 ], [ 13.82956, 52.63206 ], [ 13.82964, 52.63195 ], [ 13.82957, 52.63184 ], [ 13.82939, 52.6318 ] ] ] } },
{ "type": "Feature", "properties": { "boden": "100 % kräftig, nass (OK2)" }, "geometry": { "type": "Polygon", "coordinates": [ [ [ 13.83248, 52.63522 ], [ 13.83309, 52.63512 ], [ 13.83287, 52.63478 ], [ 13.8328, 52.63488 ], [ 13.83262, 52.63492 ], [ 13.83244, 52.63487 ], [ 13.83237, 52.63476 ], [ 13.83245, 52.63466 ], [ 13.83263, 52.63461 ], [ 13.83279, 52.63466 ], [ 13.83256, 52.6343 ], [ 13.8323, 52.6321 ], [ 13.8337, 52.63095 ], [ 13.83334, 52.62917 ], [ 13.8322, 52.62947 ], [ 13.83229, 52.62996 ], [ 13.83177, 52.63008 ], [ 13.83184, 52.63025 ], [ 13.8315, 52.63147 ], [ 13.83129, 52.63177 ], [ 13.83109, 52.63235 ], [ 13.83097, 52.6325 ], [ 13.83068, 52.6327 ], [ 13.83055, 52.63332 ], [ 13.83057, 52.63394 ], [ 13.83071, 52.63375 ], [ 13.83063, 52.63335 ], [ 13.83072, 52.63321 ], [ 13.83103, 52.63303 ], [ 13.83157, 52.63235 ], [ 13.83175, 52.6323 ], [ 13.83193, 52.63235 ], [ 13.832, 52.63246 ], [ 13.83146, 52.63314 ], [ 13.8312, 52.63329 ], [ 13.83111, 52.6334 ], [ 13.83121, 52.63375 ], [ 13.83089, 52.63417 ], [ 13.83071, 52.63421 ], [ 13.83054, 52.63416 ], [ 13.83048, 52.63407 ], [ 13.83029, 52.63425 ], [ 13.8303, 52.63462 ], [ 13.83038, 52.63476 ], [ 13.83104, 52.63451 ], [ 13.83156, 52.63442 ], [ 13.83178, 52.63447 ], [ 13.83206, 52.63465 ], [ 13.83208, 52.63507 ], [ 13.83219, 52.63519 ], [ 13.83248, 52.63522 ] ] ] } },
{ "type": "Feature", "properties": { "boden": "100 % mittel, mäßig frisch (M2)" }, "geometry": { "type": "Polygon", "coordinates": [ [ [ 13.82842, 52.63239 ], [ 13.82835, 52.63195 ], [ 13.82781, 52.63189 ], [ 13.82711, 52.63203 ], [ 13.82712, 52.63208 ], [ 13.82683, 52.63217 ], [ 13.82588, 52.63234 ], [ 13.82581, 52.63239 ], [ 13.82639, 52.63253 ], [ 13.8274, 52.63244 ], [ 13.82783, 52.63236 ], [ 13.82842, 52.63239 ] ] ] } },
{ "type": "Feature", "properties": { "boden": "100 % mittel, mäßig frisch (M2)" }, "geometry": { "type": "Polygon", "coordinates": [ [ [ 13.82612, 52.63257 ], [ 13.82773, 52.6325 ], [ 13.82795, 52.63255 ], [ 13.8285, 52.63255 ], [ 13.82842, 52.63239 ], [ 13.82821, 52.63238 ], [ 13.82783, 52.63236 ], [ 13.8274, 52.63244 ], [ 13.82639, 52.63253 ], [ 13.82619, 52.63246 ], [ 13.82577, 52.63241 ], [ 13.82577, 52.63245 ], [ 13.82609, 52.63246 ], [ 13.82612, 52.63257 ] ] ] } },
{ "type": "Feature", "properties": { "boden": "70 % mittel, frisch (M1) · 30 % kräftig, frisch (K1)" }, "geometry": { "type": "Polygon", "coordinates": [ [ [ 13.83067, 52.63276 ], [ 13.83061, 52.63266 ], [ 13.83043, 52.63262 ], [ 13.83025, 52.63266 ], [ 13.83018, 52.63277 ], [ 13.83025, 52.63288 ], [ 13.83043, 52.63292 ], [ 13.8306, 52.63288 ], [ 13.83067, 52.63276 ] ] ] } },
{ "type": "Feature", "properties": { "boden": "100 % mittel, trocken (vermutet) (M3)" }, "geometry": { "type": "Polygon", "coordinates": [ [ [ 13.82868, 52.63275 ], [ 13.8285, 52.63255 ], [ 13.82795, 52.63255 ], [ 13.82773, 52.6325 ], [ 13.82701, 52.63256 ], [ 13.82722, 52.63255 ], [ 13.82728, 52.63283 ], [ 13.82756, 52.63262 ], [ 13.82779, 52.63257 ], [ 13.82838, 52.63292 ], [ 13.829, 52.63302 ], [ 13.82901, 52.63295 ], [ 13.82868, 52.63275 ] ] ] } },
{ "type": "Feature", "properties": { "boden": "70 % mittel, mäßig frisch (M2) · 30 % kräftig, mäßig frisch (K2)" }, "geometry": { "type": "Polygon", "coordinates": [ [ [ 13.82842, 52.63239 ], [ 13.82868, 52.63275 ], [ 13.82952, 52.63322 ], [ 13.82959, 52.63333 ], [ 13.82998, 52.63326 ], [ 13.82988, 52.63314 ], [ 13.82952, 52.63292 ], [ 13.82904, 52.63281 ], [ 13.82924, 52.63264 ], [ 13.82928, 52.63251 ], [ 13.82923, 52.63243 ], [ 13.82842, 52.63239 ] ] ] } },
{ "type": "Feature", "properties": { "boden": "70 % mittel, mäßig frisch (M2) · 30 % kräftig, mäßig frisch (K2)" }, "geometry": { "type": "Polygon", "coordinates": [ [ [ 13.83056, 52.634 ], [ 13.83061, 52.63383 ], [ 13.83055, 52.63332 ], [ 13.83066, 52.63279 ], [ 13.8306, 52.63288 ], [ 13.83043, 52.63292 ], [ 13.83025, 52.63288 ], [ 13.83018, 52.63277 ], [ 13.83025, 52.63266 ], [ 13.83043, 52.63262 ], [ 13.83061, 52.63266 ], [ 13.83067, 52.63276 ], [ 13.83068, 52.6327 ], [ 13.83097, 52.6325 ], [ 13.83109, 52.63235 ], [ 13.83073, 52.63209 ], [ 13.83063, 52.63211 ], [ 13.82986, 52.63205 ], [ 13.82952, 52.63216 ], [ 13.82938, 52.6323 ], [ 13.82949, 52.63239 ], [ 13.82976, 52.63245 ], [ 13.82994, 52.63254 ], [ 13.83004, 52.63268 ], [ 13.8301, 52.63327 ], [ 13.82994, 52.63342 ], [ 13.82994, 52.6336 ], [ 13.8298, 52.63372 ], [ 13.83021, 52.63423 ], [ 13.83029, 52.63425 ], [ 13.83056, 52.634 ] ] ] } },
{ "type": "Feature", "properties": { "boden": "100 % kräftig, nass (OK2)" }, "geometry": { "type": "Polygon", "coordinates": [ [ [ 13.83071, 52.63375 ], [ 13.83048, 52.63407 ], [ 13.83054, 52.63416 ], [ 13.83071, 52.63421 ], [ 13.83089, 52.63417 ], [ 13.83121, 52.63375 ], [ 13.83111, 52.6334 ], [ 13.8312, 52.63329 ], [ 13.83146, 52.63314 ], [ 13.83192, 52.63257 ], [ 13.832, 52.63246 ], [ 13.83193, 52.63235 ], [ 13.83175, 52.6323 ], [ 13.83157, 52.63235 ], [ 13.83103, 52.63303 ], [ 13.83072, 52.63321 ], [ 13.83063, 52.63335 ], [ 13.83071, 52.63375 ] ] ] } },
{ "type": "Feature", "properties": { "boden": "100 % mittel, mäßig frisch (M2)" }, "geometry": { "type": "Polygon", "coordinates": [ [ [ 13.82952, 52.63322 ], [ 13.82901, 52.63295 ], [ 13.829, 52.63302 ], [ 13.82894, 52.63302 ], [ 13.82838, 52.63292 ], [ 13.82779, 52.63257 ], [ 13.82756, 52.63262 ], [ 13.82728, 52.63283 ], [ 13.8274, 52.63323 ], [ 13.82814, 52.63338 ], [ 13.82836, 52.6335 ], [ 13.82819, 52.634 ], [ 13.8284, 52.63392 ], [ 13.8287, 52.63389 ], [ 13.82953, 52.63389 ], [ 13.82948, 52.63374 ], [ 13.82907, 52.63377 ], [ 13.82895, 52.63373 ], [ 13.82891, 52.63366 ], [ 13.82897, 52.63346 ], [ 13.8288, 52.63329 ], [ 13.82886, 52.6332 ], [ 13.82899, 52.63318 ], [ 13.82959, 52.63333 ], [ 13.82952, 52.63322 ] ] ] } },
{ "type": "Feature", "properties": { "boden": "100 % mittel, mäßig frisch (M2)" }, "geometry": { "type": "Polygon", "coordinates": [ [ [ 13.82969, 52.63398 ], [ 13.82971, 52.63381 ], [ 13.8298, 52.63372 ], [ 13.82959, 52.63333 ], [ 13.82899, 52.63318 ], [ 13.8288, 52.63325 ], [ 13.82897, 52.63346 ], [ 13.82891, 52.63366 ], [ 13.82895, 52.63373 ], [ 13.82907, 52.63377 ], [ 13.82948, 52.63374 ], [ 13.82953, 52.63389 ], [ 13.8284, 52.63392 ], [ 13.82713, 52.63437 ], [ 13.82721, 52.6345 ], [ 13.82736, 52.6345 ], [ 13.82782, 52.63432 ], [ 13.82829, 52.63424 ], [ 13.82891, 52.63405 ], [ 13.82969, 52.63398 ] ] ] } },
{ "type": "Feature", "properties": { "boden": "100 % mittel, mäßig frisch (M2)" }, "geometry": { "type": "Polygon", "coordinates": [ [ [ 13.82969, 52.63398 ], [ 13.82891, 52.63405 ], [ 13.82829, 52.63424 ], [ 13.82782, 52.63432 ], [ 13.82736, 52.6345 ], [ 13.82816, 52.6344 ], [ 13.82836, 52.6343 ], [ 13.82886, 52.63426 ], [ 13.82902, 52.63418 ], [ 13.8296, 52.63406 ], [ 13.82969, 52.63398 ] ] ] } },
{ "type": "Feature", "properties": { "boden": "100 % mittel, mäßig frisch (M2)" }, "geometry": { "type": "Polygon", "coordinates": [ [ [ 13.82969, 52.63398 ], [ 13.82944, 52.63411 ], [ 13.82902, 52.63418 ], [ 13.82886, 52.63426 ], [ 13.82836, 52.6343 ], [ 13.82816, 52.6344 ], [ 13.82733, 52.63453 ], [ 13.82752, 52.63469 ], [ 13.82856, 52.63451 ], [ 13.82892, 52.63434 ], [ 13.82983, 52.63415 ], [ 13.82992, 52.6341 ], [ 13.82986, 52.634 ], [ 13.82969, 52.63398 ] ] ] } },
{ "type": "Feature", "properties": { "boden": "100 % kräftig, mäßig frisch (K2)" }, "geometry": { "type": "Polygon", "coordinates": [ [ [ 13.82713, 52.63437 ], [ 13.82727, 52.63433 ], [ 13.82677, 52.63427 ], [ 13.82626, 52.63412 ], [ 13.82581, 52.63404 ], [ 13.82529, 52.63402 ], [ 13.8249, 52.63405 ], [ 13.82457, 52.63422 ], [ 13.82371, 52.63443 ], [ 13.82358, 52.63453 ], [ 13.82352, 52.63465 ], [ 13.82468, 52.63461 ], [ 13.82684, 52.63444 ], [ 13.82717, 52.63441 ], [ 13.82713, 52.63437 ] ] ] } },
{ "type": "Feature", "properties": { "boden": "100 % mittel, mäßig frisch (M2)" }, "geometry": { "type": "Polygon", "coordinates": [ [ [ 13.82946, 52.63504 ], [ 13.82993, 52.63482 ], [ 13.83026, 52.63479 ], [ 13.83042, 52.63498 ], [ 13.83047, 52.63522 ], [ 13.8305, 52.63473 ], [ 13.83038, 52.63476 ], [ 13.8303, 52.63462 ], [ 13.83029, 52.63425 ], [ 13.83003, 52.63423 ], [ 13.82977, 52.63445 ], [ 13.82925, 52.63456 ], [ 13.82908, 52.63466 ], [ 13.82908, 52.6348 ], [ 13.82942, 52.63481 ], [ 13.82949, 52.63486 ], [ 13.82946, 52.63489 ], [ 13.82849, 52.63502 ], [ 13.828, 52.63518 ], [ 13.82772, 52.63534 ], [ 13.82784, 52.63537 ], [ 13.82846, 52.63522 ], [ 13.82922, 52.63517 ], [ 13.82941, 52.63512 ], [ 13.82946, 52.63504 ] ] ] } },
{ "type": "Feature", "properties": { "boden": "100 % mittel, trocken (vermutet) (M3)" }, "geometry": { "type": "Polygon", "coordinates": [ [ [ 13.83156, 52.63451 ], [ 13.83115, 52.63455 ], [ 13.83108, 52.63459 ], [ 13.83109, 52.63504 ], [ 13.83096, 52.63533 ], [ 13.83099, 52.63544 ], [ 13.83132, 52.63561 ], [ 13.83145, 52.63559 ], [ 13.83152, 52.63548 ], [ 13.83155, 52.63494 ], [ 13.83175, 52.63462 ], [ 13.83174, 52.63457 ], [ 13.83156, 52.63451 ] ] ] } },
{ "type": "Feature", "properties": { "boden": "100 % mittel, mäßig frisch (M2)" }, "geometry": { "type": "Polygon", "coordinates": [ [ [ 13.83193, 52.63455 ], [ 13.83156, 52.63442 ], [ 13.83104, 52.63451 ], [ 13.8305, 52.63473 ], [ 13.83047, 52.63522 ], [ 13.83055, 52.63554 ], [ 13.83068, 52.63569 ], [ 13.8317, 52.63581 ], [ 13.8319, 52.63515 ], [ 13.83172, 52.63483 ], [ 13.83187, 52.63465 ], [ 13.83204, 52.63464 ], [ 13.83193, 52.63455 ] ], [ [ 13.83174, 52.63457 ], [ 13.83155, 52.63494 ], [ 13.83152, 52.63548 ], [ 13.83145, 52.63559 ], [ 13.83132, 52.63561 ], [ 13.83099, 52.63544 ], [ 13.83096, 52.63533 ], [ 13.83109, 52.63504 ], [ 13.83108, 52.63459 ], [ 13.83115, 52.63455 ], [ 13.83156, 52.63451 ], [ 13.83174, 52.63457 ] ] ] } },
{ "type": "Feature", "properties": { "boden": "100 % mittel, mäßig frisch (M2)" }, "geometry": { "type": "Polygon", "coordinates": [ [ [ 13.83258, 52.63551 ], [ 13.8326, 52.63521 ], [ 13.83219, 52.63519 ], [ 13.83208, 52.63507 ], [ 13.83206, 52.63465 ], [ 13.83187, 52.63465 ], [ 13.83172, 52.63483 ], [ 13.8319, 52.63515 ], [ 13.8317, 52.63581 ], [ 13.83218, 52.63556 ], [ 13.83258, 52.63551 ] ] ] } },
{ "type": "Feature", "properties": { "boden": "100 % mittel, mäßig frisch (M2)" }, "geometry": { "type": "Polygon", "coordinates": [ [ [ 13.82976, 52.63644 ], [ 13.82973, 52.63609 ], [ 13.82938, 52.63557 ], [ 13.82941, 52.63512 ], [ 13.82922, 52.63517 ], [ 13.82828, 52.63525 ], [ 13.82784, 52.63537 ], [ 13.82772, 52.63534 ], [ 13.828, 52.63518 ], [ 13.82849, 52.63502 ], [ 13.82949, 52.63486 ], [ 13.82942, 52.63481 ], [ 13.82908, 52.6348 ], [ 13.82908, 52.63466 ], [ 13.82925, 52.63456 ], [ 13.82977, 52.63445 ], [ 13.83003, 52.63423 ], [ 13.83021, 52.63423 ], [ 13.8298, 52.63372 ], [ 13.82971, 52.63381 ], [ 13.82969, 52.63398 ], [ 13.82986, 52.634 ], [ 13.82992, 52.6341 ], [ 13.82983, 52.63415 ], [ 13.82892, 52.63434 ], [ 13.82856, 52.63451 ], [ 13.82752, 52.63469 ], [ 13.82736, 52.63457 ], [ 13.82736, 52.6345 ], [ 13.82721, 52.6345 ], [ 13.82752, 52.63485 ], [ 13.82739, 52.63503 ], [ 13.8275, 52.6353 ], [ 13.82728, 52.63547 ], [ 13.82711, 52.63588 ], [ 13.82767, 52.63575 ], [ 13.82807, 52.63579 ], [ 13.82833, 52.63601 ], [ 13.82835, 52.6362 ], [ 13.82821, 52.63638 ], [ 13.82785, 52.63646 ], [ 13.82698, 52.63627 ], [ 13.82662, 52.6369 ], [ 13.82701, 52.63678 ], [ 13.82771, 52.63667 ], [ 13.82876, 52.63659 ], [ 13.82925, 52.63648 ], [ 13.82976, 52.63644 ] ] ] } },
{ "type": "Feature", "properties": { "boden": "100 % mittel, mäßig frisch (M2)" }, "geometry": { "type": "Polygon", "coordinates": [ [ [ 13.83232, 52.63558 ], [ 13.83214, 52.63562 ], [ 13.83206, 52.63573 ], [ 13.83213, 52.63584 ], [ 13.83231, 52.63589 ], [ 13.83249, 52.63584 ], [ 13.83256, 52.63574 ], [ 13.83249, 52.63563 ], [ 13.83232, 52.63558 ] ] ] } },
{ "type": "Feature", "properties": { "boden": "100 % mittel, mäßig frisch (M2)" }, "geometry": { "type": "Polygon", "coordinates": [ [ [ 13.82941, 52.63512 ], [ 13.82938, 52.63557 ], [ 13.82973, 52.63609 ], [ 13.82979, 52.63627 ], [ 13.82976, 52.63644 ], [ 13.82999, 52.63643 ], [ 13.83015, 52.63636 ], [ 13.83026, 52.63624 ], [ 13.83026, 52.6361 ], [ 13.83016, 52.63604 ], [ 13.83013, 52.63587 ], [ 13.82988, 52.63565 ], [ 13.82989, 52.63548 ], [ 13.82971, 52.63521 ], [ 13.82958, 52.63513 ], [ 13.82941, 52.63512 ] ] ] } },
{ "type": "Feature", "properties": { "boden": "100 % mittel, mäßig frisch (M2)" }, "geometry": { "type": "Polygon", "coordinates": [ [ [ 13.83042, 52.63498 ], [ 13.83026, 52.63479 ], [ 13.82993, 52.63482 ], [ 13.82965, 52.63493 ], [ 13.82941, 52.63512 ], [ 13.82958, 52.63513 ], [ 13.82983, 52.63534 ], [ 13.82988, 52.63565 ], [ 13.83013, 52.63587 ], [ 13.83016, 52.63604 ], [ 13.83026, 52.6361 ], [ 13.83026, 52.63624 ], [ 13.83015, 52.63636 ], [ 13.82999, 52.63643 ], [ 13.82976, 52.63644 ], [ 13.82952, 52.6368 ], [ 13.82985, 52.63674 ], [ 13.83008, 52.63697 ], [ 13.83053, 52.63717 ], [ 13.8307, 52.63699 ], [ 13.83079, 52.63677 ], [ 13.83072, 52.63663 ], [ 13.83044, 52.63643 ], [ 13.83039, 52.63629 ], [ 13.83054, 52.63575 ], [ 13.83042, 52.63498 ] ] ] } },
{ "type": "Feature", "properties": { "boden": "100 % mittel, trocken (vermutet) (M3)" }, "geometry": { "type": "Polygon", "coordinates": [ [ [ 13.82698, 52.63627 ], [ 13.82747, 52.6364 ], [ 13.82785, 52.63646 ], [ 13.82806, 52.63643 ], [ 13.82831, 52.6363 ], [ 13.82833, 52.63601 ], [ 13.82807, 52.63579 ], [ 13.82767, 52.63575 ], [ 13.82739, 52.63579 ], [ 13.82711, 52.63588 ], [ 13.82698, 52.63627 ] ] ] } },
{ "type": "Feature", "properties": { "boden": "100 % mittel, mäßig frisch (M2)" }, "geometry": { "type": "Polygon", "coordinates": [ [ [ 13.83222, 52.63702 ], [ 13.83223, 52.63668 ], [ 13.83216, 52.63657 ], [ 13.83173, 52.63628 ], [ 13.83179, 52.63599 ], [ 13.8317, 52.63581 ], [ 13.83068, 52.63569 ], [ 13.83055, 52.63554 ], [ 13.83047, 52.63522 ], [ 13.83054, 52.63575 ], [ 13.83039, 52.63629 ], [ 13.83044, 52.63643 ], [ 13.83072, 52.63663 ], [ 13.83079, 52.63677 ], [ 13.8307, 52.63699 ], [ 13.83053, 52.63717 ], [ 13.83076, 52.63719 ], [ 13.83118, 52.63704 ], [ 13.83148, 52.63659 ], [ 13.83161, 52.63655 ], [ 13.83222, 52.63702 ] ] ] } },
{ "type": "Feature", "properties": { "boden": "100 % mittel, mäßig frisch (M2)" }, "geometry": { "type": "Polygon", "coordinates": [ [ [ 13.83338, 52.63681 ], [ 13.83326, 52.63638 ], [ 13.83299, 52.63632 ], [ 13.83274, 52.63617 ], [ 13.83315, 52.63601 ], [ 13.83309, 52.63579 ], [ 13.83288, 52.63571 ], [ 13.83272, 52.63583 ], [ 13.83261, 52.63585 ], [ 13.83291, 52.63599 ], [ 13.83259, 52.63603 ], [ 13.8325, 52.63613 ], [ 13.83252, 52.63634 ], [ 13.8326, 52.63643 ], [ 13.83256, 52.63656 ], [ 13.83295, 52.63683 ], [ 13.83338, 52.63681 ] ] ] } },
{ "type": "Feature", "properties": { "boden": "100 % mittel, mäßig frisch (M2)" }, "geometry": { "type": "Polygon", "coordinates": [ [ [ 13.83272, 52.63583 ], [ 13.83288, 52.63571 ], [ 13.83277, 52.63551 ], [ 13.83242, 52.63551 ], [ 13.83218, 52.63556 ], [ 13.8317, 52.63581 ], [ 13.83179, 52.63599 ], [ 13.83176, 52.63634 ], [ 13.83216, 52.63657 ], [ 13.83223, 52.63668 ], [ 13.83222, 52.63703 ], [ 13.83246, 52.63711 ], [ 13.83263, 52.6371 ], [ 13.83271, 52.63701 ], [ 13.83266, 52.63688 ], [ 13.83183, 52.63623 ], [ 13.83184, 52.63607 ], [ 13.83203, 52.63595 ], [ 13.83272, 52.63583 ] ], [ [ 13.83256, 52.63572 ], [ 13.83249, 52.63584 ], [ 13.83231, 52.63589 ], [ 13.83213, 52.63584 ], [ 13.83206, 52.63573 ], [ 13.83214, 52.63562 ], [ 13.83232, 52.63558 ], [ 13.83249, 52.63563 ], [ 13.83256, 52.63572 ] ] ] } },
{ "type": "Feature", "properties": { "boden": "100 % mittel, mäßig frisch (M2)" }, "geometry": { "type": "Polygon", "coordinates": [ [ [ 13.83008, 52.63697 ], [ 13.82985, 52.63674 ], [ 13.82952, 52.6368 ], [ 13.82971, 52.63698 ], [ 13.83008, 52.63697 ] ] ] } },
{ "type": "Feature", "properties": { "boden": "100 % mittel, mäßig frisch (M2)" }, "geometry": { "type": "Polygon", "coordinates": [ [ [ 13.82952, 52.6368 ], [ 13.8297, 52.63658 ], [ 13.82976, 52.63644 ], [ 13.82925, 52.63648 ], [ 13.82876, 52.63659 ], [ 13.82771, 52.63667 ], [ 13.82682, 52.63681 ], [ 13.82662, 52.6369 ], [ 13.82652, 52.63717 ], [ 13.82631, 52.6373 ], [ 13.82627, 52.63739 ], [ 13.82639, 52.6374 ], [ 13.82694, 52.6373 ], [ 13.82777, 52.63726 ], [ 13.82843, 52.63715 ], [ 13.82952, 52.6368 ] ] ] } },
{ "type": "Feature", "properties": { "boden": "100 % mittel, trocken (vermutet) (M3)" }, "geometry": { "type": "Polygon", "coordinates": [ [ [ 13.83175, 52.63687 ], [ 13.8314, 52.63703 ], [ 13.83122, 52.63719 ], [ 13.83113, 52.63736 ], [ 13.83118, 52.63749 ], [ 13.83131, 52.63752 ], [ 13.83142, 52.63749 ], [ 13.83153, 52.63733 ], [ 13.83186, 52.63712 ], [ 13.83189, 52.63701 ], [ 13.83175, 52.63687 ] ] ] } },
{ "type": "Feature", "properties": { "boden": "100 % mittel, mäßig frisch (M2)" }, "geometry": { "type": "Polygon", "coordinates": [ [ [ 13.83003, 52.63824 ], [ 13.83083, 52.63805 ], [ 13.8314, 52.63781 ], [ 13.83167, 52.63774 ], [ 13.83214, 52.63741 ], [ 13.83213, 52.63714 ], [ 13.83222, 52.63703 ], [ 13.83161, 52.63655 ], [ 13.83148, 52.63659 ], [ 13.83118, 52.63704 ], [ 13.83076, 52.63719 ], [ 13.83061, 52.6372 ], [ 13.83011, 52.63697 ], [ 13.82971, 52.63698 ], [ 13.82952, 52.6368 ], [ 13.82843, 52.63715 ], [ 13.82777, 52.63726 ], [ 13.82694, 52.6373 ], [ 13.82639, 52.6374 ], [ 13.82627, 52.63739 ], [ 13.82631, 52.6373 ], [ 13.82649, 52.6372 ], [ 13.82651, 52.63709 ], [ 13.82629, 52.63729 ], [ 13.8257, 52.6376 ], [ 13.82492, 52.63793 ], [ 13.82534, 52.63813 ], [ 13.82565, 52.63815 ], [ 13.82671, 52.63796 ], [ 13.82821, 52.63724 ], [ 13.82854, 52.63717 ], [ 13.82907, 52.63696 ], [ 13.82931, 52.63694 ], [ 13.82956, 52.63711 ], [ 13.82933, 52.6372 ], [ 13.82921, 52.63731 ], [ 13.82906, 52.63762 ], [ 13.82886, 52.63784 ], [ 13.8287, 52.63791 ], [ 13.8282, 52.63797 ], [ 13.82744, 52.63817 ], [ 13.82773, 52.63828 ], [ 13.82829, 52.63817 ], [ 13.82878, 52.63812 ], [ 13.82941, 52.63815 ], [ 13.83003, 52.63824 ] ], [ [ 13.83189, 52.63701 ], [ 13.83186, 52.63712 ], [ 13.83153, 52.63733 ], [ 13.83142, 52.63749 ], [ 13.83131, 52.63752 ], [ 13.83118, 52.63749 ], [ 13.83113, 52.63736 ], [ 13.83122, 52.63719 ], [ 13.8314, 52.63703 ], [ 13.83175, 52.63687 ], [ 13.83189, 52.63701 ] ] ] } },
{ "type": "Feature", "properties": { "boden": "100 % mittel, trocken (vermutet) (M3)" }, "geometry": { "type": "Polygon", "coordinates": [ [ [ 13.82685, 52.638 ], [ 13.82744, 52.63817 ], [ 13.8282, 52.63797 ], [ 13.8287, 52.63791 ], [ 13.82894, 52.63778 ], [ 13.82921, 52.63731 ], [ 13.82933, 52.6372 ], [ 13.82954, 52.63713 ], [ 13.82953, 52.63705 ], [ 13.82931, 52.63694 ], [ 13.82893, 52.637 ], [ 13.82771, 52.63745 ], [ 13.82693, 52.63788 ], [ 13.82651, 52.638 ], [ 13.82616, 52.63804 ], [ 13.82598, 52.63811 ], [ 13.82685, 52.638 ] ] ] } },
{ "type": "Feature", "properties": { "boden": "100 % mittel, mäßig frisch (M2)" }, "geometry": { "type": "Polygon", "coordinates": [ [ [ 13.83163, 52.63774 ], [ 13.83083, 52.63805 ], [ 13.83006, 52.63824 ], [ 13.8305, 52.63824 ], [ 13.83083, 52.63817 ], [ 13.83141, 52.63792 ], [ 13.83163, 52.63774 ] ] ] } },
{ "type": "Feature", "properties": { "boden": "100 % mittel, mäßig frisch (M2)" }, "geometry": { "type": "Polygon", "coordinates": [ [ [ 13.83124, 52.63825 ], [ 13.83185, 52.63779 ], [ 13.83176, 52.63774 ], [ 13.83167, 52.63774 ], [ 13.83141, 52.63792 ], [ 13.83083, 52.63817 ], [ 13.8305, 52.63824 ], [ 13.82949, 52.6383 ], [ 13.82895, 52.63846 ], [ 13.82938, 52.6384 ], [ 13.82995, 52.63841 ], [ 13.83023, 52.63836 ], [ 13.83062, 52.63843 ], [ 13.83124, 52.63825 ] ] ] } },
{ "type": "Feature", "properties": { "boden": "100 % mittel, mäßig frisch (M2)" }, "geometry": { "type": "Polygon", "coordinates": [ [ [ 13.83492, 52.63838 ], [ 13.83416, 52.63826 ], [ 13.83357, 52.63833 ], [ 13.83332, 52.63819 ], [ 13.83291, 52.63783 ], [ 13.83283, 52.63769 ], [ 13.83278, 52.63727 ], [ 13.83282, 52.63712 ], [ 13.8329, 52.63708 ], [ 13.83312, 52.63707 ], [ 13.83342, 52.6372 ], [ 13.83339, 52.63683 ], [ 13.83304, 52.63685 ], [ 13.83289, 52.6368 ], [ 13.83256, 52.63656 ], [ 13.8326, 52.63643 ], [ 13.8325, 52.63628 ], [ 13.83253, 52.63607 ], [ 13.83267, 52.63601 ], [ 13.83291, 52.63599 ], [ 13.83261, 52.63585 ], [ 13.83203, 52.63595 ], [ 13.83184, 52.63607 ], [ 13.83183, 52.63623 ], [ 13.83266, 52.63688 ], [ 13.83271, 52.63701 ], [ 13.83263, 52.6371 ], [ 13.83246, 52.63711 ], [ 13.83222, 52.63703 ], [ 13.83213, 52.63714 ], [ 13.83214, 52.63741 ], [ 13.83167, 52.63774 ], [ 13.83185, 52.63779 ], [ 13.83124, 52.63825 ], [ 13.83098, 52.63835 ], [ 13.83144, 52.63818 ], [ 13.83205, 52.63776 ], [ 13.83218, 52.63778 ], [ 13.83258, 52.63815 ], [ 13.83249, 52.63834 ], [ 13.83268, 52.63833 ], [ 13.83281, 52.63837 ], [ 13.8329, 52.63854 ], [ 13.83312, 52.63872 ], [ 13.83369, 52.63902 ], [ 13.83398, 52.63927 ], [ 13.83418, 52.63987 ], [ 13.8346, 52.64045 ], [ 13.83445, 52.64078 ], [ 13.83447, 52.6409 ], [ 13.83469, 52.64086 ], [ 13.83494, 52.64073 ], [ 13.83527, 52.64068 ], [ 13.83538, 52.64057 ], [ 13.83505, 52.64018 ], [ 13.83457, 52.63979 ], [ 13.83446, 52.63922 ], [ 13.8343, 52.63892 ], [ 13.83413, 52.63879 ], [ 13.83372, 52.63862 ], [ 13.83395, 52.63846 ], [ 13.83416, 52.63841 ], [ 13.83507, 52.6385 ], [ 13.83492, 52.63838 ] ] ] } },
{ "type": "Feature", "properties": { "boden": "100 % mittel, mäßig frisch (M2)" }, "geometry": { "type": "Polygon", "coordinates": [ [ [ 13.82917, 52.63842 ], [ 13.82949, 52.6383 ], [ 13.83006, 52.63824 ], [ 13.82941, 52.63815 ], [ 13.82878, 52.63812 ], [ 13.82829, 52.63817 ], [ 13.82773, 52.63828 ], [ 13.82802, 52.63845 ], [ 13.82804, 52.63869 ], [ 13.82917, 52.63842 ] ] ] } },
{ "type": "Feature", "properties": { "boden": "100 % mittel, mäßig frisch (M2)" }, "geometry": { "type": "Polygon", "coordinates": [ [ [ 13.83098, 52.63835 ], [ 13.83062, 52.63843 ], [ 13.83023, 52.63836 ], [ 13.82995, 52.63841 ], [ 13.82938, 52.6384 ], [ 13.82895, 52.63846 ], [ 13.82899, 52.63852 ], [ 13.82954, 52.63854 ], [ 13.82999, 52.63849 ], [ 13.8305, 52.6385 ], [ 13.83098, 52.63835 ] ] ] } },
{ "type": "Feature", "properties": { "boden": "100 % kräftig, mäßig frisch (K2)" }, "geometry": { "type": "Polygon", "coordinates": [ [ [ 13.82565, 52.63815 ], [ 13.82534, 52.63813 ], [ 13.82492, 52.63793 ], [ 13.82374, 52.63838 ], [ 13.82414, 52.63868 ], [ 13.82417, 52.63887 ], [ 13.82405, 52.63903 ], [ 13.82365, 52.63919 ], [ 13.82325, 52.63941 ], [ 13.82319, 52.63949 ], [ 13.82361, 52.63945 ], [ 13.82394, 52.63928 ], [ 13.8243, 52.63919 ], [ 13.8246, 52.63894 ], [ 13.82499, 52.6388 ], [ 13.82514, 52.63866 ], [ 13.82589, 52.63822 ], [ 13.82598, 52.63811 ], [ 13.82565, 52.63815 ] ] ] } },
{ "type": "Feature", "properties": { "boden": "100 % kräftig, mäßig frisch (K2)" }, "geometry": { "type": "Polygon", "coordinates": [ [ [ 13.82802, 52.63845 ], [ 13.82773, 52.63828 ], [ 13.82732, 52.63849 ], [ 13.82631, 52.63886 ], [ 13.82611, 52.63906 ], [ 13.82555, 52.63936 ], [ 13.82541, 52.63957 ], [ 13.82595, 52.63948 ], [ 13.82623, 52.63933 ], [ 13.82664, 52.63921 ], [ 13.82725, 52.63892 ], [ 13.82804, 52.63869 ], [ 13.82802, 52.63845 ] ] ] } },
{ "type": "Feature", "properties": { "boden": "100 % kräftig, trocken (vermutet) (K3)" }, "geometry": { "type": "Polygon", "coordinates": [ [ [ 13.82685, 52.638 ], [ 13.82598, 52.63811 ], [ 13.82589, 52.63822 ], [ 13.82514, 52.63866 ], [ 13.82499, 52.6388 ], [ 13.8246, 52.63894 ], [ 13.8243, 52.63919 ], [ 13.82394, 52.63928 ], [ 13.82361, 52.63945 ], [ 13.82319, 52.63949 ], [ 13.82307, 52.63965 ], [ 13.82318, 52.64004 ], [ 13.82427, 52.6401 ], [ 13.8245, 52.63978 ], [ 13.82533, 52.63917 ], [ 13.8259, 52.63883 ], [ 13.82744, 52.63817 ], [ 13.82685, 52.638 ] ] ] } },
{ "type": "Feature", "properties": { "boden": "100 % mittel, trocken (vermutet) (M3)" }, "geometry": { "type": "Polygon", "coordinates": [ [ [ 13.82813, 52.63882 ], [ 13.8279, 52.63908 ], [ 13.82761, 52.6392 ], [ 13.82749, 52.63931 ], [ 13.82726, 52.63933 ], [ 13.82692, 52.63959 ], [ 13.82705, 52.6397 ], [ 13.82754, 52.63987 ], [ 13.82817, 52.63957 ], [ 13.82855, 52.63933 ], [ 13.82933, 52.63899 ], [ 13.82997, 52.6388 ], [ 13.8301, 52.63859 ], [ 13.82909, 52.63861 ], [ 13.82895, 52.63867 ], [ 13.82813, 52.63882 ] ] ] } },
{ "type": "Feature", "properties": { "boden": "100 % mittel, mäßig frisch (M2)" }, "geometry": { "type": "Polygon", "coordinates": [ [ [ 13.82706, 52.63924 ], [ 13.8269, 52.63942 ], [ 13.82692, 52.63959 ], [ 13.82726, 52.63933 ], [ 13.82749, 52.63931 ], [ 13.82761, 52.6392 ], [ 13.8279, 52.63908 ], [ 13.828, 52.63893 ], [ 13.82706, 52.63924 ] ] ] } },
{ "type": "Feature", "properties": { "boden": "100 % mittel, mäßig frisch (M2)" }, "geometry": { "type": "Polygon", "coordinates": [ [ [ 13.82984, 52.63907 ], [ 13.82952, 52.63911 ], [ 13.82916, 52.63935 ], [ 13.82874, 52.63949 ], [ 13.82869, 52.63956 ], [ 13.82876, 52.63964 ], [ 13.82887, 52.63968 ], [ 13.82934, 52.63957 ], [ 13.83026, 52.63911 ], [ 13.82984, 52.63907 ] ] ] } },
{ "type": "Feature", "properties": { "boden": "100 % kräftig, mäßig frisch (K2)" }, "geometry": { "type": "Polygon", "coordinates": [ [ [ 13.82772, 52.64144 ], [ 13.82775, 52.64125 ], [ 13.82784, 52.64121 ], [ 13.82861, 52.64134 ], [ 13.82901, 52.64128 ], [ 13.82939, 52.64108 ], [ 13.82942, 52.64076 ], [ 13.82908, 52.64097 ], [ 13.82877, 52.64107 ], [ 13.82825, 52.64101 ], [ 13.82789, 52.64087 ], [ 13.82806, 52.64069 ], [ 13.82836, 52.64067 ], [ 13.82932, 52.64039 ], [ 13.82917, 52.64022 ], [ 13.82859, 52.64028 ], [ 13.82824, 52.64027 ], [ 13.82764, 52.64038 ], [ 13.8275, 52.64036 ], [ 13.82749, 52.64024 ], [ 13.82759, 52.64018 ], [ 13.82805, 52.64007 ], [ 13.82821, 52.63998 ], [ 13.82754, 52.63987 ], [ 13.82657, 52.64041 ], [ 13.82616, 52.64046 ], [ 13.82601, 52.64036 ], [ 13.82588, 52.64005 ], [ 13.82595, 52.63994 ], [ 13.82618, 52.63986 ], [ 13.82635, 52.6397 ], [ 13.82692, 52.63959 ], [ 13.8269, 52.63942 ], [ 13.82706, 52.63924 ], [ 13.828, 52.63893 ], [ 13.82807, 52.63887 ], [ 13.82804, 52.63869 ], [ 13.82725, 52.63892 ], [ 13.82664, 52.63921 ], [ 13.82623, 52.63933 ], [ 13.82595, 52.63948 ], [ 13.82541, 52.63957 ], [ 13.82555, 52.63936 ], [ 13.82611, 52.63906 ], [ 13.82631, 52.63886 ], [ 13.82732, 52.63849 ], [ 13.82773, 52.63828 ], [ 13.82744, 52.63817 ], [ 13.8259, 52.63883 ], [ 13.82533, 52.63917 ], [ 13.8245, 52.63978 ], [ 13.82427, 52.6401 ], [ 13.82318, 52.64004 ], [ 13.82322, 52.64021 ], [ 13.82463, 52.64071 ], [ 13.82525, 52.64104 ], [ 13.82546, 52.64117 ], [ 13.82579, 52.64153 ], [ 13.82662, 52.64155 ], [ 13.82772, 52.64144 ] ] ] } },
{ "type": "Feature", "properties": { "boden": "100 % mittel, mäßig frisch (M2)" }, "geometry": { "type": "Polygon", "coordinates": [ [ [ 13.82892, 52.64004 ], [ 13.82917, 52.64022 ], [ 13.82926, 52.64021 ], [ 13.83013, 52.64004 ], [ 13.83066, 52.6398 ], [ 13.83046, 52.63976 ], [ 13.8299, 52.63988 ], [ 13.82895, 52.63998 ], [ 13.82875, 52.63996 ], [ 13.82872, 52.63988 ], [ 13.82845, 52.63988 ], [ 13.82821, 52.63998 ], [ 13.82892, 52.64004 ] ] ] } },
{ "type": "Feature", "properties": { "boden": "100 % kräftig, trocken (vermutet) (K3)" }, "geometry": { "type": "Polygon", "coordinates": [ [ [ 13.82733, 52.63982 ], [ 13.82692, 52.63959 ], [ 13.82635, 52.6397 ], [ 13.82618, 52.63986 ], [ 13.8259, 52.63998 ], [ 13.82589, 52.64015 ], [ 13.82608, 52.64043 ], [ 13.82616, 52.64046 ], [ 13.82657, 52.64041 ], [ 13.82754, 52.63987 ], [ 13.82733, 52.63982 ] ] ] } },
{ "type": "Feature", "properties": { "boden": "100 % kräftig, mäßig frisch (K2)" }, "geometry": { "type": "Polygon", "coordinates": [ [ [ 13.82917, 52.64022 ], [ 13.82892, 52.64004 ], [ 13.82821, 52.63998 ], [ 13.82805, 52.64007 ], [ 13.82759, 52.64018 ], [ 13.82746, 52.64033 ], [ 13.82764, 52.64038 ], [ 13.82824, 52.64027 ], [ 13.82859, 52.64028 ], [ 13.82917, 52.64022 ] ] ] } },
{ "type": "Feature", "properties": { "boden": "100 % mittel, trocken (vermutet) (M3)" }, "geometry": { "type": "Polygon", "coordinates": [ [ [ 13.82932, 52.64039 ], [ 13.82942, 52.64076 ], [ 13.83008, 52.64042 ], [ 13.83056, 52.64033 ], [ 13.83068, 52.64027 ], [ 13.83041, 52.6402 ], [ 13.82993, 52.64024 ], [ 13.82932, 52.64039 ] ] ] } },
{ "type": "Feature", "properties": { "boden": "100 % kräftig, trocken (vermutet) (K3)" }, "geometry": { "type": "Polygon", "coordinates": [ [ [ 13.82942, 52.64076 ], [ 13.82932, 52.64039 ], [ 13.82836, 52.64067 ], [ 13.82806, 52.64069 ], [ 13.82789, 52.64087 ], [ 13.82825, 52.64101 ], [ 13.82851, 52.64106 ], [ 13.82891, 52.64104 ], [ 13.82942, 52.64076 ] ] ] } },
{ "type": "Feature", "properties": { "boden": "100 % mittel, mäßig frisch (M2)" }, "geometry": { "type": "Polygon", "coordinates": [ [ [ 13.82495, 52.64379 ], [ 13.82495, 52.64373 ], [ 13.82546, 52.64344 ], [ 13.82615, 52.64332 ], [ 13.82669, 52.64304 ], [ 13.82839, 52.64271 ], [ 13.82878, 52.64256 ], [ 13.82939, 52.64242 ], [ 13.83008, 52.64234 ], [ 13.83076, 52.6422 ], [ 13.83177, 52.6421 ], [ 13.83219, 52.6421 ], [ 13.83277, 52.64221 ], [ 13.83315, 52.64223 ], [ 13.83327, 52.64213 ], [ 13.83326, 52.64204 ], [ 13.83297, 52.64151 ], [ 13.83302, 52.64134 ], [ 13.83312, 52.64126 ], [ 13.83362, 52.64127 ], [ 13.83388, 52.64137 ], [ 13.83411, 52.64154 ], [ 13.8343, 52.64194 ], [ 13.83409, 52.64228 ], [ 13.83412, 52.64244 ], [ 13.8345, 52.64275 ], [ 13.83486, 52.64322 ], [ 13.8352, 52.64318 ], [ 13.83503, 52.64301 ], [ 13.83496, 52.64279 ], [ 13.83526, 52.64239 ], [ 13.83529, 52.64179 ], [ 13.83552, 52.64145 ], [ 13.83533, 52.64127 ], [ 13.83532, 52.64117 ], [ 13.83547, 52.64116 ], [ 13.83582, 52.64129 ], [ 13.83628, 52.64158 ], [ 13.83653, 52.64189 ], [ 13.83661, 52.64217 ], [ 13.8368, 52.64232 ], [ 13.83714, 52.64276 ], [ 13.838, 52.6425 ], [ 13.8384, 52.6423 ], [ 13.83854, 52.64216 ], [ 13.8385, 52.64205 ], [ 13.83834, 52.64199 ], [ 13.83799, 52.64196 ], [ 13.83791, 52.64188 ], [ 13.83809, 52.64174 ], [ 13.83861, 52.64164 ], [ 13.8384, 52.64147 ], [ 13.83781, 52.64159 ], [ 13.83791, 52.64161 ], [ 13.83798, 52.64172 ], [ 13.8379, 52.64183 ], [ 13.83773, 52.64187 ], [ 13.83755, 52.64183 ], [ 13.83748, 52.64172 ], [ 13.83755, 52.64161 ], [ 13.83706, 52.64171 ], [ 13.83699, 52.64166 ], [ 13.8369, 52.64156 ], [ 13.83686, 52.64136 ], [ 13.83699, 52.64123 ], [ 13.8376, 52.64113 ], [ 13.838, 52.64114 ], [ 13.83637, 52.63973 ], [ 13.83585, 52.63937 ], [ 13.83526, 52.63865 ], [ 13.83507, 52.6385 ], [ 13.83416, 52.63841 ], [ 13.83395, 52.63846 ], [ 13.83372, 52.63862 ], [ 13.83413, 52.63879 ], [ 13.8343, 52.63892 ], [ 13.83446, 52.63922 ], [ 13.83457, 52.63979 ], [ 13.83505, 52.64018 ], [ 13.83538, 52.64057 ], [ 13.83527, 52.64068 ], [ 13.83494, 52.64073 ], [ 13.83461, 52.64089 ], [ 13.83443, 52.64088 ], [ 13.8346, 52.64045 ], [ 13.83418, 52.63987 ], [ 13.83398, 52.63927 ], [ 13.83369, 52.63902 ], [ 13.83312, 52.63872 ], [ 13.8329, 52.63854 ], [ 13.83281, 52.63837 ], [ 13.83268, 52.63833 ], [ 13.83249, 52.63834 ], [ 13.83258, 52.63815 ], [ 13.83218, 52.63778 ], [ 13.8321, 52.63775 ], [ 13.83124, 52.63828 ], [ 13.8305, 52.6385 ], [ 13.82999, 52.63849 ], [ 13.82954, 52.63854 ], [ 13.82899, 52.63852 ], [ 13.82895, 52.63846 ], [ 13.82804, 52.63869 ], [ 13.82807, 52.63887 ], [ 13.82834, 52.63876 ], [ 13.82895, 52.63867 ], [ 13.82909, 52.63861 ], [ 13.8301, 52.63859 ], [ 13.82997, 52.6388 ], [ 13.82933, 52.63899 ], [ 13.82855, 52.63933 ], [ 13.82817, 52.63957 ], [ 13.82754, 52.63987 ], [ 13.82821, 52.63998 ], [ 13.82845, 52.63988 ], [ 13.82872, 52.63988 ], [ 13.82875, 52.63996 ], [ 13.82895, 52.63998 ], [ 13.8299, 52.63988 ], [ 13.83038, 52.63976 ], [ 13.83064, 52.63977 ], [ 13.83061, 52.63984 ], [ 13.83013, 52.64004 ], [ 13.82917, 52.64022 ], [ 13.82932, 52.64039 ], [ 13.82993, 52.64024 ], [ 13.83041, 52.6402 ], [ 13.83058, 52.64022 ], [ 13.83068, 52.64029 ], [ 13.83008, 52.64042 ], [ 13.82975, 52.64057 ], [ 13.82942, 52.64076 ], [ 13.82939, 52.64108 ], [ 13.82901, 52.64128 ], [ 13.82861, 52.64134 ], [ 13.82892, 52.64131 ], [ 13.8294, 52.64122 ], [ 13.82988, 52.641 ], [ 13.8304, 52.64097 ], [ 13.83103, 52.64084 ], [ 13.83188, 52.64084 ], [ 13.83205, 52.64073 ], [ 13.83204, 52.64031 ], [ 13.8322, 52.64025 ], [ 13.83243, 52.64029 ], [ 13.83269, 52.64046 ], [ 13.83305, 52.64105 ], [ 13.83301, 52.64118 ], [ 13.83292, 52.64123 ], [ 13.83281, 52.64121 ], [ 13.83254, 52.64097 ], [ 13.83224, 52.64093 ], [ 13.83175, 52.64106 ], [ 13.83094, 52.64142 ], [ 13.83044, 52.64156 ], [ 13.82952, 52.64174 ], [ 13.82838, 52.64185 ], [ 13.82684, 52.64187 ], [ 13.82649, 52.6418 ], [ 13.82625, 52.64154 ], [ 13.82579, 52.64153 ], [ 13.82581, 52.64192 ], [ 13.82608, 52.64248 ], [ 13.82605, 52.6427 ], [ 13.82596, 52.64281 ], [ 13.82563, 52.64298 ], [ 13.82542, 52.64301 ], [ 13.82522, 52.643 ], [ 13.82511, 52.64294 ], [ 13.824, 52.6431 ], [ 13.82345, 52.64332 ], [ 13.82307, 52.64354 ], [ 13.82385, 52.64396 ], [ 13.82495, 52.64379 ] ], [ [ 13.82918, 52.64214 ], [ 13.8291, 52.64225 ], [ 13.82892, 52.64229 ], [ 13.82875, 52.64224 ], [ 13.82868, 52.64213 ], [ 13.82875, 52.64203 ], [ 13.82893, 52.64198 ], [ 13.82911, 52.64203 ], [ 13.82918, 52.64214 ] ], [ [ 13.83233, 52.64112 ], [ 13.8324, 52.64141 ], [ 13.8322, 52.64169 ], [ 13.83205, 52.64179 ], [ 13.8309, 52.64206 ], [ 13.83024, 52.64217 ], [ 13.83001, 52.64219 ], [ 13.8296, 52.64212 ], [ 13.82964, 52.64207 ], [ 13.82998, 52.64196 ], [ 13.8309, 52.64155 ], [ 13.8313, 52.64144 ], [ 13.83188, 52.64111 ], [ 13.83215, 52.64107 ], [ 13.83233, 52.64112 ] ], [ [ 13.83026, 52.63911 ], [ 13.82934, 52.63957 ], [ 13.82887, 52.63968 ], [ 13.82869, 52.63956 ], [ 13.82874, 52.63949 ], [ 13.82916, 52.63935 ], [ 13.82952, 52.63911 ], [ 13.82984, 52.63907 ], [ 13.83026, 52.63911 ] ], [ [ 13.83606, 52.64017 ], [ 13.83599, 52.64027 ], [ 13.83581, 52.64032 ], [ 13.83563, 52.64027 ], [ 13.83556, 52.64016 ], [ 13.83564, 52.64005 ], [ 13.83581, 52.64001 ], [ 13.83599, 52.64006 ], [ 13.83606, 52.64017 ] ], [ [ 13.83744, 52.64217 ], [ 13.83757, 52.64232 ], [ 13.83756, 52.64242 ], [ 13.83748, 52.64251 ], [ 13.83721, 52.64259 ], [ 13.83702, 52.64247 ], [ 13.83684, 52.64216 ], [ 13.83691, 52.6421 ], [ 13.83707, 52.64207 ], [ 13.83744, 52.64217 ] ] ] } },
{ "type": "Feature", "properties": { "boden": "100 % mittel, mäßig frisch (M2)" }, "geometry": { "type": "Polygon", "coordinates": [ [ [ 13.8294, 52.64122 ], [ 13.82662, 52.64155 ], [ 13.82625, 52.64154 ], [ 13.82626, 52.6416 ], [ 13.82649, 52.6418 ], [ 13.82684, 52.64187 ], [ 13.82838, 52.64185 ], [ 13.82952, 52.64174 ], [ 13.83044, 52.64156 ], [ 13.83094, 52.64142 ], [ 13.83175, 52.64106 ], [ 13.83224, 52.64093 ], [ 13.83254, 52.64097 ], [ 13.83281, 52.64121 ], [ 13.83292, 52.64123 ], [ 13.83301, 52.64118 ], [ 13.83305, 52.64105 ], [ 13.83269, 52.64046 ], [ 13.83243, 52.64029 ], [ 13.8322, 52.64025 ], [ 13.83204, 52.64031 ], [ 13.83205, 52.64073 ], [ 13.83188, 52.64084 ], [ 13.83103, 52.64084 ], [ 13.8304, 52.64097 ], [ 13.82988, 52.641 ], [ 13.8294, 52.64122 ] ] ] } },
{ "type": "Feature", "properties": { "boden": "100 % mittel, mäßig frisch (M2)" }, "geometry": { "type": "Polygon", "coordinates": [ [ [ 13.83492, 52.63838 ], [ 13.83343, 52.63733 ], [ 13.8334, 52.63719 ], [ 13.83312, 52.63707 ], [ 13.83282, 52.63712 ], [ 13.83283, 52.63769 ], [ 13.83291, 52.63783 ], [ 13.83348, 52.6383 ], [ 13.83365, 52.63834 ], [ 13.8339, 52.63827 ], [ 13.83416, 52.63826 ], [ 13.83492, 52.63838 ] ] ] } },
{ "type": "Feature", "properties": { "boden": "100 % mittel, mäßig frisch (M2)" }, "geometry": { "type": "Polygon", "coordinates": [ [ [ 13.83581, 52.64001 ], [ 13.83564, 52.64005 ], [ 13.83556, 52.64016 ], [ 13.83563, 52.64027 ], [ 13.83581, 52.64032 ], [ 13.83599, 52.64027 ], [ 13.83606, 52.64017 ], [ 13.83599, 52.64006 ], [ 13.83581, 52.64001 ] ] ] } },
{ "type": "Feature", "properties": { "boden": "100 % mittel, trocken (vermutet) (M3)" }, "geometry": { "type": "Polygon", "coordinates": [ [ [ 13.83706, 52.64171 ], [ 13.8381, 52.64155 ], [ 13.8384, 52.64147 ], [ 13.838, 52.64114 ], [ 13.83729, 52.64116 ], [ 13.83691, 52.64129 ], [ 13.8369, 52.64156 ], [ 13.83706, 52.64171 ] ] ] } },
{ "type": "Feature", "properties": { "boden": "100 % mittel, mäßig frisch (M2)" }, "geometry": { "type": "Polygon", "coordinates": [ [ [ 13.83773, 52.64157 ], [ 13.83756, 52.64161 ], [ 13.83748, 52.64172 ], [ 13.83755, 52.64183 ], [ 13.83773, 52.64187 ], [ 13.8379, 52.64183 ], [ 13.83798, 52.64172 ], [ 13.83791, 52.64161 ], [ 13.83773, 52.64157 ] ] ] } },
{ "type": "Feature", "properties": { "boden": "100 % mittel, mäßig frisch (M2)" }, "geometry": { "type": "Polygon", "coordinates": [ [ [ 13.83993, 52.64238 ], [ 13.83935, 52.64207 ], [ 13.83917, 52.64235 ], [ 13.83946, 52.64241 ], [ 13.83993, 52.64238 ] ] ] } },
{ "type": "Feature", "properties": { "boden": "100 % mittel, trocken (vermutet) (M3)" }, "geometry": { "type": "Polygon", "coordinates": [ [ [ 13.83707, 52.64207 ], [ 13.83691, 52.6421 ], [ 13.83684, 52.64216 ], [ 13.83689, 52.64232 ], [ 13.83715, 52.64257 ], [ 13.83732, 52.64258 ], [ 13.83748, 52.64251 ], [ 13.83757, 52.64232 ], [ 13.83744, 52.64217 ], [ 13.83707, 52.64207 ] ] ] } },
{ "type": "Feature", "properties": { "boden": "100 % mittel, mäßig frisch (M2)" }, "geometry": { "type": "Polygon", "coordinates": [ [ [ 13.834, 52.64333 ], [ 13.83377, 52.6431 ], [ 13.83377, 52.64273 ], [ 13.83365, 52.64259 ], [ 13.83335, 52.64341 ], [ 13.834, 52.64333 ] ] ] } },
{ "type": "Feature", "properties": { "boden": "100 % mittel, mäßig frisch (M2)" }, "geometry": { "type": "Polygon", "coordinates": [ [ [ 13.8422, 52.64428 ], [ 13.84131, 52.64446 ], [ 13.84123, 52.64443 ], [ 13.84136, 52.6443 ], [ 13.84179, 52.64405 ], [ 13.8413, 52.64377 ], [ 13.84029, 52.64392 ], [ 13.84005, 52.64388 ], [ 13.83976, 52.64375 ], [ 13.83956, 52.64374 ], [ 13.83914, 52.64382 ], [ 13.83848, 52.64405 ], [ 13.83802, 52.64411 ], [ 13.83762, 52.64408 ], [ 13.83748, 52.64401 ], [ 13.83728, 52.64378 ], [ 13.83729, 52.64367 ], [ 13.83709, 52.64333 ], [ 13.83704, 52.64316 ], [ 13.8371, 52.64313 ], [ 13.83888, 52.64272 ], [ 13.83947, 52.64275 ], [ 13.84047, 52.64291 ], [ 13.83993, 52.64238 ], [ 13.83946, 52.64241 ], [ 13.83917, 52.64235 ], [ 13.83935, 52.64207 ], [ 13.83861, 52.64164 ], [ 13.83809, 52.64174 ], [ 13.83791, 52.64188 ], [ 13.83799, 52.64196 ], [ 13.83834, 52.64199 ], [ 13.8385, 52.64205 ], [ 13.83854, 52.64216 ], [ 13.8384, 52.6423 ], [ 13.838, 52.6425 ], [ 13.83714, 52.64276 ], [ 13.8368, 52.64232 ], [ 13.83661, 52.64217 ], [ 13.83653, 52.64189 ], [ 13.83628, 52.64158 ], [ 13.83582, 52.64129 ], [ 13.83547, 52.64116 ], [ 13.83532, 52.64117 ], [ 13.83533, 52.64127 ], [ 13.83552, 52.64145 ], [ 13.83529, 52.64179 ], [ 13.83526, 52.64239 ], [ 13.835, 52.6427 ], [ 13.83496, 52.64287 ], [ 13.8352, 52.64318 ], [ 13.83574, 52.6431 ], [ 13.83608, 52.64399 ], [ 13.83637, 52.64396 ], [ 13.83688, 52.64428 ], [ 13.83688, 52.6444 ], [ 13.83665, 52.64449 ], [ 13.83663, 52.64465 ], [ 13.83682, 52.64487 ], [ 13.83718, 52.64499 ], [ 13.83737, 52.64499 ], [ 13.83748, 52.64489 ], [ 13.83754, 52.64459 ], [ 13.83763, 52.64454 ], [ 13.83885, 52.64463 ], [ 13.83991, 52.64451 ], [ 13.84162, 52.64479 ], [ 13.84293, 52.64493 ], [ 13.84374, 52.64513 ], [ 13.84314, 52.64484 ], [ 13.8422, 52.64428 ] ], [ [ 13.83643, 52.64335 ], [ 13.83635, 52.64346 ], [ 13.83618, 52.6435 ], [ 13.836, 52.64345 ], [ 13.83593, 52.64334 ], [ 13.836, 52.64324 ], [ 13.83618, 52.64319 ], [ 13.83636, 52.64324 ], [ 13.83643, 52.64335 ] ] ] } },
{ "type": "Feature", "properties": { "boden": "100 % mittel, mäßig frisch (M2)" }, "geometry": { "type": "Polygon", "coordinates": [ [ [ 13.83618, 52.64319 ], [ 13.836, 52.64324 ], [ 13.83593, 52.64334 ], [ 13.836, 52.64345 ], [ 13.83618, 52.6435 ], [ 13.83635, 52.64346 ], [ 13.83643, 52.64335 ], [ 13.83636, 52.64324 ], [ 13.83618, 52.64319 ] ] ] } },
{ "type": "Feature", "properties": { "boden": "100 % mittel, mäßig frisch (M2)" }, "geometry": { "type": "Polygon", "coordinates": [ [ [ 13.8412, 52.64369 ], [ 13.84061, 52.64379 ], [ 13.8398, 52.6436 ], [ 13.83828, 52.64388 ], [ 13.83801, 52.64387 ], [ 13.83777, 52.64379 ], [ 13.83757, 52.64366 ], [ 13.83738, 52.64346 ], [ 13.83733, 52.6433 ], [ 13.83741, 52.64318 ], [ 13.83762, 52.64308 ], [ 13.83795, 52.64301 ], [ 13.83875, 52.64297 ], [ 13.83948, 52.64315 ], [ 13.84073, 52.64319 ], [ 13.84047, 52.64291 ], [ 13.83947, 52.64275 ], [ 13.83888, 52.64272 ], [ 13.83852, 52.64278 ], [ 13.83721, 52.64309 ], [ 13.83704, 52.64316 ], [ 13.83729, 52.64367 ], [ 13.83728, 52.64378 ], [ 13.83748, 52.64401 ], [ 13.8378, 52.64411 ], [ 13.83848, 52.64405 ], [ 13.83943, 52.64375 ], [ 13.83976, 52.64375 ], [ 13.84005, 52.64388 ], [ 13.84029, 52.64392 ], [ 13.8413, 52.64377 ], [ 13.8412, 52.64369 ] ] ] } },
{ "type": "Feature", "properties": { "boden": "100 % mittel, mäßig frisch (M2)" }, "geometry": { "type": "Polygon", "coordinates": [ [ [ 13.82218, 52.63821 ], [ 13.82151, 52.63912 ], [ 13.82334, 52.63848 ], [ 13.82218, 52.63821 ] ] ] } },
{ "type": "Feature", "properties": { "boden": "100 % mittel, trocken (vermutet) (M3)" }, "geometry": { "type": "Polygon", "coordinates": [ [ [ 13.82318, 52.64004 ], [ 13.82307, 52.63965 ], [ 13.82319, 52.63949 ], [ 13.82274, 52.63953 ], [ 13.82246, 52.63971 ], [ 13.82226, 52.63977 ], [ 13.82214, 52.63996 ], [ 13.82238, 52.64004 ], [ 13.82318, 52.64004 ] ] ] } },
{ "type": "Feature", "properties": { "boden": "100 % mittel, mäßig frisch (M2)" }, "geometry": { "type": "Polygon", "coordinates": [ [ [ 13.81935, 52.64068 ], [ 13.81819, 52.64072 ], [ 13.81801, 52.64085 ], [ 13.81797, 52.64097 ], [ 13.81796, 52.64112 ], [ 13.81804, 52.64123 ], [ 13.8182, 52.64128 ], [ 13.81921, 52.64136 ], [ 13.81956, 52.64128 ], [ 13.81974, 52.64108 ], [ 13.81977, 52.64089 ], [ 13.81965, 52.64072 ], [ 13.81935, 52.64068 ] ] ] } },
{ "type": "Feature", "properties": { "boden": "100 % mittel, mäßig frisch (M2)" }, "geometry": { "type": "Polygon", "coordinates": [ [ [ 13.82047, 52.64335 ], [ 13.82006, 52.64306 ], [ 13.81996, 52.64281 ], [ 13.82026, 52.6422 ], [ 13.82106, 52.64192 ], [ 13.82225, 52.64184 ], [ 13.82251, 52.64174 ], [ 13.82291, 52.64134 ], [ 13.82325, 52.6405 ], [ 13.82318, 52.64004 ], [ 13.82238, 52.64004 ], [ 13.82221, 52.64 ], [ 13.82212, 52.63991 ], [ 13.82226, 52.63977 ], [ 13.82246, 52.63971 ], [ 13.82264, 52.63957 ], [ 13.82288, 52.6395 ], [ 13.82319, 52.63949 ], [ 13.82325, 52.63941 ], [ 13.82365, 52.63919 ], [ 13.82405, 52.63903 ], [ 13.82417, 52.63887 ], [ 13.82414, 52.63868 ], [ 13.82374, 52.63838 ], [ 13.82207, 52.63899 ], [ 13.82043, 52.6395 ], [ 13.81852, 52.63897 ], [ 13.81835, 52.639 ], [ 13.81773, 52.63985 ], [ 13.81764, 52.64302 ], [ 13.81795, 52.64317 ], [ 13.81808, 52.64341 ], [ 13.81892, 52.64376 ], [ 13.81922, 52.64385 ], [ 13.82014, 52.64378 ], [ 13.82098, 52.64356 ], [ 13.82047, 52.64335 ] ], [ [ 13.81977, 52.64089 ], [ 13.81974, 52.64108 ], [ 13.81956, 52.64128 ], [ 13.81921, 52.64136 ], [ 13.8182, 52.64128 ], [ 13.81804, 52.64123 ], [ 13.81796, 52.64112 ], [ 13.81801, 52.64085 ], [ 13.81819, 52.64072 ], [ 13.81935, 52.64068 ], [ 13.81965, 52.64072 ], [ 13.81977, 52.64089 ] ] ] } },
{ "type": "Feature", "properties": { "boden": "100 % mittel, mäßig frisch (M+2)" }, "geometry": { "type": "Polygon", "coordinates": [ [ [ 13.82345, 52.64332 ], [ 13.824, 52.6431 ], [ 13.82511, 52.64294 ], [ 13.82516, 52.64281 ], [ 13.82548, 52.64269 ], [ 13.82589, 52.64263 ], [ 13.82604, 52.64266 ], [ 13.82608, 52.64248 ], [ 13.82581, 52.64192 ], [ 13.82579, 52.64153 ], [ 13.82546, 52.64117 ], [ 13.82463, 52.64071 ], [ 13.82322, 52.64021 ], [ 13.82325, 52.6405 ], [ 13.82291, 52.64134 ], [ 13.82251, 52.64174 ], [ 13.82202, 52.64187 ], [ 13.82106, 52.64192 ], [ 13.82026, 52.6422 ], [ 13.81996, 52.64281 ], [ 13.82006, 52.64306 ], [ 13.82047, 52.64335 ], [ 13.82098, 52.64356 ], [ 13.82235, 52.64335 ], [ 13.82307, 52.64354 ], [ 13.82345, 52.64332 ] ] ] } },
{ "type": "Feature", "properties": { "boden": "100 % kräftig, mäßig frisch (K2)" }, "geometry": { "type": "Polygon", "coordinates": [ [ [ 13.82307, 52.64354 ], [ 13.82235, 52.64335 ], [ 13.82098, 52.64356 ], [ 13.82014, 52.64378 ], [ 13.81922, 52.64385 ], [ 13.81892, 52.64376 ], [ 13.81808, 52.64341 ], [ 13.81795, 52.64317 ], [ 13.81764, 52.64302 ], [ 13.81759, 52.64487 ], [ 13.82385, 52.64396 ], [ 13.82307, 52.64354 ] ] ] } },
{ "type": "Feature", "properties": { "boden": "100 % mittel, mäßig frisch (M2)" }, "geometry": { "type": "Polygon", "coordinates": [ [ [ 13.81813, 52.65454 ], [ 13.81733, 52.65461 ], [ 13.81732, 52.65492 ], [ 13.81861, 52.6548 ], [ 13.81869, 52.65477 ], [ 13.81862, 52.65467 ], [ 13.81846, 52.65459 ], [ 13.81813, 52.65454 ] ] ] } },
{ "type": "Feature", "properties": { "boden": "100 % mittel, trocken (vermutet) (M3)" }, "geometry": { "type": "Polygon", "coordinates": [ [ [ 13.818, 52.65521 ], [ 13.81762, 52.65534 ], [ 13.81759, 52.65541 ], [ 13.81765, 52.65546 ], [ 13.81787, 52.65556 ], [ 13.81806, 52.65559 ], [ 13.81836, 52.65553 ], [ 13.81845, 52.65546 ], [ 13.81838, 52.65534 ], [ 13.818, 52.65521 ] ] ] } },
{ "type": "Feature", "properties": { "boden": "100 % mittel, trocken (vermutet) (M3)" }, "geometry": { "type": "Polygon", "coordinates": [ [ [ 13.84014, 52.64361 ], [ 13.84022, 52.6435 ], [ 13.8404, 52.64346 ], [ 13.84057, 52.6435 ], [ 13.84064, 52.64361 ], [ 13.84057, 52.64372 ], [ 13.84041, 52.64376 ], [ 13.84076, 52.64378 ], [ 13.8412, 52.64369 ], [ 13.84073, 52.64319 ], [ 13.83948, 52.64315 ], [ 13.83875, 52.64297 ], [ 13.83825, 52.64297 ], [ 13.83762, 52.64308 ], [ 13.83741, 52.64318 ], [ 13.83733, 52.6433 ], [ 13.83738, 52.64346 ], [ 13.83757, 52.64366 ], [ 13.83777, 52.64379 ], [ 13.83801, 52.64387 ], [ 13.83828, 52.64388 ], [ 13.83857, 52.64384 ], [ 13.8398, 52.6436 ], [ 13.8402, 52.6437 ], [ 13.84014, 52.64361 ] ] ] } },
{ "type": "Feature", "properties": { "boden": "100 % mittel, trocken (vermutet) (M3)" }, "geometry": { "type": "Polygon", "coordinates": [ [ [ 13.84057, 52.64372 ], [ 13.84064, 52.64361 ], [ 13.84057, 52.6435 ], [ 13.8404, 52.64346 ], [ 13.84022, 52.6435 ], [ 13.84014, 52.64361 ], [ 13.84021, 52.64371 ], [ 13.84039, 52.64376 ], [ 13.84057, 52.64372 ] ] ] } },
{ "type": "Feature", "properties": { "boden": "100 % kräftig, mäßig frisch (K2)" }, "geometry": { "type": "Polygon", "coordinates": [ [ [ 13.8413, 52.64377 ], [ 13.84179, 52.64405 ], [ 13.84189, 52.64396 ], [ 13.84185, 52.64384 ], [ 13.84169, 52.64378 ], [ 13.8413, 52.64377 ] ] ] } },
{ "type": "Feature", "properties": { "boden": "100 % mittel, mäßig frisch (M2)" }, "geometry": { "type": "Polygon", "coordinates": [ [ [ 13.8422, 52.64428 ], [ 13.84179, 52.64405 ], [ 13.84136, 52.6443 ], [ 13.84123, 52.64443 ], [ 13.84131, 52.64446 ], [ 13.84157, 52.64442 ], [ 13.8422, 52.64428 ] ] ] } },
{ "type": "Feature", "properties": { "boden": "100 % mittel, mäßig frisch (M2)" }, "geometry": { "type": "Polygon", "coordinates": [ [ [ 13.83749, 52.6458 ], [ 13.83754, 52.64564 ], [ 13.83737, 52.64552 ], [ 13.83739, 52.64545 ], [ 13.83755, 52.6454 ], [ 13.83827, 52.64548 ], [ 13.83878, 52.64584 ], [ 13.83926, 52.64595 ], [ 13.83969, 52.64584 ], [ 13.83992, 52.64565 ], [ 13.84037, 52.64551 ], [ 13.84095, 52.64538 ], [ 13.84169, 52.64531 ], [ 13.84345, 52.64538 ], [ 13.84452, 52.64567 ], [ 13.84438, 52.64552 ], [ 13.84415, 52.64546 ], [ 13.84196, 52.64515 ], [ 13.84067, 52.64531 ], [ 13.83894, 52.64537 ], [ 13.83833, 52.6453 ], [ 13.8381, 52.64517 ], [ 13.83785, 52.64487 ], [ 13.83782, 52.64467 ], [ 13.83791, 52.64464 ], [ 13.83861, 52.64474 ], [ 13.83962, 52.6447 ], [ 13.8411, 52.64491 ], [ 13.84169, 52.64503 ], [ 13.8431, 52.64513 ], [ 13.844, 52.64527 ], [ 13.84374, 52.64513 ], [ 13.84293, 52.64493 ], [ 13.84162, 52.64479 ], [ 13.83991, 52.64451 ], [ 13.83885, 52.64463 ], [ 13.83763, 52.64454 ], [ 13.83749, 52.64467 ], [ 13.83743, 52.64495 ], [ 13.83718, 52.64499 ], [ 13.83682, 52.64487 ], [ 13.83666, 52.64473 ], [ 13.83665, 52.64449 ], [ 13.83688, 52.6444 ], [ 13.83688, 52.64428 ], [ 13.83637, 52.64396 ], [ 13.83614, 52.64397 ], [ 13.83608, 52.64399 ], [ 13.83654, 52.64518 ], [ 13.83677, 52.64547 ], [ 13.83706, 52.64609 ], [ 13.83733, 52.64596 ], [ 13.83749, 52.6458 ] ] ] } },
{ "type": "Feature", "properties": { "boden": "100 % mittel, trocken (vermutet) (M3)" }, "geometry": { "type": "Polygon", "coordinates": [ [ [ 13.844, 52.64527 ], [ 13.8431, 52.64513 ], [ 13.84169, 52.64503 ], [ 13.8411, 52.64491 ], [ 13.83962, 52.6447 ], [ 13.83861, 52.64474 ], [ 13.83791, 52.64464 ], [ 13.83782, 52.64467 ], [ 13.8378, 52.64475 ], [ 13.83798, 52.64504 ], [ 13.83821, 52.64525 ], [ 13.83894, 52.64537 ], [ 13.84067, 52.64531 ], [ 13.84196, 52.64515 ], [ 13.8434, 52.64534 ], [ 13.84438, 52.64552 ], [ 13.844, 52.64527 ] ] ] } },
{ "type": "Feature", "properties": { "boden": "100 % mittel, mäßig frisch (M2)" }, "geometry": { "type": "Polygon", "coordinates": [ [ [ 13.84043, 52.64866 ], [ 13.84039, 52.64845 ], [ 13.84023, 52.64819 ], [ 13.8392, 52.64719 ], [ 13.83873, 52.6469 ], [ 13.83863, 52.64669 ], [ 13.83824, 52.64635 ], [ 13.83813, 52.64615 ], [ 13.83816, 52.64589 ], [ 13.8391, 52.64627 ], [ 13.83929, 52.64609 ], [ 13.83968, 52.64603 ], [ 13.8401, 52.6459 ], [ 13.8409, 52.646 ], [ 13.8425, 52.64574 ], [ 13.84302, 52.64587 ], [ 13.84337, 52.6461 ], [ 13.84364, 52.6462 ], [ 13.84487, 52.64641 ], [ 13.84469, 52.64587 ], [ 13.84452, 52.64567 ], [ 13.84345, 52.64538 ], [ 13.84169, 52.64531 ], [ 13.84095, 52.64538 ], [ 13.84037, 52.64551 ], [ 13.83992, 52.64565 ], [ 13.83969, 52.64584 ], [ 13.83926, 52.64595 ], [ 13.83878, 52.64584 ], [ 13.83841, 52.64556 ], [ 13.83816, 52.64546 ], [ 13.83755, 52.6454 ], [ 13.83739, 52.64545 ], [ 13.83737, 52.64552 ], [ 13.83755, 52.6457 ], [ 13.83733, 52.64596 ], [ 13.83762, 52.64611 ], [ 13.83772, 52.64636 ], [ 13.83802, 52.64668 ], [ 13.83809, 52.64693 ], [ 13.83826, 52.64716 ], [ 13.83859, 52.64734 ], [ 13.8389, 52.6476 ], [ 13.83964, 52.6486 ], [ 13.83972, 52.64897 ], [ 13.84043, 52.64866 ] ] ] } },
{ "type": "Feature", "properties": { "boden": "100 % mittel, mäßig frisch (M2)" }, "geometry": { "type": "Polygon", "coordinates": [ [ [ 13.84053, 52.64845 ], [ 13.84052, 52.648 ], [ 13.83989, 52.64774 ], [ 13.83983, 52.64738 ], [ 13.83963, 52.64735 ], [ 13.83948, 52.64726 ], [ 13.8394, 52.64713 ], [ 13.83891, 52.64674 ], [ 13.83842, 52.64607 ], [ 13.83878, 52.64618 ], [ 13.83934, 52.64648 ], [ 13.83944, 52.64671 ], [ 13.83999, 52.6471 ], [ 13.84006, 52.64734 ], [ 13.84028, 52.64771 ], [ 13.84084, 52.6477 ], [ 13.84102, 52.64787 ], [ 13.8412, 52.6479 ], [ 13.84193, 52.64781 ], [ 13.84259, 52.64784 ], [ 13.84272, 52.64794 ], [ 13.84253, 52.64811 ], [ 13.84378, 52.64785 ], [ 13.84421, 52.64771 ], [ 13.84471, 52.64767 ], [ 13.84453, 52.64763 ], [ 13.84449, 52.64747 ], [ 13.84363, 52.64763 ], [ 13.84321, 52.64764 ], [ 13.84295, 52.6476 ], [ 13.84287, 52.64752 ], [ 13.84291, 52.64748 ], [ 13.84371, 52.64719 ], [ 13.84376, 52.64713 ], [ 13.8436, 52.64691 ], [ 13.84316, 52.6466 ], [ 13.84287, 52.64646 ], [ 13.84138, 52.64653 ], [ 13.84122, 52.64645 ], [ 13.84126, 52.64628 ], [ 13.84205, 52.64595 ], [ 13.84269, 52.6459 ], [ 13.84307, 52.646 ], [ 13.84325, 52.64626 ], [ 13.84347, 52.64633 ], [ 13.84421, 52.64643 ], [ 13.84494, 52.64662 ], [ 13.84487, 52.64641 ], [ 13.84364, 52.6462 ], [ 13.84337, 52.6461 ], [ 13.84302, 52.64587 ], [ 13.8425, 52.64574 ], [ 13.8409, 52.646 ], [ 13.8401, 52.6459 ], [ 13.83968, 52.64603 ], [ 13.83929, 52.64609 ], [ 13.8391, 52.64627 ], [ 13.83816, 52.64589 ], [ 13.83813, 52.64615 ], [ 13.83824, 52.64635 ], [ 13.83863, 52.64669 ], [ 13.83873, 52.6469 ], [ 13.8392, 52.64719 ], [ 13.84023, 52.64819 ], [ 13.84039, 52.64845 ], [ 13.84043, 52.64867 ], [ 13.8406, 52.64859 ], [ 13.84053, 52.64845 ] ], [ [ 13.84283, 52.64672 ], [ 13.84301, 52.6469 ], [ 13.84295, 52.64707 ], [ 13.84238, 52.64726 ], [ 13.84203, 52.64731 ], [ 13.84174, 52.6473 ], [ 13.84134, 52.64722 ], [ 13.84105, 52.64706 ], [ 13.84103, 52.64694 ], [ 13.84109, 52.64688 ], [ 13.84149, 52.64683 ], [ 13.84176, 52.6467 ], [ 13.84233, 52.64659 ], [ 13.84259, 52.64659 ], [ 13.84283, 52.64672 ] ] ] } },
{ "type": "Feature", "properties": { "boden": "100 % mittel, trocken (vermutet) (M3)" }, "geometry": { "type": "Polygon", "coordinates": [ [ [ 13.84268, 52.648 ], [ 13.84267, 52.64788 ], [ 13.84245, 52.64782 ], [ 13.84193, 52.64781 ], [ 13.8412, 52.6479 ], [ 13.84102, 52.64787 ], [ 13.84084, 52.6477 ], [ 13.84028, 52.64771 ], [ 13.84006, 52.64734 ], [ 13.83999, 52.6471 ], [ 13.83944, 52.64671 ], [ 13.83934, 52.64648 ], [ 13.83878, 52.64618 ], [ 13.83842, 52.64607 ], [ 13.83891, 52.64674 ], [ 13.8394, 52.64713 ], [ 13.83948, 52.64726 ], [ 13.83963, 52.64735 ], [ 13.83983, 52.64738 ], [ 13.83989, 52.64774 ], [ 13.84052, 52.648 ], [ 13.84049, 52.64825 ], [ 13.8406, 52.64859 ], [ 13.84084, 52.64849 ], [ 13.84253, 52.64811 ], [ 13.84268, 52.648 ] ] ] } },
{ "type": "Feature", "properties": { "boden": "100 % mittel, trocken (vermutet) (M3)" }, "geometry": { "type": "Polygon", "coordinates": [ [ [ 13.83783, 52.65751 ], [ 13.83767, 52.65775 ], [ 13.8382, 52.6577 ], [ 13.83879, 52.65781 ], [ 13.83905, 52.65779 ], [ 13.83929, 52.65736 ], [ 13.83989, 52.65689 ], [ 13.84061, 52.65654 ], [ 13.84096, 52.65645 ], [ 13.84122, 52.65645 ], [ 13.84119, 52.65635 ], [ 13.84087, 52.65617 ], [ 13.84088, 52.6561 ], [ 13.84112, 52.65612 ], [ 13.84133, 52.6563 ], [ 13.8416, 52.65637 ], [ 13.84208, 52.65638 ], [ 13.8422, 52.65635 ], [ 13.84223, 52.65629 ], [ 13.84186, 52.65612 ], [ 13.84142, 52.65601 ], [ 13.84112, 52.65585 ], [ 13.8406, 52.656 ], [ 13.84014, 52.65605 ], [ 13.83929, 52.65643 ], [ 13.83902, 52.65662 ], [ 13.83885, 52.65679 ], [ 13.83876, 52.65699 ], [ 13.83857, 52.65712 ], [ 13.83802, 52.65732 ], [ 13.8378, 52.65733 ], [ 13.83783, 52.65751 ] ] ] } },
{ "type": "Feature", "properties": { "boden": "100 % kräftig, mäßig frisch (K2)" }, "geometry": { "type": "Polygon", "coordinates": [ [ [ 13.82861, 52.64134 ], [ 13.82784, 52.64121 ], [ 13.82773, 52.64128 ], [ 13.82772, 52.64144 ], [ 13.82861, 52.64134 ] ] ] } },
{ "type": "Feature", "properties": { "boden": "100 % mittel, trocken (vermutet) (M3)" }, "geometry": { "type": "Polygon", "coordinates": [ [ [ 13.83215, 52.64107 ], [ 13.83188, 52.64111 ], [ 13.8313, 52.64144 ], [ 13.8309, 52.64155 ], [ 13.82998, 52.64196 ], [ 13.82964, 52.64207 ], [ 13.8296, 52.64212 ], [ 13.83001, 52.64219 ], [ 13.83024, 52.64217 ], [ 13.8309, 52.64206 ], [ 13.83211, 52.64176 ], [ 13.8324, 52.64141 ], [ 13.83233, 52.64112 ], [ 13.83215, 52.64107 ] ] ] } },
{ "type": "Feature", "properties": { "boden": "100 % mittel, mäßig frisch (M2)" }, "geometry": { "type": "Polygon", "coordinates": [ [ [ 13.82893, 52.64198 ], [ 13.82875, 52.64203 ], [ 13.82868, 52.64213 ], [ 13.82875, 52.64224 ], [ 13.82892, 52.64229 ], [ 13.8291, 52.64225 ], [ 13.82918, 52.64214 ], [ 13.82911, 52.64203 ], [ 13.82893, 52.64198 ] ] ] } },
{ "type": "Feature", "properties": { "boden": "100 % mittel, mäßig frisch (M2)" }, "geometry": { "type": "Polygon", "coordinates": [ [ [ 13.83366, 52.64255 ], [ 13.83377, 52.64273 ], [ 13.83377, 52.6431 ], [ 13.834, 52.64333 ], [ 13.83486, 52.64322 ], [ 13.8345, 52.64275 ], [ 13.83412, 52.64244 ], [ 13.83409, 52.64228 ], [ 13.8343, 52.64194 ], [ 13.83411, 52.64154 ], [ 13.83388, 52.64137 ], [ 13.83362, 52.64127 ], [ 13.83312, 52.64126 ], [ 13.83302, 52.64134 ], [ 13.83297, 52.64151 ], [ 13.83326, 52.64204 ], [ 13.83327, 52.64213 ], [ 13.83315, 52.64223 ], [ 13.83277, 52.64221 ], [ 13.83219, 52.6421 ], [ 13.83177, 52.6421 ], [ 13.83076, 52.6422 ], [ 13.83008, 52.64234 ], [ 13.82939, 52.64242 ], [ 13.82878, 52.64256 ], [ 13.82839, 52.64271 ], [ 13.82689, 52.64298 ], [ 13.82615, 52.64332 ], [ 13.82546, 52.64344 ], [ 13.82493, 52.64377 ], [ 13.82496, 52.6438 ], [ 13.8266, 52.64358 ], [ 13.82759, 52.64323 ], [ 13.82839, 52.64308 ], [ 13.82886, 52.64292 ], [ 13.82939, 52.64281 ], [ 13.82937, 52.64277 ], [ 13.83038, 52.64279 ], [ 13.83076, 52.64257 ], [ 13.8314, 52.64272 ], [ 13.83169, 52.64261 ], [ 13.83205, 52.64257 ], [ 13.83248, 52.64266 ], [ 13.83304, 52.64253 ], [ 13.83334, 52.6426 ], [ 13.83366, 52.64255 ] ] ] } },
{ "type": "Feature", "properties": { "boden": "100 % mittel, trocken (vermutet) (M+3)" }, "geometry": { "type": "Polygon", "coordinates": [ [ [ 13.82604, 52.64266 ], [ 13.82548, 52.64269 ], [ 13.82516, 52.64281 ], [ 13.82511, 52.64294 ], [ 13.8259, 52.64277 ], [ 13.82604, 52.64266 ] ] ] } },
{ "type": "Feature", "properties": { "boden": "100 % mittel, trocken (vermutet) (M3)" }, "geometry": { "type": "Polygon", "coordinates": [ [ [ 13.8259, 52.64277 ], [ 13.82511, 52.64294 ], [ 13.82512, 52.64294 ], [ 13.82522, 52.643 ], [ 13.82563, 52.64298 ], [ 13.82596, 52.64281 ], [ 13.82605, 52.64266 ], [ 13.8259, 52.64277 ] ] ] } },
{ "type": "Feature", "properties": { "boden": "100 % kräftig, mäßig frisch (K2)" }, "geometry": { "type": "Polygon", "coordinates": [ [ [ 13.82591, 52.65957 ], [ 13.82574, 52.65952 ], [ 13.82556, 52.65956 ], [ 13.82548, 52.65967 ], [ 13.82555, 52.65977 ], [ 13.82591, 52.65957 ] ] ] } },
{ "type": "Feature", "properties": { "boden": "100 % kräftig, mäßig frisch (K2)" }, "geometry": { "type": "Polygon", "coordinates": [ [ [ 13.82592, 52.65958 ], [ 13.82555, 52.65977 ], [ 13.82555, 52.65978 ], [ 13.82573, 52.65983 ], [ 13.82591, 52.65978 ], [ 13.82598, 52.65968 ], [ 13.82592, 52.65958 ] ] ] } },
{ "type": "Feature", "properties": { "boden": "100 % kräftig, mäßig frisch (K2)" }, "geometry": { "type": "Polygon", "coordinates": [ [ [ 13.82548, 52.65967 ], [ 13.82556, 52.65956 ], [ 13.82574, 52.65952 ], [ 13.82592, 52.65958 ], [ 13.82621, 52.65938 ], [ 13.82626, 52.65927 ], [ 13.82609, 52.65927 ], [ 13.8257, 52.65937 ], [ 13.82489, 52.65975 ], [ 13.82446, 52.65983 ], [ 13.82416, 52.66002 ], [ 13.82398, 52.66005 ], [ 13.82372, 52.66018 ], [ 13.82341, 52.66026 ], [ 13.82326, 52.66043 ], [ 13.82291, 52.66063 ], [ 13.82244, 52.66099 ], [ 13.82201, 52.66109 ], [ 13.82197, 52.66118 ], [ 13.82207, 52.66121 ], [ 13.82244, 52.66117 ], [ 13.82381, 52.6607 ], [ 13.82436, 52.66042 ], [ 13.82501, 52.65997 ], [ 13.82555, 52.65977 ], [ 13.82548, 52.65967 ] ] ] } },
{ "type": "Feature", "properties": { "boden": "100 % kräftig, trocken (vermutet) (K3)" }, "geometry": { "type": "Polygon", "coordinates": [ [ [ 13.82489, 52.66078 ], [ 13.82462, 52.66081 ], [ 13.82438, 52.66095 ], [ 13.82383, 52.66102 ], [ 13.8237, 52.66108 ], [ 13.82448, 52.66123 ], [ 13.8249, 52.66121 ], [ 13.82509, 52.66113 ], [ 13.82522, 52.66092 ], [ 13.82517, 52.66083 ], [ 13.82489, 52.66078 ] ] ] } },
{ "type": "Feature", "properties": { "boden": "100 % kräftig, mäßig frisch (K2)" }, "geometry": { "type": "Polygon", "coordinates": [ [ [ 13.84314, 52.64484 ], [ 13.84374, 52.64513 ], [ 13.84445, 52.6453 ], [ 13.84473, 52.64526 ], [ 13.84468, 52.64513 ], [ 13.84438, 52.64494 ], [ 13.84448, 52.64476 ], [ 13.8431, 52.64468 ], [ 13.84286, 52.6446 ], [ 13.8431, 52.64446 ], [ 13.84356, 52.64438 ], [ 13.84394, 52.64426 ], [ 13.844, 52.64422 ], [ 13.84394, 52.64413 ], [ 13.84334, 52.64402 ], [ 13.84314, 52.64403 ], [ 13.8422, 52.64428 ], [ 13.84314, 52.64484 ] ] ] } },
{ "type": "Feature", "properties": { "boden": "100 % mittel, trocken (vermutet) (M3)" }, "geometry": { "type": "Polygon", "coordinates": [ [ [ 13.84454, 52.64741 ], [ 13.84472, 52.64737 ], [ 13.8448, 52.64739 ], [ 13.84526, 52.64723 ], [ 13.84494, 52.64662 ], [ 13.84421, 52.64643 ], [ 13.84334, 52.6463 ], [ 13.84315, 52.64616 ], [ 13.84307, 52.646 ], [ 13.84269, 52.6459 ], [ 13.84205, 52.64595 ], [ 13.84126, 52.64628 ], [ 13.84122, 52.64645 ], [ 13.84138, 52.64653 ], [ 13.84287, 52.64646 ], [ 13.84316, 52.6466 ], [ 13.8436, 52.64691 ], [ 13.84376, 52.64713 ], [ 13.84371, 52.64719 ], [ 13.84291, 52.64748 ], [ 13.84287, 52.64752 ], [ 13.84295, 52.6476 ], [ 13.84321, 52.64764 ], [ 13.84363, 52.64763 ], [ 13.84445, 52.64748 ], [ 13.84454, 52.64741 ] ] ] } },
{ "type": "Feature", "properties": { "boden": "100 % kräftig, trocken (vermutet) (K3)" }, "geometry": { "type": "Polygon", "coordinates": [ [ [ 13.84524, 52.6472 ], [ 13.84581, 52.64682 ], [ 13.84578, 52.64676 ], [ 13.84494, 52.64662 ], [ 13.84524, 52.6472 ] ] ] } },
{ "type": "Feature", "properties": { "boden": "100 % mittel, mäßig frisch (M2)" }, "geometry": { "type": "Polygon", "coordinates": [ [ [ 13.84259, 52.64659 ], [ 13.84233, 52.64659 ], [ 13.84176, 52.6467 ], [ 13.84149, 52.64683 ], [ 13.84109, 52.64688 ], [ 13.84103, 52.64694 ], [ 13.84105, 52.64706 ], [ 13.84134, 52.64722 ], [ 13.84174, 52.6473 ], [ 13.84203, 52.64731 ], [ 13.84238, 52.64726 ], [ 13.8428, 52.64715 ], [ 13.84302, 52.64699 ], [ 13.84301, 52.6469 ], [ 13.84283, 52.64672 ], [ 13.84259, 52.64659 ] ] ] } },
{ "type": "Feature", "properties": { "boden": "100 % mittel, mäßig frisch (M2)" }, "geometry": { "type": "Polygon", "coordinates": [ [ [ 13.84472, 52.64737 ], [ 13.84454, 52.64741 ], [ 13.84446, 52.64752 ], [ 13.84453, 52.64763 ], [ 13.84471, 52.64767 ], [ 13.84489, 52.64763 ], [ 13.84496, 52.64752 ], [ 13.84489, 52.64741 ], [ 13.84472, 52.64737 ] ] ] } },
{ "type": "Feature", "properties": { "boden": "100 % mittel, trocken (vermutet) (M3)" }, "geometry": { "type": "Polygon", "coordinates": [ [ [ 13.84292, 52.6564 ], [ 13.84255, 52.65644 ], [ 13.84218, 52.65665 ], [ 13.84242, 52.65676 ], [ 13.8429, 52.65685 ], [ 13.84311, 52.65685 ], [ 13.84341, 52.65677 ], [ 13.84345, 52.65671 ], [ 13.84336, 52.65662 ], [ 13.84308, 52.65643 ], [ 13.84292, 52.6564 ] ] ] } },
{ "type": "Feature", "properties": { "boden": "100 % mittel, mäßig frisch (M2)" }, "geometry": { "type": "Polygon", "coordinates": [ [ [ 13.84097, 52.65561 ], [ 13.83756, 52.6568 ], [ 13.83764, 52.6569 ], [ 13.8382, 52.65676 ], [ 13.83904, 52.65629 ], [ 13.83976, 52.65611 ], [ 13.84026, 52.65594 ], [ 13.84063, 52.65588 ], [ 13.84119, 52.65564 ], [ 13.84135, 52.65563 ], [ 13.84187, 52.6559 ], [ 13.84225, 52.65601 ], [ 13.8424, 52.65615 ], [ 13.84219, 52.65641 ], [ 13.84224, 52.6565 ], [ 13.84254, 52.6564 ], [ 13.84278, 52.65617 ], [ 13.84306, 52.65623 ], [ 13.84352, 52.65649 ], [ 13.84363, 52.65667 ], [ 13.84324, 52.6569 ], [ 13.84329, 52.65699 ], [ 13.84323, 52.65718 ], [ 13.84341, 52.65713 ], [ 13.84361, 52.65694 ], [ 13.84401, 52.65687 ], [ 13.84436, 52.65698 ], [ 13.84479, 52.65728 ], [ 13.84482, 52.65755 ], [ 13.84492, 52.65771 ], [ 13.84489, 52.65786 ], [ 13.84466, 52.65803 ], [ 13.84388, 52.65834 ], [ 13.84377, 52.6584 ], [ 13.8438, 52.65842 ], [ 13.84475, 52.65829 ], [ 13.84527, 52.65809 ], [ 13.84553, 52.65845 ], [ 13.84584, 52.65846 ], [ 13.84551, 52.65813 ], [ 13.84485, 52.65714 ], [ 13.84335, 52.65622 ], [ 13.84209, 52.65577 ], [ 13.84115, 52.65556 ], [ 13.84097, 52.65561 ] ] ] } },
{ "type": "Feature", "properties": { "boden": "100 % mittel, trocken (vermutet) (M3)" }, "geometry": { "type": "Polygon", "coordinates": [ [ [ 13.84377, 52.65697 ], [ 13.84361, 52.65699 ], [ 13.8435, 52.65708 ], [ 13.84356, 52.6573 ], [ 13.8443, 52.65784 ], [ 13.84444, 52.6579 ], [ 13.84464, 52.65788 ], [ 13.84474, 52.6578 ], [ 13.8447, 52.65766 ], [ 13.84448, 52.65734 ], [ 13.84416, 52.65719 ], [ 13.84393, 52.657 ], [ 13.84377, 52.65697 ] ] ] } },
{ "type": "Feature", "properties": { "boden": "100 % mittel, mäßig frisch (M2)" }, "geometry": { "type": "Polygon", "coordinates": [ [ [ 13.84126, 52.65939 ], [ 13.84206, 52.65914 ], [ 13.84413, 52.65891 ], [ 13.84466, 52.65894 ], [ 13.84514, 52.65912 ], [ 13.8455, 52.65919 ], [ 13.84588, 52.65919 ], [ 13.84603, 52.65912 ], [ 13.84604, 52.65906 ], [ 13.84599, 52.65893 ], [ 13.84583, 52.6588 ], [ 13.84553, 52.65878 ], [ 13.84573, 52.6591 ], [ 13.84562, 52.65911 ], [ 13.84511, 52.65886 ], [ 13.84403, 52.65869 ], [ 13.84406, 52.65856 ], [ 13.84423, 52.65844 ], [ 13.84506, 52.65824 ], [ 13.84521, 52.65827 ], [ 13.84531, 52.65844 ], [ 13.84553, 52.65845 ], [ 13.84527, 52.65809 ], [ 13.84475, 52.65829 ], [ 13.84429, 52.65837 ], [ 13.84377, 52.6584 ], [ 13.84466, 52.65803 ], [ 13.84489, 52.65786 ], [ 13.84492, 52.65771 ], [ 13.84482, 52.65755 ], [ 13.84479, 52.65728 ], [ 13.84436, 52.65698 ], [ 13.84401, 52.65687 ], [ 13.84361, 52.65694 ], [ 13.84341, 52.65713 ], [ 13.84323, 52.65718 ], [ 13.84329, 52.65699 ], [ 13.84324, 52.6569 ], [ 13.84363, 52.65667 ], [ 13.84352, 52.65649 ], [ 13.84306, 52.65623 ], [ 13.84278, 52.65617 ], [ 13.84254, 52.6564 ], [ 13.84224, 52.6565 ], [ 13.84219, 52.65641 ], [ 13.8424, 52.65615 ], [ 13.84225, 52.65601 ], [ 13.84187, 52.6559 ], [ 13.84135, 52.65563 ], [ 13.84119, 52.65564 ], [ 13.84063, 52.65588 ], [ 13.84026, 52.65594 ], [ 13.83976, 52.65611 ], [ 13.83904, 52.65629 ], [ 13.8382, 52.65676 ], [ 13.83764, 52.6569 ], [ 13.83773, 52.657 ], [ 13.8378, 52.65733 ], [ 13.83802, 52.65732 ], [ 13.83828, 52.65724 ], [ 13.83868, 52.65705 ], [ 13.83902, 52.65662 ], [ 13.83957, 52.65627 ], [ 13.84014, 52.65605 ], [ 13.8406, 52.656 ], [ 13.84101, 52.65586 ], [ 13.84118, 52.65586 ], [ 13.84142, 52.65601 ], [ 13.84163, 52.65604 ], [ 13.84212, 52.65622 ], [ 13.84223, 52.65629 ], [ 13.8422, 52.65635 ], [ 13.84208, 52.65638 ], [ 13.8416, 52.65637 ], [ 13.84133, 52.6563 ], [ 13.84112, 52.65612 ], [ 13.84088, 52.6561 ], [ 13.84087, 52.65617 ], [ 13.84119, 52.65635 ], [ 13.84122, 52.65645 ], [ 13.84096, 52.65645 ], [ 13.84061, 52.65654 ], [ 13.83989, 52.65689 ], [ 13.83929, 52.65736 ], [ 13.83905, 52.65779 ], [ 13.83879, 52.65781 ], [ 13.8382, 52.6577 ], [ 13.83767, 52.65775 ], [ 13.83738, 52.6581 ], [ 13.83797, 52.65794 ], [ 13.83824, 52.65792 ], [ 13.83869, 52.65801 ], [ 13.83901, 52.65823 ], [ 13.83928, 52.65856 ], [ 13.83949, 52.65869 ], [ 13.83969, 52.65908 ], [ 13.83967, 52.65916 ], [ 13.84017, 52.65939 ], [ 13.84077, 52.65938 ], [ 13.84106, 52.65926 ], [ 13.84116, 52.65937 ], [ 13.84126, 52.65939 ] ], [ [ 13.84054, 52.65794 ], [ 13.841, 52.65807 ], [ 13.8409, 52.65824 ], [ 13.84062, 52.65824 ], [ 13.84046, 52.65816 ], [ 13.84035, 52.65797 ], [ 13.84054, 52.65794 ] ], [ [ 13.84281, 52.65786 ], [ 13.84298, 52.65799 ], [ 13.84296, 52.65808 ], [ 13.84249, 52.65805 ], [ 13.84236, 52.65798 ], [ 13.84234, 52.65789 ], [ 13.84247, 52.65781 ], [ 13.84281, 52.65786 ] ], [ [ 13.84062, 52.65766 ], [ 13.84044, 52.65762 ], [ 13.84037, 52.65751 ], [ 13.84045, 52.6574 ], [ 13.84122, 52.65723 ], [ 13.84152, 52.65722 ], [ 13.84183, 52.6573 ], [ 13.84138, 52.6578 ], [ 13.841, 52.6578 ], [ 13.8407, 52.65764 ], [ 13.84062, 52.65766 ] ], [ [ 13.84393, 52.657 ], [ 13.84416, 52.65719 ], [ 13.84448, 52.65734 ], [ 13.84459, 52.65747 ], [ 13.84474, 52.6578 ], [ 13.84464, 52.65788 ], [ 13.84444, 52.6579 ], [ 13.8443, 52.65784 ], [ 13.84356, 52.6573 ], [ 13.8435, 52.65708 ], [ 13.84355, 52.65702 ], [ 13.84377, 52.65697 ], [ 13.84393, 52.657 ] ], [ [ 13.84099, 52.65681 ], [ 13.84089, 52.65695 ], [ 13.84062, 52.65706 ], [ 13.84017, 52.65708 ], [ 13.84014, 52.65704 ], [ 13.84038, 52.65687 ], [ 13.84059, 52.6568 ], [ 13.84099, 52.65681 ] ], [ [ 13.84311, 52.65645 ], [ 13.84345, 52.65671 ], [ 13.84328, 52.65682 ], [ 13.8429, 52.65685 ], [ 13.84267, 52.65682 ], [ 13.84218, 52.65665 ], [ 13.84255, 52.65644 ], [ 13.84292, 52.6564 ], [ 13.84311, 52.65645 ] ] ] } },
{ "type": "Feature", "properties": { "boden": "100 % mittel, trocken (vermutet) (M3)" }, "geometry": { "type": "Polygon", "coordinates": [ [ [ 13.84258, 52.6578 ], [ 13.84238, 52.65784 ], [ 13.84234, 52.65789 ], [ 13.84243, 52.65803 ], [ 13.84296, 52.65808 ], [ 13.84298, 52.65799 ], [ 13.84292, 52.65793 ], [ 13.84258, 52.6578 ] ] ] } },
{ "type": "Feature", "properties": { "boden": "100 % mittel, mäßig frisch (M2)" }, "geometry": { "type": "Polygon", "coordinates": [ [ [ 13.84084, 52.65679 ], [ 13.84059, 52.6568 ], [ 13.84038, 52.65687 ], [ 13.84014, 52.65704 ], [ 13.84017, 52.65708 ], [ 13.84062, 52.65706 ], [ 13.84089, 52.65695 ], [ 13.841, 52.65684 ], [ 13.84084, 52.65679 ] ] ] } },
{ "type": "Feature", "properties": { "boden": "100 % mittel, trocken (vermutet) (M3)" }, "geometry": { "type": "Polygon", "coordinates": [ [ [ 13.84062, 52.65739 ], [ 13.84058, 52.65744 ], [ 13.84061, 52.65757 ], [ 13.8407, 52.65764 ], [ 13.8408, 52.65762 ], [ 13.84087, 52.65751 ], [ 13.8408, 52.6574 ], [ 13.84062, 52.65739 ] ] ] } },
{ "type": "Feature", "properties": { "boden": "100 % mittel, mäßig frisch (M2)" }, "geometry": { "type": "Polygon", "coordinates": [ [ [ 13.8407, 52.65764 ], [ 13.84058, 52.65744 ], [ 13.84067, 52.65737 ], [ 13.84062, 52.65736 ], [ 13.84045, 52.6574 ], [ 13.84037, 52.65751 ], [ 13.84044, 52.65762 ], [ 13.84062, 52.65766 ], [ 13.8407, 52.65764 ] ] ] } },
{ "type": "Feature", "properties": { "boden": "100 % mittel, trocken (vermutet) (M3)" }, "geometry": { "type": "Polygon", "coordinates": [ [ [ 13.8408, 52.6574 ], [ 13.84087, 52.65751 ], [ 13.8408, 52.65762 ], [ 13.8407, 52.65764 ], [ 13.841, 52.6578 ], [ 13.84128, 52.65782 ], [ 13.84146, 52.65775 ], [ 13.84183, 52.6573 ], [ 13.84152, 52.65722 ], [ 13.84122, 52.65723 ], [ 13.84067, 52.65737 ], [ 13.8408, 52.6574 ] ] ] } },
{ "type": "Feature", "properties": { "boden": "100 % kräftig, trocken (vermutet) (K3)" }, "geometry": { "type": "Polygon", "coordinates": [ [ [ 13.83783, 52.65751 ], [ 13.8378, 52.65733 ], [ 13.83719, 52.65733 ], [ 13.83677, 52.65744 ], [ 13.83666, 52.65753 ], [ 13.83666, 52.65762 ], [ 13.83674, 52.6577 ], [ 13.83693, 52.65774 ], [ 13.83744, 52.65777 ], [ 13.83767, 52.65775 ], [ 13.83783, 52.65751 ] ] ] } },
{ "type": "Feature", "properties": { "boden": "100 % mittel, mäßig frisch (M2)" }, "geometry": { "type": "Polygon", "coordinates": [ [ [ 13.84054, 52.65794 ], [ 13.84035, 52.65797 ], [ 13.84046, 52.65816 ], [ 13.84062, 52.65824 ], [ 13.8409, 52.65824 ], [ 13.841, 52.65807 ], [ 13.84095, 52.65803 ], [ 13.84054, 52.65794 ] ] ] } },
{ "type": "Feature", "properties": { "boden": "100 % kräftig, mäßig frisch (K2)" }, "geometry": { "type": "Polygon", "coordinates": [ [ [ 13.83706, 52.6584 ], [ 13.83696, 52.65853 ], [ 13.83697, 52.65869 ], [ 13.8373, 52.65878 ], [ 13.8372, 52.65843 ], [ 13.83725, 52.65833 ], [ 13.83706, 52.6584 ] ] ] } },
{ "type": "Feature", "properties": { "boden": "100 % kräftig, mäßig frisch (K2)" }, "geometry": { "type": "Polygon", "coordinates": [ [ [ 13.83793, 52.65968 ], [ 13.83739, 52.65967 ], [ 13.83709, 52.65951 ], [ 13.8371, 52.6594 ], [ 13.8372, 52.65935 ], [ 13.83775, 52.65933 ], [ 13.8373, 52.65878 ], [ 13.83697, 52.65869 ], [ 13.83696, 52.65853 ], [ 13.83706, 52.6584 ], [ 13.83725, 52.65833 ], [ 13.83767, 52.65775 ], [ 13.83693, 52.65774 ], [ 13.83674, 52.6577 ], [ 13.83666, 52.65762 ], [ 13.83666, 52.65753 ], [ 13.83688, 52.6574 ], [ 13.83719, 52.65733 ], [ 13.8378, 52.65733 ], [ 13.83773, 52.657 ], [ 13.83756, 52.6568 ], [ 13.83669, 52.65711 ], [ 13.83298, 52.65858 ], [ 13.83354, 52.659 ], [ 13.83474, 52.65925 ], [ 13.83504, 52.65937 ], [ 13.83521, 52.65954 ], [ 13.83546, 52.65949 ], [ 13.83588, 52.65954 ], [ 13.83595, 52.65958 ], [ 13.83607, 52.65989 ], [ 13.83673, 52.66033 ], [ 13.83744, 52.66034 ], [ 13.8379, 52.66004 ], [ 13.83796, 52.65986 ], [ 13.83793, 52.65968 ] ] ] } },
{ "type": "Feature", "properties": { "boden": "100 % mittel, mäßig frisch (M2)" }, "geometry": { "type": "Polygon", "coordinates": [ [ [ 13.84369, 52.65929 ], [ 13.84245, 52.65936 ], [ 13.84125, 52.65967 ], [ 13.84117, 52.65942 ], [ 13.84126, 52.65939 ], [ 13.84116, 52.65937 ], [ 13.84106, 52.65926 ], [ 13.84077, 52.65938 ], [ 13.84027, 52.65941 ], [ 13.84002, 52.65934 ], [ 13.83967, 52.65916 ], [ 13.83969, 52.65908 ], [ 13.83945, 52.65865 ], [ 13.83928, 52.65856 ], [ 13.83901, 52.65823 ], [ 13.83869, 52.65801 ], [ 13.83847, 52.65794 ], [ 13.83797, 52.65794 ], [ 13.83746, 52.65807 ], [ 13.83738, 52.65811 ], [ 13.8372, 52.65843 ], [ 13.8373, 52.65878 ], [ 13.83866, 52.65881 ], [ 13.83977, 52.65926 ], [ 13.84007, 52.65973 ], [ 13.84059, 52.65978 ], [ 13.84065, 52.65984 ], [ 13.84084, 52.65983 ], [ 13.84162, 52.65965 ], [ 13.84187, 52.65966 ], [ 13.842, 52.65956 ], [ 13.84215, 52.65963 ], [ 13.84256, 52.65958 ], [ 13.84269, 52.65953 ], [ 13.8427, 52.65945 ], [ 13.84281, 52.65939 ], [ 13.84369, 52.65929 ] ] ] } },
{ "type": "Feature", "properties": { "boden": "100 % mittel, mäßig frisch (M2)" }, "geometry": { "type": "Polygon", "coordinates": [ [ [ 13.83775, 52.65933 ], [ 13.83793, 52.65968 ], [ 13.83827, 52.65957 ], [ 13.83815, 52.65944 ], [ 13.83775, 52.65933 ] ] ] } },
{ "type": "Feature", "properties": { "boden": "100 % mittel, trocken (vermutet) (M3)" }, "geometry": { "type": "Polygon", "coordinates": [ [ [ 13.8173, 52.65596 ], [ 13.81766, 52.65599 ], [ 13.81769, 52.65594 ], [ 13.81755, 52.65558 ], [ 13.81731, 52.65534 ], [ 13.8173, 52.65596 ] ] ] } },
{ "type": "Feature", "properties": { "boden": "100 % mittel, trocken (vermutet) (M3)" }, "geometry": { "type": "Polygon", "coordinates": [ [ [ 13.81862, 52.65594 ], [ 13.81836, 52.65599 ], [ 13.81824, 52.65615 ], [ 13.81845, 52.65638 ], [ 13.81892, 52.65659 ], [ 13.81892, 52.65677 ], [ 13.81873, 52.657 ], [ 13.81875, 52.65709 ], [ 13.81905, 52.65726 ], [ 13.81955, 52.65741 ], [ 13.81994, 52.6574 ], [ 13.81998, 52.65727 ], [ 13.81948, 52.65682 ], [ 13.81972, 52.65647 ], [ 13.81971, 52.65638 ], [ 13.81908, 52.65608 ], [ 13.81862, 52.65594 ] ] ] } },
{ "type": "Feature", "properties": { "boden": "100 % mittel, mäßig frisch (M2)" }, "geometry": { "type": "Polygon", "coordinates": [ [ [ 13.82493, 52.65763 ], [ 13.82334, 52.65657 ], [ 13.82232, 52.65579 ], [ 13.82138, 52.6548 ], [ 13.82017, 52.65369 ], [ 13.81958, 52.65401 ], [ 13.81887, 52.65425 ], [ 13.81801, 52.65444 ], [ 13.81733, 52.65446 ], [ 13.81733, 52.65461 ], [ 13.81813, 52.65454 ], [ 13.81846, 52.65459 ], [ 13.81869, 52.65473 ], [ 13.81861, 52.6548 ], [ 13.81732, 52.65492 ], [ 13.81731, 52.65534 ], [ 13.81755, 52.65558 ], [ 13.81769, 52.65594 ], [ 13.81766, 52.65599 ], [ 13.81729, 52.65595 ], [ 13.81726, 52.65713 ], [ 13.81756, 52.65724 ], [ 13.81726, 52.65727 ], [ 13.81724, 52.65782 ], [ 13.81749, 52.65768 ], [ 13.81779, 52.65759 ], [ 13.81803, 52.65759 ], [ 13.81863, 52.6577 ], [ 13.81912, 52.65796 ], [ 13.81943, 52.65823 ], [ 13.81964, 52.65852 ], [ 13.81986, 52.65905 ], [ 13.82013, 52.65933 ], [ 13.82068, 52.65972 ], [ 13.8211, 52.65982 ], [ 13.82175, 52.65984 ], [ 13.82206, 52.65979 ], [ 13.82237, 52.65968 ], [ 13.82267, 52.6595 ], [ 13.82347, 52.65857 ], [ 13.8245, 52.65796 ], [ 13.82493, 52.65763 ] ], [ [ 13.81908, 52.65608 ], [ 13.81971, 52.65638 ], [ 13.81972, 52.65647 ], [ 13.81948, 52.65682 ], [ 13.81998, 52.65727 ], [ 13.81994, 52.6574 ], [ 13.81955, 52.65741 ], [ 13.81905, 52.65726 ], [ 13.81875, 52.65709 ], [ 13.81873, 52.657 ], [ 13.81892, 52.65677 ], [ 13.81892, 52.65659 ], [ 13.8183, 52.65626 ], [ 13.81826, 52.65606 ], [ 13.81836, 52.65599 ], [ 13.81862, 52.65594 ], [ 13.81908, 52.65608 ] ], [ [ 13.81838, 52.65534 ], [ 13.81845, 52.65546 ], [ 13.81836, 52.65553 ], [ 13.81817, 52.65558 ], [ 13.81787, 52.65556 ], [ 13.81759, 52.65541 ], [ 13.81762, 52.65534 ], [ 13.81789, 52.65522 ], [ 13.818, 52.65521 ], [ 13.81838, 52.65534 ] ] ] } },
{ "type": "Feature", "properties": { "boden": "100 % mittel, trocken (vermutet) (M3)" }, "geometry": { "type": "Polygon", "coordinates": [ [ [ 13.81726, 52.65727 ], [ 13.81756, 52.65724 ], [ 13.81749, 52.65719 ], [ 13.81726, 52.65713 ], [ 13.81726, 52.65727 ] ] ] } },
{ "type": "Feature", "properties": { "boden": "100 % kräftig, mäßig frisch (K2)" }, "geometry": { "type": "Polygon", "coordinates": [ [ [ 13.81869, 52.6579 ], [ 13.81824, 52.65792 ], [ 13.81796, 52.65814 ], [ 13.81796, 52.65821 ], [ 13.81831, 52.65822 ], [ 13.81857, 52.65814 ], [ 13.81871, 52.65796 ], [ 13.81869, 52.6579 ] ] ] } },
{ "type": "Feature", "properties": { "boden": "100 % kräftig, mäßig frisch (K2)" }, "geometry": { "type": "Polygon", "coordinates": [ [ [ 13.8214, 52.66087 ], [ 13.82105, 52.66102 ], [ 13.82069, 52.66109 ], [ 13.82069, 52.6612 ], [ 13.82084, 52.66124 ], [ 13.82123, 52.66117 ], [ 13.82138, 52.66104 ], [ 13.8214, 52.66087 ] ] ] } },
{ "type": "Feature", "properties": { "boden": "100 % kräftig, mäßig frisch (K2)" }, "geometry": { "type": "Polygon", "coordinates": [ [ [ 13.82133, 52.66187 ], [ 13.82115, 52.66192 ], [ 13.82107, 52.66202 ], [ 13.82114, 52.66213 ], [ 13.82132, 52.66218 ], [ 13.8215, 52.66214 ], [ 13.82157, 52.66203 ], [ 13.8215, 52.66192 ], [ 13.82133, 52.66187 ] ] ] } },
{ "type": "Feature", "properties": { "boden": "100 % kräftig, mäßig frisch (K2)" }, "geometry": { "type": "Polygon", "coordinates": [ [ [ 13.81711, 52.66285 ], [ 13.81709, 52.66332 ], [ 13.81806, 52.66328 ], [ 13.81829, 52.66315 ], [ 13.81827, 52.66283 ], [ 13.81711, 52.66285 ] ] ] } },
{ "type": "Feature", "properties": { "boden": "100 % kräftig, mäßig frisch (K2)" }, "geometry": { "type": "Polygon", "coordinates": [ [ [ 13.83793, 52.65968 ], [ 13.83775, 52.65933 ], [ 13.83747, 52.65932 ], [ 13.8372, 52.65935 ], [ 13.8371, 52.6594 ], [ 13.83709, 52.65951 ], [ 13.83739, 52.65967 ], [ 13.83793, 52.65968 ] ] ] } },
{ "type": "Feature", "properties": { "boden": "100 % kräftig, mäßig frisch (K2)" }, "geometry": { "type": "Polygon", "coordinates": [ [ [ 13.83744, 52.66034 ], [ 13.83665, 52.6603 ], [ 13.83607, 52.65989 ], [ 13.83595, 52.65958 ], [ 13.83588, 52.65954 ], [ 13.83546, 52.65949 ], [ 13.83521, 52.65954 ], [ 13.83557, 52.65992 ], [ 13.83607, 52.66021 ], [ 13.83673, 52.66039 ], [ 13.83713, 52.6604 ], [ 13.83744, 52.66034 ] ] ] } },
{ "type": "Feature", "properties": { "boden": "100 % mittel, mäßig frisch (M2)" }, "geometry": { "type": "Polygon", "coordinates": [ [ [ 13.83741, 52.66036 ], [ 13.83713, 52.6604 ], [ 13.83673, 52.66039 ], [ 13.83607, 52.66021 ], [ 13.83639, 52.66057 ], [ 13.83654, 52.66065 ], [ 13.83675, 52.66068 ], [ 13.8372, 52.66066 ], [ 13.83756, 52.66055 ], [ 13.83765, 52.6604 ], [ 13.83741, 52.66036 ] ] ] } },
{ "type": "Feature", "properties": { "boden": "100 % mittel, mäßig frisch (M2)" }, "geometry": { "type": "Polygon", "coordinates": [ [ [ 13.83583, 52.66126 ], [ 13.8355, 52.66125 ], [ 13.83491, 52.66116 ], [ 13.83465, 52.66094 ], [ 13.83437, 52.66089 ], [ 13.83412, 52.66089 ], [ 13.83377, 52.66106 ], [ 13.83494, 52.66147 ], [ 13.83534, 52.66145 ], [ 13.83571, 52.66135 ], [ 13.83583, 52.66126 ] ] ] } },
{ "type": "Feature", "properties": { "boden": "100 % mittel, trocken (vermutet) (M3)" }, "geometry": { "type": "Polygon", "coordinates": [ [ [ 13.84013, 52.66126 ], [ 13.83975, 52.66137 ], [ 13.83969, 52.66145 ], [ 13.83984, 52.66177 ], [ 13.84034, 52.66208 ], [ 13.84094, 52.66195 ], [ 13.84106, 52.66189 ], [ 13.84114, 52.66177 ], [ 13.84093, 52.66155 ], [ 13.84043, 52.66131 ], [ 13.84013, 52.66126 ] ] ] } },
{ "type": "Feature", "properties": { "boden": "100 % kräftig, mäßig frisch (K2)" }, "geometry": { "type": "Polygon", "coordinates": [ [ [ 13.83534, 52.66145 ], [ 13.83494, 52.66147 ], [ 13.83479, 52.66144 ], [ 13.83377, 52.66106 ], [ 13.83363, 52.6612 ], [ 13.83391, 52.66128 ], [ 13.83395, 52.66138 ], [ 13.83378, 52.6614 ], [ 13.8335, 52.66158 ], [ 13.8331, 52.66172 ], [ 13.83219, 52.66181 ], [ 13.83212, 52.66184 ], [ 13.83203, 52.66211 ], [ 13.83176, 52.66224 ], [ 13.83219, 52.66215 ], [ 13.83251, 52.66228 ], [ 13.83288, 52.66232 ], [ 13.83315, 52.66229 ], [ 13.83388, 52.66196 ], [ 13.83463, 52.66173 ], [ 13.83504, 52.66153 ], [ 13.83517, 52.66152 ], [ 13.8353, 52.66159 ], [ 13.83554, 52.66153 ], [ 13.83571, 52.66135 ], [ 13.83534, 52.66145 ] ] ] } },
{ "type": "Feature", "properties": { "boden": "100 % mittel, trocken (vermutet) (M3)" }, "geometry": { "type": "Polygon", "coordinates": [ [ [ 13.83926, 52.66216 ], [ 13.83952, 52.6623 ], [ 13.83967, 52.6625 ], [ 13.83987, 52.66259 ], [ 13.84063, 52.66265 ], [ 13.8411, 52.66264 ], [ 13.84096, 52.66253 ], [ 13.84033, 52.66246 ], [ 13.83986, 52.66228 ], [ 13.83926, 52.66216 ] ] ] } },
{ "type": "Feature", "properties": { "boden": "100 % kräftig, mäßig frisch (K2)" }, "geometry": { "type": "Polygon", "coordinates": [ [ [ 13.83575, 52.66434 ], [ 13.83588, 52.66381 ], [ 13.83604, 52.66368 ], [ 13.83642, 52.66363 ], [ 13.83655, 52.66372 ], [ 13.83656, 52.66384 ], [ 13.83644, 52.66402 ], [ 13.83614, 52.6643 ], [ 13.83657, 52.66418 ], [ 13.8374, 52.6637 ], [ 13.83843, 52.66352 ], [ 13.83886, 52.66335 ], [ 13.83885, 52.66303 ], [ 13.83846, 52.66255 ], [ 13.83832, 52.66221 ], [ 13.83833, 52.66202 ], [ 13.83846, 52.66174 ], [ 13.83913, 52.66087 ], [ 13.83904, 52.66066 ], [ 13.83873, 52.66047 ], [ 13.83571, 52.66135 ], [ 13.83554, 52.66153 ], [ 13.8353, 52.66159 ], [ 13.83517, 52.66152 ], [ 13.83504, 52.66153 ], [ 13.83463, 52.66173 ], [ 13.83388, 52.66196 ], [ 13.83315, 52.66229 ], [ 13.83288, 52.66232 ], [ 13.83251, 52.66228 ], [ 13.83408, 52.66365 ], [ 13.83466, 52.66405 ], [ 13.83485, 52.66362 ], [ 13.83535, 52.66354 ], [ 13.83544, 52.66347 ], [ 13.8354, 52.66321 ], [ 13.83528, 52.66302 ], [ 13.8353, 52.66253 ], [ 13.83517, 52.66244 ], [ 13.83492, 52.66237 ], [ 13.83411, 52.66241 ], [ 13.83402, 52.66235 ], [ 13.83403, 52.66221 ], [ 13.83407, 52.66218 ], [ 13.83472, 52.66218 ], [ 13.83503, 52.66208 ], [ 13.83534, 52.66205 ], [ 13.83599, 52.66213 ], [ 13.83652, 52.66227 ], [ 13.83664, 52.66249 ], [ 13.83661, 52.66255 ], [ 13.83612, 52.66282 ], [ 13.83594, 52.66309 ], [ 13.83579, 52.66349 ], [ 13.83556, 52.66364 ], [ 13.83538, 52.66407 ], [ 13.83527, 52.66417 ], [ 13.83502, 52.66426 ], [ 13.83564, 52.66434 ], [ 13.83575, 52.66434 ] ], [ [ 13.83774, 52.6628 ], [ 13.83765, 52.66292 ], [ 13.83739, 52.66306 ], [ 13.837, 52.66321 ], [ 13.83668, 52.66324 ], [ 13.83649, 52.66321 ], [ 13.8364, 52.66313 ], [ 13.83641, 52.663 ], [ 13.83667, 52.66288 ], [ 13.83747, 52.66274 ], [ 13.83763, 52.66274 ], [ 13.83774, 52.6628 ] ] ] } },
{ "type": "Feature", "properties": { "boden": "100 % kräftig, mäßig frisch (K2)" }, "geometry": { "type": "Polygon", "coordinates": [ [ [ 13.83763, 52.66274 ], [ 13.83723, 52.66277 ], [ 13.8365, 52.66294 ], [ 13.83641, 52.663 ], [ 13.83643, 52.66317 ], [ 13.83678, 52.66324 ], [ 13.83712, 52.66317 ], [ 13.83765, 52.66292 ], [ 13.83774, 52.6628 ], [ 13.83763, 52.66274 ] ] ] } },
{ "type": "Feature", "properties": { "boden": "100 % kräftig, trocken (vermutet) (K3)" }, "geometry": { "type": "Polygon", "coordinates": [ [ [ 13.83466, 52.66405 ], [ 13.83502, 52.66426 ], [ 13.83527, 52.66417 ], [ 13.83538, 52.66407 ], [ 13.83556, 52.66364 ], [ 13.83572, 52.66355 ], [ 13.83584, 52.6634 ], [ 13.83602, 52.66294 ], [ 13.83626, 52.66274 ], [ 13.83661, 52.66255 ], [ 13.8366, 52.66236 ], [ 13.83636, 52.6622 ], [ 13.83521, 52.66205 ], [ 13.83472, 52.66218 ], [ 13.83407, 52.66218 ], [ 13.83403, 52.66221 ], [ 13.83402, 52.66235 ], [ 13.83411, 52.66241 ], [ 13.83492, 52.66237 ], [ 13.83517, 52.66244 ], [ 13.8353, 52.66253 ], [ 13.83528, 52.66302 ], [ 13.8354, 52.66321 ], [ 13.83544, 52.66347 ], [ 13.83535, 52.66354 ], [ 13.83485, 52.66362 ], [ 13.83466, 52.66405 ] ] ] } },
{ "type": "Feature", "properties": { "boden": "100 % kräftig, trocken (vermutet) (K3)" }, "geometry": { "type": "Polygon", "coordinates": [ [ [ 13.82769, 52.66135 ], [ 13.82759, 52.66139 ], [ 13.82753, 52.6615 ], [ 13.82771, 52.66161 ], [ 13.82795, 52.66158 ], [ 13.8282, 52.66142 ], [ 13.82769, 52.66135 ] ] ] } },
{ "type": "Feature", "properties": { "boden": "100 % mittel, trocken (vermutet) (M3)" }, "geometry": { "type": "Polygon", "coordinates": [ [ [ 13.82909, 52.66159 ], [ 13.82886, 52.66168 ], [ 13.82881, 52.66174 ], [ 13.82881, 52.66183 ], [ 13.8289, 52.66189 ], [ 13.8291, 52.66192 ], [ 13.82996, 52.66182 ], [ 13.8298, 52.66168 ], [ 13.82909, 52.66159 ] ] ] } },
{ "type": "Feature", "properties": { "boden": "100 % kräftig, mäßig frisch (K2)" }, "geometry": { "type": "Polygon", "coordinates": [ [ [ 13.83135, 52.66177 ], [ 13.83075, 52.66146 ], [ 13.83012, 52.66126 ], [ 13.8308, 52.66167 ], [ 13.83131, 52.66226 ], [ 13.83145, 52.66229 ], [ 13.83128, 52.66208 ], [ 13.83135, 52.66177 ] ] ] } },
{ "type": "Feature", "properties": { "boden": "100 % kräftig, mäßig frisch (K2)" }, "geometry": { "type": "Polygon", "coordinates": [ [ [ 13.82748, 52.66194 ], [ 13.82713, 52.66193 ], [ 13.82697, 52.66183 ], [ 13.82691, 52.66159 ], [ 13.82697, 52.66137 ], [ 13.82596, 52.6616 ], [ 13.82473, 52.66167 ], [ 13.82405, 52.66152 ], [ 13.82375, 52.66161 ], [ 13.82336, 52.66165 ], [ 13.82324, 52.66171 ], [ 13.82324, 52.66176 ], [ 13.82346, 52.66186 ], [ 13.82465, 52.66209 ], [ 13.82574, 52.66205 ], [ 13.8264, 52.66207 ], [ 13.82713, 52.66217 ], [ 13.82748, 52.66194 ] ] ] } },
{ "type": "Feature", "properties": { "boden": "100 % kräftig, mäßig frisch (K2)" }, "geometry": { "type": "Polygon", "coordinates": [ [ [ 13.83204, 52.66174 ], [ 13.83168, 52.66169 ], [ 13.83146, 52.66171 ], [ 13.83135, 52.66177 ], [ 13.83183, 52.66198 ], [ 13.83212, 52.66184 ], [ 13.83204, 52.66174 ] ] ] } },
{ "type": "Feature", "properties": { "boden": "100 % mittel, mäßig frisch (M2)" }, "geometry": { "type": "Polygon", "coordinates": [ [ [ 13.83054, 52.66169 ], [ 13.83018, 52.66155 ], [ 13.82913, 52.66149 ], [ 13.82835, 52.66157 ], [ 13.82748, 52.66194 ], [ 13.82774, 52.66189 ], [ 13.8285, 52.66157 ], [ 13.82826, 52.66197 ], [ 13.82829, 52.66216 ], [ 13.82851, 52.6622 ], [ 13.82916, 52.66214 ], [ 13.82964, 52.66215 ], [ 13.83023, 52.66224 ], [ 13.8305, 52.66236 ], [ 13.83063, 52.66231 ], [ 13.83053, 52.66209 ], [ 13.83095, 52.66197 ], [ 13.83076, 52.66168 ], [ 13.83054, 52.66169 ] ], [ [ 13.82936, 52.66161 ], [ 13.82991, 52.66173 ], [ 13.82993, 52.66183 ], [ 13.8291, 52.66192 ], [ 13.8289, 52.66189 ], [ 13.82881, 52.66183 ], [ 13.82886, 52.66168 ], [ 13.829, 52.6616 ], [ 13.82936, 52.66161 ] ] ] } },
{ "type": "Feature", "properties": { "boden": "100 % kräftig, mäßig frisch (K2)" }, "geometry": { "type": "Polygon", "coordinates": [ [ [ 13.83176, 52.66224 ], [ 13.83203, 52.66211 ], [ 13.83212, 52.66184 ], [ 13.83183, 52.66198 ], [ 13.83135, 52.66177 ], [ 13.83128, 52.66208 ], [ 13.83146, 52.66231 ], [ 13.83176, 52.66224 ] ] ] } },
{ "type": "Feature", "properties": { "boden": "100 % mittel, mäßig frisch (M2)" }, "geometry": { "type": "Polygon", "coordinates": [ [ [ 13.8308, 52.66167 ], [ 13.83075, 52.66167 ], [ 13.83095, 52.66197 ], [ 13.83053, 52.66209 ], [ 13.83063, 52.66231 ], [ 13.83055, 52.66236 ], [ 13.83044, 52.66235 ], [ 13.83008, 52.6622 ], [ 13.82964, 52.66215 ], [ 13.82916, 52.66214 ], [ 13.82851, 52.6622 ], [ 13.82829, 52.66216 ], [ 13.82826, 52.66197 ], [ 13.8285, 52.66157 ], [ 13.82774, 52.66189 ], [ 13.82748, 52.66194 ], [ 13.82713, 52.66217 ], [ 13.82778, 52.66233 ], [ 13.82844, 52.66264 ], [ 13.82934, 52.66275 ], [ 13.83014, 52.66273 ], [ 13.83077, 52.66258 ], [ 13.83131, 52.66226 ], [ 13.8308, 52.66167 ] ] ] } },
{ "type": "Feature", "properties": { "boden": "100 % kräftig, mäßig frisch (K2)" }, "geometry": { "type": "Polygon", "coordinates": [ [ [ 13.81881, 52.66362 ], [ 13.81886, 52.66313 ], [ 13.81899, 52.66282 ], [ 13.8264, 52.66262 ], [ 13.82713, 52.66217 ], [ 13.8264, 52.66207 ], [ 13.82574, 52.66205 ], [ 13.82465, 52.66209 ], [ 13.82346, 52.66186 ], [ 13.82324, 52.66176 ], [ 13.82336, 52.66165 ], [ 13.82375, 52.66161 ], [ 13.82393, 52.66154 ], [ 13.82422, 52.66153 ], [ 13.82446, 52.66164 ], [ 13.82473, 52.66167 ], [ 13.82596, 52.6616 ], [ 13.82697, 52.66137 ], [ 13.82691, 52.66159 ], [ 13.82697, 52.66183 ], [ 13.82713, 52.66193 ], [ 13.82741, 52.66195 ], [ 13.82835, 52.66157 ], [ 13.82913, 52.66149 ], [ 13.83018, 52.66155 ], [ 13.83054, 52.66169 ], [ 13.83075, 52.66167 ], [ 13.83012, 52.66126 ], [ 13.83075, 52.66146 ], [ 13.83135, 52.66177 ], [ 13.83146, 52.66171 ], [ 13.83189, 52.66171 ], [ 13.83204, 52.66174 ], [ 13.83212, 52.66184 ], [ 13.8331, 52.66172 ], [ 13.83397, 52.66134 ], [ 13.83363, 52.6612 ], [ 13.83377, 52.66106 ], [ 13.83322, 52.66088 ], [ 13.83078, 52.66034 ], [ 13.83016, 52.66014 ], [ 13.8297, 52.65992 ], [ 13.82864, 52.66036 ], [ 13.8284, 52.66033 ], [ 13.82804, 52.66013 ], [ 13.82769, 52.65942 ], [ 13.82493, 52.65763 ], [ 13.8245, 52.65796 ], [ 13.82347, 52.65857 ], [ 13.82267, 52.6595 ], [ 13.82237, 52.65968 ], [ 13.82206, 52.65979 ], [ 13.82144, 52.65984 ], [ 13.8211, 52.65982 ], [ 13.82068, 52.65972 ], [ 13.82013, 52.65933 ], [ 13.81986, 52.65905 ], [ 13.81964, 52.65852 ], [ 13.81943, 52.65823 ], [ 13.81912, 52.65796 ], [ 13.81863, 52.6577 ], [ 13.81803, 52.65759 ], [ 13.81779, 52.65759 ], [ 13.81749, 52.65768 ], [ 13.81724, 52.65782 ], [ 13.81716, 52.66098 ], [ 13.81809, 52.66283 ], [ 13.81827, 52.66283 ], [ 13.81831, 52.66305 ], [ 13.81829, 52.66315 ], [ 13.81806, 52.66328 ], [ 13.81709, 52.66332 ], [ 13.81701, 52.66642 ], [ 13.81717, 52.66649 ], [ 13.81827, 52.66656 ], [ 13.81862, 52.66647 ], [ 13.81889, 52.66623 ], [ 13.81912, 52.66591 ], [ 13.81913, 52.66573 ], [ 13.81901, 52.66553 ], [ 13.81881, 52.66362 ] ], [ [ 13.82157, 52.66203 ], [ 13.8215, 52.66214 ], [ 13.82132, 52.66218 ], [ 13.82114, 52.66213 ], [ 13.82107, 52.66202 ], [ 13.82115, 52.66192 ], [ 13.82133, 52.66187 ], [ 13.8215, 52.66192 ], [ 13.82157, 52.66203 ] ], [ [ 13.82769, 52.66135 ], [ 13.8282, 52.66142 ], [ 13.82817, 52.66147 ], [ 13.82778, 52.66162 ], [ 13.82758, 52.66156 ], [ 13.82753, 52.6615 ], [ 13.82759, 52.66139 ], [ 13.82769, 52.66135 ] ], [ [ 13.82138, 52.66104 ], [ 13.82111, 52.66121 ], [ 13.82075, 52.66122 ], [ 13.82065, 52.66115 ], [ 13.82069, 52.66109 ], [ 13.82105, 52.66102 ], [ 13.8214, 52.66087 ], [ 13.82138, 52.66104 ] ], [ [ 13.82517, 52.66083 ], [ 13.82522, 52.66092 ], [ 13.82509, 52.66113 ], [ 13.82476, 52.66124 ], [ 13.82405, 52.66117 ], [ 13.8237, 52.66108 ], [ 13.82383, 52.66102 ], [ 13.82438, 52.66095 ], [ 13.82474, 52.66078 ], [ 13.82517, 52.66083 ] ], [ [ 13.82598, 52.65968 ], [ 13.82591, 52.65978 ], [ 13.82573, 52.65983 ], [ 13.82555, 52.65977 ], [ 13.82501, 52.65997 ], [ 13.82436, 52.66042 ], [ 13.82332, 52.66089 ], [ 13.82227, 52.6612 ], [ 13.82197, 52.66118 ], [ 13.82201, 52.66109 ], [ 13.82244, 52.66099 ], [ 13.82291, 52.66063 ], [ 13.82326, 52.66043 ], [ 13.82341, 52.66026 ], [ 13.82372, 52.66018 ], [ 13.82398, 52.66005 ], [ 13.82416, 52.66002 ], [ 13.82446, 52.65983 ], [ 13.82489, 52.65975 ], [ 13.8257, 52.65937 ], [ 13.8262, 52.65926 ], [ 13.82626, 52.65927 ], [ 13.82621, 52.65938 ], [ 13.82592, 52.65958 ], [ 13.82598, 52.65968 ] ], [ [ 13.81871, 52.65796 ], [ 13.81846, 52.65819 ], [ 13.81796, 52.65821 ], [ 13.81796, 52.65814 ], [ 13.81824, 52.65792 ], [ 13.81853, 52.65788 ], [ 13.81869, 52.6579 ], [ 13.81871, 52.65796 ] ] ] } },
{ "type": "Feature", "properties": { "boden": "100 % mittel, mäßig frisch (M2)" }, "geometry": { "type": "Polygon", "coordinates": [ [ [ 13.83251, 52.66228 ], [ 13.83219, 52.66215 ], [ 13.83149, 52.6623 ], [ 13.83191, 52.66241 ], [ 13.83206, 52.6624 ], [ 13.83251, 52.66228 ] ] ] } },
{ "type": "Feature", "properties": { "boden": "70 % kräftig, trocken (vermutet) (K3) · 30 % kräftig, trocken (vermutet) (K3)" }, "geometry": { "type": "Polygon", "coordinates": [ [ [ 13.84736, 52.66411 ], [ 13.84727, 52.66429 ], [ 13.84732, 52.66449 ], [ 13.84749, 52.66442 ], [ 13.84764, 52.66425 ], [ 13.84754, 52.66412 ], [ 13.84736, 52.66411 ] ] ] } },
{ "type": "Feature", "properties": { "boden": "70 % kräftig, trocken (vermutet) (K3) · 30 % kräftig, trocken (vermutet) (K3)" }, "geometry": { "type": "Polygon", "coordinates": [ [ [ 13.84501, 52.66456 ], [ 13.84471, 52.66467 ], [ 13.8446, 52.66479 ], [ 13.84462, 52.66485 ], [ 13.8449, 52.6649 ], [ 13.84507, 52.66488 ], [ 13.84531, 52.66477 ], [ 13.84536, 52.66465 ], [ 13.84527, 52.6646 ], [ 13.84501, 52.66456 ] ] ] } },
{ "type": "Feature", "properties": { "boden": "100 % mittel, trocken (vermutet) (M3)" }, "geometry": { "type": "Polygon", "coordinates": [ [ [ 13.84419, 52.66521 ], [ 13.84352, 52.66525 ], [ 13.84328, 52.66517 ], [ 13.84302, 52.66498 ], [ 13.84282, 52.66494 ], [ 13.84272, 52.66498 ], [ 13.84275, 52.66522 ], [ 13.843, 52.66561 ], [ 13.84382, 52.66546 ], [ 13.84406, 52.66536 ], [ 13.84419, 52.66521 ] ] ] } },
{ "type": "Feature", "properties": { "boden": "70 % kräftig, trocken (vermutet) (K3) · 30 % kräftig, trocken (vermutet) (K3)" }, "geometry": { "type": "Polygon", "coordinates": [ [ [ 13.84677, 52.66513 ], [ 13.84654, 52.66523 ], [ 13.84642, 52.66538 ], [ 13.84644, 52.66551 ], [ 13.84663, 52.66563 ], [ 13.8468, 52.66563 ], [ 13.84692, 52.66553 ], [ 13.84689, 52.66518 ], [ 13.84677, 52.66513 ] ] ] } },
{ "type": "Feature", "properties": { "boden": "70 % kräftig, mäßig frisch (K2) · 30 % kräftig, mäßig frisch (K2)" }, "geometry": { "type": "Polygon", "coordinates": [ [ [ 13.84783, 52.66486 ], [ 13.84735, 52.66486 ], [ 13.84727, 52.66491 ], [ 13.84728, 52.66509 ], [ 13.84766, 52.66536 ], [ 13.8477, 52.66554 ], [ 13.84759, 52.66555 ], [ 13.84741, 52.66548 ], [ 13.84722, 52.66533 ], [ 13.84712, 52.66539 ], [ 13.8472, 52.66567 ], [ 13.84742, 52.66585 ], [ 13.8477, 52.66596 ], [ 13.84782, 52.66556 ], [ 13.8479, 52.66482 ], [ 13.84783, 52.66486 ] ] ] } },
{ "type": "Feature", "properties": { "boden": "70 % kräftig, mäßig frisch (K2) · 30 % kräftig, mäßig frisch (K2)" }, "geometry": { "type": "Polygon", "coordinates": [ [ [ 13.84565, 52.66594 ], [ 13.84609, 52.66598 ], [ 13.84616, 52.66589 ], [ 13.8459, 52.66572 ], [ 13.84522, 52.66566 ], [ 13.84466, 52.66575 ], [ 13.84451, 52.66582 ], [ 13.84445, 52.66594 ], [ 13.84457, 52.66599 ], [ 13.84488, 52.66602 ], [ 13.84565, 52.66594 ] ] ] } },
{ "type": "Feature", "properties": { "boden": "70 % kräftig, mäßig frisch (K2) · 30 % kräftig, mäßig frisch (K2)" }, "geometry": { "type": "Polygon", "coordinates": [ [ [ 13.84314, 52.66802 ], [ 13.84408, 52.66795 ], [ 13.84444, 52.66788 ], [ 13.84412, 52.66787 ], [ 13.84371, 52.66776 ], [ 13.84303, 52.66768 ], [ 13.84278, 52.66761 ], [ 13.84266, 52.66752 ], [ 13.84261, 52.6674 ], [ 13.84264, 52.66727 ], [ 13.8432, 52.66705 ], [ 13.84355, 52.66685 ], [ 13.84383, 52.66686 ], [ 13.84438, 52.66721 ], [ 13.84473, 52.66723 ], [ 13.84488, 52.6673 ], [ 13.84527, 52.66724 ], [ 13.84516, 52.66742 ], [ 13.84523, 52.66769 ], [ 13.84615, 52.66743 ], [ 13.84611, 52.66737 ], [ 13.84637, 52.66725 ], [ 13.8473, 52.66699 ], [ 13.84746, 52.66657 ], [ 13.84691, 52.6665 ], [ 13.84679, 52.66646 ], [ 13.84675, 52.66638 ], [ 13.84691, 52.66635 ], [ 13.84724, 52.66645 ], [ 13.8475, 52.66645 ], [ 13.8477, 52.66596 ], [ 13.84742, 52.66585 ], [ 13.8472, 52.66567 ], [ 13.84712, 52.66539 ], [ 13.84722, 52.66533 ], [ 13.84741, 52.66548 ], [ 13.84759, 52.66555 ], [ 13.8477, 52.66554 ], [ 13.84766, 52.66536 ], [ 13.84728, 52.66509 ], [ 13.84727, 52.66491 ], [ 13.84735, 52.66486 ], [ 13.84773, 52.66488 ], [ 13.8479, 52.66482 ], [ 13.84808, 52.6644 ], [ 13.84805, 52.66421 ], [ 13.84779, 52.66389 ], [ 13.84747, 52.66297 ], [ 13.84737, 52.6634 ], [ 13.84725, 52.66348 ], [ 13.84694, 52.66347 ], [ 13.84665, 52.66353 ], [ 13.84601, 52.6638 ], [ 13.84585, 52.66376 ], [ 13.84571, 52.66359 ], [ 13.84489, 52.66437 ], [ 13.84419, 52.66521 ], [ 13.84458, 52.66513 ], [ 13.84502, 52.66517 ], [ 13.84527, 52.66526 ], [ 13.84531, 52.66538 ], [ 13.84506, 52.66555 ], [ 13.84461, 52.66564 ], [ 13.84419, 52.66581 ], [ 13.84403, 52.66597 ], [ 13.84398, 52.6663 ], [ 13.8438, 52.66644 ], [ 13.8437, 52.6667 ], [ 13.84325, 52.66687 ], [ 13.84303, 52.66704 ], [ 13.84232, 52.66697 ], [ 13.84269, 52.66654 ], [ 13.84267, 52.66646 ], [ 13.8425, 52.66635 ], [ 13.84253, 52.66608 ], [ 13.84271, 52.66603 ], [ 13.84294, 52.66588 ], [ 13.84303, 52.66579 ], [ 13.843, 52.66561 ], [ 13.84198, 52.66579 ], [ 13.84133, 52.66582 ], [ 13.84048, 52.666 ], [ 13.83884, 52.66615 ], [ 13.83784, 52.6663 ], [ 13.83749, 52.66642 ], [ 13.8374, 52.66653 ], [ 13.83713, 52.66718 ], [ 13.83707, 52.66753 ], [ 13.8371, 52.66787 ], [ 13.8374, 52.66844 ], [ 13.83782, 52.66871 ], [ 13.83832, 52.66878 ], [ 13.83918, 52.66866 ], [ 13.83999, 52.66838 ], [ 13.84055, 52.66806 ], [ 13.84109, 52.66791 ], [ 13.84162, 52.6679 ], [ 13.84314, 52.66802 ] ], [ [ 13.84078, 52.66668 ], [ 13.84084, 52.66678 ], [ 13.84075, 52.66684 ], [ 13.8403, 52.66695 ], [ 13.84008, 52.66685 ], [ 13.83999, 52.66665 ], [ 13.84007, 52.66655 ], [ 13.84041, 52.66652 ], [ 13.84078, 52.66668 ] ], [ [ 13.84584, 52.66632 ], [ 13.84598, 52.66665 ], [ 13.84544, 52.66676 ], [ 13.84484, 52.66679 ], [ 13.84432, 52.66676 ], [ 13.84405, 52.66672 ], [ 13.84397, 52.66663 ], [ 13.844, 52.66647 ], [ 13.8441, 52.6664 ], [ 13.84456, 52.66627 ], [ 13.84551, 52.66623 ], [ 13.84574, 52.66626 ], [ 13.84584, 52.66632 ] ], [ [ 13.84488, 52.66602 ], [ 13.84457, 52.66599 ], [ 13.84445, 52.66594 ], [ 13.84451, 52.66582 ], [ 13.8449, 52.66569 ], [ 13.8456, 52.66567 ], [ 13.84601, 52.66576 ], [ 13.84616, 52.66589 ], [ 13.84609, 52.66598 ], [ 13.8455, 52.66594 ], [ 13.84488, 52.66602 ] ], [ [ 13.84689, 52.66518 ], [ 13.84692, 52.66553 ], [ 13.8468, 52.66563 ], [ 13.84663, 52.66563 ], [ 13.84644, 52.66551 ], [ 13.84642, 52.66538 ], [ 13.84669, 52.66514 ], [ 13.84689, 52.66518 ] ], [ [ 13.84527, 52.6646 ], [ 13.84536, 52.66465 ], [ 13.84535, 52.66472 ], [ 13.84521, 52.66484 ], [ 13.8449, 52.6649 ], [ 13.84462, 52.66485 ], [ 13.8446, 52.66479 ], [ 13.84471, 52.66467 ], [ 13.84494, 52.66457 ], [ 13.84527, 52.6646 ] ], [ [ 13.84762, 52.66417 ], [ 13.84759, 52.66434 ], [ 13.84732, 52.66449 ], [ 13.84731, 52.66414 ], [ 13.84736, 52.66411 ], [ 13.84754, 52.66412 ], [ 13.84762, 52.66417 ] ] ] } },
{ "type": "Feature", "properties": { "boden": "70 % kräftig, trocken (vermutet) (K3) · 30 % kräftig, trocken (vermutet) (K3)" }, "geometry": { "type": "Polygon", "coordinates": [ [ [ 13.84406, 52.66536 ], [ 13.84382, 52.66546 ], [ 13.843, 52.66561 ], [ 13.84303, 52.66579 ], [ 13.84294, 52.66588 ], [ 13.84271, 52.66603 ], [ 13.84253, 52.66608 ], [ 13.8425, 52.66635 ], [ 13.84267, 52.66646 ], [ 13.84269, 52.66654 ], [ 13.84232, 52.66697 ], [ 13.84303, 52.66704 ], [ 13.84325, 52.66687 ], [ 13.84364, 52.66675 ], [ 13.8438, 52.66644 ], [ 13.84398, 52.6663 ], [ 13.84409, 52.66589 ], [ 13.84447, 52.66569 ], [ 13.84517, 52.6655 ], [ 13.84531, 52.66532 ], [ 13.84502, 52.66517 ], [ 13.84458, 52.66513 ], [ 13.84419, 52.66521 ], [ 13.84406, 52.66536 ] ] ] } },
{ "type": "Feature", "properties": { "boden": "70 % kräftig, mäßig frisch (K2) · 30 % kräftig, mäßig frisch (K2)" }, "geometry": { "type": "Polygon", "coordinates": [ [ [ 13.8475, 52.66645 ], [ 13.84724, 52.66645 ], [ 13.84691, 52.66635 ], [ 13.84675, 52.66638 ], [ 13.84679, 52.66646 ], [ 13.84691, 52.6665 ], [ 13.84737, 52.66658 ], [ 13.84746, 52.66657 ], [ 13.8475, 52.66645 ] ] ] } },
{ "type": "Feature", "properties": { "boden": "70 % kräftig, mäßig frisch (K2) · 30 % kräftig, mäßig frisch (K2)" }, "geometry": { "type": "Polygon", "coordinates": [ [ [ 13.84574, 52.66626 ], [ 13.84491, 52.66623 ], [ 13.84428, 52.66633 ], [ 13.844, 52.66647 ], [ 13.84397, 52.66663 ], [ 13.84405, 52.66672 ], [ 13.84484, 52.66679 ], [ 13.84528, 52.66678 ], [ 13.84591, 52.66668 ], [ 13.84598, 52.66665 ], [ 13.84584, 52.66632 ], [ 13.84574, 52.66626 ] ] ] } },
{ "type": "Feature", "properties": { "boden": "100 % mittel, mäßig frisch (M2)" }, "geometry": { "type": "Polygon", "coordinates": [ [ [ 13.84016, 52.66303 ], [ 13.83971, 52.66311 ], [ 13.83959, 52.66321 ], [ 13.83991, 52.66334 ], [ 13.84051, 52.66343 ], [ 13.84076, 52.66325 ], [ 13.8407, 52.66317 ], [ 13.84041, 52.66306 ], [ 13.84016, 52.66303 ] ] ] } },
{ "type": "Feature", "properties": { "boden": "100 % kräftig, mäßig frisch (K2)" }, "geometry": { "type": "Polygon", "coordinates": [ [ [ 13.83614, 52.6643 ], [ 13.83656, 52.66384 ], [ 13.83655, 52.66372 ], [ 13.83642, 52.66363 ], [ 13.83618, 52.66365 ], [ 13.83596, 52.66372 ], [ 13.8358, 52.66398 ], [ 13.83575, 52.66434 ], [ 13.83614, 52.6643 ] ] ] } },
{ "type": "Feature", "properties": { "boden": "100 % mittel, trocken (vermutet) (M3)" }, "geometry": { "type": "Polygon", "coordinates": [ [ [ 13.83956, 52.66451 ], [ 13.83947, 52.66452 ], [ 13.83943, 52.66459 ], [ 13.83956, 52.66487 ], [ 13.83986, 52.66499 ], [ 13.84014, 52.66495 ], [ 13.84015, 52.66481 ], [ 13.83999, 52.66466 ], [ 13.83956, 52.66451 ] ] ] } },
{ "type": "Feature", "properties": { "boden": "100 % mittel, trocken (vermutet) (M3)" }, "geometry": { "type": "Polygon", "coordinates": [ [ [ 13.8398, 52.66527 ], [ 13.83943, 52.6653 ], [ 13.83937, 52.66536 ], [ 13.8394, 52.66558 ], [ 13.83954, 52.6657 ], [ 13.83968, 52.66572 ], [ 13.83981, 52.66567 ], [ 13.84003, 52.66543 ], [ 13.83997, 52.66531 ], [ 13.8398, 52.66527 ] ] ] } },
{ "type": "Feature", "properties": { "boden": "70 % kräftig, trocken (vermutet) (K3) · 30 % kräftig, trocken (vermutet) (K3)" }, "geometry": { "type": "Polygon", "coordinates": [ [ [ 13.84041, 52.66652 ], [ 13.84007, 52.66655 ], [ 13.83999, 52.66665 ], [ 13.84008, 52.66685 ], [ 13.8403, 52.66695 ], [ 13.84052, 52.66692 ], [ 13.84084, 52.66678 ], [ 13.84062, 52.66658 ], [ 13.84041, 52.66652 ] ] ] } },
{ "type": "Feature", "properties": { "boden": "100 % mittel, mäßig frisch (M2)" }, "geometry": { "type": "Polygon", "coordinates": [ [ [ 13.83646, 52.67843 ], [ 13.83832, 52.67786 ], [ 13.83752, 52.67688 ], [ 13.83755, 52.67665 ], [ 13.83787, 52.67658 ], [ 13.83949, 52.67653 ], [ 13.83982, 52.67648 ], [ 13.84053, 52.67617 ], [ 13.84135, 52.67626 ], [ 13.84178, 52.67646 ], [ 13.8422, 52.67678 ], [ 13.8424, 52.67671 ], [ 13.8434, 52.67674 ], [ 13.84377, 52.67667 ], [ 13.84425, 52.67646 ], [ 13.8444, 52.67648 ], [ 13.84447, 52.67659 ], [ 13.84445, 52.67679 ], [ 13.84425, 52.67693 ], [ 13.84355, 52.67697 ], [ 13.84317, 52.67709 ], [ 13.84259, 52.67712 ], [ 13.84295, 52.67728 ], [ 13.844, 52.67757 ], [ 13.84466, 52.67765 ], [ 13.84821, 52.67673 ], [ 13.84787, 52.67596 ], [ 13.84748, 52.67552 ], [ 13.84739, 52.67551 ], [ 13.84723, 52.67559 ], [ 13.84723, 52.67608 ], [ 13.84714, 52.67625 ], [ 13.84693, 52.67643 ], [ 13.84677, 52.67647 ], [ 13.84646, 52.67666 ], [ 13.84629, 52.67669 ], [ 13.84605, 52.6766 ], [ 13.84594, 52.67633 ], [ 13.84607, 52.67616 ], [ 13.84641, 52.67601 ], [ 13.84652, 52.67575 ], [ 13.84682, 52.67555 ], [ 13.84664, 52.67535 ], [ 13.84664, 52.67525 ], [ 13.84696, 52.67505 ], [ 13.84712, 52.67487 ], [ 13.84747, 52.67472 ], [ 13.84758, 52.6746 ], [ 13.84753, 52.67449 ], [ 13.84686, 52.67414 ], [ 13.84714, 52.674 ], [ 13.84729, 52.67382 ], [ 13.84731, 52.67339 ], [ 13.8472, 52.67288 ], [ 13.84734, 52.67268 ], [ 13.84783, 52.6723 ], [ 13.84796, 52.67207 ], [ 13.84805, 52.67156 ], [ 13.8485, 52.67173 ], [ 13.84869, 52.67191 ], [ 13.84851, 52.6727 ], [ 13.84833, 52.67304 ], [ 13.8486, 52.67287 ], [ 13.84878, 52.67223 ], [ 13.84878, 52.67191 ], [ 13.84862, 52.67144 ], [ 13.84859, 52.67114 ], [ 13.84838, 52.67077 ], [ 13.84814, 52.67051 ], [ 13.84747, 52.67098 ], [ 13.84783, 52.67098 ], [ 13.848, 52.67108 ], [ 13.84802, 52.67117 ], [ 13.84781, 52.67138 ], [ 13.84777, 52.67198 ], [ 13.84766, 52.67222 ], [ 13.84734, 52.67248 ], [ 13.84683, 52.67276 ], [ 13.84662, 52.67299 ], [ 13.84664, 52.67308 ], [ 13.84691, 52.67313 ], [ 13.84705, 52.67324 ], [ 13.847, 52.67377 ], [ 13.84692, 52.67385 ], [ 13.84667, 52.67391 ], [ 13.84637, 52.67392 ], [ 13.84624, 52.67378 ], [ 13.84593, 52.67373 ], [ 13.84581, 52.67345 ], [ 13.84527, 52.67419 ], [ 13.84522, 52.67494 ], [ 13.84541, 52.67561 ], [ 13.84505, 52.67607 ], [ 13.84462, 52.67628 ], [ 13.8441, 52.67643 ], [ 13.8434, 52.6765 ], [ 13.84277, 52.67647 ], [ 13.84258, 52.67637 ], [ 13.84302, 52.67555 ], [ 13.84304, 52.67534 ], [ 13.84263, 52.6745 ], [ 13.84272, 52.67431 ], [ 13.84316, 52.67397 ], [ 13.84399, 52.67354 ], [ 13.84464, 52.67311 ], [ 13.84527, 52.6728 ], [ 13.84564, 52.67269 ], [ 13.84563, 52.67259 ], [ 13.84584, 52.67241 ], [ 13.84666, 52.672 ], [ 13.84705, 52.67168 ], [ 13.84738, 52.67106 ], [ 13.84699, 52.67133 ], [ 13.84663, 52.67142 ], [ 13.84601, 52.67136 ], [ 13.84528, 52.67112 ], [ 13.84402, 52.67089 ], [ 13.84283, 52.67057 ], [ 13.84262, 52.67054 ], [ 13.84137, 52.67055 ], [ 13.84069, 52.67106 ], [ 13.84041, 52.67121 ], [ 13.83975, 52.67143 ], [ 13.83946, 52.67161 ], [ 13.83928, 52.6718 ], [ 13.83912, 52.67222 ], [ 13.83925, 52.67331 ], [ 13.83919, 52.67381 ], [ 13.83899, 52.6741 ], [ 13.83874, 52.67428 ], [ 13.83838, 52.67434 ], [ 13.83787, 52.67436 ], [ 13.83644, 52.6743 ], [ 13.83611, 52.67423 ], [ 13.83559, 52.67398 ], [ 13.83525, 52.67363 ], [ 13.83516, 52.67318 ], [ 13.83524, 52.67263 ], [ 13.83543, 52.67242 ], [ 13.83605, 52.67221 ], [ 13.83806, 52.67177 ], [ 13.83864, 52.67138 ], [ 13.83883, 52.6712 ], [ 13.83892, 52.67066 ], [ 13.83873, 52.67032 ], [ 13.83881, 52.67 ], [ 13.83931, 52.66975 ], [ 13.83968, 52.66961 ], [ 13.84019, 52.66949 ], [ 13.84098, 52.66954 ], [ 13.8416, 52.66968 ], [ 13.84437, 52.66885 ], [ 13.84502, 52.66871 ], [ 13.84586, 52.66863 ], [ 13.8469, 52.66861 ], [ 13.84626, 52.66832 ], [ 13.84644, 52.66824 ], [ 13.84703, 52.66823 ], [ 13.8471, 52.66802 ], [ 13.84707, 52.66782 ], [ 13.84689, 52.66775 ], [ 13.84676, 52.66778 ], [ 13.8467, 52.66779 ], [ 13.84649, 52.66787 ], [ 13.84626, 52.66791 ], [ 13.84587, 52.66793 ], [ 13.84587, 52.66787 ], [ 13.84631, 52.66775 ], [ 13.84658, 52.66758 ], [ 13.84615, 52.66743 ], [ 13.84451, 52.66786 ], [ 13.84374, 52.66799 ], [ 13.84386, 52.66804 ], [ 13.84378, 52.66812 ], [ 13.84355, 52.6682 ], [ 13.84288, 52.66831 ], [ 13.84269, 52.6683 ], [ 13.84257, 52.66817 ], [ 13.84261, 52.66807 ], [ 13.84278, 52.66799 ], [ 13.84162, 52.6679 ], [ 13.84109, 52.66791 ], [ 13.84055, 52.66806 ], [ 13.83999, 52.66838 ], [ 13.83918, 52.66866 ], [ 13.83832, 52.66878 ], [ 13.83804, 52.66876 ], [ 13.83782, 52.66871 ], [ 13.8374, 52.66844 ], [ 13.83714, 52.66803 ], [ 13.83707, 52.66753 ], [ 13.83713, 52.66718 ], [ 13.8374, 52.66653 ], [ 13.83749, 52.66642 ], [ 13.83768, 52.66633 ], [ 13.83884, 52.66615 ], [ 13.84048, 52.666 ], [ 13.84133, 52.66582 ], [ 13.84198, 52.66579 ], [ 13.843, 52.66561 ], [ 13.84271, 52.66511 ], [ 13.84276, 52.66495 ], [ 13.84302, 52.66498 ], [ 13.84328, 52.66517 ], [ 13.84352, 52.66525 ], [ 13.84398, 52.66526 ], [ 13.84419, 52.66521 ], [ 13.84489, 52.66437 ], [ 13.84607, 52.66329 ], [ 13.84671, 52.66296 ], [ 13.84713, 52.66285 ], [ 13.84742, 52.66287 ], [ 13.84711, 52.66256 ], [ 13.84638, 52.66262 ], [ 13.84656, 52.66243 ], [ 13.84684, 52.66173 ], [ 13.84676, 52.66119 ], [ 13.84603, 52.66029 ], [ 13.84604, 52.6601 ], [ 13.84612, 52.66003 ], [ 13.84631, 52.66009 ], [ 13.84649, 52.66007 ], [ 13.84664, 52.66014 ], [ 13.84657, 52.66007 ], [ 13.84665, 52.66004 ], [ 13.8461, 52.65991 ], [ 13.84501, 52.65947 ], [ 13.84453, 52.65933 ], [ 13.84371, 52.65929 ], [ 13.84336, 52.65932 ], [ 13.84281, 52.65939 ], [ 13.8427, 52.65945 ], [ 13.84269, 52.65953 ], [ 13.84256, 52.65958 ], [ 13.84215, 52.65963 ], [ 13.842, 52.65956 ], [ 13.84187, 52.65966 ], [ 13.84162, 52.65965 ], [ 13.84072, 52.65985 ], [ 13.84059, 52.65978 ], [ 13.84007, 52.65973 ], [ 13.83977, 52.65926 ], [ 13.83866, 52.65881 ], [ 13.8373, 52.65878 ], [ 13.83775, 52.65933 ], [ 13.83815, 52.65944 ], [ 13.83827, 52.65957 ], [ 13.83793, 52.65968 ], [ 13.83796, 52.65986 ], [ 13.8379, 52.66004 ], [ 13.83744, 52.66034 ], [ 13.83765, 52.6604 ], [ 13.83756, 52.66055 ], [ 13.8372, 52.66066 ], [ 13.83675, 52.66068 ], [ 13.83654, 52.66065 ], [ 13.83639, 52.66057 ], [ 13.83596, 52.66012 ], [ 13.83557, 52.65992 ], [ 13.83504, 52.65937 ], [ 13.83474, 52.65925 ], [ 13.83354, 52.659 ], [ 13.83298, 52.65858 ], [ 13.8297, 52.65992 ], [ 13.83016, 52.66014 ], [ 13.83078, 52.66034 ], [ 13.83322, 52.66088 ], [ 13.83377, 52.66106 ], [ 13.83412, 52.66089 ], [ 13.83437, 52.66089 ], [ 13.83465, 52.66094 ], [ 13.83491, 52.66116 ], [ 13.8355, 52.66125 ], [ 13.83583, 52.66126 ], [ 13.83571, 52.66135 ], [ 13.83873, 52.66047 ], [ 13.83904, 52.66066 ], [ 13.83913, 52.66087 ], [ 13.83846, 52.66174 ], [ 13.83833, 52.66202 ], [ 13.83832, 52.66221 ], [ 13.83846, 52.66255 ], [ 13.83889, 52.66311 ], [ 13.83886, 52.66335 ], [ 13.83872, 52.66342 ], [ 13.83843, 52.66352 ], [ 13.8374, 52.6637 ], [ 13.83657, 52.66418 ], [ 13.83623, 52.66428 ], [ 13.83564, 52.66434 ], [ 13.83538, 52.66433 ], [ 13.83488, 52.66421 ], [ 13.83408, 52.66365 ], [ 13.83251, 52.66228 ], [ 13.83191, 52.66241 ], [ 13.8313, 52.66226 ], [ 13.83077, 52.66258 ], [ 13.82989, 52.66275 ], [ 13.82934, 52.66275 ], [ 13.82844, 52.66264 ], [ 13.82778, 52.66233 ], [ 13.82713, 52.66217 ], [ 13.8264, 52.66262 ], [ 13.81899, 52.66282 ], [ 13.81886, 52.66313 ], [ 13.81881, 52.66362 ], [ 13.81901, 52.66553 ], [ 13.81949, 52.66574 ], [ 13.82018, 52.66592 ], [ 13.8208, 52.66602 ], [ 13.82123, 52.66602 ], [ 13.82177, 52.66598 ], [ 13.82367, 52.66553 ], [ 13.8253, 52.66546 ], [ 13.82599, 52.66537 ], [ 13.82709, 52.66537 ], [ 13.82763, 52.66551 ], [ 13.82846, 52.6659 ], [ 13.82911, 52.666 ], [ 13.83023, 52.66638 ], [ 13.8314, 52.66669 ], [ 13.83155, 52.66679 ], [ 13.83163, 52.66696 ], [ 13.83154, 52.66716 ], [ 13.83066, 52.66741 ], [ 13.82939, 52.66759 ], [ 13.82903, 52.66779 ], [ 13.82887, 52.66827 ], [ 13.829, 52.66868 ], [ 13.82932, 52.66939 ], [ 13.83169, 52.6732 ], [ 13.83167, 52.67359 ], [ 13.83472, 52.67827 ], [ 13.83498, 52.67825 ], [ 13.83512, 52.67842 ], [ 13.83543, 52.67865 ], [ 13.83646, 52.67843 ] ], [ [ 13.84692, 52.66778 ], [ 13.84707, 52.66786 ], [ 13.847, 52.66804 ], [ 13.84662, 52.66807 ], [ 13.84649, 52.66797 ], [ 13.8465, 52.66789 ], [ 13.84676, 52.66778 ], [ 13.84692, 52.66778 ] ], [ [ 13.84178, 52.66266 ], [ 13.84195, 52.66273 ], [ 13.84201, 52.66288 ], [ 13.84173, 52.66294 ], [ 13.84155, 52.66291 ], [ 13.84145, 52.66281 ], [ 13.84148, 52.66272 ], [ 13.84178, 52.66266 ] ], [ [ 13.83285, 52.67342 ], [ 13.83307, 52.67355 ], [ 13.83314, 52.67371 ], [ 13.83269, 52.67373 ], [ 13.83236, 52.67362 ], [ 13.83231, 52.67349 ], [ 13.83241, 52.67343 ], [ 13.83285, 52.67342 ] ], [ [ 13.83967, 52.66453 ], [ 13.83999, 52.66466 ], [ 13.84015, 52.66481 ], [ 13.84014, 52.66495 ], [ 13.83986, 52.66499 ], [ 13.83956, 52.66487 ], [ 13.83943, 52.66459 ], [ 13.83947, 52.66452 ], [ 13.83967, 52.66453 ] ], [ [ 13.83735, 52.67787 ], [ 13.8373, 52.67798 ], [ 13.83749, 52.67802 ], [ 13.83707, 52.67807 ], [ 13.83688, 52.67816 ], [ 13.83639, 52.67827 ], [ 13.83622, 52.67826 ], [ 13.83618, 52.67816 ], [ 13.83625, 52.67811 ], [ 13.8371, 52.67789 ], [ 13.83735, 52.67787 ] ], [ [ 13.8399, 52.66528 ], [ 13.84004, 52.66538 ], [ 13.83995, 52.66555 ], [ 13.83968, 52.66572 ], [ 13.83954, 52.6657 ], [ 13.8394, 52.66558 ], [ 13.83939, 52.66532 ], [ 13.83957, 52.66528 ], [ 13.8399, 52.66528 ] ], [ [ 13.83785, 52.6708 ], [ 13.83801, 52.67084 ], [ 13.83811, 52.67092 ], [ 13.83826, 52.67115 ], [ 13.83824, 52.67128 ], [ 13.83782, 52.67126 ], [ 13.8376, 52.67117 ], [ 13.83759, 52.67088 ], [ 13.83766, 52.67081 ], [ 13.83785, 52.6708 ] ], [ [ 13.84041, 52.66306 ], [ 13.8407, 52.66317 ], [ 13.84076, 52.66325 ], [ 13.84051, 52.66343 ], [ 13.83991, 52.66334 ], [ 13.83959, 52.66321 ], [ 13.83963, 52.66314 ], [ 13.83992, 52.66305 ], [ 13.84016, 52.66303 ], [ 13.84041, 52.66306 ] ], [ [ 13.83926, 52.66216 ], [ 13.84001, 52.66233 ], [ 13.84033, 52.66246 ], [ 13.84096, 52.66253 ], [ 13.8411, 52.66264 ], [ 13.84063, 52.66265 ], [ 13.83987, 52.66259 ], [ 13.83967, 52.6625 ], [ 13.83952, 52.6623 ], [ 13.83926, 52.66216 ] ], [ [ 13.84488, 52.66047 ], [ 13.84524, 52.66055 ], [ 13.84529, 52.66061 ], [ 13.84519, 52.66075 ], [ 13.84481, 52.6608 ], [ 13.84417, 52.66079 ], [ 13.84411, 52.66063 ], [ 13.84422, 52.66049 ], [ 13.84488, 52.66047 ] ], [ [ 13.8359, 52.67059 ], [ 13.83606, 52.6707 ], [ 13.83612, 52.67081 ], [ 13.83593, 52.67089 ], [ 13.83526, 52.67084 ], [ 13.83475, 52.67072 ], [ 13.83487, 52.67061 ], [ 13.83519, 52.67051 ], [ 13.83535, 52.6705 ], [ 13.83546, 52.67055 ], [ 13.8359, 52.67059 ] ], [ [ 13.83271, 52.67093 ], [ 13.83283, 52.67111 ], [ 13.83284, 52.67123 ], [ 13.83275, 52.67131 ], [ 13.83255, 52.67136 ], [ 13.83198, 52.67138 ], [ 13.83177, 52.67134 ], [ 13.83154, 52.67119 ], [ 13.83159, 52.67113 ], [ 13.83261, 52.67091 ], [ 13.83271, 52.67093 ] ], [ [ 13.83663, 52.67681 ], [ 13.83625, 52.67708 ], [ 13.83569, 52.67762 ], [ 13.83549, 52.67769 ], [ 13.83537, 52.67764 ], [ 13.83541, 52.67747 ], [ 13.8352, 52.67725 ], [ 13.83523, 52.67715 ], [ 13.83594, 52.677 ], [ 13.8364, 52.67681 ], [ 13.83663, 52.67681 ] ], [ [ 13.84571, 52.66104 ], [ 13.84571, 52.66115 ], [ 13.8454, 52.66136 ], [ 13.84489, 52.66163 ], [ 13.84424, 52.66167 ], [ 13.84394, 52.66162 ], [ 13.84417, 52.66142 ], [ 13.84462, 52.66123 ], [ 13.84542, 52.66104 ], [ 13.84571, 52.66104 ] ], [ [ 13.83563, 52.66976 ], [ 13.83574, 52.66983 ], [ 13.83563, 52.66994 ], [ 13.8354, 52.67004 ], [ 13.83503, 52.67012 ], [ 13.83344, 52.67024 ], [ 13.83324, 52.67022 ], [ 13.83328, 52.6701 ], [ 13.83366, 52.66991 ], [ 13.8345, 52.66988 ], [ 13.83546, 52.66975 ], [ 13.83563, 52.66976 ] ], [ [ 13.84027, 52.66127 ], [ 13.8406, 52.66137 ], [ 13.84093, 52.66155 ], [ 13.84114, 52.66177 ], [ 13.84106, 52.66189 ], [ 13.84094, 52.66195 ], [ 13.84034, 52.66208 ], [ 13.83984, 52.66177 ], [ 13.83969, 52.66145 ], [ 13.8399, 52.66131 ], [ 13.84027, 52.66127 ] ], [ [ 13.84547, 52.66188 ], [ 13.84567, 52.66205 ], [ 13.84604, 52.66219 ], [ 13.84589, 52.66228 ], [ 13.84508, 52.6625 ], [ 13.84453, 52.66255 ], [ 13.84325, 52.66252 ], [ 13.8428, 52.66248 ], [ 13.84268, 52.66239 ], [ 13.84269, 52.66223 ], [ 13.84281, 52.66215 ], [ 13.84304, 52.66209 ], [ 13.8441, 52.66205 ], [ 13.84497, 52.66188 ], [ 13.84547, 52.66188 ] ], [ [ 13.84509, 52.65976 ], [ 13.84536, 52.65995 ], [ 13.84527, 52.66001 ], [ 13.8447, 52.66005 ], [ 13.8442, 52.66018 ], [ 13.84351, 52.66065 ], [ 13.84271, 52.66094 ], [ 13.8422, 52.66102 ], [ 13.84182, 52.66102 ], [ 13.84143, 52.66097 ], [ 13.84123, 52.66086 ], [ 13.84123, 52.66077 ], [ 13.84149, 52.66062 ], [ 13.84156, 52.66049 ], [ 13.842, 52.66022 ], [ 13.84195, 52.66015 ], [ 13.8417, 52.66009 ], [ 13.84202, 52.66004 ], [ 13.84219, 52.65989 ], [ 13.84242, 52.6598 ], [ 13.84293, 52.6598 ], [ 13.84345, 52.65964 ], [ 13.84405, 52.65958 ], [ 13.84427, 52.65963 ], [ 13.84481, 52.65966 ], [ 13.84509, 52.65976 ] ] ] } },
{ "type": "Feature", "properties": { "boden": "100 % mittel, mäßig frisch (M2)" }, "geometry": { "type": "Polygon", "coordinates": [ [ [ 13.83546, 52.66975 ], [ 13.83473, 52.66986 ], [ 13.83366, 52.66991 ], [ 13.83328, 52.6701 ], [ 13.83324, 52.67022 ], [ 13.83344, 52.67024 ], [ 13.83503, 52.67012 ], [ 13.8354, 52.67004 ], [ 13.8357, 52.6699 ], [ 13.83574, 52.66983 ], [ 13.83563, 52.66976 ], [ 13.83546, 52.66975 ] ] ] } },
{ "type": "Feature", "properties": { "boden": "100 % mittel, trocken (vermutet) (M3)" }, "geometry": { "type": "Polygon", "coordinates": [ [ [ 13.8359, 52.67059 ], [ 13.83519, 52.67051 ], [ 13.83487, 52.67061 ], [ 13.83475, 52.67072 ], [ 13.8356, 52.67089 ], [ 13.83606, 52.67086 ], [ 13.83612, 52.67081 ], [ 13.83606, 52.6707 ], [ 13.8359, 52.67059 ] ] ] } },
{ "type": "Feature", "properties": { "boden": "100 % mittel, trocken (vermutet) (M3)" }, "geometry": { "type": "Polygon", "coordinates": [ [ [ 13.83777, 52.6708 ], [ 13.83759, 52.67088 ], [ 13.8376, 52.67117 ], [ 13.83782, 52.67126 ], [ 13.83824, 52.67128 ], [ 13.83826, 52.67115 ], [ 13.83811, 52.67092 ], [ 13.83801, 52.67084 ], [ 13.83777, 52.6708 ] ] ] } },
{ "type": "Feature", "properties": { "boden": "100 % kräftig, trocken (vermutet) (K3)" }, "geometry": { "type": "Polygon", "coordinates": [ [ [ 13.83906, 52.67112 ], [ 13.83892, 52.67116 ], [ 13.8389, 52.67134 ], [ 13.83906, 52.67143 ], [ 13.83936, 52.67144 ], [ 13.83945, 52.6714 ], [ 13.83943, 52.67128 ], [ 13.83928, 52.67118 ], [ 13.83906, 52.67112 ] ] ] } },
{ "type": "Feature", "properties": { "boden": "100 % mittel, trocken (vermutet) (M3)" }, "geometry": { "type": "Polygon", "coordinates": [ [ [ 13.84531, 52.65844 ], [ 13.84472, 52.65847 ], [ 13.84459, 52.65858 ], [ 13.84461, 52.65872 ], [ 13.84553, 52.65878 ], [ 13.84531, 52.65844 ] ] ] } },
{ "type": "Feature", "properties": { "boden": "100 % mittel, mäßig frisch (M2)" }, "geometry": { "type": "Polygon", "coordinates": [ [ [ 13.84531, 52.65844 ], [ 13.84553, 52.65878 ], [ 13.84583, 52.6588 ], [ 13.84553, 52.65845 ], [ 13.84531, 52.65844 ] ] ] } },
{ "type": "Feature", "properties": { "boden": "100 % mittel, mäßig frisch (M2)" }, "geometry": { "type": "Polygon", "coordinates": [ [ [ 13.84584, 52.65846 ], [ 13.84553, 52.65845 ], [ 13.84573, 52.65874 ], [ 13.84583, 52.6588 ], [ 13.84607, 52.65882 ], [ 13.84625, 52.65878 ], [ 13.84584, 52.65846 ] ] ] } },
{ "type": "Feature", "properties": { "boden": "100 % mittel, trocken (vermutet) (M3)" }, "geometry": { "type": "Polygon", "coordinates": [ [ [ 13.84553, 52.65878 ], [ 13.84461, 52.65872 ], [ 13.84459, 52.65858 ], [ 13.84472, 52.65847 ], [ 13.84531, 52.65844 ], [ 13.84514, 52.65824 ], [ 13.84433, 52.6584 ], [ 13.84402, 52.65862 ], [ 13.84403, 52.65869 ], [ 13.84494, 52.65882 ], [ 13.84524, 52.65891 ], [ 13.84554, 52.6591 ], [ 13.84573, 52.6591 ], [ 13.84553, 52.65878 ] ] ] } },
{ "type": "Feature", "properties": { "boden": "100 % mittel, mäßig frisch (M2)" }, "geometry": { "type": "Polygon", "coordinates": [ [ [ 13.84721, 52.65944 ], [ 13.84625, 52.65878 ], [ 13.84607, 52.65882 ], [ 13.84583, 52.6588 ], [ 13.84599, 52.65893 ], [ 13.84604, 52.65906 ], [ 13.84603, 52.65912 ], [ 13.84588, 52.65919 ], [ 13.8455, 52.65919 ], [ 13.84514, 52.65912 ], [ 13.84466, 52.65894 ], [ 13.84439, 52.65891 ], [ 13.84233, 52.65913 ], [ 13.8434, 52.65908 ], [ 13.84416, 52.6591 ], [ 13.84598, 52.65926 ], [ 13.84616, 52.65946 ], [ 13.8466, 52.65963 ], [ 13.84708, 52.65941 ], [ 13.84721, 52.65944 ] ] ] } },
{ "type": "Feature", "properties": { "boden": "40 % kräftig, mäßig frisch (K2) · 30 % reich, mäßig frisch (R2) · 30 % mittel, mäßig frisch (M2)" }, "geometry": { "type": "Polygon", "coordinates": [ [ [ 13.84689, 52.6592 ], [ 13.8475, 52.6596 ], [ 13.84806, 52.65973 ], [ 13.84808, 52.65948 ], [ 13.84802, 52.65939 ], [ 13.84737, 52.65924 ], [ 13.84697, 52.65911 ], [ 13.84689, 52.6592 ] ] ] } },
{ "type": "Feature", "properties": { "boden": "100 % mittel, mäßig frisch (M2)" }, "geometry": { "type": "Polygon", "coordinates": [ [ [ 13.84395, 52.65927 ], [ 13.84463, 52.65931 ], [ 13.8451, 52.65949 ], [ 13.84546, 52.65956 ], [ 13.84643, 52.65957 ], [ 13.84616, 52.65946 ], [ 13.84598, 52.65926 ], [ 13.84495, 52.65915 ], [ 13.8434, 52.65908 ], [ 13.84206, 52.65914 ], [ 13.84117, 52.65942 ], [ 13.84125, 52.65967 ], [ 13.84245, 52.65936 ], [ 13.84395, 52.65927 ] ] ] } },
{ "type": "Feature", "properties": { "boden": "100 % mittel, mäßig frisch (M2)" }, "geometry": { "type": "Polygon", "coordinates": [ [ [ 13.8466, 52.65963 ], [ 13.84643, 52.65957 ], [ 13.84531, 52.65954 ], [ 13.84463, 52.65931 ], [ 13.84436, 52.65927 ], [ 13.84371, 52.65929 ], [ 13.84453, 52.65933 ], [ 13.84544, 52.65962 ], [ 13.84627, 52.65967 ], [ 13.8466, 52.65963 ] ] ] } },
{ "type": "Feature", "properties": { "boden": "100 % mittel, trocken (vermutet) (M3)" }, "geometry": { "type": "Polygon", "coordinates": [ [ [ 13.8466, 52.65963 ], [ 13.84598, 52.65966 ], [ 13.84544, 52.65962 ], [ 13.84589, 52.65981 ], [ 13.84632, 52.65978 ], [ 13.84689, 52.65985 ], [ 13.84696, 52.65995 ], [ 13.84665, 52.66004 ], [ 13.84686, 52.66008 ], [ 13.84741, 52.66002 ], [ 13.84742, 52.65989 ], [ 13.84728, 52.65978 ], [ 13.8466, 52.65963 ] ] ] } },
{ "type": "Feature", "properties": { "boden": "100 % mittel, mäßig frisch (M2)" }, "geometry": { "type": "Polygon", "coordinates": [ [ [ 13.8461, 52.65991 ], [ 13.84665, 52.66004 ], [ 13.84697, 52.65991 ], [ 13.84689, 52.65985 ], [ 13.84665, 52.6598 ], [ 13.84632, 52.65978 ], [ 13.84589, 52.65981 ], [ 13.8461, 52.65991 ] ] ] } },
{ "type": "Feature", "properties": { "boden": "100 % mittel, trocken (vermutet) (M3)" }, "geometry": { "type": "Polygon", "coordinates": [ [ [ 13.84766, 52.65965 ], [ 13.84708, 52.65941 ], [ 13.8466, 52.65963 ], [ 13.84728, 52.65978 ], [ 13.84742, 52.65989 ], [ 13.84741, 52.66002 ], [ 13.84686, 52.66008 ], [ 13.84665, 52.66004 ], [ 13.84657, 52.66007 ], [ 13.84659, 52.66011 ], [ 13.8477, 52.6606 ], [ 13.84808, 52.66072 ], [ 13.84784, 52.66062 ], [ 13.84755, 52.66037 ], [ 13.84754, 52.66016 ], [ 13.84767, 52.65993 ], [ 13.84768, 52.65975 ], [ 13.84766, 52.65965 ] ] ] } },
{ "type": "Feature", "properties": { "boden": "100 % mittel, mäßig frisch (M2)" }, "geometry": { "type": "Polygon", "coordinates": [ [ [ 13.8478, 52.66058 ], [ 13.84767, 52.66038 ], [ 13.84806, 52.65973 ], [ 13.84766, 52.65965 ], [ 13.84767, 52.65993 ], [ 13.84754, 52.66016 ], [ 13.84755, 52.66037 ], [ 13.84784, 52.66062 ], [ 13.84821, 52.66075 ], [ 13.8482, 52.6607 ], [ 13.8478, 52.66058 ] ] ] } },
{ "type": "Feature", "properties": { "boden": "100 % mittel, mäßig frisch (M2)" }, "geometry": { "type": "Polygon", "coordinates": [ [ [ 13.84815, 52.65989 ], [ 13.84806, 52.65973 ], [ 13.84767, 52.66038 ], [ 13.8478, 52.66058 ], [ 13.8482, 52.6607 ], [ 13.84814, 52.6601 ], [ 13.84821, 52.6599 ], [ 13.84815, 52.65989 ] ] ] } },
{ "type": "Feature", "properties": { "boden": "100 % mittel, trocken (vermutet) (M3)" }, "geometry": { "type": "Polygon", "coordinates": [ [ [ 13.84521, 52.65981 ], [ 13.84481, 52.65966 ], [ 13.84427, 52.65963 ], [ 13.84405, 52.65958 ], [ 13.84345, 52.65964 ], [ 13.84293, 52.6598 ], [ 13.84232, 52.65982 ], [ 13.84202, 52.66004 ], [ 13.8417, 52.66009 ], [ 13.84195, 52.66015 ], [ 13.842, 52.66022 ], [ 13.84156, 52.66049 ], [ 13.84149, 52.66062 ], [ 13.84123, 52.66077 ], [ 13.84123, 52.66086 ], [ 13.84143, 52.66097 ], [ 13.84182, 52.66102 ], [ 13.8422, 52.66102 ], [ 13.84271, 52.66094 ], [ 13.84351, 52.66065 ], [ 13.8442, 52.66018 ], [ 13.8447, 52.66005 ], [ 13.84533, 52.65999 ], [ 13.84534, 52.65991 ], [ 13.84521, 52.65981 ] ] ] } },
{ "type": "Feature", "properties": { "boden": "100 % mittel, mäßig frisch (M2)" }, "geometry": { "type": "Polygon", "coordinates": [ [ [ 13.84511, 52.6605 ], [ 13.84429, 52.66048 ], [ 13.84415, 52.66055 ], [ 13.84417, 52.66079 ], [ 13.84481, 52.6608 ], [ 13.84511, 52.66077 ], [ 13.84526, 52.6607 ], [ 13.84529, 52.66061 ], [ 13.84511, 52.6605 ] ] ] } },
{ "type": "Feature", "properties": { "boden": "100 % mittel, trocken (vermutet) (M3)" }, "geometry": { "type": "Polygon", "coordinates": [ [ [ 13.84571, 52.66104 ], [ 13.84542, 52.66104 ], [ 13.84462, 52.66123 ], [ 13.84417, 52.66142 ], [ 13.84394, 52.66162 ], [ 13.84424, 52.66167 ], [ 13.84489, 52.66163 ], [ 13.8454, 52.66136 ], [ 13.84571, 52.66115 ], [ 13.84571, 52.66104 ] ] ] } },
{ "type": "Feature", "properties": { "boden": "100 % mittel, mäßig frisch (M2)" }, "geometry": { "type": "Polygon", "coordinates": [ [ [ 13.84524, 52.66186 ], [ 13.84468, 52.66192 ], [ 13.8441, 52.66205 ], [ 13.84304, 52.66209 ], [ 13.84281, 52.66215 ], [ 13.84269, 52.66223 ], [ 13.84268, 52.66239 ], [ 13.8428, 52.66248 ], [ 13.84325, 52.66252 ], [ 13.84453, 52.66255 ], [ 13.84508, 52.6625 ], [ 13.84597, 52.66226 ], [ 13.84604, 52.66219 ], [ 13.84599, 52.66214 ], [ 13.84567, 52.66205 ], [ 13.84555, 52.66191 ], [ 13.84524, 52.66186 ] ] ] } },
{ "type": "Feature", "properties": { "boden": "100 % mittel, trocken (vermutet) (M3)" }, "geometry": { "type": "Polygon", "coordinates": [ [ [ 13.84171, 52.66266 ], [ 13.84148, 52.66272 ], [ 13.84149, 52.66287 ], [ 13.84163, 52.66293 ], [ 13.84195, 52.66291 ], [ 13.84203, 52.66284 ], [ 13.84195, 52.66273 ], [ 13.84171, 52.66266 ] ] ] } },
{ "type": "Feature", "properties": { "boden": "40 % kräftig, mäßig frisch (K2) · 30 % reich, mäßig frisch (R2) · 30 % mittel, mäßig frisch (M2)" }, "geometry": { "type": "Polygon", "coordinates": [ [ [ 13.84711, 52.66256 ], [ 13.84742, 52.66287 ], [ 13.84761, 52.66326 ], [ 13.84774, 52.66303 ], [ 13.84747, 52.66285 ], [ 13.84743, 52.66274 ], [ 13.84775, 52.66254 ], [ 13.84711, 52.66256 ] ] ] } },
{ "type": "Feature", "properties": { "boden": "70 % kräftig, trocken (vermutet) (K3) · 30 % kräftig, trocken (vermutet) (K3)" }, "geometry": { "type": "Polygon", "coordinates": [ [ [ 13.84746, 52.66317 ], [ 13.84742, 52.66287 ], [ 13.84713, 52.66285 ], [ 13.84671, 52.66296 ], [ 13.84628, 52.66315 ], [ 13.84571, 52.66359 ], [ 13.84585, 52.66376 ], [ 13.84601, 52.6638 ], [ 13.84665, 52.66353 ], [ 13.84694, 52.66347 ], [ 13.84732, 52.66346 ], [ 13.84746, 52.66317 ] ] ] } },
{ "type": "Feature", "properties": { "boden": "40 % kräftig, mäßig frisch (K2) · 30 % reich, mäßig frisch (R2) · 30 % mittel, mäßig frisch (M2)" }, "geometry": { "type": "Polygon", "coordinates": [ [ [ 13.8473, 52.66699 ], [ 13.84706, 52.66707 ], [ 13.84742, 52.66706 ], [ 13.84764, 52.66697 ], [ 13.84788, 52.66675 ], [ 13.84782, 52.66657 ], [ 13.84746, 52.66657 ], [ 13.8473, 52.66699 ] ] ] } },
{ "type": "Feature", "properties": { "boden": "70 % kräftig, mäßig frisch (K2) · 30 % kräftig, mäßig frisch (K2)" }, "geometry": { "type": "Polygon", "coordinates": [ [ [ 13.84523, 52.66769 ], [ 13.84516, 52.66742 ], [ 13.84527, 52.66724 ], [ 13.84488, 52.6673 ], [ 13.84473, 52.66723 ], [ 13.84438, 52.66721 ], [ 13.84393, 52.66691 ], [ 13.84373, 52.66684 ], [ 13.84347, 52.66689 ], [ 13.8432, 52.66705 ], [ 13.84271, 52.66722 ], [ 13.84261, 52.66733 ], [ 13.84266, 52.66752 ], [ 13.84289, 52.66765 ], [ 13.84371, 52.66776 ], [ 13.84412, 52.66787 ], [ 13.84451, 52.66786 ], [ 13.84523, 52.66769 ] ] ] } },
{ "type": "Feature", "properties": { "boden": "40 % kräftig, mäßig frisch (K2) · 30 % reich, mäßig frisch (R2) · 30 % mittel, mäßig frisch (M2)" }, "geometry": { "type": "Polygon", "coordinates": [ [ [ 13.84659, 52.6672 ], [ 13.84611, 52.66737 ], [ 13.84617, 52.66746 ], [ 13.84658, 52.66758 ], [ 13.84725, 52.66737 ], [ 13.84711, 52.66728 ], [ 13.84659, 52.6672 ] ] ] } },
{ "type": "Feature", "properties": { "boden": "100 % mittel, mäßig frisch (M2)" }, "geometry": { "type": "Polygon", "coordinates": [ [ [ 13.84689, 52.66775 ], [ 13.84698, 52.66776 ], [ 13.84658, 52.66758 ], [ 13.84631, 52.66775 ], [ 13.84587, 52.66787 ], [ 13.84584, 52.66791 ], [ 13.84593, 52.66794 ], [ 13.84626, 52.66791 ], [ 13.84689, 52.66775 ] ] ] } },
{ "type": "Feature", "properties": { "boden": "100 % mittel, trocken (vermutet) (M3)" }, "geometry": { "type": "Polygon", "coordinates": [ [ [ 13.84655, 52.66785 ], [ 13.84649, 52.66797 ], [ 13.84662, 52.66807 ], [ 13.847, 52.66804 ], [ 13.84707, 52.66786 ], [ 13.84701, 52.66781 ], [ 13.84676, 52.66778 ], [ 13.84655, 52.66785 ] ] ] } },
{ "type": "Feature", "properties": { "boden": "100 % mittel, mäßig frisch (M2)" }, "geometry": { "type": "Polygon", "coordinates": [ [ [ 13.84374, 52.66799 ], [ 13.84278, 52.66799 ], [ 13.84261, 52.66807 ], [ 13.84257, 52.66817 ], [ 13.84273, 52.66831 ], [ 13.84355, 52.6682 ], [ 13.84378, 52.66812 ], [ 13.84386, 52.66804 ], [ 13.84374, 52.66799 ] ] ] } },
{ "type": "Feature", "properties": { "boden": "100 % mittel, mäßig frisch (M2)" }, "geometry": { "type": "Polygon", "coordinates": [ [ [ 13.84701, 52.66824 ], [ 13.84644, 52.66824 ], [ 13.84627, 52.66834 ], [ 13.84644, 52.66837 ], [ 13.84676, 52.66857 ], [ 13.8469, 52.6686 ], [ 13.84701, 52.66824 ] ] ] } },
{ "type": "Feature", "properties": { "boden": "100 % kräftig, trocken (vermutet) (K3)" }, "geometry": { "type": "Polygon", "coordinates": [ [ [ 13.84593, 52.66906 ], [ 13.84581, 52.66873 ], [ 13.8456, 52.66872 ], [ 13.8454, 52.66881 ], [ 13.84506, 52.66886 ], [ 13.84487, 52.66897 ], [ 13.84447, 52.669 ], [ 13.8443, 52.66912 ], [ 13.84426, 52.66925 ], [ 13.84435, 52.66948 ], [ 13.8448, 52.66971 ], [ 13.84511, 52.6697 ], [ 13.84544, 52.66955 ], [ 13.8458, 52.6693 ], [ 13.84593, 52.66906 ] ] ] } },
{ "type": "Feature", "properties": { "boden": "100 % kräftig, mäßig frisch (K2)" }, "geometry": { "type": "Polygon", "coordinates": [ [ [ 13.84716, 52.66934 ], [ 13.84698, 52.6695 ], [ 13.84677, 52.66958 ], [ 13.84595, 52.66954 ], [ 13.84577, 52.66963 ], [ 13.84577, 52.66976 ], [ 13.84589, 52.66978 ], [ 13.84631, 52.66969 ], [ 13.84647, 52.66976 ], [ 13.84697, 52.6698 ], [ 13.84748, 52.66993 ], [ 13.84726, 52.66958 ], [ 13.84724, 52.66918 ], [ 13.84716, 52.66934 ] ] ] } },
{ "type": "Feature", "properties": { "boden": "100 % kräftig, mäßig frisch (K2)" }, "geometry": { "type": "Polygon", "coordinates": [ [ [ 13.84699, 52.67133 ], [ 13.84814, 52.67051 ], [ 13.84748, 52.66993 ], [ 13.84697, 52.6698 ], [ 13.84647, 52.66976 ], [ 13.84631, 52.66969 ], [ 13.84589, 52.66978 ], [ 13.84577, 52.66976 ], [ 13.84575, 52.66971 ], [ 13.84581, 52.6696 ], [ 13.84595, 52.66954 ], [ 13.84677, 52.66958 ], [ 13.84698, 52.6695 ], [ 13.84716, 52.66934 ], [ 13.84724, 52.66918 ], [ 13.84717, 52.66884 ], [ 13.8469, 52.66861 ], [ 13.84586, 52.66863 ], [ 13.84502, 52.66871 ], [ 13.84437, 52.66885 ], [ 13.84151, 52.6697 ], [ 13.84133, 52.6698 ], [ 13.84118, 52.67005 ], [ 13.84118, 52.67042 ], [ 13.84137, 52.67055 ], [ 13.84156, 52.67057 ], [ 13.84192, 52.67053 ], [ 13.84171, 52.6705 ], [ 13.84164, 52.67044 ], [ 13.84206, 52.67032 ], [ 13.84224, 52.67015 ], [ 13.84278, 52.67008 ], [ 13.8429, 52.67 ], [ 13.84295, 52.67007 ], [ 13.8428, 52.67047 ], [ 13.84286, 52.6705 ], [ 13.84303, 52.67044 ], [ 13.84319, 52.67047 ], [ 13.84288, 52.67058 ], [ 13.84402, 52.67089 ], [ 13.84528, 52.67112 ], [ 13.84601, 52.67136 ], [ 13.84663, 52.67142 ], [ 13.84699, 52.67133 ] ], [ [ 13.84649, 52.67014 ], [ 13.84636, 52.67048 ], [ 13.84608, 52.67061 ], [ 13.84591, 52.6706 ], [ 13.84576, 52.67038 ], [ 13.84591, 52.67013 ], [ 13.84626, 52.66998 ], [ 13.84642, 52.66997 ], [ 13.84649, 52.67014 ] ], [ [ 13.84589, 52.66918 ], [ 13.84564, 52.66942 ], [ 13.84499, 52.66973 ], [ 13.8448, 52.66971 ], [ 13.84457, 52.66962 ], [ 13.84435, 52.66948 ], [ 13.84425, 52.66933 ], [ 13.8443, 52.66912 ], [ 13.84447, 52.669 ], [ 13.84487, 52.66897 ], [ 13.84506, 52.66886 ], [ 13.8454, 52.66881 ], [ 13.8456, 52.66872 ], [ 13.84576, 52.66872 ], [ 13.84586, 52.66877 ], [ 13.84593, 52.66906 ], [ 13.84589, 52.66918 ] ] ] } },
{ "type": "Feature", "properties": { "boden": "70 % kräftig, mäßig frisch (K2) · 20 % mittel, mäßig frisch (M2) · 10 % reich, mäßig frisch (R2)" }, "geometry": { "type": "Polygon", "coordinates": [ [ [ 13.84983, 52.66101 ], [ 13.84911, 52.66094 ], [ 13.84916, 52.66084 ], [ 13.84903, 52.66076 ], [ 13.84876, 52.66079 ], [ 13.8482, 52.6607 ], [ 13.84821, 52.66076 ], [ 13.84897, 52.66095 ], [ 13.84943, 52.66101 ], [ 13.84983, 52.66101 ] ] ] } },
{ "type": "Feature", "properties": { "boden": "70 % kräftig, trocken (vermutet) (K3) · 20 % mittel, trocken (vermutet) (M3) · 10 % reich, trocken (vermutet) (R3)" }, "geometry": { "type": "Polygon", "coordinates": [ [ [ 13.85008, 52.66107 ], [ 13.84897, 52.66095 ], [ 13.84821, 52.66076 ], [ 13.84822, 52.66089 ], [ 13.84878, 52.66104 ], [ 13.84922, 52.66108 ], [ 13.85008, 52.66107 ] ] ] } },
{ "type": "Feature", "properties": { "boden": "40 % kräftig, mäßig frisch (K2) · 30 % reich, mäßig frisch (R2) · 30 % mittel, mäßig frisch (M2)" }, "geometry": { "type": "Polygon", "coordinates": [ [ [ 13.84779, 52.66389 ], [ 13.84805, 52.66421 ], [ 13.84808, 52.6644 ], [ 13.8479, 52.66482 ], [ 13.848, 52.66478 ], [ 13.84814, 52.66457 ], [ 13.84825, 52.66404 ], [ 13.84816, 52.6638 ], [ 13.84787, 52.66365 ], [ 13.84771, 52.66368 ], [ 13.84779, 52.66389 ] ] ] } },
{ "type": "Feature", "properties": { "boden": "40 % kräftig, mäßig frisch (K2) · 30 % reich, mäßig frisch (R2) · 30 % mittel, mäßig frisch (M2)" }, "geometry": { "type": "Polygon", "coordinates": [ [ [ 13.8477, 52.66596 ], [ 13.8475, 52.66645 ], [ 13.84803, 52.66627 ], [ 13.84817, 52.66609 ], [ 13.84808, 52.66601 ], [ 13.8477, 52.66596 ] ] ] } },
{ "type": "Feature", "properties": { "boden": "40 % kräftig, mäßig frisch (K2) · 30 % reich, mäßig frisch (R2) · 30 % mittel, mäßig frisch (M2)" }, "geometry": { "type": "Polygon", "coordinates": [ [ [ 13.84748, 52.66993 ], [ 13.84814, 52.67051 ], [ 13.84846, 52.6709 ], [ 13.84846, 52.67042 ], [ 13.8483, 52.67016 ], [ 13.84795, 52.67007 ], [ 13.84776, 52.67014 ], [ 13.84761, 52.66998 ], [ 13.84748, 52.66993 ] ] ] } },
{ "type": "Feature", "properties": { "boden": "40 % kräftig, mäßig frisch (K2) · 30 % reich, mäßig frisch (R2) · 30 % mittel, mäßig frisch (M2)" }, "geometry": { "type": "Polygon", "coordinates": [ [ [ 13.85117, 52.6783 ], [ 13.84996, 52.67778 ], [ 13.84975, 52.67741 ], [ 13.84971, 52.6772 ], [ 13.85006, 52.67671 ], [ 13.84978, 52.67657 ], [ 13.84899, 52.67566 ], [ 13.849, 52.675 ], [ 13.84886, 52.67486 ], [ 13.84866, 52.67438 ], [ 13.84883, 52.67386 ], [ 13.84877, 52.67372 ], [ 13.84893, 52.67339 ], [ 13.8491, 52.67322 ], [ 13.84907, 52.67286 ], [ 13.84915, 52.67261 ], [ 13.84911, 52.67197 ], [ 13.84893, 52.67127 ], [ 13.84899, 52.67083 ], [ 13.84874, 52.67038 ], [ 13.84878, 52.67023 ], [ 13.84874, 52.67014 ], [ 13.84839, 52.66991 ], [ 13.84831, 52.66971 ], [ 13.84805, 52.66945 ], [ 13.8479, 52.66875 ], [ 13.84789, 52.66784 ], [ 13.84803, 52.6675 ], [ 13.8486, 52.66679 ], [ 13.84872, 52.66623 ], [ 13.84876, 52.66596 ], [ 13.8486, 52.66571 ], [ 13.84858, 52.66555 ], [ 13.84878, 52.66529 ], [ 13.84904, 52.66389 ], [ 13.849, 52.66369 ], [ 13.84874, 52.66347 ], [ 13.84862, 52.66314 ], [ 13.84865, 52.66296 ], [ 13.84882, 52.66273 ], [ 13.84876, 52.66237 ], [ 13.84852, 52.66248 ], [ 13.84775, 52.66254 ], [ 13.84743, 52.66274 ], [ 13.84747, 52.66285 ], [ 13.84774, 52.66303 ], [ 13.84761, 52.66326 ], [ 13.84771, 52.66368 ], [ 13.84796, 52.66367 ], [ 13.84816, 52.6638 ], [ 13.84823, 52.66391 ], [ 13.84825, 52.66421 ], [ 13.84808, 52.66469 ], [ 13.8479, 52.66482 ], [ 13.84782, 52.66556 ], [ 13.8477, 52.66596 ], [ 13.84808, 52.66601 ], [ 13.84817, 52.66615 ], [ 13.84803, 52.66627 ], [ 13.8475, 52.66645 ], [ 13.84746, 52.66657 ], [ 13.84775, 52.66655 ], [ 13.84789, 52.66668 ], [ 13.84764, 52.66697 ], [ 13.84742, 52.66706 ], [ 13.84706, 52.66707 ], [ 13.84659, 52.6672 ], [ 13.84719, 52.66731 ], [ 13.84721, 52.66741 ], [ 13.84658, 52.66758 ], [ 13.84684, 52.66766 ], [ 13.84707, 52.66782 ], [ 13.8471, 52.66802 ], [ 13.84688, 52.66853 ], [ 13.84692, 52.66865 ], [ 13.84717, 52.66884 ], [ 13.84726, 52.66958 ], [ 13.84742, 52.66984 ], [ 13.84776, 52.67014 ], [ 13.84795, 52.67007 ], [ 13.8483, 52.67016 ], [ 13.84846, 52.67042 ], [ 13.84846, 52.6709 ], [ 13.84859, 52.67114 ], [ 13.84862, 52.67144 ], [ 13.84878, 52.67191 ], [ 13.84878, 52.67223 ], [ 13.8482, 52.67436 ], [ 13.84819, 52.67477 ], [ 13.84835, 52.67504 ], [ 13.84836, 52.67529 ], [ 13.84858, 52.67591 ], [ 13.8486, 52.67616 ], [ 13.84877, 52.67623 ], [ 13.84891, 52.67636 ], [ 13.84903, 52.67672 ], [ 13.84901, 52.67679 ], [ 13.84879, 52.67693 ], [ 13.84894, 52.67702 ], [ 13.84896, 52.67715 ], [ 13.84907, 52.67718 ], [ 13.84913, 52.67727 ], [ 13.84913, 52.67756 ], [ 13.84903, 52.67781 ], [ 13.84917, 52.67785 ], [ 13.84938, 52.67783 ], [ 13.84954, 52.67836 ], [ 13.85016, 52.67835 ], [ 13.85024, 52.67839 ], [ 13.85019, 52.67849 ], [ 13.85024, 52.67853 ], [ 13.85065, 52.67827 ], [ 13.85093, 52.67836 ], [ 13.85102, 52.67846 ], [ 13.85118, 52.67836 ], [ 13.85134, 52.67833 ], [ 13.85117, 52.6783 ] ] ] } },
{ "type": "Feature", "properties": { "boden": "40 % kräftig, trocken (vermutet) (K3) · 30 % reich, trocken (vermutet) (R3) · 30 % mittel, trocken (vermutet) (M3)" }, "geometry": { "type": "Polygon", "coordinates": [ [ [ 13.84833, 52.67304 ], [ 13.84805, 52.6735 ], [ 13.84793, 52.67431 ], [ 13.84795, 52.67459 ], [ 13.848, 52.67467 ], [ 13.84798, 52.67437 ], [ 13.84822, 52.67395 ], [ 13.84833, 52.67304 ] ] ] } },
{ "type": "Feature", "properties": { "boden": "40 % kräftig, mäßig frisch (K2) · 30 % reich, mäßig frisch (R2) · 30 % mittel, mäßig frisch (M2)" }, "geometry": { "type": "Polygon", "coordinates": [ [ [ 13.8486, 52.67287 ], [ 13.84833, 52.67304 ], [ 13.84822, 52.67395 ], [ 13.84796, 52.67451 ], [ 13.84836, 52.67529 ], [ 13.84835, 52.67504 ], [ 13.84819, 52.67477 ], [ 13.8482, 52.67436 ], [ 13.8486, 52.67287 ] ] ] } },
{ "type": "Feature", "properties": { "boden": "100 % mittel, mäßig frisch (M2)" }, "geometry": { "type": "Polygon", "coordinates": [ [ [ 13.8486, 52.67616 ], [ 13.84838, 52.67595 ], [ 13.84833, 52.6757 ], [ 13.84831, 52.67512 ], [ 13.848, 52.67467 ], [ 13.84818, 52.6751 ], [ 13.84819, 52.67597 ], [ 13.84832, 52.67618 ], [ 13.84862, 52.67642 ], [ 13.8486, 52.67616 ] ] ] } },
{ "type": "Feature", "properties": { "boden": "100 % mittel, mäßig frisch (M2)" }, "geometry": { "type": "Polygon", "coordinates": [ [ [ 13.84836, 52.67529 ], [ 13.84838, 52.67595 ], [ 13.8486, 52.67616 ], [ 13.84858, 52.67591 ], [ 13.84836, 52.67529 ] ] ] } },
{ "type": "Feature", "properties": { "boden": "100 % kräftig, trocken (vermutet) (K3)" }, "geometry": { "type": "Polygon", "coordinates": [ [ [ 13.84642, 52.66997 ], [ 13.84626, 52.66998 ], [ 13.84582, 52.67021 ], [ 13.84576, 52.67038 ], [ 13.84591, 52.6706 ], [ 13.84608, 52.67061 ], [ 13.84636, 52.67048 ], [ 13.84649, 52.67014 ], [ 13.84642, 52.66997 ] ] ] } },
{ "type": "Feature", "properties": { "boden": "100 % kräftig, mäßig frisch (K2)" }, "geometry": { "type": "Polygon", "coordinates": [ [ [ 13.84171, 52.6705 ], [ 13.84262, 52.67054 ], [ 13.84288, 52.67058 ], [ 13.84313, 52.67052 ], [ 13.84315, 52.67045 ], [ 13.84303, 52.67044 ], [ 13.84286, 52.6705 ], [ 13.8428, 52.67047 ], [ 13.84295, 52.67003 ], [ 13.8429, 52.67 ], [ 13.84278, 52.67008 ], [ 13.84233, 52.67012 ], [ 13.84206, 52.67032 ], [ 13.84164, 52.67044 ], [ 13.84171, 52.6705 ] ] ] } },
{ "type": "Feature", "properties": { "boden": "100 % mittel, mäßig frisch (M2)" }, "geometry": { "type": "Polygon", "coordinates": [ [ [ 13.84738, 52.67106 ], [ 13.84711, 52.6716 ], [ 13.84685, 52.67187 ], [ 13.84666, 52.672 ], [ 13.84615, 52.67223 ], [ 13.84563, 52.67259 ], [ 13.84564, 52.67269 ], [ 13.84581, 52.67269 ], [ 13.84604, 52.67288 ], [ 13.84606, 52.67307 ], [ 13.84581, 52.67345 ], [ 13.84584, 52.67361 ], [ 13.84593, 52.67373 ], [ 13.84624, 52.67378 ], [ 13.84632, 52.67389 ], [ 13.84644, 52.67394 ], [ 13.84692, 52.67385 ], [ 13.84705, 52.67361 ], [ 13.84705, 52.67324 ], [ 13.84691, 52.67313 ], [ 13.84661, 52.67306 ], [ 13.84669, 52.67289 ], [ 13.84734, 52.67248 ], [ 13.84773, 52.67211 ], [ 13.84778, 52.6715 ], [ 13.84786, 52.67131 ], [ 13.84802, 52.67117 ], [ 13.848, 52.67108 ], [ 13.84783, 52.67098 ], [ 13.84747, 52.67098 ], [ 13.84738, 52.67106 ] ] ] } },
{ "type": "Feature", "properties": { "boden": "100 % kräftig, mäßig frisch (K2)" }, "geometry": { "type": "Polygon", "coordinates": [ [ [ 13.84568, 52.67268 ], [ 13.84588, 52.67309 ], [ 13.84581, 52.67321 ], [ 13.84581, 52.67345 ], [ 13.84606, 52.67307 ], [ 13.84604, 52.67288 ], [ 13.84581, 52.67269 ], [ 13.84568, 52.67268 ] ] ] } },
{ "type": "Feature", "properties": { "boden": "100 % kräftig, trocken (vermutet) (K3)" }, "geometry": { "type": "Polygon", "coordinates": [ [ [ 13.84523, 52.67292 ], [ 13.84498, 52.673 ], [ 13.84474, 52.67319 ], [ 13.84477, 52.67328 ], [ 13.84488, 52.67335 ], [ 13.8452, 52.67335 ], [ 13.84544, 52.67315 ], [ 13.8455, 52.67298 ], [ 13.84523, 52.67292 ] ] ] } },
{ "type": "Feature", "properties": { "boden": "100 % kräftig, trocken (vermutet) (K3)" }, "geometry": { "type": "Polygon", "coordinates": [ [ [ 13.8435, 52.67379 ], [ 13.84365, 52.67392 ], [ 13.84413, 52.67404 ], [ 13.84431, 52.67395 ], [ 13.8444, 52.67373 ], [ 13.84428, 52.67361 ], [ 13.84389, 52.67359 ], [ 13.8435, 52.67379 ] ] ] } },
{ "type": "Feature", "properties": { "boden": "100 % mittel, trocken (vermutet) (M3)" }, "geometry": { "type": "Polygon", "coordinates": [ [ [ 13.84859, 52.67639 ], [ 13.84832, 52.67618 ], [ 13.84819, 52.67597 ], [ 13.84818, 52.6751 ], [ 13.84795, 52.67459 ], [ 13.84793, 52.67431 ], [ 13.84805, 52.6735 ], [ 13.84848, 52.67278 ], [ 13.84869, 52.67191 ], [ 13.8485, 52.67173 ], [ 13.84805, 52.67156 ], [ 13.84796, 52.67207 ], [ 13.84783, 52.6723 ], [ 13.84734, 52.67268 ], [ 13.8472, 52.67288 ], [ 13.84731, 52.67339 ], [ 13.84729, 52.67382 ], [ 13.84714, 52.674 ], [ 13.84686, 52.67414 ], [ 13.84753, 52.67449 ], [ 13.84758, 52.6746 ], [ 13.84747, 52.67472 ], [ 13.84712, 52.67487 ], [ 13.84696, 52.67505 ], [ 13.84664, 52.67525 ], [ 13.84664, 52.67535 ], [ 13.84682, 52.67555 ], [ 13.84652, 52.67575 ], [ 13.84641, 52.67601 ], [ 13.84607, 52.67616 ], [ 13.84594, 52.67633 ], [ 13.84605, 52.6766 ], [ 13.84629, 52.67669 ], [ 13.84646, 52.67666 ], [ 13.84677, 52.67647 ], [ 13.84698, 52.6764 ], [ 13.84723, 52.67608 ], [ 13.84723, 52.67559 ], [ 13.84739, 52.67551 ], [ 13.84754, 52.67555 ], [ 13.84787, 52.67596 ], [ 13.8481, 52.67656 ], [ 13.84847, 52.67719 ], [ 13.84858, 52.67704 ], [ 13.84864, 52.67672 ], [ 13.84859, 52.67639 ] ] ] } },
{ "type": "Feature", "properties": { "boden": "100 % kräftig, trocken (vermutet) (K3)" }, "geometry": { "type": "Polygon", "coordinates": [ [ [ 13.84272, 52.67431 ], [ 13.84263, 52.6745 ], [ 13.84268, 52.67464 ], [ 13.84281, 52.67468 ], [ 13.84306, 52.67455 ], [ 13.84325, 52.67427 ], [ 13.84294, 52.6742 ], [ 13.84272, 52.67431 ] ] ] } },
{ "type": "Feature", "properties": { "boden": "100 % kräftig, mäßig frisch (K2)" }, "geometry": { "type": "Polygon", "coordinates": [ [ [ 13.84581, 52.67345 ], [ 13.84588, 52.67309 ], [ 13.84564, 52.67269 ], [ 13.84527, 52.6728 ], [ 13.84464, 52.67311 ], [ 13.84389, 52.67359 ], [ 13.84413, 52.67359 ], [ 13.84437, 52.67366 ], [ 13.8444, 52.67373 ], [ 13.84431, 52.67395 ], [ 13.84421, 52.67403 ], [ 13.8439, 52.67401 ], [ 13.84365, 52.67392 ], [ 13.8435, 52.67379 ], [ 13.84283, 52.67422 ], [ 13.84317, 52.67422 ], [ 13.84326, 52.67431 ], [ 13.84306, 52.67455 ], [ 13.84289, 52.67466 ], [ 13.84268, 52.67464 ], [ 13.84304, 52.67534 ], [ 13.84302, 52.67555 ], [ 13.84258, 52.67637 ], [ 13.84277, 52.67647 ], [ 13.8434, 52.6765 ], [ 13.8441, 52.67643 ], [ 13.84462, 52.67628 ], [ 13.84505, 52.67607 ], [ 13.84541, 52.67561 ], [ 13.84522, 52.67494 ], [ 13.84527, 52.67419 ], [ 13.84581, 52.67345 ] ], [ [ 13.8455, 52.67298 ], [ 13.84544, 52.67315 ], [ 13.8452, 52.67335 ], [ 13.84488, 52.67335 ], [ 13.84477, 52.67328 ], [ 13.84474, 52.67319 ], [ 13.84498, 52.673 ], [ 13.84523, 52.67292 ], [ 13.8455, 52.67298 ] ] ] } },
{ "type": "Feature", "properties": { "boden": "100 % mittel, trocken (vermutet) (M3)" }, "geometry": { "type": "Polygon", "coordinates": [ [ [ 13.8422, 52.67678 ], [ 13.84232, 52.67698 ], [ 13.84259, 52.67712 ], [ 13.84317, 52.67709 ], [ 13.84355, 52.67697 ], [ 13.84425, 52.67693 ], [ 13.84445, 52.67679 ], [ 13.84447, 52.67659 ], [ 13.8444, 52.67648 ], [ 13.84425, 52.67646 ], [ 13.8436, 52.67671 ], [ 13.84299, 52.67675 ], [ 13.8424, 52.67671 ], [ 13.8422, 52.67678 ] ] ] } },
{ "type": "Feature", "properties": { "boden": "40 % kräftig, mäßig frisch (K2) · 30 % reich, mäßig frisch (R2) · 30 % mittel, mäßig frisch (M2)" }, "geometry": { "type": "Polygon", "coordinates": [ [ [ 13.85224, 52.67852 ], [ 13.85134, 52.67833 ], [ 13.85118, 52.67836 ], [ 13.85102, 52.67846 ], [ 13.85093, 52.67836 ], [ 13.85074, 52.67827 ], [ 13.85057, 52.6783 ], [ 13.85024, 52.67853 ], [ 13.85019, 52.67849 ], [ 13.85024, 52.67839 ], [ 13.85016, 52.67835 ], [ 13.84954, 52.67836 ], [ 13.84938, 52.67783 ], [ 13.84917, 52.67785 ], [ 13.84903, 52.67781 ], [ 13.84913, 52.67756 ], [ 13.84913, 52.67727 ], [ 13.84907, 52.67718 ], [ 13.84896, 52.67715 ], [ 13.84894, 52.67702 ], [ 13.84879, 52.67693 ], [ 13.84901, 52.67679 ], [ 13.84903, 52.67672 ], [ 13.84891, 52.67636 ], [ 13.84877, 52.67623 ], [ 13.8486, 52.67616 ], [ 13.84862, 52.67642 ], [ 13.84875, 52.67662 ], [ 13.84876, 52.6768 ], [ 13.84863, 52.67699 ], [ 13.84885, 52.67719 ], [ 13.8489, 52.67767 ], [ 13.84906, 52.67791 ], [ 13.8494, 52.67821 ], [ 13.84955, 52.67845 ], [ 13.84978, 52.67848 ], [ 13.85, 52.67869 ], [ 13.85015, 52.67864 ], [ 13.8503, 52.67871 ], [ 13.85016, 52.67876 ], [ 13.85026, 52.67881 ], [ 13.85054, 52.67885 ], [ 13.85142, 52.67885 ], [ 13.85224, 52.67852 ] ] ] } },
{ "type": "Feature", "properties": { "boden": "40 % kräftig, trocken (vermutet) (K3) · 30 % reich, trocken (vermutet) (R3) · 30 % mittel, trocken (vermutet) (M3)" }, "geometry": { "type": "Polygon", "coordinates": [ [ [ 13.85, 52.67869 ], [ 13.84978, 52.67848 ], [ 13.8495, 52.67842 ], [ 13.8494, 52.67821 ], [ 13.84896, 52.67779 ], [ 13.84885, 52.67719 ], [ 13.84863, 52.67699 ], [ 13.84876, 52.6768 ], [ 13.84875, 52.67662 ], [ 13.84862, 52.67642 ], [ 13.84858, 52.67704 ], [ 13.84847, 52.67719 ], [ 13.84932, 52.67848 ], [ 13.84983, 52.67875 ], [ 13.85, 52.67869 ] ] ] } },
{ "type": "Feature", "properties": { "boden": "100 % mittel, trocken (vermutet) (M3)" }, "geometry": { "type": "Polygon", "coordinates": [ [ [ 13.81896, 52.66685 ], [ 13.81817, 52.66678 ], [ 13.81795, 52.66685 ], [ 13.81831, 52.66704 ], [ 13.81884, 52.66716 ], [ 13.81896, 52.66685 ] ] ] } },
{ "type": "Feature", "properties": { "boden": "70 % kräftig, trocken (vermutet) (K3) · 30 % kräftig, trocken (vermutet) (K3)" }, "geometry": { "type": "Polygon", "coordinates": [ [ [ 13.81896, 52.66685 ], [ 13.81884, 52.66716 ], [ 13.81895, 52.66721 ], [ 13.81984, 52.66739 ], [ 13.82005, 52.66734 ], [ 13.81996, 52.66723 ], [ 13.81941, 52.66691 ], [ 13.81921, 52.66685 ], [ 13.81896, 52.66685 ] ] ] } },
{ "type": "Feature", "properties": { "boden": "70 % kräftig, trocken (vermutet) (K3) · 30 % kräftig, trocken (vermutet) (K3)" }, "geometry": { "type": "Polygon", "coordinates": [ [ [ 13.82207, 52.6674 ], [ 13.82169, 52.66747 ], [ 13.82165, 52.66759 ], [ 13.82176, 52.66764 ], [ 13.82195, 52.66766 ], [ 13.8223, 52.6676 ], [ 13.82238, 52.66755 ], [ 13.82233, 52.66746 ], [ 13.82207, 52.6674 ] ] ] } },
{ "type": "Feature", "properties": { "boden": "70 % kräftig, trocken (vermutet) (K3) · 30 % kräftig, trocken (vermutet) (K3)" }, "geometry": { "type": "Polygon", "coordinates": [ [ [ 13.81777, 52.66771 ], [ 13.81747, 52.66776 ], [ 13.81738, 52.66783 ], [ 13.81757, 52.66797 ], [ 13.8179, 52.66799 ], [ 13.81823, 52.6679 ], [ 13.81822, 52.66776 ], [ 13.81777, 52.66771 ] ] ] } },
{ "type": "Feature", "properties": { "boden": "70 % kräftig, mäßig frisch (K2) · 30 % kräftig, mäßig frisch (K2)" }, "geometry": { "type": "Polygon", "coordinates": [ [ [ 13.83169, 52.6732 ], [ 13.82932, 52.66939 ], [ 13.82887, 52.66827 ], [ 13.82903, 52.66779 ], [ 13.82939, 52.66759 ], [ 13.83066, 52.66741 ], [ 13.83154, 52.66716 ], [ 13.83163, 52.66696 ], [ 13.83155, 52.66679 ], [ 13.8314, 52.66669 ], [ 13.83023, 52.66638 ], [ 13.82911, 52.666 ], [ 13.82846, 52.6659 ], [ 13.82763, 52.66551 ], [ 13.82709, 52.66537 ], [ 13.82599, 52.66537 ], [ 13.8253, 52.66546 ], [ 13.82367, 52.66553 ], [ 13.82177, 52.66598 ], [ 13.82123, 52.66602 ], [ 13.8208, 52.66602 ], [ 13.82018, 52.66592 ], [ 13.81949, 52.66574 ], [ 13.81901, 52.66553 ], [ 13.81913, 52.66573 ], [ 13.81912, 52.66591 ], [ 13.81889, 52.66623 ], [ 13.81862, 52.66647 ], [ 13.81827, 52.66656 ], [ 13.81848, 52.66657 ], [ 13.81882, 52.66671 ], [ 13.81895, 52.66684 ], [ 13.81941, 52.66691 ], [ 13.81996, 52.66723 ], [ 13.82005, 52.66734 ], [ 13.81984, 52.66739 ], [ 13.81884, 52.66716 ], [ 13.81846, 52.66743 ], [ 13.81804, 52.66751 ], [ 13.81698, 52.66752 ], [ 13.81694, 52.66909 ], [ 13.81789, 52.66938 ], [ 13.81869, 52.66938 ], [ 13.81938, 52.6693 ], [ 13.81983, 52.66929 ], [ 13.82066, 52.6694 ], [ 13.82131, 52.66943 ], [ 13.82174, 52.66954 ], [ 13.82193, 52.66966 ], [ 13.8219, 52.66995 ], [ 13.82171, 52.67007 ], [ 13.82053, 52.67037 ], [ 13.82007, 52.67058 ], [ 13.81986, 52.67073 ], [ 13.81966, 52.67107 ], [ 13.81989, 52.6717 ], [ 13.82009, 52.6718 ], [ 13.82073, 52.67185 ], [ 13.82163, 52.67172 ], [ 13.82224, 52.67151 ], [ 13.82317, 52.6711 ], [ 13.82409, 52.67078 ], [ 13.82462, 52.6707 ], [ 13.82542, 52.67095 ], [ 13.82629, 52.67423 ], [ 13.82653, 52.67446 ], [ 13.82949, 52.67456 ], [ 13.83025, 52.67451 ], [ 13.83079, 52.67441 ], [ 13.83143, 52.67408 ], [ 13.83166, 52.67379 ], [ 13.83169, 52.6732 ] ], [ [ 13.8288, 52.6702 ], [ 13.82907, 52.67035 ], [ 13.82911, 52.67044 ], [ 13.82896, 52.67056 ], [ 13.82831, 52.67056 ], [ 13.8281, 52.67051 ], [ 13.82794, 52.67039 ], [ 13.82795, 52.67031 ], [ 13.82828, 52.67019 ], [ 13.82855, 52.67017 ], [ 13.8288, 52.6702 ] ], [ [ 13.8273, 52.66869 ], [ 13.82709, 52.66865 ], [ 13.82695, 52.66854 ], [ 13.82726, 52.66849 ], [ 13.82753, 52.66855 ], [ 13.8278, 52.66854 ], [ 13.82796, 52.66862 ], [ 13.82786, 52.66865 ], [ 13.82754, 52.66863 ], [ 13.8273, 52.66869 ] ], [ [ 13.81812, 52.66773 ], [ 13.81825, 52.66779 ], [ 13.81826, 52.66787 ], [ 13.81815, 52.66794 ], [ 13.81777, 52.66799 ], [ 13.81757, 52.66797 ], [ 13.8174, 52.66787 ], [ 13.81738, 52.66783 ], [ 13.8176, 52.66772 ], [ 13.81812, 52.66773 ] ], [ [ 13.82233, 52.66746 ], [ 13.82238, 52.66755 ], [ 13.82214, 52.66764 ], [ 13.82176, 52.66764 ], [ 13.82163, 52.66754 ], [ 13.82177, 52.66744 ], [ 13.82207, 52.6674 ], [ 13.82233, 52.66746 ] ] ] } },
{ "type": "Feature", "properties": { "boden": "100 % kräftig, mäßig frisch (K2)" }, "geometry": { "type": "Polygon", "coordinates": [ [ [ 13.84137, 52.67055 ], [ 13.84118, 52.67042 ], [ 13.84118, 52.67005 ], [ 13.84133, 52.6698 ], [ 13.8416, 52.66968 ], [ 13.84133, 52.66961 ], [ 13.84098, 52.66954 ], [ 13.84019, 52.66949 ], [ 13.83968, 52.66961 ], [ 13.83881, 52.67 ], [ 13.83873, 52.67032 ], [ 13.83892, 52.67066 ], [ 13.83883, 52.6712 ], [ 13.83835, 52.6716 ], [ 13.83806, 52.67177 ], [ 13.83605, 52.67221 ], [ 13.83563, 52.67234 ], [ 13.83534, 52.67248 ], [ 13.83517, 52.67285 ], [ 13.83519, 52.67345 ], [ 13.83525, 52.67363 ], [ 13.83559, 52.67398 ], [ 13.8359, 52.67415 ], [ 13.83644, 52.6743 ], [ 13.83787, 52.67436 ], [ 13.83838, 52.67434 ], [ 13.83874, 52.67428 ], [ 13.83899, 52.6741 ], [ 13.83919, 52.67381 ], [ 13.83925, 52.67331 ], [ 13.83912, 52.67222 ], [ 13.83928, 52.6718 ], [ 13.83946, 52.67161 ], [ 13.83975, 52.67143 ], [ 13.84041, 52.67121 ], [ 13.84069, 52.67106 ], [ 13.84137, 52.67055 ] ], [ [ 13.83928, 52.67118 ], [ 13.83943, 52.67128 ], [ 13.83945, 52.6714 ], [ 13.83928, 52.67145 ], [ 13.83899, 52.67141 ], [ 13.8389, 52.67134 ], [ 13.83892, 52.67116 ], [ 13.83906, 52.67112 ], [ 13.83928, 52.67118 ] ] ] } },
{ "type": "Feature", "properties": { "boden": "100 % mittel, trocken (vermutet) (M3)" }, "geometry": { "type": "Polygon", "coordinates": [ [ [ 13.83264, 52.6734 ], [ 13.83235, 52.67346 ], [ 13.83236, 52.67362 ], [ 13.83269, 52.67373 ], [ 13.83314, 52.67371 ], [ 13.83307, 52.67355 ], [ 13.83294, 52.67345 ], [ 13.83264, 52.6734 ] ] ] } },
{ "type": "Feature", "properties": { "boden": "100 % mittel, mäßig frisch (M2)" }, "geometry": { "type": "Polygon", "coordinates": [ [ [ 13.83659, 52.67679 ], [ 13.8363, 52.67684 ], [ 13.83581, 52.67704 ], [ 13.83523, 52.67715 ], [ 13.8352, 52.67725 ], [ 13.83541, 52.67747 ], [ 13.83537, 52.67764 ], [ 13.83549, 52.67769 ], [ 13.83569, 52.67762 ], [ 13.83625, 52.67708 ], [ 13.83661, 52.67685 ], [ 13.83659, 52.67679 ] ] ] } },
{ "type": "Feature", "properties": { "boden": "100 % kräftig, mäßig frisch (K2)" }, "geometry": { "type": "Polygon", "coordinates": [ [ [ 13.844, 52.67757 ], [ 13.84295, 52.67728 ], [ 13.84252, 52.67709 ], [ 13.84232, 52.67698 ], [ 13.8421, 52.67668 ], [ 13.84178, 52.67646 ], [ 13.84135, 52.67626 ], [ 13.84053, 52.67617 ], [ 13.83982, 52.67648 ], [ 13.83949, 52.67653 ], [ 13.83787, 52.67658 ], [ 13.83755, 52.67665 ], [ 13.83752, 52.67688 ], [ 13.83794, 52.67735 ], [ 13.83972, 52.67678 ], [ 13.84026, 52.67733 ], [ 13.83832, 52.67786 ], [ 13.83646, 52.67843 ], [ 13.83618, 52.67847 ], [ 13.83635, 52.67872 ], [ 13.83708, 52.67853 ], [ 13.83724, 52.67854 ], [ 13.83725, 52.6786 ], [ 13.83701, 52.67881 ], [ 13.83766, 52.67864 ], [ 13.83826, 52.67932 ], [ 13.84021, 52.67881 ], [ 13.84028, 52.67892 ], [ 13.84137, 52.67863 ], [ 13.84131, 52.67852 ], [ 13.84466, 52.67765 ], [ 13.844, 52.67757 ] ], [ [ 13.84113, 52.67815 ], [ 13.8407, 52.6782 ], [ 13.84024, 52.67806 ], [ 13.83991, 52.67811 ], [ 13.83955, 52.67804 ], [ 13.83977, 52.67787 ], [ 13.84033, 52.67779 ], [ 13.84106, 52.6779 ], [ 13.84126, 52.67806 ], [ 13.84113, 52.67815 ] ] ] } },
{ "type": "Feature", "properties": { "boden": "100 % kräftig, trocken (vermutet) (K3)" }, "geometry": { "type": "Polygon", "coordinates": [ [ [ 13.84126, 52.67806 ], [ 13.84115, 52.67794 ], [ 13.84093, 52.67786 ], [ 13.84033, 52.67779 ], [ 13.83977, 52.67787 ], [ 13.83955, 52.67804 ], [ 13.83991, 52.67811 ], [ 13.84024, 52.67806 ], [ 13.8407, 52.6782 ], [ 13.84113, 52.67815 ], [ 13.84126, 52.67806 ] ] ] } },
{ "type": "Feature", "properties": { "boden": "100 % mittel, mäßig frisch (M2)" }, "geometry": { "type": "Polygon", "coordinates": [ [ [ 13.83733, 52.67785 ], [ 13.83625, 52.67811 ], [ 13.83618, 52.67816 ], [ 13.83622, 52.67826 ], [ 13.83639, 52.67827 ], [ 13.83688, 52.67816 ], [ 13.83707, 52.67807 ], [ 13.83749, 52.67802 ], [ 13.8373, 52.67798 ], [ 13.83733, 52.67785 ] ] ] } },
{ "type": "Feature", "properties": { "boden": "100 % kräftig, trocken (vermutet) (K3)" }, "geometry": { "type": "Polygon", "coordinates": [ [ [ 13.83701, 52.67881 ], [ 13.83725, 52.6786 ], [ 13.83724, 52.67854 ], [ 13.83708, 52.67853 ], [ 13.83635, 52.67872 ], [ 13.83651, 52.67895 ], [ 13.83701, 52.67881 ] ] ] } },
{ "type": "Feature", "properties": { "boden": "50 % mittel, mäßig frisch (M2) · 50 % kräftig, mäßig frisch (K2)" }, "geometry": { "type": "Polygon", "coordinates": [ [ [ 13.83346, 52.67839 ], [ 13.83302, 52.67809 ], [ 13.83311, 52.6782 ], [ 13.83303, 52.67825 ], [ 13.83302, 52.67849 ], [ 13.83251, 52.67893 ], [ 13.83193, 52.6797 ], [ 13.83196, 52.67974 ], [ 13.83229, 52.67972 ], [ 13.83248, 52.67961 ], [ 13.83293, 52.67951 ], [ 13.8332, 52.67938 ], [ 13.83362, 52.67881 ], [ 13.83358, 52.67868 ], [ 13.8334, 52.67853 ], [ 13.83337, 52.67847 ], [ 13.83346, 52.67839 ] ] ] } },
{ "type": "Feature", "properties": { "boden": "50 % mittel, mäßig frisch (M2) · 50 % kräftig, mäßig frisch (K2)" }, "geometry": { "type": "Polygon", "coordinates": [ [ [ 13.83417, 52.67971 ], [ 13.83423, 52.67968 ], [ 13.83413, 52.67952 ], [ 13.83419, 52.6794 ], [ 13.83413, 52.67935 ], [ 13.83356, 52.67978 ], [ 13.83335, 52.67988 ], [ 13.83313, 52.67992 ], [ 13.83286, 52.68006 ], [ 13.83281, 52.68024 ], [ 13.83289, 52.68035 ], [ 13.83317, 52.6804 ], [ 13.83331, 52.68038 ], [ 13.83367, 52.68019 ], [ 13.83451, 52.68014 ], [ 13.83449, 52.67998 ], [ 13.83417, 52.67971 ] ] ] } },
{ "type": "Feature", "properties": { "boden": "50 % mittel, mäßig frisch (M2) · 50 % kräftig, mäßig frisch (K2)" }, "geometry": { "type": "Polygon", "coordinates": [ [ [ 13.83256, 52.6805 ], [ 13.83236, 52.68051 ], [ 13.83224, 52.68058 ], [ 13.83228, 52.68078 ], [ 13.83243, 52.68084 ], [ 13.8327, 52.68083 ], [ 13.83282, 52.68076 ], [ 13.83276, 52.68054 ], [ 13.83256, 52.6805 ] ] ] } },
{ "type": "Feature", "properties": { "boden": "70 % kräftig, trocken (vermutet) (K3) · 30 % kräftig, trocken (vermutet) (K3)" }, "geometry": { "type": "Polygon", "coordinates": [ [ [ 13.82754, 52.66863 ], [ 13.82786, 52.66865 ], [ 13.82796, 52.66862 ], [ 13.8278, 52.66854 ], [ 13.82753, 52.66855 ], [ 13.82726, 52.66849 ], [ 13.82695, 52.66854 ], [ 13.82709, 52.66865 ], [ 13.8273, 52.66869 ], [ 13.82754, 52.66863 ] ] ] } },
{ "type": "Feature", "properties": { "boden": "70 % kräftig, trocken (vermutet) (K3) · 30 % kräftig, trocken (vermutet) (K3)" }, "geometry": { "type": "Polygon", "coordinates": [ [ [ 13.82855, 52.67017 ], [ 13.82807, 52.67024 ], [ 13.82795, 52.67031 ], [ 13.82798, 52.67044 ], [ 13.82831, 52.67056 ], [ 13.82856, 52.67059 ], [ 13.82904, 52.67053 ], [ 13.82911, 52.67044 ], [ 13.82907, 52.67035 ], [ 13.8288, 52.6702 ], [ 13.82855, 52.67017 ] ] ] } },
{ "type": "Feature", "properties": { "boden": "100 % mittel, trocken (vermutet) (M3)" }, "geometry": { "type": "Polygon", "coordinates": [ [ [ 13.83266, 52.67091 ], [ 13.83159, 52.67113 ], [ 13.83154, 52.67119 ], [ 13.83177, 52.67134 ], [ 13.83198, 52.67138 ], [ 13.83255, 52.67136 ], [ 13.83275, 52.67131 ], [ 13.83284, 52.67123 ], [ 13.83283, 52.67111 ], [ 13.83266, 52.67091 ] ] ] } },
{ "type": "Feature", "properties": { "boden": "100 % mittel, mäßig frisch (M2)" }, "geometry": { "type": "Polygon", "coordinates": [ [ [ 13.83472, 52.67827 ], [ 13.83167, 52.67359 ], [ 13.83166, 52.67379 ], [ 13.83143, 52.67408 ], [ 13.83079, 52.67441 ], [ 13.83025, 52.67451 ], [ 13.82949, 52.67456 ], [ 13.82653, 52.67446 ], [ 13.83087, 52.6764 ], [ 13.83288, 52.67739 ], [ 13.83451, 52.67832 ], [ 13.83466, 52.67833 ], [ 13.83474, 52.67847 ], [ 13.83472, 52.67827 ] ] ] } },
{ "type": "Feature", "properties": { "boden": "50 % mittel, mäßig frisch (M2) · 50 % kräftig, mäßig frisch (K2)" }, "geometry": { "type": "Polygon", "coordinates": [ [ [ 13.83207, 52.67789 ], [ 13.83188, 52.67794 ], [ 13.83182, 52.67812 ], [ 13.83184, 52.67835 ], [ 13.83198, 52.67845 ], [ 13.83225, 52.67844 ], [ 13.83235, 52.6784 ], [ 13.83237, 52.6783 ], [ 13.83224, 52.67797 ], [ 13.83207, 52.67789 ] ] ] } },
{ "type": "Feature", "properties": { "boden": "50 % mittel, trocken (vermutet) (M3) · 50 % kräftig, trocken (vermutet) (K3)" }, "geometry": { "type": "Polygon", "coordinates": [ [ [ 13.83093, 52.67836 ], [ 13.83076, 52.67841 ], [ 13.83073, 52.67849 ], [ 13.83086, 52.67861 ], [ 13.83108, 52.67865 ], [ 13.83127, 52.67858 ], [ 13.83133, 52.67844 ], [ 13.83121, 52.67837 ], [ 13.83093, 52.67836 ] ] ] } },
{ "type": "Feature", "properties": { "boden": "50 % mittel, mäßig frisch (M2) · 50 % kräftig, mäßig frisch (K2)" }, "geometry": { "type": "Polygon", "coordinates": [ [ [ 13.83139, 52.67991 ], [ 13.83107, 52.67991 ], [ 13.83088, 52.68005 ], [ 13.83091, 52.68026 ], [ 13.8311, 52.68061 ], [ 13.83127, 52.6807 ], [ 13.83151, 52.68066 ], [ 13.83161, 52.68057 ], [ 13.83166, 52.6804 ], [ 13.8316, 52.68013 ], [ 13.83149, 52.67995 ], [ 13.83139, 52.67991 ] ] ] } },
{ "type": "Feature", "properties": { "boden": "50 % mittel, mäßig frisch (M2) · 50 % kräftig, mäßig frisch (K2)" }, "geometry": { "type": "Polygon", "coordinates": [ [ [ 13.83144, 52.6812 ], [ 13.83177, 52.681 ], [ 13.832, 52.68095 ], [ 13.83271, 52.68125 ], [ 13.83271, 52.68132 ], [ 13.8333, 52.68129 ], [ 13.83321, 52.6809 ], [ 13.83381, 52.68088 ], [ 13.83467, 52.68069 ], [ 13.83456, 52.6802 ], [ 13.83479, 52.68012 ], [ 13.83437, 52.67984 ], [ 13.83455, 52.6801 ], [ 13.83443, 52.68017 ], [ 13.83367, 52.68019 ], [ 13.83331, 52.68038 ], [ 13.83317, 52.6804 ], [ 13.83289, 52.68035 ], [ 13.8328, 52.68015 ], [ 13.83299, 52.67997 ], [ 13.83356, 52.67978 ], [ 13.8339, 52.67956 ], [ 13.8341, 52.67936 ], [ 13.83419, 52.6794 ], [ 13.83413, 52.67952 ], [ 13.83423, 52.67968 ], [ 13.83481, 52.67936 ], [ 13.83346, 52.67839 ], [ 13.83337, 52.67847 ], [ 13.83358, 52.67868 ], [ 13.83362, 52.67881 ], [ 13.8332, 52.67938 ], [ 13.83293, 52.67951 ], [ 13.83248, 52.67961 ], [ 13.83229, 52.67972 ], [ 13.83193, 52.67973 ], [ 13.83251, 52.67893 ], [ 13.83297, 52.67855 ], [ 13.83309, 52.67816 ], [ 13.83291, 52.67802 ], [ 13.83027, 52.67683 ], [ 13.82983, 52.6776 ], [ 13.82916, 52.67814 ], [ 13.82802, 52.67879 ], [ 13.82763, 52.67909 ], [ 13.82743, 52.67936 ], [ 13.82744, 52.67959 ], [ 13.82719, 52.68012 ], [ 13.82716, 52.68097 ], [ 13.82728, 52.68183 ], [ 13.82727, 52.68251 ], [ 13.82712, 52.68296 ], [ 13.82842, 52.68379 ], [ 13.82944, 52.68318 ], [ 13.83081, 52.68267 ], [ 13.82969, 52.68189 ], [ 13.83017, 52.68169 ], [ 13.82976, 52.68128 ], [ 13.83045, 52.68106 ], [ 13.83087, 52.68146 ], [ 13.8315, 52.68123 ], [ 13.83144, 52.6812 ] ], [ [ 13.82866, 52.68146 ], [ 13.82861, 52.68155 ], [ 13.8283, 52.68164 ], [ 13.82806, 52.68164 ], [ 13.82798, 52.68157 ], [ 13.82805, 52.68149 ], [ 13.82835, 52.68138 ], [ 13.82852, 52.68138 ], [ 13.82866, 52.68146 ] ], [ [ 13.82928, 52.68182 ], [ 13.82899, 52.6821 ], [ 13.8287, 52.68217 ], [ 13.82839, 52.68236 ], [ 13.82813, 52.68237 ], [ 13.82863, 52.68192 ], [ 13.82914, 52.68177 ], [ 13.82927, 52.68176 ], [ 13.82928, 52.68182 ] ], [ [ 13.83276, 52.68054 ], [ 13.83283, 52.68067 ], [ 13.8328, 52.68079 ], [ 13.8327, 52.68083 ], [ 13.83234, 52.68082 ], [ 13.83222, 52.68064 ], [ 13.83228, 52.68054 ], [ 13.83256, 52.6805 ], [ 13.83276, 52.68054 ] ], [ [ 13.83149, 52.67995 ], [ 13.83166, 52.6804 ], [ 13.83161, 52.68057 ], [ 13.83141, 52.68069 ], [ 13.83113, 52.68066 ], [ 13.83091, 52.68026 ], [ 13.83091, 52.67998 ], [ 13.83107, 52.67991 ], [ 13.83139, 52.67991 ], [ 13.83149, 52.67995 ] ], [ [ 13.83127, 52.67838 ], [ 13.83133, 52.67851 ], [ 13.83118, 52.67863 ], [ 13.83097, 52.67865 ], [ 13.83077, 52.67856 ], [ 13.83074, 52.67844 ], [ 13.8308, 52.67839 ], [ 13.83127, 52.67838 ] ], [ [ 13.83224, 52.67797 ], [ 13.83237, 52.6783 ], [ 13.83235, 52.6784 ], [ 13.83198, 52.67845 ], [ 13.83189, 52.67842 ], [ 13.83182, 52.67825 ], [ 13.83188, 52.67794 ], [ 13.83207, 52.67789 ], [ 13.83224, 52.67797 ] ] ] } },
{ "type": "Feature", "properties": { "boden": "50 % mittel, trocken (vermutet) (M3) · 50 % kräftig, trocken (vermutet) (K3)" }, "geometry": { "type": "Polygon", "coordinates": [ [ [ 13.83271, 52.68131 ], [ 13.83271, 52.68125 ], [ 13.832, 52.68095 ], [ 13.83177, 52.681 ], [ 13.83144, 52.68118 ], [ 13.8315, 52.68123 ], [ 13.83205, 52.68136 ], [ 13.83271, 52.68131 ] ] ] } },
{ "type": "Feature", "properties": { "boden": "50 % mittel, mäßig frisch (M2) · 50 % kräftig, mäßig frisch (K2)" }, "geometry": { "type": "Polygon", "coordinates": [ [ [ 13.82852, 52.68138 ], [ 13.82835, 52.68138 ], [ 13.82805, 52.68149 ], [ 13.82798, 52.68157 ], [ 13.82806, 52.68164 ], [ 13.8283, 52.68164 ], [ 13.82861, 52.68155 ], [ 13.82866, 52.68146 ], [ 13.82852, 52.68138 ] ] ] } },
{ "type": "Feature", "properties": { "boden": "100 % kräftig, mäßig frisch (K2)" }, "geometry": { "type": "Polygon", "coordinates": [ [ [ 13.83431, 52.68156 ], [ 13.83404, 52.68162 ], [ 13.834, 52.68172 ], [ 13.83425, 52.68196 ], [ 13.83466, 52.68208 ], [ 13.83466, 52.68191 ], [ 13.83452, 52.68164 ], [ 13.83444, 52.68157 ], [ 13.83431, 52.68156 ] ] ] } },
{ "type": "Feature", "properties": { "boden": "Keine Bodengruppe kartiert" }, "geometry": { "type": "Polygon", "coordinates": [ [ [ 13.83486, 52.68128 ], [ 13.83463, 52.68129 ], [ 13.83502, 52.68243 ], [ 13.83486, 52.68157 ], [ 13.83486, 52.68128 ] ] ] } },
{ "type": "Feature", "properties": { "boden": "Keine Bodengruppe kartiert" }, "geometry": { "type": "Polygon", "coordinates": [ [ [ 13.83502, 52.68243 ], [ 13.8356, 52.68248 ], [ 13.83566, 52.68157 ], [ 13.83486, 52.68157 ], [ 13.83502, 52.68243 ] ] ] } },
{ "type": "Feature", "properties": { "boden": "100 % kräftig, mäßig frisch (K2)" }, "geometry": { "type": "Polygon", "coordinates": [ [ [ 13.83352, 52.68207 ], [ 13.83313, 52.68221 ], [ 13.83299, 52.68241 ], [ 13.83312, 52.68261 ], [ 13.83356, 52.6828 ], [ 13.83382, 52.68263 ], [ 13.83418, 52.6825 ], [ 13.83429, 52.68232 ], [ 13.83409, 52.68214 ], [ 13.83352, 52.68207 ] ] ] } },
{ "type": "Feature", "properties": { "boden": "100 % kräftig, mäßig frisch (K2)" }, "geometry": { "type": "Polygon", "coordinates": [ [ [ 13.83558, 52.68392 ], [ 13.83506, 52.6839 ], [ 13.83477, 52.68381 ], [ 13.83463, 52.68385 ], [ 13.8342, 52.68328 ], [ 13.83423, 52.68312 ], [ 13.83431, 52.68307 ], [ 13.83447, 52.68275 ], [ 13.83473, 52.68257 ], [ 13.83513, 52.68244 ], [ 13.83502, 52.68243 ], [ 13.83463, 52.68129 ], [ 13.83179, 52.68144 ], [ 13.83299, 52.68211 ], [ 13.83271, 52.68277 ], [ 13.83408, 52.68399 ], [ 13.83424, 52.68423 ], [ 13.83466, 52.68426 ], [ 13.83473, 52.68433 ], [ 13.83508, 52.68434 ], [ 13.83503, 52.68412 ], [ 13.8356, 52.68414 ], [ 13.83558, 52.68392 ] ], [ [ 13.83409, 52.68214 ], [ 13.83425, 52.68224 ], [ 13.83427, 52.68241 ], [ 13.83418, 52.6825 ], [ 13.83382, 52.68263 ], [ 13.83356, 52.6828 ], [ 13.83305, 52.68255 ], [ 13.83301, 52.68233 ], [ 13.83313, 52.68221 ], [ 13.83335, 52.68211 ], [ 13.83352, 52.68207 ], [ 13.83409, 52.68214 ] ], [ [ 13.83444, 52.68157 ], [ 13.83466, 52.68191 ], [ 13.83466, 52.68208 ], [ 13.83425, 52.68196 ], [ 13.834, 52.68172 ], [ 13.83411, 52.68159 ], [ 13.83444, 52.68157 ] ] ] } },
{ "type": "Feature", "properties": { "boden": "100 % kräftig, mäßig frisch (K2)" }, "geometry": { "type": "Polygon", "coordinates": [ [ [ 13.83558, 52.68392 ], [ 13.83561, 52.68372 ], [ 13.83513, 52.68353 ], [ 13.83498, 52.68338 ], [ 13.8351, 52.68325 ], [ 13.83548, 52.68303 ], [ 13.83544, 52.68276 ], [ 13.8356, 52.68248 ], [ 13.83513, 52.68244 ], [ 13.83473, 52.68257 ], [ 13.83447, 52.68275 ], [ 13.83431, 52.68307 ], [ 13.83423, 52.68312 ], [ 13.8342, 52.68328 ], [ 13.83463, 52.68385 ], [ 13.83477, 52.68381 ], [ 13.83506, 52.6839 ], [ 13.83548, 52.68393 ], [ 13.83558, 52.68392 ] ] ] } },
{ "type": "Feature", "properties": { "boden": "100 % kräftig, mäßig frisch (K2)" }, "geometry": { "type": "Polygon", "coordinates": [ [ [ 13.83548, 52.68303 ], [ 13.8351, 52.68325 ], [ 13.83498, 52.68338 ], [ 13.83513, 52.68353 ], [ 13.83561, 52.68372 ], [ 13.83554, 52.68356 ], [ 13.83563, 52.68347 ], [ 13.83548, 52.68303 ] ] ] } },
{ "type": "Feature", "properties": { "boden": "100 % kräftig, trocken (vermutet) (K3)" }, "geometry": { "type": "Polygon", "coordinates": [ [ [ 13.83666, 52.68574 ], [ 13.83668, 52.6858 ], [ 13.83704, 52.6859 ], [ 13.83826, 52.68596 ], [ 13.83887, 52.68567 ], [ 13.83904, 52.68535 ], [ 13.83899, 52.68517 ], [ 13.83867, 52.68498 ], [ 13.83842, 52.685 ], [ 13.83841, 52.68507 ], [ 13.83868, 52.68522 ], [ 13.83878, 52.68533 ], [ 13.83867, 52.68544 ], [ 13.83826, 52.68553 ], [ 13.83721, 52.68558 ], [ 13.83675, 52.68556 ], [ 13.83641, 52.68548 ], [ 13.8362, 52.68549 ], [ 13.83627, 52.68569 ], [ 13.8365, 52.68579 ], [ 13.83666, 52.68574 ] ] ] } },
{ "type": "Feature", "properties": { "boden": "100 % kräftig, mäßig frisch (K2)" }, "geometry": { "type": "Polygon", "coordinates": [ [ [ 13.83891, 52.68668 ], [ 13.8388, 52.68665 ], [ 13.83892, 52.68647 ], [ 13.83925, 52.6863 ], [ 13.83939, 52.68627 ], [ 13.83935, 52.68641 ], [ 13.83922, 52.68652 ], [ 13.83979, 52.68611 ], [ 13.84025, 52.68567 ], [ 13.83952, 52.68511 ], [ 13.83937, 52.68507 ], [ 13.83922, 52.6851 ], [ 13.83908, 52.68502 ], [ 13.83927, 52.68496 ], [ 13.83931, 52.68488 ], [ 13.83879, 52.68473 ], [ 13.83844, 52.68453 ], [ 13.83683, 52.68542 ], [ 13.8364, 52.68521 ], [ 13.83596, 52.68558 ], [ 13.83605, 52.68594 ], [ 13.8365, 52.68579 ], [ 13.83627, 52.68569 ], [ 13.83625, 52.68547 ], [ 13.83675, 52.68556 ], [ 13.83721, 52.68558 ], [ 13.83851, 52.68549 ], [ 13.83867, 52.68544 ], [ 13.83878, 52.68533 ], [ 13.8384, 52.68503 ], [ 13.83851, 52.68497 ], [ 13.83867, 52.68498 ], [ 13.83884, 52.68505 ], [ 13.83903, 52.68525 ], [ 13.83895, 52.68558 ], [ 13.83878, 52.68575 ], [ 13.83837, 52.68588 ], [ 13.83826, 52.68596 ], [ 13.83811, 52.68598 ], [ 13.83685, 52.68587 ], [ 13.83847, 52.68654 ], [ 13.83854, 52.68681 ], [ 13.83871, 52.68688 ], [ 13.83919, 52.68654 ], [ 13.83891, 52.68668 ] ] ] } },
{ "type": "Feature", "properties": { "boden": "100 % kräftig, mäßig frisch (K2)" }, "geometry": { "type": "Polygon", "coordinates": [ [ [ 13.83891, 52.68668 ], [ 13.83935, 52.68641 ], [ 13.83939, 52.68627 ], [ 13.83925, 52.6863 ], [ 13.83892, 52.68647 ], [ 13.83882, 52.68668 ], [ 13.83891, 52.68668 ] ] ] } },
{ "type": "Feature", "properties": { "boden": "50 % mittel, trocken (vermutet) (M3) · 50 % kräftig, trocken (vermutet) (K3)" }, "geometry": { "type": "Polygon", "coordinates": [ [ [ 13.82927, 52.68176 ], [ 13.82891, 52.68182 ], [ 13.82863, 52.68192 ], [ 13.82813, 52.68237 ], [ 13.82839, 52.68236 ], [ 13.8287, 52.68217 ], [ 13.82899, 52.6821 ], [ 13.82924, 52.68189 ], [ 13.82927, 52.68176 ] ] ] } },
{ "type": "Feature", "properties": { "boden": "100 % mittel, mäßig frisch (M2)" }, "geometry": { "type": "Polygon", "coordinates": [ [ [ 13.82694, 52.68285 ], [ 13.82681, 52.68212 ], [ 13.82644, 52.68192 ], [ 13.82632, 52.68191 ], [ 13.82615, 52.68199 ], [ 13.82613, 52.68207 ], [ 13.82623, 52.68239 ], [ 13.82694, 52.68285 ] ] ] } }
]
}
