{"type":"FeatureCollection","features":[{"type":"Feature","properties":{"art":"weg"},"geometry":{"type":"LineString","coordinates":[[13.72394,52.97241],[13.72482,52.97243],[13.7262,52.97232],[13.72686,52.97222],[13.72769,52.97203],[13.72811,52.97179],[13.72879,52.97156],[13.73009,52.9715],[13.73122,52.97128],[13.73247,52.97114]]}},{"type":"Feature","properties":{"art":"pfad"},"geometry":{"type":"LineString","coordinates":[[13.73247,52.97114],[13.7325,52.97119],[13.73297,52.97164]]}},{"type":"Feature","properties":{"art":"strasse"},"geometry":{"type":"LineString","coordinates":[[13.72394,52.97241],[13.72409,52.97277],[13.72426,52.97291]]}},{"type":"Feature","properties":{"art":"strasse"},"geometry":{"type":"LineString","coordinates":[[13.71227,52.96373],[13.71371,52.96415],[13.71516,52.96478],[13.71979,52.9673],[13.72169,52.96834],[13.72284,52.96909],[13.72339,52.96954],[13.72359,52.96973],[13.72381,52.97001],[13.72398,52.9703],[13.72403,52.97065],[13.72391,52.97181],[13.72393,52.97214],[13.72394,52.97241]]}},{"type":"Feature","properties":{"art":"strasse"},"geometry":{"type":"LineString","coordinates":[[13.71921,52.97753],[13.71852,52.97777],[13.71852,52.97778],[13.71786,52.97797],[13.71726,52.9782],[13.71657,52.97846],[13.7162,52.9786]]}},{"type":"Feature","properties":{"art":"pfad"},"geometry":{"type":"LineString","coordinates":[[13.71657,52.97846],[13.7167,52.97866],[13.71688,52.97877]]}},{"type":"Feature","properties":{"art":"pfad"},"geometry":{"type":"LineString","coordinates":[[13.71593,52.97868],[13.71664,52.97878],[13.71688,52.97877],[13.71721,52.9789],[13.71792,52.97892],[13.71952,52.97871]]}},{"type":"Feature","properties":{"art":"pfad"},"geometry":{"type":"LineString","coordinates":[[13.71852,52.97778],[13.71912,52.97842],[13.71952,52.97871],[13.71965,52.97906]]}},{"type":"Feature","properties":{"art":"pfad"},"geometry":{"type":"LineString","coordinates":[[13.71964,52.97937],[13.71964,52.97938],[13.71965,52.97944],[13.71992,52.97999],[13.72011,52.98009],[13.72024,52.98032],[13.72036,52.98038],[13.7204,52.98038]]}},{"type":"Feature","properties":{"art":"strasse"},"geometry":{"type":"LineString","coordinates":[[13.7162,52.9786],[13.71593,52.97868],[13.71566,52.97876],[13.71509,52.9789],[13.71416,52.97913],[13.71396,52.9792],[13.71363,52.9793],[13.71338,52.97935],[13.71307,52.97942],[13.71284,52.97948]]}},{"type":"Feature","properties":{"art":"strasse"},"geometry":{"type":"LineString","coordinates":[[13.72048,52.98033],[13.72038,52.98015],[13.72036,52.98009],[13.72024,52.97982],[13.72011,52.97951]]}},{"type":"Feature","properties":{"art":"weg"},"geometry":{"type":"LineString","coordinates":[[13.71465,52.98388],[13.71359,52.9846],[13.71335,52.98482],[13.71219,52.98525],[13.71183,52.98535],[13.71087,52.98535]]}},{"type":"Feature","properties":{"art":"pfad"},"geometry":{"type":"LineString","coordinates":[[13.72986,52.9814],[13.72976,52.98148],[13.72935,52.98163],[13.72899,52.98182],[13.72883,52.98192],[13.72876,52.98203],[13.72879,52.98211],[13.72887,52.98234]]}},{"type":"Feature","properties":{"art":"pfad"},"geometry":{"type":"LineString","coordinates":[[13.735,52.98081],[13.73471,52.98083],[13.73413,52.98088],[13.73321,52.98106],[13.73225,52.98123],[13.73119,52.98154],[13.73056,52.98171],[13.72914,52.98201],[13.72879,52.98211]]}},{"type":"Feature","properties":{"art":"pfad"},"geometry":{"type":"LineString","coordinates":[[13.72998,52.98137],[13.73002,52.98142],[13.7301,52.98147],[13.73026,52.98154],[13.73039,52.9816],[13.73054,52.98169],[13.73056,52.98171],[13.73068,52.98177],[13.73073,52.98182]]}},{"type":"Feature","properties":{"art":"strasse"},"geometry":{"type":"LineString","coordinates":[[13.73303,52.98176],[13.73304,52.98148]]}},{"type":"Feature","properties":{"art":"strasse"},"geometry":{"type":"LineString","coordinates":[[13.73279,52.9818],[13.73282,52.98192]]}},{"type":"Feature","properties":{"art":"strasse"},"geometry":{"type":"LineString","coordinates":[[13.73073,52.98182],[13.73083,52.98193]]}},{"type":"Feature","properties":{"art":"strasse"},"geometry":{"type":"LineString","coordinates":[[13.73389,52.98172],[13.73361,52.98173],[13.7332,52.98176],[13.73303,52.98176],[13.73296,52.98176],[13.73279,52.9818],[13.73265,52.98184],[13.73231,52.98197],[13.73201,52.9821]]}},{"type":"Feature","properties":{"art":"strasse"},"geometry":{"type":"LineString","coordinates":[[13.73231,52.98197],[13.73236,52.98209]]}},{"type":"Feature","properties":{"art":"weg"},"geometry":{"type":"LineString","coordinates":[[13.7351,52.98182],[13.73509,52.98182],[13.73439,52.98173],[13.73405,52.98172],[13.73389,52.98172]]}},{"type":"Feature","properties":{"art":"pfad"},"geometry":{"type":"LineString","coordinates":[[13.65963,52.98019],[13.65861,52.97622],[13.65771,52.97279],[13.65678,52.96906],[13.65578,52.96513],[13.65384,52.95748],[13.65317,52.95478],[13.65197,52.94996]]}},{"type":"Feature","properties":{"art":"pfad"},"geometry":{"type":"LineString","coordinates":[[13.6669,52.97184],[13.6676,52.97119],[13.66893,52.96985],[13.67002,52.96891],[13.67211,52.96762],[13.67267,52.96733],[13.67563,52.96704],[13.67847,52.96677],[13.67909,52.96667],[13.68045,52.96661],[13.68193,52.96646],[13.68513,52.96614],[13.68826,52.96587],[13.68927,52.96592],[13.6916,52.96563],[13.69226,52.96552]]}},{"type":"Feature","properties":{"art":"weg"},"geometry":{"type":"LineString","coordinates":[[13.6602,52.95686],[13.66172,52.96281],[13.66215,52.96452],[13.66291,52.96753],[13.66409,52.97221],[13.66464,52.97441],[13.66578,52.9789],[13.66595,52.97962],[13.66696,52.98388]]}},{"type":"Feature","properties":{"art":"weg"},"geometry":{"type":"LineString","coordinates":[[13.63186,52.97515],[13.63235,52.97511],[13.63872,52.97457],[13.63921,52.97472],[13.63945,52.97471],[13.63992,52.97462],[13.64033,52.97449],[13.64361,52.97413],[13.64517,52.97396],[13.64659,52.9738],[13.651,52.97328],[13.65148,52.97322],[13.65325,52.97306],[13.65361,52.9729],[13.65397,52.97262],[13.65467,52.97245],[13.65503,52.97241],[13.65535,52.97246],[13.65561,52.97264],[13.65597,52.97276],[13.65643,52.97291],[13.65771,52.97279],[13.66102,52.9725],[13.66409,52.97221],[13.6669,52.97184],[13.67017,52.97141],[13.683,52.97026],[13.68924,52.9697],[13.69546,52.96916],[13.70074,52.9687]]}},{"type":"Feature","properties":{"art":"weg"},"geometry":{"type":"LineString","coordinates":[[13.66464,52.97441],[13.66065,52.97536],[13.66024,52.97604],[13.65861,52.97622]]}},{"type":"Feature","properties":{"art":"weg"},"geometry":{"type":"LineString","coordinates":[[13.65861,52.97622],[13.65815,52.9763],[13.65635,52.976],[13.65599,52.97602],[13.65553,52.97604],[13.6551,52.97618],[13.65344,52.976],[13.65294,52.9759],[13.65203,52.97547]]}},{"type":"Feature","properties":{"art":"pfad"},"geometry":{"type":"LineString","coordinates":[[13.6577,52.9828],[13.65712,52.98043],[13.65618,52.97685],[13.65599,52.97602],[13.65533,52.97332]]}},{"type":"Feature","properties":{"art":"weg"},"geometry":{"type":"LineString","coordinates":[[13.67072,52.97919],[13.67221,52.97946],[13.67257,52.97998],[13.67308,52.98029],[13.67452,52.98072]]}},{"type":"Feature","properties":{"art":"pfad"},"geometry":{"type":"LineString","coordinates":[[13.66673,52.98421],[13.66622,52.98396],[13.66593,52.98363],[13.66559,52.98329],[13.66514,52.98311],[13.66417,52.98284],[13.66373,52.98239],[13.66326,52.98192],[13.66254,52.98165],[13.66148,52.98134],[13.66062,52.98119],[13.66021,52.98104],[13.65989,52.98089],[13.65977,52.98076],[13.65963,52.98019]]}},{"type":"Feature","properties":{"art":"weg"},"geometry":{"type":"LineString","coordinates":[[13.61058,52.98753],[13.61175,52.98592],[13.61544,52.98448],[13.61627,52.9843],[13.61697,52.98415],[13.62159,52.9837],[13.62791,52.98314],[13.633,52.98264],[13.63429,52.98253],[13.63798,52.9822],[13.64061,52.98193],[13.64124,52.9819],[13.64694,52.98138],[13.651,52.981],[13.65333,52.98079],[13.65595,52.98054],[13.65712,52.98043],[13.65963,52.98019],[13.66595,52.97962],[13.67072,52.97919],[13.67232,52.97905],[13.67867,52.9784],[13.68479,52.97777],[13.68562,52.97808]]}},{"type":"Feature","properties":{"art":"pfad"},"geometry":{"type":"LineString","coordinates":[[13.68046,52.96035],[13.68099,52.96265],[13.68193,52.96646],[13.683,52.97026],[13.68479,52.97777]]}},{"type":"Feature","properties":{"art":"weg"},"geometry":{"type":"LineString","coordinates":[[13.68729,52.97714],[13.68924,52.9697],[13.68826,52.96587],[13.68809,52.9652]]}},{"type":"Feature","properties":{"art":"pfad"},"geometry":{"type":"LineString","coordinates":[[13.70383,52.97678],[13.70428,52.97638],[13.70441,52.97609],[13.70447,52.97547],[13.70434,52.9751],[13.70383,52.97432]]}},{"type":"Feature","properties":{"art":"pfad"},"geometry":{"type":"LineString","coordinates":[[13.70054,52.97557],[13.70066,52.97559],[13.70076,52.97566]]}},{"type":"Feature","properties":{"art":"pfad"},"geometry":{"type":"LineString","coordinates":[[13.70086,52.97544],[13.70076,52.97566],[13.70074,52.97568],[13.70066,52.97586],[13.70056,52.97616],[13.70053,52.97637],[13.70035,52.97669],[13.70024,52.97699],[13.70039,52.97707],[13.70069,52.97709],[13.70111,52.97712],[13.70158,52.97705],[13.702,52.97691],[13.70211,52.9768],[13.70239,52.97678],[13.7029,52.97674],[13.70346,52.97677],[13.70383,52.97678]]}},{"type":"Feature","properties":{"art":"pfad"},"geometry":{"type":"LineString","coordinates":[[13.69287,52.97982],[13.69219,52.97986]]}},{"type":"Feature","properties":{"art":"strasse"},"geometry":{"type":"LineString","coordinates":[[13.7099,52.98014],[13.70976,52.98017],[13.70964,52.98022]]}},{"type":"Feature","properties":{"art":"strasse"},"geometry":{"type":"LineString","coordinates":[[13.70837,52.98054],[13.70818,52.98058],[13.70783,52.98067],[13.70739,52.98075],[13.70669,52.98092],[13.70654,52.98094],[13.70643,52.98095],[13.70631,52.98093],[13.70616,52.98092],[13.70569,52.9808],[13.70518,52.98068],[13.70458,52.98057],[13.70435,52.98055],[13.7041,52.98054],[13.70327,52.98058],[13.70306,52.98062],[13.7029,52.98067]]}},{"type":"Feature","properties":{"art":"pfad"},"geometry":{"type":"LineString","coordinates":[[13.68621,52.98106],[13.68588,52.98089],[13.68541,52.98084],[13.68507,52.98069],[13.68369,52.98036],[13.68298,52.98023],[13.68218,52.98013],[13.68159,52.98008],[13.68097,52.97994],[13.68035,52.9798],[13.67999,52.97969],[13.67993,52.97958],[13.67987,52.97948]]}},{"type":"Feature","properties":{"art":"pfad"},"geometry":{"type":"LineString","coordinates":[[13.7029,52.98067],[13.7026,52.98072],[13.70205,52.9808],[13.70048,52.98104],[13.69884,52.98117],[13.69814,52.98115],[13.69741,52.98105],[13.69724,52.98101],[13.69377,52.97997],[13.69287,52.97982],[13.69249,52.97975]]}},{"type":"Feature","properties":{"art":"pfad"},"geometry":{"type":"LineString","coordinates":[[13.69249,52.97975],[13.69219,52.97986],[13.69172,52.98004],[13.68959,52.98055],[13.68926,52.98068],[13.68884,52.9809],[13.68854,52.98096],[13.68799,52.98096],[13.68718,52.98102],[13.6868,52.9811],[13.68663,52.9811],[13.68633,52.98105],[13.68621,52.98106]]}},{"type":"Feature","properties":{"art":"weg"},"geometry":{"type":"LineString","coordinates":[[13.71132,52.96333],[13.71036,52.96376],[13.70913,52.9646],[13.70808,52.96612],[13.70688,52.96678],[13.70598,52.9672],[13.70508,52.96746],[13.70305,52.96741],[13.70267,52.96749],[13.70168,52.96804],[13.70074,52.9687],[13.69855,52.97078],[13.69673,52.97234],[13.69406,52.97418],[13.69125,52.97591],[13.68729,52.97714],[13.68562,52.97808],[13.68266,52.97891],[13.68077,52.97934],[13.67987,52.97948],[13.67887,52.97963],[13.67657,52.98009],[13.67452,52.98072],[13.67445,52.98076],[13.67063,52.98235],[13.66783,52.98322],[13.66696,52.98388],[13.66673,52.98421],[13.66609,52.98505],[13.66516,52.98639],[13.66465,52.98712],[13.66467,52.98828],[13.66478,52.99037],[13.66467,52.99103],[13.66454,52.99154],[13.66366,52.99197],[13.66083,52.9929],[13.66002,52.99324],[13.65878,52.99376],[13.65797,52.99428],[13.65738,52.99498],[13.6571,52.99585],[13.65693,52.99658],[13.65675,52.99741]]}},{"type":"Feature","properties":{"art":"pfad"},"geometry":{"type":"LineString","coordinates":[[13.68621,52.98106],[13.68569,52.98116],[13.68541,52.98118]]}},{"type":"Feature","properties":{"art":"strasse"},"geometry":{"type":"LineString","coordinates":[[13.7029,52.98067],[13.70273,52.98074],[13.70257,52.98089],[13.70243,52.98102],[13.70231,52.98116]]}},{"type":"Feature","properties":{"art":"pfad"},"geometry":{"type":"LineString","coordinates":[[13.70207,52.98224],[13.70258,52.98239],[13.70281,52.98243],[13.70337,52.98253]]}},{"type":"Feature","properties":{"art":"pfad"},"geometry":{"type":"LineString","coordinates":[[13.70476,52.98296],[13.70481,52.9833],[13.70503,52.98338]]}},{"type":"Feature","properties":{"art":"pfad"},"geometry":{"type":"LineString","coordinates":[[13.70861,52.98332],[13.70893,52.98352],[13.70942,52.98356],[13.70999,52.98359]]}},{"type":"Feature","properties":{"art":"pfad"},"geometry":{"type":"LineString","coordinates":[[13.68155,52.99023],[13.68203,52.98921],[13.68244,52.98862],[13.68271,52.98793],[13.68304,52.98759],[13.68334,52.98715],[13.68463,52.98661],[13.68547,52.98622],[13.68566,52.98581],[13.68553,52.98532],[13.68489,52.9844],[13.68542,52.98369],[13.68535,52.98346],[13.68531,52.98326],[13.68538,52.98299],[13.68574,52.98209],[13.68584,52.98184],[13.68597,52.98172],[13.68621,52.98154],[13.6863,52.98137],[13.68649,52.9812],[13.6868,52.9811]]}},{"type":"Feature","properties":{"art":"pfad"},"geometry":{"type":"LineString","coordinates":[[13.69286,52.98702],[13.69332,52.9869],[13.69348,52.98688],[13.6944,52.98673],[13.69491,52.9869],[13.69625,52.98673],[13.69785,52.98718],[13.69811,52.98731],[13.69835,52.9874],[13.69853,52.9874],[13.69871,52.98738]]}},{"type":"Feature","properties":{"art":"pfad"},"geometry":{"type":"LineString","coordinates":[[13.7052,52.98608],[13.70763,52.98541],[13.70858,52.98563],[13.7088,52.98575],[13.70961,52.98582],[13.71017,52.98588],[13.71112,52.98571],[13.71183,52.98548],[13.71219,52.98525]]}},{"type":"Feature","properties":{"art":"pfad"},"geometry":{"type":"LineString","coordinates":[[13.69835,52.9874],[13.69811,52.98751],[13.69788,52.9877],[13.69774,52.98784],[13.69765,52.98794],[13.69763,52.98812],[13.69737,52.98836],[13.69693,52.98873],[13.69687,52.98879]]}},{"type":"Feature","properties":{"art":"pfad"},"geometry":{"type":"LineString","coordinates":[[13.69683,52.98883],[13.6968,52.98886],[13.69667,52.98896],[13.69661,52.98906]]}},{"type":"Feature","properties":{"art":"pfad"},"geometry":{"type":"LineString","coordinates":[[13.68236,52.99061],[13.68262,52.99062],[13.68305,52.99056],[13.68435,52.99053],[13.68561,52.99062],[13.68589,52.99068],[13.68672,52.99077],[13.68806,52.99089],[13.6891,52.99085],[13.68914,52.99056],[13.68931,52.99018],[13.68951,52.98998],[13.6905,52.98976],[13.69087,52.98988],[13.69137,52.98988],[13.69251,52.98962],[13.69271,52.98939],[13.69281,52.98914],[13.69252,52.98861]]}},{"type":"Feature","properties":{"art":"weg"},"geometry":{"type":"LineString","coordinates":[[13.68193,52.99044],[13.68182,52.99048],[13.68171,52.99054],[13.68164,52.99058],[13.68165,52.99063],[13.68169,52.99067],[13.68193,52.99076]]}},{"type":"Feature","properties":{"art":"pfad"},"geometry":{"type":"LineString","coordinates":[[13.65825,52.98413],[13.65873,52.98399],[13.65913,52.98383],[13.65948,52.98368]]}},{"type":"Feature","properties":{"art":"weg"},"geometry":{"type":"LineString","coordinates":[[13.67462,52.98953],[13.67499,52.98849],[13.67498,52.98822],[13.67507,52.9877],[13.6751,52.98699],[13.675,52.98634],[13.67469,52.98587],[13.67465,52.98581],[13.67455,52.98559],[13.67451,52.98527],[13.67455,52.98501],[13.67478,52.98465],[13.67533,52.984],[13.67567,52.98356],[13.67662,52.98212],[13.67714,52.98143],[13.67769,52.98097],[13.67949,52.97989],[13.67993,52.97958]]}},{"type":"Feature","properties":{"art":"weg"},"geometry":{"type":"LineString","coordinates":[[13.65398,52.9835],[13.65354,52.98375],[13.65308,52.98384],[13.65271,52.98388],[13.65239,52.98395],[13.65231,52.98408],[13.65228,52.98436],[13.65272,52.98451],[13.65304,52.98467],[13.65348,52.98485],[13.65391,52.98509],[13.65421,52.98528],[13.65456,52.98537],[13.6548,52.9854],[13.65521,52.98536],[13.65582,52.98522],[13.65613,52.9851],[13.6566,52.98494],[13.65703,52.98482],[13.65766,52.98447],[13.65779,52.98438],[13.65794,52.98428],[13.65825,52.98413]]}},{"type":"Feature","properties":{"art":"weg"},"geometry":{"type":"LineString","coordinates":[[13.66673,52.98421],[13.66712,52.98433],[13.66848,52.98496],[13.67004,52.98604],[13.67161,52.9867],[13.67215,52.98687],[13.67268,52.98704],[13.67485,52.98818],[13.67492,52.98821],[13.67498,52.98822],[13.67593,52.98843],[13.67717,52.98885],[13.6778,52.98897],[13.6794,52.98928],[13.67948,52.9893],[13.68111,52.98983]]}},{"type":"Feature","properties":{"art":"weg"},"geometry":{"type":"LineString","coordinates":[[13.65694,52.98882],[13.65643,52.98872],[13.65597,52.9886],[13.65561,52.98838],[13.65541,52.9882],[13.65515,52.98778],[13.65456,52.98537]]}},{"type":"Feature","properties":{"art":"weg"},"geometry":{"type":"LineString","coordinates":[[13.66147,52.9881],[13.66516,52.98639]]}},{"type":"Feature","properties":{"art":"weg"},"geometry":{"type":"LineString","coordinates":[[13.67492,52.98821],[13.67482,52.98821],[13.67481,52.9882],[13.67407,52.98809],[13.67236,52.98789],[13.67113,52.98812],[13.6703,52.98839],[13.66921,52.98846],[13.6679,52.98852],[13.66501,52.98832],[13.66467,52.98828]]}},{"type":"Feature","properties":{"art":"pfad"},"geometry":{"type":"LineString","coordinates":[[13.65766,52.9888],[13.65777,52.98899],[13.65787,52.98914],[13.658,52.98929],[13.6581,52.98945],[13.65816,52.98963],[13.65826,52.98975],[13.65834,52.98986],[13.65842,52.98993],[13.65857,52.98999],[13.6591,52.9901],[13.65954,52.99006],[13.65993,52.99007],[13.6608,52.99026],[13.66105,52.99029],[13.66147,52.99035],[13.66202,52.99042],[13.66232,52.99051],[13.66268,52.99065],[13.6632,52.99081],[13.66376,52.99088],[13.66422,52.99096],[13.66448,52.991],[13.66467,52.99103]]}},{"type":"Feature","properties":{"art":"pfad"},"geometry":{"type":"LineString","coordinates":[[13.65834,52.98986],[13.65828,52.99011],[13.65802,52.99035],[13.65755,52.99055],[13.65645,52.99082],[13.65602,52.99087],[13.65557,52.99091]]}},{"type":"Feature","properties":{"art":"weg"},"geometry":{"type":"LineString","coordinates":[[13.66467,52.98828],[13.66186,52.98807],[13.66147,52.9881],[13.66043,52.98851],[13.65938,52.98886],[13.65853,52.98892],[13.65805,52.98884],[13.65766,52.9888],[13.6574,52.98878],[13.65694,52.98882],[13.65658,52.98886],[13.65569,52.98887],[13.65542,52.98889],[13.6537,52.98902],[13.65253,52.98907],[13.65092,52.98897],[13.64901,52.98914],[13.64891,52.98907],[13.64694,52.98907],[13.64568,52.98911],[13.64369,52.98917],[13.64307,52.98929],[13.64254,52.98938],[13.64111,52.98967],[13.64054,52.98978],[13.63988,52.98988],[13.63975,52.99001],[13.63934,52.9902],[13.63821,52.99025],[13.63637,52.99041],[13.63301,52.99073],[13.62994,52.99098],[13.62383,52.99155],[13.61747,52.99215],[13.6112,52.99271],[13.61052,52.99279],[13.60883,52.99293],[13.60756,52.99303],[13.60583,52.9932]]}},{"type":"Feature","properties":{"art":"weg"},"geometry":{"type":"LineString","coordinates":[[13.69742,52.99214],[13.69701,52.99194],[13.69664,52.99176],[13.69581,52.99149],[13.69517,52.99132],[13.69406,52.99109],[13.69295,52.99089],[13.69203,52.99076],[13.69144,52.99071],[13.691,52.99072],[13.69074,52.99079],[13.69027,52.99088],[13.68987,52.99086],[13.68958,52.99085],[13.6891,52.99085]]}},{"type":"Feature","properties":{"art":"weg"},"geometry":{"type":"LineString","coordinates":[[13.68111,52.98983],[13.68155,52.99023],[13.6819,52.99042],[13.68193,52.99044],[13.68236,52.99061],[13.68677,52.99275],[13.68742,52.99328],[13.68774,52.99402]]}},{"type":"Feature","properties":{"art":"strasse"},"geometry":{"type":"LineString","coordinates":[[13.6861,52.99462],[13.6864,52.99458],[13.68673,52.99446],[13.68748,52.9941],[13.68774,52.99402],[13.68827,52.99377],[13.68952,52.99343],[13.69154,52.99295],[13.69289,52.99286],[13.69309,52.99283],[13.69547,52.99243],[13.69742,52.99214],[13.69802,52.99206],[13.70803,52.98974]]}},{"type":"Feature","properties":{"art":"pfad"},"geometry":{"type":"LineString","coordinates":[[13.68742,52.99328],[13.68768,52.99244],[13.6875,52.99172],[13.68755,52.99127],[13.68806,52.99089]]}},{"type":"Feature","properties":{"art":"pfad"},"geometry":{"type":"LineString","coordinates":[[13.70803,52.98974],[13.70735,52.99006],[13.70555,52.99075],[13.70399,52.99155],[13.70361,52.99184],[13.70326,52.99203],[13.70246,52.99236],[13.70222,52.99248],[13.70185,52.99271],[13.70116,52.99299],[13.70079,52.99319],[13.70051,52.99337],[13.70004,52.99372],[13.69929,52.99433],[13.69803,52.9951],[13.69696,52.99586],[13.69619,52.99638],[13.69471,52.99739],[13.69393,52.99783],[13.69344,52.99803],[13.69319,52.99819],[13.69291,52.99839],[13.69245,52.99887]]}},{"type":"Feature","properties":{"art":"strasse"},"geometry":{"type":"LineString","coordinates":[[13.67644,52.99442],[13.67678,52.99443]]}},{"type":"Feature","properties":{"art":"strasse"},"geometry":{"type":"LineString","coordinates":[[13.68545,52.99461],[13.68562,52.99462],[13.6861,52.99462]]}},{"type":"Feature","properties":{"art":"weg"},"geometry":{"type":"LineString","coordinates":[[13.6861,52.99462],[13.68591,52.99474],[13.68557,52.99485]]}},{"type":"Feature","properties":{"art":"pfad"},"geometry":{"type":"LineString","coordinates":[[13.69309,52.99283],[13.69471,52.99739]]}},{"type":"Feature","properties":{"art":"pfad"},"geometry":{"type":"LineString","coordinates":[[13.66467,52.99103],[13.66524,52.99106],[13.66583,52.99101],[13.66628,52.99094],[13.6668,52.99091],[13.66747,52.99094],[13.66789,52.99101],[13.66844,52.99111],[13.66912,52.99115],[13.66969,52.99119],[13.67071,52.99125]]}},{"type":"Feature","properties":{"art":"weg"},"geometry":{"type":"LineString","coordinates":[[13.67462,52.98953],[13.67398,52.99078],[13.67409,52.99115],[13.67457,52.9914],[13.67482,52.9916],[13.67471,52.99188],[13.67445,52.99218],[13.67421,52.9923],[13.67417,52.9925],[13.6744,52.99265],[13.67484,52.99278],[13.67513,52.99305],[13.67495,52.99331],[13.67462,52.99344],[13.67434,52.99366],[13.67438,52.99388],[13.67451,52.99414],[13.6749,52.99449]]}},{"type":"Feature","properties":{"art":"weg"},"geometry":{"type":"LineString","coordinates":[[13.67462,52.98953],[13.67358,52.99022],[13.67273,52.99067],[13.67171,52.99102],[13.67071,52.99125],[13.67034,52.99146],[13.67016,52.99176],[13.67001,52.99218],[13.6699,52.99239],[13.66986,52.99245],[13.66976,52.99264],[13.66959,52.99286],[13.66948,52.99317],[13.66945,52.99346],[13.66946,52.99378],[13.6696,52.99405],[13.66962,52.99425],[13.66964,52.99452],[13.66988,52.99486]]}},{"type":"Feature","properties":{"art":"pfad"},"geometry":{"type":"LineString","coordinates":[[13.66986,52.99245],[13.66968,52.99248],[13.66954,52.99248],[13.6693,52.99249]]}},{"type":"Feature","properties":{"art":"pfad"},"geometry":{"type":"LineString","coordinates":[[13.64024,52.99301],[13.64139,52.99297],[13.64189,52.993],[13.64208,52.99303],[13.64244,52.99303],[13.64412,52.99259],[13.64563,52.99234],[13.65026,52.99142],[13.65063,52.9914],[13.65116,52.99143],[13.65225,52.99169],[13.65297,52.99182],[13.65477,52.99189],[13.65629,52.99194],[13.65706,52.99199],[13.65729,52.99221],[13.65836,52.9927],[13.65912,52.99299],[13.66002,52.99324],[13.6608,52.99342],[13.66131,52.99348],[13.66163,52.99347],[13.663,52.99328],[13.66338,52.99328],[13.66412,52.99338],[13.66553,52.99336]]}},{"type":"Feature","properties":{"art":"weg"},"geometry":{"type":"LineString","coordinates":[[13.63218,52.99891],[13.63851,52.99833],[13.64471,52.99775],[13.65001,52.99726],[13.65113,52.99715],[13.65693,52.99658],[13.66342,52.99599]]}},{"type":"Feature","properties":{"art":"pfad"},"geometry":{"type":"LineString","coordinates":[[13.67924,52.9981],[13.67915,52.99792],[13.67903,52.99785],[13.67856,52.99788],[13.67827,52.99792],[13.67801,52.99797],[13.6779,52.99795]]}},{"type":"Feature","properties":{"art":"weg"},"geometry":{"type":"LineString","coordinates":[[13.6266,53.00249],[13.62739,53.00241],[13.63144,53.00203],[13.63273,53.00191],[13.64576,53.0007],[13.64733,53.00071],[13.65049,53.00074],[13.65245,53.00034],[13.6554,52.99785],[13.65675,52.99741],[13.66054,52.99649],[13.66342,52.99599],[13.66716,52.99564],[13.66988,52.99486],[13.67029,52.99475],[13.67177,52.99463],[13.6749,52.99449],[13.67644,52.99442]]}},{"type":"Feature","properties":{"art":"pfad"},"geometry":{"type":"LineString","coordinates":[[13.67909,52.99973],[13.67899,52.99959],[13.67901,52.99935],[13.67901,52.99915],[13.67896,52.99901],[13.67872,52.99894],[13.67808,52.99888],[13.67772,52.9989],[13.67725,52.99885]]}},{"type":"Feature","properties":{"art":"pfad"},"geometry":{"type":"LineString","coordinates":[[13.69249,52.97975],[13.69272,52.97965],[13.69408,52.97842],[13.69466,52.97789],[13.69533,52.97693],[13.69609,52.9766],[13.69685,52.97637],[13.69844,52.97615],[13.69948,52.97596],[13.69992,52.97584],[13.70054,52.97557],[13.70086,52.97544],[13.7014,52.97521],[13.70226,52.97481],[13.70294,52.97452],[13.70383,52.97432],[13.70476,52.97411],[13.70734,52.9734],[13.70836,52.97315],[13.70903,52.97308],[13.70998,52.97299],[13.71099,52.97289],[13.71159,52.97288],[13.7129,52.97281],[13.71328,52.9728],[13.71484,52.97256],[13.71568,52.97244],[13.71678,52.97234],[13.71791,52.97232],[13.72252,52.97236],[13.72394,52.97241]]}},{"type":"Feature","properties":{"art":"strasse"},"geometry":{"type":"LineString","coordinates":[[13.71011,52.98003],[13.70999,52.98001],[13.70968,52.97996],[13.70885,52.97981],[13.70858,52.97977],[13.70839,52.97976],[13.70822,52.97974],[13.70806,52.97972]]}},{"type":"Feature","properties":{"art":"strasse"},"geometry":{"type":"LineString","coordinates":[[13.70676,52.97927],[13.70667,52.97904],[13.70663,52.97896],[13.70657,52.97888],[13.70651,52.9788],[13.70648,52.97867],[13.70646,52.97847],[13.70641,52.97832],[13.70618,52.97805],[13.70603,52.97792],[13.7056,52.97762],[13.70551,52.97757]]}},{"type":"Feature","properties":{"art":"weg"},"geometry":{"type":"LineString","coordinates":[[13.71087,52.98535],[13.71073,52.98524],[13.71047,52.98484],[13.71019,52.98438],[13.71011,52.98402],[13.71016,52.98386],[13.70999,52.98359]]}},{"type":"Feature","properties":{"art":"pfad"},"geometry":{"type":"LineString","coordinates":[[13.71152,52.99622],[13.70927,52.98942]]}},{"type":"Feature","properties":{"art":"weg"},"geometry":{"type":"LineString","coordinates":[[13.7301,52.99365],[13.73001,52.99363],[13.72971,52.99366],[13.72901,52.99374],[13.72795,52.99394],[13.72235,52.99471],[13.7171,52.99544],[13.71304,52.99601],[13.71152,52.99622],[13.69514,52.9985],[13.6929,52.99881],[13.69245,52.99887],[13.68965,52.99926]]}},{"type":"Feature","properties":{"art":"weg"},"geometry":{"type":"LineString","coordinates":[[13.70928,53.00604],[13.70969,53.00716],[13.70983,53.0076],[13.71017,53.00848],[13.71037,53.00903],[13.71052,53.00944],[13.71068,53.00991]]}},{"type":"Feature","properties":{"art":"weg"},"geometry":{"type":"LineString","coordinates":[[13.65675,52.99741],[13.65621,52.99833],[13.6559,52.99926],[13.6558,53.00019],[13.65573,53.00081]]}},{"type":"Feature","properties":{"art":"pfad"},"geometry":{"type":"LineString","coordinates":[[13.67967,52.99559],[13.67954,52.99577],[13.67934,52.99593],[13.67835,52.99734],[13.6779,52.99795],[13.67779,52.9981],[13.67725,52.99885],[13.67664,52.99971],[13.67572,53.00098],[13.67564,53.00147],[13.67574,53.00208],[13.67617,53.00248],[13.68184,53.00589]]}},{"type":"Feature","properties":{"art":"pfad"},"geometry":{"type":"LineString","coordinates":[[13.65245,53.00034],[13.65318,53.00039],[13.65513,53.00019],[13.6558,53.00019],[13.65701,53.00018],[13.65833,53.00046],[13.6586,53.00054],[13.65916,53.00054],[13.66046,53.00027],[13.66184,52.9999],[13.66378,53.00035],[13.66447,53.00091],[13.6666,53.00101],[13.67572,53.00098]]}},{"type":"Feature","properties":{"art":"weg"},"geometry":{"type":"LineString","coordinates":[[13.63144,53.00203],[13.6315,53.00219],[13.63149,53.00231],[13.63144,53.00238],[13.63143,53.00248],[13.63149,53.00258],[13.63166,53.00265],[13.63188,53.0027],[13.63227,53.00276],[13.63263,53.00283]]}},{"type":"Feature","properties":{"art":"weg"},"geometry":{"type":"LineString","coordinates":[[13.64074,53.00291],[13.64074,53.00291],[13.64176,53.00267],[13.64229,53.00252]]}},{"type":"Feature","properties":{"art":"pfad"},"geometry":{"type":"LineString","coordinates":[[13.69471,52.99739],[13.69525,52.99732],[13.6963,52.99716]]}},{"type":"Feature","properties":{"art":"pfad"},"geometry":{"type":"LineString","coordinates":[[13.69471,52.99739],[13.69514,52.9985]]}},{"type":"Feature","properties":{"art":"weg"},"geometry":{"type":"LineString","coordinates":[[13.6929,52.99881],[13.69246,52.99893],[13.69222,52.99902]]}},{"type":"Feature","properties":{"art":"weg"},"geometry":{"type":"LineString","coordinates":[[13.69514,52.9985],[13.69658,53.00248],[13.704,53.00115],[13.71177,52.99703],[13.71152,52.99622]]}},{"type":"Feature","properties":{"art":"pfad"},"geometry":{"type":"LineString","coordinates":[[13.69245,52.99887],[13.69222,52.99902],[13.69089,53.00011],[13.69064,53.00028],[13.69012,53.00064],[13.6899,53.00077],[13.68938,53.00118],[13.6878,53.00302],[13.6874,53.00342],[13.68679,53.00404],[13.68561,53.00457],[13.68442,53.00509]]}},{"type":"Feature","properties":{"art":"weg"},"geometry":{"type":"LineString","coordinates":[[13.68774,52.99402],[13.68965,52.99926],[13.69012,53.00064],[13.69116,53.00317],[13.69211,53.00595],[13.69331,53.00911],[13.69416,53.00946],[13.69647,53.01108],[13.69476,53.01352],[13.69679,53.01464]]}},{"type":"Feature","properties":{"art":"weg"},"geometry":{"type":"LineString","coordinates":[[13.68442,53.00509],[13.68408,53.00525],[13.6838,53.00533],[13.68297,53.00554],[13.68184,53.00589],[13.6813,53.00603]]}},{"type":"Feature","properties":{"art":"pfad"},"geometry":{"type":"LineString","coordinates":[[13.68184,53.00589],[13.68473,53.00777]]}},{"type":"Feature","properties":{"art":"weg"},"geometry":{"type":"LineString","coordinates":[[13.68442,53.00509],[13.68468,53.00508],[13.68705,53.00541],[13.68995,53.00571],[13.69211,53.00595],[13.69269,53.00607],[13.70274,53.00864],[13.70435,53.009],[13.7047,53.00905],[13.70735,53.00944],[13.70985,53.0098],[13.71068,53.00991],[13.71206,53.0101],[13.71217,53.01011],[13.71329,53.01021],[13.71358,53.01024],[13.71402,53.01028],[13.71566,53.01042],[13.71754,53.01084],[13.71854,53.01102]]}},{"type":"Feature","properties":{"art":"weg"},"geometry":{"type":"LineString","coordinates":[[13.7,53.01169],[13.70532,53.01099],[13.71217,53.01011]]}},{"type":"Feature","properties":{"art":"strasse"},"geometry":{"type":"LineString","coordinates":[[13.72118,52.98359],[13.7212,52.9837],[13.72121,52.98374],[13.72122,52.9838],[13.72123,52.98386],[13.72124,52.98413],[13.72124,52.98421],[13.72125,52.98438],[13.72125,52.98461],[13.72126,52.98506],[13.72125,52.98513]]}},{"type":"Feature","properties":{"art":"strasse"},"geometry":{"type":"LineString","coordinates":[[13.72125,52.98513],[13.72142,52.98507],[13.72177,52.98495],[13.72254,52.9847],[13.72339,52.98445],[13.72479,52.98407],[13.72532,52.98388],[13.72593,52.98361],[13.72665,52.98325],[13.72705,52.98307],[13.72728,52.98297],[13.72807,52.98261],[13.72859,52.98241],[13.72887,52.98234],[13.73073,52.98182],[13.73135,52.98167],[13.73198,52.98156],[13.73304,52.98148],[13.73357,52.9814],[13.73403,52.98133],[13.7346,52.98126],[13.73513,52.9812]]}},{"type":"Feature","properties":{"art":"strasse"},"geometry":{"type":"LineString","coordinates":[[13.72586,52.98314],[13.72635,52.98304],[13.72671,52.983],[13.72688,52.98301],[13.72696,52.98303],[13.72705,52.98307]]}},{"type":"Feature","properties":{"art":"strasse"},"geometry":{"type":"LineString","coordinates":[[13.72122,52.9838],[13.72147,52.98374],[13.72165,52.98372]]}},{"type":"Feature","properties":{"art":"strasse"},"geometry":{"type":"LineString","coordinates":[[13.72121,52.98374],[13.7211,52.98376]]}},{"type":"Feature","properties":{"art":"weg"},"geometry":{"type":"LineString","coordinates":[[13.73438,52.98405],[13.73392,52.98393],[13.733,52.98387],[13.73226,52.98381],[13.73147,52.98389],[13.73093,52.98391],[13.72999,52.98383],[13.72939,52.98379]]}},{"type":"Feature","properties":{"art":"strasse"},"geometry":{"type":"LineString","coordinates":[[13.72532,52.98388],[13.72529,52.98381]]}},{"type":"Feature","properties":{"art":"strasse"},"geometry":{"type":"LineString","coordinates":[[13.72124,52.98421],[13.72138,52.98422],[13.72146,52.9842]]}},{"type":"Feature","properties":{"art":"strasse"},"geometry":{"type":"LineString","coordinates":[[13.72254,52.9847],[13.72246,52.98458]]}},{"type":"Feature","properties":{"art":"strasse"},"geometry":{"type":"LineString","coordinates":[[13.73389,52.98172],[13.73395,52.98208]]}},{"type":"Feature","properties":{"art":"strasse"},"geometry":{"type":"LineString","coordinates":[[13.73438,52.98405],[13.73519,52.98427],[13.73532,52.98429],[13.73571,52.98437],[13.7363,52.98449],[13.73649,52.98451],[13.73671,52.98451],[13.73733,52.98448],[13.7374,52.98447],[13.73804,52.98444],[13.73858,52.98441],[13.7386,52.98441],[13.73872,52.98438],[13.73887,52.98434],[13.73931,52.98403]]}},{"type":"Feature","properties":{"art":"strasse"},"geometry":{"type":"LineString","coordinates":[[13.73532,52.98429],[13.73509,52.98369]]}},{"type":"Feature","properties":{"art":"strasse"},"geometry":{"type":"LineString","coordinates":[[13.73571,52.98437],[13.73553,52.98379]]}},{"type":"Feature","properties":{"art":"strasse"},"geometry":{"type":"LineString","coordinates":[[13.73804,52.98444],[13.73798,52.98415],[13.73797,52.98404],[13.738,52.98402],[13.73801,52.98401]]}},{"type":"Feature","properties":{"art":"strasse"},"geometry":{"type":"LineString","coordinates":[[13.73858,52.98441],[13.73857,52.9843],[13.73855,52.98411],[13.73853,52.98401],[13.73846,52.98397],[13.73846,52.98397]]}},{"type":"Feature","properties":{"art":"strasse"},"geometry":{"type":"LineString","coordinates":[[13.7374,52.98447],[13.7374,52.98444],[13.73738,52.98414],[13.73737,52.98406]]}},{"type":"Feature","properties":{"art":"strasse"},"geometry":{"type":"LineString","coordinates":[[13.73733,52.98448],[13.73733,52.98445],[13.73733,52.98442],[13.73732,52.98438],[13.7373,52.98435],[13.73726,52.9843],[13.73718,52.98421],[13.73715,52.98419],[13.73714,52.98417],[13.73713,52.98415],[13.73713,52.98409],[13.73713,52.98408]]}},{"type":"Feature","properties":{"art":"strasse"},"geometry":{"type":"LineString","coordinates":[[13.72177,52.98495],[13.72164,52.98489],[13.72148,52.98479],[13.72136,52.98471],[13.72125,52.98461]]}},{"type":"Feature","properties":{"art":"strasse"},"geometry":{"type":"LineString","coordinates":[[13.72002,52.9855],[13.72011,52.98538],[13.72022,52.98527],[13.72036,52.98515],[13.7206,52.98496],[13.72088,52.98473],[13.72109,52.98453],[13.72125,52.98438]]}},{"type":"Feature","properties":{"art":"pfad"},"geometry":{"type":"LineString","coordinates":[[13.72887,52.98234],[13.72916,52.98316],[13.72939,52.98379],[13.72966,52.98452],[13.73096,52.98789]]}},{"type":"Feature","properties":{"art":"pfad"},"geometry":{"type":"LineString","coordinates":[[13.72728,52.98297],[13.72692,52.98388],[13.72647,52.98461],[13.72635,52.98494],[13.72597,52.98693],[13.72575,52.98822],[13.72581,52.98838]]}},{"type":"Feature","properties":{"art":"pfad"},"geometry":{"type":"LineString","coordinates":[[13.72581,52.98838],[13.72507,52.9879],[13.7246,52.98756],[13.72335,52.98692],[13.72241,52.98624],[13.72201,52.98581],[13.7215,52.98517],[13.72142,52.98507]]}},{"type":"Feature","properties":{"art":"weg"},"geometry":{"type":"LineString","coordinates":[[13.71671,52.99195],[13.71792,52.99187],[13.71979,52.99163],[13.72094,52.99144],[13.72121,52.99137],[13.72253,52.99105],[13.72366,52.9906],[13.72407,52.99019],[13.7247,52.98987],[13.72626,52.98944],[13.72671,52.98933],[13.72821,52.98885],[13.73015,52.98814],[13.73096,52.98789],[13.73167,52.98772],[13.73335,52.98724],[13.7347,52.98687],[13.73554,52.98662],[13.73579,52.98655],[13.73597,52.98649],[13.73624,52.98641],[13.73652,52.98622],[13.73665,52.98604],[13.73698,52.98582],[13.73723,52.98571],[13.73745,52.98554],[13.73789,52.98514],[13.73825,52.98478],[13.73849,52.98454],[13.7386,52.98441]]}},{"type":"Feature","properties":{"art":"pfad"},"geometry":{"type":"LineString","coordinates":[[13.72581,52.98838],[13.72626,52.98944]]}},{"type":"Feature","properties":{"art":"pfad"},"geometry":{"type":"LineString","coordinates":[[13.72235,52.99471],[13.72121,52.99137],[13.72023,52.9885],[13.71937,52.98595]]}},{"type":"Feature","properties":{"art":"weg"},"geometry":{"type":"LineString","coordinates":[[13.72795,52.99394],[13.72764,52.99311],[13.7271,52.99182],[13.72672,52.99057],[13.72626,52.98944]]}},{"type":"Feature","properties":{"art":"weg"},"geometry":{"type":"LineString","coordinates":[[13.72867,52.99618],[13.72862,52.99608],[13.72856,52.99606]]}},{"type":"Feature","properties":{"art":"strasse"},"geometry":{"type":"LineString","coordinates":[[13.73642,52.98805],[13.73616,52.98828],[13.73612,52.98831]]}},{"type":"Feature","properties":{"art":"strasse"},"geometry":{"type":"LineString","coordinates":[[13.73616,52.98789],[13.73586,52.98816],[13.73616,52.98828]]}},{"type":"Feature","properties":{"art":"strasse"},"geometry":{"type":"LineString","coordinates":[[13.73612,52.98831],[13.73587,52.98852]]}},{"type":"Feature","properties":{"art":"weg"},"geometry":{"type":"LineString","coordinates":[[13.73236,52.99158],[13.73241,52.99173],[13.73293,52.99317],[13.73552,52.99962],[13.73618,53.00093],[13.73812,53.00654]]}},{"type":"Feature","properties":{"art":"weg"},"geometry":{"type":"LineString","coordinates":[[13.73409,53.00709],[13.73463,53.00471],[13.73573,53.00162],[13.73618,53.00093],[13.73726,53.00006],[13.73798,52.99965],[13.73827,52.99928],[13.74022,52.99653],[13.74151,52.99422]]}},{"type":"Feature","properties":{"art":"weg"},"geometry":{"type":"LineString","coordinates":[[13.71979,53.00897],[13.71995,53.00899],[13.72017,53.009],[13.7271,53.00801],[13.73265,53.00728],[13.73409,53.00709],[13.73812,53.00654],[13.74363,53.0058],[13.7496,53.00496]]}},{"type":"Feature","properties":{"art":"weg"},"geometry":{"type":"LineString","coordinates":[[13.7405,53.01314],[13.7394,53.00997],[13.73812,53.00654]]}},{"type":"Feature","properties":{"art":"weg"},"geometry":{"type":"LineString","coordinates":[[13.73314,53.01076],[13.73257,53.01281],[13.73221,53.01432]]}},{"type":"Feature","properties":{"art":"strasse"},"geometry":{"type":"LineString","coordinates":[[13.70803,52.98974],[13.70927,52.98942],[13.71068,52.989],[13.71476,52.9879],[13.71548,52.98774],[13.71568,52.98768],[13.71629,52.98745],[13.71778,52.98686],[13.71867,52.98636],[13.71937,52.98595],[13.72002,52.9855],[13.72015,52.98544],[13.72032,52.98537],[13.72056,52.98531],[13.72105,52.98519],[13.72125,52.98513]]}},{"type":"Feature","properties":{"art":"weg"},"geometry":{"type":"LineString","coordinates":[[13.72125,52.98513],[13.7212,52.98572],[13.72102,52.98633],[13.72062,52.9872],[13.7203,52.988],[13.72023,52.9885],[13.72007,52.98912],[13.71825,52.99057],[13.71671,52.99195],[13.71634,52.99229],[13.71603,52.99263],[13.71563,52.99309],[13.71422,52.99462],[13.71304,52.99601]]}},{"type":"Feature","properties":{"art":"weg"},"geometry":{"type":"LineString","coordinates":[[13.71603,52.99263],[13.71637,52.99376],[13.71664,52.99488],[13.7171,52.99544]]}},{"type":"Feature","properties":{"art":"weg"},"geometry":{"type":"LineString","coordinates":[[13.71913,53.00134],[13.7188,53.00052],[13.71851,52.99972],[13.71826,52.99907],[13.71814,52.99874],[13.71776,52.99768],[13.7171,52.99544]]}},{"type":"Feature","properties":{"art":"weg"},"geometry":{"type":"LineString","coordinates":[[13.71269,53.00549],[13.71317,53.0026],[13.71822,53.0019]]}},{"type":"Feature","properties":{"art":"weg"},"geometry":{"type":"LineString","coordinates":[[13.70735,53.00944],[13.70983,53.0076],[13.71185,53.00611],[13.71269,53.00549],[13.71411,53.00496],[13.71531,53.00417],[13.717,53.00281],[13.71822,53.0019]]}},{"type":"Feature","properties":{"art":"weg"},"geometry":{"type":"LineString","coordinates":[[13.71822,53.0019],[13.71913,53.00134],[13.72189,53.00008],[13.72218,52.99991],[13.7234,52.99921],[13.72395,52.99881],[13.72235,52.99471]]}},{"type":"Feature","properties":{"art":"weg"},"geometry":{"type":"LineString","coordinates":[[13.7242,53.00028],[13.72371,53.00022],[13.72302,53.00009],[13.72241,52.99995],[13.72218,52.99991],[13.72207,52.99988],[13.72109,52.99968],[13.72058,52.99956],[13.72009,52.99945],[13.71972,52.99936],[13.71938,52.99933],[13.71887,52.99919],[13.71826,52.99907]]}},{"type":"Feature","properties":{"art":"weg"},"geometry":{"type":"LineString","coordinates":[[13.73661,52.98806],[13.73627,52.98835],[13.73574,52.98881],[13.73526,52.98925],[13.73472,52.98969],[13.73428,52.99008],[13.73316,52.99107],[13.73253,52.99163],[13.73241,52.99173],[13.732,52.99209],[13.73178,52.99226],[13.73158,52.99241],[13.73147,52.9925],[13.73137,52.99263],[13.73118,52.99279],[13.73077,52.99315],[13.73061,52.9933],[13.73039,52.99354],[13.72994,52.99412],[13.72972,52.99455],[13.72867,52.99618],[13.72864,52.99622],[13.72813,52.99702],[13.72694,52.99892],[13.72679,52.99915],[13.7259,53.00062],[13.72571,53.00092],[13.72546,53.00123],[13.72489,53.00205],[13.72484,53.0021],[13.72474,53.00231],[13.72414,53.00313],[13.72402,53.00329],[13.72395,53.00346],[13.72379,53.00362],[13.72341,53.00418],[13.72316,53.00453],[13.72288,53.00489],[13.72251,53.00544],[13.72203,53.00612],[13.7215,53.00683],[13.72094,53.00765],[13.72056,53.0082],[13.7204,53.00842],[13.72018,53.0087],[13.71995,53.00899],[13.71981,53.00916],[13.71966,53.00936],[13.71917,53.00999],[13.71898,53.01026],[13.71883,53.01059],[13.71873,53.01105],[13.71864,53.01143],[13.71861,53.01159],[13.71859,53.01189],[13.71851,53.01246],[13.71843,53.01327],[13.71839,53.01365],[13.71836,53.01391],[13.71838,53.01411],[13.71833,53.01432],[13.71821,53.01538],[13.71817,53.01555],[13.71818,53.01574],[13.71819,53.01598],[13.71815,53.0161],[13.71808,53.01617],[13.7179,53.01649],[13.71769,53.01675],[13.7175,53.01695]]}},{"type":"Feature","properties":{"art":"pfad"},"geometry":{"type":"LineString","coordinates":[[13.73314,53.01076],[13.73347,53.00953],[13.73265,53.00728],[13.73011,53.00027],[13.72867,52.99618]]}},{"type":"Feature","properties":{"art":"strasse"},"geometry":{"type":"LineString","coordinates":[[13.73587,52.98852],[13.73493,52.98935],[13.73344,52.99065],[13.73236,52.99158],[13.73055,52.99316],[13.73021,52.99351],[13.73019,52.99353],[13.73012,52.99362],[13.7301,52.99365],[13.72989,52.99396],[13.72966,52.99432],[13.72856,52.99606],[13.7257,53.00059],[13.72555,53.00083],[13.72534,53.00116],[13.72421,53.00277],[13.72313,53.0043],[13.72109,53.00719],[13.72032,53.00827],[13.71979,53.00897],[13.71889,53.01011],[13.71875,53.01033],[13.71865,53.01053],[13.71858,53.01073],[13.71854,53.01102],[13.71843,53.01196],[13.71799,53.01567],[13.71793,53.01592],[13.71785,53.01614],[13.71773,53.01637],[13.7176,53.01656],[13.71743,53.01674],[13.71723,53.01691],[13.71675,53.01724],[13.71669,53.01729]]}},{"type":"Feature","properties":{"art":"weg"},"geometry":{"type":"LineString","coordinates":[[13.7257,53.00059],[13.7259,53.00062],[13.72651,53.00071],[13.7275,53.00111],[13.72793,53.00342],[13.72778,53.00434],[13.72763,53.00516],[13.72704,53.00629],[13.72671,53.00765],[13.7271,53.00801]]}},{"type":"Feature","properties":{"art":"weg"},"geometry":{"type":"LineString","coordinates":[[13.71402,53.01028],[13.71739,53.00686],[13.72032,53.0038],[13.7228,53.00142],[13.7242,53.00028],[13.72496,53.00048],[13.7257,53.00059]]}},{"type":"Feature","properties":{"art":"weg"},"geometry":{"type":"LineString","coordinates":[[13.71854,53.01102],[13.71873,53.01105],[13.72299,53.01174],[13.72459,53.01178],[13.72849,53.01144],[13.73314,53.01076]]}},{"type":"Feature","properties":{"art":"weg"},"geometry":{"type":"LineString","coordinates":[[13.72956,53.01457],[13.72849,53.01144],[13.7271,53.00801]]}},{"type":"Feature","properties":{"art":"weg"},"geometry":{"type":"LineString","coordinates":[[13.72459,53.01178],[13.71815,53.0161]]}},{"type":"Feature","properties":{"art":"weg"},"geometry":{"type":"LineString","coordinates":[[13.699,53.01467],[13.69906,53.01458],[13.69928,53.01443],[13.69981,53.01428],[13.7018,53.01354],[13.70232,53.01317],[13.7038,53.01209],[13.70532,53.01099],[13.70536,53.01086],[13.7047,53.00905]]}},{"type":"Feature","properties":{"art":"weg"},"geometry":{"type":"LineString","coordinates":[[13.68601,53.02206],[13.68551,53.02186],[13.68479,53.02165],[13.68388,53.02139],[13.68326,53.02124],[13.68279,53.02113],[13.68208,53.02093],[13.68169,53.02085],[13.68131,53.02077],[13.68123,53.02075]]}},{"type":"Feature","properties":{"art":"weg"},"geometry":{"type":"LineString","coordinates":[[13.68003,53.02031],[13.68024,53.02002]]}},{"type":"Feature","properties":{"art":"strasse"},"geometry":{"type":"LineString","coordinates":[[13.68544,53.02323],[13.68561,53.02293],[13.68601,53.02206]]}},{"type":"Feature","properties":{"art":"weg"},"geometry":{"type":"LineString","coordinates":[[13.69112,53.02696],[13.6911,53.02681],[13.69145,53.02652],[13.69187,53.02621],[13.69214,53.02593],[13.69251,53.02552],[13.69279,53.02514],[13.69298,53.02495],[13.69344,53.02489],[13.69359,53.02464]]}},{"type":"Feature","properties":{"art":"strasse"},"geometry":{"type":"LineString","coordinates":[[13.69253,53.02712],[13.69112,53.02696],[13.69038,53.02688]]}},{"type":"Feature","properties":{"art":"strasse"},"geometry":{"type":"LineString","coordinates":[[13.68228,53.02593],[13.68099,53.02578],[13.67793,53.02543],[13.67665,53.02548],[13.6759,53.02548],[13.67547,53.02533],[13.67469,53.02479]]}},{"type":"Feature","properties":{"art":"strasse"},"geometry":{"type":"LineString","coordinates":[[13.69297,53.02622],[13.69304,53.02607],[13.69308,53.02602],[13.69314,53.02601],[13.69323,53.02601],[13.69368,53.02609]]}},{"type":"Feature","properties":{"art":"strasse"},"geometry":{"type":"LineString","coordinates":[[13.69351,53.02631],[13.69297,53.02622],[13.69255,53.02701],[13.69253,53.02712]]}},{"type":"Feature","properties":{"art":"strasse"},"geometry":{"type":"LineString","coordinates":[[13.69286,53.02715],[13.69253,53.02712]]}},{"type":"Feature","properties":{"art":"pfad"},"geometry":{"type":"LineString","coordinates":[[13.68057,53.02586],[13.6805,53.02631],[13.68016,53.02659],[13.68005,53.02697],[13.68005,53.02719],[13.67994,53.02756],[13.67978,53.02769],[13.67969,53.02789],[13.67983,53.02815],[13.67986,53.02854],[13.67999,53.029],[13.68006,53.02946]]}},{"type":"Feature","properties":{"art":"pfad"},"geometry":{"type":"LineString","coordinates":[[13.73174,53.01569],[13.73278,53.01628]]}},{"type":"Feature","properties":{"art":"pfad"},"geometry":{"type":"LineString","coordinates":[[13.73354,53.02276],[13.7339,53.02282],[13.73413,53.02282],[13.7345,53.02276],[13.73496,53.02261],[13.73533,53.02242],[13.7358,53.02223],[13.73604,53.0222],[13.73638,53.02217],[13.7367,53.0222]]}},{"type":"Feature","properties":{"art":"pfad"},"geometry":{"type":"LineString","coordinates":[[13.73286,53.02264],[13.73321,53.02274],[13.73354,53.02276]]}},{"type":"Feature","properties":{"art":"pfad"},"geometry":{"type":"LineString","coordinates":[[13.73289,53.02792],[13.73288,53.02787],[13.73301,53.02753],[13.73302,53.02749]]}},{"type":"Feature","properties":{"art":"pfad"},"geometry":{"type":"LineString","coordinates":[[13.73697,53.03242],[13.7365,53.03221],[13.73616,53.03212],[13.73583,53.03189],[13.73561,53.03181],[13.73547,53.03179]]}},{"type":"Feature","properties":{"art":"weg"},"geometry":{"type":"LineString","coordinates":[[13.73427,53.03286],[13.73379,53.03313]]}},{"type":"Feature","properties":{"art":"pfad"},"geometry":{"type":"LineString","coordinates":[[13.73342,53.03446],[13.73344,53.03444],[13.73349,53.03435],[13.73354,53.03427],[13.73361,53.0341],[13.73363,53.03401],[13.73362,53.03391],[13.7336,53.03379],[13.73358,53.03366],[13.73356,53.03351],[13.73359,53.0334],[13.73364,53.03331],[13.73379,53.03313],[13.73394,53.03298],[13.73402,53.03286],[13.73413,53.03238],[13.73417,53.03228]]}},{"type":"Feature","properties":{"art":"weg"},"geometry":{"type":"LineString","coordinates":[[13.71785,53.01614],[13.71815,53.0161],[13.72956,53.01457],[13.73221,53.01432]]}},{"type":"Feature","properties":{"art":"weg"},"geometry":{"type":"LineString","coordinates":[[13.73221,53.01432],[13.73187,53.01529],[13.73174,53.01569],[13.73132,53.01701]]}},{"type":"Feature","properties":{"art":"weg"},"geometry":{"type":"LineString","coordinates":[[13.73447,53.03517],[13.7345,53.03511],[13.73452,53.03504],[13.73455,53.035],[13.73457,53.03498],[13.73459,53.03494]]}},{"type":"Feature","properties":{"art":"pfad"},"geometry":{"type":"LineString","coordinates":[[13.6822,53.03099],[13.68581,53.03269]]}},{"type":"Feature","properties":{"art":"weg"},"geometry":{"type":"LineString","coordinates":[[13.67989,53.02599],[13.68057,53.02586],[13.68099,53.02578]]}},{"type":"Feature","properties":{"art":"weg"},"geometry":{"type":"LineString","coordinates":[[13.67576,53.03702],[13.67629,53.03719]]}},{"type":"Feature","properties":{"art":"pfad"},"geometry":{"type":"LineString","coordinates":[[13.67802,53.03379],[13.67766,53.03398],[13.67656,53.03454],[13.67652,53.03458]]}},{"type":"Feature","properties":{"art":"strasse"},"geometry":{"type":"LineString","coordinates":[[13.68309,53.03407],[13.68329,53.03401],[13.68344,53.03398]]}},{"type":"Feature","properties":{"art":"strasse"},"geometry":{"type":"LineString","coordinates":[[13.681,53.0349],[13.68194,53.03444],[13.68212,53.03437],[13.68268,53.03419],[13.68309,53.03407]]}},{"type":"Feature","properties":{"art":"strasse"},"geometry":{"type":"LineString","coordinates":[[13.68212,53.03437],[13.68257,53.03466],[13.6828,53.0347],[13.68313,53.03481]]}},{"type":"Feature","properties":{"art":"pfad"},"geometry":{"type":"LineString","coordinates":[[13.68313,53.03481],[13.684,53.03534],[13.684,53.03534]]}},{"type":"Feature","properties":{"art":"pfad"},"geometry":{"type":"LineString","coordinates":[[13.6783,53.03653],[13.67831,53.03625]]}},{"type":"Feature","properties":{"art":"pfad"},"geometry":{"type":"LineString","coordinates":[[13.67807,53.04177],[13.6779,53.04154],[13.6786,53.04062],[13.67895,53.03945],[13.67881,53.03894],[13.67831,53.03827],[13.67807,53.03811],[13.67781,53.03798],[13.67756,53.0379]]}},{"type":"Feature","properties":{"art":"pfad"},"geometry":{"type":"LineString","coordinates":[[13.67659,53.03707],[13.67652,53.03726],[13.67643,53.03737],[13.67637,53.03741]]}},{"type":"Feature","properties":{"art":"pfad"},"geometry":{"type":"LineString","coordinates":[[13.67871,53.03545],[13.68007,53.03534]]}},{"type":"Feature","properties":{"art":"pfad"},"geometry":{"type":"LineString","coordinates":[[13.67967,53.03608],[13.67915,53.03576]]}},{"type":"Feature","properties":{"art":"strasse"},"geometry":{"type":"LineString","coordinates":[[13.67659,53.03707],[13.67727,53.03682],[13.67778,53.03656],[13.67831,53.03625],[13.67915,53.03576],[13.68007,53.03534],[13.681,53.0349]]}},{"type":"Feature","properties":{"art":"strasse"},"geometry":{"type":"LineString","coordinates":[[13.67605,53.03733],[13.67617,53.03725],[13.67629,53.03719],[13.67659,53.03707]]}},{"type":"Feature","properties":{"art":"strasse"},"geometry":{"type":"LineString","coordinates":[[13.74127,52.97055],[13.74131,52.97039],[13.74133,52.97033],[13.74136,52.97024],[13.74138,52.97008]]}},{"type":"Feature","properties":{"art":"strasse"},"geometry":{"type":"LineString","coordinates":[[13.76357,52.97259],[13.76359,52.97261],[13.76371,52.97266],[13.76387,52.97274],[13.76391,52.97275]]}},{"type":"Feature","properties":{"art":"pfad"},"geometry":{"type":"LineString","coordinates":[[13.76652,52.97137],[13.76672,52.97174]]}},{"type":"Feature","properties":{"art":"strasse"},"geometry":{"type":"LineString","coordinates":[[13.76449,52.97226],[13.76446,52.97224],[13.76429,52.97201]]}},{"type":"Feature","properties":{"art":"weg"},"geometry":{"type":"LineString","coordinates":[[13.76559,52.97148],[13.76622,52.97185]]}},{"type":"Feature","properties":{"art":"strasse"},"geometry":{"type":"LineString","coordinates":[[13.76437,52.97198],[13.76445,52.97195],[13.76455,52.97189],[13.76457,52.97182],[13.76456,52.97176]]}},{"type":"Feature","properties":{"art":"strasse"},"geometry":{"type":"LineString","coordinates":[[13.76481,52.97152],[13.76484,52.97151]]}},{"type":"Feature","properties":{"art":"strasse"},"geometry":{"type":"LineString","coordinates":[[13.7636,52.97248],[13.76362,52.97247],[13.76371,52.9724],[13.76392,52.97224],[13.76394,52.9722],[13.76394,52.97217],[13.76394,52.97217]]}},{"type":"Feature","properties":{"art":"strasse"},"geometry":{"type":"LineString","coordinates":[[13.76245,52.96963],[13.76236,52.9697],[13.76234,52.96972]]}},{"type":"Feature","properties":{"art":"strasse"},"geometry":{"type":"LineString","coordinates":[[13.75854,52.97113],[13.75853,52.97114]]}},{"type":"Feature","properties":{"art":"pfad"},"geometry":{"type":"LineString","coordinates":[[13.75849,52.97114],[13.75854,52.97113]]}},{"type":"Feature","properties":{"art":"weg"},"geometry":{"type":"LineString","coordinates":[[13.75909,52.97076],[13.75915,52.97081],[13.75916,52.97088],[13.75907,52.9711]]}},{"type":"Feature","properties":{"art":"strasse"},"geometry":{"type":"LineString","coordinates":[[13.76168,52.97684],[13.76187,52.97677],[13.76207,52.97677]]}},{"type":"Feature","properties":{"art":"pfad"},"geometry":{"type":"LineString","coordinates":[[13.76559,52.97148],[13.76526,52.97169],[13.765,52.97189],[13.76479,52.97205],[13.76464,52.97215],[13.76449,52.97226],[13.76391,52.97275],[13.7631,52.9734],[13.76306,52.9734]]}},{"type":"Feature","properties":{"art":"strasse"},"geometry":{"type":"LineString","coordinates":[[13.76359,52.97261],[13.76356,52.97268],[13.76353,52.97272]]}},{"type":"Feature","properties":{"art":"strasse"},"geometry":{"type":"LineString","coordinates":[[13.76223,52.99207],[13.76267,52.99205],[13.7631,52.99196]]}},{"type":"Feature","properties":{"art":"strasse"},"geometry":{"type":"LineString","coordinates":[[13.76411,52.99215],[13.76521,52.99177],[13.76561,52.99171],[13.76614,52.99156],[13.76644,52.99179],[13.76664,52.99181],[13.76681,52.99175]]}},{"type":"Feature","properties":{"art":"weg"},"geometry":{"type":"LineString","coordinates":[[13.76452,52.99233],[13.76411,52.99215],[13.76361,52.99188]]}},{"type":"Feature","properties":{"art":"strasse"},"geometry":{"type":"LineString","coordinates":[[13.7619,52.99218],[13.76222,52.99221]]}},{"type":"Feature","properties":{"art":"weg"},"geometry":{"type":"LineString","coordinates":[[13.76745,52.99242],[13.76693,52.9924],[13.76545,52.9924],[13.76482,52.99237],[13.76452,52.99233]]}},{"type":"Feature","properties":{"art":"pfad"},"geometry":{"type":"LineString","coordinates":[[13.7737,52.99276],[13.77366,52.99257],[13.77371,52.99236]]}},{"type":"Feature","properties":{"art":"pfad"},"geometry":{"type":"LineString","coordinates":[[13.8105,52.985],[13.80914,52.98457]]}},{"type":"Feature","properties":{"art":"weg"},"geometry":{"type":"LineString","coordinates":[[13.79825,52.99051],[13.79843,52.99047],[13.79897,52.99039],[13.7997,52.99028],[13.80009,52.99018],[13.80076,52.99002],[13.80205,52.98965],[13.80372,52.9892],[13.80399,52.98915],[13.80461,52.98895],[13.80488,52.98878],[13.80559,52.98827],[13.80573,52.98817],[13.80656,52.98752],[13.8076,52.98645],[13.80821,52.98572],[13.80876,52.98505],[13.80914,52.98457],[13.80935,52.9844],[13.80952,52.98431]]}},{"type":"Feature","properties":{"art":"pfad"},"geometry":{"type":"LineString","coordinates":[[13.80573,52.98817],[13.80635,52.98831],[13.80702,52.98846],[13.8077,52.98851],[13.80867,52.98852],[13.8094,52.98859],[13.8096,52.98855],[13.80993,52.98841],[13.81013,52.98836],[13.81042,52.98834],[13.81079,52.98833],[13.81113,52.98828],[13.81166,52.98828],[13.81229,52.98824],[13.81307,52.98819],[13.81328,52.98816],[13.81341,52.98806]]}},{"type":"Feature","properties":{"art":"strasse"},"geometry":{"type":"LineString","coordinates":[[13.79744,52.98916],[13.79744,52.98893]]}},{"type":"Feature","properties":{"art":"strasse"},"geometry":{"type":"LineString","coordinates":[[13.79408,52.98869],[13.79406,52.98869],[13.79402,52.98868],[13.79399,52.98866],[13.79395,52.98862],[13.79386,52.98854]]}},{"type":"Feature","properties":{"art":"strasse"},"geometry":{"type":"LineString","coordinates":[[13.79486,52.98944],[13.79518,52.98938]]}},{"type":"Feature","properties":{"art":"strasse"},"geometry":{"type":"LineString","coordinates":[[13.79471,52.98944],[13.79486,52.98944],[13.79486,52.9896]]}},{"type":"Feature","properties":{"art":"pfad"},"geometry":{"type":"LineString","coordinates":[[13.80009,52.99018],[13.80022,52.98984],[13.80047,52.9896],[13.80042,52.9893]]}},{"type":"Feature","properties":{"art":"pfad"},"geometry":{"type":"LineString","coordinates":[[13.80042,52.9893],[13.80023,52.98923],[13.80014,52.98918],[13.80026,52.98916],[13.80042,52.9893]]}},{"type":"Feature","properties":{"art":"strasse"},"geometry":{"type":"LineString","coordinates":[[13.7981,52.99041],[13.79755,52.9894],[13.79744,52.98916]]}},{"type":"Feature","properties":{"art":"strasse"},"geometry":{"type":"LineString","coordinates":[[13.79358,52.99064],[13.79377,52.99053],[13.7946,52.98987],[13.79468,52.98973],[13.7947,52.98949],[13.79471,52.98944],[13.79473,52.98921]]}},{"type":"Feature","properties":{"art":"strasse"},"geometry":{"type":"LineString","coordinates":[[13.79815,52.99052],[13.7981,52.99041]]}},{"type":"Feature","properties":{"art":"strasse"},"geometry":{"type":"LineString","coordinates":[[13.79358,52.99064],[13.79468,52.99066],[13.79676,52.99065],[13.79728,52.99062],[13.79815,52.99052],[13.79825,52.99051]]}},{"type":"Feature","properties":{"art":"pfad"},"geometry":{"type":"LineString","coordinates":[[13.78949,52.99023],[13.78947,52.9902]]}},{"type":"Feature","properties":{"art":"strasse"},"geometry":{"type":"LineString","coordinates":[[13.78824,52.99056],[13.78806,52.99012]]}},{"type":"Feature","properties":{"art":"pfad"},"geometry":{"type":"LineString","coordinates":[[13.7996,52.99198],[13.79897,52.99039]]}},{"type":"Feature","properties":{"art":"pfad"},"geometry":{"type":"LineString","coordinates":[[13.78221,52.99132],[13.78173,52.99145],[13.78168,52.99148],[13.78167,52.99153],[13.78185,52.99179]]}},{"type":"Feature","properties":{"art":"weg"},"geometry":{"type":"LineString","coordinates":[[13.76,52.99208],[13.75896,52.99197],[13.75882,52.99189],[13.75867,52.99185]]}},{"type":"Feature","properties":{"art":"strasse"},"geometry":{"type":"LineString","coordinates":[[13.75428,52.992],[13.75445,52.99202],[13.75472,52.99206],[13.75672,52.99242]]}},{"type":"Feature","properties":{"art":"strasse"},"geometry":{"type":"LineString","coordinates":[[13.75878,52.99282],[13.76,52.99208],[13.76015,52.99205],[13.76125,52.99213],[13.76145,52.99211]]}},{"type":"Feature","properties":{"art":"strasse"},"geometry":{"type":"LineString","coordinates":[[13.76145,52.99211],[13.76183,52.99184]]}},{"type":"Feature","properties":{"art":"strasse"},"geometry":{"type":"LineString","coordinates":[[13.76216,52.99187],[13.76218,52.99189],[13.76223,52.99207],[13.7619,52.99218],[13.76145,52.99211]]}},{"type":"Feature","properties":{"art":"weg"},"geometry":{"type":"LineString","coordinates":[[13.75672,52.99242],[13.75693,52.99258],[13.75714,52.99262],[13.75778,52.99272],[13.75802,52.99274],[13.75823,52.99271]]}},{"type":"Feature","properties":{"art":"strasse"},"geometry":{"type":"LineString","coordinates":[[13.75672,52.99242],[13.75823,52.99271],[13.75878,52.99282],[13.75971,52.99299],[13.76259,52.99343]]}},{"type":"Feature","properties":{"art":"weg"},"geometry":{"type":"LineString","coordinates":[[13.7617,52.99653],[13.76074,52.99555],[13.75942,52.99445],[13.75883,52.994],[13.75804,52.99349],[13.75705,52.99337],[13.75685,52.99286],[13.75678,52.99259],[13.75672,52.99242]]}},{"type":"Feature","properties":{"art":"pfad"},"geometry":{"type":"LineString","coordinates":[[13.75705,52.99337],[13.75765,52.99512],[13.75818,52.99697]]}},{"type":"Feature","properties":{"art":"weg"},"geometry":{"type":"LineString","coordinates":[[13.75818,52.99697],[13.75947,53.00097],[13.76091,53.00536]]}},{"type":"Feature","properties":{"art":"weg"},"geometry":{"type":"LineString","coordinates":[[13.76811,53.00328],[13.7659,53.00316],[13.76316,53.00255],[13.76114,53.00173],[13.75947,53.00097],[13.75388,53.00157],[13.75228,53.0017],[13.74629,53.00032]]}},{"type":"Feature","properties":{"art":"weg"},"geometry":{"type":"LineString","coordinates":[[13.76452,52.99233],[13.76474,52.99241],[13.76515,52.99265],[13.76535,52.99278]]}},{"type":"Feature","properties":{"art":"strasse"},"geometry":{"type":"LineString","coordinates":[[13.77321,52.9928],[13.77331,52.99279],[13.7737,52.99276],[13.77389,52.99274],[13.77445,52.99267],[13.77473,52.99267],[13.77507,52.99269],[13.77536,52.99272],[13.77554,52.99276]]}},{"type":"Feature","properties":{"art":"strasse"},"geometry":{"type":"LineString","coordinates":[[13.77331,52.99279],[13.77332,52.99283]]}},{"type":"Feature","properties":{"art":"strasse"},"geometry":{"type":"LineString","coordinates":[[13.77389,52.99274],[13.77399,52.9931],[13.774,52.99311],[13.77401,52.99316],[13.77396,52.99324]]}},{"type":"Feature","properties":{"art":"weg"},"geometry":{"type":"LineString","coordinates":[[13.77536,52.99272],[13.77543,52.99334]]}},{"type":"Feature","properties":{"art":"strasse"},"geometry":{"type":"LineString","coordinates":[[13.76259,52.99343],[13.76272,52.99336],[13.76506,52.99281],[13.76535,52.99278],[13.76657,52.99272],[13.76774,52.99259],[13.76826,52.99259]]}},{"type":"Feature","properties":{"art":"strasse"},"geometry":{"type":"LineString","coordinates":[[13.774,52.99311],[13.77423,52.99309]]}},{"type":"Feature","properties":{"art":"pfad"},"geometry":{"type":"LineString","coordinates":[[13.77331,52.99522],[13.7736,52.99509],[13.7739,52.99504],[13.77448,52.99495],[13.77521,52.99486],[13.77561,52.99484]]}},{"type":"Feature","properties":{"art":"pfad"},"geometry":{"type":"LineString","coordinates":[[13.79467,52.99259],[13.79441,52.99105],[13.79468,52.99066]]}},{"type":"Feature","properties":{"art":"pfad"},"geometry":{"type":"LineString","coordinates":[[13.79327,52.99276],[13.79296,52.9927],[13.7922,52.99074]]}},{"type":"Feature","properties":{"art":"strasse"},"geometry":{"type":"LineString","coordinates":[[13.77554,52.99276],[13.77597,52.9928],[13.77662,52.99284],[13.77692,52.99282],[13.77732,52.99274],[13.77996,52.99209],[13.78028,52.99201],[13.78078,52.99192],[13.78185,52.99179],[13.7825,52.99171]]}},{"type":"Feature","properties":{"art":"strasse"},"geometry":{"type":"LineString","coordinates":[[13.79157,52.99083],[13.79159,52.99083],[13.7922,52.99074],[13.79269,52.99068],[13.79323,52.99064],[13.79358,52.99064]]}},{"type":"Feature","properties":{"art":"pfad"},"geometry":{"type":"LineString","coordinates":[[13.80434,52.99142],[13.80308,52.99153],[13.80126,52.99176],[13.7996,52.99198],[13.79826,52.99214],[13.79728,52.99225],[13.79467,52.99259],[13.79327,52.99276]]}},{"type":"Feature","properties":{"art":"pfad"},"geometry":{"type":"LineString","coordinates":[[13.79852,52.99616],[13.79881,52.99584],[13.79885,52.99558],[13.79883,52.99529],[13.79868,52.99511],[13.79843,52.99483],[13.79818,52.99472],[13.79803,52.99426],[13.79728,52.99225],[13.79717,52.99181],[13.7968,52.99075],[13.79676,52.99065]]}},{"type":"Feature","properties":{"art":"weg"},"geometry":{"type":"LineString","coordinates":[[13.78969,53.00078],[13.7899,53.00066],[13.79119,52.99989],[13.79142,52.99964],[13.79198,52.99903],[13.79401,52.99732],[13.79515,52.99648],[13.79852,52.99616],[13.79985,52.99565],[13.80149,52.99532],[13.80255,52.9941],[13.80308,52.99153],[13.80346,52.98971],[13.80372,52.9892]]}},{"type":"Feature","properties":{"art":"pfad"},"geometry":{"type":"LineString","coordinates":[[13.79085,52.99561],[13.79044,52.99572],[13.79002,52.99566],[13.78962,52.9956],[13.78922,52.99555],[13.78893,52.99554],[13.78846,52.99556],[13.78787,52.99557],[13.78739,52.99561],[13.78717,52.99566],[13.78687,52.99568],[13.78635,52.99563]]}},{"type":"Feature","properties":{"art":"pfad"},"geometry":{"type":"LineString","coordinates":[[13.79327,52.99276],[13.7924,52.99349],[13.79199,52.99391],[13.79205,52.99431],[13.79205,52.9948],[13.79166,52.99499],[13.79125,52.99524],[13.79085,52.99561],[13.79126,52.9961],[13.79146,52.99698],[13.79139,52.99751],[13.79139,52.99863],[13.79139,52.99938],[13.79142,52.99964]]}},{"type":"Feature","properties":{"art":"weg"},"geometry":{"type":"LineString","coordinates":[[13.80255,52.9941],[13.80319,52.99433],[13.80378,52.99453],[13.80437,52.99638],[13.80507,52.99819],[13.80564,52.99974],[13.80594,53.00124]]}},{"type":"Feature","properties":{"art":"pfad"},"geometry":{"type":"LineString","coordinates":[[13.78906,53.00047],[13.78899,53.00044],[13.78892,53.00041],[13.78789,53.0003],[13.78719,53.00013],[13.7861,52.99974],[13.78565,52.99953],[13.78583,52.99919],[13.78542,52.99897],[13.78462,52.999],[13.78433,52.9989]]}},{"type":"Feature","properties":{"art":"strasse"},"geometry":{"type":"LineString","coordinates":[[13.76259,52.99343],[13.76667,52.99403],[13.76688,52.99408],[13.76706,52.99415],[13.76721,52.99427],[13.76731,52.99439],[13.76819,52.99576],[13.76846,52.99619],[13.76865,52.99641],[13.76939,52.99716],[13.77054,52.99831],[13.7709,52.99867]]}},{"type":"Feature","properties":{"art":"weg"},"geometry":{"type":"LineString","coordinates":[[13.777,52.99905],[13.77693,52.9989],[13.77688,52.99873],[13.7769,52.99854],[13.77695,52.99832],[13.77697,52.99821],[13.77703,52.99785],[13.77688,52.99753],[13.77668,52.99731],[13.77635,52.99699],[13.7762,52.99669],[13.77612,52.99636],[13.77595,52.99602],[13.77577,52.99559],[13.77566,52.99527],[13.77561,52.99484],[13.77558,52.99448],[13.77561,52.99417],[13.77552,52.99367],[13.77543,52.99334]]}},{"type":"Feature","properties":{"art":"weg"},"geometry":{"type":"LineString","coordinates":[[13.76346,52.99629],[13.76396,52.99672],[13.76459,52.99692],[13.76485,52.99701],[13.7656,52.99724],[13.7663,52.99742],[13.76692,52.99764],[13.76775,52.99781],[13.76886,52.99797],[13.76957,52.99804],[13.77054,52.99831]]}},{"type":"Feature","properties":{"art":"pfad"},"geometry":{"type":"LineString","coordinates":[[13.77697,52.99821],[13.77747,52.99814],[13.7778,52.99805],[13.77817,52.99796],[13.77865,52.99783],[13.77923,52.99766],[13.77965,52.99758],[13.78014,52.99759]]}},{"type":"Feature","properties":{"art":"weg"},"geometry":{"type":"LineString","coordinates":[[13.77704,52.99911],[13.777,52.99905]]}},{"type":"Feature","properties":{"art":"strasse"},"geometry":{"type":"LineString","coordinates":[[13.7709,52.99867],[13.77104,52.99878],[13.7712,52.99887],[13.77152,52.99898],[13.77193,52.99905],[13.77242,52.99907],[13.77297,52.99905],[13.77347,52.99905],[13.77569,52.99914],[13.77593,52.99917],[13.77613,52.99921],[13.77681,52.99943]]}},{"type":"Feature","properties":{"art":"weg"},"geometry":{"type":"LineString","coordinates":[[13.77724,52.99951],[13.7773,52.99934],[13.77718,52.99925],[13.77704,52.99911]]}},{"type":"Feature","properties":{"art":"strasse"},"geometry":{"type":"LineString","coordinates":[[13.77681,52.99943],[13.77702,52.99949],[13.77724,52.99951],[13.77753,52.99951],[13.77799,52.99944],[13.77826,52.99942],[13.77857,52.99944],[13.78036,52.99964]]}},{"type":"Feature","properties":{"art":"strasse"},"geometry":{"type":"LineString","coordinates":[[13.78098,52.99975],[13.78116,52.99946]]}},{"type":"Feature","properties":{"art":"weg"},"geometry":{"type":"LineString","coordinates":[[13.76434,52.99617],[13.76459,52.99692],[13.7666,53.00298]]}},{"type":"Feature","properties":{"art":"pfad"},"geometry":{"type":"LineString","coordinates":[[13.78892,53.00041],[13.78885,53.00029]]}},{"type":"Feature","properties":{"art":"pfad"},"geometry":{"type":"LineString","coordinates":[[13.7891,53.00049],[13.78906,53.00047]]}},{"type":"Feature","properties":{"art":"pfad"},"geometry":{"type":"LineString","coordinates":[[13.78899,53.00044],[13.78886,53.00056],[13.78866,53.00062],[13.78854,53.00069]]}},{"type":"Feature","properties":{"art":"pfad"},"geometry":{"type":"LineString","coordinates":[[13.78917,53.00076],[13.78922,53.00058],[13.7891,53.00049]]}},{"type":"Feature","properties":{"art":"weg"},"geometry":{"type":"LineString","coordinates":[[13.79978,53.00117],[13.80075,53.00112],[13.80195,53.00095],[13.8027,53.00091],[13.80594,53.00124],[13.80731,53.00122],[13.81015,53.00108],[13.81319,53.00093],[13.81463,53.00093],[13.81587,53.00094]]}},{"type":"Feature","properties":{"art":"weg"},"geometry":{"type":"LineString","coordinates":[[13.79978,53.00117],[13.79875,53.00117],[13.79665,53.00116],[13.79532,53.00112],[13.79429,53.00109],[13.79365,53.00105],[13.79016,53.0008],[13.78969,53.00078],[13.78955,53.00078],[13.78917,53.00076]]}},{"type":"Feature","properties":{"art":"pfad"},"geometry":{"type":"LineString","coordinates":[[13.79533,53.0039],[13.79527,53.00348],[13.79487,53.00301],[13.79484,53.00276],[13.79475,53.00245],[13.79461,53.0021],[13.79458,53.00174],[13.79429,53.00109],[13.79429,53.00104],[13.79425,53.00078],[13.79423,53.00053],[13.79435,53.00025],[13.79475,52.99996],[13.79533,52.99984],[13.79591,52.99976],[13.79632,52.99975]]}},{"type":"Feature","properties":{"art":"strasse"},"geometry":{"type":"LineString","coordinates":[[13.78135,52.99984],[13.78407,53.00059],[13.78441,53.00067],[13.78474,53.00071],[13.78551,53.00072],[13.78838,53.00069],[13.78854,53.00069],[13.7889,53.00072],[13.78917,53.00076],[13.78944,53.00086],[13.78966,53.00096],[13.79209,53.00221],[13.79293,53.00268],[13.79429,53.00341],[13.79499,53.00378],[13.79533,53.0039],[13.7957,53.00401],[13.79607,53.00407],[13.79722,53.00423]]}},{"type":"Feature","properties":{"art":"pfad"},"geometry":{"type":"LineString","coordinates":[[13.80885,52.99969],[13.81017,52.99969],[13.81095,52.99978],[13.81173,52.99995],[13.81226,53.00022],[13.81282,53.00052],[13.81305,53.00067],[13.81319,53.00093],[13.81321,53.00118],[13.81313,53.00157],[13.81301,53.00179],[13.81283,53.00206],[13.81268,53.00229],[13.81237,53.0025],[13.81204,53.00272],[13.81152,53.00292],[13.81093,53.00302],[13.81003,53.00318],[13.80926,53.00331],[13.80857,53.00347],[13.80787,53.00358],[13.80717,53.00366],[13.80645,53.0038],[13.80564,53.00385],[13.8051,53.00392],[13.80443,53.00396],[13.80404,53.00398],[13.80354,53.00398],[13.80319,53.00395],[13.80247,53.00407],[13.80202,53.00428],[13.80176,53.0044],[13.80122,53.00448],[13.80076,53.00471]]}},{"type":"Feature","properties":{"art":"pfad"},"geometry":{"type":"LineString","coordinates":[[13.78944,53.00086],[13.78936,53.00108],[13.78934,53.00117],[13.78921,53.0013],[13.78911,53.00146],[13.78898,53.00164],[13.78892,53.00185],[13.78902,53.00218],[13.78914,53.0025],[13.78924,53.00282],[13.7893,53.0031],[13.78938,53.00337],[13.78945,53.00352]]}},{"type":"Feature","properties":{"art":"strasse"},"geometry":{"type":"LineString","coordinates":[[13.78036,52.99964],[13.78066,52.99968],[13.78098,52.99975],[13.78135,52.99984]]}},{"type":"Feature","properties":{"art":"weg"},"geometry":{"type":"LineString","coordinates":[[13.77475,53.00218],[13.77608,53.00075],[13.77716,52.99964],[13.77724,52.99951]]}},{"type":"Feature","properties":{"art":"weg"},"geometry":{"type":"LineString","coordinates":[[13.7659,53.00316],[13.7666,53.00298],[13.7702,53.00212],[13.77117,53.00178],[13.77186,53.00108],[13.77213,53.0003],[13.7719,52.99947],[13.77193,52.99905]]}},{"type":"Feature","properties":{"art":"weg"},"geometry":{"type":"LineString","coordinates":[[13.77274,53.00441],[13.77197,53.00405],[13.76811,53.00328]]}},{"type":"Feature","properties":{"art":"weg"},"geometry":{"type":"LineString","coordinates":[[13.75045,53.00672],[13.76091,53.00536],[13.76425,53.00497],[13.76567,53.00433],[13.76723,53.00359],[13.76811,53.00328],[13.77019,53.00273],[13.77079,53.00263],[13.77215,53.00259],[13.77299,53.00248],[13.77475,53.00218]]}},{"type":"Feature","properties":{"art":"weg"},"geometry":{"type":"LineString","coordinates":[[13.7741,53.0029],[13.77521,53.00271],[13.77616,53.00254],[13.77686,53.00226],[13.7781,53.00173],[13.77903,53.00126],[13.77938,53.00122],[13.77962,53.00124],[13.77962,53.00166],[13.77955,53.00193],[13.7796,53.00224],[13.78007,53.00304],[13.78026,53.00343],[13.78026,53.00374],[13.7803,53.00401],[13.78059,53.00414],[13.78102,53.00444],[13.78136,53.00478],[13.78156,53.00504],[13.78177,53.00531],[13.7818,53.00562],[13.78145,53.0059],[13.78098,53.00615],[13.78074,53.00633],[13.78037,53.0066],[13.78001,53.00688],[13.77967,53.00721],[13.7791,53.00746],[13.77855,53.00759],[13.77791,53.00768],[13.77744,53.00783],[13.77701,53.00799],[13.77655,53.00808],[13.77565,53.00834],[13.77511,53.00854],[13.7745,53.00859],[13.77374,53.00843],[13.77337,53.00825]]}},{"type":"Feature","properties":{"art":"pfad"},"geometry":{"type":"LineString","coordinates":[[13.76443,53.00815],[13.76496,53.00804],[13.76652,53.00786],[13.76802,53.00771],[13.76909,53.00754],[13.76987,53.00727],[13.77099,53.00664],[13.77167,53.006],[13.77245,53.00506],[13.77274,53.00441],[13.7741,53.0029],[13.77475,53.00218]]}},{"type":"Feature","properties":{"art":"weg"},"geometry":{"type":"LineString","coordinates":[[13.76652,53.00786],[13.76567,53.00433]]}},{"type":"Feature","properties":{"art":"pfad"},"geometry":{"type":"LineString","coordinates":[[13.77337,53.00825],[13.77328,53.00776],[13.77321,53.00737],[13.77304,53.0067],[13.77288,53.00592],[13.77245,53.00506]]}},{"type":"Feature","properties":{"art":"pfad"},"geometry":{"type":"LineString","coordinates":[[13.7621,53.00855],[13.76443,53.00815]]}},{"type":"Feature","properties":{"art":"weg"},"geometry":{"type":"LineString","coordinates":[[13.79881,53.00442],[13.79978,53.00117]]}},{"type":"Feature","properties":{"art":"pfad"},"geometry":{"type":"LineString","coordinates":[[13.78945,53.00352],[13.78953,53.00387],[13.78974,53.00415]]}},{"type":"Feature","properties":{"art":"strasse"},"geometry":{"type":"LineString","coordinates":[[13.79722,53.00423],[13.79792,53.00431],[13.79881,53.00442],[13.79949,53.00451]]}},{"type":"Feature","properties":{"art":"pfad"},"geometry":{"type":"LineString","coordinates":[[13.78945,53.00352],[13.78985,53.00361],[13.79036,53.00369],[13.79085,53.00382],[13.79139,53.00399],[13.79232,53.00402],[13.79262,53.00406],[13.79282,53.00424],[13.79306,53.00444],[13.79318,53.00461],[13.79321,53.00479],[13.79318,53.00498],[13.79303,53.00517],[13.79293,53.0054],[13.79277,53.00564],[13.79297,53.00571],[13.79329,53.00577],[13.79363,53.00584],[13.79394,53.00596],[13.79427,53.00601],[13.79464,53.00601],[13.79492,53.00592],[13.7953,53.00581],[13.79578,53.00582],[13.79601,53.00583]]}},{"type":"Feature","properties":{"art":"pfad"},"geometry":{"type":"LineString","coordinates":[[13.79792,53.00431],[13.79814,53.00571]]}},{"type":"Feature","properties":{"art":"strasse"},"geometry":{"type":"LineString","coordinates":[[13.79949,53.00451],[13.80032,53.00462],[13.80076,53.00471],[13.80106,53.00481],[13.80132,53.00493],[13.80156,53.00509],[13.80178,53.00525],[13.8026,53.00599]]}},{"type":"Feature","properties":{"art":"strasse"},"geometry":{"type":"LineString","coordinates":[[13.8026,53.00599],[13.80288,53.00625]]}},{"type":"Feature","properties":{"art":"weg"},"geometry":{"type":"LineString","coordinates":[[13.81537,53.00527],[13.81498,53.00508],[13.81463,53.00498],[13.81423,53.00487],[13.81372,53.00484],[13.81341,53.00485],[13.81289,53.00491],[13.81225,53.0051],[13.81169,53.00527],[13.81109,53.00542],[13.8103,53.00558],[13.80961,53.00574],[13.80871,53.00592],[13.80794,53.0061],[13.80723,53.00639],[13.80667,53.00669],[13.80614,53.007],[13.80536,53.00741],[13.80461,53.00773]]}},{"type":"Feature","properties":{"art":"weg"},"geometry":{"type":"LineString","coordinates":[[13.79533,53.0039],[13.79549,53.00422],[13.79561,53.00452],[13.79569,53.00483],[13.79584,53.00526],[13.79602,53.00569],[13.79601,53.00583],[13.79628,53.00679],[13.79652,53.0074],[13.79681,53.00823],[13.79707,53.00894],[13.79736,53.01008],[13.79731,53.0103]]}},{"type":"Feature","properties":{"art":"pfad"},"geometry":{"type":"LineString","coordinates":[[13.81393,53.0083],[13.81347,53.0084],[13.81314,53.00842],[13.81292,53.00847],[13.81276,53.00856],[13.81244,53.00869],[13.81224,53.00883],[13.81194,53.00885],[13.81156,53.00881],[13.81122,53.00872],[13.81083,53.00865],[13.81042,53.00853],[13.81018,53.00845],[13.80997,53.00822],[13.80974,53.00804],[13.80945,53.00788],[13.80911,53.00764],[13.80872,53.00731],[13.80838,53.00712],[13.80812,53.00699],[13.8078,53.00691],[13.80756,53.00697],[13.80738,53.00704]]}},{"type":"Feature","properties":{"art":"strasse"},"geometry":{"type":"LineString","coordinates":[[13.74633,52.9895],[13.74639,52.98943]]}},{"type":"Feature","properties":{"art":"strasse"},"geometry":{"type":"LineString","coordinates":[[13.74342,52.9884],[13.74347,52.98846],[13.74363,52.98859],[13.74376,52.98865],[13.7454,52.98919],[13.7456,52.98925],[13.74604,52.9894],[13.74633,52.9895],[13.74657,52.98958],[13.74722,52.98981],[13.74778,52.98999],[13.74838,52.99014],[13.7487,52.99022],[13.75052,52.99066],[13.7508,52.99073],[13.75107,52.99082]]}},{"type":"Feature","properties":{"art":"strasse"},"geometry":{"type":"LineString","coordinates":[[13.74838,52.99014],[13.74851,52.98998]]}},{"type":"Feature","properties":{"art":"strasse"},"geometry":{"type":"LineString","coordinates":[[13.7487,52.99022],[13.7489,52.99008]]}},{"type":"Feature","properties":{"art":"strasse"},"geometry":{"type":"LineString","coordinates":[[13.75052,52.99066],[13.75056,52.99062]]}},{"type":"Feature","properties":{"art":"strasse"},"geometry":{"type":"LineString","coordinates":[[13.74344,52.98821],[13.74342,52.98829],[13.74342,52.9884]]}},{"type":"Feature","properties":{"art":"strasse"},"geometry":{"type":"LineString","coordinates":[[13.74342,52.9884],[13.74332,52.98838],[13.74287,52.98846]]}},{"type":"Feature","properties":{"art":"strasse"},"geometry":{"type":"LineString","coordinates":[[13.74293,52.98806],[13.74284,52.98808],[13.74257,52.9881],[13.74221,52.98802]]}},{"type":"Feature","properties":{"art":"weg"},"geometry":{"type":"LineString","coordinates":[[13.7508,52.99073],[13.75064,52.99084],[13.74685,52.99131],[13.74428,52.99167],[13.74236,52.99193],[13.73876,52.99243],[13.73652,52.99267],[13.73293,52.99317],[13.73039,52.99354],[13.73019,52.99353]]}},{"type":"Feature","properties":{"art":"weg"},"geometry":{"type":"LineString","coordinates":[[13.74363,53.0058],[13.74119,52.99895],[13.74022,52.99653],[13.73876,52.99243],[13.73728,52.98807]]}},{"type":"Feature","properties":{"art":"strasse"},"geometry":{"type":"LineString","coordinates":[[13.75107,52.99082],[13.7524,52.99124],[13.75264,52.99133],[13.75286,52.99142],[13.75361,52.99184],[13.75379,52.99191],[13.75399,52.99195],[13.75428,52.992]]}},{"type":"Feature","properties":{"art":"weg"},"geometry":{"type":"LineString","coordinates":[[13.75011,52.99561],[13.74847,52.99337],[13.74809,52.99313],[13.74685,52.99131],[13.7456,52.98925]]}},{"type":"Feature","properties":{"art":"weg"},"geometry":{"type":"LineString","coordinates":[[13.7492,52.9954],[13.75011,52.99561],[13.75153,52.99613],[13.75387,52.99738]]}},{"type":"Feature","properties":{"art":"weg"},"geometry":{"type":"LineString","coordinates":[[13.72651,53.00071],[13.73011,53.00027],[13.73552,52.99962],[13.73827,52.99928],[13.74119,52.99895],[13.74483,52.99849],[13.74693,52.99822],[13.75253,52.99754],[13.75387,52.99738],[13.75818,52.99697],[13.7617,52.99653],[13.76346,52.99629],[13.76434,52.99617],[13.76819,52.99576]]}},{"type":"Feature","properties":{"art":"strasse"},"geometry":{"type":"LineString","coordinates":[[13.74323,52.989],[13.74236,52.99193],[13.74149,52.99405],[13.74151,52.99422],[13.74159,52.99448],[13.74165,52.99467],[13.74483,52.99849],[13.74629,53.00032],[13.74907,53.00376],[13.7496,53.00496],[13.75045,53.00672],[13.75053,53.00686],[13.75093,53.00756],[13.75186,53.00844],[13.75194,53.00861],[13.75209,53.0103],[13.7521,53.0104],[13.75221,53.011],[13.75253,53.01157]]}},{"type":"Feature","properties":{"art":"pfad"},"geometry":{"type":"LineString","coordinates":[[13.75126,53.01001],[13.75209,53.0103]]}},{"type":"Feature","properties":{"art":"weg"},"geometry":{"type":"LineString","coordinates":[[13.7521,53.0104],[13.75413,53.01068]]}},{"type":"Feature","properties":{"art":"weg"},"geometry":{"type":"LineString","coordinates":[[13.75239,53.0119],[13.75253,53.01157]]}},{"type":"Feature","properties":{"art":"pfad"},"geometry":{"type":"LineString","coordinates":[[13.74704,53.02183],[13.748,53.02159],[13.74831,53.02163],[13.74865,53.02163],[13.74867,53.02163]]}},{"type":"Feature","properties":{"art":"pfad"},"geometry":{"type":"LineString","coordinates":[[13.74402,53.02928],[13.74481,53.02953],[13.74574,53.02977],[13.74618,53.02985],[13.74665,53.0299]]}},{"type":"Feature","properties":{"art":"strasse"},"geometry":{"type":"LineString","coordinates":[[13.74342,52.9884],[13.74339,52.98847],[13.7433,52.98874],[13.74323,52.989]]}},{"type":"Feature","properties":{"art":"strasse"},"geometry":{"type":"LineString","coordinates":[[13.7454,52.98919],[13.74544,52.98913]]}},{"type":"Feature","properties":{"art":"strasse"},"geometry":{"type":"LineString","coordinates":[[13.74604,52.9894],[13.74609,52.98934]]}},{"type":"Feature","properties":{"art":"weg"},"geometry":{"type":"LineString","coordinates":[[13.74165,52.99467],[13.74277,52.99442],[13.74374,52.99433],[13.74505,52.99442],[13.74647,52.99464],[13.74728,52.99485],[13.74783,52.99522],[13.7492,52.9954]]}},{"type":"Feature","properties":{"art":"weg"},"geometry":{"type":"LineString","coordinates":[[13.74363,53.0058],[13.74456,53.00827],[13.74604,53.01241]]}},{"type":"Feature","properties":{"art":"weg"},"geometry":{"type":"LineString","coordinates":[[13.74647,53.02118],[13.74655,53.02068],[13.7471,53.01923],[13.74726,53.01896],[13.7475,53.01875],[13.74783,53.01826],[13.7479,53.01775],[13.74776,53.01711],[13.74736,53.01619],[13.74694,53.01499],[13.74596,53.01436],[13.74502,53.01378],[13.74456,53.01337],[13.74412,53.01311],[13.74369,53.01272],[13.74299,53.01188],[13.74247,53.01118],[13.7421,53.01092],[13.74085,53.00952]]}},{"type":"Feature","properties":{"art":"weg"},"geometry":{"type":"LineString","coordinates":[[13.74251,53.02063],[13.74254,53.02044],[13.74274,53.02019],[13.74294,53.01997],[13.74334,53.01984],[13.74364,53.01966],[13.74379,53.01933],[13.74385,53.01895],[13.74387,53.0186],[13.74387,53.01765],[13.74369,53.0171],[13.74373,53.01685],[13.74389,53.01659],[13.74428,53.01616],[13.74444,53.01581],[13.74457,53.01541],[13.74482,53.01426],[13.74497,53.01394],[13.74502,53.01378],[13.74517,53.01364],[13.74537,53.01352],[13.74583,53.01334],[13.74606,53.01322],[13.74621,53.01308],[13.7462,53.01293],[13.74604,53.01241]]}},{"type":"Feature","properties":{"art":"weg"},"geometry":{"type":"LineString","coordinates":[[13.73314,53.01076],[13.7394,53.00997],[13.74085,53.00952],[13.74308,53.00882],[13.74456,53.00827],[13.74874,53.00696],[13.75045,53.00672]]}},{"type":"Feature","properties":{"art":"weg"},"geometry":{"type":"LineString","coordinates":[[13.73221,53.01432],[13.7405,53.01314],[13.74369,53.01272],[13.74604,53.01241],[13.74809,53.01216],[13.75253,53.01157]]}},{"type":"Feature","properties":{"art":"pfad"},"geometry":{"type":"LineString","coordinates":[[13.74032,53.02221],[13.74087,53.02216],[13.74126,53.02207],[13.74139,53.02199]]}},{"type":"Feature","properties":{"art":"pfad"},"geometry":{"type":"LineString","coordinates":[[13.74067,53.02254],[13.74126,53.02207]]}},{"type":"Feature","properties":{"art":"weg"},"geometry":{"type":"LineString","coordinates":[[13.75346,53.04221],[13.75375,53.0419]]}},{"type":"Feature","properties":{"art":"strasse"},"geometry":{"type":"LineString","coordinates":[[13.80288,53.00625],[13.80417,53.00734],[13.80461,53.00773],[13.80526,53.00823],[13.80828,53.01001],[13.81086,53.01265],[13.81183,53.01361],[13.81284,53.01462],[13.81331,53.01501],[13.8142,53.0157],[13.81463,53.01603],[13.8151,53.01641],[13.81556,53.01687]]}},{"type":"Feature","properties":{"art":"weg"},"geometry":{"type":"LineString","coordinates":[[13.81086,53.01265],[13.81081,53.01271],[13.80872,53.0144],[13.80708,53.01487],[13.80538,53.01507],[13.80405,53.01519],[13.80313,53.01526],[13.80282,53.01532],[13.80255,53.01542]]}},{"type":"Feature","properties":{"art":"weg"},"geometry":{"type":"LineString","coordinates":[[13.80282,53.01532],[13.80265,53.01519],[13.80243,53.01503]]}},{"type":"Feature","properties":{"art":"weg"},"geometry":{"type":"LineString","coordinates":[[13.80255,53.01542],[13.80245,53.01548]]}},{"type":"Feature","properties":{"art":"pfad"},"geometry":{"type":"LineString","coordinates":[[13.80405,53.01519],[13.80593,53.01595],[13.80732,53.01641],[13.80881,53.01659],[13.80967,53.0167],[13.81017,53.01867]]}},{"type":"Feature","properties":{"art":"weg"},"geometry":{"type":"LineString","coordinates":[[13.80245,53.01548],[13.80047,53.01661],[13.79814,53.01744],[13.79683,53.01871],[13.7977,53.01998]]}},{"type":"Feature","properties":{"art":"pfad"},"geometry":{"type":"LineString","coordinates":[[13.80847,53.01921],[13.80892,53.01924]]}},{"type":"Feature","properties":{"art":"weg"},"geometry":{"type":"LineString","coordinates":[[13.8084,53.01905],[13.80847,53.01921],[13.80757,53.01961],[13.8064,53.02035],[13.80587,53.02068],[13.80567,53.02089]]}},{"type":"Feature","properties":{"art":"pfad"},"geometry":{"type":"LineString","coordinates":[[13.80567,53.02089],[13.80656,53.02098],[13.80712,53.02122],[13.80852,53.02128],[13.81,53.02125],[13.811,53.02107],[13.81122,53.02092],[13.81156,53.02104],[13.81203,53.02112],[13.8125,53.02112],[13.81298,53.02121],[13.81329,53.02131]]}},{"type":"Feature","properties":{"art":"strasse"},"geometry":{"type":"LineString","coordinates":[[13.79478,53.02118],[13.79517,53.02114],[13.79581,53.02101],[13.79633,53.02074],[13.79711,53.02033],[13.7977,53.01998],[13.79858,53.01945],[13.79902,53.01931],[13.79939,53.01925],[13.80047,53.01916],[13.80233,53.01909],[13.80354,53.01904],[13.80508,53.01895],[13.80648,53.01896],[13.80801,53.01904],[13.8084,53.01905],[13.80996,53.01869],[13.81017,53.01867],[13.8161,53.01819],[13.81664,53.01812]]}},{"type":"Feature","properties":{"art":"pfad"},"geometry":{"type":"LineString","coordinates":[[13.7621,53.00855],[13.76149,53.00862],[13.76077,53.00871],[13.75935,53.00883],[13.75867,53.00899],[13.75825,53.00912],[13.7574,53.00958],[13.75663,53.00989],[13.75584,53.01012],[13.75413,53.01068]]}},{"type":"Feature","properties":{"art":"weg"},"geometry":{"type":"LineString","coordinates":[[13.75413,53.01068],[13.75658,53.01102],[13.7621,53.00855]]}},{"type":"Feature","properties":{"art":"weg"},"geometry":{"type":"LineString","coordinates":[[13.75253,53.01157],[13.75658,53.01102]]}},{"type":"Feature","properties":{"art":"strasse"},"geometry":{"type":"LineString","coordinates":[[13.75253,53.01157],[13.75272,53.01189],[13.75286,53.01204],[13.75537,53.01359],[13.75585,53.01383],[13.75693,53.01426],[13.75919,53.01513]]}},{"type":"Feature","properties":{"art":"strasse"},"geometry":{"type":"LineString","coordinates":[[13.75919,53.01513],[13.7597,53.01556],[13.7597,53.01574]]}},{"type":"Feature","properties":{"art":"strasse"},"geometry":{"type":"LineString","coordinates":[[13.7597,53.01574],[13.7597,53.01624]]}},{"type":"Feature","properties":{"art":"weg"},"geometry":{"type":"LineString","coordinates":[[13.76208,53.01457],[13.76189,53.01438],[13.76159,53.01419],[13.76072,53.01309],[13.75999,53.01262],[13.75691,53.01109],[13.75658,53.01102]]}},{"type":"Feature","properties":{"art":"weg"},"geometry":{"type":"LineString","coordinates":[[13.79633,53.02074],[13.79642,53.02119],[13.79638,53.02128]]}},{"type":"Feature","properties":{"art":"weg"},"geometry":{"type":"LineString","coordinates":[[13.80405,53.02245],[13.80459,53.02208],[13.80506,53.02127],[13.80567,53.02089]]}},{"type":"Feature","properties":{"art":"weg"},"geometry":{"type":"LineString","coordinates":[[13.79866,53.02251],[13.79638,53.02128]]}},{"type":"Feature","properties":{"art":"weg"},"geometry":{"type":"LineString","coordinates":[[13.79866,53.02251],[13.79949,53.02233],[13.80087,53.0226],[13.80228,53.02262],[13.80405,53.02245]]}},{"type":"Feature","properties":{"art":"weg"},"geometry":{"type":"LineString","coordinates":[[13.79588,53.0275],[13.79667,53.02726],[13.79767,53.02653],[13.79856,53.02575],[13.79875,53.02502],[13.79899,53.02399],[13.79901,53.02341],[13.7988,53.02259],[13.79866,53.02251]]}},{"type":"Feature","properties":{"art":"weg"},"geometry":{"type":"LineString","coordinates":[[13.79422,53.02771],[13.79588,53.0275],[13.80304,53.02658],[13.80329,53.02666],[13.80314,53.02671]]}},{"type":"Feature","properties":{"art":"weg"},"geometry":{"type":"LineString","coordinates":[[13.79638,53.02128],[13.79623,53.02157],[13.79616,53.02186],[13.79608,53.022],[13.79604,53.02241],[13.79592,53.02288],[13.79561,53.02338],[13.7954,53.02383],[13.7952,53.02438],[13.79482,53.02532],[13.79459,53.02587],[13.7943,53.02652],[13.79413,53.02719],[13.79401,53.02793],[13.79394,53.02851],[13.79402,53.02911],[13.79404,53.02954],[13.79427,53.03025],[13.79446,53.03075],[13.79466,53.03132],[13.79468,53.03194],[13.79427,53.03312],[13.79397,53.03381],[13.79337,53.03435],[13.79263,53.03458],[13.79227,53.03464],[13.79198,53.03473],[13.79185,53.03482],[13.79183,53.03488],[13.79173,53.03508],[13.79154,53.03543]]}},{"type":"Feature","properties":{"art":"pfad"},"geometry":{"type":"LineString","coordinates":[[13.79404,53.02954],[13.79287,53.0295],[13.79135,53.02945],[13.78996,53.0299],[13.78881,53.02989],[13.78815,53.03006],[13.78576,53.03091],[13.78446,53.03143],[13.78331,53.0319],[13.78293,53.03233],[13.7824,53.03258],[13.78165,53.03269],[13.78099,53.0328],[13.7798,53.03339],[13.77854,53.03375],[13.77774,53.03409],[13.77697,53.03418],[13.77674,53.03416]]}},{"type":"Feature","properties":{"art":"pfad"},"geometry":{"type":"LineString","coordinates":[[13.78322,53.03619],[13.7824,53.03258]]}},{"type":"Feature","properties":{"art":"pfad"},"geometry":{"type":"LineString","coordinates":[[13.79397,53.03381],[13.79581,53.03418],[13.79662,53.03436],[13.79743,53.03438],[13.7984,53.03425],[13.80063,53.03399],[13.80105,53.03393],[13.80192,53.03383],[13.80312,53.03434],[13.80465,53.03465],[13.80561,53.03475],[13.80653,53.03481],[13.80715,53.03517],[13.80779,53.03557],[13.80826,53.03605],[13.80832,53.03635],[13.80872,53.0367],[13.80918,53.03736],[13.80911,53.03812],[13.80883,53.03874],[13.80877,53.03905],[13.80892,53.03931],[13.80959,53.0392]]}},{"type":"Feature","properties":{"art":"pfad"},"geometry":{"type":"LineString","coordinates":[[13.82116,53.0366],[13.82152,53.03664],[13.82198,53.03624]]}},{"type":"Feature","properties":{"art":"pfad"},"geometry":{"type":"LineString","coordinates":[[13.78065,53.03216],[13.781,53.0324],[13.78104,53.03243],[13.78126,53.03235],[13.78159,53.03225],[13.78212,53.03204],[13.78255,53.03194],[13.78955,53.02937]]}},{"type":"Feature","properties":{"art":"strasse"},"geometry":{"type":"LineString","coordinates":[[13.77666,53.03824],[13.77615,53.03782]]}},{"type":"Feature","properties":{"art":"weg"},"geometry":{"type":"LineString","coordinates":[[13.77494,53.03484],[13.77674,53.03416],[13.77824,53.0336]]}},{"type":"Feature","properties":{"art":"weg"},"geometry":{"type":"LineString","coordinates":[[13.77047,53.03704],[13.77048,53.03695],[13.77018,53.03693],[13.76999,53.03695],[13.76948,53.03701],[13.76939,53.037],[13.76917,53.03695],[13.76892,53.03692],[13.76864,53.03684],[13.76851,53.03679],[13.76834,53.03677],[13.76819,53.03677],[13.76797,53.0368],[13.76778,53.03679],[13.76761,53.03682],[13.76752,53.03682],[13.76724,53.03684],[13.7671,53.0368],[13.76698,53.03676],[13.76684,53.03674],[13.76655,53.03669],[13.7664,53.03668],[13.76635,53.03666],[13.76619,53.03657],[13.76596,53.03647],[13.76573,53.03634],[13.76562,53.03625],[13.76551,53.03616],[13.76545,53.03607],[13.76541,53.03591],[13.76528,53.03585],[13.76508,53.03573],[13.76483,53.03557],[13.76456,53.03541],[13.76419,53.0352],[13.76393,53.03502],[13.76386,53.03497],[13.76376,53.03492],[13.76366,53.03484],[13.76353,53.03476],[13.76334,53.03464],[13.76328,53.03459],[13.76306,53.0345],[13.763,53.03448],[13.7627,53.03446],[13.76241,53.03449],[13.76205,53.03455],[13.76176,53.03458],[13.76141,53.0346],[13.76113,53.03461],[13.76101,53.03458],[13.76086,53.03454],[13.76075,53.03447],[13.76059,53.03438],[13.76036,53.03431],[13.76018,53.03428],[13.75981,53.03423],[13.7596,53.03417],[13.75924,53.03408],[13.75895,53.03401],[13.7587,53.03397],[13.75843,53.03391],[13.75822,53.03388],[13.75801,53.03383],[13.75779,53.03382],[13.75768,53.03382],[13.75747,53.03377],[13.75726,53.03377],[13.75704,53.03379],[13.75687,53.03381],[13.75656,53.03388],[13.75649,53.03389],[13.75623,53.0339],[13.75606,53.03388],[13.7559,53.03386],[13.75567,53.03379],[13.75544,53.03365]]}},{"type":"Feature","properties":{"art":"weg"},"geometry":{"type":"LineString","coordinates":[[13.77774,53.03409],[13.77813,53.03447],[13.77903,53.03519],[13.78047,53.0357],[13.78164,53.0363],[13.78254,53.03634],[13.78322,53.03619],[13.78358,53.0375],[13.78402,53.03889]]}},{"type":"Feature","properties":{"art":"pfad"},"geometry":{"type":"LineString","coordinates":[[13.74665,53.0299],[13.74716,53.02993],[13.74902,53.02963],[13.75035,53.02953],[13.75263,53.02945],[13.75342,53.02895],[13.75422,53.02851],[13.75561,53.02789]]}},{"type":"Feature","properties":{"art":"pfad"},"geometry":{"type":"LineString","coordinates":[[13.75555,53.03269],[13.75528,53.03307],[13.75544,53.03365],[13.75499,53.03381]]}},{"type":"Feature","properties":{"art":"pfad"},"geometry":{"type":"LineString","coordinates":[[13.7525,53.03212],[13.7525,53.03212],[13.75145,53.0321]]}},{"type":"Feature","properties":{"art":"pfad"},"geometry":{"type":"LineString","coordinates":[[13.77681,53.03833],[13.77666,53.0385],[13.7766,53.03884],[13.77677,53.03908],[13.77702,53.03916]]}},{"type":"Feature","properties":{"art":"pfad"},"geometry":{"type":"LineString","coordinates":[[13.77317,53.03631],[13.77279,53.03642],[13.77235,53.03653],[13.77168,53.03657],[13.77083,53.03676],[13.77047,53.03704],[13.77033,53.03715],[13.76995,53.03771],[13.76932,53.03877],[13.76886,53.03959],[13.76863,53.03999],[13.7686,53.04024],[13.76846,53.04054],[13.76833,53.04069],[13.76789,53.0412],[13.7677,53.04157],[13.76761,53.0417]]}},{"type":"Feature","properties":{"art":"pfad"},"geometry":{"type":"LineString","coordinates":[[13.76761,53.0417],[13.76764,53.04181],[13.76757,53.04183],[13.76749,53.04183],[13.76747,53.04176],[13.76751,53.04173],[13.76761,53.0417]]}},{"type":"Feature","properties":{"art":"pfad"},"geometry":{"type":"LineString","coordinates":[[13.76819,53.04025],[13.76803,53.04029],[13.76791,53.04031],[13.76775,53.04026],[13.76766,53.04016],[13.76757,53.04007],[13.76748,53.04006],[13.76736,53.04014]]}},{"type":"Feature","properties":{"art":"pfad"},"geometry":{"type":"LineString","coordinates":[[13.76721,53.04164],[13.76741,53.04142],[13.76758,53.04122],[13.76774,53.04085],[13.76786,53.04065],[13.76804,53.04039],[13.76819,53.04025],[13.7685,53.04013],[13.76863,53.03999]]}},{"type":"Feature","properties":{"art":"pfad"},"geometry":{"type":"LineString","coordinates":[[13.76706,53.04161],[13.76721,53.04164],[13.76739,53.04169],[13.76761,53.0417]]}},{"type":"Feature","properties":{"art":"pfad"},"geometry":{"type":"LineString","coordinates":[[13.76761,53.0417],[13.76775,53.04175],[13.76799,53.04171]]}},{"type":"Feature","properties":{"art":"pfad"},"geometry":{"type":"LineString","coordinates":[[13.76757,53.04183],[13.7675,53.04197],[13.76744,53.04215],[13.76741,53.04237],[13.76733,53.04258],[13.76733,53.04289],[13.76742,53.04312],[13.76755,53.04329]]}},{"type":"Feature","properties":{"art":"pfad"},"geometry":{"type":"LineString","coordinates":[[13.76748,53.04399],[13.76745,53.0441]]}},{"type":"Feature","properties":{"art":"pfad"},"geometry":{"type":"LineString","coordinates":[[13.76706,53.04465],[13.76736,53.04463],[13.76838,53.04462],[13.7691,53.04477],[13.76972,53.04493]]}},{"type":"Feature","properties":{"art":"pfad"},"geometry":{"type":"LineString","coordinates":[[13.7706,53.04509],[13.77064,53.0451],[13.77068,53.0451],[13.77069,53.04508],[13.77077,53.04501],[13.77081,53.04499],[13.77086,53.04498],[13.77099,53.04501],[13.77106,53.04503],[13.7711,53.04502],[13.77113,53.045]]}},{"type":"Feature","properties":{"art":"pfad"},"geometry":{"type":"LineString","coordinates":[[13.76722,53.0445],[13.76706,53.04465],[13.76645,53.04494],[13.76612,53.04505],[13.76565,53.04515],[13.76537,53.04524],[13.76529,53.04546]]}},{"type":"Feature","properties":{"art":"pfad"},"geometry":{"type":"LineString","coordinates":[[13.79023,53.03722],[13.79035,53.03732],[13.79084,53.0373],[13.79203,53.03683],[13.79358,53.0363],[13.79517,53.03615],[13.79671,53.03629],[13.798,53.03626],[13.79899,53.03678],[13.80064,53.03721],[13.80159,53.03728]]}},{"type":"Feature","properties":{"art":"pfad"},"geometry":{"type":"LineString","coordinates":[[13.79183,53.03488],[13.79176,53.03491],[13.79133,53.03518],[13.79082,53.03552],[13.79047,53.03578],[13.79008,53.03602],[13.78974,53.03621],[13.78938,53.03641],[13.78888,53.03663],[13.78806,53.03686],[13.78758,53.03705],[13.78688,53.03732],[13.78632,53.03759],[13.78586,53.03777],[13.78538,53.03807],[13.78513,53.03833],[13.78489,53.03853],[13.78437,53.03882]]}},{"type":"Feature","properties":{"art":"weg"},"geometry":{"type":"LineString","coordinates":[[13.79154,53.03543],[13.79144,53.03569],[13.79135,53.03597],[13.79123,53.0363],[13.79104,53.03663],[13.79051,53.03706],[13.79023,53.03722],[13.7899,53.0377],[13.78978,53.03809],[13.78974,53.03846],[13.78982,53.03873],[13.78996,53.03898],[13.79017,53.03932],[13.79033,53.03958],[13.79046,53.03976],[13.78986,53.03969],[13.7875,53.03888],[13.78437,53.03882]]}},{"type":"Feature","properties":{"art":"weg"},"geometry":{"type":"LineString","coordinates":[[13.78437,53.03882],[13.78402,53.03889],[13.78386,53.03892],[13.78345,53.03893],[13.78312,53.03906],[13.78266,53.03923],[13.78225,53.03942],[13.78212,53.03946],[13.78201,53.03949],[13.78173,53.03959]]}},{"type":"Feature","properties":{"art":"pfad"},"geometry":{"type":"LineString","coordinates":[[13.81519,53.04001],[13.81468,53.03993],[13.8142,53.0398],[13.81357,53.03966],[13.81311,53.03959],[13.81261,53.03957],[13.81193,53.03956],[13.81158,53.03955],[13.8111,53.03957],[13.8104,53.03962],[13.80984,53.03967],[13.80951,53.03967],[13.80929,53.03957],[13.809,53.03942],[13.80892,53.03931]]}},{"type":"Feature","properties":{"art":"weg"},"geometry":{"type":"LineString","coordinates":[[13.77666,53.03824],[13.77681,53.03833],[13.77713,53.03836],[13.77738,53.03838],[13.77767,53.03838],[13.77798,53.03843],[13.77819,53.03849],[13.77836,53.03856],[13.77855,53.0387],[13.77868,53.0388],[13.77878,53.03895],[13.77891,53.03905],[13.77909,53.03921],[13.77931,53.0393],[13.77962,53.03939],[13.77999,53.03943],[13.78045,53.03948],[13.78075,53.03948],[13.78107,53.03952],[13.78138,53.03955],[13.78173,53.03959],[13.78212,53.03964],[13.78242,53.0397],[13.78268,53.03975],[13.7829,53.03986],[13.78303,53.03997],[13.78325,53.04025],[13.78331,53.04043],[13.78343,53.04069],[13.78346,53.04092],[13.7836,53.0411],[13.78388,53.04124],[13.78412,53.04136],[13.78443,53.04151],[13.78475,53.04162],[13.78495,53.04172],[13.78521,53.04187],[13.78533,53.04203],[13.78549,53.0422],[13.78559,53.04239],[13.78543,53.04259],[13.7852,53.04281],[13.78497,53.04298],[13.78477,53.04312],[13.78454,53.04333],[13.78417,53.04361],[13.78398,53.04378],[13.78386,53.04399]]}},{"type":"Feature","properties":{"art":"pfad"},"geometry":{"type":"LineString","coordinates":[[13.819,53.04705],[13.81909,53.0469],[13.81892,53.04598],[13.81868,53.04468],[13.81877,53.04419],[13.81881,53.04398],[13.8188,53.04388],[13.8187,53.04381],[13.81849,53.04379],[13.81814,53.04377],[13.81736,53.04369],[13.81698,53.04368],[13.81627,53.04364],[13.8152,53.04351],[13.8148,53.04348],[13.81462,53.04354],[13.81438,53.04381],[13.8142,53.04381],[13.81369,53.04402],[13.81332,53.04397],[13.81246,53.04372],[13.81182,53.04359],[13.80988,53.04334],[13.80741,53.04311],[13.80602,53.04298],[13.80359,53.04218],[13.80256,53.04195],[13.79692,53.04179],[13.79617,53.0417],[13.79421,53.04114],[13.79148,53.04022],[13.79046,53.03976]]}},{"type":"Feature","properties":{"art":"pfad"},"geometry":{"type":"LineString","coordinates":[[13.79606,53.04591],[13.79562,53.0458],[13.79543,53.04541],[13.79506,53.04464],[13.79409,53.04408],[13.79324,53.0437],[13.79111,53.04313],[13.78942,53.04303],[13.78745,53.0429],[13.78637,53.04284],[13.78543,53.04259]]}},{"type":"Feature","properties":{"art":"weg"},"geometry":{"type":"LineString","coordinates":[[13.79617,53.0417],[13.79689,53.04247],[13.79723,53.04406],[13.79606,53.04591],[13.79629,53.04601],[13.79904,53.04715],[13.80118,53.04765],[13.80201,53.04779],[13.80357,53.04746],[13.80445,53.04698],[13.80572,53.04592],[13.80642,53.0454],[13.80693,53.04395],[13.80675,53.04346],[13.80602,53.04298]]}},{"type":"Feature","properties":{"art":"pfad"},"geometry":{"type":"LineString","coordinates":[[13.79543,53.04541],[13.79485,53.04545],[13.7944,53.04549],[13.79402,53.04564],[13.79333,53.04568],[13.79274,53.04564],[13.79213,53.04556],[13.79169,53.04556]]}},{"type":"Feature","properties":{"art":"pfad"},"geometry":{"type":"LineString","coordinates":[[13.76387,53.04518],[13.76438,53.04547],[13.76464,53.04552],[13.76503,53.0454],[13.76537,53.04524]]}},{"type":"Feature","properties":{"art":"pfad"},"geometry":{"type":"LineString","coordinates":[[13.77151,53.04551],[13.77151,53.04547],[13.77142,53.04535],[13.77126,53.04521],[13.77121,53.04518],[13.77115,53.0451],[13.77113,53.045]]}},{"type":"Feature","properties":{"art":"pfad"},"geometry":{"type":"LineString","coordinates":[[13.76529,53.04546],[13.76527,53.04572],[13.76527,53.04573]]}},{"type":"Feature","properties":{"art":"weg"},"geometry":{"type":"LineString","coordinates":[[13.7762,53.0457],[13.77621,53.04567]]}},{"type":"Feature","properties":{"art":"pfad"},"geometry":{"type":"LineString","coordinates":[[13.79649,53.0483],[13.79645,53.04795],[13.79661,53.04727],[13.79649,53.04686],[13.79646,53.04659],[13.7963,53.0463],[13.79629,53.04601]]}},{"type":"Feature","properties":{"art":"weg"},"geometry":{"type":"LineString","coordinates":[[13.7872,53.04856],[13.78707,53.04842],[13.78688,53.04829],[13.78621,53.04771],[13.78518,53.04726],[13.7846,53.04672],[13.78391,53.04611],[13.78331,53.04542],[13.78338,53.04488],[13.78368,53.0443],[13.78386,53.04399]]}},{"type":"Feature","properties":{"art":"pfad"},"geometry":{"type":"LineString","coordinates":[[13.78623,53.04838],[13.78648,53.04834],[13.78688,53.04829]]}},{"type":"Feature","properties":{"art":"pfad"},"geometry":{"type":"LineString","coordinates":[[13.79592,53.04935],[13.7959,53.04933],[13.79571,53.04924],[13.79575,53.04909],[13.79601,53.04889],[13.79627,53.04883],[13.7964,53.0487],[13.79639,53.04851],[13.79649,53.0483]]}}]}